1,1,20190715,114100,85,1,1308,978,1355,1021,Jul25_1/01-20190715114100-snapshot.jpg
1,1,20190715,114200,89,1,1813,543,1859,596,Jul25_1/01-20190715114200-snapshot.jpg
1,1,20190715,121830,86,6,254,554,345,623,Jul25_1/01-20190715121830-snapshot.jpg
1,1,20190715,121930,52,6,1084,788,1129,854,Jul25_1/01-20190715121930-snapshot.jpg
1,1,20190715,122930,81,6,390,894,473,951,Jul25_1/01-20190715122930-snapshot.jpg
1,1,20190715,123330,83,6,1137,101,1215,157,Jul25_1/01-20190715123330-snapshot.jpg
1,1,20190715,123400,86,6,1100,217,1180,274,Jul25_1/01-20190715123400-snapshot.jpg
1,1,20190715,123500,85,6,120,930,209,1017,Jul25_1/01-20190715123500-snapshot.jpg
1,1,20190715,123500,85,6,1133,194,1223,253,Jul25_1/01-20190715123500-snapshot.jpg
1,1,20190715,123530,79,6,1340,831,1396,914,Jul25_1/01-20190715123530-snapshot.jpg
1,1,20190715,123700,86,6,761,809,837,861,Jul25_1/01-20190715123700-snapshot.jpg
1,1,20190715,123800,86,6,128,943,216,1019,Jul25_1/01-20190715123800-snapshot.jpg
1,1,20190715,130630,66,5,782,1,830,39,Jul25_1/01-20190715130630-snapshot.jpg
1,1,20190715,130700,85,6,1748,399,1847,474,Jul25_1/01-20190715130700-snapshot.jpg
1,1,20190715,131100,82,5,699,955,766,1010,Jul25_1/01-20190715131100-snapshot.jpg
1,1,20190715,131130,38,5,876,94,920,155,Jul25_1/01-20190715131130-snapshot.jpg
1,1,20190715,131130,80,5,555,728,640,783,Jul25_1/01-20190715131130-snapshot.jpg
1,1,20190715,131200,49,5,606,825,651,862,Jul25_1/01-20190715131200-snapshot.jpg
1,1,20190715,131200,73,5,930,430,983,478,Jul25_1/01-20190715131200-snapshot.jpg
1,1,20190715,131230,46,5,870,188,912,239,Jul25_1/01-20190715131230-snapshot.jpg
1,1,20190715,131230,81,5,351,927,436,986,Jul25_1/01-20190715131230-snapshot.jpg
1,1,20190715,131300,82,5,1090,332,1131,380,Jul25_1/01-20190715131300-snapshot.jpg
1,1,20190715,131330,76,5,1115,319,1154,371,Jul25_1/01-20190715131330-snapshot.jpg
1,1,20190715,131400,76,5,1238,389,1284,446,Jul25_1/01-20190715131400-snapshot.jpg
1,1,20190715,131430,74,5,1440,396,1503,453,Jul25_1/01-20190715131430-snapshot.jpg
1,1,20190715,131600,74,5,1133,671,1202,713,Jul25_1/01-20190715131600-snapshot.jpg
1,1,20190715,131630,84,6,1456,869,1531,929,Jul25_1/01-20190715131630-snapshot.jpg
1,1,20190715,131630,84,5,731,727,807,777,Jul25_1/01-20190715131630-snapshot.jpg
1,1,20190715,131930,49,5,821,816,858,860,Jul25_1/01-20190715131930-snapshot.jpg
1,1,20190715,132530,87,6,853,104,905,174,Jul25_1/01-20190715132530-snapshot.jpg
1,1,20190715,133230,84,1,1189,270,1234,312,Jul25_1/01-20190715133230-snapshot.jpg
1,1,20190715,133500,86,1,1854,101,1905,147,Jul25_1/01-20190715133500-snapshot.jpg
1,1,20190715,133530,87,3,641,943,730,1014,Jul25_1/01-20190715133530-snapshot.jpg
1,1,20190715,133600,38,1,1783,15,1837,66,Jul25_1/01-20190715133600-snapshot.jpg
1,1,20190715,133630,88,3,1033,323,1131,392,Jul25_1/01-20190715133630-snapshot.jpg
1,1,20190715,134830,85,6,1116,133,1194,197,Jul25_1/01-20190715134830-snapshot.jpg
1,1,20190715,135330,78,1,770,615,818,663,Jul25_1/01-20190715135330-snapshot.jpg
1,1,20190715,135330,82,5,1347,963,1413,1000,Jul25_1/01-20190715135330-snapshot.jpg
1,1,20190715,135400,73,5,1645,310,1696,351,Jul25_1/01-20190715135400-snapshot.jpg
1,1,20190715,135430,38,5,1161,136,1208,192,Jul25_1/01-20190715135430-snapshot.jpg
1,1,20190715,135500,83,5,905,477,956,534,Jul25_1/01-20190715135500-snapshot.jpg
1,1,20190715,135630,86,2,493,820,577,903,Jul25_1/01-20190715135630-snapshot.jpg
1,1,20190715,140130,78,5,1104,313,1150,359,Jul25_1/01-20190715140130-snapshot.jpg
1,1,20190715,140200,82,5,741,712,816,769,Jul25_1/01-20190715140200-snapshot.jpg
1,1,20190715,140300,87,6,845,1007,924,1063,Jul25_1/01-20190715140300-snapshot.jpg
1,1,20190715,140400,87,6,808,469,889,527,Jul25_1/01-20190715140400-snapshot.jpg
1,1,20190715,140430,85,2,713,257,771,347,Jul25_1/01-20190715140430-snapshot.jpg
1,1,20190715,140500,86,6,1840,394,1919,465,Jul25_1/01-20190715140500-snapshot.jpg
1,1,20190715,140530,84,6,1785,63,1871,133,Jul25_1/01-20190715140530-snapshot.jpg
1,1,20190715,140600,81,6,1777,67,1860,146,Jul25_1/01-20190715140600-snapshot.jpg
1,1,20190715,140630,83,6,1776,67,1861,145,Jul25_1/01-20190715140630-snapshot.jpg
1,1,20190715,140730,66,5,1192,349,1242,390,Jul25_1/01-20190715140730-snapshot.jpg
1,1,20190715,140730,81,5,773,838,823,881,Jul25_1/01-20190715140730-snapshot.jpg
1,1,20190715,140730,85,6,1655,258,1749,327,Jul25_1/01-20190715140730-snapshot.jpg
1,1,20190715,140800,85,6,1589,44,1670,107,Jul25_1/01-20190715140800-snapshot.jpg
1,1,20190715,141000,70,5,1230,415,1277,454,Jul25_1/01-20190715141000-snapshot.jpg
1,1,20190715,141030,54,5,1128,323,1162,368,Jul25_1/01-20190715141030-snapshot.jpg
1,1,20190715,141100,55,5,932,247,986,293,Jul25_1/01-20190715141100-snapshot.jpg
1,1,20190715,141200,57,5,824,389,868,427,Jul25_1/01-20190715141200-snapshot.jpg
1,1,20190715,141200,80,5,1690,768,1767,835,Jul25_1/01-20190715141200-snapshot.jpg
1,1,20190715,141230,84,5,1320,319,1358,371,Jul25_1/01-20190715141230-snapshot.jpg
1,1,20190715,141300,50,5,759,470,805,509,Jul25_1/01-20190715141300-snapshot.jpg
1,1,20190715,141300,87,2,183,1020,270,1080,Jul25_1/01-20190715141300-snapshot.jpg
1,1,20190715,141630,59,6,219,514,304,568,Jul25_1/01-20190715141630-snapshot.jpg
1,1,20190715,141700,80,5,803,779,857,816,Jul25_1/01-20190715141700-snapshot.jpg
1,1,20190715,141730,75,5,1223,823,1271,873,Jul25_1/01-20190715141730-snapshot.jpg
1,1,20190715,141730,80,5,1294,331,1342,372,Jul25_1/01-20190715141730-snapshot.jpg
1,1,20190715,141800,50,6,218,506,297,557,Jul25_1/01-20190715141800-snapshot.jpg
1,1,20190715,141800,75,5,973,730,1033,765,Jul25_1/01-20190715141800-snapshot.jpg
1,1,20190715,141930,82,8,850,64,897,127,Jul25_1/01-20190715141930-snapshot.jpg
1,1,20190715,142000,83,5,724,571,780,620,Jul25_1/01-20190715142000-snapshot.jpg
1,1,20190715,142000,86,6,1318,963,1388,1016,Jul25_1/01-20190715142000-snapshot.jpg
1,1,20190715,142200,45,5,718,921,761,967,Jul25_1/01-20190715142200-snapshot.jpg
1,1,20190715,142200,77,5,842,260,895,309,Jul25_1/01-20190715142200-snapshot.jpg
1,1,20190715,142230,79,6,622,218,707,287,Jul25_1/01-20190715142230-snapshot.jpg
1,1,20190715,142230,82,5,842,644,912,685,Jul25_1/01-20190715142230-snapshot.jpg
1,1,20190715,142300,69,5,923,388,969,432,Jul25_1/01-20190715142300-snapshot.jpg
1,1,20190715,142400,78,5,703,594,757,635,Jul25_1/01-20190715142400-snapshot.jpg
1,1,20190715,142500,79,5,881,1024,934,1073,Jul25_1/01-20190715142500-snapshot.jpg
1,1,20190715,142900,54,6,1337,944,1384,997,Jul25_1/01-20190715142900-snapshot.jpg
1,1,20190715,143200,85,2,451,299,549,359,Jul25_1/01-20190715143200-snapshot.jpg
1,1,20190715,143400,67,6,1827,817,1919,887,Jul25_1/01-20190715143400-snapshot.jpg
1,1,20190715,143430,81,6,1223,86,1285,140,Jul25_1/01-20190715143430-snapshot.jpg
1,1,20190715,143530,84,5,184,538,276,608,Jul25_1/01-20190715143530-snapshot.jpg
1,1,20190715,143630,79,5,886,259,945,298,Jul25_1/01-20190715143630-snapshot.jpg
1,1,20190715,143700,74,5,850,270,898,312,Jul25_1/01-20190715143700-snapshot.jpg
1,1,20190715,143800,76,5,845,469,894,516,Jul25_1/01-20190715143800-snapshot.jpg
1,1,20190715,143830,83,5,924,603,974,654,Jul25_1/01-20190715143830-snapshot.jpg
1,1,20190715,143900,76,5,946,739,1004,781,Jul25_1/01-20190715143900-snapshot.jpg
1,1,20190715,143930,72,5,1259,381,1308,426,Jul25_1/01-20190715143930-snapshot.jpg
1,1,20190715,144000,48,5,1317,323,1357,361,Jul25_1/01-20190715144000-snapshot.jpg
1,1,20190715,144000,85,5,94,855,161,935,Jul25_1/01-20190715144000-snapshot.jpg
1,1,20190715,144030,82,5,1017,251,1063,303,Jul25_1/01-20190715144030-snapshot.jpg
1,1,20190715,144030,83,5,865,1019,939,1067,Jul25_1/01-20190715144030-snapshot.jpg
1,1,20190715,144130,78,2,503,576,587,639,Jul25_1/01-20190715144130-snapshot.jpg
1,1,20190715,144130,82,5,615,1027,681,1072,Jul25_1/01-20190715144130-snapshot.jpg
1,1,20190715,144900,81,5,1075,731,1145,773,Jul25_1/01-20190715144900-snapshot.jpg
1,1,20190715,144930,89,5,1526,859,1609,928,Jul25_1/01-20190715144930-snapshot.jpg
1,1,20190715,145430,88,3,856,467,941,554,Jul25_1/01-20190715145430-snapshot.jpg
1,1,20190715,145630,82,5,1021,102,1084,152,Jul25_1/01-20190715145630-snapshot.jpg
1,1,20190715,145730,78,5,1218,422,1274,458,Jul25_1/01-20190715145730-snapshot.jpg
1,1,20190715,145800,81,5,836,620,888,674,Jul25_1/01-20190715145800-snapshot.jpg
1,1,20190715,150700,89,2,1196,677,1289,743,Jul25_1/01-20190715150700-snapshot.jpg
1,1,20190715,150800,84,6,1699,773,1783,851,Jul25_1/01-20190715150800-snapshot.jpg
1,1,20190715,150830,84,6,1555,875,1645,940,Jul25_1/01-20190715150830-snapshot.jpg
1,1,20190715,150900,85,6,1486,557,1590,624,Jul25_1/01-20190715150900-snapshot.jpg
1,1,20190715,150930,85,6,1422,602,1513,658,Jul25_1/01-20190715150930-snapshot.jpg
1,1,20190715,151530,78,6,1539,466,1622,519,Jul25_1/01-20190715151530-snapshot.jpg
1,1,20190715,151800,70,5,1597,6,1648,54,Jul25_1/01-20190715151800-snapshot.jpg
1,1,20190715,151830,83,5,1093,124,1143,193,Jul25_1/01-20190715151830-snapshot.jpg
1,1,20190715,151900,83,5,1064,749,1121,812,Jul25_1/01-20190715151900-snapshot.jpg
1,1,20190715,152500,62,5,376,559,452,617,Jul25_1/01-20190715152500-snapshot.jpg
1,1,20190715,152530,73,5,1111,173,1166,243,Jul25_1/01-20190715152530-snapshot.jpg
1,1,20190715,152530,79,5,655,882,700,930,Jul25_1/01-20190715152530-snapshot.jpg
1,1,20190715,152600,82,5,915,334,979,376,Jul25_1/01-20190715152600-snapshot.jpg
1,1,20190715,152630,80,5,1023,197,1081,232,Jul25_1/01-20190715152630-snapshot.jpg
1,1,20190715,152700,81,5,1259,391,1322,429,Jul25_1/01-20190715152700-snapshot.jpg
1,1,20190715,152730,84,5,1030,897,1108,954,Jul25_1/01-20190715152730-snapshot.jpg
1,1,20190715,152800,53,5,824,810,864,860,Jul25_1/01-20190715152800-snapshot.jpg
1,1,20190715,152830,86,5,607,1013,686,1064,Jul25_1/01-20190715152830-snapshot.jpg
1,1,20190715,153400,76,5,777,782,833,824,Jul25_1/01-20190715153400-snapshot.jpg
1,1,20190715,153430,80,5,708,888,756,935,Jul25_1/01-20190715153430-snapshot.jpg
1,1,20190715,153630,85,5,1375,1021,1429,1079,Jul25_1/01-20190715153630-snapshot.jpg
1,1,20190715,153700,82,5,1356,891,1430,947,Jul25_1/01-20190715153700-snapshot.jpg
1,1,20190715,153830,42,5,414,761,468,814,Jul25_1/01-20190715153830-snapshot.jpg
1,1,20190715,153930,83,5,1671,913,1747,991,Jul25_1/01-20190715153930-snapshot.jpg
1,1,20190715,154000,80,5,1690,928,1770,995,Jul25_1/01-20190715154000-snapshot.jpg
1,1,20190715,154100,71,5,1094,131,1137,176,Jul25_1/01-20190715154100-snapshot.jpg
1,1,20190715,154330,69,5,761,194,835,240,Jul25_1/01-20190715154330-snapshot.jpg
1,1,20190715,154400,65,5,1611,1,1672,30,Jul25_1/01-20190715154400-snapshot.jpg
1,1,20190715,154430,65,5,1449,336,1494,384,Jul25_1/01-20190715154430-snapshot.jpg
1,1,20190715,154430,80,5,685,320,754,369,Jul25_1/01-20190715154430-snapshot.jpg
1,1,20190715,154500,76,5,1270,761,1324,795,Jul25_1/01-20190715154500-snapshot.jpg
1,1,20190715,154530,62,5,809,82,859,136,Jul25_1/01-20190715154530-snapshot.jpg
1,1,20190715,154530,85,5,1189,766,1241,833,Jul25_1/01-20190715154530-snapshot.jpg
1,1,20190715,154700,74,5,225,1005,290,1053,Jul25_1/01-20190715154700-snapshot.jpg
1,1,20190715,154730,83,5,48,466,105,528,Jul25_1/01-20190715154730-snapshot.jpg
1,1,20190715,154900,81,5,388,509,444,572,Jul25_1/01-20190715154900-snapshot.jpg
1,1,20190715,154900,89,4,781,789,880,879,Jul25_1/01-20190715154900-snapshot.jpg
1,1,20190715,154930,90,4,1040,1004,1159,1076,Jul25_1/01-20190715154930-snapshot.jpg
1,1,20190715,155000,88,4,556,768,659,859,Jul25_1/01-20190715155000-snapshot.jpg
1,1,20190715,155030,77,5,132,1001,200,1060,Jul25_1/01-20190715155030-snapshot.jpg
1,1,20190715,155100,83,5,251,986,324,1044,Jul25_1/01-20190715155100-snapshot.jpg
1,1,20190715,155200,32,5,733,712,796,762,Jul25_1/01-20190715155200-snapshot.jpg
1,1,20190715,155300,79,5,1052,364,1112,404,Jul25_1/01-20190715155300-snapshot.jpg
1,1,20190715,155330,81,5,1205,423,1263,460,Jul25_1/01-20190715155330-snapshot.jpg
1,1,20190715,155730,80,5,1247,343,1295,384,Jul25_1/01-20190715155730-snapshot.jpg
1,1,20190715,155800,47,5,1270,390,1316,432,Jul25_1/01-20190715155800-snapshot.jpg
1,1,20190715,155830,82,5,1081,450,1130,505,Jul25_1/01-20190715155830-snapshot.jpg
1,1,20190715,155900,85,5,1158,649,1211,703,Jul25_1/01-20190715155900-snapshot.jpg
1,1,20190715,155930,81,5,1410,929,1479,970,Jul25_1/01-20190715155930-snapshot.jpg
1,1,20190715,160030,83,5,1280,301,1320,354,Jul25_1/01-20190715160030-snapshot.jpg
1,1,20190715,160600,81,5,958,225,1011,293,Jul25_1/01-20190715160600-snapshot.jpg
1,1,20190715,160700,85,2,1023,918,1102,1007,Jul25_1/01-20190715160700-snapshot.jpg
1,1,20190715,161000,90,2,1426,960,1533,1040,Jul25_1/01-20190715161000-snapshot.jpg
1,1,20190715,161200,79,5,1055,71,1115,116,Jul25_1/01-20190715161200-snapshot.jpg
1,1,20190715,161230,83,5,1358,333,1418,389,Jul25_1/01-20190715161230-snapshot.jpg
1,1,20190715,161300,86,5,1022,129,1071,198,Jul25_1/01-20190715161300-snapshot.jpg
1,1,20190715,161430,34,5,780,11,827,60,Jul25_1/01-20190715161430-snapshot.jpg
1,1,20190715,161530,83,5,869,766,914,823,Jul25_1/01-20190715161530-snapshot.jpg
1,1,20190715,162800,71,5,1224,824,1278,868,Jul25_1/01-20190715162800-snapshot.jpg
1,1,20190715,163230,81,5,219,331,272,397,Jul25_1/01-20190715163230-snapshot.jpg
1,1,20190715,163400,69,5,750,128,801,169,Jul25_1/01-20190715163400-snapshot.jpg
1,1,20190715,163600,44,5,742,702,806,742,Jul25_1/01-20190715163600-snapshot.jpg
1,1,20190715,163630,52,5,769,741,823,789,Jul25_1/01-20190715163630-snapshot.jpg
1,1,20190715,163700,74,5,819,815,862,865,Jul25_1/01-20190715163700-snapshot.jpg
1,1,20190715,163800,79,5,586,313,637,373,Jul25_1/01-20190715163800-snapshot.jpg
1,1,20190715,164100,82,5,569,429,623,483,Jul25_1/01-20190715164100-snapshot.jpg
1,1,20190715,164100,86,2,195,969,288,1036,Jul25_1/01-20190715164100-snapshot.jpg
1,1,20190715,164130,82,5,633,388,704,441,Jul25_1/01-20190715164130-snapshot.jpg
1,1,20190715,164330,82,2,403,1010,519,1077,Jul25_1/01-20190715164330-snapshot.jpg
1,1,20190715,164430,84,2,812,772,896,833,Jul25_1/01-20190715164430-snapshot.jpg
1,1,20190715,164500,87,2,937,274,1024,346,Jul25_1/01-20190715164500-snapshot.jpg
1,1,20190715,165200,83,8,1797,545,1878,631,Jul25_1/01-20190715165200-snapshot.jpg
1,1,20190715,165800,34,6,1154,325,1202,360,Jul25_1/01-20190715165800-snapshot.jpg
1,1,20190715,165830,76,5,1158,334,1201,385,Jul25_1/01-20190715165830-snapshot.jpg
1,1,20190715,165900,37,5,1527,316,1588,377,Jul25_1/01-20190715165900-snapshot.jpg
1,1,20190715,170000,67,6,110,983,192,1040,Jul25_1/01-20190715170000-snapshot.jpg
1,1,20190715,173630,87,3,598,322,677,409,Jul25_1/01-20190715173630-snapshot.jpg
1,1,20190715,174130,87,2,895,631,957,717,Jul25_1/01-20190715174130-snapshot.jpg
1,1,20190715,175100,87,6,1155,809,1235,864,Jul25_1/01-20190715175100-snapshot.jpg
1,1,20190715,175200,89,6,1255,728,1331,791,Jul25_1/01-20190715175200-snapshot.jpg
1,1,20190715,175230,85,6,1247,701,1325,763,Jul25_1/01-20190715175230-snapshot.jpg
1,1,20190715,175630,88,4,722,983,840,1075,Jul25_1/01-20190715175630-snapshot.jpg
1,1,20190715,181230,84,8,473,525,571,581,Jul25_1/01-20190715181230-snapshot.jpg
1,1,20190715,182730,87,2,347,325,440,408,Jul25_1/01-20190715182730-snapshot.jpg
1,1,20190715,183830,73,5,886,184,942,228,Jul25_1/01-20190715183830-snapshot.jpg
1,1,20190715,183900,69,5,582,418,627,471,Jul25_1/01-20190715183900-snapshot.jpg
1,1,20190715,184030,81,5,1532,494,1621,565,Jul25_1/01-20190715184030-snapshot.jpg
1,1,20190715,184100,80,5,701,381,776,439,Jul25_1/01-20190715184100-snapshot.jpg
1,1,20190715,184100,85,5,1456,175,1514,247,Jul25_1/01-20190715184100-snapshot.jpg
1,1,20190715,184130,79,5,1063,446,1129,501,Jul25_1/01-20190715184130-snapshot.jpg
1,1,20190715,184200,83,5,1531,409,1584,483,Jul25_1/01-20190715184200-snapshot.jpg
1,1,20190715,184230,84,5,1690,753,1744,821,Jul25_1/01-20190715184230-snapshot.jpg
1,1,20190715,184300,83,5,1320,907,1392,966,Jul25_1/01-20190715184300-snapshot.jpg
1,1,20190715,184330,75,5,1387,1038,1432,1079,Jul25_1/01-20190715184330-snapshot.jpg
1,1,20190715,184400,81,5,1444,346,1499,398,Jul25_1/01-20190715184400-snapshot.jpg
1,1,20190715,185100,81,5,1296,867,1353,910,Jul25_1/01-20190715185100-snapshot.jpg
1,1,20190715,185330,79,5,1850,361,1920,421,Jul25_1/01-20190715185330-snapshot.jpg
1,1,20190715,185330,85,2,1482,883,1598,959,Jul25_1/01-20190715185330-snapshot.jpg
1,1,20190715,185400,81,5,1123,236,1181,280,Jul25_1/01-20190715185400-snapshot.jpg
1,1,20190715,185500,85,5,1138,636,1187,696,Jul25_1/01-20190715185500-snapshot.jpg
1,1,20190715,185530,78,5,1125,841,1177,902,Jul25_1/01-20190715185530-snapshot.jpg
1,1,20190715,190400,65,5,1080,74,1132,121,Jul25_1/01-20190715190400-snapshot.jpg
1,1,20190715,191930,81,5,523,937,581,997,Jul25_1/01-20190715191930-snapshot.jpg
1,1,20190715,192200,87,2,308,940,403,1043,Jul25_1/01-20190715192200-snapshot.jpg
1,1,20190715,192300,36,5,1076,740,1117,789,Jul25_1/01-20190715192300-snapshot.jpg
1,1,20190715,192530,81,5,1871,208,1920,259,Jul25_1/01-20190715192530-snapshot.jpg
1,1,20190715,192600,34,5,1529,654,1571,701,Jul25_1/01-20190715192600-snapshot.jpg
1,1,20190715,193000,45,5,456,300,507,356,Jul25_1/01-20190715193000-snapshot.jpg
1,1,20190715,193030,76,5,244,339,305,396,Jul25_1/01-20190715193030-snapshot.jpg
1,1,20190715,193500,85,2,872,178,949,254,Jul25_1/01-20190715193500-snapshot.jpg
1,1,20190715,193930,59,5,452,578,518,629,Jul25_1/01-20190715193930-snapshot.jpg
1,1,20190715,194830,85,5,1542,135,1596,205,Jul25_1/01-20190715194830-snapshot.jpg
1,1,20190715,194900,74,5,1512,446,1560,501,Jul25_1/01-20190715194900-snapshot.jpg
1,1,20190715,195000,83,6,1673,324,1776,414,Jul25_1/01-20190715195000-snapshot.jpg
1,1,20190715,195500,82,5,1031,191,1083,242,Jul25_1/01-20190715195500-snapshot.jpg
1,1,20190715,203000,30,5,1476,975,1543,1039,Jul25_1/01-20190715203000-snapshot.jpg
1,1,20190715,203030,89,6,1405,1022,1485,1078,Jul25_1/01-20190715203030-snapshot.jpg
1,1,20190715,203100,84,6,1386,924,1437,1005,Jul25_1/01-20190715203100-snapshot.jpg
1,1,20190715,210600,55,8,71,227,171,288,Jul25_1/01-20190715210600-snapshot.jpg
1,1,20190715,215600,85,6,1410,888,1495,956,Jul25_1/01-20190715215600-snapshot.jpg
1,1,20190715,215630,83,6,1364,975,1443,1044,Jul25_1/01-20190715215630-snapshot.jpg
1,1,20190718,072730,29,8,600,977,674,1042,Jul25_1/125-20190718072730-snapshot.jpg
1,1,20190718,072800,50,8,601,977,675,1042,Jul25_1/125-20190718072800-snapshot.jpg
1,1,20190718,073600,27,5,1804,216,1885,261,Jul25_1/127-20190718073600-snapshot.jpg
1,1,20190718,081600,38,5,829,877,870,928,Jul25_1/127-20190718081600-snapshot.jpg
1,1,20190718,094230,35,5,813,889,860,931,Jul25_1/127-20190718094230-snapshot.jpg
1,1,20190718,101500,88,3,1135,752,1235,823,Jul25_1/127-20190718101500-snapshot.jpg
1,1,20190718,111000,43,6,1792,307,1882,377,Jul25_1/127-20190718111000-snapshot.jpg
1,1,20190718,112200,84,5,1211,268,1285,323,Jul25_1/127-20190718112200-snapshot.jpg
1,1,20190718,113830,83,5,650,731,732,784,Jul25_1/127-20190718113830-snapshot.jpg
1,1,20190718,115030,88,3,190,993,305,1077,Jul25_1/127-20190718115030-snapshot.jpg
1,1,20190718,115100,33,6,7,475,88,528,Jul25_1/127-20190718115100-snapshot.jpg
1,1,20190718,122000,35,5,474,998,546,1049,Jul25_1/127-20190718122000-snapshot.jpg
1,1,20190718,122130,36,5,474,999,547,1050,Jul25_1/127-20190718122130-snapshot.jpg
1,1,20190718,122200,25,5,475,1001,548,1050,Jul25_1/127-20190718122200-snapshot.jpg
1,1,20190718,122230,36,2,1420,972,1498,1047,Jul25_1/127-20190718122230-snapshot.jpg
1,1,20190718,122300,65,5,476,1000,548,1049,Jul25_1/127-20190718122300-snapshot.jpg
1,1,20190718,125630,88,3,1152,747,1275,828,Jul25_1/127-20190718125630-snapshot.jpg
1,1,20190718,125800,76,3,1320,1012,1420,1080,Jul25_1/127-20190718125800-snapshot.jpg
1,1,20190718,131230,47,5,828,885,870,929,Jul25_1/127-20190718131230-snapshot.jpg
1,1,20190718,132330,82,2,756,896,810,964,Jul25_1/127-20190718132330-snapshot.jpg
1,1,20190718,133000,85,2,370,795,440,880,Jul25_1/127-20190718133000-snapshot.jpg
1,1,20190718,133600,81,2,1004,385,1075,460,Jul25_1/127-20190718133600-snapshot.jpg
1,1,20190718,142830,81,5,777,773,836,827,Jul25_1/127-20190718142830-snapshot.jpg
1,1,20190718,142900,81,5,834,913,887,975,Jul25_1/127-20190718142900-snapshot.jpg
1,1,20190718,142930,77,5,793,917,856,963,Jul25_1/127-20190718142930-snapshot.jpg
1,1,20190718,143000,82,5,578,1015,654,1066,Jul25_1/127-20190718143000-snapshot.jpg
1,1,20190718,143100,84,5,146,917,205,988,Jul25_1/127-20190718143100-snapshot.jpg
1,1,20190718,143130,86,5,541,651,627,714,Jul25_1/127-20190718143130-snapshot.jpg
1,1,20190718,143230,79,5,572,306,637,351,Jul25_1/127-20190718143230-snapshot.jpg
1,1,20190718,143300,81,5,1087,33,1139,96,Jul25_1/127-20190718143300-snapshot.jpg
1,1,20190718,144100,81,5,136,947,208,996,Jul25_1/127-20190718144100-snapshot.jpg
1,1,20190718,145430,86,5,1059,248,1136,304,Jul25_1/127-20190718145430-snapshot.jpg
1,1,20190718,151230,30,5,1046,943,1112,1000,Jul25_1/127-20190718151230-snapshot.jpg
1,1,20190718,151230,59,2,1047,942,1113,1001,Jul25_1/127-20190718151230-snapshot.jpg
1,1,20190718,152000,88,2,830,751,909,830,Jul25_1/127-20190718152000-snapshot.jpg
1,1,20190718,152530,65,2,1152,80,1232,157,Jul25_1/127-20190718152530-snapshot.jpg
1,1,20190718,152930,79,2,142,1012,235,1071,Jul25_1/127-20190718152930-snapshot.jpg
1,1,20190718,153000,72,2,794,177,872,237,Jul25_1/127-20190718153000-snapshot.jpg
1,1,20190718,160300,86,2,862,897,949,952,Jul25_1/127-20190718160300-snapshot.jpg
1,1,20190718,160330,87,2,692,951,776,1040,Jul25_1/127-20190718160330-snapshot.jpg
1,1,20190718,160930,89,2,415,851,511,933,Jul25_1/127-20190718160930-snapshot.jpg
1,1,20190718,163330,84,8,178,578,281,665,Jul25_1/127-20190718163330-snapshot.jpg
1,1,20190718,165230,68,8,1221,204,1297,257,Jul25_1/127-20190718165230-snapshot.jpg
1,1,20190718,165500,87,2,1048,207,1139,274,Jul25_1/127-20190718165500-snapshot.jpg
1,1,20190718,165800,62,5,1214,1038,1270,1079,Jul25_1/127-20190718165800-snapshot.jpg
1,1,20190718,165830,86,2,359,827,445,908,Jul25_1/127-20190718165830-snapshot.jpg
1,1,20190718,170500,29,5,1212,651,1253,682,Jul25_1/127-20190718170500-snapshot.jpg
1,1,20190718,170630,88,3,432,824,513,925,Jul25_1/127-20190718170630-snapshot.jpg
1,1,20190718,171500,28,5,1213,651,1252,682,Jul25_1/127-20190718171500-snapshot.jpg
1,1,20190718,171800,88,3,1336,872,1448,952,Jul25_1/127-20190718171800-snapshot.jpg
1,1,20190718,180600,88,3,856,870,941,969,Jul25_1/127-20190718180600-snapshot.jpg
1,1,20190718,182930,26,5,698,915,767,956,Jul25_1/127-20190718182930-snapshot.jpg
1,1,20190718,211300,31,5,698,915,768,957,Jul25_1/127-20190718211300-snapshot.jpg
1,1,20190716,070100,51,6,1427,962,1503,1018,Jul25_1/18-20190716070100-snapshot.jpg
1,1,20190716,093800,84,3,119,741,234,823,Jul25_1/18-20190716093800-snapshot.jpg
1,1,20190716,100000,79,6,1391,1013,1449,1070,Jul25_1/18-20190716100000-snapshot.jpg
1,1,20190716,121230,32,5,1261,430,1311,468,Jul25_1/18-20190716121230-snapshot.jpg
1,1,20190716,121500,34,5,1260,430,1311,468,Jul25_1/18-20190716121500-snapshot.jpg
1,1,20190716,121800,48,5,1263,430,1311,467,Jul25_1/18-20190716121800-snapshot.jpg
1,1,20190716,123200,83,5,1557,465,1612,529,Jul25_1/18-20190716123200-snapshot.jpg
1,1,20190716,123230,74,5,1041,413,1105,459,Jul25_1/18-20190716123230-snapshot.jpg
1,1,20190716,123300,84,5,984,580,1059,625,Jul25_1/18-20190716123300-snapshot.jpg
1,1,20190716,123330,51,5,1227,892,1281,949,Jul25_1/18-20190716123330-snapshot.jpg
1,1,20190716,123400,76,5,1078,723,1128,785,Jul25_1/18-20190716123400-snapshot.jpg
1,1,20190716,123430,27,5,808,816,849,863,Jul25_1/18-20190716123430-snapshot.jpg
1,1,20190716,123500,82,5,760,822,811,880,Jul25_1/18-20190716123500-snapshot.jpg
1,1,20190716,123530,83,5,707,518,754,578,Jul25_1/18-20190716123530-snapshot.jpg
1,1,20190716,123600,88,5,641,338,718,392,Jul25_1/18-20190716123600-snapshot.jpg
1,1,20190716,123730,87,6,1414,925,1501,998,Jul25_1/18-20190716123730-snapshot.jpg
1,1,20190716,123800,84,5,1194,371,1245,432,Jul25_1/18-20190716123800-snapshot.jpg
1,1,20190716,123830,84,5,321,862,378,929,Jul25_1/18-20190716123830-snapshot.jpg
1,1,20190716,124330,78,5,515,919,592,980,Jul25_1/18-20190716124330-snapshot.jpg
1,1,20190716,124400,60,5,767,742,823,794,Jul25_1/18-20190716124400-snapshot.jpg
1,1,20190716,124430,78,5,535,704,613,760,Jul25_1/18-20190716124430-snapshot.jpg
1,1,20190716,124500,83,5,835,562,910,606,Jul25_1/18-20190716124500-snapshot.jpg
1,1,20190716,124630,86,5,921,604,969,661,Jul25_1/18-20190716124630-snapshot.jpg
1,1,20190716,124700,73,5,1120,309,1161,354,Jul25_1/18-20190716124700-snapshot.jpg
1,1,20190716,124730,86,5,1403,349,1483,405,Jul25_1/18-20190716124730-snapshot.jpg
1,1,20190716,130330,84,6,860,118,910,181,Jul25_1/18-20190716130330-snapshot.jpg
1,1,20190716,130600,84,6,984,840,1062,905,Jul25_1/18-20190716130600-snapshot.jpg
1,1,20190716,130730,83,8,769,901,867,955,Jul25_1/18-20190716130730-snapshot.jpg
1,1,20190716,130900,76,5,1794,274,1860,325,Jul25_1/18-20190716130900-snapshot.jpg
1,1,20190716,131000,81,5,1555,367,1617,420,Jul25_1/18-20190716131000-snapshot.jpg
1,1,20190716,131030,72,5,1319,709,1367,757,Jul25_1/18-20190716131030-snapshot.jpg
1,1,20190716,131130,79,5,1185,651,1232,695,Jul25_1/18-20190716131130-snapshot.jpg
1,1,20190716,131330,80,5,1230,851,1273,898,Jul25_1/18-20190716131330-snapshot.jpg
1,1,20190716,131630,81,6,1481,1029,1569,1080,Jul25_1/18-20190716131630-snapshot.jpg
1,1,20190716,133000,77,6,1267,724,1314,784,Jul25_1/18-20190716133000-snapshot.jpg
1,1,20190716,133000,84,2,637,871,717,919,Jul25_1/18-20190716133000-snapshot.jpg
1,1,20190716,133030,75,5,1140,385,1193,442,Jul25_1/18-20190716133030-snapshot.jpg
1,1,20190716,133030,89,2,249,933,340,1028,Jul25_1/18-20190716133030-snapshot.jpg
1,1,20190716,133100,77,5,1325,314,1370,356,Jul25_1/18-20190716133100-snapshot.jpg
1,1,20190716,133130,47,5,1511,611,1563,683,Jul25_1/18-20190716133130-snapshot.jpg
1,1,20190716,133130,57,6,1511,606,1564,682,Jul25_1/18-20190716133130-snapshot.jpg
1,1,20190716,133200,81,6,1332,897,1382,971,Jul25_1/18-20190716133200-snapshot.jpg
1,1,20190716,134700,42,2,1044,950,1110,1013,Jul25_1/18-20190716134700-snapshot.jpg
1,1,20190716,135100,88,2,161,974,257,1040,Jul25_1/18-20190716135100-snapshot.jpg
1,1,20190716,140500,80,5,678,705,756,758,Jul25_1/18-20190716140500-snapshot.jpg
1,1,20190716,140530,85,8,627,820,726,874,Jul25_1/18-20190716140530-snapshot.jpg
1,1,20190716,140930,84,5,899,147,951,206,Jul25_1/18-20190716140930-snapshot.jpg
1,1,20190716,141330,36,5,760,912,805,963,Jul25_1/18-20190716141330-snapshot.jpg
1,1,20190716,141400,74,5,740,933,793,978,Jul25_1/18-20190716141400-snapshot.jpg
1,1,20190716,142230,86,3,743,882,848,969,Jul25_1/18-20190716142230-snapshot.jpg
1,1,20190716,142630,74,6,472,358,534,428,Jul25_1/18-20190716142630-snapshot.jpg
1,1,20190716,142730,60,5,1150,644,1195,696,Jul25_1/18-20190716142730-snapshot.jpg
1,1,20190716,142830,77,5,1343,298,1399,356,Jul25_1/18-20190716142830-snapshot.jpg
1,1,20190716,142900,82,5,1550,569,1618,639,Jul25_1/18-20190716142900-snapshot.jpg
1,1,20190716,142930,74,5,1005,201,1059,258,Jul25_1/18-20190716142930-snapshot.jpg
1,1,20190716,143030,72,5,927,689,976,738,Jul25_1/18-20190716143030-snapshot.jpg
1,1,20190716,143930,60,5,932,591,973,637,Jul25_1/18-20190716143930-snapshot.jpg
1,1,20190716,144300,84,5,1305,911,1364,976,Jul25_1/18-20190716144300-snapshot.jpg
1,1,20190716,144600,84,6,176,79,281,146,Jul25_1/18-20190716144600-snapshot.jpg
1,1,20190716,144900,75,6,1550,1033,1622,1080,Jul25_1/18-20190716144900-snapshot.jpg
1,1,20190716,145530,72,5,371,94,429,166,Jul25_1/18-20190716145530-snapshot.jpg
1,1,20190716,150230,72,5,312,0,362,48,Jul25_1/18-20190716150230-snapshot.jpg
1,1,20190716,150230,89,2,1091,101,1157,201,Jul25_1/18-20190716150230-snapshot.jpg
1,1,20190716,150330,61,5,1074,1033,1134,1077,Jul25_1/18-20190716150330-snapshot.jpg
1,1,20190716,150530,66,5,919,164,980,215,Jul25_1/18-20190716150530-snapshot.jpg
1,1,20190716,150630,62,5,1055,225,1098,273,Jul25_1/18-20190716150630-snapshot.jpg
1,1,20190716,150700,82,5,1208,677,1259,737,Jul25_1/18-20190716150700-snapshot.jpg
1,1,20190716,150700,84,5,960,417,1027,459,Jul25_1/18-20190716150700-snapshot.jpg
1,1,20190716,150700,84,3,0,1015,88,1078,Jul25_1/18-20190716150700-snapshot.jpg
1,1,20190716,150730,75,5,1566,463,1620,524,Jul25_1/18-20190716150730-snapshot.jpg
1,1,20190716,150730,77,5,1090,768,1149,814,Jul25_1/18-20190716150730-snapshot.jpg
1,1,20190716,150800,78,5,935,303,978,352,Jul25_1/18-20190716150800-snapshot.jpg
1,1,20190716,150800,85,5,1707,885,1789,937,Jul25_1/18-20190716150800-snapshot.jpg
1,1,20190716,150830,77,5,1459,316,1528,367,Jul25_1/18-20190716150830-snapshot.jpg
1,1,20190716,150830,87,2,753,928,820,1027,Jul25_1/18-20190716150830-snapshot.jpg
1,1,20190716,151030,81,6,1043,694,1095,762,Jul25_1/18-20190716151030-snapshot.jpg
1,1,20190716,151100,81,6,1040,525,1119,580,Jul25_1/18-20190716151100-snapshot.jpg
1,1,20190716,151130,84,6,1187,656,1256,722,Jul25_1/18-20190716151130-snapshot.jpg
1,1,20190716,151130,85,2,846,745,905,831,Jul25_1/18-20190716151130-snapshot.jpg
1,1,20190716,151200,61,6,1583,420,1641,488,Jul25_1/18-20190716151200-snapshot.jpg
1,1,20190716,151230,80,6,1113,44,1191,116,Jul25_1/18-20190716151230-snapshot.jpg
1,1,20190716,151300,87,2,557,363,617,462,Jul25_1/18-20190716151300-snapshot.jpg
1,1,20190716,151330,90,3,1529,760,1625,841,Jul25_1/18-20190716151330-snapshot.jpg
1,1,20190716,151600,84,8,1401,191,1502,247,Jul25_1/18-20190716151600-snapshot.jpg
1,1,20190716,152100,81,2,570,948,637,1046,Jul25_1/18-20190716152100-snapshot.jpg
1,1,20190716,152930,84,5,1278,1010,1364,1061,Jul25_1/18-20190716152930-snapshot.jpg
1,1,20190716,153000,80,5,1535,576,1606,643,Jul25_1/18-20190716153000-snapshot.jpg
1,1,20190716,153030,84,5,1101,117,1153,187,Jul25_1/18-20190716153030-snapshot.jpg
1,1,20190716,153030,88,3,197,989,315,1078,Jul25_1/18-20190716153030-snapshot.jpg
1,1,20190716,153100,86,5,486,895,539,965,Jul25_1/18-20190716153100-snapshot.jpg
1,1,20190716,153300,86,5,49,425,128,493,Jul25_1/18-20190716153300-snapshot.jpg
1,1,20190716,153600,79,2,1472,217,1564,290,Jul25_1/18-20190716153600-snapshot.jpg
1,1,20190716,153600,87,2,113,946,213,1015,Jul25_1/18-20190716153600-snapshot.jpg
1,1,20190716,153700,85,2,462,658,557,722,Jul25_1/18-20190716153700-snapshot.jpg
1,1,20190716,154130,87,3,815,646,882,749,Jul25_1/18-20190716154130-snapshot.jpg
1,1,20190716,154900,83,5,1241,269,1319,319,Jul25_1/18-20190716154900-snapshot.jpg
1,1,20190716,160330,83,5,1518,103,1579,178,Jul25_1/18-20190716160330-snapshot.jpg
1,1,20190716,160330,87,1,42,625,92,672,Jul25_1/18-20190716160330-snapshot.jpg
1,1,20190716,160500,86,4,1423,1014,1526,1078,Jul25_1/18-20190716160500-snapshot.jpg
1,1,20190716,161300,84,8,180,903,277,975,Jul25_1/18-20190716161300-snapshot.jpg
1,1,20190716,161900,82,1,76,167,128,213,Jul25_1/18-20190716161900-snapshot.jpg
1,1,20190716,162030,86,5,1084,67,1136,137,Jul25_1/18-20190716162030-snapshot.jpg
1,1,20190716,162100,30,5,1187,610,1233,660,Jul25_1/18-20190716162100-snapshot.jpg
1,1,20190716,162130,80,5,1572,1016,1633,1079,Jul25_1/18-20190716162130-snapshot.jpg
1,1,20190716,162130,86,2,1054,1007,1130,1079,Jul25_1/18-20190716162130-snapshot.jpg
1,1,20190716,162630,64,5,268,944,328,1007,Jul25_1/18-20190716162630-snapshot.jpg
1,1,20190716,163530,42,5,1167,642,1217,682,Jul25_1/18-20190716163530-snapshot.jpg
1,1,20190716,164900,86,2,1088,31,1153,122,Jul25_1/18-20190716164900-snapshot.jpg
1,1,20190716,164930,87,2,1117,627,1200,719,Jul25_1/18-20190716164930-snapshot.jpg
1,1,20190716,165530,40,5,1219,830,1262,878,Jul25_1/18-20190716165530-snapshot.jpg
1,1,20190716,170030,74,2,1326,288,1389,345,Jul25_1/18-20190716170030-snapshot.jpg
1,1,20190716,170100,83,2,628,493,698,566,Jul25_1/18-20190716170100-snapshot.jpg
1,1,20190716,171230,89,2,1577,754,1676,841,Jul25_1/18-20190716171230-snapshot.jpg
1,1,20190716,171830,88,4,90,930,179,1023,Jul25_1/18-20190716171830-snapshot.jpg
1,1,20190716,172630,90,2,377,923,475,1008,Jul25_1/18-20190716172630-snapshot.jpg
1,1,20190716,172730,79,5,228,326,296,391,Jul25_1/18-20190716172730-snapshot.jpg
1,1,20190716,172800,81,5,505,780,557,837,Jul25_1/18-20190716172800-snapshot.jpg
1,1,20190716,173830,82,2,168,966,259,1028,Jul25_1/18-20190716173830-snapshot.jpg
1,1,20190716,174930,85,5,1408,1021,1485,1076,Jul25_1/18-20190716174930-snapshot.jpg
1,1,20190716,175000,88,5,1065,546,1148,600,Jul25_1/18-20190716175000-snapshot.jpg
1,1,20190716,175400,83,6,328,502,408,559,Jul25_1/18-20190716175400-snapshot.jpg
1,1,20190716,175600,84,8,1596,947,1696,1007,Jul25_1/18-20190716175600-snapshot.jpg
1,1,20190716,180530,88,2,292,940,393,1015,Jul25_1/18-20190716180530-snapshot.jpg
1,1,20190716,180600,88,2,464,548,561,624,Jul25_1/18-20190716180600-snapshot.jpg
1,1,20190716,180830,82,5,668,165,733,238,Jul25_1/18-20190716180830-snapshot.jpg
1,1,20190716,181030,81,8,1862,734,1920,827,Jul25_1/18-20190716181030-snapshot.jpg
1,1,20190716,182600,81,2,1016,897,1102,957,Jul25_1/18-20190716182600-snapshot.jpg
1,1,20190716,183300,84,8,1330,751,1426,840,Jul25_1/18-20190716183300-snapshot.jpg
1,1,20190716,183530,89,3,1128,589,1230,665,Jul25_1/18-20190716183530-snapshot.jpg
1,1,20190716,190800,88,4,884,588,987,720,Jul25_1/18-20190716190800-snapshot.jpg
1,1,20190719,095400,43,1,690,786,735,825,Jul25_1/188-20190719095400-snapshot.jpg
1,1,20190719,122100,76,6,1478,769,1534,849,Jul25_1/190-20190719122100-snapshot.jpg
1,1,20190719,122130,73,5,1353,895,1411,960,Jul25_1/190-20190719122130-snapshot.jpg
1,1,20190719,122200,82,5,1144,630,1210,681,Jul25_1/190-20190719122200-snapshot.jpg
1,1,20190719,122300,82,5,1172,632,1221,691,Jul25_1/190-20190719122300-snapshot.jpg
1,1,20190719,122330,73,6,1332,862,1386,918,Jul25_1/190-20190719122330-snapshot.jpg
1,1,20190719,122400,66,5,1133,56,1185,101,Jul25_1/190-20190719122400-snapshot.jpg
1,1,20190719,122900,81,5,646,759,712,825,Jul25_1/190-20190719122900-snapshot.jpg
1,1,20190719,123600,82,5,233,532,315,599,Jul25_1/190-20190719123600-snapshot.jpg
1,1,20190719,130900,84,1,1388,799,1438,849,Jul25_1/190-20190719130900-snapshot.jpg
1,1,20190719,132630,70,5,1086,129,1135,165,Jul25_1/190-20190719132630-snapshot.jpg
1,1,20190719,134030,82,8,1217,205,1275,294,Jul25_1/190-20190719134030-snapshot.jpg
1,1,20190719,145030,88,4,1259,970,1372,1060,Jul25_1/190-20190719145030-snapshot.jpg
1,1,20190719,155200,88,4,691,903,786,1001,Jul25_1/190-20190719155200-snapshot.jpg
1,1,20190719,155900,84,8,845,424,932,498,Jul25_1/190-20190719155900-snapshot.jpg
1,1,20190719,160130,86,3,1282,819,1405,894,Jul25_1/190-20190719160130-snapshot.jpg
1,1,20190719,160330,67,3,1085,0,1144,58,Jul25_1/190-20190719160330-snapshot.jpg
1,1,20190719,162400,80,2,528,884,606,950,Jul25_1/190-20190719162400-snapshot.jpg
1,1,20190719,175700,84,5,1084,817,1141,892,Jul25_1/193-20190719175700-snapshot.jpg
1,1,20190719,175730,71,5,1091,3,1143,58,Jul25_1/193-20190719175730-snapshot.jpg
1,1,20190719,182930,29,6,1204,1048,1257,1079,Jul25_1/193-20190719182930-snapshot.jpg
1,1,20190719,184030,76,6,1502,1037,1578,1079,Jul25_1/193-20190719184030-snapshot.jpg
1,1,20190719,184100,34,6,1496,940,1551,1014,Jul25_1/193-20190719184100-snapshot.jpg
1,1,20190719,184100,50,5,1496,941,1552,1014,Jul25_1/193-20190719184100-snapshot.jpg
1,1,20190719,184200,79,6,293,926,374,976,Jul25_1/193-20190719184200-snapshot.jpg
1,1,20190719,184300,84,8,624,738,723,791,Jul25_1/193-20190719184300-snapshot.jpg
1,1,20190719,184800,66,5,1270,703,1319,747,Jul25_1/193-20190719184800-snapshot.jpg
1,1,20190719,184830,79,6,1180,659,1256,709,Jul25_1/193-20190719184830-snapshot.jpg
1,1,20190719,184900,77,6,1555,839,1609,912,Jul25_1/193-20190719184900-snapshot.jpg
1,1,20190719,191330,85,5,783,553,829,611,Jul25_1/193-20190719191330-snapshot.jpg
1,1,20190719,191400,80,5,863,733,914,802,Jul25_1/193-20190719191400-snapshot.jpg
1,1,20190719,192300,77,5,458,1039,524,1079,Jul25_1/193-20190719192300-snapshot.jpg
1,1,20190719,192330,85,5,512,966,576,1034,Jul25_1/193-20190719192330-snapshot.jpg
1,1,20190719,192400,78,5,593,992,654,1054,Jul25_1/193-20190719192400-snapshot.jpg
1,1,20190719,192500,81,5,118,1009,176,1069,Jul25_1/193-20190719192500-snapshot.jpg
1,1,20190719,192800,56,5,1476,1035,1541,1080,Jul25_1/193-20190719192800-snapshot.jpg
1,1,20190719,193130,70,5,285,926,338,992,Jul25_1/193-20190719193130-snapshot.jpg
1,1,20190719,193200,31,5,278,917,329,982,Jul25_1/193-20190719193200-snapshot.jpg
1,1,20190719,193430,77,5,698,1009,766,1052,Jul25_1/193-20190719193430-snapshot.jpg
1,1,20190719,193930,83,5,1483,883,1540,945,Jul25_1/193-20190719193930-snapshot.jpg
1,1,20190720,071800,83,8,518,230,602,308,Jul25_1/246-20190720071800-snapshot.jpg
1,1,20190720,120930,86,8,1712,903,1781,1007,Jul25_1/249-20190720120930-snapshot.jpg
1,1,20190720,121530,78,8,135,100,250,167,Jul25_1/249-20190720121530-snapshot.jpg
1,1,20190720,125300,73,5,1574,896,1637,948,Jul25_1/249-20190720125300-snapshot.jpg
1,1,20190720,132930,83,2,333,957,416,1021,Jul25_1/249-20190720132930-snapshot.jpg
1,1,20190720,133030,85,2,1172,609,1233,706,Jul25_1/249-20190720133030-snapshot.jpg
1,1,20190720,133130,87,2,1494,929,1599,1013,Jul25_1/249-20190720133130-snapshot.jpg
1,1,20190720,135000,83,8,842,316,916,424,Jul25_1/249-20190720135000-snapshot.jpg
1,1,20190720,150230,88,3,789,1,856,94,Jul25_1/249-20190720150230-snapshot.jpg
1,1,20190720,155330,82,1,1061,183,1103,219,Jul25_1/249-20190720155330-snapshot.jpg
1,1,20190720,165030,54,1,92,523,138,564,Jul25_1/249-20190720165030-snapshot.jpg
1,1,20190721,055900,33,8,634,958,717,1018,Jul25_1/289-20190721055900-snapshot.jpg
1,1,20190721,063030,29,8,632,959,716,1019,Jul25_1/299-20190721063030-snapshot.jpg
1,1,20190721,064430,44,8,631,958,715,1018,Jul25_1/300-20190721064430-snapshot.jpg
1,1,20190721,064800,55,8,629,959,713,1018,Jul25_1/300-20190721064800-snapshot.jpg
1,1,20190721,065130,64,8,632,958,718,1019,Jul25_1/300-20190721065130-snapshot.jpg
1,1,20190721,070300,34,8,631,957,714,1017,Jul25_1/301-20190721070300-snapshot.jpg
1,1,20190721,093200,64,1,17,588,59,627,Jul25_1/306-20190721093200-snapshot.jpg
1,1,20190721,131330,79,5,1420,910,1470,966,Jul25_1/308-20190721131330-snapshot.jpg
1,1,20190721,131400,76,5,1419,912,1469,968,Jul25_1/308-20190721131400-snapshot.jpg
1,1,20190721,131430,74,5,1421,912,1472,969,Jul25_1/308-20190721131430-snapshot.jpg
1,1,20190721,131500,75,5,1419,911,1469,968,Jul25_1/308-20190721131500-snapshot.jpg
1,1,20190721,131530,76,5,1419,912,1470,967,Jul25_1/308-20190721131530-snapshot.jpg
1,1,20190721,131600,78,5,1420,911,1470,966,Jul25_1/308-20190721131600-snapshot.jpg
1,1,20190721,131630,76,5,1420,914,1470,968,Jul25_1/308-20190721131630-snapshot.jpg
1,1,20190721,131700,40,1,771,1026,809,1061,Jul25_1/308-20190721131700-snapshot.jpg
1,1,20190721,131700,68,5,1420,915,1472,971,Jul25_1/308-20190721131700-snapshot.jpg
1,1,20190721,131730,31,1,771,1026,808,1061,Jul25_1/308-20190721131730-snapshot.jpg
1,1,20190721,131800,58,5,1369,870,1413,912,Jul25_1/308-20190721131800-snapshot.jpg
1,1,20190721,132500,28,1,772,1027,808,1062,Jul25_1/308-20190721132500-snapshot.jpg
1,1,20190721,134930,84,1,822,119,866,162,Jul25_1/308-20190721134930-snapshot.jpg
1,1,20190721,135030,83,6,403,894,458,964,Jul25_1/308-20190721135030-snapshot.jpg
1,1,20190721,135230,68,6,635,231,701,288,Jul25_1/308-20190721135230-snapshot.jpg
1,1,20190721,135300,77,6,639,231,716,292,Jul25_1/308-20190721135300-snapshot.jpg
1,1,20190721,141530,83,5,256,965,314,1036,Jul25_1/308-20190721141530-snapshot.jpg
1,1,20190721,141630,74,5,1029,966,1085,1028,Jul25_1/308-20190721141630-snapshot.jpg
1,1,20190721,141830,90,5,155,1019,237,1079,Jul25_1/308-20190721141830-snapshot.jpg
1,1,20190721,141900,79,5,2,977,55,1039,Jul25_1/308-20190721141900-snapshot.jpg
1,1,20190721,144130,43,1,771,1027,809,1063,Jul25_1/308-20190721144130-snapshot.jpg
1,1,20190721,144400,68,6,967,299,1017,361,Jul25_1/308-20190721144400-snapshot.jpg
1,1,20190721,144430,79,6,1232,886,1311,956,Jul25_1/308-20190721144430-snapshot.jpg
1,1,20190721,144500,80,6,1304,884,1359,947,Jul25_1/308-20190721144500-snapshot.jpg
1,1,20190721,144530,68,6,1316,951,1375,1036,Jul25_1/308-20190721144530-snapshot.jpg
1,1,20190721,144600,71,6,1284,926,1357,978,Jul25_1/308-20190721144600-snapshot.jpg
1,1,20190721,144630,65,6,1287,988,1340,1066,Jul25_1/308-20190721144630-snapshot.jpg
1,1,20190721,155430,85,8,436,206,546,290,Jul25_1/308-20190721155430-snapshot.jpg
1,1,20190721,164830,82,5,641,247,695,312,Jul25_1/308-20190721164830-snapshot.jpg
1,1,20190721,174230,67,6,1387,959,1445,1023,Jul25_1/308-20190721174230-snapshot.jpg
1,1,20190721,174800,80,5,778,288,836,333,Jul25_1/308-20190721174800-snapshot.jpg
1,1,20190721,183300,39,6,1420,744,1469,813,Jul25_1/308-20190721183300-snapshot.jpg
1,1,20190721,183300,45,5,1420,744,1470,811,Jul25_1/308-20190721183300-snapshot.jpg
1,1,20190721,183330,71,5,1392,765,1444,830,Jul25_1/308-20190721183330-snapshot.jpg
1,1,20190721,183400,71,5,1430,779,1490,831,Jul25_1/308-20190721183400-snapshot.jpg
1,1,20190721,183430,83,5,1303,1006,1357,1062,Jul25_1/308-20190721183430-snapshot.jpg
1,1,20190721,183500,69,5,1250,1032,1310,1074,Jul25_1/308-20190721183500-snapshot.jpg
1,1,20190721,183600,55,5,685,221,726,270,Jul25_1/308-20190721183600-snapshot.jpg
1,1,20190721,184000,81,6,810,116,863,187,Jul25_1/308-20190721184000-snapshot.jpg
1,1,20190721,184500,76,5,1101,110,1151,170,Jul25_1/308-20190721184500-snapshot.jpg
1,1,20190721,184500,84,5,1284,1000,1343,1061,Jul25_1/308-20190721184500-snapshot.jpg
1,1,20190721,184530,81,5,1317,841,1376,907,Jul25_1/308-20190721184530-snapshot.jpg
1,1,20190721,184530,81,5,123,929,179,992,Jul25_1/308-20190721184530-snapshot.jpg
1,1,20190721,184930,73,5,418,802,479,861,Jul25_1/308-20190721184930-snapshot.jpg
1,1,20190721,185330,48,5,702,604,776,659,Jul25_1/308-20190721185330-snapshot.jpg
1,1,20190721,190130,56,6,1311,789,1385,843,Jul25_1/308-20190721190130-snapshot.jpg
1,1,20190721,193800,83,6,242,441,326,503,Jul25_1/308-20190721193800-snapshot.jpg
1,1,20190721,194200,85,6,1418,783,1502,850,Jul25_1/308-20190721194200-snapshot.jpg
1,1,20190721,194230,83,6,1437,856,1486,932,Jul25_1/308-20190721194230-snapshot.jpg
1,1,20190721,204930,86,8,655,756,735,839,Jul25_1/308-20190721204930-snapshot.jpg
1,1,20190721,205000,84,8,663,752,739,838,Jul25_1/308-20190721205000-snapshot.jpg
1,1,20190721,214030,88,8,695,684,782,770,Jul25_1/308-20190721214030-snapshot.jpg
1,1,20190722,083230,33,5,1448,708,1496,743,Jul25_1/313-20190722083230-snapshot.jpg
1,1,20190722,083300,27,5,1435,777,1488,835,Jul25_1/313-20190722083300-snapshot.jpg
1,1,20190722,083330,57,5,1430,773,1482,834,Jul25_1/313-20190722083330-snapshot.jpg
1,1,20190722,083430,66,5,1343,886,1397,941,Jul25_1/313-20190722083430-snapshot.jpg
1,1,20190722,084100,67,5,399,935,484,993,Jul25_1/313-20190722084100-snapshot.jpg
1,1,20190722,085900,78,5,1449,919,1504,986,Jul25_1/313-20190722085900-snapshot.jpg
1,1,20190722,085930,45,5,1377,1020,1424,1065,Jul25_1/313-20190722085930-snapshot.jpg
1,1,20190722,093630,73,5,985,8,1050,66,Jul25_1/313-20190722093630-snapshot.jpg
1,1,20190722,093700,63,5,112,1040,172,1080,Jul25_1/313-20190722093700-snapshot.jpg
1,1,20190722,100900,84,5,1444,740,1506,815,Jul25_1/314-20190722100900-snapshot.jpg
1,1,20190722,101200,72,5,1082,113,1137,160,Jul25_1/314-20190722101200-snapshot.jpg
1,1,20190722,101230,81,5,1070,112,1122,168,Jul25_1/314-20190722101230-snapshot.jpg
1,1,20190722,101300,77,5,1027,81,1078,131,Jul25_1/314-20190722101300-snapshot.jpg
1,1,20190722,101330,81,5,1081,93,1129,165,Jul25_1/314-20190722101330-snapshot.jpg
1,1,20190722,101400,80,5,1083,100,1137,153,Jul25_1/314-20190722101400-snapshot.jpg
1,1,20190722,101430,64,5,1055,149,1103,191,Jul25_1/314-20190722101430-snapshot.jpg
1,1,20190722,101730,76,5,1472,720,1539,769,Jul25_1/314-20190722101730-snapshot.jpg
1,1,20190722,115300,83,5,949,354,1021,407,Jul25_1/314-20190722115300-snapshot.jpg
1,1,20190722,115400,84,5,1092,909,1149,968,Jul25_1/314-20190722115400-snapshot.jpg
1,1,20190722,115430,83,5,80,1003,138,1059,Jul25_1/314-20190722115430-snapshot.jpg
1,1,20190722,115500,84,8,901,846,996,901,Jul25_1/314-20190722115500-snapshot.jpg
1,1,20190722,115900,77,5,228,1007,282,1068,Jul25_1/314-20190722115900-snapshot.jpg
1,1,20190722,120400,80,6,671,205,727,273,Jul25_1/314-20190722120400-snapshot.jpg
1,1,20190722,120700,77,6,1305,1027,1381,1080,Jul25_1/314-20190722120700-snapshot.jpg
1,1,20190722,120730,75,5,1153,1003,1220,1075,Jul25_1/314-20190722120730-snapshot.jpg
1,1,20190722,120800,77,6,1350,816,1439,902,Jul25_1/314-20190722120800-snapshot.jpg
1,1,20190722,120900,80,6,1409,992,1475,1076,Jul25_1/314-20190722120900-snapshot.jpg
1,1,20190722,121030,78,6,1230,1005,1310,1057,Jul25_1/314-20190722121030-snapshot.jpg
1,1,20190722,122930,30,5,212,988,260,1033,Jul25_1/314-20190722122930-snapshot.jpg
1,1,20190722,123230,83,5,500,860,556,921,Jul25_1/314-20190722123230-snapshot.jpg
1,1,20190722,123300,81,5,484,887,557,936,Jul25_1/314-20190722123300-snapshot.jpg
1,1,20190722,123330,83,5,468,887,525,957,Jul25_1/314-20190722123330-snapshot.jpg
1,1,20190722,123400,65,5,248,980,297,1021,Jul25_1/314-20190722123400-snapshot.jpg
1,1,20190722,123530,73,5,882,734,936,774,Jul25_1/314-20190722123530-snapshot.jpg
1,1,20190722,135830,29,1,771,1020,808,1057,Jul25_1/314-20190722135830-snapshot.jpg
1,1,20190722,194030,52,5,1447,763,1519,818,Jul25_1/320-20190722194030-snapshot.jpg
1,1,20190722,194730,35,5,1441,693,1493,750,Jul25_1/320-20190722194730-snapshot.jpg
1,1,20190723,081300,82,8,1666,853,1748,929,Jul25_1/339-20190723081300-snapshot.jpg
1,1,20190723,082830,30,1,1879,15,1919,58,Jul25_1/339-20190723082830-snapshot.jpg
1,1,20190723,090130,83,8,642,1003,699,1079,Jul25_1/339-20190723090130-snapshot.jpg
1,1,20190723,091500,50,8,21,874,95,939,Jul25_1/339-20190723091500-snapshot.jpg
1,1,20190723,091930,32,5,1315,972,1365,1036,Jul25_1/339-20190723091930-snapshot.jpg
1,1,20190723,093030,66,5,560,974,624,1030,Jul25_1/339-20190723093030-snapshot.jpg
1,1,20190723,093330,86,5,460,978,518,1046,Jul25_1/339-20190723093330-snapshot.jpg
1,1,20190723,093600,82,5,335,864,384,926,Jul25_1/339-20190723093600-snapshot.jpg
1,1,20190723,094130,86,6,1512,883,1597,950,Jul25_1/339-20190723094130-snapshot.jpg
1,1,20190723,094230,84,6,963,55,1021,128,Jul25_1/339-20190723094230-snapshot.jpg
1,1,20190723,094600,80,5,402,917,470,975,Jul25_1/339-20190723094600-snapshot.jpg
1,1,20190723,094900,70,6,1600,507,1714,623,Jul25_1/339-20190723094900-snapshot.jpg
1,1,20190723,095030,65,6,150,901,205,972,Jul25_1/339-20190723095030-snapshot.jpg
1,1,20190723,095100,77,6,398,879,454,941,Jul25_1/339-20190723095100-snapshot.jpg
1,1,20190723,095330,27,6,447,1008,526,1065,Jul25_1/339-20190723095330-snapshot.jpg
1,1,20190723,095400,84,6,1506,883,1583,946,Jul25_1/339-20190723095400-snapshot.jpg
1,1,20190723,100700,88,6,1728,330,1811,401,Jul25_1/339-20190723100700-snapshot.jpg
1,1,20190723,101200,82,5,1258,855,1317,941,Jul25_1/339-20190723101200-snapshot.jpg
1,1,20190723,101330,70,6,988,60,1038,120,Jul25_1/339-20190723101330-snapshot.jpg
1,1,20190723,101330,84,6,472,1000,561,1068,Jul25_1/339-20190723101330-snapshot.jpg
1,1,20190723,101530,83,5,810,613,867,682,Jul25_1/339-20190723101530-snapshot.jpg
1,1,20190723,101700,69,5,404,1013,457,1075,Jul25_1/339-20190723101700-snapshot.jpg
1,1,20190723,101800,79,6,284,395,343,462,Jul25_1/339-20190723101800-snapshot.jpg
1,1,20190723,101830,79,5,307,857,366,936,Jul25_1/339-20190723101830-snapshot.jpg
1,1,20190723,102000,83,5,854,701,909,763,Jul25_1/339-20190723102000-snapshot.jpg
1,1,20190723,102130,77,5,178,904,233,963,Jul25_1/339-20190723102130-snapshot.jpg
1,1,20190723,102200,84,5,1439,893,1499,961,Jul25_1/339-20190723102200-snapshot.jpg
1,1,20190723,102300,78,5,1286,937,1341,1006,Jul25_1/339-20190723102300-snapshot.jpg
1,1,20190723,102300,83,5,155,948,212,1012,Jul25_1/339-20190723102300-snapshot.jpg
1,1,20190723,102330,60,5,306,883,355,949,Jul25_1/339-20190723102330-snapshot.jpg
1,1,20190723,102400,60,5,164,953,213,1017,Jul25_1/339-20190723102400-snapshot.jpg
1,1,20190723,102400,81,5,1258,1008,1321,1055,Jul25_1/339-20190723102400-snapshot.jpg
1,1,20190723,102430,79,5,789,675,847,736,Jul25_1/339-20190723102430-snapshot.jpg
1,1,20190723,102630,82,5,1228,944,1281,996,Jul25_1/339-20190723102630-snapshot.jpg
1,1,20190723,102700,82,5,488,968,548,1027,Jul25_1/339-20190723102700-snapshot.jpg
1,1,20190723,102900,84,6,1493,843,1546,926,Jul25_1/339-20190723102900-snapshot.jpg
1,1,20190723,103000,87,4,1193,946,1293,1029,Jul25_1/339-20190723103000-snapshot.jpg
1,1,20190723,103030,77,5,1261,936,1314,984,Jul25_1/339-20190723103030-snapshot.jpg
1,1,20190723,103130,46,5,1467,903,1529,964,Jul25_1/339-20190723103130-snapshot.jpg
1,1,20190723,103130,84,6,1564,366,1646,437,Jul25_1/339-20190723103130-snapshot.jpg
1,1,20190723,103200,73,5,1463,888,1524,948,Jul25_1/339-20190723103200-snapshot.jpg
1,1,20190723,103200,84,6,1559,360,1639,435,Jul25_1/339-20190723103200-snapshot.jpg
1,1,20190723,103400,65,6,1506,869,1564,943,Jul25_1/339-20190723103400-snapshot.jpg
1,1,20190723,103700,84,8,410,182,502,247,Jul25_1/339-20190723103700-snapshot.jpg
1,1,20190723,104500,84,6,1385,836,1437,912,Jul25_1/339-20190723104500-snapshot.jpg
1,1,20190723,104530,62,5,1041,189,1087,243,Jul25_1/339-20190723104530-snapshot.jpg
1,1,20190723,104600,26,6,1377,1044,1434,1080,Jul25_1/339-20190723104600-snapshot.jpg
1,1,20190723,104600,78,1,1205,541,1248,581,Jul25_1/339-20190723104600-snapshot.jpg
1,1,20190723,104630,83,6,1408,977,1467,1049,Jul25_1/339-20190723104630-snapshot.jpg
1,1,20190723,104630,85,1,1221,633,1263,675,Jul25_1/339-20190723104630-snapshot.jpg
1,1,20190723,104700,83,1,1218,630,1260,671,Jul25_1/339-20190723104700-snapshot.jpg
1,1,20190723,104700,83,6,1295,1002,1350,1073,Jul25_1/339-20190723104700-snapshot.jpg
1,1,20190723,104730,84,6,704,949,785,1014,Jul25_1/339-20190723104730-snapshot.jpg
1,1,20190723,104730,85,1,1220,633,1263,676,Jul25_1/339-20190723104730-snapshot.jpg
1,1,20190723,104800,86,1,1235,595,1283,633,Jul25_1/339-20190723104800-snapshot.jpg
1,1,20190723,105030,68,6,132,553,218,625,Jul25_1/339-20190723105030-snapshot.jpg
1,1,20190723,105030,75,5,145,917,201,964,Jul25_1/339-20190723105030-snapshot.jpg
1,1,20190723,105100,80,5,145,961,200,1027,Jul25_1/339-20190723105100-snapshot.jpg
1,1,20190723,105600,79,5,1012,188,1075,235,Jul25_1/339-20190723105600-snapshot.jpg
1,1,20190723,110300,83,1,124,800,172,843,Jul25_1/339-20190723110300-snapshot.jpg
1,1,20190723,110330,53,1,538,814,585,861,Jul25_1/339-20190723110330-snapshot.jpg
1,1,20190723,110330,66,5,1268,225,1333,276,Jul25_1/339-20190723110330-snapshot.jpg
1,1,20190723,110500,33,1,1128,1056,1175,1078,Jul25_1/339-20190723110500-snapshot.jpg
1,1,20190723,110800,82,1,45,386,89,421,Jul25_1/339-20190723110800-snapshot.jpg
1,1,20190723,111000,83,6,1379,1004,1457,1070,Jul25_1/339-20190723111000-snapshot.jpg
1,1,20190723,111030,79,6,1349,1027,1421,1080,Jul25_1/339-20190723111030-snapshot.jpg
1,1,20190723,111130,57,6,1412,1033,1464,1078,Jul25_1/339-20190723111130-snapshot.jpg
1,1,20190723,111230,83,6,538,335,593,403,Jul25_1/339-20190723111230-snapshot.jpg
1,1,20190723,111430,72,5,251,367,320,417,Jul25_1/339-20190723111430-snapshot.jpg
1,1,20190723,111930,87,1,310,526,358,582,Jul25_1/339-20190723111930-snapshot.jpg
1,1,20190723,112000,88,1,311,527,358,583,Jul25_1/339-20190723112000-snapshot.jpg
1,1,20190723,112030,88,1,312,523,363,582,Jul25_1/339-20190723112030-snapshot.jpg
1,1,20190723,112100,84,6,1499,849,1562,922,Jul25_1/339-20190723112100-snapshot.jpg
1,1,20190723,112100,87,1,312,529,359,581,Jul25_1/339-20190723112100-snapshot.jpg
1,1,20190723,112130,83,6,1436,949,1488,1032,Jul25_1/339-20190723112130-snapshot.jpg
1,1,20190723,112130,87,1,313,527,360,580,Jul25_1/339-20190723112130-snapshot.jpg
1,1,20190723,112200,87,1,329,584,374,631,Jul25_1/339-20190723112200-snapshot.jpg
1,1,20190723,112530,83,6,738,945,809,992,Jul25_1/339-20190723112530-snapshot.jpg
1,1,20190723,112630,33,5,1076,186,1120,229,Jul25_1/339-20190723112630-snapshot.jpg
1,1,20190723,113030,82,5,1476,1016,1534,1073,Jul25_1/339-20190723113030-snapshot.jpg
1,1,20190723,113230,68,5,350,832,406,867,Jul25_1/339-20190723113230-snapshot.jpg
1,1,20190723,113300,61,5,688,550,734,599,Jul25_1/339-20190723113300-snapshot.jpg
1,1,20190723,113300,82,1,1853,1009,1900,1049,Jul25_1/339-20190723113300-snapshot.jpg
1,1,20190723,113330,83,5,1492,851,1547,916,Jul25_1/339-20190723113330-snapshot.jpg
1,1,20190723,113530,85,1,679,1011,725,1054,Jul25_1/339-20190723113530-snapshot.jpg
1,1,20190723,113630,73,5,386,881,455,928,Jul25_1/339-20190723113630-snapshot.jpg
1,1,20190723,113630,87,1,1374,793,1431,869,Jul25_1/339-20190723113630-snapshot.jpg
1,1,20190723,113700,83,5,433,1010,491,1073,Jul25_1/339-20190723113700-snapshot.jpg
1,1,20190723,113700,88,1,1555,338,1603,389,Jul25_1/339-20190723113700-snapshot.jpg
1,1,20190723,113730,80,5,1242,869,1301,912,Jul25_1/339-20190723113730-snapshot.jpg
1,1,20190723,113800,72,5,1335,1025,1400,1065,Jul25_1/339-20190723113800-snapshot.jpg
1,1,20190723,113830,80,5,1275,978,1339,1020,Jul25_1/339-20190723113830-snapshot.jpg
1,1,20190723,113930,78,5,1278,938,1331,985,Jul25_1/339-20190723113930-snapshot.jpg
1,1,20190723,114930,49,5,1230,253,1281,314,Jul25_1/339-20190723114930-snapshot.jpg
1,1,20190723,115300,84,5,1010,587,1068,646,Jul25_1/339-20190723115300-snapshot.jpg
1,1,20190723,115330,77,5,262,946,331,993,Jul25_1/339-20190723115330-snapshot.jpg
1,1,20190723,115630,26,6,529,588,582,644,Jul25_1/339-20190723115630-snapshot.jpg
1,1,20190723,115630,43,5,529,587,583,643,Jul25_1/339-20190723115630-snapshot.jpg
1,1,20190723,115630,72,5,1414,1006,1466,1066,Jul25_1/339-20190723115630-snapshot.jpg
1,1,20190723,115700,75,6,1374,826,1419,895,Jul25_1/339-20190723115700-snapshot.jpg
1,1,20190723,115730,27,5,997,210,1047,273,Jul25_1/339-20190723115730-snapshot.jpg
1,1,20190723,115830,67,6,1338,1043,1392,1080,Jul25_1/339-20190723115830-snapshot.jpg
1,1,20190723,120400,82,6,331,845,391,919,Jul25_1/339-20190723120400-snapshot.jpg
1,1,20190723,120630,79,6,677,467,755,520,Jul25_1/339-20190723120630-snapshot.jpg
1,1,20190723,120700,71,6,1391,831,1445,900,Jul25_1/339-20190723120700-snapshot.jpg
1,1,20190723,120730,76,6,1028,183,1087,220,Jul25_1/339-20190723120730-snapshot.jpg
1,1,20190723,120800,82,6,1296,281,1380,339,Jul25_1/339-20190723120800-snapshot.jpg
1,1,20190723,120900,81,6,403,854,467,917,Jul25_1/339-20190723120900-snapshot.jpg
1,1,20190723,121930,86,5,1233,1024,1281,1079,Jul25_1/339-20190723121930-snapshot.jpg
1,1,20190723,122000,83,5,1422,1000,1476,1069,Jul25_1/339-20190723122000-snapshot.jpg
1,1,20190723,122100,81,5,389,885,438,945,Jul25_1/339-20190723122100-snapshot.jpg
1,1,20190723,122130,78,5,326,865,382,915,Jul25_1/339-20190723122130-snapshot.jpg
1,1,20190723,122230,84,5,339,834,391,896,Jul25_1/339-20190723122230-snapshot.jpg
1,1,20190723,122400,62,6,1521,858,1574,926,Jul25_1/339-20190723122400-snapshot.jpg
1,1,20190723,122430,86,6,1314,980,1363,1048,Jul25_1/339-20190723122430-snapshot.jpg
1,1,20190723,122500,82,6,1417,949,1474,1019,Jul25_1/339-20190723122500-snapshot.jpg
1,1,20190723,122530,83,6,1452,752,1503,831,Jul25_1/339-20190723122530-snapshot.jpg
1,1,20190723,122600,72,6,1410,789,1463,860,Jul25_1/339-20190723122600-snapshot.jpg
1,1,20190723,122800,59,5,1430,891,1506,941,Jul25_1/339-20190723122800-snapshot.jpg
1,1,20190723,123330,81,5,734,952,798,1001,Jul25_1/339-20190723123330-snapshot.jpg
1,1,20190723,123800,75,5,202,1007,274,1054,Jul25_1/339-20190723123800-snapshot.jpg
1,1,20190723,123930,55,5,1631,389,1689,436,Jul25_1/339-20190723123930-snapshot.jpg
1,1,20190723,124530,55,5,1463,926,1522,978,Jul25_1/339-20190723124530-snapshot.jpg
1,1,20190723,124800,67,6,419,909,468,976,Jul25_1/339-20190723124800-snapshot.jpg
1,1,20190723,124830,80,6,300,879,351,952,Jul25_1/339-20190723124830-snapshot.jpg
1,1,20190723,124830,83,5,1422,758,1480,815,Jul25_1/339-20190723124830-snapshot.jpg
1,1,20190723,124900,77,5,739,612,800,654,Jul25_1/339-20190723124900-snapshot.jpg
1,1,20190723,125000,51,6,1151,1028,1231,1076,Jul25_1/339-20190723125000-snapshot.jpg
1,1,20190723,125130,81,6,1408,1029,1476,1080,Jul25_1/339-20190723125130-snapshot.jpg
1,1,20190723,125500,65,6,1437,1011,1486,1078,Jul25_1/339-20190723125500-snapshot.jpg
1,1,20190723,125530,83,6,1410,1004,1486,1054,Jul25_1/339-20190723125530-snapshot.jpg
1,1,20190723,130200,79,5,1391,1038,1442,1080,Jul25_1/339-20190723130200-snapshot.jpg
1,1,20190723,130300,83,5,1408,788,1485,841,Jul25_1/339-20190723130300-snapshot.jpg
1,1,20190723,130830,72,5,1435,1021,1489,1078,Jul25_1/339-20190723130830-snapshot.jpg
1,1,20190723,130900,76,5,1290,932,1343,978,Jul25_1/339-20190723130900-snapshot.jpg
1,1,20190723,130930,81,5,1321,933,1389,984,Jul25_1/339-20190723130930-snapshot.jpg
1,1,20190723,131000,30,5,1415,1043,1462,1078,Jul25_1/339-20190723131000-snapshot.jpg
1,1,20190723,131030,79,5,1047,160,1096,207,Jul25_1/339-20190723131030-snapshot.jpg
1,1,20190723,131100,36,5,271,368,324,440,Jul25_1/339-20190723131100-snapshot.jpg
1,1,20190723,131230,82,5,1461,883,1520,954,Jul25_1/339-20190723131230-snapshot.jpg
1,1,20190723,131300,83,5,1304,990,1356,1054,Jul25_1/339-20190723131300-snapshot.jpg
1,1,20190723,131430,89,1,1445,648,1490,711,Jul25_1/339-20190723131430-snapshot.jpg
1,1,20190723,131500,37,1,1633,648,1674,684,Jul25_1/339-20190723131500-snapshot.jpg
1,1,20190723,131930,79,1,1410,231,1455,271,Jul25_1/339-20190723131930-snapshot.jpg
1,1,20190723,132000,86,1,1139,490,1183,533,Jul25_1/339-20190723132000-snapshot.jpg
1,1,20190723,132100,78,1,226,576,266,614,Jul25_1/339-20190723132100-snapshot.jpg
1,1,20190723,132530,61,5,1071,20,1125,59,Jul25_1/339-20190723132530-snapshot.jpg
1,1,20190723,133130,77,5,1278,980,1325,1035,Jul25_1/339-20190723133130-snapshot.jpg
1,1,20190723,133230,61,6,1429,1031,1499,1077,Jul25_1/339-20190723133230-snapshot.jpg
1,1,20190723,133300,50,5,698,261,743,299,Jul25_1/339-20190723133300-snapshot.jpg
1,1,20190723,133400,60,6,18,961,72,1015,Jul25_1/339-20190723133400-snapshot.jpg
1,1,20190723,133400,84,5,1430,787,1502,837,Jul25_1/339-20190723133400-snapshot.jpg
1,1,20190723,133730,30,5,1388,1037,1435,1079,Jul25_1/339-20190723133730-snapshot.jpg
1,1,20190723,133800,58,5,415,868,473,917,Jul25_1/339-20190723133800-snapshot.jpg
1,1,20190723,134300,88,1,704,987,746,1028,Jul25_1/339-20190723134300-snapshot.jpg
1,1,20190723,134330,34,5,1021,837,1066,874,Jul25_1/339-20190723134330-snapshot.jpg
1,1,20190723,134330,86,1,1417,715,1468,779,Jul25_1/339-20190723134330-snapshot.jpg
1,1,20190723,134600,38,5,377,885,432,935,Jul25_1/339-20190723134600-snapshot.jpg
1,1,20190723,134730,70,5,1280,848,1318,894,Jul25_1/339-20190723134730-snapshot.jpg
1,1,20190723,135030,83,5,1547,929,1609,999,Jul25_1/339-20190723135030-snapshot.jpg
1,1,20190723,135400,78,5,1387,772,1441,839,Jul25_1/339-20190723135400-snapshot.jpg
1,1,20190723,140600,81,5,1429,791,1484,845,Jul25_1/339-20190723140600-snapshot.jpg
1,1,20190723,142500,62,5,1056,207,1108,261,Jul25_1/339-20190723142500-snapshot.jpg
1,1,20190723,144500,69,2,216,906,276,977,Jul25_1/339-20190723144500-snapshot.jpg
1,1,20190723,145430,77,5,1415,794,1471,863,Jul25_1/339-20190723145430-snapshot.jpg
1,1,20190723,145500,78,5,737,970,814,1014,Jul25_1/339-20190723145500-snapshot.jpg
1,1,20190723,145530,44,5,1280,264,1338,312,Jul25_1/339-20190723145530-snapshot.jpg
1,1,20190723,150030,63,6,1218,989,1262,1051,Jul25_1/339-20190723150030-snapshot.jpg
1,1,20190723,150330,83,5,152,973,200,1029,Jul25_1/339-20190723150330-snapshot.jpg
1,1,20190723,150530,82,5,250,379,327,443,Jul25_1/339-20190723150530-snapshot.jpg
1,1,20190723,151000,67,5,387,30,471,103,Jul25_1/339-20190723151000-snapshot.jpg
1,1,20190723,151300,78,5,1044,18,1103,59,Jul25_1/339-20190723151300-snapshot.jpg
1,1,20190723,152430,78,1,1128,538,1178,590,Jul25_1/339-20190723152430-snapshot.jpg
1,1,20190723,152630,80,5,1030,134,1069,193,Jul25_1/339-20190723152630-snapshot.jpg
1,1,20190723,152730,69,5,1317,928,1372,970,Jul25_1/339-20190723152730-snapshot.jpg
1,1,20190723,153700,83,5,1413,919,1494,978,Jul25_1/339-20190723153700-snapshot.jpg
1,1,20190723,154300,77,5,148,893,228,944,Jul25_1/339-20190723154300-snapshot.jpg
1,1,20190723,154400,82,5,1471,1033,1547,1079,Jul25_1/339-20190723154400-snapshot.jpg
1,1,20190723,155200,67,5,1077,77,1124,135,Jul25_1/339-20190723155200-snapshot.jpg
1,1,20190723,155430,83,5,1297,948,1362,1026,Jul25_1/339-20190723155430-snapshot.jpg
1,1,20190723,155930,57,5,288,884,340,932,Jul25_1/339-20190723155930-snapshot.jpg
1,1,20190723,160500,79,5,1466,1004,1519,1059,Jul25_1/339-20190723160500-snapshot.jpg
1,1,20190723,160530,81,5,1351,918,1404,987,Jul25_1/339-20190723160530-snapshot.jpg
1,1,20190723,160830,46,5,1146,569,1198,632,Jul25_1/339-20190723160830-snapshot.jpg
1,1,20190723,161000,51,6,1411,878,1500,930,Jul25_1/339-20190723161000-snapshot.jpg
1,1,20190723,161030,72,6,1400,987,1459,1078,Jul25_1/339-20190723161030-snapshot.jpg
1,1,20190723,161430,84,5,946,118,993,181,Jul25_1/339-20190723161430-snapshot.jpg
1,1,20190723,161700,84,5,1375,784,1425,850,Jul25_1/339-20190723161700-snapshot.jpg
1,1,20190723,162500,28,1,1814,842,1856,873,Jul25_1/339-20190723162500-snapshot.jpg
1,1,20190723,162730,83,5,1426,913,1487,985,Jul25_1/339-20190723162730-snapshot.jpg
1,1,20190723,163500,80,6,1198,1034,1273,1078,Jul25_1/339-20190723163500-snapshot.jpg
1,1,20190723,163530,76,1,1533,604,1581,652,Jul25_1/339-20190723163530-snapshot.jpg
1,1,20190723,163800,73,1,1528,809,1571,857,Jul25_1/339-20190723163800-snapshot.jpg
1,1,20190723,163830,66,1,1522,825,1563,864,Jul25_1/339-20190723163830-snapshot.jpg
1,1,20190723,164500,35,1,1531,806,1573,848,Jul25_1/339-20190723164500-snapshot.jpg
1,1,20190723,164530,55,1,1533,805,1574,845,Jul25_1/339-20190723164530-snapshot.jpg
1,1,20190723,164530,61,5,1259,1023,1301,1079,Jul25_1/339-20190723164530-snapshot.jpg
1,1,20190723,164600,78,5,1272,1031,1327,1078,Jul25_1/339-20190723164600-snapshot.jpg
1,1,20190723,164630,63,1,1718,653,1764,699,Jul25_1/339-20190723164630-snapshot.jpg
1,1,20190723,164700,82,1,1269,882,1321,928,Jul25_1/339-20190723164700-snapshot.jpg
1,1,20190723,164830,78,1,1790,838,1834,878,Jul25_1/339-20190723164830-snapshot.jpg
1,1,20190723,165630,80,1,1376,657,1420,704,Jul25_1/339-20190723165630-snapshot.jpg
1,1,20190723,170500,79,5,1178,1027,1228,1071,Jul25_1/339-20190723170500-snapshot.jpg
1,1,20190723,171000,48,5,237,984,291,1025,Jul25_1/339-20190723171000-snapshot.jpg
1,1,20190723,172300,71,5,501,972,576,1023,Jul25_1/339-20190723172300-snapshot.jpg
1,1,20190723,172330,78,5,1238,870,1290,920,Jul25_1/339-20190723172330-snapshot.jpg
1,1,20190723,172500,58,5,801,760,850,810,Jul25_1/339-20190723172500-snapshot.jpg
1,1,20190723,172700,84,5,289,867,374,929,Jul25_1/339-20190723172700-snapshot.jpg
1,1,20190723,172730,81,5,1789,936,1853,1005,Jul25_1/339-20190723172730-snapshot.jpg
1,1,20190723,172800,82,5,1781,936,1868,992,Jul25_1/339-20190723172800-snapshot.jpg
1,1,20190723,172900,80,5,1874,640,1920,706,Jul25_1/339-20190723172900-snapshot.jpg
1,1,20190723,173300,85,5,976,89,1031,163,Jul25_1/339-20190723173300-snapshot.jpg
1,1,20190723,173500,83,5,518,769,593,838,Jul25_1/339-20190723173500-snapshot.jpg
1,1,20190723,173530,86,5,335,820,395,898,Jul25_1/339-20190723173530-snapshot.jpg
1,1,20190723,173600,84,5,423,903,508,963,Jul25_1/339-20190723173600-snapshot.jpg
1,1,20190723,173630,81,5,692,453,749,512,Jul25_1/339-20190723173630-snapshot.jpg
1,1,20190723,174130,63,5,1014,54,1067,123,Jul25_1/339-20190723174130-snapshot.jpg
1,1,20190723,174230,84,1,973,102,1019,142,Jul25_1/339-20190723174230-snapshot.jpg
1,1,20190723,174300,85,1,942,50,990,94,Jul25_1/339-20190723174300-snapshot.jpg
1,1,20190723,174330,32,1,1504,188,1546,231,Jul25_1/339-20190723174330-snapshot.jpg
1,1,20190723,174500,78,1,1561,27,1606,62,Jul25_1/339-20190723174500-snapshot.jpg
1,1,20190723,174530,66,1,1715,199,1753,234,Jul25_1/339-20190723174530-snapshot.jpg
1,1,20190723,174630,76,1,1173,13,1218,48,Jul25_1/339-20190723174630-snapshot.jpg
1,1,20190723,174730,82,1,1562,229,1611,267,Jul25_1/339-20190723174730-snapshot.jpg
1,1,20190723,174900,81,1,811,484,855,527,Jul25_1/339-20190723174900-snapshot.jpg
1,1,20190723,174930,76,5,1463,1037,1515,1078,Jul25_1/339-20190723174930-snapshot.jpg
1,1,20190723,175100,81,5,600,964,669,1012,Jul25_1/339-20190723175100-snapshot.jpg
1,1,20190723,175130,80,5,484,985,560,1035,Jul25_1/339-20190723175130-snapshot.jpg
1,1,20190723,181130,87,1,78,465,130,512,Jul25_1/339-20190723181130-snapshot.jpg
1,1,20190723,181400,68,6,1036,2,1085,50,Jul25_1/339-20190723181400-snapshot.jpg
1,1,20190723,181400,82,1,1268,721,1310,755,Jul25_1/339-20190723181400-snapshot.jpg
1,1,20190723,182300,84,5,747,901,803,968,Jul25_1/339-20190723182300-snapshot.jpg
1,1,20190723,182500,78,5,1070,1014,1146,1074,Jul25_1/339-20190723182500-snapshot.jpg
1,1,20190723,183100,84,1,966,908,1020,960,Jul25_1/339-20190723183100-snapshot.jpg
1,1,20190723,183200,87,1,1593,491,1648,553,Jul25_1/339-20190723183200-snapshot.jpg
1,1,20190723,184130,80,5,656,279,716,336,Jul25_1/339-20190723184130-snapshot.jpg
1,1,20190723,184230,82,5,1416,751,1491,811,Jul25_1/339-20190723184230-snapshot.jpg
1,1,20190723,185730,72,5,1428,736,1507,800,Jul25_1/339-20190723185730-snapshot.jpg
1,1,20190723,185800,59,6,1389,847,1442,910,Jul25_1/339-20190723185800-snapshot.jpg
1,1,20190723,185830,81,5,1348,871,1405,937,Jul25_1/339-20190723185830-snapshot.jpg
1,1,20190723,185900,78,5,1196,989,1245,1047,Jul25_1/339-20190723185900-snapshot.jpg
1,1,20190723,190000,71,6,1289,1038,1347,1080,Jul25_1/339-20190723190000-snapshot.jpg
1,1,20190723,190030,78,6,1358,962,1423,1039,Jul25_1/339-20190723190030-snapshot.jpg
1,1,20190723,190100,77,5,1308,995,1364,1064,Jul25_1/339-20190723190100-snapshot.jpg
1,1,20190723,190130,50,5,1221,981,1269,1051,Jul25_1/339-20190723190130-snapshot.jpg
1,1,20190723,190130,56,6,1221,982,1270,1051,Jul25_1/339-20190723190130-snapshot.jpg
1,1,20190723,190400,76,1,625,195,670,237,Jul25_1/339-20190723190400-snapshot.jpg
1,1,20190723,190430,86,1,1198,414,1247,464,Jul25_1/339-20190723190430-snapshot.jpg
1,1,20190723,190800,43,5,1339,901,1411,948,Jul25_1/339-20190723190800-snapshot.jpg
1,1,20190723,190800,63,6,1340,900,1411,948,Jul25_1/339-20190723190800-snapshot.jpg
1,1,20190723,190930,62,5,821,295,874,341,Jul25_1/339-20190723190930-snapshot.jpg
1,1,20190723,191000,65,5,672,464,722,521,Jul25_1/339-20190723191000-snapshot.jpg
1,1,20190723,191030,82,5,603,811,654,871,Jul25_1/339-20190723191030-snapshot.jpg
1,1,20190723,191230,73,1,1710,140,1758,182,Jul25_1/339-20190723191230-snapshot.jpg
1,1,20190723,191330,85,1,1359,736,1412,798,Jul25_1/339-20190723191330-snapshot.jpg
1,1,20190723,192430,86,1,608,171,658,223,Jul25_1/339-20190723192430-snapshot.jpg
1,1,20190723,192500,83,1,660,521,703,566,Jul25_1/339-20190723192500-snapshot.jpg
1,1,20190723,192530,85,1,703,736,755,792,Jul25_1/339-20190723192530-snapshot.jpg
1,1,20190723,193000,49,1,248,702,289,741,Jul25_1/339-20190723193000-snapshot.jpg
1,1,20190723,193530,84,5,1230,858,1282,922,Jul25_1/339-20190723193530-snapshot.jpg
1,1,20190723,193600,84,5,1291,1003,1346,1068,Jul25_1/339-20190723193600-snapshot.jpg
1,1,20190723,194230,86,6,263,359,351,419,Jul25_1/339-20190723194230-snapshot.jpg
1,1,20190723,194500,84,6,1450,694,1538,766,Jul25_1/339-20190723194500-snapshot.jpg
1,1,20190723,194530,84,6,1425,707,1514,799,Jul25_1/339-20190723194530-snapshot.jpg
1,1,20190723,194900,30,6,1416,937,1496,1006,Jul25_1/339-20190723194900-snapshot.jpg
1,1,20190723,195000,86,1,429,582,478,631,Jul25_1/339-20190723195000-snapshot.jpg
1,1,20190723,195030,86,1,451,588,497,632,Jul25_1/339-20190723195030-snapshot.jpg
1,1,20190723,195100,80,1,424,643,465,686,Jul25_1/339-20190723195100-snapshot.jpg
1,1,20190723,195230,89,1,149,141,200,193,Jul25_1/339-20190723195230-snapshot.jpg
1,1,20190723,195300,81,1,324,592,369,629,Jul25_1/339-20190723195300-snapshot.jpg
1,1,20190723,195330,88,1,450,894,503,952,Jul25_1/339-20190723195330-snapshot.jpg
1,1,20190723,195530,84,1,58,837,106,885,Jul25_1/339-20190723195530-snapshot.jpg
1,1,20190723,200230,90,1,742,1039,791,1079,Jul25_1/339-20190723200230-snapshot.jpg
1,1,20190723,200300,90,1,741,1039,790,1079,Jul25_1/339-20190723200300-snapshot.jpg
1,1,20190723,200330,89,1,742,1039,791,1079,Jul25_1/339-20190723200330-snapshot.jpg
1,1,20190723,200400,90,1,741,1037,790,1079,Jul25_1/339-20190723200400-snapshot.jpg
1,1,20190723,200430,89,1,739,979,788,1030,Jul25_1/339-20190723200430-snapshot.jpg
1,1,20190723,202300,88,1,58,186,117,255,Jul25_1/339-20190723202300-snapshot.jpg
1,1,20190723,202700,83,1,247,690,292,730,Jul25_1/339-20190723202700-snapshot.jpg
1,1,20190723,202730,77,5,173,962,223,1026,Jul25_1/339-20190723202730-snapshot.jpg
1,1,20190723,203000,28,1,0,763,34,808,Jul25_1/339-20190723203000-snapshot.jpg
1,1,20190723,203000,29,4,0,762,34,808,Jul25_1/339-20190723203000-snapshot.jpg
1,1,20190723,203030,81,1,56,740,104,787,Jul25_1/339-20190723203030-snapshot.jpg
1,1,20190723,203130,82,1,206,532,260,588,Jul25_1/339-20190723203130-snapshot.jpg
1,1,20190723,203200,85,1,276,738,334,800,Jul25_1/339-20190723203200-snapshot.jpg
1,1,20190723,203230,80,5,910,1035,962,1073,Jul25_1/339-20190723203230-snapshot.jpg
1,1,20190723,203530,50,1,263,347,305,387,Jul25_1/339-20190723203530-snapshot.jpg
1,1,20190723,203700,53,1,618,725,665,766,Jul25_1/339-20190723203700-snapshot.jpg
1,1,20190723,203730,85,1,1071,10,1114,46,Jul25_1/339-20190723203730-snapshot.jpg
1,1,20190723,203800,44,1,1209,366,1258,413,Jul25_1/339-20190723203800-snapshot.jpg
1,1,20190723,203800,86,1,824,210,869,254,Jul25_1/339-20190723203800-snapshot.jpg
1,1,20190723,203830,26,1,1050,219,1093,259,Jul25_1/339-20190723203830-snapshot.jpg
1,1,20190723,203830,87,1,1469,721,1520,775,Jul25_1/339-20190723203830-snapshot.jpg
1,1,20190723,203900,82,1,1306,1053,1345,1080,Jul25_1/339-20190723203900-snapshot.jpg
1,1,20190723,204000,80,1,155,100,199,142,Jul25_1/339-20190723204000-snapshot.jpg
1,1,20190723,204300,64,5,1488,1002,1544,1060,Jul25_1/339-20190723204300-snapshot.jpg
1,1,20190723,204400,83,1,379,33,431,82,Jul25_1/339-20190723204400-snapshot.jpg
1,1,20190723,204600,57,1,1651,140,1692,176,Jul25_1/339-20190723204600-snapshot.jpg
1,1,20190723,204630,84,1,1812,263,1859,305,Jul25_1/339-20190723204630-snapshot.jpg
1,1,20190723,204800,84,6,1391,772,1447,856,Jul25_1/339-20190723204800-snapshot.jpg
1,1,20190723,204900,82,6,1463,999,1539,1060,Jul25_1/339-20190723204900-snapshot.jpg
1,1,20190723,204930,87,6,1358,1005,1441,1066,Jul25_1/339-20190723204930-snapshot.jpg
1,1,20190723,205630,87,1,1157,203,1205,250,Jul25_1/339-20190723205630-snapshot.jpg
1,1,20190723,205700,82,1,1472,737,1518,784,Jul25_1/339-20190723205700-snapshot.jpg
1,1,20190723,205730,85,1,1550,830,1597,881,Jul25_1/339-20190723205730-snapshot.jpg
1,1,20190723,205800,77,1,1609,748,1658,799,Jul25_1/339-20190723205800-snapshot.jpg
1,1,20190723,205830,79,1,1622,893,1668,937,Jul25_1/339-20190723205830-snapshot.jpg
1,1,20190723,205930,85,6,1449,870,1535,938,Jul25_1/339-20190723205930-snapshot.jpg
1,1,20190723,210000,82,6,713,977,797,1042,Jul25_1/339-20190723210000-snapshot.jpg
1,1,20190723,210130,84,1,1722,895,1772,957,Jul25_1/339-20190723210130-snapshot.jpg
1,1,20190723,210430,74,1,1769,877,1810,905,Jul25_1/339-20190723210430-snapshot.jpg
1,1,20190723,210500,85,1,1831,913,1882,969,Jul25_1/339-20190723210500-snapshot.jpg
1,1,20190723,210600,70,1,1690,743,1732,776,Jul25_1/339-20190723210600-snapshot.jpg
1,1,20190723,210630,85,1,1856,612,1900,651,Jul25_1/339-20190723210630-snapshot.jpg
1,1,20190723,210700,84,6,1292,508,1373,581,Jul25_1/339-20190723210700-snapshot.jpg
1,1,20190723,210700,86,1,1710,931,1758,986,Jul25_1/339-20190723210700-snapshot.jpg
1,1,20190723,210730,42,1,1,204,40,250,Jul25_1/339-20190723210730-snapshot.jpg
1,1,20190723,210800,84,1,1267,826,1312,871,Jul25_1/339-20190723210800-snapshot.jpg
1,1,20190723,211530,85,1,1504,771,1549,815,Jul25_1/339-20190723211530-snapshot.jpg
1,1,20190723,211730,82,1,1289,704,1334,745,Jul25_1/339-20190723211730-snapshot.jpg
1,1,20190723,211900,84,1,1412,416,1462,466,Jul25_1/339-20190723211900-snapshot.jpg
1,1,20190723,212000,82,1,1099,656,1143,702,Jul25_1/339-20190723212000-snapshot.jpg
1,1,20190723,212030,87,1,1093,594,1141,650,Jul25_1/339-20190723212030-snapshot.jpg
1,1,20190723,212200,84,1,43,872,88,914,Jul25_1/339-20190723212200-snapshot.jpg
1,1,20190723,212230,77,1,196,852,243,895,Jul25_1/339-20190723212230-snapshot.jpg
1,1,20190723,212230,88,1,1009,795,1058,847,Jul25_1/339-20190723212230-snapshot.jpg
1,1,20190723,212300,85,1,932,683,978,735,Jul25_1/339-20190723212300-snapshot.jpg
1,1,20190723,212330,86,1,555,539,606,595,Jul25_1/339-20190723212330-snapshot.jpg
1,1,20190723,212400,85,1,492,610,540,656,Jul25_1/339-20190723212400-snapshot.jpg
1,1,20190723,212530,58,1,351,812,394,855,Jul25_1/339-20190723212530-snapshot.jpg
1,1,20190723,212600,85,1,383,841,438,905,Jul25_1/339-20190723212600-snapshot.jpg
1,1,20190724,043930,46,1,720,1014,770,1062,Jul25_1/347-20190724043930-snapshot.jpg
1,1,20190724,044000,77,1,751,1024,795,1064,Jul25_1/347-20190724044000-snapshot.jpg
1,1,20190724,044200,33,1,735,1033,781,1072,Jul25_1/347-20190724044200-snapshot.jpg
1,1,20190724,044230,82,1,725,1033,773,1077,Jul25_1/347-20190724044230-snapshot.jpg
1,1,20190724,044400,84,1,694,1045,739,1080,Jul25_1/347-20190724044400-snapshot.jpg
1,1,20190724,044430,55,1,684,1042,730,1079,Jul25_1/347-20190724044430-snapshot.jpg
1,1,20190724,044730,84,1,720,1026,769,1071,Jul25_1/347-20190724044730-snapshot.jpg
1,1,20190724,044800,87,1,706,1031,754,1076,Jul25_1/347-20190724044800-snapshot.jpg
1,1,20190724,044830,87,1,718,1040,764,1079,Jul25_1/347-20190724044830-snapshot.jpg
1,1,20190724,044900,27,1,744,1051,788,1079,Jul25_1/347-20190724044900-snapshot.jpg
1,1,20190724,044930,63,1,745,1052,789,1079,Jul25_1/347-20190724044930-snapshot.jpg
1,1,20190724,045000,73,1,745,1052,789,1079,Jul25_1/347-20190724045000-snapshot.jpg
1,1,20190724,045030,79,1,746,1050,791,1079,Jul25_1/347-20190724045030-snapshot.jpg
1,1,20190724,045100,82,1,746,1050,790,1079,Jul25_1/347-20190724045100-snapshot.jpg
1,1,20190724,045130,73,1,739,1051,786,1079,Jul25_1/347-20190724045130-snapshot.jpg
1,1,20190724,045200,81,1,748,1051,793,1079,Jul25_1/347-20190724045200-snapshot.jpg
1,1,20190724,045230,86,1,744,1045,789,1079,Jul25_1/347-20190724045230-snapshot.jpg
1,1,20190724,045300,88,1,747,1038,793,1079,Jul25_1/347-20190724045300-snapshot.jpg
1,1,20190724,045330,89,1,748,1029,796,1074,Jul25_1/347-20190724045330-snapshot.jpg
1,1,20190724,045400,91,1,749,1032,794,1077,Jul25_1/347-20190724045400-snapshot.jpg
1,1,20190724,045430,90,1,748,1028,795,1075,Jul25_1/347-20190724045430-snapshot.jpg
1,1,20190724,045500,91,1,748,1029,795,1076,Jul25_1/347-20190724045500-snapshot.jpg
1,1,20190724,045530,91,1,749,1029,796,1076,Jul25_1/347-20190724045530-snapshot.jpg
1,1,20190724,045600,90,1,747,1032,795,1078,Jul25_1/347-20190724045600-snapshot.jpg
1,1,20190724,045630,89,1,752,1029,798,1074,Jul25_1/347-20190724045630-snapshot.jpg
1,1,20190724,045700,91,1,749,1031,796,1077,Jul25_1/347-20190724045700-snapshot.jpg
1,1,20190724,045730,90,1,750,1030,796,1075,Jul25_1/347-20190724045730-snapshot.jpg
1,1,20190724,045800,90,1,747,1029,794,1075,Jul25_1/347-20190724045800-snapshot.jpg
1,1,20190724,045830,91,1,747,1028,794,1075,Jul25_1/347-20190724045830-snapshot.jpg
1,1,20190724,045900,90,1,749,1030,796,1075,Jul25_1/347-20190724045900-snapshot.jpg
1,1,20190724,045930,90,1,749,1027,794,1072,Jul25_1/347-20190724045930-snapshot.jpg
1,1,20190724,050000,91,1,749,1026,795,1072,Jul25_1/348-20190724050000-snapshot.jpg
1,1,20190724,050030,90,1,748,1028,793,1072,Jul25_1/348-20190724050030-snapshot.jpg
1,1,20190724,050100,90,1,748,1027,794,1071,Jul25_1/348-20190724050100-snapshot.jpg
1,1,20190724,050130,91,1,748,1027,794,1072,Jul25_1/348-20190724050130-snapshot.jpg
1,1,20190724,050200,90,1,748,1028,794,1072,Jul25_1/348-20190724050200-snapshot.jpg
1,1,20190724,050230,90,1,747,1027,794,1072,Jul25_1/348-20190724050230-snapshot.jpg
1,1,20190724,050300,90,1,748,1027,793,1072,Jul25_1/348-20190724050300-snapshot.jpg
1,1,20190724,050330,91,1,747,1028,793,1072,Jul25_1/348-20190724050330-snapshot.jpg
1,1,20190724,050400,90,1,748,1028,794,1072,Jul25_1/348-20190724050400-snapshot.jpg
1,1,20190724,050430,90,1,747,1028,793,1072,Jul25_1/348-20190724050430-snapshot.jpg
1,1,20190724,050500,90,1,748,1028,794,1072,Jul25_1/348-20190724050500-snapshot.jpg
1,1,20190724,050530,90,1,748,1027,794,1072,Jul25_1/348-20190724050530-snapshot.jpg
1,1,20190724,050600,90,1,748,1027,793,1072,Jul25_1/348-20190724050600-snapshot.jpg
1,1,20190724,050630,90,1,747,1028,793,1073,Jul25_1/348-20190724050630-snapshot.jpg
1,1,20190724,050700,90,1,747,1028,793,1073,Jul25_1/348-20190724050700-snapshot.jpg
1,1,20190724,050730,90,1,747,1027,793,1073,Jul25_1/348-20190724050730-snapshot.jpg
1,1,20190724,050800,90,1,747,1028,793,1072,Jul25_1/348-20190724050800-snapshot.jpg
1,1,20190724,050830,90,1,747,1027,793,1072,Jul25_1/348-20190724050830-snapshot.jpg
1,1,20190724,050900,90,1,746,1028,793,1072,Jul25_1/348-20190724050900-snapshot.jpg
1,1,20190724,050930,90,1,747,1028,793,1072,Jul25_1/348-20190724050930-snapshot.jpg
1,1,20190724,051000,91,1,747,1027,793,1072,Jul25_1/348-20190724051000-snapshot.jpg
1,1,20190724,051030,90,1,747,1028,794,1073,Jul25_1/348-20190724051030-snapshot.jpg
1,1,20190724,051100,91,1,746,1027,793,1072,Jul25_1/348-20190724051100-snapshot.jpg
1,1,20190724,051130,91,1,748,1027,794,1073,Jul25_1/348-20190724051130-snapshot.jpg
1,1,20190724,051200,90,1,749,1028,796,1073,Jul25_1/348-20190724051200-snapshot.jpg
1,1,20190724,051230,91,1,748,1027,795,1072,Jul25_1/348-20190724051230-snapshot.jpg
1,1,20190724,051300,91,1,748,1028,795,1073,Jul25_1/348-20190724051300-snapshot.jpg
1,1,20190724,051330,91,1,748,1027,795,1073,Jul25_1/348-20190724051330-snapshot.jpg
1,1,20190724,051400,91,1,748,1027,796,1073,Jul25_1/348-20190724051400-snapshot.jpg
1,1,20190724,051430,90,1,748,1027,795,1073,Jul25_1/348-20190724051430-snapshot.jpg
1,1,20190724,051500,91,1,748,1027,795,1073,Jul25_1/348-20190724051500-snapshot.jpg
1,1,20190724,051530,91,1,748,1030,795,1075,Jul25_1/348-20190724051530-snapshot.jpg
1,1,20190724,051600,91,1,749,1029,795,1074,Jul25_1/349-20190724051600-snapshot.jpg
1,1,20190724,051630,91,1,748,1030,795,1075,Jul25_1/349-20190724051630-snapshot.jpg
1,1,20190724,051700,91,1,748,1031,793,1075,Jul25_1/349-20190724051700-snapshot.jpg
1,1,20190724,051730,91,1,748,1031,793,1075,Jul25_1/349-20190724051730-snapshot.jpg
1,1,20190724,051800,90,1,747,1030,793,1075,Jul25_1/349-20190724051800-snapshot.jpg
1,1,20190724,051830,91,1,748,1031,794,1075,Jul25_1/349-20190724051830-snapshot.jpg
1,1,20190724,051900,91,1,748,1031,794,1075,Jul25_1/349-20190724051900-snapshot.jpg
1,1,20190724,051930,91,1,748,1031,793,1075,Jul25_1/350-20190724051930-snapshot.jpg
1,1,20190724,052000,91,1,748,1031,794,1075,Jul25_1/350-20190724052000-snapshot.jpg
1,1,20190724,052030,91,1,748,1031,794,1075,Jul25_1/350-20190724052030-snapshot.jpg
1,1,20190724,052100,91,1,748,1030,793,1074,Jul25_1/351-20190724052100-snapshot.jpg
1,1,20190724,052130,90,1,747,1031,793,1075,Jul25_1/351-20190724052130-snapshot.jpg
1,1,20190724,052200,91,1,748,1031,793,1075,Jul25_1/351-20190724052200-snapshot.jpg
1,1,20190724,052230,90,1,747,1031,793,1075,Jul25_1/352-20190724052230-snapshot.jpg
1,1,20190724,052300,91,1,747,1031,793,1075,Jul25_1/352-20190724052300-snapshot.jpg
1,1,20190724,052330,91,1,748,1030,793,1075,Jul25_1/352-20190724052330-snapshot.jpg
1,1,20190724,052400,91,1,748,1031,793,1075,Jul25_1/352-20190724052400-snapshot.jpg
1,1,20190724,052430,91,1,747,1030,793,1074,Jul25_1/352-20190724052430-snapshot.jpg
1,1,20190724,052500,91,1,747,1031,793,1074,Jul25_1/352-20190724052500-snapshot.jpg
1,1,20190724,052530,90,1,747,1031,793,1074,Jul25_1/353-20190724052530-snapshot.jpg
1,1,20190724,052600,91,1,747,1027,793,1073,Jul25_1/353-20190724052600-snapshot.jpg
1,1,20190724,052630,90,1,746,1028,793,1073,Jul25_1/353-20190724052630-snapshot.jpg
1,1,20190724,052700,90,1,746,1028,794,1073,Jul25_1/353-20190724052700-snapshot.jpg
1,1,20190724,052730,91,1,746,1027,795,1074,Jul25_1/353-20190724052730-snapshot.jpg
1,1,20190724,052800,91,1,746,1027,795,1074,Jul25_1/353-20190724052800-snapshot.jpg
1,1,20190724,052830,91,1,747,1029,794,1074,Jul25_1/353-20190724052830-snapshot.jpg
1,1,20190724,052900,90,1,752,1025,801,1074,Jul25_1/354-20190724052900-snapshot.jpg
1,1,20190724,052930,90,1,751,1022,800,1072,Jul25_1/354-20190724052930-snapshot.jpg
1,1,20190724,053000,89,1,755,1019,805,1069,Jul25_1/354-20190724053000-snapshot.jpg
1,1,20190724,053030,90,1,756,1015,808,1067,Jul25_1/354-20190724053030-snapshot.jpg
1,1,20190724,053100,88,1,755,1019,806,1067,Jul25_1/354-20190724053100-snapshot.jpg
1,1,20190724,053130,88,1,752,1026,800,1073,Jul25_1/354-20190724053130-snapshot.jpg
1,1,20190724,053200,88,1,749,1033,794,1075,Jul25_1/354-20190724053200-snapshot.jpg
1,1,20190724,053230,86,1,751,1035,794,1075,Jul25_1/354-20190724053230-snapshot.jpg
1,1,20190724,053300,86,1,748,1035,792,1075,Jul25_1/354-20190724053300-snapshot.jpg
1,1,20190724,053330,88,1,742,1034,789,1075,Jul25_1/354-20190724053330-snapshot.jpg
1,1,20190724,053400,89,1,734,1035,783,1077,Jul25_1/354-20190724053400-snapshot.jpg
1,1,20190724,053430,89,1,717,1034,766,1078,Jul25_1/354-20190724053430-snapshot.jpg
1,1,20190724,053500,88,1,703,1036,751,1079,Jul25_1/354-20190724053500-snapshot.jpg
1,1,20190724,053530,86,1,699,1037,748,1078,Jul25_1/354-20190724053530-snapshot.jpg
1,1,20190724,053600,88,1,694,1049,741,1080,Jul25_1/354-20190724053600-snapshot.jpg
1,1,20190724,053630,87,1,674,1050,721,1080,Jul25_1/354-20190724053630-snapshot.jpg
1,1,20190724,053700,81,1,648,1050,691,1080,Jul25_1/354-20190724053700-snapshot.jpg
1,1,20190724,053730,67,1,650,1054,693,1080,Jul25_1/354-20190724053730-snapshot.jpg
1,1,20190724,053930,89,1,751,1042,796,1079,Jul25_1/354-20190724053930-snapshot.jpg
1,1,20190724,054000,89,1,766,1026,814,1071,Jul25_1/354-20190724054000-snapshot.jpg
1,1,20190724,054030,85,1,783,1018,829,1063,Jul25_1/354-20190724054030-snapshot.jpg
1,1,20190724,054330,89,1,761,1002,811,1049,Jul25_1/354-20190724054330-snapshot.jpg
1,1,20190724,054400,89,1,770,990,818,1040,Jul25_1/354-20190724054400-snapshot.jpg
1,1,20190724,054430,86,1,744,1014,790,1053,Jul25_1/354-20190724054430-snapshot.jpg
1,1,20190724,054500,84,1,745,1008,791,1045,Jul25_1/354-20190724054500-snapshot.jpg
1,1,20190724,054530,89,1,778,980,830,1036,Jul25_1/354-20190724054530-snapshot.jpg
1,1,20190724,054600,90,1,791,981,842,1031,Jul25_1/354-20190724054600-snapshot.jpg
1,1,20190724,054630,92,1,802,977,853,1026,Jul25_1/354-20190724054630-snapshot.jpg
1,1,20190724,054700,90,1,796,970,850,1021,Jul25_1/354-20190724054700-snapshot.jpg
1,1,20190724,054730,90,1,798,972,850,1023,Jul25_1/354-20190724054730-snapshot.jpg
1,1,20190724,054800,90,1,798,971,850,1023,Jul25_1/354-20190724054800-snapshot.jpg
1,1,20190724,054830,90,1,798,972,851,1023,Jul25_1/354-20190724054830-snapshot.jpg
1,1,20190724,054900,90,1,799,972,850,1023,Jul25_1/354-20190724054900-snapshot.jpg
1,1,20190724,054930,90,1,798,972,850,1023,Jul25_1/355-20190724054930-snapshot.jpg
1,1,20190724,055000,90,1,798,973,850,1022,Jul25_1/355-20190724055000-snapshot.jpg
1,1,20190724,055030,90,1,804,977,855,1025,Jul25_1/355-20190724055030-snapshot.jpg
1,1,20190724,055100,92,1,794,977,846,1030,Jul25_1/355-20190724055100-snapshot.jpg
1,1,20190724,055130,91,1,796,970,846,1025,Jul25_1/355-20190724055130-snapshot.jpg
1,1,20190724,055200,90,1,791,928,842,985,Jul25_1/355-20190724055200-snapshot.jpg
1,1,20190724,055230,91,1,790,928,845,984,Jul25_1/355-20190724055230-snapshot.jpg
1,1,20190724,055300,91,1,789,920,848,983,Jul25_1/355-20190724055300-snapshot.jpg
1,1,20190724,055330,91,1,788,920,848,983,Jul25_1/355-20190724055330-snapshot.jpg
1,1,20190724,055400,91,1,788,920,848,983,Jul25_1/355-20190724055400-snapshot.jpg
1,1,20190724,055430,91,1,788,920,848,983,Jul25_1/355-20190724055430-snapshot.jpg
1,1,20190724,055500,91,1,788,920,848,983,Jul25_1/355-20190724055500-snapshot.jpg
1,1,20190724,055530,91,1,787,920,848,983,Jul25_1/355-20190724055530-snapshot.jpg
1,1,20190724,055600,91,1,789,921,846,982,Jul25_1/355-20190724055600-snapshot.jpg
1,1,20190724,055630,91,1,794,921,852,982,Jul25_1/355-20190724055630-snapshot.jpg
1,1,20190724,055700,90,1,792,924,852,984,Jul25_1/355-20190724055700-snapshot.jpg
1,1,20190724,055730,91,1,792,923,850,983,Jul25_1/355-20190724055730-snapshot.jpg
1,1,20190724,055800,90,1,794,923,854,984,Jul25_1/356-20190724055800-snapshot.jpg
1,1,20190724,055830,88,1,804,931,856,985,Jul25_1/356-20190724055830-snapshot.jpg
1,1,20190724,055900,90,1,799,925,850,978,Jul25_1/356-20190724055900-snapshot.jpg
1,1,20190724,055930,90,1,796,932,842,982,Jul25_1/356-20190724055930-snapshot.jpg
1,1,20190724,060000,91,1,786,924,833,978,Jul25_1/356-20190724060000-snapshot.jpg
1,1,20190724,060030,91,1,787,925,834,978,Jul25_1/356-20190724060030-snapshot.jpg
1,1,20190724,060100,91,1,787,926,835,979,Jul25_1/356-20190724060100-snapshot.jpg
1,1,20190724,060130,91,1,788,926,836,980,Jul25_1/356-20190724060130-snapshot.jpg
1,1,20190724,060200,91,1,788,926,834,979,Jul25_1/356-20190724060200-snapshot.jpg
1,1,20190724,060230,91,1,788,927,834,981,Jul25_1/356-20190724060230-snapshot.jpg
1,1,20190724,060300,91,1,788,928,834,981,Jul25_1/356-20190724060300-snapshot.jpg
1,1,20190724,060330,91,1,787,926,834,981,Jul25_1/356-20190724060330-snapshot.jpg
1,1,20190724,060400,91,1,788,928,834,981,Jul25_1/356-20190724060400-snapshot.jpg
1,1,20190724,060430,91,1,787,927,835,981,Jul25_1/356-20190724060430-snapshot.jpg
1,1,20190724,060500,92,1,787,927,834,981,Jul25_1/356-20190724060500-snapshot.jpg
1,1,20190724,060530,92,1,788,926,835,980,Jul25_1/356-20190724060530-snapshot.jpg
1,1,20190724,060600,92,1,786,928,833,981,Jul25_1/356-20190724060600-snapshot.jpg
1,1,20190724,060630,92,1,785,922,835,979,Jul25_1/356-20190724060630-snapshot.jpg
1,1,20190724,060700,92,1,785,922,836,979,Jul25_1/356-20190724060700-snapshot.jpg
1,1,20190724,060730,92,1,785,922,835,979,Jul25_1/356-20190724060730-snapshot.jpg
1,1,20190724,060800,92,1,785,922,836,979,Jul25_1/356-20190724060800-snapshot.jpg
1,1,20190724,060830,92,1,785,921,835,979,Jul25_1/356-20190724060830-snapshot.jpg
1,1,20190724,060900,92,1,785,921,835,979,Jul25_1/356-20190724060900-snapshot.jpg
1,1,20190724,060930,92,1,785,921,835,978,Jul25_1/356-20190724060930-snapshot.jpg
1,1,20190724,061000,92,1,785,921,835,979,Jul25_1/356-20190724061000-snapshot.jpg
1,1,20190724,061030,92,1,785,921,835,978,Jul25_1/356-20190724061030-snapshot.jpg
1,1,20190724,061100,92,1,785,923,835,979,Jul25_1/356-20190724061100-snapshot.jpg
1,1,20190724,061130,92,1,785,922,836,979,Jul25_1/356-20190724061130-snapshot.jpg
1,1,20190724,061200,92,1,786,923,836,979,Jul25_1/356-20190724061200-snapshot.jpg
1,1,20190724,061230,92,1,785,923,836,979,Jul25_1/356-20190724061230-snapshot.jpg
1,1,20190724,061300,92,1,786,922,836,979,Jul25_1/356-20190724061300-snapshot.jpg
1,1,20190724,061330,92,1,785,922,836,980,Jul25_1/356-20190724061330-snapshot.jpg
1,1,20190724,061400,92,1,786,923,835,979,Jul25_1/356-20190724061400-snapshot.jpg
1,1,20190724,061430,92,1,786,923,836,979,Jul25_1/356-20190724061430-snapshot.jpg
1,1,20190724,061500,92,1,786,923,836,980,Jul25_1/356-20190724061500-snapshot.jpg
1,1,20190724,061530,92,1,786,922,836,979,Jul25_1/356-20190724061530-snapshot.jpg
1,1,20190724,061600,92,1,786,923,836,980,Jul25_1/356-20190724061600-snapshot.jpg
1,1,20190724,061630,92,1,786,922,836,980,Jul25_1/356-20190724061630-snapshot.jpg
1,1,20190724,061700,92,1,786,922,836,979,Jul25_1/356-20190724061700-snapshot.jpg
1,1,20190724,061730,92,1,785,922,836,980,Jul25_1/356-20190724061730-snapshot.jpg
1,1,20190724,061800,92,1,786,922,836,980,Jul25_1/357-20190724061800-snapshot.jpg
1,1,20190724,061830,92,1,786,923,836,979,Jul25_1/357-20190724061830-snapshot.jpg
1,1,20190724,061900,92,1,786,923,836,980,Jul25_1/357-20190724061900-snapshot.jpg
1,1,20190724,061930,92,1,785,923,836,979,Jul25_1/357-20190724061930-snapshot.jpg
1,1,20190724,062000,92,1,785,922,836,979,Jul25_1/357-20190724062000-snapshot.jpg
1,1,20190724,062030,92,1,785,922,836,980,Jul25_1/357-20190724062030-snapshot.jpg
1,1,20190724,062100,92,1,784,922,836,979,Jul25_1/357-20190724062100-snapshot.jpg
1,1,20190724,062130,92,1,785,922,836,980,Jul25_1/357-20190724062130-snapshot.jpg
1,1,20190724,062200,92,1,785,921,836,979,Jul25_1/357-20190724062200-snapshot.jpg
1,1,20190724,062230,92,1,785,922,835,980,Jul25_1/357-20190724062230-snapshot.jpg
1,1,20190724,062300,92,1,785,922,835,979,Jul25_1/357-20190724062300-snapshot.jpg
1,1,20190724,062330,92,1,784,922,835,980,Jul25_1/357-20190724062330-snapshot.jpg
1,1,20190724,062400,92,1,785,922,836,979,Jul25_1/357-20190724062400-snapshot.jpg
1,1,20190724,062430,92,1,785,922,836,980,Jul25_1/357-20190724062430-snapshot.jpg
1,1,20190724,062500,92,1,785,922,835,980,Jul25_1/357-20190724062500-snapshot.jpg
1,1,20190724,062530,92,1,785,922,835,979,Jul25_1/357-20190724062530-snapshot.jpg
1,1,20190724,062600,91,1,783,925,834,981,Jul25_1/357-20190724062600-snapshot.jpg
1,1,20190724,062630,91,1,784,925,834,980,Jul25_1/357-20190724062630-snapshot.jpg
1,1,20190724,062700,91,1,782,925,833,982,Jul25_1/357-20190724062700-snapshot.jpg
1,1,20190724,062730,90,1,784,927,835,984,Jul25_1/357-20190724062730-snapshot.jpg
1,1,20190724,062800,91,1,789,927,841,983,Jul25_1/357-20190724062800-snapshot.jpg
1,1,20190724,062900,40,1,833,954,877,995,Jul25_1/357-20190724062900-snapshot.jpg
1,1,20190724,062930,84,1,826,952,870,994,Jul25_1/357-20190724062930-snapshot.jpg
1,1,20190724,063000,89,1,785,958,837,1009,Jul25_1/357-20190724063000-snapshot.jpg
1,1,20190724,063030,89,1,775,979,823,1023,Jul25_1/357-20190724063030-snapshot.jpg
1,1,20190724,063100,89,1,778,979,826,1023,Jul25_1/357-20190724063100-snapshot.jpg
1,1,20190724,063130,89,1,778,980,825,1023,Jul25_1/357-20190724063130-snapshot.jpg
1,1,20190724,063200,90,1,778,977,826,1023,Jul25_1/357-20190724063200-snapshot.jpg
1,1,20190724,063230,88,1,777,973,823,1019,Jul25_1/357-20190724063230-snapshot.jpg
1,1,20190724,063300,89,1,776,972,823,1019,Jul25_1/357-20190724063300-snapshot.jpg
1,1,20190724,063330,89,1,778,968,826,1017,Jul25_1/357-20190724063330-snapshot.jpg
1,1,20190724,063400,88,1,777,970,825,1018,Jul25_1/357-20190724063400-snapshot.jpg
1,1,20190724,063430,89,1,777,969,825,1018,Jul25_1/357-20190724063430-snapshot.jpg
1,1,20190724,063500,80,5,1022,62,1080,103,Jul25_1/357-20190724063500-snapshot.jpg
1,1,20190724,063500,88,1,777,971,825,1019,Jul25_1/357-20190724063500-snapshot.jpg
1,1,20190724,063530,88,1,777,970,826,1019,Jul25_1/357-20190724063530-snapshot.jpg
1,1,20190724,063600,88,1,777,969,827,1018,Jul25_1/357-20190724063600-snapshot.jpg
1,1,20190724,063630,88,1,779,975,825,1020,Jul25_1/357-20190724063630-snapshot.jpg
1,1,20190724,063700,90,1,780,977,828,1022,Jul25_1/357-20190724063700-snapshot.jpg
1,1,20190724,063730,89,1,778,975,826,1023,Jul25_1/357-20190724063730-snapshot.jpg
1,1,20190724,063800,89,1,780,975,828,1022,Jul25_1/357-20190724063800-snapshot.jpg
1,1,20190724,063830,88,1,779,975,828,1022,Jul25_1/357-20190724063830-snapshot.jpg
1,1,20190724,063900,90,1,780,976,827,1022,Jul25_1/357-20190724063900-snapshot.jpg
1,1,20190724,063930,89,1,778,973,828,1022,Jul25_1/357-20190724063930-snapshot.jpg
1,1,20190724,064000,88,1,779,974,828,1022,Jul25_1/358-20190724064000-snapshot.jpg
1,1,20190724,064030,89,1,778,974,824,1021,Jul25_1/358-20190724064030-snapshot.jpg
1,1,20190724,064100,88,1,777,974,825,1021,Jul25_1/358-20190724064100-snapshot.jpg
1,1,20190724,064130,89,1,777,975,823,1021,Jul25_1/358-20190724064130-snapshot.jpg
1,1,20190724,064200,89,1,776,975,823,1021,Jul25_1/358-20190724064200-snapshot.jpg
1,1,20190724,064230,90,1,776,976,824,1023,Jul25_1/358-20190724064230-snapshot.jpg
1,1,20190724,064300,90,1,777,974,824,1021,Jul25_1/358-20190724064300-snapshot.jpg
1,1,20190724,064330,88,1,778,977,825,1022,Jul25_1/358-20190724064330-snapshot.jpg
1,1,20190724,064400,90,1,801,1000,851,1053,Jul25_1/358-20190724064400-snapshot.jpg
1,1,20190724,064430,83,5,1256,7,1330,72,Jul25_1/358-20190724064430-snapshot.jpg
1,1,20190724,064430,88,1,844,1023,894,1070,Jul25_1/358-20190724064430-snapshot.jpg
1,1,20190724,064500,85,5,1253,6,1332,73,Jul25_1/358-20190724064500-snapshot.jpg
1,1,20190724,064500,88,1,848,1021,898,1066,Jul25_1/358-20190724064500-snapshot.jpg
1,1,20190724,064530,74,5,1265,6,1321,74,Jul25_1/358-20190724064530-snapshot.jpg
1,1,20190724,064530,87,1,846,1023,895,1068,Jul25_1/358-20190724064530-snapshot.jpg
1,1,20190724,064600,79,5,1266,4,1322,75,Jul25_1/358-20190724064600-snapshot.jpg
1,1,20190724,064600,88,1,847,1024,895,1067,Jul25_1/358-20190724064600-snapshot.jpg
1,1,20190724,064630,80,5,1265,6,1321,77,Jul25_1/358-20190724064630-snapshot.jpg
1,1,20190724,064630,87,1,847,1025,895,1069,Jul25_1/358-20190724064630-snapshot.jpg
1,1,20190724,064700,73,5,1274,5,1326,70,Jul25_1/358-20190724064700-snapshot.jpg
1,1,20190724,064700,88,1,856,1019,905,1064,Jul25_1/358-20190724064700-snapshot.jpg
1,1,20190724,064730,61,5,1292,5,1345,54,Jul25_1/358-20190724064730-snapshot.jpg
1,1,20190724,064730,87,1,842,1024,889,1072,Jul25_1/358-20190724064730-snapshot.jpg
1,1,20190724,064800,87,1,841,1034,886,1076,Jul25_1/358-20190724064800-snapshot.jpg
1,1,20190724,064830,88,1,868,1011,915,1055,Jul25_1/358-20190724064830-snapshot.jpg
1,1,20190724,064900,88,1,882,990,932,1033,Jul25_1/358-20190724064900-snapshot.jpg
1,1,20190724,064930,89,1,877,986,929,1034,Jul25_1/358-20190724064930-snapshot.jpg
1,1,20190724,065000,89,1,924,1014,973,1066,Jul25_1/358-20190724065000-snapshot.jpg
1,1,20190724,065030,42,5,1307,7,1374,45,Jul25_1/358-20190724065030-snapshot.jpg
1,1,20190724,065030,88,1,887,988,935,1030,Jul25_1/358-20190724065030-snapshot.jpg
1,1,20190724,065100,40,5,1303,6,1375,44,Jul25_1/358-20190724065100-snapshot.jpg
1,1,20190724,065130,87,1,952,925,999,973,Jul25_1/358-20190724065130-snapshot.jpg
1,1,20190724,065200,83,1,1042,951,1086,993,Jul25_1/358-20190724065200-snapshot.jpg
1,1,20190724,065230,84,1,1113,956,1161,998,Jul25_1/358-20190724065230-snapshot.jpg
1,1,20190724,065430,85,1,1072,1007,1117,1049,Jul25_1/358-20190724065430-snapshot.jpg
1,1,20190724,065500,83,1,1069,1008,1113,1046,Jul25_1/358-20190724065500-snapshot.jpg
1,1,20190724,065530,83,1,1068,1007,1112,1045,Jul25_1/358-20190724065530-snapshot.jpg
1,1,20190724,065600,84,1,1067,1007,1112,1045,Jul25_1/358-20190724065600-snapshot.jpg
1,1,20190724,065630,85,1,1068,1005,1114,1044,Jul25_1/358-20190724065630-snapshot.jpg
1,1,20190724,065700,81,1,1066,1009,1111,1043,Jul25_1/358-20190724065700-snapshot.jpg
1,1,20190724,065730,82,1,1068,1008,1113,1043,Jul25_1/358-20190724065730-snapshot.jpg
1,1,20190724,065800,84,1,1066,1007,1112,1044,Jul25_1/358-20190724065800-snapshot.jpg
1,1,20190724,065830,84,1,1065,1006,1110,1044,Jul25_1/358-20190724065830-snapshot.jpg
1,1,20190724,065900,84,1,1065,1008,1111,1044,Jul25_1/358-20190724065900-snapshot.jpg
1,1,20190724,065930,83,1,1065,1007,1111,1044,Jul25_1/358-20190724065930-snapshot.jpg
1,1,20190724,070000,85,1,1065,1007,1111,1045,Jul25_1/358-20190724070000-snapshot.jpg
1,1,20190724,070030,85,1,1063,1007,1109,1045,Jul25_1/358-20190724070030-snapshot.jpg
1,1,20190724,070100,83,1,1063,1009,1107,1045,Jul25_1/358-20190724070100-snapshot.jpg
1,1,20190724,070130,85,1,1078,990,1125,1037,Jul25_1/358-20190724070130-snapshot.jpg
1,1,20190724,070400,71,1,852,1036,891,1071,Jul25_1/358-20190724070400-snapshot.jpg
1,1,20190724,070430,88,1,816,983,871,1032,Jul25_1/358-20190724070430-snapshot.jpg
1,1,20190724,070500,89,1,778,977,826,1022,Jul25_1/358-20190724070500-snapshot.jpg
1,1,20190724,070530,90,1,777,976,826,1022,Jul25_1/358-20190724070530-snapshot.jpg
1,1,20190724,070600,89,1,776,974,824,1023,Jul25_1/358-20190724070600-snapshot.jpg
1,1,20190724,070630,90,1,776,975,825,1022,Jul25_1/358-20190724070630-snapshot.jpg
1,1,20190724,070700,90,1,776,974,824,1021,Jul25_1/358-20190724070700-snapshot.jpg
1,1,20190724,070730,90,1,776,973,825,1021,Jul25_1/358-20190724070730-snapshot.jpg
1,1,20190724,070800,89,1,777,972,824,1019,Jul25_1/358-20190724070800-snapshot.jpg
1,1,20190724,070830,90,1,776,974,824,1022,Jul25_1/358-20190724070830-snapshot.jpg
1,1,20190724,070900,89,1,775,978,823,1022,Jul25_1/358-20190724070900-snapshot.jpg
1,1,20190724,070930,90,1,775,979,823,1024,Jul25_1/358-20190724070930-snapshot.jpg
1,1,20190724,071000,90,1,775,979,822,1023,Jul25_1/358-20190724071000-snapshot.jpg
1,1,20190724,071030,89,1,775,980,823,1023,Jul25_1/358-20190724071030-snapshot.jpg
1,1,20190724,071100,89,1,775,979,822,1022,Jul25_1/358-20190724071100-snapshot.jpg
1,1,20190724,071130,90,1,775,979,823,1023,Jul25_1/358-20190724071130-snapshot.jpg
1,1,20190724,071200,90,1,775,978,822,1023,Jul25_1/358-20190724071200-snapshot.jpg
1,1,20190724,071230,90,1,775,976,823,1022,Jul25_1/358-20190724071230-snapshot.jpg
1,1,20190724,071300,90,1,775,977,822,1022,Jul25_1/358-20190724071300-snapshot.jpg
1,1,20190724,071330,90,1,775,977,822,1022,Jul25_1/358-20190724071330-snapshot.jpg
1,1,20190724,071400,90,1,775,977,823,1023,Jul25_1/358-20190724071400-snapshot.jpg
1,1,20190724,071430,90,1,774,977,823,1023,Jul25_1/358-20190724071430-snapshot.jpg
1,1,20190724,071500,90,1,774,976,823,1023,Jul25_1/358-20190724071500-snapshot.jpg
1,1,20190724,071530,90,1,775,976,822,1022,Jul25_1/358-20190724071530-snapshot.jpg
1,1,20190724,071600,90,1,775,976,823,1023,Jul25_1/358-20190724071600-snapshot.jpg
1,1,20190724,071630,90,1,775,976,823,1023,Jul25_1/358-20190724071630-snapshot.jpg
1,1,20190724,071700,90,1,775,977,823,1022,Jul25_1/358-20190724071700-snapshot.jpg
1,1,20190724,071730,90,1,775,977,823,1022,Jul25_1/358-20190724071730-snapshot.jpg
1,1,20190724,071800,90,1,775,977,824,1023,Jul25_1/358-20190724071800-snapshot.jpg
1,1,20190724,071830,90,1,775,976,823,1022,Jul25_1/358-20190724071830-snapshot.jpg
1,1,20190724,071900,90,1,776,977,823,1022,Jul25_1/358-20190724071900-snapshot.jpg
1,1,20190724,071930,90,1,775,976,822,1021,Jul25_1/358-20190724071930-snapshot.jpg
1,1,20190724,072000,90,1,776,976,822,1021,Jul25_1/358-20190724072000-snapshot.jpg
1,1,20190724,072030,90,1,776,977,823,1021,Jul25_1/358-20190724072030-snapshot.jpg
1,1,20190724,072100,90,1,775,977,823,1022,Jul25_1/358-20190724072100-snapshot.jpg
1,1,20190724,072130,90,1,774,977,823,1023,Jul25_1/358-20190724072130-snapshot.jpg
1,1,20190724,072200,90,1,775,976,823,1022,Jul25_1/358-20190724072200-snapshot.jpg
1,1,20190724,072230,90,1,775,976,823,1023,Jul25_1/358-20190724072230-snapshot.jpg
1,1,20190724,072300,90,1,775,977,823,1022,Jul25_1/358-20190724072300-snapshot.jpg
1,1,20190724,072330,90,1,775,976,823,1021,Jul25_1/358-20190724072330-snapshot.jpg
1,1,20190724,072400,90,1,774,977,823,1022,Jul25_1/358-20190724072400-snapshot.jpg
1,1,20190724,072430,90,1,775,977,823,1022,Jul25_1/358-20190724072430-snapshot.jpg
1,1,20190724,072500,90,1,775,977,823,1022,Jul25_1/358-20190724072500-snapshot.jpg
1,1,20190724,072530,89,1,775,977,823,1022,Jul25_1/358-20190724072530-snapshot.jpg
1,1,20190724,072600,89,1,775,977,823,1022,Jul25_1/358-20190724072600-snapshot.jpg
1,1,20190724,072630,89,1,775,977,823,1022,Jul25_1/358-20190724072630-snapshot.jpg
1,1,20190724,072700,90,1,774,977,822,1022,Jul25_1/358-20190724072700-snapshot.jpg
1,1,20190724,072730,90,1,775,977,822,1022,Jul25_1/358-20190724072730-snapshot.jpg
1,1,20190724,072800,90,1,775,977,823,1023,Jul25_1/358-20190724072800-snapshot.jpg
1,1,20190724,072830,90,1,775,977,823,1022,Jul25_1/358-20190724072830-snapshot.jpg
1,1,20190724,072900,90,1,774,977,823,1023,Jul25_1/358-20190724072900-snapshot.jpg
1,1,20190724,072930,90,1,775,977,823,1023,Jul25_1/358-20190724072930-snapshot.jpg
1,1,20190724,073000,90,1,774,977,823,1024,Jul25_1/358-20190724073000-snapshot.jpg
1,1,20190724,073030,90,1,775,977,823,1024,Jul25_1/358-20190724073030-snapshot.jpg
1,1,20190724,073100,90,1,775,977,824,1024,Jul25_1/358-20190724073100-snapshot.jpg
1,1,20190724,073130,91,1,774,978,823,1025,Jul25_1/358-20190724073130-snapshot.jpg
1,1,20190724,073200,91,1,775,978,825,1025,Jul25_1/358-20190724073200-snapshot.jpg
1,1,20190724,073230,90,1,777,978,826,1024,Jul25_1/358-20190724073230-snapshot.jpg
1,1,20190724,073300,88,1,779,976,826,1022,Jul25_1/358-20190724073300-snapshot.jpg
1,1,20190724,073330,88,1,780,977,827,1022,Jul25_1/358-20190724073330-snapshot.jpg
1,1,20190724,073400,87,1,779,977,826,1022,Jul25_1/358-20190724073400-snapshot.jpg
1,1,20190724,073430,87,1,779,977,828,1022,Jul25_1/358-20190724073430-snapshot.jpg
1,1,20190724,073500,86,1,779,973,829,1022,Jul25_1/358-20190724073500-snapshot.jpg
1,1,20190724,073530,81,1,781,972,829,1020,Jul25_1/358-20190724073530-snapshot.jpg
1,1,20190724,073600,80,1,780,972,830,1021,Jul25_1/358-20190724073600-snapshot.jpg
1,1,20190724,073630,81,1,779,972,829,1020,Jul25_1/358-20190724073630-snapshot.jpg
1,1,20190724,073700,74,1,779,969,829,1020,Jul25_1/358-20190724073700-snapshot.jpg
1,1,20190724,073730,81,1,775,966,828,1021,Jul25_1/358-20190724073730-snapshot.jpg
1,1,20190724,073800,84,1,777,963,829,1019,Jul25_1/358-20190724073800-snapshot.jpg
1,1,20190724,073830,85,1,777,961,830,1019,Jul25_1/358-20190724073830-snapshot.jpg
1,1,20190724,073900,86,1,780,960,832,1018,Jul25_1/358-20190724073900-snapshot.jpg
1,1,20190724,073930,88,1,781,956,834,1014,Jul25_1/358-20190724073930-snapshot.jpg
1,1,20190724,074000,87,1,781,956,835,1014,Jul25_1/358-20190724074000-snapshot.jpg
1,1,20190724,074030,87,1,782,955,836,1012,Jul25_1/358-20190724074030-snapshot.jpg
1,1,20190724,074100,87,1,782,954,836,1014,Jul25_1/358-20190724074100-snapshot.jpg
1,1,20190724,074130,85,1,779,956,833,1016,Jul25_1/358-20190724074130-snapshot.jpg
1,1,20190724,074200,81,1,778,959,831,1017,Jul25_1/358-20190724074200-snapshot.jpg
1,1,20190724,074230,81,1,779,957,833,1018,Jul25_1/358-20190724074230-snapshot.jpg
1,1,20190724,074300,82,1,779,958,832,1017,Jul25_1/358-20190724074300-snapshot.jpg
1,1,20190724,074330,82,1,779,958,832,1017,Jul25_1/358-20190724074330-snapshot.jpg
1,1,20190724,074400,81,1,780,957,833,1016,Jul25_1/358-20190724074400-snapshot.jpg
1,1,20190724,074430,80,1,781,957,833,1015,Jul25_1/358-20190724074430-snapshot.jpg
1,1,20190724,074500,81,1,780,956,833,1016,Jul25_1/358-20190724074500-snapshot.jpg
1,1,20190724,074530,81,1,780,957,832,1017,Jul25_1/358-20190724074530-snapshot.jpg
1,1,20190724,074600,79,1,780,956,833,1017,Jul25_1/358-20190724074600-snapshot.jpg
1,1,20190724,074630,80,1,780,956,832,1017,Jul25_1/358-20190724074630-snapshot.jpg
1,1,20190724,074700,80,1,779,962,830,1020,Jul25_1/358-20190724074700-snapshot.jpg
1,1,20190724,074730,64,1,779,961,831,1020,Jul25_1/358-20190724074730-snapshot.jpg
1,1,20190724,074800,75,1,781,963,833,1019,Jul25_1/358-20190724074800-snapshot.jpg
1,1,20190724,074830,85,1,780,957,833,1016,Jul25_1/358-20190724074830-snapshot.jpg
1,1,20190724,074900,81,1,777,975,825,1023,Jul25_1/358-20190724074900-snapshot.jpg
1,1,20190724,074930,37,1,785,972,829,1018,Jul25_1/358-20190724074930-snapshot.jpg
1,1,20190724,075000,71,1,783,962,834,1017,Jul25_1/358-20190724075000-snapshot.jpg
1,1,20190724,075030,72,1,779,974,825,1020,Jul25_1/358-20190724075030-snapshot.jpg
1,1,20190724,075100,38,1,781,968,827,1018,Jul25_1/358-20190724075100-snapshot.jpg
1,1,20190724,075130,32,1,783,973,828,1019,Jul25_1/358-20190724075130-snapshot.jpg
1,1,20190724,075200,46,1,781,971,827,1019,Jul25_1/358-20190724075200-snapshot.jpg
1,1,20190724,075230,71,1,781,977,826,1021,Jul25_1/358-20190724075230-snapshot.jpg
1,1,20190724,075300,66,1,780,971,826,1019,Jul25_1/358-20190724075300-snapshot.jpg
1,1,20190724,075330,66,1,779,971,826,1019,Jul25_1/358-20190724075330-snapshot.jpg
1,1,20190724,075400,62,1,780,971,825,1018,Jul25_1/358-20190724075400-snapshot.jpg
1,1,20190724,075430,69,1,779,971,826,1019,Jul25_1/358-20190724075430-snapshot.jpg
1,1,20190724,075500,68,1,779,971,826,1019,Jul25_1/358-20190724075500-snapshot.jpg
1,1,20190724,075530,72,1,779,971,825,1018,Jul25_1/358-20190724075530-snapshot.jpg
1,1,20190724,075600,64,1,779,971,826,1020,Jul25_1/358-20190724075600-snapshot.jpg
1,1,20190724,075630,72,1,780,971,826,1018,Jul25_1/358-20190724075630-snapshot.jpg
1,1,20190724,075700,67,1,780,970,826,1018,Jul25_1/358-20190724075700-snapshot.jpg
1,1,20190724,075730,66,1,781,970,827,1018,Jul25_1/358-20190724075730-snapshot.jpg
1,1,20190724,075800,71,1,780,970,827,1018,Jul25_1/358-20190724075800-snapshot.jpg
1,1,20190724,075830,73,1,781,971,827,1018,Jul25_1/358-20190724075830-snapshot.jpg
1,1,20190724,075900,72,1,780,973,826,1018,Jul25_1/358-20190724075900-snapshot.jpg
1,1,20190724,075930,70,1,780,971,826,1018,Jul25_1/358-20190724075930-snapshot.jpg
1,1,20190724,080000,69,1,780,971,828,1018,Jul25_1/358-20190724080000-snapshot.jpg
1,1,20190724,080030,68,1,780,972,828,1018,Jul25_1/358-20190724080030-snapshot.jpg
1,1,20190724,080100,74,1,781,971,828,1018,Jul25_1/358-20190724080100-snapshot.jpg
1,1,20190724,080130,68,1,784,971,830,1018,Jul25_1/358-20190724080130-snapshot.jpg
1,1,20190724,080200,66,1,781,970,829,1018,Jul25_1/358-20190724080200-snapshot.jpg
1,1,20190724,080230,70,1,781,968,829,1018,Jul25_1/358-20190724080230-snapshot.jpg
1,1,20190724,080300,67,1,782,972,829,1018,Jul25_1/358-20190724080300-snapshot.jpg
1,1,20190724,080330,57,1,780,970,828,1018,Jul25_1/358-20190724080330-snapshot.jpg
1,1,20190724,080400,61,1,780,972,827,1018,Jul25_1/358-20190724080400-snapshot.jpg
1,1,20190724,080430,75,1,777,974,823,1020,Jul25_1/358-20190724080430-snapshot.jpg
1,1,20190724,080500,79,1,778,973,823,1019,Jul25_1/358-20190724080500-snapshot.jpg
1,1,20190724,080530,80,1,778,976,823,1020,Jul25_1/358-20190724080530-snapshot.jpg
1,1,20190724,080600,78,1,778,972,825,1020,Jul25_1/358-20190724080600-snapshot.jpg
1,1,20190724,080630,81,1,778,975,823,1020,Jul25_1/358-20190724080630-snapshot.jpg
1,1,20190724,080700,73,1,777,974,822,1020,Jul25_1/358-20190724080700-snapshot.jpg
1,1,20190724,080730,69,1,777,975,823,1020,Jul25_1/358-20190724080730-snapshot.jpg
1,1,20190724,080800,39,1,778,973,823,1018,Jul25_1/358-20190724080800-snapshot.jpg
1,1,20190724,080830,69,1,777,974,823,1019,Jul25_1/358-20190724080830-snapshot.jpg
1,1,20190724,080900,76,1,778,973,825,1020,Jul25_1/358-20190724080900-snapshot.jpg
1,1,20190724,080930,68,1,784,966,831,1017,Jul25_1/358-20190724080930-snapshot.jpg
1,1,20190724,081030,83,1,777,967,829,1021,Jul25_1/358-20190724081030-snapshot.jpg
1,1,20190724,081100,85,1,766,989,815,1037,Jul25_1/358-20190724081100-snapshot.jpg
1,1,20190724,081130,83,1,775,983,823,1032,Jul25_1/358-20190724081130-snapshot.jpg
1,1,20190724,081200,84,1,775,982,824,1032,Jul25_1/358-20190724081200-snapshot.jpg
1,1,20190724,081230,85,1,775,981,824,1032,Jul25_1/358-20190724081230-snapshot.jpg
1,1,20190724,081300,84,1,775,981,825,1033,Jul25_1/358-20190724081300-snapshot.jpg
1,1,20190724,081330,81,1,777,982,826,1033,Jul25_1/358-20190724081330-snapshot.jpg
1,1,20190724,081400,80,1,777,982,826,1032,Jul25_1/358-20190724081400-snapshot.jpg
1,1,20190724,081430,82,1,777,981,826,1032,Jul25_1/358-20190724081430-snapshot.jpg
1,1,20190724,081500,84,1,776,980,828,1034,Jul25_1/358-20190724081500-snapshot.jpg
1,1,20190724,081530,85,1,777,979,830,1034,Jul25_1/358-20190724081530-snapshot.jpg
1,1,20190724,081600,85,1,776,979,830,1034,Jul25_1/358-20190724081600-snapshot.jpg
1,1,20190724,081630,86,1,781,977,834,1031,Jul25_1/358-20190724081630-snapshot.jpg
1,1,20190724,081700,86,1,781,976,834,1030,Jul25_1/358-20190724081700-snapshot.jpg
1,1,20190724,081730,86,1,781,976,834,1030,Jul25_1/358-20190724081730-snapshot.jpg
1,1,20190724,081800,88,1,777,979,831,1033,Jul25_1/358-20190724081800-snapshot.jpg
1,1,20190724,081830,89,1,776,984,829,1036,Jul25_1/358-20190724081830-snapshot.jpg
1,1,20190724,081900,89,1,779,984,831,1035,Jul25_1/358-20190724081900-snapshot.jpg
1,1,20190724,081930,89,1,779,984,829,1033,Jul25_1/358-20190724081930-snapshot.jpg
1,1,20190724,082000,89,1,776,984,830,1035,Jul25_1/358-20190724082000-snapshot.jpg
1,1,20190724,082030,89,1,776,985,830,1036,Jul25_1/358-20190724082030-snapshot.jpg
1,1,20190724,082100,90,1,784,978,836,1031,Jul25_1/358-20190724082100-snapshot.jpg
1,1,20190724,082130,90,1,778,989,833,1040,Jul25_1/358-20190724082130-snapshot.jpg
1,1,20190724,082200,90,1,777,986,831,1037,Jul25_1/358-20190724082200-snapshot.jpg
1,1,20190724,082230,89,1,790,982,840,1027,Jul25_1/358-20190724082230-snapshot.jpg
1,1,20190724,082300,88,1,802,986,850,1031,Jul25_1/358-20190724082300-snapshot.jpg
1,1,20190724,082330,89,1,802,985,850,1030,Jul25_1/358-20190724082330-snapshot.jpg
1,1,20190724,082400,89,1,803,985,850,1030,Jul25_1/358-20190724082400-snapshot.jpg
1,1,20190724,082430,88,1,803,985,850,1030,Jul25_1/358-20190724082430-snapshot.jpg
1,1,20190724,082500,88,1,802,985,849,1030,Jul25_1/358-20190724082500-snapshot.jpg
1,1,20190724,082530,88,1,802,984,849,1029,Jul25_1/358-20190724082530-snapshot.jpg
1,1,20190724,082600,88,1,803,984,850,1030,Jul25_1/358-20190724082600-snapshot.jpg
1,1,20190724,082630,88,1,802,985,849,1030,Jul25_1/358-20190724082630-snapshot.jpg
1,1,20190724,082700,88,1,803,985,849,1030,Jul25_1/358-20190724082700-snapshot.jpg
1,1,20190724,082730,81,1,390,694,429,731,Jul25_1/358-20190724082730-snapshot.jpg
1,1,20190724,082730,89,1,801,981,849,1025,Jul25_1/358-20190724082730-snapshot.jpg
1,1,20190724,082800,83,1,811,621,852,657,Jul25_1/358-20190724082800-snapshot.jpg
1,1,20190724,082800,88,1,802,983,850,1027,Jul25_1/358-20190724082800-snapshot.jpg
1,1,20190724,082830,82,1,810,623,852,659,Jul25_1/358-20190724082830-snapshot.jpg
1,1,20190724,082830,89,1,801,982,850,1027,Jul25_1/358-20190724082830-snapshot.jpg
1,1,20190724,082900,89,1,799,981,849,1027,Jul25_1/358-20190724082900-snapshot.jpg
1,1,20190724,082930,89,1,797,980,848,1025,Jul25_1/358-20190724082930-snapshot.jpg
1,1,20190724,083000,89,1,798,981,849,1026,Jul25_1/358-20190724083000-snapshot.jpg
1,1,20190724,083030,88,1,798,979,849,1026,Jul25_1/358-20190724083030-snapshot.jpg
1,1,20190724,083100,89,1,816,1030,863,1076,Jul25_1/358-20190724083100-snapshot.jpg
1,1,20190724,083530,84,1,141,608,187,650,Jul25_1/358-20190724083530-snapshot.jpg
1,1,20190724,083600,85,1,140,605,188,650,Jul25_1/358-20190724083600-snapshot.jpg
1,1,20190724,083630,67,1,0,829,22,866,Jul25_1/358-20190724083630-snapshot.jpg
1,1,20190724,091430,32,1,683,429,726,468,Jul25_1/358-20190724091430-snapshot.jpg
1,1,20190724,091730,83,1,614,65,668,124,Jul25_1/358-20190724091730-snapshot.jpg
1,1,20190724,091900,32,1,677,179,720,216,Jul25_1/358-20190724091900-snapshot.jpg
1,1,20190724,092000,85,1,600,119,648,163,Jul25_1/358-20190724092000-snapshot.jpg
1,1,20190724,092100,80,1,798,131,839,171,Jul25_1/358-20190724092100-snapshot.jpg
1,1,20190724,092100,87,1,1354,699,1405,757,Jul25_1/358-20190724092100-snapshot.jpg
1,1,20190724,092130,83,1,806,49,856,99,Jul25_1/358-20190724092130-snapshot.jpg
1,1,20190724,092230,78,5,1259,1018,1303,1067,Jul25_1/358-20190724092230-snapshot.jpg
1,1,20190724,092230,84,1,1166,10,1212,48,Jul25_1/358-20190724092230-snapshot.jpg
1,1,20190724,092430,68,1,895,0,940,31,Jul25_1/358-20190724092430-snapshot.jpg
1,1,20190724,093130,86,1,1040,476,1091,527,Jul25_1/358-20190724093130-snapshot.jpg
1,1,20190724,093200,74,1,1217,571,1261,610,Jul25_1/358-20190724093200-snapshot.jpg
1,1,20190724,093230,74,1,1217,570,1259,607,Jul25_1/358-20190724093230-snapshot.jpg
1,1,20190724,093300,86,1,1210,579,1259,624,Jul25_1/358-20190724093300-snapshot.jpg
1,1,20190724,093400,87,1,1167,608,1217,653,Jul25_1/358-20190724093400-snapshot.jpg
1,1,20190724,094130,87,1,1818,740,1867,791,Jul25_1/358-20190724094130-snapshot.jpg
1,1,20190724,100000,81,5,594,820,647,885,Jul25_1/358-20190724100000-snapshot.jpg
1,1,20190724,100030,74,5,974,6,1029,45,Jul25_1/358-20190724100030-snapshot.jpg
1,1,20190724,100530,84,5,1380,766,1440,829,Jul25_1/358-20190724100530-snapshot.jpg
1,1,20190724,101900,77,5,1472,1029,1543,1077,Jul25_1/358-20190724101900-snapshot.jpg
1,1,20190724,101930,81,5,1198,1016,1263,1078,Jul25_1/358-20190724101930-snapshot.jpg
1,1,20190724,102900,84,5,1378,839,1437,906,Jul25_1/358-20190724102900-snapshot.jpg
1,1,20190724,102930,82,5,302,835,354,897,Jul25_1/358-20190724102930-snapshot.jpg
1,1,20190724,103000,87,4,516,779,602,874,Jul25_1/358-20190724103000-snapshot.jpg
1,1,20190724,105700,80,5,488,970,558,1026,Jul25_1/358-20190724105700-snapshot.jpg
1,1,20190724,110600,56,5,1846,196,1906,260,Jul25_1/358-20190724110600-snapshot.jpg
1,1,20190724,111400,78,5,1306,1012,1356,1072,Jul25_1/358-20190724111400-snapshot.jpg
1,1,20190724,111430,74,5,1278,977,1327,1029,Jul25_1/358-20190724111430-snapshot.jpg
1,1,20190724,111500,77,5,1418,923,1491,984,Jul25_1/358-20190724111500-snapshot.jpg
1,1,20190724,111630,75,5,1275,988,1333,1036,Jul25_1/358-20190724111630-snapshot.jpg
1,1,20190724,111730,86,1,821,442,870,483,Jul25_1/358-20190724111730-snapshot.jpg
1,1,20190724,111800,74,1,1389,495,1434,534,Jul25_1/358-20190724111800-snapshot.jpg
1,1,20190724,111900,72,5,1793,996,1879,1055,Jul25_1/358-20190724111900-snapshot.jpg
1,1,20190724,112030,79,5,899,1022,943,1072,Jul25_1/358-20190724112030-snapshot.jpg
1,1,20190724,112400,66,5,182,942,231,980,Jul25_1/358-20190724112400-snapshot.jpg
1,1,20190724,112530,73,5,199,901,251,954,Jul25_1/358-20190724112530-snapshot.jpg
1,1,20190724,112600,79,1,778,166,817,200,Jul25_1/358-20190724112600-snapshot.jpg
1,1,20190724,112830,80,5,1465,839,1532,896,Jul25_1/358-20190724112830-snapshot.jpg
1,1,20190724,113930,63,4,1442,93,1526,234,Jul25_1/358-20190724113930-snapshot.jpg
1,1,20190724,114100,82,1,825,627,866,665,Jul25_1/358-20190724114100-snapshot.jpg
1,1,20190724,115130,67,5,1459,1011,1520,1059,Jul25_1/358-20190724115130-snapshot.jpg
1,1,20190724,115300,64,5,1378,1033,1425,1080,Jul25_1/358-20190724115300-snapshot.jpg
1,1,20190724,115500,42,5,1034,20,1081,73,Jul25_1/358-20190724115500-snapshot.jpg
1,1,20190724,115530,64,5,955,21,1001,64,Jul25_1/358-20190724115530-snapshot.jpg
1,1,20190724,115930,82,5,1285,950,1332,1013,Jul25_1/358-20190724115930-snapshot.jpg
1,1,20190724,120400,84,5,467,996,521,1064,Jul25_1/358-20190724120400-snapshot.jpg
1,1,20190724,120700,76,8,592,24,703,93,Jul25_1/358-20190724120700-snapshot.jpg
1,1,20190724,120830,81,5,1439,992,1516,1041,Jul25_1/358-20190724120830-snapshot.jpg
1,1,20190724,121200,85,5,216,900,299,954,Jul25_1/358-20190724121200-snapshot.jpg
1,1,20190724,121230,78,5,1521,884,1577,956,Jul25_1/358-20190724121230-snapshot.jpg
1,1,20190724,121930,76,5,244,986,293,1049,Jul25_1/358-20190724121930-snapshot.jpg
1,1,20190724,122900,35,6,792,850,864,896,Jul25_1/358-20190724122900-snapshot.jpg
1,1,20190724,123730,85,5,1381,754,1439,817,Jul25_1/358-20190724123730-snapshot.jpg
1,1,20190724,125200,70,5,1067,1043,1142,1080,Jul25_1/358-20190724125200-snapshot.jpg
1,1,20190724,130130,72,6,1440,1043,1507,1079,Jul25_1/358-20190724130130-snapshot.jpg
1,1,20190724,131200,83,5,1384,884,1450,941,Jul25_1/358-20190724131200-snapshot.jpg
1,1,20190724,131930,70,5,126,1016,176,1071,Jul25_1/358-20190724131930-snapshot.jpg
1,1,20190724,132800,83,5,1368,883,1456,942,Jul25_1/358-20190724132800-snapshot.jpg
1,1,20190724,134100,71,5,586,952,652,1003,Jul25_1/358-20190724134100-snapshot.jpg
1,1,20190724,135500,79,5,1220,885,1278,952,Jul25_1/358-20190724135500-snapshot.jpg
1,1,20190724,135600,83,5,1517,864,1594,938,Jul25_1/358-20190724135600-snapshot.jpg
1,1,20190724,135700,84,5,1498,852,1580,906,Jul25_1/358-20190724135700-snapshot.jpg
1,1,20190724,135730,84,5,1480,996,1556,1053,Jul25_1/358-20190724135730-snapshot.jpg
1,1,20190724,140630,83,5,1481,1006,1561,1062,Jul25_1/358-20190724140630-snapshot.jpg
1,1,20190724,141430,85,5,1519,843,1592,918,Jul25_1/358-20190724141430-snapshot.jpg
1,1,20190724,142430,79,1,1867,252,1912,289,Jul25_1/358-20190724142430-snapshot.jpg
1,1,20190724,142700,79,5,381,800,443,851,Jul25_1/358-20190724142700-snapshot.jpg
1,1,20190724,142830,84,6,1230,1024,1306,1073,Jul25_1/358-20190724142830-snapshot.jpg
1,1,20190724,142900,83,6,1356,747,1438,811,Jul25_1/358-20190724142900-snapshot.jpg
1,1,20190724,142930,83,6,1415,924,1497,992,Jul25_1/358-20190724142930-snapshot.jpg
1,1,20190724,143400,64,5,22,954,76,1009,Jul25_1/358-20190724143400-snapshot.jpg
1,1,20190724,143400,79,6,1408,1035,1483,1080,Jul25_1/358-20190724143400-snapshot.jpg
1,1,20190724,143500,27,5,1047,27,1095,68,Jul25_1/358-20190724143500-snapshot.jpg
1,1,20190724,143600,83,5,1242,977,1301,1036,Jul25_1/358-20190724143600-snapshot.jpg
1,1,20190724,144130,84,6,1537,854,1622,915,Jul25_1/358-20190724144130-snapshot.jpg
1,1,20190724,144200,83,6,1457,992,1536,1067,Jul25_1/358-20190724144200-snapshot.jpg
1,1,20190724,144230,32,1,1435,280,1479,319,Jul25_1/358-20190724144230-snapshot.jpg
1,1,20190724,145330,60,5,353,814,401,864,Jul25_1/358-20190724145330-snapshot.jpg
1,1,20190724,145900,84,5,1506,870,1567,945,Jul25_1/358-20190724145900-snapshot.jpg
1,1,20190724,150130,83,5,304,883,356,938,Jul25_1/358-20190724150130-snapshot.jpg
1,1,20190724,150400,82,6,1196,1014,1264,1067,Jul25_1/358-20190724150400-snapshot.jpg
1,1,20190724,151000,87,5,1471,1012,1549,1064,Jul25_1/358-20190724151000-snapshot.jpg
1,1,20190724,151500,85,5,325,871,375,937,Jul25_1/358-20190724151500-snapshot.jpg
1,1,20190724,151700,64,5,61,872,120,944,Jul25_1/358-20190724151700-snapshot.jpg
1,1,20190724,151700,83,5,1304,872,1371,927,Jul25_1/358-20190724151700-snapshot.jpg
1,1,20190724,151730,84,5,1240,977,1301,1036,Jul25_1/358-20190724151730-snapshot.jpg
1,1,20190724,151800,86,5,1300,996,1354,1063,Jul25_1/358-20190724151800-snapshot.jpg
1,1,20190724,151830,83,5,1456,928,1517,1008,Jul25_1/358-20190724151830-snapshot.jpg
1,1,20190724,152100,58,5,1407,804,1458,852,Jul25_1/358-20190724152100-snapshot.jpg
1,1,20190724,152130,81,5,1439,876,1516,927,Jul25_1/358-20190724152130-snapshot.jpg
1,1,20190724,152200,57,5,1371,1017,1424,1064,Jul25_1/358-20190724152200-snapshot.jpg
1,1,20190724,152400,51,5,244,917,290,965,Jul25_1/358-20190724152400-snapshot.jpg
1,1,20190724,153500,83,5,1468,903,1546,963,Jul25_1/358-20190724153500-snapshot.jpg
1,1,20190724,153530,81,5,1384,738,1438,803,Jul25_1/358-20190724153530-snapshot.jpg
1,1,20190724,153600,76,5,1423,798,1504,862,Jul25_1/358-20190724153600-snapshot.jpg
1,1,20190724,153630,71,5,588,955,665,1008,Jul25_1/358-20190724153630-snapshot.jpg
1,1,20190724,153700,84,8,632,748,717,826,Jul25_1/358-20190724153700-snapshot.jpg
1,1,20190724,154300,82,5,42,1026,112,1080,Jul25_1/358-20190724154300-snapshot.jpg
1,1,20190724,154500,84,5,1478,1000,1548,1057,Jul25_1/358-20190724154500-snapshot.jpg
1,1,20190724,154930,67,1,0,753,36,788,Jul25_1/358-20190724154930-snapshot.jpg
1,1,20190724,155000,87,1,229,496,278,545,Jul25_1/358-20190724155000-snapshot.jpg
1,1,20190724,155030,34,1,254,439,299,476,Jul25_1/358-20190724155030-snapshot.jpg
1,1,20190724,155100,82,1,220,783,261,817,Jul25_1/358-20190724155100-snapshot.jpg
1,1,20190724,161200,84,5,1328,928,1385,1001,Jul25_1/358-20190724161200-snapshot.jpg
1,1,20190724,164430,75,5,400,860,469,910,Jul25_1/358-20190724164430-snapshot.jpg
1,1,20190724,164530,78,5,301,862,357,908,Jul25_1/358-20190724164530-snapshot.jpg
1,1,20190724,165030,77,5,1382,779,1435,824,Jul25_1/358-20190724165030-snapshot.jpg
1,1,20190724,165100,79,5,1457,833,1510,894,Jul25_1/358-20190724165100-snapshot.jpg
1,1,20190724,165600,79,5,1223,867,1288,914,Jul25_1/358-20190724165600-snapshot.jpg
1,1,20190724,170830,85,5,1338,932,1388,998,Jul25_1/358-20190724170830-snapshot.jpg
1,1,20190724,171800,68,5,399,890,453,927,Jul25_1/358-20190724171800-snapshot.jpg
1,1,20190724,175800,56,5,1245,1009,1285,1067,Jul25_1/358-20190724175800-snapshot.jpg
1,1,20190724,175900,85,5,1438,851,1497,912,Jul25_1/358-20190724175900-snapshot.jpg
1,1,20190724,175930,35,5,1532,851,1586,922,Jul25_1/358-20190724175930-snapshot.jpg
1,1,20190724,175930,63,6,1532,851,1585,922,Jul25_1/358-20190724175930-snapshot.jpg
1,1,20190724,180000,85,5,1446,775,1496,842,Jul25_1/358-20190724180000-snapshot.jpg
1,1,20190724,180100,63,6,1400,785,1449,857,Jul25_1/358-20190724180100-snapshot.jpg
1,1,20190724,180130,66,5,1496,494,1551,547,Jul25_1/358-20190724180130-snapshot.jpg
1,1,20190724,180200,85,5,1381,844,1434,912,Jul25_1/358-20190724180200-snapshot.jpg
1,1,20190724,180300,72,5,197,928,261,973,Jul25_1/358-20190724180300-snapshot.jpg
1,1,20190724,180330,83,5,123,1006,175,1071,Jul25_1/358-20190724180330-snapshot.jpg
1,1,20190724,184800,37,6,810,724,888,778,Jul25_1/358-20190724184800-snapshot.jpg
1,1,20190724,185400,53,1,547,995,594,1040,Jul25_1/358-20190724185400-snapshot.jpg
1,1,20190724,185430,81,1,879,521,925,565,Jul25_1/358-20190724185430-snapshot.jpg
1,1,20190724,185730,78,5,122,1000,175,1069,Jul25_1/358-20190724185730-snapshot.jpg
1,1,20190724,185930,84,5,1497,844,1560,930,Jul25_1/358-20190724185930-snapshot.jpg
1,1,20190724,190230,81,1,1748,426,1793,467,Jul25_1/358-20190724190230-snapshot.jpg
1,1,20190724,191230,86,1,1197,24,1249,69,Jul25_1/358-20190724191230-snapshot.jpg
1,1,20190724,191730,79,1,1509,544,1556,584,Jul25_1/358-20190724191730-snapshot.jpg
1,1,20190724,191830,38,1,1500,541,1543,579,Jul25_1/358-20190724191830-snapshot.jpg
1,1,20190724,192200,60,1,1547,546,1593,583,Jul25_1/358-20190724192200-snapshot.jpg
1,1,20190724,192500,81,1,992,784,1036,828,Jul25_1/358-20190724192500-snapshot.jpg
1,1,20190724,192530,83,1,650,575,693,614,Jul25_1/358-20190724192530-snapshot.jpg
1,1,20190724,192600,83,1,444,589,491,636,Jul25_1/358-20190724192600-snapshot.jpg
1,1,20190724,192630,43,1,479,555,521,600,Jul25_1/358-20190724192630-snapshot.jpg
1,1,20190724,193030,85,1,335,653,380,700,Jul25_1/358-20190724193030-snapshot.jpg
1,1,20190724,193100,85,1,297,709,344,754,Jul25_1/358-20190724193100-snapshot.jpg
1,1,20190724,193130,82,1,300,743,354,788,Jul25_1/358-20190724193130-snapshot.jpg
1,1,20190724,193200,71,1,245,755,288,790,Jul25_1/358-20190724193200-snapshot.jpg
1,1,20190724,193330,86,1,313,786,361,835,Jul25_1/358-20190724193330-snapshot.jpg
1,1,20190724,193400,81,1,305,778,350,827,Jul25_1/358-20190724193400-snapshot.jpg
1,1,20190724,193430,79,1,180,696,226,742,Jul25_1/358-20190724193430-snapshot.jpg
1,1,20190724,193530,86,1,140,851,196,915,Jul25_1/358-20190724193530-snapshot.jpg
1,1,20190724,193630,33,8,133,650,185,700,Jul25_1/358-20190724193630-snapshot.jpg
1,1,20190724,193630,41,1,134,650,185,699,Jul25_1/358-20190724193630-snapshot.jpg
1,1,20190724,193700,84,1,294,716,344,763,Jul25_1/358-20190724193700-snapshot.jpg
1,1,20190724,193730,54,1,312,782,358,824,Jul25_1/358-20190724193730-snapshot.jpg
1,1,20190724,193800,64,1,328,832,372,874,Jul25_1/358-20190724193800-snapshot.jpg
1,1,20190724,193900,75,1,263,889,308,928,Jul25_1/358-20190724193900-snapshot.jpg
1,1,20190724,194000,75,1,219,735,264,768,Jul25_1/358-20190724194000-snapshot.jpg
1,1,20190724,194030,27,1,0,659,19,708,Jul25_1/358-20190724194030-snapshot.jpg
1,1,20190724,194130,33,1,0,603,24,642,Jul25_1/358-20190724194130-snapshot.jpg
1,1,20190724,194230,39,1,130,570,173,608,Jul25_1/358-20190724194230-snapshot.jpg
1,1,20190724,194300,85,1,228,505,278,548,Jul25_1/358-20190724194300-snapshot.jpg
1,1,20190724,194330,79,1,239,489,288,533,Jul25_1/358-20190724194330-snapshot.jpg
1,1,20190724,194500,86,1,104,653,155,703,Jul25_1/358-20190724194500-snapshot.jpg
1,1,20190725,060700,68,8,1074,366,1159,455,Jul25_1/362-20190725060700-snapshot.jpg
1,1,20190725,074930,53,6,413,965,503,1042,Jul25_1/362-20190725074930-snapshot.jpg
1,1,20190725,075100,34,6,412,965,502,1042,Jul25_1/362-20190725075100-snapshot.jpg
1,1,20190725,075630,39,6,414,967,502,1040,Jul25_1/362-20190725075630-snapshot.jpg
1,1,20190725,092830,56,5,758,949,814,1004,Jul25_1/362-20190725092830-snapshot.jpg
1,1,20190725,093230,70,5,1191,1039,1244,1080,Jul25_1/362-20190725093230-snapshot.jpg
1,1,20190717,082830,43,6,121,503,209,568,Jul25_1/78-20190717082830-snapshot.jpg
1,1,20190717,082900,85,6,233,359,324,421,Jul25_1/78-20190717082900-snapshot.jpg
1,1,20190717,082930,83,6,662,946,737,999,Jul25_1/78-20190717082930-snapshot.jpg
1,1,20190717,083100,84,6,1414,956,1494,1018,Jul25_1/78-20190717083100-snapshot.jpg
1,1,20190717,083130,87,6,1583,364,1671,445,Jul25_1/78-20190717083130-snapshot.jpg
1,1,20190717,083230,84,6,1485,155,1564,220,Jul25_1/78-20190717083230-snapshot.jpg
1,1,20190717,083300,85,6,1790,266,1873,330,Jul25_1/78-20190717083300-snapshot.jpg
1,1,20190717,083330,85,6,1410,390,1485,458,Jul25_1/78-20190717083330-snapshot.jpg
1,1,20190717,083400,83,6,1280,463,1357,515,Jul25_1/78-20190717083400-snapshot.jpg
1,1,20190717,083430,81,6,1244,466,1320,521,Jul25_1/78-20190717083430-snapshot.jpg
1,1,20190717,083500,75,6,1342,1037,1395,1080,Jul25_1/78-20190717083500-snapshot.jpg
1,1,20190717,083530,86,6,1095,1025,1171,1075,Jul25_1/78-20190717083530-snapshot.jpg
1,1,20190717,083600,87,6,974,113,1023,186,Jul25_1/78-20190717083600-snapshot.jpg
1,1,20190717,083630,82,6,184,97,243,184,Jul25_1/78-20190717083630-snapshot.jpg
1,1,20190717,083730,45,6,1107,62,1160,118,Jul25_1/78-20190717083730-snapshot.jpg
1,1,20190717,084430,71,6,1279,342,1343,386,Jul25_1/78-20190717084430-snapshot.jpg
1,1,20190717,084500,83,6,1090,267,1142,337,Jul25_1/78-20190717084500-snapshot.jpg
1,1,20190717,084600,86,6,1617,378,1705,454,Jul25_1/78-20190717084600-snapshot.jpg
1,1,20190717,095100,88,2,671,573,762,657,Jul25_1/78-20190717095100-snapshot.jpg
1,1,20190717,100130,84,4,1008,502,1108,583,Jul25_1/78-20190717100130-snapshot.jpg
1,1,20190717,102300,86,2,208,657,304,764,Jul25_1/78-20190717102300-snapshot.jpg
1,1,20190717,102430,89,2,974,84,1061,165,Jul25_1/78-20190717102430-snapshot.jpg
1,1,20190717,104500,27,5,1347,951,1393,1002,Jul25_1/78-20190717104500-snapshot.jpg
1,1,20190717,104530,87,3,1100,196,1205,271,Jul25_1/78-20190717104530-snapshot.jpg
1,1,20190717,104930,27,5,389,399,443,451,Jul25_1/78-20190717104930-snapshot.jpg
1,1,20190717,104930,31,5,822,946,867,994,Jul25_1/78-20190717104930-snapshot.jpg
1,1,20190717,105000,88,4,935,169,1026,259,Jul25_1/78-20190717105000-snapshot.jpg
1,1,20190717,105130,84,3,518,358,594,436,Jul25_1/78-20190717105130-snapshot.jpg
1,1,20190717,105130,87,4,544,749,645,859,Jul25_1/78-20190717105130-snapshot.jpg
1,1,20190717,105600,28,5,858,871,898,918,Jul25_1/78-20190717105600-snapshot.jpg
1,1,20190717,105800,40,5,860,872,898,918,Jul25_1/78-20190717105800-snapshot.jpg
1,1,20190717,105800,80,5,353,966,409,1021,Jul25_1/78-20190717105800-snapshot.jpg
1,1,20190717,105830,71,5,579,429,634,480,Jul25_1/78-20190717105830-snapshot.jpg
1,1,20190717,110100,81,5,1010,357,1066,410,Jul25_1/78-20190717110100-snapshot.jpg
1,1,20190717,110230,31,5,859,871,898,919,Jul25_1/78-20190717110230-snapshot.jpg
1,1,20190717,110230,82,5,557,810,612,866,Jul25_1/78-20190717110230-snapshot.jpg
1,1,20190717,110300,78,5,592,1039,655,1076,Jul25_1/78-20190717110300-snapshot.jpg
1,1,20190717,110330,81,5,818,976,871,1038,Jul25_1/78-20190717110330-snapshot.jpg
1,1,20190717,110400,38,5,860,873,898,918,Jul25_1/78-20190717110400-snapshot.jpg
1,1,20190717,110500,82,5,1339,951,1386,1002,Jul25_1/78-20190717110500-snapshot.jpg
1,1,20190717,110530,79,5,1187,342,1242,390,Jul25_1/78-20190717110530-snapshot.jpg
1,1,20190717,110630,32,5,860,871,898,918,Jul25_1/78-20190717110630-snapshot.jpg
1,1,20190717,110730,84,5,1742,242,1797,313,Jul25_1/78-20190717110730-snapshot.jpg
1,1,20190717,110830,71,5,403,745,471,799,Jul25_1/78-20190717110830-snapshot.jpg
1,1,20190717,111000,82,5,679,739,734,802,Jul25_1/78-20190717111000-snapshot.jpg
1,1,20190717,111030,75,5,793,742,842,784,Jul25_1/78-20190717111030-snapshot.jpg
1,1,20190717,111230,77,5,1571,464,1633,521,Jul25_1/78-20190717111230-snapshot.jpg
1,1,20190717,113100,82,2,665,850,750,915,Jul25_1/78-20190717113100-snapshot.jpg
1,1,20190717,115000,87,2,1119,621,1189,714,Jul25_1/78-20190717115000-snapshot.jpg
1,1,20190717,120000,88,3,1011,278,1095,361,Jul25_1/78-20190717120000-snapshot.jpg
1,1,20190717,121830,49,5,736,230,790,274,Jul25_1/78-20190717121830-snapshot.jpg
1,1,20190717,121900,83,5,712,404,773,468,Jul25_1/78-20190717121900-snapshot.jpg
1,1,20190717,122230,85,2,734,881,794,963,Jul25_1/78-20190717122230-snapshot.jpg
1,1,20190717,122300,89,2,542,598,637,681,Jul25_1/78-20190717122300-snapshot.jpg
1,1,20190717,122330,87,2,933,394,1031,460,Jul25_1/78-20190717122330-snapshot.jpg
1,1,20190717,122430,86,2,487,738,575,825,Jul25_1/78-20190717122430-snapshot.jpg
1,1,20190717,122900,76,5,1204,670,1253,718,Jul25_1/78-20190717122900-snapshot.jpg
1,1,20190717,122930,79,5,1170,629,1215,676,Jul25_1/78-20190717122930-snapshot.jpg
1,1,20190717,123030,70,5,919,636,965,681,Jul25_1/78-20190717123030-snapshot.jpg
1,1,20190717,123200,86,5,479,566,568,626,Jul25_1/78-20190717123200-snapshot.jpg
1,1,20190717,123300,81,5,871,151,921,211,Jul25_1/78-20190717123300-snapshot.jpg
1,1,20190717,123330,73,5,1050,281,1100,317,Jul25_1/78-20190717123330-snapshot.jpg
1,1,20190717,123400,32,5,1225,448,1269,496,Jul25_1/78-20190717123400-snapshot.jpg
1,1,20190717,123530,85,5,414,569,491,623,Jul25_1/78-20190717123530-snapshot.jpg
1,1,20190717,124500,82,5,1093,352,1146,396,Jul25_1/78-20190717124500-snapshot.jpg
1,1,20190717,124530,87,3,1008,881,1096,960,Jul25_1/78-20190717124530-snapshot.jpg
1,1,20190717,125100,79,5,1821,583,1870,647,Jul25_1/78-20190717125100-snapshot.jpg
1,1,20190717,130700,81,6,1445,741,1497,823,Jul25_1/78-20190717130700-snapshot.jpg
1,1,20190717,131530,85,8,1275,284,1382,344,Jul25_1/78-20190717131530-snapshot.jpg
1,1,20190717,131830,86,2,373,857,468,915,Jul25_1/78-20190717131830-snapshot.jpg
1,1,20190717,131900,68,2,689,1028,781,1080,Jul25_1/78-20190717131900-snapshot.jpg
1,1,20190717,132830,76,5,600,947,667,990,Jul25_1/78-20190717132830-snapshot.jpg
1,1,20190717,132900,40,5,542,930,588,981,Jul25_1/78-20190717132900-snapshot.jpg
1,1,20190717,133200,70,5,782,463,829,505,Jul25_1/78-20190717133200-snapshot.jpg
1,1,20190717,133230,84,5,1309,269,1363,330,Jul25_1/78-20190717133230-snapshot.jpg
1,1,20190717,133300,82,5,376,321,434,387,Jul25_1/78-20190717133300-snapshot.jpg
1,1,20190717,135600,88,5,73,965,159,1038,Jul25_1/78-20190717135600-snapshot.jpg
1,1,20190717,135730,84,5,1492,914,1585,994,Jul25_1/78-20190717135730-snapshot.jpg
1,1,20190717,135800,81,5,1344,855,1422,910,Jul25_1/78-20190717135800-snapshot.jpg
1,1,20190717,135830,81,5,1322,928,1378,1016,Jul25_1/78-20190717135830-snapshot.jpg
1,1,20190717,141600,79,5,1230,839,1280,883,Jul25_1/78-20190717141600-snapshot.jpg
1,1,20190717,143030,86,5,1016,363,1093,417,Jul25_1/78-20190717143030-snapshot.jpg
1,1,20190717,143300,69,5,1178,675,1227,718,Jul25_1/78-20190717143300-snapshot.jpg
1,1,20190717,143930,69,5,1092,957,1140,1003,Jul25_1/78-20190717143930-snapshot.jpg
1,1,20190717,144300,72,5,703,217,749,284,Jul25_1/78-20190717144300-snapshot.jpg
1,1,20190717,144500,84,5,1064,276,1138,329,Jul25_1/78-20190717144500-snapshot.jpg
1,1,20190717,144530,81,5,1095,424,1151,477,Jul25_1/78-20190717144530-snapshot.jpg
1,1,20190717,144600,82,3,745,970,834,1076,Jul25_1/78-20190717144600-snapshot.jpg
1,1,20190717,144630,64,5,1288,325,1337,366,Jul25_1/78-20190717144630-snapshot.jpg
1,1,20190717,144700,66,5,1730,202,1781,277,Jul25_1/78-20190717144700-snapshot.jpg
1,1,20190717,144700,77,5,1119,685,1175,725,Jul25_1/78-20190717144700-snapshot.jpg
1,1,20190717,144730,83,5,1061,771,1119,825,Jul25_1/78-20190717144730-snapshot.jpg
1,1,20190717,144730,85,5,594,666,681,734,Jul25_1/78-20190717144730-snapshot.jpg
1,1,20190717,144800,79,5,1045,857,1101,909,Jul25_1/78-20190717144800-snapshot.jpg
1,1,20190717,144830,78,5,916,907,981,943,Jul25_1/78-20190717144830-snapshot.jpg
1,1,20190717,144900,78,5,889,943,938,985,Jul25_1/78-20190717144900-snapshot.jpg
1,1,20190717,144930,50,5,924,913,965,957,Jul25_1/78-20190717144930-snapshot.jpg
1,1,20190717,145030,72,5,1053,813,1102,867,Jul25_1/78-20190717145030-snapshot.jpg
1,1,20190717,145100,79,5,1034,248,1086,293,Jul25_1/78-20190717145100-snapshot.jpg
1,1,20190717,145130,79,5,901,122,969,175,Jul25_1/78-20190717145130-snapshot.jpg
1,1,20190717,145530,84,2,736,358,798,444,Jul25_1/78-20190717145530-snapshot.jpg
1,1,20190717,145600,77,6,1327,996,1428,1061,Jul25_1/78-20190717145600-snapshot.jpg
1,1,20190717,150730,73,5,981,396,1037,447,Jul25_1/78-20190717150730-snapshot.jpg
1,1,20190717,150800,82,5,1171,601,1224,653,Jul25_1/78-20190717150800-snapshot.jpg
1,1,20190717,151230,84,2,383,504,453,575,Jul25_1/78-20190717151230-snapshot.jpg
1,1,20190717,152130,82,3,997,877,1081,958,Jul25_1/78-20190717152130-snapshot.jpg
1,1,20190717,152530,82,8,0,850,77,909,Jul25_1/78-20190717152530-snapshot.jpg
1,1,20190717,152830,85,2,904,563,963,648,Jul25_1/78-20190717152830-snapshot.jpg
1,1,20190717,153230,88,2,1061,119,1142,209,Jul25_1/78-20190717153230-snapshot.jpg
1,1,20190717,153300,85,2,183,387,283,454,Jul25_1/78-20190717153300-snapshot.jpg
1,1,20190717,153700,85,3,1114,254,1199,346,Jul25_1/78-20190717153700-snapshot.jpg
1,1,20190717,155530,81,2,961,391,1044,454,Jul25_1/78-20190717155530-snapshot.jpg
1,1,20190717,160000,79,5,854,125,912,172,Jul25_1/78-20190717160000-snapshot.jpg
1,1,20190717,160930,84,8,1071,337,1136,423,Jul25_1/78-20190717160930-snapshot.jpg
1,1,20190717,165300,64,3,1414,899,1526,968,Jul25_1/78-20190717165300-snapshot.jpg
1,1,20190717,165300,81,2,1416,900,1526,969,Jul25_1/78-20190717165300-snapshot.jpg
1,1,20190717,165430,45,6,138,649,196,713,Jul25_1/78-20190717165430-snapshot.jpg
1,1,20190717,170730,51,5,1092,102,1147,161,Jul25_1/78-20190717170730-snapshot.jpg
1,1,20190717,170730,88,4,1002,388,1101,481,Jul25_1/78-20190717170730-snapshot.jpg
1,1,20190717,171100,86,2,745,846,805,930,Jul25_1/78-20190717171100-snapshot.jpg
1,1,20190717,171330,38,5,696,917,756,956,Jul25_1/78-20190717171330-snapshot.jpg
1,1,20190717,174800,88,2,304,919,399,997,Jul25_1/78-20190717174800-snapshot.jpg
1,1,20190717,174830,86,2,1056,107,1112,215,Jul25_1/78-20190717174830-snapshot.jpg
1,1,20190717,182030,75,6,1009,71,1063,124,Jul25_1/78-20190717182030-snapshot.jpg
1,1,20190717,182200,82,5,585,829,654,876,Jul25_1/78-20190717182200-snapshot.jpg
1,1,20190717,182230,41,5,606,907,667,955,Jul25_1/78-20190717182230-snapshot.jpg
1,1,20190717,190700,83,8,581,688,672,771,Jul25_1/78-20190717190700-snapshot.jpg
1,1,20190717,205630,84,5,1447,628,1499,695,Jul25_1/78-20190717205630-snapshot.jpg
1,1,20190717,205700,87,5,1513,584,1568,656,Jul25_1/78-20190717205700-snapshot.jpg
1,1,20190717,205730,84,5,1212,667,1272,725,Jul25_1/78-20190717205730-snapshot.jpg
1,1,20190717,210000,84,5,1423,949,1480,1018,Jul25_1/78-20190717210000-snapshot.jpg
