1,0,20190823,105330,85,2,163,178,249,250,Aug30_0/01-20190823105330-snapshot.jpg
1,0,20190823,105830,81,2,1042,976,1139,1075,Aug30_0/01-20190823105830-snapshot.jpg
1,0,20190823,105900,79,2,941,776,1019,877,Aug30_0/01-20190823105900-snapshot.jpg
1,0,20190823,110500,80,8,218,202,291,274,Aug30_0/01-20190823110500-snapshot.jpg
1,0,20190823,110830,87,2,672,432,755,499,Aug30_0/01-20190823110830-snapshot.jpg
1,0,20190823,110900,87,2,1386,0,1482,84,Aug30_0/01-20190823110900-snapshot.jpg
1,0,20190823,111030,60,2,986,1,1056,52,Aug30_0/01-20190823111030-snapshot.jpg
1,0,20190823,111030,88,2,1090,882,1186,948,Aug30_0/01-20190823111030-snapshot.jpg
1,0,20190823,111100,83,2,721,21,809,72,Aug30_0/01-20190823111100-snapshot.jpg
1,0,20190823,111430,84,2,1288,91,1377,146,Aug30_0/01-20190823111430-snapshot.jpg
1,0,20190823,111500,85,2,684,194,751,266,Aug30_0/01-20190823111500-snapshot.jpg
1,0,20190823,111630,83,2,1016,992,1096,1064,Aug30_0/01-20190823111630-snapshot.jpg
1,0,20190823,111930,66,2,1200,893,1253,961,Aug30_0/01-20190823111930-snapshot.jpg
1,0,20190823,112000,80,2,276,508,345,580,Aug30_0/01-20190823112000-snapshot.jpg
1,0,20190823,112100,87,2,1646,316,1732,386,Aug30_0/01-20190823112100-snapshot.jpg
1,0,20190823,112230,81,2,503,477,595,551,Aug30_0/01-20190823112230-snapshot.jpg
1,0,20190823,112300,85,2,1048,963,1103,1042,Aug30_0/01-20190823112300-snapshot.jpg
1,0,20190823,112400,26,8,1560,519,1659,577,Aug30_0/01-20190823112400-snapshot.jpg
1,0,20190823,112700,87,2,454,1019,560,1079,Aug30_0/01-20190823112700-snapshot.jpg
1,0,20190823,113600,83,2,298,878,380,968,Aug30_0/01-20190823113600-snapshot.jpg
1,0,20190823,113700,86,2,637,73,726,138,Aug30_0/01-20190823113700-snapshot.jpg
1,0,20190823,113700,87,2,386,595,453,684,Aug30_0/01-20190823113700-snapshot.jpg
1,0,20190823,113730,40,2,1258,196,1311,256,Aug30_0/01-20190823113730-snapshot.jpg
1,0,20190823,113730,89,2,498,560,597,621,Aug30_0/01-20190823113730-snapshot.jpg
1,0,20190823,113800,75,2,584,718,648,778,Aug30_0/01-20190823113800-snapshot.jpg
1,0,20190823,113830,77,2,1244,875,1307,947,Aug30_0/01-20190823113830-snapshot.jpg
1,0,20190823,113830,87,2,404,581,498,646,Aug30_0/01-20190823113830-snapshot.jpg
1,0,20190823,114100,80,2,372,490,441,555,Aug30_0/01-20190823114100-snapshot.jpg
1,0,20190823,114130,86,2,1230,405,1288,478,Aug30_0/01-20190823114130-snapshot.jpg
1,0,20190823,114200,87,2,894,39,954,112,Aug30_0/01-20190823114200-snapshot.jpg
1,0,20190823,114230,77,2,1038,224,1092,282,Aug30_0/01-20190823114230-snapshot.jpg
1,0,20190823,114400,88,2,1170,59,1258,143,Aug30_0/01-20190823114400-snapshot.jpg
1,0,20190823,114700,92,4,688,338,789,421,Aug30_0/01-20190823114700-snapshot.jpg
1,0,20190823,114730,83,2,151,1011,223,1076,Aug30_0/01-20190823114730-snapshot.jpg
1,0,20190823,114730,85,4,1132,929,1213,1012,Aug30_0/01-20190823114730-snapshot.jpg
1,0,20190823,115400,76,2,1816,432,1904,526,Aug30_0/01-20190823115400-snapshot.jpg
1,0,20190823,115530,88,2,1256,999,1350,1054,Aug30_0/01-20190823115530-snapshot.jpg
1,0,20190823,115530,89,3,519,436,620,513,Aug30_0/01-20190823115530-snapshot.jpg
1,0,20190823,115600,81,2,1628,308,1687,391,Aug30_0/01-20190823115600-snapshot.jpg
1,0,20190823,115800,88,4,723,303,846,392,Aug30_0/01-20190823115800-snapshot.jpg
1,0,20190823,120100,62,2,1453,694,1514,741,Aug30_0/01-20190823120100-snapshot.jpg
1,0,20190823,120100,88,4,1627,565,1722,656,Aug30_0/01-20190823120100-snapshot.jpg
1,0,20190823,120230,85,1,874,773,914,819,Aug30_0/01-20190823120230-snapshot.jpg
1,0,20190823,120300,87,1,836,719,875,762,Aug30_0/01-20190823120300-snapshot.jpg
1,0,20190823,120600,40,1,680,460,721,495,Aug30_0/01-20190823120600-snapshot.jpg
1,0,20190823,120630,83,2,1289,88,1372,154,Aug30_0/01-20190823120630-snapshot.jpg
1,0,20190823,120630,86,1,636,310,679,347,Aug30_0/01-20190823120630-snapshot.jpg
1,0,20190823,120700,86,1,637,309,680,346,Aug30_0/01-20190823120700-snapshot.jpg
1,0,20190823,120730,85,1,636,171,676,205,Aug30_0/01-20190823120730-snapshot.jpg
1,0,20190823,120800,87,2,1284,397,1373,462,Aug30_0/01-20190823120800-snapshot.jpg
1,0,20190823,120830,91,2,709,281,795,357,Aug30_0/01-20190823120830-snapshot.jpg
1,0,20190823,120900,86,2,507,1004,564,1078,Aug30_0/01-20190823120900-snapshot.jpg
1,0,20190823,121030,82,2,1539,180,1593,250,Aug30_0/01-20190823121030-snapshot.jpg
1,0,20190823,121300,88,2,999,409,1091,468,Aug30_0/01-20190823121300-snapshot.jpg
1,0,20190823,121300,88,2,356,837,421,925,Aug30_0/01-20190823121300-snapshot.jpg
1,0,20190823,121330,87,2,589,479,649,562,Aug30_0/01-20190823121330-snapshot.jpg
1,0,20190823,121330,89,2,1188,720,1244,805,Aug30_0/01-20190823121330-snapshot.jpg
1,0,20190823,121430,67,1,750,321,794,358,Aug30_0/01-20190823121430-snapshot.jpg
1,0,20190823,121530,80,1,759,381,803,425,Aug30_0/01-20190823121530-snapshot.jpg
1,0,20190823,121600,84,2,704,441,764,509,Aug30_0/01-20190823121600-snapshot.jpg
1,0,20190823,121700,66,2,817,334,885,383,Aug30_0/01-20190823121700-snapshot.jpg
1,0,20190823,121730,86,2,277,912,341,995,Aug30_0/01-20190823121730-snapshot.jpg
1,0,20190823,121830,80,1,250,400,292,435,Aug30_0/01-20190823121830-snapshot.jpg
1,0,20190823,121930,82,1,277,104,316,140,Aug30_0/01-20190823121930-snapshot.jpg
1,0,20190823,122630,78,2,935,428,993,501,Aug30_0/01-20190823122630-snapshot.jpg
1,0,20190823,123230,86,2,688,298,759,365,Aug30_0/01-20190823123230-snapshot.jpg
1,0,20190823,123530,89,2,351,851,454,914,Aug30_0/01-20190823123530-snapshot.jpg
1,0,20190823,123830,88,2,1394,893,1475,969,Aug30_0/01-20190823123830-snapshot.jpg
1,0,20190823,124100,87,2,1721,511,1778,585,Aug30_0/01-20190823124100-snapshot.jpg
1,0,20190823,124400,83,2,129,701,225,755,Aug30_0/01-20190823124400-snapshot.jpg
1,0,20190823,124430,83,2,1300,131,1386,191,Aug30_0/01-20190823124430-snapshot.jpg
1,0,20190823,124530,50,2,1242,890,1302,952,Aug30_0/01-20190823124530-snapshot.jpg
1,0,20190823,124600,86,2,711,64,806,136,Aug30_0/01-20190823124600-snapshot.jpg
1,0,20190823,124630,65,2,248,507,326,570,Aug30_0/01-20190823124630-snapshot.jpg
1,0,20190823,124630,88,2,917,39,967,112,Aug30_0/01-20190823124630-snapshot.jpg
1,0,20190823,124700,87,2,942,117,1000,190,Aug30_0/01-20190823124700-snapshot.jpg
1,0,20190823,124700,87,2,1053,425,1131,499,Aug30_0/01-20190823124700-snapshot.jpg
1,0,20190823,124730,82,2,1064,443,1144,498,Aug30_0/01-20190823124730-snapshot.jpg
1,0,20190823,124730,84,2,326,732,412,804,Aug30_0/01-20190823124730-snapshot.jpg
1,0,20190823,124800,85,2,843,178,924,322,Aug30_0/01-20190823124800-snapshot.jpg
1,0,20190823,125200,87,2,1223,105,1310,171,Aug30_0/01-20190823125200-snapshot.jpg
1,0,20190823,125230,72,2,1414,886,1504,940,Aug30_0/01-20190823125230-snapshot.jpg
1,0,20190823,125230,89,4,375,213,475,298,Aug30_0/01-20190823125230-snapshot.jpg
1,0,20190823,125300,86,2,936,31,999,109,Aug30_0/01-20190823125300-snapshot.jpg
1,0,20190823,125400,88,3,849,431,965,521,Aug30_0/01-20190823125400-snapshot.jpg
1,0,20190823,125530,87,4,538,725,628,796,Aug30_0/01-20190823125530-snapshot.jpg
1,0,20190823,125630,87,2,531,986,589,1066,Aug30_0/01-20190823125630-snapshot.jpg
1,0,20190823,125700,81,2,714,30,775,94,Aug30_0/01-20190823125700-snapshot.jpg
1,0,20190823,125700,81,3,44,863,147,941,Aug30_0/01-20190823125700-snapshot.jpg
1,0,20190823,125800,88,2,1565,922,1656,1012,Aug30_0/01-20190823125800-snapshot.jpg
1,0,20190823,130100,81,2,849,47,928,116,Aug30_0/01-20190823130100-snapshot.jpg
1,0,20190823,130700,87,2,436,558,517,636,Aug30_0/01-20190823130700-snapshot.jpg
1,0,20190823,130730,81,2,1274,150,1354,215,Aug30_0/01-20190823130730-snapshot.jpg
1,0,20190823,130730,88,2,876,238,971,305,Aug30_0/01-20190823130730-snapshot.jpg
1,0,20190823,130830,83,2,339,485,399,554,Aug30_0/01-20190823130830-snapshot.jpg
1,0,20190823,130830,88,2,871,370,973,434,Aug30_0/01-20190823130830-snapshot.jpg
1,0,20190823,131030,64,2,652,79,732,135,Aug30_0/01-20190823131030-snapshot.jpg
1,0,20190823,131100,82,2,1063,145,1112,207,Aug30_0/01-20190823131100-snapshot.jpg
1,0,20190823,131530,84,3,1180,44,1272,119,Aug30_0/01-20190823131530-snapshot.jpg
1,0,20190823,131530,86,2,1001,412,1088,465,Aug30_0/01-20190823131530-snapshot.jpg
1,0,20190823,131600,71,2,1229,879,1285,944,Aug30_0/01-20190823131600-snapshot.jpg
1,0,20190823,131630,84,2,80,704,161,780,Aug30_0/01-20190823131630-snapshot.jpg
1,0,20190823,131700,73,2,856,45,907,97,Aug30_0/01-20190823131700-snapshot.jpg
1,0,20190823,131700,88,2,389,698,480,786,Aug30_0/01-20190823131700-snapshot.jpg
1,0,20190823,131730,80,2,1460,732,1507,794,Aug30_0/01-20190823131730-snapshot.jpg
1,0,20190823,131730,84,2,1305,117,1364,194,Aug30_0/01-20190823131730-snapshot.jpg
1,0,20190823,131730,86,2,1042,248,1114,319,Aug30_0/01-20190823131730-snapshot.jpg
1,0,20190823,131800,82,8,167,203,228,268,Aug30_0/01-20190823131800-snapshot.jpg
1,0,20190823,131800,88,2,497,731,587,810,Aug30_0/01-20190823131800-snapshot.jpg
1,0,20190823,131900,77,2,848,125,925,185,Aug30_0/01-20190823131900-snapshot.jpg
1,0,20190823,131900,87,2,1229,981,1323,1035,Aug30_0/01-20190823131900-snapshot.jpg
1,0,20190823,131930,89,2,1144,385,1243,443,Aug30_0/01-20190823131930-snapshot.jpg
1,0,20190823,132330,85,2,271,517,353,577,Aug30_0/01-20190823132330-snapshot.jpg
1,0,20190823,132330,86,3,866,91,962,170,Aug30_0/01-20190823132330-snapshot.jpg
1,0,20190823,132500,77,8,7,196,91,267,Aug30_0/01-20190823132500-snapshot.jpg
1,0,20190823,132700,85,2,1249,436,1342,492,Aug30_0/01-20190823132700-snapshot.jpg
1,0,20190823,132730,85,2,1080,1019,1146,1079,Aug30_0/01-20190823132730-snapshot.jpg
1,0,20190823,133100,85,2,1770,312,1835,389,Aug30_0/01-20190823133100-snapshot.jpg
1,0,20190823,133130,90,2,1053,159,1145,227,Aug30_0/01-20190823133130-snapshot.jpg
1,0,20190823,133230,90,2,1489,736,1576,810,Aug30_0/01-20190823133230-snapshot.jpg
1,0,20190823,133300,88,2,1210,449,1292,515,Aug30_0/01-20190823133300-snapshot.jpg
1,0,20190823,133430,87,2,1327,878,1426,942,Aug30_0/01-20190823133430-snapshot.jpg
1,0,20190823,133500,69,2,0,592,51,651,Aug30_0/01-20190823133500-snapshot.jpg
1,0,20190823,133500,88,2,1039,631,1135,688,Aug30_0/01-20190823133500-snapshot.jpg
1,0,20190823,133500,89,2,1640,568,1729,621,Aug30_0/01-20190823133500-snapshot.jpg
1,0,20190823,133530,85,2,891,534,988,604,Aug30_0/01-20190823133530-snapshot.jpg
1,0,20190823,133530,88,2,696,275,784,339,Aug30_0/01-20190823133530-snapshot.jpg
1,0,20190823,133700,90,2,889,380,945,470,Aug30_0/01-20190823133700-snapshot.jpg
1,0,20190823,133800,84,2,738,23,792,96,Aug30_0/01-20190823133800-snapshot.jpg
1,0,20190823,133830,89,2,650,311,737,400,Aug30_0/01-20190823133830-snapshot.jpg
1,0,20190823,133900,89,3,1409,829,1537,920,Aug30_0/01-20190823133900-snapshot.jpg
1,0,20190823,134000,88,2,422,800,518,880,Aug30_0/01-20190823134000-snapshot.jpg
1,0,20190823,134030,70,2,813,341,866,390,Aug30_0/01-20190823134030-snapshot.jpg
1,0,20190823,134030,83,2,664,359,721,437,Aug30_0/01-20190823134030-snapshot.jpg
1,0,20190823,134100,87,2,874,97,939,171,Aug30_0/01-20190823134100-snapshot.jpg
1,0,20190823,134200,86,2,563,987,649,1078,Aug30_0/01-20190823134200-snapshot.jpg
1,0,20190823,134230,84,2,294,536,362,602,Aug30_0/01-20190823134230-snapshot.jpg
1,0,20190823,134430,78,2,570,724,663,786,Aug30_0/01-20190823134430-snapshot.jpg
1,0,20190823,134430,87,2,1313,473,1375,544,Aug30_0/01-20190823134430-snapshot.jpg
1,0,20190823,134500,89,2,352,672,446,759,Aug30_0/01-20190823134500-snapshot.jpg
1,0,20190823,134530,85,2,691,62,777,120,Aug30_0/01-20190823134530-snapshot.jpg
1,0,20190823,134530,88,2,959,568,1055,638,Aug30_0/01-20190823134530-snapshot.jpg
1,0,20190823,134600,90,2,1066,968,1156,1032,Aug30_0/01-20190823134600-snapshot.jpg
1,0,20190823,134730,83,8,471,243,557,303,Aug30_0/01-20190823134730-snapshot.jpg
1,0,20190823,135030,87,2,1429,803,1504,882,Aug30_0/01-20190823135030-snapshot.jpg
1,0,20190823,135130,75,2,1786,322,1847,375,Aug30_0/01-20190823135130-snapshot.jpg
1,0,20190823,135130,82,2,0,850,77,909,Aug30_0/01-20190823135130-snapshot.jpg
1,0,20190823,135200,87,2,1093,622,1171,702,Aug30_0/01-20190823135200-snapshot.jpg
1,0,20190823,135200,87,2,600,687,683,772,Aug30_0/01-20190823135200-snapshot.jpg
1,0,20190823,135200,89,2,830,336,924,405,Aug30_0/01-20190823135200-snapshot.jpg
1,0,20190823,135230,83,2,669,403,723,470,Aug30_0/01-20190823135230-snapshot.jpg
1,0,20190823,135230,84,2,299,844,371,924,Aug30_0/01-20190823135230-snapshot.jpg
1,0,20190823,135230,87,2,1267,79,1324,162,Aug30_0/01-20190823135230-snapshot.jpg
1,0,20190823,135300,88,2,903,45,986,96,Aug30_0/01-20190823135300-snapshot.jpg
1,0,20190823,135330,88,2,926,402,1004,485,Aug30_0/01-20190823135330-snapshot.jpg
1,0,20190823,135400,83,2,337,515,417,573,Aug30_0/01-20190823135400-snapshot.jpg
1,0,20190823,135400,87,2,909,161,981,234,Aug30_0/01-20190823135400-snapshot.jpg
1,0,20190823,135400,88,2,530,707,616,791,Aug30_0/01-20190823135400-snapshot.jpg
1,0,20190823,135400,88,2,1240,94,1321,162,Aug30_0/01-20190823135400-snapshot.jpg
1,0,20190823,135500,87,2,1206,231,1261,308,Aug30_0/01-20190823135500-snapshot.jpg
1,0,20190823,135730,82,2,1092,1030,1171,1078,Aug30_0/01-20190823135730-snapshot.jpg
1,0,20190823,135800,87,2,1303,439,1362,518,Aug30_0/01-20190823135800-snapshot.jpg
1,0,20190823,135800,88,2,1045,589,1138,659,Aug30_0/01-20190823135800-snapshot.jpg
1,0,20190823,135830,88,2,1401,895,1487,981,Aug30_0/01-20190823135830-snapshot.jpg
1,0,20190823,135930,31,5,1031,416,1086,452,Aug30_0/01-20190823135930-snapshot.jpg
1,0,20190823,135930,82,2,660,369,719,443,Aug30_0/01-20190823135930-snapshot.jpg
1,0,20190823,140000,63,5,769,250,815,305,Aug30_0/01-20190823140000-snapshot.jpg
1,0,20190823,140000,87,2,1031,255,1090,333,Aug30_0/01-20190823140000-snapshot.jpg
1,0,20190823,140330,87,2,1046,419,1122,499,Aug30_0/01-20190823140330-snapshot.jpg
1,0,20190823,140700,75,2,645,134,700,203,Aug30_0/01-20190823140700-snapshot.jpg
1,0,20190823,141130,88,2,1217,973,1320,1035,Aug30_0/01-20190823141130-snapshot.jpg
1,0,20190823,141300,87,2,1758,318,1812,395,Aug30_0/01-20190823141300-snapshot.jpg
1,0,20190823,141330,88,2,921,32,1009,92,Aug30_0/01-20190823141330-snapshot.jpg
1,0,20190823,141430,88,2,798,209,867,288,Aug30_0/01-20190823141430-snapshot.jpg
1,0,20190823,141500,87,2,764,248,855,302,Aug30_0/01-20190823141500-snapshot.jpg
1,0,20190823,141900,88,4,477,592,588,664,Aug30_0/01-20190823141900-snapshot.jpg
1,0,20190823,141930,72,2,1228,88,1289,151,Aug30_0/01-20190823141930-snapshot.jpg
1,0,20190823,141930,83,4,1186,909,1268,983,Aug30_0/01-20190823141930-snapshot.jpg
1,0,20190823,142100,73,2,493,1036,572,1080,Aug30_0/01-20190823142100-snapshot.jpg
1,0,20190823,142100,88,2,565,641,656,722,Aug30_0/01-20190823142100-snapshot.jpg
1,0,20190823,142130,87,2,1038,590,1096,677,Aug30_0/01-20190823142130-snapshot.jpg
1,0,20190823,142300,88,3,49,835,160,924,Aug30_0/01-20190823142300-snapshot.jpg
1,0,20190823,142400,83,2,1241,901,1325,971,Aug30_0/01-20190823142400-snapshot.jpg
1,0,20190823,142400,88,2,1467,928,1548,1014,Aug30_0/01-20190823142400-snapshot.jpg
1,0,20190823,142430,89,2,610,821,693,919,Aug30_0/01-20190823142430-snapshot.jpg
1,0,20190823,142530,87,2,1784,280,1842,362,Aug30_0/01-20190823142530-snapshot.jpg
1,0,20190823,142630,84,2,646,34,709,112,Aug30_0/01-20190823142630-snapshot.jpg
1,0,20190823,142700,85,2,963,448,1020,534,Aug30_0/01-20190823142700-snapshot.jpg
1,0,20190823,142930,87,8,298,764,354,859,Aug30_0/01-20190823142930-snapshot.jpg
1,0,20190823,143030,86,2,737,16,796,90,Aug30_0/01-20190823143030-snapshot.jpg
1,0,20190823,143100,86,2,1180,62,1262,117,Aug30_0/01-20190823143100-snapshot.jpg
1,0,20190823,143130,80,2,729,192,802,254,Aug30_0/01-20190823143130-snapshot.jpg
1,0,20190823,143130,81,2,380,586,457,645,Aug30_0/01-20190823143130-snapshot.jpg
1,0,20190823,143130,84,2,921,96,1012,151,Aug30_0/01-20190823143130-snapshot.jpg
1,0,20190823,143200,60,2,1183,70,1229,112,Aug30_0/01-20190823143200-snapshot.jpg
1,0,20190823,143200,80,2,1031,144,1089,213,Aug30_0/01-20190823143200-snapshot.jpg
1,0,20190823,143230,85,2,261,936,349,1005,Aug30_0/01-20190823143230-snapshot.jpg
1,0,20190823,143300,87,2,776,198,865,253,Aug30_0/01-20190823143300-snapshot.jpg
1,0,20190823,143330,87,2,973,530,1049,612,Aug30_0/01-20190823143330-snapshot.jpg
1,0,20190823,143400,86,2,308,517,372,580,Aug30_0/01-20190823143400-snapshot.jpg
1,0,20190823,143430,88,2,1679,327,1771,393,Aug30_0/01-20190823143430-snapshot.jpg
1,0,20190823,143500,81,2,675,375,729,441,Aug30_0/01-20190823143500-snapshot.jpg
1,0,20190823,143530,29,8,1081,844,1129,893,Aug30_0/01-20190823143530-snapshot.jpg
1,0,20190823,143530,91,2,866,52,948,112,Aug30_0/01-20190823143530-snapshot.jpg
1,0,20190823,143600,89,2,1165,942,1258,1012,Aug30_0/01-20190823143600-snapshot.jpg
1,0,20190823,143630,85,2,429,559,515,611,Aug30_0/01-20190823143630-snapshot.jpg
1,0,20190823,143700,86,2,1625,561,1683,633,Aug30_0/01-20190823143700-snapshot.jpg
1,0,20190823,143730,84,1,1736,771,1775,807,Aug30_0/01-20190823143730-snapshot.jpg
1,0,20190823,143800,71,1,1361,821,1401,855,Aug30_0/01-20190823143800-snapshot.jpg
1,0,20190823,143800,85,2,291,892,348,980,Aug30_0/01-20190823143800-snapshot.jpg
1,0,20190823,143830,82,2,288,502,372,563,Aug30_0/01-20190823143830-snapshot.jpg
1,0,20190823,143830,86,2,936,95,1027,155,Aug30_0/01-20190823143830-snapshot.jpg
1,0,20190823,143900,83,2,1773,443,1850,505,Aug30_0/01-20190823143900-snapshot.jpg
1,0,20190823,144000,88,2,422,547,504,615,Aug30_0/01-20190823144000-snapshot.jpg
1,0,20190823,144030,81,1,897,801,937,842,Aug30_0/01-20190823144030-snapshot.jpg
1,0,20190823,144200,89,2,1400,769,1489,845,Aug30_0/01-20190823144200-snapshot.jpg
1,0,20190823,144230,86,2,1013,578,1098,651,Aug30_0/01-20190823144230-snapshot.jpg
1,0,20190823,144300,88,2,692,23,778,88,Aug30_0/01-20190823144300-snapshot.jpg
1,0,20190823,144730,86,2,1400,831,1466,913,Aug30_0/01-20190823144730-snapshot.jpg
1,0,20190823,144800,85,2,1430,683,1502,742,Aug30_0/01-20190823144800-snapshot.jpg
1,0,20190823,144830,78,2,385,438,445,512,Aug30_0/01-20190823144830-snapshot.jpg
1,0,20190823,144900,89,2,1239,229,1291,306,Aug30_0/01-20190823144900-snapshot.jpg
1,0,20190823,144930,82,2,1234,70,1304,138,Aug30_0/01-20190823144930-snapshot.jpg
1,0,20190823,144930,84,2,658,83,722,164,Aug30_0/01-20190823144930-snapshot.jpg
1,0,20190823,145000,89,2,1074,274,1170,345,Aug30_0/01-20190823145000-snapshot.jpg
1,0,20190823,145030,90,2,1273,85,1361,145,Aug30_0/01-20190823145030-snapshot.jpg
1,0,20190823,145100,88,2,807,523,885,616,Aug30_0/01-20190823145100-snapshot.jpg
1,0,20190823,145230,89,4,1217,260,1306,342,Aug30_0/01-20190823145230-snapshot.jpg
1,0,20190823,145430,89,2,540,703,641,767,Aug30_0/01-20190823145430-snapshot.jpg
1,0,20190823,145600,88,2,700,348,800,404,Aug30_0/01-20190823145600-snapshot.jpg
1,0,20190823,145730,83,2,262,522,329,590,Aug30_0/01-20190823145730-snapshot.jpg
1,0,20190823,145730,86,2,1478,976,1557,1059,Aug30_0/01-20190823145730-snapshot.jpg
1,0,20190823,145800,86,2,1283,109,1374,175,Aug30_0/01-20190823145800-snapshot.jpg
1,0,20190823,145830,89,2,928,118,1010,176,Aug30_0/01-20190823145830-snapshot.jpg
1,0,20190823,145900,84,2,477,534,567,591,Aug30_0/01-20190823145900-snapshot.jpg
1,0,20190823,145930,88,2,159,545,252,630,Aug30_0/01-20190823145930-snapshot.jpg
1,0,20190823,150000,84,2,109,670,186,747,Aug30_0/01-20190823150000-snapshot.jpg
1,0,20190823,150030,82,2,1261,135,1330,193,Aug30_0/01-20190823150030-snapshot.jpg
1,0,20190823,150100,86,2,1380,891,1458,972,Aug30_0/01-20190823150100-snapshot.jpg
1,0,20190823,150430,78,2,1177,51,1235,105,Aug30_0/01-20190823150430-snapshot.jpg
1,0,20190823,150430,86,2,1014,147,1084,210,Aug30_0/01-20190823150430-snapshot.jpg
1,0,20190823,150530,33,2,1215,905,1286,962,Aug30_0/01-20190823150530-snapshot.jpg
1,0,20190823,150600,88,2,226,920,320,992,Aug30_0/01-20190823150600-snapshot.jpg
1,0,20190823,150800,89,4,694,270,788,344,Aug30_0/01-20190823150800-snapshot.jpg
1,0,20190823,151200,87,2,1187,220,1246,306,Aug30_0/01-20190823151200-snapshot.jpg
1,0,20190823,151230,69,2,634,99,695,159,Aug30_0/01-20190823151230-snapshot.jpg
1,0,20190823,151300,86,2,322,844,418,906,Aug30_0/01-20190823151300-snapshot.jpg
1,0,20190823,151630,86,2,1216,407,1296,466,Aug30_0/01-20190823151630-snapshot.jpg
1,0,20190823,151700,86,2,1058,1008,1149,1061,Aug30_0/01-20190823151700-snapshot.jpg
1,0,20190823,151730,87,2,1230,920,1288,1013,Aug30_0/01-20190823151730-snapshot.jpg
1,0,20190823,151830,84,2,1150,188,1208,270,Aug30_0/01-20190823151830-snapshot.jpg
1,0,20190823,151900,86,2,1244,903,1310,977,Aug30_0/01-20190823151900-snapshot.jpg
1,0,20190823,151930,86,2,860,80,946,136,Aug30_0/01-20190823151930-snapshot.jpg
1,0,20190823,152000,86,2,1051,108,1106,195,Aug30_0/01-20190823152000-snapshot.jpg
1,0,20190823,152100,81,2,602,684,673,760,Aug30_0/01-20190823152100-snapshot.jpg
1,0,20190823,152130,86,2,1172,52,1258,110,Aug30_0/01-20190823152130-snapshot.jpg
1,0,20190823,152130,87,2,786,241,890,306,Aug30_0/01-20190823152130-snapshot.jpg
1,0,20190823,152330,84,2,1257,61,1342,125,Aug30_0/01-20190823152330-snapshot.jpg
1,0,20190823,152330,86,3,739,256,841,348,Aug30_0/01-20190823152330-snapshot.jpg
1,0,20190823,152330,87,2,1228,861,1291,953,Aug30_0/01-20190823152330-snapshot.jpg
1,0,20190823,152600,87,2,1319,1006,1401,1077,Aug30_0/01-20190823152600-snapshot.jpg
1,0,20190823,152630,89,2,1468,746,1559,806,Aug30_0/01-20190823152630-snapshot.jpg
1,0,20190823,152800,86,2,1214,413,1290,479,Aug30_0/01-20190823152800-snapshot.jpg
1,0,20190823,152830,87,2,1586,791,1672,863,Aug30_0/01-20190823152830-snapshot.jpg
1,0,20190823,153130,82,2,643,261,721,312,Aug30_0/01-20190823153130-snapshot.jpg
1,0,20190823,153130,86,2,737,32,821,89,Aug30_0/01-20190823153130-snapshot.jpg
1,0,20190823,153200,83,2,295,536,365,596,Aug30_0/01-20190823153200-snapshot.jpg
1,0,20190823,153230,86,2,1751,333,1835,388,Aug30_0/01-20190823153230-snapshot.jpg
1,0,20190823,153330,77,2,188,1032,272,1079,Aug30_0/01-20190823153330-snapshot.jpg
1,0,20190823,153400,83,2,968,437,1052,509,Aug30_0/01-20190823153400-snapshot.jpg
1,0,20190823,153400,87,2,1236,929,1325,1001,Aug30_0/01-20190823153400-snapshot.jpg
1,0,20190823,153500,86,2,268,793,329,866,Aug30_0/01-20190823153500-snapshot.jpg
1,0,20190823,153630,87,2,570,492,655,557,Aug30_0/01-20190823153630-snapshot.jpg
1,0,20190823,153900,85,2,291,894,354,975,Aug30_0/01-20190823153900-snapshot.jpg
1,0,20190823,154000,86,2,1050,398,1130,467,Aug30_0/01-20190823154000-snapshot.jpg
1,0,20190823,154100,85,2,982,56,1050,119,Aug30_0/01-20190823154100-snapshot.jpg
1,0,20190823,154100,87,2,1636,301,1714,376,Aug30_0/01-20190823154100-snapshot.jpg
1,0,20190823,154130,86,2,1223,876,1307,944,Aug30_0/01-20190823154130-snapshot.jpg
1,0,20190823,154230,75,2,1280,910,1362,990,Aug30_0/01-20190823154230-snapshot.jpg
1,0,20190823,154300,87,2,1013,432,1072,519,Aug30_0/01-20190823154300-snapshot.jpg
1,0,20190823,154530,87,2,358,800,446,882,Aug30_0/01-20190823154530-snapshot.jpg
1,0,20190823,154600,75,2,1290,106,1386,176,Aug30_0/01-20190823154600-snapshot.jpg
1,0,20190823,154630,87,2,375,629,436,717,Aug30_0/01-20190823154630-snapshot.jpg
1,0,20190823,154830,77,2,316,475,403,533,Aug30_0/01-20190823154830-snapshot.jpg
1,0,20190823,154900,86,2,450,467,534,524,Aug30_0/01-20190823154900-snapshot.jpg
1,0,20190823,154930,85,2,1174,46,1225,109,Aug30_0/01-20190823154930-snapshot.jpg
1,0,20190823,154930,87,2,894,317,951,404,Aug30_0/01-20190823154930-snapshot.jpg
1,0,20190823,154930,88,2,1611,560,1696,630,Aug30_0/01-20190823154930-snapshot.jpg
1,0,20190823,155130,88,2,438,709,535,804,Aug30_0/01-20190823155130-snapshot.jpg
1,0,20190823,155430,28,2,369,474,446,522,Aug30_0/01-20190823155430-snapshot.jpg
1,0,20190823,155600,78,1,803,44,842,78,Aug30_0/01-20190823155600-snapshot.jpg
1,0,20190823,155600,85,2,944,24,1025,81,Aug30_0/01-20190823155600-snapshot.jpg
1,0,20190823,155630,87,2,1244,916,1322,990,Aug30_0/01-20190823155630-snapshot.jpg
1,0,20190823,155630,87,2,1014,469,1090,548,Aug30_0/01-20190823155630-snapshot.jpg
1,0,20190823,155730,81,1,1084,492,1125,532,Aug30_0/01-20190823155730-snapshot.jpg
1,0,20190823,155730,89,2,1075,256,1164,338,Aug30_0/01-20190823155730-snapshot.jpg
1,0,20190823,155800,78,1,999,842,1039,886,Aug30_0/01-20190823155800-snapshot.jpg
1,0,20190823,155830,77,2,1267,835,1327,912,Aug30_0/01-20190823155830-snapshot.jpg
1,0,20190823,155830,85,2,501,505,580,574,Aug30_0/01-20190823155830-snapshot.jpg
1,0,20190823,155900,87,2,964,192,1016,267,Aug30_0/01-20190823155900-snapshot.jpg
1,0,20190823,155900,89,2,546,638,626,718,Aug30_0/01-20190823155900-snapshot.jpg
1,0,20190823,155930,75,2,754,8,812,65,Aug30_0/01-20190823155930-snapshot.jpg
1,0,20190823,155930,84,2,1407,707,1470,770,Aug30_0/01-20190823155930-snapshot.jpg
1,0,20190823,155930,84,2,671,419,741,480,Aug30_0/01-20190823155930-snapshot.jpg
1,0,20190823,155930,87,2,1734,282,1797,361,Aug30_0/01-20190823155930-snapshot.jpg
1,0,20190823,160000,86,2,1278,62,1339,138,Aug30_0/01-20190823160000-snapshot.jpg
1,0,20190823,160100,81,2,9,837,71,910,Aug30_0/01-20190823160100-snapshot.jpg
1,0,20190823,160230,74,2,1109,1038,1176,1080,Aug30_0/01-20190823160230-snapshot.jpg
1,0,20190823,160230,84,2,671,81,731,161,Aug30_0/01-20190823160230-snapshot.jpg
1,0,20190823,160330,86,1,867,813,910,857,Aug30_0/01-20190823160330-snapshot.jpg
1,0,20190823,160400,86,1,887,764,927,809,Aug30_0/01-20190823160400-snapshot.jpg
1,0,20190823,160430,86,1,888,762,927,807,Aug30_0/01-20190823160430-snapshot.jpg
1,0,20190823,160500,86,1,888,762,927,807,Aug30_0/01-20190823160500-snapshot.jpg
1,0,20190823,160530,85,2,1229,894,1313,962,Aug30_0/01-20190823160530-snapshot.jpg
1,0,20190823,160530,87,2,962,97,1042,158,Aug30_0/01-20190823160530-snapshot.jpg
1,0,20190823,160600,59,2,1192,878,1261,941,Aug30_0/01-20190823160600-snapshot.jpg
1,0,20190823,160600,87,2,1474,716,1559,776,Aug30_0/01-20190823160600-snapshot.jpg
1,0,20190823,160630,75,2,241,900,305,967,Aug30_0/01-20190823160630-snapshot.jpg
1,0,20190823,160630,85,2,1128,923,1209,993,Aug30_0/01-20190823160630-snapshot.jpg
1,0,20190823,160630,88,2,1694,315,1790,374,Aug30_0/01-20190823160630-snapshot.jpg
1,0,20190823,160700,89,2,1429,804,1485,884,Aug30_0/01-20190823160700-snapshot.jpg
1,0,20190823,161000,87,2,1185,63,1276,124,Aug30_0/01-20190823161000-snapshot.jpg
1,0,20190823,161000,90,2,675,236,771,303,Aug30_0/01-20190823161000-snapshot.jpg
1,0,20190823,161100,84,2,705,441,787,491,Aug30_0/01-20190823161100-snapshot.jpg
1,0,20190823,161100,86,2,722,18,804,64,Aug30_0/01-20190823161100-snapshot.jpg
1,0,20190823,161130,84,2,571,442,661,512,Aug30_0/01-20190823161130-snapshot.jpg
1,0,20190823,161130,87,2,989,436,1046,522,Aug30_0/01-20190823161130-snapshot.jpg
1,0,20190823,161230,86,2,1048,1031,1133,1080,Aug30_0/01-20190823161230-snapshot.jpg
1,0,20190823,161330,77,2,1200,39,1264,84,Aug30_0/01-20190823161330-snapshot.jpg
1,0,20190823,161630,85,4,1010,236,1100,322,Aug30_0/01-20190823161630-snapshot.jpg
1,0,20190823,161700,90,4,696,18,799,94,Aug30_0/01-20190823161700-snapshot.jpg
1,0,20190823,161730,88,2,611,692,707,756,Aug30_0/01-20190823161730-snapshot.jpg
1,0,20190823,161830,71,2,0,713,30,792,Aug30_0/01-20190823161830-snapshot.jpg
1,0,20190823,161830,87,2,1166,62,1239,140,Aug30_0/01-20190823161830-snapshot.jpg
1,0,20190823,161900,44,2,259,487,322,543,Aug30_0/01-20190823161900-snapshot.jpg
1,0,20190823,161900,86,2,285,541,366,616,Aug30_0/01-20190823161900-snapshot.jpg
1,0,20190823,161900,87,2,1295,398,1386,460,Aug30_0/01-20190823161900-snapshot.jpg
1,0,20190823,162000,84,2,1233,77,1307,146,Aug30_0/01-20190823162000-snapshot.jpg
1,0,20190823,162100,87,2,880,291,952,373,Aug30_0/01-20190823162100-snapshot.jpg
1,0,20190823,162300,85,2,765,14,821,88,Aug30_0/01-20190823162300-snapshot.jpg
1,0,20190823,162330,87,2,999,977,1086,1035,Aug30_0/01-20190823162330-snapshot.jpg
1,0,20190823,162400,86,2,1015,337,1070,408,Aug30_0/01-20190823162400-snapshot.jpg
1,0,20190823,162430,86,2,1488,737,1554,809,Aug30_0/01-20190823162430-snapshot.jpg
1,0,20190823,162530,86,2,1769,343,1845,393,Aug30_0/01-20190823162530-snapshot.jpg
1,0,20190823,162600,88,2,1308,729,1367,814,Aug30_0/01-20190823162600-snapshot.jpg
1,0,20190823,162730,87,2,1561,731,1618,812,Aug30_0/01-20190823162730-snapshot.jpg
1,0,20190823,162900,83,2,443,509,503,576,Aug30_0/01-20190823162900-snapshot.jpg
1,0,20190823,162900,85,2,555,473,642,524,Aug30_0/01-20190823162900-snapshot.jpg
1,0,20190823,162900,87,2,1460,369,1515,444,Aug30_0/01-20190823162900-snapshot.jpg
1,0,20190823,162900,89,2,887,27,975,88,Aug30_0/01-20190823162900-snapshot.jpg
1,0,20190823,162930,88,2,1041,495,1104,579,Aug30_0/01-20190823162930-snapshot.jpg
1,0,20190823,163000,87,2,1232,150,1293,235,Aug30_0/01-20190823163000-snapshot.jpg
1,0,20190823,163030,84,1,460,901,500,939,Aug30_0/01-20190823163030-snapshot.jpg
1,0,20190823,163030,87,2,1224,96,1319,154,Aug30_0/01-20190823163030-snapshot.jpg
1,0,20190823,163030,88,2,922,31,1007,83,Aug30_0/01-20190823163030-snapshot.jpg
1,0,20190823,163130,88,2,724,341,826,403,Aug30_0/01-20190823163130-snapshot.jpg
1,0,20190823,163200,70,2,720,213,770,262,Aug30_0/01-20190823163200-snapshot.jpg
1,0,20190823,163430,85,2,1276,83,1357,156,Aug30_0/01-20190823163430-snapshot.jpg
1,0,20190823,163530,83,2,251,923,320,985,Aug30_0/01-20190823163530-snapshot.jpg
1,0,20190823,163600,88,2,1318,742,1410,817,Aug30_0/01-20190823163600-snapshot.jpg
1,0,20190823,163630,85,2,1246,178,1330,231,Aug30_0/01-20190823163630-snapshot.jpg
1,0,20190823,163830,88,2,1206,199,1284,268,Aug30_0/01-20190823163830-snapshot.jpg
1,0,20190823,163930,87,2,561,1011,659,1074,Aug30_0/01-20190823163930-snapshot.jpg
1,0,20190823,163930,87,2,357,658,435,747,Aug30_0/01-20190823163930-snapshot.jpg
1,0,20190823,164330,86,2,270,892,344,975,Aug30_0/01-20190823164330-snapshot.jpg
1,0,20190823,164400,86,2,506,641,587,706,Aug30_0/01-20190823164400-snapshot.jpg
1,0,20190823,164430,89,2,834,190,923,255,Aug30_0/01-20190823164430-snapshot.jpg
1,0,20190823,164500,87,2,836,499,921,579,Aug30_0/01-20190823164500-snapshot.jpg
1,0,20190823,164700,86,2,422,588,484,668,Aug30_0/01-20190823164700-snapshot.jpg
1,0,20190823,164700,90,2,1238,973,1319,1040,Aug30_0/01-20190823164700-snapshot.jpg
1,0,20190823,164730,87,2,1433,754,1521,812,Aug30_0/01-20190823164730-snapshot.jpg
1,0,20190823,164800,86,2,611,656,689,730,Aug30_0/01-20190823164800-snapshot.jpg
1,0,20190823,164830,30,2,347,456,413,522,Aug30_0/01-20190823164830-snapshot.jpg
1,0,20190823,164900,86,2,1201,218,1291,269,Aug30_0/01-20190823164900-snapshot.jpg
1,0,20190823,164930,84,2,669,387,725,461,Aug30_0/01-20190823164930-snapshot.jpg
1,0,20190823,164930,87,2,1635,521,1728,591,Aug30_0/01-20190823164930-snapshot.jpg
1,0,20190823,165000,86,2,760,21,814,87,Aug30_0/01-20190823165000-snapshot.jpg
1,0,20190823,165030,83,2,1610,319,1688,379,Aug30_0/01-20190823165030-snapshot.jpg
1,0,20190823,165230,86,2,1206,41,1287,100,Aug30_0/01-20190823165230-snapshot.jpg
1,0,20190823,165400,77,2,1027,290,1084,349,Aug30_0/01-20190823165400-snapshot.jpg
1,0,20190823,165430,88,2,806,206,895,267,Aug30_0/01-20190823165430-snapshot.jpg
1,0,20190823,165700,90,2,1134,221,1230,289,Aug30_0/01-20190823165700-snapshot.jpg
1,0,20190823,165800,87,2,679,239,766,322,Aug30_0/01-20190823165800-snapshot.jpg
1,0,20190823,165830,88,2,760,312,825,407,Aug30_0/01-20190823165830-snapshot.jpg
1,0,20190823,165930,87,3,1101,931,1186,1017,Aug30_0/01-20190823165930-snapshot.jpg
1,0,20190823,170100,25,1,1472,677,1508,708,Aug30_0/01-20190823170100-snapshot.jpg
1,0,20190823,170230,88,3,419,583,537,659,Aug30_0/01-20190823170230-snapshot.jpg
1,0,20190823,170300,89,3,1181,878,1273,941,Aug30_0/01-20190823170300-snapshot.jpg
1,0,20190823,170430,86,2,1258,67,1346,127,Aug30_0/01-20190823170430-snapshot.jpg
1,0,20190823,170500,84,2,429,268,487,362,Aug30_0/01-20190823170500-snapshot.jpg
1,0,20190823,170500,86,4,1003,982,1096,1050,Aug30_0/01-20190823170500-snapshot.jpg
1,0,20190823,170500,87,2,938,98,998,175,Aug30_0/01-20190823170500-snapshot.jpg
1,0,20190823,170530,90,4,1449,714,1535,789,Aug30_0/01-20190823170530-snapshot.jpg
1,0,20190823,170600,89,2,1313,726,1387,794,Aug30_0/01-20190823170600-snapshot.jpg
1,0,20190823,170800,85,2,1775,331,1847,389,Aug30_0/01-20190823170800-snapshot.jpg
1,0,20190823,170800,87,2,1563,808,1633,891,Aug30_0/01-20190823170800-snapshot.jpg
1,0,20190823,171100,78,2,456,583,558,640,Aug30_0/01-20190823171100-snapshot.jpg
1,0,20190823,171130,86,2,893,250,964,319,Aug30_0/01-20190823171130-snapshot.jpg
1,0,20190823,171200,86,2,1475,722,1565,776,Aug30_0/01-20190823171200-snapshot.jpg
1,0,20190823,171300,79,2,13,710,99,757,Aug30_0/01-20190823171300-snapshot.jpg
1,0,20190823,171400,85,2,352,815,413,897,Aug30_0/01-20190823171400-snapshot.jpg
1,0,20190823,171430,83,2,1192,1030,1277,1080,Aug30_0/01-20190823171430-snapshot.jpg
1,0,20190823,171500,84,2,1654,364,1713,435,Aug30_0/01-20190823171500-snapshot.jpg
1,0,20190823,171730,82,2,1008,129,1082,185,Aug30_0/01-20190823171730-snapshot.jpg
1,0,20190823,171800,89,2,1704,318,1790,372,Aug30_0/01-20190823171800-snapshot.jpg
1,0,20190823,171830,81,2,1073,984,1130,1062,Aug30_0/01-20190823171830-snapshot.jpg
1,0,20190823,171900,88,2,562,1009,656,1067,Aug30_0/01-20190823171900-snapshot.jpg
1,0,20190823,171930,86,2,723,237,782,315,Aug30_0/01-20190823171930-snapshot.jpg
1,0,20190823,172200,84,2,522,625,582,703,Aug30_0/01-20190823172200-snapshot.jpg
1,0,20190823,172300,87,2,517,886,592,970,Aug30_0/01-20190823172300-snapshot.jpg
1,0,20190823,172330,89,2,1667,506,1748,582,Aug30_0/01-20190823172330-snapshot.jpg
1,0,20190823,172500,87,2,1496,372,1582,447,Aug30_0/01-20190823172500-snapshot.jpg
1,0,20190823,172530,82,2,737,208,796,264,Aug30_0/01-20190823172530-snapshot.jpg
1,0,20190823,172600,87,2,755,293,849,349,Aug30_0/01-20190823172600-snapshot.jpg
1,0,20190823,172630,77,2,298,842,375,914,Aug30_0/01-20190823172630-snapshot.jpg
1,0,20190823,172700,87,2,801,305,857,396,Aug30_0/01-20190823172700-snapshot.jpg
1,0,20190823,172800,87,2,1541,344,1621,422,Aug30_0/01-20190823172800-snapshot.jpg
1,0,20190823,172830,86,2,480,536,567,604,Aug30_0/01-20190823172830-snapshot.jpg
1,0,20190823,172830,86,2,1325,776,1389,854,Aug30_0/01-20190823172830-snapshot.jpg
1,0,20190823,172830,89,2,900,215,986,284,Aug30_0/01-20190823172830-snapshot.jpg
1,0,20190823,172930,87,2,822,354,910,406,Aug30_0/01-20190823172930-snapshot.jpg
1,0,20190823,173030,79,2,1507,719,1565,798,Aug30_0/01-20190823173030-snapshot.jpg
1,0,20190823,173300,72,2,377,440,458,496,Aug30_0/01-20190823173300-snapshot.jpg
1,0,20190823,173330,87,2,871,87,943,158,Aug30_0/01-20190823173330-snapshot.jpg
1,0,20190823,173530,73,2,453,537,532,599,Aug30_0/01-20190823173530-snapshot.jpg
1,0,20190823,173530,79,2,1291,402,1346,483,Aug30_0/01-20190823173530-snapshot.jpg
1,0,20190823,173530,80,2,1211,892,1291,939,Aug30_0/01-20190823173530-snapshot.jpg
1,0,20190823,173630,80,2,683,347,758,402,Aug30_0/01-20190823173630-snapshot.jpg
1,0,20190823,173630,86,2,1816,366,1903,427,Aug30_0/01-20190823173630-snapshot.jpg
1,0,20190823,173700,88,2,964,59,1033,121,Aug30_0/01-20190823173700-snapshot.jpg
1,0,20190823,173830,89,2,1217,240,1293,320,Aug30_0/01-20190823173830-snapshot.jpg
1,0,20190823,173900,80,2,156,645,216,727,Aug30_0/01-20190823173900-snapshot.jpg
1,0,20190823,173900,86,2,1050,87,1121,151,Aug30_0/01-20190823173900-snapshot.jpg
1,0,20190823,173930,84,2,920,276,997,340,Aug30_0/01-20190823173930-snapshot.jpg
1,0,20190823,174000,89,2,855,283,915,377,Aug30_0/01-20190823174000-snapshot.jpg
1,0,20190823,174030,84,2,677,421,736,497,Aug30_0/01-20190823174030-snapshot.jpg
1,0,20190823,174130,85,2,852,148,932,216,Aug30_0/01-20190823174130-snapshot.jpg
1,0,20190823,174230,78,2,1243,181,1315,238,Aug30_0/01-20190823174230-snapshot.jpg
1,0,20190823,174300,88,2,591,950,685,1022,Aug30_0/01-20190823174300-snapshot.jpg
1,0,20190823,174330,89,2,995,425,1081,493,Aug30_0/01-20190823174330-snapshot.jpg
1,0,20190823,174400,82,2,215,1039,309,1080,Aug30_0/01-20190823174400-snapshot.jpg
1,0,20190823,174600,85,2,1407,844,1495,923,Aug30_0/01-20190823174600-snapshot.jpg
1,0,20190823,174630,83,2,1131,593,1213,649,Aug30_0/01-20190823174630-snapshot.jpg
1,0,20190823,174630,89,4,1212,127,1297,218,Aug30_0/01-20190823174630-snapshot.jpg
1,0,20190823,174700,80,2,1022,283,1105,329,Aug30_0/01-20190823174700-snapshot.jpg
1,0,20190823,174700,89,2,1189,896,1278,966,Aug30_0/01-20190823174700-snapshot.jpg
1,0,20190823,174800,89,4,523,896,621,970,Aug30_0/01-20190823174800-snapshot.jpg
1,0,20190823,174830,89,2,1081,790,1163,861,Aug30_0/01-20190823174830-snapshot.jpg
1,0,20190823,175230,84,2,1242,58,1317,115,Aug30_0/01-20190823175230-snapshot.jpg
1,0,20190823,175300,79,2,1387,648,1444,723,Aug30_0/01-20190823175300-snapshot.jpg
1,0,20190823,175500,89,2,1673,445,1754,507,Aug30_0/01-20190823175500-snapshot.jpg
1,0,20190823,175530,86,2,1640,314,1713,392,Aug30_0/01-20190823175530-snapshot.jpg
1,0,20190823,175600,86,2,761,7,818,84,Aug30_0/01-20190823175600-snapshot.jpg
1,0,20190823,175630,80,2,978,95,1035,155,Aug30_0/01-20190823175630-snapshot.jpg
1,0,20190823,175630,83,2,894,547,979,601,Aug30_0/01-20190823175630-snapshot.jpg
1,0,20190823,175630,87,2,940,261,1029,315,Aug30_0/01-20190823175630-snapshot.jpg
1,0,20190823,175700,76,2,771,193,825,254,Aug30_0/01-20190823175700-snapshot.jpg
1,0,20190823,175700,88,2,1190,892,1285,946,Aug30_0/01-20190823175700-snapshot.jpg
1,0,20190823,175730,85,2,393,824,460,896,Aug30_0/01-20190823175730-snapshot.jpg
1,0,20190823,175730,86,2,669,348,728,430,Aug30_0/01-20190823175730-snapshot.jpg
1,0,20190823,175900,79,2,565,714,650,776,Aug30_0/01-20190823175900-snapshot.jpg
1,0,20190823,175900,86,2,581,445,665,520,Aug30_0/01-20190823175900-snapshot.jpg
1,0,20190823,180100,86,2,1087,427,1155,493,Aug30_0/01-20190823180100-snapshot.jpg
1,0,20190823,180100,88,2,1203,297,1297,366,Aug30_0/01-20190823180100-snapshot.jpg
1,0,20190823,180300,81,2,1567,764,1623,843,Aug30_0/01-20190823180300-snapshot.jpg
1,0,20190823,180500,79,2,270,500,344,554,Aug30_0/01-20190823180500-snapshot.jpg
1,0,20190823,180530,81,2,1261,893,1331,970,Aug30_0/01-20190823180530-snapshot.jpg
1,0,20190823,180630,88,2,454,629,544,700,Aug30_0/01-20190823180630-snapshot.jpg
1,0,20190823,180630,88,2,241,901,331,963,Aug30_0/01-20190823180630-snapshot.jpg
1,0,20190823,180630,89,2,743,298,802,386,Aug30_0/01-20190823180630-snapshot.jpg
1,0,20190823,180700,85,2,1161,16,1236,83,Aug30_0/01-20190823180700-snapshot.jpg
1,0,20190823,180800,90,2,790,308,856,403,Aug30_0/01-20190823180800-snapshot.jpg
1,0,20190823,180830,87,2,493,476,591,543,Aug30_0/01-20190823180830-snapshot.jpg
1,0,20190823,180900,86,2,1691,316,1751,388,Aug30_0/01-20190823180900-snapshot.jpg
1,0,20190823,180900,91,2,1297,480,1377,542,Aug30_0/01-20190823180900-snapshot.jpg
1,0,20190823,180930,85,2,1263,37,1321,110,Aug30_0/01-20190823180930-snapshot.jpg
1,0,20190823,181200,77,2,1518,873,1599,927,Aug30_0/01-20190823181200-snapshot.jpg
1,0,20190823,181230,83,2,938,415,995,484,Aug30_0/01-20190823181230-snapshot.jpg
1,0,20190823,181300,86,2,1046,239,1102,313,Aug30_0/01-20190823181300-snapshot.jpg
1,0,20190823,181330,74,2,1216,5,1295,72,Aug30_0/01-20190823181330-snapshot.jpg
1,0,20190823,181330,87,2,1753,289,1831,357,Aug30_0/01-20190823181330-snapshot.jpg
1,0,20190823,181330,87,2,732,46,791,130,Aug30_0/01-20190823181330-snapshot.jpg
1,0,20190823,181600,85,2,661,308,722,389,Aug30_0/01-20190823181600-snapshot.jpg
1,0,20190823,181630,88,2,1679,438,1768,492,Aug30_0/01-20190823181630-snapshot.jpg
1,0,20190823,181700,87,2,1279,907,1373,983,Aug30_0/01-20190823181700-snapshot.jpg
1,0,20190823,181730,87,2,974,179,1031,255,Aug30_0/01-20190823181730-snapshot.jpg
1,0,20190823,181800,87,2,1000,297,1092,349,Aug30_0/01-20190823181800-snapshot.jpg
1,0,20190823,182030,86,2,767,841,864,903,Aug30_0/01-20190823182030-snapshot.jpg
1,0,20190823,182230,84,2,1248,68,1305,141,Aug30_0/01-20190823182230-snapshot.jpg
1,0,20190823,182230,85,2,1052,379,1113,462,Aug30_0/01-20190823182230-snapshot.jpg
1,0,20190823,182600,85,8,1115,435,1173,522,Aug30_0/01-20190823182600-snapshot.jpg
1,0,20190823,182730,86,2,994,52,1049,120,Aug30_0/01-20190823182730-snapshot.jpg
1,0,20190823,182800,87,2,1115,600,1195,668,Aug30_0/01-20190823182800-snapshot.jpg
1,0,20190823,182900,68,2,1065,1034,1124,1080,Aug30_0/01-20190823182900-snapshot.jpg
1,0,20190823,182900,84,2,1632,299,1689,376,Aug30_0/01-20190823182900-snapshot.jpg
1,0,20190823,182900,85,2,976,104,1035,175,Aug30_0/01-20190823182900-snapshot.jpg
1,0,20190823,182930,88,2,839,230,935,296,Aug30_0/01-20190823182930-snapshot.jpg
1,0,20190823,183000,71,2,680,434,740,496,Aug30_0/01-20190823183000-snapshot.jpg
1,0,20190823,183030,86,2,1217,205,1304,271,Aug30_0/01-20190823183030-snapshot.jpg
1,0,20190823,183030,88,2,947,488,1041,549,Aug30_0/01-20190823183030-snapshot.jpg
1,0,20190823,183200,88,2,496,517,587,591,Aug30_0/01-20190823183200-snapshot.jpg
1,0,20190823,183430,84,3,887,232,979,325,Aug30_0/01-20190823183430-snapshot.jpg
1,0,20190823,183530,84,2,901,436,987,500,Aug30_0/01-20190823183530-snapshot.jpg
1,0,20190823,183700,83,2,1242,166,1322,215,Aug30_0/01-20190823183700-snapshot.jpg
1,0,20190823,183730,89,2,514,522,607,605,Aug30_0/01-20190823183730-snapshot.jpg
1,0,20190823,183800,85,2,1533,681,1620,734,Aug30_0/01-20190823183800-snapshot.jpg
1,0,20190823,183900,86,2,1372,780,1451,855,Aug30_0/01-20190823183900-snapshot.jpg
1,0,20190823,183930,80,2,692,454,773,509,Aug30_0/01-20190823183930-snapshot.jpg
1,0,20190823,184000,82,2,1268,938,1338,1024,Aug30_0/01-20190823184000-snapshot.jpg
1,0,20190823,184030,86,2,1237,174,1291,243,Aug30_0/01-20190823184030-snapshot.jpg
1,0,20190823,184130,83,2,1238,890,1313,963,Aug30_0/01-20190823184130-snapshot.jpg
1,0,20190823,184130,83,2,772,12,846,64,Aug30_0/01-20190823184130-snapshot.jpg
1,0,20190823,184300,82,2,1007,131,1074,201,Aug30_0/01-20190823184300-snapshot.jpg
1,0,20190823,184330,88,2,728,286,792,365,Aug30_0/01-20190823184330-snapshot.jpg
1,0,20190823,184400,87,2,1736,266,1821,344,Aug30_0/01-20190823184400-snapshot.jpg
1,0,20190823,184530,86,2,640,340,723,407,Aug30_0/01-20190823184530-snapshot.jpg
1,0,20190823,184530,88,2,254,921,318,1009,Aug30_0/01-20190823184530-snapshot.jpg
1,0,20190823,184600,78,2,637,63,698,137,Aug30_0/01-20190823184600-snapshot.jpg
1,0,20190823,184600,85,2,1197,555,1300,647,Aug30_0/01-20190823184600-snapshot.jpg
1,0,20190823,184600,88,2,1406,865,1500,925,Aug30_0/01-20190823184600-snapshot.jpg
1,0,20190823,184630,85,2,256,875,340,953,Aug30_0/01-20190823184630-snapshot.jpg
1,0,20190823,184730,80,2,257,500,332,563,Aug30_0/01-20190823184730-snapshot.jpg
1,0,20190823,184730,85,2,776,17,830,88,Aug30_0/01-20190823184730-snapshot.jpg
1,0,20190823,184800,71,2,0,735,48,790,Aug30_0/01-20190823184800-snapshot.jpg
1,0,20190823,184800,81,2,1023,264,1093,332,Aug30_0/01-20190823184800-snapshot.jpg
1,0,20190823,184900,89,2,1082,942,1162,1011,Aug30_0/01-20190823184900-snapshot.jpg
1,0,20190823,185130,57,2,1215,41,1272,85,Aug30_0/01-20190823185130-snapshot.jpg
1,0,20190823,185200,87,2,833,221,928,289,Aug30_0/01-20190823185200-snapshot.jpg
1,0,20190823,185230,82,2,251,918,321,994,Aug30_0/01-20190823185230-snapshot.jpg
1,0,20190823,185400,68,2,490,570,553,637,Aug30_0/01-20190823185400-snapshot.jpg
1,0,20190823,185500,84,2,596,632,688,689,Aug30_0/01-20190823185500-snapshot.jpg
1,0,20190823,185500,89,2,784,51,860,111,Aug30_0/01-20190823185500-snapshot.jpg
1,0,20190823,185600,88,2,1074,518,1167,584,Aug30_0/01-20190823185600-snapshot.jpg
1,0,20190823,185830,88,2,791,301,889,369,Aug30_0/01-20190823185830-snapshot.jpg
1,0,20190823,185900,84,2,1384,857,1466,930,Aug30_0/01-20190823185900-snapshot.jpg
1,0,20190823,185930,75,2,365,477,419,547,Aug30_0/01-20190823185930-snapshot.jpg
1,0,20190823,190000,85,2,749,228,803,300,Aug30_0/01-20190823190000-snapshot.jpg
1,0,20190823,190000,86,2,1270,115,1332,195,Aug30_0/01-20190823190000-snapshot.jpg
1,0,20190823,190030,81,2,1117,2,1207,60,Aug30_0/01-20190823190030-snapshot.jpg
1,0,20190823,190030,88,2,1169,274,1263,337,Aug30_0/01-20190823190030-snapshot.jpg
1,0,20190823,190100,86,2,731,389,824,448,Aug30_0/01-20190823190100-snapshot.jpg
1,0,20190823,190100,87,2,1143,690,1201,776,Aug30_0/01-20190823190100-snapshot.jpg
1,0,20190823,190130,83,2,1024,1006,1100,1080,Aug30_0/01-20190823190130-snapshot.jpg
1,0,20190823,190200,87,2,662,366,747,433,Aug30_0/01-20190823190200-snapshot.jpg
1,0,20190823,190630,82,2,285,870,383,933,Aug30_0/01-20190823190630-snapshot.jpg
1,0,20190823,190630,86,2,1472,746,1561,796,Aug30_0/01-20190823190630-snapshot.jpg
1,0,20190823,190800,50,2,730,227,801,278,Aug30_0/01-20190823190800-snapshot.jpg
1,0,20190823,191230,87,2,1756,299,1834,367,Aug30_0/01-20190823191230-snapshot.jpg
1,0,20190823,191330,88,2,383,814,463,898,Aug30_0/01-20190823191330-snapshot.jpg
1,0,20190823,191330,88,2,917,392,983,482,Aug30_0/01-20190823191330-snapshot.jpg
1,0,20190823,191400,88,2,456,571,555,639,Aug30_0/01-20190823191400-snapshot.jpg
1,0,20190823,191530,88,2,670,269,750,339,Aug30_0/01-20190823191530-snapshot.jpg
1,0,20190823,191800,88,2,1247,218,1308,301,Aug30_0/01-20190823191800-snapshot.jpg
1,0,20190823,192530,85,2,675,400,732,481,Aug30_0/01-20190823192530-snapshot.jpg
1,0,20190823,192600,89,2,1088,545,1170,618,Aug30_0/01-20190823192600-snapshot.jpg
1,0,20190823,192630,87,2,1053,1014,1141,1076,Aug30_0/01-20190823192630-snapshot.jpg
1,0,20190823,192830,87,2,1782,327,1859,385,Aug30_0/01-20190823192830-snapshot.jpg
1,0,20190823,192900,88,2,844,202,931,267,Aug30_0/01-20190823192900-snapshot.jpg
1,0,20190823,192930,87,2,413,612,480,707,Aug30_0/01-20190823192930-snapshot.jpg
1,0,20190823,193000,86,2,1240,73,1300,152,Aug30_0/01-20190823193000-snapshot.jpg
1,0,20190823,193030,83,2,716,9,792,77,Aug30_0/01-20190823193030-snapshot.jpg
1,0,20190823,193400,84,2,902,428,968,502,Aug30_0/01-20190823193400-snapshot.jpg
1,0,20190823,193430,87,2,336,831,434,900,Aug30_0/01-20190823193430-snapshot.jpg
1,0,20190823,193500,84,2,624,17,687,109,Aug30_0/01-20190823193500-snapshot.jpg
1,0,20190823,194200,88,2,327,527,416,598,Aug30_0/01-20190823194200-snapshot.jpg
1,0,20190823,194300,89,2,1604,321,1695,385,Aug30_0/01-20190823194300-snapshot.jpg
1,0,20190823,194800,84,2,273,510,344,582,Aug30_0/01-20190823194800-snapshot.jpg
1,0,20190823,194830,87,2,906,265,964,352,Aug30_0/01-20190823194830-snapshot.jpg
1,0,20190823,194900,88,2,1642,444,1707,534,Aug30_0/01-20190823194900-snapshot.jpg
1,0,20190823,195130,82,2,953,13,1023,80,Aug30_0/01-20190823195130-snapshot.jpg
1,0,20190823,195200,85,2,1251,148,1312,234,Aug30_0/01-20190823195200-snapshot.jpg
1,0,20190823,195200,86,4,1017,299,1093,384,Aug30_0/01-20190823195200-snapshot.jpg
1,0,20190823,195200,88,2,1697,309,1786,372,Aug30_0/01-20190823195200-snapshot.jpg
1,0,20190823,195230,89,2,1625,560,1719,626,Aug30_0/01-20190823195230-snapshot.jpg
1,0,20190823,195730,88,2,1503,726,1578,802,Aug30_0/01-20190823195730-snapshot.jpg
1,0,20190823,200000,89,2,1036,443,1117,507,Aug30_0/01-20190823200000-snapshot.jpg
1,0,20190823,200130,25,8,1522,609,1603,712,Aug30_0/01-20190823200130-snapshot.jpg
1,0,20190823,200130,49,2,1523,609,1602,711,Aug30_0/01-20190823200130-snapshot.jpg
1,0,20190823,200530,81,2,260,1021,325,1080,Aug30_0/01-20190823200530-snapshot.jpg
1,0,20190823,200700,87,2,686,347,748,430,Aug30_0/01-20190823200700-snapshot.jpg
1,0,20190823,200730,86,2,782,192,872,259,Aug30_0/01-20190823200730-snapshot.jpg
1,0,20190823,201300,88,2,788,267,849,350,Aug30_0/01-20190823201300-snapshot.jpg
1,0,20190823,202730,89,4,499,494,596,580,Aug30_0/01-20190823202730-snapshot.jpg
1,0,20190825,063700,83,8,1595,622,1688,693,Aug30_0/110-20190825063700-snapshot.jpg
1,0,20190825,073130,86,2,81,709,172,777,Aug30_0/127-20190825073130-snapshot.jpg
1,0,20190825,073200,86,2,1775,215,1892,291,Aug30_0/127-20190825073200-snapshot.jpg
1,0,20190825,084730,84,2,476,514,563,590,Aug30_0/137-20190825084730-snapshot.jpg
1,0,20190825,084900,35,4,465,1009,540,1078,Aug30_0/137-20190825084900-snapshot.jpg
1,0,20190825,084900,63,2,466,1007,539,1076,Aug30_0/137-20190825084900-snapshot.jpg
1,0,20190825,085030,78,2,251,829,334,903,Aug30_0/137-20190825085030-snapshot.jpg
1,0,20190825,085430,86,2,982,251,1042,331,Aug30_0/137-20190825085430-snapshot.jpg
1,0,20190825,091200,80,8,311,718,399,778,Aug30_0/138-20190825091200-snapshot.jpg
1,0,20190825,091700,77,2,1007,303,1066,386,Aug30_0/139-20190825091700-snapshot.jpg
1,0,20190825,093100,78,2,287,885,364,969,Aug30_0/140-20190825093100-snapshot.jpg
1,0,20190825,093300,84,2,1012,335,1095,407,Aug30_0/140-20190825093300-snapshot.jpg
1,0,20190825,093330,86,2,644,323,702,412,Aug30_0/140-20190825093330-snapshot.jpg
1,0,20190825,093330,86,2,639,683,723,746,Aug30_0/140-20190825093330-snapshot.jpg
1,0,20190825,093430,73,2,1,962,91,1044,Aug30_0/140-20190825093430-snapshot.jpg
1,0,20190825,093600,77,2,1344,667,1402,728,Aug30_0/140-20190825093600-snapshot.jpg
1,0,20190825,093730,84,2,602,107,681,183,Aug30_0/140-20190825093730-snapshot.jpg
1,0,20190825,094030,86,2,1812,22,1917,79,Aug30_0/140-20190825094030-snapshot.jpg
1,0,20190825,094100,84,2,643,302,704,374,Aug30_0/140-20190825094100-snapshot.jpg
1,0,20190825,094430,84,1,395,66,440,103,Aug30_0/140-20190825094430-snapshot.jpg
1,0,20190825,094500,44,1,788,153,834,190,Aug30_0/140-20190825094500-snapshot.jpg
1,0,20190825,094500,77,1,351,83,389,116,Aug30_0/140-20190825094500-snapshot.jpg
1,0,20190825,094530,89,2,1028,581,1110,653,Aug30_0/140-20190825094530-snapshot.jpg
1,0,20190825,094630,82,2,869,130,952,184,Aug30_0/140-20190825094630-snapshot.jpg
1,0,20190825,094830,81,1,271,87,311,122,Aug30_0/140-20190825094830-snapshot.jpg
1,0,20190825,095000,85,1,682,197,721,233,Aug30_0/140-20190825095000-snapshot.jpg
1,0,20190825,095200,85,2,1017,148,1098,225,Aug30_0/140-20190825095200-snapshot.jpg
1,0,20190825,095200,87,2,301,875,392,953,Aug30_0/140-20190825095200-snapshot.jpg
1,0,20190825,095230,85,2,727,66,791,143,Aug30_0/140-20190825095230-snapshot.jpg
1,0,20190825,095400,90,2,1476,745,1566,802,Aug30_0/140-20190825095400-snapshot.jpg
1,0,20190825,095430,76,2,1592,522,1665,602,Aug30_0/140-20190825095430-snapshot.jpg
1,0,20190825,095500,87,2,683,428,774,508,Aug30_0/140-20190825095500-snapshot.jpg
1,0,20190825,095530,85,2,870,26,935,87,Aug30_0/140-20190825095530-snapshot.jpg
1,0,20190825,095730,87,2,1189,59,1290,123,Aug30_0/140-20190825095730-snapshot.jpg
1,0,20190825,095730,87,2,1370,690,1426,776,Aug30_0/140-20190825095730-snapshot.jpg
1,0,20190825,095830,81,2,468,655,545,756,Aug30_0/140-20190825095830-snapshot.jpg
1,0,20190825,095900,83,2,1577,477,1655,526,Aug30_0/140-20190825095900-snapshot.jpg
1,0,20190825,095930,74,2,1682,153,1752,197,Aug30_0/140-20190825095930-snapshot.jpg
1,0,20190825,100030,86,2,747,17,826,78,Aug30_0/140-20190825100030-snapshot.jpg
1,0,20190825,100100,83,2,411,585,482,666,Aug30_0/140-20190825100100-snapshot.jpg
1,0,20190825,100130,87,2,773,270,861,341,Aug30_0/140-20190825100130-snapshot.jpg
1,0,20190825,100400,85,2,638,117,728,173,Aug30_0/140-20190825100400-snapshot.jpg
1,0,20190825,100500,66,2,633,19,696,74,Aug30_0/140-20190825100500-snapshot.jpg
1,0,20190825,100500,72,2,1574,386,1629,434,Aug30_0/140-20190825100500-snapshot.jpg
1,0,20190825,100530,84,2,1036,341,1100,408,Aug30_0/140-20190825100530-snapshot.jpg
1,0,20190825,100600,51,2,641,312,695,367,Aug30_0/140-20190825100600-snapshot.jpg
1,0,20190825,100600,86,2,1634,503,1724,569,Aug30_0/140-20190825100600-snapshot.jpg
1,0,20190825,100700,85,2,300,873,383,952,Aug30_0/140-20190825100700-snapshot.jpg
1,0,20190825,100900,67,2,224,847,301,918,Aug30_0/140-20190825100900-snapshot.jpg
1,0,20190825,100930,85,2,272,859,369,916,Aug30_0/140-20190825100930-snapshot.jpg
1,0,20190825,100930,86,2,974,582,1064,643,Aug30_0/140-20190825100930-snapshot.jpg
1,0,20190825,101000,87,2,1509,754,1607,815,Aug30_0/140-20190825101000-snapshot.jpg
1,0,20190825,101200,76,2,794,175,853,240,Aug30_0/140-20190825101200-snapshot.jpg
1,0,20190825,101200,89,2,1133,210,1229,265,Aug30_0/140-20190825101200-snapshot.jpg
1,0,20190825,101300,62,2,1576,511,1668,585,Aug30_0/140-20190825101300-snapshot.jpg
1,0,20190825,101400,88,2,354,682,450,749,Aug30_0/140-20190825101400-snapshot.jpg
1,0,20190825,101430,87,2,663,391,726,482,Aug30_0/140-20190825101430-snapshot.jpg
1,0,20190825,101500,83,2,961,569,1024,651,Aug30_0/140-20190825101500-snapshot.jpg
1,0,20190825,101530,80,2,608,99,670,174,Aug30_0/140-20190825101530-snapshot.jpg
1,0,20190825,101530,83,2,1497,429,1555,491,Aug30_0/140-20190825101530-snapshot.jpg
1,0,20190825,101600,83,2,316,818,380,903,Aug30_0/140-20190825101600-snapshot.jpg
1,0,20190825,101600,84,2,933,45,1006,91,Aug30_0/140-20190825101600-snapshot.jpg
1,0,20190825,101700,88,2,1059,14,1139,100,Aug30_0/140-20190825101700-snapshot.jpg
1,0,20190825,101730,75,2,1622,853,1683,931,Aug30_0/140-20190825101730-snapshot.jpg
1,0,20190825,101730,87,2,688,425,771,487,Aug30_0/140-20190825101730-snapshot.jpg
1,0,20190825,101900,80,2,896,18,949,77,Aug30_0/140-20190825101900-snapshot.jpg
1,0,20190825,101930,62,2,776,64,858,121,Aug30_0/140-20190825101930-snapshot.jpg
1,0,20190825,101930,87,2,1637,421,1722,484,Aug30_0/140-20190825101930-snapshot.jpg
1,0,20190825,102000,87,2,990,577,1080,635,Aug30_0/140-20190825102000-snapshot.jpg
1,0,20190825,102100,86,2,978,219,1050,296,Aug30_0/140-20190825102100-snapshot.jpg
1,0,20190825,102400,85,2,1208,213,1291,284,Aug30_0/140-20190825102400-snapshot.jpg
1,0,20190825,102630,85,2,697,461,757,543,Aug30_0/140-20190825102630-snapshot.jpg
1,0,20190825,102700,81,2,1081,26,1176,84,Aug30_0/140-20190825102700-snapshot.jpg
1,0,20190825,102730,84,2,641,29,732,86,Aug30_0/140-20190825102730-snapshot.jpg
1,0,20190825,102800,85,2,1241,71,1329,141,Aug30_0/140-20190825102800-snapshot.jpg
1,0,20190825,102830,85,2,1177,775,1271,823,Aug30_0/140-20190825102830-snapshot.jpg
1,0,20190825,103030,85,2,370,842,455,906,Aug30_0/140-20190825103030-snapshot.jpg
1,0,20190825,103230,85,2,700,8,782,73,Aug30_0/140-20190825103230-snapshot.jpg
1,0,20190825,103300,84,2,608,110,688,183,Aug30_0/140-20190825103300-snapshot.jpg
1,0,20190825,103300,87,2,655,273,718,365,Aug30_0/140-20190825103300-snapshot.jpg
1,0,20190825,103330,81,2,950,609,1044,668,Aug30_0/140-20190825103330-snapshot.jpg
1,0,20190825,103330,87,2,1071,126,1169,188,Aug30_0/140-20190825103330-snapshot.jpg
1,0,20190825,103400,81,2,1605,504,1661,587,Aug30_0/140-20190825103400-snapshot.jpg
1,0,20190825,103430,45,2,781,182,850,243,Aug30_0/140-20190825103430-snapshot.jpg
1,0,20190825,103600,90,2,740,374,833,435,Aug30_0/140-20190825103600-snapshot.jpg
1,0,20190825,103630,73,2,1210,12,1285,66,Aug30_0/140-20190825103630-snapshot.jpg
1,0,20190825,103630,88,2,1654,395,1743,451,Aug30_0/140-20190825103630-snapshot.jpg
1,0,20190825,103700,85,2,1209,922,1307,978,Aug30_0/140-20190825103700-snapshot.jpg
1,0,20190825,103700,87,2,627,330,715,399,Aug30_0/140-20190825103700-snapshot.jpg
1,0,20190825,104000,78,2,241,494,315,556,Aug30_0/140-20190825104000-snapshot.jpg
1,0,20190825,104030,63,2,0,838,56,909,Aug30_0/140-20190825104030-snapshot.jpg
1,0,20190825,104030,87,2,939,390,1019,450,Aug30_0/140-20190825104030-snapshot.jpg
1,0,20190825,104130,87,2,1490,678,1547,764,Aug30_0/140-20190825104130-snapshot.jpg
1,0,20190825,104200,73,2,613,117,677,188,Aug30_0/140-20190825104200-snapshot.jpg
1,0,20190825,104200,78,2,424,624,495,704,Aug30_0/140-20190825104200-snapshot.jpg
1,0,20190825,104230,72,2,1574,473,1669,531,Aug30_0/140-20190825104230-snapshot.jpg
1,0,20190825,104230,86,2,815,188,891,276,Aug30_0/140-20190825104230-snapshot.jpg
1,0,20190825,104430,87,2,745,390,840,460,Aug30_0/140-20190825104430-snapshot.jpg
1,0,20190825,104500,81,2,237,467,315,541,Aug30_0/140-20190825104500-snapshot.jpg
1,0,20190825,104500,81,2,1208,69,1290,145,Aug30_0/140-20190825104500-snapshot.jpg
1,0,20190825,104530,82,2,716,81,777,168,Aug30_0/140-20190825104530-snapshot.jpg
1,0,20190825,104700,61,2,696,238,751,300,Aug30_0/140-20190825104700-snapshot.jpg
1,0,20190825,104700,88,3,1606,403,1707,474,Aug30_0/140-20190825104700-snapshot.jpg
1,0,20190825,105030,82,2,1013,84,1069,167,Aug30_0/140-20190825105030-snapshot.jpg
1,0,20190825,105130,78,2,939,421,1031,471,Aug30_0/140-20190825105130-snapshot.jpg
1,0,20190825,105200,67,2,1541,406,1597,471,Aug30_0/140-20190825105200-snapshot.jpg
1,0,20190825,105200,87,2,939,51,998,125,Aug30_0/140-20190825105200-snapshot.jpg
1,0,20190825,105230,80,2,275,500,333,567,Aug30_0/140-20190825105230-snapshot.jpg
1,0,20190825,105230,85,2,771,196,852,261,Aug30_0/140-20190825105230-snapshot.jpg
1,0,20190825,105300,82,2,645,328,703,406,Aug30_0/140-20190825105300-snapshot.jpg
1,0,20190825,105330,88,2,798,449,884,515,Aug30_0/140-20190825105330-snapshot.jpg
1,0,20190825,105400,84,2,1425,453,1511,534,Aug30_0/140-20190825105400-snapshot.jpg
1,0,20190825,105430,84,2,1592,511,1677,580,Aug30_0/140-20190825105430-snapshot.jpg
1,0,20190825,105430,86,2,1211,836,1285,925,Aug30_0/140-20190825105430-snapshot.jpg
1,0,20190825,105430,89,2,795,295,849,387,Aug30_0/140-20190825105430-snapshot.jpg
1,0,20190825,105630,86,2,561,728,663,784,Aug30_0/140-20190825105630-snapshot.jpg
1,0,20190825,105830,85,2,1332,693,1402,765,Aug30_0/140-20190825105830-snapshot.jpg
1,0,20190825,105930,58,2,740,197,810,249,Aug30_0/140-20190825105930-snapshot.jpg
1,0,20190825,110030,79,2,1422,648,1473,716,Aug30_0/140-20190825110030-snapshot.jpg
1,0,20190825,110030,87,2,1003,612,1059,692,Aug30_0/140-20190825110030-snapshot.jpg
1,0,20190825,110030,89,2,1137,917,1229,983,Aug30_0/140-20190825110030-snapshot.jpg
1,0,20190825,110100,86,2,886,344,961,408,Aug30_0/140-20190825110100-snapshot.jpg
1,0,20190825,110130,85,2,471,651,553,730,Aug30_0/140-20190825110130-snapshot.jpg
1,0,20190825,110130,85,2,621,694,710,751,Aug30_0/140-20190825110130-snapshot.jpg
1,0,20190825,110330,74,2,590,34,675,112,Aug30_0/140-20190825110330-snapshot.jpg
1,0,20190825,110430,82,2,426,617,500,696,Aug30_0/140-20190825110430-snapshot.jpg
1,0,20190825,110430,86,2,1009,300,1064,374,Aug30_0/140-20190825110430-snapshot.jpg
1,0,20190825,110500,82,2,1357,868,1451,939,Aug30_0/140-20190825110500-snapshot.jpg
1,0,20190825,110500,84,2,911,46,986,101,Aug30_0/140-20190825110500-snapshot.jpg
1,0,20190825,110530,82,2,994,338,1075,409,Aug30_0/140-20190825110530-snapshot.jpg
1,0,20190825,110600,87,2,1305,731,1388,799,Aug30_0/140-20190825110600-snapshot.jpg
1,0,20190825,110630,78,2,1679,153,1735,215,Aug30_0/140-20190825110630-snapshot.jpg
1,0,20190825,110630,86,2,765,455,842,527,Aug30_0/140-20190825110630-snapshot.jpg
1,0,20190825,110700,87,2,740,294,824,385,Aug30_0/140-20190825110700-snapshot.jpg
1,0,20190825,110730,87,2,1227,100,1290,188,Aug30_0/140-20190825110730-snapshot.jpg
1,0,20190825,110900,36,2,574,833,658,911,Aug30_0/140-20190825110900-snapshot.jpg
1,0,20190825,110900,74,9,573,829,655,912,Aug30_0/140-20190825110900-snapshot.jpg
1,0,20190825,110900,81,2,955,40,1018,90,Aug30_0/140-20190825110900-snapshot.jpg
1,0,20190825,110900,84,2,1638,482,1739,540,Aug30_0/140-20190825110900-snapshot.jpg
1,0,20190825,110930,81,2,748,106,808,177,Aug30_0/140-20190825110930-snapshot.jpg
1,0,20190825,110930,84,1,1863,182,1910,223,Aug30_0/140-20190825110930-snapshot.jpg
1,0,20190825,111000,84,2,752,182,809,249,Aug30_0/140-20190825111000-snapshot.jpg
1,0,20190825,111130,85,3,761,238,859,313,Aug30_0/140-20190825111130-snapshot.jpg
1,0,20190825,111330,87,2,1364,710,1447,788,Aug30_0/140-20190825111330-snapshot.jpg
1,0,20190825,111400,86,2,703,481,771,559,Aug30_0/140-20190825111400-snapshot.jpg
1,0,20190825,111400,87,2,1126,236,1197,324,Aug30_0/140-20190825111400-snapshot.jpg
1,0,20190825,111530,85,2,647,358,703,442,Aug30_0/140-20190825111530-snapshot.jpg
1,0,20190825,111600,86,2,970,562,1028,642,Aug30_0/140-20190825111600-snapshot.jpg
1,0,20190825,111700,63,2,219,882,291,952,Aug30_0/140-20190825111700-snapshot.jpg
1,0,20190825,111700,85,2,1819,5,1910,79,Aug30_0/140-20190825111700-snapshot.jpg
1,0,20190825,111730,85,2,1382,858,1464,933,Aug30_0/140-20190825111730-snapshot.jpg
1,0,20190825,111730,87,2,1471,690,1547,759,Aug30_0/140-20190825111730-snapshot.jpg
1,0,20190825,111800,84,2,1070,233,1124,307,Aug30_0/140-20190825111800-snapshot.jpg
1,0,20190825,111830,84,2,707,545,787,602,Aug30_0/140-20190825111830-snapshot.jpg
1,0,20190825,111830,87,2,669,358,752,429,Aug30_0/140-20190825111830-snapshot.jpg
1,0,20190825,111900,75,2,1569,496,1656,546,Aug30_0/140-20190825111900-snapshot.jpg
1,0,20190825,111900,85,2,970,172,1054,229,Aug30_0/140-20190825111900-snapshot.jpg
1,0,20190825,111930,88,2,1431,458,1527,524,Aug30_0/140-20190825111930-snapshot.jpg
1,0,20190825,112000,84,2,1503,713,1564,795,Aug30_0/140-20190825112000-snapshot.jpg
1,0,20190825,112230,80,2,1587,443,1681,492,Aug30_0/140-20190825112230-snapshot.jpg
1,0,20190825,112300,80,1,1692,920,1734,957,Aug30_0/140-20190825112300-snapshot.jpg
1,0,20190825,112330,67,2,658,3,733,65,Aug30_0/140-20190825112330-snapshot.jpg
1,0,20190825,112330,80,2,275,899,365,956,Aug30_0/140-20190825112330-snapshot.jpg
1,0,20190825,112330,84,2,1362,470,1442,521,Aug30_0/140-20190825112330-snapshot.jpg
1,0,20190825,112400,80,1,1500,599,1537,633,Aug30_0/140-20190825112400-snapshot.jpg
1,0,20190825,112430,87,1,1459,631,1499,669,Aug30_0/140-20190825112430-snapshot.jpg
1,0,20190825,112500,83,2,1320,803,1375,878,Aug30_0/140-20190825112500-snapshot.jpg
1,0,20190825,112500,87,1,1460,632,1500,669,Aug30_0/140-20190825112500-snapshot.jpg
1,0,20190825,112530,86,2,975,596,1036,681,Aug30_0/140-20190825112530-snapshot.jpg
1,0,20190825,112530,86,1,1459,631,1499,668,Aug30_0/140-20190825112530-snapshot.jpg
1,0,20190825,112600,85,2,726,255,794,326,Aug30_0/140-20190825112600-snapshot.jpg
1,0,20190825,112600,87,1,1460,632,1500,668,Aug30_0/140-20190825112600-snapshot.jpg
1,0,20190825,112630,86,2,726,214,800,279,Aug30_0/140-20190825112630-snapshot.jpg
1,0,20190825,112630,86,1,1460,632,1500,669,Aug30_0/140-20190825112630-snapshot.jpg
1,0,20190825,112700,86,2,761,480,837,552,Aug30_0/140-20190825112700-snapshot.jpg
1,0,20190825,112730,58,1,1577,218,1616,255,Aug30_0/140-20190825112730-snapshot.jpg
1,0,20190825,112730,85,2,1615,506,1695,589,Aug30_0/140-20190825112730-snapshot.jpg
1,0,20190825,112800,86,2,741,485,824,565,Aug30_0/140-20190825112800-snapshot.jpg
1,0,20190825,113030,85,2,931,53,989,129,Aug30_0/140-20190825113030-snapshot.jpg
1,0,20190825,113130,89,2,667,245,762,310,Aug30_0/140-20190825113130-snapshot.jpg
1,0,20190825,113300,85,2,462,568,558,622,Aug30_0/140-20190825113300-snapshot.jpg
1,0,20190825,113430,88,2,1041,602,1145,658,Aug30_0/140-20190825113430-snapshot.jpg
1,0,20190825,113500,86,2,949,155,1014,231,Aug30_0/140-20190825113500-snapshot.jpg
1,0,20190825,113530,87,2,1685,326,1774,388,Aug30_0/140-20190825113530-snapshot.jpg
1,0,20190825,113600,86,2,1442,459,1537,514,Aug30_0/140-20190825113600-snapshot.jpg
1,0,20190825,113600,88,2,1245,82,1340,149,Aug30_0/140-20190825113600-snapshot.jpg
1,0,20190825,113600,88,2,208,891,301,966,Aug30_0/140-20190825113600-snapshot.jpg
1,0,20190825,113630,84,2,652,5,731,76,Aug30_0/140-20190825113630-snapshot.jpg
1,0,20190825,113630,89,2,1022,124,1105,198,Aug30_0/140-20190825113630-snapshot.jpg
1,0,20190825,113730,87,2,858,36,932,91,Aug30_0/140-20190825113730-snapshot.jpg
1,0,20190825,113800,88,2,1353,461,1450,518,Aug30_0/140-20190825113800-snapshot.jpg
1,0,20190825,113830,82,2,1353,840,1415,906,Aug30_0/140-20190825113830-snapshot.jpg
1,0,20190825,114000,78,2,778,170,837,237,Aug30_0/140-20190825114000-snapshot.jpg
1,0,20190825,114030,78,2,1628,505,1688,580,Aug30_0/140-20190825114030-snapshot.jpg
1,0,20190825,114100,86,3,613,59,703,131,Aug30_0/140-20190825114100-snapshot.jpg
1,0,20190825,114130,84,2,924,342,999,421,Aug30_0/140-20190825114130-snapshot.jpg
1,0,20190825,114130,89,3,317,847,431,925,Aug30_0/140-20190825114130-snapshot.jpg
1,0,20190825,114230,87,2,955,422,1036,477,Aug30_0/140-20190825114230-snapshot.jpg
1,0,20190825,114300,82,2,1336,834,1418,884,Aug30_0/140-20190825114300-snapshot.jpg
1,0,20190825,114300,85,2,331,510,423,566,Aug30_0/140-20190825114300-snapshot.jpg
1,0,20190825,114300,86,2,636,683,720,740,Aug30_0/140-20190825114300-snapshot.jpg
1,0,20190825,114330,86,2,958,155,1011,233,Aug30_0/140-20190825114330-snapshot.jpg
1,0,20190825,114430,82,2,1358,675,1413,732,Aug30_0/140-20190825114430-snapshot.jpg
1,0,20190825,114600,86,2,1032,184,1084,257,Aug30_0/140-20190825114600-snapshot.jpg
1,0,20190825,114700,87,2,648,87,742,159,Aug30_0/140-20190825114700-snapshot.jpg
1,0,20190825,114700,87,2,989,654,1086,710,Aug30_0/140-20190825114700-snapshot.jpg
1,0,20190825,114830,82,2,1558,386,1626,440,Aug30_0/140-20190825114830-snapshot.jpg
1,0,20190825,115000,86,2,1193,675,1255,751,Aug30_0/140-20190825115000-snapshot.jpg
1,0,20190825,115030,87,2,1251,446,1339,510,Aug30_0/140-20190825115030-snapshot.jpg
1,0,20190825,115100,28,2,0,836,42,898,Aug30_0/140-20190825115100-snapshot.jpg
1,0,20190825,115100,76,2,609,103,665,167,Aug30_0/140-20190825115100-snapshot.jpg
1,0,20190825,115230,85,2,905,32,959,102,Aug30_0/140-20190825115230-snapshot.jpg
1,0,20190825,115300,77,2,1019,998,1107,1069,Aug30_0/140-20190825115300-snapshot.jpg
1,0,20190825,115300,78,2,1002,308,1058,387,Aug30_0/140-20190825115300-snapshot.jpg
1,0,20190825,115500,86,2,1695,132,1774,214,Aug30_0/140-20190825115500-snapshot.jpg
1,0,20190825,115500,87,2,915,39,987,93,Aug30_0/140-20190825115500-snapshot.jpg
1,0,20190825,115530,86,2,1588,532,1670,608,Aug30_0/140-20190825115530-snapshot.jpg
1,0,20190825,115530,89,2,787,230,883,294,Aug30_0/140-20190825115530-snapshot.jpg
1,0,20190825,115600,82,2,727,440,786,499,Aug30_0/140-20190825115600-snapshot.jpg
1,0,20190825,115630,86,2,298,265,389,316,Aug30_0/140-20190825115630-snapshot.jpg
1,0,20190825,115700,71,2,656,680,737,733,Aug30_0/140-20190825115700-snapshot.jpg
1,0,20190825,115700,85,2,1342,496,1432,568,Aug30_0/140-20190825115700-snapshot.jpg
1,0,20190825,115800,86,2,818,213,909,280,Aug30_0/140-20190825115800-snapshot.jpg
1,0,20190825,115830,72,2,704,0,770,47,Aug30_0/140-20190825115830-snapshot.jpg
1,0,20190825,115830,89,2,940,72,995,154,Aug30_0/140-20190825115830-snapshot.jpg
1,0,20190825,115900,86,2,1176,231,1272,286,Aug30_0/140-20190825115900-snapshot.jpg
1,0,20190825,115930,87,2,1625,495,1719,545,Aug30_0/140-20190825115930-snapshot.jpg
1,0,20190825,120000,85,2,1330,837,1395,921,Aug30_0/140-20190825120000-snapshot.jpg
1,0,20190825,120200,86,2,754,202,849,259,Aug30_0/140-20190825120200-snapshot.jpg
1,0,20190825,120330,80,2,201,567,271,658,Aug30_0/140-20190825120330-snapshot.jpg
1,0,20190825,120400,89,2,641,663,743,723,Aug30_0/140-20190825120400-snapshot.jpg
1,0,20190825,120500,74,2,857,37,925,83,Aug30_0/140-20190825120500-snapshot.jpg
1,0,20190825,120530,81,2,1238,702,1294,764,Aug30_0/140-20190825120530-snapshot.jpg
1,0,20190825,120600,87,2,957,565,1019,648,Aug30_0/140-20190825120600-snapshot.jpg
1,0,20190825,120600,89,3,906,92,990,166,Aug30_0/140-20190825120600-snapshot.jpg
1,0,20190825,120630,58,2,35,890,130,946,Aug30_0/140-20190825120630-snapshot.jpg
1,0,20190825,120630,85,2,217,502,298,569,Aug30_0/140-20190825120630-snapshot.jpg
1,0,20190825,120800,86,2,758,304,837,389,Aug30_0/140-20190825120800-snapshot.jpg
1,0,20190825,120900,85,2,750,173,808,247,Aug30_0/140-20190825120900-snapshot.jpg
1,0,20190825,121030,81,2,748,195,828,244,Aug30_0/140-20190825121030-snapshot.jpg
1,0,20190825,121030,87,2,1201,229,1294,312,Aug30_0/140-20190825121030-snapshot.jpg
1,0,20190825,121130,86,2,1411,829,1467,911,Aug30_0/140-20190825121130-snapshot.jpg
1,0,20190825,121230,86,2,920,136,979,205,Aug30_0/140-20190825121230-snapshot.jpg
1,0,20190825,121330,88,2,635,308,718,372,Aug30_0/140-20190825121330-snapshot.jpg
1,0,20190825,121400,82,2,739,190,804,254,Aug30_0/140-20190825121400-snapshot.jpg
1,0,20190825,121400,87,2,976,582,1055,643,Aug30_0/140-20190825121400-snapshot.jpg
1,0,20190825,121430,85,2,775,217,852,303,Aug30_0/140-20190825121430-snapshot.jpg
1,0,20190825,121500,85,2,1244,62,1318,131,Aug30_0/140-20190825121500-snapshot.jpg
1,0,20190825,121530,83,2,617,36,702,96,Aug30_0/140-20190825121530-snapshot.jpg
1,0,20190825,121600,74,2,562,414,640,470,Aug30_0/140-20190825121600-snapshot.jpg
1,0,20190825,121600,87,2,1736,332,1814,401,Aug30_0/140-20190825121600-snapshot.jpg
1,0,20190825,121630,86,2,259,892,343,967,Aug30_0/140-20190825121630-snapshot.jpg
1,0,20190825,121700,84,2,1682,132,1742,212,Aug30_0/140-20190825121700-snapshot.jpg
1,0,20190825,121730,87,2,1162,846,1222,924,Aug30_0/140-20190825121730-snapshot.jpg
1,0,20190825,121730,87,2,1269,510,1361,560,Aug30_0/140-20190825121730-snapshot.jpg
1,0,20190825,121800,84,2,658,35,754,93,Aug30_0/140-20190825121800-snapshot.jpg
1,0,20190825,121930,85,2,1561,408,1646,461,Aug30_0/140-20190825121930-snapshot.jpg
1,0,20190825,122100,88,2,794,196,880,286,Aug30_0/140-20190825122100-snapshot.jpg
1,0,20190825,122130,82,2,908,333,966,416,Aug30_0/140-20190825122130-snapshot.jpg
1,0,20190825,122200,87,2,1045,955,1134,1015,Aug30_0/140-20190825122200-snapshot.jpg
1,0,20190825,122330,86,2,1647,495,1731,560,Aug30_0/140-20190825122330-snapshot.jpg
1,0,20190825,122400,85,2,285,511,361,579,Aug30_0/140-20190825122400-snapshot.jpg
1,0,20190825,122600,84,2,261,869,333,952,Aug30_0/140-20190825122600-snapshot.jpg
1,0,20190825,122600,88,2,1643,413,1701,498,Aug30_0/140-20190825122600-snapshot.jpg
1,0,20190825,122630,79,2,1250,51,1314,111,Aug30_0/140-20190825122630-snapshot.jpg
1,0,20190825,122630,86,2,890,124,960,187,Aug30_0/140-20190825122630-snapshot.jpg
1,0,20190825,122700,86,2,777,400,875,452,Aug30_0/140-20190825122700-snapshot.jpg
1,0,20190825,122930,80,2,1349,414,1416,472,Aug30_0/140-20190825122930-snapshot.jpg
1,0,20190825,123030,34,2,717,210,789,269,Aug30_0/140-20190825123030-snapshot.jpg
1,0,20190825,123100,88,2,1041,278,1135,336,Aug30_0/140-20190825123100-snapshot.jpg
1,0,20190825,123130,87,2,716,110,801,188,Aug30_0/140-20190825123130-snapshot.jpg
1,0,20190825,123200,87,2,687,473,765,552,Aug30_0/140-20190825123200-snapshot.jpg
1,0,20190825,123230,83,2,602,47,671,114,Aug30_0/140-20190825123230-snapshot.jpg
1,0,20190825,123300,88,2,1385,813,1470,883,Aug30_0/140-20190825123300-snapshot.jpg
1,0,20190825,123330,76,2,605,126,683,186,Aug30_0/140-20190825123330-snapshot.jpg
1,0,20190825,123400,85,2,252,890,340,940,Aug30_0/140-20190825123400-snapshot.jpg
1,0,20190825,123400,87,2,1493,367,1551,445,Aug30_0/140-20190825123400-snapshot.jpg
1,0,20190825,123430,86,2,1183,731,1245,802,Aug30_0/140-20190825123430-snapshot.jpg
1,0,20190825,123500,84,2,361,505,445,563,Aug30_0/140-20190825123500-snapshot.jpg
1,0,20190825,123530,80,2,1026,6,1089,71,Aug30_0/140-20190825123530-snapshot.jpg
1,0,20190825,123530,82,2,833,481,919,548,Aug30_0/140-20190825123530-snapshot.jpg
1,0,20190825,123600,85,2,1337,465,1420,517,Aug30_0/140-20190825123600-snapshot.jpg
1,0,20190825,123600,85,2,849,200,929,279,Aug30_0/140-20190825123600-snapshot.jpg
1,0,20190825,123600,86,2,1241,55,1301,131,Aug30_0/140-20190825123600-snapshot.jpg
1,0,20190825,123600,88,2,950,947,1035,1001,Aug30_0/140-20190825123600-snapshot.jpg
1,0,20190825,123800,85,2,1005,304,1067,377,Aug30_0/140-20190825123800-snapshot.jpg
1,0,20190825,123900,85,2,1677,373,1755,438,Aug30_0/140-20190825123900-snapshot.jpg
1,0,20190825,123930,87,2,1169,886,1227,972,Aug30_0/140-20190825123930-snapshot.jpg
1,0,20190825,124000,87,2,483,653,571,722,Aug30_0/140-20190825124000-snapshot.jpg
1,0,20190825,124100,69,2,1766,529,1831,599,Aug30_0/140-20190825124100-snapshot.jpg
1,0,20190825,124300,81,2,0,870,97,924,Aug30_0/140-20190825124300-snapshot.jpg
1,0,20190825,124300,82,2,1343,434,1410,483,Aug30_0/140-20190825124300-snapshot.jpg
1,0,20190825,124300,85,2,1086,229,1158,292,Aug30_0/140-20190825124300-snapshot.jpg
1,0,20190825,124330,77,2,1336,861,1419,907,Aug30_0/140-20190825124330-snapshot.jpg
1,0,20190825,124430,83,2,675,445,748,508,Aug30_0/140-20190825124430-snapshot.jpg
1,0,20190825,124430,86,2,749,198,843,258,Aug30_0/140-20190825124430-snapshot.jpg
1,0,20190825,124600,87,2,1435,427,1519,487,Aug30_0/140-20190825124600-snapshot.jpg
1,0,20190825,124630,77,2,661,3,742,71,Aug30_0/140-20190825124630-snapshot.jpg
1,0,20190825,124700,75,8,98,701,187,763,Aug30_0/140-20190825124700-snapshot.jpg
1,0,20190825,124700,88,2,1186,402,1278,459,Aug30_0/140-20190825124700-snapshot.jpg
1,0,20190825,124800,85,2,1552,377,1622,443,Aug30_0/140-20190825124800-snapshot.jpg
1,0,20190825,124830,84,2,1008,956,1089,1014,Aug30_0/140-20190825124830-snapshot.jpg
1,0,20190825,124830,86,2,752,498,839,553,Aug30_0/140-20190825124830-snapshot.jpg
1,0,20190825,124930,84,2,1427,698,1495,768,Aug30_0/140-20190825124930-snapshot.jpg
1,0,20190825,124930,87,2,1677,258,1738,336,Aug30_0/140-20190825124930-snapshot.jpg
1,0,20190825,124930,88,2,954,408,1052,471,Aug30_0/140-20190825124930-snapshot.jpg
1,0,20190825,125000,88,2,1265,454,1356,517,Aug30_0/140-20190825125000-snapshot.jpg
1,0,20190825,125000,89,2,237,841,325,923,Aug30_0/140-20190825125000-snapshot.jpg
1,0,20190825,125100,82,2,712,123,788,191,Aug30_0/140-20190825125100-snapshot.jpg
1,0,20190825,125130,83,2,1231,65,1309,130,Aug30_0/140-20190825125130-snapshot.jpg
1,0,20190825,125130,88,2,926,948,1020,1006,Aug30_0/140-20190825125130-snapshot.jpg
1,0,20190825,125200,74,2,692,1,774,45,Aug30_0/140-20190825125200-snapshot.jpg
1,0,20190825,125200,83,2,1318,843,1394,897,Aug30_0/140-20190825125200-snapshot.jpg
1,0,20190825,125200,86,2,1235,43,1315,104,Aug30_0/140-20190825125200-snapshot.jpg
1,0,20190825,125230,88,2,728,405,789,491,Aug30_0/140-20190825125230-snapshot.jpg
1,0,20190825,125300,86,2,698,29,787,102,Aug30_0/140-20190825125300-snapshot.jpg
1,0,20190825,125330,85,2,348,822,407,902,Aug30_0/140-20190825125330-snapshot.jpg
1,0,20190825,125330,86,2,1696,444,1754,518,Aug30_0/140-20190825125330-snapshot.jpg
1,0,20190825,125330,86,2,1035,16,1109,96,Aug30_0/140-20190825125330-snapshot.jpg
1,0,20190825,125500,85,2,1327,851,1410,918,Aug30_0/140-20190825125500-snapshot.jpg
1,0,20190825,125500,90,2,818,396,903,480,Aug30_0/140-20190825125500-snapshot.jpg
1,0,20190825,125600,86,2,1829,335,1910,393,Aug30_0/140-20190825125600-snapshot.jpg
1,0,20190825,125630,81,2,744,197,837,255,Aug30_0/140-20190825125630-snapshot.jpg
1,0,20190825,125800,85,2,618,387,705,457,Aug30_0/140-20190825125800-snapshot.jpg
1,0,20190825,125800,87,2,1013,302,1066,377,Aug30_0/140-20190825125800-snapshot.jpg
1,0,20190825,125830,82,2,609,102,673,172,Aug30_0/140-20190825125830-snapshot.jpg
1,0,20190825,125830,82,2,1025,21,1111,72,Aug30_0/140-20190825125830-snapshot.jpg
1,0,20190825,125830,86,2,692,157,751,241,Aug30_0/140-20190825125830-snapshot.jpg
1,0,20190825,125900,58,2,673,0,746,52,Aug30_0/140-20190825125900-snapshot.jpg
1,0,20190825,125900,80,2,630,676,705,748,Aug30_0/140-20190825125900-snapshot.jpg
1,0,20190825,125900,86,2,1012,186,1072,260,Aug30_0/140-20190825125900-snapshot.jpg
1,0,20190825,130030,85,8,357,109,443,182,Aug30_0/140-20190825130030-snapshot.jpg
1,0,20190825,130030,86,2,931,36,988,107,Aug30_0/140-20190825130030-snapshot.jpg
1,0,20190825,130200,81,2,1662,163,1748,219,Aug30_0/140-20190825130200-snapshot.jpg
1,0,20190825,130200,86,2,1171,329,1254,393,Aug30_0/140-20190825130200-snapshot.jpg
1,0,20190825,130430,87,2,963,557,1022,648,Aug30_0/140-20190825130430-snapshot.jpg
1,0,20190825,130500,78,2,669,75,766,141,Aug30_0/140-20190825130500-snapshot.jpg
1,0,20190825,130500,85,2,896,57,948,131,Aug30_0/140-20190825130500-snapshot.jpg
1,0,20190825,130530,80,2,1341,458,1394,522,Aug30_0/140-20190825130530-snapshot.jpg
1,0,20190825,130630,83,2,1493,420,1545,488,Aug30_0/140-20190825130630-snapshot.jpg
1,0,20190825,130700,86,2,320,753,378,844,Aug30_0/140-20190825130700-snapshot.jpg
1,0,20190825,130730,87,2,669,120,762,173,Aug30_0/140-20190825130730-snapshot.jpg
1,0,20190825,130800,82,2,87,279,150,350,Aug30_0/140-20190825130800-snapshot.jpg
1,0,20190825,130900,85,2,329,839,389,929,Aug30_0/140-20190825130900-snapshot.jpg
1,0,20190825,130900,87,2,917,91,977,165,Aug30_0/140-20190825130900-snapshot.jpg
1,0,20190825,130900,87,2,1197,435,1251,526,Aug30_0/140-20190825130900-snapshot.jpg
1,0,20190825,130930,86,2,1035,197,1097,272,Aug30_0/140-20190825130930-snapshot.jpg
1,0,20190825,130930,87,2,1185,244,1276,312,Aug30_0/140-20190825130930-snapshot.jpg
1,0,20190825,131000,87,2,1672,377,1728,446,Aug30_0/140-20190825131000-snapshot.jpg
1,0,20190825,131030,86,2,634,320,710,401,Aug30_0/140-20190825131030-snapshot.jpg
1,0,20190825,131300,87,2,1289,374,1366,440,Aug30_0/140-20190825131300-snapshot.jpg
1,0,20190825,131300,88,2,914,49,993,114,Aug30_0/140-20190825131300-snapshot.jpg
1,0,20190825,131400,85,2,1591,498,1650,583,Aug30_0/140-20190825131400-snapshot.jpg
1,0,20190825,131500,80,2,710,216,782,275,Aug30_0/140-20190825131500-snapshot.jpg
1,0,20190825,131530,87,2,1126,216,1222,268,Aug30_0/140-20190825131530-snapshot.jpg
1,0,20190825,131600,85,2,1036,316,1090,383,Aug30_0/140-20190825131600-snapshot.jpg
1,0,20190825,131600,86,2,1555,401,1642,462,Aug30_0/140-20190825131600-snapshot.jpg
1,0,20190825,131600,87,2,686,426,778,494,Aug30_0/140-20190825131600-snapshot.jpg
1,0,20190825,132100,84,2,1328,824,1402,892,Aug30_0/140-20190825132100-snapshot.jpg
1,0,20190825,132200,86,2,1550,402,1629,463,Aug30_0/140-20190825132200-snapshot.jpg
1,0,20190825,132300,85,2,1340,517,1423,576,Aug30_0/140-20190825132300-snapshot.jpg
1,0,20190825,132300,87,2,1019,456,1104,534,Aug30_0/140-20190825132300-snapshot.jpg
1,0,20190825,132330,87,2,1288,354,1363,441,Aug30_0/140-20190825132330-snapshot.jpg
1,0,20190825,132500,86,2,1177,215,1235,291,Aug30_0/140-20190825132500-snapshot.jpg
1,0,20190825,132530,61,2,212,853,295,927,Aug30_0/140-20190825132530-snapshot.jpg
1,0,20190825,132530,84,8,727,579,826,630,Aug30_0/140-20190825132530-snapshot.jpg
1,0,20190825,132530,85,2,612,570,696,640,Aug30_0/140-20190825132530-snapshot.jpg
1,0,20190825,132700,86,2,873,28,955,84,Aug30_0/140-20190825132700-snapshot.jpg
1,0,20190825,132730,58,2,1118,6,1183,66,Aug30_0/140-20190825132730-snapshot.jpg
1,0,20190825,132730,83,2,1344,436,1400,501,Aug30_0/140-20190825132730-snapshot.jpg
1,0,20190825,132730,84,2,496,657,579,745,Aug30_0/140-20190825132730-snapshot.jpg
1,0,20190825,132730,88,2,250,910,341,965,Aug30_0/140-20190825132730-snapshot.jpg
1,0,20190825,132800,82,2,980,138,1033,217,Aug30_0/140-20190825132800-snapshot.jpg
1,0,20190825,132800,88,2,679,111,767,180,Aug30_0/140-20190825132800-snapshot.jpg
1,0,20190825,132800,88,2,711,203,792,264,Aug30_0/140-20190825132800-snapshot.jpg
1,0,20190825,132830,87,2,903,81,988,139,Aug30_0/140-20190825132830-snapshot.jpg
1,0,20190825,132930,78,2,685,448,738,513,Aug30_0/140-20190825132930-snapshot.jpg
1,0,20190825,132930,85,2,1566,633,1628,709,Aug30_0/140-20190825132930-snapshot.jpg
1,0,20190825,132930,89,2,1357,693,1439,761,Aug30_0/140-20190825132930-snapshot.jpg
1,0,20190825,133000,75,2,304,441,387,493,Aug30_0/140-20190825133000-snapshot.jpg
1,0,20190825,133000,83,2,747,214,803,276,Aug30_0/140-20190825133000-snapshot.jpg
1,0,20190825,133000,84,2,1302,845,1362,922,Aug30_0/140-20190825133000-snapshot.jpg
1,0,20190825,133000,86,2,265,906,359,966,Aug30_0/140-20190825133000-snapshot.jpg
1,0,20190825,133000,88,2,1203,619,1283,690,Aug30_0/140-20190825133000-snapshot.jpg
1,0,20190825,133130,88,2,1720,274,1811,352,Aug30_0/140-20190825133130-snapshot.jpg
1,0,20190825,133330,87,2,1016,290,1099,351,Aug30_0/140-20190825133330-snapshot.jpg
1,0,20190825,133400,71,2,228,878,288,938,Aug30_0/140-20190825133400-snapshot.jpg
1,0,20190825,133400,87,2,1384,702,1438,775,Aug30_0/140-20190825133400-snapshot.jpg
1,0,20190825,133430,87,2,692,321,798,384,Aug30_0/140-20190825133430-snapshot.jpg
1,0,20190825,133600,90,2,753,191,842,257,Aug30_0/140-20190825133600-snapshot.jpg
1,0,20190825,133630,82,2,1623,462,1682,539,Aug30_0/140-20190825133630-snapshot.jpg
1,0,20190825,133700,62,2,708,220,778,280,Aug30_0/140-20190825133700-snapshot.jpg
1,0,20190825,133700,86,2,1283,372,1366,436,Aug30_0/140-20190825133700-snapshot.jpg
1,0,20190825,133900,62,1,137,995,177,1028,Aug30_0/140-20190825133900-snapshot.jpg
1,0,20190825,133900,88,2,895,320,964,408,Aug30_0/140-20190825133900-snapshot.jpg
1,0,20190825,133900,90,2,889,131,974,190,Aug30_0/140-20190825133900-snapshot.jpg
1,0,20190825,134030,83,2,762,331,854,379,Aug30_0/140-20190825134030-snapshot.jpg
1,0,20190825,134100,86,2,1679,393,1736,466,Aug30_0/140-20190825134100-snapshot.jpg
1,0,20190825,134200,59,2,556,423,626,494,Aug30_0/140-20190825134200-snapshot.jpg
1,0,20190825,134230,85,2,724,108,804,177,Aug30_0/140-20190825134230-snapshot.jpg
1,0,20190825,134300,84,2,612,62,672,148,Aug30_0/140-20190825134300-snapshot.jpg
1,0,20190825,134330,55,2,446,789,507,859,Aug30_0/140-20190825134330-snapshot.jpg
1,0,20190825,134330,86,2,1120,575,1207,632,Aug30_0/140-20190825134330-snapshot.jpg
1,0,20190825,134330,88,2,855,134,933,208,Aug30_0/140-20190825134330-snapshot.jpg
1,0,20190825,134400,78,2,616,51,673,110,Aug30_0/140-20190825134400-snapshot.jpg
1,0,20190825,134400,87,2,300,897,387,969,Aug30_0/140-20190825134400-snapshot.jpg
1,0,20190825,134500,85,2,1344,452,1418,507,Aug30_0/140-20190825134500-snapshot.jpg
1,0,20190825,134530,85,2,1464,874,1561,936,Aug30_0/140-20190825134530-snapshot.jpg
1,0,20190825,134600,67,2,1662,179,1734,247,Aug30_0/140-20190825134600-snapshot.jpg
1,0,20190825,134600,78,2,611,127,690,192,Aug30_0/140-20190825134600-snapshot.jpg
1,0,20190825,134630,83,2,1333,488,1411,535,Aug30_0/140-20190825134630-snapshot.jpg
1,0,20190825,134700,81,2,991,651,1075,709,Aug30_0/140-20190825134700-snapshot.jpg
1,0,20190825,134700,83,2,625,18,710,79,Aug30_0/140-20190825134700-snapshot.jpg
1,0,20190825,134730,87,2,994,614,1057,693,Aug30_0/140-20190825134730-snapshot.jpg
1,0,20190825,134830,88,2,631,828,737,897,Aug30_0/140-20190825134830-snapshot.jpg
1,0,20190825,134900,83,2,824,140,878,214,Aug30_0/140-20190825134900-snapshot.jpg
1,0,20190825,134930,78,2,1021,205,1099,248,Aug30_0/140-20190825134930-snapshot.jpg
1,0,20190825,135000,70,2,699,480,758,543,Aug30_0/140-20190825135000-snapshot.jpg
1,0,20190825,135000,81,2,1218,496,1274,564,Aug30_0/140-20190825135000-snapshot.jpg
1,0,20190825,135100,85,2,531,679,625,742,Aug30_0/140-20190825135100-snapshot.jpg
1,0,20190825,135130,76,2,1053,5,1144,67,Aug30_0/140-20190825135130-snapshot.jpg
1,0,20190825,135130,86,2,657,276,736,353,Aug30_0/140-20190825135130-snapshot.jpg
1,0,20190825,135200,85,2,651,25,739,86,Aug30_0/140-20190825135200-snapshot.jpg
1,0,20190825,135230,86,2,1341,443,1419,491,Aug30_0/140-20190825135230-snapshot.jpg
1,0,20190825,135230,86,2,791,193,870,249,Aug30_0/140-20190825135230-snapshot.jpg
1,0,20190825,135300,84,2,1321,830,1383,906,Aug30_0/140-20190825135300-snapshot.jpg
1,0,20190825,135300,84,2,668,677,728,752,Aug30_0/140-20190825135300-snapshot.jpg
1,0,20190825,135300,86,2,905,117,958,179,Aug30_0/140-20190825135300-snapshot.jpg
1,0,20190825,135330,59,2,1238,695,1304,747,Aug30_0/140-20190825135330-snapshot.jpg
1,0,20190825,135330,70,2,1,834,57,904,Aug30_0/140-20190825135330-snapshot.jpg
1,0,20190825,135330,82,2,1558,406,1623,482,Aug30_0/140-20190825135330-snapshot.jpg
1,0,20190825,135400,47,2,1006,69,1065,117,Aug30_0/140-20190825135400-snapshot.jpg
1,0,20190825,135400,88,2,942,512,1033,580,Aug30_0/140-20190825135400-snapshot.jpg
1,0,20190825,135430,85,2,238,836,324,906,Aug30_0/140-20190825135430-snapshot.jpg
1,0,20190825,135530,85,2,1060,245,1136,312,Aug30_0/140-20190825135530-snapshot.jpg
1,0,20190825,135530,85,2,1554,391,1624,470,Aug30_0/140-20190825135530-snapshot.jpg
1,0,20190825,135600,71,2,739,198,805,251,Aug30_0/140-20190825135600-snapshot.jpg
1,0,20190825,135600,84,2,1690,362,1768,434,Aug30_0/140-20190825135600-snapshot.jpg
1,0,20190825,135630,86,2,1024,314,1096,385,Aug30_0/140-20190825135630-snapshot.jpg
1,0,20190825,135700,89,2,1004,565,1091,626,Aug30_0/140-20190825135700-snapshot.jpg
1,0,20190825,135730,83,2,791,34,851,107,Aug30_0/140-20190825135730-snapshot.jpg
1,0,20190825,135730,86,2,1449,713,1531,786,Aug30_0/140-20190825135730-snapshot.jpg
1,0,20190825,135800,77,2,13,897,111,961,Aug30_0/140-20190825135800-snapshot.jpg
1,0,20190825,135800,86,2,967,556,1025,634,Aug30_0/140-20190825135800-snapshot.jpg
1,0,20190825,135830,55,2,1252,701,1313,751,Aug30_0/140-20190825135830-snapshot.jpg
1,0,20190825,135830,85,2,1045,9,1143,72,Aug30_0/140-20190825135830-snapshot.jpg
1,0,20190825,135930,84,2,306,524,369,590,Aug30_0/140-20190825135930-snapshot.jpg
1,0,20190825,135930,87,2,855,378,951,436,Aug30_0/140-20190825135930-snapshot.jpg
1,0,20190825,140000,88,2,792,318,891,393,Aug30_0/140-20190825140000-snapshot.jpg
1,0,20190825,140030,86,2,970,534,1027,625,Aug30_0/140-20190825140030-snapshot.jpg
1,0,20190825,140100,87,2,780,215,837,290,Aug30_0/140-20190825140100-snapshot.jpg
1,0,20190825,140130,83,2,626,13,705,79,Aug30_0/140-20190825140130-snapshot.jpg
1,0,20190825,140130,85,2,1660,462,1753,512,Aug30_0/140-20190825140130-snapshot.jpg
1,0,20190825,140130,88,2,1037,194,1118,251,Aug30_0/140-20190825140130-snapshot.jpg
1,0,20190825,140200,74,2,1670,166,1733,244,Aug30_0/140-20190825140200-snapshot.jpg
1,0,20190825,140230,73,2,382,399,461,449,Aug30_0/140-20190825140230-snapshot.jpg
1,0,20190825,140230,83,8,891,978,984,1034,Aug30_0/140-20190825140230-snapshot.jpg
1,0,20190825,140300,85,2,505,503,580,580,Aug30_0/140-20190825140300-snapshot.jpg
1,0,20190825,140300,88,2,1666,404,1728,482,Aug30_0/140-20190825140300-snapshot.jpg
1,0,20190825,140330,84,2,770,22,843,91,Aug30_0/140-20190825140330-snapshot.jpg
1,0,20190825,140400,83,2,650,691,710,766,Aug30_0/140-20190825140400-snapshot.jpg
1,0,20190825,140400,88,2,1666,343,1752,407,Aug30_0/140-20190825140400-snapshot.jpg
1,0,20190825,140430,79,2,0,820,70,873,Aug30_0/140-20190825140430-snapshot.jpg
1,0,20190825,140500,88,2,359,805,419,893,Aug30_0/140-20190825140500-snapshot.jpg
1,0,20190825,140630,87,2,1166,744,1223,822,Aug30_0/140-20190825140630-snapshot.jpg
1,0,20190825,140700,76,2,1272,752,1346,804,Aug30_0/140-20190825140700-snapshot.jpg
1,0,20190825,140700,87,2,683,250,779,307,Aug30_0/140-20190825140700-snapshot.jpg
1,0,20190825,140730,90,2,761,424,857,494,Aug30_0/140-20190825140730-snapshot.jpg
1,0,20190825,140800,88,2,469,864,568,925,Aug30_0/140-20190825140800-snapshot.jpg
1,0,20190825,140900,89,2,1030,247,1116,298,Aug30_0/140-20190825140900-snapshot.jpg
1,0,20190825,141100,85,2,682,451,760,527,Aug30_0/140-20190825141100-snapshot.jpg
1,0,20190825,141130,86,2,1098,236,1187,295,Aug30_0/140-20190825141130-snapshot.jpg
1,0,20190825,141230,86,2,746,16,831,67,Aug30_0/140-20190825141230-snapshot.jpg
1,0,20190825,141230,87,2,1676,336,1769,390,Aug30_0/140-20190825141230-snapshot.jpg
1,0,20190825,141300,82,2,226,866,298,924,Aug30_0/140-20190825141300-snapshot.jpg
1,0,20190825,141300,85,2,1472,418,1526,484,Aug30_0/140-20190825141300-snapshot.jpg
1,0,20190825,141330,85,2,638,314,710,396,Aug30_0/140-20190825141330-snapshot.jpg
1,0,20190825,141330,85,2,777,498,868,554,Aug30_0/140-20190825141330-snapshot.jpg
1,0,20190825,141400,86,2,933,176,1023,230,Aug30_0/140-20190825141400-snapshot.jpg
1,0,20190825,141430,79,2,638,19,700,86,Aug30_0/140-20190825141430-snapshot.jpg
1,0,20190825,141500,70,2,1418,767,1508,843,Aug30_0/140-20190825141500-snapshot.jpg
1,0,20190825,141530,87,2,1161,875,1219,963,Aug30_0/140-20190825141530-snapshot.jpg
1,0,20190825,141600,76,2,213,238,301,317,Aug30_0/140-20190825141600-snapshot.jpg
1,0,20190825,141600,83,2,704,199,770,261,Aug30_0/140-20190825141600-snapshot.jpg
1,0,20190825,141600,88,2,1000,302,1056,383,Aug30_0/140-20190825141600-snapshot.jpg
1,0,20190825,141700,89,2,810,339,898,420,Aug30_0/140-20190825141700-snapshot.jpg
1,0,20190825,141730,82,2,1612,13,1676,84,Aug30_0/140-20190825141730-snapshot.jpg
1,0,20190825,141830,85,2,942,39,1015,95,Aug30_0/140-20190825141830-snapshot.jpg
1,0,20190825,141900,84,2,1561,399,1626,474,Aug30_0/140-20190825141900-snapshot.jpg
1,0,20190825,141900,87,2,1682,240,1740,321,Aug30_0/140-20190825141900-snapshot.jpg
1,0,20190825,141930,85,2,319,283,370,357,Aug30_0/140-20190825141930-snapshot.jpg
1,0,20190825,142030,85,2,757,334,821,415,Aug30_0/140-20190825142030-snapshot.jpg
1,0,20190825,142100,88,2,654,491,733,574,Aug30_0/140-20190825142100-snapshot.jpg
1,0,20190825,142300,38,2,1352,515,1434,575,Aug30_0/140-20190825142300-snapshot.jpg
1,0,20190825,142430,87,2,1452,435,1511,511,Aug30_0/140-20190825142430-snapshot.jpg
1,0,20190825,142500,89,2,906,30,992,84,Aug30_0/140-20190825142500-snapshot.jpg
1,0,20190825,142530,86,2,1083,731,1167,794,Aug30_0/140-20190825142530-snapshot.jpg
1,0,20190825,142800,84,2,776,206,838,267,Aug30_0/140-20190825142800-snapshot.jpg
1,0,20190825,142830,82,2,643,23,728,80,Aug30_0/140-20190825142830-snapshot.jpg
1,0,20190825,142900,83,2,1342,690,1399,755,Aug30_0/140-20190825142900-snapshot.jpg
1,0,20190825,142900,85,2,884,139,964,193,Aug30_0/140-20190825142900-snapshot.jpg
1,0,20190825,142900,86,2,766,461,827,540,Aug30_0/140-20190825142900-snapshot.jpg
1,0,20190825,142930,85,2,1012,211,1088,265,Aug30_0/140-20190825142930-snapshot.jpg
1,0,20190825,142930,87,2,293,863,355,950,Aug30_0/140-20190825142930-snapshot.jpg
1,0,20190825,143000,89,2,865,75,920,148,Aug30_0/140-20190825143000-snapshot.jpg
1,0,20190825,143030,86,2,909,397,983,469,Aug30_0/140-20190825143030-snapshot.jpg
1,0,20190825,143100,84,2,989,212,1056,276,Aug30_0/140-20190825143100-snapshot.jpg
1,0,20190825,143200,86,2,594,399,675,471,Aug30_0/140-20190825143200-snapshot.jpg
1,0,20190825,143230,87,2,90,634,178,698,Aug30_0/140-20190825143230-snapshot.jpg
1,0,20190825,143300,87,4,931,370,1014,450,Aug30_0/140-20190825143300-snapshot.jpg
1,0,20190825,143530,83,2,187,914,277,991,Aug30_0/140-20190825143530-snapshot.jpg
1,0,20190825,143600,80,2,1678,153,1743,215,Aug30_0/140-20190825143600-snapshot.jpg
1,0,20190825,143630,86,2,1632,443,1726,500,Aug30_0/140-20190825143630-snapshot.jpg
1,0,20190825,143700,84,2,1209,28,1287,79,Aug30_0/140-20190825143700-snapshot.jpg
1,0,20190825,143700,86,2,949,188,1036,236,Aug30_0/140-20190825143700-snapshot.jpg
1,0,20190825,143700,87,2,1439,815,1541,873,Aug30_0/140-20190825143700-snapshot.jpg
1,0,20190825,143730,87,2,703,470,769,552,Aug30_0/140-20190825143730-snapshot.jpg
1,0,20190825,143830,86,2,253,871,335,935,Aug30_0/140-20190825143830-snapshot.jpg
1,0,20190825,143900,87,2,184,913,276,988,Aug30_0/140-20190825143900-snapshot.jpg
1,0,20190825,143930,68,2,660,3,740,55,Aug30_0/140-20190825143930-snapshot.jpg
1,0,20190825,143930,87,2,268,927,359,1006,Aug30_0/140-20190825143930-snapshot.jpg
1,0,20190825,144000,26,4,519,738,580,801,Aug30_0/140-20190825144000-snapshot.jpg
1,0,20190825,144100,72,2,1201,485,1254,552,Aug30_0/140-20190825144100-snapshot.jpg
1,0,20190825,144100,86,2,1636,318,1693,395,Aug30_0/140-20190825144100-snapshot.jpg
1,0,20190825,144130,82,2,1211,696,1277,771,Aug30_0/140-20190825144130-snapshot.jpg
1,0,20190825,144230,81,2,1634,249,1705,313,Aug30_0/140-20190825144230-snapshot.jpg
1,0,20190825,144230,90,2,773,190,869,256,Aug30_0/140-20190825144230-snapshot.jpg
1,0,20190825,144300,86,2,575,706,667,763,Aug30_0/140-20190825144300-snapshot.jpg
1,0,20190825,144300,87,2,731,473,811,545,Aug30_0/140-20190825144300-snapshot.jpg
1,0,20190825,144330,88,2,660,362,751,419,Aug30_0/140-20190825144330-snapshot.jpg
1,0,20190825,144400,84,2,1286,374,1368,440,Aug30_0/140-20190825144400-snapshot.jpg
1,0,20190825,144400,86,2,273,896,366,945,Aug30_0/140-20190825144400-snapshot.jpg
1,0,20190825,144530,84,2,1578,384,1633,453,Aug30_0/140-20190825144530-snapshot.jpg
1,0,20190825,144530,84,2,1367,263,1460,335,Aug30_0/140-20190825144530-snapshot.jpg
1,0,20190825,144530,91,2,993,244,1081,300,Aug30_0/140-20190825144530-snapshot.jpg
1,0,20190825,144600,87,2,1562,335,1622,408,Aug30_0/140-20190825144600-snapshot.jpg
1,0,20190825,144630,64,2,952,424,1012,497,Aug30_0/140-20190825144630-snapshot.jpg
1,0,20190825,144700,44,2,732,212,794,267,Aug30_0/140-20190825144700-snapshot.jpg
1,0,20190825,145000,87,2,623,713,711,777,Aug30_0/140-20190825145000-snapshot.jpg
1,0,20190825,145030,85,2,292,837,372,910,Aug30_0/140-20190825145030-snapshot.jpg
1,0,20190825,145030,87,2,786,259,846,353,Aug30_0/140-20190825145030-snapshot.jpg
1,0,20190825,145100,85,2,1671,142,1724,217,Aug30_0/140-20190825145100-snapshot.jpg
1,0,20190825,145130,80,2,1524,735,1606,793,Aug30_0/140-20190825145130-snapshot.jpg
1,0,20190825,145200,86,2,1110,228,1200,284,Aug30_0/140-20190825145200-snapshot.jpg
1,0,20190825,145230,86,2,1584,396,1655,457,Aug30_0/140-20190825145230-snapshot.jpg
1,0,20190825,145300,81,2,1040,36,1098,117,Aug30_0/140-20190825145300-snapshot.jpg
1,0,20190825,145330,82,2,673,683,729,761,Aug30_0/140-20190825145330-snapshot.jpg
1,0,20190825,145500,84,2,189,908,284,986,Aug30_0/140-20190825145500-snapshot.jpg
1,0,20190825,145500,86,2,701,136,782,193,Aug30_0/140-20190825145500-snapshot.jpg
1,0,20190825,145530,84,2,543,417,624,494,Aug30_0/140-20190825145530-snapshot.jpg
1,0,20190825,145530,89,2,1665,387,1726,469,Aug30_0/140-20190825145530-snapshot.jpg
1,0,20190825,145630,73,2,721,1,802,42,Aug30_0/140-20190825145630-snapshot.jpg
1,0,20190825,145700,86,4,1365,702,1426,778,Aug30_0/140-20190825145700-snapshot.jpg
1,0,20190825,145730,78,2,1179,8,1266,58,Aug30_0/140-20190825145730-snapshot.jpg
1,0,20190825,145800,85,2,1322,828,1385,900,Aug30_0/140-20190825145800-snapshot.jpg
1,0,20190825,145800,86,4,960,129,1021,211,Aug30_0/140-20190825145800-snapshot.jpg
1,0,20190825,145800,87,2,1291,413,1380,476,Aug30_0/140-20190825145800-snapshot.jpg
1,0,20190825,145830,89,4,1002,252,1094,317,Aug30_0/140-20190825145830-snapshot.jpg
1,0,20190825,145830,89,2,1054,6,1144,78,Aug30_0/140-20190825145830-snapshot.jpg
1,0,20190825,145900,87,2,915,116,976,196,Aug30_0/140-20190825145900-snapshot.jpg
1,0,20190825,150000,88,2,745,469,826,556,Aug30_0/140-20190825150000-snapshot.jpg
1,0,20190825,150030,85,2,640,303,712,380,Aug30_0/140-20190825150030-snapshot.jpg
1,0,20190825,150200,72,2,979,598,1034,674,Aug30_0/140-20190825150200-snapshot.jpg
1,0,20190825,150200,85,2,1530,859,1596,945,Aug30_0/140-20190825150200-snapshot.jpg
1,0,20190825,150230,79,2,615,26,676,100,Aug30_0/140-20190825150230-snapshot.jpg
1,0,20190825,150300,85,2,1217,172,1298,233,Aug30_0/140-20190825150300-snapshot.jpg
1,0,20190825,150300,86,2,649,407,723,471,Aug30_0/140-20190825150300-snapshot.jpg
1,0,20190825,150430,82,2,612,60,673,137,Aug30_0/140-20190825150430-snapshot.jpg
1,0,20190825,150600,84,2,208,897,288,966,Aug30_0/140-20190825150600-snapshot.jpg
1,0,20190825,150600,86,2,643,326,704,404,Aug30_0/140-20190825150600-snapshot.jpg
1,0,20190825,150630,85,2,1573,475,1668,538,Aug30_0/140-20190825150630-snapshot.jpg
1,0,20190825,150630,86,2,947,129,1002,203,Aug30_0/140-20190825150630-snapshot.jpg
1,0,20190825,150730,79,2,627,102,722,162,Aug30_0/140-20190825150730-snapshot.jpg
1,0,20190825,150800,86,2,742,300,825,369,Aug30_0/140-20190825150800-snapshot.jpg
1,0,20190825,150830,85,2,1342,516,1427,573,Aug30_0/140-20190825150830-snapshot.jpg
1,0,20190825,150930,86,2,1627,345,1683,424,Aug30_0/140-20190825150930-snapshot.jpg
1,0,20190825,151100,89,2,915,108,971,191,Aug30_0/140-20190825151100-snapshot.jpg
1,0,20190825,151130,90,2,1034,253,1119,308,Aug30_0/140-20190825151130-snapshot.jpg
1,0,20190825,151230,87,3,637,340,702,429,Aug30_0/140-20190825151230-snapshot.jpg
1,0,20190825,151300,84,2,624,707,699,777,Aug30_0/140-20190825151300-snapshot.jpg
1,0,20190825,151330,83,2,654,699,727,765,Aug30_0/140-20190825151330-snapshot.jpg
1,0,20190825,151330,87,2,1338,437,1417,486,Aug30_0/140-20190825151330-snapshot.jpg
1,0,20190825,151400,78,2,998,148,1079,198,Aug30_0/140-20190825151400-snapshot.jpg
1,0,20190825,151400,82,2,1086,252,1144,317,Aug30_0/140-20190825151400-snapshot.jpg
1,0,20190825,151400,85,2,1058,738,1144,807,Aug30_0/140-20190825151400-snapshot.jpg
1,0,20190825,151430,84,2,1135,1,1192,68,Aug30_0/140-20190825151430-snapshot.jpg
1,0,20190825,151430,89,2,1228,236,1322,298,Aug30_0/140-20190825151430-snapshot.jpg
1,0,20190825,151500,84,2,1218,501,1293,560,Aug30_0/140-20190825151500-snapshot.jpg
1,0,20190825,151700,88,2,1260,513,1347,567,Aug30_0/140-20190825151700-snapshot.jpg
1,0,20190825,151730,79,2,1447,461,1525,525,Aug30_0/140-20190825151730-snapshot.jpg
1,0,20190825,151830,87,2,296,829,394,897,Aug30_0/140-20190825151830-snapshot.jpg
1,0,20190825,152130,85,2,717,131,812,189,Aug30_0/140-20190825152130-snapshot.jpg
1,0,20190825,152200,77,2,1123,5,1197,67,Aug30_0/140-20190825152200-snapshot.jpg
1,0,20190825,152200,88,2,1371,825,1465,892,Aug30_0/140-20190825152200-snapshot.jpg
1,0,20190825,152200,89,2,828,50,912,113,Aug30_0/140-20190825152200-snapshot.jpg
1,0,20190825,152230,89,2,1338,456,1417,518,Aug30_0/140-20190825152230-snapshot.jpg
1,0,20190825,152300,84,2,1690,405,1778,458,Aug30_0/140-20190825152300-snapshot.jpg
1,0,20190825,152330,87,2,1462,414,1546,466,Aug30_0/140-20190825152330-snapshot.jpg
1,0,20190825,152400,72,2,692,245,760,305,Aug30_0/140-20190825152400-snapshot.jpg
1,0,20190825,152400,84,2,987,971,1045,1047,Aug30_0/140-20190825152400-snapshot.jpg
1,0,20190825,152430,87,2,755,338,851,395,Aug30_0/140-20190825152430-snapshot.jpg
1,0,20190825,152500,85,2,558,731,632,808,Aug30_0/140-20190825152500-snapshot.jpg
1,0,20190825,152530,85,2,809,87,888,153,Aug30_0/140-20190825152530-snapshot.jpg
1,0,20190825,152600,86,2,1552,641,1625,713,Aug30_0/140-20190825152600-snapshot.jpg
1,0,20190825,152630,82,2,1685,383,1751,437,Aug30_0/140-20190825152630-snapshot.jpg
1,0,20190825,152700,85,2,1708,421,1772,495,Aug30_0/140-20190825152700-snapshot.jpg
1,0,20190825,152730,85,2,1279,740,1336,820,Aug30_0/140-20190825152730-snapshot.jpg
1,0,20190825,152730,86,2,1106,935,1202,990,Aug30_0/140-20190825152730-snapshot.jpg
1,0,20190825,152830,71,2,390,436,456,498,Aug30_0/140-20190825152830-snapshot.jpg
1,0,20190825,152830,80,2,927,25,991,91,Aug30_0/140-20190825152830-snapshot.jpg
1,0,20190825,152900,69,1,525,83,571,126,Aug30_0/140-20190825152900-snapshot.jpg
1,0,20190825,152900,81,2,573,405,655,472,Aug30_0/140-20190825152900-snapshot.jpg
1,0,20190825,152900,85,2,964,644,1048,706,Aug30_0/140-20190825152900-snapshot.jpg
1,0,20190825,152900,87,2,1705,414,1796,483,Aug30_0/140-20190825152900-snapshot.jpg
1,0,20190825,152930,85,2,1348,870,1426,922,Aug30_0/140-20190825152930-snapshot.jpg
1,0,20190825,152930,87,2,782,306,886,372,Aug30_0/140-20190825152930-snapshot.jpg
1,0,20190825,153000,86,2,659,396,749,454,Aug30_0/140-20190825153000-snapshot.jpg
1,0,20190825,153230,81,2,854,33,925,91,Aug30_0/140-20190825153230-snapshot.jpg
1,0,20190825,153300,88,2,1226,448,1280,527,Aug30_0/140-20190825153300-snapshot.jpg
1,0,20190825,153330,72,2,692,0,761,61,Aug30_0/140-20190825153330-snapshot.jpg
1,0,20190825,153330,88,3,898,362,992,425,Aug30_0/140-20190825153330-snapshot.jpg
1,0,20190825,153430,86,3,235,492,303,577,Aug30_0/140-20190825153430-snapshot.jpg
1,0,20190825,153500,90,3,1328,764,1416,860,Aug30_0/140-20190825153500-snapshot.jpg
1,0,20190825,153600,71,2,600,21,688,104,Aug30_0/140-20190825153600-snapshot.jpg
1,0,20190825,153600,82,2,423,570,486,639,Aug30_0/140-20190825153600-snapshot.jpg
1,0,20190825,153600,84,2,217,848,299,924,Aug30_0/140-20190825153600-snapshot.jpg
1,0,20190825,153630,70,2,1801,419,1878,488,Aug30_0/140-20190825153630-snapshot.jpg
1,0,20190825,153630,84,2,718,121,818,175,Aug30_0/140-20190825153630-snapshot.jpg
1,0,20190825,153630,85,2,943,543,1027,605,Aug30_0/140-20190825153630-snapshot.jpg
1,0,20190825,153700,81,2,613,78,672,161,Aug30_0/140-20190825153700-snapshot.jpg
1,0,20190825,153700,84,2,222,858,300,921,Aug30_0/140-20190825153700-snapshot.jpg
1,0,20190825,153800,68,2,264,822,341,887,Aug30_0/140-20190825153800-snapshot.jpg
1,0,20190825,154000,88,2,913,95,972,178,Aug30_0/140-20190825154000-snapshot.jpg
1,0,20190825,154030,85,2,1250,467,1310,547,Aug30_0/140-20190825154030-snapshot.jpg
1,0,20190825,154100,86,2,1055,227,1115,300,Aug30_0/140-20190825154100-snapshot.jpg
1,0,20190825,154130,89,2,1690,242,1780,296,Aug30_0/140-20190825154130-snapshot.jpg
1,0,20190825,154200,84,2,1350,427,1413,477,Aug30_0/140-20190825154200-snapshot.jpg
1,0,20190825,154200,84,2,752,494,826,569,Aug30_0/140-20190825154200-snapshot.jpg
1,0,20190825,154200,88,2,1142,587,1206,667,Aug30_0/140-20190825154200-snapshot.jpg
1,0,20190825,154330,71,2,386,400,458,448,Aug30_0/140-20190825154330-snapshot.jpg
1,0,20190825,154430,81,2,775,200,845,253,Aug30_0/140-20190825154430-snapshot.jpg
1,0,20190825,154530,79,2,1654,264,1708,327,Aug30_0/140-20190825154530-snapshot.jpg
1,0,20190825,154530,89,2,925,85,981,164,Aug30_0/140-20190825154530-snapshot.jpg
1,0,20190825,154600,87,2,916,347,974,434,Aug30_0/140-20190825154600-snapshot.jpg
1,0,20190825,154630,42,2,1006,986,1078,1051,Aug30_0/140-20190825154630-snapshot.jpg
1,0,20190825,154630,86,2,891,143,981,194,Aug30_0/140-20190825154630-snapshot.jpg
1,0,20190825,154700,81,2,246,834,331,885,Aug30_0/140-20190825154700-snapshot.jpg
1,0,20190825,154700,84,2,990,155,1057,225,Aug30_0/140-20190825154700-snapshot.jpg
1,0,20190825,154730,86,2,253,709,316,803,Aug30_0/140-20190825154730-snapshot.jpg
1,0,20190825,154800,71,2,566,410,637,479,Aug30_0/140-20190825154800-snapshot.jpg
1,0,20190825,154830,86,2,1060,238,1135,298,Aug30_0/140-20190825154830-snapshot.jpg
1,0,20190825,154900,73,2,673,0,755,47,Aug30_0/140-20190825154900-snapshot.jpg
1,0,20190825,154930,85,2,1081,735,1140,811,Aug30_0/140-20190825154930-snapshot.jpg
1,0,20190825,154930,86,2,1298,340,1365,429,Aug30_0/140-20190825154930-snapshot.jpg
1,0,20190825,155000,86,2,916,31,990,78,Aug30_0/140-20190825155000-snapshot.jpg
1,0,20190825,155200,79,2,694,474,767,546,Aug30_0/140-20190825155200-snapshot.jpg
1,0,20190825,155200,85,2,1233,174,1312,247,Aug30_0/140-20190825155200-snapshot.jpg
1,0,20190825,155230,62,2,1150,2,1218,40,Aug30_0/140-20190825155230-snapshot.jpg
1,0,20190825,155300,88,2,841,452,936,518,Aug30_0/140-20190825155300-snapshot.jpg
1,0,20190825,155600,75,2,60,159,115,229,Aug30_0/140-20190825155600-snapshot.jpg
1,0,20190825,155630,85,2,916,48,974,119,Aug30_0/140-20190825155630-snapshot.jpg
1,0,20190825,155700,85,2,934,84,995,157,Aug30_0/140-20190825155700-snapshot.jpg
1,0,20190825,155730,84,2,783,497,863,569,Aug30_0/140-20190825155730-snapshot.jpg
1,0,20190825,155800,83,2,1225,518,1297,580,Aug30_0/140-20190825155800-snapshot.jpg
1,0,20190825,155830,81,2,948,959,1020,1038,Aug30_0/140-20190825155830-snapshot.jpg
1,0,20190825,155830,87,2,1680,268,1751,341,Aug30_0/140-20190825155830-snapshot.jpg
1,0,20190825,155930,76,2,602,25,687,107,Aug30_0/140-20190825155930-snapshot.jpg
1,0,20190825,160000,85,2,997,234,1051,297,Aug30_0/140-20190825160000-snapshot.jpg
1,0,20190825,160030,69,2,1112,4,1183,59,Aug30_0/140-20190825160030-snapshot.jpg
1,0,20190825,160100,87,2,1081,236,1173,306,Aug30_0/140-20190825160100-snapshot.jpg
1,0,20190825,160200,69,2,844,62,893,108,Aug30_0/140-20190825160200-snapshot.jpg
1,0,20190825,160330,83,2,1571,633,1637,704,Aug30_0/140-20190825160330-snapshot.jpg
1,0,20190825,160500,74,2,635,2,716,71,Aug30_0/140-20190825160500-snapshot.jpg
1,0,20190825,160530,87,2,912,111,973,191,Aug30_0/140-20190825160530-snapshot.jpg
1,0,20190825,160600,84,2,1200,719,1253,783,Aug30_0/140-20190825160600-snapshot.jpg
1,0,20190825,160600,87,2,1248,186,1331,247,Aug30_0/140-20190825160600-snapshot.jpg
1,0,20190825,160700,83,2,559,731,640,803,Aug30_0/140-20190825160700-snapshot.jpg
1,0,20190825,160730,81,2,1684,240,1748,303,Aug30_0/140-20190825160730-snapshot.jpg
1,0,20190825,160730,87,2,1222,75,1337,141,Aug30_0/140-20190825160730-snapshot.jpg
1,0,20190825,160730,87,2,1105,621,1186,690,Aug30_0/140-20190825160730-snapshot.jpg
1,0,20190825,160730,88,2,717,407,781,492,Aug30_0/140-20190825160730-snapshot.jpg
1,0,20190825,160830,90,2,1192,196,1274,268,Aug30_0/140-20190825160830-snapshot.jpg
1,0,20190825,160900,88,2,917,93,969,178,Aug30_0/140-20190825160900-snapshot.jpg
1,0,20190825,160900,89,2,844,450,938,525,Aug30_0/140-20190825160900-snapshot.jpg
1,0,20190825,161030,88,3,720,233,803,325,Aug30_0/140-20190825161030-snapshot.jpg
1,0,20190825,161030,88,2,1024,944,1103,1019,Aug30_0/140-20190825161030-snapshot.jpg
1,0,20190825,161100,87,2,627,25,714,84,Aug30_0/140-20190825161100-snapshot.jpg
1,0,20190825,161130,70,2,616,96,677,169,Aug30_0/140-20190825161130-snapshot.jpg
1,0,20190825,161230,71,2,23,994,112,1059,Aug30_0/140-20190825161230-snapshot.jpg
1,0,20190825,161330,84,2,937,388,994,461,Aug30_0/140-20190825161330-snapshot.jpg
1,0,20190825,161330,85,2,1636,354,1716,416,Aug30_0/140-20190825161330-snapshot.jpg
1,0,20190825,161400,85,2,1374,838,1461,909,Aug30_0/140-20190825161400-snapshot.jpg
1,0,20190825,161400,85,2,872,128,957,179,Aug30_0/140-20190825161400-snapshot.jpg
1,0,20190825,161530,83,2,777,486,840,556,Aug30_0/140-20190825161530-snapshot.jpg
1,0,20190825,161530,84,2,273,859,343,936,Aug30_0/140-20190825161530-snapshot.jpg
1,0,20190825,161600,86,2,967,973,1050,1054,Aug30_0/140-20190825161600-snapshot.jpg
1,0,20190825,161730,80,2,739,57,825,122,Aug30_0/140-20190825161730-snapshot.jpg
1,0,20190825,161800,74,3,643,4,729,62,Aug30_0/140-20190825161800-snapshot.jpg
1,0,20190825,161800,85,2,1036,211,1098,267,Aug30_0/140-20190825161800-snapshot.jpg
1,0,20190825,161830,87,3,1089,235,1189,300,Aug30_0/140-20190825161830-snapshot.jpg
1,0,20190825,162030,88,2,304,839,387,919,Aug30_0/140-20190825162030-snapshot.jpg
1,0,20190825,162100,86,2,633,326,714,387,Aug30_0/140-20190825162100-snapshot.jpg
1,0,20190825,162130,78,2,381,444,441,513,Aug30_0/140-20190825162130-snapshot.jpg
1,0,20190825,162130,82,2,823,96,896,143,Aug30_0/140-20190825162130-snapshot.jpg
1,0,20190825,162200,70,2,783,68,868,140,Aug30_0/140-20190825162200-snapshot.jpg
1,0,20190825,162200,87,2,727,426,787,517,Aug30_0/140-20190825162200-snapshot.jpg
1,0,20190825,162230,87,2,1039,282,1095,361,Aug30_0/140-20190825162230-snapshot.jpg
1,0,20190825,162230,87,2,1138,554,1237,614,Aug30_0/140-20190825162230-snapshot.jpg
1,0,20190825,162300,67,2,739,500,808,570,Aug30_0/140-20190825162300-snapshot.jpg
1,0,20190825,162400,82,2,26,490,103,570,Aug30_0/140-20190825162400-snapshot.jpg
1,0,20190825,162430,83,2,1266,59,1325,136,Aug30_0/140-20190825162430-snapshot.jpg
1,0,20190825,162500,86,2,1002,725,1067,821,Aug30_0/140-20190825162500-snapshot.jpg
1,0,20190825,162500,87,2,765,464,844,535,Aug30_0/140-20190825162500-snapshot.jpg
1,0,20190825,162530,84,2,1295,454,1378,497,Aug30_0/140-20190825162530-snapshot.jpg
1,0,20190825,162600,72,2,651,389,703,449,Aug30_0/140-20190825162600-snapshot.jpg
1,0,20190825,162700,83,2,1585,444,1646,515,Aug30_0/140-20190825162700-snapshot.jpg
1,0,20190825,162700,86,2,929,105,981,170,Aug30_0/140-20190825162700-snapshot.jpg
1,0,20190825,162700,88,2,1212,713,1304,770,Aug30_0/140-20190825162700-snapshot.jpg
1,0,20190825,162730,62,2,975,89,1041,155,Aug30_0/140-20190825162730-snapshot.jpg
1,0,20190825,162730,73,2,610,25,692,112,Aug30_0/140-20190825162730-snapshot.jpg
1,0,20190825,163000,85,8,1753,62,1825,148,Aug30_0/140-20190825163000-snapshot.jpg
1,0,20190825,163100,86,2,1004,1009,1090,1076,Aug30_0/140-20190825163100-snapshot.jpg
1,0,20190825,163130,84,2,1690,403,1774,453,Aug30_0/140-20190825163130-snapshot.jpg
1,0,20190825,163200,62,2,1037,202,1103,245,Aug30_0/140-20190825163200-snapshot.jpg
1,0,20190825,163230,79,2,1671,367,1744,425,Aug30_0/140-20190825163230-snapshot.jpg
1,0,20190825,163330,86,2,920,41,996,112,Aug30_0/140-20190825163330-snapshot.jpg
1,0,20190825,163430,88,2,193,902,280,978,Aug30_0/140-20190825163430-snapshot.jpg
1,0,20190825,163530,84,2,973,594,1062,654,Aug30_0/140-20190825163530-snapshot.jpg
1,0,20190825,163530,88,2,1199,195,1288,254,Aug30_0/140-20190825163530-snapshot.jpg
1,0,20190825,163600,65,2,529,736,587,801,Aug30_0/140-20190825163600-snapshot.jpg
1,0,20190825,163600,80,2,746,186,831,245,Aug30_0/140-20190825163600-snapshot.jpg
1,0,20190825,163600,86,2,1692,341,1782,397,Aug30_0/140-20190825163600-snapshot.jpg
1,0,20190825,163800,73,2,699,486,772,548,Aug30_0/140-20190825163800-snapshot.jpg
1,0,20190825,163800,84,2,1336,490,1410,546,Aug30_0/140-20190825163800-snapshot.jpg
1,0,20190825,163830,88,2,777,321,873,383,Aug30_0/140-20190825163830-snapshot.jpg
1,0,20190825,164000,46,2,599,0,667,50,Aug30_0/140-20190825164000-snapshot.jpg
1,0,20190825,164030,87,2,979,601,1068,667,Aug30_0/140-20190825164030-snapshot.jpg
1,0,20190825,164100,81,2,607,65,673,148,Aug30_0/140-20190825164100-snapshot.jpg
1,0,20190825,164100,88,2,722,210,823,272,Aug30_0/140-20190825164100-snapshot.jpg
1,0,20190825,164130,83,2,1669,152,1724,215,Aug30_0/140-20190825164130-snapshot.jpg
1,0,20190825,164130,84,2,1355,710,1423,792,Aug30_0/140-20190825164130-snapshot.jpg
1,0,20190825,164230,83,2,445,900,534,955,Aug30_0/140-20190825164230-snapshot.jpg
1,0,20190825,164230,89,2,1646,263,1726,320,Aug30_0/140-20190825164230-snapshot.jpg
1,0,20190825,164330,75,2,765,195,821,258,Aug30_0/140-20190825164330-snapshot.jpg
1,0,20190825,164330,83,2,947,970,1016,1044,Aug30_0/140-20190825164330-snapshot.jpg
1,0,20190825,164400,80,2,647,8,736,62,Aug30_0/140-20190825164400-snapshot.jpg
1,0,20190825,164400,82,2,965,553,1045,608,Aug30_0/140-20190825164400-snapshot.jpg
1,0,20190825,164430,85,2,1052,116,1137,190,Aug30_0/140-20190825164430-snapshot.jpg
1,0,20190825,164530,87,2,1712,277,1783,351,Aug30_0/140-20190825164530-snapshot.jpg
1,0,20190825,164600,78,2,1396,453,1457,504,Aug30_0/140-20190825164600-snapshot.jpg
1,0,20190825,164700,48,2,277,426,356,474,Aug30_0/140-20190825164700-snapshot.jpg
1,0,20190825,164730,85,2,836,47,916,111,Aug30_0/140-20190825164730-snapshot.jpg
1,0,20190825,164730,88,2,1568,659,1655,725,Aug30_0/140-20190825164730-snapshot.jpg
1,0,20190825,164830,78,2,643,43,707,122,Aug30_0/140-20190825164830-snapshot.jpg
1,0,20190825,164830,84,2,743,13,820,68,Aug30_0/140-20190825164830-snapshot.jpg
1,0,20190825,164900,86,2,1107,78,1194,160,Aug30_0/140-20190825164900-snapshot.jpg
1,0,20190825,164930,85,2,993,954,1046,1038,Aug30_0/140-20190825164930-snapshot.jpg
1,0,20190825,165000,88,2,737,193,827,251,Aug30_0/140-20190825165000-snapshot.jpg
1,0,20190825,165230,82,2,616,105,677,183,Aug30_0/140-20190825165230-snapshot.jpg
1,0,20190825,165300,85,2,948,160,1001,241,Aug30_0/140-20190825165300-snapshot.jpg
1,0,20190825,165330,30,2,698,225,768,290,Aug30_0/140-20190825165330-snapshot.jpg
1,0,20190825,165400,88,2,436,681,527,756,Aug30_0/140-20190825165400-snapshot.jpg
1,0,20190825,165430,32,2,1323,844,1379,916,Aug30_0/140-20190825165430-snapshot.jpg
1,0,20190825,165430,85,2,1672,143,1729,222,Aug30_0/140-20190825165430-snapshot.jpg
1,0,20190825,165430,86,2,829,191,908,252,Aug30_0/140-20190825165430-snapshot.jpg
1,0,20190825,165430,86,2,886,428,962,503,Aug30_0/140-20190825165430-snapshot.jpg
1,0,20190825,165500,87,2,875,106,937,179,Aug30_0/140-20190825165500-snapshot.jpg
1,0,20190825,165500,90,2,1534,792,1617,883,Aug30_0/140-20190825165500-snapshot.jpg
1,0,20190825,165530,83,2,616,80,678,154,Aug30_0/140-20190825165530-snapshot.jpg
1,0,20190825,165600,83,2,1121,21,1179,88,Aug30_0/140-20190825165600-snapshot.jpg
1,0,20190825,165730,75,2,574,416,650,479,Aug30_0/140-20190825165730-snapshot.jpg
1,0,20190825,165830,87,2,946,105,1031,155,Aug30_0/140-20190825165830-snapshot.jpg
1,0,20190825,165830,87,2,1691,373,1777,425,Aug30_0/140-20190825165830-snapshot.jpg
1,0,20190825,165900,85,2,1354,706,1438,757,Aug30_0/140-20190825165900-snapshot.jpg
1,0,20190825,165930,88,2,594,438,681,503,Aug30_0/140-20190825165930-snapshot.jpg
1,0,20190825,170000,86,2,732,472,818,542,Aug30_0/140-20190825170000-snapshot.jpg
1,0,20190825,170000,86,2,1597,471,1684,540,Aug30_0/140-20190825170000-snapshot.jpg
1,0,20190825,170000,87,2,877,411,960,480,Aug30_0/140-20190825170000-snapshot.jpg
1,0,20190825,170130,87,2,1209,777,1289,854,Aug30_0/140-20190825170130-snapshot.jpg
1,0,20190825,170200,58,2,411,6,511,65,Aug30_0/140-20190825170200-snapshot.jpg
1,0,20190825,170200,86,2,687,14,778,75,Aug30_0/140-20190825170200-snapshot.jpg
1,0,20190825,170230,87,2,1566,670,1640,755,Aug30_0/140-20190825170230-snapshot.jpg
1,0,20190825,170400,82,2,1551,753,1608,824,Aug30_0/140-20190825170400-snapshot.jpg
1,0,20190825,170430,85,2,1593,528,1677,589,Aug30_0/140-20190825170430-snapshot.jpg
1,0,20190825,170430,86,2,1787,306,1869,358,Aug30_0/140-20190825170430-snapshot.jpg
1,0,20190825,170500,85,2,828,67,899,133,Aug30_0/140-20190825170500-snapshot.jpg
1,0,20190825,170500,90,2,984,264,1076,325,Aug30_0/140-20190825170500-snapshot.jpg
1,0,20190825,170530,38,2,1225,11,1298,58,Aug30_0/140-20190825170530-snapshot.jpg
1,0,20190825,170530,83,2,1348,468,1428,513,Aug30_0/140-20190825170530-snapshot.jpg
1,0,20190825,170530,84,2,1384,871,1445,949,Aug30_0/140-20190825170530-snapshot.jpg
1,0,20190825,170630,84,2,936,35,1006,95,Aug30_0/140-20190825170630-snapshot.jpg
1,0,20190825,170630,87,2,1681,137,1739,217,Aug30_0/140-20190825170630-snapshot.jpg
1,0,20190825,170700,76,2,767,200,821,255,Aug30_0/140-20190825170700-snapshot.jpg
1,0,20190825,170700,85,2,1525,864,1608,945,Aug30_0/140-20190825170700-snapshot.jpg
1,0,20190825,170700,85,2,675,57,760,140,Aug30_0/140-20190825170700-snapshot.jpg
1,0,20190825,170730,61,2,633,23,708,86,Aug30_0/140-20190825170730-snapshot.jpg
1,0,20190825,170830,87,2,1114,208,1172,288,Aug30_0/140-20190825170830-snapshot.jpg
1,0,20190825,170900,87,4,1264,818,1370,891,Aug30_0/140-20190825170900-snapshot.jpg
1,0,20190825,170930,83,2,439,599,524,669,Aug30_0/140-20190825170930-snapshot.jpg
1,0,20190825,170930,87,2,1287,478,1380,537,Aug30_0/140-20190825170930-snapshot.jpg
1,0,20190825,171000,87,2,649,354,741,418,Aug30_0/140-20190825171000-snapshot.jpg
1,0,20190825,171030,84,2,1206,214,1294,281,Aug30_0/140-20190825171030-snapshot.jpg
1,0,20190825,171400,84,2,565,412,639,488,Aug30_0/140-20190825171400-snapshot.jpg
1,0,20190825,171400,86,2,1157,730,1215,803,Aug30_0/140-20190825171400-snapshot.jpg
1,0,20190825,171430,87,2,1569,639,1651,710,Aug30_0/140-20190825171430-snapshot.jpg
1,0,20190825,171500,66,2,252,839,306,907,Aug30_0/140-20190825171500-snapshot.jpg
1,0,20190825,171500,77,2,887,26,954,77,Aug30_0/140-20190825171500-snapshot.jpg
1,0,20190825,171500,82,2,404,575,486,641,Aug30_0/140-20190825171500-snapshot.jpg
1,0,20190825,171500,82,2,713,453,769,530,Aug30_0/140-20190825171500-snapshot.jpg
1,0,20190825,171500,86,2,1063,744,1130,818,Aug30_0/140-20190825171500-snapshot.jpg
1,0,20190825,171530,86,2,1244,84,1310,167,Aug30_0/140-20190825171530-snapshot.jpg
1,0,20190825,171600,89,2,865,370,951,449,Aug30_0/140-20190825171600-snapshot.jpg
1,0,20190825,171700,89,2,1284,363,1364,442,Aug30_0/140-20190825171700-snapshot.jpg
1,0,20190825,171730,83,2,1034,27,1088,95,Aug30_0/140-20190825171730-snapshot.jpg
1,0,20190825,171800,85,2,428,633,503,702,Aug30_0/140-20190825171800-snapshot.jpg
1,0,20190825,171800,86,2,1247,176,1311,254,Aug30_0/140-20190825171800-snapshot.jpg
1,0,20190825,171830,86,2,1657,354,1744,408,Aug30_0/140-20190825171830-snapshot.jpg
1,0,20190825,171900,78,2,286,511,348,578,Aug30_0/140-20190825171900-snapshot.jpg
1,0,20190825,172000,79,2,1316,840,1397,888,Aug30_0/140-20190825172000-snapshot.jpg
1,0,20190825,172030,78,2,552,434,640,486,Aug30_0/140-20190825172030-snapshot.jpg
1,0,20190825,172030,87,2,916,24,1000,77,Aug30_0/140-20190825172030-snapshot.jpg
1,0,20190825,172100,85,2,924,79,997,149,Aug30_0/140-20190825172100-snapshot.jpg
1,0,20190825,172430,56,2,1173,2,1233,42,Aug30_0/140-20190825172430-snapshot.jpg
1,0,20190825,172500,88,2,945,154,1032,210,Aug30_0/140-20190825172500-snapshot.jpg
1,0,20190825,172530,77,2,1131,4,1199,62,Aug30_0/140-20190825172530-snapshot.jpg
1,0,20190825,172530,87,2,1252,482,1332,559,Aug30_0/140-20190825172530-snapshot.jpg
1,0,20190825,172530,87,2,1040,653,1098,738,Aug30_0/140-20190825172530-snapshot.jpg
1,0,20190825,172730,82,2,570,418,648,479,Aug30_0/140-20190825172730-snapshot.jpg
1,0,20190825,172900,81,2,576,415,646,477,Aug30_0/140-20190825172900-snapshot.jpg
1,0,20190825,173030,82,2,606,89,669,160,Aug30_0/140-20190825173030-snapshot.jpg
1,0,20190825,173030,88,2,909,97,962,190,Aug30_0/140-20190825173030-snapshot.jpg
1,0,20190825,173200,85,2,1259,193,1325,266,Aug30_0/140-20190825173200-snapshot.jpg
1,0,20190825,173230,83,2,1233,477,1309,546,Aug30_0/140-20190825173230-snapshot.jpg
1,0,20190825,173230,88,2,903,82,954,170,Aug30_0/140-20190825173230-snapshot.jpg
1,0,20190825,173300,86,2,519,882,601,946,Aug30_0/140-20190825173300-snapshot.jpg
1,0,20190825,173300,86,2,578,718,672,770,Aug30_0/140-20190825173300-snapshot.jpg
1,0,20190825,173330,84,2,1492,411,1569,460,Aug30_0/140-20190825173330-snapshot.jpg
1,0,20190825,173330,87,2,898,14,975,72,Aug30_0/140-20190825173330-snapshot.jpg
1,0,20190825,173400,87,2,1528,736,1613,804,Aug30_0/140-20190825173400-snapshot.jpg
1,0,20190825,173500,88,2,806,319,895,386,Aug30_0/140-20190825173500-snapshot.jpg
1,0,20190825,173530,74,2,924,363,991,428,Aug30_0/140-20190825173530-snapshot.jpg
1,0,20190825,173530,89,2,1164,194,1245,275,Aug30_0/140-20190825173530-snapshot.jpg
1,0,20190825,173600,87,2,1719,317,1777,401,Aug30_0/140-20190825173600-snapshot.jpg
1,0,20190825,173630,86,2,1332,673,1387,743,Aug30_0/140-20190825173630-snapshot.jpg
1,0,20190825,174030,84,2,716,194,811,255,Aug30_0/140-20190825174030-snapshot.jpg
1,0,20190825,174030,85,2,1572,822,1633,894,Aug30_0/140-20190825174030-snapshot.jpg
1,0,20190825,174100,33,2,245,782,333,849,Aug30_0/140-20190825174100-snapshot.jpg
1,0,20190825,174100,83,2,293,810,387,869,Aug30_0/140-20190825174100-snapshot.jpg
1,0,20190825,174100,88,2,865,101,936,162,Aug30_0/140-20190825174100-snapshot.jpg
1,0,20190825,174130,85,2,653,336,742,413,Aug30_0/140-20190825174130-snapshot.jpg
1,0,20190825,174330,75,2,263,447,338,503,Aug30_0/140-20190825174330-snapshot.jpg
1,0,20190825,174400,77,2,630,16,716,67,Aug30_0/140-20190825174400-snapshot.jpg
1,0,20190825,174400,87,2,639,678,720,731,Aug30_0/140-20190825174400-snapshot.jpg
1,0,20190825,174430,85,2,945,225,1031,280,Aug30_0/140-20190825174430-snapshot.jpg
1,0,20190825,174530,68,2,743,199,801,252,Aug30_0/140-20190825174530-snapshot.jpg
1,0,20190825,174530,85,2,1643,442,1741,494,Aug30_0/140-20190825174530-snapshot.jpg
1,0,20190825,174530,87,2,1643,322,1698,402,Aug30_0/140-20190825174530-snapshot.jpg
1,0,20190825,174600,85,2,990,470,1063,537,Aug30_0/140-20190825174600-snapshot.jpg
1,0,20190825,174630,83,2,543,624,619,695,Aug30_0/140-20190825174630-snapshot.jpg
1,0,20190825,174700,85,2,1031,209,1109,260,Aug30_0/140-20190825174700-snapshot.jpg
1,0,20190825,174730,79,2,271,443,332,506,Aug30_0/140-20190825174730-snapshot.jpg
1,0,20190825,174730,83,2,747,195,831,244,Aug30_0/140-20190825174730-snapshot.jpg
1,0,20190825,174730,85,2,1605,507,1674,571,Aug30_0/140-20190825174730-snapshot.jpg
1,0,20190825,174800,86,2,1075,247,1132,324,Aug30_0/140-20190825174800-snapshot.jpg
1,0,20190825,174830,82,2,855,29,938,77,Aug30_0/140-20190825174830-snapshot.jpg
1,0,20190825,174830,86,2,858,981,955,1047,Aug30_0/140-20190825174830-snapshot.jpg
1,0,20190825,174900,79,2,1552,786,1617,849,Aug30_0/140-20190825174900-snapshot.jpg
1,0,20190825,174900,86,2,656,14,739,69,Aug30_0/140-20190825174900-snapshot.jpg
1,0,20190825,174930,43,2,1091,8,1175,73,Aug30_0/140-20190825174930-snapshot.jpg
1,0,20190825,175000,84,2,306,826,371,923,Aug30_0/140-20190825175000-snapshot.jpg
1,0,20190825,175030,75,2,640,10,722,69,Aug30_0/140-20190825175030-snapshot.jpg
1,0,20190825,175230,80,2,941,381,997,438,Aug30_0/140-20190825175230-snapshot.jpg
1,0,20190825,175300,82,2,1217,521,1298,578,Aug30_0/140-20190825175300-snapshot.jpg
1,0,20190825,175330,87,2,1066,739,1123,822,Aug30_0/140-20190825175330-snapshot.jpg
1,0,20190825,175330,89,2,698,454,782,518,Aug30_0/140-20190825175330-snapshot.jpg
1,0,20190825,175400,83,2,868,34,940,83,Aug30_0/140-20190825175400-snapshot.jpg
1,0,20190825,175400,84,2,1687,171,1744,242,Aug30_0/140-20190825175400-snapshot.jpg
1,0,20190825,175430,81,2,1216,5,1283,75,Aug30_0/140-20190825175430-snapshot.jpg
1,0,20190825,175430,85,2,1063,192,1135,261,Aug30_0/140-20190825175430-snapshot.jpg
1,0,20190825,175430,87,2,857,107,927,167,Aug30_0/140-20190825175430-snapshot.jpg
1,0,20190825,175500,83,2,632,38,714,91,Aug30_0/140-20190825175500-snapshot.jpg
1,0,20190825,175530,80,2,958,526,1027,606,Aug30_0/140-20190825175530-snapshot.jpg
1,0,20190825,175530,85,2,1340,417,1400,481,Aug30_0/140-20190825175530-snapshot.jpg
1,0,20190825,175600,78,2,541,750,621,811,Aug30_0/140-20190825175600-snapshot.jpg
1,0,20190825,175630,83,2,706,458,767,541,Aug30_0/140-20190825175630-snapshot.jpg
1,0,20190825,175630,89,2,1446,734,1541,790,Aug30_0/140-20190825175630-snapshot.jpg
1,0,20190825,175830,83,2,1249,10,1325,61,Aug30_0/140-20190825175830-snapshot.jpg
1,0,20190825,175830,88,2,1094,116,1189,178,Aug30_0/140-20190825175830-snapshot.jpg
1,0,20190825,175930,83,1,1205,646,1244,680,Aug30_0/140-20190825175930-snapshot.jpg
1,0,20190825,180000,87,2,746,302,809,390,Aug30_0/140-20190825180000-snapshot.jpg
1,0,20190825,180100,84,2,848,93,915,149,Aug30_0/140-20190825180100-snapshot.jpg
1,0,20190825,180130,79,2,857,36,937,82,Aug30_0/140-20190825180130-snapshot.jpg
1,0,20190825,180130,80,2,541,871,617,938,Aug30_0/140-20190825180130-snapshot.jpg
1,0,20190825,180230,79,2,1514,874,1598,963,Aug30_0/140-20190825180230-snapshot.jpg
1,0,20190825,180330,69,2,1217,501,1276,564,Aug30_0/140-20190825180330-snapshot.jpg
1,0,20190825,180400,88,2,728,214,794,282,Aug30_0/140-20190825180400-snapshot.jpg
1,0,20190825,180400,88,2,717,441,812,511,Aug30_0/140-20190825180400-snapshot.jpg
1,0,20190825,180430,81,7,856,0,1077,173,Aug30_0/140-20190825180430-snapshot.jpg
1,0,20190825,180500,75,2,0,971,60,1046,Aug30_0/140-20190825180500-snapshot.jpg
1,0,20190825,180500,84,2,525,755,611,825,Aug30_0/140-20190825180500-snapshot.jpg
1,0,20190825,180500,85,7,536,1,751,105,Aug30_0/140-20190825180500-snapshot.jpg
1,0,20190825,180600,87,2,579,724,677,779,Aug30_0/140-20190825180600-snapshot.jpg
1,0,20190825,180630,83,2,774,507,833,585,Aug30_0/140-20190825180630-snapshot.jpg
1,0,20190825,180630,86,2,1353,387,1412,455,Aug30_0/140-20190825180630-snapshot.jpg
1,0,20190825,180630,86,2,1026,204,1107,270,Aug30_0/140-20190825180630-snapshot.jpg
1,0,20190825,180730,69,2,1172,1,1254,43,Aug30_0/140-20190825180730-snapshot.jpg
1,0,20190825,180800,87,2,607,694,698,748,Aug30_0/140-20190825180800-snapshot.jpg
1,0,20190825,180830,51,2,1589,516,1650,595,Aug30_0/140-20190825180830-snapshot.jpg
1,0,20190825,180900,86,2,1638,344,1720,406,Aug30_0/140-20190825180900-snapshot.jpg
1,0,20190825,181030,87,2,244,883,322,960,Aug30_0/140-20190825181030-snapshot.jpg
1,0,20190825,181100,49,2,1032,1,1111,51,Aug30_0/140-20190825181100-snapshot.jpg
1,0,20190825,181100,90,2,679,232,776,293,Aug30_0/140-20190825181100-snapshot.jpg
1,0,20190825,181130,86,2,709,257,778,332,Aug30_0/140-20190825181130-snapshot.jpg
1,0,20190825,181230,77,2,217,876,291,944,Aug30_0/140-20190825181230-snapshot.jpg
1,0,20190825,181300,84,2,1085,5,1147,82,Aug30_0/140-20190825181300-snapshot.jpg
1,0,20190825,181300,85,2,1087,744,1141,816,Aug30_0/140-20190825181300-snapshot.jpg
1,0,20190825,181300,87,2,721,254,812,315,Aug30_0/140-20190825181300-snapshot.jpg
1,0,20190825,181330,88,2,951,150,1026,200,Aug30_0/140-20190825181330-snapshot.jpg
1,0,20190825,181400,81,2,995,128,1070,199,Aug30_0/140-20190825181400-snapshot.jpg
1,0,20190825,181400,86,2,1751,427,1830,487,Aug30_0/140-20190825181400-snapshot.jpg
1,0,20190825,181430,84,2,1695,379,1771,436,Aug30_0/140-20190825181430-snapshot.jpg
1,0,20190825,181530,89,2,1192,172,1270,249,Aug30_0/140-20190825181530-snapshot.jpg
1,0,20190825,181630,71,2,563,860,644,922,Aug30_0/140-20190825181630-snapshot.jpg
1,0,20190825,181630,83,2,828,127,892,194,Aug30_0/140-20190825181630-snapshot.jpg
1,0,20190825,181700,82,2,922,409,993,480,Aug30_0/140-20190825181700-snapshot.jpg
1,0,20190825,181700,83,2,839,183,915,255,Aug30_0/140-20190825181700-snapshot.jpg
1,0,20190825,181700,86,2,738,313,814,398,Aug30_0/140-20190825181700-snapshot.jpg
1,0,20190825,181730,84,2,647,695,713,769,Aug30_0/140-20190825181730-snapshot.jpg
1,0,20190825,181800,86,2,488,624,546,702,Aug30_0/140-20190825181800-snapshot.jpg
1,0,20190825,182000,86,2,704,429,767,508,Aug30_0/140-20190825182000-snapshot.jpg
1,0,20190825,182030,75,2,1744,470,1822,535,Aug30_0/140-20190825182030-snapshot.jpg
1,0,20190825,182100,86,2,788,37,861,105,Aug30_0/140-20190825182100-snapshot.jpg
1,0,20190825,182200,27,8,0,76,29,150,Aug30_0/140-20190825182200-snapshot.jpg
1,0,20190825,182300,87,2,756,495,841,549,Aug30_0/140-20190825182300-snapshot.jpg
1,0,20190825,182430,47,2,1084,6,1147,71,Aug30_0/140-20190825182430-snapshot.jpg
1,0,20190825,182430,87,2,928,401,1011,459,Aug30_0/140-20190825182430-snapshot.jpg
1,0,20190825,182500,79,2,276,833,347,914,Aug30_0/140-20190825182500-snapshot.jpg
1,0,20190825,182500,84,2,799,431,861,515,Aug30_0/140-20190825182500-snapshot.jpg
1,0,20190825,182500,85,2,617,22,695,88,Aug30_0/140-20190825182500-snapshot.jpg
1,0,20190825,182530,76,2,881,33,939,78,Aug30_0/140-20190825182530-snapshot.jpg
1,0,20190825,182600,78,2,1203,708,1258,764,Aug30_0/140-20190825182600-snapshot.jpg
1,0,20190825,182600,88,2,1318,773,1398,850,Aug30_0/140-20190825182600-snapshot.jpg
1,0,20190825,182630,86,2,1556,585,1648,646,Aug30_0/140-20190825182630-snapshot.jpg
1,0,20190825,182630,88,2,518,646,605,720,Aug30_0/140-20190825182630-snapshot.jpg
1,0,20190825,182700,54,2,913,295,966,349,Aug30_0/140-20190825182700-snapshot.jpg
1,0,20190825,182800,87,2,842,422,897,502,Aug30_0/140-20190825182800-snapshot.jpg
1,0,20190825,182900,80,2,1128,0,1211,44,Aug30_0/140-20190825182900-snapshot.jpg
1,0,20190825,182900,82,2,1768,425,1843,486,Aug30_0/140-20190825182900-snapshot.jpg
1,0,20190825,183030,80,2,1563,789,1626,862,Aug30_0/140-20190825183030-snapshot.jpg
1,0,20190825,183100,85,2,1071,731,1151,782,Aug30_0/140-20190825183100-snapshot.jpg
1,0,20190825,183200,86,2,835,131,920,186,Aug30_0/140-20190825183200-snapshot.jpg
1,0,20190825,183330,84,2,1284,299,1358,370,Aug30_0/140-20190825183330-snapshot.jpg
1,0,20190825,183400,83,2,928,18,1004,72,Aug30_0/140-20190825183400-snapshot.jpg
1,0,20190825,183400,85,2,640,26,723,89,Aug30_0/140-20190825183400-snapshot.jpg
1,0,20190825,183430,85,2,1030,10,1111,76,Aug30_0/140-20190825183430-snapshot.jpg
1,0,20190825,183600,86,2,1666,311,1762,366,Aug30_0/140-20190825183600-snapshot.jpg
1,0,20190825,183630,80,2,980,614,1042,696,Aug30_0/140-20190825183630-snapshot.jpg
1,0,20190825,183700,85,2,1157,25,1242,84,Aug30_0/140-20190825183700-snapshot.jpg
1,0,20190825,183700,86,2,670,457,757,531,Aug30_0/140-20190825183700-snapshot.jpg
1,0,20190825,183730,86,2,1255,446,1322,520,Aug30_0/140-20190825183730-snapshot.jpg
1,0,20190825,183730,88,2,961,211,1048,278,Aug30_0/140-20190825183730-snapshot.jpg
1,0,20190825,183800,85,2,577,414,658,478,Aug30_0/140-20190825183800-snapshot.jpg
1,0,20190825,183800,86,2,1583,627,1649,709,Aug30_0/140-20190825183800-snapshot.jpg
1,0,20190825,183900,88,2,963,956,1041,1015,Aug30_0/140-20190825183900-snapshot.jpg
1,0,20190825,183930,27,2,1538,394,1596,466,Aug30_0/140-20190825183930-snapshot.jpg
1,0,20190825,184030,82,2,1238,13,1313,63,Aug30_0/140-20190825184030-snapshot.jpg
1,0,20190825,184130,82,2,202,907,278,963,Aug30_0/140-20190825184130-snapshot.jpg
1,0,20190825,184200,35,2,692,235,768,303,Aug30_0/140-20190825184200-snapshot.jpg
1,0,20190825,184200,76,2,1073,6,1153,70,Aug30_0/140-20190825184200-snapshot.jpg
1,0,20190825,184230,84,2,959,80,1036,136,Aug30_0/140-20190825184230-snapshot.jpg
1,0,20190825,184230,85,2,879,22,954,83,Aug30_0/140-20190825184230-snapshot.jpg
1,0,20190825,184230,87,2,1053,733,1112,818,Aug30_0/140-20190825184230-snapshot.jpg
1,0,20190825,184300,46,2,1419,703,1474,759,Aug30_0/140-20190825184300-snapshot.jpg
1,0,20190825,184330,85,2,681,382,751,463,Aug30_0/140-20190825184330-snapshot.jpg
1,0,20190825,184400,85,2,1681,430,1772,485,Aug30_0/140-20190825184400-snapshot.jpg
1,0,20190825,184400,90,2,1119,201,1201,270,Aug30_0/140-20190825184400-snapshot.jpg
1,0,20190825,184430,81,2,758,208,840,252,Aug30_0/140-20190825184430-snapshot.jpg
1,0,20190825,184500,83,2,423,976,509,1048,Aug30_0/140-20190825184500-snapshot.jpg
1,0,20190825,184500,86,2,1040,156,1107,228,Aug30_0/140-20190825184500-snapshot.jpg
1,0,20190825,184530,86,2,1230,101,1298,181,Aug30_0/140-20190825184530-snapshot.jpg
1,0,20190825,184530,90,2,809,409,904,476,Aug30_0/140-20190825184530-snapshot.jpg
1,0,20190825,184830,76,2,1231,120,1298,163,Aug30_0/140-20190825184830-snapshot.jpg
1,0,20190825,184900,76,2,689,57,775,112,Aug30_0/140-20190825184900-snapshot.jpg
1,0,20190825,184900,85,2,783,50,873,97,Aug30_0/140-20190825184900-snapshot.jpg
1,0,20190825,185130,56,2,831,79,895,131,Aug30_0/140-20190825185130-snapshot.jpg
1,0,20190825,185200,75,2,904,21,964,74,Aug30_0/140-20190825185200-snapshot.jpg
1,0,20190825,185200,89,2,883,108,953,174,Aug30_0/140-20190825185200-snapshot.jpg
1,0,20190825,185230,88,2,828,232,912,287,Aug30_0/140-20190825185230-snapshot.jpg
1,0,20190825,185300,81,2,1216,453,1272,531,Aug30_0/140-20190825185300-snapshot.jpg
1,0,20190825,185300,82,2,1567,464,1654,538,Aug30_0/140-20190825185300-snapshot.jpg
1,0,20190825,185300,84,2,1168,866,1252,945,Aug30_0/140-20190825185300-snapshot.jpg
1,0,20190825,185300,86,2,1201,163,1277,228,Aug30_0/140-20190825185300-snapshot.jpg
1,0,20190825,185330,84,2,947,266,1015,331,Aug30_0/140-20190825185330-snapshot.jpg
1,0,20190825,185330,84,2,777,460,843,535,Aug30_0/140-20190825185330-snapshot.jpg
1,0,20190825,185400,89,2,695,418,782,482,Aug30_0/140-20190825185400-snapshot.jpg
1,0,20190825,185430,72,2,997,128,1060,208,Aug30_0/140-20190825185430-snapshot.jpg
1,0,20190825,185430,84,2,862,49,940,93,Aug30_0/140-20190825185430-snapshot.jpg
1,0,20190825,185500,86,2,745,204,825,250,Aug30_0/140-20190825185500-snapshot.jpg
1,0,20190825,185500,86,2,1018,537,1105,600,Aug30_0/140-20190825185500-snapshot.jpg
1,0,20190825,185500,88,2,761,286,842,363,Aug30_0/140-20190825185500-snapshot.jpg
1,0,20190825,185530,76,2,1283,520,1365,573,Aug30_0/140-20190825185530-snapshot.jpg
1,0,20190825,185600,72,2,1566,801,1625,874,Aug30_0/140-20190825185600-snapshot.jpg
1,0,20190825,185630,78,2,1078,226,1154,290,Aug30_0/140-20190825185630-snapshot.jpg
1,0,20190825,190230,78,2,661,430,712,482,Aug30_0/140-20190825190230-snapshot.jpg
1,0,20190825,190300,72,2,1218,16,1283,65,Aug30_0/140-20190825190300-snapshot.jpg
1,0,20190825,190330,83,2,287,482,346,554,Aug30_0/140-20190825190330-snapshot.jpg
1,0,20190825,190700,88,2,1132,780,1209,846,Aug30_0/140-20190825190700-snapshot.jpg
1,0,20190825,190730,86,2,1720,407,1797,475,Aug30_0/140-20190825190730-snapshot.jpg
1,0,20190825,190830,90,2,856,190,935,252,Aug30_0/140-20190825190830-snapshot.jpg
1,0,20190825,190900,89,2,1127,194,1228,251,Aug30_0/140-20190825190900-snapshot.jpg
1,0,20190825,190930,87,2,427,552,492,637,Aug30_0/140-20190825190930-snapshot.jpg
1,0,20190825,190930,89,2,1530,731,1623,795,Aug30_0/140-20190825190930-snapshot.jpg
1,0,20190825,191000,85,2,423,520,488,616,Aug30_0/140-20190825191000-snapshot.jpg
1,0,20190825,191100,85,2,995,599,1062,674,Aug30_0/140-20190825191100-snapshot.jpg
1,0,20190825,191600,85,2,803,493,879,565,Aug30_0/140-20190825191600-snapshot.jpg
1,0,20190825,191630,89,2,683,405,781,476,Aug30_0/140-20190825191630-snapshot.jpg
1,0,20190825,192130,88,4,1083,747,1177,829,Aug30_0/141-20190825192130-snapshot.jpg
1,0,20190825,192200,90,4,1667,247,1755,346,Aug30_0/141-20190825192200-snapshot.jpg
1,0,20190825,192600,77,2,833,480,908,548,Aug30_0/141-20190825192600-snapshot.jpg
1,0,20190825,192630,76,2,1119,6,1183,61,Aug30_0/141-20190825192630-snapshot.jpg
1,0,20190825,192630,86,3,994,112,1079,206,Aug30_0/141-20190825192630-snapshot.jpg
1,0,20190825,192700,88,2,1285,380,1372,448,Aug30_0/141-20190825192700-snapshot.jpg
1,0,20190825,192730,87,2,1181,867,1282,952,Aug30_0/141-20190825192730-snapshot.jpg
1,0,20190825,193130,81,3,253,532,346,608,Aug30_0/141-20190825193130-snapshot.jpg
1,0,20190825,193900,80,2,612,76,673,155,Aug30_0/141-20190825193900-snapshot.jpg
1,0,20190825,193930,87,2,920,76,976,159,Aug30_0/141-20190825193930-snapshot.jpg
1,0,20190825,194000,71,2,523,737,580,809,Aug30_0/141-20190825194000-snapshot.jpg
1,0,20190825,194100,84,2,929,555,1023,610,Aug30_0/141-20190825194100-snapshot.jpg
1,0,20190825,194400,86,2,793,496,871,570,Aug30_0/141-20190825194400-snapshot.jpg
1,0,20190825,194700,89,2,1131,197,1232,259,Aug30_0/141-20190825194700-snapshot.jpg
1,0,20190825,194900,86,2,747,89,810,174,Aug30_0/141-20190825194900-snapshot.jpg
1,0,20190825,194930,86,2,806,186,896,244,Aug30_0/141-20190825194930-snapshot.jpg
1,0,20190825,195000,86,2,942,391,1029,444,Aug30_0/141-20190825195000-snapshot.jpg
1,0,20190825,195300,56,2,526,730,583,800,Aug30_0/141-20190825195300-snapshot.jpg
1,0,20190825,195300,80,2,646,396,704,461,Aug30_0/141-20190825195300-snapshot.jpg
1,0,20190825,195330,90,2,1321,756,1407,839,Aug30_0/141-20190825195330-snapshot.jpg
1,0,20190825,195800,86,2,676,681,743,756,Aug30_0/141-20190825195800-snapshot.jpg
1,0,20190825,195830,83,2,825,77,903,134,Aug30_0/141-20190825195830-snapshot.jpg
1,0,20190825,195900,86,2,1254,502,1309,567,Aug30_0/141-20190825195900-snapshot.jpg
1,0,20190825,195930,88,2,1411,459,1506,510,Aug30_0/141-20190825195930-snapshot.jpg
1,0,20190825,200000,90,2,1567,661,1661,717,Aug30_0/141-20190825200000-snapshot.jpg
1,0,20190825,201030,83,2,717,504,803,560,Aug30_0/141-20190825201030-snapshot.jpg
1,0,20190825,201100,83,2,251,489,337,561,Aug30_0/141-20190825201100-snapshot.jpg
1,0,20190825,201200,87,2,839,437,910,522,Aug30_0/141-20190825201200-snapshot.jpg
1,0,20190825,202000,69,2,1079,10,1155,68,Aug30_0/141-20190825202000-snapshot.jpg
1,0,20190825,202030,88,2,740,469,843,538,Aug30_0/141-20190825202030-snapshot.jpg
1,0,20190825,202200,79,2,479,1001,573,1079,Aug30_0/141-20190825202200-snapshot.jpg
1,0,20190825,202430,90,2,997,517,1080,604,Aug30_0/141-20190825202430-snapshot.jpg
1,0,20190825,203900,86,2,1505,867,1601,931,Aug30_0/142-20190825203900-snapshot.jpg
1,0,20190825,203930,78,2,993,142,1070,214,Aug30_0/142-20190825203930-snapshot.jpg
1,0,20190825,210100,33,3,1094,48,1180,128,Aug30_0/147-20190825210100-snapshot.jpg
1,0,20190826,054130,42,3,1087,44,1181,134,Aug30_0/151-20190826054130-snapshot.jpg
1,0,20190826,072630,87,2,782,488,869,556,Aug30_0/172-20190826072630-snapshot.jpg
1,0,20190826,080430,79,2,1767,436,1840,495,Aug30_0/174-20190826080430-snapshot.jpg
1,0,20190826,085430,86,3,1168,765,1265,845,Aug30_0/175-20190826085430-snapshot.jpg
1,0,20190826,085530,48,2,586,689,684,767,Aug30_0/175-20190826085530-snapshot.jpg
1,0,20190826,090630,87,2,619,796,730,869,Aug30_0/177-20190826090630-snapshot.jpg
1,0,20190826,091430,72,2,1560,647,1644,707,Aug30_0/177-20190826091430-snapshot.jpg
1,0,20190826,091430,79,2,888,98,965,148,Aug30_0/177-20190826091430-snapshot.jpg
1,0,20190826,092800,88,8,1344,385,1425,442,Aug30_0/177-20190826092800-snapshot.jpg
1,0,20190826,093300,86,2,1716,400,1775,474,Aug30_0/177-20190826093300-snapshot.jpg
1,0,20190826,093330,84,2,1022,615,1095,688,Aug30_0/177-20190826093330-snapshot.jpg
1,0,20190826,093400,83,2,622,36,676,114,Aug30_0/177-20190826093400-snapshot.jpg
1,0,20190826,093430,87,2,1056,183,1124,268,Aug30_0/177-20190826093430-snapshot.jpg
1,0,20190826,093530,75,2,523,876,585,948,Aug30_0/177-20190826093530-snapshot.jpg
1,0,20190826,093630,77,2,427,522,497,600,Aug30_0/177-20190826093630-snapshot.jpg
1,0,20190826,094300,86,2,1239,492,1321,540,Aug30_0/177-20190826094300-snapshot.jpg
1,0,20190826,094400,85,2,1741,435,1827,489,Aug30_0/177-20190826094400-snapshot.jpg
1,0,20190826,094400,87,2,1277,477,1370,531,Aug30_0/177-20190826094400-snapshot.jpg
1,0,20190826,094830,85,2,687,470,772,546,Aug30_0/177-20190826094830-snapshot.jpg
1,0,20190826,094900,79,2,1022,1029,1104,1079,Aug30_0/177-20190826094900-snapshot.jpg
1,0,20190826,094900,83,2,421,566,483,642,Aug30_0/177-20190826094900-snapshot.jpg
1,0,20190826,094930,79,2,1029,167,1089,225,Aug30_0/177-20190826094930-snapshot.jpg
1,0,20190826,095430,85,2,1276,11,1344,82,Aug30_0/177-20190826095430-snapshot.jpg
1,0,20190826,095500,87,2,1339,804,1418,866,Aug30_0/177-20190826095500-snapshot.jpg
1,0,20190826,095700,85,2,706,489,771,567,Aug30_0/177-20190826095700-snapshot.jpg
1,0,20190826,095830,84,2,1166,0,1252,59,Aug30_0/177-20190826095830-snapshot.jpg
1,0,20190826,100000,87,2,805,178,881,264,Aug30_0/177-20190826100000-snapshot.jpg
1,0,20190826,100300,84,2,1725,379,1785,460,Aug30_0/177-20190826100300-snapshot.jpg
1,0,20190826,100900,86,2,903,110,993,163,Aug30_0/177-20190826100900-snapshot.jpg
1,0,20190826,101000,87,2,1081,214,1155,283,Aug30_0/177-20190826101000-snapshot.jpg
1,0,20190826,101100,85,2,720,440,778,520,Aug30_0/177-20190826101100-snapshot.jpg
1,0,20190826,101230,84,2,1157,805,1236,858,Aug30_0/177-20190826101230-snapshot.jpg
1,0,20190826,101300,85,2,1226,486,1303,547,Aug30_0/177-20190826101300-snapshot.jpg
1,0,20190826,101330,82,2,1672,171,1733,228,Aug30_0/177-20190826101330-snapshot.jpg
1,0,20190826,101630,36,2,599,109,662,184,Aug30_0/177-20190826101630-snapshot.jpg
1,0,20190826,101700,86,2,857,206,916,280,Aug30_0/177-20190826101700-snapshot.jpg
1,0,20190826,101730,74,2,1018,1038,1087,1079,Aug30_0/177-20190826101730-snapshot.jpg
1,0,20190826,101800,84,2,1241,749,1301,820,Aug30_0/177-20190826101800-snapshot.jpg
1,0,20190826,102130,88,2,1185,798,1274,872,Aug30_0/177-20190826102130-snapshot.jpg
1,0,20190826,102330,85,2,1320,402,1397,461,Aug30_0/177-20190826102330-snapshot.jpg
1,0,20190826,102400,82,2,1082,201,1179,254,Aug30_0/177-20190826102400-snapshot.jpg
1,0,20190826,102400,87,2,985,138,1056,212,Aug30_0/177-20190826102400-snapshot.jpg
1,0,20190826,102430,86,2,621,79,686,160,Aug30_0/177-20190826102430-snapshot.jpg
1,0,20190826,102500,80,2,545,879,601,949,Aug30_0/177-20190826102500-snapshot.jpg
1,0,20190826,102530,88,2,1080,186,1141,269,Aug30_0/177-20190826102530-snapshot.jpg
1,0,20190826,102600,88,2,1639,316,1725,391,Aug30_0/177-20190826102600-snapshot.jpg
1,0,20190826,102630,82,2,231,851,293,924,Aug30_0/177-20190826102630-snapshot.jpg
1,0,20190826,102730,86,2,594,702,688,760,Aug30_0/177-20190826102730-snapshot.jpg
1,0,20190826,102900,81,2,632,89,693,178,Aug30_0/177-20190826102900-snapshot.jpg
1,0,20190826,102900,86,2,1072,434,1155,498,Aug30_0/177-20190826102900-snapshot.jpg
1,0,20190826,103030,89,2,1671,342,1761,406,Aug30_0/177-20190826103030-snapshot.jpg
1,0,20190826,103100,84,2,1198,729,1268,789,Aug30_0/177-20190826103100-snapshot.jpg
1,0,20190826,103200,87,2,1092,959,1169,1043,Aug30_0/177-20190826103200-snapshot.jpg
1,0,20190826,103230,89,2,742,116,833,184,Aug30_0/177-20190826103230-snapshot.jpg
1,0,20190826,103500,88,2,777,424,881,486,Aug30_0/177-20190826103500-snapshot.jpg
1,0,20190826,103630,83,2,1230,698,1284,764,Aug30_0/177-20190826103630-snapshot.jpg
1,0,20190826,104000,69,2,675,255,740,310,Aug30_0/177-20190826104000-snapshot.jpg
1,0,20190826,104000,87,2,730,363,803,454,Aug30_0/177-20190826104000-snapshot.jpg
1,0,20190826,104030,70,2,222,870,283,934,Aug30_0/177-20190826104030-snapshot.jpg
1,0,20190826,104030,76,2,686,45,746,126,Aug30_0/177-20190826104030-snapshot.jpg
1,0,20190826,104200,86,2,963,169,1043,241,Aug30_0/177-20190826104200-snapshot.jpg
1,0,20190826,104200,88,2,1128,213,1229,267,Aug30_0/177-20190826104200-snapshot.jpg
1,0,20190826,104230,75,2,418,535,490,609,Aug30_0/177-20190826104230-snapshot.jpg
1,0,20190826,104230,85,2,629,72,694,157,Aug30_0/177-20190826104230-snapshot.jpg
1,0,20190826,104500,89,2,844,388,941,456,Aug30_0/177-20190826104500-snapshot.jpg
1,0,20190826,104600,84,4,964,104,1038,185,Aug30_0/177-20190826104600-snapshot.jpg
1,0,20190826,104630,82,2,1740,404,1815,476,Aug30_0/177-20190826104630-snapshot.jpg
1,0,20190826,104630,85,4,1314,784,1378,865,Aug30_0/177-20190826104630-snapshot.jpg
1,0,20190826,104700,88,2,1660,288,1733,360,Aug30_0/177-20190826104700-snapshot.jpg
1,0,20190826,104800,84,2,912,11,979,69,Aug30_0/177-20190826104800-snapshot.jpg
1,0,20190826,104830,86,2,1353,856,1450,914,Aug30_0/177-20190826104830-snapshot.jpg
1,0,20190826,104900,84,2,432,580,506,663,Aug30_0/177-20190826104900-snapshot.jpg
1,0,20190826,104930,87,2,849,98,928,153,Aug30_0/177-20190826104930-snapshot.jpg
1,0,20190826,105200,87,2,1253,411,1332,494,Aug30_0/177-20190826105200-snapshot.jpg
1,0,20190826,105300,89,4,463,345,558,423,Aug30_0/177-20190826105300-snapshot.jpg
1,0,20190826,105500,81,2,872,31,939,81,Aug30_0/177-20190826105500-snapshot.jpg
1,0,20190826,105830,87,2,1069,434,1155,501,Aug30_0/177-20190826105830-snapshot.jpg
1,0,20190826,110100,88,2,839,404,920,486,Aug30_0/177-20190826110100-snapshot.jpg
1,0,20190826,110200,76,2,1277,722,1347,769,Aug30_0/177-20190826110200-snapshot.jpg
1,0,20190826,110200,87,2,1186,741,1262,804,Aug30_0/177-20190826110200-snapshot.jpg
1,0,20190826,110200,88,2,895,41,942,110,Aug30_0/177-20190826110200-snapshot.jpg
1,0,20190826,110300,80,2,799,486,876,557,Aug30_0/177-20190826110300-snapshot.jpg
1,0,20190826,110430,86,2,1685,222,1755,300,Aug30_0/177-20190826110430-snapshot.jpg
1,0,20190826,110500,87,2,1251,411,1352,500,Aug30_0/177-20190826110500-snapshot.jpg
1,0,20190826,110530,85,2,757,200,811,270,Aug30_0/177-20190826110530-snapshot.jpg
1,0,20190826,110630,86,2,1727,387,1783,462,Aug30_0/177-20190826110630-snapshot.jpg
1,0,20190826,110830,86,2,1679,267,1749,343,Aug30_0/177-20190826110830-snapshot.jpg
1,0,20190826,110930,85,2,1101,225,1194,279,Aug30_0/177-20190826110930-snapshot.jpg
1,0,20190826,110930,87,2,1024,636,1085,721,Aug30_0/177-20190826110930-snapshot.jpg
1,0,20190826,111200,88,2,923,101,1007,156,Aug30_0/177-20190826111200-snapshot.jpg
1,0,20190826,111200,88,2,1794,221,1893,292,Aug30_0/177-20190826111200-snapshot.jpg
1,0,20190826,111330,86,2,702,357,794,411,Aug30_0/177-20190826111330-snapshot.jpg
1,0,20190826,111400,88,2,527,746,614,823,Aug30_0/177-20190826111400-snapshot.jpg
1,0,20190826,111600,83,2,1551,813,1617,900,Aug30_0/177-20190826111600-snapshot.jpg
1,0,20190826,111600,88,2,1090,154,1153,241,Aug30_0/177-20190826111600-snapshot.jpg
1,0,20190826,111630,84,2,1275,412,1335,497,Aug30_0/177-20190826111630-snapshot.jpg
1,0,20190826,111700,81,2,575,420,656,481,Aug30_0/177-20190826111700-snapshot.jpg
1,0,20190826,111700,85,2,716,138,796,205,Aug30_0/177-20190826111700-snapshot.jpg
1,0,20190826,112030,84,2,1227,8,1303,68,Aug30_0/177-20190826112030-snapshot.jpg
1,0,20190826,112100,88,2,1147,776,1205,864,Aug30_0/177-20190826112100-snapshot.jpg
1,0,20190826,112230,86,2,627,405,703,482,Aug30_0/177-20190826112230-snapshot.jpg
1,0,20190826,112400,86,2,1291,525,1376,579,Aug30_0/177-20190826112400-snapshot.jpg
1,0,20190826,112430,85,2,796,182,869,250,Aug30_0/177-20190826112430-snapshot.jpg
1,0,20190826,112500,80,2,921,17,984,75,Aug30_0/177-20190826112500-snapshot.jpg
1,0,20190826,112500,84,2,934,218,995,287,Aug30_0/177-20190826112500-snapshot.jpg
1,0,20190826,112600,87,2,1192,777,1279,833,Aug30_0/177-20190826112600-snapshot.jpg
1,0,20190826,112600,87,2,1358,875,1453,950,Aug30_0/177-20190826112600-snapshot.jpg
1,0,20190826,112700,89,2,628,722,710,799,Aug30_0/177-20190826112700-snapshot.jpg
1,0,20190826,112730,88,2,1167,248,1226,344,Aug30_0/177-20190826112730-snapshot.jpg
1,0,20190826,112830,88,2,1477,384,1530,463,Aug30_0/177-20190826112830-snapshot.jpg
1,0,20190826,113000,88,2,800,396,865,486,Aug30_0/177-20190826113000-snapshot.jpg
1,0,20190826,113100,86,2,841,189,912,267,Aug30_0/177-20190826113100-snapshot.jpg
1,0,20190826,113100,87,2,1270,332,1354,411,Aug30_0/177-20190826113100-snapshot.jpg
1,0,20190826,113130,82,2,663,54,757,111,Aug30_0/177-20190826113130-snapshot.jpg
1,0,20190826,113330,84,2,767,506,858,569,Aug30_0/177-20190826113330-snapshot.jpg
1,0,20190826,113330,85,2,923,73,1000,146,Aug30_0/177-20190826113330-snapshot.jpg
1,0,20190826,113400,87,2,1621,500,1706,583,Aug30_0/177-20190826113400-snapshot.jpg
1,0,20190826,113530,85,2,686,457,746,535,Aug30_0/177-20190826113530-snapshot.jpg
1,0,20190826,113600,84,2,1194,730,1251,792,Aug30_0/177-20190826113600-snapshot.jpg
1,0,20190826,113600,84,2,638,7,724,66,Aug30_0/177-20190826113600-snapshot.jpg
1,0,20190826,113600,85,2,1346,826,1415,899,Aug30_0/177-20190826113600-snapshot.jpg
1,0,20190826,113630,87,2,1258,415,1341,493,Aug30_0/177-20190826113630-snapshot.jpg
1,0,20190826,113700,83,2,1554,750,1614,830,Aug30_0/177-20190826113700-snapshot.jpg
1,0,20190826,113730,85,2,1028,543,1088,626,Aug30_0/177-20190826113730-snapshot.jpg
1,0,20190826,113800,86,2,1171,219,1256,276,Aug30_0/177-20190826113800-snapshot.jpg
1,0,20190826,113900,87,2,839,101,917,162,Aug30_0/177-20190826113900-snapshot.jpg
1,0,20190826,113930,75,2,1344,844,1403,933,Aug30_0/177-20190826113930-snapshot.jpg
1,0,20190826,113930,78,2,379,949,440,1043,Aug30_0/177-20190826113930-snapshot.jpg
1,0,20190826,114000,84,2,670,66,762,134,Aug30_0/177-20190826114000-snapshot.jpg
1,0,20190826,114000,85,2,1163,823,1251,880,Aug30_0/177-20190826114000-snapshot.jpg
1,0,20190826,114000,88,2,1058,429,1137,487,Aug30_0/177-20190826114000-snapshot.jpg
1,0,20190826,114130,86,2,523,752,618,816,Aug30_0/177-20190826114130-snapshot.jpg
1,0,20190826,114300,65,2,652,377,705,456,Aug30_0/177-20190826114300-snapshot.jpg
1,0,20190826,114300,90,2,998,935,1078,1018,Aug30_0/177-20190826114300-snapshot.jpg
1,0,20190826,114330,87,2,1381,735,1433,811,Aug30_0/177-20190826114330-snapshot.jpg
1,0,20190826,114400,82,2,619,135,677,207,Aug30_0/177-20190826114400-snapshot.jpg
1,0,20190826,114500,75,2,240,449,311,522,Aug30_0/177-20190826114500-snapshot.jpg
1,0,20190826,114530,72,2,569,414,625,479,Aug30_0/177-20190826114530-snapshot.jpg
1,0,20190826,114530,83,2,257,529,335,594,Aug30_0/177-20190826114530-snapshot.jpg
1,0,20190826,114700,84,2,676,679,772,734,Aug30_0/177-20190826114700-snapshot.jpg
1,0,20190826,114730,79,2,1180,793,1263,862,Aug30_0/177-20190826114730-snapshot.jpg
1,0,20190826,115030,90,2,1366,552,1456,610,Aug30_0/177-20190826115030-snapshot.jpg
1,0,20190826,115100,85,2,687,13,758,85,Aug30_0/177-20190826115100-snapshot.jpg
1,0,20190826,115100,86,2,695,405,780,464,Aug30_0/177-20190826115100-snapshot.jpg
1,0,20190826,115130,83,2,1226,14,1298,70,Aug30_0/177-20190826115130-snapshot.jpg
1,0,20190826,115200,86,2,938,215,989,289,Aug30_0/177-20190826115200-snapshot.jpg
1,0,20190826,115600,84,2,1704,421,1788,486,Aug30_0/177-20190826115600-snapshot.jpg
1,0,20190826,115700,84,2,1345,827,1425,901,Aug30_0/177-20190826115700-snapshot.jpg
1,0,20190826,115730,77,2,729,504,792,569,Aug30_0/177-20190826115730-snapshot.jpg
1,0,20190826,115730,88,2,1670,193,1729,279,Aug30_0/177-20190826115730-snapshot.jpg
1,0,20190826,115800,87,2,1056,428,1117,506,Aug30_0/177-20190826115800-snapshot.jpg
1,0,20190826,115800,88,2,763,179,851,249,Aug30_0/177-20190826115800-snapshot.jpg
1,0,20190826,115830,74,2,1018,193,1074,247,Aug30_0/177-20190826115830-snapshot.jpg
1,0,20190826,115830,84,2,1035,763,1120,824,Aug30_0/177-20190826115830-snapshot.jpg
1,0,20190826,115900,75,2,1566,806,1631,854,Aug30_0/177-20190826115900-snapshot.jpg
1,0,20190826,120000,84,2,1777,526,1883,594,Aug30_0/177-20190826120000-snapshot.jpg
1,0,20190826,120030,86,2,1068,347,1127,421,Aug30_0/177-20190826120030-snapshot.jpg
1,0,20190826,120100,85,2,1110,794,1190,854,Aug30_0/177-20190826120100-snapshot.jpg
1,0,20190826,120130,86,2,837,91,893,162,Aug30_0/177-20190826120130-snapshot.jpg
1,0,20190826,120300,75,2,225,839,306,912,Aug30_0/177-20190826120300-snapshot.jpg
1,0,20190826,120300,86,2,1533,649,1620,706,Aug30_0/177-20190826120300-snapshot.jpg
1,0,20190826,120430,87,2,943,255,997,331,Aug30_0/177-20190826120430-snapshot.jpg
1,0,20190826,120500,85,2,624,278,703,339,Aug30_0/177-20190826120500-snapshot.jpg
1,0,20190826,120530,87,2,1349,442,1401,509,Aug30_0/177-20190826120530-snapshot.jpg
1,0,20190826,120700,84,2,1335,803,1393,880,Aug30_0/177-20190826120700-snapshot.jpg
1,0,20190826,120800,49,2,782,200,835,259,Aug30_0/177-20190826120800-snapshot.jpg
1,0,20190826,121000,84,2,1342,456,1420,506,Aug30_0/177-20190826121000-snapshot.jpg
1,0,20190826,121000,86,2,925,386,1001,446,Aug30_0/177-20190826121000-snapshot.jpg
1,0,20190826,121030,85,2,895,424,954,504,Aug30_0/177-20190826121030-snapshot.jpg
1,0,20190826,121030,87,2,1237,685,1309,759,Aug30_0/177-20190826121030-snapshot.jpg
1,0,20190826,121100,88,2,1139,757,1196,835,Aug30_0/177-20190826121100-snapshot.jpg
1,0,20190826,121100,91,2,778,296,835,390,Aug30_0/177-20190826121100-snapshot.jpg
1,0,20190826,121200,86,2,1157,779,1224,849,Aug30_0/177-20190826121200-snapshot.jpg
1,0,20190826,121230,87,2,1637,284,1698,365,Aug30_0/177-20190826121230-snapshot.jpg
1,0,20190826,121300,82,8,568,277,635,350,Aug30_0/177-20190826121300-snapshot.jpg
1,0,20190826,121400,61,2,232,855,289,919,Aug30_0/177-20190826121400-snapshot.jpg
1,0,20190826,121430,87,2,440,822,515,921,Aug30_0/177-20190826121430-snapshot.jpg
1,0,20190826,121430,90,2,1025,519,1122,574,Aug30_0/177-20190826121430-snapshot.jpg
1,0,20190826,121430,91,2,799,402,887,470,Aug30_0/177-20190826121430-snapshot.jpg
1,0,20190826,121500,87,2,1273,476,1351,560,Aug30_0/177-20190826121500-snapshot.jpg
1,0,20190826,121500,87,2,802,164,884,232,Aug30_0/177-20190826121500-snapshot.jpg
1,0,20190826,121530,87,2,1159,541,1235,609,Aug30_0/177-20190826121530-snapshot.jpg
1,0,20190826,121600,82,2,565,416,644,484,Aug30_0/177-20190826121600-snapshot.jpg
1,0,20190826,121800,68,2,818,187,882,244,Aug30_0/177-20190826121800-snapshot.jpg
1,0,20190826,121800,87,2,702,488,783,568,Aug30_0/177-20190826121800-snapshot.jpg
1,0,20190826,121830,83,2,1542,830,1630,910,Aug30_0/177-20190826121830-snapshot.jpg
1,0,20190826,121900,83,2,697,1,754,67,Aug30_0/177-20190826121900-snapshot.jpg
1,0,20190826,121930,83,8,1362,503,1415,578,Aug30_0/177-20190826121930-snapshot.jpg
1,0,20190826,121930,88,2,1163,935,1247,1024,Aug30_0/177-20190826121930-snapshot.jpg
1,0,20190826,122100,89,2,886,394,947,482,Aug30_0/177-20190826122100-snapshot.jpg
1,0,20190826,122330,85,2,574,414,657,473,Aug30_0/177-20190826122330-snapshot.jpg
1,0,20190826,122530,84,2,613,114,674,179,Aug30_0/177-20190826122530-snapshot.jpg
1,0,20190826,122600,86,2,1045,457,1105,530,Aug30_0/177-20190826122600-snapshot.jpg
1,0,20190826,122700,77,2,779,199,849,248,Aug30_0/177-20190826122700-snapshot.jpg
1,0,20190826,122930,88,2,1045,192,1138,252,Aug30_0/177-20190826122930-snapshot.jpg
1,0,20190826,122930,88,2,1004,1005,1093,1067,Aug30_0/177-20190826122930-snapshot.jpg
1,0,20190826,123000,82,2,323,1019,406,1080,Aug30_0/177-20190826123000-snapshot.jpg
1,0,20190826,123000,82,2,1377,681,1436,744,Aug30_0/177-20190826123000-snapshot.jpg
1,0,20190826,123000,86,2,1655,537,1715,611,Aug30_0/177-20190826123000-snapshot.jpg
1,0,20190826,123030,91,2,820,421,922,480,Aug30_0/177-20190826123030-snapshot.jpg
1,0,20190826,123130,89,7,932,557,1160,733,Aug30_0/177-20190826123130-snapshot.jpg
1,0,20190826,123200,88,7,872,130,1078,275,Aug30_0/177-20190826123200-snapshot.jpg
1,0,20190826,123330,85,2,1734,524,1828,599,Aug30_0/177-20190826123330-snapshot.jpg
1,0,20190826,123400,84,2,1223,516,1281,582,Aug30_0/177-20190826123400-snapshot.jpg
1,0,20190826,123430,83,2,737,98,797,182,Aug30_0/177-20190826123430-snapshot.jpg
1,0,20190826,123530,87,2,829,462,919,528,Aug30_0/177-20190826123530-snapshot.jpg
1,0,20190826,123630,87,2,1605,294,1681,367,Aug30_0/177-20190826123630-snapshot.jpg
1,0,20190826,123700,81,2,1177,848,1239,910,Aug30_0/177-20190826123700-snapshot.jpg
1,0,20190826,123730,87,2,841,450,923,527,Aug30_0/177-20190826123730-snapshot.jpg
1,0,20190826,123900,81,2,350,1013,414,1080,Aug30_0/177-20190826123900-snapshot.jpg
1,0,20190826,124000,87,2,1676,234,1754,302,Aug30_0/177-20190826124000-snapshot.jpg
1,0,20190826,124000,90,2,1155,734,1237,790,Aug30_0/177-20190826124000-snapshot.jpg
1,0,20190826,124130,84,2,113,912,208,970,Aug30_0/177-20190826124130-snapshot.jpg
1,0,20190826,124200,82,2,1554,816,1622,866,Aug30_0/177-20190826124200-snapshot.jpg
1,0,20190826,124230,82,2,616,715,677,789,Aug30_0/177-20190826124230-snapshot.jpg
1,0,20190826,124230,84,2,1142,792,1216,868,Aug30_0/177-20190826124230-snapshot.jpg
1,0,20190826,124300,87,2,882,138,962,190,Aug30_0/177-20190826124300-snapshot.jpg
1,0,20190826,124330,61,2,0,283,75,342,Aug30_0/177-20190826124330-snapshot.jpg
1,0,20190826,124330,86,2,1171,787,1248,860,Aug30_0/177-20190826124330-snapshot.jpg
1,0,20190826,124400,86,2,924,22,1009,75,Aug30_0/177-20190826124400-snapshot.jpg
1,0,20190826,124430,86,2,962,569,1044,637,Aug30_0/177-20190826124430-snapshot.jpg
1,0,20190826,124730,86,2,1655,331,1711,405,Aug30_0/177-20190826124730-snapshot.jpg
1,0,20190826,124800,79,2,1200,20,1271,69,Aug30_0/177-20190826124800-snapshot.jpg
1,0,20190826,124830,88,2,1038,463,1111,536,Aug30_0/177-20190826124830-snapshot.jpg
1,0,20190826,124900,88,2,1335,795,1416,856,Aug30_0/177-20190826124900-snapshot.jpg
1,0,20190826,124930,86,2,293,537,355,613,Aug30_0/177-20190826124930-snapshot.jpg
1,0,20190826,124930,87,2,1624,332,1683,404,Aug30_0/177-20190826124930-snapshot.jpg
1,0,20190826,124930,88,2,1163,553,1218,631,Aug30_0/177-20190826124930-snapshot.jpg
1,0,20190826,125030,84,2,748,516,836,572,Aug30_0/177-20190826125030-snapshot.jpg
1,0,20190826,125030,86,2,518,876,603,943,Aug30_0/177-20190826125030-snapshot.jpg
1,0,20190826,125100,88,2,718,206,799,277,Aug30_0/177-20190826125100-snapshot.jpg
1,0,20190826,125200,75,2,796,7,856,73,Aug30_0/177-20190826125200-snapshot.jpg
1,0,20190826,125200,84,2,643,348,695,415,Aug30_0/177-20190826125200-snapshot.jpg
1,0,20190826,125200,84,2,705,136,775,208,Aug30_0/177-20190826125200-snapshot.jpg
1,0,20190826,125230,76,2,1067,7,1154,63,Aug30_0/177-20190826125230-snapshot.jpg
1,0,20190826,125230,83,2,1234,512,1289,571,Aug30_0/177-20190826125230-snapshot.jpg
1,0,20190826,125230,83,2,624,425,705,482,Aug30_0/177-20190826125230-snapshot.jpg
1,0,20190826,125330,81,2,0,844,63,916,Aug30_0/177-20190826125330-snapshot.jpg
1,0,20190826,125430,88,2,1274,764,1353,832,Aug30_0/177-20190826125430-snapshot.jpg
1,0,20190826,125500,87,2,1063,181,1164,239,Aug30_0/177-20190826125500-snapshot.jpg
1,0,20190826,125530,86,2,723,499,810,556,Aug30_0/177-20190826125530-snapshot.jpg
1,0,20190826,125600,86,2,1617,481,1685,563,Aug30_0/177-20190826125600-snapshot.jpg
1,0,20190826,125700,82,2,1075,86,1138,171,Aug30_0/177-20190826125700-snapshot.jpg
1,0,20190826,125730,87,2,729,246,807,334,Aug30_0/177-20190826125730-snapshot.jpg
1,0,20190826,125800,86,2,0,304,74,393,Aug30_0/177-20190826125800-snapshot.jpg
1,0,20190826,125900,84,2,307,537,371,608,Aug30_0/177-20190826125900-snapshot.jpg
1,0,20190826,130130,86,2,689,139,778,198,Aug30_0/177-20190826130130-snapshot.jpg
1,0,20190826,130230,85,2,1341,867,1428,943,Aug30_0/177-20190826130230-snapshot.jpg
1,0,20190826,130300,86,2,1252,409,1334,468,Aug30_0/177-20190826130300-snapshot.jpg
1,0,20190826,130330,87,2,969,199,1059,254,Aug30_0/177-20190826130330-snapshot.jpg
1,0,20190826,130330,90,2,1157,581,1231,657,Aug30_0/177-20190826130330-snapshot.jpg
1,0,20190826,130400,86,2,177,827,257,901,Aug30_0/177-20190826130400-snapshot.jpg
1,0,20190826,130430,78,2,1199,6,1274,65,Aug30_0/177-20190826130430-snapshot.jpg
1,0,20190826,130430,79,2,1370,494,1448,544,Aug30_0/177-20190826130430-snapshot.jpg
1,0,20190826,130430,90,2,1103,194,1186,270,Aug30_0/177-20190826130430-snapshot.jpg
1,0,20190826,130530,87,2,1725,405,1809,468,Aug30_0/177-20190826130530-snapshot.jpg
1,0,20190826,130800,85,2,632,714,713,778,Aug30_0/177-20190826130800-snapshot.jpg
1,0,20190826,130830,83,2,950,108,997,170,Aug30_0/177-20190826130830-snapshot.jpg
1,0,20190826,130900,88,2,983,497,1080,564,Aug30_0/177-20190826130900-snapshot.jpg
1,0,20190826,130930,87,2,1240,69,1305,168,Aug30_0/177-20190826130930-snapshot.jpg
1,0,20190826,130930,89,2,946,245,1033,308,Aug30_0/177-20190826130930-snapshot.jpg
1,0,20190826,131200,83,2,1290,8,1383,66,Aug30_0/177-20190826131200-snapshot.jpg
1,0,20190826,131200,83,2,1243,525,1299,599,Aug30_0/177-20190826131200-snapshot.jpg
1,0,20190826,131330,84,2,898,18,956,85,Aug30_0/177-20190826131330-snapshot.jpg
1,0,20190826,131330,87,2,1025,172,1092,255,Aug30_0/177-20190826131330-snapshot.jpg
1,0,20190826,131430,78,2,651,289,706,346,Aug30_0/177-20190826131430-snapshot.jpg
1,0,20190826,131500,73,2,639,58,707,127,Aug30_0/177-20190826131500-snapshot.jpg
1,0,20190826,131500,87,2,1077,747,1159,816,Aug30_0/177-20190826131500-snapshot.jpg
1,0,20190826,131530,86,2,1734,292,1806,377,Aug30_0/177-20190826131530-snapshot.jpg
1,0,20190826,131530,87,2,987,619,1066,699,Aug30_0/177-20190826131530-snapshot.jpg
1,0,20190826,131600,82,2,223,496,287,568,Aug30_0/177-20190826131600-snapshot.jpg
1,0,20190826,131600,87,2,1162,552,1218,626,Aug30_0/177-20190826131600-snapshot.jpg
1,0,20190826,131630,79,2,542,861,614,937,Aug30_0/177-20190826131630-snapshot.jpg
1,0,20190826,131630,83,2,355,1002,422,1080,Aug30_0/177-20190826131630-snapshot.jpg
1,0,20190826,131630,87,2,823,184,913,250,Aug30_0/177-20190826131630-snapshot.jpg
1,0,20190826,131700,83,2,1033,442,1111,501,Aug30_0/177-20190826131700-snapshot.jpg
1,0,20190826,131800,88,7,956,300,1176,484,Aug30_0/177-20190826131800-snapshot.jpg
1,0,20190826,131900,89,2,1122,207,1219,256,Aug30_0/177-20190826131900-snapshot.jpg
1,0,20190826,131930,85,2,317,576,395,656,Aug30_0/177-20190826131930-snapshot.jpg
1,0,20190826,131930,86,2,801,519,891,572,Aug30_0/177-20190826131930-snapshot.jpg
1,0,20190826,132000,88,7,1006,527,1239,713,Aug30_0/177-20190826132000-snapshot.jpg
1,0,20190826,132030,87,7,1062,728,1179,875,Aug30_0/177-20190826132030-snapshot.jpg
1,0,20190826,132230,83,2,995,154,1048,221,Aug30_0/177-20190826132230-snapshot.jpg
1,0,20190826,132230,87,2,1146,791,1222,855,Aug30_0/177-20190826132230-snapshot.jpg
1,0,20190826,132300,86,2,846,124,922,172,Aug30_0/177-20190826132300-snapshot.jpg
1,0,20190826,132300,90,2,731,339,841,398,Aug30_0/177-20190826132300-snapshot.jpg
1,0,20190826,132330,83,2,616,117,673,196,Aug30_0/177-20190826132330-snapshot.jpg
1,0,20190826,132400,83,2,1604,582,1688,656,Aug30_0/177-20190826132400-snapshot.jpg
1,0,20190826,132400,87,2,1345,615,1406,708,Aug30_0/177-20190826132400-snapshot.jpg
1,0,20190826,132430,88,2,754,378,850,443,Aug30_0/177-20190826132430-snapshot.jpg
1,0,20190826,132430,89,2,1452,664,1511,751,Aug30_0/177-20190826132430-snapshot.jpg
1,0,20190826,132500,61,2,203,480,280,549,Aug30_0/177-20190826132500-snapshot.jpg
1,0,20190826,132530,88,2,1643,324,1730,381,Aug30_0/177-20190826132530-snapshot.jpg
1,0,20190826,132600,88,2,1343,654,1428,722,Aug30_0/177-20190826132600-snapshot.jpg
1,0,20190826,132630,88,2,1148,553,1209,638,Aug30_0/177-20190826132630-snapshot.jpg
1,0,20190826,132730,87,2,802,186,884,240,Aug30_0/177-20190826132730-snapshot.jpg
1,0,20190826,132730,90,2,1619,324,1701,387,Aug30_0/177-20190826132730-snapshot.jpg
1,0,20190826,132800,85,2,988,608,1049,691,Aug30_0/177-20190826132800-snapshot.jpg
1,0,20190826,132800,87,2,826,181,904,257,Aug30_0/177-20190826132800-snapshot.jpg
1,0,20190826,132900,88,2,409,652,511,721,Aug30_0/177-20190826132900-snapshot.jpg
1,0,20190826,133030,79,2,1208,5,1283,70,Aug30_0/177-20190826133030-snapshot.jpg
1,0,20190826,133100,86,2,1755,292,1838,360,Aug30_0/177-20190826133100-snapshot.jpg
1,0,20190826,133100,88,2,841,101,914,164,Aug30_0/177-20190826133100-snapshot.jpg
1,0,20190826,133130,83,2,1543,852,1626,911,Aug30_0/177-20190826133130-snapshot.jpg
1,0,20190826,133130,86,2,686,487,777,555,Aug30_0/177-20190826133130-snapshot.jpg
1,0,20190826,133230,84,2,1023,227,1076,295,Aug30_0/177-20190826133230-snapshot.jpg
1,0,20190826,133300,79,2,889,16,957,70,Aug30_0/177-20190826133300-snapshot.jpg
1,0,20190826,133300,86,2,1052,457,1120,528,Aug30_0/177-20190826133300-snapshot.jpg
1,0,20190826,133430,87,2,958,190,1018,270,Aug30_0/177-20190826133430-snapshot.jpg
1,0,20190826,133430,88,2,1077,931,1158,1020,Aug30_0/177-20190826133430-snapshot.jpg
1,0,20190826,133600,75,2,1255,9,1326,66,Aug30_0/177-20190826133600-snapshot.jpg
1,0,20190826,133730,87,2,1049,674,1134,731,Aug30_0/177-20190826133730-snapshot.jpg
1,0,20190826,133800,86,2,1625,319,1685,400,Aug30_0/177-20190826133800-snapshot.jpg
1,0,20190826,133830,84,2,1260,9,1339,76,Aug30_0/177-20190826133830-snapshot.jpg
1,0,20190826,134000,85,2,752,195,834,252,Aug30_0/177-20190826134000-snapshot.jpg
1,0,20190826,134030,81,2,400,441,481,494,Aug30_0/177-20190826134030-snapshot.jpg
1,0,20190826,134130,85,2,1644,333,1702,408,Aug30_0/177-20190826134130-snapshot.jpg
1,0,20190826,134130,88,2,1187,206,1281,278,Aug30_0/177-20190826134130-snapshot.jpg
1,0,20190826,134200,86,2,841,56,914,125,Aug30_0/177-20190826134200-snapshot.jpg
1,0,20190826,134200,88,7,1007,500,1177,596,Aug30_0/177-20190826134200-snapshot.jpg
1,0,20190826,134200,89,2,1149,690,1229,762,Aug30_0/177-20190826134200-snapshot.jpg
1,0,20190826,134400,88,2,1059,973,1146,1052,Aug30_0/177-20190826134400-snapshot.jpg
1,0,20190826,134430,87,2,1255,388,1340,462,Aug30_0/177-20190826134430-snapshot.jpg
1,0,20190826,134430,89,2,1155,743,1229,805,Aug30_0/177-20190826134430-snapshot.jpg
1,0,20190826,134500,83,2,684,401,756,477,Aug30_0/177-20190826134500-snapshot.jpg
1,0,20190826,134530,75,2,1180,0,1269,44,Aug30_0/177-20190826134530-snapshot.jpg
1,0,20190826,134530,82,2,802,488,862,566,Aug30_0/177-20190826134530-snapshot.jpg
1,0,20190826,134600,49,2,831,194,895,253,Aug30_0/177-20190826134600-snapshot.jpg
1,0,20190826,134700,86,2,436,884,523,953,Aug30_0/177-20190826134700-snapshot.jpg
1,0,20190826,134730,86,2,1727,443,1823,499,Aug30_0/177-20190826134730-snapshot.jpg
1,0,20190826,134800,77,2,975,590,1049,663,Aug30_0/177-20190826134800-snapshot.jpg
1,0,20190826,134830,76,2,636,327,692,382,Aug30_0/177-20190826134830-snapshot.jpg
1,0,20190826,134900,86,2,1163,121,1232,201,Aug30_0/177-20190826134900-snapshot.jpg
1,0,20190826,134930,87,2,1290,375,1379,432,Aug30_0/177-20190826134930-snapshot.jpg
1,0,20190826,135030,85,2,284,512,368,566,Aug30_0/177-20190826135030-snapshot.jpg
1,0,20190826,135100,84,2,795,492,888,547,Aug30_0/177-20190826135100-snapshot.jpg
1,0,20190826,135130,85,2,1204,133,1292,214,Aug30_0/177-20190826135130-snapshot.jpg
1,0,20190826,135130,86,2,1097,992,1174,1071,Aug30_0/177-20190826135130-snapshot.jpg
1,0,20190826,135230,85,2,431,583,515,635,Aug30_0/177-20190826135230-snapshot.jpg
1,0,20190826,135230,88,2,1075,696,1135,780,Aug30_0/177-20190826135230-snapshot.jpg
1,0,20190826,135400,76,2,1002,1037,1090,1080,Aug30_0/177-20190826135400-snapshot.jpg
1,0,20190826,135430,86,2,648,63,746,139,Aug30_0/177-20190826135430-snapshot.jpg
1,0,20190826,135500,75,2,1234,8,1310,50,Aug30_0/177-20190826135500-snapshot.jpg
1,0,20190826,135530,86,2,906,196,993,254,Aug30_0/177-20190826135530-snapshot.jpg
1,0,20190826,135700,89,2,760,177,852,242,Aug30_0/177-20190826135700-snapshot.jpg
1,0,20190826,135730,88,2,796,168,883,257,Aug30_0/177-20190826135730-snapshot.jpg
1,0,20190826,135800,85,2,1066,133,1115,211,Aug30_0/177-20190826135800-snapshot.jpg
1,0,20190826,135830,75,2,579,88,654,149,Aug30_0/177-20190826135830-snapshot.jpg
1,0,20190826,135830,78,2,1164,531,1233,590,Aug30_0/177-20190826135830-snapshot.jpg
1,0,20190826,135900,78,2,962,31,1025,84,Aug30_0/177-20190826135900-snapshot.jpg
1,0,20190826,135900,83,2,609,104,670,173,Aug30_0/177-20190826135900-snapshot.jpg
1,0,20190826,135900,86,2,279,869,381,929,Aug30_0/177-20190826135900-snapshot.jpg
1,0,20190826,135930,72,2,927,408,997,453,Aug30_0/177-20190826135930-snapshot.jpg
1,0,20190826,140000,83,2,939,30,998,88,Aug30_0/177-20190826140000-snapshot.jpg
1,0,20190826,140130,87,2,725,392,787,480,Aug30_0/177-20190826140130-snapshot.jpg
1,0,20190826,140130,89,2,1263,491,1345,553,Aug30_0/177-20190826140130-snapshot.jpg
1,0,20190826,140230,86,2,997,218,1075,284,Aug30_0/177-20190826140230-snapshot.jpg
1,0,20190826,140300,88,2,1335,741,1422,814,Aug30_0/177-20190826140300-snapshot.jpg
1,0,20190826,140430,79,8,743,546,816,594,Aug30_0/177-20190826140430-snapshot.jpg
1,0,20190826,140430,86,2,228,889,321,955,Aug30_0/177-20190826140430-snapshot.jpg
1,0,20190826,140430,86,2,1621,289,1698,369,Aug30_0/177-20190826140430-snapshot.jpg
1,0,20190826,140530,86,2,409,567,488,637,Aug30_0/177-20190826140530-snapshot.jpg
1,0,20190826,140530,87,2,1254,647,1315,730,Aug30_0/177-20190826140530-snapshot.jpg
1,0,20190826,140600,86,2,1333,822,1402,899,Aug30_0/177-20190826140600-snapshot.jpg
1,0,20190826,140700,83,2,598,409,677,465,Aug30_0/177-20190826140700-snapshot.jpg
1,0,20190826,140730,86,2,810,165,901,221,Aug30_0/177-20190826140730-snapshot.jpg
1,0,20190826,140900,88,2,1539,817,1615,894,Aug30_0/177-20190826140900-snapshot.jpg
1,0,20190826,141000,87,2,1136,746,1214,804,Aug30_0/177-20190826141000-snapshot.jpg
1,0,20190826,141000,87,2,693,346,788,405,Aug30_0/177-20190826141000-snapshot.jpg
1,0,20190826,141030,78,2,599,99,663,165,Aug30_0/177-20190826141030-snapshot.jpg
1,0,20190826,141100,86,2,860,179,954,231,Aug30_0/177-20190826141100-snapshot.jpg
1,0,20190826,141230,77,2,287,531,356,589,Aug30_0/177-20190826141230-snapshot.jpg
1,0,20190826,141230,87,2,436,899,525,976,Aug30_0/177-20190826141230-snapshot.jpg
1,0,20190826,141400,87,2,1024,383,1080,465,Aug30_0/177-20190826141400-snapshot.jpg
1,0,20190826,141430,87,2,1208,755,1275,837,Aug30_0/177-20190826141430-snapshot.jpg
1,0,20190826,141500,85,2,402,585,479,646,Aug30_0/177-20190826141500-snapshot.jpg
1,0,20190826,141500,87,2,1001,615,1090,676,Aug30_0/177-20190826141500-snapshot.jpg
1,0,20190826,141500,87,2,608,376,696,434,Aug30_0/177-20190826141500-snapshot.jpg
1,0,20190826,141530,85,2,684,95,761,174,Aug30_0/177-20190826141530-snapshot.jpg
1,0,20190826,141530,87,2,924,27,1007,77,Aug30_0/177-20190826141530-snapshot.jpg
1,0,20190826,141600,87,2,491,613,574,681,Aug30_0/177-20190826141600-snapshot.jpg
1,0,20190826,141700,83,2,273,513,342,579,Aug30_0/177-20190826141700-snapshot.jpg
1,0,20190826,141700,85,2,607,90,669,175,Aug30_0/177-20190826141700-snapshot.jpg
1,0,20190826,141700,86,2,956,29,1040,89,Aug30_0/177-20190826141700-snapshot.jpg
1,0,20190826,141700,88,2,1310,697,1386,772,Aug30_0/177-20190826141700-snapshot.jpg
1,0,20190826,141730,87,2,925,15,983,89,Aug30_0/177-20190826141730-snapshot.jpg
1,0,20190826,142000,85,2,523,868,608,927,Aug30_0/177-20190826142000-snapshot.jpg
1,0,20190826,142000,87,2,669,421,756,488,Aug30_0/177-20190826142000-snapshot.jpg
1,0,20190826,142030,87,2,1106,398,1162,471,Aug30_0/177-20190826142030-snapshot.jpg
1,0,20190826,142130,83,2,1004,120,1084,197,Aug30_0/177-20190826142130-snapshot.jpg
1,0,20190826,142130,88,2,1416,669,1474,750,Aug30_0/177-20190826142130-snapshot.jpg
1,0,20190826,142230,82,2,346,413,444,476,Aug30_0/177-20190826142230-snapshot.jpg
1,0,20190826,142230,88,2,957,945,1051,1007,Aug30_0/177-20190826142230-snapshot.jpg
1,0,20190826,142430,88,2,1364,678,1424,762,Aug30_0/177-20190826142430-snapshot.jpg
1,0,20190826,142500,87,2,966,563,1029,652,Aug30_0/177-20190826142500-snapshot.jpg
1,0,20190826,142600,84,2,665,446,745,525,Aug30_0/177-20190826142600-snapshot.jpg
1,0,20190826,142630,87,2,1191,347,1275,415,Aug30_0/177-20190826142630-snapshot.jpg
1,0,20190826,142700,88,2,812,169,902,225,Aug30_0/177-20190826142700-snapshot.jpg
1,0,20190826,142730,86,2,211,509,293,577,Aug30_0/177-20190826142730-snapshot.jpg
1,0,20190826,142800,84,2,1233,526,1313,586,Aug30_0/177-20190826142800-snapshot.jpg
1,0,20190826,142900,79,2,666,446,722,522,Aug30_0/177-20190826142900-snapshot.jpg
1,0,20190826,142930,82,2,608,59,671,143,Aug30_0/177-20190826142930-snapshot.jpg
1,0,20190826,143000,61,2,1003,1050,1089,1080,Aug30_0/177-20190826143000-snapshot.jpg
1,0,20190826,143030,87,2,979,479,1078,549,Aug30_0/177-20190826143030-snapshot.jpg
1,0,20190826,143200,46,2,1217,704,1291,752,Aug30_0/177-20190826143200-snapshot.jpg
1,0,20190826,143230,87,2,1159,538,1251,593,Aug30_0/177-20190826143230-snapshot.jpg
1,0,20190826,143430,81,2,1221,500,1282,562,Aug30_0/177-20190826143430-snapshot.jpg
1,0,20190826,143500,85,2,810,172,895,224,Aug30_0/177-20190826143500-snapshot.jpg
1,0,20190826,143530,71,2,1193,6,1246,66,Aug30_0/177-20190826143530-snapshot.jpg
1,0,20190826,143530,76,2,5,820,88,881,Aug30_0/177-20190826143530-snapshot.jpg
1,0,20190826,143630,80,2,650,392,703,463,Aug30_0/177-20190826143630-snapshot.jpg
1,0,20190826,143630,87,2,143,648,201,729,Aug30_0/177-20190826143630-snapshot.jpg
1,0,20190826,143700,86,2,688,154,750,232,Aug30_0/177-20190826143700-snapshot.jpg
1,0,20190826,143700,87,2,503,120,565,194,Aug30_0/177-20190826143700-snapshot.jpg
1,0,20190826,143730,85,2,1123,3,1209,60,Aug30_0/177-20190826143730-snapshot.jpg
1,0,20190826,143930,54,2,1725,273,1771,328,Aug30_0/177-20190826143930-snapshot.jpg
1,0,20190826,144030,38,2,772,491,821,543,Aug30_0/177-20190826144030-snapshot.jpg
1,0,20190826,144030,45,6,771,489,822,543,Aug30_0/177-20190826144030-snapshot.jpg
1,0,20190826,144100,85,2,1052,689,1112,773,Aug30_0/177-20190826144100-snapshot.jpg
1,0,20190826,144100,86,9,1075,136,1175,202,Aug30_0/177-20190826144100-snapshot.jpg
1,0,20190826,144130,85,2,1216,485,1271,556,Aug30_0/177-20190826144130-snapshot.jpg
1,0,20190826,144200,84,2,1544,620,1629,690,Aug30_0/177-20190826144200-snapshot.jpg
1,0,20190826,144200,86,2,56,593,144,656,Aug30_0/177-20190826144200-snapshot.jpg
1,0,20190826,144200,87,2,1058,694,1150,754,Aug30_0/177-20190826144200-snapshot.jpg
1,0,20190826,144230,87,2,1295,794,1371,854,Aug30_0/177-20190826144230-snapshot.jpg
1,0,20190826,144300,82,2,1361,1021,1441,1078,Aug30_0/177-20190826144300-snapshot.jpg
1,0,20190826,144330,83,2,1251,386,1330,451,Aug30_0/177-20190826144330-snapshot.jpg
1,0,20190826,144330,88,2,706,457,793,518,Aug30_0/177-20190826144330-snapshot.jpg
1,0,20190826,144430,81,2,1125,0,1179,66,Aug30_0/177-20190826144430-snapshot.jpg
1,0,20190826,144600,88,2,708,126,790,177,Aug30_0/177-20190826144600-snapshot.jpg
1,0,20190826,144630,88,2,1051,445,1135,501,Aug30_0/177-20190826144630-snapshot.jpg
1,0,20190826,144700,86,2,330,509,415,564,Aug30_0/177-20190826144700-snapshot.jpg
1,0,20190826,144800,91,2,1029,153,1120,213,Aug30_0/177-20190826144800-snapshot.jpg
1,0,20190826,145000,76,2,387,487,467,558,Aug30_0/177-20190826145000-snapshot.jpg
1,0,20190826,145000,88,2,806,439,896,511,Aug30_0/177-20190826145000-snapshot.jpg
1,0,20190826,145030,81,2,1229,465,1311,517,Aug30_0/177-20190826145030-snapshot.jpg
1,0,20190826,145030,87,2,671,426,747,498,Aug30_0/177-20190826145030-snapshot.jpg
1,0,20190826,145100,84,2,973,482,1039,558,Aug30_0/177-20190826145100-snapshot.jpg
1,0,20190826,145130,86,2,1071,764,1159,815,Aug30_0/177-20190826145130-snapshot.jpg
1,0,20190826,145130,89,2,1303,660,1390,727,Aug30_0/177-20190826145130-snapshot.jpg
1,0,20190826,145200,87,2,759,295,821,379,Aug30_0/177-20190826145200-snapshot.jpg
1,0,20190826,145230,89,2,911,316,995,394,Aug30_0/177-20190826145230-snapshot.jpg
1,0,20190826,145300,79,2,634,187,713,269,Aug30_0/177-20190826145300-snapshot.jpg
1,0,20190826,145300,85,2,612,75,668,157,Aug30_0/177-20190826145300-snapshot.jpg
1,0,20190826,145300,88,2,681,702,783,763,Aug30_0/177-20190826145300-snapshot.jpg
1,0,20190826,145500,86,2,427,888,513,978,Aug30_0/177-20190826145500-snapshot.jpg
1,0,20190826,145700,90,2,861,179,952,237,Aug30_0/177-20190826145700-snapshot.jpg
1,0,20190826,145730,80,2,17,802,97,874,Aug30_0/177-20190826145730-snapshot.jpg
1,0,20190826,145730,89,2,1187,43,1249,141,Aug30_0/177-20190826145730-snapshot.jpg
1,0,20190826,145800,69,2,1564,222,1641,272,Aug30_0/177-20190826145800-snapshot.jpg
1,0,20190826,145830,87,2,1062,708,1149,771,Aug30_0/177-20190826145830-snapshot.jpg
1,0,20190826,145930,78,2,649,416,697,479,Aug30_0/177-20190826145930-snapshot.jpg
1,0,20190826,145930,83,2,286,259,341,338,Aug30_0/177-20190826145930-snapshot.jpg
1,0,20190826,145930,87,2,1653,461,1712,544,Aug30_0/177-20190826145930-snapshot.jpg
1,0,20190826,150030,88,2,851,432,943,491,Aug30_0/177-20190826150030-snapshot.jpg
1,0,20190826,150300,47,2,1099,35,1181,98,Aug30_0/177-20190826150300-snapshot.jpg
1,0,20190826,150300,86,2,1626,344,1710,394,Aug30_0/177-20190826150300-snapshot.jpg
1,0,20190826,150330,76,2,282,536,344,600,Aug30_0/177-20190826150330-snapshot.jpg
1,0,20190826,150330,87,2,1064,920,1147,999,Aug30_0/177-20190826150330-snapshot.jpg
1,0,20190826,150500,85,2,985,144,1044,213,Aug30_0/177-20190826150500-snapshot.jpg
1,0,20190826,150500,88,2,849,424,946,488,Aug30_0/177-20190826150500-snapshot.jpg
1,0,20190826,150600,83,2,357,1011,429,1073,Aug30_0/177-20190826150600-snapshot.jpg
1,0,20190826,150630,84,2,790,182,863,249,Aug30_0/177-20190826150630-snapshot.jpg
1,0,20190826,150830,76,2,28,658,126,743,Aug30_0/177-20190826150830-snapshot.jpg
1,0,20190826,150900,64,2,662,462,738,517,Aug30_0/177-20190826150900-snapshot.jpg
1,0,20190826,150930,87,2,667,284,771,345,Aug30_0/177-20190826150930-snapshot.jpg
1,0,20190826,151000,89,2,1170,196,1253,266,Aug30_0/177-20190826151000-snapshot.jpg
1,0,20190826,151030,84,2,1171,749,1227,824,Aug30_0/177-20190826151030-snapshot.jpg
1,0,20190826,151100,87,2,935,111,1010,175,Aug30_0/177-20190826151100-snapshot.jpg
1,0,20190826,151130,79,2,1404,699,1449,754,Aug30_0/177-20190826151130-snapshot.jpg
1,0,20190826,151130,86,2,607,707,693,764,Aug30_0/177-20190826151130-snapshot.jpg
1,0,20190826,151230,84,2,425,557,488,635,Aug30_0/177-20190826151230-snapshot.jpg
1,0,20190826,151330,76,2,1269,52,1323,122,Aug30_0/177-20190826151330-snapshot.jpg
1,0,20190826,151330,88,2,1289,521,1375,579,Aug30_0/177-20190826151330-snapshot.jpg
1,0,20190826,151430,82,2,639,391,696,459,Aug30_0/177-20190826151430-snapshot.jpg
1,0,20190826,151430,86,2,1750,422,1815,500,Aug30_0/177-20190826151430-snapshot.jpg
1,0,20190826,151500,69,2,31,841,114,912,Aug30_0/177-20190826151500-snapshot.jpg
1,0,20190826,151530,67,2,1197,10,1266,61,Aug30_0/177-20190826151530-snapshot.jpg
1,0,20190826,151530,84,2,828,139,880,204,Aug30_0/177-20190826151530-snapshot.jpg
1,0,20190826,151630,82,2,1217,475,1266,533,Aug30_0/177-20190826151630-snapshot.jpg
1,0,20190826,151730,80,2,668,7,733,81,Aug30_0/177-20190826151730-snapshot.jpg
1,0,20190826,151800,86,2,906,156,958,233,Aug30_0/177-20190826151800-snapshot.jpg
1,0,20190826,151830,86,2,1586,691,1646,763,Aug30_0/177-20190826151830-snapshot.jpg
1,0,20190826,152000,72,2,224,455,298,528,Aug30_0/177-20190826152000-snapshot.jpg
1,0,20190826,152000,80,2,301,536,386,588,Aug30_0/177-20190826152000-snapshot.jpg
1,0,20190826,152100,84,2,611,73,672,150,Aug30_0/177-20190826152100-snapshot.jpg
1,0,20190826,152100,87,2,929,27,1014,81,Aug30_0/177-20190826152100-snapshot.jpg
1,0,20190826,152130,82,2,1661,532,1741,599,Aug30_0/177-20190826152130-snapshot.jpg
1,0,20190826,152130,86,2,780,489,868,546,Aug30_0/177-20190826152130-snapshot.jpg
1,0,20190826,152130,87,2,666,99,763,155,Aug30_0/177-20190826152130-snapshot.jpg
1,0,20190826,152200,70,2,649,418,700,470,Aug30_0/177-20190826152200-snapshot.jpg
1,0,20190826,152400,84,2,954,591,1037,662,Aug30_0/177-20190826152400-snapshot.jpg
1,0,20190826,152430,82,2,879,144,950,217,Aug30_0/177-20190826152430-snapshot.jpg
1,0,20190826,152500,80,2,1241,10,1326,60,Aug30_0/177-20190826152500-snapshot.jpg
1,0,20190826,152600,71,2,1214,5,1287,65,Aug30_0/177-20190826152600-snapshot.jpg
1,0,20190826,152600,84,2,652,411,706,484,Aug30_0/177-20190826152600-snapshot.jpg
1,0,20190826,152630,90,2,815,179,900,250,Aug30_0/177-20190826152630-snapshot.jpg
1,0,20190826,152700,84,2,666,458,746,532,Aug30_0/177-20190826152700-snapshot.jpg
1,0,20190826,152700,86,2,1041,444,1117,508,Aug30_0/177-20190826152700-snapshot.jpg
1,0,20190826,152900,85,2,1240,3,1323,62,Aug30_0/177-20190826152900-snapshot.jpg
1,0,20190826,152930,85,2,1017,650,1102,723,Aug30_0/177-20190826152930-snapshot.jpg
1,0,20190826,153000,86,2,931,118,1012,174,Aug30_0/177-20190826153000-snapshot.jpg
1,0,20190826,153030,87,2,959,31,1029,98,Aug30_0/177-20190826153030-snapshot.jpg
1,0,20190826,153130,73,2,1010,115,1079,183,Aug30_0/177-20190826153130-snapshot.jpg
1,0,20190826,153300,70,2,420,601,489,671,Aug30_0/177-20190826153300-snapshot.jpg
1,0,20190826,153330,85,2,785,281,842,373,Aug30_0/177-20190826153330-snapshot.jpg
1,0,20190826,153330,86,2,883,110,937,177,Aug30_0/177-20190826153330-snapshot.jpg
1,0,20190826,153330,87,2,1150,532,1228,593,Aug30_0/177-20190826153330-snapshot.jpg
1,0,20190826,153400,85,2,960,2,1027,68,Aug30_0/177-20190826153400-snapshot.jpg
1,0,20190826,153400,85,2,888,347,977,407,Aug30_0/177-20190826153400-snapshot.jpg
1,0,20190826,153400,86,2,272,512,346,577,Aug30_0/177-20190826153400-snapshot.jpg
1,0,20190826,153430,85,2,1045,448,1123,507,Aug30_0/177-20190826153430-snapshot.jpg
1,0,20190826,153630,88,2,1174,775,1259,838,Aug30_0/177-20190826153630-snapshot.jpg
1,0,20190826,153830,88,2,999,218,1083,286,Aug30_0/177-20190826153830-snapshot.jpg
1,0,20190826,153900,61,2,1037,1038,1101,1080,Aug30_0/177-20190826153900-snapshot.jpg
1,0,20190826,153930,83,2,256,486,326,561,Aug30_0/177-20190826153930-snapshot.jpg
1,0,20190826,154200,88,2,1191,704,1270,769,Aug30_0/177-20190826154200-snapshot.jpg
1,0,20190826,154230,87,2,1146,758,1217,831,Aug30_0/177-20190826154230-snapshot.jpg
1,0,20190826,154300,85,2,1246,79,1328,138,Aug30_0/177-20190826154300-snapshot.jpg
1,0,20190826,154300,88,2,1056,694,1146,755,Aug30_0/177-20190826154300-snapshot.jpg
1,0,20190826,154330,79,2,614,12,677,88,Aug30_0/177-20190826154330-snapshot.jpg
1,0,20190826,154400,74,2,256,793,333,869,Aug30_0/177-20190826154400-snapshot.jpg
1,0,20190826,154400,82,2,221,472,286,542,Aug30_0/177-20190826154400-snapshot.jpg
1,0,20190826,154400,87,2,882,187,968,252,Aug30_0/177-20190826154400-snapshot.jpg
1,0,20190826,154400,89,2,1700,417,1762,505,Aug30_0/177-20190826154400-snapshot.jpg
1,0,20190826,154430,79,2,781,189,858,245,Aug30_0/177-20190826154430-snapshot.jpg
1,0,20190826,154430,84,2,1342,865,1408,946,Aug30_0/177-20190826154430-snapshot.jpg
1,0,20190826,154430,88,2,748,295,824,368,Aug30_0/177-20190826154430-snapshot.jpg
1,0,20190826,154500,90,2,743,348,828,432,Aug30_0/177-20190826154500-snapshot.jpg
1,0,20190826,154600,80,2,1433,735,1500,826,Aug30_0/177-20190826154600-snapshot.jpg
1,0,20190826,154600,87,2,140,909,237,991,Aug30_0/177-20190826154600-snapshot.jpg
1,0,20190826,154630,88,2,791,443,886,510,Aug30_0/177-20190826154630-snapshot.jpg
1,0,20190826,154700,86,2,910,435,1005,502,Aug30_0/177-20190826154700-snapshot.jpg
1,0,20190826,154700,87,2,816,186,905,243,Aug30_0/177-20190826154700-snapshot.jpg
1,0,20190826,154800,88,2,1080,160,1136,235,Aug30_0/177-20190826154800-snapshot.jpg
1,0,20190826,154830,87,2,1066,56,1142,137,Aug30_0/177-20190826154830-snapshot.jpg
1,0,20190826,154900,88,2,689,97,775,172,Aug30_0/177-20190826154900-snapshot.jpg
1,0,20190826,154930,87,2,899,417,994,470,Aug30_0/177-20190826154930-snapshot.jpg
1,0,20190826,155000,87,2,907,30,991,78,Aug30_0/177-20190826155000-snapshot.jpg
1,0,20190826,155030,67,2,232,500,296,574,Aug30_0/177-20190826155030-snapshot.jpg
1,0,20190826,155100,83,2,241,527,302,600,Aug30_0/177-20190826155100-snapshot.jpg
1,0,20190826,155200,85,2,1101,742,1156,825,Aug30_0/177-20190826155200-snapshot.jpg
1,0,20190826,155230,88,2,1061,714,1118,798,Aug30_0/177-20190826155230-snapshot.jpg
1,0,20190826,155300,87,2,1639,359,1695,433,Aug30_0/177-20190826155300-snapshot.jpg
1,0,20190826,155330,55,2,689,65,782,126,Aug30_0/177-20190826155330-snapshot.jpg
1,0,20190826,155430,85,2,1217,439,1272,510,Aug30_0/177-20190826155430-snapshot.jpg
1,0,20190826,155500,85,2,1551,617,1633,675,Aug30_0/177-20190826155500-snapshot.jpg
1,0,20190826,155530,85,2,1254,3,1317,66,Aug30_0/177-20190826155530-snapshot.jpg
1,0,20190826,155530,86,2,727,144,784,219,Aug30_0/177-20190826155530-snapshot.jpg
1,0,20190826,155600,90,2,1420,684,1514,750,Aug30_0/177-20190826155600-snapshot.jpg
1,0,20190826,155830,66,2,234,454,299,513,Aug30_0/177-20190826155830-snapshot.jpg
1,0,20190826,155830,81,2,910,303,985,352,Aug30_0/177-20190826155830-snapshot.jpg
1,0,20190826,160000,78,2,778,198,857,254,Aug30_0/177-20190826160000-snapshot.jpg
1,0,20190826,160200,84,2,963,71,1013,139,Aug30_0/177-20190826160200-snapshot.jpg
1,0,20190826,160200,84,2,1062,689,1121,773,Aug30_0/177-20190826160200-snapshot.jpg
1,0,20190826,160230,87,2,841,425,935,485,Aug30_0/177-20190826160230-snapshot.jpg
1,0,20190826,160230,88,2,1027,364,1080,442,Aug30_0/177-20190826160230-snapshot.jpg
1,0,20190826,160300,81,1,1238,93,1289,147,Aug30_0/177-20190826160300-snapshot.jpg
1,0,20190826,160300,86,2,1645,361,1699,429,Aug30_0/177-20190826160300-snapshot.jpg
1,0,20190826,160330,84,1,1422,94,1465,133,Aug30_0/177-20190826160330-snapshot.jpg
1,0,20190826,160400,86,2,1187,806,1242,881,Aug30_0/177-20190826160400-snapshot.jpg
1,0,20190826,160430,75,2,1035,1022,1100,1080,Aug30_0/177-20190826160430-snapshot.jpg
1,0,20190826,160430,77,2,342,474,425,530,Aug30_0/177-20190826160430-snapshot.jpg
1,0,20190826,160430,85,2,1029,6,1104,80,Aug30_0/177-20190826160430-snapshot.jpg
1,0,20190826,160430,85,2,1680,506,1741,582,Aug30_0/177-20190826160430-snapshot.jpg
1,0,20190826,160500,77,2,1198,3,1271,54,Aug30_0/177-20190826160500-snapshot.jpg
1,0,20190826,160500,90,2,1022,244,1105,316,Aug30_0/177-20190826160500-snapshot.jpg
1,0,20190826,160530,88,2,896,304,987,363,Aug30_0/177-20190826160530-snapshot.jpg
1,0,20190826,160600,82,8,988,1022,1064,1079,Aug30_0/177-20190826160600-snapshot.jpg
1,0,20190826,160700,85,2,1226,418,1294,484,Aug30_0/177-20190826160700-snapshot.jpg
1,0,20190826,160700,86,2,326,512,415,573,Aug30_0/177-20190826160700-snapshot.jpg
1,0,20190826,160800,71,2,528,748,626,812,Aug30_0/177-20190826160800-snapshot.jpg
1,0,20190826,160830,77,2,1198,5,1275,53,Aug30_0/177-20190826160830-snapshot.jpg
1,0,20190826,160900,88,2,1082,494,1160,584,Aug30_0/177-20190826160900-snapshot.jpg
1,0,20190826,160930,91,2,1078,128,1163,202,Aug30_0/177-20190826160930-snapshot.jpg
1,0,20190826,161000,87,2,1256,52,1319,139,Aug30_0/177-20190826161000-snapshot.jpg
1,0,20190826,161030,80,2,1271,8,1353,61,Aug30_0/177-20190826161030-snapshot.jpg
1,0,20190826,161100,47,2,86,611,146,668,Aug30_0/177-20190826161100-snapshot.jpg
1,0,20190826,161100,72,2,1341,835,1410,878,Aug30_0/177-20190826161100-snapshot.jpg
1,0,20190826,161100,77,2,1211,3,1287,57,Aug30_0/177-20190826161100-snapshot.jpg
1,0,20190826,161100,88,2,242,135,305,226,Aug30_0/177-20190826161100-snapshot.jpg
1,0,20190826,161330,54,2,984,106,1048,166,Aug30_0/177-20190826161330-snapshot.jpg
1,0,20190826,161330,86,2,1066,165,1122,239,Aug30_0/177-20190826161330-snapshot.jpg
1,0,20190826,161330,89,2,1031,247,1115,305,Aug30_0/177-20190826161330-snapshot.jpg
1,0,20190826,161600,82,2,943,26,1015,76,Aug30_0/177-20190826161600-snapshot.jpg
1,0,20190826,161630,88,2,544,739,629,815,Aug30_0/177-20190826161630-snapshot.jpg
1,0,20190826,161700,79,2,809,112,862,176,Aug30_0/177-20190826161700-snapshot.jpg
1,0,20190826,161700,82,2,966,492,1029,562,Aug30_0/177-20190826161700-snapshot.jpg
1,0,20190826,161730,86,2,1318,820,1398,879,Aug30_0/177-20190826161730-snapshot.jpg
1,0,20190826,161800,85,2,1757,434,1835,500,Aug30_0/177-20190826161800-snapshot.jpg
1,0,20190826,161800,88,2,832,343,930,396,Aug30_0/177-20190826161800-snapshot.jpg
1,0,20190826,161800,89,2,952,275,1033,339,Aug30_0/177-20190826161800-snapshot.jpg
1,0,20190826,161830,87,2,1163,550,1217,626,Aug30_0/177-20190826161830-snapshot.jpg
1,0,20190826,161900,87,2,1643,248,1720,319,Aug30_0/177-20190826161900-snapshot.jpg
1,0,20190826,161930,84,2,1538,848,1634,912,Aug30_0/177-20190826161930-snapshot.jpg
1,0,20190826,161930,84,2,752,190,824,251,Aug30_0/177-20190826161930-snapshot.jpg
1,0,20190826,162000,69,2,802,502,865,559,Aug30_0/177-20190826162000-snapshot.jpg
1,0,20190826,162200,76,2,1200,0,1272,45,Aug30_0/177-20190826162200-snapshot.jpg
1,0,20190826,162400,54,2,1147,0,1211,36,Aug30_0/177-20190826162400-snapshot.jpg
1,0,20190826,162430,83,2,1664,232,1747,292,Aug30_0/177-20190826162430-snapshot.jpg
1,0,20190826,162600,57,2,1158,1,1220,33,Aug30_0/177-20190826162600-snapshot.jpg
1,0,20190826,162600,84,2,219,454,301,520,Aug30_0/177-20190826162600-snapshot.jpg
1,0,20190826,162630,87,2,1259,810,1349,862,Aug30_0/177-20190826162630-snapshot.jpg
1,0,20190826,162700,84,2,252,492,332,561,Aug30_0/177-20190826162700-snapshot.jpg
1,0,20190826,162730,86,2,884,22,969,76,Aug30_0/177-20190826162730-snapshot.jpg
1,0,20190826,162800,90,2,699,113,781,188,Aug30_0/177-20190826162800-snapshot.jpg
1,0,20190826,162830,85,2,1727,431,1782,498,Aug30_0/177-20190826162830-snapshot.jpg
1,0,20190826,162900,86,2,273,517,337,587,Aug30_0/177-20190826162900-snapshot.jpg
1,0,20190826,162900,86,2,873,125,948,191,Aug30_0/177-20190826162900-snapshot.jpg
1,0,20190826,163030,90,2,1580,145,1672,209,Aug30_0/177-20190826163030-snapshot.jpg
1,0,20190826,163100,77,2,891,381,978,459,Aug30_0/177-20190826163100-snapshot.jpg
1,0,20190826,163130,75,2,568,851,636,909,Aug30_0/177-20190826163130-snapshot.jpg
1,0,20190826,163130,85,2,1015,411,1096,472,Aug30_0/177-20190826163130-snapshot.jpg
1,0,20190826,163130,86,2,931,232,990,309,Aug30_0/177-20190826163130-snapshot.jpg
1,0,20190826,163200,86,2,461,652,554,723,Aug30_0/177-20190826163200-snapshot.jpg
1,0,20190826,163230,85,2,886,16,957,75,Aug30_0/177-20190826163230-snapshot.jpg
1,0,20190826,163330,84,2,0,843,75,918,Aug30_0/177-20190826163330-snapshot.jpg
1,0,20190826,163400,88,2,390,977,487,1047,Aug30_0/177-20190826163400-snapshot.jpg
1,0,20190826,163430,71,8,0,127,50,205,Aug30_0/177-20190826163430-snapshot.jpg
1,0,20190826,163430,88,2,924,201,1000,268,Aug30_0/177-20190826163430-snapshot.jpg
1,0,20190826,163530,88,2,827,390,919,471,Aug30_0/177-20190826163530-snapshot.jpg
1,0,20190826,163600,84,2,608,405,689,466,Aug30_0/177-20190826163600-snapshot.jpg
1,0,20190826,163600,88,2,1644,555,1727,625,Aug30_0/177-20190826163600-snapshot.jpg
1,0,20190826,163700,77,2,1252,25,1315,88,Aug30_0/177-20190826163700-snapshot.jpg
1,0,20190826,163730,87,2,962,166,1042,227,Aug30_0/177-20190826163730-snapshot.jpg
1,0,20190826,163800,84,2,1244,26,1323,90,Aug30_0/177-20190826163800-snapshot.jpg
1,0,20190826,163800,85,2,1353,438,1409,506,Aug30_0/177-20190826163800-snapshot.jpg
1,0,20190826,163900,43,2,1759,441,1830,490,Aug30_0/177-20190826163900-snapshot.jpg
1,0,20190826,163930,88,2,211,818,300,899,Aug30_0/177-20190826163930-snapshot.jpg
1,0,20190826,164030,88,2,1200,712,1254,787,Aug30_0/177-20190826164030-snapshot.jpg
1,0,20190826,164100,86,2,775,190,862,246,Aug30_0/177-20190826164100-snapshot.jpg
1,0,20190826,164100,86,2,1564,333,1659,387,Aug30_0/177-20190826164100-snapshot.jpg
1,0,20190826,164230,83,2,598,35,674,100,Aug30_0/177-20190826164230-snapshot.jpg
1,0,20190826,164300,86,2,730,357,788,427,Aug30_0/177-20190826164300-snapshot.jpg
1,0,20190826,164300,87,2,1098,731,1165,806,Aug30_0/177-20190826164300-snapshot.jpg
1,0,20190826,164330,84,2,992,231,1061,283,Aug30_0/177-20190826164330-snapshot.jpg
1,0,20190826,164330,85,2,46,802,127,886,Aug30_0/177-20190826164330-snapshot.jpg
1,0,20190826,164400,86,2,1090,990,1177,1064,Aug30_0/177-20190826164400-snapshot.jpg
1,0,20190826,164430,85,2,635,64,726,123,Aug30_0/177-20190826164430-snapshot.jpg
1,0,20190826,164500,39,2,1208,3,1274,53,Aug30_0/177-20190826164500-snapshot.jpg
1,0,20190826,164530,78,2,546,1034,634,1079,Aug30_0/177-20190826164530-snapshot.jpg
1,0,20190826,164530,85,8,1341,335,1425,403,Aug30_0/177-20190826164530-snapshot.jpg
1,0,20190826,164530,88,2,1153,754,1226,889,Aug30_0/177-20190826164530-snapshot.jpg
1,0,20190826,164730,88,2,319,747,378,844,Aug30_0/177-20190826164730-snapshot.jpg
1,0,20190826,164800,88,2,1083,488,1171,560,Aug30_0/177-20190826164800-snapshot.jpg
1,0,20190826,164900,84,2,1240,406,1314,462,Aug30_0/177-20190826164900-snapshot.jpg
1,0,20190826,165030,37,2,791,1,852,44,Aug30_0/177-20190826165030-snapshot.jpg
1,0,20190826,165230,59,2,1273,9,1347,71,Aug30_0/177-20190826165230-snapshot.jpg
1,0,20190826,165300,85,2,646,416,701,496,Aug30_0/177-20190826165300-snapshot.jpg
1,0,20190826,165300,87,2,1171,792,1230,880,Aug30_0/177-20190826165300-snapshot.jpg
1,0,20190826,165400,86,2,1562,630,1641,702,Aug30_0/177-20190826165400-snapshot.jpg
1,0,20190826,165430,87,2,979,254,1053,323,Aug30_0/177-20190826165430-snapshot.jpg
1,0,20190826,165500,86,2,924,321,980,403,Aug30_0/177-20190826165500-snapshot.jpg
1,0,20190826,165530,66,2,1032,444,1083,496,Aug30_0/177-20190826165530-snapshot.jpg
1,0,20190826,165530,80,2,694,156,773,212,Aug30_0/177-20190826165530-snapshot.jpg
1,0,20190826,165530,80,2,1085,748,1164,814,Aug30_0/177-20190826165530-snapshot.jpg
1,0,20190826,165530,83,2,309,518,373,583,Aug30_0/177-20190826165530-snapshot.jpg
1,0,20190826,165600,88,2,1457,268,1554,331,Aug30_0/177-20190826165600-snapshot.jpg
1,0,20190826,165700,87,2,637,744,695,840,Aug30_0/177-20190826165700-snapshot.jpg
1,0,20190826,165830,81,2,610,16,673,95,Aug30_0/177-20190826165830-snapshot.jpg
1,0,20190826,165900,78,2,1266,41,1327,122,Aug30_0/177-20190826165900-snapshot.jpg
1,0,20190826,165900,83,2,967,58,1022,144,Aug30_0/177-20190826165900-snapshot.jpg
1,0,20190826,165930,87,2,1793,304,1872,371,Aug30_0/177-20190826165930-snapshot.jpg
1,0,20190826,165930,87,2,415,1032,519,1080,Aug30_0/177-20190826165930-snapshot.jpg
1,0,20190826,165930,88,2,981,384,1054,452,Aug30_0/177-20190826165930-snapshot.jpg
1,0,20190826,170000,88,2,1165,771,1223,850,Aug30_0/177-20190826170000-snapshot.jpg
1,0,20190826,170000,89,2,707,419,766,508,Aug30_0/177-20190826170000-snapshot.jpg
1,0,20190826,170030,86,2,1344,871,1406,957,Aug30_0/177-20190826170030-snapshot.jpg
1,0,20190826,170030,88,2,979,465,1064,528,Aug30_0/177-20190826170030-snapshot.jpg
1,0,20190826,170130,85,2,884,16,958,77,Aug30_0/177-20190826170130-snapshot.jpg
1,0,20190826,170200,84,2,470,639,530,721,Aug30_0/177-20190826170200-snapshot.jpg
1,0,20190826,170200,88,2,900,421,986,475,Aug30_0/177-20190826170200-snapshot.jpg
1,0,20190826,170230,87,2,912,183,987,253,Aug30_0/177-20190826170230-snapshot.jpg
1,0,20190826,170300,81,2,359,1023,419,1080,Aug30_0/177-20190826170300-snapshot.jpg
1,0,20190826,170400,82,2,1171,624,1252,683,Aug30_0/177-20190826170400-snapshot.jpg
1,0,20190826,170430,87,2,1076,470,1137,555,Aug30_0/177-20190826170430-snapshot.jpg
1,0,20190826,170500,87,2,1107,210,1200,266,Aug30_0/177-20190826170500-snapshot.jpg
1,0,20190826,170530,85,2,295,772,354,849,Aug30_0/177-20190826170530-snapshot.jpg
1,0,20190826,170830,86,2,1042,426,1098,492,Aug30_0/178-20190826170830-snapshot.jpg
1,0,20190826,170930,84,2,1253,502,1330,555,Aug30_0/178-20190826170930-snapshot.jpg
1,0,20190826,171030,79,2,613,14,693,82,Aug30_0/178-20190826171030-snapshot.jpg
1,0,20190826,171100,72,2,1199,1,1269,43,Aug30_0/178-20190826171100-snapshot.jpg
1,0,20190826,171100,84,2,841,149,898,217,Aug30_0/178-20190826171100-snapshot.jpg
1,0,20190826,171100,87,2,1335,780,1389,858,Aug30_0/178-20190826171100-snapshot.jpg
1,0,20190826,171130,90,2,670,374,757,435,Aug30_0/178-20190826171130-snapshot.jpg
1,0,20190826,171200,83,2,648,98,735,149,Aug30_0/178-20190826171200-snapshot.jpg
1,0,20190826,171230,88,2,914,278,974,359,Aug30_0/178-20190826171230-snapshot.jpg
1,0,20190826,171400,86,2,1365,679,1418,753,Aug30_0/178-20190826171400-snapshot.jpg
1,0,20190826,171430,84,2,1166,539,1234,601,Aug30_0/178-20190826171430-snapshot.jpg
1,0,20190826,171430,87,2,1001,367,1054,448,Aug30_0/178-20190826171430-snapshot.jpg
1,0,20190826,171500,80,2,729,202,809,246,Aug30_0/178-20190826171500-snapshot.jpg
1,0,20190826,171500,84,2,768,508,862,566,Aug30_0/178-20190826171500-snapshot.jpg
1,0,20190826,171830,87,2,713,187,798,255,Aug30_0/178-20190826171830-snapshot.jpg
1,0,20190826,172000,86,2,667,65,736,146,Aug30_0/178-20190826172000-snapshot.jpg
1,0,20190826,172030,89,2,1306,772,1388,846,Aug30_0/178-20190826172030-snapshot.jpg
1,0,20190826,172100,70,2,909,1,987,60,Aug30_0/178-20190826172100-snapshot.jpg
1,0,20190826,172130,86,2,937,247,993,320,Aug30_0/178-20190826172130-snapshot.jpg
1,0,20190826,172130,90,2,1033,705,1114,769,Aug30_0/178-20190826172130-snapshot.jpg
1,0,20190826,172200,88,2,685,387,777,450,Aug30_0/178-20190826172200-snapshot.jpg
1,0,20190826,172200,90,2,1030,470,1116,531,Aug30_0/178-20190826172200-snapshot.jpg
1,0,20190826,172330,59,2,233,452,301,515,Aug30_0/178-20190826172330-snapshot.jpg
1,0,20190826,172400,88,2,1664,367,1751,429,Aug30_0/178-20190826172400-snapshot.jpg
1,0,20190826,172430,30,2,631,0,705,45,Aug30_0/178-20190826172430-snapshot.jpg
1,0,20190826,172530,84,2,270,795,353,874,Aug30_0/178-20190826172530-snapshot.jpg
1,0,20190826,172530,88,2,1084,398,1141,479,Aug30_0/178-20190826172530-snapshot.jpg
1,0,20190826,172630,84,2,775,50,856,99,Aug30_0/178-20190826172630-snapshot.jpg
1,0,20190826,172930,69,2,974,89,1034,162,Aug30_0/178-20190826172930-snapshot.jpg
1,0,20190826,173000,84,2,919,187,993,248,Aug30_0/178-20190826173000-snapshot.jpg
1,0,20190826,173000,89,2,1408,716,1464,802,Aug30_0/178-20190826173000-snapshot.jpg
1,0,20190826,173030,86,2,1059,259,1132,322,Aug30_0/178-20190826173030-snapshot.jpg
1,0,20190826,173100,88,2,1004,431,1067,519,Aug30_0/178-20190826173100-snapshot.jpg
1,0,20190826,173130,84,2,5,820,93,869,Aug30_0/178-20190826173130-snapshot.jpg
1,0,20190826,173200,85,2,1569,592,1627,673,Aug30_0/178-20190826173200-snapshot.jpg
1,0,20190826,173230,88,2,1078,423,1158,489,Aug30_0/178-20190826173230-snapshot.jpg
1,0,20190826,173230,88,2,1071,973,1160,1046,Aug30_0/178-20190826173230-snapshot.jpg
1,0,20190826,173300,84,2,725,87,784,168,Aug30_0/178-20190826173300-snapshot.jpg
1,0,20190826,173330,90,2,698,336,799,399,Aug30_0/178-20190826173330-snapshot.jpg
1,0,20190826,173400,85,2,811,466,886,528,Aug30_0/178-20190826173400-snapshot.jpg
1,0,20190826,173430,87,2,1241,10,1328,85,Aug30_0/178-20190826173430-snapshot.jpg
1,0,20190826,173500,82,2,1220,14,1301,65,Aug30_0/178-20190826173500-snapshot.jpg
1,0,20190826,173530,87,2,1320,679,1409,733,Aug30_0/178-20190826173530-snapshot.jpg
1,0,20190826,173630,81,2,223,498,297,556,Aug30_0/178-20190826173630-snapshot.jpg
1,0,20190826,173700,85,2,262,813,327,895,Aug30_0/178-20190826173700-snapshot.jpg
1,0,20190826,173700,86,8,1248,594,1304,676,Aug30_0/178-20190826173700-snapshot.jpg
1,0,20190826,173800,78,2,805,3,860,63,Aug30_0/178-20190826173800-snapshot.jpg
1,0,20190826,173930,77,2,1281,794,1337,864,Aug30_0/178-20190826173930-snapshot.jpg
1,0,20190826,173930,80,2,424,854,486,943,Aug30_0/178-20190826173930-snapshot.jpg
1,0,20190826,173930,82,2,470,511,558,571,Aug30_0/178-20190826173930-snapshot.jpg
1,0,20190826,174000,68,2,720,214,783,260,Aug30_0/178-20190826174000-snapshot.jpg
1,0,20190826,174000,87,2,644,43,732,112,Aug30_0/178-20190826174000-snapshot.jpg
1,0,20190826,174000,87,2,1343,677,1399,751,Aug30_0/178-20190826174000-snapshot.jpg
1,0,20190826,174130,84,2,436,874,524,949,Aug30_0/178-20190826174130-snapshot.jpg
1,0,20190826,174400,87,2,1795,327,1882,391,Aug30_0/178-20190826174400-snapshot.jpg
1,0,20190826,174430,86,2,905,972,988,1037,Aug30_0/178-20190826174430-snapshot.jpg
1,0,20190826,175030,42,2,826,62,879,133,Aug30_0/178-20190826175030-snapshot.jpg
1,0,20190826,175030,89,2,778,443,863,520,Aug30_0/178-20190826175030-snapshot.jpg
1,0,20190826,175100,80,2,986,417,1044,478,Aug30_0/178-20190826175100-snapshot.jpg
1,0,20190826,175100,85,2,818,172,901,224,Aug30_0/178-20190826175100-snapshot.jpg
1,0,20190826,175130,48,2,1,815,56,875,Aug30_0/178-20190826175130-snapshot.jpg
1,0,20190826,175130,87,2,1603,578,1684,645,Aug30_0/178-20190826175130-snapshot.jpg
1,0,20190826,175200,82,8,1473,575,1563,626,Aug30_0/178-20190826175200-snapshot.jpg
1,0,20190826,175230,68,2,1192,9,1250,62,Aug30_0/178-20190826175230-snapshot.jpg
1,0,20190826,175300,83,2,364,476,434,545,Aug30_0/178-20190826175300-snapshot.jpg
1,0,20190826,175530,85,2,555,746,624,819,Aug30_0/178-20190826175530-snapshot.jpg
1,0,20190826,175530,87,2,928,19,1004,88,Aug30_0/178-20190826175530-snapshot.jpg
1,0,20190826,175600,85,2,873,121,947,184,Aug30_0/178-20190826175600-snapshot.jpg
1,0,20190826,175700,89,2,1171,825,1259,892,Aug30_0/178-20190826175700-snapshot.jpg
1,0,20190826,175730,86,2,1053,660,1135,713,Aug30_0/178-20190826175730-snapshot.jpg
1,0,20190826,175800,85,2,932,276,1000,344,Aug30_0/178-20190826175800-snapshot.jpg
1,0,20190826,175800,87,2,680,404,767,463,Aug30_0/178-20190826175800-snapshot.jpg
1,0,20190826,175830,85,2,738,81,821,152,Aug30_0/178-20190826175830-snapshot.jpg
1,0,20190826,175830,85,2,1803,419,1891,494,Aug30_0/178-20190826175830-snapshot.jpg
1,0,20190826,175900,79,2,276,805,337,879,Aug30_0/178-20190826175900-snapshot.jpg
1,0,20190826,175900,84,2,1223,14,1304,65,Aug30_0/178-20190826175900-snapshot.jpg
1,0,20190826,175930,87,2,1521,674,1617,724,Aug30_0/178-20190826175930-snapshot.jpg
1,0,20190826,180030,85,2,1041,182,1096,248,Aug30_0/178-20190826180030-snapshot.jpg
1,0,20190826,180200,83,8,757,779,835,849,Aug30_0/178-20190826180200-snapshot.jpg
1,0,20190826,180200,84,2,595,1012,668,1079,Aug30_0/178-20190826180200-snapshot.jpg
1,0,20190826,180230,88,2,723,449,774,521,Aug30_0/178-20190826180230-snapshot.jpg
1,0,20190826,180300,87,2,811,380,916,440,Aug30_0/178-20190826180300-snapshot.jpg
1,0,20190826,180300,88,2,1009,517,1104,579,Aug30_0/178-20190826180300-snapshot.jpg
1,0,20190826,180330,86,2,1420,373,1493,438,Aug30_0/178-20190826180330-snapshot.jpg
1,0,20190826,180330,87,2,971,227,1052,282,Aug30_0/178-20190826180330-snapshot.jpg
1,0,20190826,180400,82,8,151,220,238,273,Aug30_0/178-20190826180400-snapshot.jpg
1,0,20190826,180400,85,2,1245,39,1303,127,Aug30_0/178-20190826180400-snapshot.jpg
1,0,20190826,180430,76,2,351,436,444,498,Aug30_0/178-20190826180430-snapshot.jpg
1,0,20190826,180430,81,2,641,110,715,181,Aug30_0/178-20190826180430-snapshot.jpg
1,0,20190826,180500,30,2,511,1041,560,1080,Aug30_0/178-20190826180500-snapshot.jpg
1,0,20190826,180500,85,2,1034,72,1095,140,Aug30_0/178-20190826180500-snapshot.jpg
1,0,20190826,180500,87,2,270,765,328,853,Aug30_0/178-20190826180500-snapshot.jpg
1,0,20190826,180600,84,2,1034,996,1092,1076,Aug30_0/178-20190826180600-snapshot.jpg
1,0,20190826,180600,87,2,27,876,130,930,Aug30_0/178-20190826180600-snapshot.jpg
1,0,20190826,180830,87,2,1119,508,1191,593,Aug30_0/178-20190826180830-snapshot.jpg
1,0,20190826,180900,87,2,979,137,1062,196,Aug30_0/178-20190826180900-snapshot.jpg
1,0,20190826,180930,65,2,765,0,826,44,Aug30_0/178-20190826180930-snapshot.jpg
1,0,20190826,181100,78,8,1307,650,1382,716,Aug30_0/178-20190826181100-snapshot.jpg
1,0,20190826,181130,85,8,1333,660,1390,730,Aug30_0/178-20190826181130-snapshot.jpg
1,0,20190826,181200,87,2,915,206,995,263,Aug30_0/178-20190826181200-snapshot.jpg
1,0,20190826,181300,89,2,1040,439,1131,494,Aug30_0/178-20190826181300-snapshot.jpg
1,0,20190826,181330,81,2,219,458,301,526,Aug30_0/178-20190826181330-snapshot.jpg
1,0,20190826,181400,79,2,266,815,334,889,Aug30_0/178-20190826181400-snapshot.jpg
1,0,20190826,181400,86,2,924,115,980,193,Aug30_0/178-20190826181400-snapshot.jpg
1,0,20190826,181600,77,2,530,751,612,807,Aug30_0/178-20190826181600-snapshot.jpg
1,0,20190826,181630,78,2,643,353,698,433,Aug30_0/178-20190826181630-snapshot.jpg
1,0,20190826,181700,89,2,717,311,807,390,Aug30_0/178-20190826181700-snapshot.jpg
1,0,20190826,181730,86,2,1038,404,1093,482,Aug30_0/178-20190826181730-snapshot.jpg
1,0,20190826,181730,86,2,1235,13,1297,95,Aug30_0/178-20190826181730-snapshot.jpg
1,0,20190826,181800,84,2,841,190,916,242,Aug30_0/178-20190826181800-snapshot.jpg
1,0,20190826,181830,82,2,604,85,664,157,Aug30_0/178-20190826181830-snapshot.jpg
1,0,20190826,181830,82,2,1106,984,1179,1051,Aug30_0/178-20190826181830-snapshot.jpg
1,0,20190826,181900,82,2,216,448,294,508,Aug30_0/178-20190826181900-snapshot.jpg
1,0,20190826,181900,86,2,1313,782,1372,864,Aug30_0/178-20190826181900-snapshot.jpg
1,0,20190826,181900,87,2,949,244,1026,299,Aug30_0/178-20190826181900-snapshot.jpg
1,0,20190826,181930,75,2,237,445,311,507,Aug30_0/178-20190826181930-snapshot.jpg
1,0,20190826,181930,83,2,1144,748,1210,794,Aug30_0/178-20190826181930-snapshot.jpg
1,0,20190826,181930,84,2,1172,540,1234,609,Aug30_0/178-20190826181930-snapshot.jpg
1,0,20190826,182000,82,2,1012,774,1100,839,Aug30_0/178-20190826182000-snapshot.jpg
1,0,20190826,182000,86,2,399,1025,491,1080,Aug30_0/178-20190826182000-snapshot.jpg
1,0,20190826,182030,73,2,1441,584,1532,639,Aug30_0/178-20190826182030-snapshot.jpg
1,0,20190826,182030,80,2,1262,832,1342,893,Aug30_0/178-20190826182030-snapshot.jpg
1,0,20190826,182030,87,2,1047,123,1106,205,Aug30_0/178-20190826182030-snapshot.jpg
1,0,20190826,182100,80,2,829,0,889,62,Aug30_0/178-20190826182100-snapshot.jpg
1,0,20190826,182500,77,2,943,530,1028,593,Aug30_0/178-20190826182500-snapshot.jpg
1,0,20190826,182700,86,2,41,858,136,919,Aug30_0/178-20190826182700-snapshot.jpg
1,0,20190826,182900,89,2,1031,551,1095,644,Aug30_0/178-20190826182900-snapshot.jpg
1,0,20190826,182930,85,2,876,272,938,354,Aug30_0/178-20190826182930-snapshot.jpg
1,0,20190826,182930,86,2,1565,632,1646,698,Aug30_0/178-20190826182930-snapshot.jpg
1,0,20190826,182930,87,2,459,672,516,759,Aug30_0/178-20190826182930-snapshot.jpg
1,0,20190826,183000,81,2,1123,3,1211,47,Aug30_0/178-20190826183000-snapshot.jpg
1,0,20190826,183000,84,2,265,498,340,570,Aug30_0/178-20190826183000-snapshot.jpg
1,0,20190826,183100,84,2,625,384,682,449,Aug30_0/178-20190826183100-snapshot.jpg
1,0,20190826,183130,87,2,974,214,1028,292,Aug30_0/178-20190826183130-snapshot.jpg
1,0,20190826,183130,88,2,1435,682,1493,762,Aug30_0/178-20190826183130-snapshot.jpg
1,0,20190826,183500,82,2,669,489,761,551,Aug30_0/178-20190826183500-snapshot.jpg
1,0,20190826,183730,69,2,345,422,435,496,Aug30_0/178-20190826183730-snapshot.jpg
1,0,20190826,183830,81,2,1196,13,1269,56,Aug30_0/178-20190826183830-snapshot.jpg
1,0,20190826,184300,83,2,1342,866,1404,941,Aug30_0/179-20190826184300-snapshot.jpg
1,0,20190826,184330,87,2,1063,725,1143,804,Aug30_0/179-20190826184330-snapshot.jpg
1,0,20190826,184400,70,2,636,1,704,58,Aug30_0/179-20190826184400-snapshot.jpg
1,0,20190826,184430,88,2,1039,226,1091,309,Aug30_0/179-20190826184430-snapshot.jpg
1,0,20190826,184900,86,2,56,580,145,655,Aug30_0/179-20190826184900-snapshot.jpg
1,0,20190826,184930,83,2,1079,775,1154,839,Aug30_0/179-20190826184930-snapshot.jpg
1,0,20190826,185000,82,2,1727,514,1821,571,Aug30_0/179-20190826185000-snapshot.jpg
1,0,20190826,185130,85,2,1048,180,1103,257,Aug30_0/179-20190826185130-snapshot.jpg
1,0,20190826,185200,86,2,1163,569,1229,635,Aug30_0/179-20190826185200-snapshot.jpg
1,0,20190826,185230,87,2,1665,272,1734,355,Aug30_0/179-20190826185230-snapshot.jpg
1,0,20190826,185730,83,2,1040,440,1101,500,Aug30_0/179-20190826185730-snapshot.jpg
1,0,20190826,185800,89,2,873,394,956,462,Aug30_0/179-20190826185800-snapshot.jpg
1,0,20190826,185830,78,2,533,1033,618,1080,Aug30_0/179-20190826185830-snapshot.jpg
1,0,20190826,185900,83,2,1101,976,1157,1047,Aug30_0/179-20190826185900-snapshot.jpg
1,0,20190826,190100,85,2,1176,800,1236,884,Aug30_0/180-20190826190100-snapshot.jpg
1,0,20190826,190130,79,2,1547,169,1602,243,Aug30_0/180-20190826190130-snapshot.jpg
1,0,20190826,190130,81,2,774,503,858,572,Aug30_0/180-20190826190130-snapshot.jpg
1,0,20190826,190200,86,2,916,318,974,396,Aug30_0/180-20190826190200-snapshot.jpg
1,0,20190826,190230,87,2,712,196,794,256,Aug30_0/180-20190826190230-snapshot.jpg
1,0,20190826,190230,89,2,991,255,1077,312,Aug30_0/180-20190826190230-snapshot.jpg
1,0,20190826,190230,90,2,1150,816,1238,898,Aug30_0/180-20190826190230-snapshot.jpg
1,0,20190826,190700,87,2,1157,550,1214,628,Aug30_0/180-20190826190700-snapshot.jpg
1,0,20190826,190700,88,2,1440,673,1518,745,Aug30_0/180-20190826190700-snapshot.jpg
1,0,20190826,191230,87,2,1736,412,1822,481,Aug30_0/180-20190826191230-snapshot.jpg
1,0,20190826,191400,87,2,1207,488,1290,559,Aug30_0/180-20190826191400-snapshot.jpg
1,0,20190826,191430,85,2,473,595,544,679,Aug30_0/180-20190826191430-snapshot.jpg
1,0,20190826,191500,85,2,1099,739,1160,813,Aug30_0/180-20190826191500-snapshot.jpg
1,0,20190826,191530,86,2,284,787,348,875,Aug30_0/180-20190826191530-snapshot.jpg
1,0,20190826,191730,87,2,1788,356,1874,427,Aug30_0/180-20190826191730-snapshot.jpg
1,0,20190826,192030,56,2,619,13,691,88,Aug30_0/181-20190826192030-snapshot.jpg
1,0,20190826,192500,87,2,1037,393,1132,444,Aug30_0/182-20190826192500-snapshot.jpg
1,0,20190826,192530,87,2,959,39,1030,111,Aug30_0/182-20190826192530-snapshot.jpg
1,0,20190826,192700,88,2,808,183,897,249,Aug30_0/182-20190826192700-snapshot.jpg
1,0,20190826,193130,87,2,801,196,888,251,Aug30_0/183-20190826193130-snapshot.jpg
1,0,20190826,193200,88,2,1203,12,1282,80,Aug30_0/183-20190826193200-snapshot.jpg
1,0,20190826,193600,82,2,222,471,284,541,Aug30_0/184-20190826193600-snapshot.jpg
1,0,20190826,193600,87,2,278,792,339,879,Aug30_0/184-20190826193600-snapshot.jpg
1,0,20190826,193630,84,2,691,442,772,500,Aug30_0/184-20190826193630-snapshot.jpg
1,0,20190826,193630,87,2,472,625,551,682,Aug30_0/184-20190826193630-snapshot.jpg
1,0,20190826,193630,91,2,1457,683,1554,751,Aug30_0/184-20190826193630-snapshot.jpg
1,0,20190826,193730,86,2,988,365,1051,446,Aug30_0/184-20190826193730-snapshot.jpg
1,0,20190826,194300,88,2,896,320,980,383,Aug30_0/184-20190826194300-snapshot.jpg
1,0,20190826,194500,86,2,0,841,82,904,Aug30_0/185-20190826194500-snapshot.jpg
1,0,20190826,194530,86,2,1107,396,1162,470,Aug30_0/185-20190826194530-snapshot.jpg
1,0,20190826,194700,85,2,1085,763,1169,820,Aug30_0/185-20190826194700-snapshot.jpg
1,0,20190826,194700,85,2,1247,23,1320,93,Aug30_0/185-20190826194700-snapshot.jpg
1,0,20190826,200200,85,2,1081,76,1172,145,Aug30_0/189-20190826200200-snapshot.jpg
1,0,20190826,200230,77,2,524,1040,608,1080,Aug30_0/189-20190826200230-snapshot.jpg
1,0,20190826,200300,86,2,250,812,340,880,Aug30_0/189-20190826200300-snapshot.jpg
1,0,20190826,200600,83,2,39,797,120,879,Aug30_0/189-20190826200600-snapshot.jpg
1,0,20190826,200830,88,2,1326,779,1380,867,Aug30_0/189-20190826200830-snapshot.jpg
1,0,20190826,201230,87,2,1100,731,1161,806,Aug30_0/189-20190826201230-snapshot.jpg
1,0,20190826,201230,88,2,880,76,963,139,Aug30_0/189-20190826201230-snapshot.jpg
1,0,20190826,201300,40,2,225,459,295,527,Aug30_0/189-20190826201300-snapshot.jpg
1,0,20190826,201300,88,2,795,174,876,235,Aug30_0/189-20190826201300-snapshot.jpg
1,0,20190826,201330,86,2,1,848,91,922,Aug30_0/189-20190826201330-snapshot.jpg
1,0,20190826,201700,88,2,1189,560,1264,627,Aug30_0/189-20190826201700-snapshot.jpg
1,0,20190826,201900,85,2,341,999,434,1077,Aug30_0/189-20190826201900-snapshot.jpg
1,0,20190826,202030,74,2,1254,7,1332,61,Aug30_0/189-20190826202030-snapshot.jpg
1,0,20190826,203100,81,2,661,18,728,107,Aug30_0/190-20190826203100-snapshot.jpg
1,0,20190826,205400,32,7,981,168,1088,281,Aug30_0/194-20190826205400-snapshot.jpg
1,0,20190826,205430,30,7,970,165,1086,282,Aug30_0/195-20190826205430-snapshot.jpg
1,0,20190827,082800,72,2,214,480,276,555,Aug30_0/232-20190827082800-snapshot.jpg
1,0,20190827,082830,81,2,217,467,282,545,Aug30_0/232-20190827082830-snapshot.jpg
1,0,20190827,082930,77,2,782,93,855,151,Aug30_0/232-20190827082930-snapshot.jpg
1,0,20190827,083000,83,2,1081,134,1176,188,Aug30_0/232-20190827083000-snapshot.jpg
1,0,20190827,085630,87,2,881,163,960,230,Aug30_0/234-20190827085630-snapshot.jpg
1,0,20190827,085700,87,2,1630,307,1711,377,Aug30_0/234-20190827085700-snapshot.jpg
1,0,20190827,093130,83,2,834,451,901,529,Aug30_0/239-20190827093130-snapshot.jpg
1,0,20190827,093200,88,2,1387,636,1453,716,Aug30_0/239-20190827093200-snapshot.jpg
1,0,20190827,100400,66,2,288,537,352,593,Aug30_0/240-20190827100400-snapshot.jpg
1,0,20190827,101230,87,2,595,753,681,828,Aug30_0/241-20190827101230-snapshot.jpg
1,0,20190827,101300,86,2,701,343,756,429,Aug30_0/241-20190827101300-snapshot.jpg
1,0,20190827,101900,76,2,623,66,711,120,Aug30_0/241-20190827101900-snapshot.jpg
1,0,20190827,102130,86,2,1221,798,1280,885,Aug30_0/241-20190827102130-snapshot.jpg
1,0,20190827,102200,86,2,635,293,695,371,Aug30_0/241-20190827102200-snapshot.jpg
1,0,20190827,102230,88,2,1061,198,1120,286,Aug30_0/241-20190827102230-snapshot.jpg
1,0,20190827,102230,89,2,1061,540,1160,598,Aug30_0/241-20190827102230-snapshot.jpg
1,0,20190827,102300,90,2,1141,857,1225,932,Aug30_0/241-20190827102300-snapshot.jpg
1,0,20190827,102330,83,2,666,91,760,156,Aug30_0/241-20190827102330-snapshot.jpg
1,0,20190827,102630,86,2,648,681,732,745,Aug30_0/241-20190827102630-snapshot.jpg
1,0,20190827,102700,86,2,1014,107,1075,191,Aug30_0/241-20190827102700-snapshot.jpg
1,0,20190827,102830,81,2,451,603,510,686,Aug30_0/241-20190827102830-snapshot.jpg
1,0,20190827,103030,76,2,1352,837,1419,895,Aug30_0/241-20190827103030-snapshot.jpg
1,0,20190827,103100,86,2,959,399,1024,478,Aug30_0/241-20190827103100-snapshot.jpg
1,0,20190827,103200,76,2,595,52,661,119,Aug30_0/241-20190827103200-snapshot.jpg
1,0,20190827,103230,84,2,1181,586,1258,641,Aug30_0/241-20190827103230-snapshot.jpg
1,0,20190827,103330,79,2,303,526,368,593,Aug30_0/241-20190827103330-snapshot.jpg
1,0,20190827,103400,83,2,720,506,777,576,Aug30_0/241-20190827103400-snapshot.jpg
1,0,20190827,103500,83,2,102,433,199,505,Aug30_0/241-20190827103500-snapshot.jpg
1,0,20190827,103530,88,2,1323,637,1416,711,Aug30_0/241-20190827103530-snapshot.jpg
1,0,20190827,103600,86,2,1010,188,1098,247,Aug30_0/241-20190827103600-snapshot.jpg
1,0,20190827,103830,85,2,631,313,689,389,Aug30_0/241-20190827103830-snapshot.jpg
1,0,20190827,103930,87,2,1667,422,1737,507,Aug30_0/241-20190827103930-snapshot.jpg
1,0,20190827,104000,82,2,614,409,690,471,Aug30_0/241-20190827104000-snapshot.jpg
1,0,20190827,104030,87,2,956,221,1016,298,Aug30_0/241-20190827104030-snapshot.jpg
1,0,20190827,104130,88,2,1397,914,1484,1006,Aug30_0/241-20190827104130-snapshot.jpg
1,0,20190827,104200,89,2,322,970,404,1064,Aug30_0/241-20190827104200-snapshot.jpg
1,0,20190827,104230,82,2,293,537,370,596,Aug30_0/241-20190827104230-snapshot.jpg
1,0,20190827,104530,87,2,1700,363,1759,434,Aug30_0/241-20190827104530-snapshot.jpg
1,0,20190827,104600,88,2,1072,412,1147,489,Aug30_0/241-20190827104600-snapshot.jpg
1,0,20190827,104630,71,2,801,5,876,67,Aug30_0/241-20190827104630-snapshot.jpg
1,0,20190827,104730,77,2,248,513,332,564,Aug30_0/241-20190827104730-snapshot.jpg
1,0,20190827,104800,87,2,1049,176,1111,263,Aug30_0/241-20190827104800-snapshot.jpg
1,0,20190827,105000,86,2,871,114,923,187,Aug30_0/241-20190827105000-snapshot.jpg
1,0,20190827,105000,87,2,1756,292,1831,371,Aug30_0/241-20190827105000-snapshot.jpg
1,0,20190827,105100,85,2,681,40,747,132,Aug30_0/241-20190827105100-snapshot.jpg
1,0,20190827,105130,79,2,16,822,97,896,Aug30_0/241-20190827105130-snapshot.jpg
1,0,20190827,105230,81,2,215,475,282,547,Aug30_0/241-20190827105230-snapshot.jpg
1,0,20190827,105400,86,2,1135,536,1195,615,Aug30_0/241-20190827105400-snapshot.jpg
1,0,20190827,105630,88,2,852,397,915,482,Aug30_0/241-20190827105630-snapshot.jpg
1,0,20190827,105700,67,2,396,449,449,502,Aug30_0/241-20190827105700-snapshot.jpg
1,0,20190827,105700,87,2,1222,58,1319,121,Aug30_0/241-20190827105700-snapshot.jpg
1,0,20190827,105800,85,2,1176,775,1258,837,Aug30_0/241-20190827105800-snapshot.jpg
1,0,20190827,105800,87,2,868,67,926,146,Aug30_0/241-20190827105800-snapshot.jpg
1,0,20190827,105830,72,2,644,47,738,129,Aug30_0/241-20190827105830-snapshot.jpg
1,0,20190827,105830,87,2,506,763,565,845,Aug30_0/241-20190827105830-snapshot.jpg
1,0,20190827,105830,88,2,1112,571,1205,630,Aug30_0/241-20190827105830-snapshot.jpg
1,0,20190827,110300,82,2,1047,216,1108,279,Aug30_0/241-20190827110300-snapshot.jpg
1,0,20190827,110330,88,2,857,232,943,309,Aug30_0/241-20190827110330-snapshot.jpg
1,0,20190827,110400,88,2,413,834,476,923,Aug30_0/241-20190827110400-snapshot.jpg
1,0,20190827,110600,86,2,693,402,779,471,Aug30_0/241-20190827110600-snapshot.jpg
1,0,20190827,110630,86,2,1213,35,1299,89,Aug30_0/241-20190827110630-snapshot.jpg
1,0,20190827,110630,87,2,728,521,784,592,Aug30_0/241-20190827110630-snapshot.jpg
1,0,20190827,110830,85,2,278,530,360,597,Aug30_0/241-20190827110830-snapshot.jpg
1,0,20190827,111000,87,2,929,161,1012,216,Aug30_0/241-20190827111000-snapshot.jpg
1,0,20190827,111030,88,2,680,639,776,703,Aug30_0/241-20190827111030-snapshot.jpg
1,0,20190827,111100,87,2,1057,200,1128,286,Aug30_0/241-20190827111100-snapshot.jpg
1,0,20190827,111130,83,2,1537,611,1603,685,Aug30_0/241-20190827111130-snapshot.jpg
1,0,20190827,111130,84,2,51,589,137,649,Aug30_0/241-20190827111130-snapshot.jpg
1,0,20190827,111230,86,2,879,131,947,193,Aug30_0/241-20190827111230-snapshot.jpg
1,0,20190827,111300,81,2,743,355,796,432,Aug30_0/241-20190827111300-snapshot.jpg
1,0,20190827,111430,87,2,427,1019,533,1080,Aug30_0/241-20190827111430-snapshot.jpg
1,0,20190827,111530,79,2,885,0,948,61,Aug30_0/241-20190827111530-snapshot.jpg
1,0,20190827,111600,85,2,409,875,471,958,Aug30_0/241-20190827111600-snapshot.jpg
1,0,20190827,111700,63,2,597,1,672,59,Aug30_0/241-20190827111700-snapshot.jpg
1,0,20190827,111700,86,2,874,298,949,380,Aug30_0/241-20190827111700-snapshot.jpg
1,0,20190827,111730,84,2,431,634,522,700,Aug30_0/241-20190827111730-snapshot.jpg
1,0,20190827,111800,90,2,1068,927,1152,1009,Aug30_0/241-20190827111800-snapshot.jpg
1,0,20190827,112030,87,2,692,104,770,178,Aug30_0/241-20190827112030-snapshot.jpg
1,0,20190827,112200,80,2,1288,10,1351,74,Aug30_0/241-20190827112200-snapshot.jpg
1,0,20190827,112700,85,2,910,205,990,277,Aug30_0/241-20190827112700-snapshot.jpg
1,0,20190827,112900,81,2,5,807,101,862,Aug30_0/241-20190827112900-snapshot.jpg
1,0,20190827,112900,81,2,624,310,701,375,Aug30_0/241-20190827112900-snapshot.jpg
1,0,20190827,112930,85,2,1064,115,1147,193,Aug30_0/241-20190827112930-snapshot.jpg
1,0,20190827,113130,84,2,341,468,414,539,Aug30_0/241-20190827113130-snapshot.jpg
1,0,20190827,113130,85,2,1331,807,1389,883,Aug30_0/241-20190827113130-snapshot.jpg
1,0,20190827,113200,78,2,38,847,132,900,Aug30_0/241-20190827113200-snapshot.jpg
1,0,20190827,113200,89,2,875,114,963,166,Aug30_0/241-20190827113200-snapshot.jpg
1,0,20190827,113300,84,2,630,365,688,447,Aug30_0/241-20190827113300-snapshot.jpg
1,0,20190827,113300,87,2,1024,190,1105,263,Aug30_0/241-20190827113300-snapshot.jpg
1,0,20190827,113330,86,2,1049,131,1114,206,Aug30_0/241-20190827113330-snapshot.jpg
1,0,20190827,113430,86,2,1255,373,1342,438,Aug30_0/241-20190827113430-snapshot.jpg
1,0,20190827,113430,88,2,1003,449,1095,520,Aug30_0/241-20190827113430-snapshot.jpg
1,0,20190827,113500,88,4,405,858,488,950,Aug30_0/241-20190827113500-snapshot.jpg
1,0,20190827,113530,87,2,256,812,346,885,Aug30_0/241-20190827113530-snapshot.jpg
1,0,20190827,113700,88,2,1096,495,1183,563,Aug30_0/241-20190827113700-snapshot.jpg
1,0,20190827,113730,67,2,339,1033,411,1080,Aug30_0/241-20190827113730-snapshot.jpg
1,0,20190827,113830,86,2,255,481,341,546,Aug30_0/241-20190827113830-snapshot.jpg
1,0,20190827,113900,86,2,902,164,963,235,Aug30_0/241-20190827113900-snapshot.jpg
1,0,20190827,113930,80,2,1121,1007,1177,1071,Aug30_0/241-20190827113930-snapshot.jpg
1,0,20190827,114100,89,2,1598,295,1689,364,Aug30_0/241-20190827114100-snapshot.jpg
1,0,20190827,114330,85,2,274,800,334,884,Aug30_0/241-20190827114330-snapshot.jpg
1,0,20190827,114530,88,2,1631,672,1692,759,Aug30_0/241-20190827114530-snapshot.jpg
1,0,20190827,114630,86,2,1318,343,1396,426,Aug30_0/241-20190827114630-snapshot.jpg
1,0,20190827,114630,86,2,1578,562,1665,635,Aug30_0/241-20190827114630-snapshot.jpg
1,0,20190827,114930,47,2,225,443,294,510,Aug30_0/241-20190827114930-snapshot.jpg
1,0,20190827,115000,83,2,731,172,792,246,Aug30_0/241-20190827115000-snapshot.jpg
1,0,20190827,115130,72,2,10,805,101,857,Aug30_0/241-20190827115130-snapshot.jpg
1,0,20190827,115130,84,2,1753,254,1810,325,Aug30_0/241-20190827115130-snapshot.jpg
1,0,20190827,115200,87,2,927,103,990,187,Aug30_0/241-20190827115200-snapshot.jpg
1,0,20190827,115230,87,2,1025,52,1084,145,Aug30_0/241-20190827115230-snapshot.jpg
1,0,20190827,115300,76,2,689,670,751,748,Aug30_0/241-20190827115300-snapshot.jpg
1,0,20190827,115330,77,2,1121,1020,1193,1078,Aug30_0/241-20190827115330-snapshot.jpg
1,0,20190827,115330,87,2,969,394,1040,466,Aug30_0/241-20190827115330-snapshot.jpg
1,0,20190827,115630,72,2,564,838,629,898,Aug30_0/241-20190827115630-snapshot.jpg
1,0,20190827,115930,85,2,1764,356,1843,427,Aug30_0/241-20190827115930-snapshot.jpg
1,0,20190827,115930,85,2,1221,101,1276,181,Aug30_0/241-20190827115930-snapshot.jpg
1,0,20190827,115930,88,2,1063,714,1149,780,Aug30_0/241-20190827115930-snapshot.jpg
1,0,20190827,120000,87,2,216,856,301,943,Aug30_0/241-20190827120000-snapshot.jpg
1,0,20190827,120000,88,2,863,176,944,239,Aug30_0/241-20190827120000-snapshot.jpg
1,0,20190827,120130,64,2,640,270,701,331,Aug30_0/241-20190827120130-snapshot.jpg
1,0,20190827,120230,82,2,216,470,297,555,Aug30_0/241-20190827120230-snapshot.jpg
1,0,20190827,120230,86,2,770,499,858,570,Aug30_0/241-20190827120230-snapshot.jpg
1,0,20190827,120330,74,2,208,495,275,564,Aug30_0/241-20190827120330-snapshot.jpg
1,0,20190827,120400,86,2,1041,168,1109,252,Aug30_0/241-20190827120400-snapshot.jpg
1,0,20190827,120400,87,2,1276,474,1370,529,Aug30_0/241-20190827120400-snapshot.jpg
1,0,20190827,120500,80,2,641,58,733,119,Aug30_0/241-20190827120500-snapshot.jpg
1,0,20190827,120530,78,2,365,481,437,544,Aug30_0/241-20190827120530-snapshot.jpg
1,0,20190827,120530,88,2,1448,677,1513,759,Aug30_0/241-20190827120530-snapshot.jpg
1,0,20190827,120600,62,2,228,436,296,499,Aug30_0/241-20190827120600-snapshot.jpg
1,0,20190827,120600,83,2,453,596,518,676,Aug30_0/241-20190827120600-snapshot.jpg
1,0,20190827,120630,88,2,1102,160,1198,216,Aug30_0/241-20190827120630-snapshot.jpg
1,0,20190827,120700,86,2,1014,34,1075,106,Aug30_0/241-20190827120700-snapshot.jpg
1,0,20190827,120700,87,2,667,301,750,364,Aug30_0/241-20190827120700-snapshot.jpg
1,0,20190827,120730,81,2,18,818,108,885,Aug30_0/241-20190827120730-snapshot.jpg
1,0,20190827,120930,87,2,1035,154,1093,243,Aug30_0/241-20190827120930-snapshot.jpg
1,0,20190827,121100,85,2,1016,411,1101,478,Aug30_0/241-20190827121100-snapshot.jpg
1,0,20190827,121130,81,2,350,429,446,481,Aug30_0/241-20190827121130-snapshot.jpg
1,0,20190827,121130,83,2,598,73,674,142,Aug30_0/241-20190827121130-snapshot.jpg
1,0,20190827,121230,81,2,1533,173,1602,235,Aug30_0/241-20190827121230-snapshot.jpg
1,0,20190827,121530,82,2,639,33,698,104,Aug30_0/241-20190827121530-snapshot.jpg
1,0,20190827,121600,87,2,867,361,930,457,Aug30_0/241-20190827121600-snapshot.jpg
1,0,20190827,121630,87,2,1063,558,1125,653,Aug30_0/241-20190827121630-snapshot.jpg
1,0,20190827,121700,82,2,254,506,329,562,Aug30_0/241-20190827121700-snapshot.jpg
1,0,20190827,121730,74,2,770,2,849,46,Aug30_0/241-20190827121730-snapshot.jpg
1,0,20190827,121930,83,2,31,824,128,887,Aug30_0/241-20190827121930-snapshot.jpg
1,0,20190827,121930,86,2,1760,348,1848,411,Aug30_0/241-20190827121930-snapshot.jpg
1,0,20190827,122200,88,2,980,180,1078,247,Aug30_0/241-20190827122200-snapshot.jpg
1,0,20190827,122230,40,6,278,541,342,596,Aug30_0/241-20190827122230-snapshot.jpg
1,0,20190827,122230,65,2,278,541,344,597,Aug30_0/241-20190827122230-snapshot.jpg
1,0,20190827,122330,87,2,698,258,761,348,Aug30_0/241-20190827122330-snapshot.jpg
1,0,20190827,122400,75,2,1213,6,1288,55,Aug30_0/241-20190827122400-snapshot.jpg
1,0,20190827,122430,51,2,754,1,816,44,Aug30_0/241-20190827122430-snapshot.jpg
1,0,20190827,122430,86,2,1551,614,1634,688,Aug30_0/241-20190827122430-snapshot.jpg
1,0,20190827,122730,47,2,366,1033,416,1080,Aug30_0/241-20190827122730-snapshot.jpg
1,0,20190827,122730,49,2,1255,43,1325,100,Aug30_0/241-20190827122730-snapshot.jpg
1,0,20190827,122900,86,2,871,160,927,240,Aug30_0/241-20190827122900-snapshot.jpg
1,0,20190827,122930,70,2,110,924,190,984,Aug30_0/241-20190827122930-snapshot.jpg
1,0,20190827,122930,81,2,661,63,732,146,Aug30_0/241-20190827122930-snapshot.jpg
1,0,20190827,123000,78,2,1024,438,1097,492,Aug30_0/241-20190827123000-snapshot.jpg
1,0,20190827,123200,87,2,1068,168,1131,257,Aug30_0/241-20190827123200-snapshot.jpg
1,0,20190827,123230,77,2,216,494,287,573,Aug30_0/241-20190827123230-snapshot.jpg
1,0,20190827,123230,82,2,631,400,689,468,Aug30_0/241-20190827123230-snapshot.jpg
1,0,20190827,123230,85,2,1562,632,1631,710,Aug30_0/241-20190827123230-snapshot.jpg
1,0,20190827,123300,83,2,341,429,435,481,Aug30_0/241-20190827123300-snapshot.jpg
1,0,20190827,123400,76,2,797,8,857,68,Aug30_0/241-20190827123400-snapshot.jpg
1,0,20190827,123500,86,2,1172,558,1230,636,Aug30_0/241-20190827123500-snapshot.jpg
1,0,20190827,123800,81,2,221,498,287,571,Aug30_0/241-20190827123800-snapshot.jpg
1,0,20190827,123830,87,2,1013,410,1080,487,Aug30_0/241-20190827123830-snapshot.jpg
1,0,20190827,124000,78,2,925,172,995,241,Aug30_0/241-20190827124000-snapshot.jpg
1,0,20190827,124030,86,2,1769,322,1828,405,Aug30_0/241-20190827124030-snapshot.jpg
1,0,20190827,124100,85,2,256,523,331,572,Aug30_0/241-20190827124100-snapshot.jpg
1,0,20190827,124130,76,2,44,589,129,649,Aug30_0/241-20190827124130-snapshot.jpg
1,0,20190827,124300,82,2,755,104,813,183,Aug30_0/241-20190827124300-snapshot.jpg
1,0,20190827,124300,88,2,1441,167,1502,261,Aug30_0/241-20190827124300-snapshot.jpg
1,0,20190827,124330,88,2,907,170,985,225,Aug30_0/241-20190827124330-snapshot.jpg
1,0,20190827,124530,88,2,228,821,316,900,Aug30_0/241-20190827124530-snapshot.jpg
1,0,20190827,124630,88,2,232,942,315,1029,Aug30_0/241-20190827124630-snapshot.jpg
1,0,20190827,124700,84,8,1412,774,1468,854,Aug30_0/241-20190827124700-snapshot.jpg
1,0,20190827,124730,84,2,954,400,1017,479,Aug30_0/241-20190827124730-snapshot.jpg
1,0,20190827,124800,84,2,581,57,667,125,Aug30_0/241-20190827124800-snapshot.jpg
1,0,20190827,124830,55,2,721,207,800,256,Aug30_0/241-20190827124830-snapshot.jpg
1,0,20190827,125030,88,2,1192,794,1280,876,Aug30_0/241-20190827125030-snapshot.jpg
1,0,20190827,125100,85,2,1297,821,1377,887,Aug30_0/241-20190827125100-snapshot.jpg
1,0,20190827,125200,85,2,1210,436,1284,514,Aug30_0/241-20190827125200-snapshot.jpg
1,0,20190827,125230,43,2,717,3,796,43,Aug30_0/241-20190827125230-snapshot.jpg
1,0,20190827,125330,88,2,1203,44,1289,116,Aug30_0/241-20190827125330-snapshot.jpg
1,0,20190827,125400,81,2,643,292,696,356,Aug30_0/241-20190827125400-snapshot.jpg
1,0,20190827,125500,80,2,1410,682,1467,737,Aug30_0/241-20190827125500-snapshot.jpg
1,0,20190827,125530,86,2,392,1017,491,1080,Aug30_0/241-20190827125530-snapshot.jpg
1,0,20190827,125530,87,2,235,975,335,1031,Aug30_0/241-20190827125530-snapshot.jpg
1,0,20190827,125700,75,2,1004,683,1084,738,Aug30_0/241-20190827125700-snapshot.jpg
1,0,20190827,125830,78,2,217,458,303,534,Aug30_0/241-20190827125830-snapshot.jpg
1,0,20190827,125930,87,2,1643,272,1702,350,Aug30_0/241-20190827125930-snapshot.jpg
1,0,20190827,125930,87,2,1733,251,1817,341,Aug30_0/241-20190827125930-snapshot.jpg
1,0,20190827,130130,87,2,949,250,1008,329,Aug30_0/241-20190827130130-snapshot.jpg
1,0,20190827,130200,83,2,629,299,692,369,Aug30_0/241-20190827130200-snapshot.jpg
1,0,20190827,130230,86,2,1210,166,1284,232,Aug30_0/241-20190827130230-snapshot.jpg
1,0,20190827,130300,84,2,992,259,1047,331,Aug30_0/241-20190827130300-snapshot.jpg
1,0,20190827,130330,81,2,641,336,696,409,Aug30_0/241-20190827130330-snapshot.jpg
1,0,20190827,130330,87,2,207,512,285,581,Aug30_0/241-20190827130330-snapshot.jpg
1,0,20190827,130700,86,2,929,251,986,330,Aug30_0/241-20190827130700-snapshot.jpg
1,0,20190827,130730,83,2,214,473,285,545,Aug30_0/241-20190827130730-snapshot.jpg
1,0,20190827,130730,86,2,985,315,1063,374,Aug30_0/241-20190827130730-snapshot.jpg
1,0,20190827,130800,82,2,257,808,319,876,Aug30_0/241-20190827130800-snapshot.jpg
1,0,20190827,130800,86,2,662,69,746,154,Aug30_0/241-20190827130800-snapshot.jpg
1,0,20190827,130830,86,2,1206,818,1264,902,Aug30_0/241-20190827130830-snapshot.jpg
1,0,20190827,130900,86,2,1020,41,1078,119,Aug30_0/241-20190827130900-snapshot.jpg
1,0,20190827,130930,86,2,1656,302,1710,374,Aug30_0/241-20190827130930-snapshot.jpg
1,0,20190827,131030,80,2,232,521,298,592,Aug30_0/241-20190827131030-snapshot.jpg
1,0,20190827,131100,86,2,1240,396,1301,473,Aug30_0/241-20190827131100-snapshot.jpg
1,0,20190827,131130,84,2,836,389,899,462,Aug30_0/241-20190827131130-snapshot.jpg
1,0,20190827,131400,86,2,866,117,953,171,Aug30_0/241-20190827131400-snapshot.jpg
1,0,20190827,131430,84,2,634,341,691,418,Aug30_0/241-20190827131430-snapshot.jpg
1,0,20190827,131430,87,2,1309,636,1385,726,Aug30_0/241-20190827131430-snapshot.jpg
1,0,20190827,131500,90,2,870,444,966,510,Aug30_0/241-20190827131500-snapshot.jpg
1,0,20190827,131600,85,2,1707,263,1761,330,Aug30_0/241-20190827131600-snapshot.jpg
1,0,20190827,131730,85,2,878,283,958,361,Aug30_0/241-20190827131730-snapshot.jpg
1,0,20190827,131800,85,2,1007,88,1091,154,Aug30_0/241-20190827131800-snapshot.jpg
1,0,20190827,131800,87,2,626,287,705,349,Aug30_0/241-20190827131800-snapshot.jpg
1,0,20190827,131830,86,2,880,143,930,216,Aug30_0/241-20190827131830-snapshot.jpg
1,0,20190827,131900,79,2,1092,937,1153,997,Aug30_0/241-20190827131900-snapshot.jpg
1,0,20190827,131930,85,2,614,142,669,220,Aug30_0/241-20190827131930-snapshot.jpg
1,0,20190827,132000,89,2,1168,627,1249,706,Aug30_0/241-20190827132000-snapshot.jpg
1,0,20190827,132030,74,2,1024,1,1094,49,Aug30_0/241-20190827132030-snapshot.jpg
1,0,20190827,132030,85,2,297,526,371,594,Aug30_0/241-20190827132030-snapshot.jpg
1,0,20190827,132030,85,2,1782,7,1848,89,Aug30_0/241-20190827132030-snapshot.jpg
1,0,20190827,132100,79,2,1541,598,1616,668,Aug30_0/241-20190827132100-snapshot.jpg
1,0,20190827,132100,81,2,14,823,107,874,Aug30_0/241-20190827132100-snapshot.jpg
1,0,20190827,132130,86,2,853,161,930,217,Aug30_0/241-20190827132130-snapshot.jpg
1,0,20190827,132200,83,2,211,468,287,538,Aug30_0/241-20190827132200-snapshot.jpg
1,0,20190827,132230,81,2,79,835,174,891,Aug30_0/241-20190827132230-snapshot.jpg
1,0,20190827,132330,87,2,988,352,1045,432,Aug30_0/241-20190827132330-snapshot.jpg
1,0,20190827,132500,81,2,613,20,675,99,Aug30_0/241-20190827132500-snapshot.jpg
1,0,20190827,132500,85,2,354,1002,427,1077,Aug30_0/241-20190827132500-snapshot.jpg
1,0,20190827,132500,88,2,913,429,1001,491,Aug30_0/241-20190827132500-snapshot.jpg
1,0,20190827,132530,87,2,1759,313,1819,398,Aug30_0/241-20190827132530-snapshot.jpg
1,0,20190827,132530,88,2,1108,260,1166,351,Aug30_0/241-20190827132530-snapshot.jpg
1,0,20190827,132600,54,2,8,879,78,962,Aug30_0/241-20190827132600-snapshot.jpg
1,0,20190827,132600,75,2,208,894,283,969,Aug30_0/241-20190827132600-snapshot.jpg
1,0,20190827,132630,84,2,862,606,946,689,Aug30_0/241-20190827132630-snapshot.jpg
1,0,20190827,132700,73,2,719,152,797,216,Aug30_0/241-20190827132700-snapshot.jpg
1,0,20190827,132700,89,2,1108,960,1184,1042,Aug30_0/241-20190827132700-snapshot.jpg
1,0,20190827,132730,71,2,267,434,352,484,Aug30_0/241-20190827132730-snapshot.jpg
1,0,20190827,132930,83,2,860,27,924,81,Aug30_0/241-20190827132930-snapshot.jpg
1,0,20190827,133000,86,2,814,149,879,220,Aug30_0/241-20190827133000-snapshot.jpg
1,0,20190827,133030,51,2,1029,212,1099,259,Aug30_0/241-20190827133030-snapshot.jpg
1,0,20190827,133100,84,2,719,267,782,355,Aug30_0/241-20190827133100-snapshot.jpg
1,0,20190827,133130,86,2,1164,537,1225,604,Aug30_0/241-20190827133130-snapshot.jpg
1,0,20190827,133200,80,2,319,422,416,481,Aug30_0/241-20190827133200-snapshot.jpg
1,0,20190827,133200,87,2,1070,557,1154,646,Aug30_0/241-20190827133200-snapshot.jpg
1,0,20190827,133230,85,2,386,1028,477,1080,Aug30_0/241-20190827133230-snapshot.jpg
1,0,20190827,133230,88,2,1020,427,1109,476,Aug30_0/241-20190827133230-snapshot.jpg
1,0,20190827,133300,86,2,1747,265,1821,345,Aug30_0/241-20190827133300-snapshot.jpg
1,0,20190827,133300,89,2,977,253,1060,311,Aug30_0/241-20190827133300-snapshot.jpg
1,0,20190827,133400,86,2,1609,325,1695,387,Aug30_0/241-20190827133400-snapshot.jpg
1,0,20190827,133430,78,2,23,841,115,891,Aug30_0/241-20190827133430-snapshot.jpg
1,0,20190827,133600,84,2,793,176,863,240,Aug30_0/241-20190827133600-snapshot.jpg
1,0,20190827,133630,82,2,602,410,691,477,Aug30_0/241-20190827133630-snapshot.jpg
1,0,20190827,133800,89,2,1670,288,1765,357,Aug30_0/241-20190827133800-snapshot.jpg
1,0,20190827,134000,82,2,1254,38,1334,97,Aug30_0/241-20190827134000-snapshot.jpg
1,0,20190827,134000,86,2,73,571,164,643,Aug30_0/241-20190827134000-snapshot.jpg
1,0,20190827,134030,77,2,596,108,658,173,Aug30_0/241-20190827134030-snapshot.jpg
1,0,20190827,134100,83,2,600,110,657,183,Aug30_0/241-20190827134100-snapshot.jpg
1,0,20190827,134100,84,2,1226,126,1285,191,Aug30_0/241-20190827134100-snapshot.jpg
1,0,20190827,134100,85,2,1251,378,1318,450,Aug30_0/241-20190827134100-snapshot.jpg
1,0,20190827,134200,73,2,599,39,670,129,Aug30_0/241-20190827134200-snapshot.jpg
1,0,20190827,134400,86,2,786,9,875,66,Aug30_0/241-20190827134400-snapshot.jpg
1,0,20190827,134500,86,2,358,839,417,921,Aug30_0/241-20190827134500-snapshot.jpg
1,0,20190827,134600,85,2,1057,418,1116,489,Aug30_0/241-20190827134600-snapshot.jpg
1,0,20190827,134600,86,2,246,775,305,868,Aug30_0/241-20190827134600-snapshot.jpg
1,0,20190827,134600,89,2,1709,253,1800,311,Aug30_0/241-20190827134600-snapshot.jpg
1,0,20190827,134630,86,2,834,180,919,233,Aug30_0/241-20190827134630-snapshot.jpg
1,0,20190827,134630,86,2,193,845,274,910,Aug30_0/241-20190827134630-snapshot.jpg
1,0,20190827,134700,84,2,644,334,721,388,Aug30_0/241-20190827134700-snapshot.jpg
1,0,20190827,134830,75,2,354,427,443,478,Aug30_0/241-20190827134830-snapshot.jpg
1,0,20190827,135000,76,2,592,34,660,107,Aug30_0/241-20190827135000-snapshot.jpg
1,0,20190827,135000,80,2,0,853,85,919,Aug30_0/241-20190827135000-snapshot.jpg
1,0,20190827,135030,86,2,930,646,1020,704,Aug30_0/241-20190827135030-snapshot.jpg
1,0,20190827,135030,86,8,1414,346,1503,411,Aug30_0/241-20190827135030-snapshot.jpg
1,0,20190827,135030,86,2,1131,526,1222,608,Aug30_0/241-20190827135030-snapshot.jpg
1,0,20190827,135100,80,2,0,866,77,924,Aug30_0/241-20190827135100-snapshot.jpg
1,0,20190827,135130,88,2,1799,337,1890,397,Aug30_0/241-20190827135130-snapshot.jpg
1,0,20190827,135200,86,2,1628,290,1689,371,Aug30_0/241-20190827135200-snapshot.jpg
1,0,20190827,135200,87,2,1038,45,1100,128,Aug30_0/241-20190827135200-snapshot.jpg
1,0,20190827,135330,84,2,266,805,325,886,Aug30_0/241-20190827135330-snapshot.jpg
1,0,20190827,135430,83,2,1244,92,1305,177,Aug30_0/241-20190827135430-snapshot.jpg
1,0,20190827,135500,77,2,762,197,813,250,Aug30_0/241-20190827135500-snapshot.jpg
1,0,20190827,135530,83,2,215,492,282,563,Aug30_0/241-20190827135530-snapshot.jpg
1,0,20190827,135600,90,2,1366,343,1453,413,Aug30_0/241-20190827135600-snapshot.jpg
1,0,20190827,135630,87,2,738,522,799,618,Aug30_0/241-20190827135630-snapshot.jpg
1,0,20190827,135630,89,2,1364,771,1452,846,Aug30_0/241-20190827135630-snapshot.jpg
1,0,20190827,135700,79,2,1017,403,1096,481,Aug30_0/241-20190827135700-snapshot.jpg
1,0,20190827,135700,80,2,47,584,143,644,Aug30_0/241-20190827135700-snapshot.jpg
1,0,20190827,135700,88,2,1260,771,1322,856,Aug30_0/241-20190827135700-snapshot.jpg
1,0,20190827,135800,79,8,423,592,473,662,Aug30_0/241-20190827135800-snapshot.jpg
1,0,20190827,135830,88,2,341,751,418,898,Aug30_0/241-20190827135830-snapshot.jpg
1,0,20190827,135900,83,2,64,622,152,675,Aug30_0/241-20190827135900-snapshot.jpg
1,0,20190827,135900,86,2,291,795,350,877,Aug30_0/241-20190827135900-snapshot.jpg
1,0,20190827,140030,72,2,214,901,287,958,Aug30_0/241-20190827140030-snapshot.jpg
1,0,20190827,140030,84,2,646,81,735,145,Aug30_0/241-20190827140030-snapshot.jpg
1,0,20190827,140130,84,2,998,244,1060,313,Aug30_0/241-20190827140130-snapshot.jpg
1,0,20190827,140330,86,2,618,148,677,234,Aug30_0/241-20190827140330-snapshot.jpg
1,0,20190827,140400,74,2,0,789,63,856,Aug30_0/241-20190827140400-snapshot.jpg
1,0,20190827,140430,88,4,12,458,98,542,Aug30_0/241-20190827140430-snapshot.jpg
1,0,20190827,140630,86,2,633,350,691,433,Aug30_0/241-20190827140630-snapshot.jpg
1,0,20190827,140700,88,2,1062,64,1124,150,Aug30_0/241-20190827140700-snapshot.jpg
1,0,20190827,141000,68,2,382,472,456,519,Aug30_0/241-20190827141000-snapshot.jpg
1,0,20190827,141000,84,2,574,409,633,479,Aug30_0/241-20190827141000-snapshot.jpg
1,0,20190827,141000,85,2,1778,335,1843,403,Aug30_0/241-20190827141000-snapshot.jpg
1,0,20190827,141030,81,2,44,820,143,881,Aug30_0/241-20190827141030-snapshot.jpg
1,0,20190827,141130,88,2,1223,46,1284,125,Aug30_0/241-20190827141130-snapshot.jpg
1,0,20190827,141200,82,2,281,534,362,589,Aug30_0/241-20190827141200-snapshot.jpg
1,0,20190827,141500,86,2,1310,683,1378,765,Aug30_0/241-20190827141500-snapshot.jpg
1,0,20190827,141630,86,2,866,308,942,363,Aug30_0/241-20190827141630-snapshot.jpg
1,0,20190827,141730,55,2,1791,337,1853,396,Aug30_0/241-20190827141730-snapshot.jpg
1,0,20190827,141730,88,2,999,391,1088,449,Aug30_0/241-20190827141730-snapshot.jpg
1,0,20190827,142030,90,2,973,236,1055,307,Aug30_0/241-20190827142030-snapshot.jpg
1,0,20190827,142100,85,2,975,222,1038,295,Aug30_0/241-20190827142100-snapshot.jpg
1,0,20190827,142130,87,2,330,851,417,927,Aug30_0/241-20190827142130-snapshot.jpg
1,0,20190827,142130,89,2,1354,797,1441,865,Aug30_0/241-20190827142130-snapshot.jpg
1,0,20190827,142230,86,2,600,34,689,96,Aug30_0/241-20190827142230-snapshot.jpg
1,0,20190827,142400,84,2,1612,291,1701,351,Aug30_0/241-20190827142400-snapshot.jpg
1,0,20190827,142430,82,2,890,500,980,586,Aug30_0/241-20190827142430-snapshot.jpg
1,0,20190827,142430,83,2,254,535,337,594,Aug30_0/241-20190827142430-snapshot.jpg
1,0,20190827,142430,88,2,1148,519,1227,601,Aug30_0/241-20190827142430-snapshot.jpg
1,0,20190827,142500,76,2,1252,147,1313,206,Aug30_0/241-20190827142500-snapshot.jpg
1,0,20190827,142530,80,2,853,590,932,676,Aug30_0/241-20190827142530-snapshot.jpg
1,0,20190827,142530,86,2,323,863,414,938,Aug30_0/241-20190827142530-snapshot.jpg
1,0,20190827,142930,80,2,707,203,785,257,Aug30_0/241-20190827142930-snapshot.jpg
1,0,20190827,143100,88,2,692,419,775,505,Aug30_0/241-20190827143100-snapshot.jpg
1,0,20190827,143200,85,2,35,811,123,885,Aug30_0/241-20190827143200-snapshot.jpg
1,0,20190827,143200,87,2,986,413,1061,476,Aug30_0/241-20190827143200-snapshot.jpg
1,0,20190827,143200,87,2,983,248,1054,328,Aug30_0/241-20190827143200-snapshot.jpg
1,0,20190827,143230,80,2,539,1035,629,1080,Aug30_0/241-20190827143230-snapshot.jpg
1,0,20190827,143400,87,2,1251,39,1311,123,Aug30_0/241-20190827143400-snapshot.jpg
1,0,20190827,143430,85,2,983,310,1037,381,Aug30_0/241-20190827143430-snapshot.jpg
1,0,20190827,143530,74,2,588,78,653,147,Aug30_0/241-20190827143530-snapshot.jpg
1,0,20190827,143600,52,9,1752,313,1833,380,Aug30_0/241-20190827143600-snapshot.jpg
1,0,20190827,143600,57,2,1753,314,1831,379,Aug30_0/241-20190827143600-snapshot.jpg
1,0,20190827,143600,88,2,1214,117,1311,180,Aug30_0/241-20190827143600-snapshot.jpg
1,0,20190827,143700,81,2,11,845,79,921,Aug30_0/241-20190827143700-snapshot.jpg
1,0,20190827,143730,85,2,631,367,692,441,Aug30_0/241-20190827143730-snapshot.jpg
1,0,20190827,143830,87,2,1279,774,1368,845,Aug30_0/241-20190827143830-snapshot.jpg
1,0,20190827,143900,85,2,168,884,268,969,Aug30_0/241-20190827143900-snapshot.jpg
1,0,20190827,144030,83,2,289,456,351,533,Aug30_0/241-20190827144030-snapshot.jpg
1,0,20190827,144200,59,2,602,107,658,177,Aug30_0/241-20190827144200-snapshot.jpg
1,0,20190827,144230,86,2,981,318,1040,398,Aug30_0/241-20190827144230-snapshot.jpg
1,0,20190827,144300,85,2,1359,855,1445,921,Aug30_0/241-20190827144300-snapshot.jpg
1,0,20190827,144330,84,2,936,408,1010,457,Aug30_0/241-20190827144330-snapshot.jpg
1,0,20190827,144700,86,2,628,339,699,420,Aug30_0/241-20190827144700-snapshot.jpg
1,0,20190827,144700,87,2,917,94,1005,150,Aug30_0/241-20190827144700-snapshot.jpg
1,0,20190827,144730,84,2,283,783,350,855,Aug30_0/241-20190827144730-snapshot.jpg
1,0,20190827,144900,87,2,989,364,1045,446,Aug30_0/241-20190827144900-snapshot.jpg
1,0,20190827,145000,89,2,1017,255,1097,333,Aug30_0/241-20190827145000-snapshot.jpg
1,0,20190827,145200,76,2,214,471,278,548,Aug30_0/241-20190827145200-snapshot.jpg
1,0,20190827,145200,86,2,179,907,261,977,Aug30_0/241-20190827145200-snapshot.jpg
1,0,20190827,145230,85,2,272,525,353,580,Aug30_0/241-20190827145230-snapshot.jpg
1,0,20190827,145300,88,2,726,392,806,476,Aug30_0/241-20190827145300-snapshot.jpg
1,0,20190827,145500,82,2,965,40,1037,93,Aug30_0/241-20190827145500-snapshot.jpg
1,0,20190827,145630,88,2,754,337,858,398,Aug30_0/241-20190827145630-snapshot.jpg
1,0,20190827,145700,86,2,1776,335,1845,412,Aug30_0/241-20190827145700-snapshot.jpg
1,0,20190827,145730,85,2,1770,320,1827,392,Aug30_0/241-20190827145730-snapshot.jpg
1,0,20190827,145800,89,2,936,60,1018,117,Aug30_0/241-20190827145800-snapshot.jpg
1,0,20190827,145900,87,2,415,635,517,703,Aug30_0/241-20190827145900-snapshot.jpg
1,0,20190827,145930,83,2,351,265,409,339,Aug30_0/241-20190827145930-snapshot.jpg
1,0,20190827,145930,88,2,1030,172,1122,242,Aug30_0/241-20190827145930-snapshot.jpg
1,0,20190827,150000,86,2,1209,207,1287,305,Aug30_0/241-20190827150000-snapshot.jpg
1,0,20190827,150500,73,2,218,490,275,563,Aug30_0/241-20190827150500-snapshot.jpg
1,0,20190827,150500,90,2,1361,701,1417,795,Aug30_0/241-20190827150500-snapshot.jpg
1,0,20190827,150530,79,2,285,781,362,849,Aug30_0/241-20190827150530-snapshot.jpg
1,0,20190827,150630,90,2,1236,491,1320,568,Aug30_0/241-20190827150630-snapshot.jpg
1,0,20190827,150700,86,2,1299,789,1356,867,Aug30_0/241-20190827150700-snapshot.jpg
1,0,20190827,150900,88,2,997,323,1059,409,Aug30_0/241-20190827150900-snapshot.jpg
1,0,20190827,150930,89,2,1646,496,1729,578,Aug30_0/241-20190827150930-snapshot.jpg
1,0,20190827,151000,74,2,715,0,802,37,Aug30_0/241-20190827151000-snapshot.jpg
1,0,20190827,151000,80,2,909,281,962,353,Aug30_0/241-20190827151000-snapshot.jpg
1,0,20190827,151030,75,2,632,321,689,384,Aug30_0/241-20190827151030-snapshot.jpg
1,0,20190827,151030,81,2,1013,1031,1096,1080,Aug30_0/241-20190827151030-snapshot.jpg
1,0,20190827,151100,87,2,278,904,359,994,Aug30_0/241-20190827151100-snapshot.jpg
1,0,20190827,151130,90,2,754,118,840,186,Aug30_0/241-20190827151130-snapshot.jpg
1,0,20190827,151200,79,2,19,797,119,853,Aug30_0/241-20190827151200-snapshot.jpg
1,0,20190827,151200,91,2,970,374,1056,432,Aug30_0/241-20190827151200-snapshot.jpg
1,0,20190827,151400,87,2,687,461,773,532,Aug30_0/241-20190827151400-snapshot.jpg
1,0,20190827,151430,84,2,970,316,1036,384,Aug30_0/241-20190827151430-snapshot.jpg
1,0,20190827,151500,39,2,549,1039,615,1079,Aug30_0/241-20190827151500-snapshot.jpg
1,0,20190827,151500,87,2,967,351,1054,406,Aug30_0/241-20190827151500-snapshot.jpg
1,0,20190827,151530,83,2,212,463,288,543,Aug30_0/241-20190827151530-snapshot.jpg
1,0,20190827,151530,86,2,1055,205,1113,279,Aug30_0/241-20190827151530-snapshot.jpg
1,0,20190827,151700,40,2,728,1,800,40,Aug30_0/241-20190827151700-snapshot.jpg
1,0,20190827,151700,90,2,752,187,847,259,Aug30_0/241-20190827151700-snapshot.jpg
1,0,20190827,151730,83,2,660,291,732,363,Aug30_0/241-20190827151730-snapshot.jpg
1,0,20190827,151730,89,2,1170,7,1266,85,Aug30_0/241-20190827151730-snapshot.jpg
1,0,20190827,151800,87,2,1084,742,1170,804,Aug30_0/241-20190827151800-snapshot.jpg
1,0,20190827,151930,88,2,1230,629,1288,724,Aug30_0/241-20190827151930-snapshot.jpg
1,0,20190827,152330,83,2,928,395,1002,444,Aug30_0/242-20190827152330-snapshot.jpg
1,0,20190827,152400,87,2,1717,253,1807,313,Aug30_0/242-20190827152400-snapshot.jpg
1,0,20190827,152430,87,2,705,310,787,375,Aug30_0/242-20190827152430-snapshot.jpg
1,0,20190827,152730,60,2,497,1029,579,1079,Aug30_0/242-20190827152730-snapshot.jpg
1,0,20190827,152800,83,2,676,402,757,486,Aug30_0/242-20190827152800-snapshot.jpg
1,0,20190827,152800,84,2,543,7,627,73,Aug30_0/242-20190827152800-snapshot.jpg
1,0,20190827,152800,85,2,267,431,360,493,Aug30_0/242-20190827152800-snapshot.jpg
1,0,20190827,152830,83,2,1202,83,1293,139,Aug30_0/242-20190827152830-snapshot.jpg
1,0,20190827,153400,87,2,1736,244,1818,323,Aug30_0/242-20190827153400-snapshot.jpg
1,0,20190827,153600,87,2,627,381,685,465,Aug30_0/242-20190827153600-snapshot.jpg
1,0,20190827,153630,86,2,929,376,986,454,Aug30_0/242-20190827153630-snapshot.jpg
1,0,20190827,153700,87,2,1048,664,1105,749,Aug30_0/242-20190827153700-snapshot.jpg
1,0,20190827,154100,89,2,935,713,995,811,Aug30_0/242-20190827154100-snapshot.jpg
1,0,20190827,154400,31,8,1654,514,1714,586,Aug30_0/242-20190827154400-snapshot.jpg
1,0,20190827,155000,84,2,933,27,1008,83,Aug30_0/242-20190827155000-snapshot.jpg
1,0,20190827,155030,87,2,1013,274,1073,356,Aug30_0/242-20190827155030-snapshot.jpg
1,0,20190827,155230,88,2,1246,780,1350,841,Aug30_0/242-20190827155230-snapshot.jpg
1,0,20190827,155400,82,2,366,1026,445,1080,Aug30_0/242-20190827155400-snapshot.jpg
1,0,20190827,155500,69,8,1790,421,1882,494,Aug30_0/242-20190827155500-snapshot.jpg
1,0,20190827,160130,82,2,684,65,743,142,Aug30_0/242-20190827160130-snapshot.jpg
1,0,20190827,161230,83,2,589,86,644,150,Aug30_0/242-20190827161230-snapshot.jpg
1,0,20190827,161930,78,2,1766,358,1836,422,Aug30_0/242-20190827161930-snapshot.jpg
1,0,20190827,162130,87,2,827,36,879,120,Aug30_0/242-20190827162130-snapshot.jpg
1,0,20190827,162200,85,2,595,405,673,473,Aug30_0/242-20190827162200-snapshot.jpg
1,0,20190827,162830,88,2,244,814,337,877,Aug30_0/242-20190827162830-snapshot.jpg
1,0,20190827,162900,87,2,703,132,782,208,Aug30_0/242-20190827162900-snapshot.jpg
1,0,20190827,163030,86,2,960,60,1019,136,Aug30_0/242-20190827163030-snapshot.jpg
1,0,20190827,163100,81,2,583,120,658,178,Aug30_0/242-20190827163100-snapshot.jpg
1,0,20190827,164600,34,2,843,245,896,308,Aug30_0/243-20190827164600-snapshot.jpg
1,0,20190827,164630,54,8,769,910,844,962,Aug30_0/243-20190827164630-snapshot.jpg
1,0,20190827,164630,61,2,843,245,896,309,Aug30_0/243-20190827164630-snapshot.jpg
1,0,20190827,164700,66,2,842,247,894,308,Aug30_0/243-20190827164700-snapshot.jpg
1,0,20190827,164800,39,2,843,252,896,311,Aug30_0/243-20190827164800-snapshot.jpg
1,0,20190827,164930,44,2,843,253,896,312,Aug30_0/244-20190827164930-snapshot.jpg
1,0,20190827,165430,63,2,1187,220,1245,280,Aug30_0/244-20190827165430-snapshot.jpg
1,0,20190827,165500,54,2,1187,220,1243,280,Aug30_0/244-20190827165500-snapshot.jpg
1,0,20190827,165530,55,2,1187,221,1244,278,Aug30_0/244-20190827165530-snapshot.jpg
1,0,20190827,173430,37,2,556,1033,609,1080,Aug30_0/245-20190827173430-snapshot.jpg
1,0,20190827,181100,79,1,1261,136,1303,177,Aug30_0/249-20190827181100-snapshot.jpg
1,0,20190827,182730,78,1,879,304,921,345,Aug30_0/250-20190827182730-snapshot.jpg
1,0,20190827,183400,79,1,180,645,215,684,Aug30_0/250-20190827183400-snapshot.jpg
1,0,20190827,190000,71,8,1718,686,1806,766,Aug30_0/252-20190827190000-snapshot.jpg
1,0,20190827,190930,61,2,559,1024,612,1080,Aug30_0/252-20190827190930-snapshot.jpg
1,0,20190827,191700,85,8,410,666,485,734,Aug30_0/252-20190827191700-snapshot.jpg
1,0,20190827,194800,28,5,504,912,565,974,Aug30_0/260-20190827194800-snapshot.jpg
1,0,20190827,195300,39,6,461,1025,532,1063,Aug30_0/260-20190827195300-snapshot.jpg
1,0,20190827,200330,29,2,424,1049,490,1079,Aug30_0/260-20190827200330-snapshot.jpg
1,0,20190827,202930,75,8,276,143,338,219,Aug30_0/265-20190827202930-snapshot.jpg
1,0,20190828,082400,81,8,951,13,1026,61,Aug30_0/316-20190828082400-snapshot.jpg
1,0,20190828,084400,78,2,1352,679,1406,751,Aug30_0/318-20190828084400-snapshot.jpg
1,0,20190828,093300,89,2,746,209,825,286,Aug30_0/322-20190828093300-snapshot.jpg
1,0,20190828,093730,86,8,1547,387,1607,463,Aug30_0/322-20190828093730-snapshot.jpg
1,0,20190828,095800,73,8,1550,125,1629,173,Aug30_0/322-20190828095800-snapshot.jpg
1,0,20190828,100800,76,8,303,978,388,1027,Aug30_0/323-20190828100800-snapshot.jpg
1,0,20190828,101430,55,8,790,110,846,177,Aug30_0/323-20190828101430-snapshot.jpg
1,0,20190828,102830,41,2,639,303,697,383,Aug30_0/323-20190828102830-snapshot.jpg
1,0,20190828,103900,86,2,1751,142,1838,210,Aug30_0/324-20190828103900-snapshot.jpg
1,0,20190828,104130,82,2,749,108,827,167,Aug30_0/324-20190828104130-snapshot.jpg
1,0,20190828,104200,88,2,973,225,1033,306,Aug30_0/324-20190828104200-snapshot.jpg
1,0,20190828,104230,88,2,634,982,699,1078,Aug30_0/324-20190828104230-snapshot.jpg
1,0,20190828,104800,74,2,1265,60,1325,155,Aug30_0/326-20190828104800-snapshot.jpg
1,0,20190828,104830,81,2,1028,1,1094,57,Aug30_0/326-20190828104830-snapshot.jpg
1,0,20190828,104900,86,2,215,894,292,970,Aug30_0/326-20190828104900-snapshot.jpg
1,0,20190828,104930,87,2,269,792,330,875,Aug30_0/326-20190828104930-snapshot.jpg
1,0,20190828,105000,87,2,574,574,662,650,Aug30_0/326-20190828105000-snapshot.jpg
1,0,20190828,105700,87,2,1763,398,1823,472,Aug30_0/326-20190828105700-snapshot.jpg
1,0,20190828,110330,87,3,203,863,290,941,Aug30_0/326-20190828110330-snapshot.jpg
1,0,20190828,110630,86,2,1241,14,1331,70,Aug30_0/326-20190828110630-snapshot.jpg
1,0,20190828,110700,84,2,1057,152,1119,220,Aug30_0/326-20190828110700-snapshot.jpg
1,0,20190828,110730,86,2,1128,149,1189,221,Aug30_0/326-20190828110730-snapshot.jpg
1,0,20190828,110800,82,2,1120,174,1184,242,Aug30_0/326-20190828110800-snapshot.jpg
1,0,20190828,111530,86,2,808,452,873,544,Aug30_0/326-20190828111530-snapshot.jpg
1,0,20190828,111800,82,2,1559,67,1648,143,Aug30_0/326-20190828111800-snapshot.jpg
1,0,20190828,111830,81,2,229,464,320,524,Aug30_0/326-20190828111830-snapshot.jpg
1,0,20190828,112300,89,4,669,0,767,83,Aug30_0/326-20190828112300-snapshot.jpg
1,0,20190828,112730,85,2,179,496,274,554,Aug30_0/326-20190828112730-snapshot.jpg
1,0,20190828,113230,78,2,15,841,98,915,Aug30_0/326-20190828113230-snapshot.jpg
1,0,20190828,113300,85,2,586,84,647,159,Aug30_0/326-20190828113300-snapshot.jpg
1,0,20190828,113400,85,2,590,13,649,92,Aug30_0/326-20190828113400-snapshot.jpg
1,0,20190828,113800,86,2,297,555,347,634,Aug30_0/326-20190828113800-snapshot.jpg
1,0,20190828,113830,84,2,897,457,984,532,Aug30_0/326-20190828113830-snapshot.jpg
1,0,20190828,113900,88,2,279,941,361,1019,Aug30_0/326-20190828113900-snapshot.jpg
1,0,20190828,114400,87,2,890,47,965,101,Aug30_0/326-20190828114400-snapshot.jpg
1,0,20190828,114430,85,2,638,303,748,366,Aug30_0/326-20190828114430-snapshot.jpg
1,0,20190828,114600,64,2,858,217,910,272,Aug30_0/326-20190828114600-snapshot.jpg
1,0,20190828,114630,85,2,662,1015,747,1080,Aug30_0/326-20190828114630-snapshot.jpg
1,0,20190828,115200,74,2,1709,368,1794,428,Aug30_0/326-20190828115200-snapshot.jpg
1,0,20190828,115430,87,2,1738,308,1800,392,Aug30_0/326-20190828115430-snapshot.jpg
1,0,20190828,115530,86,2,700,456,762,544,Aug30_0/326-20190828115530-snapshot.jpg
1,0,20190828,115600,73,2,398,991,458,1062,Aug30_0/326-20190828115600-snapshot.jpg
1,0,20190828,115600,79,2,1262,786,1335,869,Aug30_0/326-20190828115600-snapshot.jpg
1,0,20190828,115630,79,2,308,801,387,875,Aug30_0/326-20190828115630-snapshot.jpg
1,0,20190828,115700,75,2,300,535,360,595,Aug30_0/326-20190828115700-snapshot.jpg
1,0,20190828,120000,84,2,639,951,699,1038,Aug30_0/326-20190828120000-snapshot.jpg
1,0,20190828,120030,87,2,249,918,351,975,Aug30_0/326-20190828120030-snapshot.jpg
1,0,20190828,120130,62,2,362,387,444,439,Aug30_0/326-20190828120130-snapshot.jpg
1,0,20190828,120130,69,2,701,1,775,36,Aug30_0/326-20190828120130-snapshot.jpg
1,0,20190828,120300,87,2,691,486,780,550,Aug30_0/326-20190828120300-snapshot.jpg
1,0,20190828,120330,82,2,722,194,801,259,Aug30_0/326-20190828120330-snapshot.jpg
1,0,20190828,120730,88,2,936,50,990,134,Aug30_0/326-20190828120730-snapshot.jpg
1,0,20190828,121000,80,2,591,23,652,102,Aug30_0/326-20190828121000-snapshot.jpg
1,0,20190828,121030,81,2,1696,185,1766,269,Aug30_0/326-20190828121030-snapshot.jpg
1,0,20190828,121230,88,2,997,251,1056,338,Aug30_0/326-20190828121230-snapshot.jpg
1,0,20190828,121300,88,2,1624,380,1705,427,Aug30_0/326-20190828121300-snapshot.jpg
1,0,20190828,121400,88,2,805,412,914,468,Aug30_0/326-20190828121400-snapshot.jpg
1,0,20190828,121430,90,2,1103,413,1163,507,Aug30_0/326-20190828121430-snapshot.jpg
1,0,20190828,121500,83,2,587,100,653,168,Aug30_0/326-20190828121500-snapshot.jpg
1,0,20190828,121500,90,2,780,477,884,539,Aug30_0/326-20190828121500-snapshot.jpg
1,0,20190828,121600,86,2,1209,440,1271,521,Aug30_0/326-20190828121600-snapshot.jpg
1,0,20190828,122000,84,2,247,941,320,1019,Aug30_0/326-20190828122000-snapshot.jpg
1,0,20190828,122100,89,2,681,932,778,1014,Aug30_0/326-20190828122100-snapshot.jpg
1,0,20190828,122200,86,2,227,922,312,1001,Aug30_0/326-20190828122200-snapshot.jpg
1,0,20190828,122230,81,2,241,470,332,529,Aug30_0/326-20190828122230-snapshot.jpg
1,0,20190828,122300,84,2,915,274,986,330,Aug30_0/326-20190828122300-snapshot.jpg
1,0,20190828,122330,85,2,1051,32,1121,106,Aug30_0/326-20190828122330-snapshot.jpg
1,0,20190828,122330,86,2,596,45,686,104,Aug30_0/326-20190828122330-snapshot.jpg
1,0,20190828,122330,87,2,1134,940,1232,1002,Aug30_0/326-20190828122330-snapshot.jpg
1,0,20190828,122330,88,2,1038,232,1128,298,Aug30_0/326-20190828122330-snapshot.jpg
1,0,20190828,123030,91,2,1128,405,1215,482,Aug30_0/326-20190828123030-snapshot.jpg
1,0,20190828,123100,79,2,627,0,720,43,Aug30_0/326-20190828123100-snapshot.jpg
1,0,20190828,123130,87,2,349,328,428,401,Aug30_0/326-20190828123130-snapshot.jpg
1,0,20190828,123200,28,2,9,784,73,848,Aug30_0/326-20190828123200-snapshot.jpg
1,0,20190828,123300,84,2,1685,176,1767,249,Aug30_0/326-20190828123300-snapshot.jpg
1,0,20190828,124130,86,2,697,307,788,372,Aug30_0/327-20190828124130-snapshot.jpg
1,0,20190828,124200,86,2,1400,808,1483,891,Aug30_0/327-20190828124200-snapshot.jpg
1,0,20190828,124230,86,2,1780,307,1862,368,Aug30_0/327-20190828124230-snapshot.jpg
1,0,20190828,124300,85,2,1217,443,1271,517,Aug30_0/327-20190828124300-snapshot.jpg
1,0,20190828,124330,85,2,935,103,1021,160,Aug30_0/327-20190828124330-snapshot.jpg
1,0,20190828,124400,82,2,277,395,350,460,Aug30_0/327-20190828124400-snapshot.jpg
1,0,20190828,124430,83,2,260,955,347,1017,Aug30_0/327-20190828124430-snapshot.jpg
1,0,20190828,124430,89,2,950,168,1030,235,Aug30_0/327-20190828124430-snapshot.jpg
1,0,20190828,124600,89,2,1049,378,1134,449,Aug30_0/327-20190828124600-snapshot.jpg
1,0,20190828,124730,83,2,63,554,154,613,Aug30_0/327-20190828124730-snapshot.jpg
1,0,20190828,124830,89,2,901,205,981,263,Aug30_0/327-20190828124830-snapshot.jpg
1,0,20190828,124930,90,2,665,141,763,224,Aug30_0/327-20190828124930-snapshot.jpg
1,0,20190828,125100,79,2,221,456,296,530,Aug30_0/327-20190828125100-snapshot.jpg
1,0,20190828,125130,82,2,910,215,967,278,Aug30_0/327-20190828125130-snapshot.jpg
1,0,20190828,125130,86,2,1666,356,1759,415,Aug30_0/327-20190828125130-snapshot.jpg
1,0,20190828,125200,87,2,1706,264,1782,349,Aug30_0/327-20190828125200-snapshot.jpg
1,0,20190828,125230,44,2,227,452,291,527,Aug30_0/327-20190828125230-snapshot.jpg
1,0,20190828,125330,89,2,835,378,929,433,Aug30_0/327-20190828125330-snapshot.jpg
1,0,20190828,125500,88,2,1443,675,1549,739,Aug30_0/327-20190828125500-snapshot.jpg
1,0,20190828,125800,87,3,873,159,933,241,Aug30_0/327-20190828125800-snapshot.jpg
1,0,20190828,125830,70,3,379,1043,441,1080,Aug30_0/327-20190828125830-snapshot.jpg
1,0,20190828,125830,87,2,1416,872,1481,963,Aug30_0/327-20190828125830-snapshot.jpg
1,0,20190828,130000,84,2,1369,807,1454,881,Aug30_0/327-20190828130000-snapshot.jpg
1,0,20190828,130100,78,2,1277,3,1342,65,Aug30_0/327-20190828130100-snapshot.jpg
1,0,20190828,130130,89,2,1053,535,1165,596,Aug30_0/327-20190828130130-snapshot.jpg
1,0,20190828,130330,78,2,1010,126,1085,197,Aug30_0/327-20190828130330-snapshot.jpg
1,0,20190828,130430,67,2,918,3,992,61,Aug30_0/327-20190828130430-snapshot.jpg
1,0,20190828,130500,83,2,604,122,663,195,Aug30_0/327-20190828130500-snapshot.jpg
1,0,20190828,130700,84,2,41,810,138,867,Aug30_0/327-20190828130700-snapshot.jpg
1,0,20190828,130830,87,2,1590,650,1682,707,Aug30_0/327-20190828130830-snapshot.jpg
1,0,20190828,130900,78,2,745,171,804,233,Aug30_0/327-20190828130900-snapshot.jpg
1,0,20190828,130930,83,2,348,877,441,932,Aug30_0/327-20190828130930-snapshot.jpg
1,0,20190828,131000,83,2,1797,307,1860,385,Aug30_0/327-20190828131000-snapshot.jpg
1,0,20190828,131030,87,2,1056,142,1135,217,Aug30_0/327-20190828131030-snapshot.jpg
1,0,20190828,131100,70,2,405,412,462,479,Aug30_0/327-20190828131100-snapshot.jpg
1,0,20190828,131100,83,2,258,452,319,513,Aug30_0/327-20190828131100-snapshot.jpg
1,0,20190828,131100,87,2,1204,747,1299,810,Aug30_0/327-20190828131100-snapshot.jpg
1,0,20190828,131130,81,2,1522,1014,1604,1079,Aug30_0/327-20190828131130-snapshot.jpg
1,0,20190828,131130,88,2,469,901,572,967,Aug30_0/327-20190828131130-snapshot.jpg
1,0,20190828,131200,81,2,765,5,845,48,Aug30_0/327-20190828131200-snapshot.jpg
1,0,20190828,131200,81,2,791,167,862,226,Aug30_0/327-20190828131200-snapshot.jpg
1,0,20190828,131230,85,2,725,185,804,247,Aug30_0/327-20190828131230-snapshot.jpg
1,0,20190828,131300,79,2,783,192,852,269,Aug30_0/327-20190828131300-snapshot.jpg
1,0,20190828,131300,89,2,774,604,850,662,Aug30_0/327-20190828131300-snapshot.jpg
1,0,20190828,131600,79,2,1370,841,1448,900,Aug30_0/327-20190828131600-snapshot.jpg
1,0,20190828,131600,87,2,1157,591,1242,671,Aug30_0/327-20190828131600-snapshot.jpg
1,0,20190828,131630,82,2,609,32,672,110,Aug30_0/327-20190828131630-snapshot.jpg
1,0,20190828,131730,86,2,770,352,864,425,Aug30_0/327-20190828131730-snapshot.jpg
1,0,20190828,131800,88,2,921,573,1039,680,Aug30_0/327-20190828131800-snapshot.jpg
1,0,20190828,131800,89,2,730,930,824,1026,Aug30_0/327-20190828131800-snapshot.jpg
1,0,20190828,131830,87,2,1091,25,1173,81,Aug30_0/327-20190828131830-snapshot.jpg
1,0,20190828,131900,86,2,88,560,146,639,Aug30_0/327-20190828131900-snapshot.jpg
1,0,20190828,131930,62,2,41,866,101,925,Aug30_0/327-20190828131930-snapshot.jpg
1,0,20190828,132330,85,2,786,184,844,251,Aug30_0/327-20190828132330-snapshot.jpg
1,0,20190828,132430,85,2,1439,411,1499,480,Aug30_0/327-20190828132430-snapshot.jpg
1,0,20190828,132500,84,2,229,479,285,561,Aug30_0/327-20190828132500-snapshot.jpg
1,0,20190828,132530,84,2,608,130,665,207,Aug30_0/327-20190828132530-snapshot.jpg
1,0,20190828,132530,89,2,825,452,921,525,Aug30_0/327-20190828132530-snapshot.jpg
1,0,20190828,132600,37,2,1191,491,1261,557,Aug30_0/327-20190828132600-snapshot.jpg
1,0,20190828,132730,87,2,771,461,864,536,Aug30_0/327-20190828132730-snapshot.jpg
1,0,20190828,132930,85,2,855,155,938,208,Aug30_0/327-20190828132930-snapshot.jpg
1,0,20190828,133230,85,2,944,314,1032,365,Aug30_0/327-20190828133230-snapshot.jpg
1,0,20190828,133300,70,2,304,410,362,474,Aug30_0/327-20190828133300-snapshot.jpg
1,0,20190828,133300,75,2,27,866,100,929,Aug30_0/327-20190828133300-snapshot.jpg
1,0,20190828,133300,83,2,1646,569,1713,650,Aug30_0/327-20190828133300-snapshot.jpg
1,0,20190828,133500,78,2,480,866,572,932,Aug30_0/327-20190828133500-snapshot.jpg
1,0,20190828,133530,90,2,1199,731,1289,786,Aug30_0/327-20190828133530-snapshot.jpg
1,0,20190828,133600,81,2,80,591,163,645,Aug30_0/327-20190828133600-snapshot.jpg
1,0,20190828,133800,85,2,1776,305,1854,358,Aug30_0/327-20190828133800-snapshot.jpg
1,0,20190828,133830,79,2,11,788,68,854,Aug30_0/327-20190828133830-snapshot.jpg
1,0,20190828,133830,79,2,592,92,651,169,Aug30_0/327-20190828133830-snapshot.jpg
1,0,20190828,133900,88,2,375,843,451,922,Aug30_0/327-20190828133900-snapshot.jpg
1,0,20190828,134000,90,2,669,656,761,724,Aug30_0/327-20190828134000-snapshot.jpg
1,0,20190828,134030,89,2,1034,227,1121,285,Aug30_0/327-20190828134030-snapshot.jpg
1,0,20190828,134130,77,2,653,283,728,335,Aug30_0/327-20190828134130-snapshot.jpg
1,0,20190828,134130,85,2,616,80,698,132,Aug30_0/327-20190828134130-snapshot.jpg
1,0,20190828,134230,86,2,558,1028,640,1080,Aug30_0/327-20190828134230-snapshot.jpg
1,0,20190828,134730,86,2,1192,737,1265,796,Aug30_0/327-20190828134730-snapshot.jpg
1,0,20190828,134730,88,2,1730,342,1793,417,Aug30_0/327-20190828134730-snapshot.jpg
1,0,20190828,134800,82,2,1014,146,1078,210,Aug30_0/327-20190828134800-snapshot.jpg
1,0,20190828,134830,74,2,712,0,791,43,Aug30_0/327-20190828134830-snapshot.jpg
1,0,20190828,134930,87,2,741,191,825,246,Aug30_0/327-20190828134930-snapshot.jpg
1,0,20190828,135030,80,2,1239,10,1302,112,Aug30_0/327-20190828135030-snapshot.jpg
1,0,20190828,135100,87,2,747,241,807,325,Aug30_0/327-20190828135100-snapshot.jpg
1,0,20190828,135200,86,2,241,803,321,875,Aug30_0/327-20190828135200-snapshot.jpg
1,0,20190828,135200,86,2,772,28,845,105,Aug30_0/327-20190828135200-snapshot.jpg
1,0,20190828,135230,86,2,906,247,980,316,Aug30_0/327-20190828135230-snapshot.jpg
1,0,20190828,135530,83,2,1692,172,1759,243,Aug30_0/327-20190828135530-snapshot.jpg
1,0,20190828,135600,86,2,800,160,884,218,Aug30_0/327-20190828135600-snapshot.jpg
1,0,20190828,135630,86,2,1050,26,1113,107,Aug30_0/327-20190828135630-snapshot.jpg
1,0,20190828,135700,87,2,1266,30,1327,119,Aug30_0/327-20190828135700-snapshot.jpg
1,0,20190828,135700,88,2,235,915,329,974,Aug30_0/327-20190828135700-snapshot.jpg
1,0,20190828,140500,46,2,694,133,760,193,Aug30_0/327-20190828140500-snapshot.jpg
1,0,20190828,140530,87,2,1402,349,1469,426,Aug30_0/327-20190828140530-snapshot.jpg
1,0,20190828,140630,89,2,1491,656,1552,749,Aug30_0/327-20190828140630-snapshot.jpg
1,0,20190828,140730,90,2,235,922,331,992,Aug30_0/327-20190828140730-snapshot.jpg
1,0,20190828,140930,89,2,1219,426,1302,497,Aug30_0/327-20190828140930-snapshot.jpg
1,0,20190828,141100,87,2,847,215,932,279,Aug30_0/327-20190828141100-snapshot.jpg
1,0,20190828,141500,87,2,1765,305,1836,377,Aug30_0/327-20190828141500-snapshot.jpg
1,0,20190828,141600,87,2,854,171,936,230,Aug30_0/327-20190828141600-snapshot.jpg
1,0,20190828,141630,87,2,747,435,836,512,Aug30_0/327-20190828141630-snapshot.jpg
1,0,20190828,141730,88,2,1088,680,1173,756,Aug30_0/327-20190828141730-snapshot.jpg
1,0,20190828,141800,84,2,222,897,286,964,Aug30_0/327-20190828141800-snapshot.jpg
1,0,20190828,141800,87,2,1713,257,1793,332,Aug30_0/327-20190828141800-snapshot.jpg
1,0,20190828,141830,82,2,528,343,597,400,Aug30_0/327-20190828141830-snapshot.jpg
1,0,20190828,141830,86,2,1368,719,1465,786,Aug30_0/327-20190828141830-snapshot.jpg
1,0,20190828,141900,87,2,795,177,867,249,Aug30_0/327-20190828141900-snapshot.jpg
1,0,20190828,141900,89,2,923,105,1009,172,Aug30_0/327-20190828141900-snapshot.jpg
1,0,20190828,142130,79,2,21,818,107,876,Aug30_0/327-20190828142130-snapshot.jpg
1,0,20190828,142330,75,2,290,446,373,488,Aug30_0/327-20190828142330-snapshot.jpg
1,0,20190828,142600,87,2,753,318,827,406,Aug30_0/327-20190828142600-snapshot.jpg
1,0,20190828,142730,53,2,686,1,748,39,Aug30_0/327-20190828142730-snapshot.jpg
1,0,20190828,143230,88,2,1675,363,1756,430,Aug30_0/327-20190828143230-snapshot.jpg
1,0,20190828,143330,84,2,1051,110,1138,164,Aug30_0/327-20190828143330-snapshot.jpg
1,0,20190828,143930,88,2,1392,807,1488,880,Aug30_0/327-20190828143930-snapshot.jpg
1,0,20190828,144000,89,2,1643,318,1703,400,Aug30_0/327-20190828144000-snapshot.jpg
1,0,20190828,144030,87,2,1740,392,1804,472,Aug30_0/327-20190828144030-snapshot.jpg
1,0,20190828,144100,88,2,1706,252,1794,323,Aug30_0/327-20190828144100-snapshot.jpg
1,0,20190828,144230,88,2,1075,318,1131,407,Aug30_0/327-20190828144230-snapshot.jpg
1,0,20190828,144300,88,2,1680,355,1766,415,Aug30_0/327-20190828144300-snapshot.jpg
1,0,20190828,144600,87,2,472,687,546,769,Aug30_0/327-20190828144600-snapshot.jpg
1,0,20190828,145030,27,2,41,463,128,519,Aug30_0/327-20190828145030-snapshot.jpg
1,0,20190828,145100,87,2,362,837,433,913,Aug30_0/327-20190828145100-snapshot.jpg
1,0,20190828,145330,86,2,291,476,375,529,Aug30_0/327-20190828145330-snapshot.jpg
1,0,20190828,145430,89,2,648,962,747,1043,Aug30_0/327-20190828145430-snapshot.jpg
1,0,20190828,145900,85,2,1726,381,1781,442,Aug30_0/327-20190828145900-snapshot.jpg
1,0,20190828,150300,74,2,791,185,845,234,Aug30_0/327-20190828150300-snapshot.jpg
1,0,20190828,151100,78,2,1279,30,1354,83,Aug30_0/327-20190828151100-snapshot.jpg
1,0,20190828,151130,82,2,206,880,289,948,Aug30_0/327-20190828151130-snapshot.jpg
1,0,20190828,151530,85,2,1799,296,1855,369,Aug30_0/327-20190828151530-snapshot.jpg
1,0,20190828,151900,90,2,1405,811,1487,889,Aug30_0/327-20190828151900-snapshot.jpg
1,0,20190828,151930,87,2,1774,323,1835,400,Aug30_0/327-20190828151930-snapshot.jpg
1,0,20190828,152200,88,2,1375,807,1464,870,Aug30_0/327-20190828152200-snapshot.jpg
1,0,20190828,152330,83,2,274,759,341,846,Aug30_0/327-20190828152330-snapshot.jpg
1,0,20190828,153500,88,2,1298,112,1394,187,Aug30_0/328-20190828153500-snapshot.jpg
1,0,20190828,153830,88,2,1150,805,1230,898,Aug30_0/328-20190828153830-snapshot.jpg
1,0,20190828,155430,88,2,1125,793,1205,871,Aug30_0/330-20190828155430-snapshot.jpg
1,0,20190828,161030,68,2,284,505,340,573,Aug30_0/333-20190828161030-snapshot.jpg
1,0,20190828,161030,87,2,1753,325,1812,400,Aug30_0/333-20190828161030-snapshot.jpg
1,0,20190828,161100,84,2,247,457,330,513,Aug30_0/333-20190828161100-snapshot.jpg
1,0,20190828,161100,90,2,910,73,994,130,Aug30_0/333-20190828161100-snapshot.jpg
1,0,20190828,162500,87,2,408,115,467,209,Aug30_0/335-20190828162500-snapshot.jpg
1,0,20190828,163430,83,2,1763,480,1851,527,Aug30_0/335-20190828163430-snapshot.jpg
1,0,20190828,163500,82,2,857,477,938,538,Aug30_0/335-20190828163500-snapshot.jpg
1,0,20190828,163500,84,2,1722,128,1782,209,Aug30_0/335-20190828163500-snapshot.jpg
1,0,20190828,163530,86,2,764,183,839,235,Aug30_0/335-20190828163530-snapshot.jpg
1,0,20190828,163630,84,2,782,185,861,245,Aug30_0/335-20190828163630-snapshot.jpg
1,0,20190828,163730,85,2,893,621,972,689,Aug30_0/335-20190828163730-snapshot.jpg
1,0,20190828,164100,80,2,271,762,339,839,Aug30_0/335-20190828164100-snapshot.jpg
1,0,20190828,164330,86,2,1485,591,1567,656,Aug30_0/335-20190828164330-snapshot.jpg
1,0,20190828,164530,83,2,1053,143,1128,193,Aug30_0/335-20190828164530-snapshot.jpg
1,0,20190828,164930,87,2,1066,266,1146,325,Aug30_0/335-20190828164930-snapshot.jpg
1,0,20190828,165000,76,2,976,232,1056,276,Aug30_0/335-20190828165000-snapshot.jpg
1,0,20190828,165000,84,2,663,629,717,700,Aug30_0/335-20190828165000-snapshot.jpg
1,0,20190828,165000,84,2,584,461,669,530,Aug30_0/335-20190828165000-snapshot.jpg
1,0,20190828,165500,75,2,1206,471,1278,519,Aug30_0/335-20190828165500-snapshot.jpg
1,0,20190828,165930,82,2,292,441,345,505,Aug30_0/335-20190828165930-snapshot.jpg
1,0,20190828,170000,85,2,378,1014,451,1080,Aug30_0/335-20190828170000-snapshot.jpg
1,0,20190828,170030,53,2,614,122,669,187,Aug30_0/335-20190828170030-snapshot.jpg
1,0,20190828,170100,83,2,934,230,990,294,Aug30_0/335-20190828170100-snapshot.jpg
1,0,20190828,170330,90,2,1689,276,1779,340,Aug30_0/335-20190828170330-snapshot.jpg
1,0,20190828,170430,84,2,743,525,810,592,Aug30_0/335-20190828170430-snapshot.jpg
1,0,20190828,170500,88,2,740,33,835,95,Aug30_0/335-20190828170500-snapshot.jpg
1,0,20190828,170800,87,2,1733,434,1797,513,Aug30_0/335-20190828170800-snapshot.jpg
1,0,20190828,171530,63,2,901,551,994,617,Aug30_0/335-20190828171530-snapshot.jpg
1,0,20190828,171630,74,2,968,87,1045,144,Aug30_0/335-20190828171630-snapshot.jpg
1,0,20190828,171800,84,2,1628,294,1714,357,Aug30_0/335-20190828171800-snapshot.jpg
1,0,20190828,172030,87,4,1161,0,1274,97,Aug30_0/335-20190828172030-snapshot.jpg
1,0,20190828,172100,88,4,1257,758,1396,857,Aug30_0/335-20190828172100-snapshot.jpg
1,0,20190828,172300,87,2,667,282,751,347,Aug30_0/335-20190828172300-snapshot.jpg
1,0,20190828,173700,64,2,965,221,1047,268,Aug30_0/336-20190828173700-snapshot.jpg
1,0,20190828,173800,87,2,612,898,705,987,Aug30_0/336-20190828173800-snapshot.jpg
1,0,20190828,173900,87,2,1520,597,1593,673,Aug30_0/336-20190828173900-snapshot.jpg
1,0,20190828,174200,85,4,1030,125,1094,221,Aug30_0/336-20190828174200-snapshot.jpg
1,0,20190828,174730,86,2,1100,27,1184,85,Aug30_0/336-20190828174730-snapshot.jpg
1,0,20190828,174900,84,2,376,831,435,910,Aug30_0/336-20190828174900-snapshot.jpg
1,0,20190828,175030,78,2,222,873,284,942,Aug30_0/336-20190828175030-snapshot.jpg
1,0,20190828,175530,87,2,1738,411,1798,495,Aug30_0/336-20190828175530-snapshot.jpg
1,0,20190828,175600,86,2,1777,261,1848,337,Aug30_0/336-20190828175600-snapshot.jpg
1,0,20190828,175800,83,2,1016,171,1069,238,Aug30_0/336-20190828175800-snapshot.jpg
1,0,20190828,175900,84,2,891,224,946,289,Aug30_0/336-20190828175900-snapshot.jpg
1,0,20190828,175930,87,2,861,656,916,738,Aug30_0/336-20190828175930-snapshot.jpg
1,0,20190828,180700,84,2,635,362,719,433,Aug30_0/337-20190828180700-snapshot.jpg
1,0,20190828,180830,83,2,1537,423,1595,499,Aug30_0/337-20190828180830-snapshot.jpg
1,0,20190828,180900,83,2,1222,406,1288,476,Aug30_0/337-20190828180900-snapshot.jpg
1,0,20190828,181300,85,2,1666,738,1726,821,Aug30_0/337-20190828181300-snapshot.jpg
1,0,20190828,182030,86,2,686,261,776,323,Aug30_0/337-20190828182030-snapshot.jpg
1,0,20190828,182100,87,2,223,875,308,962,Aug30_0/337-20190828182100-snapshot.jpg
1,0,20190828,182330,77,8,984,176,1070,228,Aug30_0/337-20190828182330-snapshot.jpg
1,0,20190828,184300,80,2,1755,328,1807,398,Aug30_0/337-20190828184300-snapshot.jpg
1,0,20190828,184330,86,2,1567,624,1627,694,Aug30_0/337-20190828184330-snapshot.jpg
1,0,20190828,184400,87,2,1083,55,1141,144,Aug30_0/337-20190828184400-snapshot.jpg
1,0,20190828,185000,88,2,1082,303,1168,360,Aug30_0/337-20190828185000-snapshot.jpg
1,0,20190828,185030,84,2,967,363,1050,433,Aug30_0/337-20190828185030-snapshot.jpg
1,0,20190828,185100,83,2,767,182,850,234,Aug30_0/337-20190828185100-snapshot.jpg
1,0,20190828,185130,87,2,921,109,979,184,Aug30_0/337-20190828185130-snapshot.jpg
1,0,20190828,185200,84,2,802,161,885,225,Aug30_0/337-20190828185200-snapshot.jpg
1,0,20190828,185230,87,2,1233,61,1326,131,Aug30_0/337-20190828185230-snapshot.jpg
1,0,20190828,185300,87,4,863,413,985,509,Aug30_0/337-20190828185300-snapshot.jpg
1,0,20190828,185900,87,2,375,842,433,922,Aug30_0/337-20190828185900-snapshot.jpg
1,0,20190828,190000,88,2,337,956,422,1027,Aug30_0/337-20190828190000-snapshot.jpg
1,0,20190828,191600,84,2,1051,187,1110,253,Aug30_0/338-20190828191600-snapshot.jpg
1,0,20190828,193230,80,2,726,104,813,158,Aug30_0/338-20190828193230-snapshot.jpg
1,0,20190828,193300,86,2,661,276,761,342,Aug30_0/338-20190828193300-snapshot.jpg
1,0,20190828,194300,81,2,487,868,574,935,Aug30_0/340-20190828194300-snapshot.jpg
1,0,20190828,195030,79,2,394,484,464,566,Aug30_0/340-20190828195030-snapshot.jpg
1,0,20190828,195100,87,2,1076,297,1162,356,Aug30_0/340-20190828195100-snapshot.jpg
1,0,20190828,201400,56,2,1109,2,1182,40,Aug30_0/345-20190828201400-snapshot.jpg
1,0,20190828,204400,44,2,988,303,1067,368,Aug30_0/346-20190828204400-snapshot.jpg
1,0,20190829,072130,81,8,1635,1006,1722,1060,Aug30_0/374-20190829072130-snapshot.jpg
1,0,20190829,072200,81,8,1638,1005,1719,1060,Aug30_0/374-20190829072200-snapshot.jpg
1,0,20190829,072230,81,8,1638,1005,1719,1061,Aug30_0/374-20190829072230-snapshot.jpg
1,0,20190829,072300,80,8,1638,1005,1719,1061,Aug30_0/374-20190829072300-snapshot.jpg
1,0,20190829,072330,81,8,1638,1005,1719,1061,Aug30_0/374-20190829072330-snapshot.jpg
1,0,20190829,072400,81,8,1638,1005,1720,1061,Aug30_0/375-20190829072400-snapshot.jpg
1,0,20190829,072430,79,8,1639,1006,1721,1062,Aug30_0/375-20190829072430-snapshot.jpg
1,0,20190829,072500,83,8,1637,1006,1721,1064,Aug30_0/375-20190829072500-snapshot.jpg
1,0,20190829,081400,80,8,876,781,934,849,Aug30_0/382-20190829081400-snapshot.jpg
1,0,20190829,092330,85,8,840,136,894,214,Aug30_0/393-20190829092330-snapshot.jpg
1,0,20190829,110930,81,8,1425,610,1500,674,Aug30_0/401-20190829110930-snapshot.jpg
1,0,20190829,111430,70,2,1744,149,1825,197,Aug30_0/401-20190829111430-snapshot.jpg
1,0,20190829,111900,83,8,1507,265,1597,333,Aug30_0/402-20190829111900-snapshot.jpg
1,0,20190829,115500,65,8,1035,908,1107,958,Aug30_0/407-20190829115500-snapshot.jpg
1,0,20190829,120230,83,8,822,741,904,810,Aug30_0/407-20190829120230-snapshot.jpg
1,0,20190829,122300,86,2,521,835,586,930,Aug30_0/407-20190829122300-snapshot.jpg
1,0,20190829,125100,70,2,980,235,1025,294,Aug30_0/408-20190829125100-snapshot.jpg
1,0,20190829,125130,71,8,982,237,1029,312,Aug30_0/408-20190829125130-snapshot.jpg
1,0,20190829,125200,53,8,979,242,1032,307,Aug30_0/408-20190829125200-snapshot.jpg
1,0,20190829,130200,84,2,211,869,289,944,Aug30_0/408-20190829130200-snapshot.jpg
1,0,20190829,130230,82,2,769,182,834,239,Aug30_0/408-20190829130230-snapshot.jpg
1,0,20190829,130300,79,2,642,403,703,489,Aug30_0/408-20190829130300-snapshot.jpg
1,0,20190829,130330,80,2,1662,308,1717,376,Aug30_0/408-20190829130330-snapshot.jpg
1,0,20190829,130330,86,2,231,480,293,563,Aug30_0/408-20190829130330-snapshot.jpg
1,0,20190829,131100,87,2,1694,579,1756,665,Aug30_0/408-20190829131100-snapshot.jpg
1,0,20190829,131130,84,2,892,472,966,545,Aug30_0/408-20190829131130-snapshot.jpg
1,0,20190829,132600,89,2,996,246,1082,303,Aug30_0/408-20190829132600-snapshot.jpg
1,0,20190829,132630,86,2,1085,209,1143,282,Aug30_0/408-20190829132630-snapshot.jpg
1,0,20190829,133000,84,2,1762,95,1822,167,Aug30_0/408-20190829133000-snapshot.jpg
1,0,20190829,135000,86,2,296,453,385,502,Aug30_0/408-20190829135000-snapshot.jpg
1,0,20190829,135030,88,2,411,415,498,467,Aug30_0/408-20190829135030-snapshot.jpg
1,0,20190829,135230,83,9,635,66,722,131,Aug30_0/408-20190829135230-snapshot.jpg
1,0,20190829,135700,85,2,1735,522,1830,574,Aug30_0/408-20190829135700-snapshot.jpg
1,0,20190829,135930,26,2,350,409,418,469,Aug30_0/408-20190829135930-snapshot.jpg
1,0,20190829,140330,85,2,1732,155,1825,218,Aug30_0/408-20190829140330-snapshot.jpg
1,0,20190829,140430,80,2,1181,802,1249,882,Aug30_0/408-20190829140430-snapshot.jpg
1,0,20190829,140530,64,2,122,1020,198,1079,Aug30_0/408-20190829140530-snapshot.jpg
1,0,20190829,140630,88,2,785,171,865,236,Aug30_0/408-20190829140630-snapshot.jpg
1,0,20190829,141130,78,2,1274,880,1352,941,Aug30_0/408-20190829141130-snapshot.jpg
1,0,20190829,141200,88,2,1238,664,1319,731,Aug30_0/408-20190829141200-snapshot.jpg
1,0,20190829,141400,85,2,743,511,823,589,Aug30_0/408-20190829141400-snapshot.jpg
1,0,20190829,141400,88,2,1065,287,1125,382,Aug30_0/408-20190829141400-snapshot.jpg
1,0,20190829,141430,87,2,664,105,746,169,Aug30_0/408-20190829141430-snapshot.jpg
1,0,20190829,141630,85,2,1124,289,1182,364,Aug30_0/408-20190829141630-snapshot.jpg
1,0,20190829,142000,87,2,1447,420,1527,477,Aug30_0/408-20190829142000-snapshot.jpg
1,0,20190829,142500,85,2,1105,259,1164,327,Aug30_0/408-20190829142500-snapshot.jpg
1,0,20190829,142530,87,2,1748,139,1813,224,Aug30_0/408-20190829142530-snapshot.jpg
1,0,20190829,142730,86,2,1747,510,1812,585,Aug30_0/408-20190829142730-snapshot.jpg
1,0,20190829,142930,86,2,551,169,639,250,Aug30_0/408-20190829142930-snapshot.jpg
1,0,20190829,143000,88,2,820,468,904,545,Aug30_0/408-20190829143000-snapshot.jpg
1,0,20190829,143200,87,2,1487,492,1571,569,Aug30_0/408-20190829143200-snapshot.jpg
1,0,20190829,143300,56,2,605,115,660,170,Aug30_0/408-20190829143300-snapshot.jpg
1,0,20190829,143430,83,2,148,493,234,545,Aug30_0/408-20190829143430-snapshot.jpg
1,0,20190829,143500,73,2,1009,225,1062,272,Aug30_0/408-20190829143500-snapshot.jpg
1,0,20190829,143630,73,2,658,296,729,352,Aug30_0/408-20190829143630-snapshot.jpg
1,0,20190829,143730,90,2,769,895,877,959,Aug30_0/408-20190829143730-snapshot.jpg
1,0,20190829,144030,84,2,110,312,185,378,Aug30_0/408-20190829144030-snapshot.jpg
1,0,20190829,144500,87,2,651,66,742,136,Aug30_0/408-20190829144500-snapshot.jpg
1,0,20190829,145130,68,2,638,400,699,468,Aug30_0/408-20190829145130-snapshot.jpg
1,0,20190829,145630,87,2,1267,451,1365,510,Aug30_0/409-20190829145630-snapshot.jpg
1,0,20190829,150700,80,2,883,487,964,552,Aug30_0/410-20190829150700-snapshot.jpg
1,0,20190829,152100,53,2,941,429,990,482,Aug30_0/411-20190829152100-snapshot.jpg
1,0,20190829,152300,87,2,911,590,999,660,Aug30_0/411-20190829152300-snapshot.jpg
1,0,20190829,153530,68,2,377,1027,432,1080,Aug30_0/414-20190829153530-snapshot.jpg
1,0,20190829,153630,72,2,1000,227,1055,279,Aug30_0/414-20190829153630-snapshot.jpg
1,0,20190829,153730,87,2,324,458,416,506,Aug30_0/414-20190829153730-snapshot.jpg
1,0,20190829,154900,87,2,1243,155,1320,236,Aug30_0/414-20190829154900-snapshot.jpg
1,0,20190829,155900,82,2,625,106,713,167,Aug30_0/415-20190829155900-snapshot.jpg
1,0,20190829,155930,85,2,1035,104,1132,172,Aug30_0/415-20190829155930-snapshot.jpg
1,0,20190829,160130,84,2,1789,468,1872,520,Aug30_0/415-20190829160130-snapshot.jpg
1,0,20190829,160530,81,2,325,423,414,480,Aug30_0/415-20190829160530-snapshot.jpg
1,0,20190829,161500,88,2,1199,84,1297,150,Aug30_0/415-20190829161500-snapshot.jpg
1,0,20190829,161630,87,2,536,855,601,948,Aug30_0/415-20190829161630-snapshot.jpg
1,0,20190829,161700,71,2,852,488,936,545,Aug30_0/415-20190829161700-snapshot.jpg
1,0,20190829,162000,88,2,848,145,936,199,Aug30_0/415-20190829162000-snapshot.jpg
1,0,20190829,162030,86,2,676,82,764,142,Aug30_0/415-20190829162030-snapshot.jpg
1,0,20190829,162230,85,2,1777,482,1866,534,Aug30_0/415-20190829162230-snapshot.jpg
1,0,20190829,162400,86,2,1006,244,1082,303,Aug30_0/415-20190829162400-snapshot.jpg
1,0,20190829,162530,85,2,331,494,411,537,Aug30_0/415-20190829162530-snapshot.jpg
1,0,20190829,163330,60,5,1730,410,1796,460,Aug30_0/415-20190829163330-snapshot.jpg
1,0,20190829,164000,87,2,871,165,928,250,Aug30_0/415-20190829164000-snapshot.jpg
1,0,20190829,164030,86,2,316,476,396,538,Aug30_0/415-20190829164030-snapshot.jpg
1,0,20190829,164900,79,2,117,812,224,896,Aug30_0/415-20190829164900-snapshot.jpg
1,0,20190829,165130,87,2,1451,416,1547,473,Aug30_0/415-20190829165130-snapshot.jpg
1,0,20190829,165200,84,2,1569,627,1643,701,Aug30_0/415-20190829165200-snapshot.jpg
1,0,20190829,165430,85,2,771,180,850,236,Aug30_0/415-20190829165430-snapshot.jpg
1,0,20190829,165500,87,2,857,462,930,544,Aug30_0/415-20190829165500-snapshot.jpg
1,0,20190829,170030,88,2,873,93,957,151,Aug30_0/415-20190829170030-snapshot.jpg
1,0,20190829,170230,75,2,954,410,1017,476,Aug30_0/415-20190829170230-snapshot.jpg
1,0,20190829,170300,79,2,773,178,845,237,Aug30_0/415-20190829170300-snapshot.jpg
1,0,20190829,170400,87,2,786,181,862,265,Aug30_0/415-20190829170400-snapshot.jpg
1,0,20190829,170800,44,2,1282,26,1348,100,Aug30_0/415-20190829170800-snapshot.jpg
1,0,20190829,171830,29,8,738,436,791,490,Aug30_0/415-20190829171830-snapshot.jpg
1,0,20190829,172400,73,2,787,197,857,244,Aug30_0/415-20190829172400-snapshot.jpg
1,0,20190829,172730,51,8,926,275,974,326,Aug30_0/415-20190829172730-snapshot.jpg
1,0,20190829,172830,87,2,1570,626,1655,694,Aug30_0/415-20190829172830-snapshot.jpg
1,0,20190829,172830,88,6,825,504,887,560,Aug30_0/415-20190829172830-snapshot.jpg
1,0,20190829,172900,26,2,936,286,983,342,Aug30_0/415-20190829172900-snapshot.jpg
1,0,20190829,173000,55,2,854,204,908,260,Aug30_0/415-20190829173000-snapshot.jpg
1,0,20190829,173100,40,5,900,202,945,242,Aug30_0/415-20190829173100-snapshot.jpg
1,0,20190829,173600,88,2,1490,434,1587,491,Aug30_0/415-20190829173600-snapshot.jpg
1,0,20190829,173630,89,2,1623,616,1709,694,Aug30_0/415-20190829173630-snapshot.jpg
1,0,20190829,173700,87,2,1140,663,1229,722,Aug30_0/415-20190829173700-snapshot.jpg
1,0,20190829,173730,81,2,230,529,298,571,Aug30_0/415-20190829173730-snapshot.jpg
1,0,20190829,174030,86,2,366,502,447,555,Aug30_0/415-20190829174030-snapshot.jpg
1,0,20190829,174330,79,2,777,222,855,269,Aug30_0/415-20190829174330-snapshot.jpg
1,0,20190829,174630,83,2,19,854,109,910,Aug30_0/415-20190829174630-snapshot.jpg
1,0,20190829,174630,86,2,1125,273,1201,339,Aug30_0/415-20190829174630-snapshot.jpg
1,0,20190829,174900,83,2,0,792,69,858,Aug30_0/415-20190829174900-snapshot.jpg
1,0,20190829,174930,88,8,410,309,459,393,Aug30_0/415-20190829174930-snapshot.jpg
1,0,20190829,175400,88,2,329,806,432,879,Aug30_0/415-20190829175400-snapshot.jpg
1,0,20190829,180200,87,2,1175,736,1260,786,Aug30_0/415-20190829180200-snapshot.jpg
1,0,20190829,180200,87,2,1572,616,1629,690,Aug30_0/415-20190829180200-snapshot.jpg
1,0,20190829,180400,85,2,640,58,731,120,Aug30_0/415-20190829180400-snapshot.jpg
1,0,20190829,180430,88,2,1023,655,1112,727,Aug30_0/415-20190829180430-snapshot.jpg
1,0,20190829,180530,78,2,251,544,314,603,Aug30_0/415-20190829180530-snapshot.jpg
1,0,20190829,182600,88,2,691,418,777,495,Aug30_0/415-20190829182600-snapshot.jpg
1,0,20190829,183330,88,2,1676,490,1763,555,Aug30_0/415-20190829183330-snapshot.jpg
1,0,20190829,183530,85,2,942,87,1001,166,Aug30_0/415-20190829183530-snapshot.jpg
1,0,20190829,183600,85,2,696,100,755,173,Aug30_0/415-20190829183600-snapshot.jpg
1,0,20190829,183830,84,2,849,532,909,601,Aug30_0/415-20190829183830-snapshot.jpg
1,0,20190829,183900,88,2,775,185,855,261,Aug30_0/415-20190829183900-snapshot.jpg
1,0,20190829,184700,85,2,736,470,810,542,Aug30_0/415-20190829184700-snapshot.jpg
1,0,20190829,184700,88,2,901,225,984,290,Aug30_0/415-20190829184700-snapshot.jpg
1,0,20190829,184730,86,2,922,244,977,325,Aug30_0/415-20190829184730-snapshot.jpg
1,0,20190829,185500,82,2,294,411,376,458,Aug30_0/415-20190829185500-snapshot.jpg
1,0,20190829,190000,65,2,1027,150,1083,216,Aug30_0/415-20190829190000-snapshot.jpg
1,0,20190829,192430,80,2,328,419,407,481,Aug30_0/415-20190829192430-snapshot.jpg
1,0,20190829,192800,45,2,648,190,912,400,Aug30_0/415-20190829192800-snapshot.jpg
1,0,20190829,202430,81,2,1320,57,1417,117,Aug30_0/422-20190829202430-snapshot.jpg
1,0,20190830,083200,25,2,2,650,72,712,Aug30_0/467-20190830083200-snapshot.jpg
1,0,20190824,091900,83,2,594,476,652,567,Aug30_0/83-20190824091900-snapshot.jpg
1,0,20190824,091930,81,2,1212,885,1278,959,Aug30_0/83-20190824091930-snapshot.jpg
1,0,20190824,094600,86,2,1457,752,1519,832,Aug30_0/86-20190824094600-snapshot.jpg
1,0,20190824,094630,90,2,206,928,306,1005,Aug30_0/86-20190824094630-snapshot.jpg
1,0,20190824,094730,87,2,273,801,350,889,Aug30_0/86-20190824094730-snapshot.jpg
1,0,20190824,095000,79,2,681,427,758,511,Aug30_0/86-20190824095000-snapshot.jpg
1,0,20190824,095330,87,2,914,400,1007,460,Aug30_0/86-20190824095330-snapshot.jpg
1,0,20190824,095400,88,2,509,959,608,1030,Aug30_0/86-20190824095400-snapshot.jpg
1,0,20190824,095800,89,2,1666,331,1754,393,Aug30_0/86-20190824095800-snapshot.jpg
1,0,20190824,095830,84,2,990,78,1039,151,Aug30_0/86-20190824095830-snapshot.jpg
1,0,20190824,095900,87,2,651,304,729,365,Aug30_0/86-20190824095900-snapshot.jpg
1,0,20190824,095930,81,2,0,841,71,911,Aug30_0/86-20190824095930-snapshot.jpg
1,0,20190824,095930,86,2,835,212,927,270,Aug30_0/86-20190824095930-snapshot.jpg
1,0,20190824,101830,86,2,759,196,838,250,Aug30_0/87-20190824101830-snapshot.jpg
1,0,20190824,101900,83,2,782,514,867,571,Aug30_0/87-20190824101900-snapshot.jpg
1,0,20190824,101930,77,2,324,508,407,558,Aug30_0/87-20190824101930-snapshot.jpg
1,0,20190824,101930,86,2,1518,734,1582,799,Aug30_0/87-20190824101930-snapshot.jpg
1,0,20190824,102000,87,2,1011,309,1072,388,Aug30_0/87-20190824102000-snapshot.jpg
1,0,20190824,102000,87,2,1658,326,1744,384,Aug30_0/87-20190824102000-snapshot.jpg
1,0,20190824,102030,85,2,1832,308,1919,363,Aug30_0/87-20190824102030-snapshot.jpg
1,0,20190824,102100,33,2,1103,1009,1176,1074,Aug30_0/87-20190824102100-snapshot.jpg
1,0,20190824,102230,87,2,1036,297,1114,375,Aug30_0/87-20190824102230-snapshot.jpg
1,0,20190824,102330,88,2,1232,178,1289,267,Aug30_0/87-20190824102330-snapshot.jpg
1,0,20190824,102400,85,2,677,242,738,321,Aug30_0/87-20190824102400-snapshot.jpg
1,0,20190824,102430,85,7,1312,771,1537,1006,Aug30_0/87-20190824102430-snapshot.jpg
1,0,20190824,102530,82,2,1367,775,1459,827,Aug30_0/87-20190824102530-snapshot.jpg
1,0,20190824,102730,36,1,969,858,1009,901,Aug30_0/87-20190824102730-snapshot.jpg
1,0,20190824,102800,81,2,449,539,535,597,Aug30_0/87-20190824102800-snapshot.jpg
1,0,20190824,102800,87,2,1015,357,1087,431,Aug30_0/87-20190824102800-snapshot.jpg
1,0,20190824,103230,86,2,1650,455,1710,541,Aug30_0/87-20190824103230-snapshot.jpg
1,0,20190824,103430,83,2,708,464,788,521,Aug30_0/87-20190824103430-snapshot.jpg
1,0,20190824,103500,85,2,506,591,595,655,Aug30_0/87-20190824103500-snapshot.jpg
1,0,20190824,103630,77,2,243,507,308,581,Aug30_0/87-20190824103630-snapshot.jpg
1,0,20190824,103700,55,2,782,206,837,266,Aug30_0/87-20190824103700-snapshot.jpg
1,0,20190824,104000,82,2,664,317,721,393,Aug30_0/87-20190824104000-snapshot.jpg
1,0,20190824,104030,80,1,1716,91,1760,130,Aug30_0/87-20190824104030-snapshot.jpg
1,0,20190824,104100,81,1,1614,563,1660,602,Aug30_0/87-20190824104100-snapshot.jpg
1,0,20190824,104130,83,1,1607,577,1653,614,Aug30_0/87-20190824104130-snapshot.jpg
1,0,20190824,104200,82,1,1609,575,1654,614,Aug30_0/87-20190824104200-snapshot.jpg
1,0,20190824,104230,82,1,1609,572,1654,613,Aug30_0/87-20190824104230-snapshot.jpg
1,0,20190824,104300,79,1,1600,571,1645,612,Aug30_0/87-20190824104300-snapshot.jpg
1,0,20190824,104330,74,1,1612,563,1661,611,Aug30_0/87-20190824104330-snapshot.jpg
1,0,20190824,104400,83,1,1454,546,1497,585,Aug30_0/87-20190824104400-snapshot.jpg
1,0,20190824,104430,77,1,1472,920,1514,958,Aug30_0/87-20190824104430-snapshot.jpg
1,0,20190824,104430,88,2,688,106,773,190,Aug30_0/87-20190824104430-snapshot.jpg
1,0,20190824,104530,86,2,441,633,525,706,Aug30_0/87-20190824104530-snapshot.jpg
1,0,20190824,104830,75,2,277,516,360,573,Aug30_0/87-20190824104830-snapshot.jpg
1,0,20190824,104830,86,2,1787,267,1857,351,Aug30_0/87-20190824104830-snapshot.jpg
1,0,20190824,105030,80,2,313,938,396,1016,Aug30_0/87-20190824105030-snapshot.jpg
1,0,20190824,105030,88,2,1629,415,1723,467,Aug30_0/87-20190824105030-snapshot.jpg
1,0,20190824,105100,74,2,962,414,1020,485,Aug30_0/87-20190824105100-snapshot.jpg
1,0,20190824,105130,80,2,629,386,712,450,Aug30_0/87-20190824105130-snapshot.jpg
1,0,20190824,105430,84,2,608,689,694,744,Aug30_0/87-20190824105430-snapshot.jpg
1,0,20190824,105530,84,2,974,1012,1059,1080,Aug30_0/87-20190824105530-snapshot.jpg
1,0,20190824,105600,86,2,207,500,307,563,Aug30_0/87-20190824105600-snapshot.jpg
1,0,20190824,105600,87,2,416,795,507,875,Aug30_0/87-20190824105600-snapshot.jpg
1,0,20190824,105830,43,1,437,191,478,227,Aug30_0/87-20190824105830-snapshot.jpg
1,0,20190824,110000,59,7,722,167,943,506,Aug30_0/87-20190824110000-snapshot.jpg
1,0,20190824,110030,81,7,1222,2,1422,91,Aug30_0/87-20190824110030-snapshot.jpg
1,0,20190824,110330,86,2,652,300,720,373,Aug30_0/87-20190824110330-snapshot.jpg
1,0,20190824,110330,87,2,384,687,474,755,Aug30_0/87-20190824110330-snapshot.jpg
1,0,20190824,110400,85,2,949,166,1002,234,Aug30_0/87-20190824110400-snapshot.jpg
1,0,20190824,110400,88,2,781,251,884,311,Aug30_0/87-20190824110400-snapshot.jpg
1,0,20190824,111000,72,2,1226,83,1303,134,Aug30_0/87-20190824111000-snapshot.jpg
1,0,20190824,111000,84,2,698,461,782,522,Aug30_0/87-20190824111000-snapshot.jpg
1,0,20190824,111030,31,1,437,195,478,231,Aug30_0/87-20190824111030-snapshot.jpg
1,0,20190824,111130,84,2,1017,327,1081,406,Aug30_0/87-20190824111130-snapshot.jpg
1,0,20190824,111200,82,2,314,809,397,890,Aug30_0/87-20190824111200-snapshot.jpg
1,0,20190824,111500,85,2,663,430,745,499,Aug30_0/87-20190824111500-snapshot.jpg
1,0,20190824,111600,77,2,780,191,832,248,Aug30_0/87-20190824111600-snapshot.jpg
1,0,20190824,111700,78,8,1529,14,1618,66,Aug30_0/87-20190824111700-snapshot.jpg
1,0,20190824,111700,86,2,737,895,824,1003,Aug30_0/87-20190824111700-snapshot.jpg
1,0,20190824,111730,87,2,1412,705,1466,789,Aug30_0/87-20190824111730-snapshot.jpg
1,0,20190824,111800,84,2,978,90,1036,161,Aug30_0/87-20190824111800-snapshot.jpg
1,0,20190824,111830,86,2,1024,1013,1114,1077,Aug30_0/87-20190824111830-snapshot.jpg
1,0,20190824,111830,87,2,1081,52,1172,131,Aug30_0/87-20190824111830-snapshot.jpg
1,0,20190824,111900,79,2,276,518,341,584,Aug30_0/87-20190824111900-snapshot.jpg
1,0,20190824,111900,87,2,667,296,728,387,Aug30_0/87-20190824111900-snapshot.jpg
1,0,20190824,112000,89,2,1439,737,1525,817,Aug30_0/87-20190824112000-snapshot.jpg
1,0,20190824,112030,68,2,339,814,420,885,Aug30_0/87-20190824112030-snapshot.jpg
1,0,20190824,112030,78,4,535,171,620,240,Aug30_0/87-20190824112030-snapshot.jpg
1,0,20190824,112030,81,2,1241,427,1300,505,Aug30_0/87-20190824112030-snapshot.jpg
1,0,20190824,112030,85,2,1651,303,1713,389,Aug30_0/87-20190824112030-snapshot.jpg
1,0,20190824,112130,90,7,1384,865,1562,1026,Aug30_0/87-20190824112130-snapshot.jpg
1,0,20190824,113030,70,8,1655,268,1708,338,Aug30_0/87-20190824113030-snapshot.jpg
1,0,20190824,113130,87,2,1289,484,1383,536,Aug30_0/87-20190824113130-snapshot.jpg
1,0,20190824,113200,71,2,1277,112,1335,184,Aug30_0/87-20190824113200-snapshot.jpg
1,0,20190824,113230,36,2,826,133,909,186,Aug30_0/87-20190824113230-snapshot.jpg
1,0,20190824,113300,86,2,1229,923,1289,1006,Aug30_0/87-20190824113300-snapshot.jpg
1,0,20190824,114300,50,8,1230,692,1284,754,Aug30_0/87-20190824114300-snapshot.jpg
1,0,20190824,114300,85,8,1749,397,1841,463,Aug30_0/87-20190824114300-snapshot.jpg
1,0,20190824,114330,60,8,1229,689,1283,755,Aug30_0/87-20190824114330-snapshot.jpg
1,0,20190824,114400,59,8,1228,690,1286,750,Aug30_0/87-20190824114400-snapshot.jpg
1,0,20190824,114430,76,8,1227,687,1282,752,Aug30_0/87-20190824114430-snapshot.jpg
1,0,20190824,114500,34,8,1223,690,1287,750,Aug30_0/87-20190824114500-snapshot.jpg
1,0,20190824,114600,62,8,1229,684,1282,756,Aug30_0/87-20190824114600-snapshot.jpg
1,0,20190824,114630,72,8,1229,682,1284,750,Aug30_0/87-20190824114630-snapshot.jpg
1,0,20190824,114700,80,8,1230,684,1284,754,Aug30_0/87-20190824114700-snapshot.jpg
1,0,20190824,114830,30,8,1232,690,1286,751,Aug30_0/87-20190824114830-snapshot.jpg
1,0,20190824,115330,88,4,1273,803,1361,889,Aug30_0/87-20190824115330-snapshot.jpg
1,0,20190824,115400,83,2,656,427,740,505,Aug30_0/87-20190824115400-snapshot.jpg
1,0,20190824,115400,84,2,284,919,380,975,Aug30_0/87-20190824115400-snapshot.jpg
1,0,20190824,115400,89,4,1203,38,1296,118,Aug30_0/87-20190824115400-snapshot.jpg
1,0,20190824,115430,83,2,1377,774,1458,847,Aug30_0/87-20190824115430-snapshot.jpg
1,0,20190824,115430,85,2,691,92,780,154,Aug30_0/87-20190824115430-snapshot.jpg
1,0,20190824,115430,88,2,648,326,734,386,Aug30_0/87-20190824115430-snapshot.jpg
1,0,20190824,115500,87,4,659,77,758,144,Aug30_0/87-20190824115500-snapshot.jpg
1,0,20190824,115600,87,2,924,123,1002,194,Aug30_0/87-20190824115600-snapshot.jpg
1,0,20190824,115730,71,2,146,941,226,1017,Aug30_0/87-20190824115730-snapshot.jpg
1,0,20190824,120130,87,8,1230,595,1307,660,Aug30_0/87-20190824120130-snapshot.jpg
1,0,20190824,120700,89,2,1608,503,1697,564,Aug30_0/87-20190824120700-snapshot.jpg
1,0,20190824,120800,85,2,932,153,1014,202,Aug30_0/87-20190824120800-snapshot.jpg
1,0,20190824,120830,89,2,1224,429,1305,496,Aug30_0/87-20190824120830-snapshot.jpg
1,0,20190824,120900,84,2,776,27,857,86,Aug30_0/87-20190824120900-snapshot.jpg
1,0,20190824,120930,91,2,678,282,774,355,Aug30_0/87-20190824120930-snapshot.jpg
1,0,20190824,121000,79,2,770,187,841,242,Aug30_0/87-20190824121000-snapshot.jpg
1,0,20190824,121000,89,2,256,854,349,935,Aug30_0/87-20190824121000-snapshot.jpg
1,0,20190824,121230,89,3,465,554,574,632,Aug30_0/87-20190824121230-snapshot.jpg
1,0,20190824,121300,86,2,1250,409,1305,482,Aug30_0/87-20190824121300-snapshot.jpg
1,0,20190824,121530,79,2,244,501,312,573,Aug30_0/87-20190824121530-snapshot.jpg
1,0,20190824,121600,82,2,848,100,930,159,Aug30_0/87-20190824121600-snapshot.jpg
1,0,20190824,121630,85,2,1649,432,1741,481,Aug30_0/87-20190824121630-snapshot.jpg
1,0,20190824,121700,87,2,1182,901,1268,974,Aug30_0/87-20190824121700-snapshot.jpg
1,0,20190824,121730,88,2,1390,841,1479,908,Aug30_0/87-20190824121730-snapshot.jpg
1,0,20190824,121800,89,2,612,650,713,716,Aug30_0/87-20190824121800-snapshot.jpg
1,0,20190824,122000,86,2,1501,422,1557,494,Aug30_0/87-20190824122000-snapshot.jpg
1,0,20190824,122030,85,2,977,119,1036,180,Aug30_0/87-20190824122030-snapshot.jpg
1,0,20190824,122030,86,2,1016,324,1090,396,Aug30_0/87-20190824122030-snapshot.jpg
1,0,20190824,122100,84,2,654,386,714,461,Aug30_0/87-20190824122100-snapshot.jpg
1,0,20190824,122130,87,2,861,288,924,379,Aug30_0/87-20190824122130-snapshot.jpg
1,0,20190824,122200,87,2,1705,478,1798,530,Aug30_0/87-20190824122200-snapshot.jpg
1,0,20190824,122400,86,2,981,101,1036,172,Aug30_0/87-20190824122400-snapshot.jpg
1,0,20190824,122630,88,2,418,784,517,865,Aug30_0/87-20190824122630-snapshot.jpg
1,0,20190824,122900,85,2,1518,572,1576,646,Aug30_0/87-20190824122900-snapshot.jpg
1,0,20190824,123200,89,2,1221,81,1307,147,Aug30_0/87-20190824123200-snapshot.jpg
1,0,20190824,123200,90,4,645,330,730,420,Aug30_0/87-20190824123200-snapshot.jpg
1,0,20190824,123230,88,4,1067,630,1164,710,Aug30_0/87-20190824123230-snapshot.jpg
1,0,20190824,123530,83,2,953,25,1024,81,Aug30_0/87-20190824123530-snapshot.jpg
1,0,20190824,123600,87,2,1769,326,1847,381,Aug30_0/87-20190824123600-snapshot.jpg
1,0,20190824,124400,86,2,1467,715,1558,770,Aug30_0/87-20190824124400-snapshot.jpg
1,0,20190824,124530,81,8,20,107,76,168,Aug30_0/87-20190824124530-snapshot.jpg
1,0,20190824,124530,83,2,954,23,1028,82,Aug30_0/87-20190824124530-snapshot.jpg
1,0,20190824,124600,87,2,1172,870,1258,944,Aug30_0/87-20190824124600-snapshot.jpg
1,0,20190824,124900,87,3,637,263,718,361,Aug30_0/87-20190824124900-snapshot.jpg
1,0,20190824,124930,84,2,721,481,789,561,Aug30_0/87-20190824124930-snapshot.jpg
1,0,20190824,125100,88,3,325,885,418,987,Aug30_0/87-20190824125100-snapshot.jpg
1,0,20190824,125130,83,2,1659,393,1735,447,Aug30_0/87-20190824125130-snapshot.jpg
1,0,20190824,125230,84,2,1652,378,1711,439,Aug30_0/87-20190824125230-snapshot.jpg
1,0,20190824,125300,82,2,1280,49,1363,129,Aug30_0/87-20190824125300-snapshot.jpg
1,0,20190824,125330,88,2,612,701,707,760,Aug30_0/87-20190824125330-snapshot.jpg
1,0,20190824,125430,77,1,73,972,110,1002,Aug30_0/87-20190824125430-snapshot.jpg
1,0,20190824,125730,83,2,237,497,305,570,Aug30_0/87-20190824125730-snapshot.jpg
1,0,20190824,125730,85,2,981,83,1034,161,Aug30_0/87-20190824125730-snapshot.jpg
1,0,20190824,125800,87,2,1058,382,1123,464,Aug30_0/87-20190824125800-snapshot.jpg
1,0,20190824,125900,85,2,700,119,781,191,Aug30_0/87-20190824125900-snapshot.jpg
1,0,20190824,125930,82,2,552,919,618,992,Aug30_0/87-20190824125930-snapshot.jpg
1,0,20190824,130000,85,2,216,573,338,669,Aug30_0/87-20190824130000-snapshot.jpg
1,0,20190824,130000,89,2,1620,455,1714,522,Aug30_0/87-20190824130000-snapshot.jpg
1,0,20190824,130130,78,2,720,219,787,275,Aug30_0/87-20190824130130-snapshot.jpg
1,0,20190824,130200,86,2,978,415,1036,495,Aug30_0/87-20190824130200-snapshot.jpg
1,0,20190824,130400,80,2,1635,391,1720,448,Aug30_0/87-20190824130400-snapshot.jpg
1,0,20190824,130400,89,2,955,208,1030,279,Aug30_0/87-20190824130400-snapshot.jpg
1,0,20190824,130430,88,2,537,440,636,508,Aug30_0/87-20190824130430-snapshot.jpg
1,0,20190824,130500,84,2,1207,878,1281,954,Aug30_0/87-20190824130500-snapshot.jpg
1,0,20190824,130500,87,2,265,927,355,999,Aug30_0/87-20190824130500-snapshot.jpg
1,0,20190824,130530,85,2,643,388,716,457,Aug30_0/87-20190824130530-snapshot.jpg
1,0,20190824,130530,88,2,1753,285,1829,361,Aug30_0/87-20190824130530-snapshot.jpg
1,0,20190824,130600,86,2,1747,295,1807,373,Aug30_0/87-20190824130600-snapshot.jpg
1,0,20190824,130600,88,2,879,82,932,159,Aug30_0/87-20190824130600-snapshot.jpg
1,0,20190824,130830,88,2,632,346,719,406,Aug30_0/87-20190824130830-snapshot.jpg
1,0,20190824,130900,49,2,1406,729,1470,783,Aug30_0/87-20190824130900-snapshot.jpg
1,0,20190824,131230,83,2,700,460,779,538,Aug30_0/87-20190824131230-snapshot.jpg
1,0,20190824,131230,90,2,980,340,1069,399,Aug30_0/87-20190824131230-snapshot.jpg
1,0,20190824,131600,86,2,183,919,277,1002,Aug30_0/87-20190824131600-snapshot.jpg
1,0,20190824,131630,87,2,989,192,1054,263,Aug30_0/87-20190824131630-snapshot.jpg
1,0,20190824,131700,86,2,687,76,783,138,Aug30_0/87-20190824131700-snapshot.jpg
1,0,20190824,131730,88,2,1440,729,1539,801,Aug30_0/87-20190824131730-snapshot.jpg
1,0,20190824,131930,78,2,256,501,325,570,Aug30_0/87-20190824131930-snapshot.jpg
1,0,20190824,132000,87,2,1043,967,1123,1053,Aug30_0/87-20190824132000-snapshot.jpg
1,0,20190824,132000,88,2,733,428,833,493,Aug30_0/87-20190824132000-snapshot.jpg
1,0,20190824,132030,87,4,1566,515,1656,584,Aug30_0/87-20190824132030-snapshot.jpg
1,0,20190824,132130,86,2,656,315,720,397,Aug30_0/87-20190824132130-snapshot.jpg
1,0,20190824,132400,88,2,1102,862,1165,955,Aug30_0/87-20190824132400-snapshot.jpg
1,0,20190824,132530,82,2,0,837,72,896,Aug30_0/87-20190824132530-snapshot.jpg
1,0,20190824,132630,86,2,1304,747,1367,831,Aug30_0/87-20190824132630-snapshot.jpg
1,0,20190824,132700,84,2,1618,403,1698,450,Aug30_0/87-20190824132700-snapshot.jpg
1,0,20190824,133100,88,2,1445,33,1570,142,Aug30_0/87-20190824133100-snapshot.jpg
1,0,20190824,133200,82,2,661,86,755,148,Aug30_0/87-20190824133200-snapshot.jpg
1,0,20190824,133230,85,2,917,405,975,484,Aug30_0/87-20190824133230-snapshot.jpg
1,0,20190824,133300,83,2,714,205,791,262,Aug30_0/87-20190824133300-snapshot.jpg
1,0,20190824,133300,85,2,1097,944,1184,996,Aug30_0/87-20190824133300-snapshot.jpg
1,0,20190824,133330,65,2,611,306,687,374,Aug30_0/87-20190824133330-snapshot.jpg
1,0,20190824,133400,86,2,949,189,1032,246,Aug30_0/87-20190824133400-snapshot.jpg
1,0,20190824,133400,87,2,1081,401,1159,472,Aug30_0/87-20190824133400-snapshot.jpg
1,0,20190824,133430,31,2,1035,204,1094,252,Aug30_0/87-20190824133430-snapshot.jpg
1,0,20190824,133430,86,2,486,691,580,744,Aug30_0/87-20190824133430-snapshot.jpg
1,0,20190824,133500,86,2,292,899,360,986,Aug30_0/87-20190824133500-snapshot.jpg
1,0,20190824,133530,86,2,747,256,808,339,Aug30_0/87-20190824133530-snapshot.jpg
1,0,20190824,133600,88,2,1193,73,1277,145,Aug30_0/87-20190824133600-snapshot.jpg
1,0,20190824,133700,85,2,451,531,552,590,Aug30_0/87-20190824133700-snapshot.jpg
1,0,20190824,133900,82,2,905,115,962,198,Aug30_0/87-20190824133900-snapshot.jpg
1,0,20190824,133930,86,2,1411,844,1475,930,Aug30_0/87-20190824133930-snapshot.jpg
1,0,20190824,134030,86,2,1455,369,1513,448,Aug30_0/87-20190824134030-snapshot.jpg
1,0,20190824,134100,86,2,611,177,691,255,Aug30_0/87-20190824134100-snapshot.jpg
1,0,20190824,134130,84,8,650,479,733,554,Aug30_0/87-20190824134130-snapshot.jpg
1,0,20190824,134300,86,2,470,698,571,751,Aug30_0/87-20190824134300-snapshot.jpg
1,0,20190824,134430,64,2,305,470,382,531,Aug30_0/87-20190824134430-snapshot.jpg
1,0,20190824,134500,85,2,1156,76,1231,158,Aug30_0/87-20190824134500-snapshot.jpg
1,0,20190824,134600,82,2,101,520,185,599,Aug30_0/87-20190824134600-snapshot.jpg
1,0,20190824,134700,85,2,1626,320,1699,395,Aug30_0/87-20190824134700-snapshot.jpg
1,0,20190824,134830,87,2,1288,800,1374,877,Aug30_0/87-20190824134830-snapshot.jpg
1,0,20190824,135030,86,2,1487,699,1569,757,Aug30_0/87-20190824135030-snapshot.jpg
1,0,20190824,135100,87,2,954,403,1040,453,Aug30_0/87-20190824135100-snapshot.jpg
1,0,20190824,135130,87,2,1687,442,1751,523,Aug30_0/87-20190824135130-snapshot.jpg
1,0,20190824,135200,87,2,778,23,863,79,Aug30_0/87-20190824135200-snapshot.jpg
1,0,20190824,135230,86,2,1634,310,1715,392,Aug30_0/87-20190824135230-snapshot.jpg
1,0,20190824,135430,82,2,577,470,656,538,Aug30_0/87-20190824135430-snapshot.jpg
1,0,20190824,135600,79,2,950,120,1014,190,Aug30_0/87-20190824135600-snapshot.jpg
1,0,20190824,135600,88,2,1640,306,1725,378,Aug30_0/87-20190824135600-snapshot.jpg
1,0,20190824,135700,88,2,290,910,390,976,Aug30_0/87-20190824135700-snapshot.jpg
1,0,20190824,135900,87,2,709,862,809,920,Aug30_0/87-20190824135900-snapshot.jpg
1,0,20190824,135930,86,2,1358,577,1423,662,Aug30_0/87-20190824135930-snapshot.jpg
1,0,20190824,135930,86,2,896,316,969,400,Aug30_0/87-20190824135930-snapshot.jpg
1,0,20190824,140000,85,2,227,926,311,1001,Aug30_0/87-20190824140000-snapshot.jpg
1,0,20190824,140000,87,2,922,157,981,230,Aug30_0/87-20190824140000-snapshot.jpg
1,0,20190824,140030,82,2,676,85,741,165,Aug30_0/87-20190824140030-snapshot.jpg
1,0,20190824,140030,85,2,911,416,996,486,Aug30_0/87-20190824140030-snapshot.jpg
1,0,20190824,140100,86,2,600,285,688,338,Aug30_0/87-20190824140100-snapshot.jpg
1,0,20190824,140100,90,2,868,73,952,128,Aug30_0/87-20190824140100-snapshot.jpg
1,0,20190824,140130,82,2,1024,1006,1107,1079,Aug30_0/87-20190824140130-snapshot.jpg
1,0,20190824,140130,85,2,1256,867,1337,947,Aug30_0/87-20190824140130-snapshot.jpg
1,0,20190824,140130,87,2,1650,435,1733,504,Aug30_0/87-20190824140130-snapshot.jpg
1,0,20190824,140130,89,2,689,243,784,301,Aug30_0/87-20190824140130-snapshot.jpg
1,0,20190824,140300,69,2,246,490,308,562,Aug30_0/87-20190824140300-snapshot.jpg
1,0,20190824,140300,85,2,567,930,643,1010,Aug30_0/87-20190824140300-snapshot.jpg
1,0,20190824,140300,86,2,1093,620,1181,671,Aug30_0/87-20190824140300-snapshot.jpg
1,0,20190824,140300,88,2,1227,718,1322,786,Aug30_0/87-20190824140300-snapshot.jpg
1,0,20190824,140330,85,2,897,52,955,119,Aug30_0/87-20190824140330-snapshot.jpg
1,0,20190824,140330,86,2,1134,372,1223,427,Aug30_0/87-20190824140330-snapshot.jpg
1,0,20190824,140700,87,2,1225,56,1307,119,Aug30_0/87-20190824140700-snapshot.jpg
1,0,20190824,140800,83,2,447,677,505,765,Aug30_0/87-20190824140800-snapshot.jpg
1,0,20190824,140800,84,2,857,32,933,94,Aug30_0/87-20190824140800-snapshot.jpg
1,0,20190824,140830,41,2,1051,235,1104,287,Aug30_0/87-20190824140830-snapshot.jpg
1,0,20190824,140830,87,2,660,326,752,390,Aug30_0/87-20190824140830-snapshot.jpg
1,0,20190824,140900,51,2,648,699,711,757,Aug30_0/87-20190824140900-snapshot.jpg
1,0,20190824,140900,65,2,278,533,352,594,Aug30_0/87-20190824140900-snapshot.jpg
1,0,20190824,140900,79,2,684,77,762,151,Aug30_0/87-20190824140900-snapshot.jpg
1,0,20190824,140900,86,2,907,390,982,472,Aug30_0/87-20190824140900-snapshot.jpg
1,0,20190824,140930,79,2,1479,455,1553,506,Aug30_0/87-20190824140930-snapshot.jpg
1,0,20190824,140930,85,2,751,196,835,252,Aug30_0/87-20190824140930-snapshot.jpg
1,0,20190824,141000,86,2,1624,297,1681,378,Aug30_0/87-20190824141000-snapshot.jpg
1,0,20190824,141030,87,2,877,432,938,513,Aug30_0/87-20190824141030-snapshot.jpg
1,0,20190824,141130,83,2,1228,411,1301,470,Aug30_0/87-20190824141130-snapshot.jpg
1,0,20190824,141130,83,2,1108,1008,1165,1080,Aug30_0/87-20190824141130-snapshot.jpg
1,0,20190824,141130,90,2,690,240,783,321,Aug30_0/87-20190824141130-snapshot.jpg
1,0,20190824,141230,74,2,1109,21,1198,82,Aug30_0/87-20190824141230-snapshot.jpg
1,0,20190824,141230,86,2,708,805,789,887,Aug30_0/87-20190824141230-snapshot.jpg
1,0,20190824,141230,86,2,1369,878,1457,941,Aug30_0/87-20190824141230-snapshot.jpg
1,0,20190824,141300,86,2,1660,391,1722,463,Aug30_0/87-20190824141300-snapshot.jpg
1,0,20190824,141300,86,2,606,455,670,538,Aug30_0/87-20190824141300-snapshot.jpg
1,0,20190824,141330,86,2,975,162,1048,224,Aug30_0/87-20190824141330-snapshot.jpg
1,0,20190824,141430,91,2,875,259,965,336,Aug30_0/87-20190824141430-snapshot.jpg
1,0,20190824,141500,85,2,881,73,961,120,Aug30_0/87-20190824141500-snapshot.jpg
1,0,20190824,141530,86,2,819,207,897,279,Aug30_0/87-20190824141530-snapshot.jpg
1,0,20190824,141530,86,2,501,931,575,1013,Aug30_0/87-20190824141530-snapshot.jpg
1,0,20190824,141630,81,2,864,322,962,378,Aug30_0/87-20190824141630-snapshot.jpg
1,0,20190824,141630,86,2,742,472,828,533,Aug30_0/87-20190824141630-snapshot.jpg
1,0,20190824,141700,83,2,1541,393,1599,455,Aug30_0/87-20190824141700-snapshot.jpg
1,0,20190824,141700,84,2,902,20,982,69,Aug30_0/87-20190824141700-snapshot.jpg
1,0,20190824,141730,82,2,145,496,227,560,Aug30_0/87-20190824141730-snapshot.jpg
1,0,20190824,141730,86,2,1187,904,1266,981,Aug30_0/87-20190824141730-snapshot.jpg
1,0,20190824,141930,89,2,698,490,778,571,Aug30_0/87-20190824141930-snapshot.jpg
1,0,20190824,142030,73,2,792,557,897,669,Aug30_0/87-20190824142030-snapshot.jpg
1,0,20190824,142030,86,2,665,295,721,374,Aug30_0/87-20190824142030-snapshot.jpg
1,0,20190824,142100,86,2,771,190,838,265,Aug30_0/87-20190824142100-snapshot.jpg
1,0,20190824,142330,50,6,894,270,958,313,Aug30_0/87-20190824142330-snapshot.jpg
1,0,20190824,142330,85,2,466,688,561,743,Aug30_0/87-20190824142330-snapshot.jpg
1,0,20190824,142400,87,2,905,69,977,125,Aug30_0/87-20190824142400-snapshot.jpg
1,0,20190824,142400,88,2,1193,188,1280,260,Aug30_0/87-20190824142400-snapshot.jpg
1,0,20190824,142500,82,2,619,72,683,154,Aug30_0/87-20190824142500-snapshot.jpg
1,0,20190824,142500,85,2,1765,292,1830,369,Aug30_0/87-20190824142500-snapshot.jpg
1,0,20190824,142500,86,2,291,870,379,947,Aug30_0/87-20190824142500-snapshot.jpg
1,0,20190824,142530,85,2,1213,882,1294,962,Aug30_0/87-20190824142530-snapshot.jpg
1,0,20190824,142630,84,2,604,698,667,772,Aug30_0/87-20190824142630-snapshot.jpg
1,0,20190824,142700,84,2,1438,457,1526,499,Aug30_0/87-20190824142700-snapshot.jpg
1,0,20190824,142830,78,2,468,572,529,657,Aug30_0/87-20190824142830-snapshot.jpg
1,0,20190824,142930,76,2,1593,462,1656,538,Aug30_0/87-20190824142930-snapshot.jpg
1,0,20190824,142930,84,2,1000,242,1058,314,Aug30_0/87-20190824142930-snapshot.jpg
1,0,20190824,143000,71,2,1413,719,1482,766,Aug30_0/87-20190824143000-snapshot.jpg
1,0,20190824,143000,87,2,670,272,749,349,Aug30_0/87-20190824143000-snapshot.jpg
1,0,20190824,143100,81,2,511,524,583,597,Aug30_0/87-20190824143100-snapshot.jpg
1,0,20190824,143130,86,2,703,209,786,270,Aug30_0/87-20190824143130-snapshot.jpg
1,0,20190824,143200,86,2,1450,720,1532,791,Aug30_0/87-20190824143200-snapshot.jpg
1,0,20190824,143230,83,2,460,696,553,757,Aug30_0/87-20190824143230-snapshot.jpg
1,0,20190824,143330,78,2,892,30,956,90,Aug30_0/87-20190824143330-snapshot.jpg
1,0,20190824,143400,81,2,1675,148,1760,197,Aug30_0/87-20190824143400-snapshot.jpg
1,0,20190824,143400,84,2,287,873,380,946,Aug30_0/87-20190824143400-snapshot.jpg
1,0,20190824,143430,84,2,1197,886,1265,967,Aug30_0/87-20190824143430-snapshot.jpg
1,0,20190824,143630,42,2,741,8,824,47,Aug30_0/87-20190824143630-snapshot.jpg
1,0,20190824,143630,89,2,866,228,956,307,Aug30_0/87-20190824143630-snapshot.jpg
1,0,20190824,143730,31,2,374,412,457,462,Aug30_0/87-20190824143730-snapshot.jpg
1,0,20190824,143800,84,2,259,917,346,987,Aug30_0/87-20190824143800-snapshot.jpg
1,0,20190824,143800,87,2,716,369,805,429,Aug30_0/87-20190824143800-snapshot.jpg
1,0,20190824,143830,78,2,396,592,461,667,Aug30_0/87-20190824143830-snapshot.jpg
1,0,20190824,143830,81,2,118,1008,208,1064,Aug30_0/87-20190824143830-snapshot.jpg
1,0,20190824,143900,52,2,1186,33,1245,79,Aug30_0/87-20190824143900-snapshot.jpg
1,0,20190824,144030,87,2,192,922,295,996,Aug30_0/87-20190824144030-snapshot.jpg
1,0,20190824,144030,88,2,1208,71,1302,137,Aug30_0/87-20190824144030-snapshot.jpg
1,0,20190824,144100,77,2,744,205,819,255,Aug30_0/87-20190824144100-snapshot.jpg
1,0,20190824,144100,86,2,1332,467,1390,542,Aug30_0/87-20190824144100-snapshot.jpg
1,0,20190824,144200,74,2,626,16,709,90,Aug30_0/87-20190824144200-snapshot.jpg
1,0,20190824,144230,79,2,864,81,941,142,Aug30_0/87-20190824144230-snapshot.jpg
1,0,20190824,144300,88,2,746,367,838,440,Aug30_0/87-20190824144300-snapshot.jpg
1,0,20190824,144400,56,2,1231,61,1300,123,Aug30_0/87-20190824144400-snapshot.jpg
1,0,20190824,144400,83,2,488,530,556,607,Aug30_0/87-20190824144400-snapshot.jpg
1,0,20190824,144430,76,2,254,846,331,910,Aug30_0/87-20190824144430-snapshot.jpg
1,0,20190824,144500,86,2,1598,568,1682,633,Aug30_0/87-20190824144500-snapshot.jpg
1,0,20190824,144530,90,2,1258,434,1344,492,Aug30_0/87-20190824144530-snapshot.jpg
1,0,20190824,144700,35,2,1223,64,1305,131,Aug30_0/87-20190824144700-snapshot.jpg
1,0,20190824,144800,77,2,630,714,702,772,Aug30_0/87-20190824144800-snapshot.jpg
1,0,20190824,144800,83,2,1636,317,1690,382,Aug30_0/87-20190824144800-snapshot.jpg
1,0,20190824,144830,88,2,1423,833,1504,909,Aug30_0/87-20190824144830-snapshot.jpg
1,0,20190824,144900,85,2,1192,29,1285,84,Aug30_0/87-20190824144900-snapshot.jpg
1,0,20190824,144900,86,2,481,600,543,681,Aug30_0/87-20190824144900-snapshot.jpg
1,0,20190824,144930,87,2,1041,1017,1140,1067,Aug30_0/87-20190824144930-snapshot.jpg
1,0,20190824,144930,87,3,639,343,727,435,Aug30_0/87-20190824144930-snapshot.jpg
1,0,20190824,145200,88,2,1381,832,1482,887,Aug30_0/87-20190824145200-snapshot.jpg
1,0,20190824,145230,82,2,238,495,307,568,Aug30_0/87-20190824145230-snapshot.jpg
1,0,20190824,145230,89,2,765,388,845,466,Aug30_0/87-20190824145230-snapshot.jpg
1,0,20190824,145300,89,2,1464,692,1550,757,Aug30_0/87-20190824145300-snapshot.jpg
1,0,20190824,145300,90,2,736,234,834,304,Aug30_0/87-20190824145300-snapshot.jpg
1,0,20190824,145330,83,2,1536,394,1620,453,Aug30_0/87-20190824145330-snapshot.jpg
1,0,20190824,145500,85,2,309,910,392,987,Aug30_0/87-20190824145500-snapshot.jpg
1,0,20190824,145900,86,2,1742,446,1837,498,Aug30_0/87-20190824145900-snapshot.jpg
1,0,20190824,145930,69,2,1365,824,1445,885,Aug30_0/87-20190824145930-snapshot.jpg
1,0,20190824,150000,41,2,11,817,90,879,Aug30_0/87-20190824150000-snapshot.jpg
1,0,20190824,150000,82,2,1204,412,1277,470,Aug30_0/87-20190824150000-snapshot.jpg
1,0,20190824,150100,76,2,255,486,338,537,Aug30_0/87-20190824150100-snapshot.jpg
1,0,20190824,150200,69,2,995,984,1072,1051,Aug30_0/87-20190824150200-snapshot.jpg
1,0,20190824,150230,81,2,1040,272,1120,325,Aug30_0/87-20190824150230-snapshot.jpg
1,0,20190824,150230,82,2,285,542,343,619,Aug30_0/87-20190824150230-snapshot.jpg
1,0,20190824,150300,83,2,1366,841,1460,914,Aug30_0/87-20190824150300-snapshot.jpg
1,0,20190824,150300,86,2,769,212,853,285,Aug30_0/87-20190824150300-snapshot.jpg
1,0,20190824,150330,87,2,729,419,808,503,Aug30_0/87-20190824150330-snapshot.jpg
1,0,20190824,150400,63,2,865,1,955,50,Aug30_0/87-20190824150400-snapshot.jpg
1,0,20190824,150630,63,2,5,861,65,924,Aug30_0/87-20190824150630-snapshot.jpg
1,0,20190824,150700,85,2,1020,33,1077,96,Aug30_0/87-20190824150700-snapshot.jpg
1,0,20190824,150730,85,2,1757,526,1852,577,Aug30_0/87-20190824150730-snapshot.jpg
1,0,20190824,150730,90,2,1021,324,1099,389,Aug30_0/87-20190824150730-snapshot.jpg
1,0,20190824,150800,80,2,931,103,1005,159,Aug30_0/87-20190824150800-snapshot.jpg
1,0,20190824,150800,87,2,1435,433,1517,502,Aug30_0/87-20190824150800-snapshot.jpg
1,0,20190824,150900,88,3,636,280,720,372,Aug30_0/87-20190824150900-snapshot.jpg
1,0,20190824,151000,79,2,770,504,830,575,Aug30_0/87-20190824151000-snapshot.jpg
1,0,20190824,151030,86,2,1024,194,1077,261,Aug30_0/87-20190824151030-snapshot.jpg
1,0,20190824,151030,86,2,470,573,552,637,Aug30_0/87-20190824151030-snapshot.jpg
1,0,20190824,151030,87,2,1484,721,1553,798,Aug30_0/87-20190824151030-snapshot.jpg
1,0,20190824,151130,85,2,1473,420,1529,486,Aug30_0/87-20190824151130-snapshot.jpg
1,0,20190824,151130,87,2,1625,480,1722,550,Aug30_0/87-20190824151130-snapshot.jpg
1,0,20190824,151230,80,2,1200,25,1257,87,Aug30_0/87-20190824151230-snapshot.jpg
1,0,20190824,151230,84,2,269,571,328,663,Aug30_0/87-20190824151230-snapshot.jpg
1,0,20190824,151300,87,2,582,633,673,708,Aug30_0/87-20190824151300-snapshot.jpg
1,0,20190824,151630,87,2,1031,266,1101,335,Aug30_0/87-20190824151630-snapshot.jpg
1,0,20190824,151730,87,2,756,199,845,276,Aug30_0/87-20190824151730-snapshot.jpg
1,0,20190824,151800,81,2,486,546,545,622,Aug30_0/87-20190824151800-snapshot.jpg
1,0,20190824,151830,85,2,960,38,1027,102,Aug30_0/87-20190824151830-snapshot.jpg
1,0,20190824,151900,89,2,994,393,1053,476,Aug30_0/87-20190824151900-snapshot.jpg
1,0,20190824,151930,82,2,574,65,641,136,Aug30_0/87-20190824151930-snapshot.jpg
1,0,20190824,151930,83,2,1418,838,1511,910,Aug30_0/87-20190824151930-snapshot.jpg
1,0,20190824,151930,88,2,219,910,302,994,Aug30_0/87-20190824151930-snapshot.jpg
1,0,20190824,152030,85,2,1456,406,1516,476,Aug30_0/87-20190824152030-snapshot.jpg
1,0,20190824,152130,86,2,1230,73,1294,161,Aug30_0/87-20190824152130-snapshot.jpg
1,0,20190824,152130,86,2,1437,458,1511,525,Aug30_0/87-20190824152130-snapshot.jpg
1,0,20190824,152200,69,2,8,852,71,924,Aug30_0/87-20190824152200-snapshot.jpg
1,0,20190824,152200,75,2,1332,851,1413,912,Aug30_0/87-20190824152200-snapshot.jpg
1,0,20190824,152230,86,2,1459,716,1514,789,Aug30_0/87-20190824152230-snapshot.jpg
1,0,20190824,152300,86,2,1639,344,1708,408,Aug30_0/87-20190824152300-snapshot.jpg
1,0,20190824,152330,86,2,1028,1012,1117,1073,Aug30_0/87-20190824152330-snapshot.jpg
1,0,20190824,152330,87,2,383,949,476,1021,Aug30_0/87-20190824152330-snapshot.jpg
1,0,20190824,152430,87,4,643,654,727,730,Aug30_0/87-20190824152430-snapshot.jpg
1,0,20190824,152500,75,2,551,412,634,473,Aug30_0/87-20190824152500-snapshot.jpg
1,0,20190824,152600,84,2,455,537,518,616,Aug30_0/87-20190824152600-snapshot.jpg
1,0,20190824,152630,64,2,645,21,724,81,Aug30_0/87-20190824152630-snapshot.jpg
1,0,20190824,152700,81,2,1609,520,1672,596,Aug30_0/87-20190824152700-snapshot.jpg
1,0,20190824,152700,87,2,520,920,584,1006,Aug30_0/87-20190824152700-snapshot.jpg
1,0,20190824,152730,85,2,841,44,902,106,Aug30_0/87-20190824152730-snapshot.jpg
1,0,20190824,152830,84,2,1388,858,1475,921,Aug30_0/87-20190824152830-snapshot.jpg
1,0,20190824,152900,80,2,635,704,707,770,Aug30_0/87-20190824152900-snapshot.jpg
1,0,20190824,152900,90,2,779,192,875,267,Aug30_0/87-20190824152900-snapshot.jpg
1,0,20190824,152930,87,2,1265,448,1347,500,Aug30_0/87-20190824152930-snapshot.jpg
1,0,20190824,153000,41,5,1435,410,1499,447,Aug30_0/87-20190824153000-snapshot.jpg
1,0,20190824,153030,85,2,236,851,320,918,Aug30_0/87-20190824153030-snapshot.jpg
1,0,20190824,153130,90,2,525,929,618,1011,Aug30_0/87-20190824153130-snapshot.jpg
1,0,20190824,153200,82,2,300,885,366,967,Aug30_0/87-20190824153200-snapshot.jpg
1,0,20190824,153200,83,2,449,600,512,680,Aug30_0/87-20190824153200-snapshot.jpg
1,0,20190824,153330,77,2,1609,313,1669,374,Aug30_0/87-20190824153330-snapshot.jpg
1,0,20190824,153600,88,2,896,75,983,136,Aug30_0/87-20190824153600-snapshot.jpg
1,0,20190824,153600,89,2,508,908,606,982,Aug30_0/87-20190824153600-snapshot.jpg
1,0,20190824,153630,85,2,1668,168,1761,225,Aug30_0/87-20190824153630-snapshot.jpg
1,0,20190824,153630,86,2,1438,435,1503,506,Aug30_0/87-20190824153630-snapshot.jpg
1,0,20190824,153700,80,2,640,694,727,772,Aug30_0/87-20190824153700-snapshot.jpg
1,0,20190824,153700,87,2,1252,103,1315,185,Aug30_0/87-20190824153700-snapshot.jpg
1,0,20190824,153700,89,2,1012,242,1086,301,Aug30_0/87-20190824153700-snapshot.jpg
1,0,20190824,153730,76,2,310,489,389,545,Aug30_0/87-20190824153730-snapshot.jpg
1,0,20190824,153730,89,2,1178,139,1237,231,Aug30_0/87-20190824153730-snapshot.jpg
1,0,20190824,153830,88,2,1249,4,1330,83,Aug30_0/87-20190824153830-snapshot.jpg
1,0,20190824,153900,85,2,701,64,768,150,Aug30_0/87-20190824153900-snapshot.jpg
1,0,20190824,153930,86,2,1376,828,1441,904,Aug30_0/87-20190824153930-snapshot.jpg
1,0,20190824,154000,66,2,260,460,323,521,Aug30_0/87-20190824154000-snapshot.jpg
1,0,20190824,154000,81,2,1584,825,1666,888,Aug30_0/87-20190824154000-snapshot.jpg
1,0,20190824,154030,85,2,725,121,818,187,Aug30_0/87-20190824154030-snapshot.jpg
1,0,20190824,154100,85,2,1067,369,1149,423,Aug30_0/87-20190824154100-snapshot.jpg
1,0,20190824,154130,82,2,796,56,880,110,Aug30_0/87-20190824154130-snapshot.jpg
1,0,20190824,154130,85,7,532,7,718,172,Aug30_0/87-20190824154130-snapshot.jpg
1,0,20190824,154230,89,2,1395,735,1494,787,Aug30_0/87-20190824154230-snapshot.jpg
1,0,20190824,154300,85,2,924,40,981,102,Aug30_0/87-20190824154300-snapshot.jpg
1,0,20190824,154300,88,2,546,940,640,1007,Aug30_0/87-20190824154300-snapshot.jpg
1,0,20190824,154400,85,2,773,492,836,564,Aug30_0/87-20190824154400-snapshot.jpg
1,0,20190824,154430,88,2,704,197,791,273,Aug30_0/87-20190824154430-snapshot.jpg
1,0,20190824,154500,90,2,1011,219,1090,277,Aug30_0/87-20190824154500-snapshot.jpg
1,0,20190824,154530,86,2,1696,459,1780,522,Aug30_0/87-20190824154530-snapshot.jpg
1,0,20190824,154600,86,2,1337,147,1444,206,Aug30_0/87-20190824154600-snapshot.jpg
1,0,20190824,154630,85,2,1360,788,1432,855,Aug30_0/87-20190824154630-snapshot.jpg
1,0,20190824,154700,87,2,909,317,992,382,Aug30_0/87-20190824154700-snapshot.jpg
1,0,20190824,154730,74,2,572,11,649,86,Aug30_0/87-20190824154730-snapshot.jpg
1,0,20190824,154800,89,2,918,116,993,184,Aug30_0/87-20190824154800-snapshot.jpg
1,0,20190824,154830,80,2,1014,202,1095,248,Aug30_0/87-20190824154830-snapshot.jpg
1,0,20190824,155000,85,2,1440,455,1524,507,Aug30_0/87-20190824155000-snapshot.jpg
1,0,20190824,155000,87,2,1065,999,1125,1079,Aug30_0/87-20190824155000-snapshot.jpg
1,0,20190824,155030,85,2,621,714,711,770,Aug30_0/87-20190824155030-snapshot.jpg
1,0,20190824,155100,85,2,946,25,1015,89,Aug30_0/87-20190824155100-snapshot.jpg
1,0,20190824,155130,88,2,1644,416,1729,484,Aug30_0/87-20190824155130-snapshot.jpg
1,0,20190824,155200,81,2,636,18,717,92,Aug30_0/87-20190824155200-snapshot.jpg
1,0,20190824,155200,85,2,250,839,341,891,Aug30_0/87-20190824155200-snapshot.jpg
1,0,20190824,155230,87,2,1032,567,1128,629,Aug30_0/87-20190824155230-snapshot.jpg
1,0,20190824,155330,57,2,0,864,70,919,Aug30_0/87-20190824155330-snapshot.jpg
1,0,20190824,155330,85,2,1212,881,1302,940,Aug30_0/87-20190824155330-snapshot.jpg
1,0,20190824,155400,87,2,970,201,1032,281,Aug30_0/87-20190824155400-snapshot.jpg
1,0,20190824,155430,85,2,1261,889,1346,968,Aug30_0/87-20190824155430-snapshot.jpg
1,0,20190824,155500,85,2,476,581,539,663,Aug30_0/87-20190824155500-snapshot.jpg
1,0,20190824,155500,87,2,712,245,807,304,Aug30_0/87-20190824155500-snapshot.jpg
1,0,20190824,155600,88,2,1523,808,1626,874,Aug30_0/87-20190824155600-snapshot.jpg
1,0,20190824,155730,82,2,1026,27,1108,95,Aug30_0/87-20190824155730-snapshot.jpg
1,0,20190824,155900,87,2,1064,985,1123,1065,Aug30_0/87-20190824155900-snapshot.jpg
1,0,20190824,155930,81,2,258,492,335,556,Aug30_0/87-20190824155930-snapshot.jpg
1,0,20190824,155930,82,2,1013,198,1066,261,Aug30_0/87-20190824155930-snapshot.jpg
1,0,20190824,160030,83,2,679,99,765,151,Aug30_0/87-20190824160030-snapshot.jpg
1,0,20190824,160130,56,2,797,179,854,239,Aug30_0/87-20190824160130-snapshot.jpg
1,0,20190824,160200,88,2,1006,320,1094,379,Aug30_0/87-20190824160200-snapshot.jpg
1,0,20190824,160200,90,2,1474,733,1566,797,Aug30_0/87-20190824160200-snapshot.jpg
1,0,20190824,160230,86,2,1611,426,1674,506,Aug30_0/87-20190824160230-snapshot.jpg
1,0,20190824,160300,77,2,258,492,333,550,Aug30_0/87-20190824160300-snapshot.jpg
1,0,20190824,160300,86,2,440,784,532,847,Aug30_0/87-20190824160300-snapshot.jpg
1,0,20190824,160300,87,2,898,278,975,348,Aug30_0/87-20190824160300-snapshot.jpg
1,0,20190824,160300,87,2,479,595,539,685,Aug30_0/87-20190824160300-snapshot.jpg
1,0,20190824,160330,81,2,452,516,533,574,Aug30_0/87-20190824160330-snapshot.jpg
1,0,20190824,160330,86,2,333,490,395,570,Aug30_0/87-20190824160330-snapshot.jpg
1,0,20190824,160530,84,2,1442,462,1501,533,Aug30_0/87-20190824160530-snapshot.jpg
1,0,20190824,160600,76,2,1375,808,1432,872,Aug30_0/87-20190824160600-snapshot.jpg
1,0,20190824,160630,82,2,1645,390,1730,445,Aug30_0/87-20190824160630-snapshot.jpg
1,0,20190824,160730,86,2,1023,260,1091,322,Aug30_0/87-20190824160730-snapshot.jpg
1,0,20190824,160800,72,2,879,29,933,85,Aug30_0/87-20190824160800-snapshot.jpg
1,0,20190824,160830,90,2,858,247,952,327,Aug30_0/87-20190824160830-snapshot.jpg
1,0,20190824,160900,84,2,1445,455,1502,527,Aug30_0/87-20190824160900-snapshot.jpg
1,0,20190824,161000,83,2,770,385,864,451,Aug30_0/87-20190824161000-snapshot.jpg
1,0,20190824,161000,85,2,95,608,180,672,Aug30_0/87-20190824161000-snapshot.jpg
1,0,20190824,161030,77,2,0,104,71,178,Aug30_0/87-20190824161030-snapshot.jpg
1,0,20190824,161030,86,2,434,1004,494,1079,Aug30_0/87-20190824161030-snapshot.jpg
1,0,20190824,161100,84,2,789,16,845,91,Aug30_0/87-20190824161100-snapshot.jpg
1,0,20190824,161130,86,2,732,469,810,540,Aug30_0/87-20190824161130-snapshot.jpg
1,0,20190824,161130,86,2,959,131,1015,207,Aug30_0/87-20190824161130-snapshot.jpg
1,0,20190824,161200,85,2,627,333,710,406,Aug30_0/87-20190824161200-snapshot.jpg
1,0,20190824,161200,87,2,1185,57,1285,115,Aug30_0/87-20190824161200-snapshot.jpg
1,0,20190824,161230,83,2,1369,820,1444,898,Aug30_0/87-20190824161230-snapshot.jpg
1,0,20190824,161230,85,2,1069,17,1128,91,Aug30_0/87-20190824161230-snapshot.jpg
1,0,20190824,161300,87,2,886,39,969,93,Aug30_0/87-20190824161300-snapshot.jpg
1,0,20190824,161300,90,2,803,204,907,264,Aug30_0/87-20190824161300-snapshot.jpg
1,0,20190824,161500,87,2,901,78,961,157,Aug30_0/87-20190824161500-snapshot.jpg
1,0,20190824,161530,86,2,966,574,1043,635,Aug30_0/87-20190824161530-snapshot.jpg
1,0,20190824,161600,78,2,1231,844,1292,924,Aug30_0/87-20190824161600-snapshot.jpg
1,0,20190824,161600,82,2,1014,163,1078,226,Aug30_0/87-20190824161600-snapshot.jpg
1,0,20190824,161630,79,2,1412,857,1474,920,Aug30_0/87-20190824161630-snapshot.jpg
1,0,20190824,161700,84,2,405,649,505,711,Aug30_0/87-20190824161700-snapshot.jpg
1,0,20190824,161700,87,2,1133,867,1201,947,Aug30_0/87-20190824161700-snapshot.jpg
1,0,20190824,161730,89,2,991,481,1073,565,Aug30_0/87-20190824161730-snapshot.jpg
1,0,20190824,161800,77,2,3,828,78,881,Aug30_0/87-20190824161800-snapshot.jpg
1,0,20190824,161800,90,2,814,212,903,305,Aug30_0/87-20190824161800-snapshot.jpg
1,0,20190824,161830,87,2,622,628,703,700,Aug30_0/87-20190824161830-snapshot.jpg
1,0,20190824,161900,82,2,1451,716,1506,789,Aug30_0/87-20190824161900-snapshot.jpg
1,0,20190824,161930,87,2,1702,460,1763,544,Aug30_0/87-20190824161930-snapshot.jpg
1,0,20190824,162130,76,2,633,17,711,86,Aug30_0/87-20190824162130-snapshot.jpg
1,0,20190824,162130,83,2,583,431,664,499,Aug30_0/87-20190824162130-snapshot.jpg
1,0,20190824,162200,84,2,1063,1021,1135,1080,Aug30_0/87-20190824162200-snapshot.jpg
1,0,20190824,162200,85,2,1331,498,1411,544,Aug30_0/87-20190824162200-snapshot.jpg
1,0,20190824,162230,67,2,628,30,710,100,Aug30_0/87-20190824162230-snapshot.jpg
1,0,20190824,162230,83,2,922,385,976,459,Aug30_0/87-20190824162230-snapshot.jpg
1,0,20190824,162230,84,2,256,828,343,896,Aug30_0/87-20190824162230-snapshot.jpg
1,0,20190824,162230,87,2,1548,651,1620,734,Aug30_0/87-20190824162230-snapshot.jpg
1,0,20190824,162300,86,2,1671,407,1735,473,Aug30_0/87-20190824162300-snapshot.jpg
1,0,20190824,162300,86,2,597,138,683,216,Aug30_0/87-20190824162300-snapshot.jpg
1,0,20190824,162330,87,2,1024,274,1102,328,Aug30_0/87-20190824162330-snapshot.jpg
1,0,20190824,162400,74,2,1599,520,1679,566,Aug30_0/87-20190824162400-snapshot.jpg
1,0,20190824,162430,84,2,1341,863,1426,924,Aug30_0/87-20190824162430-snapshot.jpg
1,0,20190824,162500,71,6,1738,118,1790,177,Aug30_0/87-20190824162500-snapshot.jpg
1,0,20190824,162500,86,2,289,811,384,879,Aug30_0/87-20190824162500-snapshot.jpg
1,0,20190824,162500,89,2,1631,414,1718,465,Aug30_0/87-20190824162500-snapshot.jpg
1,0,20190824,162630,90,2,662,130,744,200,Aug30_0/87-20190824162630-snapshot.jpg
1,0,20190824,162700,85,2,1027,217,1108,265,Aug30_0/87-20190824162700-snapshot.jpg
1,0,20190824,162800,75,2,228,906,297,966,Aug30_0/87-20190824162800-snapshot.jpg
1,0,20190824,162830,86,2,862,204,928,281,Aug30_0/87-20190824162830-snapshot.jpg
1,0,20190824,163100,73,2,1586,515,1653,595,Aug30_0/87-20190824163100-snapshot.jpg
1,0,20190824,163100,75,2,237,893,295,951,Aug30_0/87-20190824163100-snapshot.jpg
1,0,20190824,163100,76,2,1776,300,1841,364,Aug30_0/87-20190824163100-snapshot.jpg
1,0,20190824,163100,88,2,1134,405,1223,472,Aug30_0/87-20190824163100-snapshot.jpg
1,0,20190824,163130,82,2,764,387,863,451,Aug30_0/87-20190824163130-snapshot.jpg
1,0,20190824,163200,83,2,805,28,863,86,Aug30_0/87-20190824163200-snapshot.jpg
1,0,20190824,163200,85,2,174,903,254,981,Aug30_0/87-20190824163200-snapshot.jpg
1,0,20190824,163200,86,2,890,414,950,496,Aug30_0/87-20190824163200-snapshot.jpg
1,0,20190824,163230,86,2,1710,304,1791,372,Aug30_0/87-20190824163230-snapshot.jpg
1,0,20190824,163300,75,2,419,410,470,463,Aug30_0/87-20190824163300-snapshot.jpg
1,0,20190824,163330,87,2,717,201,802,272,Aug30_0/87-20190824163330-snapshot.jpg
1,0,20190824,163430,73,1,390,386,426,412,Aug30_0/87-20190824163430-snapshot.jpg
1,0,20190824,163530,84,2,312,849,403,908,Aug30_0/87-20190824163530-snapshot.jpg
1,0,20190824,163530,85,2,677,229,758,303,Aug30_0/87-20190824163530-snapshot.jpg
1,0,20190824,163530,87,2,870,410,931,495,Aug30_0/87-20190824163530-snapshot.jpg
1,0,20190824,163530,88,2,1161,25,1255,81,Aug30_0/87-20190824163530-snapshot.jpg
1,0,20190824,163600,83,2,859,41,922,97,Aug30_0/87-20190824163600-snapshot.jpg
1,0,20190824,163600,86,2,1601,547,1694,601,Aug30_0/87-20190824163600-snapshot.jpg
1,0,20190824,163600,88,2,1669,339,1725,420,Aug30_0/87-20190824163600-snapshot.jpg
1,0,20190824,163630,88,2,1650,367,1732,433,Aug30_0/87-20190824163630-snapshot.jpg
1,0,20190824,163700,83,2,344,782,420,854,Aug30_0/87-20190824163700-snapshot.jpg
1,0,20190824,163700,84,2,990,601,1082,655,Aug30_0/87-20190824163700-snapshot.jpg
1,0,20190824,163730,88,2,1236,173,1293,262,Aug30_0/87-20190824163730-snapshot.jpg
1,0,20190824,163800,84,2,851,209,929,289,Aug30_0/87-20190824163800-snapshot.jpg
1,0,20190824,163900,63,2,632,74,689,139,Aug30_0/87-20190824163900-snapshot.jpg
1,0,20190824,163930,81,2,1044,305,1097,375,Aug30_0/87-20190824163930-snapshot.jpg
1,0,20190824,164030,47,2,687,37,755,105,Aug30_0/87-20190824164030-snapshot.jpg
1,0,20190824,164030,70,2,1360,500,1448,555,Aug30_0/87-20190824164030-snapshot.jpg
1,0,20190824,164030,85,2,894,171,981,227,Aug30_0/87-20190824164030-snapshot.jpg
1,0,20190824,164100,84,2,1026,964,1103,1018,Aug30_0/87-20190824164100-snapshot.jpg
1,0,20190824,164100,84,2,284,501,366,552,Aug30_0/87-20190824164100-snapshot.jpg
1,0,20190824,164100,88,2,1041,447,1102,530,Aug30_0/87-20190824164100-snapshot.jpg
1,0,20190824,164130,86,2,519,914,584,998,Aug30_0/87-20190824164130-snapshot.jpg
1,0,20190824,164130,87,2,754,203,849,259,Aug30_0/87-20190824164130-snapshot.jpg
1,0,20190824,164230,85,2,267,843,334,918,Aug30_0/87-20190824164230-snapshot.jpg
1,0,20190824,164330,76,2,1031,316,1085,383,Aug30_0/87-20190824164330-snapshot.jpg
1,0,20190824,164400,88,2,1467,408,1553,464,Aug30_0/87-20190824164400-snapshot.jpg
1,0,20190824,164500,85,2,1660,177,1732,259,Aug30_0/87-20190824164500-snapshot.jpg
1,0,20190824,164500,86,2,1228,48,1312,106,Aug30_0/87-20190824164500-snapshot.jpg
1,0,20190824,164530,79,2,709,468,769,545,Aug30_0/87-20190824164530-snapshot.jpg
1,0,20190824,164530,87,2,846,421,906,514,Aug30_0/87-20190824164530-snapshot.jpg
1,0,20190824,164530,88,2,926,332,981,418,Aug30_0/87-20190824164530-snapshot.jpg
1,0,20190824,164600,87,2,744,288,841,349,Aug30_0/87-20190824164600-snapshot.jpg
1,0,20190824,164600,89,2,483,646,578,710,Aug30_0/87-20190824164600-snapshot.jpg
1,0,20190824,164630,77,2,1003,961,1065,1030,Aug30_0/87-20190824164630-snapshot.jpg
1,0,20190824,164630,90,2,1234,168,1326,229,Aug30_0/87-20190824164630-snapshot.jpg
1,0,20190824,164700,47,2,1366,492,1425,550,Aug30_0/87-20190824164700-snapshot.jpg
1,0,20190824,164700,81,2,319,698,378,772,Aug30_0/87-20190824164700-snapshot.jpg
1,0,20190824,164730,86,2,764,208,853,261,Aug30_0/87-20190824164730-snapshot.jpg
1,0,20190824,164730,87,2,529,895,601,982,Aug30_0/87-20190824164730-snapshot.jpg
1,0,20190824,164800,74,2,1165,0,1233,48,Aug30_0/87-20190824164800-snapshot.jpg
1,0,20190824,164800,83,2,788,5,860,72,Aug30_0/87-20190824164800-snapshot.jpg
1,0,20190824,164930,78,2,1039,35,1115,95,Aug30_0/87-20190824164930-snapshot.jpg
1,0,20190824,164930,85,2,252,837,343,897,Aug30_0/87-20190824164930-snapshot.jpg
1,0,20190824,165030,90,2,83,1007,195,1068,Aug30_0/87-20190824165030-snapshot.jpg
1,0,20190824,165230,80,2,759,3,835,51,Aug30_0/87-20190824165230-snapshot.jpg
1,0,20190824,165300,87,2,1433,429,1523,487,Aug30_0/87-20190824165300-snapshot.jpg
1,0,20190824,165330,83,2,276,498,365,548,Aug30_0/87-20190824165330-snapshot.jpg
1,0,20190824,165330,86,2,935,35,1017,85,Aug30_0/87-20190824165330-snapshot.jpg
1,0,20190824,165400,88,2,1258,720,1343,774,Aug30_0/87-20190824165400-snapshot.jpg
1,0,20190824,165400,88,2,847,220,922,294,Aug30_0/87-20190824165400-snapshot.jpg
1,0,20190824,165430,85,2,1674,364,1755,421,Aug30_0/87-20190824165430-snapshot.jpg
1,0,20190824,165500,75,2,676,5,752,73,Aug30_0/87-20190824165500-snapshot.jpg
1,0,20190824,165500,88,2,1150,886,1232,963,Aug30_0/87-20190824165500-snapshot.jpg
1,0,20190824,165530,76,2,1394,871,1472,943,Aug30_0/87-20190824165530-snapshot.jpg
1,0,20190824,165530,82,2,1049,216,1106,274,Aug30_0/87-20190824165530-snapshot.jpg
1,0,20190824,165530,85,2,905,419,989,487,Aug30_0/87-20190824165530-snapshot.jpg
1,0,20190824,165600,84,2,1678,172,1752,243,Aug30_0/87-20190824165600-snapshot.jpg
1,0,20190824,165600,85,2,901,129,974,193,Aug30_0/87-20190824165600-snapshot.jpg
1,0,20190824,165630,87,2,951,403,1043,454,Aug30_0/87-20190824165630-snapshot.jpg
1,0,20190824,165700,78,2,1151,6,1233,59,Aug30_0/87-20190824165700-snapshot.jpg
1,0,20190824,165730,37,8,346,651,419,696,Aug30_0/87-20190824165730-snapshot.jpg
1,0,20190824,165730,49,2,345,650,419,697,Aug30_0/87-20190824165730-snapshot.jpg
1,0,20190824,165730,86,2,1416,742,1517,795,Aug30_0/87-20190824165730-snapshot.jpg
1,0,20190824,165930,81,2,1361,467,1432,513,Aug30_0/87-20190824165930-snapshot.jpg
1,0,20190824,165930,81,2,1047,236,1097,307,Aug30_0/87-20190824165930-snapshot.jpg
1,0,20190824,170000,86,2,485,526,569,590,Aug30_0/87-20190824170000-snapshot.jpg
1,0,20190824,170030,34,9,1374,830,1460,894,Aug30_0/87-20190824170030-snapshot.jpg
1,0,20190824,170030,75,2,1375,830,1460,894,Aug30_0/87-20190824170030-snapshot.jpg
1,0,20190824,170030,86,2,1641,505,1739,568,Aug30_0/87-20190824170030-snapshot.jpg
1,0,20190824,170130,88,4,1433,694,1512,775,Aug30_0/87-20190824170130-snapshot.jpg
1,0,20190824,170230,83,2,313,493,374,562,Aug30_0/87-20190824170230-snapshot.jpg
1,0,20190824,170230,85,2,503,449,563,524,Aug30_0/87-20190824170230-snapshot.jpg
1,0,20190824,170230,86,2,888,18,960,81,Aug30_0/87-20190824170230-snapshot.jpg
1,0,20190824,170400,87,2,1605,489,1680,557,Aug30_0/87-20190824170400-snapshot.jpg
1,0,20190824,170430,76,2,1358,502,1433,552,Aug30_0/87-20190824170430-snapshot.jpg
1,0,20190824,170500,80,2,311,516,382,583,Aug30_0/87-20190824170500-snapshot.jpg
1,0,20190824,170600,86,2,854,30,934,91,Aug30_0/87-20190824170600-snapshot.jpg
1,0,20190824,170630,84,2,1106,401,1171,471,Aug30_0/87-20190824170630-snapshot.jpg
1,0,20190824,170800,85,2,462,768,550,848,Aug30_0/87-20190824170800-snapshot.jpg
1,0,20190824,170830,63,2,659,413,717,477,Aug30_0/87-20190824170830-snapshot.jpg
1,0,20190824,170830,83,2,940,24,995,86,Aug30_0/87-20190824170830-snapshot.jpg
1,0,20190824,170900,82,2,1478,519,1572,579,Aug30_0/87-20190824170900-snapshot.jpg
1,0,20190824,170900,84,2,1028,230,1111,281,Aug30_0/87-20190824170900-snapshot.jpg
1,0,20190824,170900,89,2,766,207,853,260,Aug30_0/87-20190824170900-snapshot.jpg
1,0,20190824,170930,79,2,1115,1002,1168,1075,Aug30_0/87-20190824170930-snapshot.jpg
1,0,20190824,170930,91,2,719,414,810,479,Aug30_0/87-20190824170930-snapshot.jpg
1,0,20190824,171000,84,2,1024,191,1080,256,Aug30_0/87-20190824171000-snapshot.jpg
1,0,20190824,171030,80,2,476,502,563,560,Aug30_0/87-20190824171030-snapshot.jpg
1,0,20190824,171100,88,2,1600,431,1685,509,Aug30_0/87-20190824171100-snapshot.jpg
1,0,20190824,171230,87,2,1297,87,1386,142,Aug30_0/87-20190824171230-snapshot.jpg
1,0,20190824,171300,83,2,490,497,567,565,Aug30_0/87-20190824171300-snapshot.jpg
1,0,20190824,171400,86,2,872,974,958,1041,Aug30_0/87-20190824171400-snapshot.jpg
1,0,20190824,171430,46,2,1394,727,1460,776,Aug30_0/87-20190824171430-snapshot.jpg
1,0,20190824,171500,82,2,649,39,715,107,Aug30_0/87-20190824171500-snapshot.jpg
1,0,20190824,171500,85,2,969,47,1021,112,Aug30_0/87-20190824171500-snapshot.jpg
1,0,20190824,171500,85,2,1205,910,1262,992,Aug30_0/87-20190824171500-snapshot.jpg
1,0,20190824,171530,75,2,763,194,830,246,Aug30_0/87-20190824171530-snapshot.jpg
1,0,20190824,171530,84,2,1670,415,1748,477,Aug30_0/87-20190824171530-snapshot.jpg
1,0,20190824,171530,85,2,665,249,724,325,Aug30_0/87-20190824171530-snapshot.jpg
1,0,20190824,171530,87,2,640,662,726,725,Aug30_0/87-20190824171530-snapshot.jpg
1,0,20190824,171600,55,2,1666,158,1739,219,Aug30_0/87-20190824171600-snapshot.jpg
1,0,20190824,171730,87,2,487,669,582,730,Aug30_0/87-20190824171730-snapshot.jpg
1,0,20190824,171800,73,2,1325,815,1417,882,Aug30_0/87-20190824171800-snapshot.jpg
1,0,20190824,171800,85,6,1689,440,1750,511,Aug30_0/87-20190824171800-snapshot.jpg
1,0,20190824,171830,82,4,1074,928,1132,1004,Aug30_0/87-20190824171830-snapshot.jpg
1,0,20190824,171830,87,2,758,432,853,493,Aug30_0/87-20190824171830-snapshot.jpg
1,0,20190824,171900,83,4,619,66,719,145,Aug30_0/87-20190824171900-snapshot.jpg
1,0,20190824,171930,88,4,914,100,977,199,Aug30_0/87-20190824171930-snapshot.jpg
1,0,20190824,172000,57,2,528,444,598,493,Aug30_0/87-20190824172000-snapshot.jpg
1,0,20190824,172000,89,2,673,235,763,305,Aug30_0/87-20190824172000-snapshot.jpg
1,0,20190824,172100,87,2,994,631,1074,710,Aug30_0/87-20190824172100-snapshot.jpg
1,0,20190824,172230,86,2,1106,570,1166,650,Aug30_0/87-20190824172230-snapshot.jpg
1,0,20190824,172300,87,2,1132,65,1235,118,Aug30_0/87-20190824172300-snapshot.jpg
1,0,20190824,172330,84,2,744,208,812,264,Aug30_0/87-20190824172330-snapshot.jpg
1,0,20190824,172430,77,2,667,270,728,327,Aug30_0/87-20190824172430-snapshot.jpg
1,0,20190824,172430,87,2,967,405,1055,451,Aug30_0/87-20190824172430-snapshot.jpg
1,0,20190824,172500,85,2,873,122,940,184,Aug30_0/87-20190824172500-snapshot.jpg
1,0,20190824,172530,77,2,544,433,627,489,Aug30_0/87-20190824172530-snapshot.jpg
1,0,20190824,172530,82,2,787,326,844,383,Aug30_0/87-20190824172530-snapshot.jpg
1,0,20190824,172600,81,2,1053,210,1107,274,Aug30_0/87-20190824172600-snapshot.jpg
1,0,20190824,172600,82,2,645,16,723,73,Aug30_0/87-20190824172600-snapshot.jpg
1,0,20190824,172600,86,2,749,39,834,101,Aug30_0/87-20190824172600-snapshot.jpg
1,0,20190824,172630,81,2,1644,390,1720,446,Aug30_0/87-20190824172630-snapshot.jpg
1,0,20190824,172700,87,2,767,456,872,507,Aug30_0/87-20190824172700-snapshot.jpg
1,0,20190824,172730,85,2,657,232,740,298,Aug30_0/87-20190824172730-snapshot.jpg
1,0,20190824,172800,88,2,1647,278,1727,345,Aug30_0/87-20190824172800-snapshot.jpg
1,0,20190824,172830,73,2,1573,391,1640,452,Aug30_0/87-20190824172830-snapshot.jpg
1,0,20190824,172900,85,2,566,405,638,480,Aug30_0/87-20190824172900-snapshot.jpg
1,0,20190824,172900,86,2,652,672,726,740,Aug30_0/87-20190824172900-snapshot.jpg
1,0,20190824,172900,87,2,1164,40,1244,93,Aug30_0/87-20190824172900-snapshot.jpg
1,0,20190824,172930,85,2,737,471,813,534,Aug30_0/87-20190824172930-snapshot.jpg
1,0,20190824,172930,87,2,856,96,948,152,Aug30_0/87-20190824172930-snapshot.jpg
1,0,20190824,173030,88,2,554,787,617,881,Aug30_0/87-20190824173030-snapshot.jpg
1,0,20190824,173030,89,2,856,227,945,310,Aug30_0/87-20190824173030-snapshot.jpg
1,0,20190824,173100,84,2,784,35,850,94,Aug30_0/87-20190824173100-snapshot.jpg
1,0,20190824,173130,84,2,1649,387,1731,441,Aug30_0/87-20190824173130-snapshot.jpg
1,0,20190824,173130,84,2,499,907,585,971,Aug30_0/87-20190824173130-snapshot.jpg
1,0,20190824,173200,86,2,1687,376,1741,444,Aug30_0/87-20190824173200-snapshot.jpg
1,0,20190824,173230,63,9,794,484,880,565,Aug30_0/87-20190824173230-snapshot.jpg
1,0,20190824,173230,83,2,903,58,975,122,Aug30_0/87-20190824173230-snapshot.jpg
1,0,20190824,173230,84,2,1101,32,1182,83,Aug30_0/87-20190824173230-snapshot.jpg
1,0,20190824,173230,87,2,1114,541,1196,613,Aug30_0/87-20190824173230-snapshot.jpg
1,0,20190824,173230,88,2,727,276,815,333,Aug30_0/87-20190824173230-snapshot.jpg
1,0,20190824,173300,85,2,1170,868,1252,932,Aug30_0/87-20190824173300-snapshot.jpg
1,0,20190824,173330,73,2,1401,707,1468,761,Aug30_0/87-20190824173330-snapshot.jpg
1,0,20190824,173330,82,2,1766,342,1825,412,Aug30_0/87-20190824173330-snapshot.jpg
1,0,20190824,173330,85,2,708,87,764,160,Aug30_0/87-20190824173330-snapshot.jpg
1,0,20190824,173400,87,2,275,900,372,961,Aug30_0/87-20190824173400-snapshot.jpg
1,0,20190824,173400,87,2,461,600,521,684,Aug30_0/87-20190824173400-snapshot.jpg
1,0,20190824,173400,87,2,1500,738,1595,795,Aug30_0/87-20190824173400-snapshot.jpg
1,0,20190824,173430,84,2,1018,932,1099,999,Aug30_0/87-20190824173430-snapshot.jpg
1,0,20190824,173500,86,2,1605,484,1682,556,Aug30_0/87-20190824173500-snapshot.jpg
1,0,20190824,173530,79,2,1612,38,1693,88,Aug30_0/87-20190824173530-snapshot.jpg
1,0,20190824,173530,86,2,323,864,396,951,Aug30_0/87-20190824173530-snapshot.jpg
1,0,20190824,173600,76,2,755,3,827,65,Aug30_0/87-20190824173600-snapshot.jpg
1,0,20190824,173630,85,2,237,882,320,939,Aug30_0/87-20190824173630-snapshot.jpg
1,0,20190824,173700,61,2,763,198,815,253,Aug30_0/87-20190824173700-snapshot.jpg
1,0,20190824,173700,89,2,1390,809,1471,884,Aug30_0/87-20190824173700-snapshot.jpg
1,0,20190824,173730,83,2,254,520,329,573,Aug30_0/87-20190824173730-snapshot.jpg
1,0,20190824,173800,85,2,727,897,818,969,Aug30_0/87-20190824173800-snapshot.jpg
1,0,20190824,173800,85,2,752,197,814,270,Aug30_0/87-20190824173800-snapshot.jpg
1,0,20190824,173800,86,2,1232,55,1315,121,Aug30_0/87-20190824173800-snapshot.jpg
1,0,20190824,173830,83,2,471,653,531,736,Aug30_0/87-20190824173830-snapshot.jpg
1,0,20190824,173900,83,2,1767,310,1841,369,Aug30_0/87-20190824173900-snapshot.jpg
1,0,20190824,173900,87,2,703,309,764,398,Aug30_0/87-20190824173900-snapshot.jpg
1,0,20190824,173930,63,2,1029,208,1099,250,Aug30_0/87-20190824173930-snapshot.jpg
1,0,20190824,173930,82,2,1179,876,1272,934,Aug30_0/87-20190824173930-snapshot.jpg
1,0,20190824,173930,82,2,865,39,934,92,Aug30_0/87-20190824173930-snapshot.jpg
1,0,20190824,173930,84,2,645,29,729,86,Aug30_0/87-20190824173930-snapshot.jpg
1,0,20190824,173930,85,2,239,836,326,916,Aug30_0/87-20190824173930-snapshot.jpg
1,0,20190824,174000,81,2,1694,439,1747,497,Aug30_0/87-20190824174000-snapshot.jpg
1,0,20190824,174000,88,2,662,331,745,396,Aug30_0/87-20190824174000-snapshot.jpg
1,0,20190824,174000,88,2,224,893,310,966,Aug30_0/87-20190824174000-snapshot.jpg
1,0,20190824,174000,89,2,986,160,1038,233,Aug30_0/87-20190824174000-snapshot.jpg
1,0,20190824,174030,89,2,880,61,953,117,Aug30_0/87-20190824174030-snapshot.jpg
1,0,20190824,174100,89,2,1356,929,1445,1004,Aug30_0/87-20190824174100-snapshot.jpg
1,0,20190824,174130,88,2,734,226,823,311,Aug30_0/87-20190824174130-snapshot.jpg
1,0,20190824,174230,80,2,1340,445,1394,497,Aug30_0/87-20190824174230-snapshot.jpg
1,0,20190824,174330,87,2,1230,128,1285,221,Aug30_0/87-20190824174330-snapshot.jpg
1,0,20190824,174430,53,2,631,44,701,120,Aug30_0/87-20190824174430-snapshot.jpg
1,0,20190824,174500,85,2,818,453,908,516,Aug30_0/87-20190824174500-snapshot.jpg
1,0,20190824,174500,85,2,1133,160,1222,216,Aug30_0/87-20190824174500-snapshot.jpg
1,0,20190824,174530,87,2,476,578,552,667,Aug30_0/87-20190824174530-snapshot.jpg
1,0,20190824,174630,77,2,717,1,800,39,Aug30_0/87-20190824174630-snapshot.jpg
1,0,20190824,174700,83,2,974,156,1047,205,Aug30_0/87-20190824174700-snapshot.jpg
1,0,20190824,174730,86,2,1207,864,1265,948,Aug30_0/87-20190824174730-snapshot.jpg
1,0,20190824,174800,84,2,653,15,734,69,Aug30_0/87-20190824174800-snapshot.jpg
1,0,20190824,174800,84,2,1644,318,1697,388,Aug30_0/87-20190824174800-snapshot.jpg
1,0,20190824,174830,85,2,855,451,948,512,Aug30_0/87-20190824174830-snapshot.jpg
1,0,20190824,174830,86,2,1154,20,1210,90,Aug30_0/87-20190824174830-snapshot.jpg
1,0,20190824,174900,84,2,830,153,914,207,Aug30_0/87-20190824174900-snapshot.jpg
1,0,20190824,174900,85,2,1601,403,1659,477,Aug30_0/87-20190824174900-snapshot.jpg
1,0,20190824,174930,76,2,1661,174,1743,229,Aug30_0/87-20190824174930-snapshot.jpg
1,0,20190824,174930,84,2,472,522,548,602,Aug30_0/87-20190824174930-snapshot.jpg
1,0,20190824,174930,89,2,844,320,946,381,Aug30_0/87-20190824174930-snapshot.jpg
1,0,20190824,175000,84,2,1588,490,1684,544,Aug30_0/87-20190824175000-snapshot.jpg
1,0,20190824,175030,76,2,640,640,699,696,Aug30_0/87-20190824175030-snapshot.jpg
1,0,20190824,175030,81,2,1541,930,1602,1013,Aug30_0/87-20190824175030-snapshot.jpg
1,0,20190824,175030,86,2,657,302,717,387,Aug30_0/87-20190824175030-snapshot.jpg
1,0,20190824,175100,83,2,1234,894,1319,964,Aug30_0/87-20190824175100-snapshot.jpg
1,0,20190824,175100,87,2,962,45,1035,106,Aug30_0/87-20190824175100-snapshot.jpg
1,0,20190824,175130,85,2,918,113,1004,164,Aug30_0/87-20190824175130-snapshot.jpg
1,0,20190824,175130,86,2,261,878,357,932,Aug30_0/87-20190824175130-snapshot.jpg
1,0,20190824,175130,89,2,906,322,997,382,Aug30_0/87-20190824175130-snapshot.jpg
1,0,20190824,175300,82,2,644,637,698,706,Aug30_0/87-20190824175300-snapshot.jpg
1,0,20190824,175330,34,2,246,868,308,924,Aug30_0/87-20190824175330-snapshot.jpg
1,0,20190824,175400,84,2,952,117,1011,178,Aug30_0/87-20190824175400-snapshot.jpg
1,0,20190824,175400,86,2,98,605,169,689,Aug30_0/87-20190824175400-snapshot.jpg
1,0,20190824,175400,89,2,728,269,817,332,Aug30_0/87-20190824175400-snapshot.jpg
1,0,20190824,175430,88,2,762,212,857,265,Aug30_0/87-20190824175430-snapshot.jpg
1,0,20190824,175500,85,2,858,209,926,289,Aug30_0/87-20190824175500-snapshot.jpg
1,0,20190824,175530,61,2,251,442,325,502,Aug30_0/87-20190824175530-snapshot.jpg
1,0,20190824,175530,86,2,998,324,1053,399,Aug30_0/87-20190824175530-snapshot.jpg
1,0,20190824,175600,84,2,981,952,1043,1025,Aug30_0/87-20190824175600-snapshot.jpg
1,0,20190824,175600,85,2,1588,550,1681,620,Aug30_0/87-20190824175600-snapshot.jpg
1,0,20190824,175630,86,2,654,319,715,400,Aug30_0/87-20190824175630-snapshot.jpg
1,0,20190824,175700,73,2,955,490,1035,553,Aug30_0/87-20190824175700-snapshot.jpg
1,0,20190824,175700,84,2,727,483,815,545,Aug30_0/87-20190824175700-snapshot.jpg
1,0,20190824,175730,87,2,1203,868,1264,960,Aug30_0/87-20190824175730-snapshot.jpg
1,0,20190824,175800,76,2,985,101,1049,157,Aug30_0/87-20190824175800-snapshot.jpg
1,0,20190824,175830,63,2,261,464,333,530,Aug30_0/87-20190824175830-snapshot.jpg
1,0,20190824,175930,85,2,1640,292,1714,365,Aug30_0/87-20190824175930-snapshot.jpg
1,0,20190824,175930,85,2,360,797,421,868,Aug30_0/87-20190824175930-snapshot.jpg
1,0,20190824,180030,71,2,1179,10,1266,63,Aug30_0/87-20190824180030-snapshot.jpg
1,0,20190824,180130,76,2,1571,394,1640,443,Aug30_0/87-20190824180130-snapshot.jpg
1,0,20190824,180130,86,2,1418,714,1487,778,Aug30_0/87-20190824180130-snapshot.jpg
1,0,20190824,180200,75,2,638,33,710,97,Aug30_0/87-20190824180200-snapshot.jpg
1,0,20190824,180200,88,2,888,399,984,463,Aug30_0/87-20190824180200-snapshot.jpg
1,0,20190824,180330,86,2,1455,422,1539,486,Aug30_0/87-20190824180330-snapshot.jpg
1,0,20190824,180330,86,2,753,259,806,336,Aug30_0/87-20190824180330-snapshot.jpg
1,0,20190824,180330,87,2,961,202,1031,278,Aug30_0/87-20190824180330-snapshot.jpg
1,0,20190824,180430,86,2,1211,741,1269,817,Aug30_0/87-20190824180430-snapshot.jpg
1,0,20190824,180500,71,2,615,710,693,765,Aug30_0/87-20190824180500-snapshot.jpg
1,0,20190824,180630,83,2,1602,382,1685,433,Aug30_0/87-20190824180630-snapshot.jpg
1,0,20190824,180700,86,2,1220,402,1307,464,Aug30_0/87-20190824180700-snapshot.jpg
1,0,20190824,180730,82,2,1251,54,1306,125,Aug30_0/87-20190824180730-snapshot.jpg
1,0,20190824,180800,60,2,759,202,836,250,Aug30_0/87-20190824180800-snapshot.jpg
1,0,20190824,180800,84,2,461,306,519,394,Aug30_0/87-20190824180800-snapshot.jpg
1,0,20190824,180800,86,2,1324,120,1415,198,Aug30_0/87-20190824180800-snapshot.jpg
1,0,20190824,180800,89,2,468,599,525,687,Aug30_0/87-20190824180800-snapshot.jpg
1,0,20190824,180830,73,2,1001,199,1060,258,Aug30_0/87-20190824180830-snapshot.jpg
1,0,20190824,180830,80,2,261,836,346,890,Aug30_0/87-20190824180830-snapshot.jpg
1,0,20190824,180830,81,2,0,730,68,795,Aug30_0/87-20190824180830-snapshot.jpg
1,0,20190824,180830,86,2,1453,744,1544,795,Aug30_0/87-20190824180830-snapshot.jpg
1,0,20190824,180830,87,2,881,110,946,188,Aug30_0/87-20190824180830-snapshot.jpg
1,0,20190824,180900,87,2,992,575,1050,651,Aug30_0/87-20190824180900-snapshot.jpg
1,0,20190824,180900,87,2,1619,531,1712,589,Aug30_0/87-20190824180900-snapshot.jpg
1,0,20190824,180930,73,2,808,209,877,263,Aug30_0/87-20190824180930-snapshot.jpg
1,0,20190824,180930,87,3,418,620,507,721,Aug30_0/87-20190824180930-snapshot.jpg
1,0,20190824,180930,88,2,1732,279,1811,353,Aug30_0/87-20190824180930-snapshot.jpg
1,0,20190824,181000,82,2,506,521,567,595,Aug30_0/87-20190824181000-snapshot.jpg
1,0,20190824,181000,88,2,1216,56,1300,127,Aug30_0/87-20190824181000-snapshot.jpg
1,0,20190824,181030,78,2,1391,767,1441,832,Aug30_0/87-20190824181030-snapshot.jpg
1,0,20190824,181030,86,2,1301,778,1357,859,Aug30_0/87-20190824181030-snapshot.jpg
1,0,20190824,181030,87,2,331,843,418,918,Aug30_0/87-20190824181030-snapshot.jpg
1,0,20190824,181030,87,2,948,153,1001,236,Aug30_0/87-20190824181030-snapshot.jpg
1,0,20190824,181100,79,2,1584,494,1675,543,Aug30_0/87-20190824181100-snapshot.jpg
1,0,20190824,181100,83,2,1055,244,1111,313,Aug30_0/87-20190824181100-snapshot.jpg
1,0,20190824,181200,87,2,0,563,98,638,Aug30_0/87-20190824181200-snapshot.jpg
1,0,20190824,181200,91,2,1047,374,1127,449,Aug30_0/87-20190824181200-snapshot.jpg
1,0,20190824,181300,78,2,245,868,332,928,Aug30_0/87-20190824181300-snapshot.jpg
1,0,20190824,181300,80,2,843,51,898,107,Aug30_0/87-20190824181300-snapshot.jpg
1,0,20190824,181330,80,2,1009,165,1063,223,Aug30_0/87-20190824181330-snapshot.jpg
1,0,20190824,181430,88,2,723,393,811,473,Aug30_0/87-20190824181430-snapshot.jpg
1,0,20190824,181500,86,2,1035,90,1098,176,Aug30_0/87-20190824181500-snapshot.jpg
1,0,20190824,181630,81,2,485,650,569,715,Aug30_0/87-20190824181630-snapshot.jpg
1,0,20190824,181730,87,2,1617,393,1703,447,Aug30_0/87-20190824181730-snapshot.jpg
1,0,20190824,181730,87,2,206,907,288,981,Aug30_0/87-20190824181730-snapshot.jpg
1,0,20190824,181830,87,2,1566,566,1659,635,Aug30_0/87-20190824181830-snapshot.jpg
1,0,20190824,181930,90,2,738,274,814,341,Aug30_0/87-20190824181930-snapshot.jpg
1,0,20190824,182000,86,2,749,194,830,253,Aug30_0/87-20190824182000-snapshot.jpg
1,0,20190824,182130,89,2,1016,589,1111,647,Aug30_0/87-20190824182130-snapshot.jpg
1,0,20190824,182200,80,2,767,195,835,252,Aug30_0/87-20190824182200-snapshot.jpg
1,0,20190824,182230,41,2,753,195,808,251,Aug30_0/87-20190824182230-snapshot.jpg
1,0,20190824,182230,80,2,669,12,737,71,Aug30_0/87-20190824182230-snapshot.jpg
1,0,20190824,182230,88,2,805,200,899,260,Aug30_0/87-20190824182230-snapshot.jpg
1,0,20190824,182300,51,2,1355,835,1413,901,Aug30_0/87-20190824182300-snapshot.jpg
1,0,20190824,182300,86,2,188,913,273,992,Aug30_0/87-20190824182300-snapshot.jpg
1,0,20190824,182300,87,2,937,959,1031,1014,Aug30_0/87-20190824182300-snapshot.jpg
1,0,20190824,182330,87,2,680,120,740,200,Aug30_0/87-20190824182330-snapshot.jpg
1,0,20190824,182330,88,2,1386,677,1438,749,Aug30_0/87-20190824182330-snapshot.jpg
1,0,20190824,182500,84,2,1685,460,1771,510,Aug30_0/87-20190824182500-snapshot.jpg
1,0,20190824,182530,84,2,1105,383,1163,455,Aug30_0/87-20190824182530-snapshot.jpg
1,0,20190824,182600,87,2,662,296,723,378,Aug30_0/87-20190824182600-snapshot.jpg
1,0,20190824,182700,87,2,1016,952,1101,1013,Aug30_0/87-20190824182700-snapshot.jpg
1,0,20190824,182700,90,2,814,199,904,264,Aug30_0/87-20190824182700-snapshot.jpg
1,0,20190824,182730,68,2,1026,216,1084,261,Aug30_0/87-20190824182730-snapshot.jpg
1,0,20190824,182730,87,2,1199,723,1253,799,Aug30_0/87-20190824182730-snapshot.jpg
1,0,20190824,183230,77,2,1603,529,1680,606,Aug30_0/87-20190824183230-snapshot.jpg
1,0,20190824,183230,87,2,443,766,526,849,Aug30_0/87-20190824183230-snapshot.jpg
1,0,20190824,183300,79,2,705,476,789,544,Aug30_0/87-20190824183300-snapshot.jpg
1,0,20190824,183330,84,2,721,225,785,299,Aug30_0/87-20190824183330-snapshot.jpg
1,0,20190824,183330,89,7,1147,3,1342,143,Aug30_0/87-20190824183330-snapshot.jpg
1,0,20190824,183400,85,2,1016,334,1090,392,Aug30_0/87-20190824183400-snapshot.jpg
1,0,20190824,183400,88,7,841,3,1021,96,Aug30_0/87-20190824183400-snapshot.jpg
1,0,20190824,183430,31,2,1007,143,1067,195,Aug30_0/87-20190824183430-snapshot.jpg
1,0,20190824,183430,89,7,850,10,1014,194,Aug30_0/87-20190824183430-snapshot.jpg
1,0,20190824,183500,82,7,756,2,931,127,Aug30_0/87-20190824183500-snapshot.jpg
1,0,20190824,183530,83,7,558,4,810,85,Aug30_0/87-20190824183530-snapshot.jpg
1,0,20190824,183600,86,2,648,406,726,477,Aug30_0/87-20190824183600-snapshot.jpg
1,0,20190824,183600,87,7,882,1,1040,140,Aug30_0/87-20190824183600-snapshot.jpg
1,0,20190824,183630,63,2,424,738,491,810,Aug30_0/87-20190824183630-snapshot.jpg
1,0,20190824,183630,91,7,806,0,995,150,Aug30_0/87-20190824183630-snapshot.jpg
1,0,20190824,183700,75,2,1769,285,1828,366,Aug30_0/87-20190824183700-snapshot.jpg
1,0,20190824,183700,88,7,560,6,726,156,Aug30_0/87-20190824183700-snapshot.jpg
1,0,20190824,183730,85,2,323,824,406,900,Aug30_0/87-20190824183730-snapshot.jpg
1,0,20190824,183730,87,2,470,586,555,660,Aug30_0/87-20190824183730-snapshot.jpg
1,0,20190824,183800,46,2,223,899,295,957,Aug30_0/87-20190824183800-snapshot.jpg
1,0,20190824,183800,84,7,828,17,1068,193,Aug30_0/87-20190824183800-snapshot.jpg
1,0,20190824,183800,86,2,989,477,1052,560,Aug30_0/87-20190824183800-snapshot.jpg
1,0,20190824,183800,86,2,696,291,798,351,Aug30_0/87-20190824183800-snapshot.jpg
1,0,20190824,183830,33,7,639,2,797,49,Aug30_0/87-20190824183830-snapshot.jpg
1,0,20190824,183830,86,2,1588,375,1647,450,Aug30_0/87-20190824183830-snapshot.jpg
1,0,20190824,183900,87,7,847,2,1001,111,Aug30_0/87-20190824183900-snapshot.jpg
1,0,20190824,183930,81,4,467,1011,574,1078,Aug30_0/87-20190824183930-snapshot.jpg
1,0,20190824,183930,87,2,1445,686,1517,762,Aug30_0/87-20190824183930-snapshot.jpg
1,0,20190824,184000,88,2,1135,922,1228,980,Aug30_0/87-20190824184000-snapshot.jpg
1,0,20190824,184030,83,2,468,648,560,698,Aug30_0/87-20190824184030-snapshot.jpg
1,0,20190824,184100,73,2,1044,29,1116,95,Aug30_0/87-20190824184100-snapshot.jpg
1,0,20190824,184600,85,2,284,869,381,933,Aug30_0/87-20190824184600-snapshot.jpg
1,0,20190824,184630,80,2,1060,1041,1143,1080,Aug30_0/87-20190824184630-snapshot.jpg
1,0,20190824,184800,84,2,1663,149,1742,227,Aug30_0/87-20190824184800-snapshot.jpg
1,0,20190824,184900,86,2,824,427,925,485,Aug30_0/87-20190824184900-snapshot.jpg
1,0,20190824,184930,77,2,771,9,822,66,Aug30_0/87-20190824184930-snapshot.jpg
1,0,20190824,185000,53,2,948,100,1019,146,Aug30_0/87-20190824185000-snapshot.jpg
1,0,20190824,185030,76,2,762,205,842,252,Aug30_0/87-20190824185030-snapshot.jpg
1,0,20190824,185030,87,2,516,688,574,771,Aug30_0/87-20190824185030-snapshot.jpg
1,0,20190824,185430,79,2,366,578,452,649,Aug30_0/87-20190824185430-snapshot.jpg
1,0,20190824,185730,80,2,687,455,747,510,Aug30_0/87-20190824185730-snapshot.jpg
1,0,20190824,185800,82,2,1260,57,1315,130,Aug30_0/87-20190824185800-snapshot.jpg
1,0,20190824,185830,81,2,1333,654,1402,718,Aug30_0/87-20190824185830-snapshot.jpg
1,0,20190824,185900,82,2,1593,420,1660,487,Aug30_0/87-20190824185900-snapshot.jpg
1,0,20190824,190130,75,2,207,937,306,997,Aug30_0/87-20190824190130-snapshot.jpg
1,0,20190824,190230,85,2,606,706,698,768,Aug30_0/87-20190824190230-snapshot.jpg
1,0,20190824,190230,87,2,1082,1012,1159,1080,Aug30_0/87-20190824190230-snapshot.jpg
1,0,20190824,190400,87,2,1694,105,1759,190,Aug30_0/87-20190824190400-snapshot.jpg
1,0,20190824,190430,84,2,1368,485,1441,554,Aug30_0/87-20190824190430-snapshot.jpg
1,0,20190824,190430,88,2,816,427,891,499,Aug30_0/87-20190824190430-snapshot.jpg
1,0,20190824,190530,80,2,982,97,1037,161,Aug30_0/87-20190824190530-snapshot.jpg
1,0,20190824,190600,87,2,656,663,739,740,Aug30_0/87-20190824190600-snapshot.jpg
1,0,20190824,190700,86,2,461,582,527,671,Aug30_0/87-20190824190700-snapshot.jpg
1,0,20190824,191230,75,2,639,25,704,101,Aug30_0/87-20190824191230-snapshot.jpg
1,0,20190824,191330,89,4,561,442,643,523,Aug30_0/87-20190824191330-snapshot.jpg
1,0,20190824,191400,88,2,1391,818,1475,901,Aug30_0/87-20190824191400-snapshot.jpg
1,0,20190824,191700,85,2,220,903,293,978,Aug30_0/87-20190824191700-snapshot.jpg
1,0,20190824,191730,88,2,1017,262,1086,327,Aug30_0/87-20190824191730-snapshot.jpg
1,0,20190824,191800,85,2,899,130,955,200,Aug30_0/87-20190824191800-snapshot.jpg
1,0,20190824,191800,86,8,362,625,414,698,Aug30_0/87-20190824191800-snapshot.jpg
1,0,20190824,191930,87,2,1435,702,1495,780,Aug30_0/87-20190824191930-snapshot.jpg
1,0,20190824,192030,87,2,1232,143,1289,228,Aug30_0/87-20190824192030-snapshot.jpg
1,0,20190824,192100,88,2,1441,451,1517,521,Aug30_0/87-20190824192100-snapshot.jpg
1,0,20190824,192230,89,2,1006,327,1097,385,Aug30_0/87-20190824192230-snapshot.jpg
1,0,20190824,192330,89,2,740,198,836,265,Aug30_0/87-20190824192330-snapshot.jpg
1,0,20190824,192400,87,2,748,469,839,523,Aug30_0/87-20190824192400-snapshot.jpg
1,0,20190824,192430,75,2,1782,324,1851,382,Aug30_0/87-20190824192430-snapshot.jpg
1,0,20190824,192430,86,2,867,448,956,518,Aug30_0/87-20190824192430-snapshot.jpg
1,0,20190824,192500,86,2,1608,417,1670,495,Aug30_0/87-20190824192500-snapshot.jpg
1,0,20190824,192530,88,2,1360,817,1453,874,Aug30_0/87-20190824192530-snapshot.jpg
1,0,20190824,192630,86,2,464,532,548,609,Aug30_0/87-20190824192630-snapshot.jpg
1,0,20190824,192730,84,2,665,64,757,142,Aug30_0/87-20190824192730-snapshot.jpg
1,0,20190824,192900,77,2,675,460,760,521,Aug30_0/87-20190824192900-snapshot.jpg
1,0,20190824,193030,45,4,414,409,467,459,Aug30_0/87-20190824193030-snapshot.jpg
1,0,20190824,193100,85,2,956,591,1046,652,Aug30_0/87-20190824193100-snapshot.jpg
1,0,20190824,193330,84,2,238,868,332,931,Aug30_0/87-20190824193330-snapshot.jpg
1,0,20190824,194830,79,2,554,419,635,485,Aug30_0/87-20190824194830-snapshot.jpg
1,0,20190824,195130,86,2,1237,57,1327,110,Aug30_0/87-20190824195130-snapshot.jpg
1,0,20190824,195200,89,2,806,464,907,525,Aug30_0/87-20190824195200-snapshot.jpg
1,0,20190824,195230,52,2,777,185,841,238,Aug30_0/87-20190824195230-snapshot.jpg
1,0,20190824,195300,84,2,950,561,1024,639,Aug30_0/87-20190824195300-snapshot.jpg
1,0,20190824,195400,88,2,1677,435,1762,492,Aug30_0/87-20190824195400-snapshot.jpg
1,0,20190824,195500,81,2,1069,22,1161,85,Aug30_0/87-20190824195500-snapshot.jpg
1,0,20190824,195730,85,2,747,0,807,66,Aug30_0/87-20190824195730-snapshot.jpg
1,0,20190824,195800,85,2,1051,204,1106,282,Aug30_0/87-20190824195800-snapshot.jpg
1,0,20190824,195830,89,2,635,683,718,762,Aug30_0/87-20190824195830-snapshot.jpg
1,0,20190824,195900,88,2,302,862,368,967,Aug30_0/87-20190824195900-snapshot.jpg
1,0,20190824,195900,89,4,747,234,838,303,Aug30_0/87-20190824195900-snapshot.jpg
1,0,20190824,200000,86,2,736,490,823,554,Aug30_0/87-20190824200000-snapshot.jpg
1,0,20190824,200030,82,2,1354,847,1437,915,Aug30_0/87-20190824200030-snapshot.jpg
1,0,20190824,200200,88,2,652,723,755,787,Aug30_0/87-20190824200200-snapshot.jpg
1,0,20190824,201000,89,2,472,763,568,844,Aug30_0/87-20190824201000-snapshot.jpg
1,0,20190824,201630,87,2,1698,445,1756,524,Aug30_0/87-20190824201630-snapshot.jpg
1,0,20190824,201730,30,1,439,185,482,226,Aug30_0/87-20190824201730-snapshot.jpg
1,0,20190825,060030,79,8,1419,219,1503,289,Aug30_0/98-20190825060030-snapshot.jpg
