1,0,20190715,120000,75,6,14,806,100,859,Jul25_0/01-20190715120000-snapshot.jpg
1,0,20190715,120630,78,5,0,738,49,787,Jul25_0/01-20190715120630-snapshot.jpg
1,0,20190715,120900,87,1,1005,766,1052,814,Jul25_0/01-20190715120900-snapshot.jpg
1,0,20190715,124430,84,1,1161,766,1213,821,Jul25_0/01-20190715124430-snapshot.jpg
1,0,20190715,125600,86,5,1490,514,1573,574,Jul25_0/01-20190715125600-snapshot.jpg
1,0,20190715,125900,88,3,1358,906,1457,1006,Jul25_0/01-20190715125900-snapshot.jpg
1,0,20190715,130000,84,6,389,366,443,435,Jul25_0/01-20190715130000-snapshot.jpg
1,0,20190715,130930,81,5,1495,965,1553,1028,Jul25_0/01-20190715130930-snapshot.jpg
1,0,20190715,131200,78,5,949,767,1011,822,Jul25_0/01-20190715131200-snapshot.jpg
1,0,20190715,131230,81,5,694,875,762,931,Jul25_0/01-20190715131230-snapshot.jpg
1,0,20190715,131300,83,5,527,1005,580,1065,Jul25_0/01-20190715131300-snapshot.jpg
1,0,20190715,131700,88,3,1404,854,1509,943,Jul25_0/01-20190715131700-snapshot.jpg
1,0,20190715,131800,58,5,1625,833,1680,890,Jul25_0/01-20190715131800-snapshot.jpg
1,0,20190715,131930,68,1,1062,801,1106,845,Jul25_0/01-20190715131930-snapshot.jpg
1,0,20190715,132100,87,1,1112,458,1168,523,Jul25_0/01-20190715132100-snapshot.jpg
1,0,20190715,132130,89,1,953,275,1003,331,Jul25_0/01-20190715132130-snapshot.jpg
1,0,20190715,132300,85,1,897,504,945,550,Jul25_0/01-20190715132300-snapshot.jpg
1,0,20190715,132330,87,1,677,656,721,705,Jul25_0/01-20190715132330-snapshot.jpg
1,0,20190715,132500,87,1,566,657,614,710,Jul25_0/01-20190715132500-snapshot.jpg
1,0,20190715,133000,83,2,255,811,337,896,Jul25_0/01-20190715133000-snapshot.jpg
1,0,20190715,133530,84,1,1417,873,1469,935,Jul25_0/01-20190715133530-snapshot.jpg
1,0,20190715,133600,85,1,1422,726,1480,798,Jul25_0/01-20190715133600-snapshot.jpg
1,0,20190715,133800,80,2,1149,718,1233,811,Jul25_0/01-20190715133800-snapshot.jpg
1,0,20190715,134200,82,1,1508,170,1549,211,Jul25_0/01-20190715134200-snapshot.jpg
1,0,20190715,134230,87,1,1577,248,1626,307,Jul25_0/01-20190715134230-snapshot.jpg
1,0,20190715,134300,45,6,547,822,630,880,Jul25_0/01-20190715134300-snapshot.jpg
1,0,20190715,134330,85,6,985,398,1071,465,Jul25_0/01-20190715134330-snapshot.jpg
1,0,20190715,134400,56,6,503,1041,591,1080,Jul25_0/01-20190715134400-snapshot.jpg
1,0,20190715,135100,66,5,118,438,186,488,Jul25_0/01-20190715135100-snapshot.jpg
1,0,20190715,135400,82,1,447,662,489,705,Jul25_0/01-20190715135400-snapshot.jpg
1,0,20190715,135700,88,1,882,267,932,313,Jul25_0/01-20190715135700-snapshot.jpg
1,0,20190715,135730,85,1,911,321,955,363,Jul25_0/01-20190715135730-snapshot.jpg
1,0,20190715,135800,31,1,1147,348,1197,404,Jul25_0/01-20190715135800-snapshot.jpg
1,0,20190715,135930,87,2,1090,528,1182,636,Jul25_0/01-20190715135930-snapshot.jpg
1,0,20190715,140200,75,1,188,942,232,977,Jul25_0/01-20190715140200-snapshot.jpg
1,0,20190715,140300,83,5,1191,987,1266,1037,Jul25_0/01-20190715140300-snapshot.jpg
1,0,20190715,140330,89,1,1561,448,1610,501,Jul25_0/01-20190715140330-snapshot.jpg
1,0,20190715,140400,87,6,711,613,794,687,Jul25_0/01-20190715140400-snapshot.jpg
1,0,20190715,140430,85,6,330,838,417,916,Jul25_0/01-20190715140430-snapshot.jpg
1,0,20190715,140530,81,5,301,688,373,747,Jul25_0/01-20190715140530-snapshot.jpg
1,0,20190715,140600,82,5,934,260,989,325,Jul25_0/01-20190715140600-snapshot.jpg
1,0,20190715,140630,61,5,1511,909,1570,966,Jul25_0/01-20190715140630-snapshot.jpg
1,0,20190715,140630,79,5,0,887,35,941,Jul25_0/01-20190715140630-snapshot.jpg
1,0,20190715,140900,64,5,798,201,872,258,Jul25_0/01-20190715140900-snapshot.jpg
1,0,20190715,140930,83,5,729,373,782,436,Jul25_0/01-20190715140930-snapshot.jpg
1,0,20190715,141000,45,5,516,129,568,188,Jul25_0/01-20190715141000-snapshot.jpg
1,0,20190715,141200,81,5,138,555,214,622,Jul25_0/01-20190715141200-snapshot.jpg
1,0,20190715,141400,57,5,53,364,125,411,Jul25_0/01-20190715141400-snapshot.jpg
1,0,20190715,141430,28,5,633,281,711,331,Jul25_0/01-20190715141430-snapshot.jpg
1,0,20190715,141930,83,5,1525,442,1611,497,Jul25_0/01-20190715141930-snapshot.jpg
1,0,20190715,142030,86,1,737,76,785,120,Jul25_0/01-20190715142030-snapshot.jpg
1,0,20190715,142100,76,5,735,276,786,335,Jul25_0/01-20190715142100-snapshot.jpg
1,0,20190715,142300,80,5,1526,955,1594,1015,Jul25_0/01-20190715142300-snapshot.jpg
1,0,20190715,142330,43,5,349,966,409,1012,Jul25_0/01-20190715142330-snapshot.jpg
1,0,20190715,142430,82,5,1130,1028,1205,1080,Jul25_0/01-20190715142430-snapshot.jpg
1,0,20190715,142530,74,5,1123,25,1196,71,Jul25_0/01-20190715142530-snapshot.jpg
1,0,20190715,142830,86,1,226,561,273,604,Jul25_0/01-20190715142830-snapshot.jpg
1,0,20190715,143130,74,5,350,955,413,1000,Jul25_0/01-20190715143130-snapshot.jpg
1,0,20190715,143200,79,5,736,450,797,493,Jul25_0/01-20190715143200-snapshot.jpg
1,0,20190715,143300,87,5,683,254,759,305,Jul25_0/01-20190715143300-snapshot.jpg
1,0,20190715,143330,83,5,772,354,819,409,Jul25_0/01-20190715143330-snapshot.jpg
1,0,20190715,143400,83,1,815,808,860,853,Jul25_0/01-20190715143400-snapshot.jpg
1,0,20190715,143900,81,5,357,744,409,804,Jul25_0/01-20190715143900-snapshot.jpg
1,0,20190715,144030,77,5,1607,821,1662,886,Jul25_0/01-20190715144030-snapshot.jpg
1,0,20190715,144300,81,5,1241,35,1322,83,Jul25_0/01-20190715144300-snapshot.jpg
1,0,20190715,144300,86,2,295,917,392,982,Jul25_0/01-20190715144300-snapshot.jpg
1,0,20190715,144530,63,5,203,976,268,1019,Jul25_0/01-20190715144530-snapshot.jpg
1,0,20190715,144900,81,5,1559,768,1637,825,Jul25_0/01-20190715144900-snapshot.jpg
1,0,20190715,145200,84,5,1174,116,1230,189,Jul25_0/01-20190715145200-snapshot.jpg
1,0,20190715,145430,77,5,1878,99,1920,151,Jul25_0/01-20190715145430-snapshot.jpg
1,0,20190715,145530,86,2,1248,986,1328,1078,Jul25_0/01-20190715145530-snapshot.jpg
1,0,20190715,145730,77,5,0,946,58,999,Jul25_0/01-20190715145730-snapshot.jpg
1,0,20190715,150200,88,3,1115,674,1236,772,Jul25_0/01-20190715150200-snapshot.jpg
1,0,20190715,150300,59,5,0,821,53,879,Jul25_0/01-20190715150300-snapshot.jpg
1,0,20190715,150430,77,5,1562,558,1625,618,Jul25_0/01-20190715150430-snapshot.jpg
1,0,20190715,150500,74,5,162,154,241,212,Jul25_0/01-20190715150500-snapshot.jpg
1,0,20190715,150600,81,5,335,690,392,751,Jul25_0/01-20190715150600-snapshot.jpg
1,0,20190715,151100,78,5,1239,645,1296,716,Jul25_0/01-20190715151100-snapshot.jpg
1,0,20190715,151130,85,2,118,449,211,536,Jul25_0/01-20190715151130-snapshot.jpg
1,0,20190715,151200,87,2,962,399,1050,499,Jul25_0/01-20190715151200-snapshot.jpg
1,0,20190715,151200,88,3,1363,816,1482,908,Jul25_0/01-20190715151200-snapshot.jpg
1,0,20190715,151330,84,6,1495,62,1590,134,Jul25_0/01-20190715151330-snapshot.jpg
1,0,20190715,151500,76,5,704,442,761,507,Jul25_0/01-20190715151500-snapshot.jpg
1,0,20190715,151800,80,5,1208,516,1260,565,Jul25_0/01-20190715151800-snapshot.jpg
1,0,20190715,151830,82,5,1285,462,1354,530,Jul25_0/01-20190715151830-snapshot.jpg
1,0,20190715,152300,70,5,191,963,243,1016,Jul25_0/01-20190715152300-snapshot.jpg
1,0,20190715,152400,70,5,1585,747,1641,808,Jul25_0/01-20190715152400-snapshot.jpg
1,0,20190715,152830,88,2,88,392,187,461,Jul25_0/01-20190715152830-snapshot.jpg
1,0,20190715,154000,80,5,107,338,178,392,Jul25_0/01-20190715154000-snapshot.jpg
1,0,20190715,154300,89,3,1617,832,1729,910,Jul25_0/01-20190715154300-snapshot.jpg
1,0,20190715,154930,77,3,1723,1030,1803,1080,Jul25_0/01-20190715154930-snapshot.jpg
1,0,20190715,155400,82,5,125,193,183,266,Jul25_0/01-20190715155400-snapshot.jpg
1,0,20190715,155500,34,5,102,70,143,129,Jul25_0/01-20190715155500-snapshot.jpg
1,0,20190715,155500,86,4,840,686,943,776,Jul25_0/01-20190715155500-snapshot.jpg
1,0,20190715,155600,89,2,88,330,178,410,Jul25_0/01-20190715155600-snapshot.jpg
1,0,20190715,160500,88,3,1112,907,1218,984,Jul25_0/01-20190715160500-snapshot.jpg
1,0,20190715,162030,78,5,957,299,1033,359,Jul25_0/01-20190715162030-snapshot.jpg
1,0,20190715,162100,80,5,1027,301,1081,379,Jul25_0/01-20190715162100-snapshot.jpg
1,0,20190715,162130,66,5,1245,103,1298,171,Jul25_0/01-20190715162130-snapshot.jpg
1,0,20190715,162200,72,6,1472,488,1531,570,Jul25_0/01-20190715162200-snapshot.jpg
1,0,20190715,162230,80,5,1621,815,1677,886,Jul25_0/01-20190715162230-snapshot.jpg
1,0,20190715,162430,54,5,1507,902,1564,971,Jul25_0/01-20190715162430-snapshot.jpg
1,0,20190715,162500,59,6,1430,913,1486,987,Jul25_0/01-20190715162500-snapshot.jpg
1,0,20190715,162530,73,5,1741,876,1799,945,Jul25_0/01-20190715162530-snapshot.jpg
1,0,20190715,164630,84,5,1014,109,1091,164,Jul25_0/01-20190715164630-snapshot.jpg
1,0,20190715,165300,66,6,0,565,45,634,Jul25_0/01-20190715165300-snapshot.jpg
1,0,20190715,165400,75,5,207,995,270,1037,Jul25_0/01-20190715165400-snapshot.jpg
1,0,20190715,165600,75,5,259,738,314,784,Jul25_0/01-20190715165600-snapshot.jpg
1,0,20190715,165630,83,5,1505,915,1559,980,Jul25_0/01-20190715165630-snapshot.jpg
1,0,20190715,165930,82,5,86,100,139,154,Jul25_0/01-20190715165930-snapshot.jpg
1,0,20190715,170200,82,5,198,952,248,1009,Jul25_0/01-20190715170200-snapshot.jpg
1,0,20190715,172000,76,5,327,838,384,905,Jul25_0/01-20190715172000-snapshot.jpg
1,0,20190715,172030,71,5,701,336,752,400,Jul25_0/01-20190715172030-snapshot.jpg
1,0,20190715,172330,85,5,939,249,997,313,Jul25_0/01-20190715172330-snapshot.jpg
1,0,20190715,172400,81,5,305,621,363,666,Jul25_0/01-20190715172400-snapshot.jpg
1,0,20190715,172730,70,1,952,324,1000,379,Jul25_0/01-20190715172730-snapshot.jpg
1,0,20190715,172800,87,1,933,409,979,464,Jul25_0/01-20190715172800-snapshot.jpg
1,0,20190715,173230,84,1,1258,444,1310,493,Jul25_0/01-20190715173230-snapshot.jpg
1,0,20190715,173300,84,6,815,299,895,357,Jul25_0/01-20190715173300-snapshot.jpg
1,0,20190715,173400,83,5,284,827,339,892,Jul25_0/01-20190715173400-snapshot.jpg
1,0,20190715,173430,69,6,1775,905,1858,969,Jul25_0/01-20190715173430-snapshot.jpg
1,0,20190715,173430,83,5,359,880,415,942,Jul25_0/01-20190715173430-snapshot.jpg
1,0,20190715,173630,86,1,958,547,1005,595,Jul25_0/01-20190715173630-snapshot.jpg
1,0,20190715,174000,88,4,305,825,407,917,Jul25_0/01-20190715174000-snapshot.jpg
1,0,20190715,175100,74,4,1635,846,1719,925,Jul25_0/01-20190715175100-snapshot.jpg
1,0,20190715,175300,88,4,1271,846,1369,937,Jul25_0/01-20190715175300-snapshot.jpg
1,0,20190715,180230,43,5,1780,101,1840,177,Jul25_0/01-20190715180230-snapshot.jpg
1,0,20190715,180330,44,5,1781,101,1840,177,Jul25_0/01-20190715180330-snapshot.jpg
1,0,20190715,181730,78,1,1248,553,1289,585,Jul25_0/01-20190715181730-snapshot.jpg
1,0,20190715,182930,37,5,1787,101,1846,185,Jul25_0/01-20190715182930-snapshot.jpg
1,0,20190715,183000,32,5,36,436,95,500,Jul25_0/01-20190715183000-snapshot.jpg
1,0,20190715,183030,58,5,1789,102,1845,184,Jul25_0/01-20190715183030-snapshot.jpg
1,0,20190715,183100,59,5,1790,101,1848,185,Jul25_0/01-20190715183100-snapshot.jpg
1,0,20190715,183130,42,5,1781,102,1840,184,Jul25_0/01-20190715183130-snapshot.jpg
1,0,20190715,183500,37,5,1788,103,1845,190,Jul25_0/01-20190715183500-snapshot.jpg
1,0,20190715,183600,48,5,1779,103,1837,187,Jul25_0/01-20190715183600-snapshot.jpg
1,0,20190715,183800,84,2,783,1012,876,1079,Jul25_0/01-20190715183800-snapshot.jpg
1,0,20190715,184600,45,3,1646,877,1734,940,Jul25_0/01-20190715184600-snapshot.jpg
1,0,20190715,185000,83,5,722,343,776,405,Jul25_0/01-20190715185000-snapshot.jpg
1,0,20190715,185030,44,6,262,808,336,863,Jul25_0/01-20190715185030-snapshot.jpg
1,0,20190715,190100,33,6,388,472,446,517,Jul25_0/01-20190715190100-snapshot.jpg
1,0,20190715,190130,80,8,1193,955,1254,1025,Jul25_0/01-20190715190130-snapshot.jpg
1,0,20190715,190200,56,5,131,402,195,458,Jul25_0/01-20190715190200-snapshot.jpg
1,0,20190715,192400,38,5,1743,528,1808,582,Jul25_0/01-20190715192400-snapshot.jpg
1,0,20190715,192400,79,6,852,1033,924,1078,Jul25_0/01-20190715192400-snapshot.jpg
1,0,20190715,192430,47,6,569,1028,653,1079,Jul25_0/01-20190715192430-snapshot.jpg
1,0,20190715,192430,84,8,1325,861,1425,976,Jul25_0/01-20190715192430-snapshot.jpg
1,0,20190715,192530,63,6,286,719,350,770,Jul25_0/01-20190715192530-snapshot.jpg
1,0,20190715,192600,81,6,0,473,67,533,Jul25_0/01-20190715192600-snapshot.jpg
1,0,20190715,192730,48,6,342,162,419,224,Jul25_0/01-20190715192730-snapshot.jpg
1,0,20190715,192830,81,6,460,437,514,504,Jul25_0/01-20190715192830-snapshot.jpg
1,0,20190715,193400,81,4,1142,693,1240,777,Jul25_0/01-20190715193400-snapshot.jpg
1,0,20190715,193430,77,5,1631,42,1684,105,Jul25_0/01-20190715193430-snapshot.jpg
1,0,20190715,193830,88,4,1383,759,1471,865,Jul25_0/01-20190715193830-snapshot.jpg
1,0,20190715,193900,86,4,1385,799,1483,905,Jul25_0/01-20190715193900-snapshot.jpg
1,0,20190715,201000,37,5,1351,986,1407,1038,Jul25_0/01-20190715201000-snapshot.jpg
1,0,20190715,201030,82,5,708,986,781,1032,Jul25_0/01-20190715201030-snapshot.jpg
1,0,20190715,201500,81,6,762,227,840,290,Jul25_0/01-20190715201500-snapshot.jpg
1,0,20190715,201530,85,5,790,277,841,347,Jul25_0/01-20190715201530-snapshot.jpg
1,0,20190715,201600,83,5,740,349,790,414,Jul25_0/01-20190715201600-snapshot.jpg
1,0,20190715,201630,84,5,797,755,850,819,Jul25_0/01-20190715201630-snapshot.jpg
1,0,20190715,201700,80,5,37,443,103,508,Jul25_0/01-20190715201700-snapshot.jpg
1,0,20190715,204430,67,8,420,114,510,167,Jul25_0/01-20190715204430-snapshot.jpg
1,0,20190718,065730,81,8,1221,554,1317,614,Jul25_0/118-20190718065730-snapshot.jpg
1,0,20190716,043930,84,1,531,630,584,679,Jul25_0/13-20190716043930-snapshot.jpg
1,0,20190716,044000,79,1,520,566,570,610,Jul25_0/13-20190716044000-snapshot.jpg
1,0,20190716,044100,83,1,482,564,539,618,Jul25_0/13-20190716044100-snapshot.jpg
1,0,20190716,044130,81,1,453,514,501,564,Jul25_0/13-20190716044130-snapshot.jpg
1,0,20190716,044200,79,1,473,531,524,579,Jul25_0/13-20190716044200-snapshot.jpg
1,0,20190716,044530,84,1,401,1033,450,1075,Jul25_0/13-20190716044530-snapshot.jpg
1,0,20190716,044730,83,1,493,1045,537,1080,Jul25_0/13-20190716044730-snapshot.jpg
1,0,20190716,044900,84,1,525,902,572,945,Jul25_0/13-20190716044900-snapshot.jpg
1,0,20190716,045500,76,1,331,1051,380,1079,Jul25_0/13-20190716045500-snapshot.jpg
1,0,20190716,045800,88,1,393,1024,445,1073,Jul25_0/13-20190716045800-snapshot.jpg
1,0,20190716,045830,85,1,402,1046,448,1080,Jul25_0/13-20190716045830-snapshot.jpg
1,0,20190716,045930,89,1,389,1018,439,1070,Jul25_0/13-20190716045930-snapshot.jpg
1,0,20190716,050000,87,1,384,944,431,989,Jul25_0/13-20190716050000-snapshot.jpg
1,0,20190716,050130,76,1,396,937,439,978,Jul25_0/13-20190716050130-snapshot.jpg
1,0,20190716,050300,30,1,435,977,482,1026,Jul25_0/13-20190716050300-snapshot.jpg
1,0,20190716,050430,74,1,441,888,487,925,Jul25_0/13-20190716050430-snapshot.jpg
1,0,20190716,050500,82,1,442,929,487,971,Jul25_0/13-20190716050500-snapshot.jpg
1,0,20190716,050730,89,1,414,1004,470,1064,Jul25_0/13-20190716050730-snapshot.jpg
1,0,20190716,050800,88,1,391,967,445,1026,Jul25_0/13-20190716050800-snapshot.jpg
1,0,20190716,051030,89,1,439,984,494,1044,Jul25_0/13-20190716051030-snapshot.jpg
1,0,20190716,051100,90,1,423,999,479,1058,Jul25_0/13-20190716051100-snapshot.jpg
1,0,20190716,051130,88,1,450,996,501,1050,Jul25_0/13-20190716051130-snapshot.jpg
1,0,20190716,051200,86,1,487,1034,535,1080,Jul25_0/13-20190716051200-snapshot.jpg
1,0,20190716,051300,67,1,419,1054,467,1080,Jul25_0/13-20190716051300-snapshot.jpg
1,0,20190716,054200,88,1,454,870,504,921,Jul25_0/13-20190716054200-snapshot.jpg
1,0,20190716,054230,85,1,438,925,484,974,Jul25_0/13-20190716054230-snapshot.jpg
1,0,20190716,054300,86,1,462,917,514,975,Jul25_0/13-20190716054300-snapshot.jpg
1,0,20190716,055500,87,1,445,1014,493,1061,Jul25_0/13-20190716055500-snapshot.jpg
1,0,20190716,055530,88,1,415,995,468,1052,Jul25_0/13-20190716055530-snapshot.jpg
1,0,20190716,055600,87,1,416,937,465,987,Jul25_0/13-20190716055600-snapshot.jpg
1,0,20190716,055800,70,1,444,943,489,986,Jul25_0/13-20190716055800-snapshot.jpg
1,0,20190718,090100,88,3,1316,837,1403,933,Jul25_0/130-20190718090100-snapshot.jpg
1,0,20190718,094930,72,4,1676,1018,1764,1077,Jul25_0/130-20190718094930-snapshot.jpg
1,0,20190718,102100,90,3,1369,770,1471,874,Jul25_0/130-20190718102100-snapshot.jpg
1,0,20190718,102130,83,2,1306,862,1420,960,Jul25_0/130-20190718102130-snapshot.jpg
1,0,20190718,102930,83,5,1387,90,1464,164,Jul25_0/130-20190718102930-snapshot.jpg
1,0,20190718,103000,81,3,1695,1007,1788,1079,Jul25_0/130-20190718103000-snapshot.jpg
1,0,20190718,103630,82,8,26,742,112,814,Jul25_0/130-20190718103630-snapshot.jpg
1,0,20190718,103800,65,5,1805,374,1860,439,Jul25_0/130-20190718103800-snapshot.jpg
1,0,20190718,111700,29,1,844,244,892,290,Jul25_0/130-20190718111700-snapshot.jpg
1,0,20190718,112500,85,3,1689,1000,1773,1064,Jul25_0/130-20190718112500-snapshot.jpg
1,0,20190718,113100,87,3,1141,603,1226,723,Jul25_0/130-20190718113100-snapshot.jpg
1,0,20190718,114830,78,5,75,109,130,166,Jul25_0/130-20190718114830-snapshot.jpg
1,0,20190718,120530,88,3,1134,672,1238,781,Jul25_0/130-20190718120530-snapshot.jpg
1,0,20190718,122930,26,6,1838,420,1920,488,Jul25_0/130-20190718122930-snapshot.jpg
1,0,20190718,130400,68,8,0,1008,45,1067,Jul25_0/130-20190718130400-snapshot.jpg
1,0,20190718,132300,53,5,913,737,959,784,Jul25_0/130-20190718132300-snapshot.jpg
1,0,20190718,133300,89,3,1312,794,1429,877,Jul25_0/130-20190718133300-snapshot.jpg
1,0,20190718,133830,61,5,1611,47,1663,105,Jul25_0/130-20190718133830-snapshot.jpg
1,0,20190718,135100,83,5,365,166,428,239,Jul25_0/130-20190718135100-snapshot.jpg
1,0,20190718,135300,90,3,1347,847,1448,963,Jul25_0/130-20190718135300-snapshot.jpg
1,0,20190718,135500,89,4,902,314,1009,415,Jul25_0/130-20190718135500-snapshot.jpg
1,0,20190718,142000,88,4,1494,48,1604,161,Jul25_0/130-20190718142000-snapshot.jpg
1,0,20190718,143200,86,3,1708,94,1800,197,Jul25_0/130-20190718143200-snapshot.jpg
1,0,20190718,144130,80,5,1497,738,1572,801,Jul25_0/130-20190718144130-snapshot.jpg
1,0,20190718,151100,88,3,1103,656,1209,737,Jul25_0/130-20190718151100-snapshot.jpg
1,0,20190718,151300,87,3,1374,862,1485,957,Jul25_0/130-20190718151300-snapshot.jpg
1,0,20190718,153430,40,5,677,789,738,834,Jul25_0/130-20190718153430-snapshot.jpg
1,0,20190718,153800,87,3,1495,819,1586,906,Jul25_0/130-20190718153800-snapshot.jpg
1,0,20190718,155830,87,2,575,1002,669,1078,Jul25_0/130-20190718155830-snapshot.jpg
1,0,20190718,160700,88,4,1368,735,1482,828,Jul25_0/130-20190718160700-snapshot.jpg
1,0,20190718,161100,86,2,37,953,131,1019,Jul25_0/130-20190718161100-snapshot.jpg
1,0,20190718,162730,87,3,1346,853,1463,943,Jul25_0/130-20190718162730-snapshot.jpg
1,0,20190718,163500,88,3,1083,628,1194,739,Jul25_0/130-20190718163500-snapshot.jpg
1,0,20190718,164300,86,3,1352,861,1447,946,Jul25_0/130-20190718164300-snapshot.jpg
1,0,20190718,165030,79,2,586,1030,677,1080,Jul25_0/130-20190718165030-snapshot.jpg
1,0,20190718,172030,86,4,1215,164,1334,281,Jul25_0/130-20190718172030-snapshot.jpg
1,0,20190718,174200,84,3,212,132,299,225,Jul25_0/130-20190718174200-snapshot.jpg
1,0,20190718,175430,88,3,1399,728,1501,833,Jul25_0/130-20190718175430-snapshot.jpg
1,0,20190718,180430,87,4,1455,760,1536,846,Jul25_0/130-20190718180430-snapshot.jpg
1,0,20190718,181000,85,2,291,832,376,930,Jul25_0/130-20190718181000-snapshot.jpg
1,0,20190718,182000,88,4,1432,841,1538,921,Jul25_0/130-20190718182000-snapshot.jpg
1,0,20190718,182530,89,3,1421,722,1502,825,Jul25_0/130-20190718182530-snapshot.jpg
1,0,20190718,204600,87,4,1391,859,1495,947,Jul25_0/131-20190718204600-snapshot.jpg
1,0,20190716,100100,83,1,1216,806,1264,855,Jul25_0/16-20190716100100-snapshot.jpg
1,0,20190716,100130,82,1,1216,1003,1264,1047,Jul25_0/16-20190716100130-snapshot.jpg
1,0,20190716,100500,68,1,858,403,907,452,Jul25_0/16-20190716100500-snapshot.jpg
1,0,20190716,100530,89,1,850,277,899,326,Jul25_0/16-20190716100530-snapshot.jpg
1,0,20190716,100600,88,1,850,273,901,325,Jul25_0/16-20190716100600-snapshot.jpg
1,0,20190716,100630,88,1,850,273,901,325,Jul25_0/16-20190716100630-snapshot.jpg
1,0,20190716,100700,72,1,1064,580,1111,627,Jul25_0/16-20190716100700-snapshot.jpg
1,0,20190716,100700,88,1,851,274,900,325,Jul25_0/16-20190716100700-snapshot.jpg
1,0,20190716,100730,87,1,851,275,900,325,Jul25_0/16-20190716100730-snapshot.jpg
1,0,20190716,100800,87,1,850,275,899,325,Jul25_0/16-20190716100800-snapshot.jpg
1,0,20190716,100830,87,1,851,276,898,324,Jul25_0/16-20190716100830-snapshot.jpg
1,0,20190716,100900,88,1,852,277,897,323,Jul25_0/16-20190716100900-snapshot.jpg
1,0,20190716,100930,89,1,852,278,896,323,Jul25_0/16-20190716100930-snapshot.jpg
1,0,20190716,101000,87,1,853,278,896,323,Jul25_0/16-20190716101000-snapshot.jpg
1,0,20190716,101030,87,1,852,279,897,323,Jul25_0/16-20190716101030-snapshot.jpg
1,0,20190716,101100,83,6,755,291,845,350,Jul25_0/16-20190716101100-snapshot.jpg
1,0,20190716,101100,84,1,853,279,898,322,Jul25_0/16-20190716101100-snapshot.jpg
1,0,20190716,101130,87,1,853,279,897,323,Jul25_0/16-20190716101130-snapshot.jpg
1,0,20190716,101200,86,1,853,279,898,323,Jul25_0/16-20190716101200-snapshot.jpg
1,0,20190716,101230,88,1,852,279,897,323,Jul25_0/16-20190716101230-snapshot.jpg
1,0,20190716,101300,87,1,853,279,898,324,Jul25_0/16-20190716101300-snapshot.jpg
1,0,20190716,101330,87,1,853,280,898,323,Jul25_0/16-20190716101330-snapshot.jpg
1,0,20190716,101400,88,1,853,280,898,324,Jul25_0/16-20190716101400-snapshot.jpg
1,0,20190716,101430,87,1,852,279,898,324,Jul25_0/16-20190716101430-snapshot.jpg
1,0,20190716,101500,88,1,853,280,898,324,Jul25_0/16-20190716101500-snapshot.jpg
1,0,20190716,101530,87,1,851,278,899,325,Jul25_0/16-20190716101530-snapshot.jpg
1,0,20190716,101600,87,1,852,278,899,325,Jul25_0/16-20190716101600-snapshot.jpg
1,0,20190716,101630,88,1,852,279,898,324,Jul25_0/16-20190716101630-snapshot.jpg
1,0,20190716,101700,89,1,852,279,897,324,Jul25_0/16-20190716101700-snapshot.jpg
1,0,20190716,101730,89,1,851,278,898,325,Jul25_0/16-20190716101730-snapshot.jpg
1,0,20190716,101800,89,1,852,279,897,324,Jul25_0/16-20190716101800-snapshot.jpg
1,0,20190716,101830,90,1,852,279,897,325,Jul25_0/16-20190716101830-snapshot.jpg
1,0,20190716,101900,89,1,852,279,897,324,Jul25_0/16-20190716101900-snapshot.jpg
1,0,20190716,101930,88,1,852,279,899,324,Jul25_0/16-20190716101930-snapshot.jpg
1,0,20190716,102000,88,1,852,278,899,325,Jul25_0/16-20190716102000-snapshot.jpg
1,0,20190716,102030,87,1,852,276,900,324,Jul25_0/16-20190716102030-snapshot.jpg
1,0,20190716,102100,88,1,852,277,901,325,Jul25_0/16-20190716102100-snapshot.jpg
1,0,20190716,102130,88,1,852,277,901,325,Jul25_0/16-20190716102130-snapshot.jpg
1,0,20190716,102200,87,1,851,276,901,325,Jul25_0/16-20190716102200-snapshot.jpg
1,0,20190716,102230,88,1,852,276,901,325,Jul25_0/16-20190716102230-snapshot.jpg
1,0,20190716,102300,88,1,851,276,901,325,Jul25_0/16-20190716102300-snapshot.jpg
1,0,20190716,102330,89,1,850,276,900,327,Jul25_0/16-20190716102330-snapshot.jpg
1,0,20190716,102400,90,1,850,278,899,326,Jul25_0/16-20190716102400-snapshot.jpg
1,0,20190716,102430,90,1,849,278,900,327,Jul25_0/16-20190716102430-snapshot.jpg
1,0,20190716,102500,89,1,849,278,900,326,Jul25_0/16-20190716102500-snapshot.jpg
1,0,20190716,102530,90,1,850,278,899,327,Jul25_0/16-20190716102530-snapshot.jpg
1,0,20190716,102600,89,1,852,279,898,325,Jul25_0/16-20190716102600-snapshot.jpg
1,0,20190716,102630,90,1,850,278,900,327,Jul25_0/16-20190716102630-snapshot.jpg
1,0,20190716,102700,90,1,850,279,899,326,Jul25_0/16-20190716102700-snapshot.jpg
1,0,20190716,102730,90,1,851,280,899,326,Jul25_0/16-20190716102730-snapshot.jpg
1,0,20190716,102800,90,1,851,280,898,326,Jul25_0/16-20190716102800-snapshot.jpg
1,0,20190716,102830,90,1,851,280,899,327,Jul25_0/16-20190716102830-snapshot.jpg
1,0,20190716,102900,90,1,850,280,898,327,Jul25_0/16-20190716102900-snapshot.jpg
1,0,20190716,102930,90,1,850,278,899,327,Jul25_0/16-20190716102930-snapshot.jpg
1,0,20190716,103000,90,1,850,278,900,327,Jul25_0/16-20190716103000-snapshot.jpg
1,0,20190716,103030,89,1,850,278,900,326,Jul25_0/16-20190716103030-snapshot.jpg
1,0,20190716,103100,90,1,850,278,899,327,Jul25_0/16-20190716103100-snapshot.jpg
1,0,20190716,103130,90,1,850,278,899,326,Jul25_0/16-20190716103130-snapshot.jpg
1,0,20190716,103200,90,1,851,279,899,326,Jul25_0/16-20190716103200-snapshot.jpg
1,0,20190716,103230,90,1,850,278,899,326,Jul25_0/16-20190716103230-snapshot.jpg
1,0,20190716,103300,90,1,850,279,899,326,Jul25_0/16-20190716103300-snapshot.jpg
1,0,20190716,103330,90,1,849,278,900,327,Jul25_0/16-20190716103330-snapshot.jpg
1,0,20190716,103400,89,1,849,277,900,327,Jul25_0/16-20190716103400-snapshot.jpg
1,0,20190716,103430,89,1,848,276,901,327,Jul25_0/16-20190716103430-snapshot.jpg
1,0,20190716,103500,88,1,847,275,901,328,Jul25_0/16-20190716103500-snapshot.jpg
1,0,20190716,103530,88,1,846,274,902,328,Jul25_0/16-20190716103530-snapshot.jpg
1,0,20190716,103600,88,1,845,274,901,328,Jul25_0/16-20190716103600-snapshot.jpg
1,0,20190716,103630,88,1,845,273,903,329,Jul25_0/16-20190716103630-snapshot.jpg
1,0,20190716,103700,88,1,845,273,902,329,Jul25_0/16-20190716103700-snapshot.jpg
1,0,20190716,103730,88,1,845,273,903,330,Jul25_0/16-20190716103730-snapshot.jpg
1,0,20190716,103800,88,1,846,272,903,329,Jul25_0/16-20190716103800-snapshot.jpg
1,0,20190716,103830,88,1,845,273,903,329,Jul25_0/16-20190716103830-snapshot.jpg
1,0,20190716,103900,88,1,845,273,903,330,Jul25_0/16-20190716103900-snapshot.jpg
1,0,20190716,103930,88,1,846,274,902,329,Jul25_0/16-20190716103930-snapshot.jpg
1,0,20190716,104000,88,1,844,273,902,329,Jul25_0/16-20190716104000-snapshot.jpg
1,0,20190716,104030,88,1,845,273,902,328,Jul25_0/16-20190716104030-snapshot.jpg
1,0,20190716,104100,88,1,845,273,902,328,Jul25_0/16-20190716104100-snapshot.jpg
1,0,20190716,104130,88,1,845,272,903,328,Jul25_0/16-20190716104130-snapshot.jpg
1,0,20190716,104200,88,1,845,272,902,328,Jul25_0/16-20190716104200-snapshot.jpg
1,0,20190716,104230,88,1,845,272,902,328,Jul25_0/16-20190716104230-snapshot.jpg
1,0,20190716,104300,88,1,845,273,902,328,Jul25_0/16-20190716104300-snapshot.jpg
1,0,20190716,104330,88,1,846,272,902,327,Jul25_0/16-20190716104330-snapshot.jpg
1,0,20190716,104400,88,1,845,273,902,328,Jul25_0/16-20190716104400-snapshot.jpg
1,0,20190716,104430,88,1,845,272,903,328,Jul25_0/16-20190716104430-snapshot.jpg
1,0,20190716,104500,88,1,844,272,903,329,Jul25_0/16-20190716104500-snapshot.jpg
1,0,20190716,104530,88,1,845,272,903,328,Jul25_0/16-20190716104530-snapshot.jpg
1,0,20190716,104600,88,1,845,272,903,328,Jul25_0/16-20190716104600-snapshot.jpg
1,0,20190716,104630,88,1,845,272,903,328,Jul25_0/16-20190716104630-snapshot.jpg
1,0,20190716,104700,88,1,845,272,902,328,Jul25_0/16-20190716104700-snapshot.jpg
1,0,20190716,104730,88,1,845,273,903,329,Jul25_0/16-20190716104730-snapshot.jpg
1,0,20190716,104800,88,1,846,272,902,327,Jul25_0/16-20190716104800-snapshot.jpg
1,0,20190716,104830,88,1,845,272,902,328,Jul25_0/16-20190716104830-snapshot.jpg
1,0,20190716,104900,88,1,845,272,903,328,Jul25_0/16-20190716104900-snapshot.jpg
1,0,20190716,104930,88,1,845,272,903,328,Jul25_0/16-20190716104930-snapshot.jpg
1,0,20190716,105000,88,1,844,272,902,328,Jul25_0/16-20190716105000-snapshot.jpg
1,0,20190716,105030,88,1,844,272,903,328,Jul25_0/16-20190716105030-snapshot.jpg
1,0,20190716,105100,88,1,844,272,903,328,Jul25_0/16-20190716105100-snapshot.jpg
1,0,20190716,105130,87,1,845,271,902,327,Jul25_0/16-20190716105130-snapshot.jpg
1,0,20190716,105200,88,1,845,272,903,328,Jul25_0/16-20190716105200-snapshot.jpg
1,0,20190716,105230,88,1,845,272,903,328,Jul25_0/16-20190716105230-snapshot.jpg
1,0,20190716,105300,88,1,844,271,903,328,Jul25_0/16-20190716105300-snapshot.jpg
1,0,20190716,105330,88,1,844,272,903,329,Jul25_0/16-20190716105330-snapshot.jpg
1,0,20190716,105400,88,1,845,272,903,328,Jul25_0/16-20190716105400-snapshot.jpg
1,0,20190716,105430,88,1,845,272,903,329,Jul25_0/16-20190716105430-snapshot.jpg
1,0,20190716,105500,88,1,845,272,903,329,Jul25_0/16-20190716105500-snapshot.jpg
1,0,20190716,105530,90,1,852,280,899,325,Jul25_0/16-20190716105530-snapshot.jpg
1,0,20190716,105600,90,1,853,282,899,324,Jul25_0/16-20190716105600-snapshot.jpg
1,0,20190716,105630,90,1,852,282,900,324,Jul25_0/16-20190716105630-snapshot.jpg
1,0,20190716,105700,90,1,852,282,900,324,Jul25_0/16-20190716105700-snapshot.jpg
1,0,20190716,105730,90,1,852,282,900,325,Jul25_0/16-20190716105730-snapshot.jpg
1,0,20190716,105800,90,1,852,282,900,325,Jul25_0/16-20190716105800-snapshot.jpg
1,0,20190716,105830,90,1,852,282,900,325,Jul25_0/16-20190716105830-snapshot.jpg
1,0,20190716,105900,90,1,852,282,900,325,Jul25_0/16-20190716105900-snapshot.jpg
1,0,20190716,105930,91,1,852,282,900,325,Jul25_0/16-20190716105930-snapshot.jpg
1,0,20190716,110000,90,1,852,282,900,324,Jul25_0/16-20190716110000-snapshot.jpg
1,0,20190716,110030,90,1,852,282,900,324,Jul25_0/16-20190716110030-snapshot.jpg
1,0,20190716,110100,90,1,852,282,900,324,Jul25_0/16-20190716110100-snapshot.jpg
1,0,20190716,110130,89,1,853,282,900,322,Jul25_0/16-20190716110130-snapshot.jpg
1,0,20190716,110200,90,1,852,282,900,324,Jul25_0/16-20190716110200-snapshot.jpg
1,0,20190716,110230,90,1,852,282,900,325,Jul25_0/16-20190716110230-snapshot.jpg
1,0,20190716,110300,90,1,852,282,900,324,Jul25_0/16-20190716110300-snapshot.jpg
1,0,20190716,110330,90,1,852,282,900,324,Jul25_0/16-20190716110330-snapshot.jpg
1,0,20190716,110400,80,1,1178,797,1226,845,Jul25_0/16-20190716110400-snapshot.jpg
1,0,20190716,110400,90,1,852,282,900,324,Jul25_0/16-20190716110400-snapshot.jpg
1,0,20190716,110430,90,1,852,282,900,324,Jul25_0/16-20190716110430-snapshot.jpg
1,0,20190716,110500,90,1,852,282,900,324,Jul25_0/16-20190716110500-snapshot.jpg
1,0,20190716,110530,90,1,853,282,899,323,Jul25_0/16-20190716110530-snapshot.jpg
1,0,20190716,110600,90,1,852,282,900,324,Jul25_0/16-20190716110600-snapshot.jpg
1,0,20190716,110630,90,1,852,282,900,325,Jul25_0/16-20190716110630-snapshot.jpg
1,0,20190716,110700,90,1,852,282,900,325,Jul25_0/16-20190716110700-snapshot.jpg
1,0,20190716,110730,90,1,852,282,899,325,Jul25_0/16-20190716110730-snapshot.jpg
1,0,20190716,110800,90,1,852,282,900,325,Jul25_0/16-20190716110800-snapshot.jpg
1,0,20190716,110830,90,1,852,282,900,325,Jul25_0/16-20190716110830-snapshot.jpg
1,0,20190716,110900,91,1,852,282,900,325,Jul25_0/16-20190716110900-snapshot.jpg
1,0,20190716,110930,91,1,851,282,900,325,Jul25_0/16-20190716110930-snapshot.jpg
1,0,20190716,111000,91,1,852,283,900,325,Jul25_0/16-20190716111000-snapshot.jpg
1,0,20190716,111030,90,1,851,282,900,325,Jul25_0/16-20190716111030-snapshot.jpg
1,0,20190716,111100,91,1,852,282,900,325,Jul25_0/16-20190716111100-snapshot.jpg
1,0,20190716,111130,90,1,851,282,899,325,Jul25_0/16-20190716111130-snapshot.jpg
1,0,20190716,111200,90,1,851,283,899,325,Jul25_0/16-20190716111200-snapshot.jpg
1,0,20190716,111230,90,1,851,283,899,325,Jul25_0/16-20190716111230-snapshot.jpg
1,0,20190716,111300,90,1,851,283,899,325,Jul25_0/16-20190716111300-snapshot.jpg
1,0,20190716,111330,90,1,851,283,899,325,Jul25_0/16-20190716111330-snapshot.jpg
1,0,20190716,111400,90,1,852,283,899,324,Jul25_0/16-20190716111400-snapshot.jpg
1,0,20190716,111430,90,1,851,283,899,325,Jul25_0/16-20190716111430-snapshot.jpg
1,0,20190716,111500,91,1,851,283,899,325,Jul25_0/16-20190716111500-snapshot.jpg
1,0,20190716,111530,90,1,853,282,899,323,Jul25_0/16-20190716111530-snapshot.jpg
1,0,20190716,111600,90,1,851,282,899,324,Jul25_0/16-20190716111600-snapshot.jpg
1,0,20190716,111630,91,1,851,283,899,324,Jul25_0/16-20190716111630-snapshot.jpg
1,0,20190716,111700,90,1,851,283,899,324,Jul25_0/16-20190716111700-snapshot.jpg
1,0,20190716,111730,90,1,851,282,899,325,Jul25_0/16-20190716111730-snapshot.jpg
1,0,20190716,111800,90,1,852,282,899,324,Jul25_0/16-20190716111800-snapshot.jpg
1,0,20190716,111830,90,1,852,282,899,324,Jul25_0/16-20190716111830-snapshot.jpg
1,0,20190716,111900,90,1,851,283,899,324,Jul25_0/16-20190716111900-snapshot.jpg
1,0,20190716,112030,86,1,833,223,896,286,Jul25_0/16-20190716112030-snapshot.jpg
1,0,20190716,112100,88,1,835,224,895,284,Jul25_0/16-20190716112100-snapshot.jpg
1,0,20190716,112130,86,1,834,224,895,285,Jul25_0/16-20190716112130-snapshot.jpg
1,0,20190716,112200,87,1,834,224,895,286,Jul25_0/16-20190716112200-snapshot.jpg
1,0,20190716,112230,83,1,834,223,896,286,Jul25_0/16-20190716112230-snapshot.jpg
1,0,20190716,112300,85,1,833,223,895,286,Jul25_0/16-20190716112300-snapshot.jpg
1,0,20190716,112330,86,1,834,223,895,285,Jul25_0/16-20190716112330-snapshot.jpg
1,0,20190716,112400,86,1,834,224,895,285,Jul25_0/16-20190716112400-snapshot.jpg
1,0,20190716,112430,85,1,834,223,896,285,Jul25_0/16-20190716112430-snapshot.jpg
1,0,20190716,112500,84,1,833,223,896,286,Jul25_0/16-20190716112500-snapshot.jpg
1,0,20190716,112530,85,1,834,223,895,285,Jul25_0/16-20190716112530-snapshot.jpg
1,0,20190716,112600,84,1,833,223,896,285,Jul25_0/16-20190716112600-snapshot.jpg
1,0,20190716,112630,86,1,833,223,897,286,Jul25_0/16-20190716112630-snapshot.jpg
1,0,20190716,112700,86,1,833,223,896,285,Jul25_0/16-20190716112700-snapshot.jpg
1,0,20190716,112730,85,1,833,223,896,286,Jul25_0/16-20190716112730-snapshot.jpg
1,0,20190716,112800,85,1,833,223,895,285,Jul25_0/16-20190716112800-snapshot.jpg
1,0,20190716,112830,87,1,833,223,896,286,Jul25_0/16-20190716112830-snapshot.jpg
1,0,20190716,112900,85,1,833,224,895,286,Jul25_0/16-20190716112900-snapshot.jpg
1,0,20190716,112930,85,1,834,224,895,285,Jul25_0/16-20190716112930-snapshot.jpg
1,0,20190716,113000,87,1,834,224,896,285,Jul25_0/16-20190716113000-snapshot.jpg
1,0,20190716,113030,85,1,833,223,896,286,Jul25_0/16-20190716113030-snapshot.jpg
1,0,20190716,113100,85,1,833,223,896,285,Jul25_0/16-20190716113100-snapshot.jpg
1,0,20190716,113130,86,1,833,223,896,286,Jul25_0/16-20190716113130-snapshot.jpg
1,0,20190716,113200,87,1,834,224,896,285,Jul25_0/16-20190716113200-snapshot.jpg
1,0,20190716,113230,85,1,833,223,897,286,Jul25_0/16-20190716113230-snapshot.jpg
1,0,20190716,113300,86,1,833,223,896,286,Jul25_0/16-20190716113300-snapshot.jpg
1,0,20190716,113330,86,1,833,223,896,286,Jul25_0/16-20190716113330-snapshot.jpg
1,0,20190716,113400,88,1,834,223,896,286,Jul25_0/16-20190716113400-snapshot.jpg
1,0,20190716,113430,88,1,833,223,896,286,Jul25_0/16-20190716113430-snapshot.jpg
1,0,20190716,113500,88,1,833,224,895,286,Jul25_0/16-20190716113500-snapshot.jpg
1,0,20190716,113530,87,1,834,223,897,286,Jul25_0/16-20190716113530-snapshot.jpg
1,0,20190716,113600,86,1,833,223,896,285,Jul25_0/16-20190716113600-snapshot.jpg
1,0,20190716,113630,83,3,1666,866,1759,958,Jul25_0/16-20190716113630-snapshot.jpg
1,0,20190716,113630,87,1,833,223,896,286,Jul25_0/16-20190716113630-snapshot.jpg
1,0,20190716,113700,86,1,833,223,896,286,Jul25_0/16-20190716113700-snapshot.jpg
1,0,20190716,113730,84,1,833,223,896,286,Jul25_0/16-20190716113730-snapshot.jpg
1,0,20190716,113800,83,1,1247,865,1301,930,Jul25_0/16-20190716113800-snapshot.jpg
1,0,20190716,113800,87,1,833,224,895,285,Jul25_0/16-20190716113800-snapshot.jpg
1,0,20190716,113830,86,1,833,224,896,285,Jul25_0/16-20190716113830-snapshot.jpg
1,0,20190716,113900,85,1,834,224,895,284,Jul25_0/16-20190716113900-snapshot.jpg
1,0,20190716,113930,84,1,832,223,896,286,Jul25_0/16-20190716113930-snapshot.jpg
1,0,20190716,114000,87,1,834,224,895,285,Jul25_0/16-20190716114000-snapshot.jpg
1,0,20190716,114030,86,1,834,224,895,285,Jul25_0/16-20190716114030-snapshot.jpg
1,0,20190716,114100,86,1,833,224,896,286,Jul25_0/16-20190716114100-snapshot.jpg
1,0,20190716,114130,86,1,833,223,896,286,Jul25_0/16-20190716114130-snapshot.jpg
1,0,20190716,114200,87,1,834,223,896,285,Jul25_0/16-20190716114200-snapshot.jpg
1,0,20190716,114230,87,1,833,223,896,287,Jul25_0/16-20190716114230-snapshot.jpg
1,0,20190716,114300,86,1,833,223,896,285,Jul25_0/16-20190716114300-snapshot.jpg
1,0,20190716,114330,87,1,834,224,896,285,Jul25_0/16-20190716114330-snapshot.jpg
1,0,20190716,114400,87,1,833,223,896,286,Jul25_0/16-20190716114400-snapshot.jpg
1,0,20190716,114430,86,1,834,223,896,285,Jul25_0/16-20190716114430-snapshot.jpg
1,0,20190716,114500,86,1,833,224,896,285,Jul25_0/16-20190716114500-snapshot.jpg
1,0,20190716,114530,85,1,832,223,896,286,Jul25_0/16-20190716114530-snapshot.jpg
1,0,20190716,114600,87,1,834,225,895,285,Jul25_0/16-20190716114600-snapshot.jpg
1,0,20190716,114630,88,1,834,224,895,286,Jul25_0/16-20190716114630-snapshot.jpg
1,0,20190716,114700,87,1,834,224,895,285,Jul25_0/16-20190716114700-snapshot.jpg
1,0,20190716,114730,86,1,833,223,897,288,Jul25_0/16-20190716114730-snapshot.jpg
1,0,20190716,114800,65,1,836,222,899,283,Jul25_0/16-20190716114800-snapshot.jpg
1,0,20190716,114830,80,1,834,223,898,289,Jul25_0/16-20190716114830-snapshot.jpg
1,0,20190716,114830,86,1,1344,951,1394,1002,Jul25_0/16-20190716114830-snapshot.jpg
1,0,20190716,114900,83,1,834,224,898,288,Jul25_0/16-20190716114900-snapshot.jpg
1,0,20190716,114900,87,1,1352,951,1405,1007,Jul25_0/16-20190716114900-snapshot.jpg
1,0,20190716,114930,27,1,1412,935,1454,980,Jul25_0/16-20190716114930-snapshot.jpg
1,0,20190716,114930,85,1,833,223,897,287,Jul25_0/16-20190716114930-snapshot.jpg
1,0,20190716,115000,86,1,833,223,897,286,Jul25_0/16-20190716115000-snapshot.jpg
1,0,20190716,115030,86,1,834,223,897,287,Jul25_0/16-20190716115030-snapshot.jpg
1,0,20190716,115100,87,1,834,224,896,286,Jul25_0/16-20190716115100-snapshot.jpg
1,0,20190716,115130,86,1,835,224,897,286,Jul25_0/16-20190716115130-snapshot.jpg
1,0,20190716,115200,85,1,834,223,896,285,Jul25_0/16-20190716115200-snapshot.jpg
1,0,20190716,115230,83,1,834,223,896,285,Jul25_0/16-20190716115230-snapshot.jpg
1,0,20190716,115300,85,1,833,223,897,287,Jul25_0/16-20190716115300-snapshot.jpg
1,0,20190716,115330,86,1,835,224,896,286,Jul25_0/16-20190716115330-snapshot.jpg
1,0,20190716,115400,85,1,834,223,897,286,Jul25_0/16-20190716115400-snapshot.jpg
1,0,20190716,115430,86,1,835,224,897,286,Jul25_0/16-20190716115430-snapshot.jpg
1,0,20190716,115500,85,1,834,223,897,287,Jul25_0/16-20190716115500-snapshot.jpg
1,0,20190716,115530,86,1,834,224,897,286,Jul25_0/16-20190716115530-snapshot.jpg
1,0,20190716,115600,85,1,834,223,897,286,Jul25_0/16-20190716115600-snapshot.jpg
1,0,20190716,115630,86,1,835,224,897,285,Jul25_0/16-20190716115630-snapshot.jpg
1,0,20190716,115700,87,1,834,223,897,286,Jul25_0/16-20190716115700-snapshot.jpg
1,0,20190716,115730,87,1,834,223,897,286,Jul25_0/16-20190716115730-snapshot.jpg
1,0,20190716,115800,87,1,834,223,898,287,Jul25_0/16-20190716115800-snapshot.jpg
1,0,20190716,115830,87,1,834,223,897,287,Jul25_0/16-20190716115830-snapshot.jpg
1,0,20190716,115900,87,1,834,223,897,286,Jul25_0/16-20190716115900-snapshot.jpg
1,0,20190716,115930,86,1,834,223,897,287,Jul25_0/16-20190716115930-snapshot.jpg
1,0,20190716,120000,87,1,834,224,897,287,Jul25_0/16-20190716120000-snapshot.jpg
1,0,20190716,120030,86,1,834,224,896,286,Jul25_0/16-20190716120030-snapshot.jpg
1,0,20190716,120100,86,1,834,224,896,286,Jul25_0/16-20190716120100-snapshot.jpg
1,0,20190716,120130,85,1,835,223,897,286,Jul25_0/16-20190716120130-snapshot.jpg
1,0,20190716,120200,88,1,836,225,896,285,Jul25_0/16-20190716120200-snapshot.jpg
1,0,20190716,120230,88,1,835,224,896,285,Jul25_0/16-20190716120230-snapshot.jpg
1,0,20190716,120300,88,1,836,225,897,285,Jul25_0/16-20190716120300-snapshot.jpg
1,0,20190716,120330,88,1,836,225,896,285,Jul25_0/16-20190716120330-snapshot.jpg
1,0,20190716,120400,88,1,835,225,896,285,Jul25_0/16-20190716120400-snapshot.jpg
1,0,20190716,120430,88,1,835,225,896,285,Jul25_0/16-20190716120430-snapshot.jpg
1,0,20190716,120500,88,1,835,224,896,286,Jul25_0/16-20190716120500-snapshot.jpg
1,0,20190716,120530,87,1,835,224,896,285,Jul25_0/16-20190716120530-snapshot.jpg
1,0,20190716,120600,86,1,836,224,896,284,Jul25_0/16-20190716120600-snapshot.jpg
1,0,20190716,120630,88,1,836,224,896,285,Jul25_0/16-20190716120630-snapshot.jpg
1,0,20190716,120700,87,1,836,223,897,285,Jul25_0/16-20190716120700-snapshot.jpg
1,0,20190716,120730,80,6,762,224,843,285,Jul25_0/16-20190716120730-snapshot.jpg
1,0,20190716,120730,85,1,836,224,896,284,Jul25_0/16-20190716120730-snapshot.jpg
1,0,20190716,120800,88,1,835,224,896,286,Jul25_0/16-20190716120800-snapshot.jpg
1,0,20190716,120830,87,1,835,224,896,285,Jul25_0/16-20190716120830-snapshot.jpg
1,0,20190716,120900,88,1,835,224,896,285,Jul25_0/16-20190716120900-snapshot.jpg
1,0,20190716,120930,86,1,835,224,896,286,Jul25_0/16-20190716120930-snapshot.jpg
1,0,20190716,121000,88,1,836,224,896,285,Jul25_0/16-20190716121000-snapshot.jpg
1,0,20190716,121030,89,1,836,224,897,285,Jul25_0/16-20190716121030-snapshot.jpg
1,0,20190716,121100,88,1,836,224,897,285,Jul25_0/16-20190716121100-snapshot.jpg
1,0,20190716,121130,87,1,836,224,896,285,Jul25_0/16-20190716121130-snapshot.jpg
1,0,20190716,121200,89,1,836,224,897,286,Jul25_0/16-20190716121200-snapshot.jpg
1,0,20190716,121230,89,1,835,224,897,286,Jul25_0/16-20190716121230-snapshot.jpg
1,0,20190716,121300,90,1,836,224,897,287,Jul25_0/16-20190716121300-snapshot.jpg
1,0,20190716,121330,89,1,836,224,897,286,Jul25_0/16-20190716121330-snapshot.jpg
1,0,20190716,121400,90,1,836,225,897,286,Jul25_0/16-20190716121400-snapshot.jpg
1,0,20190716,121430,89,1,836,224,897,286,Jul25_0/16-20190716121430-snapshot.jpg
1,0,20190716,121500,89,1,836,224,897,285,Jul25_0/16-20190716121500-snapshot.jpg
1,0,20190716,121530,90,1,836,224,897,286,Jul25_0/16-20190716121530-snapshot.jpg
1,0,20190716,121600,90,1,837,225,895,285,Jul25_0/16-20190716121600-snapshot.jpg
1,0,20190716,121630,85,6,789,232,880,291,Jul25_0/16-20190716121630-snapshot.jpg
1,0,20190716,121700,83,6,312,632,389,684,Jul25_0/16-20190716121700-snapshot.jpg
1,0,20190716,121700,89,1,836,224,897,285,Jul25_0/16-20190716121700-snapshot.jpg
1,0,20190716,121730,88,1,837,225,897,285,Jul25_0/16-20190716121730-snapshot.jpg
1,0,20190716,121800,87,1,836,224,897,285,Jul25_0/16-20190716121800-snapshot.jpg
1,0,20190716,121830,89,1,836,224,897,286,Jul25_0/16-20190716121830-snapshot.jpg
1,0,20190716,121900,82,6,79,30,133,102,Jul25_0/16-20190716121900-snapshot.jpg
1,0,20190716,121900,88,1,837,225,897,285,Jul25_0/16-20190716121900-snapshot.jpg
1,0,20190716,121930,89,1,837,224,897,285,Jul25_0/16-20190716121930-snapshot.jpg
1,0,20190716,122000,90,1,837,224,897,284,Jul25_0/16-20190716122000-snapshot.jpg
1,0,20190716,122030,90,1,837,224,897,284,Jul25_0/16-20190716122030-snapshot.jpg
1,0,20190716,122100,90,1,837,225,897,283,Jul25_0/16-20190716122100-snapshot.jpg
1,0,20190716,122130,90,1,837,225,896,283,Jul25_0/16-20190716122130-snapshot.jpg
1,0,20190716,122200,89,1,837,224,897,284,Jul25_0/16-20190716122200-snapshot.jpg
1,0,20190716,122230,89,1,837,224,897,284,Jul25_0/16-20190716122230-snapshot.jpg
1,0,20190716,122300,89,1,837,224,897,283,Jul25_0/16-20190716122300-snapshot.jpg
1,0,20190716,122330,87,1,1345,949,1395,1005,Jul25_0/16-20190716122330-snapshot.jpg
1,0,20190716,122330,89,1,837,224,897,285,Jul25_0/16-20190716122330-snapshot.jpg
1,0,20190716,122400,89,1,837,224,897,285,Jul25_0/16-20190716122400-snapshot.jpg
1,0,20190716,122430,89,1,837,225,898,286,Jul25_0/16-20190716122430-snapshot.jpg
1,0,20190716,122500,89,1,837,224,898,285,Jul25_0/16-20190716122500-snapshot.jpg
1,0,20190716,122530,90,1,837,224,897,285,Jul25_0/16-20190716122530-snapshot.jpg
1,0,20190716,122600,89,1,836,224,897,285,Jul25_0/16-20190716122600-snapshot.jpg
1,0,20190716,122630,86,1,835,224,897,288,Jul25_0/16-20190716122630-snapshot.jpg
1,0,20190716,122630,88,3,296,872,397,945,Jul25_0/16-20190716122630-snapshot.jpg
1,0,20190716,122700,57,1,1291,1018,1332,1056,Jul25_0/16-20190716122700-snapshot.jpg
1,0,20190716,122730,77,1,834,225,897,288,Jul25_0/16-20190716122730-snapshot.jpg
1,0,20190716,122800,75,1,834,224,897,287,Jul25_0/16-20190716122800-snapshot.jpg
1,0,20190716,122800,79,1,1230,994,1276,1039,Jul25_0/16-20190716122800-snapshot.jpg
1,0,20190716,122830,85,1,835,224,896,286,Jul25_0/16-20190716122830-snapshot.jpg
1,0,20190716,122900,54,1,835,224,895,285,Jul25_0/16-20190716122900-snapshot.jpg
1,0,20190716,122930,81,1,835,223,896,286,Jul25_0/16-20190716122930-snapshot.jpg
1,0,20190716,123000,90,1,858,272,905,317,Jul25_0/16-20190716123000-snapshot.jpg
1,0,20190716,123030,90,1,858,272,905,317,Jul25_0/16-20190716123030-snapshot.jpg
1,0,20190716,123100,90,1,859,273,905,317,Jul25_0/16-20190716123100-snapshot.jpg
1,0,20190716,123130,77,6,1181,54,1255,102,Jul25_0/16-20190716123130-snapshot.jpg
1,0,20190716,123130,84,6,256,845,339,909,Jul25_0/16-20190716123130-snapshot.jpg
1,0,20190716,123130,90,1,858,273,904,316,Jul25_0/16-20190716123130-snapshot.jpg
1,0,20190716,123200,85,6,292,664,376,730,Jul25_0/16-20190716123200-snapshot.jpg
1,0,20190716,123200,90,1,858,273,904,316,Jul25_0/16-20190716123200-snapshot.jpg
1,0,20190716,123230,90,1,858,273,905,316,Jul25_0/16-20190716123230-snapshot.jpg
1,0,20190716,123230,90,6,203,777,290,846,Jul25_0/16-20190716123230-snapshot.jpg
1,0,20190716,123300,75,6,548,913,601,981,Jul25_0/16-20190716123300-snapshot.jpg
1,0,20190716,123300,90,1,858,272,905,317,Jul25_0/16-20190716123300-snapshot.jpg
1,0,20190716,123330,69,6,1652,1041,1723,1079,Jul25_0/16-20190716123330-snapshot.jpg
1,0,20190716,123330,90,1,858,272,904,317,Jul25_0/16-20190716123330-snapshot.jpg
1,0,20190716,123400,90,1,858,272,905,316,Jul25_0/16-20190716123400-snapshot.jpg
1,0,20190716,123430,90,1,859,273,905,317,Jul25_0/16-20190716123430-snapshot.jpg
1,0,20190716,123500,90,1,858,272,905,317,Jul25_0/16-20190716123500-snapshot.jpg
1,0,20190716,123530,90,1,859,272,905,317,Jul25_0/16-20190716123530-snapshot.jpg
1,0,20190716,123600,90,1,859,273,905,317,Jul25_0/16-20190716123600-snapshot.jpg
1,0,20190716,123630,90,1,858,272,905,317,Jul25_0/16-20190716123630-snapshot.jpg
1,0,20190716,123700,90,1,858,272,904,316,Jul25_0/16-20190716123700-snapshot.jpg
1,0,20190716,123730,90,1,858,272,904,317,Jul25_0/16-20190716123730-snapshot.jpg
1,0,20190716,123800,90,1,858,272,904,317,Jul25_0/16-20190716123800-snapshot.jpg
1,0,20190716,123830,90,1,858,272,904,317,Jul25_0/16-20190716123830-snapshot.jpg
1,0,20190716,123900,90,1,858,272,904,317,Jul25_0/16-20190716123900-snapshot.jpg
1,0,20190716,123930,90,1,858,272,904,316,Jul25_0/16-20190716123930-snapshot.jpg
1,0,20190716,124000,90,1,858,272,904,317,Jul25_0/16-20190716124000-snapshot.jpg
1,0,20190716,124030,90,1,859,272,905,317,Jul25_0/16-20190716124030-snapshot.jpg
1,0,20190716,124100,90,1,858,272,904,317,Jul25_0/16-20190716124100-snapshot.jpg
1,0,20190716,124130,78,6,809,934,874,1004,Jul25_0/16-20190716124130-snapshot.jpg
1,0,20190716,124130,90,1,857,272,904,317,Jul25_0/16-20190716124130-snapshot.jpg
1,0,20190716,124200,90,1,857,273,904,317,Jul25_0/16-20190716124200-snapshot.jpg
1,0,20190716,124230,90,1,858,273,904,317,Jul25_0/16-20190716124230-snapshot.jpg
1,0,20190716,124300,90,1,858,272,904,316,Jul25_0/16-20190716124300-snapshot.jpg
1,0,20190716,124330,88,2,1341,818,1445,899,Jul25_0/16-20190716124330-snapshot.jpg
1,0,20190716,124330,90,1,858,273,904,317,Jul25_0/16-20190716124330-snapshot.jpg
1,0,20190716,124400,90,1,858,273,904,317,Jul25_0/16-20190716124400-snapshot.jpg
1,0,20190716,124430,90,1,858,273,903,316,Jul25_0/16-20190716124430-snapshot.jpg
1,0,20190716,124500,90,1,859,273,905,317,Jul25_0/16-20190716124500-snapshot.jpg
1,0,20190716,124530,90,1,858,273,904,317,Jul25_0/16-20190716124530-snapshot.jpg
1,0,20190716,124600,90,1,858,274,903,317,Jul25_0/16-20190716124600-snapshot.jpg
1,0,20190716,124630,90,1,858,273,903,317,Jul25_0/16-20190716124630-snapshot.jpg
1,0,20190716,124700,90,1,858,273,904,317,Jul25_0/16-20190716124700-snapshot.jpg
1,0,20190716,124730,90,1,858,273,904,317,Jul25_0/16-20190716124730-snapshot.jpg
1,0,20190716,124800,88,3,797,188,895,278,Jul25_0/16-20190716124800-snapshot.jpg
1,0,20190716,124830,84,5,279,808,339,875,Jul25_0/16-20190716124830-snapshot.jpg
1,0,20190716,124830,90,1,858,273,904,317,Jul25_0/16-20190716124830-snapshot.jpg
1,0,20190716,124900,90,1,858,273,904,317,Jul25_0/16-20190716124900-snapshot.jpg
1,0,20190716,124930,79,6,665,378,741,440,Jul25_0/16-20190716124930-snapshot.jpg
1,0,20190716,124930,91,1,857,272,903,317,Jul25_0/16-20190716124930-snapshot.jpg
1,0,20190716,125000,82,6,576,575,650,632,Jul25_0/16-20190716125000-snapshot.jpg
1,0,20190716,125000,91,1,857,272,902,317,Jul25_0/16-20190716125000-snapshot.jpg
1,0,20190716,125030,73,8,670,625,748,695,Jul25_0/16-20190716125030-snapshot.jpg
1,0,20190716,125030,91,1,852,271,900,317,Jul25_0/16-20190716125030-snapshot.jpg
1,0,20190716,125100,31,5,282,602,329,656,Jul25_0/16-20190716125100-snapshot.jpg
1,0,20190716,125700,88,3,266,659,332,764,Jul25_0/16-20190716125700-snapshot.jpg
1,0,20190716,130830,73,5,722,364,777,423,Jul25_0/16-20190716130830-snapshot.jpg
1,0,20190716,131500,84,5,1641,79,1704,146,Jul25_0/16-20190716131500-snapshot.jpg
1,0,20190716,131600,82,5,978,654,1033,725,Jul25_0/16-20190716131600-snapshot.jpg
1,0,20190716,132430,85,2,743,164,834,246,Jul25_0/16-20190716132430-snapshot.jpg
1,0,20190716,133200,87,3,1084,602,1170,705,Jul25_0/16-20190716133200-snapshot.jpg
1,0,20190716,141100,80,6,1851,406,1920,471,Jul25_0/16-20190716141100-snapshot.jpg
1,0,20190716,141200,86,2,1144,629,1219,739,Jul25_0/16-20190716141200-snapshot.jpg
1,0,20190716,141800,88,3,1328,812,1438,903,Jul25_0/16-20190716141800-snapshot.jpg
1,0,20190716,142230,85,6,1468,484,1553,563,Jul25_0/16-20190716142230-snapshot.jpg
1,0,20190716,142800,81,5,676,407,732,463,Jul25_0/16-20190716142800-snapshot.jpg
1,0,20190716,142830,72,5,951,238,1005,303,Jul25_0/16-20190716142830-snapshot.jpg
1,0,20190716,143230,39,5,808,194,874,242,Jul25_0/16-20190716143230-snapshot.jpg
1,0,20190716,143300,88,4,1368,68,1475,175,Jul25_0/16-20190716143300-snapshot.jpg
1,0,20190716,143530,85,6,759,264,834,328,Jul25_0/16-20190716143530-snapshot.jpg
1,0,20190716,143630,83,6,1133,98,1188,170,Jul25_0/16-20190716143630-snapshot.jpg
1,0,20190716,143700,84,6,1141,89,1191,158,Jul25_0/16-20190716143700-snapshot.jpg
1,0,20190716,143730,83,6,666,635,745,708,Jul25_0/16-20190716143730-snapshot.jpg
1,0,20190716,143800,47,6,118,801,191,862,Jul25_0/16-20190716143800-snapshot.jpg
1,0,20190716,143830,78,6,645,409,700,484,Jul25_0/16-20190716143830-snapshot.jpg
1,0,20190716,143900,59,5,390,460,459,505,Jul25_0/16-20190716143900-snapshot.jpg
1,0,20190716,144100,83,6,284,802,362,867,Jul25_0/16-20190716144100-snapshot.jpg
1,0,20190716,144130,82,6,570,567,651,625,Jul25_0/16-20190716144130-snapshot.jpg
1,0,20190716,144200,65,5,669,478,716,538,Jul25_0/16-20190716144200-snapshot.jpg
1,0,20190716,145830,84,3,1140,696,1254,819,Jul25_0/16-20190716145830-snapshot.jpg
1,0,20190716,150430,43,5,1194,1033,1243,1080,Jul25_0/16-20190716150430-snapshot.jpg
1,0,20190716,151230,89,3,680,1001,777,1077,Jul25_0/16-20190716151230-snapshot.jpg
1,0,20190716,151330,85,8,895,389,992,480,Jul25_0/16-20190716151330-snapshot.jpg
1,0,20190716,152000,84,8,1278,989,1365,1060,Jul25_0/16-20190716152000-snapshot.jpg
1,0,20190716,152200,78,5,1443,849,1510,903,Jul25_0/16-20190716152200-snapshot.jpg
1,0,20190716,152730,70,5,180,197,245,250,Jul25_0/16-20190716152730-snapshot.jpg
1,0,20190716,152800,78,5,0,453,49,510,Jul25_0/16-20190716152800-snapshot.jpg
1,0,20190716,152930,86,3,1629,841,1718,924,Jul25_0/16-20190716152930-snapshot.jpg
1,0,20190716,153030,84,5,992,205,1067,262,Jul25_0/16-20190716153030-snapshot.jpg
1,0,20190716,153100,84,5,1531,147,1613,218,Jul25_0/16-20190716153100-snapshot.jpg
1,0,20190716,153130,83,5,1568,95,1646,147,Jul25_0/16-20190716153130-snapshot.jpg
1,0,20190716,153200,82,5,634,532,686,590,Jul25_0/16-20190716153200-snapshot.jpg
1,0,20190716,153530,80,5,1530,68,1588,134,Jul25_0/16-20190716153530-snapshot.jpg
1,0,20190716,153900,76,5,1722,118,1778,176,Jul25_0/16-20190716153900-snapshot.jpg
1,0,20190716,153930,83,5,1178,67,1256,120,Jul25_0/16-20190716153930-snapshot.jpg
1,0,20190716,154000,83,5,687,471,739,535,Jul25_0/16-20190716154000-snapshot.jpg
1,0,20190716,155630,57,6,225,663,310,713,Jul25_0/16-20190716155630-snapshot.jpg
1,0,20190716,160330,86,2,1428,688,1521,757,Jul25_0/16-20190716160330-snapshot.jpg
1,0,20190716,160930,86,5,1107,228,1181,293,Jul25_0/16-20190716160930-snapshot.jpg
1,0,20190716,161930,89,3,1644,911,1754,999,Jul25_0/16-20190716161930-snapshot.jpg
1,0,20190716,162630,73,3,1675,991,1765,1062,Jul25_0/16-20190716162630-snapshot.jpg
1,0,20190716,162900,87,2,1571,54,1636,150,Jul25_0/16-20190716162900-snapshot.jpg
1,0,20190716,163000,89,3,820,1000,927,1080,Jul25_0/16-20190716163000-snapshot.jpg
1,0,20190716,163330,80,2,89,328,147,405,Jul25_0/16-20190716163330-snapshot.jpg
1,0,20190716,163530,84,5,1561,993,1640,1049,Jul25_0/16-20190716163530-snapshot.jpg
1,0,20190716,163600,79,5,1078,221,1132,287,Jul25_0/16-20190716163600-snapshot.jpg
1,0,20190716,163800,79,5,755,466,814,519,Jul25_0/16-20190716163800-snapshot.jpg
1,0,20190716,164330,88,4,1330,812,1447,909,Jul25_0/16-20190716164330-snapshot.jpg
1,0,20190716,165730,84,5,1537,91,1596,166,Jul25_0/16-20190716165730-snapshot.jpg
1,0,20190716,165830,69,1,1847,802,1889,840,Jul25_0/16-20190716165830-snapshot.jpg
1,0,20190716,165900,79,5,1240,81,1312,129,Jul25_0/16-20190716165900-snapshot.jpg
1,0,20190716,170330,89,3,1301,842,1412,942,Jul25_0/16-20190716170330-snapshot.jpg
1,0,20190716,171230,48,5,362,597,431,646,Jul25_0/16-20190716171230-snapshot.jpg
1,0,20190716,171830,81,8,1221,694,1319,765,Jul25_0/16-20190716171830-snapshot.jpg
1,0,20190716,173400,86,2,45,91,141,160,Jul25_0/16-20190716173400-snapshot.jpg
1,0,20190716,174630,84,5,1540,1009,1613,1074,Jul25_0/16-20190716174630-snapshot.jpg
1,0,20190716,174700,85,5,1524,1007,1603,1075,Jul25_0/16-20190716174700-snapshot.jpg
1,0,20190716,175030,82,5,105,300,179,366,Jul25_0/16-20190716175030-snapshot.jpg
1,0,20190716,175100,85,5,901,364,963,438,Jul25_0/16-20190716175100-snapshot.jpg
1,0,20190716,175230,73,5,307,753,364,804,Jul25_0/16-20190716175230-snapshot.jpg
1,0,20190716,175400,78,2,1831,945,1920,1008,Jul25_0/16-20190716175400-snapshot.jpg
1,0,20190716,175400,82,2,1185,964,1265,1035,Jul25_0/16-20190716175400-snapshot.jpg
1,0,20190716,180030,84,5,1487,911,1542,975,Jul25_0/16-20190716180030-snapshot.jpg
1,0,20190716,180100,86,2,189,715,284,773,Jul25_0/16-20190716180100-snapshot.jpg
1,0,20190716,180130,78,2,536,694,606,779,Jul25_0/16-20190716180130-snapshot.jpg
1,0,20190716,180830,87,3,1385,807,1499,891,Jul25_0/16-20190716180830-snapshot.jpg
1,0,20190716,181030,79,5,1376,972,1434,1040,Jul25_0/16-20190716181030-snapshot.jpg
1,0,20190716,181200,67,5,88,338,156,386,Jul25_0/16-20190716181200-snapshot.jpg
1,0,20190716,181230,46,5,126,343,177,404,Jul25_0/16-20190716181230-snapshot.jpg
1,0,20190716,181300,81,5,54,52,110,114,Jul25_0/16-20190716181300-snapshot.jpg
1,0,20190716,181500,86,2,188,908,277,976,Jul25_0/16-20190716181500-snapshot.jpg
1,0,20190716,182630,86,2,552,865,646,928,Jul25_0/16-20190716182630-snapshot.jpg
1,0,20190716,183900,85,3,1079,579,1184,689,Jul25_0/16-20190716183900-snapshot.jpg
1,0,20190716,184330,61,1,1368,33,1413,74,Jul25_0/16-20190716184330-snapshot.jpg
1,0,20190716,185900,84,8,4,55,100,142,Jul25_0/16-20190716185900-snapshot.jpg
1,0,20190716,190100,84,8,1,850,93,922,Jul25_0/16-20190716190100-snapshot.jpg
1,0,20190716,191030,84,4,1058,603,1150,684,Jul25_0/16-20190716191030-snapshot.jpg
1,0,20190716,194930,35,1,1439,378,1486,427,Jul25_0/16-20190716194930-snapshot.jpg
1,0,20190716,195100,77,5,1072,230,1130,291,Jul25_0/16-20190716195100-snapshot.jpg
1,0,20190716,195800,84,6,0,152,79,227,Jul25_0/16-20190716195800-snapshot.jpg
1,0,20190716,201330,53,1,1725,599,1769,638,Jul25_0/16-20190716201330-snapshot.jpg
1,0,20190716,203530,66,6,1157,179,1215,256,Jul25_0/16-20190716203530-snapshot.jpg
1,0,20190719,111600,88,3,1136,622,1245,728,Jul25_0/199-20190719111600-snapshot.jpg
1,0,20190719,111630,88,3,1357,810,1465,918,Jul25_0/199-20190719111630-snapshot.jpg
1,0,20190719,111700,87,3,1357,818,1477,905,Jul25_0/199-20190719111700-snapshot.jpg
1,0,20190719,111730,88,3,1298,864,1405,957,Jul25_0/199-20190719111730-snapshot.jpg
1,0,20190719,111800,88,3,1295,862,1399,960,Jul25_0/199-20190719111800-snapshot.jpg
1,0,20190719,111830,88,3,1297,864,1398,959,Jul25_0/199-20190719111830-snapshot.jpg
1,0,20190719,111900,88,3,1295,862,1398,960,Jul25_0/199-20190719111900-snapshot.jpg
1,0,20190719,111930,88,3,1296,865,1397,960,Jul25_0/199-20190719111930-snapshot.jpg
1,0,20190719,112000,81,3,1422,850,1533,928,Jul25_0/199-20190719112000-snapshot.jpg
1,0,20190719,112030,74,3,1424,840,1516,927,Jul25_0/199-20190719112030-snapshot.jpg
1,0,20190719,112100,86,3,1421,853,1511,935,Jul25_0/199-20190719112100-snapshot.jpg
1,0,20190719,112130,78,3,1418,852,1508,936,Jul25_0/199-20190719112130-snapshot.jpg
1,0,20190719,112200,25,3,1412,844,1501,927,Jul25_0/199-20190719112200-snapshot.jpg
1,0,20190719,112230,78,3,1413,843,1499,924,Jul25_0/199-20190719112230-snapshot.jpg
1,0,20190719,112300,57,3,1412,843,1498,925,Jul25_0/199-20190719112300-snapshot.jpg
1,0,20190719,112330,61,3,1412,843,1496,924,Jul25_0/199-20190719112330-snapshot.jpg
1,0,20190719,112400,64,3,1412,844,1498,925,Jul25_0/199-20190719112400-snapshot.jpg
1,0,20190719,112500,59,3,1415,846,1504,927,Jul25_0/199-20190719112500-snapshot.jpg
1,0,20190719,112530,58,3,1414,843,1503,926,Jul25_0/199-20190719112530-snapshot.jpg
1,0,20190719,112600,47,3,1414,843,1502,926,Jul25_0/199-20190719112600-snapshot.jpg
1,0,20190719,112630,51,3,1414,844,1500,925,Jul25_0/199-20190719112630-snapshot.jpg
1,0,20190719,112800,29,3,1416,845,1502,925,Jul25_0/199-20190719112800-snapshot.jpg
1,0,20190719,113000,85,3,1391,802,1496,902,Jul25_0/199-20190719113000-snapshot.jpg
1,0,20190719,113030,88,3,1384,715,1472,824,Jul25_0/199-20190719113030-snapshot.jpg
1,0,20190719,113100,88,3,1374,698,1470,793,Jul25_0/199-20190719113100-snapshot.jpg
1,0,20190719,113130,87,3,1375,701,1472,790,Jul25_0/199-20190719113130-snapshot.jpg
1,0,20190719,113200,88,3,1372,707,1469,789,Jul25_0/199-20190719113200-snapshot.jpg
1,0,20190719,113230,88,3,1371,706,1467,789,Jul25_0/199-20190719113230-snapshot.jpg
1,0,20190719,113300,88,3,1371,706,1467,789,Jul25_0/199-20190719113300-snapshot.jpg
1,0,20190719,113330,88,3,1373,705,1468,789,Jul25_0/199-20190719113330-snapshot.jpg
1,0,20190719,113400,88,3,1371,705,1469,788,Jul25_0/199-20190719113400-snapshot.jpg
1,0,20190719,113430,88,3,1372,705,1468,789,Jul25_0/199-20190719113430-snapshot.jpg
1,0,20190719,113500,88,3,1370,707,1468,790,Jul25_0/199-20190719113500-snapshot.jpg
1,0,20190719,113530,88,3,1372,705,1470,789,Jul25_0/199-20190719113530-snapshot.jpg
1,0,20190719,113600,88,3,1383,697,1474,797,Jul25_0/199-20190719113600-snapshot.jpg
1,0,20190719,113630,86,3,1324,566,1415,669,Jul25_0/199-20190719113630-snapshot.jpg
1,0,20190719,113800,35,6,847,429,923,486,Jul25_0/199-20190719113800-snapshot.jpg
1,0,20190719,131530,88,3,1234,633,1323,739,Jul25_0/199-20190719131530-snapshot.jpg
1,0,20190719,131900,42,5,1739,123,1793,177,Jul25_0/199-20190719131900-snapshot.jpg
1,0,20190719,131930,82,5,1424,148,1508,207,Jul25_0/199-20190719131930-snapshot.jpg
1,0,20190719,132000,80,5,1397,564,1452,626,Jul25_0/199-20190719132000-snapshot.jpg
1,0,20190719,132030,71,5,844,211,905,272,Jul25_0/199-20190719132030-snapshot.jpg
1,0,20190719,133430,83,8,1860,830,1920,887,Jul25_0/199-20190719133430-snapshot.jpg
1,0,20190719,142230,84,8,1361,551,1453,608,Jul25_0/199-20190719142230-snapshot.jpg
1,0,20190719,142830,88,3,824,601,937,697,Jul25_0/199-20190719142830-snapshot.jpg
1,0,20190719,144830,88,3,1430,777,1514,873,Jul25_0/199-20190719144830-snapshot.jpg
1,0,20190719,151100,83,5,2,462,96,527,Jul25_0/199-20190719151100-snapshot.jpg
1,0,20190719,151600,86,5,500,650,556,742,Jul25_0/199-20190719151600-snapshot.jpg
1,0,20190719,153200,87,3,1414,721,1489,822,Jul25_0/199-20190719153200-snapshot.jpg
1,0,20190719,164830,85,1,470,1045,515,1080,Jul25_0/199-20190719164830-snapshot.jpg
1,0,20190719,170700,87,1,443,1034,490,1078,Jul25_0/199-20190719170700-snapshot.jpg
1,0,20190719,170730,89,1,425,947,477,1004,Jul25_0/199-20190719170730-snapshot.jpg
1,0,20190719,171600,78,5,90,55,142,114,Jul25_0/199-20190719171600-snapshot.jpg
1,0,20190719,174200,87,1,728,896,778,949,Jul25_0/199-20190719174200-snapshot.jpg
1,0,20190719,174230,87,1,698,736,747,790,Jul25_0/199-20190719174230-snapshot.jpg
1,0,20190719,174300,82,1,826,632,872,680,Jul25_0/199-20190719174300-snapshot.jpg
1,0,20190719,174330,87,1,677,1013,721,1057,Jul25_0/199-20190719174330-snapshot.jpg
1,0,20190719,175700,88,4,1438,764,1531,855,Jul25_0/200-20190719175700-snapshot.jpg
1,0,20190719,180300,87,4,225,23,314,112,Jul25_0/200-20190719180300-snapshot.jpg
1,0,20190719,182330,80,5,167,14,253,60,Jul25_0/200-20190719182330-snapshot.jpg
1,0,20190719,184730,68,5,1500,263,1564,316,Jul25_0/200-20190719184730-snapshot.jpg
1,0,20190719,185330,68,6,1389,816,1448,887,Jul25_0/200-20190719185330-snapshot.jpg
1,0,20190719,185800,81,4,1447,790,1530,883,Jul25_0/200-20190719185800-snapshot.jpg
1,0,20190719,192430,71,5,341,485,409,534,Jul25_0/200-20190719192430-snapshot.jpg
1,0,20190719,194000,86,4,1367,858,1472,938,Jul25_0/200-20190719194000-snapshot.jpg
1,0,20190719,195330,86,5,99,42,176,91,Jul25_0/200-20190719195330-snapshot.jpg
1,0,20190719,195400,80,5,189,36,251,78,Jul25_0/200-20190719195400-snapshot.jpg
1,0,20190719,195430,74,5,492,204,543,273,Jul25_0/200-20190719195430-snapshot.jpg
1,0,20190719,195530,32,5,490,203,541,272,Jul25_0/200-20190719195530-snapshot.jpg
1,0,20190719,195830,82,5,389,210,442,277,Jul25_0/200-20190719195830-snapshot.jpg
1,0,20190720,082430,48,1,1584,1035,1628,1076,Jul25_0/256-20190720082430-snapshot.jpg
1,0,20190720,101330,87,3,1386,853,1471,950,Jul25_0/256-20190720101330-snapshot.jpg
1,0,20190720,105000,65,5,885,1037,939,1079,Jul25_0/256-20190720105000-snapshot.jpg
1,0,20190720,105800,79,5,912,205,964,269,Jul25_0/256-20190720105800-snapshot.jpg
1,0,20190720,105900,76,5,852,747,921,800,Jul25_0/256-20190720105900-snapshot.jpg
1,0,20190720,111230,87,3,1157,559,1230,658,Jul25_0/256-20190720111230-snapshot.jpg
1,0,20190720,121000,79,8,1240,789,1346,923,Jul25_0/256-20190720121000-snapshot.jpg
1,0,20190720,144000,80,5,1499,385,1552,454,Jul25_0/256-20190720144000-snapshot.jpg
1,0,20190720,144030,73,5,1870,809,1920,858,Jul25_0/256-20190720144030-snapshot.jpg
1,0,20190720,150900,84,2,70,79,150,162,Jul25_0/256-20190720150900-snapshot.jpg
1,0,20190720,151600,88,3,1352,792,1446,887,Jul25_0/256-20190720151600-snapshot.jpg
1,0,20190720,154600,87,3,1501,823,1593,908,Jul25_0/256-20190720154600-snapshot.jpg
1,0,20190720,163230,88,3,1367,784,1480,873,Jul25_0/256-20190720163230-snapshot.jpg
1,0,20190720,163930,85,3,1636,951,1720,1026,Jul25_0/256-20190720163930-snapshot.jpg
1,0,20190720,171530,87,3,1175,604,1264,713,Jul25_0/256-20190720171530-snapshot.jpg
1,0,20190720,174800,89,3,1329,799,1426,898,Jul25_0/256-20190720174800-snapshot.jpg
1,0,20190720,175900,88,3,1385,776,1497,850,Jul25_0/256-20190720175900-snapshot.jpg
1,0,20190721,054930,84,8,52,518,145,584,Jul25_0/290-20190721054930-snapshot.jpg
1,0,20190721,102230,83,8,1840,756,1920,842,Jul25_0/308-20190721102230-snapshot.jpg
1,0,20190721,123830,42,1,1014,519,1061,569,Jul25_0/308-20190721123830-snapshot.jpg
1,0,20190721,132400,71,5,548,946,609,1006,Jul25_0/308-20190721132400-snapshot.jpg
1,0,20190721,134830,82,6,1660,716,1718,796,Jul25_0/308-20190721134830-snapshot.jpg
1,0,20190721,152800,81,5,1379,789,1460,843,Jul25_0/308-20190721152800-snapshot.jpg
1,0,20190721,155200,87,5,1368,771,1427,847,Jul25_0/308-20190721155200-snapshot.jpg
1,0,20190721,160230,25,1,1872,568,1914,608,Jul25_0/308-20190721160230-snapshot.jpg
1,0,20190721,161400,55,5,779,890,831,937,Jul25_0/308-20190721161400-snapshot.jpg
1,0,20190721,161500,32,1,1873,568,1915,609,Jul25_0/308-20190721161500-snapshot.jpg
1,0,20190721,162730,43,1,1135,336,1180,392,Jul25_0/308-20190721162730-snapshot.jpg
1,0,20190721,163600,35,1,1134,337,1180,393,Jul25_0/308-20190721163600-snapshot.jpg
1,0,20190721,163700,80,6,203,26,276,79,Jul25_0/308-20190721163700-snapshot.jpg
1,0,20190721,163730,78,6,171,76,230,148,Jul25_0/308-20190721163730-snapshot.jpg
1,0,20190721,164400,32,1,1135,347,1178,394,Jul25_0/308-20190721164400-snapshot.jpg
1,0,20190721,164400,85,5,766,210,830,292,Jul25_0/308-20190721164400-snapshot.jpg
1,0,20190721,171130,28,1,1135,339,1180,392,Jul25_0/308-20190721171130-snapshot.jpg
1,0,20190721,171230,33,1,1134,337,1180,393,Jul25_0/308-20190721171230-snapshot.jpg
1,0,20190721,172900,26,1,1135,339,1180,391,Jul25_0/308-20190721172900-snapshot.jpg
1,0,20190721,173430,26,1,1134,337,1179,393,Jul25_0/308-20190721173430-snapshot.jpg
1,0,20190721,173500,45,1,1135,336,1181,392,Jul25_0/308-20190721173500-snapshot.jpg
1,0,20190721,174130,34,1,1135,336,1181,392,Jul25_0/308-20190721174130-snapshot.jpg
1,0,20190721,175100,26,1,1135,338,1180,392,Jul25_0/308-20190721175100-snapshot.jpg
1,0,20190721,180230,38,1,1134,337,1180,391,Jul25_0/308-20190721180230-snapshot.jpg
1,0,20190721,181800,88,4,1471,825,1575,922,Jul25_0/308-20190721181800-snapshot.jpg
1,0,20190721,182600,85,5,446,853,527,908,Jul25_0/308-20190721182600-snapshot.jpg
1,0,20190721,182830,70,5,91,333,140,388,Jul25_0/308-20190721182830-snapshot.jpg
1,0,20190721,191330,84,5,317,741,370,805,Jul25_0/308-20190721191330-snapshot.jpg
1,0,20190721,191400,85,5,181,57,237,122,Jul25_0/308-20190721191400-snapshot.jpg
1,0,20190721,191430,82,5,774,333,828,394,Jul25_0/308-20190721191430-snapshot.jpg
1,0,20190721,191830,82,5,1185,575,1239,633,Jul25_0/308-20190721191830-snapshot.jpg
1,0,20190721,193930,79,5,1386,772,1458,836,Jul25_0/308-20190721193930-snapshot.jpg
1,0,20190721,194030,56,8,1209,670,1274,741,Jul25_0/308-20190721194030-snapshot.jpg
1,0,20190721,194600,85,6,897,889,989,959,Jul25_0/308-20190721194600-snapshot.jpg
1,0,20190721,194700,69,5,1008,152,1088,216,Jul25_0/308-20190721194700-snapshot.jpg
1,0,20190721,194730,29,5,1230,600,1286,651,Jul25_0/308-20190721194730-snapshot.jpg
1,0,20190721,194830,82,5,1494,805,1542,871,Jul25_0/308-20190721194830-snapshot.jpg
1,0,20190721,194900,86,5,1530,1021,1580,1078,Jul25_0/308-20190721194900-snapshot.jpg
1,0,20190721,200800,75,5,1264,669,1327,719,Jul25_0/308-20190721200800-snapshot.jpg
1,0,20190721,200930,85,5,313,815,367,878,Jul25_0/308-20190721200930-snapshot.jpg
1,0,20190721,201000,83,5,275,666,337,722,Jul25_0/308-20190721201000-snapshot.jpg
1,0,20190721,201100,79,5,104,353,179,403,Jul25_0/308-20190721201100-snapshot.jpg
1,0,20190721,201330,62,5,288,964,364,1006,Jul25_0/308-20190721201330-snapshot.jpg
1,0,20190722,074500,84,8,1380,106,1482,178,Jul25_0/312-20190722074500-snapshot.jpg
1,0,20190722,084700,52,5,1768,62,1820,132,Jul25_0/312-20190722084700-snapshot.jpg
1,0,20190722,084730,74,5,1769,41,1820,98,Jul25_0/312-20190722084730-snapshot.jpg
1,0,20190722,084800,45,5,1752,59,1803,123,Jul25_0/312-20190722084800-snapshot.jpg
1,0,20190722,092330,77,5,316,691,371,751,Jul25_0/312-20190722092330-snapshot.jpg
1,0,20190722,105100,83,6,1524,26,1587,108,Jul25_0/312-20190722105100-snapshot.jpg
1,0,20190722,112700,87,3,1358,787,1448,878,Jul25_0/312-20190722112700-snapshot.jpg
1,0,20190722,114900,87,4,1357,765,1455,863,Jul25_0/312-20190722114900-snapshot.jpg
1,0,20190722,115130,80,8,1655,132,1747,217,Jul25_0/312-20190722115130-snapshot.jpg
1,0,20190722,121500,52,5,1768,69,1817,128,Jul25_0/312-20190722121500-snapshot.jpg
1,0,20190722,121930,84,5,1486,756,1545,830,Jul25_0/312-20190722121930-snapshot.jpg
1,0,20190722,122000,83,5,1344,611,1427,665,Jul25_0/312-20190722122000-snapshot.jpg
1,0,20190722,122030,84,5,1156,159,1221,221,Jul25_0/312-20190722122030-snapshot.jpg
1,0,20190722,122930,80,5,90,21,139,77,Jul25_0/312-20190722122930-snapshot.jpg
1,0,20190722,123100,82,6,133,44,209,115,Jul25_0/312-20190722123100-snapshot.jpg
1,0,20190722,123200,81,5,1332,829,1397,889,Jul25_0/312-20190722123200-snapshot.jpg
1,0,20190722,123230,85,5,1044,350,1126,418,Jul25_0/312-20190722123230-snapshot.jpg
1,0,20190722,123730,87,6,33,457,122,519,Jul25_0/312-20190722123730-snapshot.jpg
1,0,20190722,141530,80,5,96,339,147,399,Jul25_0/312-20190722141530-snapshot.jpg
1,0,20190722,144100,78,6,147,22,231,80,Jul25_0/312-20190722144100-snapshot.jpg
1,0,20190722,182200,75,5,193,48,248,105,Jul25_0/313-20190722182200-snapshot.jpg
1,0,20190722,182230,81,5,174,35,230,98,Jul25_0/313-20190722182230-snapshot.jpg
1,0,20190722,212230,80,8,1252,609,1338,704,Jul25_0/315-20190722212230-snapshot.jpg
1,0,20190723,072030,37,2,1156,163,1247,230,Jul25_0/319-20190723072030-snapshot.jpg
1,0,20190723,072700,45,2,1157,161,1251,233,Jul25_0/319-20190723072700-snapshot.jpg
1,0,20190723,082830,33,6,1159,164,1247,227,Jul25_0/319-20190723082830-snapshot.jpg
1,0,20190723,083100,40,6,1157,164,1247,229,Jul25_0/319-20190723083100-snapshot.jpg
1,0,20190723,083500,25,6,1162,165,1241,225,Jul25_0/319-20190723083500-snapshot.jpg
1,0,20190723,092100,84,5,317,778,372,844,Jul25_0/319-20190723092100-snapshot.jpg
1,0,20190723,092700,44,5,792,893,843,954,Jul25_0/319-20190723092700-snapshot.jpg
1,0,20190723,093800,80,6,1701,829,1793,892,Jul25_0/319-20190723093800-snapshot.jpg
1,0,20190723,093900,81,6,1323,812,1408,867,Jul25_0/319-20190723093900-snapshot.jpg
1,0,20190723,093930,81,8,1342,761,1414,829,Jul25_0/319-20190723093930-snapshot.jpg
1,0,20190723,094000,53,6,1293,814,1370,879,Jul25_0/319-20190723094000-snapshot.jpg
1,0,20190723,100000,65,6,1329,822,1407,886,Jul25_0/319-20190723100000-snapshot.jpg
1,0,20190723,100030,72,6,1332,824,1403,887,Jul25_0/319-20190723100030-snapshot.jpg
1,0,20190723,100230,69,6,108,439,190,506,Jul25_0/319-20190723100230-snapshot.jpg
1,0,20190723,100730,82,5,1356,829,1418,893,Jul25_0/319-20190723100730-snapshot.jpg
1,0,20190723,100800,82,5,1354,807,1416,873,Jul25_0/319-20190723100800-snapshot.jpg
1,0,20190723,101800,57,5,113,435,176,497,Jul25_0/319-20190723101800-snapshot.jpg
1,0,20190723,101930,27,6,320,802,402,855,Jul25_0/319-20190723101930-snapshot.jpg
1,0,20190723,102200,31,5,834,1004,897,1063,Jul25_0/319-20190723102200-snapshot.jpg
1,0,20190723,102930,28,5,159,445,227,503,Jul25_0/319-20190723102930-snapshot.jpg
1,0,20190723,103630,83,5,80,97,144,181,Jul25_0/319-20190723103630-snapshot.jpg
1,0,20190723,104230,38,1,950,451,993,496,Jul25_0/319-20190723104230-snapshot.jpg
1,0,20190723,104400,64,1,1550,333,1591,370,Jul25_0/319-20190723104400-snapshot.jpg
1,0,20190723,104630,83,5,153,192,235,255,Jul25_0/319-20190723104630-snapshot.jpg
1,0,20190723,104830,49,6,1210,503,1264,576,Jul25_0/319-20190723104830-snapshot.jpg
1,0,20190723,110630,87,4,1522,719,1622,823,Jul25_0/319-20190723110630-snapshot.jpg
1,0,20190723,110800,56,5,1386,741,1452,794,Jul25_0/319-20190723110800-snapshot.jpg
1,0,20190723,111100,84,5,1190,551,1245,616,Jul25_0/319-20190723111100-snapshot.jpg
1,0,20190723,112230,78,5,1192,582,1242,643,Jul25_0/319-20190723112230-snapshot.jpg
1,0,20190723,112600,70,5,76,1,125,54,Jul25_0/319-20190723112600-snapshot.jpg
1,0,20190723,112800,79,5,55,338,110,397,Jul25_0/319-20190723112800-snapshot.jpg
1,0,20190723,113100,83,1,492,772,535,812,Jul25_0/319-20190723113100-snapshot.jpg
1,0,20190723,113130,64,1,745,1014,786,1056,Jul25_0/319-20190723113130-snapshot.jpg
1,0,20190723,114600,64,6,709,278,774,343,Jul25_0/319-20190723114600-snapshot.jpg
1,0,20190723,114800,81,5,67,331,122,401,Jul25_0/319-20190723114800-snapshot.jpg
1,0,20190723,115200,35,8,1171,38,1220,100,Jul25_0/319-20190723115200-snapshot.jpg
1,0,20190723,115230,26,8,1170,38,1219,98,Jul25_0/319-20190723115230-snapshot.jpg
1,0,20190723,115300,48,8,1170,38,1218,99,Jul25_0/319-20190723115300-snapshot.jpg
1,0,20190723,120030,70,5,1343,752,1396,823,Jul25_0/319-20190723120030-snapshot.jpg
1,0,20190723,120600,85,4,1334,806,1436,901,Jul25_0/319-20190723120600-snapshot.jpg
1,0,20190723,121430,75,5,142,4,197,53,Jul25_0/319-20190723121430-snapshot.jpg
1,0,20190723,123130,84,1,46,741,89,780,Jul25_0/319-20190723123130-snapshot.jpg
1,0,20190723,124000,26,1,29,713,69,747,Jul25_0/319-20190723124000-snapshot.jpg
1,0,20190723,124000,36,5,73,332,137,378,Jul25_0/319-20190723124000-snapshot.jpg
1,0,20190723,124130,86,1,126,581,171,619,Jul25_0/319-20190723124130-snapshot.jpg
1,0,20190723,124700,82,6,746,201,837,289,Jul25_0/319-20190723124700-snapshot.jpg
1,0,20190723,124730,55,5,369,882,428,946,Jul25_0/319-20190723124730-snapshot.jpg
1,0,20190723,125430,79,5,1200,507,1264,577,Jul25_0/319-20190723125430-snapshot.jpg
1,0,20190723,130000,71,5,324,820,378,879,Jul25_0/319-20190723130000-snapshot.jpg
1,0,20190723,130130,81,5,148,33,203,94,Jul25_0/319-20190723130130-snapshot.jpg
1,0,20190723,131100,78,1,479,401,522,443,Jul25_0/319-20190723131100-snapshot.jpg
1,0,20190723,131130,85,1,514,458,570,516,Jul25_0/319-20190723131130-snapshot.jpg
1,0,20190723,131200,85,1,523,461,577,513,Jul25_0/319-20190723131200-snapshot.jpg
1,0,20190723,131330,25,1,733,503,778,549,Jul25_0/319-20190723131330-snapshot.jpg
1,0,20190723,131400,56,5,114,279,174,336,Jul25_0/319-20190723131400-snapshot.jpg
1,0,20190723,131400,72,1,674,224,721,274,Jul25_0/319-20190723131400-snapshot.jpg
1,0,20190723,132130,80,8,171,955,241,1033,Jul25_0/319-20190723132130-snapshot.jpg
1,0,20190723,132430,74,5,1354,769,1407,836,Jul25_0/319-20190723132430-snapshot.jpg
1,0,20190723,132630,76,1,1484,881,1527,929,Jul25_0/319-20190723132630-snapshot.jpg
1,0,20190723,134000,88,4,1312,806,1422,883,Jul25_0/319-20190723134000-snapshot.jpg
1,0,20190723,134400,83,5,1355,771,1410,841,Jul25_0/319-20190723134400-snapshot.jpg
1,0,20190723,135930,88,1,939,258,994,320,Jul25_0/319-20190723135930-snapshot.jpg
1,0,20190723,140030,83,5,1154,685,1247,759,Jul25_0/319-20190723140030-snapshot.jpg
1,0,20190723,140530,68,5,609,959,674,1007,Jul25_0/319-20190723140530-snapshot.jpg
1,0,20190723,140700,87,3,1293,803,1379,888,Jul25_0/319-20190723140700-snapshot.jpg
1,0,20190723,141030,83,1,660,624,706,675,Jul25_0/319-20190723141030-snapshot.jpg
1,0,20190723,141330,62,5,141,320,199,372,Jul25_0/319-20190723141330-snapshot.jpg
1,0,20190723,141930,81,1,0,691,36,724,Jul25_0/319-20190723141930-snapshot.jpg
1,0,20190723,142000,84,1,175,617,224,669,Jul25_0/319-20190723142000-snapshot.jpg
1,0,20190723,142000,88,1,673,956,721,1008,Jul25_0/319-20190723142000-snapshot.jpg
1,0,20190723,142100,85,1,503,889,553,936,Jul25_0/319-20190723142100-snapshot.jpg
1,0,20190723,142330,84,1,1462,230,1504,268,Jul25_0/319-20190723142330-snapshot.jpg
1,0,20190723,142930,81,5,1203,527,1259,589,Jul25_0/319-20190723142930-snapshot.jpg
1,0,20190723,143200,88,1,1829,465,1879,520,Jul25_0/319-20190723143200-snapshot.jpg
1,0,20190723,143630,84,1,720,345,774,402,Jul25_0/319-20190723143630-snapshot.jpg
1,0,20190723,143730,33,5,140,481,193,545,Jul25_0/319-20190723143730-snapshot.jpg
1,0,20190723,143930,73,5,115,27,173,67,Jul25_0/319-20190723143930-snapshot.jpg
1,0,20190723,145030,90,3,1113,512,1233,598,Jul25_0/319-20190723145030-snapshot.jpg
1,0,20190723,145130,82,5,111,394,168,460,Jul25_0/319-20190723145130-snapshot.jpg
1,0,20190723,145830,88,3,1698,883,1812,975,Jul25_0/319-20190723145830-snapshot.jpg
1,0,20190723,150100,59,1,323,0,370,29,Jul25_0/319-20190723150100-snapshot.jpg
1,0,20190723,150230,85,1,943,328,998,383,Jul25_0/319-20190723150230-snapshot.jpg
1,0,20190723,150300,74,1,125,615,166,654,Jul25_0/319-20190723150300-snapshot.jpg
1,0,20190723,150830,87,1,476,546,522,593,Jul25_0/319-20190723150830-snapshot.jpg
1,0,20190723,151330,83,1,1142,31,1185,69,Jul25_0/319-20190723151330-snapshot.jpg
1,0,20190723,151830,77,5,1027,880,1080,946,Jul25_0/319-20190723151830-snapshot.jpg
1,0,20190723,152330,86,1,1283,851,1328,893,Jul25_0/319-20190723152330-snapshot.jpg
1,0,20190723,152630,73,1,1594,935,1640,979,Jul25_0/319-20190723152630-snapshot.jpg
1,0,20190723,152900,82,1,953,101,994,136,Jul25_0/319-20190723152900-snapshot.jpg
1,0,20190723,152930,74,5,1267,34,1317,76,Jul25_0/319-20190723152930-snapshot.jpg
1,0,20190723,152930,88,1,502,757,552,813,Jul25_0/319-20190723152930-snapshot.jpg
1,0,20190723,153300,82,5,1246,575,1297,635,Jul25_0/319-20190723153300-snapshot.jpg
1,0,20190723,153630,86,5,1424,178,1509,239,Jul25_0/319-20190723153630-snapshot.jpg
1,0,20190723,153800,78,5,350,771,413,819,Jul25_0/319-20190723153800-snapshot.jpg
1,0,20190723,153830,85,5,1099,528,1178,594,Jul25_0/319-20190723153830-snapshot.jpg
1,0,20190723,154130,83,1,88,747,131,791,Jul25_0/319-20190723154130-snapshot.jpg
1,0,20190723,154230,68,1,8,1003,48,1036,Jul25_0/319-20190723154230-snapshot.jpg
1,0,20190723,154800,78,1,864,557,914,617,Jul25_0/319-20190723154800-snapshot.jpg
1,0,20190723,155630,87,5,321,115,406,187,Jul25_0/319-20190723155630-snapshot.jpg
1,0,20190723,162230,74,5,82,43,140,85,Jul25_0/319-20190723162230-snapshot.jpg
1,0,20190723,162600,88,4,1234,518,1338,604,Jul25_0/319-20190723162600-snapshot.jpg
1,0,20190723,163100,86,1,871,416,925,475,Jul25_0/319-20190723163100-snapshot.jpg
1,0,20190723,164030,50,5,316,770,368,832,Jul25_0/319-20190723164030-snapshot.jpg
1,0,20190723,170130,38,5,75,368,139,416,Jul25_0/319-20190723170130-snapshot.jpg
1,0,20190723,170230,81,5,156,70,214,134,Jul25_0/319-20190723170230-snapshot.jpg
1,0,20190723,170700,84,5,327,766,380,829,Jul25_0/319-20190723170700-snapshot.jpg
1,0,20190723,171030,32,5,1882,774,1919,839,Jul25_0/319-20190723171030-snapshot.jpg
1,0,20190723,171900,87,1,873,226,925,276,Jul25_0/319-20190723171900-snapshot.jpg
1,0,20190723,171930,87,1,294,300,341,342,Jul25_0/319-20190723171930-snapshot.jpg
1,0,20190723,172100,81,1,10,1032,53,1068,Jul25_0/319-20190723172100-snapshot.jpg
1,0,20190723,172230,86,1,156,680,203,726,Jul25_0/319-20190723172230-snapshot.jpg
1,0,20190723,172600,85,5,1237,634,1302,711,Jul25_0/319-20190723172600-snapshot.jpg
1,0,20190723,172930,80,1,585,632,639,686,Jul25_0/319-20190723172930-snapshot.jpg
1,0,20190723,173330,85,1,1002,611,1047,659,Jul25_0/319-20190723173330-snapshot.jpg
1,0,20190723,173600,84,1,60,987,107,1036,Jul25_0/319-20190723173600-snapshot.jpg
1,0,20190723,173830,73,5,753,291,810,334,Jul25_0/319-20190723173830-snapshot.jpg
1,0,20190723,174200,84,5,1111,520,1168,590,Jul25_0/319-20190723174200-snapshot.jpg
1,0,20190723,180000,78,5,1130,550,1190,617,Jul25_0/319-20190723180000-snapshot.jpg
1,0,20190723,181400,82,5,940,1025,1027,1075,Jul25_0/319-20190723181400-snapshot.jpg
1,0,20190723,181430,81,5,61,354,147,413,Jul25_0/319-20190723181430-snapshot.jpg
1,0,20190723,182030,30,5,354,747,404,795,Jul25_0/319-20190723182030-snapshot.jpg
1,0,20190723,182630,82,8,1537,89,1654,154,Jul25_0/319-20190723182630-snapshot.jpg
1,0,20190723,183230,29,5,329,739,377,791,Jul25_0/319-20190723183230-snapshot.jpg
1,0,20190723,184200,52,5,68,347,123,393,Jul25_0/319-20190723184200-snapshot.jpg
1,0,20190723,190700,87,4,1260,717,1349,799,Jul25_0/319-20190723190700-snapshot.jpg
1,0,20190723,191530,83,1,1748,701,1793,743,Jul25_0/319-20190723191530-snapshot.jpg
1,0,20190723,192000,81,1,1306,442,1352,489,Jul25_0/319-20190723192000-snapshot.jpg
1,0,20190723,192030,77,5,1305,489,1361,557,Jul25_0/319-20190723192030-snapshot.jpg
1,0,20190723,192030,83,1,1612,935,1658,982,Jul25_0/319-20190723192030-snapshot.jpg
1,0,20190723,192300,61,1,1820,776,1861,814,Jul25_0/319-20190723192300-snapshot.jpg
1,0,20190723,192330,88,1,1678,904,1728,957,Jul25_0/319-20190723192330-snapshot.jpg
1,0,20190723,194400,65,6,1388,814,1457,877,Jul25_0/319-20190723194400-snapshot.jpg
1,0,20190723,194430,62,6,1300,789,1393,857,Jul25_0/319-20190723194430-snapshot.jpg
1,0,20190723,194500,29,6,1361,750,1421,816,Jul25_0/319-20190723194500-snapshot.jpg
1,0,20190723,195400,83,1,0,1015,31,1059,Jul25_0/319-20190723195400-snapshot.jpg
1,0,20190723,195500,85,1,347,885,397,936,Jul25_0/319-20190723195500-snapshot.jpg
1,0,20190723,195530,88,1,220,741,272,800,Jul25_0/319-20190723195530-snapshot.jpg
1,0,20190723,195630,79,1,424,350,466,391,Jul25_0/319-20190723195630-snapshot.jpg
1,0,20190723,195700,87,1,712,110,764,159,Jul25_0/319-20190723195700-snapshot.jpg
1,0,20190723,195800,90,1,1490,335,1543,390,Jul25_0/319-20190723195800-snapshot.jpg
1,0,20190723,200330,78,5,75,330,149,381,Jul25_0/319-20190723200330-snapshot.jpg
1,0,20190723,200400,62,5,119,274,178,314,Jul25_0/319-20190723200400-snapshot.jpg
1,0,20190723,201130,37,1,1813,406,1859,452,Jul25_0/319-20190723201130-snapshot.jpg
1,0,20190723,201330,79,5,153,4,218,45,Jul25_0/319-20190723201330-snapshot.jpg
1,0,20190723,201500,77,1,1621,84,1665,129,Jul25_0/319-20190723201500-snapshot.jpg
1,0,20190723,201630,37,5,1776,66,1820,120,Jul25_0/319-20190723201630-snapshot.jpg
1,0,20190723,201630,89,1,494,798,547,867,Jul25_0/319-20190723201630-snapshot.jpg
1,0,20190723,201700,33,5,1736,79,1800,113,Jul25_0/319-20190723201700-snapshot.jpg
1,0,20190723,202130,89,1,1362,370,1409,423,Jul25_0/319-20190723202130-snapshot.jpg
1,0,20190723,203500,86,1,1643,512,1698,582,Jul25_0/319-20190723203500-snapshot.jpg
1,0,20190723,210530,78,1,630,1021,672,1064,Jul25_0/319-20190723210530-snapshot.jpg
1,0,20190723,210630,83,1,648,996,693,1045,Jul25_0/319-20190723210630-snapshot.jpg
1,0,20190723,210830,87,1,680,749,727,797,Jul25_0/319-20190723210830-snapshot.jpg
1,0,20190723,210930,62,1,811,659,853,703,Jul25_0/319-20190723210930-snapshot.jpg
1,0,20190723,211030,89,1,975,540,1026,605,Jul25_0/319-20190723211030-snapshot.jpg
1,0,20190723,211100,81,1,646,737,691,778,Jul25_0/319-20190723211100-snapshot.jpg
1,0,20190723,211130,85,1,751,664,792,707,Jul25_0/319-20190723211130-snapshot.jpg
1,0,20190723,211200,51,1,640,795,685,840,Jul25_0/319-20190723211200-snapshot.jpg
1,0,20190723,211230,86,1,854,594,902,642,Jul25_0/319-20190723211230-snapshot.jpg
1,0,20190723,211330,82,1,1325,593,1371,629,Jul25_0/319-20190723211330-snapshot.jpg
1,0,20190723,211500,66,1,1178,609,1231,663,Jul25_0/319-20190723211500-snapshot.jpg
1,0,20190723,211530,84,1,1013,731,1060,775,Jul25_0/319-20190723211530-snapshot.jpg
1,0,20190723,212230,84,1,737,1041,780,1079,Jul25_0/319-20190723212230-snapshot.jpg
1,0,20190723,212300,84,1,769,916,816,967,Jul25_0/319-20190723212300-snapshot.jpg
1,0,20190723,212700,84,1,1183,356,1223,394,Jul25_0/319-20190723212700-snapshot.jpg
1,0,20190723,213230,82,1,1627,926,1680,982,Jul25_0/319-20190723213230-snapshot.jpg
1,0,20190723,213300,72,1,1753,877,1795,922,Jul25_0/319-20190723213300-snapshot.jpg
1,0,20190723,213330,84,1,1702,686,1745,730,Jul25_0/319-20190723213330-snapshot.jpg
1,0,20190723,213400,58,1,1829,747,1876,799,Jul25_0/319-20190723213400-snapshot.jpg
1,0,20190723,213730,66,1,1880,783,1920,837,Jul25_0/319-20190723213730-snapshot.jpg
1,0,20190723,213800,85,1,42,983,95,1042,Jul25_0/319-20190723213800-snapshot.jpg
1,0,20190723,213830,82,1,1820,413,1873,468,Jul25_0/319-20190723213830-snapshot.jpg
1,0,20190723,213900,62,1,1453,275,1498,314,Jul25_0/319-20190723213900-snapshot.jpg
1,0,20190723,214100,85,1,1137,306,1188,363,Jul25_0/319-20190723214100-snapshot.jpg
1,0,20190723,214130,81,1,900,346,949,404,Jul25_0/319-20190723214130-snapshot.jpg
1,0,20190723,214200,87,1,734,679,788,740,Jul25_0/319-20190723214200-snapshot.jpg
1,0,20190723,214330,85,1,699,737,748,788,Jul25_0/319-20190723214330-snapshot.jpg
1,0,20190723,214400,80,1,699,742,740,779,Jul25_0/319-20190723214400-snapshot.jpg
1,0,20190723,214430,82,1,756,817,800,861,Jul25_0/319-20190723214430-snapshot.jpg
1,0,20190723,214500,83,1,758,815,803,856,Jul25_0/319-20190723214500-snapshot.jpg
1,0,20190723,214530,82,1,759,816,803,855,Jul25_0/319-20190723214530-snapshot.jpg
1,0,20190723,214600,82,1,758,816,802,855,Jul25_0/319-20190723214600-snapshot.jpg
1,0,20190723,214630,83,1,757,816,803,857,Jul25_0/319-20190723214630-snapshot.jpg
1,0,20190723,214700,81,1,757,815,802,857,Jul25_0/319-20190723214700-snapshot.jpg
1,0,20190723,214730,84,1,760,813,805,858,Jul25_0/319-20190723214730-snapshot.jpg
1,0,20190723,214800,80,1,756,813,802,856,Jul25_0/319-20190723214800-snapshot.jpg
1,0,20190723,214830,79,1,759,813,804,858,Jul25_0/319-20190723214830-snapshot.jpg
1,0,20190723,214900,82,1,759,813,805,858,Jul25_0/319-20190723214900-snapshot.jpg
1,0,20190723,214930,81,1,764,797,805,834,Jul25_0/319-20190723214930-snapshot.jpg
1,0,20190723,215000,81,1,706,767,752,814,Jul25_0/319-20190723215000-snapshot.jpg
1,0,20190723,215030,78,1,612,690,656,733,Jul25_0/319-20190723215030-snapshot.jpg
1,0,20190723,215100,84,1,639,731,687,783,Jul25_0/319-20190723215100-snapshot.jpg
1,0,20190723,215200,71,1,685,816,731,860,Jul25_0/319-20190723215200-snapshot.jpg
1,0,20190723,215300,71,1,704,778,746,820,Jul25_0/319-20190723215300-snapshot.jpg
1,0,20190723,215430,77,1,699,727,745,771,Jul25_0/319-20190723215430-snapshot.jpg
1,0,20190723,215500,82,1,581,809,627,858,Jul25_0/319-20190723215500-snapshot.jpg
1,0,20190723,215530,84,1,571,849,622,906,Jul25_0/319-20190723215530-snapshot.jpg
1,0,20190723,215630,83,1,685,656,729,699,Jul25_0/319-20190723215630-snapshot.jpg
1,0,20190723,215730,84,1,984,692,1033,744,Jul25_0/319-20190723215730-snapshot.jpg
1,0,20190723,215800,85,1,994,520,1044,568,Jul25_0/319-20190723215800-snapshot.jpg
1,0,20190723,220000,80,1,990,694,1038,739,Jul25_0/319-20190723220000-snapshot.jpg
1,0,20190723,220100,82,1,964,372,1010,422,Jul25_0/319-20190723220100-snapshot.jpg
1,0,20190723,220200,76,1,1051,467,1102,518,Jul25_0/319-20190723220200-snapshot.jpg
1,0,20190723,220230,82,1,975,662,1028,717,Jul25_0/319-20190723220230-snapshot.jpg
1,0,20190723,220300,84,1,817,464,875,527,Jul25_0/319-20190723220300-snapshot.jpg
1,0,20190724,043600,66,1,1790,65,1838,110,Jul25_0/323-20190724043600-snapshot.jpg
1,0,20190724,043800,81,1,1713,65,1768,115,Jul25_0/323-20190724043800-snapshot.jpg
1,0,20190724,043830,62,1,1680,63,1732,106,Jul25_0/323-20190724043830-snapshot.jpg
1,0,20190724,043900,67,1,1559,2,1617,56,Jul25_0/323-20190724043900-snapshot.jpg
1,0,20190724,044930,73,1,763,635,803,671,Jul25_0/325-20190724044930-snapshot.jpg
1,0,20190724,045000,78,1,693,669,739,719,Jul25_0/325-20190724045000-snapshot.jpg
1,0,20190724,045030,55,1,667,643,710,692,Jul25_0/325-20190724045030-snapshot.jpg
1,0,20190724,045100,82,1,680,696,726,739,Jul25_0/325-20190724045100-snapshot.jpg
1,0,20190724,045200,86,1,798,716,852,776,Jul25_0/325-20190724045200-snapshot.jpg
1,0,20190724,045230,84,1,777,733,829,789,Jul25_0/325-20190724045230-snapshot.jpg
1,0,20190724,045330,79,1,651,746,696,784,Jul25_0/325-20190724045330-snapshot.jpg
1,0,20190724,045400,66,1,663,754,705,793,Jul25_0/325-20190724045400-snapshot.jpg
1,0,20190724,045430,76,1,669,750,713,790,Jul25_0/325-20190724045430-snapshot.jpg
1,0,20190724,045500,76,1,670,749,714,790,Jul25_0/325-20190724045500-snapshot.jpg
1,0,20190724,045530,76,1,671,748,715,791,Jul25_0/325-20190724045530-snapshot.jpg
1,0,20190724,045600,68,1,671,749,717,792,Jul25_0/326-20190724045600-snapshot.jpg
1,0,20190724,045630,62,1,670,750,715,793,Jul25_0/326-20190724045630-snapshot.jpg
1,0,20190724,045700,74,1,669,749,713,791,Jul25_0/326-20190724045700-snapshot.jpg
1,0,20190724,045730,80,1,684,745,730,790,Jul25_0/326-20190724045730-snapshot.jpg
1,0,20190724,045900,81,1,572,741,617,778,Jul25_0/326-20190724045900-snapshot.jpg
1,0,20190724,050000,76,1,693,750,734,785,Jul25_0/326-20190724050000-snapshot.jpg
1,0,20190724,050030,69,1,691,749,734,785,Jul25_0/326-20190724050030-snapshot.jpg
1,0,20190724,050100,54,1,689,750,732,786,Jul25_0/326-20190724050100-snapshot.jpg
1,0,20190724,050130,66,1,690,747,733,782,Jul25_0/326-20190724050130-snapshot.jpg
1,0,20190724,050200,71,1,691,747,733,783,Jul25_0/326-20190724050200-snapshot.jpg
1,0,20190724,050230,72,1,692,748,735,784,Jul25_0/326-20190724050230-snapshot.jpg
1,0,20190724,050300,71,1,691,747,735,783,Jul25_0/326-20190724050300-snapshot.jpg
1,0,20190724,050330,70,1,691,747,734,783,Jul25_0/327-20190724050330-snapshot.jpg
1,0,20190724,050400,73,1,692,747,735,782,Jul25_0/327-20190724050400-snapshot.jpg
1,0,20190724,050430,71,1,692,748,734,784,Jul25_0/327-20190724050430-snapshot.jpg
1,0,20190724,050500,70,1,691,749,733,785,Jul25_0/327-20190724050500-snapshot.jpg
1,0,20190724,050530,66,1,691,748,733,782,Jul25_0/327-20190724050530-snapshot.jpg
1,0,20190724,050600,74,1,692,748,734,783,Jul25_0/327-20190724050600-snapshot.jpg
1,0,20190724,050630,68,1,690,749,733,785,Jul25_0/327-20190724050630-snapshot.jpg
1,0,20190724,050700,70,1,691,749,733,784,Jul25_0/327-20190724050700-snapshot.jpg
1,0,20190724,050730,76,1,692,748,734,784,Jul25_0/327-20190724050730-snapshot.jpg
1,0,20190724,050800,76,1,690,748,733,784,Jul25_0/328-20190724050800-snapshot.jpg
1,0,20190724,050830,73,1,693,746,735,781,Jul25_0/328-20190724050830-snapshot.jpg
1,0,20190724,050900,77,1,691,748,734,784,Jul25_0/328-20190724050900-snapshot.jpg
1,0,20190724,050930,75,1,692,747,735,783,Jul25_0/328-20190724050930-snapshot.jpg
1,0,20190724,051000,71,1,692,747,735,783,Jul25_0/328-20190724051000-snapshot.jpg
1,0,20190724,051030,60,1,692,745,733,779,Jul25_0/328-20190724051030-snapshot.jpg
1,0,20190724,051100,36,1,691,745,732,779,Jul25_0/328-20190724051100-snapshot.jpg
1,0,20190724,051130,40,1,693,744,734,778,Jul25_0/328-20190724051130-snapshot.jpg
1,0,20190724,051200,65,1,692,745,733,779,Jul25_0/328-20190724051200-snapshot.jpg
1,0,20190724,051230,37,1,691,745,732,779,Jul25_0/328-20190724051230-snapshot.jpg
1,0,20190724,051300,52,1,692,744,732,779,Jul25_0/328-20190724051300-snapshot.jpg
1,0,20190724,051330,59,1,692,745,733,779,Jul25_0/328-20190724051330-snapshot.jpg
1,0,20190724,051400,58,1,692,745,732,778,Jul25_0/328-20190724051400-snapshot.jpg
1,0,20190724,051430,58,1,692,746,732,779,Jul25_0/328-20190724051430-snapshot.jpg
1,0,20190724,051500,49,1,692,744,732,777,Jul25_0/329-20190724051500-snapshot.jpg
1,0,20190724,051530,59,1,691,744,731,777,Jul25_0/329-20190724051530-snapshot.jpg
1,0,20190724,051600,58,1,693,745,732,778,Jul25_0/329-20190724051600-snapshot.jpg
1,0,20190724,051630,64,1,692,746,732,779,Jul25_0/329-20190724051630-snapshot.jpg
1,0,20190724,051700,61,1,692,745,732,777,Jul25_0/329-20190724051700-snapshot.jpg
1,0,20190724,051730,62,1,691,744,732,777,Jul25_0/329-20190724051730-snapshot.jpg
1,0,20190724,051800,47,1,692,746,732,778,Jul25_0/329-20190724051800-snapshot.jpg
1,0,20190724,051830,48,1,692,745,731,777,Jul25_0/329-20190724051830-snapshot.jpg
1,0,20190724,051900,57,1,692,746,731,779,Jul25_0/329-20190724051900-snapshot.jpg
1,0,20190724,051930,59,1,692,744,733,776,Jul25_0/329-20190724051930-snapshot.jpg
1,0,20190724,052000,35,1,692,745,731,777,Jul25_0/329-20190724052000-snapshot.jpg
1,0,20190724,052030,51,1,694,746,733,778,Jul25_0/329-20190724052030-snapshot.jpg
1,0,20190724,052100,56,1,692,744,732,777,Jul25_0/329-20190724052100-snapshot.jpg
1,0,20190724,052130,53,1,692,745,732,778,Jul25_0/329-20190724052130-snapshot.jpg
1,0,20190724,052200,56,1,692,744,731,777,Jul25_0/329-20190724052200-snapshot.jpg
1,0,20190724,052230,65,1,692,745,732,777,Jul25_0/329-20190724052230-snapshot.jpg
1,0,20190724,052300,49,1,693,746,732,778,Jul25_0/329-20190724052300-snapshot.jpg
1,0,20190724,052330,38,1,693,745,732,776,Jul25_0/329-20190724052330-snapshot.jpg
1,0,20190724,052400,63,1,693,745,733,777,Jul25_0/329-20190724052400-snapshot.jpg
1,0,20190724,052430,59,1,693,746,732,777,Jul25_0/329-20190724052430-snapshot.jpg
1,0,20190724,052500,60,1,693,745,732,776,Jul25_0/329-20190724052500-snapshot.jpg
1,0,20190724,052530,50,1,693,746,732,777,Jul25_0/329-20190724052530-snapshot.jpg
1,0,20190724,052600,70,1,695,746,734,777,Jul25_0/329-20190724052600-snapshot.jpg
1,0,20190724,052630,61,1,694,745,734,777,Jul25_0/329-20190724052630-snapshot.jpg
1,0,20190724,052700,71,1,694,744,735,776,Jul25_0/329-20190724052700-snapshot.jpg
1,0,20190724,052730,67,1,693,745,734,776,Jul25_0/329-20190724052730-snapshot.jpg
1,0,20190724,052800,59,1,690,744,730,777,Jul25_0/329-20190724052800-snapshot.jpg
1,0,20190724,052830,71,1,693,746,734,780,Jul25_0/329-20190724052830-snapshot.jpg
1,0,20190724,052930,78,1,706,761,754,794,Jul25_0/329-20190724052930-snapshot.jpg
1,0,20190724,053000,61,1,668,647,710,691,Jul25_0/329-20190724053000-snapshot.jpg
1,0,20190724,053100,79,1,638,729,683,777,Jul25_0/329-20190724053100-snapshot.jpg
1,0,20190724,053200,80,1,626,814,672,864,Jul25_0/329-20190724053200-snapshot.jpg
1,0,20190724,053230,82,1,667,802,717,851,Jul25_0/329-20190724053230-snapshot.jpg
1,0,20190724,053300,85,1,735,733,783,790,Jul25_0/329-20190724053300-snapshot.jpg
1,0,20190724,053400,87,1,847,480,900,540,Jul25_0/329-20190724053400-snapshot.jpg
1,0,20190724,053430,87,1,981,492,1031,551,Jul25_0/329-20190724053430-snapshot.jpg
1,0,20190724,053500,82,1,835,590,882,640,Jul25_0/329-20190724053500-snapshot.jpg
1,0,20190724,053600,76,1,808,673,848,710,Jul25_0/329-20190724053600-snapshot.jpg
1,0,20190724,053630,82,1,677,670,727,722,Jul25_0/329-20190724053630-snapshot.jpg
1,0,20190724,053700,85,1,802,697,851,752,Jul25_0/329-20190724053700-snapshot.jpg
1,0,20190724,053730,28,1,719,804,764,849,Jul25_0/329-20190724053730-snapshot.jpg
1,0,20190724,053800,71,1,701,794,750,838,Jul25_0/329-20190724053800-snapshot.jpg
1,0,20190724,053900,87,1,789,673,839,734,Jul25_0/329-20190724053900-snapshot.jpg
1,0,20190724,054000,81,1,662,745,709,789,Jul25_0/329-20190724054000-snapshot.jpg
1,0,20190724,054030,82,1,527,820,578,879,Jul25_0/329-20190724054030-snapshot.jpg
1,0,20190724,054230,75,1,611,722,653,765,Jul25_0/329-20190724054230-snapshot.jpg
1,0,20190724,054300,84,1,676,789,727,847,Jul25_0/329-20190724054300-snapshot.jpg
1,0,20190724,054330,77,1,715,769,756,812,Jul25_0/329-20190724054330-snapshot.jpg
1,0,20190724,054400,71,1,751,715,806,772,Jul25_0/329-20190724054400-snapshot.jpg
1,0,20190724,054430,84,1,783,691,830,738,Jul25_0/329-20190724054430-snapshot.jpg
1,0,20190724,054500,75,1,751,648,791,689,Jul25_0/329-20190724054500-snapshot.jpg
1,0,20190724,054530,87,1,831,599,884,659,Jul25_0/329-20190724054530-snapshot.jpg
1,0,20190724,054600,86,1,944,586,998,647,Jul25_0/329-20190724054600-snapshot.jpg
1,0,20190724,054630,83,1,1035,545,1084,596,Jul25_0/329-20190724054630-snapshot.jpg
1,0,20190724,054700,82,1,1057,552,1101,592,Jul25_0/329-20190724054700-snapshot.jpg
1,0,20190724,054730,86,1,1020,634,1071,692,Jul25_0/329-20190724054730-snapshot.jpg
1,0,20190724,054800,68,1,1597,21,1646,57,Jul25_0/329-20190724054800-snapshot.jpg
1,0,20190724,054800,85,1,874,686,920,738,Jul25_0/329-20190724054800-snapshot.jpg
1,0,20190724,054830,84,1,1651,7,1698,52,Jul25_0/329-20190724054830-snapshot.jpg
1,0,20190724,054830,88,1,794,669,847,734,Jul25_0/329-20190724054830-snapshot.jpg
1,0,20190724,054900,85,1,745,757,794,815,Jul25_0/329-20190724054900-snapshot.jpg
1,0,20190724,054900,86,1,1649,17,1697,58,Jul25_0/329-20190724054900-snapshot.jpg
1,0,20190724,054930,86,1,684,822,733,875,Jul25_0/329-20190724054930-snapshot.jpg
1,0,20190724,055000,72,1,1669,30,1712,65,Jul25_0/329-20190724055000-snapshot.jpg
1,0,20190724,055030,84,1,1710,29,1757,70,Jul25_0/329-20190724055030-snapshot.jpg
1,0,20190724,055030,85,1,550,844,603,899,Jul25_0/329-20190724055030-snapshot.jpg
1,0,20190724,055100,84,1,1708,29,1757,71,Jul25_0/329-20190724055100-snapshot.jpg
1,0,20190724,055130,80,1,1701,52,1746,91,Jul25_0/329-20190724055130-snapshot.jpg
1,0,20190724,055200,25,1,652,735,696,772,Jul25_0/329-20190724055200-snapshot.jpg
1,0,20190724,055200,83,1,1700,64,1747,104,Jul25_0/329-20190724055200-snapshot.jpg
1,0,20190724,055230,83,1,1691,62,1736,99,Jul25_0/329-20190724055230-snapshot.jpg
1,0,20190724,055300,85,1,1626,84,1673,128,Jul25_0/329-20190724055300-snapshot.jpg
1,0,20190724,055330,84,1,1570,68,1615,112,Jul25_0/329-20190724055330-snapshot.jpg
1,0,20190724,055400,75,1,431,444,479,490,Jul25_0/329-20190724055400-snapshot.jpg
1,0,20190724,055400,77,1,1562,80,1605,122,Jul25_0/329-20190724055400-snapshot.jpg
1,0,20190724,055430,81,1,1551,95,1594,138,Jul25_0/329-20190724055430-snapshot.jpg
1,0,20190724,055500,77,1,1551,97,1594,139,Jul25_0/329-20190724055500-snapshot.jpg
1,0,20190724,055500,80,1,174,439,222,479,Jul25_0/329-20190724055500-snapshot.jpg
1,0,20190724,055530,69,1,162,425,206,466,Jul25_0/329-20190724055530-snapshot.jpg
1,0,20190724,055600,72,1,167,431,212,471,Jul25_0/329-20190724055600-snapshot.jpg
1,0,20190724,055700,80,1,1613,226,1657,267,Jul25_0/329-20190724055700-snapshot.jpg
1,0,20190724,055730,82,1,1548,208,1593,252,Jul25_0/329-20190724055730-snapshot.jpg
1,0,20190724,055730,85,1,178,413,232,466,Jul25_0/329-20190724055730-snapshot.jpg
1,0,20190724,055800,84,1,1541,253,1584,297,Jul25_0/329-20190724055800-snapshot.jpg
1,0,20190724,055800,84,1,80,357,136,409,Jul25_0/329-20190724055800-snapshot.jpg
1,0,20190724,060300,82,1,295,441,341,482,Jul25_0/329-20190724060300-snapshot.jpg
1,0,20190724,060330,80,1,224,428,269,473,Jul25_0/329-20190724060330-snapshot.jpg
1,0,20190724,060400,77,1,285,399,336,442,Jul25_0/329-20190724060400-snapshot.jpg
1,0,20190724,060430,83,1,284,401,335,443,Jul25_0/329-20190724060430-snapshot.jpg
1,0,20190724,060500,84,1,284,402,335,443,Jul25_0/329-20190724060500-snapshot.jpg
1,0,20190724,060530,84,1,283,401,334,443,Jul25_0/329-20190724060530-snapshot.jpg
1,0,20190724,060600,84,1,283,402,334,443,Jul25_0/329-20190724060600-snapshot.jpg
1,0,20190724,060630,82,1,284,400,334,440,Jul25_0/329-20190724060630-snapshot.jpg
1,0,20190724,060700,81,1,284,399,335,441,Jul25_0/329-20190724060700-snapshot.jpg
1,0,20190724,060730,83,1,284,398,334,441,Jul25_0/330-20190724060730-snapshot.jpg
1,0,20190724,060800,85,1,283,398,335,440,Jul25_0/330-20190724060800-snapshot.jpg
1,0,20190724,060830,85,1,305,393,355,440,Jul25_0/330-20190724060830-snapshot.jpg
1,0,20190724,060900,80,1,420,360,462,399,Jul25_0/330-20190724060900-snapshot.jpg
1,0,20190724,061000,81,1,560,506,607,549,Jul25_0/330-20190724061000-snapshot.jpg
1,0,20190724,061130,62,1,708,561,751,602,Jul25_0/330-20190724061130-snapshot.jpg
1,0,20190724,061200,75,1,618,610,665,660,Jul25_0/330-20190724061200-snapshot.jpg
1,0,20190724,061230,80,1,698,575,743,619,Jul25_0/330-20190724061230-snapshot.jpg
1,0,20190724,061500,84,1,655,560,702,610,Jul25_0/330-20190724061500-snapshot.jpg
1,0,20190724,061530,86,1,762,599,817,660,Jul25_0/330-20190724061530-snapshot.jpg
1,0,20190724,061600,84,1,836,594,889,654,Jul25_0/330-20190724061600-snapshot.jpg
1,0,20190724,061630,81,1,847,671,890,713,Jul25_0/330-20190724061630-snapshot.jpg
1,0,20190724,061730,77,1,833,586,878,633,Jul25_0/330-20190724061730-snapshot.jpg
1,0,20190724,061800,86,1,944,572,998,634,Jul25_0/330-20190724061800-snapshot.jpg
1,0,20190724,061830,82,1,950,490,997,533,Jul25_0/330-20190724061830-snapshot.jpg
1,0,20190724,061900,86,1,894,451,947,511,Jul25_0/330-20190724061900-snapshot.jpg
1,0,20190724,062000,81,1,1082,368,1125,416,Jul25_0/330-20190724062000-snapshot.jpg
1,0,20190724,062030,87,1,1201,331,1249,379,Jul25_0/330-20190724062030-snapshot.jpg
1,0,20190724,062130,66,1,1284,533,1323,564,Jul25_0/330-20190724062130-snapshot.jpg
1,0,20190724,062200,85,1,1432,523,1483,564,Jul25_0/330-20190724062200-snapshot.jpg
1,0,20190724,062230,80,1,1597,511,1636,544,Jul25_0/330-20190724062230-snapshot.jpg
1,0,20190724,062400,75,1,1784,498,1831,538,Jul25_0/330-20190724062400-snapshot.jpg
1,0,20190724,062400,86,1,1551,420,1590,457,Jul25_0/330-20190724062400-snapshot.jpg
1,0,20190724,062430,81,1,1807,501,1855,543,Jul25_0/330-20190724062430-snapshot.jpg
1,0,20190724,062500,80,1,1807,499,1855,542,Jul25_0/330-20190724062500-snapshot.jpg
1,0,20190724,062500,81,1,1445,456,1488,500,Jul25_0/330-20190724062500-snapshot.jpg
1,0,20190724,062630,70,1,1827,564,1874,601,Jul25_0/330-20190724062630-snapshot.jpg
1,0,20190724,063030,85,1,1762,597,1808,648,Jul25_0/331-20190724063030-snapshot.jpg
1,0,20190724,063100,85,1,1832,581,1877,627,Jul25_0/331-20190724063100-snapshot.jpg
1,0,20190724,063130,85,1,1832,581,1878,627,Jul25_0/331-20190724063130-snapshot.jpg
1,0,20190724,063200,84,1,1832,582,1878,626,Jul25_0/331-20190724063200-snapshot.jpg
1,0,20190724,063400,71,1,1864,458,1914,497,Jul25_0/331-20190724063400-snapshot.jpg
1,0,20190724,063830,74,1,1869,421,1913,461,Jul25_0/333-20190724063830-snapshot.jpg
1,0,20190724,063900,82,1,1830,547,1886,595,Jul25_0/333-20190724063900-snapshot.jpg
1,0,20190724,064530,77,1,1772,540,1814,579,Jul25_0/333-20190724064530-snapshot.jpg
1,0,20190724,064600,83,1,1778,451,1822,494,Jul25_0/333-20190724064600-snapshot.jpg
1,0,20190724,072730,84,1,341,165,386,205,Jul25_0/337-20190724072730-snapshot.jpg
1,0,20190724,072800,79,1,376,278,422,323,Jul25_0/337-20190724072800-snapshot.jpg
1,0,20190724,072930,78,1,679,867,722,910,Jul25_0/337-20190724072930-snapshot.jpg
1,0,20190724,072930,86,1,566,494,614,540,Jul25_0/337-20190724072930-snapshot.jpg
1,0,20190724,073000,52,1,646,872,696,926,Jul25_0/337-20190724073000-snapshot.jpg
1,0,20190724,075300,39,1,54,658,101,697,Jul25_0/337-20190724075300-snapshot.jpg
1,0,20190724,075300,79,1,298,643,344,685,Jul25_0/337-20190724075300-snapshot.jpg
1,0,20190724,075400,83,1,575,605,625,656,Jul25_0/337-20190724075400-snapshot.jpg
1,0,20190724,075500,53,1,776,477,821,523,Jul25_0/337-20190724075500-snapshot.jpg
1,0,20190724,075630,82,1,1338,73,1390,121,Jul25_0/337-20190724075630-snapshot.jpg
1,0,20190724,081000,26,1,819,816,867,860,Jul25_0/337-20190724081000-snapshot.jpg
1,0,20190724,081030,34,1,819,816,866,860,Jul25_0/337-20190724081030-snapshot.jpg
1,0,20190724,081100,70,1,818,818,866,863,Jul25_0/337-20190724081100-snapshot.jpg
1,0,20190724,081130,79,1,818,821,866,866,Jul25_0/337-20190724081130-snapshot.jpg
1,0,20190724,081200,81,1,818,820,867,866,Jul25_0/337-20190724081200-snapshot.jpg
1,0,20190724,081230,81,1,817,821,865,866,Jul25_0/337-20190724081230-snapshot.jpg
1,0,20190724,081300,82,1,818,821,867,867,Jul25_0/337-20190724081300-snapshot.jpg
1,0,20190724,081330,82,1,819,821,868,867,Jul25_0/337-20190724081330-snapshot.jpg
1,0,20190724,081400,82,1,819,820,867,867,Jul25_0/337-20190724081400-snapshot.jpg
1,0,20190724,081430,81,1,818,821,866,867,Jul25_0/337-20190724081430-snapshot.jpg
1,0,20190724,081500,82,1,819,822,867,868,Jul25_0/337-20190724081500-snapshot.jpg
1,0,20190724,081530,81,1,819,821,867,866,Jul25_0/337-20190724081530-snapshot.jpg
1,0,20190724,082600,81,1,1499,716,1545,760,Jul25_0/337-20190724082600-snapshot.jpg
1,0,20190724,082700,83,1,1340,109,1387,152,Jul25_0/337-20190724082700-snapshot.jpg
1,0,20190724,083400,81,1,1670,665,1721,713,Jul25_0/337-20190724083400-snapshot.jpg
1,0,20190724,085200,76,5,303,800,360,866,Jul25_0/337-20190724085200-snapshot.jpg
1,0,20190724,085230,25,5,108,397,168,462,Jul25_0/337-20190724085230-snapshot.jpg
1,0,20190724,094300,84,1,504,334,553,387,Jul25_0/337-20190724094300-snapshot.jpg
1,0,20190724,094330,84,1,1143,906,1188,951,Jul25_0/337-20190724094330-snapshot.jpg
1,0,20190724,100830,59,5,1324,808,1393,868,Jul25_0/337-20190724100830-snapshot.jpg
1,0,20190724,104530,83,5,1134,545,1195,609,Jul25_0/337-20190724104530-snapshot.jpg
1,0,20190724,105030,81,4,1271,727,1372,827,Jul25_0/337-20190724105030-snapshot.jpg
1,0,20190724,111100,29,1,366,594,410,633,Jul25_0/337-20190724111100-snapshot.jpg
1,0,20190724,111130,89,1,771,414,824,476,Jul25_0/337-20190724111130-snapshot.jpg
1,0,20190724,111200,88,1,317,83,366,132,Jul25_0/337-20190724111200-snapshot.jpg
1,0,20190724,111930,86,1,821,923,871,969,Jul25_0/337-20190724111930-snapshot.jpg
1,0,20190724,112000,66,1,1656,997,1696,1031,Jul25_0/337-20190724112000-snapshot.jpg
1,0,20190724,113330,88,4,1262,863,1387,950,Jul25_0/337-20190724113330-snapshot.jpg
1,0,20190724,115630,88,1,1498,49,1548,97,Jul25_0/337-20190724115630-snapshot.jpg
1,0,20190724,120130,58,5,1354,821,1436,873,Jul25_0/337-20190724120130-snapshot.jpg
1,0,20190724,120730,30,5,93,316,143,377,Jul25_0/337-20190724120730-snapshot.jpg
1,0,20190724,120830,88,4,1235,717,1327,795,Jul25_0/337-20190724120830-snapshot.jpg
1,0,20190724,130030,36,5,111,805,177,877,Jul25_0/337-20190724130030-snapshot.jpg
1,0,20190724,130500,87,4,1147,562,1266,678,Jul25_0/337-20190724130500-snapshot.jpg
1,0,20190724,130930,35,5,102,423,184,483,Jul25_0/337-20190724130930-snapshot.jpg
1,0,20190724,130930,42,6,104,424,185,483,Jul25_0/337-20190724130930-snapshot.jpg
1,0,20190724,134200,57,8,318,757,394,812,Jul25_0/337-20190724134200-snapshot.jpg
1,0,20190724,134700,81,5,1071,960,1155,1033,Jul25_0/337-20190724134700-snapshot.jpg
1,0,20190724,140000,57,5,808,504,879,558,Jul25_0/337-20190724140000-snapshot.jpg
1,0,20190724,145000,83,5,1676,827,1730,895,Jul25_0/337-20190724145000-snapshot.jpg
1,0,20190724,151900,81,5,744,214,797,271,Jul25_0/337-20190724151900-snapshot.jpg
1,0,20190724,153030,65,5,100,411,177,477,Jul25_0/337-20190724153030-snapshot.jpg
1,0,20190724,154200,83,5,815,299,895,357,Jul25_0/337-20190724154200-snapshot.jpg
1,0,20190724,155200,84,5,105,307,185,367,Jul25_0/337-20190724155200-snapshot.jpg
1,0,20190724,155330,79,5,129,275,184,333,Jul25_0/337-20190724155330-snapshot.jpg
1,0,20190724,155830,62,5,0,433,55,482,Jul25_0/337-20190724155830-snapshot.jpg
1,0,20190724,160830,87,4,1476,693,1559,775,Jul25_0/337-20190724160830-snapshot.jpg
1,0,20190724,161400,88,3,1620,911,1710,1001,Jul25_0/337-20190724161400-snapshot.jpg
1,0,20190724,162400,74,1,310,345,352,381,Jul25_0/337-20190724162400-snapshot.jpg
1,0,20190724,162430,85,1,1107,546,1161,606,Jul25_0/337-20190724162430-snapshot.jpg
1,0,20190724,180500,84,8,473,711,537,786,Jul25_0/337-20190724180500-snapshot.jpg
1,0,20190724,182000,80,5,96,346,151,405,Jul25_0/337-20190724182000-snapshot.jpg
1,0,20190724,185330,40,5,795,944,870,995,Jul25_0/337-20190724185330-snapshot.jpg
1,0,20190724,190530,87,3,1440,692,1519,799,Jul25_0/337-20190724190530-snapshot.jpg
1,0,20190724,193100,86,4,1486,735,1582,818,Jul25_0/337-20190724193100-snapshot.jpg
1,0,20190725,083830,85,4,1361,758,1459,835,Jul25_0/365-20190725083830-snapshot.jpg
1,0,20190725,083900,85,4,1361,758,1459,834,Jul25_0/365-20190725083900-snapshot.jpg
1,0,20190725,083930,85,4,1361,757,1459,833,Jul25_0/365-20190725083930-snapshot.jpg
1,0,20190725,084000,86,4,1332,797,1442,881,Jul25_0/365-20190725084000-snapshot.jpg
1,0,20190725,084030,85,4,1331,798,1442,880,Jul25_0/365-20190725084030-snapshot.jpg
1,0,20190725,084100,87,4,1331,799,1441,881,Jul25_0/365-20190725084100-snapshot.jpg
1,0,20190725,084130,86,4,1330,800,1439,881,Jul25_0/365-20190725084130-snapshot.jpg
1,0,20190725,084200,76,4,1327,790,1432,880,Jul25_0/365-20190725084200-snapshot.jpg
1,0,20190725,084230,82,4,1348,761,1448,838,Jul25_0/365-20190725084230-snapshot.jpg
1,0,20190725,084300,85,4,1348,762,1450,839,Jul25_0/365-20190725084300-snapshot.jpg
1,0,20190725,084330,80,4,1348,762,1450,839,Jul25_0/365-20190725084330-snapshot.jpg
1,0,20190725,084400,83,4,1349,762,1452,840,Jul25_0/365-20190725084400-snapshot.jpg
1,0,20190725,084430,86,4,1350,762,1453,840,Jul25_0/365-20190725084430-snapshot.jpg
1,0,20190725,090400,81,1,942,5,990,47,Jul25_0/365-20190725090400-snapshot.jpg
1,0,20190725,090430,84,1,943,5,993,52,Jul25_0/365-20190725090430-snapshot.jpg
1,0,20190725,090500,83,1,943,5,994,52,Jul25_0/365-20190725090500-snapshot.jpg
1,0,20190725,090530,82,1,943,5,994,53,Jul25_0/365-20190725090530-snapshot.jpg
1,0,20190725,090600,84,1,943,5,994,52,Jul25_0/365-20190725090600-snapshot.jpg
1,0,20190725,090630,76,1,989,48,1035,87,Jul25_0/365-20190725090630-snapshot.jpg
1,0,20190725,090700,79,1,1672,310,1711,346,Jul25_0/365-20190725090700-snapshot.jpg
1,0,20190725,090900,26,1,1835,709,1874,743,Jul25_0/365-20190725090900-snapshot.jpg
1,0,20190725,095700,85,8,123,585,217,654,Jul25_0/365-20190725095700-snapshot.jpg
1,0,20190717,051630,29,1,831,223,894,284,Jul25_0/44-20190717051630-snapshot.jpg
1,0,20190717,053430,41,1,830,223,894,282,Jul25_0/46-20190717053430-snapshot.jpg
1,0,20190717,065630,58,1,469,898,520,935,Jul25_0/61-20190717065630-snapshot.jpg
1,0,20190717,081000,85,1,1602,48,1649,95,Jul25_0/73-20190717081000-snapshot.jpg
1,0,20190717,081130,81,1,919,394,965,447,Jul25_0/73-20190717081130-snapshot.jpg
1,0,20190717,081230,53,1,681,675,724,713,Jul25_0/73-20190717081230-snapshot.jpg
1,0,20190717,081430,86,1,429,709,476,752,Jul25_0/73-20190717081430-snapshot.jpg
1,0,20190717,081500,86,1,248,474,293,515,Jul25_0/73-20190717081500-snapshot.jpg
1,0,20190717,081530,80,1,79,412,129,457,Jul25_0/73-20190717081530-snapshot.jpg
1,0,20190717,100130,87,3,1071,627,1183,721,Jul25_0/75-20190717100130-snapshot.jpg
1,0,20190717,102530,85,3,1493,830,1566,926,Jul25_0/75-20190717102530-snapshot.jpg
1,0,20190717,105530,86,3,1460,755,1537,851,Jul25_0/76-20190717105530-snapshot.jpg
1,0,20190717,111530,88,3,1127,640,1238,723,Jul25_0/76-20190717111530-snapshot.jpg
1,0,20190717,112600,62,5,74,89,127,161,Jul25_0/76-20190717112600-snapshot.jpg
1,0,20190717,112700,83,5,124,38,197,96,Jul25_0/76-20190717112700-snapshot.jpg
1,0,20190717,112800,67,5,0,277,50,339,Jul25_0/76-20190717112800-snapshot.jpg
1,0,20190717,112900,88,3,1155,652,1250,747,Jul25_0/76-20190717112900-snapshot.jpg
1,0,20190717,113730,36,5,1158,180,1216,252,Jul25_0/76-20190717113730-snapshot.jpg
1,0,20190717,113800,44,5,1158,175,1215,250,Jul25_0/76-20190717113800-snapshot.jpg
1,0,20190717,113900,75,5,1158,180,1217,252,Jul25_0/76-20190717113900-snapshot.jpg
1,0,20190717,114000,41,5,1158,182,1215,250,Jul25_0/76-20190717114000-snapshot.jpg
1,0,20190717,114030,53,5,1160,184,1217,251,Jul25_0/76-20190717114030-snapshot.jpg
1,0,20190717,114200,28,5,1158,185,1216,250,Jul25_0/76-20190717114200-snapshot.jpg
1,0,20190717,114200,73,8,825,40,881,109,Jul25_0/76-20190717114200-snapshot.jpg
1,0,20190717,114200,82,3,1327,845,1424,937,Jul25_0/76-20190717114200-snapshot.jpg
1,0,20190717,115230,69,5,1725,858,1810,918,Jul25_0/76-20190717115230-snapshot.jpg
1,0,20190717,115330,75,5,938,39,993,94,Jul25_0/76-20190717115330-snapshot.jpg
1,0,20190717,115530,75,5,1825,89,1892,142,Jul25_0/76-20190717115530-snapshot.jpg
1,0,20190717,115600,30,6,549,854,602,916,Jul25_0/76-20190717115600-snapshot.jpg
1,0,20190717,115600,64,5,1853,69,1903,125,Jul25_0/76-20190717115600-snapshot.jpg
1,0,20190717,121130,32,5,1707,565,1759,628,Jul25_0/76-20190717121130-snapshot.jpg
1,0,20190717,121630,80,5,1840,77,1891,136,Jul25_0/76-20190717121630-snapshot.jpg
1,0,20190717,122000,29,5,860,866,921,929,Jul25_0/76-20190717122000-snapshot.jpg
1,0,20190717,122000,42,6,858,865,920,929,Jul25_0/76-20190717122000-snapshot.jpg
1,0,20190717,122030,82,5,927,916,1004,975,Jul25_0/76-20190717122030-snapshot.jpg
1,0,20190717,122130,81,5,1186,55,1242,109,Jul25_0/76-20190717122130-snapshot.jpg
1,0,20190717,122600,83,5,604,418,655,482,Jul25_0/76-20190717122600-snapshot.jpg
1,0,20190717,122630,26,5,1379,244,1430,311,Jul25_0/76-20190717122630-snapshot.jpg
1,0,20190717,122700,58,5,1203,262,1253,326,Jul25_0/76-20190717122700-snapshot.jpg
1,0,20190717,122830,82,5,1235,370,1286,436,Jul25_0/76-20190717122830-snapshot.jpg
1,0,20190717,122930,76,5,1235,407,1299,465,Jul25_0/76-20190717122930-snapshot.jpg
1,0,20190717,123130,78,5,1715,59,1758,120,Jul25_0/76-20190717123130-snapshot.jpg
1,0,20190717,123300,74,5,1259,413,1356,487,Jul25_0/76-20190717123300-snapshot.jpg
1,0,20190717,123630,81,6,818,174,877,239,Jul25_0/76-20190717123630-snapshot.jpg
1,0,20190717,124300,84,5,834,300,890,366,Jul25_0/76-20190717124300-snapshot.jpg
1,0,20190717,125000,51,5,828,365,893,422,Jul25_0/76-20190717125000-snapshot.jpg
1,0,20190717,125030,87,2,1107,626,1201,725,Jul25_0/76-20190717125030-snapshot.jpg
1,0,20190717,125830,89,3,1101,533,1194,637,Jul25_0/76-20190717125830-snapshot.jpg
1,0,20190717,130500,84,5,1313,500,1367,569,Jul25_0/76-20190717130500-snapshot.jpg
1,0,20190717,130530,78,5,1836,124,1889,185,Jul25_0/76-20190717130530-snapshot.jpg
1,0,20190717,130730,84,6,923,382,1004,442,Jul25_0/76-20190717130730-snapshot.jpg
1,0,20190717,131530,85,5,1143,258,1201,325,Jul25_0/76-20190717131530-snapshot.jpg
1,0,20190717,131600,86,6,1080,83,1160,151,Jul25_0/76-20190717131600-snapshot.jpg
1,0,20190717,131730,70,5,118,351,167,403,Jul25_0/76-20190717131730-snapshot.jpg
1,0,20190717,131830,74,5,873,847,941,892,Jul25_0/76-20190717131830-snapshot.jpg
1,0,20190717,131830,85,6,1076,80,1155,146,Jul25_0/76-20190717131830-snapshot.jpg
1,0,20190717,132000,82,5,1687,306,1746,372,Jul25_0/76-20190717132000-snapshot.jpg
1,0,20190717,132530,83,5,957,223,1016,293,Jul25_0/76-20190717132530-snapshot.jpg
1,0,20190717,132600,85,5,746,326,819,379,Jul25_0/76-20190717132600-snapshot.jpg
1,0,20190717,133430,80,5,1070,148,1133,214,Jul25_0/76-20190717133430-snapshot.jpg
1,0,20190717,134300,35,5,301,122,363,195,Jul25_0/76-20190717134300-snapshot.jpg
1,0,20190717,134500,89,2,1358,833,1453,913,Jul25_0/76-20190717134500-snapshot.jpg
1,0,20190717,135030,82,5,1057,74,1120,141,Jul25_0/76-20190717135030-snapshot.jpg
1,0,20190717,135100,79,5,989,204,1049,269,Jul25_0/76-20190717135100-snapshot.jpg
1,0,20190717,135530,37,2,1,686,54,742,Jul25_0/76-20190717135530-snapshot.jpg
1,0,20190717,140800,89,3,1301,817,1398,913,Jul25_0/76-20190717140800-snapshot.jpg
1,0,20190717,141300,83,6,1064,167,1151,220,Jul25_0/76-20190717141300-snapshot.jpg
1,0,20190717,141430,75,5,836,36,889,99,Jul25_0/76-20190717141430-snapshot.jpg
1,0,20190717,142130,79,5,1256,100,1313,161,Jul25_0/76-20190717142130-snapshot.jpg
1,0,20190717,142300,34,5,1156,203,1215,269,Jul25_0/76-20190717142300-snapshot.jpg
1,0,20190717,142400,79,5,988,356,1049,410,Jul25_0/76-20190717142400-snapshot.jpg
1,0,20190717,142430,70,5,397,875,469,923,Jul25_0/76-20190717142430-snapshot.jpg
1,0,20190717,142530,84,5,307,929,365,999,Jul25_0/76-20190717142530-snapshot.jpg
1,0,20190717,142900,88,3,1337,795,1454,886,Jul25_0/76-20190717142900-snapshot.jpg
1,0,20190717,143500,82,5,299,675,362,726,Jul25_0/76-20190717143500-snapshot.jpg
1,0,20190717,144530,80,5,344,893,395,957,Jul25_0/76-20190717144530-snapshot.jpg
1,0,20190717,144930,86,5,1024,123,1102,187,Jul25_0/76-20190717144930-snapshot.jpg
1,0,20190717,145700,78,5,676,296,746,351,Jul25_0/76-20190717145700-snapshot.jpg
1,0,20190717,145900,85,8,21,586,112,666,Jul25_0/76-20190717145900-snapshot.jpg
1,0,20190717,145930,86,5,1038,192,1109,256,Jul25_0/76-20190717145930-snapshot.jpg
1,0,20190717,150000,71,5,68,343,128,396,Jul25_0/76-20190717150000-snapshot.jpg
1,0,20190717,150130,76,5,57,627,109,680,Jul25_0/76-20190717150130-snapshot.jpg
1,0,20190717,150400,88,3,1320,814,1422,931,Jul25_0/76-20190717150400-snapshot.jpg
1,0,20190717,151230,84,5,834,298,892,367,Jul25_0/76-20190717151230-snapshot.jpg
1,0,20190717,151300,76,5,1172,251,1247,309,Jul25_0/76-20190717151300-snapshot.jpg
1,0,20190717,152230,89,3,1430,779,1529,869,Jul25_0/76-20190717152230-snapshot.jpg
1,0,20190717,153200,88,3,1048,604,1153,690,Jul25_0/76-20190717153200-snapshot.jpg
1,0,20190717,153400,77,5,883,851,939,911,Jul25_0/76-20190717153400-snapshot.jpg
1,0,20190717,153430,77,5,1037,91,1110,144,Jul25_0/76-20190717153430-snapshot.jpg
1,0,20190717,153500,73,5,1045,97,1124,149,Jul25_0/76-20190717153500-snapshot.jpg
1,0,20190717,153600,27,5,1177,180,1252,228,Jul25_0/76-20190717153600-snapshot.jpg
1,0,20190717,153630,59,5,1092,289,1152,339,Jul25_0/76-20190717153630-snapshot.jpg
1,0,20190717,153700,63,5,1107,121,1165,185,Jul25_0/76-20190717153700-snapshot.jpg
1,0,20190717,155130,87,4,1467,781,1541,879,Jul25_0/76-20190717155130-snapshot.jpg
1,0,20190717,155500,85,5,1382,915,1465,973,Jul25_0/76-20190717155500-snapshot.jpg
1,0,20190717,163730,84,8,85,902,172,961,Jul25_0/76-20190717163730-snapshot.jpg
1,0,20190717,165430,80,2,96,33,197,85,Jul25_0/76-20190717165430-snapshot.jpg
1,0,20190717,165800,85,2,35,337,131,397,Jul25_0/76-20190717165800-snapshot.jpg
1,0,20190717,170130,83,5,740,1011,796,1069,Jul25_0/76-20190717170130-snapshot.jpg
1,0,20190717,170330,87,3,905,309,987,405,Jul25_0/76-20190717170330-snapshot.jpg
1,0,20190717,172100,80,6,398,994,489,1067,Jul25_0/76-20190717172100-snapshot.jpg
1,0,20190717,173130,59,3,0,541,47,620,Jul25_0/76-20190717173130-snapshot.jpg
1,0,20190717,173800,89,3,1069,598,1168,682,Jul25_0/76-20190717173800-snapshot.jpg
1,0,20190717,173930,71,5,420,213,477,259,Jul25_0/76-20190717173930-snapshot.jpg
1,0,20190717,174130,81,5,692,125,774,183,Jul25_0/76-20190717174130-snapshot.jpg
1,0,20190717,174200,85,5,1165,157,1219,234,Jul25_0/76-20190717174200-snapshot.jpg
1,0,20190717,175230,48,5,353,1008,412,1067,Jul25_0/76-20190717175230-snapshot.jpg
1,0,20190717,175700,88,2,445,65,544,154,Jul25_0/76-20190717175700-snapshot.jpg
1,0,20190717,180600,88,3,1365,807,1480,898,Jul25_0/76-20190717180600-snapshot.jpg
1,0,20190717,181000,74,5,1868,847,1920,908,Jul25_0/76-20190717181000-snapshot.jpg
1,0,20190717,182130,79,5,217,97,269,151,Jul25_0/76-20190717182130-snapshot.jpg
1,0,20190717,184300,42,5,350,667,404,705,Jul25_0/76-20190717184300-snapshot.jpg
1,0,20190717,185730,86,3,1111,611,1207,711,Jul25_0/76-20190717185730-snapshot.jpg
1,0,20190717,194300,87,3,1420,690,1497,793,Jul25_0/76-20190717194300-snapshot.jpg
1,0,20190717,194500,44,1,1705,965,1751,1021,Jul25_0/76-20190717194500-snapshot.jpg
