1,0,20190816,153000,88,2,711,403,803,482,Aug23_0/01-20190816153000-snapshot.jpg
1,0,20190816,153100,87,2,1556,641,1628,711,Aug23_0/01-20190816153100-snapshot.jpg
1,0,20190816,153130,88,2,954,254,1058,335,Aug23_0/01-20190816153130-snapshot.jpg
1,0,20190816,153630,68,2,850,284,938,348,Aug23_0/01-20190816153630-snapshot.jpg
1,0,20190816,153800,47,1,1859,591,1901,630,Aug23_0/01-20190816153800-snapshot.jpg
1,0,20190816,154230,88,2,1650,844,1714,947,Aug23_0/01-20190816154230-snapshot.jpg
1,0,20190816,160200,88,4,1186,425,1296,515,Aug23_0/01-20190816160200-snapshot.jpg
1,0,20190816,161500,85,2,341,400,417,460,Aug23_0/01-20190816161500-snapshot.jpg
1,0,20190816,161530,88,2,721,399,825,480,Aug23_0/01-20190816161530-snapshot.jpg
1,0,20190816,161600,88,2,372,444,470,506,Aug23_0/01-20190816161600-snapshot.jpg
1,0,20190816,164630,88,2,0,246,96,325,Aug23_0/01-20190816164630-snapshot.jpg
1,0,20190816,164730,88,2,1058,767,1160,832,Aug23_0/01-20190816164730-snapshot.jpg
1,0,20190816,164900,89,2,1040,474,1113,598,Aug23_0/01-20190816164900-snapshot.jpg
1,0,20190816,165130,88,2,1654,805,1734,895,Aug23_0/01-20190816165130-snapshot.jpg
1,0,20190816,165200,84,8,24,533,122,621,Aug23_0/01-20190816165200-snapshot.jpg
1,0,20190816,170730,88,3,989,520,1086,631,Aug23_0/01-20190816170730-snapshot.jpg
1,0,20190816,171930,86,2,1585,586,1676,657,Aug23_0/01-20190816171930-snapshot.jpg
1,0,20190816,173100,86,4,1074,716,1158,804,Aug23_0/01-20190816173100-snapshot.jpg
1,0,20190816,173100,88,2,1284,157,1377,238,Aug23_0/01-20190816173100-snapshot.jpg
1,0,20190816,173130,88,4,1598,667,1700,770,Aug23_0/01-20190816173130-snapshot.jpg
1,0,20190816,173200,89,4,708,396,795,498,Aug23_0/01-20190816173200-snapshot.jpg
1,0,20190816,174900,88,2,1158,765,1254,841,Aug23_0/01-20190816174900-snapshot.jpg
1,0,20190816,175000,90,4,603,55,684,149,Aug23_0/01-20190816175000-snapshot.jpg
1,0,20190816,175600,88,4,1038,68,1121,160,Aug23_0/01-20190816175600-snapshot.jpg
1,0,20190816,180830,88,2,1075,913,1174,997,Aug23_0/01-20190816180830-snapshot.jpg
1,0,20190816,180930,86,2,952,607,1026,715,Aug23_0/01-20190816180930-snapshot.jpg
1,0,20190816,181000,87,2,1190,139,1288,202,Aug23_0/01-20190816181000-snapshot.jpg
1,0,20190816,181100,81,2,1499,271,1584,349,Aug23_0/01-20190816181100-snapshot.jpg
1,0,20190816,181400,88,2,985,776,1083,850,Aug23_0/01-20190816181400-snapshot.jpg
1,0,20190816,181430,71,2,580,115,650,179,Aug23_0/01-20190816181430-snapshot.jpg
1,0,20190816,183630,88,4,1440,243,1542,336,Aug23_0/01-20190816183630-snapshot.jpg
1,0,20190816,190630,90,2,772,831,867,905,Aug23_0/01-20190816190630-snapshot.jpg
1,0,20190816,190730,87,2,1136,110,1230,176,Aug23_0/01-20190816190730-snapshot.jpg
1,0,20190816,191000,83,2,378,367,445,438,Aug23_0/01-20190816191000-snapshot.jpg
1,0,20190816,191430,87,3,19,286,133,394,Aug23_0/01-20190816191430-snapshot.jpg
1,0,20190816,191530,84,8,278,549,376,613,Aug23_0/01-20190816191530-snapshot.jpg
1,0,20190816,192200,80,3,0,387,81,481,Aug23_0/01-20190816192200-snapshot.jpg
1,0,20190816,192300,84,8,1234,933,1309,1037,Aug23_0/01-20190816192300-snapshot.jpg
1,0,20190816,193030,89,2,1563,598,1660,662,Aug23_0/01-20190816193030-snapshot.jpg
1,0,20190816,193100,86,2,383,483,480,536,Aug23_0/01-20190816193100-snapshot.jpg
1,0,20190816,194230,26,2,1131,52,1200,103,Aug23_0/01-20190816194230-snapshot.jpg
1,0,20190816,194600,31,2,1131,52,1201,102,Aug23_0/01-20190816194600-snapshot.jpg
1,0,20190816,201330,88,4,1021,444,1113,544,Aug23_0/01-20190816201330-snapshot.jpg
1,0,20190816,201700,26,2,1132,54,1200,103,Aug23_0/01-20190816201700-snapshot.jpg
1,0,20190816,201800,88,4,1503,724,1590,813,Aug23_0/01-20190816201800-snapshot.jpg
1,0,20190816,202030,29,2,1131,54,1200,102,Aug23_0/01-20190816202030-snapshot.jpg
1,0,20190816,203530,88,4,863,5,983,86,Aug23_0/01-20190816203530-snapshot.jpg
1,0,20190816,211230,42,3,329,2,419,48,Aug23_0/01-20190816211230-snapshot.jpg
1,0,20190817,104030,53,8,1862,655,1920,737,Aug23_0/06-20190817104030-snapshot.jpg
1,0,20190817,113930,37,1,778,793,823,839,Aug23_0/06-20190817113930-snapshot.jpg
1,0,20190817,115200,31,1,779,794,823,839,Aug23_0/06-20190817115200-snapshot.jpg
1,0,20190817,115400,32,1,779,795,823,841,Aug23_0/06-20190817115400-snapshot.jpg
1,0,20190817,115430,36,1,779,795,823,841,Aug23_0/06-20190817115430-snapshot.jpg
1,0,20190817,115630,34,1,778,795,824,841,Aug23_0/06-20190817115630-snapshot.jpg
1,0,20190817,115700,32,1,778,795,824,842,Aug23_0/06-20190817115700-snapshot.jpg
1,0,20190817,170730,84,8,1685,564,1778,637,Aug23_0/06-20190817170730-snapshot.jpg
1,0,20190817,172130,31,4,1592,1025,1678,1079,Aug23_0/06-20190817172130-snapshot.jpg
1,0,20190817,172300,73,4,1592,1027,1679,1078,Aug23_0/06-20190817172300-snapshot.jpg
1,0,20190817,172330,71,4,1592,1027,1679,1079,Aug23_0/06-20190817172330-snapshot.jpg
1,0,20190817,172400,62,4,1591,1027,1679,1079,Aug23_0/06-20190817172400-snapshot.jpg
1,0,20190817,172430,48,4,1591,1026,1678,1079,Aug23_0/06-20190817172430-snapshot.jpg
1,0,20190817,172500,64,4,1591,1026,1678,1079,Aug23_0/06-20190817172500-snapshot.jpg
1,0,20190817,172530,39,4,1592,1026,1679,1079,Aug23_0/06-20190817172530-snapshot.jpg
1,0,20190817,172600,34,4,1593,1027,1678,1080,Aug23_0/06-20190817172600-snapshot.jpg
1,0,20190817,172700,59,4,1592,1027,1680,1079,Aug23_0/06-20190817172700-snapshot.jpg
1,0,20190817,172730,69,4,1593,1026,1682,1079,Aug23_0/06-20190817172730-snapshot.jpg
1,0,20190817,172900,64,2,879,28,944,70,Aug23_0/06-20190817172900-snapshot.jpg
1,0,20190817,173130,40,8,789,1020,846,1079,Aug23_0/06-20190817173130-snapshot.jpg
1,0,20190817,173200,43,8,791,1023,848,1079,Aug23_0/06-20190817173200-snapshot.jpg
1,0,20190817,173230,52,8,789,1020,847,1079,Aug23_0/06-20190817173230-snapshot.jpg
1,0,20190817,173300,30,8,789,1021,846,1079,Aug23_0/06-20190817173300-snapshot.jpg
1,0,20190817,173330,62,8,788,1019,847,1079,Aug23_0/06-20190817173330-snapshot.jpg
1,0,20190817,174400,86,8,1045,763,1109,861,Aug23_0/06-20190817174400-snapshot.jpg
1,0,20190817,180830,88,3,770,197,882,312,Aug23_0/06-20190817180830-snapshot.jpg
1,0,20190817,181130,75,3,1139,854,1248,949,Aug23_0/06-20190817181130-snapshot.jpg
1,0,20190817,182600,88,4,1629,786,1717,905,Aug23_0/06-20190817182600-snapshot.jpg
1,0,20190817,182630,89,4,636,198,745,282,Aug23_0/06-20190817182630-snapshot.jpg
1,0,20190817,183400,39,3,1596,1032,1677,1079,Aug23_0/06-20190817183400-snapshot.jpg
1,0,20190817,183730,40,3,1595,1032,1677,1078,Aug23_0/06-20190817183730-snapshot.jpg
1,0,20190817,190130,89,4,845,80,962,162,Aug23_0/06-20190817190130-snapshot.jpg
1,0,20190817,191230,85,8,1006,964,1076,1057,Aug23_0/06-20190817191230-snapshot.jpg
1,0,20190817,193400,88,4,779,22,874,115,Aug23_0/06-20190817193400-snapshot.jpg
1,0,20190817,195300,79,8,17,820,106,879,Aug23_0/06-20190817195300-snapshot.jpg
1,0,20190817,195700,88,3,1295,244,1392,370,Aug23_0/06-20190817195700-snapshot.jpg
1,0,20190817,200330,84,8,975,375,1073,439,Aug23_0/06-20190817200330-snapshot.jpg
1,0,20190817,200400,83,2,1268,145,1326,234,Aug23_0/06-20190817200400-snapshot.jpg
1,0,20190817,203630,88,4,1229,229,1328,341,Aug23_0/06-20190817203630-snapshot.jpg
1,0,20190817,205600,40,3,1593,1029,1684,1079,Aug23_0/06-20190817205600-snapshot.jpg
1,0,20190817,205800,55,3,1592,1029,1682,1080,Aug23_0/06-20190817205800-snapshot.jpg
1,0,20190817,210000,29,3,1591,1028,1681,1080,Aug23_0/06-20190817210000-snapshot.jpg
1,0,20190817,210400,28,3,1592,1029,1682,1080,Aug23_0/06-20190817210400-snapshot.jpg
1,0,20190818,065500,25,2,1886,87,1920,161,Aug23_0/17-20190818065500-snapshot.jpg
1,0,20190818,090100,88,4,732,342,834,469,Aug23_0/27-20190818090100-snapshot.jpg
1,0,20190818,094830,52,2,809,75,863,137,Aug23_0/27-20190818094830-snapshot.jpg
1,0,20190818,094900,61,2,811,69,864,120,Aug23_0/27-20190818094900-snapshot.jpg
1,0,20190818,094930,59,2,809,69,867,118,Aug23_0/27-20190818094930-snapshot.jpg
1,0,20190818,095030,41,2,805,70,868,118,Aug23_0/27-20190818095030-snapshot.jpg
1,0,20190818,095100,30,2,806,69,868,117,Aug23_0/27-20190818095100-snapshot.jpg
1,0,20190818,101930,79,8,344,682,429,749,Aug23_0/27-20190818101930-snapshot.jpg
1,0,20190818,104500,89,4,837,210,972,321,Aug23_0/27-20190818104500-snapshot.jpg
1,0,20190818,104530,88,4,541,389,666,476,Aug23_0/27-20190818104530-snapshot.jpg
1,0,20190818,110200,83,8,1154,289,1260,361,Aug23_0/27-20190818110200-snapshot.jpg
1,0,20190818,110300,88,4,738,404,843,506,Aug23_0/27-20190818110300-snapshot.jpg
1,0,20190818,112530,83,3,960,1027,1057,1080,Aug23_0/27-20190818112530-snapshot.jpg
1,0,20190818,115630,72,7,943,802,1112,1079,Aug23_0/27-20190818115630-snapshot.jpg
1,0,20190818,115700,31,7,955,589,1093,826,Aug23_0/27-20190818115700-snapshot.jpg
1,0,20190818,115700,63,7,954,688,1142,864,Aug23_0/27-20190818115700-snapshot.jpg
1,0,20190818,115730,80,7,819,884,1123,1080,Aug23_0/27-20190818115730-snapshot.jpg
1,0,20190818,115900,80,3,0,92,87,210,Aug23_0/27-20190818115900-snapshot.jpg
1,0,20190818,120730,88,2,709,683,789,759,Aug23_0/27-20190818120730-snapshot.jpg
1,0,20190818,120800,76,2,896,0,964,54,Aug23_0/27-20190818120800-snapshot.jpg
1,0,20190818,121030,31,2,354,4,407,40,Aug23_0/27-20190818121030-snapshot.jpg
1,0,20190818,124430,89,3,803,226,900,320,Aug23_0/27-20190818124430-snapshot.jpg
1,0,20190818,124600,88,4,677,659,788,738,Aug23_0/27-20190818124600-snapshot.jpg
1,0,20190818,133100,77,4,1439,732,1532,825,Aug23_0/27-20190818133100-snapshot.jpg
1,0,20190818,133130,39,4,1511,1008,1602,1079,Aug23_0/27-20190818133130-snapshot.jpg
1,0,20190818,133130,43,9,1511,1009,1601,1079,Aug23_0/27-20190818133130-snapshot.jpg
1,0,20190818,134130,51,8,125,709,193,775,Aug23_0/27-20190818134130-snapshot.jpg
1,0,20190818,134130,86,4,1253,16,1342,111,Aug23_0/27-20190818134130-snapshot.jpg
1,0,20190818,135800,88,3,1475,345,1585,430,Aug23_0/27-20190818135800-snapshot.jpg
1,0,20190818,140130,87,4,729,233,839,376,Aug23_0/27-20190818140130-snapshot.jpg
1,0,20190818,140400,87,2,1268,116,1368,188,Aug23_0/27-20190818140400-snapshot.jpg
1,0,20190818,141030,83,8,1611,192,1713,272,Aug23_0/27-20190818141030-snapshot.jpg
1,0,20190818,142400,89,3,1224,839,1341,974,Aug23_0/27-20190818142400-snapshot.jpg
1,0,20190818,143200,88,3,921,105,1032,236,Aug23_0/27-20190818143200-snapshot.jpg
1,0,20190818,144700,86,2,982,516,1077,620,Aug23_0/27-20190818144700-snapshot.jpg
1,0,20190818,150000,90,3,915,862,1040,944,Aug23_0/27-20190818150000-snapshot.jpg
1,0,20190818,153530,84,8,9,749,102,821,Aug23_0/27-20190818153530-snapshot.jpg
1,0,20190818,155800,86,2,1484,140,1568,209,Aug23_0/27-20190818155800-snapshot.jpg
1,0,20190818,171930,85,8,464,439,515,513,Aug23_0/27-20190818171930-snapshot.jpg
1,0,20190818,191200,52,8,602,269,701,335,Aug23_0/27-20190818191200-snapshot.jpg
1,0,20190818,200630,43,8,843,38,887,87,Aug23_0/27-20190818200630-snapshot.jpg
1,0,20190819,054000,36,1,98,162,144,199,Aug23_0/31-20190819054000-snapshot.jpg
1,0,20190819,065500,85,8,1193,29,1254,117,Aug23_0/36-20190819065500-snapshot.jpg
1,0,20190819,072030,84,8,1455,411,1541,501,Aug23_0/41-20190819072030-snapshot.jpg
1,0,20190819,074730,75,8,1277,881,1358,968,Aug23_0/43-20190819074730-snapshot.jpg
1,0,20190819,075130,40,8,595,342,670,423,Aug23_0/43-20190819075130-snapshot.jpg
1,0,20190819,081930,85,8,1349,858,1451,922,Aug23_0/43-20190819081930-snapshot.jpg
1,0,20190819,092500,78,8,229,551,336,611,Aug23_0/43-20190819092500-snapshot.jpg
1,0,20190819,105000,50,4,1119,43,1194,107,Aug23_0/43-20190819105000-snapshot.jpg
1,0,20190819,105100,26,4,1120,42,1193,102,Aug23_0/43-20190819105100-snapshot.jpg
1,0,20190819,105100,89,4,1353,310,1461,398,Aug23_0/43-20190819105100-snapshot.jpg
1,0,20190819,105530,25,4,1120,42,1192,104,Aug23_0/43-20190819105530-snapshot.jpg
1,0,20190819,112030,89,4,932,559,1038,640,Aug23_0/43-20190819112030-snapshot.jpg
1,0,20190819,114330,78,8,1119,748,1194,817,Aug23_0/43-20190819114330-snapshot.jpg
1,0,20190819,114400,77,8,732,653,785,732,Aug23_0/43-20190819114400-snapshot.jpg
1,0,20190819,114500,57,2,320,420,371,475,Aug23_0/43-20190819114500-snapshot.jpg
1,0,20190819,114530,63,8,319,427,366,476,Aug23_0/43-20190819114530-snapshot.jpg
1,0,20190819,114600,60,8,321,428,368,476,Aug23_0/43-20190819114600-snapshot.jpg
1,0,20190819,114900,87,3,882,894,986,978,Aug23_0/43-20190819114900-snapshot.jpg
1,0,20190819,115600,87,8,532,838,586,921,Aug23_0/43-20190819115600-snapshot.jpg
1,0,20190819,115930,83,2,214,961,281,1038,Aug23_0/43-20190819115930-snapshot.jpg
1,0,20190819,120430,85,2,1770,643,1856,729,Aug23_0/43-20190819120430-snapshot.jpg
1,0,20190819,120500,69,2,1128,1,1215,50,Aug23_0/43-20190819120500-snapshot.jpg
1,0,20190819,120530,84,9,350,470,437,543,Aug23_0/43-20190819120530-snapshot.jpg
1,0,20190819,120600,85,9,1028,866,1132,954,Aug23_0/43-20190819120600-snapshot.jpg
1,0,20190819,120630,83,9,1509,973,1617,1075,Aug23_0/43-20190819120630-snapshot.jpg
1,0,20190819,120700,80,2,1456,349,1544,441,Aug23_0/43-20190819120700-snapshot.jpg
1,0,20190819,120730,76,8,571,933,628,1015,Aug23_0/43-20190819120730-snapshot.jpg
1,0,20190819,121600,70,2,153,258,206,315,Aug23_0/43-20190819121600-snapshot.jpg
1,0,20190819,121700,52,2,1108,737,1165,812,Aug23_0/43-20190819121700-snapshot.jpg
1,0,20190819,121700,63,6,1107,737,1167,814,Aug23_0/43-20190819121700-snapshot.jpg
1,0,20190819,121730,47,2,1106,734,1163,810,Aug23_0/43-20190819121730-snapshot.jpg
1,0,20190819,121730,53,6,1106,734,1163,810,Aug23_0/43-20190819121730-snapshot.jpg
1,0,20190819,121800,47,2,1107,734,1164,813,Aug23_0/43-20190819121800-snapshot.jpg
1,0,20190819,121800,59,6,1107,734,1164,813,Aug23_0/43-20190819121800-snapshot.jpg
1,0,20190819,121830,89,2,1292,826,1388,940,Aug23_0/43-20190819121830-snapshot.jpg
1,0,20190819,122230,82,2,1265,758,1366,834,Aug23_0/43-20190819122230-snapshot.jpg
1,0,20190819,122530,86,3,151,242,241,320,Aug23_0/43-20190819122530-snapshot.jpg
1,0,20190819,131330,89,3,783,4,878,91,Aug23_0/43-20190819131330-snapshot.jpg
1,0,20190819,131400,28,2,764,43,821,118,Aug23_0/43-20190819131400-snapshot.jpg
1,0,20190819,131400,34,3,760,40,821,120,Aug23_0/43-20190819131400-snapshot.jpg
1,0,20190819,131430,89,3,872,16,943,153,Aug23_0/43-20190819131430-snapshot.jpg
1,0,20190819,131500,85,3,853,36,928,171,Aug23_0/43-20190819131500-snapshot.jpg
1,0,20190819,131530,85,3,854,37,928,172,Aug23_0/43-20190819131530-snapshot.jpg
1,0,20190819,131600,86,3,847,38,948,162,Aug23_0/43-20190819131600-snapshot.jpg
1,0,20190819,131630,78,3,839,37,948,151,Aug23_0/43-20190819131630-snapshot.jpg
1,0,20190819,131700,84,3,841,40,952,153,Aug23_0/43-20190819131700-snapshot.jpg
1,0,20190819,131730,64,3,841,39,949,154,Aug23_0/43-20190819131730-snapshot.jpg
1,0,20190819,131800,78,3,843,38,950,154,Aug23_0/43-20190819131800-snapshot.jpg
1,0,20190819,131830,85,3,840,37,925,164,Aug23_0/43-20190819131830-snapshot.jpg
1,0,20190819,131900,87,3,798,62,909,182,Aug23_0/43-20190819131900-snapshot.jpg
1,0,20190819,132300,88,3,761,53,834,182,Aug23_0/43-20190819132300-snapshot.jpg
1,0,20190819,132330,88,3,831,253,917,384,Aug23_0/43-20190819132330-snapshot.jpg
1,0,20190819,132400,88,3,825,249,913,378,Aug23_0/43-20190819132400-snapshot.jpg
1,0,20190819,132430,88,3,826,248,913,378,Aug23_0/43-20190819132430-snapshot.jpg
1,0,20190819,132500,88,3,826,250,914,379,Aug23_0/43-20190819132500-snapshot.jpg
1,0,20190819,132530,88,3,826,249,914,379,Aug23_0/43-20190819132530-snapshot.jpg
1,0,20190819,132600,89,3,751,211,861,289,Aug23_0/43-20190819132600-snapshot.jpg
1,0,20190819,132630,86,3,867,393,990,485,Aug23_0/43-20190819132630-snapshot.jpg
1,0,20190819,132700,88,3,873,252,982,366,Aug23_0/43-20190819132700-snapshot.jpg
1,0,20190819,132730,85,3,843,169,938,253,Aug23_0/43-20190819132730-snapshot.jpg
1,0,20190819,132800,88,3,699,187,809,284,Aug23_0/43-20190819132800-snapshot.jpg
1,0,20190819,132830,88,3,840,292,958,400,Aug23_0/43-20190819132830-snapshot.jpg
1,0,20190819,132900,88,3,838,293,956,404,Aug23_0/43-20190819132900-snapshot.jpg
1,0,20190819,132930,90,3,825,347,902,478,Aug23_0/43-20190819132930-snapshot.jpg
1,0,20190819,133000,84,3,818,357,907,479,Aug23_0/43-20190819133000-snapshot.jpg
1,0,20190819,133030,44,3,708,262,783,343,Aug23_0/43-20190819133030-snapshot.jpg
1,0,20190819,133030,79,3,818,357,912,479,Aug23_0/43-20190819133030-snapshot.jpg
1,0,20190819,133100,88,3,820,355,913,474,Aug23_0/43-20190819133100-snapshot.jpg
1,0,20190819,133130,87,3,823,354,916,475,Aug23_0/43-20190819133130-snapshot.jpg
1,0,20190819,133200,89,3,820,359,938,473,Aug23_0/43-20190819133200-snapshot.jpg
1,0,20190819,133230,84,3,957,227,1063,358,Aug23_0/43-20190819133230-snapshot.jpg
1,0,20190819,133500,85,3,777,0,885,62,Aug23_0/43-20190819133500-snapshot.jpg
1,0,20190819,133500,87,2,645,498,727,596,Aug23_0/43-20190819133500-snapshot.jpg
1,0,20190819,142400,85,3,1310,101,1438,259,Aug23_0/43-20190819142400-snapshot.jpg
1,0,20190819,160400,77,1,1258,984,1302,1022,Aug23_0/43-20190819160400-snapshot.jpg
1,0,20190819,160700,80,1,1362,995,1403,1029,Aug23_0/43-20190819160700-snapshot.jpg
1,0,20190819,161330,81,1,1261,984,1304,1021,Aug23_0/43-20190819161330-snapshot.jpg
1,0,20190819,162800,30,1,1389,1005,1437,1041,Aug23_0/43-20190819162800-snapshot.jpg
1,0,20190819,165030,77,1,1428,208,1473,250,Aug23_0/43-20190819165030-snapshot.jpg
1,0,20190819,165330,52,1,1417,207,1461,242,Aug23_0/43-20190819165330-snapshot.jpg
1,0,20190819,165700,71,1,1427,174,1469,209,Aug23_0/43-20190819165700-snapshot.jpg
1,0,20190819,165730,69,1,1427,174,1469,210,Aug23_0/43-20190819165730-snapshot.jpg
1,0,20190819,165800,73,1,1427,175,1469,210,Aug23_0/43-20190819165800-snapshot.jpg
1,0,20190819,165830,68,1,1428,175,1470,210,Aug23_0/43-20190819165830-snapshot.jpg
1,0,20190819,165900,40,1,1428,172,1470,213,Aug23_0/43-20190819165900-snapshot.jpg
1,0,20190819,165930,78,1,1425,172,1468,210,Aug23_0/43-20190819165930-snapshot.jpg
1,0,20190819,170000,78,1,1425,171,1470,211,Aug23_0/43-20190819170000-snapshot.jpg
1,0,20190819,170030,81,1,1425,171,1469,210,Aug23_0/43-20190819170030-snapshot.jpg
1,0,20190819,170100,75,1,1428,172,1470,209,Aug23_0/43-20190819170100-snapshot.jpg
1,0,20190819,170100,76,8,1289,180,1374,234,Aug23_0/43-20190819170100-snapshot.jpg
1,0,20190819,170130,76,1,1429,173,1470,209,Aug23_0/43-20190819170130-snapshot.jpg
1,0,20190819,170200,70,1,1428,174,1470,210,Aug23_0/43-20190819170200-snapshot.jpg
1,0,20190819,170230,65,1,1429,173,1470,209,Aug23_0/43-20190819170230-snapshot.jpg
1,0,20190819,170300,62,1,1428,175,1470,211,Aug23_0/43-20190819170300-snapshot.jpg
1,0,20190819,170330,61,1,1431,173,1471,208,Aug23_0/43-20190819170330-snapshot.jpg
1,0,20190819,170400,70,1,1429,174,1472,209,Aug23_0/43-20190819170400-snapshot.jpg
1,0,20190819,170430,70,1,1429,174,1470,210,Aug23_0/43-20190819170430-snapshot.jpg
1,0,20190819,170500,70,1,1428,173,1472,210,Aug23_0/43-20190819170500-snapshot.jpg
1,0,20190819,170530,71,1,1428,173,1470,210,Aug23_0/43-20190819170530-snapshot.jpg
1,0,20190819,170600,74,1,1429,174,1471,210,Aug23_0/43-20190819170600-snapshot.jpg
1,0,20190819,170630,72,1,1429,174,1472,209,Aug23_0/43-20190819170630-snapshot.jpg
1,0,20190819,170700,74,1,1429,174,1471,210,Aug23_0/43-20190819170700-snapshot.jpg
1,0,20190819,170730,72,1,1429,174,1471,210,Aug23_0/43-20190819170730-snapshot.jpg
1,0,20190819,170800,71,1,1428,174,1471,210,Aug23_0/43-20190819170800-snapshot.jpg
1,0,20190819,170830,71,1,1429,174,1472,211,Aug23_0/43-20190819170830-snapshot.jpg
1,0,20190819,170900,70,1,1429,174,1471,209,Aug23_0/43-20190819170900-snapshot.jpg
1,0,20190819,170930,71,1,1429,173,1472,210,Aug23_0/43-20190819170930-snapshot.jpg
1,0,20190819,171000,74,1,1429,173,1471,209,Aug23_0/43-20190819171000-snapshot.jpg
1,0,20190819,171030,69,1,1429,173,1471,210,Aug23_0/43-20190819171030-snapshot.jpg
1,0,20190819,171100,72,1,1429,174,1472,209,Aug23_0/43-20190819171100-snapshot.jpg
1,0,20190819,171130,80,1,1428,171,1470,208,Aug23_0/43-20190819171130-snapshot.jpg
1,0,20190819,171200,79,1,1430,173,1475,211,Aug23_0/43-20190819171200-snapshot.jpg
1,0,20190819,171230,79,1,1430,173,1475,211,Aug23_0/43-20190819171230-snapshot.jpg
1,0,20190819,171300,78,1,1430,173,1474,212,Aug23_0/43-20190819171300-snapshot.jpg
1,0,20190819,171330,76,1,1428,173,1471,208,Aug23_0/43-20190819171330-snapshot.jpg
1,0,20190819,171330,78,4,1348,1039,1429,1079,Aug23_0/43-20190819171330-snapshot.jpg
1,0,20190819,171400,68,1,1432,173,1474,210,Aug23_0/43-20190819171400-snapshot.jpg
1,0,20190819,171400,88,4,700,135,804,227,Aug23_0/43-20190819171400-snapshot.jpg
1,0,20190819,171430,62,1,1430,172,1473,211,Aug23_0/43-20190819171430-snapshot.jpg
1,0,20190819,171500,67,1,1431,173,1473,210,Aug23_0/43-20190819171500-snapshot.jpg
1,0,20190819,171700,49,1,1423,173,1464,208,Aug23_0/43-20190819171700-snapshot.jpg
1,0,20190819,171830,38,1,1426,175,1466,207,Aug23_0/43-20190819171830-snapshot.jpg
1,0,20190819,171900,63,1,1425,175,1466,209,Aug23_0/43-20190819171900-snapshot.jpg
1,0,20190819,171930,69,1,1424,174,1466,208,Aug23_0/43-20190819171930-snapshot.jpg
1,0,20190819,172000,75,1,1425,175,1467,209,Aug23_0/43-20190819172000-snapshot.jpg
1,0,20190819,172030,71,1,1423,175,1464,208,Aug23_0/43-20190819172030-snapshot.jpg
1,0,20190819,172100,74,1,1424,175,1466,209,Aug23_0/43-20190819172100-snapshot.jpg
1,0,20190819,172130,66,1,1424,175,1465,208,Aug23_0/43-20190819172130-snapshot.jpg
1,0,20190819,172200,72,1,1424,175,1467,209,Aug23_0/43-20190819172200-snapshot.jpg
1,0,20190819,172230,62,1,1424,176,1466,209,Aug23_0/43-20190819172230-snapshot.jpg
1,0,20190819,172300,73,1,1424,174,1466,208,Aug23_0/43-20190819172300-snapshot.jpg
1,0,20190819,172330,75,1,1424,175,1466,209,Aug23_0/43-20190819172330-snapshot.jpg
1,0,20190819,172400,70,1,1423,175,1465,209,Aug23_0/43-20190819172400-snapshot.jpg
1,0,20190819,172430,70,1,1424,174,1466,209,Aug23_0/43-20190819172430-snapshot.jpg
1,0,20190819,172500,66,1,1423,175,1465,210,Aug23_0/43-20190819172500-snapshot.jpg
1,0,20190819,172530,71,1,1423,175,1465,209,Aug23_0/43-20190819172530-snapshot.jpg
1,0,20190819,172600,72,1,1424,174,1466,208,Aug23_0/43-20190819172600-snapshot.jpg
1,0,20190819,172630,73,1,1424,174,1465,208,Aug23_0/43-20190819172630-snapshot.jpg
1,0,20190819,172700,63,1,1423,175,1464,208,Aug23_0/43-20190819172700-snapshot.jpg
1,0,20190819,172730,73,1,1423,173,1466,209,Aug23_0/43-20190819172730-snapshot.jpg
1,0,20190819,172800,76,1,1425,174,1467,210,Aug23_0/43-20190819172800-snapshot.jpg
1,0,20190819,172830,81,1,1424,173,1465,206,Aug23_0/43-20190819172830-snapshot.jpg
1,0,20190819,173630,89,4,1170,871,1260,946,Aug23_0/43-20190819173630-snapshot.jpg
1,0,20190819,174400,85,3,1647,550,1748,628,Aug23_0/43-20190819174400-snapshot.jpg
1,0,20190819,175100,88,4,1637,926,1734,1008,Aug23_0/43-20190819175100-snapshot.jpg
1,0,20190819,175600,62,2,1628,760,1706,818,Aug23_0/43-20190819175600-snapshot.jpg
1,0,20190819,180700,88,4,811,797,913,885,Aug23_0/43-20190819180700-snapshot.jpg
1,0,20190819,181600,89,2,1047,888,1153,992,Aug23_0/43-20190819181600-snapshot.jpg
1,0,20190819,181830,78,1,1838,874,1876,905,Aug23_0/43-20190819181830-snapshot.jpg
1,0,20190819,181900,73,1,1723,945,1764,978,Aug23_0/43-20190819181900-snapshot.jpg
1,0,20190819,182900,88,4,989,476,1087,578,Aug23_0/43-20190819182900-snapshot.jpg
1,0,20190819,184400,88,3,1036,827,1145,908,Aug23_0/43-20190819184400-snapshot.jpg
1,0,20190819,184600,80,1,861,18,907,69,Aug23_0/43-20190819184600-snapshot.jpg
1,0,20190819,184630,76,1,943,345,995,404,Aug23_0/43-20190819184630-snapshot.jpg
1,0,20190819,184700,83,1,1208,517,1263,582,Aug23_0/43-20190819184700-snapshot.jpg
1,0,20190819,184830,87,4,1595,912,1721,1001,Aug23_0/43-20190819184830-snapshot.jpg
1,0,20190819,193230,75,8,806,515,857,569,Aug23_0/43-20190819193230-snapshot.jpg
1,0,20190819,193530,82,3,190,885,285,970,Aug23_0/43-20190819193530-snapshot.jpg
1,0,20190819,193930,88,3,1411,251,1533,343,Aug23_0/43-20190819193930-snapshot.jpg
1,0,20190819,195500,88,4,970,510,1078,603,Aug23_0/43-20190819195500-snapshot.jpg
1,0,20190819,195930,88,4,144,209,241,287,Aug23_0/43-20190819195930-snapshot.jpg
1,0,20190819,203300,75,4,1434,119,1518,185,Aug23_0/43-20190819203300-snapshot.jpg
1,0,20190820,070900,86,3,475,135,577,233,Aug23_0/51-20190820070900-snapshot.jpg
1,0,20190820,085830,48,3,1064,786,1153,882,Aug23_0/53-20190820085830-snapshot.jpg
1,0,20190820,085900,85,3,1692,836,1810,925,Aug23_0/53-20190820085900-snapshot.jpg
1,0,20190820,091930,40,8,1712,915,1810,985,Aug23_0/53-20190820091930-snapshot.jpg
1,0,20190820,094330,88,4,551,193,660,286,Aug23_0/53-20190820094330-snapshot.jpg
1,0,20190820,100530,84,8,797,973,860,1059,Aug23_0/53-20190820100530-snapshot.jpg
1,0,20190820,100730,85,4,215,898,303,973,Aug23_0/53-20190820100730-snapshot.jpg
1,0,20190820,102030,73,1,923,164,972,213,Aug23_0/53-20190820102030-snapshot.jpg
1,0,20190820,102130,76,1,918,164,969,218,Aug23_0/53-20190820102130-snapshot.jpg
1,0,20190820,102200,66,1,917,166,966,216,Aug23_0/53-20190820102200-snapshot.jpg
1,0,20190820,102230,76,1,918,166,967,216,Aug23_0/53-20190820102230-snapshot.jpg
1,0,20190820,102300,77,1,916,165,965,214,Aug23_0/53-20190820102300-snapshot.jpg
1,0,20190820,102300,85,4,1112,88,1218,182,Aug23_0/53-20190820102300-snapshot.jpg
1,0,20190820,102330,72,1,921,164,973,216,Aug23_0/53-20190820102330-snapshot.jpg
1,0,20190820,102400,78,1,920,160,971,213,Aug23_0/53-20190820102400-snapshot.jpg
1,0,20190820,102430,34,1,918,161,970,213,Aug23_0/53-20190820102430-snapshot.jpg
1,0,20190820,102500,79,1,918,162,966,213,Aug23_0/53-20190820102500-snapshot.jpg
1,0,20190820,102530,48,1,919,164,968,213,Aug23_0/53-20190820102530-snapshot.jpg
1,0,20190820,102600,69,1,920,161,970,213,Aug23_0/53-20190820102600-snapshot.jpg
1,0,20190820,102630,81,1,919,159,969,213,Aug23_0/53-20190820102630-snapshot.jpg
1,0,20190820,102700,78,1,918,164,967,213,Aug23_0/53-20190820102700-snapshot.jpg
1,0,20190820,102730,60,1,918,165,967,213,Aug23_0/53-20190820102730-snapshot.jpg
1,0,20190820,102800,63,1,918,163,968,214,Aug23_0/53-20190820102800-snapshot.jpg
1,0,20190820,102830,65,1,919,163,968,213,Aug23_0/53-20190820102830-snapshot.jpg
1,0,20190820,102900,68,1,919,160,969,213,Aug23_0/53-20190820102900-snapshot.jpg
1,0,20190820,102930,73,1,917,161,967,213,Aug23_0/53-20190820102930-snapshot.jpg
1,0,20190820,103000,78,1,921,162,971,213,Aug23_0/53-20190820103000-snapshot.jpg
1,0,20190820,103030,66,1,918,162,968,214,Aug23_0/53-20190820103030-snapshot.jpg
1,0,20190820,103100,72,1,918,165,967,213,Aug23_0/53-20190820103100-snapshot.jpg
1,0,20190820,103130,79,1,919,164,968,213,Aug23_0/53-20190820103130-snapshot.jpg
1,0,20190820,103200,79,1,919,162,968,215,Aug23_0/53-20190820103200-snapshot.jpg
1,0,20190820,103230,65,1,918,163,967,214,Aug23_0/53-20190820103230-snapshot.jpg
1,0,20190820,103300,76,1,918,165,965,213,Aug23_0/53-20190820103300-snapshot.jpg
1,0,20190820,103330,71,1,920,165,966,213,Aug23_0/53-20190820103330-snapshot.jpg
1,0,20190820,103400,79,1,918,164,965,214,Aug23_0/53-20190820103400-snapshot.jpg
1,0,20190820,103430,71,1,919,161,968,214,Aug23_0/53-20190820103430-snapshot.jpg
1,0,20190820,103500,86,2,1290,720,1379,805,Aug23_0/53-20190820103500-snapshot.jpg
1,0,20190820,103530,31,1,919,161,970,213,Aug23_0/53-20190820103530-snapshot.jpg
1,0,20190820,103600,78,1,915,162,967,215,Aug23_0/53-20190820103600-snapshot.jpg
1,0,20190820,103630,80,1,917,166,966,216,Aug23_0/53-20190820103630-snapshot.jpg
1,0,20190820,103700,81,1,918,165,967,216,Aug23_0/53-20190820103700-snapshot.jpg
1,0,20190820,103730,80,1,912,166,962,219,Aug23_0/53-20190820103730-snapshot.jpg
1,0,20190820,103800,78,1,915,162,966,216,Aug23_0/53-20190820103800-snapshot.jpg
1,0,20190820,103830,84,1,915,160,964,211,Aug23_0/53-20190820103830-snapshot.jpg
1,0,20190820,103900,79,1,914,160,965,213,Aug23_0/53-20190820103900-snapshot.jpg
1,0,20190820,103930,80,1,915,160,964,210,Aug23_0/53-20190820103930-snapshot.jpg
1,0,20190820,104000,74,1,914,160,965,212,Aug23_0/53-20190820104000-snapshot.jpg
1,0,20190820,104030,82,1,914,163,962,214,Aug23_0/53-20190820104030-snapshot.jpg
1,0,20190820,104100,82,1,915,162,964,213,Aug23_0/53-20190820104100-snapshot.jpg
1,0,20190820,104130,78,1,915,166,961,213,Aug23_0/53-20190820104130-snapshot.jpg
1,0,20190820,104200,79,1,915,165,961,214,Aug23_0/53-20190820104200-snapshot.jpg
1,0,20190820,104230,57,1,913,166,965,219,Aug23_0/53-20190820104230-snapshot.jpg
1,0,20190820,104300,80,1,919,154,972,211,Aug23_0/53-20190820104300-snapshot.jpg
1,0,20190820,104430,82,1,1151,242,1199,291,Aug23_0/53-20190820104430-snapshot.jpg
1,0,20190820,104430,87,4,899,980,991,1079,Aug23_0/53-20190820104430-snapshot.jpg
1,0,20190820,104500,83,1,1166,242,1215,290,Aug23_0/53-20190820104500-snapshot.jpg
1,0,20190820,104530,71,1,1154,206,1202,251,Aug23_0/53-20190820104530-snapshot.jpg
1,0,20190820,104600,80,1,1150,204,1198,257,Aug23_0/53-20190820104600-snapshot.jpg
1,0,20190820,104630,79,1,1170,249,1216,299,Aug23_0/53-20190820104630-snapshot.jpg
1,0,20190820,104700,80,1,1169,245,1217,298,Aug23_0/53-20190820104700-snapshot.jpg
1,0,20190820,104730,84,1,1169,239,1217,296,Aug23_0/53-20190820104730-snapshot.jpg
1,0,20190820,104800,85,1,1169,238,1216,296,Aug23_0/53-20190820104800-snapshot.jpg
1,0,20190820,104830,84,1,1171,236,1219,296,Aug23_0/53-20190820104830-snapshot.jpg
1,0,20190820,104900,82,1,1156,261,1201,306,Aug23_0/53-20190820104900-snapshot.jpg
1,0,20190820,104930,38,1,1158,210,1207,259,Aug23_0/53-20190820104930-snapshot.jpg
1,0,20190820,105000,72,1,1159,210,1207,257,Aug23_0/53-20190820105000-snapshot.jpg
1,0,20190820,105030,77,1,1159,210,1207,258,Aug23_0/53-20190820105030-snapshot.jpg
1,0,20190820,105100,53,1,1159,207,1209,261,Aug23_0/53-20190820105100-snapshot.jpg
1,0,20190820,105100,83,4,1552,820,1668,924,Aug23_0/53-20190820105100-snapshot.jpg
1,0,20190820,105200,30,1,1162,196,1207,245,Aug23_0/53-20190820105200-snapshot.jpg
1,0,20190820,105300,61,1,1162,204,1211,255,Aug23_0/53-20190820105300-snapshot.jpg
1,0,20190820,105330,70,1,1162,204,1211,256,Aug23_0/53-20190820105330-snapshot.jpg
1,0,20190820,105400,66,1,1160,203,1210,256,Aug23_0/53-20190820105400-snapshot.jpg
1,0,20190820,105430,55,1,1160,203,1210,255,Aug23_0/53-20190820105430-snapshot.jpg
1,0,20190820,105500,73,1,1159,203,1208,254,Aug23_0/53-20190820105500-snapshot.jpg
1,0,20190820,105530,79,1,1160,202,1209,256,Aug23_0/53-20190820105530-snapshot.jpg
1,0,20190820,105600,70,1,1161,203,1210,255,Aug23_0/53-20190820105600-snapshot.jpg
1,0,20190820,105630,69,1,1160,202,1210,255,Aug23_0/53-20190820105630-snapshot.jpg
1,0,20190820,105700,72,1,1157,206,1208,253,Aug23_0/53-20190820105700-snapshot.jpg
1,0,20190820,105730,42,1,1161,217,1210,262,Aug23_0/53-20190820105730-snapshot.jpg
1,0,20190820,105900,81,1,1161,236,1209,287,Aug23_0/53-20190820105900-snapshot.jpg
1,0,20190820,105930,80,1,1161,242,1210,293,Aug23_0/53-20190820105930-snapshot.jpg
1,0,20190820,110000,81,1,1161,239,1210,290,Aug23_0/53-20190820110000-snapshot.jpg
1,0,20190820,110030,82,1,1171,263,1217,312,Aug23_0/53-20190820110030-snapshot.jpg
1,0,20190820,110130,82,1,1150,232,1199,287,Aug23_0/53-20190820110130-snapshot.jpg
1,0,20190820,110200,76,1,1177,260,1225,305,Aug23_0/53-20190820110200-snapshot.jpg
1,0,20190820,110430,82,1,1305,673,1347,709,Aug23_0/53-20190820110430-snapshot.jpg
1,0,20190820,110500,76,1,1305,673,1347,708,Aug23_0/53-20190820110500-snapshot.jpg
1,0,20190820,110530,81,1,1304,671,1347,709,Aug23_0/53-20190820110530-snapshot.jpg
1,0,20190820,110600,66,1,1305,671,1345,709,Aug23_0/53-20190820110600-snapshot.jpg
1,0,20190820,110700,79,1,1305,670,1345,708,Aug23_0/53-20190820110700-snapshot.jpg
1,0,20190820,110730,78,1,1304,669,1346,708,Aug23_0/53-20190820110730-snapshot.jpg
1,0,20190820,110800,72,1,1304,670,1345,708,Aug23_0/53-20190820110800-snapshot.jpg
1,0,20190820,110830,79,1,1304,670,1345,708,Aug23_0/53-20190820110830-snapshot.jpg
1,0,20190820,110900,80,1,1304,668,1346,707,Aug23_0/53-20190820110900-snapshot.jpg
1,0,20190820,110930,81,1,1303,669,1346,708,Aug23_0/53-20190820110930-snapshot.jpg
1,0,20190820,111000,82,1,1303,668,1346,707,Aug23_0/53-20190820111000-snapshot.jpg
1,0,20190820,111030,81,1,1303,668,1346,708,Aug23_0/53-20190820111030-snapshot.jpg
1,0,20190820,111100,81,1,1303,669,1346,708,Aug23_0/53-20190820111100-snapshot.jpg
1,0,20190820,111130,82,1,1303,669,1346,708,Aug23_0/53-20190820111130-snapshot.jpg
1,0,20190820,111200,81,1,1304,669,1346,708,Aug23_0/53-20190820111200-snapshot.jpg
1,0,20190820,111230,82,1,1303,669,1346,708,Aug23_0/53-20190820111230-snapshot.jpg
1,0,20190820,111300,82,1,1303,668,1345,707,Aug23_0/53-20190820111300-snapshot.jpg
1,0,20190820,111330,82,1,1303,669,1346,708,Aug23_0/53-20190820111330-snapshot.jpg
1,0,20190820,111400,81,1,1305,670,1346,708,Aug23_0/53-20190820111400-snapshot.jpg
1,0,20190820,111430,80,1,1305,670,1346,708,Aug23_0/53-20190820111430-snapshot.jpg
1,0,20190820,111500,80,1,1305,671,1346,708,Aug23_0/53-20190820111500-snapshot.jpg
1,0,20190820,111530,81,1,1304,668,1346,707,Aug23_0/53-20190820111530-snapshot.jpg
1,0,20190820,111600,82,1,1305,670,1346,708,Aug23_0/53-20190820111600-snapshot.jpg
1,0,20190820,111630,80,1,1305,670,1346,707,Aug23_0/53-20190820111630-snapshot.jpg
1,0,20190820,111700,81,1,1305,670,1346,707,Aug23_0/53-20190820111700-snapshot.jpg
1,0,20190820,111730,81,1,1305,670,1346,708,Aug23_0/53-20190820111730-snapshot.jpg
1,0,20190820,111800,83,1,1303,669,1345,708,Aug23_0/53-20190820111800-snapshot.jpg
1,0,20190820,111830,81,1,1303,670,1345,707,Aug23_0/53-20190820111830-snapshot.jpg
1,0,20190820,111900,80,1,1304,669,1345,707,Aug23_0/53-20190820111900-snapshot.jpg
1,0,20190820,112000,81,1,1312,659,1353,700,Aug23_0/53-20190820112000-snapshot.jpg
1,0,20190820,112030,76,1,1372,762,1414,802,Aug23_0/53-20190820112030-snapshot.jpg
1,0,20190820,112200,84,4,1599,732,1720,853,Aug23_0/53-20190820112200-snapshot.jpg
1,0,20190820,112230,85,4,472,133,567,233,Aug23_0/53-20190820112230-snapshot.jpg
1,0,20190820,112400,88,4,1132,327,1260,423,Aug23_0/53-20190820112400-snapshot.jpg
1,0,20190820,113200,88,3,942,1011,1051,1079,Aug23_0/53-20190820113200-snapshot.jpg
1,0,20190820,114100,82,1,1315,836,1357,878,Aug23_0/53-20190820114100-snapshot.jpg
1,0,20190820,114130,82,1,1315,837,1357,880,Aug23_0/53-20190820114130-snapshot.jpg
1,0,20190820,114200,80,1,1315,837,1358,879,Aug23_0/53-20190820114200-snapshot.jpg
1,0,20190820,114230,87,1,1362,835,1410,888,Aug23_0/53-20190820114230-snapshot.jpg
1,0,20190820,114300,88,1,1362,837,1410,888,Aug23_0/53-20190820114300-snapshot.jpg
1,0,20190820,114330,88,1,1364,839,1410,891,Aug23_0/53-20190820114330-snapshot.jpg
1,0,20190820,114400,88,1,1364,841,1410,899,Aug23_0/53-20190820114400-snapshot.jpg
1,0,20190820,114430,86,1,1364,846,1412,896,Aug23_0/53-20190820114430-snapshot.jpg
1,0,20190820,114500,86,1,1362,829,1409,876,Aug23_0/53-20190820114500-snapshot.jpg
1,0,20190820,114530,86,1,1361,828,1406,875,Aug23_0/53-20190820114530-snapshot.jpg
1,0,20190820,114600,86,1,1362,827,1410,879,Aug23_0/53-20190820114600-snapshot.jpg
1,0,20190820,114630,84,1,1367,831,1412,877,Aug23_0/53-20190820114630-snapshot.jpg
1,0,20190820,114700,85,1,1366,818,1413,864,Aug23_0/53-20190820114700-snapshot.jpg
1,0,20190820,114730,85,1,1367,817,1414,865,Aug23_0/53-20190820114730-snapshot.jpg
1,0,20190820,114800,85,1,1367,817,1414,866,Aug23_0/53-20190820114800-snapshot.jpg
1,0,20190820,114830,85,1,1367,817,1414,866,Aug23_0/53-20190820114830-snapshot.jpg
1,0,20190820,114900,85,1,1366,818,1414,863,Aug23_0/53-20190820114900-snapshot.jpg
1,0,20190820,114930,85,1,1366,818,1414,863,Aug23_0/53-20190820114930-snapshot.jpg
1,0,20190820,115000,80,8,452,853,511,951,Aug23_0/53-20190820115000-snapshot.jpg
1,0,20190820,115000,85,1,1367,818,1414,867,Aug23_0/53-20190820115000-snapshot.jpg
1,0,20190820,115030,85,1,1367,819,1415,864,Aug23_0/53-20190820115030-snapshot.jpg
1,0,20190820,115100,85,1,1367,819,1415,864,Aug23_0/53-20190820115100-snapshot.jpg
1,0,20190820,115130,85,1,1367,819,1415,864,Aug23_0/53-20190820115130-snapshot.jpg
1,0,20190820,115130,87,2,759,682,843,754,Aug23_0/53-20190820115130-snapshot.jpg
1,0,20190820,115200,85,1,1369,820,1416,863,Aug23_0/53-20190820115200-snapshot.jpg
1,0,20190820,115200,89,3,674,710,779,797,Aug23_0/53-20190820115200-snapshot.jpg
1,0,20190820,115230,85,1,1369,820,1417,863,Aug23_0/53-20190820115230-snapshot.jpg
1,0,20190820,115300,85,1,1368,820,1416,863,Aug23_0/53-20190820115300-snapshot.jpg
1,0,20190820,115330,88,1,1360,833,1406,888,Aug23_0/53-20190820115330-snapshot.jpg
1,0,20190820,115400,88,1,1359,830,1406,887,Aug23_0/53-20190820115400-snapshot.jpg
1,0,20190820,115430,88,1,1360,831,1406,888,Aug23_0/53-20190820115430-snapshot.jpg
1,0,20190820,115500,87,1,1360,834,1407,889,Aug23_0/53-20190820115500-snapshot.jpg
1,0,20190820,115530,87,1,1360,834,1407,889,Aug23_0/53-20190820115530-snapshot.jpg
1,0,20190820,115600,86,1,1361,837,1407,887,Aug23_0/53-20190820115600-snapshot.jpg
1,0,20190820,115630,89,1,1355,839,1402,897,Aug23_0/53-20190820115630-snapshot.jpg
1,0,20190820,115700,88,1,1355,839,1401,895,Aug23_0/53-20190820115700-snapshot.jpg
1,0,20190820,115730,88,1,1354,841,1400,892,Aug23_0/53-20190820115730-snapshot.jpg
1,0,20190820,115800,84,1,1366,832,1411,878,Aug23_0/53-20190820115800-snapshot.jpg
1,0,20190820,115900,81,1,1040,826,1082,871,Aug23_0/53-20190820115900-snapshot.jpg
1,0,20190820,122200,81,2,6,178,89,252,Aug23_0/53-20190820122200-snapshot.jpg
1,0,20190820,122230,86,2,312,28,407,102,Aug23_0/53-20190820122230-snapshot.jpg
1,0,20190820,125200,84,3,936,1033,1009,1079,Aug23_0/53-20190820125200-snapshot.jpg
1,0,20190820,130800,42,1,912,65,950,104,Aug23_0/53-20190820130800-snapshot.jpg
1,0,20190820,131200,87,2,932,684,1029,750,Aug23_0/53-20190820131200-snapshot.jpg
1,0,20190820,131230,89,2,1600,688,1697,789,Aug23_0/53-20190820131230-snapshot.jpg
1,0,20190820,131300,90,2,1031,234,1144,345,Aug23_0/53-20190820131300-snapshot.jpg
1,0,20190820,132400,63,1,912,68,949,105,Aug23_0/53-20190820132400-snapshot.jpg
1,0,20190820,132430,40,1,912,66,950,106,Aug23_0/53-20190820132430-snapshot.jpg
1,0,20190820,132500,34,1,911,63,949,105,Aug23_0/53-20190820132500-snapshot.jpg
1,0,20190820,133400,91,3,1038,831,1158,908,Aug23_0/53-20190820133400-snapshot.jpg
1,0,20190820,133430,87,4,52,226,147,296,Aug23_0/53-20190820133430-snapshot.jpg
1,0,20190820,133430,88,3,1523,604,1633,679,Aug23_0/53-20190820133430-snapshot.jpg
1,0,20190820,133630,71,8,29,664,115,750,Aug23_0/53-20190820133630-snapshot.jpg
1,0,20190820,133900,42,2,1690,870,1744,944,Aug23_0/53-20190820133900-snapshot.jpg
1,0,20190820,133900,56,8,1690,868,1745,945,Aug23_0/53-20190820133900-snapshot.jpg
1,0,20190820,133930,73,2,1443,737,1499,792,Aug23_0/53-20190820133930-snapshot.jpg
1,0,20190820,134000,34,8,1356,660,1442,711,Aug23_0/53-20190820134000-snapshot.jpg
1,0,20190820,134000,43,2,1356,660,1442,712,Aug23_0/53-20190820134000-snapshot.jpg
1,0,20190820,134230,85,4,975,1036,1066,1079,Aug23_0/53-20190820134230-snapshot.jpg
1,0,20190820,134900,36,1,981,137,1019,171,Aug23_0/53-20190820134900-snapshot.jpg
1,0,20190820,135630,88,4,1528,790,1644,878,Aug23_0/53-20190820135630-snapshot.jpg
1,0,20190820,135700,86,4,209,1033,296,1079,Aug23_0/53-20190820135700-snapshot.jpg
1,0,20190820,135800,88,4,1138,48,1229,143,Aug23_0/53-20190820135800-snapshot.jpg
1,0,20190820,140030,84,2,1199,94,1257,169,Aug23_0/53-20190820140030-snapshot.jpg
1,0,20190820,141300,88,4,1186,281,1276,386,Aug23_0/53-20190820141300-snapshot.jpg
1,0,20190820,141430,86,3,200,1004,286,1071,Aug23_0/53-20190820141430-snapshot.jpg
1,0,20190820,141730,85,2,1060,901,1135,995,Aug23_0/53-20190820141730-snapshot.jpg
1,0,20190820,141800,88,2,1389,964,1474,1042,Aug23_0/53-20190820141800-snapshot.jpg
1,0,20190820,141830,85,2,303,12,363,88,Aug23_0/53-20190820141830-snapshot.jpg
1,0,20190820,141900,89,2,925,916,1032,996,Aug23_0/53-20190820141900-snapshot.jpg
1,0,20190820,142130,90,2,1295,917,1402,1015,Aug23_0/53-20190820142130-snapshot.jpg
1,0,20190820,142730,89,2,1611,904,1718,1004,Aug23_0/53-20190820142730-snapshot.jpg
1,0,20190820,142830,76,2,48,209,139,289,Aug23_0/53-20190820142830-snapshot.jpg
1,0,20190820,142900,89,2,1363,860,1489,934,Aug23_0/53-20190820142900-snapshot.jpg
1,0,20190820,143200,89,7,1602,934,1821,1080,Aug23_0/53-20190820143200-snapshot.jpg
1,0,20190820,143230,84,7,140,959,345,1076,Aug23_0/53-20190820143230-snapshot.jpg
1,0,20190820,143230,87,2,1012,198,1081,311,Aug23_0/53-20190820143230-snapshot.jpg
1,0,20190820,143730,88,2,876,862,973,931,Aug23_0/53-20190820143730-snapshot.jpg
1,0,20190820,143800,88,2,576,861,665,936,Aug23_0/53-20190820143800-snapshot.jpg
1,0,20190820,143900,88,2,368,87,466,161,Aug23_0/53-20190820143900-snapshot.jpg
1,0,20190820,144000,87,4,1388,1001,1497,1080,Aug23_0/53-20190820144000-snapshot.jpg
1,0,20190820,144030,87,4,17,130,119,235,Aug23_0/53-20190820144030-snapshot.jpg
1,0,20190820,144130,85,2,1023,704,1098,778,Aug23_0/53-20190820144130-snapshot.jpg
1,0,20190820,144200,70,2,10,286,84,347,Aug23_0/53-20190820144200-snapshot.jpg
1,0,20190820,144230,83,2,600,622,660,688,Aug23_0/53-20190820144230-snapshot.jpg
1,0,20190820,144600,34,3,1709,891,1824,989,Aug23_0/53-20190820144600-snapshot.jpg
1,0,20190820,144600,85,2,1113,42,1200,98,Aug23_0/53-20190820144600-snapshot.jpg
1,0,20190820,144630,84,2,1133,101,1203,166,Aug23_0/53-20190820144630-snapshot.jpg
1,0,20190820,144700,85,2,590,40,664,100,Aug23_0/53-20190820144700-snapshot.jpg
1,0,20190820,144700,87,2,1069,827,1169,892,Aug23_0/53-20190820144700-snapshot.jpg
1,0,20190820,144730,83,2,1199,360,1297,446,Aug23_0/53-20190820144730-snapshot.jpg
1,0,20190820,145000,82,2,891,745,984,815,Aug23_0/53-20190820145000-snapshot.jpg
1,0,20190820,145130,87,2,1550,794,1647,882,Aug23_0/53-20190820145130-snapshot.jpg
1,0,20190820,145300,87,2,929,716,1012,775,Aug23_0/53-20190820145300-snapshot.jpg
1,0,20190820,145500,74,2,1082,961,1147,1033,Aug23_0/53-20190820145500-snapshot.jpg
1,0,20190820,145500,89,2,717,771,804,866,Aug23_0/53-20190820145500-snapshot.jpg
1,0,20190820,145630,86,2,1066,23,1117,88,Aug23_0/53-20190820145630-snapshot.jpg
1,0,20190820,145930,74,2,242,895,331,954,Aug23_0/53-20190820145930-snapshot.jpg
1,0,20190820,145930,85,2,1723,732,1800,813,Aug23_0/53-20190820145930-snapshot.jpg
1,0,20190820,145930,88,2,1625,786,1731,894,Aug23_0/53-20190820145930-snapshot.jpg
1,0,20190820,150000,87,2,1141,89,1239,149,Aug23_0/53-20190820150000-snapshot.jpg
1,0,20190820,150000,88,2,31,170,127,224,Aug23_0/53-20190820150000-snapshot.jpg
1,0,20190820,150200,81,2,1765,853,1834,914,Aug23_0/53-20190820150200-snapshot.jpg
1,0,20190820,150400,89,2,1113,805,1182,909,Aug23_0/53-20190820150400-snapshot.jpg
1,0,20190820,150430,84,2,1369,865,1505,938,Aug23_0/53-20190820150430-snapshot.jpg
1,0,20190820,150430,88,2,1325,328,1419,440,Aug23_0/53-20190820150430-snapshot.jpg
1,0,20190820,150600,89,4,919,1023,1008,1080,Aug23_0/53-20190820150600-snapshot.jpg
1,0,20190820,150700,88,2,1689,860,1788,922,Aug23_0/53-20190820150700-snapshot.jpg
1,0,20190820,150730,88,2,1092,925,1183,1017,Aug23_0/53-20190820150730-snapshot.jpg
1,0,20190820,150930,86,2,989,189,1098,282,Aug23_0/53-20190820150930-snapshot.jpg
1,0,20190820,151130,88,2,1488,848,1611,919,Aug23_0/53-20190820151130-snapshot.jpg
1,0,20190820,151200,87,2,1439,692,1505,794,Aug23_0/53-20190820151200-snapshot.jpg
1,0,20190820,151400,80,2,308,428,370,497,Aug23_0/53-20190820151400-snapshot.jpg
1,0,20190820,151530,26,2,1598,680,1646,741,Aug23_0/53-20190820151530-snapshot.jpg
1,0,20190820,151600,87,2,1352,991,1442,1080,Aug23_0/53-20190820151600-snapshot.jpg
1,0,20190820,151700,87,2,214,924,305,991,Aug23_0/53-20190820151700-snapshot.jpg
1,0,20190820,151700,88,7,1657,897,1819,1076,Aug23_0/53-20190820151700-snapshot.jpg
1,0,20190820,151800,88,2,707,639,803,701,Aug23_0/53-20190820151800-snapshot.jpg
1,0,20190820,151830,87,2,1488,124,1569,185,Aug23_0/53-20190820151830-snapshot.jpg
1,0,20190820,151930,87,2,1216,354,1302,458,Aug23_0/53-20190820151930-snapshot.jpg
1,0,20190820,152000,90,2,887,890,973,973,Aug23_0/53-20190820152000-snapshot.jpg
1,0,20190820,152030,86,2,1016,987,1075,1076,Aug23_0/53-20190820152030-snapshot.jpg
1,0,20190820,152200,88,2,1668,545,1761,623,Aug23_0/53-20190820152200-snapshot.jpg
1,0,20190820,152300,87,2,1542,594,1629,695,Aug23_0/53-20190820152300-snapshot.jpg
1,0,20190820,152430,84,2,610,604,668,665,Aug23_0/53-20190820152430-snapshot.jpg
1,0,20190820,152500,81,2,526,94,583,156,Aug23_0/53-20190820152500-snapshot.jpg
1,0,20190820,152730,86,2,393,7,493,69,Aug23_0/53-20190820152730-snapshot.jpg
1,0,20190820,152800,43,2,944,1041,1008,1079,Aug23_0/53-20190820152800-snapshot.jpg
1,0,20190820,152830,87,2,878,0,934,71,Aug23_0/53-20190820152830-snapshot.jpg
1,0,20190820,152830,87,2,620,633,707,702,Aug23_0/53-20190820152830-snapshot.jpg
1,0,20190820,152900,85,2,1120,71,1201,126,Aug23_0/53-20190820152900-snapshot.jpg
1,0,20190820,153000,87,2,535,38,637,97,Aug23_0/53-20190820153000-snapshot.jpg
1,0,20190820,153200,82,2,1665,725,1739,838,Aug23_0/53-20190820153200-snapshot.jpg
1,0,20190820,153530,80,7,1116,186,1325,419,Aug23_0/53-20190820153530-snapshot.jpg
1,0,20190820,153930,86,2,1601,673,1667,782,Aug23_0/53-20190820153930-snapshot.jpg
1,0,20190820,154230,89,2,1228,117,1337,204,Aug23_0/53-20190820154230-snapshot.jpg
1,0,20190820,154430,88,2,1061,840,1118,936,Aug23_0/53-20190820154430-snapshot.jpg
1,0,20190820,154500,87,2,1683,865,1785,928,Aug23_0/53-20190820154500-snapshot.jpg
1,0,20190820,154530,84,2,1590,775,1657,879,Aug23_0/53-20190820154530-snapshot.jpg
1,0,20190820,154600,50,2,536,96,592,157,Aug23_0/53-20190820154600-snapshot.jpg
1,0,20190820,154600,86,2,968,622,1058,717,Aug23_0/53-20190820154600-snapshot.jpg
1,0,20190820,154700,71,2,1755,981,1842,1056,Aug23_0/53-20190820154700-snapshot.jpg
1,0,20190820,154700,87,2,1406,62,1493,159,Aug23_0/53-20190820154700-snapshot.jpg
1,0,20190820,154730,78,2,1400,1021,1463,1079,Aug23_0/53-20190820154730-snapshot.jpg
1,0,20190820,154730,87,2,1101,7,1198,83,Aug23_0/53-20190820154730-snapshot.jpg
1,0,20190820,154800,83,2,1566,704,1661,768,Aug23_0/53-20190820154800-snapshot.jpg
1,0,20190820,154800,85,2,1615,1006,1745,1071,Aug23_0/53-20190820154800-snapshot.jpg
1,0,20190820,155100,87,2,1108,865,1166,955,Aug23_0/53-20190820155100-snapshot.jpg
1,0,20190820,155230,80,5,725,637,797,678,Aug23_0/53-20190820155230-snapshot.jpg
1,0,20190820,155300,35,5,165,231,234,272,Aug23_0/53-20190820155300-snapshot.jpg
1,0,20190820,155400,87,2,1085,88,1148,188,Aug23_0/53-20190820155400-snapshot.jpg
1,0,20190820,155630,25,2,1137,51,1179,97,Aug23_0/53-20190820155630-snapshot.jpg
1,0,20190820,155830,85,2,297,12,364,85,Aug23_0/53-20190820155830-snapshot.jpg
1,0,20190820,160000,86,2,1486,122,1560,189,Aug23_0/53-20190820160000-snapshot.jpg
1,0,20190820,160100,82,2,1492,140,1563,195,Aug23_0/53-20190820160100-snapshot.jpg
1,0,20190820,160200,85,2,216,957,279,1043,Aug23_0/53-20190820160200-snapshot.jpg
1,0,20190820,160330,86,2,1760,637,1851,736,Aug23_0/53-20190820160330-snapshot.jpg
1,0,20190820,160430,84,2,1321,516,1425,610,Aug23_0/53-20190820160430-snapshot.jpg
1,0,20190820,160530,68,2,303,434,359,497,Aug23_0/53-20190820160530-snapshot.jpg
1,0,20190820,160600,60,3,865,85,974,200,Aug23_0/53-20190820160600-snapshot.jpg
1,0,20190820,160600,65,4,863,83,976,202,Aug23_0/53-20190820160600-snapshot.jpg
1,0,20190820,160600,80,3,215,995,275,1075,Aug23_0/53-20190820160600-snapshot.jpg
1,0,20190820,160600,87,2,1509,343,1613,419,Aug23_0/53-20190820160600-snapshot.jpg
1,0,20190820,160800,86,2,1174,84,1281,147,Aug23_0/53-20190820160800-snapshot.jpg
1,0,20190820,161700,86,2,1543,636,1626,725,Aug23_0/53-20190820161700-snapshot.jpg
1,0,20190820,161730,85,2,1429,710,1514,780,Aug23_0/53-20190820161730-snapshot.jpg
1,0,20190820,161830,86,2,413,41,480,131,Aug23_0/53-20190820161830-snapshot.jpg
1,0,20190820,161900,87,2,574,582,658,636,Aug23_0/53-20190820161900-snapshot.jpg
1,0,20190820,161930,87,2,1126,822,1202,918,Aug23_0/53-20190820161930-snapshot.jpg
1,0,20190820,162200,87,7,43,47,210,263,Aug23_0/53-20190820162200-snapshot.jpg
1,0,20190820,162200,88,2,222,667,314,761,Aug23_0/53-20190820162200-snapshot.jpg
1,0,20190820,162230,84,7,360,0,540,64,Aug23_0/53-20190820162230-snapshot.jpg
1,0,20190820,162230,87,2,1559,911,1654,1022,Aug23_0/53-20190820162230-snapshot.jpg
1,0,20190820,162430,71,2,241,101,332,162,Aug23_0/53-20190820162430-snapshot.jpg
1,0,20190820,162500,86,2,257,891,322,972,Aug23_0/53-20190820162500-snapshot.jpg
1,0,20190820,162530,83,2,59,141,135,211,Aug23_0/53-20190820162530-snapshot.jpg
1,0,20190820,162600,84,2,581,37,655,105,Aug23_0/53-20190820162600-snapshot.jpg
1,0,20190820,162730,90,2,1437,723,1501,821,Aug23_0/53-20190820162730-snapshot.jpg
1,0,20190820,162830,79,2,915,1038,1005,1080,Aug23_0/53-20190820162830-snapshot.jpg
1,0,20190820,162900,87,2,1058,850,1120,940,Aug23_0/53-20190820162900-snapshot.jpg
1,0,20190820,162930,80,2,1766,849,1826,929,Aug23_0/53-20190820162930-snapshot.jpg
1,0,20190820,163000,86,2,611,666,693,742,Aug23_0/53-20190820163000-snapshot.jpg
1,0,20190820,163100,87,2,1260,236,1376,306,Aug23_0/53-20190820163100-snapshot.jpg
1,0,20190820,163130,75,2,485,1,549,55,Aug23_0/53-20190820163130-snapshot.jpg
1,0,20190820,163230,83,2,1033,1030,1110,1080,Aug23_0/53-20190820163230-snapshot.jpg
1,0,20190820,163300,77,2,1004,639,1058,720,Aug23_0/53-20190820163300-snapshot.jpg
1,0,20190820,163500,68,6,1460,118,1514,175,Aug23_0/53-20190820163500-snapshot.jpg
1,0,20190820,163700,89,2,1567,629,1657,697,Aug23_0/53-20190820163700-snapshot.jpg
1,0,20190820,164100,87,2,375,40,486,99,Aug23_0/53-20190820164100-snapshot.jpg
1,0,20190820,164130,88,2,784,414,876,504,Aug23_0/53-20190820164130-snapshot.jpg
1,0,20190820,164600,32,8,1492,116,1542,171,Aug23_0/53-20190820164600-snapshot.jpg
1,0,20190820,164830,88,4,1180,65,1270,172,Aug23_0/53-20190820164830-snapshot.jpg
1,0,20190820,165400,78,2,302,420,360,474,Aug23_0/53-20190820165400-snapshot.jpg
1,0,20190820,165400,87,2,1031,838,1137,908,Aug23_0/53-20190820165400-snapshot.jpg
1,0,20190820,165430,85,2,1742,839,1817,926,Aug23_0/53-20190820165430-snapshot.jpg
1,0,20190820,165500,87,2,1168,313,1293,387,Aug23_0/53-20190820165500-snapshot.jpg
1,0,20190820,165830,86,2,1080,151,1197,216,Aug23_0/53-20190820165830-snapshot.jpg
1,0,20190820,170100,88,2,1540,616,1647,682,Aug23_0/53-20190820170100-snapshot.jpg
1,0,20190820,170200,87,2,1431,768,1534,866,Aug23_0/53-20190820170200-snapshot.jpg
1,0,20190820,170230,87,2,1170,7,1228,89,Aug23_0/53-20190820170230-snapshot.jpg
1,0,20190820,170530,77,2,1738,888,1826,956,Aug23_0/53-20190820170530-snapshot.jpg
1,0,20190820,170600,87,2,1513,634,1602,702,Aug23_0/53-20190820170600-snapshot.jpg
1,0,20190820,170800,86,2,1094,683,1176,751,Aug23_0/53-20190820170800-snapshot.jpg
1,0,20190820,170830,87,2,1808,838,1918,899,Aug23_0/53-20190820170830-snapshot.jpg
1,0,20190820,171000,87,2,429,587,510,671,Aug23_0/53-20190820171000-snapshot.jpg
1,0,20190820,171100,84,2,252,93,331,172,Aug23_0/53-20190820171100-snapshot.jpg
1,0,20190820,171330,88,4,956,170,1062,269,Aug23_0/53-20190820171330-snapshot.jpg
1,0,20190820,171400,82,2,1205,340,1284,425,Aug23_0/53-20190820171400-snapshot.jpg
1,0,20190820,171430,88,2,972,35,1086,112,Aug23_0/53-20190820171430-snapshot.jpg
1,0,20190820,172200,86,2,1293,158,1361,253,Aug23_0/53-20190820172200-snapshot.jpg
1,0,20190820,172500,87,2,1549,843,1654,927,Aug23_0/53-20190820172500-snapshot.jpg
1,0,20190820,172730,85,2,74,321,151,416,Aug23_0/53-20190820172730-snapshot.jpg
1,0,20190820,172830,56,2,916,37,957,96,Aug23_0/53-20190820172830-snapshot.jpg
1,0,20190820,172900,31,8,638,267,697,325,Aug23_0/53-20190820172900-snapshot.jpg
1,0,20190820,172900,43,2,264,94,335,156,Aug23_0/53-20190820172900-snapshot.jpg
1,0,20190820,172930,88,4,57,227,163,311,Aug23_0/53-20190820172930-snapshot.jpg
1,0,20190820,174030,86,2,673,533,743,606,Aug23_0/53-20190820174030-snapshot.jpg
1,0,20190820,174100,85,2,1362,975,1430,1068,Aug23_0/53-20190820174100-snapshot.jpg
1,0,20190820,174130,87,2,494,91,593,173,Aug23_0/53-20190820174130-snapshot.jpg
1,0,20190820,174400,84,2,906,922,982,983,Aug23_0/53-20190820174400-snapshot.jpg
1,0,20190820,174430,87,2,1011,680,1104,771,Aug23_0/53-20190820174430-snapshot.jpg
1,0,20190820,174430,87,2,252,898,343,982,Aug23_0/53-20190820174430-snapshot.jpg
1,0,20190820,174430,88,4,1540,609,1652,688,Aug23_0/53-20190820174430-snapshot.jpg
1,0,20190820,174530,89,2,1422,719,1519,791,Aug23_0/53-20190820174530-snapshot.jpg
1,0,20190820,174930,72,2,1727,894,1810,971,Aug23_0/53-20190820174930-snapshot.jpg
1,0,20190820,175230,86,2,1432,770,1520,838,Aug23_0/53-20190820175230-snapshot.jpg
1,0,20190820,175300,84,2,1438,106,1532,167,Aug23_0/53-20190820175300-snapshot.jpg
1,0,20190820,175400,86,2,1284,179,1343,262,Aug23_0/53-20190820175400-snapshot.jpg
1,0,20190820,175500,88,2,1763,624,1826,714,Aug23_0/53-20190820175500-snapshot.jpg
1,0,20190820,175530,88,2,1183,111,1300,176,Aug23_0/53-20190820175530-snapshot.jpg
1,0,20190820,175730,84,1,825,612,865,649,Aug23_0/53-20190820175730-snapshot.jpg
1,0,20190820,175830,82,2,1104,132,1161,206,Aug23_0/53-20190820175830-snapshot.jpg
1,0,20190820,180400,85,8,1427,974,1486,1055,Aug23_0/53-20190820180400-snapshot.jpg
1,0,20190820,180630,90,2,1585,651,1648,751,Aug23_0/53-20190820180630-snapshot.jpg
1,0,20190820,180700,86,2,1154,94,1261,175,Aug23_0/53-20190820180700-snapshot.jpg
1,0,20190820,180730,81,2,1115,1,1164,61,Aug23_0/53-20190820180730-snapshot.jpg
1,0,20190820,180800,63,2,1116,66,1181,135,Aug23_0/53-20190820180800-snapshot.jpg
1,0,20190820,180800,87,2,211,983,301,1050,Aug23_0/53-20190820180800-snapshot.jpg
1,0,20190820,180830,71,2,323,2,415,39,Aug23_0/53-20190820180830-snapshot.jpg
1,0,20190820,180900,87,2,1507,246,1608,334,Aug23_0/53-20190820180900-snapshot.jpg
1,0,20190820,180930,86,2,359,46,445,117,Aug23_0/53-20190820180930-snapshot.jpg
1,0,20190820,181200,87,2,812,345,915,425,Aug23_0/53-20190820181200-snapshot.jpg
1,0,20190820,181300,82,2,312,402,368,475,Aug23_0/53-20190820181300-snapshot.jpg
1,0,20190820,181400,87,2,1603,702,1712,785,Aug23_0/53-20190820181400-snapshot.jpg
1,0,20190820,181500,84,2,1087,29,1166,105,Aug23_0/53-20190820181500-snapshot.jpg
1,0,20190820,181530,89,2,892,28,987,123,Aug23_0/53-20190820181530-snapshot.jpg
1,0,20190820,181730,66,2,1069,960,1143,1024,Aug23_0/53-20190820181730-snapshot.jpg
1,0,20190820,181800,69,2,1556,1033,1638,1079,Aug23_0/53-20190820181800-snapshot.jpg
1,0,20190820,181830,80,2,1076,182,1130,267,Aug23_0/53-20190820181830-snapshot.jpg
1,0,20190820,181900,79,2,1136,1,1212,42,Aug23_0/53-20190820181900-snapshot.jpg
1,0,20190820,181900,88,2,168,182,264,261,Aug23_0/53-20190820181900-snapshot.jpg
1,0,20190820,182230,81,7,1690,886,1903,1080,Aug23_0/53-20190820182230-snapshot.jpg
1,0,20190820,182500,88,2,1073,874,1165,946,Aug23_0/53-20190820182500-snapshot.jpg
1,0,20190820,182530,86,2,1458,113,1547,180,Aug23_0/53-20190820182530-snapshot.jpg
1,0,20190820,182600,88,2,1639,895,1740,1000,Aug23_0/53-20190820182600-snapshot.jpg
1,0,20190820,183200,85,2,1009,670,1072,765,Aug23_0/53-20190820183200-snapshot.jpg
1,0,20190820,183530,88,2,917,198,1027,275,Aug23_0/53-20190820183530-snapshot.jpg
1,0,20190820,183600,89,4,779,730,878,816,Aug23_0/53-20190820183600-snapshot.jpg
1,0,20190820,184130,86,2,606,663,691,722,Aug23_0/53-20190820184130-snapshot.jpg
1,0,20190820,184300,86,4,1221,328,1329,437,Aug23_0/53-20190820184300-snapshot.jpg
1,0,20190820,184330,88,2,1139,274,1236,374,Aug23_0/53-20190820184330-snapshot.jpg
1,0,20190820,184400,83,2,358,46,430,129,Aug23_0/53-20190820184400-snapshot.jpg
1,0,20190820,185400,90,2,715,662,809,739,Aug23_0/53-20190820185400-snapshot.jpg
1,0,20190820,185600,86,2,1015,694,1113,781,Aug23_0/53-20190820185600-snapshot.jpg
1,0,20190820,185700,83,2,40,279,127,345,Aug23_0/53-20190820185700-snapshot.jpg
1,0,20190820,191900,86,4,1584,952,1708,1052,Aug23_0/53-20190820191900-snapshot.jpg
1,0,20190820,191930,88,4,1085,89,1190,223,Aug23_0/53-20190820191930-snapshot.jpg
1,0,20190820,192000,89,4,653,602,747,709,Aug23_0/53-20190820192000-snapshot.jpg
1,0,20190820,192230,87,2,980,643,1072,733,Aug23_0/53-20190820192230-snapshot.jpg
1,0,20190820,193430,76,2,528,99,596,160,Aug23_0/53-20190820193430-snapshot.jpg
1,0,20190820,193800,89,2,709,234,838,306,Aug23_0/53-20190820193800-snapshot.jpg
1,0,20190820,195900,88,2,1501,139,1584,225,Aug23_0/53-20190820195900-snapshot.jpg
1,0,20190820,195930,86,2,1110,54,1180,153,Aug23_0/53-20190820195930-snapshot.jpg
1,0,20190820,200230,87,2,932,951,1012,1043,Aug23_0/53-20190820200230-snapshot.jpg
1,0,20190820,200300,84,2,1119,69,1199,176,Aug23_0/53-20190820200300-snapshot.jpg
1,0,20190820,200330,86,4,1134,79,1226,148,Aug23_0/53-20190820200330-snapshot.jpg
1,0,20190820,200400,87,4,0,246,84,321,Aug23_0/53-20190820200400-snapshot.jpg
1,0,20190820,203800,30,2,321,499,409,580,Aug23_0/53-20190820203800-snapshot.jpg
1,0,20190821,082330,87,3,626,643,711,709,Aug23_0/59-20190821082330-snapshot.jpg
1,0,20190821,085100,88,3,1393,239,1513,328,Aug23_0/59-20190821085100-snapshot.jpg
1,0,20190821,085600,88,2,682,129,776,236,Aug23_0/59-20190821085600-snapshot.jpg
1,0,20190821,090230,88,4,906,894,1003,975,Aug23_0/59-20190821090230-snapshot.jpg
1,0,20190821,090930,85,2,760,324,834,421,Aug23_0/59-20190821090930-snapshot.jpg
1,0,20190821,092330,61,2,29,292,107,355,Aug23_0/59-20190821092330-snapshot.jpg
1,0,20190821,093730,84,8,1217,445,1304,532,Aug23_0/59-20190821093730-snapshot.jpg
1,0,20190821,094700,86,2,67,119,146,193,Aug23_0/59-20190821094700-snapshot.jpg
1,0,20190821,094930,87,4,1132,102,1215,186,Aug23_0/59-20190821094930-snapshot.jpg
1,0,20190821,095000,88,4,1579,888,1698,981,Aug23_0/59-20190821095000-snapshot.jpg
1,0,20190821,095200,30,2,666,607,721,662,Aug23_0/59-20190821095200-snapshot.jpg
1,0,20190821,095230,54,2,711,631,763,692,Aug23_0/59-20190821095230-snapshot.jpg
1,0,20190821,095300,62,2,1112,699,1164,768,Aug23_0/59-20190821095300-snapshot.jpg
1,0,20190821,095330,84,4,112,258,219,334,Aug23_0/59-20190821095330-snapshot.jpg
1,0,20190821,095430,74,7,1328,829,1666,1016,Aug23_0/59-20190821095430-snapshot.jpg
1,0,20190821,095500,60,7,1453,579,1803,858,Aug23_0/59-20190821095500-snapshot.jpg
1,0,20190821,095530,82,7,1042,142,1335,344,Aug23_0/59-20190821095530-snapshot.jpg
1,0,20190821,095600,67,7,715,0,1071,160,Aug23_0/59-20190821095600-snapshot.jpg
1,0,20190821,100530,85,2,309,16,376,93,Aug23_0/59-20190821100530-snapshot.jpg
1,0,20190821,101600,88,4,498,135,591,228,Aug23_0/59-20190821101600-snapshot.jpg
1,0,20190821,101830,89,4,919,679,1017,764,Aug23_0/59-20190821101830-snapshot.jpg
1,0,20190821,102700,81,2,246,906,335,983,Aug23_0/59-20190821102700-snapshot.jpg
1,0,20190821,102730,79,2,930,690,989,768,Aug23_0/59-20190821102730-snapshot.jpg
1,0,20190821,103530,59,2,1076,928,1164,996,Aug23_0/59-20190821103530-snapshot.jpg
1,0,20190821,103600,86,2,746,415,844,484,Aug23_0/59-20190821103600-snapshot.jpg
1,0,20190821,103630,86,2,1069,60,1163,127,Aug23_0/59-20190821103630-snapshot.jpg
1,0,20190821,104300,87,4,690,603,801,750,Aug23_0/59-20190821104300-snapshot.jpg
1,0,20190821,104400,86,2,761,673,848,735,Aug23_0/59-20190821104400-snapshot.jpg
1,0,20190821,104700,82,2,607,664,667,717,Aug23_0/59-20190821104700-snapshot.jpg
1,0,20190821,105300,88,2,1751,866,1842,940,Aug23_0/59-20190821105300-snapshot.jpg
1,0,20190821,105600,77,2,15,267,89,327,Aug23_0/59-20190821105600-snapshot.jpg
1,0,20190821,105600,84,2,917,900,985,987,Aug23_0/59-20190821105600-snapshot.jpg
1,0,20190821,110630,86,2,1433,814,1528,916,Aug23_0/59-20190821110630-snapshot.jpg
1,0,20190821,110630,88,4,1058,0,1151,106,Aug23_0/59-20190821110630-snapshot.jpg
1,0,20190821,112300,88,2,949,5,1010,92,Aug23_0/59-20190821112300-snapshot.jpg
1,0,20190821,112330,84,2,281,36,361,91,Aug23_0/59-20190821112330-snapshot.jpg
1,0,20190821,112430,79,2,1002,1032,1079,1080,Aug23_0/59-20190821112430-snapshot.jpg
1,0,20190821,112500,88,2,1090,819,1182,900,Aug23_0/59-20190821112500-snapshot.jpg
1,0,20190821,112530,82,2,1442,114,1522,171,Aug23_0/59-20190821112530-snapshot.jpg
1,0,20190821,112530,87,2,663,609,723,693,Aug23_0/59-20190821112530-snapshot.jpg
1,0,20190821,112630,87,2,1657,500,1752,595,Aug23_0/59-20190821112630-snapshot.jpg
1,0,20190821,112700,86,2,1173,334,1268,428,Aug23_0/59-20190821112700-snapshot.jpg
1,0,20190821,113530,88,2,937,909,1038,992,Aug23_0/59-20190821113530-snapshot.jpg
1,0,20190821,113630,87,2,627,14,690,94,Aug23_0/59-20190821113630-snapshot.jpg
1,0,20190821,113630,88,2,1567,199,1675,270,Aug23_0/59-20190821113630-snapshot.jpg
1,0,20190821,113700,87,2,326,63,425,135,Aug23_0/59-20190821113700-snapshot.jpg
1,0,20190821,114100,85,2,1116,1,1188,55,Aug23_0/59-20190821114100-snapshot.jpg
1,0,20190821,114100,90,2,1132,391,1248,484,Aug23_0/59-20190821114100-snapshot.jpg
1,0,20190821,114130,81,2,20,259,89,334,Aug23_0/59-20190821114130-snapshot.jpg
1,0,20190821,114500,88,2,939,996,1023,1080,Aug23_0/59-20190821114500-snapshot.jpg
1,0,20190821,114530,81,2,1111,110,1202,198,Aug23_0/59-20190821114530-snapshot.jpg
1,0,20190821,115030,88,2,1547,859,1651,951,Aug23_0/59-20190821115030-snapshot.jpg
1,0,20190821,115430,85,2,1721,901,1812,988,Aug23_0/59-20190821115430-snapshot.jpg
1,0,20190821,115530,83,2,322,95,408,163,Aug23_0/59-20190821115530-snapshot.jpg
1,0,20190821,115530,89,2,660,550,754,628,Aug23_0/59-20190821115530-snapshot.jpg
1,0,20190821,120430,87,3,1140,57,1253,152,Aug23_0/59-20190821120430-snapshot.jpg
1,0,20190821,120500,85,2,94,151,158,226,Aug23_0/59-20190821120500-snapshot.jpg
1,0,20190821,120830,88,2,1001,683,1097,772,Aug23_0/59-20190821120830-snapshot.jpg
1,0,20190821,121430,89,2,1556,867,1646,967,Aug23_0/59-20190821121430-snapshot.jpg
1,0,20190821,121800,89,2,132,189,238,252,Aug23_0/59-20190821121800-snapshot.jpg
1,0,20190821,122430,84,2,607,663,677,714,Aug23_0/59-20190821122430-snapshot.jpg
1,0,20190821,122600,63,2,1106,135,1185,186,Aug23_0/59-20190821122600-snapshot.jpg
1,0,20190821,122600,87,2,645,664,729,737,Aug23_0/59-20190821122600-snapshot.jpg
1,0,20190821,122630,84,2,256,97,337,172,Aug23_0/59-20190821122630-snapshot.jpg
1,0,20190821,122700,90,2,996,499,1105,596,Aug23_0/59-20190821122700-snapshot.jpg
1,0,20190821,122730,77,2,277,32,344,92,Aug23_0/59-20190821122730-snapshot.jpg
1,0,20190821,122800,74,2,41,168,112,237,Aug23_0/59-20190821122800-snapshot.jpg
1,0,20190821,123700,87,2,1628,820,1757,894,Aug23_0/59-20190821123700-snapshot.jpg
1,0,20190821,123700,88,2,572,49,661,106,Aug23_0/59-20190821123700-snapshot.jpg
1,0,20190821,124000,87,2,1105,72,1166,185,Aug23_0/59-20190821124000-snapshot.jpg
1,0,20190821,124000,87,2,1131,793,1210,888,Aug23_0/59-20190821124000-snapshot.jpg
1,0,20190821,124030,82,2,23,293,104,359,Aug23_0/59-20190821124030-snapshot.jpg
1,0,20190821,124030,87,2,1120,4,1180,88,Aug23_0/59-20190821124030-snapshot.jpg
1,0,20190821,124530,86,2,898,892,981,975,Aug23_0/59-20190821124530-snapshot.jpg
1,0,20190821,124600,79,2,1755,1003,1839,1079,Aug23_0/59-20190821124600-snapshot.jpg
1,0,20190821,124600,88,2,1551,628,1648,713,Aug23_0/59-20190821124600-snapshot.jpg
1,0,20190821,125830,87,2,1737,830,1802,924,Aug23_0/59-20190821125830-snapshot.jpg
1,0,20190821,130000,86,2,903,894,986,966,Aug23_0/59-20190821130000-snapshot.jpg
1,0,20190821,130000,88,2,176,366,264,449,Aug23_0/59-20190821130000-snapshot.jpg
1,0,20190821,130030,87,2,1177,311,1270,416,Aug23_0/59-20190821130030-snapshot.jpg
1,0,20190821,130100,75,2,799,204,883,296,Aug23_0/59-20190821130100-snapshot.jpg
1,0,20190821,130130,85,2,1290,701,1364,784,Aug23_0/59-20190821130130-snapshot.jpg
1,0,20190821,130130,88,2,729,601,820,692,Aug23_0/59-20190821130130-snapshot.jpg
1,0,20190821,130200,87,2,271,894,367,955,Aug23_0/59-20190821130200-snapshot.jpg
1,0,20190821,130200,88,2,1267,251,1381,320,Aug23_0/59-20190821130200-snapshot.jpg
1,0,20190821,131100,91,2,865,78,973,170,Aug23_0/59-20190821131100-snapshot.jpg
1,0,20190821,131200,88,2,1131,822,1193,919,Aug23_0/59-20190821131200-snapshot.jpg
1,0,20190821,131500,86,2,327,34,420,105,Aug23_0/59-20190821131500-snapshot.jpg
1,0,20190821,131500,88,2,1480,636,1591,712,Aug23_0/59-20190821131500-snapshot.jpg
1,0,20190821,131830,89,4,894,886,1002,1032,Aug23_0/59-20190821131830-snapshot.jpg
1,0,20190821,131900,86,2,110,306,187,377,Aug23_0/59-20190821131900-snapshot.jpg
1,0,20190821,132030,88,2,668,635,737,723,Aug23_0/59-20190821132030-snapshot.jpg
1,0,20190821,132100,86,2,463,20,547,88,Aug23_0/59-20190821132100-snapshot.jpg
1,0,20190821,132630,74,2,1309,1025,1391,1078,Aug23_0/59-20190821132630-snapshot.jpg
1,0,20190821,132800,88,2,1236,299,1331,385,Aug23_0/59-20190821132800-snapshot.jpg
1,0,20190821,132930,88,4,1407,47,1508,148,Aug23_0/59-20190821132930-snapshot.jpg
1,0,20190821,133100,87,2,633,651,730,717,Aug23_0/59-20190821133100-snapshot.jpg
1,0,20190821,133100,90,2,740,381,836,470,Aug23_0/59-20190821133100-snapshot.jpg
1,0,20190821,133130,87,2,629,584,728,642,Aug23_0/59-20190821133130-snapshot.jpg
1,0,20190821,133200,84,2,291,176,379,258,Aug23_0/59-20190821133200-snapshot.jpg
1,0,20190821,133230,85,9,1571,822,1662,944,Aug23_0/59-20190821133230-snapshot.jpg
1,0,20190821,133800,87,2,932,683,1033,744,Aug23_0/59-20190821133800-snapshot.jpg
1,0,20190821,134030,74,2,374,4,443,56,Aug23_0/59-20190821134030-snapshot.jpg
1,0,20190821,134100,88,2,172,162,284,231,Aug23_0/59-20190821134100-snapshot.jpg
1,0,20190821,134230,88,2,919,646,1033,713,Aug23_0/59-20190821134230-snapshot.jpg
1,0,20190821,134400,87,2,146,253,237,325,Aug23_0/59-20190821134400-snapshot.jpg
1,0,20190821,134600,72,2,431,1,495,57,Aug23_0/59-20190821134600-snapshot.jpg
1,0,20190821,134630,77,2,1000,240,1116,313,Aug23_0/59-20190821134630-snapshot.jpg
1,0,20190821,134700,87,2,1175,72,1270,180,Aug23_0/59-20190821134700-snapshot.jpg
1,0,20190821,134830,89,4,875,1021,983,1080,Aug23_0/59-20190821134830-snapshot.jpg
1,0,20190821,134900,85,2,617,652,692,712,Aug23_0/59-20190821134900-snapshot.jpg
1,0,20190821,135130,84,2,628,35,688,100,Aug23_0/59-20190821135130-snapshot.jpg
1,0,20190821,135130,89,2,1546,733,1655,831,Aug23_0/59-20190821135130-snapshot.jpg
1,0,20190821,135200,73,2,613,2,668,60,Aug23_0/59-20190821135200-snapshot.jpg
1,0,20190821,135200,88,2,668,523,764,589,Aug23_0/59-20190821135200-snapshot.jpg
1,0,20190821,135330,76,2,369,1,442,65,Aug23_0/59-20190821135330-snapshot.jpg
1,0,20190821,135700,85,2,893,899,969,974,Aug23_0/59-20190821135700-snapshot.jpg
1,0,20190821,135730,86,2,822,70,914,171,Aug23_0/59-20190821135730-snapshot.jpg
1,0,20190821,135800,87,2,59,274,157,345,Aug23_0/59-20190821135800-snapshot.jpg
1,0,20190821,135830,87,2,326,101,425,179,Aug23_0/59-20190821135830-snapshot.jpg
1,0,20190821,140200,79,2,265,94,330,170,Aug23_0/59-20190821140200-snapshot.jpg
1,0,20190821,141000,80,2,1093,134,1159,227,Aug23_0/59-20190821141000-snapshot.jpg
1,0,20190821,141030,90,2,715,655,808,730,Aug23_0/59-20190821141030-snapshot.jpg
1,0,20190821,141300,87,2,559,60,646,125,Aug23_0/59-20190821141300-snapshot.jpg
1,0,20190821,141430,88,2,1593,662,1662,779,Aug23_0/59-20190821141430-snapshot.jpg
1,0,20190821,141500,87,2,1502,877,1591,974,Aug23_0/59-20190821141500-snapshot.jpg
1,0,20190821,141530,87,2,1632,726,1736,841,Aug23_0/59-20190821141530-snapshot.jpg
1,0,20190821,141600,85,2,1065,25,1151,101,Aug23_0/59-20190821141600-snapshot.jpg
1,0,20190821,141630,89,2,704,634,768,726,Aug23_0/59-20190821141630-snapshot.jpg
1,0,20190821,141630,90,2,776,764,868,858,Aug23_0/59-20190821141630-snapshot.jpg
1,0,20190821,141700,85,2,30,122,121,209,Aug23_0/59-20190821141700-snapshot.jpg
1,0,20190821,141700,88,2,1738,821,1806,922,Aug23_0/59-20190821141700-snapshot.jpg
1,0,20190821,141800,87,4,1314,218,1414,339,Aug23_0/59-20190821141800-snapshot.jpg
1,0,20190821,142130,52,2,1143,1,1207,36,Aug23_0/59-20190821142130-snapshot.jpg
1,0,20190821,142330,87,2,857,41,941,127,Aug23_0/59-20190821142330-snapshot.jpg
1,0,20190821,142330,90,2,957,909,1040,1000,Aug23_0/59-20190821142330-snapshot.jpg
1,0,20190821,143300,89,2,1602,1021,1724,1080,Aug23_0/59-20190821143300-snapshot.jpg
1,0,20190821,143330,73,2,930,1039,1016,1080,Aug23_0/59-20190821143330-snapshot.jpg
1,0,20190821,143700,83,2,649,544,728,602,Aug23_0/59-20190821143700-snapshot.jpg
1,0,20190821,143730,85,3,1144,321,1261,433,Aug23_0/59-20190821143730-snapshot.jpg
1,0,20190821,143830,85,8,860,586,949,656,Aug23_0/59-20190821143830-snapshot.jpg
1,0,20190821,143830,87,2,1045,677,1139,774,Aug23_0/59-20190821143830-snapshot.jpg
1,0,20190821,143900,87,2,901,901,985,986,Aug23_0/59-20190821143900-snapshot.jpg
1,0,20190821,144000,89,7,1625,753,1857,931,Aug23_0/59-20190821144000-snapshot.jpg
1,0,20190821,144030,77,2,1435,128,1503,178,Aug23_0/59-20190821144030-snapshot.jpg
1,0,20190821,144030,85,7,256,1023,388,1080,Aug23_0/59-20190821144030-snapshot.jpg
1,0,20190821,144100,90,7,182,901,321,1064,Aug23_0/59-20190821144100-snapshot.jpg
1,0,20190821,144630,87,2,674,636,765,701,Aug23_0/59-20190821144630-snapshot.jpg
1,0,20190821,144700,72,2,24,261,109,340,Aug23_0/59-20190821144700-snapshot.jpg
1,0,20190821,144800,87,2,1086,778,1150,875,Aug23_0/59-20190821144800-snapshot.jpg
1,0,20190821,144830,88,2,1596,882,1709,970,Aug23_0/59-20190821144830-snapshot.jpg
1,0,20190821,144900,87,2,1667,894,1773,1011,Aug23_0/59-20190821144900-snapshot.jpg
1,0,20190821,144930,66,2,1067,1,1156,42,Aug23_0/59-20190821144930-snapshot.jpg
1,0,20190821,144930,87,2,495,93,586,176,Aug23_0/59-20190821144930-snapshot.jpg
1,0,20190821,144930,87,2,1276,224,1341,329,Aug23_0/59-20190821144930-snapshot.jpg
1,0,20190821,145330,86,2,1595,928,1704,999,Aug23_0/59-20190821145330-snapshot.jpg
1,0,20190821,145400,83,2,397,13,491,66,Aug23_0/59-20190821145400-snapshot.jpg
1,0,20190821,145530,83,2,848,1031,943,1080,Aug23_0/59-20190821145530-snapshot.jpg
1,0,20190821,145630,76,2,576,244,648,316,Aug23_0/59-20190821145630-snapshot.jpg
1,0,20190821,145630,87,2,1265,246,1373,318,Aug23_0/59-20190821145630-snapshot.jpg
1,0,20190821,145700,86,2,1134,960,1207,1035,Aug23_0/59-20190821145700-snapshot.jpg
1,0,20190821,150200,54,2,226,1031,283,1080,Aug23_0/59-20190821150200-snapshot.jpg
1,0,20190821,150200,84,2,54,291,148,356,Aug23_0/59-20190821150200-snapshot.jpg
1,0,20190821,150230,84,2,1335,897,1405,1003,Aug23_0/59-20190821150230-snapshot.jpg
1,0,20190821,150230,88,2,1744,856,1825,914,Aug23_0/59-20190821150230-snapshot.jpg
1,0,20190821,150300,85,2,1278,716,1348,797,Aug23_0/59-20190821150300-snapshot.jpg
1,0,20190821,150630,77,2,299,407,360,471,Aug23_0/59-20190821150630-snapshot.jpg
1,0,20190821,151100,90,2,771,222,872,320,Aug23_0/59-20190821151100-snapshot.jpg
1,0,20190821,151230,79,2,222,1014,300,1078,Aug23_0/59-20190821151230-snapshot.jpg
1,0,20190821,151500,88,2,715,732,811,827,Aug23_0/59-20190821151500-snapshot.jpg
1,0,20190821,151530,88,2,973,64,1098,134,Aug23_0/59-20190821151530-snapshot.jpg
1,0,20190821,151600,82,2,268,99,332,180,Aug23_0/59-20190821151600-snapshot.jpg
1,0,20190821,151600,86,2,1610,638,1678,727,Aug23_0/59-20190821151600-snapshot.jpg
1,0,20190821,151630,84,2,95,307,179,380,Aug23_0/59-20190821151630-snapshot.jpg
1,0,20190821,151630,89,2,699,615,787,694,Aug23_0/59-20190821151630-snapshot.jpg
1,0,20190821,151730,88,2,905,854,1018,923,Aug23_0/59-20190821151730-snapshot.jpg
1,0,20190821,151900,89,2,940,850,1041,942,Aug23_0/59-20190821151900-snapshot.jpg
1,0,20190821,151930,88,2,136,94,220,166,Aug23_0/59-20190821151930-snapshot.jpg
1,0,20190821,152000,88,2,1474,865,1577,964,Aug23_0/59-20190821152000-snapshot.jpg
1,0,20190821,152030,78,2,303,424,362,486,Aug23_0/59-20190821152030-snapshot.jpg
1,0,20190821,152100,88,2,1118,855,1210,924,Aug23_0/59-20190821152100-snapshot.jpg
1,0,20190821,152430,90,2,758,347,864,431,Aug23_0/59-20190821152430-snapshot.jpg
1,0,20190821,152500,82,2,1295,282,1371,353,Aug23_0/59-20190821152500-snapshot.jpg
1,0,20190821,152600,84,8,71,417,170,499,Aug23_0/59-20190821152600-snapshot.jpg
1,0,20190821,152730,34,2,1532,133,1616,183,Aug23_0/59-20190821152730-snapshot.jpg
1,0,20190821,152730,51,6,1531,132,1618,184,Aug23_0/59-20190821152730-snapshot.jpg
1,0,20190821,152830,42,2,1122,62,1169,120,Aug23_0/59-20190821152830-snapshot.jpg
1,0,20190821,152830,81,2,277,1041,359,1079,Aug23_0/59-20190821152830-snapshot.jpg
1,0,20190821,152900,86,7,304,0,458,53,Aug23_0/59-20190821152900-snapshot.jpg
1,0,20190821,152930,75,7,344,0,517,70,Aug23_0/59-20190821152930-snapshot.jpg
1,0,20190821,153100,43,8,1053,247,1127,292,Aug23_0/59-20190821153100-snapshot.jpg
1,0,20190821,153230,85,2,574,53,641,116,Aug23_0/59-20190821153230-snapshot.jpg
1,0,20190821,153300,85,2,609,657,687,731,Aug23_0/59-20190821153300-snapshot.jpg
1,0,20190821,153330,84,8,873,483,930,581,Aug23_0/59-20190821153330-snapshot.jpg
1,0,20190821,153330,86,2,1622,504,1721,585,Aug23_0/59-20190821153330-snapshot.jpg
1,0,20190821,153400,80,2,1689,860,1774,925,Aug23_0/59-20190821153400-snapshot.jpg
1,0,20190821,153430,80,2,1037,1032,1114,1080,Aug23_0/59-20190821153430-snapshot.jpg
1,0,20190821,153430,87,2,926,694,1012,758,Aug23_0/59-20190821153430-snapshot.jpg
1,0,20190821,153500,66,5,1594,793,1677,842,Aug23_0/59-20190821153500-snapshot.jpg
1,0,20190821,153530,44,5,1039,278,1126,330,Aug23_0/59-20190821153530-snapshot.jpg
1,0,20190821,153530,61,8,1039,278,1127,330,Aug23_0/59-20190821153530-snapshot.jpg
1,0,20190821,153530,89,4,1140,826,1240,904,Aug23_0/59-20190821153530-snapshot.jpg
1,0,20190821,153630,80,2,43,295,129,364,Aug23_0/59-20190821153630-snapshot.jpg
1,0,20190821,153700,56,5,1090,134,1163,176,Aug23_0/59-20190821153700-snapshot.jpg
1,0,20190821,153730,26,5,1228,349,1284,423,Aug23_0/59-20190821153730-snapshot.jpg
1,0,20190821,153800,46,6,739,235,819,302,Aug23_0/59-20190821153800-snapshot.jpg
1,0,20190821,153900,88,2,1630,757,1744,827,Aug23_0/59-20190821153900-snapshot.jpg
1,0,20190821,153930,84,2,1121,877,1179,971,Aug23_0/59-20190821153930-snapshot.jpg
1,0,20190821,154000,70,5,1171,130,1240,167,Aug23_0/59-20190821154000-snapshot.jpg
1,0,20190821,154000,73,2,927,1010,995,1080,Aug23_0/59-20190821154000-snapshot.jpg
1,0,20190821,154030,77,2,502,116,583,191,Aug23_0/59-20190821154030-snapshot.jpg
1,0,20190821,154100,30,2,1491,747,1590,790,Aug23_0/59-20190821154100-snapshot.jpg
1,0,20190821,154100,51,2,12,252,77,323,Aug23_0/59-20190821154100-snapshot.jpg
1,0,20190821,154230,29,8,1433,770,1509,810,Aug23_0/59-20190821154230-snapshot.jpg
1,0,20190821,154330,90,2,928,804,1020,897,Aug23_0/59-20190821154330-snapshot.jpg
1,0,20190821,154530,85,2,294,181,390,245,Aug23_0/59-20190821154530-snapshot.jpg
1,0,20190821,154600,91,2,1006,897,1122,963,Aug23_0/59-20190821154600-snapshot.jpg
1,0,20190821,154630,88,2,1643,723,1734,830,Aug23_0/59-20190821154630-snapshot.jpg
1,0,20190821,154700,85,2,1379,53,1447,131,Aug23_0/59-20190821154700-snapshot.jpg
1,0,20190821,155030,89,2,260,445,347,503,Aug23_0/59-20190821155030-snapshot.jpg
1,0,20190821,155500,86,2,793,647,878,723,Aug23_0/59-20190821155500-snapshot.jpg
1,0,20190821,160000,71,2,7,201,102,286,Aug23_0/59-20190821160000-snapshot.jpg
1,0,20190821,160000,82,2,503,130,587,205,Aug23_0/59-20190821160000-snapshot.jpg
1,0,20190821,160000,88,4,972,570,1064,670,Aug23_0/59-20190821160000-snapshot.jpg
1,0,20190821,160100,76,2,863,699,962,762,Aug23_0/59-20190821160100-snapshot.jpg
1,0,20190821,160100,87,2,1299,162,1390,233,Aug23_0/59-20190821160100-snapshot.jpg
1,0,20190821,160200,84,2,1547,1029,1650,1080,Aug23_0/59-20190821160200-snapshot.jpg
1,0,20190821,160200,87,2,1373,22,1457,117,Aug23_0/59-20190821160200-snapshot.jpg
1,0,20190821,160330,85,2,317,428,376,504,Aug23_0/59-20190821160330-snapshot.jpg
1,0,20190821,160430,85,2,263,135,350,219,Aug23_0/59-20190821160430-snapshot.jpg
1,0,20190821,160430,88,2,969,561,1078,645,Aug23_0/59-20190821160430-snapshot.jpg
1,0,20190821,160600,90,4,315,42,419,116,Aug23_0/59-20190821160600-snapshot.jpg
1,0,20190821,160800,81,2,772,209,865,301,Aug23_0/59-20190821160800-snapshot.jpg
1,0,20190821,161430,68,5,1191,117,1243,176,Aug23_0/59-20190821161430-snapshot.jpg
1,0,20190821,161530,32,8,752,189,832,254,Aug23_0/59-20190821161530-snapshot.jpg
1,0,20190821,161530,47,5,753,189,830,254,Aug23_0/59-20190821161530-snapshot.jpg
1,0,20190821,161730,86,2,678,600,739,691,Aug23_0/59-20190821161730-snapshot.jpg
1,0,20190821,161800,87,2,1067,873,1163,933,Aug23_0/59-20190821161800-snapshot.jpg
1,0,20190821,161800,88,2,1475,919,1576,1021,Aug23_0/59-20190821161800-snapshot.jpg
1,0,20190821,161830,57,2,1730,850,1794,905,Aug23_0/59-20190821161830-snapshot.jpg
1,0,20190821,161900,55,5,1577,623,1619,679,Aug23_0/59-20190821161900-snapshot.jpg
1,0,20190821,162000,88,2,127,182,232,260,Aug23_0/59-20190821162000-snapshot.jpg
1,0,20190821,162100,91,2,296,11,390,76,Aug23_0/59-20190821162100-snapshot.jpg
1,0,20190821,162230,89,2,652,627,737,702,Aug23_0/59-20190821162230-snapshot.jpg
1,0,20190821,162330,87,2,316,81,423,141,Aug23_0/59-20190821162330-snapshot.jpg
1,0,20190821,162400,80,2,1039,173,1121,279,Aug23_0/59-20190821162400-snapshot.jpg
1,0,20190821,162600,86,2,894,0,950,75,Aug23_0/59-20190821162600-snapshot.jpg
1,0,20190821,162600,90,2,876,933,982,996,Aug23_0/59-20190821162600-snapshot.jpg
1,0,20190821,162630,90,2,1165,766,1249,859,Aug23_0/59-20190821162630-snapshot.jpg
1,0,20190821,163030,85,2,1077,25,1147,116,Aug23_0/59-20190821163030-snapshot.jpg
1,0,20190821,163530,88,2,644,636,743,708,Aug23_0/59-20190821163530-snapshot.jpg
1,0,20190821,163600,76,2,264,887,357,964,Aug23_0/59-20190821163600-snapshot.jpg
1,0,20190821,163600,87,2,1228,331,1315,450,Aug23_0/59-20190821163600-snapshot.jpg
1,0,20190821,163630,87,2,1006,679,1112,750,Aug23_0/59-20190821163630-snapshot.jpg
1,0,20190821,163700,64,6,1036,765,1095,839,Aug23_0/59-20190821163700-snapshot.jpg
1,0,20190821,163700,67,2,1036,766,1094,839,Aug23_0/59-20190821163700-snapshot.jpg
1,0,20190821,163730,87,2,1746,719,1833,807,Aug23_0/59-20190821163730-snapshot.jpg
1,0,20190821,163900,84,6,1038,544,1122,619,Aug23_0/59-20190821163900-snapshot.jpg
1,0,20190821,163930,89,2,656,640,754,717,Aug23_0/59-20190821163930-snapshot.jpg
1,0,20190821,164300,87,2,1374,48,1457,138,Aug23_0/59-20190821164300-snapshot.jpg
1,0,20190821,164330,87,2,1405,984,1490,1073,Aug23_0/59-20190821164330-snapshot.jpg
1,0,20190821,164530,79,2,219,1011,296,1078,Aug23_0/59-20190821164530-snapshot.jpg
1,0,20190821,164600,87,2,944,1020,1036,1080,Aug23_0/59-20190821164600-snapshot.jpg
1,0,20190821,164630,89,2,1545,694,1653,759,Aug23_0/59-20190821164630-snapshot.jpg
1,0,20190821,164830,89,3,222,997,325,1078,Aug23_0/59-20190821164830-snapshot.jpg
1,0,20190821,164900,90,2,935,673,1019,755,Aug23_0/59-20190821164900-snapshot.jpg
1,0,20190821,164930,88,2,1457,755,1526,873,Aug23_0/59-20190821164930-snapshot.jpg
1,0,20190821,165230,91,2,1749,838,1862,903,Aug23_0/59-20190821165230-snapshot.jpg
1,0,20190821,165430,88,2,959,921,1054,1008,Aug23_0/59-20190821165430-snapshot.jpg
1,0,20190821,165500,90,2,1127,831,1218,910,Aug23_0/59-20190821165500-snapshot.jpg
1,0,20190821,165530,53,2,1001,1041,1052,1079,Aug23_0/59-20190821165530-snapshot.jpg
1,0,20190821,165600,83,2,1186,351,1261,433,Aug23_0/59-20190821165600-snapshot.jpg
1,0,20190821,165630,89,2,1264,197,1369,280,Aug23_0/59-20190821165630-snapshot.jpg
1,0,20190821,165700,87,2,1399,63,1493,131,Aug23_0/59-20190821165700-snapshot.jpg
1,0,20190821,165730,87,2,938,653,1031,729,Aug23_0/59-20190821165730-snapshot.jpg
1,0,20190821,165930,87,2,148,57,267,127,Aug23_0/59-20190821165930-snapshot.jpg
1,0,20190821,170000,87,2,1191,248,1272,349,Aug23_0/59-20190821170000-snapshot.jpg
1,0,20190821,170000,88,2,119,180,223,244,Aug23_0/59-20190821170000-snapshot.jpg
1,0,20190821,170030,56,2,312,435,374,493,Aug23_0/59-20190821170030-snapshot.jpg
1,0,20190821,170030,78,2,1449,822,1529,929,Aug23_0/59-20190821170030-snapshot.jpg
1,0,20190821,170030,83,2,900,893,971,977,Aug23_0/59-20190821170030-snapshot.jpg
1,0,20190821,170230,31,2,343,9,415,51,Aug23_0/59-20190821170230-snapshot.jpg
1,0,20190821,170230,88,2,1119,816,1217,893,Aug23_0/59-20190821170230-snapshot.jpg
1,0,20190821,170300,75,2,1364,1034,1432,1080,Aug23_0/59-20190821170300-snapshot.jpg
1,0,20190821,170300,76,2,809,25,872,91,Aug23_0/59-20190821170300-snapshot.jpg
1,0,20190821,170730,85,2,1299,242,1358,327,Aug23_0/59-20190821170730-snapshot.jpg
1,0,20190821,170830,80,2,1327,524,1434,627,Aug23_0/59-20190821170830-snapshot.jpg
1,0,20190821,170900,88,2,1474,671,1540,761,Aug23_0/59-20190821170900-snapshot.jpg
1,0,20190821,170900,88,2,750,659,850,724,Aug23_0/59-20190821170900-snapshot.jpg
1,0,20190821,170930,83,2,171,95,277,151,Aug23_0/59-20190821170930-snapshot.jpg
1,0,20190821,171000,81,2,1403,75,1485,139,Aug23_0/59-20190821171000-snapshot.jpg
1,0,20190821,171430,87,2,576,42,666,106,Aug23_0/59-20190821171430-snapshot.jpg
1,0,20190821,171500,81,2,1502,145,1582,211,Aug23_0/59-20190821171500-snapshot.jpg
1,0,20190821,171930,80,6,1151,129,1226,176,Aug23_0/59-20190821171930-snapshot.jpg
1,0,20190821,172000,86,6,1450,885,1537,950,Aug23_0/59-20190821172000-snapshot.jpg
1,0,20190821,172200,74,8,592,253,674,323,Aug23_0/59-20190821172200-snapshot.jpg
1,0,20190821,172500,76,2,734,257,811,327,Aug23_0/59-20190821172500-snapshot.jpg
1,0,20190821,172530,68,2,1326,505,1407,576,Aug23_0/59-20190821172530-snapshot.jpg
1,0,20190821,172630,82,2,1104,805,1174,875,Aug23_0/59-20190821172630-snapshot.jpg
1,0,20190821,172700,81,2,586,67,662,126,Aug23_0/59-20190821172700-snapshot.jpg
1,0,20190821,172700,86,2,1752,843,1851,903,Aug23_0/59-20190821172700-snapshot.jpg
1,0,20190821,173130,81,2,282,26,359,75,Aug23_0/59-20190821173130-snapshot.jpg
1,0,20190821,173200,85,2,1322,61,1407,121,Aug23_0/59-20190821173200-snapshot.jpg
1,0,20190821,173200,89,4,997,1003,1088,1080,Aug23_0/59-20190821173200-snapshot.jpg
1,0,20190821,173300,78,2,1727,889,1815,957,Aug23_0/59-20190821173300-snapshot.jpg
1,0,20190821,174100,83,2,442,409,496,469,Aug23_0/59-20190821174100-snapshot.jpg
1,0,20190821,174300,85,2,1149,83,1244,182,Aug23_0/59-20190821174300-snapshot.jpg
1,0,20190821,174330,87,2,881,0,969,97,Aug23_0/59-20190821174330-snapshot.jpg
1,0,20190821,174330,88,2,1561,936,1665,1035,Aug23_0/59-20190821174330-snapshot.jpg
1,0,20190821,174330,89,2,1001,210,1120,281,Aug23_0/59-20190821174330-snapshot.jpg
1,0,20190821,174400,89,2,1783,793,1886,864,Aug23_0/59-20190821174400-snapshot.jpg
1,0,20190821,174900,87,2,1090,78,1151,185,Aug23_0/59-20190821174900-snapshot.jpg
1,0,20190821,175300,86,2,1619,685,1734,763,Aug23_0/59-20190821175300-snapshot.jpg
1,0,20190821,175330,79,2,1112,115,1185,199,Aug23_0/59-20190821175330-snapshot.jpg
1,0,20190821,175530,82,2,764,247,872,352,Aug23_0/59-20190821175530-snapshot.jpg
1,0,20190821,175700,89,2,946,897,1039,988,Aug23_0/59-20190821175700-snapshot.jpg
1,0,20190821,175830,79,2,523,84,589,160,Aug23_0/59-20190821175830-snapshot.jpg
1,0,20190821,175900,80,2,361,3,458,52,Aug23_0/59-20190821175900-snapshot.jpg
1,0,20190821,180130,88,2,689,147,800,228,Aug23_0/59-20190821180130-snapshot.jpg
1,0,20190821,180600,87,2,640,623,718,702,Aug23_0/59-20190821180600-snapshot.jpg
1,0,20190821,180600,88,2,1216,265,1320,360,Aug23_0/59-20190821180600-snapshot.jpg
1,0,20190821,180830,85,2,1578,605,1655,672,Aug23_0/59-20190821180830-snapshot.jpg
1,0,20190821,180900,82,2,1185,70,1267,133,Aug23_0/59-20190821180900-snapshot.jpg
1,0,20190821,181130,83,2,225,1011,288,1079,Aug23_0/59-20190821181130-snapshot.jpg
1,0,20190821,181530,55,2,822,11,883,55,Aug23_0/59-20190821181530-snapshot.jpg
1,0,20190821,181600,38,2,823,11,887,53,Aug23_0/59-20190821181600-snapshot.jpg
1,0,20190821,181800,28,2,1472,897,1546,937,Aug23_0/59-20190821181800-snapshot.jpg
1,0,20190821,181800,36,6,1470,896,1546,938,Aug23_0/59-20190821181800-snapshot.jpg
1,0,20190821,181800,88,2,963,638,1045,724,Aug23_0/59-20190821181800-snapshot.jpg
1,0,20190821,181830,87,2,1028,1011,1110,1080,Aug23_0/59-20190821181830-snapshot.jpg
1,0,20190821,181900,89,2,994,876,1106,945,Aug23_0/59-20190821181900-snapshot.jpg
1,0,20190821,181930,85,2,1102,787,1191,871,Aug23_0/59-20190821181930-snapshot.jpg
1,0,20190821,182000,85,2,1701,919,1809,1011,Aug23_0/59-20190821182000-snapshot.jpg
1,0,20190821,182030,84,2,1181,358,1311,438,Aug23_0/59-20190821182030-snapshot.jpg
1,0,20190821,182100,82,2,1128,98,1220,159,Aug23_0/59-20190821182100-snapshot.jpg
1,0,20190821,182100,88,4,893,84,1013,226,Aug23_0/59-20190821182100-snapshot.jpg
1,0,20190821,182400,86,3,902,675,995,751,Aug23_0/59-20190821182400-snapshot.jpg
1,0,20190821,183000,82,2,740,251,843,316,Aug23_0/59-20190821183000-snapshot.jpg
1,0,20190821,183030,87,2,1161,803,1223,898,Aug23_0/59-20190821183030-snapshot.jpg
1,0,20190821,183430,89,2,1307,53,1393,127,Aug23_0/59-20190821183430-snapshot.jpg
1,0,20190821,183730,85,2,1750,810,1819,913,Aug23_0/59-20190821183730-snapshot.jpg
1,0,20190821,183800,84,2,9,111,124,171,Aug23_0/59-20190821183800-snapshot.jpg
1,0,20190821,183800,86,2,903,864,985,966,Aug23_0/59-20190821183800-snapshot.jpg
1,0,20190821,183830,59,2,1085,0,1178,36,Aug23_0/59-20190821183830-snapshot.jpg
1,0,20190821,184630,87,2,105,240,199,332,Aug23_0/59-20190821184630-snapshot.jpg
1,0,20190821,184700,78,2,14,251,92,300,Aug23_0/59-20190821184700-snapshot.jpg
1,0,20190821,185000,88,2,784,665,881,727,Aug23_0/59-20190821185000-snapshot.jpg
1,0,20190821,190430,90,2,1040,870,1133,971,Aug23_0/59-20190821190430-snapshot.jpg
1,0,20190821,190500,89,2,1182,376,1301,453,Aug23_0/59-20190821190500-snapshot.jpg
1,0,20190821,191030,88,4,1014,680,1118,782,Aug23_0/59-20190821191030-snapshot.jpg
1,0,20190821,191100,87,4,221,17,320,100,Aug23_0/59-20190821191100-snapshot.jpg
1,0,20190821,191600,87,2,1432,62,1492,146,Aug23_0/59-20190821191600-snapshot.jpg
1,0,20190821,191630,87,2,1621,874,1727,970,Aug23_0/59-20190821191630-snapshot.jpg
1,0,20190821,193000,87,2,1014,83,1111,197,Aug23_0/59-20190821193000-snapshot.jpg
1,0,20190821,193230,81,2,436,417,490,477,Aug23_0/59-20190821193230-snapshot.jpg
1,0,20190821,194200,89,2,1430,721,1530,799,Aug23_0/59-20190821194200-snapshot.jpg
1,0,20190821,194230,89,2,1120,104,1221,193,Aug23_0/59-20190821194230-snapshot.jpg
1,0,20190821,194830,88,2,1159,67,1266,138,Aug23_0/59-20190821194830-snapshot.jpg
1,0,20190821,195030,88,4,468,141,576,225,Aug23_0/59-20190821195030-snapshot.jpg
1,0,20190821,195730,48,8,272,483,336,561,Aug23_0/59-20190821195730-snapshot.jpg
1,0,20190821,201200,77,4,1647,921,1763,1022,Aug23_0/59-20190821201200-snapshot.jpg
1,0,20190821,201230,85,4,1109,777,1231,874,Aug23_0/59-20190821201230-snapshot.jpg
1,0,20190821,201400,88,2,1199,308,1310,386,Aug23_0/59-20190821201400-snapshot.jpg
1,0,20190821,201430,88,2,1633,655,1711,769,Aug23_0/59-20190821201430-snapshot.jpg
1,0,20190821,204000,72,2,1073,812,1190,890,Aug23_0/59-20190821204000-snapshot.jpg
1,0,20190822,062100,76,2,611,607,688,658,Aug23_0/62-20190822062100-snapshot.jpg
1,0,20190822,062130,76,2,612,608,689,657,Aug23_0/62-20190822062130-snapshot.jpg
1,0,20190822,062200,61,2,611,607,687,657,Aug23_0/62-20190822062200-snapshot.jpg
1,0,20190822,062230,69,2,612,606,687,657,Aug23_0/62-20190822062230-snapshot.jpg
1,0,20190822,062300,69,2,611,606,686,656,Aug23_0/62-20190822062300-snapshot.jpg
1,0,20190822,062330,73,2,611,607,687,656,Aug23_0/62-20190822062330-snapshot.jpg
1,0,20190822,062400,73,2,611,606,687,656,Aug23_0/62-20190822062400-snapshot.jpg
1,0,20190822,062430,78,2,613,607,687,654,Aug23_0/62-20190822062430-snapshot.jpg
1,0,20190822,062500,78,2,612,608,686,653,Aug23_0/62-20190822062500-snapshot.jpg
1,0,20190822,062530,78,2,612,608,687,655,Aug23_0/62-20190822062530-snapshot.jpg
1,0,20190822,062600,75,2,613,608,687,655,Aug23_0/62-20190822062600-snapshot.jpg
1,0,20190822,062630,77,2,612,607,687,655,Aug23_0/62-20190822062630-snapshot.jpg
1,0,20190822,062700,81,2,641,631,725,682,Aug23_0/62-20190822062700-snapshot.jpg
1,0,20190822,062830,83,2,646,629,740,684,Aug23_0/62-20190822062830-snapshot.jpg
1,0,20190822,062900,77,2,790,722,865,775,Aug23_0/62-20190822062900-snapshot.jpg
1,0,20190822,062930,75,2,790,722,865,778,Aug23_0/62-20190822062930-snapshot.jpg
1,0,20190822,063000,76,2,790,722,866,779,Aug23_0/62-20190822063000-snapshot.jpg
1,0,20190822,063030,80,2,791,724,866,780,Aug23_0/62-20190822063030-snapshot.jpg
1,0,20190822,063100,80,2,790,724,866,781,Aug23_0/62-20190822063100-snapshot.jpg
1,0,20190822,063130,80,2,791,724,866,775,Aug23_0/62-20190822063130-snapshot.jpg
1,0,20190822,063200,79,2,792,724,866,775,Aug23_0/62-20190822063200-snapshot.jpg
1,0,20190822,063230,79,2,791,724,865,775,Aug23_0/62-20190822063230-snapshot.jpg
1,0,20190822,063300,79,2,790,725,867,779,Aug23_0/62-20190822063300-snapshot.jpg
1,0,20190822,063330,78,2,791,725,867,778,Aug23_0/62-20190822063330-snapshot.jpg
1,0,20190822,063400,77,2,790,725,867,779,Aug23_0/62-20190822063400-snapshot.jpg
1,0,20190822,063430,75,2,791,726,866,779,Aug23_0/62-20190822063430-snapshot.jpg
1,0,20190822,063500,74,2,792,725,865,778,Aug23_0/62-20190822063500-snapshot.jpg
1,0,20190822,063530,75,2,792,725,865,777,Aug23_0/62-20190822063530-snapshot.jpg
1,0,20190822,063600,62,2,787,727,867,783,Aug23_0/62-20190822063600-snapshot.jpg
1,0,20190822,063630,56,2,787,727,865,782,Aug23_0/62-20190822063630-snapshot.jpg
1,0,20190822,063700,54,2,787,727,864,783,Aug23_0/62-20190822063700-snapshot.jpg
1,0,20190822,063730,48,2,787,727,866,782,Aug23_0/62-20190822063730-snapshot.jpg
1,0,20190822,063800,61,2,786,727,864,781,Aug23_0/62-20190822063800-snapshot.jpg
1,0,20190822,063830,61,2,787,727,864,781,Aug23_0/62-20190822063830-snapshot.jpg
1,0,20190822,063900,74,2,786,726,864,781,Aug23_0/62-20190822063900-snapshot.jpg
1,0,20190822,063930,38,2,787,726,863,780,Aug23_0/62-20190822063930-snapshot.jpg
1,0,20190822,064000,61,2,787,726,864,780,Aug23_0/62-20190822064000-snapshot.jpg
1,0,20190822,064030,72,2,786,725,863,781,Aug23_0/62-20190822064030-snapshot.jpg
1,0,20190822,064100,62,2,786,725,862,779,Aug23_0/62-20190822064100-snapshot.jpg
1,0,20190822,064130,43,2,786,726,862,778,Aug23_0/62-20190822064130-snapshot.jpg
1,0,20190822,064200,51,2,785,726,862,781,Aug23_0/62-20190822064200-snapshot.jpg
1,0,20190822,064230,35,2,785,726,861,778,Aug23_0/62-20190822064230-snapshot.jpg
1,0,20190822,064300,66,2,785,724,861,777,Aug23_0/62-20190822064300-snapshot.jpg
1,0,20190822,064330,36,2,787,724,860,776,Aug23_0/62-20190822064330-snapshot.jpg
1,0,20190822,065330,53,2,615,964,696,1013,Aug23_0/62-20190822065330-snapshot.jpg
1,0,20190822,065400,28,2,614,964,695,1013,Aug23_0/62-20190822065400-snapshot.jpg
1,0,20190822,065430,50,2,614,964,696,1012,Aug23_0/62-20190822065430-snapshot.jpg
1,0,20190822,065530,36,2,615,965,696,1012,Aug23_0/62-20190822065530-snapshot.jpg
1,0,20190822,065600,29,2,615,964,695,1012,Aug23_0/62-20190822065600-snapshot.jpg
1,0,20190822,065630,36,2,614,965,696,1012,Aug23_0/62-20190822065630-snapshot.jpg
1,0,20190822,065700,25,2,614,965,696,1012,Aug23_0/62-20190822065700-snapshot.jpg
1,0,20190822,065730,44,2,613,965,695,1012,Aug23_0/62-20190822065730-snapshot.jpg
1,0,20190822,065830,36,2,613,964,695,1012,Aug23_0/62-20190822065830-snapshot.jpg
1,0,20190822,065900,36,2,613,964,695,1012,Aug23_0/62-20190822065900-snapshot.jpg
1,0,20190822,065930,48,2,614,964,696,1012,Aug23_0/62-20190822065930-snapshot.jpg
1,0,20190822,070000,39,2,614,964,695,1012,Aug23_0/62-20190822070000-snapshot.jpg
1,0,20190822,070030,44,2,612,964,694,1012,Aug23_0/62-20190822070030-snapshot.jpg
1,0,20190822,070100,49,2,610,963,697,1011,Aug23_0/62-20190822070100-snapshot.jpg
1,0,20190822,070200,51,2,612,966,694,1012,Aug23_0/62-20190822070200-snapshot.jpg
1,0,20190822,070230,31,2,610,964,697,1011,Aug23_0/62-20190822070230-snapshot.jpg
1,0,20190822,070300,35,2,615,965,695,1013,Aug23_0/62-20190822070300-snapshot.jpg
1,0,20190822,070430,34,2,614,966,694,1014,Aug23_0/62-20190822070430-snapshot.jpg
1,0,20190822,070630,34,8,594,725,683,771,Aug23_0/62-20190822070630-snapshot.jpg
1,0,20190822,070930,29,8,596,723,684,769,Aug23_0/62-20190822070930-snapshot.jpg
1,0,20190822,071130,25,8,598,722,685,771,Aug23_0/62-20190822071130-snapshot.jpg
1,0,20190822,071330,29,8,595,723,682,771,Aug23_0/62-20190822071330-snapshot.jpg
1,0,20190822,071530,75,8,92,143,190,214,Aug23_0/62-20190822071530-snapshot.jpg
1,0,20190822,072900,88,2,1609,548,1705,660,Aug23_0/62-20190822072900-snapshot.jpg
1,0,20190822,072930,89,2,913,596,1027,676,Aug23_0/62-20190822072930-snapshot.jpg
1,0,20190822,075030,81,8,1413,858,1502,916,Aug23_0/62-20190822075030-snapshot.jpg
1,0,20190822,080630,31,1,111,155,159,206,Aug23_0/62-20190822080630-snapshot.jpg
1,0,20190822,080700,54,1,111,153,159,205,Aug23_0/62-20190822080700-snapshot.jpg
1,0,20190822,080730,63,1,112,155,159,205,Aug23_0/62-20190822080730-snapshot.jpg
1,0,20190822,080800,72,1,111,154,160,206,Aug23_0/62-20190822080800-snapshot.jpg
1,0,20190822,080830,75,1,112,154,159,204,Aug23_0/62-20190822080830-snapshot.jpg
1,0,20190822,080900,68,1,112,154,160,205,Aug23_0/62-20190822080900-snapshot.jpg
1,0,20190822,080930,67,1,112,155,159,204,Aug23_0/62-20190822080930-snapshot.jpg
1,0,20190822,081000,70,1,111,154,159,205,Aug23_0/62-20190822081000-snapshot.jpg
1,0,20190822,081030,71,1,111,154,159,205,Aug23_0/62-20190822081030-snapshot.jpg
1,0,20190822,081100,68,1,111,154,159,205,Aug23_0/62-20190822081100-snapshot.jpg
1,0,20190822,081130,74,1,111,153,160,205,Aug23_0/62-20190822081130-snapshot.jpg
1,0,20190822,081200,75,1,111,153,159,205,Aug23_0/62-20190822081200-snapshot.jpg
1,0,20190822,081230,77,1,112,154,160,205,Aug23_0/62-20190822081230-snapshot.jpg
1,0,20190822,081300,79,1,111,153,159,204,Aug23_0/62-20190822081300-snapshot.jpg
1,0,20190822,081330,71,1,112,154,160,204,Aug23_0/62-20190822081330-snapshot.jpg
1,0,20190822,081400,72,1,111,154,159,205,Aug23_0/62-20190822081400-snapshot.jpg
1,0,20190822,081430,72,1,111,154,159,205,Aug23_0/62-20190822081430-snapshot.jpg
1,0,20190822,081500,49,1,112,154,159,204,Aug23_0/62-20190822081500-snapshot.jpg
1,0,20190822,081630,62,1,110,155,160,206,Aug23_0/62-20190822081630-snapshot.jpg
1,0,20190822,081700,35,1,111,154,160,206,Aug23_0/62-20190822081700-snapshot.jpg
1,0,20190822,081730,59,1,112,155,160,204,Aug23_0/62-20190822081730-snapshot.jpg
1,0,20190822,081800,75,1,111,154,159,205,Aug23_0/62-20190822081800-snapshot.jpg
1,0,20190822,081830,59,1,112,156,160,206,Aug23_0/62-20190822081830-snapshot.jpg
1,0,20190822,081900,73,1,112,155,159,205,Aug23_0/62-20190822081900-snapshot.jpg
1,0,20190822,081930,52,1,111,155,159,205,Aug23_0/62-20190822081930-snapshot.jpg
1,0,20190822,082000,36,1,112,155,160,206,Aug23_0/62-20190822082000-snapshot.jpg
1,0,20190822,082030,68,1,112,155,160,205,Aug23_0/62-20190822082030-snapshot.jpg
1,0,20190822,082100,67,1,112,155,159,205,Aug23_0/62-20190822082100-snapshot.jpg
1,0,20190822,082130,28,1,111,156,160,206,Aug23_0/62-20190822082130-snapshot.jpg
1,0,20190822,082200,74,1,112,156,159,205,Aug23_0/62-20190822082200-snapshot.jpg
1,0,20190822,082230,27,1,112,156,160,206,Aug23_0/62-20190822082230-snapshot.jpg
1,0,20190822,082300,55,1,112,156,159,205,Aug23_0/62-20190822082300-snapshot.jpg
1,0,20190822,082330,48,1,112,156,160,206,Aug23_0/62-20190822082330-snapshot.jpg
1,0,20190822,082400,61,1,112,155,160,206,Aug23_0/62-20190822082400-snapshot.jpg
1,0,20190822,082430,47,1,112,156,158,205,Aug23_0/62-20190822082430-snapshot.jpg
1,0,20190822,082500,46,1,113,156,159,205,Aug23_0/62-20190822082500-snapshot.jpg
1,0,20190822,082630,30,1,113,156,160,206,Aug23_0/62-20190822082630-snapshot.jpg
1,0,20190822,082700,33,1,113,157,159,205,Aug23_0/62-20190822082700-snapshot.jpg
1,0,20190822,082800,30,1,113,156,160,206,Aug23_0/62-20190822082800-snapshot.jpg
1,0,20190822,085600,89,4,1018,712,1125,806,Aug23_0/62-20190822085600-snapshot.jpg
1,0,20190822,093900,86,2,979,696,1060,786,Aug23_0/62-20190822093900-snapshot.jpg
1,0,20190822,093930,89,2,1200,271,1303,366,Aug23_0/62-20190822093930-snapshot.jpg
1,0,20190822,094530,83,2,683,233,752,326,Aug23_0/62-20190822094530-snapshot.jpg
1,0,20190822,094630,76,4,894,859,979,940,Aug23_0/62-20190822094630-snapshot.jpg
1,0,20190822,095000,88,2,680,526,764,611,Aug23_0/62-20190822095000-snapshot.jpg
1,0,20190822,100730,85,2,1081,811,1164,879,Aug23_0/62-20190822100730-snapshot.jpg
1,0,20190822,100800,88,2,1419,841,1538,928,Aug23_0/62-20190822100800-snapshot.jpg
1,0,20190822,101130,85,2,1760,905,1854,994,Aug23_0/62-20190822101130-snapshot.jpg
1,0,20190822,101630,87,3,1807,713,1920,793,Aug23_0/62-20190822101630-snapshot.jpg
1,0,20190822,101730,67,2,294,0,363,50,Aug23_0/62-20190822101730-snapshot.jpg
1,0,20190822,101730,87,2,1195,301,1301,381,Aug23_0/62-20190822101730-snapshot.jpg
1,0,20190822,101930,86,2,1064,789,1157,872,Aug23_0/62-20190822101930-snapshot.jpg
1,0,20190822,101930,88,2,988,777,1089,840,Aug23_0/62-20190822101930-snapshot.jpg
1,0,20190822,102000,87,2,591,42,669,112,Aug23_0/62-20190822102000-snapshot.jpg
1,0,20190822,102030,88,2,1086,756,1181,818,Aug23_0/62-20190822102030-snapshot.jpg
1,0,20190822,102400,87,2,908,709,1008,768,Aug23_0/62-20190822102400-snapshot.jpg
1,0,20190822,103300,85,8,438,619,537,683,Aug23_0/62-20190822103300-snapshot.jpg
1,0,20190822,104030,87,2,917,692,1011,753,Aug23_0/62-20190822104030-snapshot.jpg
1,0,20190822,104300,84,2,913,1027,1010,1080,Aug23_0/62-20190822104300-snapshot.jpg
1,0,20190822,104330,87,2,1081,975,1158,1047,Aug23_0/62-20190822104330-snapshot.jpg
1,0,20190822,104400,87,2,1444,723,1559,805,Aug23_0/62-20190822104400-snapshot.jpg
1,0,20190822,104430,85,2,352,415,455,481,Aug23_0/62-20190822104430-snapshot.jpg
1,0,20190822,104500,88,2,841,43,946,116,Aug23_0/62-20190822104500-snapshot.jpg
1,0,20190822,105130,89,2,354,445,452,504,Aug23_0/62-20190822105130-snapshot.jpg
1,0,20190822,105200,90,2,889,900,976,986,Aug23_0/62-20190822105200-snapshot.jpg
1,0,20190822,110100,88,2,645,446,739,535,Aug23_0/62-20190822110100-snapshot.jpg
1,0,20190822,110130,65,2,143,277,208,331,Aug23_0/62-20190822110130-snapshot.jpg
1,0,20190822,110200,88,2,1389,872,1505,945,Aug23_0/62-20190822110200-snapshot.jpg
1,0,20190822,110330,72,2,596,54,649,108,Aug23_0/62-20190822110330-snapshot.jpg
1,0,20190822,110330,90,3,640,223,763,341,Aug23_0/62-20190822110330-snapshot.jpg
1,0,20190822,110600,70,8,481,1038,551,1080,Aug23_0/62-20190822110600-snapshot.jpg
1,0,20190822,110730,87,2,1007,579,1084,681,Aug23_0/62-20190822110730-snapshot.jpg
1,0,20190822,110800,88,2,1717,726,1805,826,Aug23_0/62-20190822110800-snapshot.jpg
1,0,20190822,110830,88,2,941,947,1030,1032,Aug23_0/62-20190822110830-snapshot.jpg
1,0,20190822,110900,89,2,902,3,962,98,Aug23_0/62-20190822110900-snapshot.jpg
1,0,20190822,110930,87,2,156,81,254,153,Aug23_0/62-20190822110930-snapshot.jpg
1,0,20190822,111900,87,2,1441,827,1557,908,Aug23_0/62-20190822111900-snapshot.jpg
1,0,20190822,111930,87,2,892,890,973,978,Aug23_0/62-20190822111930-snapshot.jpg
1,0,20190822,112000,88,2,1003,724,1101,805,Aug23_0/62-20190822112000-snapshot.jpg
1,0,20190822,112430,82,2,92,94,196,166,Aug23_0/62-20190822112430-snapshot.jpg
1,0,20190822,113100,88,2,1286,84,1351,201,Aug23_0/62-20190822113100-snapshot.jpg
1,0,20190822,113130,40,8,1313,252,1399,306,Aug23_0/62-20190822113130-snapshot.jpg
1,0,20190822,113130,48,2,1313,252,1398,308,Aug23_0/62-20190822113130-snapshot.jpg
1,0,20190822,113130,87,2,355,87,452,169,Aug23_0/62-20190822113130-snapshot.jpg
1,0,20190822,113200,85,2,573,44,648,111,Aug23_0/62-20190822113200-snapshot.jpg
1,0,20190822,113200,87,2,915,702,1013,774,Aug23_0/62-20190822113200-snapshot.jpg
1,0,20190822,113400,88,2,65,379,179,438,Aug23_0/62-20190822113400-snapshot.jpg
1,0,20190822,114100,88,2,1700,711,1786,785,Aug23_0/62-20190822114100-snapshot.jpg
1,0,20190822,114130,86,2,408,425,466,501,Aug23_0/62-20190822114130-snapshot.jpg
1,0,20190822,114230,88,2,991,732,1089,800,Aug23_0/62-20190822114230-snapshot.jpg
1,0,20190822,114300,87,2,1040,698,1111,799,Aug23_0/62-20190822114300-snapshot.jpg
1,0,20190822,114530,75,2,663,556,724,608,Aug23_0/62-20190822114530-snapshot.jpg
1,0,20190822,114600,87,2,108,86,205,155,Aug23_0/62-20190822114600-snapshot.jpg
1,0,20190822,115100,88,2,1185,296,1307,378,Aug23_0/62-20190822115100-snapshot.jpg
1,0,20190822,115430,88,2,944,955,1048,1031,Aug23_0/62-20190822115430-snapshot.jpg
1,0,20190822,115500,88,2,725,202,829,306,Aug23_0/62-20190822115500-snapshot.jpg
1,0,20190822,120000,89,2,1044,719,1134,800,Aug23_0/62-20190822120000-snapshot.jpg
1,0,20190822,120030,89,2,857,907,960,975,Aug23_0/62-20190822120030-snapshot.jpg
1,0,20190822,120400,86,2,1433,720,1499,804,Aug23_0/62-20190822120400-snapshot.jpg
1,0,20190822,120430,88,2,1056,0,1123,88,Aug23_0/62-20190822120430-snapshot.jpg
1,0,20190822,120830,87,2,728,393,825,478,Aug23_0/62-20190822120830-snapshot.jpg
1,0,20190822,121100,37,2,976,1041,1039,1080,Aug23_0/62-20190822121100-snapshot.jpg
1,0,20190822,121230,89,2,964,545,1073,629,Aug23_0/62-20190822121230-snapshot.jpg
1,0,20190822,121300,88,2,1035,138,1144,213,Aug23_0/62-20190822121300-snapshot.jpg
1,0,20190822,121400,72,7,1061,114,1409,335,Aug23_0/62-20190822121400-snapshot.jpg
1,0,20190822,121400,73,2,39,223,100,297,Aug23_0/62-20190822121400-snapshot.jpg
1,0,20190822,121500,88,2,800,10,889,101,Aug23_0/62-20190822121500-snapshot.jpg
1,0,20190822,121500,88,2,1641,802,1745,901,Aug23_0/62-20190822121500-snapshot.jpg
1,0,20190822,121530,82,2,1767,863,1843,931,Aug23_0/62-20190822121530-snapshot.jpg
1,0,20190822,121600,80,2,929,902,993,990,Aug23_0/62-20190822121600-snapshot.jpg
1,0,20190822,121600,86,2,691,290,791,403,Aug23_0/62-20190822121600-snapshot.jpg
1,0,20190822,121630,87,2,0,260,83,319,Aug23_0/62-20190822121630-snapshot.jpg
1,0,20190822,122100,85,2,613,283,698,359,Aug23_0/62-20190822122100-snapshot.jpg
1,0,20190822,122500,84,2,96,329,189,393,Aug23_0/62-20190822122500-snapshot.jpg
1,0,20190822,122900,80,2,274,130,357,189,Aug23_0/62-20190822122900-snapshot.jpg
1,0,20190822,123000,89,2,1182,270,1278,367,Aug23_0/62-20190822123000-snapshot.jpg
1,0,20190822,123030,85,2,247,81,312,162,Aug23_0/62-20190822123030-snapshot.jpg
1,0,20190822,123300,89,2,997,720,1096,795,Aug23_0/62-20190822123300-snapshot.jpg
1,0,20190822,123330,88,2,925,898,1003,988,Aug23_0/62-20190822123330-snapshot.jpg
1,0,20190822,123400,86,2,1599,890,1688,992,Aug23_0/62-20190822123400-snapshot.jpg
1,0,20190822,123430,86,2,949,1009,1040,1080,Aug23_0/62-20190822123430-snapshot.jpg
1,0,20190822,123430,90,4,1027,31,1121,150,Aug23_0/62-20190822123430-snapshot.jpg
1,0,20190822,123500,86,2,607,52,678,129,Aug23_0/62-20190822123500-snapshot.jpg
1,0,20190822,123530,88,2,941,661,1041,731,Aug23_0/62-20190822123530-snapshot.jpg
1,0,20190822,123600,64,2,918,1035,1000,1080,Aug23_0/62-20190822123600-snapshot.jpg
1,0,20190822,123630,87,2,886,929,989,992,Aug23_0/62-20190822123630-snapshot.jpg
1,0,20190822,123800,86,2,1719,891,1817,960,Aug23_0/62-20190822123800-snapshot.jpg
1,0,20190822,123830,84,2,1770,987,1861,1076,Aug23_0/62-20190822123830-snapshot.jpg
1,0,20190822,123900,86,2,1014,727,1100,814,Aug23_0/62-20190822123900-snapshot.jpg
1,0,20190822,124730,89,2,940,883,1044,969,Aug23_0/62-20190822124730-snapshot.jpg
1,0,20190822,124930,90,2,160,205,256,289,Aug23_0/62-20190822124930-snapshot.jpg
1,0,20190822,125200,74,2,1168,3,1231,58,Aug23_0/62-20190822125200-snapshot.jpg
1,0,20190822,125400,84,2,1116,768,1193,852,Aug23_0/62-20190822125400-snapshot.jpg
1,0,20190822,125400,87,2,814,69,916,164,Aug23_0/62-20190822125400-snapshot.jpg
1,0,20190822,125500,70,2,894,1034,963,1080,Aug23_0/62-20190822125500-snapshot.jpg
1,0,20190822,125730,87,2,439,54,541,111,Aug23_0/62-20190822125730-snapshot.jpg
1,0,20190822,130030,83,2,1661,736,1750,831,Aug23_0/62-20190822130030-snapshot.jpg
1,0,20190822,130400,87,2,1581,567,1682,650,Aug23_0/62-20190822130400-snapshot.jpg
1,0,20190822,130400,88,2,914,63,1031,173,Aug23_0/62-20190822130400-snapshot.jpg
1,0,20190822,130800,90,2,657,161,774,256,Aug23_0/62-20190822130800-snapshot.jpg
1,0,20190822,131130,28,2,27,181,96,246,Aug23_0/62-20190822131130-snapshot.jpg
1,0,20190822,131200,73,2,32,237,96,311,Aug23_0/62-20190822131200-snapshot.jpg
1,0,20190822,131200,88,2,915,676,993,757,Aug23_0/62-20190822131200-snapshot.jpg
1,0,20190822,131230,88,2,1412,860,1513,965,Aug23_0/62-20190822131230-snapshot.jpg
1,0,20190822,131300,86,2,808,45,869,137,Aug23_0/62-20190822131300-snapshot.jpg
1,0,20190822,131330,88,2,1113,13,1203,87,Aug23_0/62-20190822131330-snapshot.jpg
1,0,20190822,131400,90,2,1001,718,1095,803,Aug23_0/62-20190822131400-snapshot.jpg
1,0,20190822,131430,81,2,1399,0,1453,63,Aug23_0/62-20190822131430-snapshot.jpg
1,0,20190822,131600,85,2,1093,715,1206,793,Aug23_0/62-20190822131600-snapshot.jpg
1,0,20190822,131700,87,2,1535,1024,1644,1080,Aug23_0/62-20190822131700-snapshot.jpg
1,0,20190822,131930,89,2,1203,55,1277,171,Aug23_0/62-20190822131930-snapshot.jpg
1,0,20190822,132000,83,2,623,647,681,714,Aug23_0/62-20190822132000-snapshot.jpg
1,0,20190822,132030,88,2,1297,172,1402,247,Aug23_0/62-20190822132030-snapshot.jpg
1,0,20190822,132030,89,2,1578,656,1689,750,Aug23_0/62-20190822132030-snapshot.jpg
1,0,20190822,132100,85,2,214,367,306,424,Aug23_0/62-20190822132100-snapshot.jpg
1,0,20190822,132100,87,2,606,36,689,99,Aug23_0/62-20190822132100-snapshot.jpg
1,0,20190822,132130,86,2,820,83,901,196,Aug23_0/62-20190822132130-snapshot.jpg
1,0,20190822,132130,87,2,920,896,1018,964,Aug23_0/62-20190822132130-snapshot.jpg
1,0,20190822,132200,86,2,956,1000,1036,1080,Aug23_0/62-20190822132200-snapshot.jpg
1,0,20190822,132230,84,2,1072,964,1177,1027,Aug23_0/62-20190822132230-snapshot.jpg
1,0,20190822,132300,88,2,1107,793,1215,880,Aug23_0/62-20190822132300-snapshot.jpg
1,0,20190822,132330,91,2,1046,558,1169,656,Aug23_0/62-20190822132330-snapshot.jpg
1,0,20190822,132400,84,2,250,973,332,1065,Aug23_0/62-20190822132400-snapshot.jpg
1,0,20190822,132700,89,2,445,907,558,973,Aug23_0/62-20190822132700-snapshot.jpg
1,0,20190822,132900,85,2,241,138,339,213,Aug23_0/62-20190822132900-snapshot.jpg
1,0,20190822,132900,90,2,1412,854,1523,957,Aug23_0/62-20190822132900-snapshot.jpg
1,0,20190822,132930,86,2,1482,760,1556,876,Aug23_0/62-20190822132930-snapshot.jpg
1,0,20190822,133000,83,2,842,700,924,761,Aug23_0/62-20190822133000-snapshot.jpg
1,0,20190822,133100,87,2,39,330,139,417,Aug23_0/62-20190822133100-snapshot.jpg
1,0,20190822,133500,89,2,1663,821,1755,921,Aug23_0/62-20190822133500-snapshot.jpg
1,0,20190822,133700,88,2,110,223,205,308,Aug23_0/62-20190822133700-snapshot.jpg
1,0,20190822,133800,85,2,1228,281,1296,378,Aug23_0/62-20190822133800-snapshot.jpg
1,0,20190822,134000,85,2,674,246,773,351,Aug23_0/62-20190822134000-snapshot.jpg
1,0,20190822,134030,88,2,1088,740,1185,823,Aug23_0/62-20190822134030-snapshot.jpg
1,0,20190822,134530,79,2,1649,734,1734,787,Aug23_0/62-20190822134530-snapshot.jpg
1,0,20190822,134530,89,2,1610,520,1708,592,Aug23_0/62-20190822134530-snapshot.jpg
1,0,20190822,134730,73,2,264,58,322,106,Aug23_0/62-20190822134730-snapshot.jpg
1,0,20190822,134800,92,3,939,983,1064,1071,Aug23_0/62-20190822134800-snapshot.jpg
1,0,20190822,134900,84,8,1566,12,1651,81,Aug23_0/62-20190822134900-snapshot.jpg
1,0,20190822,134900,88,2,601,50,682,105,Aug23_0/62-20190822134900-snapshot.jpg
1,0,20190822,135700,90,2,1054,154,1168,235,Aug23_0/62-20190822135700-snapshot.jpg
1,0,20190822,135930,89,2,284,1019,380,1080,Aug23_0/62-20190822135930-snapshot.jpg
1,0,20190822,140330,87,2,655,547,749,619,Aug23_0/62-20190822140330-snapshot.jpg
1,0,20190822,140400,88,2,1093,733,1191,808,Aug23_0/62-20190822140400-snapshot.jpg
1,0,20190822,140530,69,2,767,212,863,293,Aug23_0/62-20190822140530-snapshot.jpg
1,0,20190822,140630,90,2,1249,225,1351,317,Aug23_0/62-20190822140630-snapshot.jpg
1,0,20190822,140700,84,2,558,71,635,140,Aug23_0/62-20190822140700-snapshot.jpg
1,0,20190822,140930,88,2,208,906,295,983,Aug23_0/62-20190822140930-snapshot.jpg
1,0,20190822,141000,85,2,1070,135,1152,225,Aug23_0/62-20190822141000-snapshot.jpg
1,0,20190822,141200,85,2,1221,83,1309,172,Aug23_0/62-20190822141200-snapshot.jpg
1,0,20190822,141230,87,2,1409,790,1529,863,Aug23_0/62-20190822141230-snapshot.jpg
1,0,20190822,141300,87,2,1299,53,1403,127,Aug23_0/62-20190822141300-snapshot.jpg
1,0,20190822,141400,90,2,706,264,815,347,Aug23_0/62-20190822141400-snapshot.jpg
1,0,20190822,141500,87,2,223,75,323,138,Aug23_0/62-20190822141500-snapshot.jpg
1,0,20190822,141530,84,2,1106,0,1195,67,Aug23_0/62-20190822141530-snapshot.jpg
1,0,20190822,141600,88,2,635,654,707,747,Aug23_0/62-20190822141600-snapshot.jpg
1,0,20190822,141630,88,2,1694,714,1783,801,Aug23_0/62-20190822141630-snapshot.jpg
1,0,20190822,141730,65,7,1392,725,1767,959,Aug23_0/62-20190822141730-snapshot.jpg
1,0,20190822,141730,71,2,979,1033,1051,1080,Aug23_0/62-20190822141730-snapshot.jpg
1,0,20190822,141730,88,2,818,55,936,132,Aug23_0/62-20190822141730-snapshot.jpg
1,0,20190822,141800,60,7,1525,699,1804,1051,Aug23_0/62-20190822141800-snapshot.jpg
1,0,20190822,141900,88,2,1106,122,1216,194,Aug23_0/62-20190822141900-snapshot.jpg
1,0,20190822,142030,88,4,658,250,769,352,Aug23_0/62-20190822142030-snapshot.jpg
1,0,20190822,142100,55,2,895,1039,984,1080,Aug23_0/62-20190822142100-snapshot.jpg
1,0,20190822,142130,87,2,333,65,434,139,Aug23_0/62-20190822142130-snapshot.jpg
1,0,20190822,142130,88,2,1360,832,1485,922,Aug23_0/62-20190822142130-snapshot.jpg
1,0,20190822,142130,90,2,654,624,748,706,Aug23_0/62-20190822142130-snapshot.jpg
1,0,20190822,142330,91,2,529,66,640,133,Aug23_0/62-20190822142330-snapshot.jpg
1,0,20190822,142400,87,2,1183,51,1246,144,Aug23_0/62-20190822142400-snapshot.jpg
1,0,20190822,143030,80,9,901,862,970,962,Aug23_0/62-20190822143030-snapshot.jpg
1,0,20190822,143100,85,9,1066,752,1132,858,Aug23_0/62-20190822143100-snapshot.jpg
1,0,20190822,143430,85,1,1015,277,1068,343,Aug23_0/62-20190822143430-snapshot.jpg
1,0,20190822,143630,78,1,1148,116,1196,156,Aug23_0/62-20190822143630-snapshot.jpg
1,0,20190822,143800,88,2,1009,703,1107,795,Aug23_0/62-20190822143800-snapshot.jpg
1,0,20190822,143830,87,2,141,145,238,230,Aug23_0/62-20190822143830-snapshot.jpg
1,0,20190822,144200,88,2,929,854,1023,925,Aug23_0/62-20190822144200-snapshot.jpg
1,0,20190822,144230,88,2,998,63,1126,145,Aug23_0/62-20190822144230-snapshot.jpg
1,0,20190822,144300,88,2,971,542,1072,625,Aug23_0/62-20190822144300-snapshot.jpg
1,0,20190822,144400,86,2,1145,29,1216,117,Aug23_0/62-20190822144400-snapshot.jpg
1,0,20190822,144430,86,2,627,58,686,138,Aug23_0/62-20190822144430-snapshot.jpg
1,0,20190822,144500,88,2,1118,875,1210,961,Aug23_0/62-20190822144500-snapshot.jpg
1,0,20190822,144530,88,2,1752,902,1855,972,Aug23_0/62-20190822144530-snapshot.jpg
1,0,20190822,145100,89,2,1236,19,1331,110,Aug23_0/62-20190822145100-snapshot.jpg
1,0,20190822,145130,86,2,1316,507,1425,591,Aug23_0/62-20190822145130-snapshot.jpg
1,0,20190822,145200,85,2,759,236,853,316,Aug23_0/62-20190822145200-snapshot.jpg
1,0,20190822,145200,88,2,127,204,239,268,Aug23_0/62-20190822145200-snapshot.jpg
1,0,20190822,145300,88,4,1313,211,1414,324,Aug23_0/62-20190822145300-snapshot.jpg
1,0,20190822,145530,84,2,1132,721,1224,795,Aug23_0/62-20190822145530-snapshot.jpg
1,0,20190822,145600,83,2,901,1028,997,1080,Aug23_0/62-20190822145600-snapshot.jpg
1,0,20190822,145630,87,2,965,558,1062,642,Aug23_0/62-20190822145630-snapshot.jpg
1,0,20190822,145730,87,2,613,16,675,95,Aug23_0/62-20190822145730-snapshot.jpg
1,0,20190822,145800,83,2,238,44,323,101,Aug23_0/62-20190822145800-snapshot.jpg
1,0,20190822,145800,87,2,1099,730,1187,804,Aug23_0/62-20190822145800-snapshot.jpg
1,0,20190822,145800,88,2,1650,729,1762,807,Aug23_0/62-20190822145800-snapshot.jpg
1,0,20190822,145830,83,2,100,101,183,173,Aug23_0/62-20190822145830-snapshot.jpg
1,0,20190822,145900,87,2,1401,49,1471,133,Aug23_0/62-20190822145900-snapshot.jpg
1,0,20190822,145930,87,2,1130,935,1198,1036,Aug23_0/62-20190822145930-snapshot.jpg
1,0,20190822,150300,87,2,1748,823,1832,900,Aug23_0/62-20190822150300-snapshot.jpg
1,0,20190822,150530,88,2,921,642,1014,741,Aug23_0/62-20190822150530-snapshot.jpg
1,0,20190822,150600,88,2,1578,692,1709,778,Aug23_0/62-20190822150600-snapshot.jpg
1,0,20190822,150700,87,2,970,613,1066,687,Aug23_0/62-20190822150700-snapshot.jpg
1,0,20190822,150730,87,2,312,113,418,173,Aug23_0/62-20190822150730-snapshot.jpg
1,0,20190822,151130,89,2,1278,778,1400,857,Aug23_0/62-20190822151130-snapshot.jpg
1,0,20190822,151200,84,2,1610,494,1699,565,Aug23_0/62-20190822151200-snapshot.jpg
1,0,20190822,151430,88,2,1335,464,1431,553,Aug23_0/62-20190822151430-snapshot.jpg
1,0,20190822,151600,80,2,1388,2,1441,63,Aug23_0/62-20190822151600-snapshot.jpg
1,0,20190822,151830,52,2,398,18,461,77,Aug23_0/62-20190822151830-snapshot.jpg
1,0,20190822,152400,88,2,880,661,988,730,Aug23_0/62-20190822152400-snapshot.jpg
1,0,20190822,152600,84,3,887,1031,973,1079,Aug23_0/62-20190822152600-snapshot.jpg
1,0,20190822,152900,89,4,80,305,180,386,Aug23_0/62-20190822152900-snapshot.jpg
1,0,20190822,152930,81,2,398,472,465,554,Aug23_0/62-20190822152930-snapshot.jpg
1,0,20190822,153000,87,2,1111,810,1175,896,Aug23_0/62-20190822153000-snapshot.jpg
1,0,20190822,153130,86,2,1001,199,1075,303,Aug23_0/62-20190822153130-snapshot.jpg
1,0,20190822,153130,87,2,1757,847,1836,941,Aug23_0/62-20190822153130-snapshot.jpg
1,0,20190822,153200,88,2,930,846,1036,924,Aug23_0/62-20190822153200-snapshot.jpg
1,0,20190822,153230,79,2,604,81,683,136,Aug23_0/62-20190822153230-snapshot.jpg
1,0,20190822,153800,88,4,1052,0,1146,87,Aug23_0/62-20190822153800-snapshot.jpg
1,0,20190822,153830,88,4,146,80,242,168,Aug23_0/62-20190822153830-snapshot.jpg
1,0,20190822,153900,88,2,1450,830,1556,922,Aug23_0/62-20190822153900-snapshot.jpg
1,0,20190822,153930,88,2,121,360,215,454,Aug23_0/62-20190822153930-snapshot.jpg
1,0,20190822,154000,82,2,377,420,455,464,Aug23_0/62-20190822154000-snapshot.jpg
1,0,20190822,154000,88,4,1251,207,1365,318,Aug23_0/62-20190822154000-snapshot.jpg
1,0,20190822,154430,84,2,94,98,175,181,Aug23_0/62-20190822154430-snapshot.jpg
1,0,20190822,154530,86,2,903,0,969,92,Aug23_0/62-20190822154530-snapshot.jpg
1,0,20190822,154600,87,2,1454,749,1538,842,Aug23_0/62-20190822154600-snapshot.jpg
1,0,20190822,154700,87,2,959,877,1062,963,Aug23_0/62-20190822154700-snapshot.jpg
1,0,20190822,154700,88,2,366,400,459,467,Aug23_0/62-20190822154700-snapshot.jpg
1,0,20190822,154830,89,2,1342,850,1448,961,Aug23_0/62-20190822154830-snapshot.jpg
1,0,20190822,155100,87,2,76,200,193,258,Aug23_0/62-20190822155100-snapshot.jpg
1,0,20190822,155130,79,2,345,2,438,46,Aug23_0/62-20190822155130-snapshot.jpg
1,0,20190822,155900,87,2,1597,493,1714,567,Aug23_0/62-20190822155900-snapshot.jpg
1,0,20190822,155930,87,2,602,20,662,103,Aug23_0/62-20190822155930-snapshot.jpg
1,0,20190822,160130,82,2,379,7,458,71,Aug23_0/62-20190822160130-snapshot.jpg
1,0,20190822,160200,87,2,942,958,1007,1061,Aug23_0/62-20190822160200-snapshot.jpg
1,0,20190822,160230,87,2,1539,563,1633,627,Aug23_0/62-20190822160230-snapshot.jpg
1,0,20190822,160300,89,2,848,32,941,124,Aug23_0/62-20190822160300-snapshot.jpg
1,0,20190822,160300,89,2,126,272,214,363,Aug23_0/62-20190822160300-snapshot.jpg
1,0,20190822,160430,87,2,201,169,296,259,Aug23_0/62-20190822160430-snapshot.jpg
1,0,20190822,160500,77,2,899,1012,976,1080,Aug23_0/62-20190822160500-snapshot.jpg
1,0,20190822,160500,87,2,120,178,214,257,Aug23_0/62-20190822160500-snapshot.jpg
1,0,20190822,160500,89,2,1499,937,1611,1012,Aug23_0/62-20190822160500-snapshot.jpg
1,0,20190822,160630,88,2,307,63,411,130,Aug23_0/62-20190822160630-snapshot.jpg
1,0,20190822,160730,51,2,395,1,454,42,Aug23_0/62-20190822160730-snapshot.jpg
1,0,20190822,160800,80,2,750,252,835,338,Aug23_0/62-20190822160800-snapshot.jpg
1,0,20190822,160830,53,2,1525,1041,1594,1078,Aug23_0/62-20190822160830-snapshot.jpg
1,0,20190822,160900,87,2,1017,1009,1109,1080,Aug23_0/62-20190822160900-snapshot.jpg
1,0,20190822,160930,84,2,967,665,1043,746,Aug23_0/62-20190822160930-snapshot.jpg
1,0,20190822,161030,88,2,1512,763,1576,874,Aug23_0/62-20190822161030-snapshot.jpg
1,0,20190822,161200,87,2,904,116,966,208,Aug23_0/62-20190822161200-snapshot.jpg
1,0,20190822,161200,88,2,1236,252,1336,358,Aug23_0/62-20190822161200-snapshot.jpg
1,0,20190822,161930,83,2,399,12,471,98,Aug23_0/62-20190822161930-snapshot.jpg
1,0,20190822,161930,84,2,1074,148,1166,221,Aug23_0/62-20190822161930-snapshot.jpg
1,0,20190822,161930,90,2,295,964,392,1042,Aug23_0/62-20190822161930-snapshot.jpg
1,0,20190822,162100,73,2,900,879,974,963,Aug23_0/62-20190822162100-snapshot.jpg
1,0,20190822,162100,86,2,1633,505,1712,596,Aug23_0/62-20190822162100-snapshot.jpg
1,0,20190822,162130,87,2,1187,311,1298,385,Aug23_0/62-20190822162130-snapshot.jpg
1,0,20190822,162200,87,2,1562,732,1664,799,Aug23_0/62-20190822162200-snapshot.jpg
1,0,20190822,162230,84,2,395,975,472,1047,Aug23_0/62-20190822162230-snapshot.jpg
1,0,20190822,162230,88,2,142,203,237,279,Aug23_0/62-20190822162230-snapshot.jpg
1,0,20190822,162400,91,2,530,67,633,160,Aug23_0/62-20190822162400-snapshot.jpg
1,0,20190822,162430,88,2,149,89,237,161,Aug23_0/62-20190822162430-snapshot.jpg
1,0,20190822,162600,88,2,975,550,1072,651,Aug23_0/62-20190822162600-snapshot.jpg
1,0,20190822,162700,88,2,840,15,957,85,Aug23_0/62-20190822162700-snapshot.jpg
1,0,20190822,162830,90,2,1019,689,1081,786,Aug23_0/62-20190822162830-snapshot.jpg
1,0,20190822,163000,84,2,785,202,862,274,Aug23_0/62-20190822163000-snapshot.jpg
1,0,20190822,163030,87,2,1510,896,1634,970,Aug23_0/62-20190822163030-snapshot.jpg
1,0,20190822,163400,88,4,1258,198,1382,286,Aug23_0/62-20190822163400-snapshot.jpg
1,0,20190822,163430,89,4,71,125,167,216,Aug23_0/62-20190822163430-snapshot.jpg
1,0,20190822,163600,78,2,335,411,437,473,Aug23_0/62-20190822163600-snapshot.jpg
1,0,20190822,163630,86,2,1697,714,1760,816,Aug23_0/62-20190822163630-snapshot.jpg
1,0,20190822,163630,89,2,885,919,978,990,Aug23_0/62-20190822163630-snapshot.jpg
1,0,20190822,163930,88,2,530,638,632,695,Aug23_0/62-20190822163930-snapshot.jpg
1,0,20190822,164000,62,2,293,1041,355,1079,Aug23_0/62-20190822164000-snapshot.jpg
1,0,20190822,164800,71,2,283,1043,360,1079,Aug23_0/62-20190822164800-snapshot.jpg
1,0,20190822,164900,88,2,1242,105,1361,184,Aug23_0/62-20190822164900-snapshot.jpg
1,0,20190822,165100,85,2,573,47,640,112,Aug23_0/62-20190822165100-snapshot.jpg
1,0,20190822,165100,88,2,1275,207,1402,279,Aug23_0/62-20190822165100-snapshot.jpg
1,0,20190822,165130,80,2,400,2,474,73,Aug23_0/62-20190822165130-snapshot.jpg
1,0,20190822,165130,86,2,1711,723,1781,814,Aug23_0/62-20190822165130-snapshot.jpg
1,0,20190822,165200,72,2,1843,1015,1918,1073,Aug23_0/62-20190822165200-snapshot.jpg
1,0,20190822,165200,89,2,884,897,971,984,Aug23_0/62-20190822165200-snapshot.jpg
1,0,20190822,165500,88,2,694,337,803,428,Aug23_0/62-20190822165500-snapshot.jpg
1,0,20190822,165530,74,2,921,1027,991,1080,Aug23_0/62-20190822165530-snapshot.jpg
1,0,20190822,165600,85,2,1077,753,1156,825,Aug23_0/62-20190822165600-snapshot.jpg
1,0,20190822,165700,89,2,971,710,1037,810,Aug23_0/62-20190822165700-snapshot.jpg
1,0,20190822,170030,76,2,964,711,1054,799,Aug23_0/62-20190822170030-snapshot.jpg
1,0,20190822,170130,84,2,1722,867,1804,946,Aug23_0/62-20190822170130-snapshot.jpg
1,0,20190822,170200,85,2,248,65,319,126,Aug23_0/62-20190822170200-snapshot.jpg
1,0,20190822,170200,87,2,355,443,446,504,Aug23_0/62-20190822170200-snapshot.jpg
1,0,20190822,170200,88,2,1566,600,1657,690,Aug23_0/62-20190822170200-snapshot.jpg
1,0,20190822,170400,82,2,1603,1028,1696,1080,Aug23_0/62-20190822170400-snapshot.jpg
1,0,20190822,170800,87,2,1069,750,1172,823,Aug23_0/62-20190822170800-snapshot.jpg
1,0,20190822,171100,87,2,1114,1,1198,85,Aug23_0/62-20190822171100-snapshot.jpg
1,0,20190822,171230,84,8,1817,123,1904,197,Aug23_0/62-20190822171230-snapshot.jpg
1,0,20190822,171230,88,2,143,210,259,273,Aug23_0/62-20190822171230-snapshot.jpg
1,0,20190822,171300,87,3,736,262,844,378,Aug23_0/62-20190822171300-snapshot.jpg
1,0,20190822,171330,87,2,262,91,326,178,Aug23_0/62-20190822171330-snapshot.jpg
1,0,20190822,171400,87,2,1092,955,1200,1026,Aug23_0/62-20190822171400-snapshot.jpg
1,0,20190822,171500,87,2,822,57,929,133,Aug23_0/62-20190822171500-snapshot.jpg
1,0,20190822,171600,87,2,1075,955,1180,1029,Aug23_0/62-20190822171600-snapshot.jpg
1,0,20190822,171800,87,2,1390,34,1453,122,Aug23_0/62-20190822171800-snapshot.jpg
1,0,20190822,172200,87,2,973,522,1074,601,Aug23_0/62-20190822172200-snapshot.jpg
1,0,20190822,172730,89,2,972,670,1074,734,Aug23_0/62-20190822172730-snapshot.jpg
1,0,20190822,173030,88,2,142,208,241,286,Aug23_0/62-20190822173030-snapshot.jpg
1,0,20190822,173030,88,2,1087,837,1191,923,Aug23_0/62-20190822173030-snapshot.jpg
1,0,20190822,173330,73,2,317,3,399,45,Aug23_0/62-20190822173330-snapshot.jpg
1,0,20190822,173330,82,4,1731,767,1836,846,Aug23_0/62-20190822173330-snapshot.jpg
1,0,20190822,173330,88,2,648,457,742,555,Aug23_0/62-20190822173330-snapshot.jpg
1,0,20190822,173600,88,2,1170,295,1262,411,Aug23_0/62-20190822173600-snapshot.jpg
1,0,20190822,175630,85,2,1078,938,1141,1018,Aug23_0/62-20190822175630-snapshot.jpg
1,0,20190822,175700,87,2,286,398,358,478,Aug23_0/62-20190822175700-snapshot.jpg
1,0,20190822,175730,85,2,1314,527,1420,642,Aug23_0/62-20190822175730-snapshot.jpg
1,0,20190822,175800,88,2,758,207,849,298,Aug23_0/62-20190822175800-snapshot.jpg
1,0,20190822,175830,87,2,1174,302,1279,407,Aug23_0/62-20190822175830-snapshot.jpg
1,0,20190822,175900,88,2,1680,530,1769,639,Aug23_0/62-20190822175900-snapshot.jpg
1,0,20190822,180030,89,2,1305,93,1399,189,Aug23_0/62-20190822180030-snapshot.jpg
1,0,20190822,180100,83,2,1717,862,1785,947,Aug23_0/62-20190822180100-snapshot.jpg
1,0,20190822,180700,84,2,1415,46,1499,115,Aug23_0/62-20190822180700-snapshot.jpg
1,0,20190822,180700,86,4,540,186,654,311,Aug23_0/62-20190822180700-snapshot.jpg
1,0,20190822,181000,86,2,395,439,484,501,Aug23_0/62-20190822181000-snapshot.jpg
1,0,20190822,181030,82,3,1384,18,1474,141,Aug23_0/62-20190822181030-snapshot.jpg
1,0,20190822,181100,87,4,997,839,1095,947,Aug23_0/62-20190822181100-snapshot.jpg
1,0,20190822,181400,90,2,984,571,1093,666,Aug23_0/62-20190822181400-snapshot.jpg
1,0,20190822,181530,39,2,641,69,697,124,Aug23_0/62-20190822181530-snapshot.jpg
1,0,20190822,181630,80,2,914,1025,996,1080,Aug23_0/62-20190822181630-snapshot.jpg
1,0,20190822,181700,66,2,877,0,950,43,Aug23_0/62-20190822181700-snapshot.jpg
1,0,20190822,181700,90,2,741,273,853,386,Aug23_0/62-20190822181700-snapshot.jpg
1,0,20190822,181830,85,2,1533,604,1604,681,Aug23_0/62-20190822181830-snapshot.jpg
1,0,20190822,181900,88,2,971,941,1062,1032,Aug23_0/62-20190822181900-snapshot.jpg
1,0,20190822,182400,88,2,516,307,619,400,Aug23_0/62-20190822182400-snapshot.jpg
1,0,20190822,182500,74,2,277,82,348,149,Aug23_0/62-20190822182500-snapshot.jpg
1,0,20190822,182530,86,2,382,417,459,491,Aug23_0/62-20190822182530-snapshot.jpg
1,0,20190822,183330,81,2,926,1016,1005,1080,Aug23_0/62-20190822183330-snapshot.jpg
1,0,20190822,183400,83,2,140,128,226,205,Aug23_0/62-20190822183400-snapshot.jpg
1,0,20190822,183530,82,2,1819,721,1920,796,Aug23_0/62-20190822183530-snapshot.jpg
1,0,20190822,183630,86,2,1636,660,1744,765,Aug23_0/62-20190822183630-snapshot.jpg
1,0,20190822,184200,87,2,392,415,476,494,Aug23_0/62-20190822184200-snapshot.jpg
1,0,20190822,184430,77,2,1153,3,1207,60,Aug23_0/62-20190822184430-snapshot.jpg
1,0,20190822,184430,89,2,1091,769,1159,873,Aug23_0/62-20190822184430-snapshot.jpg
1,0,20190822,184500,81,2,419,6,494,92,Aug23_0/62-20190822184500-snapshot.jpg
1,0,20190822,184500,86,2,394,939,471,1028,Aug23_0/62-20190822184500-snapshot.jpg
1,0,20190822,185230,89,2,1436,901,1529,1009,Aug23_0/62-20190822185230-snapshot.jpg
1,0,20190822,185400,86,4,975,610,1097,710,Aug23_0/62-20190822185400-snapshot.jpg
1,0,20190822,185400,88,2,926,28,1046,108,Aug23_0/62-20190822185400-snapshot.jpg
1,0,20190822,185800,88,2,583,34,667,116,Aug23_0/62-20190822185800-snapshot.jpg
1,0,20190822,185830,89,2,1505,897,1640,979,Aug23_0/62-20190822185830-snapshot.jpg
1,0,20190822,190700,85,3,343,1034,421,1079,Aug23_0/62-20190822190700-snapshot.jpg
1,0,20190822,191000,85,2,1708,693,1777,777,Aug23_0/62-20190822191000-snapshot.jpg
1,0,20190822,192430,89,4,1018,811,1138,913,Aug23_0/62-20190822192430-snapshot.jpg
1,0,20190822,192500,88,4,1243,262,1365,368,Aug23_0/62-20190822192500-snapshot.jpg
1,0,20190822,192530,88,4,363,46,470,163,Aug23_0/62-20190822192530-snapshot.jpg
1,0,20190822,192930,46,2,1153,2,1231,41,Aug23_0/62-20190822192930-snapshot.jpg
1,0,20190822,193330,87,2,1694,544,1797,609,Aug23_0/62-20190822193330-snapshot.jpg
1,0,20190822,194330,85,8,710,886,819,967,Aug23_0/62-20190822194330-snapshot.jpg
1,0,20190822,195530,87,2,1710,871,1806,947,Aug23_0/62-20190822195530-snapshot.jpg
1,0,20190822,201000,88,2,979,614,1076,699,Aug23_0/62-20190822201000-snapshot.jpg
1,0,20190822,202230,85,2,147,100,246,166,Aug23_0/62-20190822202230-snapshot.jpg
1,0,20190822,203030,81,2,1055,739,1155,814,Aug23_0/62-20190822203030-snapshot.jpg
1,0,20190822,203100,86,2,1551,577,1622,672,Aug23_0/62-20190822203100-snapshot.jpg
1,0,20190822,203930,45,8,1219,495,1307,576,Aug23_0/62-20190822203930-snapshot.jpg
1,0,20190823,065530,77,2,619,90,694,141,Aug23_0/63-20190823065530-snapshot.jpg
1,0,20190823,065600,87,2,1612,527,1721,629,Aug23_0/63-20190823065600-snapshot.jpg
1,0,20190823,071330,79,8,56,552,151,623,Aug23_0/63-20190823071330-snapshot.jpg
1,0,20190823,080730,33,1,114,157,162,208,Aug23_0/63-20190823080730-snapshot.jpg
1,0,20190823,080830,27,1,115,157,163,208,Aug23_0/63-20190823080830-snapshot.jpg
1,0,20190823,081230,29,1,113,157,162,208,Aug23_0/63-20190823081230-snapshot.jpg
1,0,20190823,081300,31,1,113,157,162,208,Aug23_0/63-20190823081300-snapshot.jpg
1,0,20190823,082600,86,2,389,405,481,466,Aug23_0/63-20190823082600-snapshot.jpg
1,0,20190823,083930,87,8,1609,429,1692,493,Aug23_0/63-20190823083930-snapshot.jpg
1,0,20190823,085500,88,4,1636,489,1729,579,Aug23_0/63-20190823085500-snapshot.jpg
1,0,20190823,085530,87,4,715,232,831,319,Aug23_0/63-20190823085530-snapshot.jpg
1,0,20190823,092530,88,2,648,272,762,335,Aug23_0/63-20190823092530-snapshot.jpg
1,0,20190823,095800,79,4,1239,248,1349,350,Aug23_0/63-20190823095800-snapshot.jpg
1,0,20190823,095900,85,4,1034,849,1122,955,Aug23_0/63-20190823095900-snapshot.jpg
