1,1,20190816,152800,88,2,488,885,596,983,Aug23_1/01-20190816152800-snapshot.jpg
1,1,20190816,153630,79,2,76,240,136,300,Aug23_1/01-20190816153630-snapshot.jpg
1,1,20190816,154130,87,2,200,116,300,173,Aug23_1/01-20190816154130-snapshot.jpg
1,1,20190816,155500,86,2,74,759,138,844,Aug23_1/01-20190816155500-snapshot.jpg
1,1,20190816,155730,41,3,0,485,28,562,Aug23_1/01-20190816155730-snapshot.jpg
1,1,20190816,155900,88,9,1525,386,1617,488,Aug23_1/01-20190816155900-snapshot.jpg
1,1,20190816,160930,83,8,670,981,774,1033,Aug23_1/01-20190816160930-snapshot.jpg
1,1,20190816,161900,61,1,670,933,719,985,Aug23_1/01-20190816161900-snapshot.jpg
1,1,20190816,161930,64,1,669,930,719,987,Aug23_1/01-20190816161930-snapshot.jpg
1,1,20190816,163500,85,3,543,990,655,1080,Aug23_1/01-20190816163500-snapshot.jpg
1,1,20190816,164400,88,4,197,894,297,970,Aug23_1/01-20190816164400-snapshot.jpg
1,1,20190816,164600,87,2,542,1008,641,1071,Aug23_1/01-20190816164600-snapshot.jpg
1,1,20190816,164730,87,2,877,900,976,975,Aug23_1/01-20190816164730-snapshot.jpg
1,1,20190816,165700,87,2,123,427,208,496,Aug23_1/01-20190816165700-snapshot.jpg
1,1,20190816,171300,84,8,1801,971,1896,1054,Aug23_1/01-20190816171300-snapshot.jpg
1,1,20190816,173000,83,2,137,128,226,183,Aug23_1/01-20190816173000-snapshot.jpg
1,1,20190816,173130,88,4,1589,750,1682,847,Aug23_1/01-20190816173130-snapshot.jpg
1,1,20190816,173300,88,2,260,122,354,205,Aug23_1/01-20190816173300-snapshot.jpg
1,1,20190816,173330,86,2,1480,833,1577,927,Aug23_1/01-20190816173330-snapshot.jpg
1,1,20190816,173630,88,4,21,416,122,494,Aug23_1/01-20190816173630-snapshot.jpg
1,1,20190816,175030,27,2,1573,799,1628,866,Aug23_1/01-20190816175030-snapshot.jpg
1,1,20190816,180030,89,4,586,965,699,1054,Aug23_1/01-20190816180030-snapshot.jpg
1,1,20190816,181230,46,2,1571,801,1626,867,Aug23_1/01-20190816181230-snapshot.jpg
1,1,20190816,182400,88,2,350,749,450,841,Aug23_1/01-20190816182400-snapshot.jpg
1,1,20190816,182430,83,2,479,985,571,1063,Aug23_1/01-20190816182430-snapshot.jpg
1,1,20190816,182800,89,2,1333,537,1414,631,Aug23_1/01-20190816182800-snapshot.jpg
1,1,20190816,184000,86,2,72,249,137,332,Aug23_1/01-20190816184000-snapshot.jpg
1,1,20190816,185130,84,2,1555,974,1663,1040,Aug23_1/01-20190816185130-snapshot.jpg
1,1,20190816,191530,88,4,677,959,772,1062,Aug23_1/01-20190816191530-snapshot.jpg
1,1,20190816,191630,56,2,14,322,85,400,Aug23_1/01-20190816191630-snapshot.jpg
1,1,20190816,191630,82,2,1354,547,1425,613,Aug23_1/01-20190816191630-snapshot.jpg
1,1,20190816,193000,84,2,82,827,179,882,Aug23_1/01-20190816193000-snapshot.jpg
1,1,20190816,193100,85,2,382,750,475,837,Aug23_1/01-20190816193100-snapshot.jpg
1,1,20190816,193300,31,2,1371,784,1463,865,Aug23_1/01-20190816193300-snapshot.jpg
1,1,20190816,195000,89,4,1255,527,1361,600,Aug23_1/01-20190816195000-snapshot.jpg
1,1,20190816,210030,31,3,0,376,60,468,Aug23_1/01-20190816210030-snapshot.jpg
1,1,20190816,210900,58,3,0,379,61,467,Aug23_1/02-20190816210900-snapshot.jpg
1,1,20190816,210930,37,3,0,377,59,466,Aug23_1/02-20190816210930-snapshot.jpg
1,1,20190816,211030,29,3,835,733,945,815,Aug23_1/02-20190816211030-snapshot.jpg
1,1,20190819,103630,65,8,340,943,448,1004,Aug23_1/105-20190819103630-snapshot.jpg
1,1,20190819,104230,72,2,27,285,98,370,Aug23_1/105-20190819104230-snapshot.jpg
1,1,20190819,112000,84,8,1361,806,1444,883,Aug23_1/105-20190819112000-snapshot.jpg
1,1,20190819,114530,84,8,190,12,275,94,Aug23_1/105-20190819114530-snapshot.jpg
1,1,20190819,115600,38,1,1229,308,1266,341,Aug23_1/105-20190819115600-snapshot.jpg
1,1,20190819,120200,51,2,286,106,368,169,Aug23_1/105-20190819120200-snapshot.jpg
1,1,20190819,120300,88,4,323,28,452,125,Aug23_1/105-20190819120300-snapshot.jpg
1,1,20190819,120500,83,8,1824,351,1909,440,Aug23_1/105-20190819120500-snapshot.jpg
1,1,20190819,121530,80,6,1636,965,1697,1029,Aug23_1/105-20190819121530-snapshot.jpg
1,1,20190819,122330,87,3,1349,633,1460,759,Aug23_1/105-20190819122330-snapshot.jpg
1,1,20190819,123500,51,2,1532,816,1607,873,Aug23_1/105-20190819123500-snapshot.jpg
1,1,20190819,131400,33,1,633,892,679,938,Aug23_1/105-20190819131400-snapshot.jpg
1,1,20190819,133900,35,4,0,329,35,410,Aug23_1/105-20190819133900-snapshot.jpg
1,1,20190819,134830,35,2,1259,257,1311,330,Aug23_1/105-20190819134830-snapshot.jpg
1,1,20190819,135000,27,8,1223,275,1298,329,Aug23_1/105-20190819135000-snapshot.jpg
1,1,20190819,135030,30,8,1217,276,1296,329,Aug23_1/105-20190819135030-snapshot.jpg
1,1,20190819,140500,59,8,1162,796,1229,856,Aug23_1/105-20190819140500-snapshot.jpg
1,1,20190819,140530,43,8,1163,797,1228,857,Aug23_1/105-20190819140530-snapshot.jpg
1,1,20190819,141900,37,8,1161,797,1229,858,Aug23_1/105-20190819141900-snapshot.jpg
1,1,20190819,141930,41,8,1160,796,1231,858,Aug23_1/105-20190819141930-snapshot.jpg
1,1,20190819,142000,36,8,1164,795,1226,860,Aug23_1/105-20190819142000-snapshot.jpg
1,1,20190819,142330,48,8,1163,795,1228,857,Aug23_1/105-20190819142330-snapshot.jpg
1,1,20190819,143200,32,8,1160,796,1236,860,Aug23_1/105-20190819143200-snapshot.jpg
1,1,20190819,163700,88,3,230,763,335,849,Aug23_1/105-20190819163700-snapshot.jpg
1,1,20190819,163800,89,3,1478,509,1577,641,Aug23_1/105-20190819163800-snapshot.jpg
1,1,20190819,165500,87,2,1692,514,1777,611,Aug23_1/105-20190819165500-snapshot.jpg
1,1,20190819,165600,88,3,346,18,442,123,Aug23_1/105-20190819165600-snapshot.jpg
1,1,20190819,171130,88,3,1209,240,1313,325,Aug23_1/105-20190819171130-snapshot.jpg
1,1,20190819,172600,88,3,340,7,450,102,Aug23_1/105-20190819172600-snapshot.jpg
1,1,20190819,173630,88,3,253,769,382,863,Aug23_1/105-20190819173630-snapshot.jpg
1,1,20190819,173730,86,2,772,837,866,919,Aug23_1/105-20190819173730-snapshot.jpg
1,1,20190819,174000,88,4,166,68,253,145,Aug23_1/105-20190819174000-snapshot.jpg
1,1,20190819,175500,84,8,1785,189,1884,274,Aug23_1/105-20190819175500-snapshot.jpg
1,1,20190819,180300,85,2,1621,391,1700,459,Aug23_1/105-20190819180300-snapshot.jpg
1,1,20190819,180330,60,2,1492,425,1575,485,Aug23_1/105-20190819180330-snapshot.jpg
1,1,20190819,183030,83,2,295,31,376,97,Aug23_1/105-20190819183030-snapshot.jpg
1,1,20190819,183130,89,4,364,718,471,786,Aug23_1/105-20190819183130-snapshot.jpg
1,1,20190819,183530,89,4,1448,596,1541,691,Aug23_1/105-20190819183530-snapshot.jpg
1,1,20190819,184100,86,3,6,318,95,393,Aug23_1/105-20190819184100-snapshot.jpg
1,1,20190819,184800,89,4,364,20,470,96,Aug23_1/105-20190819184800-snapshot.jpg
1,1,20190819,192700,92,3,1412,397,1529,501,Aug23_1/105-20190819192700-snapshot.jpg
1,1,20190819,192730,86,3,526,834,628,945,Aug23_1/105-20190819192730-snapshot.jpg
1,1,20190819,192830,86,8,242,161,309,245,Aug23_1/105-20190819192830-snapshot.jpg
1,1,20190819,200000,86,3,1426,476,1520,583,Aug23_1/105-20190819200000-snapshot.jpg
1,1,20190819,200200,87,4,1716,656,1837,742,Aug23_1/105-20190819200200-snapshot.jpg
1,1,20190819,203100,87,3,388,19,481,115,Aug23_1/105-20190819203100-snapshot.jpg
1,1,20190819,203200,89,4,1346,414,1440,503,Aug23_1/105-20190819203200-snapshot.jpg
1,1,20190819,204700,25,3,0,360,43,453,Aug23_1/105-20190819204700-snapshot.jpg
1,1,20190819,204930,27,3,0,374,45,460,Aug23_1/105-20190819204930-snapshot.jpg
1,1,20190819,205630,34,3,0,371,44,463,Aug23_1/105-20190819205630-snapshot.jpg
1,1,20190819,205700,33,3,0,376,44,461,Aug23_1/105-20190819205700-snapshot.jpg
1,1,20190819,205830,34,3,0,381,44,464,Aug23_1/105-20190819205830-snapshot.jpg
1,1,20190820,055100,31,3,0,356,40,455,Aug23_1/109-20190820055100-snapshot.jpg
1,1,20190817,114000,63,2,1444,600,1513,664,Aug23_1/12-20190817114000-snapshot.jpg
1,1,20190817,114030,68,2,1455,512,1529,580,Aug23_1/12-20190817114030-snapshot.jpg
1,1,20190817,114100,75,2,1457,501,1534,572,Aug23_1/12-20190817114100-snapshot.jpg
1,1,20190817,114130,78,2,1455,501,1530,568,Aug23_1/12-20190817114130-snapshot.jpg
1,1,20190817,114200,71,2,1455,501,1529,568,Aug23_1/12-20190817114200-snapshot.jpg
1,1,20190817,114230,79,2,1456,502,1531,570,Aug23_1/12-20190817114230-snapshot.jpg
1,1,20190817,114300,81,2,1460,506,1535,572,Aug23_1/12-20190817114300-snapshot.jpg
1,1,20190817,114330,43,2,1516,512,1588,564,Aug23_1/12-20190817114330-snapshot.jpg
1,1,20190820,072600,81,8,758,956,832,1039,Aug23_1/125-20190820072600-snapshot.jpg
1,1,20190820,074200,84,8,1173,703,1270,787,Aug23_1/127-20190820074200-snapshot.jpg
1,1,20190820,083400,32,1,1415,539,1456,579,Aug23_1/128-20190820083400-snapshot.jpg
1,1,20190820,083430,44,1,1414,538,1456,579,Aug23_1/128-20190820083430-snapshot.jpg
1,1,20190820,090800,41,1,1429,499,1467,537,Aug23_1/128-20190820090800-snapshot.jpg
1,1,20190820,095700,84,4,192,863,284,926,Aug23_1/128-20190820095700-snapshot.jpg
1,1,20190820,095930,87,4,284,109,365,174,Aug23_1/128-20190820095930-snapshot.jpg
1,1,20190820,102200,85,8,1814,659,1904,748,Aug23_1/128-20190820102200-snapshot.jpg
1,1,20190820,104400,88,4,1642,417,1739,504,Aug23_1/128-20190820104400-snapshot.jpg
1,1,20190820,111600,89,3,427,760,540,843,Aug23_1/128-20190820111600-snapshot.jpg
1,1,20190820,111830,84,4,555,976,652,1066,Aug23_1/128-20190820111830-snapshot.jpg
1,1,20190820,111900,88,4,288,64,372,147,Aug23_1/128-20190820111900-snapshot.jpg
1,1,20190820,113630,87,4,200,868,299,945,Aug23_1/128-20190820113630-snapshot.jpg
1,1,20190820,115030,86,2,241,68,323,143,Aug23_1/128-20190820115030-snapshot.jpg
1,1,20190820,120900,88,4,60,319,159,395,Aug23_1/128-20190820120900-snapshot.jpg
1,1,20190820,120930,87,4,1614,807,1708,897,Aug23_1/128-20190820120930-snapshot.jpg
1,1,20190820,121200,80,7,1544,818,1725,1080,Aug23_1/128-20190820121200-snapshot.jpg
1,1,20190820,121230,73,7,1341,372,1661,521,Aug23_1/128-20190820121230-snapshot.jpg
1,1,20190820,121300,79,7,1569,514,1846,740,Aug23_1/128-20190820121300-snapshot.jpg
1,1,20190820,121330,88,4,1646,415,1739,503,Aug23_1/128-20190820121330-snapshot.jpg
1,1,20190820,124830,88,3,1567,666,1675,753,Aug23_1/128-20190820124830-snapshot.jpg
1,1,20190820,125030,86,4,290,802,389,897,Aug23_1/128-20190820125030-snapshot.jpg
1,1,20190820,125400,90,2,1403,454,1494,541,Aug23_1/128-20190820125400-snapshot.jpg
1,1,20190820,125430,89,2,1357,356,1451,439,Aug23_1/128-20190820125430-snapshot.jpg
1,1,20190820,125500,88,2,1472,499,1549,591,Aug23_1/128-20190820125500-snapshot.jpg
1,1,20190820,130300,88,4,1344,721,1444,798,Aug23_1/128-20190820130300-snapshot.jpg
1,1,20190820,132200,85,9,1520,370,1631,442,Aug23_1/128-20190820132200-snapshot.jpg
1,1,20190820,132230,88,9,1314,715,1427,784,Aug23_1/128-20190820132230-snapshot.jpg
1,1,20190820,132730,78,3,295,171,379,292,Aug23_1/128-20190820132730-snapshot.jpg
1,1,20190820,132800,87,4,493,935,611,1070,Aug23_1/128-20190820132800-snapshot.jpg
1,1,20190820,133130,39,8,1286,204,1348,281,Aug23_1/128-20190820133130-snapshot.jpg
1,1,20190820,133300,83,2,278,44,352,111,Aug23_1/128-20190820133300-snapshot.jpg
1,1,20190820,133300,88,2,1529,421,1614,510,Aug23_1/128-20190820133300-snapshot.jpg
1,1,20190820,133330,69,2,1481,734,1577,813,Aug23_1/128-20190820133330-snapshot.jpg
1,1,20190820,133400,76,2,221,889,308,970,Aug23_1/128-20190820133400-snapshot.jpg
1,1,20190820,133400,86,2,1482,979,1565,1065,Aug23_1/128-20190820133400-snapshot.jpg
1,1,20190820,133430,35,2,378,893,469,959,Aug23_1/128-20190820133430-snapshot.jpg
1,1,20190820,133430,86,2,1480,458,1560,553,Aug23_1/128-20190820133430-snapshot.jpg
1,1,20190820,133500,89,2,1506,365,1599,432,Aug23_1/128-20190820133500-snapshot.jpg
1,1,20190820,133530,87,2,1704,563,1793,656,Aug23_1/128-20190820133530-snapshot.jpg
1,1,20190820,133630,87,2,1764,678,1870,751,Aug23_1/128-20190820133630-snapshot.jpg
1,1,20190820,134400,86,3,1500,421,1600,534,Aug23_1/128-20190820134400-snapshot.jpg
1,1,20190820,134630,85,2,336,609,434,679,Aug23_1/128-20190820134630-snapshot.jpg
1,1,20190820,135400,84,2,12,386,105,445,Aug23_1/128-20190820135400-snapshot.jpg
1,1,20190820,135430,89,2,412,806,515,880,Aug23_1/128-20190820135430-snapshot.jpg
1,1,20190820,135500,87,2,1455,1015,1556,1075,Aug23_1/128-20190820135500-snapshot.jpg
1,1,20190820,135530,89,2,1593,383,1693,463,Aug23_1/128-20190820135530-snapshot.jpg
1,1,20190820,135600,85,2,1565,721,1669,786,Aug23_1/128-20190820135600-snapshot.jpg
1,1,20190820,135630,87,2,1265,252,1356,319,Aug23_1/128-20190820135630-snapshot.jpg
1,1,20190820,135830,87,3,1510,289,1646,394,Aug23_1/128-20190820135830-snapshot.jpg
1,1,20190820,140000,43,2,0,273,35,331,Aug23_1/128-20190820140000-snapshot.jpg
1,1,20190820,140030,88,4,645,866,750,960,Aug23_1/128-20190820140030-snapshot.jpg
1,1,20190820,140630,87,2,608,845,718,914,Aug23_1/128-20190820140630-snapshot.jpg
1,1,20190820,140700,85,2,1634,52,1712,143,Aug23_1/128-20190820140700-snapshot.jpg
1,1,20190820,141000,71,2,320,212,381,289,Aug23_1/128-20190820141000-snapshot.jpg
1,1,20190820,141030,80,2,25,305,108,374,Aug23_1/128-20190820141030-snapshot.jpg
1,1,20190820,141300,86,2,407,794,474,884,Aug23_1/128-20190820141300-snapshot.jpg
1,1,20190820,141300,86,2,1405,985,1482,1063,Aug23_1/128-20190820141300-snapshot.jpg
1,1,20190820,141900,54,2,1394,555,1468,618,Aug23_1/128-20190820141900-snapshot.jpg
1,1,20190820,141930,85,2,616,830,707,940,Aug23_1/128-20190820141930-snapshot.jpg
1,1,20190820,141930,87,2,610,911,711,995,Aug23_1/128-20190820141930-snapshot.jpg
1,1,20190820,142200,88,2,1488,351,1588,423,Aug23_1/128-20190820142200-snapshot.jpg
1,1,20190820,142230,88,2,1482,959,1594,1020,Aug23_1/128-20190820142230-snapshot.jpg
1,1,20190820,142330,83,2,1226,692,1315,767,Aug23_1/128-20190820142330-snapshot.jpg
1,1,20190820,142600,87,2,1619,723,1724,810,Aug23_1/128-20190820142600-snapshot.jpg
1,1,20190820,142600,88,4,225,104,323,216,Aug23_1/128-20190820142600-snapshot.jpg
1,1,20190820,143400,65,2,1467,392,1553,451,Aug23_1/128-20190820143400-snapshot.jpg
1,1,20190820,143500,85,2,284,40,371,93,Aug23_1/128-20190820143500-snapshot.jpg
1,1,20190820,143900,78,2,353,37,425,89,Aug23_1/128-20190820143900-snapshot.jpg
1,1,20190820,144000,86,2,291,48,376,102,Aug23_1/128-20190820144000-snapshot.jpg
1,1,20190820,144030,81,2,138,827,218,910,Aug23_1/128-20190820144030-snapshot.jpg
1,1,20190820,144100,84,7,163,1,319,135,Aug23_1/128-20190820144100-snapshot.jpg
1,1,20190820,144200,90,4,599,816,709,947,Aug23_1/128-20190820144200-snapshot.jpg
1,1,20190820,144430,60,2,1527,371,1593,432,Aug23_1/128-20190820144430-snapshot.jpg
1,1,20190820,144430,88,2,667,904,769,976,Aug23_1/128-20190820144430-snapshot.jpg
1,1,20190820,144530,81,2,62,251,123,318,Aug23_1/128-20190820144530-snapshot.jpg
1,1,20190820,144730,83,8,1676,661,1786,726,Aug23_1/128-20190820144730-snapshot.jpg
1,1,20190820,144830,87,2,1542,340,1632,431,Aug23_1/128-20190820144830-snapshot.jpg
1,1,20190820,144930,85,2,535,999,620,1080,Aug23_1/128-20190820144930-snapshot.jpg
1,1,20190820,145000,87,2,296,798,397,880,Aug23_1/128-20190820145000-snapshot.jpg
1,1,20190820,145030,83,2,74,211,167,270,Aug23_1/128-20190820145030-snapshot.jpg
1,1,20190820,145330,85,2,201,82,292,147,Aug23_1/128-20190820145330-snapshot.jpg
1,1,20190820,145430,86,2,36,415,105,508,Aug23_1/128-20190820145430-snapshot.jpg
1,1,20190820,145500,80,2,28,259,114,322,Aug23_1/128-20190820145500-snapshot.jpg
1,1,20190820,145530,88,2,1477,915,1578,989,Aug23_1/128-20190820145530-snapshot.jpg
1,1,20190820,145700,85,2,315,97,373,168,Aug23_1/128-20190820145700-snapshot.jpg
1,1,20190820,145700,90,2,1484,977,1573,1074,Aug23_1/128-20190820145700-snapshot.jpg
1,1,20190820,145730,86,2,1612,693,1698,801,Aug23_1/128-20190820145730-snapshot.jpg
1,1,20190820,145730,89,2,1219,688,1316,747,Aug23_1/128-20190820145730-snapshot.jpg
1,1,20190820,145800,88,2,346,724,454,793,Aug23_1/128-20190820145800-snapshot.jpg
1,1,20190820,145930,86,2,133,176,201,262,Aug23_1/128-20190820145930-snapshot.jpg
1,1,20190820,150030,83,2,1503,441,1585,507,Aug23_1/128-20190820150030-snapshot.jpg
1,1,20190820,150100,82,2,1515,359,1591,419,Aug23_1/128-20190820150100-snapshot.jpg
1,1,20190820,150130,87,2,1273,269,1353,361,Aug23_1/128-20190820150130-snapshot.jpg
1,1,20190820,150230,91,2,1416,664,1526,765,Aug23_1/128-20190820150230-snapshot.jpg
1,1,20190820,150500,61,2,1889,16,1920,97,Aug23_1/128-20190820150500-snapshot.jpg
1,1,20190820,150500,86,2,1403,1027,1495,1080,Aug23_1/128-20190820150500-snapshot.jpg
1,1,20190820,150600,88,2,636,852,731,947,Aug23_1/128-20190820150600-snapshot.jpg
1,1,20190820,150630,89,2,402,905,491,999,Aug23_1/128-20190820150630-snapshot.jpg
1,1,20190820,150700,88,4,494,992,596,1078,Aug23_1/128-20190820150700-snapshot.jpg
1,1,20190820,150700,88,2,479,872,589,955,Aug23_1/128-20190820150700-snapshot.jpg
1,1,20190820,150830,87,2,86,214,174,297,Aug23_1/128-20190820150830-snapshot.jpg
1,1,20190820,151230,85,2,1582,384,1683,463,Aug23_1/128-20190820151230-snapshot.jpg
1,1,20190820,151400,85,1,637,516,678,554,Aug23_1/128-20190820151400-snapshot.jpg
1,1,20190820,151500,87,2,349,18,435,78,Aug23_1/128-20190820151500-snapshot.jpg
1,1,20190820,151530,75,2,351,861,461,938,Aug23_1/128-20190820151530-snapshot.jpg
1,1,20190820,151730,90,3,384,811,496,909,Aug23_1/128-20190820151730-snapshot.jpg
1,1,20190820,151800,75,3,1528,404,1626,507,Aug23_1/128-20190820151800-snapshot.jpg
1,1,20190820,152030,84,2,333,48,410,99,Aug23_1/128-20190820152030-snapshot.jpg
1,1,20190820,152100,86,2,1646,392,1735,473,Aug23_1/128-20190820152100-snapshot.jpg
1,1,20190820,152130,86,2,617,863,714,933,Aug23_1/128-20190820152130-snapshot.jpg
1,1,20190820,152600,84,7,1340,282,1529,506,Aug23_1/128-20190820152600-snapshot.jpg
1,1,20190820,152800,90,2,1545,154,1617,265,Aug23_1/128-20190820152800-snapshot.jpg
1,1,20190820,152830,86,2,236,882,327,970,Aug23_1/128-20190820152830-snapshot.jpg
1,1,20190820,152900,86,2,140,143,216,227,Aug23_1/128-20190820152900-snapshot.jpg
1,1,20190820,153100,88,2,1434,312,1527,406,Aug23_1/128-20190820153100-snapshot.jpg
1,1,20190820,153130,85,2,1418,452,1513,525,Aug23_1/128-20190820153130-snapshot.jpg
1,1,20190820,153200,88,2,609,942,716,1006,Aug23_1/128-20190820153200-snapshot.jpg
1,1,20190820,153200,89,4,1726,570,1836,664,Aug23_1/128-20190820153200-snapshot.jpg
1,1,20190820,153200,90,2,394,776,502,844,Aug23_1/128-20190820153200-snapshot.jpg
1,1,20190820,153230,77,2,325,987,419,1065,Aug23_1/128-20190820153230-snapshot.jpg
1,1,20190820,153230,87,2,1674,396,1759,482,Aug23_1/128-20190820153230-snapshot.jpg
1,1,20190820,153330,88,2,283,46,370,110,Aug23_1/128-20190820153330-snapshot.jpg
1,1,20190820,153400,85,2,109,294,211,355,Aug23_1/128-20190820153400-snapshot.jpg
1,1,20190820,153630,85,2,382,695,467,774,Aug23_1/128-20190820153630-snapshot.jpg
1,1,20190820,153830,65,2,461,802,545,859,Aug23_1/128-20190820153830-snapshot.jpg
1,1,20190820,153830,85,2,1644,416,1735,489,Aug23_1/128-20190820153830-snapshot.jpg
1,1,20190820,153900,88,2,1362,333,1451,432,Aug23_1/128-20190820153900-snapshot.jpg
1,1,20190820,154000,86,2,301,60,394,116,Aug23_1/128-20190820154000-snapshot.jpg
1,1,20190820,154030,91,7,191,0,362,146,Aug23_1/128-20190820154030-snapshot.jpg
1,1,20190820,154600,85,2,122,292,222,359,Aug23_1/128-20190820154600-snapshot.jpg
1,1,20190820,154730,85,8,375,719,472,802,Aug23_1/128-20190820154730-snapshot.jpg
1,1,20190820,155100,61,2,337,39,411,85,Aug23_1/128-20190820155100-snapshot.jpg
1,1,20190820,155130,85,4,179,94,298,173,Aug23_1/128-20190820155130-snapshot.jpg
1,1,20190820,155300,88,4,588,882,716,984,Aug23_1/128-20190820155300-snapshot.jpg
1,1,20190820,155600,49,2,1660,663,1745,744,Aug23_1/128-20190820155600-snapshot.jpg
1,1,20190820,155630,87,2,1529,359,1608,426,Aug23_1/128-20190820155630-snapshot.jpg
1,1,20190820,155700,85,2,1823,407,1918,471,Aug23_1/128-20190820155700-snapshot.jpg
1,1,20190820,155800,87,4,1584,882,1695,952,Aug23_1/128-20190820155800-snapshot.jpg
1,1,20190820,155830,87,2,163,119,249,183,Aug23_1/128-20190820155830-snapshot.jpg
1,1,20190820,160600,86,2,349,42,407,116,Aug23_1/128-20190820160600-snapshot.jpg
1,1,20190820,160830,86,2,1405,967,1517,1029,Aug23_1/128-20190820160830-snapshot.jpg
1,1,20190820,160900,85,2,1356,408,1421,485,Aug23_1/128-20190820160900-snapshot.jpg
1,1,20190820,160930,85,2,1551,451,1639,525,Aug23_1/128-20190820160930-snapshot.jpg
1,1,20190820,161530,88,4,403,926,511,1033,Aug23_1/128-20190820161530-snapshot.jpg
1,1,20190820,161900,72,2,0,266,37,339,Aug23_1/128-20190820161900-snapshot.jpg
1,1,20190820,161930,83,2,310,254,390,340,Aug23_1/128-20190820161930-snapshot.jpg
1,1,20190820,162000,88,2,414,836,509,932,Aug23_1/128-20190820162000-snapshot.jpg
1,1,20190820,162030,88,2,737,907,846,969,Aug23_1/128-20190820162030-snapshot.jpg
1,1,20190820,162200,86,2,1582,937,1713,1008,Aug23_1/128-20190820162200-snapshot.jpg
1,1,20190820,162230,86,2,684,817,766,915,Aug23_1/128-20190820162230-snapshot.jpg
1,1,20190820,162330,86,2,0,113,80,202,Aug23_1/128-20190820162330-snapshot.jpg
1,1,20190820,162900,78,2,67,317,142,370,Aug23_1/128-20190820162900-snapshot.jpg
1,1,20190820,163030,74,2,1628,474,1685,537,Aug23_1/128-20190820163030-snapshot.jpg
1,1,20190820,163030,87,3,493,635,585,752,Aug23_1/128-20190820163030-snapshot.jpg
1,1,20190820,163100,76,2,1624,479,1697,524,Aug23_1/128-20190820163100-snapshot.jpg
1,1,20190820,163130,39,2,1615,415,1678,484,Aug23_1/128-20190820163130-snapshot.jpg
1,1,20190820,163530,89,2,1384,328,1490,399,Aug23_1/128-20190820163530-snapshot.jpg
1,1,20190820,163930,84,2,1836,3,1920,94,Aug23_1/128-20190820163930-snapshot.jpg
1,1,20190820,164730,72,2,1589,3,1670,70,Aug23_1/128-20190820164730-snapshot.jpg
1,1,20190820,164800,89,2,1548,373,1615,478,Aug23_1/128-20190820164800-snapshot.jpg
1,1,20190820,164830,87,2,1429,550,1538,625,Aug23_1/128-20190820164830-snapshot.jpg
1,1,20190820,164900,88,2,1481,325,1574,411,Aug23_1/128-20190820164900-snapshot.jpg
1,1,20190820,165000,88,2,270,85,357,148,Aug23_1/128-20190820165000-snapshot.jpg
1,1,20190820,165030,84,2,19,295,120,363,Aug23_1/128-20190820165030-snapshot.jpg
1,1,20190820,165100,87,2,1386,582,1488,665,Aug23_1/128-20190820165100-snapshot.jpg
1,1,20190820,165200,88,4,227,844,321,933,Aug23_1/128-20190820165200-snapshot.jpg
1,1,20190820,165230,47,2,608,972,683,1036,Aug23_1/128-20190820165230-snapshot.jpg
1,1,20190820,165300,88,2,584,936,689,1000,Aug23_1/128-20190820165300-snapshot.jpg
1,1,20190820,165300,90,2,313,984,420,1045,Aug23_1/128-20190820165300-snapshot.jpg
1,1,20190820,165330,82,2,59,459,146,514,Aug23_1/128-20190820165330-snapshot.jpg
1,1,20190820,165430,86,2,242,111,334,169,Aug23_1/128-20190820165430-snapshot.jpg
1,1,20190820,165730,89,2,1504,953,1592,1028,Aug23_1/128-20190820165730-snapshot.jpg
1,1,20190820,170230,78,2,1231,690,1306,768,Aug23_1/128-20190820170230-snapshot.jpg
1,1,20190820,170330,83,2,1205,669,1289,753,Aug23_1/128-20190820170330-snapshot.jpg
1,1,20190820,170430,78,2,436,955,524,1027,Aug23_1/128-20190820170430-snapshot.jpg
1,1,20190820,170430,88,2,175,305,279,370,Aug23_1/128-20190820170430-snapshot.jpg
1,1,20190820,170500,86,2,1348,349,1440,450,Aug23_1/128-20190820170500-snapshot.jpg
1,1,20190820,170530,87,2,649,818,744,917,Aug23_1/128-20190820170530-snapshot.jpg
1,1,20190820,170600,87,2,226,812,325,903,Aug23_1/128-20190820170600-snapshot.jpg
1,1,20190820,170800,88,2,410,818,496,919,Aug23_1/128-20190820170800-snapshot.jpg
1,1,20190820,171030,87,2,251,99,332,170,Aug23_1/128-20190820171030-snapshot.jpg
1,1,20190820,171200,80,4,157,832,278,912,Aug23_1/128-20190820171200-snapshot.jpg
1,1,20190820,171230,88,4,411,700,520,818,Aug23_1/128-20190820171230-snapshot.jpg
1,1,20190820,171600,89,4,1429,323,1536,407,Aug23_1/128-20190820171600-snapshot.jpg
1,1,20190820,171700,84,2,643,885,756,960,Aug23_1/128-20190820171700-snapshot.jpg
1,1,20190820,171700,86,2,341,35,429,106,Aug23_1/128-20190820171700-snapshot.jpg
1,1,20190820,171730,82,2,1624,2,1681,72,Aug23_1/128-20190820171730-snapshot.jpg
1,1,20190820,172230,87,2,760,897,845,977,Aug23_1/128-20190820172230-snapshot.jpg
1,1,20190820,172330,42,3,1762,613,1871,705,Aug23_1/128-20190820172330-snapshot.jpg
1,1,20190820,172330,44,4,1762,613,1871,704,Aug23_1/128-20190820172330-snapshot.jpg
1,1,20190820,172400,88,4,272,26,373,101,Aug23_1/128-20190820172400-snapshot.jpg
1,1,20190820,172530,68,2,72,250,142,297,Aug23_1/128-20190820172530-snapshot.jpg
1,1,20190820,172600,87,2,687,865,771,958,Aug23_1/128-20190820172600-snapshot.jpg
1,1,20190820,172730,88,2,364,897,474,993,Aug23_1/128-20190820172730-snapshot.jpg
1,1,20190820,172800,89,2,505,833,623,920,Aug23_1/128-20190820172800-snapshot.jpg
1,1,20190820,172930,86,2,283,52,355,118,Aug23_1/128-20190820172930-snapshot.jpg
1,1,20190820,173000,80,2,319,278,404,340,Aug23_1/128-20190820173000-snapshot.jpg
1,1,20190820,173300,89,2,1467,391,1572,456,Aug23_1/128-20190820173300-snapshot.jpg
1,1,20190820,173330,87,2,224,79,322,135,Aug23_1/128-20190820173330-snapshot.jpg
1,1,20190820,173330,88,2,1533,397,1642,457,Aug23_1/128-20190820173330-snapshot.jpg
1,1,20190820,173400,82,2,1853,10,1920,102,Aug23_1/128-20190820173400-snapshot.jpg
1,1,20190820,173430,88,2,1431,969,1510,1058,Aug23_1/128-20190820173430-snapshot.jpg
1,1,20190820,173630,84,2,175,96,235,178,Aug23_1/128-20190820173630-snapshot.jpg
1,1,20190820,173700,87,2,575,916,662,998,Aug23_1/128-20190820173700-snapshot.jpg
1,1,20190820,173700,88,4,1722,576,1821,665,Aug23_1/128-20190820173700-snapshot.jpg
1,1,20190820,174130,88,2,1444,340,1529,430,Aug23_1/128-20190820174130-snapshot.jpg
1,1,20190820,174400,86,2,304,53,389,110,Aug23_1/128-20190820174400-snapshot.jpg
1,1,20190820,174600,77,2,1370,589,1465,685,Aug23_1/128-20190820174600-snapshot.jpg
1,1,20190820,174630,87,2,1427,530,1515,584,Aug23_1/128-20190820174630-snapshot.jpg
1,1,20190820,174730,85,2,1210,680,1295,767,Aug23_1/128-20190820174730-snapshot.jpg
1,1,20190820,174730,89,4,298,30,392,123,Aug23_1/128-20190820174730-snapshot.jpg
1,1,20190820,175330,88,4,747,888,857,973,Aug23_1/128-20190820175330-snapshot.jpg
1,1,20190820,175400,88,4,786,821,877,921,Aug23_1/128-20190820175400-snapshot.jpg
1,1,20190820,175430,90,2,795,880,903,955,Aug23_1/128-20190820175430-snapshot.jpg
1,1,20190820,175830,83,2,1704,368,1778,446,Aug23_1/128-20190820175830-snapshot.jpg
1,1,20190820,180000,81,2,42,253,118,310,Aug23_1/128-20190820180000-snapshot.jpg
1,1,20190820,180030,85,2,40,354,126,431,Aug23_1/128-20190820180030-snapshot.jpg
1,1,20190820,180100,86,2,1366,630,1461,722,Aug23_1/128-20190820180100-snapshot.jpg
1,1,20190820,180430,87,3,769,894,878,982,Aug23_1/128-20190820180430-snapshot.jpg
1,1,20190820,180530,84,4,312,43,403,130,Aug23_1/128-20190820180530-snapshot.jpg
1,1,20190820,180800,75,2,65,245,144,299,Aug23_1/128-20190820180800-snapshot.jpg
1,1,20190820,181230,87,2,1519,351,1611,443,Aug23_1/128-20190820181230-snapshot.jpg
1,1,20190820,181430,87,2,1765,626,1855,726,Aug23_1/128-20190820181430-snapshot.jpg
1,1,20190820,181430,88,2,749,867,856,936,Aug23_1/128-20190820181430-snapshot.jpg
1,1,20190820,181500,90,2,309,749,423,822,Aug23_1/128-20190820181500-snapshot.jpg
1,1,20190820,181530,86,2,318,81,384,168,Aug23_1/128-20190820181530-snapshot.jpg
1,1,20190820,181700,78,2,1585,3,1688,56,Aug23_1/128-20190820181700-snapshot.jpg
1,1,20190820,182430,84,2,1840,7,1920,94,Aug23_1/128-20190820182430-snapshot.jpg
1,1,20190820,182430,87,2,312,48,401,109,Aug23_1/128-20190820182430-snapshot.jpg
1,1,20190820,182500,84,2,633,808,706,902,Aug23_1/128-20190820182500-snapshot.jpg
1,1,20190820,182930,83,2,303,62,364,132,Aug23_1/128-20190820182930-snapshot.jpg
1,1,20190820,182930,88,2,1373,418,1487,487,Aug23_1/128-20190820182930-snapshot.jpg
1,1,20190820,183000,75,2,130,218,190,278,Aug23_1/128-20190820183000-snapshot.jpg
1,1,20190820,183030,87,2,1276,201,1372,260,Aug23_1/128-20190820183030-snapshot.jpg
1,1,20190820,183630,89,2,1210,675,1293,761,Aug23_1/128-20190820183630-snapshot.jpg
1,1,20190820,184200,81,2,1349,623,1429,700,Aug23_1/128-20190820184200-snapshot.jpg
1,1,20190820,184330,88,2,275,37,366,99,Aug23_1/128-20190820184330-snapshot.jpg
1,1,20190820,184500,87,4,1661,445,1762,543,Aug23_1/128-20190820184500-snapshot.jpg
1,1,20190820,184530,86,3,544,893,656,979,Aug23_1/128-20190820184530-snapshot.jpg
1,1,20190820,184700,87,2,108,802,200,887,Aug23_1/128-20190820184700-snapshot.jpg
1,1,20190820,185100,84,2,1562,460,1641,539,Aug23_1/128-20190820185100-snapshot.jpg
1,1,20190820,185700,89,2,1481,386,1576,461,Aug23_1/128-20190820185700-snapshot.jpg
1,1,20190820,185830,86,2,298,53,392,114,Aug23_1/128-20190820185830-snapshot.jpg
1,1,20190820,185900,84,2,47,294,111,380,Aug23_1/128-20190820185900-snapshot.jpg
1,1,20190820,190100,88,2,1362,438,1439,539,Aug23_1/128-20190820190100-snapshot.jpg
1,1,20190820,191930,83,2,253,75,323,135,Aug23_1/128-20190820191930-snapshot.jpg
1,1,20190820,192100,87,4,407,929,511,1034,Aug23_1/128-20190820192100-snapshot.jpg
1,1,20190820,192130,89,4,1511,934,1618,1033,Aug23_1/128-20190820192130-snapshot.jpg
1,1,20190820,192200,88,4,1453,332,1558,435,Aug23_1/128-20190820192200-snapshot.jpg
1,1,20190820,192400,89,3,425,755,519,861,Aug23_1/128-20190820192400-snapshot.jpg
1,1,20190820,194230,90,4,104,792,213,877,Aug23_1/128-20190820194230-snapshot.jpg
1,1,20190820,194300,88,4,1576,16,1675,124,Aug23_1/128-20190820194300-snapshot.jpg
1,1,20190820,194330,88,4,1473,944,1576,1044,Aug23_1/128-20190820194330-snapshot.jpg
1,1,20190820,194400,86,4,1439,329,1547,414,Aug23_1/128-20190820194400-snapshot.jpg
1,1,20190820,195030,89,4,1551,416,1643,526,Aug23_1/128-20190820195030-snapshot.jpg
1,1,20190820,200130,86,2,149,87,242,146,Aug23_1/128-20190820200130-snapshot.jpg
1,1,20190820,200200,88,2,211,67,306,130,Aug23_1/128-20190820200200-snapshot.jpg
1,1,20190820,201000,89,4,1548,379,1643,470,Aug23_1/128-20190820201000-snapshot.jpg
1,1,20190820,205930,76,3,1486,720,1603,795,Aug23_1/128-20190820205930-snapshot.jpg
1,1,20190820,210130,53,3,1486,719,1608,796,Aug23_1/128-20190820210130-snapshot.jpg
1,1,20190820,210230,54,2,0,194,58,279,Aug23_1/128-20190820210230-snapshot.jpg
1,1,20190820,210300,53,3,1486,723,1605,796,Aug23_1/128-20190820210300-snapshot.jpg
1,1,20190820,210330,62,3,1486,722,1604,796,Aug23_1/128-20190820210330-snapshot.jpg
1,1,20190820,210400,61,3,1486,722,1604,796,Aug23_1/128-20190820210400-snapshot.jpg
1,1,20190820,210500,53,3,1489,724,1605,795,Aug23_1/128-20190820210500-snapshot.jpg
1,1,20190817,131500,71,2,1436,445,1490,520,Aug23_1/13-20190817131500-snapshot.jpg
1,1,20190817,131830,85,2,1481,517,1537,596,Aug23_1/13-20190817131830-snapshot.jpg
1,1,20190817,131900,83,2,1488,550,1546,630,Aug23_1/13-20190817131900-snapshot.jpg
1,1,20190817,132530,42,2,1536,728,1588,795,Aug23_1/13-20190817132530-snapshot.jpg
1,1,20190817,132730,77,2,1545,729,1615,790,Aug23_1/13-20190817132730-snapshot.jpg
1,1,20190817,132800,34,2,1531,729,1585,786,Aug23_1/13-20190817132800-snapshot.jpg
1,1,20190817,132900,80,2,1553,705,1633,749,Aug23_1/13-20190817132900-snapshot.jpg
1,1,20190817,132930,52,2,1566,707,1647,754,Aug23_1/13-20190817132930-snapshot.jpg
1,1,20190817,133000,41,6,1564,706,1642,752,Aug23_1/13-20190817133000-snapshot.jpg
1,1,20190817,133000,47,2,1563,706,1642,752,Aug23_1/13-20190817133000-snapshot.jpg
1,1,20190817,133030,52,6,1564,705,1642,752,Aug23_1/13-20190817133030-snapshot.jpg
1,1,20190817,133100,68,2,1564,703,1644,753,Aug23_1/13-20190817133100-snapshot.jpg
1,1,20190817,133230,58,2,1559,699,1645,752,Aug23_1/13-20190817133230-snapshot.jpg
1,1,20190817,133300,40,2,1566,700,1645,753,Aug23_1/13-20190817133300-snapshot.jpg
1,1,20190817,133330,74,2,1562,704,1641,753,Aug23_1/13-20190817133330-snapshot.jpg
1,1,20190817,133400,67,6,1561,699,1640,752,Aug23_1/13-20190817133400-snapshot.jpg
1,1,20190817,133430,34,2,1567,705,1645,754,Aug23_1/13-20190817133430-snapshot.jpg
1,1,20190817,133430,56,6,1567,706,1645,755,Aug23_1/13-20190817133430-snapshot.jpg
1,1,20190817,133500,81,2,1559,711,1641,763,Aug23_1/13-20190817133500-snapshot.jpg
1,1,20190817,133530,81,2,1556,706,1638,760,Aug23_1/13-20190817133530-snapshot.jpg
1,1,20190817,133600,75,2,1564,696,1642,749,Aug23_1/13-20190817133600-snapshot.jpg
1,1,20190817,134630,29,2,1556,696,1628,763,Aug23_1/13-20190817134630-snapshot.jpg
1,1,20190817,134700,35,2,1560,691,1622,760,Aug23_1/13-20190817134700-snapshot.jpg
1,1,20190817,134730,63,2,1564,694,1628,763,Aug23_1/13-20190817134730-snapshot.jpg
1,1,20190817,134800,67,2,1572,698,1635,762,Aug23_1/13-20190817134800-snapshot.jpg
1,1,20190817,135330,30,2,1563,690,1616,759,Aug23_1/13-20190817135330-snapshot.jpg
1,1,20190817,135600,57,2,1573,685,1628,756,Aug23_1/13-20190817135600-snapshot.jpg
1,1,20190817,140000,72,2,1487,668,1560,727,Aug23_1/13-20190817140000-snapshot.jpg
1,1,20190817,140030,34,2,1486,677,1565,728,Aug23_1/13-20190817140030-snapshot.jpg
1,1,20190817,140130,40,2,1481,678,1561,728,Aug23_1/13-20190817140130-snapshot.jpg
1,1,20190817,140230,64,2,1483,677,1561,729,Aug23_1/13-20190817140230-snapshot.jpg
1,1,20190817,140300,66,2,1484,678,1560,729,Aug23_1/13-20190817140300-snapshot.jpg
1,1,20190817,140330,66,2,1484,678,1560,728,Aug23_1/13-20190817140330-snapshot.jpg
1,1,20190817,140400,64,2,1483,677,1562,728,Aug23_1/13-20190817140400-snapshot.jpg
1,1,20190817,140430,41,2,1485,678,1562,728,Aug23_1/13-20190817140430-snapshot.jpg
1,1,20190817,140500,53,2,1484,676,1561,728,Aug23_1/13-20190817140500-snapshot.jpg
1,1,20190817,141400,31,2,1538,734,1593,807,Aug23_1/13-20190817141400-snapshot.jpg
1,1,20190817,141730,71,2,1535,740,1588,803,Aug23_1/13-20190817141730-snapshot.jpg
1,1,20190817,141800,76,2,1533,741,1585,801,Aug23_1/13-20190817141800-snapshot.jpg
1,1,20190817,141830,65,2,1535,744,1588,801,Aug23_1/13-20190817141830-snapshot.jpg
1,1,20190817,141900,77,2,1533,741,1587,803,Aug23_1/13-20190817141900-snapshot.jpg
1,1,20190817,141930,76,2,1533,740,1585,802,Aug23_1/13-20190817141930-snapshot.jpg
1,1,20190817,142000,68,2,1536,739,1589,801,Aug23_1/13-20190817142000-snapshot.jpg
1,1,20190817,142030,60,2,1532,737,1586,803,Aug23_1/13-20190817142030-snapshot.jpg
1,1,20190817,142100,64,2,1527,738,1583,804,Aug23_1/13-20190817142100-snapshot.jpg
1,1,20190817,143130,28,2,1580,675,1636,738,Aug23_1/13-20190817143130-snapshot.jpg
1,1,20190817,143200,36,2,1577,670,1633,735,Aug23_1/13-20190817143200-snapshot.jpg
1,1,20190817,143630,71,2,1570,667,1647,734,Aug23_1/13-20190817143630-snapshot.jpg
1,1,20190817,143800,47,2,1572,667,1653,734,Aug23_1/13-20190817143800-snapshot.jpg
1,1,20190817,143830,51,2,1570,666,1649,737,Aug23_1/13-20190817143830-snapshot.jpg
1,1,20190817,144030,26,2,1572,667,1649,733,Aug23_1/13-20190817144030-snapshot.jpg
1,1,20190817,144100,35,2,1570,669,1649,734,Aug23_1/13-20190817144100-snapshot.jpg
1,1,20190817,144600,71,2,1544,694,1629,748,Aug23_1/13-20190817144600-snapshot.jpg
1,1,20190817,144630,26,2,1552,707,1632,755,Aug23_1/13-20190817144630-snapshot.jpg
1,1,20190817,144700,70,2,1540,699,1616,742,Aug23_1/13-20190817144700-snapshot.jpg
1,1,20190817,144730,73,2,1543,704,1622,750,Aug23_1/13-20190817144730-snapshot.jpg
1,1,20190817,144800,82,2,1541,698,1624,753,Aug23_1/13-20190817144800-snapshot.jpg
1,1,20190817,144830,26,6,1550,712,1628,756,Aug23_1/13-20190817144830-snapshot.jpg
1,1,20190817,144830,46,2,1550,712,1628,757,Aug23_1/13-20190817144830-snapshot.jpg
1,1,20190817,144900,80,2,1540,710,1623,763,Aug23_1/13-20190817144900-snapshot.jpg
1,1,20190817,144930,55,2,1549,718,1621,760,Aug23_1/13-20190817144930-snapshot.jpg
1,1,20190817,145000,81,2,1537,702,1617,755,Aug23_1/13-20190817145000-snapshot.jpg
1,1,20190817,145100,84,2,1539,713,1622,767,Aug23_1/13-20190817145100-snapshot.jpg
1,1,20190817,145130,82,2,1543,711,1624,769,Aug23_1/13-20190817145130-snapshot.jpg
1,1,20190817,145200,79,2,1547,721,1617,780,Aug23_1/13-20190817145200-snapshot.jpg
1,1,20190817,145300,67,2,1420,628,1494,686,Aug23_1/13-20190817145300-snapshot.jpg
1,1,20190817,145330,63,2,1393,597,1448,664,Aug23_1/13-20190817145330-snapshot.jpg
1,1,20190817,145830,27,2,1414,555,1473,623,Aug23_1/13-20190817145830-snapshot.jpg
1,1,20190817,150030,54,2,1411,581,1483,633,Aug23_1/13-20190817150030-snapshot.jpg
1,1,20190817,150100,62,2,1408,574,1481,631,Aug23_1/13-20190817150100-snapshot.jpg
1,1,20190817,150230,36,2,1401,582,1480,633,Aug23_1/13-20190817150230-snapshot.jpg
1,1,20190817,150300,75,2,1411,598,1483,646,Aug23_1/13-20190817150300-snapshot.jpg
1,1,20190817,150330,55,2,1397,590,1474,639,Aug23_1/13-20190817150330-snapshot.jpg
1,1,20190817,150430,81,2,1432,589,1485,657,Aug23_1/13-20190817150430-snapshot.jpg
1,1,20190817,161130,80,8,0,663,58,740,Aug23_1/13-20190817161130-snapshot.jpg
1,1,20190817,161800,67,3,554,1011,652,1080,Aug23_1/13-20190817161800-snapshot.jpg
1,1,20190817,165600,84,3,1676,574,1783,693,Aug23_1/13-20190817165600-snapshot.jpg
1,1,20190817,180600,88,3,364,839,467,968,Aug23_1/13-20190817180600-snapshot.jpg
1,1,20190817,180630,76,3,1625,532,1713,630,Aug23_1/13-20190817180630-snapshot.jpg
1,1,20190817,180930,75,3,1703,686,1808,771,Aug23_1/13-20190817180930-snapshot.jpg
1,1,20190817,181830,80,1,1608,619,1666,674,Aug23_1/13-20190817181830-snapshot.jpg
1,1,20190817,182230,81,1,887,213,930,252,Aug23_1/13-20190817182230-snapshot.jpg
1,1,20190817,182630,81,4,1585,751,1675,830,Aug23_1/13-20190817182630-snapshot.jpg
1,1,20190817,182630,84,1,533,689,580,732,Aug23_1/13-20190817182630-snapshot.jpg
1,1,20190817,182700,83,1,407,768,454,810,Aug23_1/13-20190817182700-snapshot.jpg
1,1,20190817,183100,83,1,75,986,124,1029,Aug23_1/13-20190817183100-snapshot.jpg
1,1,20190817,183130,80,1,62,991,107,1030,Aug23_1/13-20190817183130-snapshot.jpg
1,1,20190817,183200,83,1,64,988,110,1028,Aug23_1/13-20190817183200-snapshot.jpg
1,1,20190817,183230,79,1,69,1005,113,1044,Aug23_1/13-20190817183230-snapshot.jpg
1,1,20190817,183300,84,1,64,1005,110,1047,Aug23_1/13-20190817183300-snapshot.jpg
1,1,20190817,183330,73,1,129,1021,171,1057,Aug23_1/13-20190817183330-snapshot.jpg
1,1,20190817,183500,82,1,20,254,67,294,Aug23_1/13-20190817183500-snapshot.jpg
1,1,20190817,185500,85,4,75,756,155,818,Aug23_1/13-20190817185500-snapshot.jpg
1,1,20190817,185700,47,4,0,331,29,403,Aug23_1/13-20190817185700-snapshot.jpg
1,1,20190817,192100,28,1,299,927,348,979,Aug23_1/13-20190817192100-snapshot.jpg
1,1,20190817,192600,85,2,1619,974,1728,1048,Aug23_1/13-20190817192600-snapshot.jpg
1,1,20190817,193300,87,2,1370,449,1443,550,Aug23_1/13-20190817193300-snapshot.jpg
1,1,20190817,193400,88,2,1376,401,1463,495,Aug23_1/13-20190817193400-snapshot.jpg
1,1,20190817,195600,87,2,554,986,639,1073,Aug23_1/13-20190817195600-snapshot.jpg
1,1,20190817,201800,83,2,1664,944,1751,1007,Aug23_1/13-20190817201800-snapshot.jpg
1,1,20190821,054000,71,2,0,199,48,283,Aug23_1/134-20190821054000-snapshot.jpg
1,1,20190821,054300,63,2,0,198,51,281,Aug23_1/135-20190821054300-snapshot.jpg
1,1,20190821,054400,33,2,0,198,53,286,Aug23_1/135-20190821054400-snapshot.jpg
1,1,20190821,054430,38,2,0,199,53,282,Aug23_1/135-20190821054430-snapshot.jpg
1,1,20190821,084900,32,2,329,866,416,926,Aug23_1/149-20190821084900-snapshot.jpg
1,1,20190821,085930,38,2,1476,940,1536,1016,Aug23_1/149-20190821085930-snapshot.jpg
1,1,20190821,094630,84,4,1361,652,1484,744,Aug23_1/149-20190821094630-snapshot.jpg
1,1,20190821,094830,87,4,3,321,97,406,Aug23_1/149-20190821094830-snapshot.jpg
1,1,20190821,095400,66,4,0,216,49,310,Aug23_1/149-20190821095400-snapshot.jpg
1,1,20190821,095800,88,3,1458,285,1572,382,Aug23_1/149-20190821095800-snapshot.jpg
1,1,20190821,095900,83,7,226,17,415,272,Aug23_1/149-20190821095900-snapshot.jpg
1,1,20190821,100200,88,2,1737,578,1838,685,Aug23_1/149-20190821100200-snapshot.jpg
1,1,20190821,100600,87,2,581,935,690,996,Aug23_1/149-20190821100600-snapshot.jpg
1,1,20190821,100630,83,2,47,345,122,429,Aug23_1/149-20190821100630-snapshot.jpg
1,1,20190821,101100,30,2,0,193,55,277,Aug23_1/149-20190821101100-snapshot.jpg
1,1,20190821,102030,80,2,1337,650,1426,712,Aug23_1/149-20190821102030-snapshot.jpg
1,1,20190821,102100,84,2,1218,676,1300,768,Aug23_1/149-20190821102100-snapshot.jpg
1,1,20190821,102100,84,2,1506,890,1599,970,Aug23_1/149-20190821102100-snapshot.jpg
1,1,20190821,102100,88,2,791,882,854,974,Aug23_1/149-20190821102100-snapshot.jpg
1,1,20190821,102130,86,2,399,905,493,1004,Aug23_1/149-20190821102130-snapshot.jpg
1,1,20190821,102230,80,8,865,703,960,766,Aug23_1/149-20190821102230-snapshot.jpg
1,1,20190821,102230,82,2,417,960,511,1020,Aug23_1/149-20190821102230-snapshot.jpg
1,1,20190821,102330,85,2,323,361,407,456,Aug23_1/149-20190821102330-snapshot.jpg
1,1,20190821,102400,81,2,179,121,267,186,Aug23_1/149-20190821102400-snapshot.jpg
1,1,20190821,102630,89,4,1572,368,1682,442,Aug23_1/149-20190821102630-snapshot.jpg
1,1,20190821,102800,37,2,44,252,130,314,Aug23_1/149-20190821102800-snapshot.jpg
1,1,20190821,102830,70,2,300,47,373,120,Aug23_1/149-20190821102830-snapshot.jpg
1,1,20190821,104030,80,4,477,963,581,1059,Aug23_1/149-20190821104030-snapshot.jpg
1,1,20190821,104430,89,2,1441,366,1536,458,Aug23_1/149-20190821104430-snapshot.jpg
1,1,20190821,104530,80,2,1511,915,1614,982,Aug23_1/149-20190821104530-snapshot.jpg
1,1,20190821,104600,89,2,1641,64,1735,140,Aug23_1/149-20190821104600-snapshot.jpg
1,1,20190821,110300,86,2,1491,405,1584,490,Aug23_1/149-20190821110300-snapshot.jpg
1,1,20190821,110300,88,4,1407,608,1504,702,Aug23_1/149-20190821110300-snapshot.jpg
1,1,20190821,110430,85,4,495,977,600,1073,Aug23_1/149-20190821110430-snapshot.jpg
1,1,20190821,110630,88,2,422,89,529,151,Aug23_1/149-20190821110630-snapshot.jpg
1,1,20190821,110830,83,2,299,19,381,94,Aug23_1/149-20190821110830-snapshot.jpg
1,1,20190821,110900,79,2,130,145,213,211,Aug23_1/149-20190821110900-snapshot.jpg
1,1,20190821,111530,88,4,1548,894,1657,981,Aug23_1/149-20190821111530-snapshot.jpg
1,1,20190821,111800,39,2,1859,1,1919,51,Aug23_1/149-20190821111800-snapshot.jpg
1,1,20190821,111830,88,2,1526,372,1627,448,Aug23_1/149-20190821111830-snapshot.jpg
1,1,20190821,111900,87,2,266,93,326,182,Aug23_1/149-20190821111900-snapshot.jpg
1,1,20190821,112830,85,3,1701,403,1812,534,Aug23_1/149-20190821112830-snapshot.jpg
1,1,20190821,112930,70,3,0,377,49,492,Aug23_1/149-20190821112930-snapshot.jpg
1,1,20190821,112930,87,2,1615,2,1719,79,Aug23_1/149-20190821112930-snapshot.jpg
1,1,20190821,113630,88,4,644,837,771,940,Aug23_1/149-20190821113630-snapshot.jpg
1,1,20190821,114030,90,4,735,834,842,935,Aug23_1/149-20190821114030-snapshot.jpg
1,1,20190821,114130,83,2,95,287,196,353,Aug23_1/149-20190821114130-snapshot.jpg
1,1,20190821,115030,88,2,1399,977,1500,1043,Aug23_1/149-20190821115030-snapshot.jpg
1,1,20190821,115100,89,2,785,901,888,982,Aug23_1/149-20190821115100-snapshot.jpg
1,1,20190821,115500,87,2,389,208,454,294,Aug23_1/149-20190821115500-snapshot.jpg
1,1,20190821,115600,86,2,281,41,371,99,Aug23_1/149-20190821115600-snapshot.jpg
1,1,20190821,115630,88,2,621,894,734,960,Aug23_1/149-20190821115630-snapshot.jpg
1,1,20190821,120600,85,2,1517,806,1617,873,Aug23_1/149-20190821120600-snapshot.jpg
1,1,20190821,121100,88,2,1365,426,1466,491,Aug23_1/149-20190821121100-snapshot.jpg
1,1,20190821,121130,87,2,1613,661,1727,726,Aug23_1/149-20190821121130-snapshot.jpg
1,1,20190821,121200,86,2,757,923,855,983,Aug23_1/149-20190821121200-snapshot.jpg
1,1,20190821,122230,87,2,1613,18,1728,83,Aug23_1/149-20190821122230-snapshot.jpg
1,1,20190821,122330,85,8,84,29,179,93,Aug23_1/149-20190821122330-snapshot.jpg
1,1,20190821,122830,85,4,1229,693,1312,765,Aug23_1/149-20190821122830-snapshot.jpg
1,1,20190821,122900,85,2,340,44,424,101,Aug23_1/149-20190821122900-snapshot.jpg
1,1,20190821,122900,88,4,209,843,302,908,Aug23_1/149-20190821122900-snapshot.jpg
1,1,20190821,122900,89,4,1373,328,1478,433,Aug23_1/149-20190821122900-snapshot.jpg
1,1,20190821,122930,79,2,92,328,158,412,Aug23_1/149-20190821122930-snapshot.jpg
1,1,20190821,123000,82,2,164,219,228,298,Aug23_1/149-20190821123000-snapshot.jpg
1,1,20190821,123030,83,2,288,40,380,95,Aug23_1/149-20190821123030-snapshot.jpg
1,1,20190821,123430,84,2,1408,1034,1499,1079,Aug23_1/149-20190821123430-snapshot.jpg
1,1,20190821,123500,46,2,1422,1041,1479,1079,Aug23_1/149-20190821123500-snapshot.jpg
1,1,20190821,123530,45,2,1529,374,1583,424,Aug23_1/149-20190821123530-snapshot.jpg
1,1,20190821,124030,86,2,1307,582,1395,664,Aug23_1/149-20190821124030-snapshot.jpg
1,1,20190821,124700,87,2,347,888,451,979,Aug23_1/149-20190821124700-snapshot.jpg
1,1,20190821,124730,86,2,679,901,770,995,Aug23_1/149-20190821124730-snapshot.jpg
1,1,20190821,124800,80,2,318,52,375,117,Aug23_1/149-20190821124800-snapshot.jpg
1,1,20190821,125330,86,2,1743,363,1849,431,Aug23_1/149-20190821125330-snapshot.jpg
1,1,20190821,125400,88,2,712,846,823,927,Aug23_1/149-20190821125400-snapshot.jpg
1,1,20190821,125500,88,4,1493,420,1610,505,Aug23_1/149-20190821125500-snapshot.jpg
1,1,20190821,125530,62,2,323,980,384,1045,Aug23_1/149-20190821125530-snapshot.jpg
1,1,20190821,125630,88,2,1680,300,1763,387,Aug23_1/149-20190821125630-snapshot.jpg
1,1,20190821,125700,87,2,1676,667,1798,738,Aug23_1/149-20190821125700-snapshot.jpg
1,1,20190821,125730,87,2,638,854,715,951,Aug23_1/149-20190821125730-snapshot.jpg
1,1,20190821,125800,78,2,152,342,244,401,Aug23_1/149-20190821125800-snapshot.jpg
1,1,20190821,125800,89,2,1597,414,1701,506,Aug23_1/149-20190821125800-snapshot.jpg
1,1,20190821,130530,87,2,300,53,394,126,Aug23_1/149-20190821130530-snapshot.jpg
1,1,20190821,130600,89,3,431,838,564,923,Aug23_1/149-20190821130600-snapshot.jpg
1,1,20190821,130700,87,2,1348,581,1462,656,Aug23_1/149-20190821130700-snapshot.jpg
1,1,20190821,131200,85,2,99,818,188,903,Aug23_1/149-20190821131200-snapshot.jpg
1,1,20190821,131200,89,2,1539,360,1642,434,Aug23_1/149-20190821131200-snapshot.jpg
1,1,20190821,131600,86,2,136,172,204,252,Aug23_1/149-20190821131600-snapshot.jpg
1,1,20190821,131630,84,2,52,348,146,401,Aug23_1/149-20190821131630-snapshot.jpg
1,1,20190821,131900,87,4,1405,449,1516,540,Aug23_1/149-20190821131900-snapshot.jpg
1,1,20190821,133230,90,2,1379,381,1462,475,Aug23_1/149-20190821133230-snapshot.jpg
1,1,20190821,133400,90,2,1523,350,1635,430,Aug23_1/149-20190821133400-snapshot.jpg
1,1,20190821,133530,84,2,355,693,455,751,Aug23_1/149-20190821133530-snapshot.jpg
1,1,20190821,133900,86,3,82,162,193,250,Aug23_1/149-20190821133900-snapshot.jpg
1,1,20190821,133900,86,2,1535,786,1638,862,Aug23_1/149-20190821133900-snapshot.jpg
1,1,20190821,133900,87,2,454,665,528,757,Aug23_1/149-20190821133900-snapshot.jpg
1,1,20190821,133930,85,2,134,329,222,400,Aug23_1/149-20190821133930-snapshot.jpg
1,1,20190821,134030,87,2,1587,425,1652,527,Aug23_1/149-20190821134030-snapshot.jpg
1,1,20190821,134200,86,2,1444,103,1533,193,Aug23_1/149-20190821134200-snapshot.jpg
1,1,20190821,134430,88,2,1579,387,1700,456,Aug23_1/149-20190821134430-snapshot.jpg
1,1,20190821,134930,86,2,258,82,320,164,Aug23_1/149-20190821134930-snapshot.jpg
1,1,20190821,135000,89,2,359,968,466,1039,Aug23_1/149-20190821135000-snapshot.jpg
1,1,20190821,135200,71,2,152,246,227,336,Aug23_1/149-20190821135200-snapshot.jpg
1,1,20190821,135200,87,4,222,799,325,888,Aug23_1/149-20190821135200-snapshot.jpg
1,1,20190821,135400,88,2,1560,416,1627,516,Aug23_1/149-20190821135400-snapshot.jpg
1,1,20190821,140330,88,2,1339,543,1429,636,Aug23_1/149-20190821140330-snapshot.jpg
1,1,20190821,140630,89,2,790,844,905,919,Aug23_1/149-20190821140630-snapshot.jpg
1,1,20190821,140700,86,2,38,281,123,362,Aug23_1/149-20190821140700-snapshot.jpg
1,1,20190821,140830,91,2,670,896,784,966,Aug23_1/149-20190821140830-snapshot.jpg
1,1,20190821,140900,84,2,236,862,307,943,Aug23_1/149-20190821140900-snapshot.jpg
1,1,20190821,141200,89,2,1507,344,1607,439,Aug23_1/149-20190821141200-snapshot.jpg
1,1,20190821,141230,87,2,1468,945,1557,1014,Aug23_1/149-20190821141230-snapshot.jpg
1,1,20190821,141300,87,2,376,849,462,945,Aug23_1/149-20190821141300-snapshot.jpg
1,1,20190821,141330,87,2,1331,537,1402,627,Aug23_1/149-20190821141330-snapshot.jpg
1,1,20190821,141400,85,2,1510,437,1614,504,Aug23_1/149-20190821141400-snapshot.jpg
1,1,20190821,141500,85,2,1509,1005,1571,1078,Aug23_1/149-20190821141500-snapshot.jpg
1,1,20190821,141600,70,2,412,959,505,1027,Aug23_1/149-20190821141600-snapshot.jpg
1,1,20190821,141730,86,2,79,273,173,358,Aug23_1/149-20190821141730-snapshot.jpg
1,1,20190821,142130,89,2,1335,574,1414,663,Aug23_1/149-20190821142130-snapshot.jpg
1,1,20190821,142230,81,4,1850,2,1920,107,Aug23_1/149-20190821142230-snapshot.jpg
1,1,20190821,142430,87,2,140,166,206,250,Aug23_1/149-20190821142430-snapshot.jpg
1,1,20190821,142600,88,2,701,875,810,950,Aug23_1/149-20190821142600-snapshot.jpg
1,1,20190821,142630,85,2,1487,545,1569,637,Aug23_1/149-20190821142630-snapshot.jpg
1,1,20190821,142700,87,2,268,37,359,105,Aug23_1/149-20190821142700-snapshot.jpg
1,1,20190821,142830,80,2,1347,647,1436,717,Aug23_1/149-20190821142830-snapshot.jpg
1,1,20190821,142930,87,2,372,709,472,794,Aug23_1/149-20190821142930-snapshot.jpg
1,1,20190821,143100,84,2,452,623,514,711,Aug23_1/149-20190821143100-snapshot.jpg
1,1,20190821,143200,85,2,285,71,369,125,Aug23_1/149-20190821143200-snapshot.jpg
1,1,20190821,143230,85,2,500,968,591,1044,Aug23_1/149-20190821143230-snapshot.jpg
1,1,20190821,143230,86,4,8,310,96,400,Aug23_1/149-20190821143230-snapshot.jpg
1,1,20190821,143430,83,2,211,864,304,943,Aug23_1/149-20190821143430-snapshot.jpg
1,1,20190821,143500,88,2,539,695,612,796,Aug23_1/149-20190821143500-snapshot.jpg
1,1,20190821,144030,89,2,1513,403,1603,494,Aug23_1/149-20190821144030-snapshot.jpg
1,1,20190821,144300,89,2,1607,417,1700,511,Aug23_1/149-20190821144300-snapshot.jpg
1,1,20190821,144330,86,2,1656,656,1722,755,Aug23_1/149-20190821144330-snapshot.jpg
1,1,20190821,144400,88,2,1373,399,1471,488,Aug23_1/149-20190821144400-snapshot.jpg
1,1,20190821,144530,84,2,112,335,206,397,Aug23_1/149-20190821144530-snapshot.jpg
1,1,20190821,144700,87,2,101,222,206,285,Aug23_1/149-20190821144700-snapshot.jpg
1,1,20190821,144700,88,2,255,64,343,133,Aug23_1/149-20190821144700-snapshot.jpg
1,1,20190821,144730,83,2,310,965,397,1041,Aug23_1/149-20190821144730-snapshot.jpg
1,1,20190821,144730,88,2,351,98,416,194,Aug23_1/149-20190821144730-snapshot.jpg
1,1,20190821,145030,87,2,652,834,768,905,Aug23_1/149-20190821145030-snapshot.jpg
1,1,20190821,145100,89,4,360,866,467,975,Aug23_1/149-20190821145100-snapshot.jpg
1,1,20190821,145130,88,2,1286,629,1380,719,Aug23_1/149-20190821145130-snapshot.jpg
1,1,20190821,145400,86,2,1547,782,1662,857,Aug23_1/149-20190821145400-snapshot.jpg
1,1,20190821,145530,86,2,676,802,780,877,Aug23_1/149-20190821145530-snapshot.jpg
1,1,20190821,145530,89,2,1719,367,1819,439,Aug23_1/149-20190821145530-snapshot.jpg
1,1,20190821,145630,84,1,1733,31,1779,71,Aug23_1/149-20190821145630-snapshot.jpg
1,1,20190821,145730,75,2,314,55,379,108,Aug23_1/149-20190821145730-snapshot.jpg
1,1,20190821,150200,87,2,58,215,150,281,Aug23_1/149-20190821150200-snapshot.jpg
1,1,20190821,150300,87,2,1597,11,1709,75,Aug23_1/149-20190821150300-snapshot.jpg
1,1,20190821,150330,87,2,795,845,863,944,Aug23_1/149-20190821150330-snapshot.jpg
1,1,20190821,150600,88,2,631,873,731,975,Aug23_1/149-20190821150600-snapshot.jpg
1,1,20190821,150800,86,2,397,721,473,812,Aug23_1/149-20190821150800-snapshot.jpg
1,1,20190821,150900,87,2,1641,11,1754,68,Aug23_1/149-20190821150900-snapshot.jpg
1,1,20190821,150930,84,2,405,922,505,1016,Aug23_1/149-20190821150930-snapshot.jpg
1,1,20190821,151000,84,2,334,36,405,98,Aug23_1/149-20190821151000-snapshot.jpg
1,1,20190821,151200,28,2,1593,435,1642,500,Aug23_1/149-20190821151200-snapshot.jpg
1,1,20190821,151230,38,2,1521,442,1570,502,Aug23_1/149-20190821151230-snapshot.jpg
1,1,20190821,151300,75,2,692,888,799,958,Aug23_1/149-20190821151300-snapshot.jpg
1,1,20190821,151300,88,2,1402,370,1518,444,Aug23_1/149-20190821151300-snapshot.jpg
1,1,20190821,151330,84,2,101,339,192,394,Aug23_1/149-20190821151330-snapshot.jpg
1,1,20190821,151530,85,2,325,744,417,835,Aug23_1/149-20190821151530-snapshot.jpg
1,1,20190821,151630,87,2,1418,968,1528,1027,Aug23_1/149-20190821151630-snapshot.jpg
1,1,20190821,151700,90,2,1350,580,1447,673,Aug23_1/149-20190821151700-snapshot.jpg
1,1,20190821,151730,71,2,54,454,125,511,Aug23_1/149-20190821151730-snapshot.jpg
1,1,20190821,152030,89,3,1433,923,1554,1029,Aug23_1/149-20190821152030-snapshot.jpg
1,1,20190821,152030,89,2,1359,363,1437,461,Aug23_1/149-20190821152030-snapshot.jpg
1,1,20190821,152130,87,2,145,164,209,242,Aug23_1/149-20190821152130-snapshot.jpg
1,1,20190821,152200,87,2,311,47,395,110,Aug23_1/149-20190821152200-snapshot.jpg
1,1,20190821,152230,87,2,1514,376,1600,471,Aug23_1/149-20190821152230-snapshot.jpg
1,1,20190821,152300,84,2,305,5,371,80,Aug23_1/149-20190821152300-snapshot.jpg
1,1,20190821,152300,85,2,620,905,725,985,Aug23_1/149-20190821152300-snapshot.jpg
1,1,20190821,152300,88,2,1534,343,1630,429,Aug23_1/149-20190821152300-snapshot.jpg
1,1,20190821,152330,81,2,464,1018,529,1078,Aug23_1/149-20190821152330-snapshot.jpg
1,1,20190821,152400,88,2,1410,608,1518,684,Aug23_1/149-20190821152400-snapshot.jpg
1,1,20190821,152430,90,2,1351,564,1442,666,Aug23_1/149-20190821152430-snapshot.jpg
1,1,20190821,152600,85,2,177,77,258,147,Aug23_1/149-20190821152600-snapshot.jpg
1,1,20190821,152700,76,2,1826,99,1917,209,Aug23_1/149-20190821152700-snapshot.jpg
1,1,20190821,152900,59,2,0,892,58,980,Aug23_1/149-20190821152900-snapshot.jpg
1,1,20190821,153030,86,2,1612,20,1710,78,Aug23_1/149-20190821153030-snapshot.jpg
1,1,20190821,153300,85,2,312,35,405,95,Aug23_1/149-20190821153300-snapshot.jpg
1,1,20190821,153400,84,2,535,861,614,951,Aug23_1/149-20190821153400-snapshot.jpg
1,1,20190821,153500,85,2,1605,443,1687,497,Aug23_1/149-20190821153500-snapshot.jpg
1,1,20190821,153600,88,2,629,790,740,860,Aug23_1/149-20190821153600-snapshot.jpg
1,1,20190821,153800,84,2,1535,346,1593,416,Aug23_1/149-20190821153800-snapshot.jpg
1,1,20190821,153930,67,2,236,114,313,178,Aug23_1/149-20190821153930-snapshot.jpg
1,1,20190821,154000,78,2,308,264,390,348,Aug23_1/149-20190821154000-snapshot.jpg
1,1,20190821,154000,86,2,1630,407,1717,466,Aug23_1/149-20190821154000-snapshot.jpg
1,1,20190821,154030,83,2,136,214,220,270,Aug23_1/149-20190821154030-snapshot.jpg
1,1,20190821,154030,85,2,1327,527,1407,613,Aug23_1/149-20190821154030-snapshot.jpg
1,1,20190821,154100,88,2,348,63,442,119,Aug23_1/149-20190821154100-snapshot.jpg
1,1,20190821,154200,89,2,537,910,639,979,Aug23_1/149-20190821154200-snapshot.jpg
1,1,20190821,154230,26,2,18,246,102,322,Aug23_1/149-20190821154230-snapshot.jpg
1,1,20190821,154230,82,2,162,811,229,887,Aug23_1/149-20190821154230-snapshot.jpg
1,1,20190821,154500,87,2,455,668,525,754,Aug23_1/149-20190821154500-snapshot.jpg
1,1,20190821,154630,89,2,1452,613,1562,678,Aug23_1/149-20190821154630-snapshot.jpg
1,1,20190821,154830,25,2,1544,398,1635,470,Aug23_1/149-20190821154830-snapshot.jpg
1,1,20190821,154830,89,2,1502,384,1584,486,Aug23_1/149-20190821154830-snapshot.jpg
1,1,20190821,154900,85,2,281,67,356,133,Aug23_1/149-20190821154900-snapshot.jpg
1,1,20190821,155500,26,4,38,383,121,435,Aug23_1/149-20190821155500-snapshot.jpg
1,1,20190821,155500,87,2,489,756,555,839,Aug23_1/149-20190821155500-snapshot.jpg
1,1,20190821,155530,89,2,666,896,763,982,Aug23_1/149-20190821155530-snapshot.jpg
1,1,20190821,155600,87,2,569,939,658,1030,Aug23_1/149-20190821155600-snapshot.jpg
1,1,20190821,155630,87,2,463,751,570,814,Aug23_1/149-20190821155630-snapshot.jpg
1,1,20190821,155630,88,2,1565,18,1674,93,Aug23_1/149-20190821155630-snapshot.jpg
1,1,20190821,155700,88,4,1392,973,1494,1049,Aug23_1/149-20190821155700-snapshot.jpg
1,1,20190821,155700,88,2,228,91,319,160,Aug23_1/149-20190821155700-snapshot.jpg
1,1,20190821,155800,90,2,278,55,365,106,Aug23_1/149-20190821155800-snapshot.jpg
1,1,20190821,155830,87,2,511,923,614,996,Aug23_1/149-20190821155830-snapshot.jpg
1,1,20190821,155930,83,2,1438,964,1535,1026,Aug23_1/149-20190821155930-snapshot.jpg
1,1,20190821,160330,88,4,632,847,739,969,Aug23_1/149-20190821160330-snapshot.jpg
1,1,20190821,160530,62,2,1870,182,1920,259,Aug23_1/149-20190821160530-snapshot.jpg
1,1,20190821,160600,86,2,1527,339,1628,410,Aug23_1/149-20190821160600-snapshot.jpg
1,1,20190821,160630,76,2,0,232,34,311,Aug23_1/149-20190821160630-snapshot.jpg
1,1,20190821,160700,83,2,294,78,361,153,Aug23_1/149-20190821160700-snapshot.jpg
1,1,20190821,160730,89,4,853,876,952,950,Aug23_1/149-20190821160730-snapshot.jpg
1,1,20190821,160830,85,2,104,274,187,354,Aug23_1/149-20190821160830-snapshot.jpg
1,1,20190821,161430,32,8,1666,348,1726,403,Aug23_1/149-20190821161430-snapshot.jpg
1,1,20190821,161800,87,2,1487,963,1572,1054,Aug23_1/149-20190821161800-snapshot.jpg
1,1,20190821,161830,74,2,554,816,643,887,Aug23_1/149-20190821161830-snapshot.jpg
1,1,20190821,161900,83,2,40,395,99,467,Aug23_1/149-20190821161900-snapshot.jpg
1,1,20190821,162000,89,2,1358,513,1448,605,Aug23_1/149-20190821162000-snapshot.jpg
1,1,20190821,162230,88,2,427,636,519,696,Aug23_1/149-20190821162230-snapshot.jpg
1,1,20190821,162300,75,2,159,215,248,270,Aug23_1/149-20190821162300-snapshot.jpg
1,1,20190821,162300,89,2,407,717,515,782,Aug23_1/149-20190821162300-snapshot.jpg
1,1,20190821,162330,80,2,1615,336,1695,413,Aug23_1/149-20190821162330-snapshot.jpg
1,1,20190821,162330,81,2,1574,493,1629,574,Aug23_1/149-20190821162330-snapshot.jpg
1,1,20190821,162330,86,2,275,44,357,115,Aug23_1/149-20190821162330-snapshot.jpg
1,1,20190821,162400,86,2,223,820,310,901,Aug23_1/149-20190821162400-snapshot.jpg
1,1,20190821,162400,87,2,1503,325,1561,409,Aug23_1/149-20190821162400-snapshot.jpg
1,1,20190821,162400,88,2,1394,335,1503,404,Aug23_1/149-20190821162400-snapshot.jpg
1,1,20190821,162530,88,2,582,888,685,956,Aug23_1/149-20190821162530-snapshot.jpg
1,1,20190821,162600,82,2,1669,6,1768,64,Aug23_1/149-20190821162600-snapshot.jpg
1,1,20190821,162630,87,2,763,864,849,925,Aug23_1/149-20190821162630-snapshot.jpg
1,1,20190821,162830,85,2,289,60,371,143,Aug23_1/149-20190821162830-snapshot.jpg
1,1,20190821,163000,90,2,1381,374,1465,475,Aug23_1/149-20190821163000-snapshot.jpg
1,1,20190821,163030,79,2,1647,702,1731,778,Aug23_1/149-20190821163030-snapshot.jpg
1,1,20190821,163130,88,2,1492,344,1587,411,Aug23_1/149-20190821163130-snapshot.jpg
1,1,20190821,163300,87,2,1670,463,1737,557,Aug23_1/149-20190821163300-snapshot.jpg
1,1,20190821,163330,86,2,1649,749,1741,833,Aug23_1/149-20190821163330-snapshot.jpg
1,1,20190821,163630,85,2,664,809,734,904,Aug23_1/149-20190821163630-snapshot.jpg
1,1,20190821,163700,89,2,1508,342,1603,431,Aug23_1/149-20190821163700-snapshot.jpg
1,1,20190821,163800,82,2,1353,377,1432,470,Aug23_1/149-20190821163800-snapshot.jpg
1,1,20190821,163830,84,2,77,750,166,820,Aug23_1/149-20190821163830-snapshot.jpg
1,1,20190821,164430,88,2,1265,622,1361,712,Aug23_1/149-20190821164430-snapshot.jpg
1,1,20190821,164530,80,2,520,915,611,974,Aug23_1/149-20190821164530-snapshot.jpg
1,1,20190821,164530,88,2,1577,14,1682,95,Aug23_1/149-20190821164530-snapshot.jpg
1,1,20190821,164600,90,2,449,679,549,772,Aug23_1/149-20190821164600-snapshot.jpg
1,1,20190821,164630,82,2,516,540,589,618,Aug23_1/149-20190821164630-snapshot.jpg
1,1,20190821,164830,85,2,122,217,215,271,Aug23_1/149-20190821164830-snapshot.jpg
1,1,20190821,164830,87,2,1395,989,1474,1069,Aug23_1/149-20190821164830-snapshot.jpg
1,1,20190821,164900,81,2,151,218,230,291,Aug23_1/149-20190821164900-snapshot.jpg
1,1,20190821,164930,86,2,248,91,335,149,Aug23_1/149-20190821164930-snapshot.jpg
1,1,20190821,164930,87,2,1573,434,1681,499,Aug23_1/149-20190821164930-snapshot.jpg
1,1,20190821,165000,85,2,1313,507,1418,574,Aug23_1/149-20190821165000-snapshot.jpg
1,1,20190821,165030,91,2,565,902,672,976,Aug23_1/149-20190821165030-snapshot.jpg
1,1,20190821,165100,64,2,546,980,638,1057,Aug23_1/149-20190821165100-snapshot.jpg
1,1,20190821,165400,77,2,220,859,312,936,Aug23_1/149-20190821165400-snapshot.jpg
1,1,20190821,165430,88,2,702,726,804,823,Aug23_1/149-20190821165430-snapshot.jpg
1,1,20190821,165500,88,2,134,290,226,363,Aug23_1/149-20190821165500-snapshot.jpg
1,1,20190821,165500,89,2,783,863,869,950,Aug23_1/149-20190821165500-snapshot.jpg
1,1,20190821,165530,87,2,420,916,521,1001,Aug23_1/149-20190821165530-snapshot.jpg
1,1,20190821,165600,89,2,1583,414,1667,494,Aug23_1/149-20190821165600-snapshot.jpg
1,1,20190821,170100,87,2,429,693,515,790,Aug23_1/149-20190821170100-snapshot.jpg
1,1,20190821,170330,84,2,1621,433,1690,516,Aug23_1/149-20190821170330-snapshot.jpg
1,1,20190821,170430,84,2,246,53,331,132,Aug23_1/149-20190821170430-snapshot.jpg
1,1,20190821,170800,87,2,1751,354,1831,442,Aug23_1/149-20190821170800-snapshot.jpg
1,1,20190821,170830,83,2,244,57,325,127,Aug23_1/149-20190821170830-snapshot.jpg
1,1,20190821,171030,78,2,100,738,184,791,Aug23_1/149-20190821171030-snapshot.jpg
1,1,20190821,171030,84,2,310,42,389,106,Aug23_1/149-20190821171030-snapshot.jpg
1,1,20190821,171030,85,2,1480,435,1580,510,Aug23_1/149-20190821171030-snapshot.jpg
1,1,20190821,171230,79,4,1268,556,1369,670,Aug23_1/149-20190821171230-snapshot.jpg
1,1,20190821,171230,85,2,120,823,221,889,Aug23_1/149-20190821171230-snapshot.jpg
1,1,20190821,171300,82,1,1145,992,1187,1028,Aug23_1/149-20190821171300-snapshot.jpg
1,1,20190821,171300,90,2,562,885,674,956,Aug23_1/149-20190821171300-snapshot.jpg
1,1,20190821,171330,88,2,1371,628,1462,720,Aug23_1/149-20190821171330-snapshot.jpg
1,1,20190821,171530,88,2,1566,390,1668,471,Aug23_1/149-20190821171530-snapshot.jpg
1,1,20190821,171900,84,2,1550,882,1663,946,Aug23_1/149-20190821171900-snapshot.jpg
1,1,20190821,171930,68,2,1502,865,1598,942,Aug23_1/149-20190821171930-snapshot.jpg
1,1,20190821,172230,87,2,752,872,841,962,Aug23_1/149-20190821172230-snapshot.jpg
1,1,20190821,172500,77,2,175,117,253,195,Aug23_1/149-20190821172500-snapshot.jpg
1,1,20190821,172530,78,2,480,775,539,841,Aug23_1/149-20190821172530-snapshot.jpg
1,1,20190821,172600,87,2,411,835,494,923,Aug23_1/149-20190821172600-snapshot.jpg
1,1,20190821,172800,83,2,73,327,162,394,Aug23_1/149-20190821172800-snapshot.jpg
1,1,20190821,172830,88,2,513,851,631,925,Aug23_1/149-20190821172830-snapshot.jpg
1,1,20190821,172930,86,2,1317,515,1392,606,Aug23_1/149-20190821172930-snapshot.jpg
1,1,20190821,173000,88,2,1558,419,1660,485,Aug23_1/149-20190821173000-snapshot.jpg
1,1,20190821,173330,87,2,1625,933,1734,998,Aug23_1/149-20190821173330-snapshot.jpg
1,1,20190821,173400,87,2,1542,345,1651,407,Aug23_1/149-20190821173400-snapshot.jpg
1,1,20190821,173430,88,2,721,869,833,931,Aug23_1/149-20190821173430-snapshot.jpg
1,1,20190821,173500,87,2,148,781,252,833,Aug23_1/149-20190821173500-snapshot.jpg
1,1,20190821,173600,87,2,186,65,268,144,Aug23_1/149-20190821173600-snapshot.jpg
1,1,20190821,173730,87,2,306,756,402,830,Aug23_1/149-20190821173730-snapshot.jpg
1,1,20190821,173830,89,2,674,860,786,935,Aug23_1/149-20190821173830-snapshot.jpg
1,1,20190821,173930,81,2,1878,75,1920,166,Aug23_1/149-20190821173930-snapshot.jpg
1,1,20190821,174130,86,2,383,868,478,965,Aug23_1/149-20190821174130-snapshot.jpg
1,1,20190821,174200,81,2,1442,460,1531,522,Aug23_1/149-20190821174200-snapshot.jpg
1,1,20190821,174400,85,2,411,156,469,230,Aug23_1/149-20190821174400-snapshot.jpg
1,1,20190821,175000,82,2,1222,694,1316,774,Aug23_1/149-20190821175000-snapshot.jpg
1,1,20190821,175000,85,2,329,26,411,103,Aug23_1/149-20190821175000-snapshot.jpg
1,1,20190821,175000,88,2,180,117,264,186,Aug23_1/149-20190821175000-snapshot.jpg
1,1,20190821,175100,88,2,1543,355,1650,426,Aug23_1/149-20190821175100-snapshot.jpg
1,1,20190821,175300,89,2,1645,35,1746,96,Aug23_1/149-20190821175300-snapshot.jpg
1,1,20190821,175330,88,2,1318,496,1412,577,Aug23_1/149-20190821175330-snapshot.jpg
1,1,20190821,175400,87,2,1375,422,1440,518,Aug23_1/149-20190821175400-snapshot.jpg
1,1,20190821,180000,48,2,1546,352,1598,411,Aug23_1/149-20190821180000-snapshot.jpg
1,1,20190821,180000,63,2,400,779,451,843,Aug23_1/149-20190821180000-snapshot.jpg
1,1,20190821,180030,85,2,170,101,231,184,Aug23_1/149-20190821180030-snapshot.jpg
1,1,20190821,180030,88,2,310,132,400,224,Aug23_1/149-20190821180030-snapshot.jpg
1,1,20190821,180130,87,2,445,692,533,796,Aug23_1/149-20190821180130-snapshot.jpg
1,1,20190821,180200,79,2,545,525,612,585,Aug23_1/149-20190821180200-snapshot.jpg
1,1,20190821,180200,86,2,161,228,254,286,Aug23_1/149-20190821180200-snapshot.jpg
1,1,20190821,180230,61,2,470,958,564,1022,Aug23_1/149-20190821180230-snapshot.jpg
1,1,20190821,180230,86,2,645,789,757,860,Aug23_1/149-20190821180230-snapshot.jpg
1,1,20190821,180300,87,2,132,779,231,852,Aug23_1/149-20190821180300-snapshot.jpg
1,1,20190821,180330,82,2,66,214,159,279,Aug23_1/149-20190821180330-snapshot.jpg
1,1,20190821,180430,87,2,811,829,904,932,Aug23_1/149-20190821180430-snapshot.jpg
1,1,20190821,181000,82,2,1852,5,1917,85,Aug23_1/149-20190821181000-snapshot.jpg
1,1,20190821,181300,88,2,1657,640,1772,711,Aug23_1/149-20190821181300-snapshot.jpg
1,1,20190821,181530,88,2,1464,316,1554,395,Aug23_1/149-20190821181530-snapshot.jpg
1,1,20190821,181600,88,2,1566,453,1635,559,Aug23_1/149-20190821181600-snapshot.jpg
1,1,20190821,181630,87,2,1358,530,1425,632,Aug23_1/149-20190821181630-snapshot.jpg
1,1,20190821,181700,82,2,526,915,609,990,Aug23_1/149-20190821181700-snapshot.jpg
1,1,20190821,181830,78,2,328,23,390,76,Aug23_1/149-20190821181830-snapshot.jpg
1,1,20190821,181830,89,2,613,848,720,943,Aug23_1/149-20190821181830-snapshot.jpg
1,1,20190821,181900,73,2,414,959,499,1036,Aug23_1/149-20190821181900-snapshot.jpg
1,1,20190821,181900,86,2,118,788,209,862,Aug23_1/149-20190821181900-snapshot.jpg
1,1,20190821,181900,88,2,55,218,149,294,Aug23_1/149-20190821181900-snapshot.jpg
1,1,20190821,182200,87,2,1409,291,1510,361,Aug23_1/149-20190821182200-snapshot.jpg
1,1,20190821,182300,85,2,514,761,596,832,Aug23_1/149-20190821182300-snapshot.jpg
1,1,20190821,182330,75,2,517,836,637,917,Aug23_1/149-20190821182330-snapshot.jpg
1,1,20190821,182330,81,8,1235,439,1338,507,Aug23_1/149-20190821182330-snapshot.jpg
1,1,20190821,182330,85,2,816,855,919,945,Aug23_1/149-20190821182330-snapshot.jpg
1,1,20190821,182400,87,2,199,886,320,984,Aug23_1/149-20190821182400-snapshot.jpg
1,1,20190821,182500,78,2,330,791,399,854,Aug23_1/149-20190821182500-snapshot.jpg
1,1,20190821,182530,86,2,440,728,538,783,Aug23_1/149-20190821182530-snapshot.jpg
1,1,20190821,182600,86,2,367,971,469,1044,Aug23_1/149-20190821182600-snapshot.jpg
1,1,20190821,182630,39,2,1639,710,1713,779,Aug23_1/149-20190821182630-snapshot.jpg
1,1,20190821,182700,85,2,1611,421,1698,484,Aug23_1/149-20190821182700-snapshot.jpg
1,1,20190821,182730,89,2,1547,415,1661,480,Aug23_1/149-20190821182730-snapshot.jpg
1,1,20190821,183100,79,2,1616,442,1666,503,Aug23_1/149-20190821183100-snapshot.jpg
1,1,20190821,183130,87,2,1566,27,1653,116,Aug23_1/149-20190821183130-snapshot.jpg
1,1,20190821,183200,83,2,1412,987,1516,1049,Aug23_1/149-20190821183200-snapshot.jpg
1,1,20190821,183230,86,2,303,53,387,112,Aug23_1/149-20190821183230-snapshot.jpg
1,1,20190821,183300,81,2,321,26,388,80,Aug23_1/149-20190821183300-snapshot.jpg
1,1,20190821,183330,85,2,153,221,238,297,Aug23_1/149-20190821183330-snapshot.jpg
1,1,20190821,183400,73,2,26,278,95,348,Aug23_1/149-20190821183400-snapshot.jpg
1,1,20190821,183400,88,2,215,123,275,205,Aug23_1/149-20190821183400-snapshot.jpg
1,1,20190821,183430,82,2,45,424,110,493,Aug23_1/149-20190821183430-snapshot.jpg
1,1,20190821,183430,88,2,599,840,719,913,Aug23_1/149-20190821183430-snapshot.jpg
1,1,20190821,183900,89,2,1365,429,1425,520,Aug23_1/149-20190821183900-snapshot.jpg
1,1,20190821,183930,82,2,137,198,218,269,Aug23_1/149-20190821183930-snapshot.jpg
1,1,20190821,184030,88,2,444,622,545,686,Aug23_1/149-20190821184030-snapshot.jpg
1,1,20190821,184330,83,2,549,823,634,895,Aug23_1/149-20190821184330-snapshot.jpg
1,1,20190821,184430,84,2,1532,869,1608,959,Aug23_1/149-20190821184430-snapshot.jpg
1,1,20190821,184530,87,2,1571,14,1668,82,Aug23_1/149-20190821184530-snapshot.jpg
1,1,20190821,184600,88,2,1614,287,1676,391,Aug23_1/149-20190821184600-snapshot.jpg
1,1,20190821,184630,83,2,242,803,306,881,Aug23_1/149-20190821184630-snapshot.jpg
1,1,20190821,184630,89,2,617,910,721,994,Aug23_1/149-20190821184630-snapshot.jpg
1,1,20190821,184700,89,2,240,79,329,136,Aug23_1/149-20190821184700-snapshot.jpg
1,1,20190821,184900,54,2,25,408,88,483,Aug23_1/149-20190821184900-snapshot.jpg
1,1,20190821,184930,89,2,1607,414,1674,515,Aug23_1/149-20190821184930-snapshot.jpg
1,1,20190821,185100,86,2,1131,793,1230,864,Aug23_1/149-20190821185100-snapshot.jpg
1,1,20190821,185330,83,2,293,28,374,98,Aug23_1/149-20190821185330-snapshot.jpg
1,1,20190821,185530,83,2,443,693,523,748,Aug23_1/149-20190821185530-snapshot.jpg
1,1,20190821,185800,89,2,603,939,699,1022,Aug23_1/149-20190821185800-snapshot.jpg
1,1,20190821,185830,88,2,500,540,595,600,Aug23_1/149-20190821185830-snapshot.jpg
1,1,20190821,185900,77,2,319,265,400,344,Aug23_1/149-20190821185900-snapshot.jpg
1,1,20190821,190330,83,2,164,349,244,427,Aug23_1/149-20190821190330-snapshot.jpg
1,1,20190821,190730,90,2,1541,353,1638,424,Aug23_1/149-20190821190730-snapshot.jpg
1,1,20190821,191300,86,2,1829,3,1919,87,Aug23_1/149-20190821191300-snapshot.jpg
1,1,20190821,191500,85,2,392,966,492,1026,Aug23_1/149-20190821191500-snapshot.jpg
1,1,20190821,191930,85,2,136,266,195,340,Aug23_1/149-20190821191930-snapshot.jpg
1,1,20190821,192000,87,2,316,40,405,91,Aug23_1/149-20190821192000-snapshot.jpg
1,1,20190821,192030,91,2,527,866,636,965,Aug23_1/149-20190821192030-snapshot.jpg
1,1,20190821,192100,86,2,1402,367,1479,464,Aug23_1/149-20190821192100-snapshot.jpg
1,1,20190821,193100,87,4,612,923,715,1017,Aug23_1/149-20190821193100-snapshot.jpg
1,1,20190821,193700,84,8,896,664,982,741,Aug23_1/149-20190821193700-snapshot.jpg
1,1,20190821,193930,86,2,154,220,241,304,Aug23_1/149-20190821193930-snapshot.jpg
1,1,20190821,194600,67,2,0,121,45,226,Aug23_1/149-20190821194600-snapshot.jpg
1,1,20190821,194630,87,2,1656,564,1763,660,Aug23_1/149-20190821194630-snapshot.jpg
1,1,20190821,194700,54,2,1889,0,1920,65,Aug23_1/149-20190821194700-snapshot.jpg
1,1,20190821,194830,90,2,437,699,534,796,Aug23_1/149-20190821194830-snapshot.jpg
1,1,20190821,194900,87,2,620,874,726,966,Aug23_1/149-20190821194900-snapshot.jpg
1,1,20190821,195500,85,2,1319,709,1416,810,Aug23_1/149-20190821195500-snapshot.jpg
1,1,20190821,200400,82,2,1532,795,1636,877,Aug23_1/149-20190821200400-snapshot.jpg
1,1,20190821,200630,68,2,80,445,142,508,Aug23_1/149-20190821200630-snapshot.jpg
1,1,20190822,060400,56,8,377,982,477,1048,Aug23_1/153-20190822060400-snapshot.jpg
1,1,20190822,072230,80,2,1818,2,1920,66,Aug23_1/156-20190822072230-snapshot.jpg
1,1,20190822,074400,88,2,1670,600,1779,691,Aug23_1/156-20190822074400-snapshot.jpg
1,1,20190822,074630,79,8,385,285,465,339,Aug23_1/156-20190822074630-snapshot.jpg
1,1,20190822,075030,38,3,1537,813,1644,901,Aug23_1/156-20190822075030-snapshot.jpg
1,1,20190822,084600,82,2,1576,442,1661,501,Aug23_1/156-20190822084600-snapshot.jpg
1,1,20190822,085830,85,3,606,858,728,968,Aug23_1/156-20190822085830-snapshot.jpg
1,1,20190822,091300,67,4,6,285,88,360,Aug23_1/156-20190822091300-snapshot.jpg
1,1,20190822,092300,83,8,226,246,327,304,Aug23_1/156-20190822092300-snapshot.jpg
1,1,20190822,094300,78,4,234,39,311,104,Aug23_1/156-20190822094300-snapshot.jpg
1,1,20190822,094630,32,2,379,747,459,823,Aug23_1/156-20190822094630-snapshot.jpg
1,1,20190822,095030,87,4,197,822,290,898,Aug23_1/156-20190822095030-snapshot.jpg
1,1,20190822,100000,86,2,428,714,507,811,Aug23_1/156-20190822100000-snapshot.jpg
1,1,20190822,100500,88,2,1398,957,1496,1038,Aug23_1/156-20190822100500-snapshot.jpg
1,1,20190822,100900,83,8,503,295,590,353,Aug23_1/156-20190822100900-snapshot.jpg
1,1,20190822,101300,85,2,171,156,234,244,Aug23_1/156-20190822101300-snapshot.jpg
1,1,20190822,101500,89,2,439,760,542,840,Aug23_1/156-20190822101500-snapshot.jpg
1,1,20190822,101530,76,2,233,889,315,957,Aug23_1/156-20190822101530-snapshot.jpg
1,1,20190822,101530,86,2,1381,318,1444,412,Aug23_1/156-20190822101530-snapshot.jpg
1,1,20190822,102030,88,2,1538,418,1636,502,Aug23_1/156-20190822102030-snapshot.jpg
1,1,20190822,102500,87,2,1822,305,1920,377,Aug23_1/156-20190822102500-snapshot.jpg
1,1,20190822,102930,89,4,103,208,214,288,Aug23_1/156-20190822102930-snapshot.jpg
1,1,20190822,103000,80,4,440,971,567,1061,Aug23_1/156-20190822103000-snapshot.jpg
1,1,20190822,103100,80,2,319,164,403,239,Aug23_1/156-20190822103100-snapshot.jpg
1,1,20190822,103230,86,2,278,75,358,158,Aug23_1/156-20190822103230-snapshot.jpg
1,1,20190822,103900,89,2,1323,533,1407,630,Aug23_1/156-20190822103900-snapshot.jpg
1,1,20190822,104730,88,2,617,911,730,976,Aug23_1/156-20190822104730-snapshot.jpg
1,1,20190822,105530,77,2,1249,719,1318,788,Aug23_1/156-20190822105530-snapshot.jpg
1,1,20190822,105600,87,4,766,897,869,988,Aug23_1/156-20190822105600-snapshot.jpg
1,1,20190822,105600,87,3,1516,423,1633,499,Aug23_1/156-20190822105600-snapshot.jpg
1,1,20190822,105630,87,2,628,818,728,916,Aug23_1/156-20190822105630-snapshot.jpg
1,1,20190822,105700,88,2,512,978,616,1050,Aug23_1/156-20190822105700-snapshot.jpg
1,1,20190822,110000,84,3,280,102,351,187,Aug23_1/156-20190822110000-snapshot.jpg
1,1,20190822,110400,88,2,1513,51,1629,113,Aug23_1/156-20190822110400-snapshot.jpg
1,1,20190822,110430,78,2,25,262,98,326,Aug23_1/156-20190822110430-snapshot.jpg
1,1,20190822,110600,68,2,523,988,614,1069,Aug23_1/156-20190822110600-snapshot.jpg
1,1,20190822,111230,86,2,164,107,241,195,Aug23_1/156-20190822111230-snapshot.jpg
1,1,20190822,111230,89,2,399,731,498,817,Aug23_1/156-20190822111230-snapshot.jpg
1,1,20190822,111330,87,2,1729,398,1826,468,Aug23_1/156-20190822111330-snapshot.jpg
1,1,20190822,111930,90,2,1669,333,1776,421,Aug23_1/156-20190822111930-snapshot.jpg
1,1,20190822,112000,82,2,1852,52,1920,119,Aug23_1/156-20190822112000-snapshot.jpg
1,1,20190822,112100,88,2,1665,24,1740,127,Aug23_1/156-20190822112100-snapshot.jpg
1,1,20190822,112130,86,2,1334,629,1441,688,Aug23_1/156-20190822112130-snapshot.jpg
1,1,20190822,112200,87,2,1494,346,1589,416,Aug23_1/156-20190822112200-snapshot.jpg
1,1,20190822,112400,79,1,540,0,584,34,Aug23_1/156-20190822112400-snapshot.jpg
1,1,20190822,112400,83,2,464,944,549,1024,Aug23_1/156-20190822112400-snapshot.jpg
1,1,20190822,112430,85,1,644,170,697,230,Aug23_1/156-20190822112430-snapshot.jpg
1,1,20190822,112500,85,1,804,258,854,306,Aug23_1/156-20190822112500-snapshot.jpg
1,1,20190822,112500,87,2,275,749,373,820,Aug23_1/156-20190822112500-snapshot.jpg
1,1,20190822,112530,85,1,805,260,854,306,Aug23_1/156-20190822112530-snapshot.jpg
1,1,20190822,112530,89,2,372,723,482,806,Aug23_1/156-20190822112530-snapshot.jpg
1,1,20190822,112600,84,1,806,260,855,307,Aug23_1/156-20190822112600-snapshot.jpg
1,1,20190822,112630,84,1,812,264,861,310,Aug23_1/156-20190822112630-snapshot.jpg
1,1,20190822,112630,85,2,343,244,431,296,Aug23_1/156-20190822112630-snapshot.jpg
1,1,20190822,112700,84,1,812,264,860,311,Aug23_1/156-20190822112700-snapshot.jpg
1,1,20190822,112730,82,1,814,274,860,314,Aug23_1/156-20190822112730-snapshot.jpg
1,1,20190822,112800,81,1,880,382,920,412,Aug23_1/156-20190822112800-snapshot.jpg
1,1,20190822,112830,87,1,876,381,924,420,Aug23_1/156-20190822112830-snapshot.jpg
1,1,20190822,112900,87,2,301,43,390,106,Aug23_1/156-20190822112900-snapshot.jpg
1,1,20190822,112900,87,1,877,381,927,420,Aug23_1/156-20190822112900-snapshot.jpg
1,1,20190822,112930,87,1,877,383,926,421,Aug23_1/156-20190822112930-snapshot.jpg
1,1,20190822,113000,87,1,878,383,926,420,Aug23_1/156-20190822113000-snapshot.jpg
1,1,20190822,113030,87,1,876,383,924,421,Aug23_1/156-20190822113030-snapshot.jpg
1,1,20190822,113100,87,1,876,383,924,420,Aug23_1/156-20190822113100-snapshot.jpg
1,1,20190822,113130,87,1,876,383,924,421,Aug23_1/156-20190822113130-snapshot.jpg
1,1,20190822,113200,87,1,875,383,924,421,Aug23_1/156-20190822113200-snapshot.jpg
1,1,20190822,113230,87,1,879,383,927,420,Aug23_1/156-20190822113230-snapshot.jpg
1,1,20190822,113300,87,1,879,384,927,420,Aug23_1/156-20190822113300-snapshot.jpg
1,1,20190822,113330,87,1,878,384,925,420,Aug23_1/156-20190822113330-snapshot.jpg
1,1,20190822,113400,86,1,878,386,925,422,Aug23_1/156-20190822113400-snapshot.jpg
1,1,20190822,113430,87,1,878,384,926,421,Aug23_1/156-20190822113430-snapshot.jpg
1,1,20190822,113500,87,1,879,385,927,421,Aug23_1/156-20190822113500-snapshot.jpg
1,1,20190822,113530,87,1,879,385,926,421,Aug23_1/156-20190822113530-snapshot.jpg
1,1,20190822,113600,86,1,878,385,926,421,Aug23_1/156-20190822113600-snapshot.jpg
1,1,20190822,113630,87,1,879,385,926,421,Aug23_1/156-20190822113630-snapshot.jpg
1,1,20190822,113700,86,2,1531,422,1599,511,Aug23_1/156-20190822113700-snapshot.jpg
1,1,20190822,113700,86,2,269,79,361,153,Aug23_1/156-20190822113700-snapshot.jpg
1,1,20190822,113700,87,1,877,384,925,420,Aug23_1/156-20190822113700-snapshot.jpg
1,1,20190822,113730,87,1,835,375,879,412,Aug23_1/156-20190822113730-snapshot.jpg
1,1,20190822,113800,85,1,833,375,876,412,Aug23_1/156-20190822113800-snapshot.jpg
1,1,20190822,113830,85,8,411,303,504,363,Aug23_1/156-20190822113830-snapshot.jpg
1,1,20190822,113830,85,1,833,376,877,412,Aug23_1/156-20190822113830-snapshot.jpg
1,1,20190822,113900,85,1,833,376,877,412,Aug23_1/156-20190822113900-snapshot.jpg
1,1,20190822,113930,85,1,833,376,877,413,Aug23_1/156-20190822113930-snapshot.jpg
1,1,20190822,114000,85,1,832,375,876,412,Aug23_1/156-20190822114000-snapshot.jpg
1,1,20190822,114030,85,1,832,375,876,413,Aug23_1/156-20190822114030-snapshot.jpg
1,1,20190822,114100,85,1,832,376,877,413,Aug23_1/156-20190822114100-snapshot.jpg
1,1,20190822,114130,87,1,835,377,877,413,Aug23_1/156-20190822114130-snapshot.jpg
1,1,20190822,114200,80,1,878,419,919,454,Aug23_1/156-20190822114200-snapshot.jpg
1,1,20190822,114230,77,1,876,510,918,548,Aug23_1/156-20190822114230-snapshot.jpg
1,1,20190822,114230,87,2,1388,310,1494,374,Aug23_1/156-20190822114230-snapshot.jpg
1,1,20190822,114300,86,1,567,730,619,792,Aug23_1/156-20190822114300-snapshot.jpg
1,1,20190822,114300,89,2,1570,90,1682,155,Aug23_1/156-20190822114300-snapshot.jpg
1,1,20190822,114330,69,1,514,791,566,847,Aug23_1/156-20190822114330-snapshot.jpg
1,1,20190822,114400,88,2,1526,781,1623,876,Aug23_1/156-20190822114400-snapshot.jpg
1,1,20190822,114400,88,2,1289,595,1376,687,Aug23_1/156-20190822114400-snapshot.jpg
1,1,20190822,114430,71,1,425,1028,469,1073,Aug23_1/156-20190822114430-snapshot.jpg
1,1,20190822,114600,87,2,815,848,892,940,Aug23_1/156-20190822114600-snapshot.jpg
1,1,20190822,114630,88,4,1487,404,1607,491,Aug23_1/156-20190822114630-snapshot.jpg
1,1,20190822,114900,86,2,1575,826,1682,935,Aug23_1/156-20190822114900-snapshot.jpg
1,1,20190822,114930,86,3,511,783,617,861,Aug23_1/156-20190822114930-snapshot.jpg
1,1,20190822,115230,88,3,530,843,643,971,Aug23_1/156-20190822115230-snapshot.jpg
1,1,20190822,115430,84,2,230,96,305,176,Aug23_1/156-20190822115430-snapshot.jpg
1,1,20190822,120130,77,2,233,142,310,211,Aug23_1/156-20190822120130-snapshot.jpg
1,1,20190822,120200,86,2,1296,587,1388,679,Aug23_1/156-20190822120200-snapshot.jpg
1,1,20190822,120200,87,2,504,559,597,640,Aug23_1/156-20190822120200-snapshot.jpg
1,1,20190822,120230,83,2,311,50,386,114,Aug23_1/156-20190822120230-snapshot.jpg
1,1,20190822,120230,87,2,1563,437,1671,507,Aug23_1/156-20190822120230-snapshot.jpg
1,1,20190822,120300,88,2,1507,400,1594,488,Aug23_1/156-20190822120300-snapshot.jpg
1,1,20190822,120330,78,2,1867,41,1920,108,Aug23_1/156-20190822120330-snapshot.jpg
1,1,20190822,120630,80,2,251,120,319,199,Aug23_1/156-20190822120630-snapshot.jpg
1,1,20190822,120730,65,2,1,289,72,354,Aug23_1/156-20190822120730-snapshot.jpg
1,1,20190822,120830,85,7,0,708,197,873,Aug23_1/156-20190822120830-snapshot.jpg
1,1,20190822,120900,30,7,0,207,93,346,Aug23_1/156-20190822120900-snapshot.jpg
1,1,20190822,120930,82,2,47,233,125,298,Aug23_1/156-20190822120930-snapshot.jpg
1,1,20190822,120930,85,2,96,276,207,336,Aug23_1/156-20190822120930-snapshot.jpg
1,1,20190822,121000,88,2,502,700,568,796,Aug23_1/156-20190822121000-snapshot.jpg
1,1,20190822,121230,78,2,493,951,574,1033,Aug23_1/156-20190822121230-snapshot.jpg
1,1,20190822,121230,81,2,59,446,143,503,Aug23_1/156-20190822121230-snapshot.jpg
1,1,20190822,121230,88,2,300,612,390,700,Aug23_1/156-20190822121230-snapshot.jpg
1,1,20190822,121300,36,5,390,132,442,188,Aug23_1/156-20190822121300-snapshot.jpg
1,1,20190822,121300,86,2,314,45,400,99,Aug23_1/156-20190822121300-snapshot.jpg
1,1,20190822,121330,88,2,1366,593,1460,691,Aug23_1/156-20190822121330-snapshot.jpg
1,1,20190822,121730,88,2,1352,595,1451,684,Aug23_1/156-20190822121730-snapshot.jpg
1,1,20190822,122000,85,2,429,703,524,765,Aug23_1/156-20190822122000-snapshot.jpg
1,1,20190822,122230,78,2,473,782,534,851,Aug23_1/156-20190822122230-snapshot.jpg
1,1,20190822,122330,85,2,482,584,588,640,Aug23_1/156-20190822122330-snapshot.jpg
1,1,20190822,122730,87,2,1305,658,1409,726,Aug23_1/156-20190822122730-snapshot.jpg
1,1,20190822,122830,90,2,1498,416,1610,481,Aug23_1/156-20190822122830-snapshot.jpg
1,1,20190822,122900,81,2,1530,360,1591,425,Aug23_1/156-20190822122900-snapshot.jpg
1,1,20190822,122900,85,2,1738,374,1820,441,Aug23_1/156-20190822122900-snapshot.jpg
1,1,20190822,122900,89,2,407,713,497,811,Aug23_1/156-20190822122900-snapshot.jpg
1,1,20190822,123030,85,2,515,782,614,851,Aug23_1/156-20190822123030-snapshot.jpg
1,1,20190822,123500,84,2,240,127,311,204,Aug23_1/156-20190822123500-snapshot.jpg
1,1,20190822,123530,88,2,1565,324,1660,418,Aug23_1/156-20190822123530-snapshot.jpg
1,1,20190822,123700,78,2,1862,0,1920,54,Aug23_1/156-20190822123700-snapshot.jpg
1,1,20190822,123700,83,1,466,580,511,619,Aug23_1/156-20190822123700-snapshot.jpg
1,1,20190822,124030,84,1,693,979,743,1037,Aug23_1/156-20190822124030-snapshot.jpg
1,1,20190822,124100,83,1,647,925,703,991,Aug23_1/156-20190822124100-snapshot.jpg
1,1,20190822,124300,88,2,1433,355,1544,426,Aug23_1/156-20190822124300-snapshot.jpg
1,1,20190822,124330,84,2,1666,794,1770,875,Aug23_1/156-20190822124330-snapshot.jpg
1,1,20190822,124330,85,2,497,559,565,640,Aug23_1/156-20190822124330-snapshot.jpg
1,1,20190822,124400,82,2,2,207,95,279,Aug23_1/156-20190822124400-snapshot.jpg
1,1,20190822,124430,87,2,1810,651,1916,712,Aug23_1/156-20190822124430-snapshot.jpg
1,1,20190822,124430,91,4,1539,408,1644,517,Aug23_1/156-20190822124430-snapshot.jpg
1,1,20190822,124530,81,2,24,456,124,511,Aug23_1/156-20190822124530-snapshot.jpg
1,1,20190822,125030,88,2,1602,450,1699,519,Aug23_1/156-20190822125030-snapshot.jpg
1,1,20190822,125030,88,2,745,901,847,972,Aug23_1/156-20190822125030-snapshot.jpg
1,1,20190822,125100,89,2,1363,554,1484,629,Aug23_1/156-20190822125100-snapshot.jpg
1,1,20190822,125130,84,2,131,216,214,296,Aug23_1/156-20190822125130-snapshot.jpg
1,1,20190822,125130,87,2,1449,282,1527,386,Aug23_1/156-20190822125130-snapshot.jpg
1,1,20190822,125200,86,2,382,148,461,230,Aug23_1/156-20190822125200-snapshot.jpg
1,1,20190822,125500,82,2,304,51,389,112,Aug23_1/156-20190822125500-snapshot.jpg
1,1,20190822,125830,86,2,123,224,187,309,Aug23_1/156-20190822125830-snapshot.jpg
1,1,20190822,125900,86,2,384,259,442,333,Aug23_1/156-20190822125900-snapshot.jpg
1,1,20190822,125930,87,2,477,685,588,748,Aug23_1/156-20190822125930-snapshot.jpg
1,1,20190822,130000,88,2,367,683,481,747,Aug23_1/156-20190822130000-snapshot.jpg
1,1,20190822,130030,87,2,337,731,432,815,Aug23_1/156-20190822130030-snapshot.jpg
1,1,20190822,130100,84,2,347,249,437,301,Aug23_1/156-20190822130100-snapshot.jpg
1,1,20190822,130200,86,2,1508,96,1605,161,Aug23_1/156-20190822130200-snapshot.jpg
1,1,20190822,130300,86,2,1296,638,1384,729,Aug23_1/156-20190822130300-snapshot.jpg
1,1,20190822,130500,89,2,1312,646,1407,727,Aug23_1/156-20190822130500-snapshot.jpg
1,1,20190822,130530,86,2,500,546,579,624,Aug23_1/156-20190822130530-snapshot.jpg
1,1,20190822,130530,89,2,1384,413,1478,483,Aug23_1/156-20190822130530-snapshot.jpg
1,1,20190822,130600,87,2,1499,416,1591,497,Aug23_1/156-20190822130600-snapshot.jpg
1,1,20190822,130630,82,2,1833,28,1920,92,Aug23_1/156-20190822130630-snapshot.jpg
1,1,20190822,130800,89,2,126,755,218,842,Aug23_1/156-20190822130800-snapshot.jpg
1,1,20190822,130900,89,2,717,854,826,940,Aug23_1/156-20190822130900-snapshot.jpg
1,1,20190822,130930,82,2,343,261,426,332,Aug23_1/156-20190822130930-snapshot.jpg
1,1,20190822,131000,81,2,119,215,220,273,Aug23_1/156-20190822131000-snapshot.jpg
1,1,20190822,131030,85,2,1579,343,1661,411,Aug23_1/156-20190822131030-snapshot.jpg
1,1,20190822,131130,35,2,1883,75,1920,154,Aug23_1/156-20190822131130-snapshot.jpg
1,1,20190822,131300,82,2,73,452,138,523,Aug23_1/156-20190822131300-snapshot.jpg
1,1,20190822,131330,90,4,544,855,644,955,Aug23_1/156-20190822131330-snapshot.jpg
1,1,20190822,131630,40,2,5,292,82,354,Aug23_1/156-20190822131630-snapshot.jpg
1,1,20190822,131700,88,2,134,766,229,849,Aug23_1/156-20190822131700-snapshot.jpg
1,1,20190822,131830,84,2,351,180,440,239,Aug23_1/156-20190822131830-snapshot.jpg
1,1,20190822,131930,88,2,1366,361,1463,447,Aug23_1/156-20190822131930-snapshot.jpg
1,1,20190822,132000,83,2,1859,11,1920,100,Aug23_1/156-20190822132000-snapshot.jpg
1,1,20190822,132100,86,2,56,275,151,347,Aug23_1/156-20190822132100-snapshot.jpg
1,1,20190822,132200,88,2,1477,425,1566,512,Aug23_1/156-20190822132200-snapshot.jpg
1,1,20190822,132500,76,2,209,194,272,274,Aug23_1/156-20190822132500-snapshot.jpg
1,1,20190822,132900,78,2,95,737,174,790,Aug23_1/156-20190822132900-snapshot.jpg
1,1,20190822,132930,86,2,516,569,605,639,Aug23_1/156-20190822132930-snapshot.jpg
1,1,20190822,132930,88,2,1356,575,1448,669,Aug23_1/156-20190822132930-snapshot.jpg
1,1,20190822,133030,88,2,1489,1014,1597,1079,Aug23_1/156-20190822133030-snapshot.jpg
1,1,20190822,133130,86,2,1605,457,1690,529,Aug23_1/156-20190822133130-snapshot.jpg
1,1,20190822,133230,89,2,1655,485,1719,585,Aug23_1/156-20190822133230-snapshot.jpg
1,1,20190822,133300,91,4,1337,478,1437,570,Aug23_1/156-20190822133300-snapshot.jpg
1,1,20190822,133500,85,2,461,602,555,673,Aug23_1/156-20190822133500-snapshot.jpg
1,1,20190822,133530,85,2,75,203,168,284,Aug23_1/156-20190822133530-snapshot.jpg
1,1,20190822,133600,87,2,116,776,216,862,Aug23_1/156-20190822133600-snapshot.jpg
1,1,20190822,133700,86,2,564,986,658,1062,Aug23_1/156-20190822133700-snapshot.jpg
1,1,20190822,134430,86,2,500,778,600,843,Aug23_1/156-20190822134430-snapshot.jpg
1,1,20190822,134500,86,4,392,658,513,758,Aug23_1/156-20190822134500-snapshot.jpg
1,1,20190822,134530,80,2,1474,491,1542,566,Aug23_1/156-20190822134530-snapshot.jpg
1,1,20190822,134800,80,2,1667,925,1745,991,Aug23_1/156-20190822134800-snapshot.jpg
1,1,20190822,134930,72,2,147,220,226,266,Aug23_1/156-20190822134930-snapshot.jpg
1,1,20190822,134930,88,2,439,789,552,861,Aug23_1/156-20190822134930-snapshot.jpg
1,1,20190822,135000,85,2,1210,705,1302,765,Aug23_1/156-20190822135000-snapshot.jpg
1,1,20190822,135030,87,2,1566,397,1669,461,Aug23_1/156-20190822135030-snapshot.jpg
1,1,20190822,135100,87,2,1365,581,1461,666,Aug23_1/156-20190822135100-snapshot.jpg
1,1,20190822,135130,90,2,544,888,640,977,Aug23_1/156-20190822135130-snapshot.jpg
1,1,20190822,135300,56,2,150,219,210,273,Aug23_1/156-20190822135300-snapshot.jpg
1,1,20190822,135330,81,2,50,403,116,477,Aug23_1/156-20190822135330-snapshot.jpg
1,1,20190822,135430,86,2,483,789,590,849,Aug23_1/156-20190822135430-snapshot.jpg
1,1,20190822,135530,80,2,267,104,361,168,Aug23_1/156-20190822135530-snapshot.jpg
1,1,20190822,135600,81,2,209,851,298,932,Aug23_1/156-20190822135600-snapshot.jpg
1,1,20190822,135730,88,2,1640,19,1751,87,Aug23_1/156-20190822135730-snapshot.jpg
1,1,20190822,135800,85,2,1624,725,1730,792,Aug23_1/156-20190822135800-snapshot.jpg
1,1,20190822,135800,85,2,1532,437,1627,494,Aug23_1/156-20190822135800-snapshot.jpg
1,1,20190822,135830,87,2,505,786,606,853,Aug23_1/156-20190822135830-snapshot.jpg
1,1,20190822,135830,87,2,1568,82,1670,149,Aug23_1/156-20190822135830-snapshot.jpg
1,1,20190822,135900,76,2,313,924,378,1010,Aug23_1/156-20190822135900-snapshot.jpg
1,1,20190822,135900,84,2,156,148,240,212,Aug23_1/156-20190822135900-snapshot.jpg
1,1,20190822,135930,88,2,477,669,543,757,Aug23_1/156-20190822135930-snapshot.jpg
1,1,20190822,135930,88,2,1312,539,1396,626,Aug23_1/156-20190822135930-snapshot.jpg
1,1,20190822,140000,86,2,342,16,421,90,Aug23_1/156-20190822140000-snapshot.jpg
1,1,20190822,140500,89,2,1573,927,1683,984,Aug23_1/156-20190822140500-snapshot.jpg
1,1,20190822,140530,68,2,0,312,49,373,Aug23_1/156-20190822140530-snapshot.jpg
1,1,20190822,140700,46,2,1402,653,1482,722,Aug23_1/156-20190822140700-snapshot.jpg
1,1,20190822,140700,89,2,483,834,581,927,Aug23_1/156-20190822140700-snapshot.jpg
1,1,20190822,140730,67,2,492,960,572,1037,Aug23_1/156-20190822140730-snapshot.jpg
1,1,20190822,140730,89,2,1359,245,1453,346,Aug23_1/156-20190822140730-snapshot.jpg
1,1,20190822,140800,86,2,407,740,475,827,Aug23_1/156-20190822140800-snapshot.jpg
1,1,20190822,140800,87,2,1529,292,1612,393,Aug23_1/156-20190822140800-snapshot.jpg
1,1,20190822,140930,89,2,1256,721,1347,821,Aug23_1/156-20190822140930-snapshot.jpg
1,1,20190822,141130,88,2,1537,348,1646,415,Aug23_1/156-20190822141130-snapshot.jpg
1,1,20190822,141200,87,2,1578,475,1642,571,Aug23_1/156-20190822141200-snapshot.jpg
1,1,20190822,141230,84,2,127,153,215,221,Aug23_1/156-20190822141230-snapshot.jpg
1,1,20190822,141230,89,2,1404,335,1508,408,Aug23_1/156-20190822141230-snapshot.jpg
1,1,20190822,141300,61,2,56,782,116,846,Aug23_1/156-20190822141300-snapshot.jpg
1,1,20190822,141300,87,2,1367,655,1463,732,Aug23_1/156-20190822141300-snapshot.jpg
1,1,20190822,141400,84,1,682,666,727,714,Aug23_1/156-20190822141400-snapshot.jpg
1,1,20190822,141430,87,1,692,480,743,542,Aug23_1/156-20190822141430-snapshot.jpg
1,1,20190822,141430,89,2,1688,624,1782,723,Aug23_1/156-20190822141430-snapshot.jpg
1,1,20190822,141530,78,2,260,125,356,191,Aug23_1/156-20190822141530-snapshot.jpg
1,1,20190822,141530,87,1,1214,305,1261,352,Aug23_1/156-20190822141530-snapshot.jpg
1,1,20190822,141600,84,1,1327,133,1369,172,Aug23_1/156-20190822141600-snapshot.jpg
1,1,20190822,141730,82,1,1884,294,1920,338,Aug23_1/156-20190822141730-snapshot.jpg
1,1,20190822,141730,88,2,440,805,528,883,Aug23_1/156-20190822141730-snapshot.jpg
1,1,20190822,141830,88,2,1556,346,1639,442,Aug23_1/156-20190822141830-snapshot.jpg
1,1,20190822,142000,85,2,708,839,821,912,Aug23_1/156-20190822142000-snapshot.jpg
1,1,20190822,142000,86,4,1583,176,1674,275,Aug23_1/156-20190822142000-snapshot.jpg
1,1,20190822,142030,85,2,120,747,186,821,Aug23_1/156-20190822142030-snapshot.jpg
1,1,20190822,142130,84,2,167,332,258,396,Aug23_1/156-20190822142130-snapshot.jpg
1,1,20190822,142200,82,2,1659,893,1731,972,Aug23_1/156-20190822142200-snapshot.jpg
1,1,20190822,142200,89,2,1252,653,1347,753,Aug23_1/156-20190822142200-snapshot.jpg
1,1,20190822,142230,86,2,349,262,440,319,Aug23_1/156-20190822142230-snapshot.jpg
1,1,20190822,142630,90,2,1295,663,1387,739,Aug23_1/156-20190822142630-snapshot.jpg
1,1,20190822,142730,85,2,167,227,253,299,Aug23_1/156-20190822142730-snapshot.jpg
1,1,20190822,142800,83,2,271,86,360,154,Aug23_1/156-20190822142800-snapshot.jpg
1,1,20190822,142830,76,2,519,786,587,864,Aug23_1/156-20190822142830-snapshot.jpg
1,1,20190822,143400,89,2,1459,962,1558,1045,Aug23_1/156-20190822143400-snapshot.jpg
1,1,20190822,143430,76,2,504,921,600,979,Aug23_1/156-20190822143430-snapshot.jpg
1,1,20190822,143430,79,2,136,261,246,337,Aug23_1/156-20190822143430-snapshot.jpg
1,1,20190822,143430,89,2,1347,388,1448,459,Aug23_1/156-20190822143430-snapshot.jpg
1,1,20190822,143500,85,2,453,782,551,843,Aug23_1/156-20190822143500-snapshot.jpg
1,1,20190822,143500,89,2,1527,454,1625,532,Aug23_1/156-20190822143500-snapshot.jpg
1,1,20190822,143530,87,2,466,692,562,785,Aug23_1/156-20190822143530-snapshot.jpg
1,1,20190822,143530,89,2,714,835,816,922,Aug23_1/156-20190822143530-snapshot.jpg
1,1,20190822,143600,79,2,1637,353,1721,445,Aug23_1/156-20190822143600-snapshot.jpg
1,1,20190822,143630,86,2,1722,402,1823,476,Aug23_1/156-20190822143630-snapshot.jpg
1,1,20190822,143800,54,2,51,777,125,825,Aug23_1/156-20190822143800-snapshot.jpg
1,1,20190822,143800,75,1,5,375,53,418,Aug23_1/156-20190822143800-snapshot.jpg
1,1,20190822,144030,88,2,1734,376,1842,442,Aug23_1/156-20190822144030-snapshot.jpg
1,1,20190822,144100,86,2,196,180,260,265,Aug23_1/156-20190822144100-snapshot.jpg
1,1,20190822,144100,88,2,568,970,672,1031,Aug23_1/156-20190822144100-snapshot.jpg
1,1,20190822,144200,88,3,275,41,373,147,Aug23_1/156-20190822144200-snapshot.jpg
1,1,20190822,144300,62,1,371,1005,417,1053,Aug23_1/156-20190822144300-snapshot.jpg
1,1,20190822,144330,86,2,271,800,379,872,Aug23_1/156-20190822144330-snapshot.jpg
1,1,20190822,144400,86,2,114,314,202,393,Aug23_1/156-20190822144400-snapshot.jpg
1,1,20190822,144830,87,2,439,947,532,1017,Aug23_1/156-20190822144830-snapshot.jpg
1,1,20190822,144930,87,2,1247,690,1330,775,Aug23_1/156-20190822144930-snapshot.jpg
1,1,20190822,144930,88,2,1393,348,1491,425,Aug23_1/156-20190822144930-snapshot.jpg
1,1,20190822,145000,80,2,39,251,134,312,Aug23_1/156-20190822145000-snapshot.jpg
1,1,20190822,145000,86,2,131,745,234,805,Aug23_1/156-20190822145000-snapshot.jpg
1,1,20190822,145030,87,2,1726,404,1829,470,Aug23_1/156-20190822145030-snapshot.jpg
1,1,20190822,145230,78,4,289,38,380,131,Aug23_1/156-20190822145230-snapshot.jpg
1,1,20190822,145230,84,2,210,140,278,223,Aug23_1/156-20190822145230-snapshot.jpg
1,1,20190822,145300,88,4,225,775,323,847,Aug23_1/156-20190822145300-snapshot.jpg
1,1,20190822,145430,83,4,348,692,470,777,Aug23_1/156-20190822145430-snapshot.jpg
1,1,20190822,145500,85,4,1479,418,1585,519,Aug23_1/156-20190822145500-snapshot.jpg
1,1,20190822,145800,89,2,366,180,457,267,Aug23_1/156-20190822145800-snapshot.jpg
1,1,20190822,150100,61,1,345,1030,390,1068,Aug23_1/156-20190822150100-snapshot.jpg
1,1,20190822,150100,88,2,353,675,444,766,Aug23_1/156-20190822150100-snapshot.jpg
1,1,20190822,150130,89,2,1323,553,1403,641,Aug23_1/156-20190822150130-snapshot.jpg
1,1,20190822,150200,83,2,1727,508,1816,579,Aug23_1/156-20190822150200-snapshot.jpg
1,1,20190822,150200,87,2,1531,406,1616,487,Aug23_1/156-20190822150200-snapshot.jpg
1,1,20190822,150230,89,2,1327,561,1422,623,Aug23_1/156-20190822150230-snapshot.jpg
1,1,20190822,150230,90,2,1603,424,1671,523,Aug23_1/156-20190822150230-snapshot.jpg
1,1,20190822,150300,87,2,1330,610,1420,698,Aug23_1/156-20190822150300-snapshot.jpg
1,1,20190822,150330,88,2,1491,412,1582,488,Aug23_1/156-20190822150330-snapshot.jpg
1,1,20190822,150700,64,2,72,442,135,509,Aug23_1/156-20190822150700-snapshot.jpg
1,1,20190822,150730,81,2,1649,0,1713,63,Aug23_1/156-20190822150730-snapshot.jpg
1,1,20190822,150830,31,8,1582,908,1672,961,Aug23_1/156-20190822150830-snapshot.jpg
1,1,20190822,151230,89,2,425,120,526,196,Aug23_1/156-20190822151230-snapshot.jpg
1,1,20190822,151300,25,3,1605,342,1712,417,Aug23_1/156-20190822151300-snapshot.jpg
1,1,20190822,151430,80,2,134,228,212,277,Aug23_1/156-20190822151430-snapshot.jpg
1,1,20190822,151630,56,2,275,96,352,162,Aug23_1/156-20190822151630-snapshot.jpg
1,1,20190822,151730,82,2,167,62,235,124,Aug23_1/156-20190822151730-snapshot.jpg
1,1,20190822,151800,86,2,107,285,216,348,Aug23_1/156-20190822151800-snapshot.jpg
1,1,20190822,151800,87,2,797,834,864,938,Aug23_1/156-20190822151800-snapshot.jpg
1,1,20190822,151830,85,2,298,890,385,958,Aug23_1/156-20190822151830-snapshot.jpg
1,1,20190822,152330,85,2,251,746,334,823,Aug23_1/156-20190822152330-snapshot.jpg
1,1,20190822,152400,91,2,679,909,795,979,Aug23_1/156-20190822152400-snapshot.jpg
1,1,20190822,152430,89,2,1352,565,1447,664,Aug23_1/156-20190822152430-snapshot.jpg
1,1,20190822,152500,86,2,1752,365,1858,428,Aug23_1/156-20190822152500-snapshot.jpg
1,1,20190822,152500,89,2,1569,772,1665,865,Aug23_1/156-20190822152500-snapshot.jpg
1,1,20190822,152530,86,2,473,7,559,70,Aug23_1/156-20190822152530-snapshot.jpg
1,1,20190822,152530,87,2,471,758,535,863,Aug23_1/156-20190822152530-snapshot.jpg
1,1,20190822,152600,32,2,331,194,386,258,Aug23_1/156-20190822152600-snapshot.jpg
1,1,20190822,152900,81,1,120,951,160,986,Aug23_1/156-20190822152900-snapshot.jpg
1,1,20190822,152930,64,1,69,949,106,983,Aug23_1/156-20190822152930-snapshot.jpg
1,1,20190822,153000,46,1,62,941,100,972,Aug23_1/156-20190822153000-snapshot.jpg
1,1,20190822,153030,79,1,28,639,70,675,Aug23_1/156-20190822153030-snapshot.jpg
1,1,20190822,153030,87,3,1508,335,1653,446,Aug23_1/156-20190822153030-snapshot.jpg
1,1,20190822,153100,78,2,74,441,159,499,Aug23_1/156-20190822153100-snapshot.jpg
1,1,20190822,153100,87,2,461,615,553,691,Aug23_1/156-20190822153100-snapshot.jpg
1,1,20190822,153130,87,2,221,87,316,148,Aug23_1/156-20190822153130-snapshot.jpg
1,1,20190822,153130,88,2,753,901,855,971,Aug23_1/156-20190822153130-snapshot.jpg
1,1,20190822,153400,84,2,10,320,99,398,Aug23_1/156-20190822153400-snapshot.jpg
1,1,20190822,153500,85,2,437,668,531,753,Aug23_1/156-20190822153500-snapshot.jpg
1,1,20190822,153500,87,2,1616,391,1711,474,Aug23_1/156-20190822153500-snapshot.jpg
1,1,20190822,153700,86,2,1578,337,1680,413,Aug23_1/156-20190822153700-snapshot.jpg
1,1,20190822,153700,88,2,132,217,216,297,Aug23_1/156-20190822153700-snapshot.jpg
1,1,20190822,153930,89,2,541,891,644,978,Aug23_1/156-20190822153930-snapshot.jpg
1,1,20190822,154030,88,2,1329,553,1428,615,Aug23_1/156-20190822154030-snapshot.jpg
1,1,20190822,154100,85,2,1583,592,1681,687,Aug23_1/156-20190822154100-snapshot.jpg
1,1,20190822,154200,88,2,468,774,556,875,Aug23_1/156-20190822154200-snapshot.jpg
1,1,20190822,154230,87,2,422,670,512,741,Aug23_1/156-20190822154230-snapshot.jpg
1,1,20190822,154330,85,2,348,180,445,239,Aug23_1/156-20190822154330-snapshot.jpg
1,1,20190822,154400,80,2,218,115,305,197,Aug23_1/156-20190822154400-snapshot.jpg
1,1,20190822,154500,87,2,1596,0,1684,84,Aug23_1/156-20190822154500-snapshot.jpg
1,1,20190822,154530,39,2,1637,701,1717,778,Aug23_1/156-20190822154530-snapshot.jpg
1,1,20190822,154530,51,2,49,778,126,852,Aug23_1/156-20190822154530-snapshot.jpg
1,1,20190822,154900,86,2,437,653,531,745,Aug23_1/156-20190822154900-snapshot.jpg
1,1,20190822,154900,89,4,750,838,863,923,Aug23_1/156-20190822154900-snapshot.jpg
1,1,20190822,155030,84,2,373,673,463,737,Aug23_1/156-20190822155030-snapshot.jpg
1,1,20190822,155430,87,2,489,604,555,692,Aug23_1/156-20190822155430-snapshot.jpg
1,1,20190822,155430,87,4,108,709,225,778,Aug23_1/156-20190822155430-snapshot.jpg
1,1,20190822,155500,79,2,402,904,484,979,Aug23_1/156-20190822155500-snapshot.jpg
1,1,20190822,155530,77,2,612,968,703,1030,Aug23_1/156-20190822155530-snapshot.jpg
1,1,20190822,155600,84,2,256,75,336,125,Aug23_1/156-20190822155600-snapshot.jpg
1,1,20190822,160300,86,2,80,244,178,316,Aug23_1/156-20190822160300-snapshot.jpg
1,1,20190822,160330,85,2,455,638,546,712,Aug23_1/156-20190822160330-snapshot.jpg
1,1,20190822,160330,88,4,1500,391,1614,476,Aug23_1/156-20190822160330-snapshot.jpg
1,1,20190822,160400,88,2,527,925,630,1002,Aug23_1/156-20190822160400-snapshot.jpg
1,1,20190822,160400,88,4,669,798,778,874,Aug23_1/156-20190822160400-snapshot.jpg
1,1,20190822,160430,82,2,154,202,231,267,Aug23_1/156-20190822160430-snapshot.jpg
1,1,20190822,160430,88,4,430,767,524,862,Aug23_1/156-20190822160430-snapshot.jpg
1,1,20190822,160700,82,2,532,747,590,824,Aug23_1/156-20190822160700-snapshot.jpg
1,1,20190822,160700,87,2,265,108,351,167,Aug23_1/156-20190822160700-snapshot.jpg
1,1,20190822,160900,85,2,283,127,359,215,Aug23_1/156-20190822160900-snapshot.jpg
1,1,20190822,160900,88,2,1370,627,1460,720,Aug23_1/156-20190822160900-snapshot.jpg
1,1,20190822,161530,89,2,1440,400,1503,510,Aug23_1/156-20190822161530-snapshot.jpg
1,1,20190822,161600,83,2,1668,374,1745,443,Aug23_1/156-20190822161600-snapshot.jpg
1,1,20190822,161630,89,2,1564,445,1658,523,Aug23_1/156-20190822161630-snapshot.jpg
1,1,20190822,162000,74,7,383,720,600,1041,Aug23_1/156-20190822162000-snapshot.jpg
1,1,20190822,162100,84,2,116,313,213,388,Aug23_1/156-20190822162100-snapshot.jpg
1,1,20190822,162130,66,2,140,222,201,270,Aug23_1/156-20190822162130-snapshot.jpg
1,1,20190822,162230,82,2,1302,640,1384,714,Aug23_1/156-20190822162230-snapshot.jpg
1,1,20190822,162400,88,2,1597,421,1695,502,Aug23_1/156-20190822162400-snapshot.jpg
1,1,20190822,162500,89,2,1464,970,1570,1043,Aug23_1/156-20190822162500-snapshot.jpg
1,1,20190822,162530,88,2,1283,146,1373,240,Aug23_1/156-20190822162530-snapshot.jpg
1,1,20190822,162600,87,2,117,706,227,781,Aug23_1/156-20190822162600-snapshot.jpg
1,1,20190822,162700,82,2,244,102,338,163,Aug23_1/156-20190822162700-snapshot.jpg
1,1,20190822,162930,81,2,289,87,351,171,Aug23_1/156-20190822162930-snapshot.jpg
1,1,20190822,162930,87,2,526,969,622,1051,Aug23_1/156-20190822162930-snapshot.jpg
1,1,20190822,163000,86,2,452,632,518,724,Aug23_1/156-20190822163000-snapshot.jpg
1,1,20190822,163030,72,2,44,414,101,484,Aug23_1/156-20190822163030-snapshot.jpg
1,1,20190822,163030,84,2,248,76,315,155,Aug23_1/156-20190822163030-snapshot.jpg
1,1,20190822,163030,89,3,1360,462,1451,578,Aug23_1/156-20190822163030-snapshot.jpg
1,1,20190822,163130,74,2,1870,0,1920,49,Aug23_1/156-20190822163130-snapshot.jpg
1,1,20190822,163200,81,2,0,259,60,344,Aug23_1/156-20190822163200-snapshot.jpg
1,1,20190822,163600,89,2,809,893,900,974,Aug23_1/156-20190822163600-snapshot.jpg
1,1,20190822,163630,88,2,379,973,489,1038,Aug23_1/156-20190822163630-snapshot.jpg
1,1,20190822,163700,87,2,465,667,558,750,Aug23_1/156-20190822163700-snapshot.jpg
1,1,20190822,163700,88,2,1488,537,1595,612,Aug23_1/156-20190822163700-snapshot.jpg
1,1,20190822,163700,89,2,1446,329,1540,428,Aug23_1/156-20190822163700-snapshot.jpg
1,1,20190822,163730,84,2,1536,415,1600,494,Aug23_1/156-20190822163730-snapshot.jpg
1,1,20190822,163730,86,2,804,830,870,932,Aug23_1/156-20190822163730-snapshot.jpg
1,1,20190822,163800,82,2,1579,840,1676,908,Aug23_1/156-20190822163800-snapshot.jpg
1,1,20190822,163800,88,2,319,718,419,792,Aug23_1/156-20190822163800-snapshot.jpg
1,1,20190822,163830,87,2,125,779,221,851,Aug23_1/156-20190822163830-snapshot.jpg
1,1,20190822,164030,84,2,9,304,74,390,Aug23_1/156-20190822164030-snapshot.jpg
1,1,20190822,164200,71,2,1431,623,1492,688,Aug23_1/156-20190822164200-snapshot.jpg
1,1,20190822,164200,88,2,106,207,204,284,Aug23_1/156-20190822164200-snapshot.jpg
1,1,20190822,164530,90,2,1342,632,1449,701,Aug23_1/156-20190822164530-snapshot.jpg
1,1,20190822,164700,89,2,1430,559,1522,657,Aug23_1/156-20190822164700-snapshot.jpg
1,1,20190822,164730,83,2,1553,370,1620,436,Aug23_1/156-20190822164730-snapshot.jpg
1,1,20190822,165100,87,2,1595,787,1684,881,Aug23_1/156-20190822165100-snapshot.jpg
1,1,20190822,165230,68,2,63,424,125,492,Aug23_1/156-20190822165230-snapshot.jpg
1,1,20190822,165300,88,4,297,30,403,110,Aug23_1/156-20190822165300-snapshot.jpg
1,1,20190822,165330,71,2,1675,933,1735,1006,Aug23_1/156-20190822165330-snapshot.jpg
1,1,20190822,165600,63,2,1887,20,1920,86,Aug23_1/156-20190822165600-snapshot.jpg
1,1,20190822,165830,88,2,1401,368,1501,459,Aug23_1/156-20190822165830-snapshot.jpg
1,1,20190822,165900,51,1,627,532,667,565,Aug23_1/156-20190822165900-snapshot.jpg
1,1,20190822,165930,86,2,1565,45,1659,126,Aug23_1/156-20190822165930-snapshot.jpg
1,1,20190822,170200,89,2,1368,539,1450,629,Aug23_1/156-20190822170200-snapshot.jpg
1,1,20190822,170230,87,2,1725,395,1817,469,Aug23_1/156-20190822170230-snapshot.jpg
1,1,20190822,171000,89,4,1391,368,1495,495,Aug23_1/156-20190822171000-snapshot.jpg
1,1,20190822,171030,85,4,434,953,551,1044,Aug23_1/156-20190822171030-snapshot.jpg
1,1,20190822,171100,77,1,692,377,732,414,Aug23_1/156-20190822171100-snapshot.jpg
1,1,20190822,171100,83,4,541,983,658,1069,Aug23_1/156-20190822171100-snapshot.jpg
1,1,20190822,171100,85,2,144,214,238,266,Aug23_1/156-20190822171100-snapshot.jpg
1,1,20190822,171130,86,2,112,727,198,806,Aug23_1/156-20190822171130-snapshot.jpg
1,1,20190822,171130,88,4,512,967,625,1080,Aug23_1/156-20190822171130-snapshot.jpg
1,1,20190822,171200,88,4,348,158,450,255,Aug23_1/156-20190822171200-snapshot.jpg
1,1,20190822,171300,85,2,1363,437,1440,517,Aug23_1/156-20190822171300-snapshot.jpg
1,1,20190822,171400,85,2,1008,966,1085,1054,Aug23_1/156-20190822171400-snapshot.jpg
1,1,20190822,171530,39,1,537,237,573,268,Aug23_1/156-20190822171530-snapshot.jpg
1,1,20190822,171700,87,2,413,162,503,253,Aug23_1/156-20190822171700-snapshot.jpg
1,1,20190822,172000,81,2,321,716,404,792,Aug23_1/156-20190822172000-snapshot.jpg
1,1,20190822,172330,87,2,501,775,598,851,Aug23_1/156-20190822172330-snapshot.jpg
1,1,20190822,172430,83,2,160,125,263,183,Aug23_1/156-20190822172430-snapshot.jpg
1,1,20190822,172430,86,2,796,993,875,1080,Aug23_1/156-20190822172430-snapshot.jpg
1,1,20190822,172500,89,4,1576,411,1673,511,Aug23_1/156-20190822172500-snapshot.jpg
1,1,20190822,172530,87,2,75,277,174,354,Aug23_1/156-20190822172530-snapshot.jpg
1,1,20190822,172600,84,1,613,329,663,374,Aug23_1/156-20190822172600-snapshot.jpg
1,1,20190822,172830,79,2,1662,397,1745,462,Aug23_1/156-20190822172830-snapshot.jpg
1,1,20190822,173300,65,2,120,196,189,263,Aug23_1/156-20190822173300-snapshot.jpg
1,1,20190822,173330,84,2,55,453,144,506,Aug23_1/156-20190822173330-snapshot.jpg
1,1,20190822,173430,83,2,1727,359,1822,430,Aug23_1/156-20190822173430-snapshot.jpg
1,1,20190822,173730,49,1,439,22,476,53,Aug23_1/156-20190822173730-snapshot.jpg
1,1,20190822,173830,91,3,515,800,642,889,Aug23_1/156-20190822173830-snapshot.jpg
1,1,20190822,174000,87,4,1483,953,1595,1033,Aug23_1/156-20190822174000-snapshot.jpg
1,1,20190822,174100,85,2,1840,48,1920,121,Aug23_1/156-20190822174100-snapshot.jpg
1,1,20190822,175200,90,3,416,60,538,140,Aug23_1/156-20190822175200-snapshot.jpg
1,1,20190822,175300,88,4,272,108,370,184,Aug23_1/156-20190822175300-snapshot.jpg
1,1,20190822,175630,89,4,1410,514,1505,612,Aug23_1/156-20190822175630-snapshot.jpg
1,1,20190822,175700,88,4,461,757,555,831,Aug23_1/156-20190822175700-snapshot.jpg
1,1,20190822,175900,89,4,1447,276,1545,366,Aug23_1/156-20190822175900-snapshot.jpg
1,1,20190822,180330,87,2,556,890,642,983,Aug23_1/156-20190822180330-snapshot.jpg
1,1,20190822,180400,69,2,187,204,248,277,Aug23_1/156-20190822180400-snapshot.jpg
1,1,20190822,180500,86,2,339,702,427,776,Aug23_1/156-20190822180500-snapshot.jpg
1,1,20190822,180530,88,2,1361,637,1454,724,Aug23_1/156-20190822180530-snapshot.jpg
1,1,20190822,181200,82,2,1616,343,1696,411,Aug23_1/156-20190822181200-snapshot.jpg
1,1,20190822,181230,87,2,431,948,532,1034,Aug23_1/156-20190822181230-snapshot.jpg
1,1,20190822,181330,82,1,192,109,236,143,Aug23_1/156-20190822181330-snapshot.jpg
1,1,20190822,181500,52,1,573,202,609,233,Aug23_1/156-20190822181500-snapshot.jpg
1,1,20190822,181530,73,1,949,178,992,209,Aug23_1/156-20190822181530-snapshot.jpg
1,1,20190822,181600,86,1,1141,268,1186,308,Aug23_1/156-20190822181600-snapshot.jpg
1,1,20190822,181630,63,2,108,203,174,263,Aug23_1/156-20190822181630-snapshot.jpg
1,1,20190822,181630,89,2,1405,369,1503,454,Aug23_1/156-20190822181630-snapshot.jpg
1,1,20190822,181730,83,2,166,339,261,391,Aug23_1/156-20190822181730-snapshot.jpg
1,1,20190822,181730,89,2,1243,684,1333,777,Aug23_1/156-20190822181730-snapshot.jpg
1,1,20190822,181800,87,2,541,961,635,1049,Aug23_1/156-20190822181800-snapshot.jpg
1,1,20190822,181830,87,2,313,46,400,104,Aug23_1/156-20190822181830-snapshot.jpg
1,1,20190822,181900,80,2,42,785,120,865,Aug23_1/156-20190822181900-snapshot.jpg
1,1,20190822,182100,90,4,439,625,553,724,Aug23_1/156-20190822182100-snapshot.jpg
1,1,20190822,182530,84,8,1772,682,1866,755,Aug23_1/156-20190822182530-snapshot.jpg
1,1,20190822,183030,85,8,1671,923,1755,994,Aug23_1/156-20190822183030-snapshot.jpg
1,1,20190822,185000,86,2,93,760,199,825,Aug23_1/156-20190822185000-snapshot.jpg
1,1,20190822,185030,87,2,263,740,367,813,Aug23_1/156-20190822185030-snapshot.jpg
1,1,20190822,185530,80,1,203,785,250,829,Aug23_1/156-20190822185530-snapshot.jpg
1,1,20190822,185530,91,2,1358,544,1442,644,Aug23_1/156-20190822185530-snapshot.jpg
1,1,20190822,185600,25,8,1731,1025,1811,1079,Aug23_1/156-20190822185600-snapshot.jpg
1,1,20190822,185600,79,1,148,872,193,915,Aug23_1/156-20190822185600-snapshot.jpg
1,1,20190822,185600,89,2,437,739,541,829,Aug23_1/156-20190822185600-snapshot.jpg
1,1,20190822,190200,89,4,281,76,372,151,Aug23_1/156-20190822190200-snapshot.jpg
1,1,20190822,190330,79,2,131,211,208,267,Aug23_1/156-20190822190330-snapshot.jpg
1,1,20190822,190330,91,4,1350,461,1441,557,Aug23_1/156-20190822190330-snapshot.jpg
1,1,20190822,191100,87,2,75,230,176,304,Aug23_1/156-20190822191100-snapshot.jpg
1,1,20190822,191500,89,4,1394,312,1522,406,Aug23_1/156-20190822191500-snapshot.jpg
1,1,20190822,191630,86,2,255,747,343,825,Aug23_1/156-20190822191630-snapshot.jpg
1,1,20190822,192000,82,4,575,984,672,1068,Aug23_1/156-20190822192000-snapshot.jpg
1,1,20190822,192200,88,4,1502,779,1599,868,Aug23_1/156-20190822192200-snapshot.jpg
1,1,20190822,192730,87,2,1621,347,1726,419,Aug23_1/156-20190822192730-snapshot.jpg
1,1,20190822,194000,88,4,303,150,406,239,Aug23_1/156-20190822194000-snapshot.jpg
1,1,20190822,194230,85,4,494,668,602,793,Aug23_1/156-20190822194230-snapshot.jpg
1,1,20190822,195130,79,2,1321,567,1417,655,Aug23_1/156-20190822195130-snapshot.jpg
1,1,20190822,195200,69,2,1592,442,1681,496,Aug23_1/156-20190822195200-snapshot.jpg
1,1,20190822,195300,77,2,1404,593,1489,661,Aug23_1/156-20190822195300-snapshot.jpg
1,1,20190822,195530,71,2,548,987,645,1049,Aug23_1/156-20190822195530-snapshot.jpg
1,1,20190822,195600,87,2,375,173,469,241,Aug23_1/156-20190822195600-snapshot.jpg
1,1,20190822,200200,90,2,1405,432,1492,521,Aug23_1/156-20190822200200-snapshot.jpg
1,1,20190822,200830,76,2,47,766,119,821,Aug23_1/156-20190822200830-snapshot.jpg
1,1,20190822,201700,83,2,1314,787,1407,876,Aug23_1/156-20190822201700-snapshot.jpg
1,1,20190822,202500,83,2,1558,427,1653,510,Aug23_1/156-20190822202500-snapshot.jpg
1,1,20190822,202600,85,2,1385,543,1470,635,Aug23_1/156-20190822202600-snapshot.jpg
1,1,20190822,202800,57,2,1702,495,1781,560,Aug23_1/156-20190822202800-snapshot.jpg
1,1,20190822,204800,54,4,0,198,57,287,Aug23_1/156-20190822204800-snapshot.jpg
1,1,20190823,062100,85,4,274,190,390,273,Aug23_1/159-20190823062100-snapshot.jpg
1,1,20190823,062200,88,4,554,950,665,1069,Aug23_1/159-20190823062200-snapshot.jpg
1,1,20190823,062330,85,2,1590,714,1663,806,Aug23_1/159-20190823062330-snapshot.jpg
1,1,20190823,064400,88,2,1287,654,1387,730,Aug23_1/159-20190823064400-snapshot.jpg
1,1,20190823,073230,84,8,1181,973,1277,1027,Aug23_1/159-20190823073230-snapshot.jpg
1,1,20190823,080100,88,3,1448,864,1568,949,Aug23_1/159-20190823080100-snapshot.jpg
1,1,20190823,081130,82,2,1490,372,1587,468,Aug23_1/159-20190823081130-snapshot.jpg
1,1,20190823,081330,40,2,293,59,366,130,Aug23_1/159-20190823081330-snapshot.jpg
1,1,20190823,093330,85,2,407,103,497,178,Aug23_1/159-20190823093330-snapshot.jpg
1,1,20190823,093400,82,2,164,208,252,271,Aug23_1/159-20190823093400-snapshot.jpg
1,1,20190823,093600,85,2,557,982,658,1051,Aug23_1/159-20190823093600-snapshot.jpg
1,1,20190823,094530,85,2,133,199,214,266,Aug23_1/159-20190823094530-snapshot.jpg
1,1,20190823,095100,74,2,573,970,673,1027,Aug23_1/159-20190823095100-snapshot.jpg
1,1,20190823,095530,87,4,1447,385,1565,460,Aug23_1/159-20190823095530-snapshot.jpg
1,1,20190823,095700,58,2,40,806,113,855,Aug23_1/159-20190823095700-snapshot.jpg
1,1,20190818,070500,31,2,1456,746,1532,806,Aug23_1/37-20190818070500-snapshot.jpg
1,1,20190818,085100,70,1,219,916,263,951,Aug23_1/53-20190818085100-snapshot.jpg
1,1,20190818,085130,81,1,302,992,352,1044,Aug23_1/53-20190818085130-snapshot.jpg
1,1,20190818,085800,85,4,28,819,121,891,Aug23_1/53-20190818085800-snapshot.jpg
1,1,20190818,110430,84,3,2,291,88,366,Aug23_1/58-20190818110430-snapshot.jpg
1,1,20190818,112400,39,2,1452,754,1529,810,Aug23_1/58-20190818112400-snapshot.jpg
1,1,20190818,114800,58,2,1453,752,1529,808,Aug23_1/58-20190818114800-snapshot.jpg
1,1,20190818,114800,73,7,438,932,787,1080,Aug23_1/58-20190818114800-snapshot.jpg
1,1,20190818,114830,86,7,110,0,253,245,Aug23_1/58-20190818114830-snapshot.jpg
1,1,20190818,115130,57,2,1452,753,1530,808,Aug23_1/58-20190818115130-snapshot.jpg
1,1,20190818,115300,53,2,1453,754,1527,809,Aug23_1/58-20190818115300-snapshot.jpg
1,1,20190818,115700,89,2,1182,657,1286,750,Aug23_1/58-20190818115700-snapshot.jpg
1,1,20190818,121000,70,7,167,54,405,165,Aug23_1/58-20190818121000-snapshot.jpg
1,1,20190818,121030,85,7,172,0,347,236,Aug23_1/58-20190818121030-snapshot.jpg
1,1,20190818,121100,79,8,1881,775,1920,866,Aug23_1/58-20190818121100-snapshot.jpg
1,1,20190818,121300,84,2,499,899,563,995,Aug23_1/58-20190818121300-snapshot.jpg
1,1,20190818,121430,49,8,1851,895,1920,967,Aug23_1/58-20190818121430-snapshot.jpg
1,1,20190818,123730,83,3,2,431,100,512,Aug23_1/58-20190818123730-snapshot.jpg
1,1,20190818,124930,89,4,22,270,115,343,Aug23_1/58-20190818124930-snapshot.jpg
1,1,20190818,125030,84,4,1367,440,1473,546,Aug23_1/58-20190818125030-snapshot.jpg
1,1,20190818,125800,88,3,82,131,188,211,Aug23_1/58-20190818125800-snapshot.jpg
1,1,20190818,131200,38,3,1769,671,1882,752,Aug23_1/58-20190818131200-snapshot.jpg
1,1,20190818,131500,83,2,40,834,137,895,Aug23_1/58-20190818131500-snapshot.jpg
1,1,20190818,132730,88,4,541,969,649,1079,Aug23_1/58-20190818132730-snapshot.jpg
1,1,20190818,134300,71,4,0,347,51,439,Aug23_1/58-20190818134300-snapshot.jpg
1,1,20190818,135600,86,2,391,737,498,807,Aug23_1/58-20190818135600-snapshot.jpg
1,1,20190818,135930,87,3,70,225,171,302,Aug23_1/58-20190818135930-snapshot.jpg
1,1,20190818,141330,87,2,593,947,693,1024,Aug23_1/58-20190818141330-snapshot.jpg
1,1,20190818,142400,81,3,236,815,330,907,Aug23_1/58-20190818142400-snapshot.jpg
1,1,20190818,142500,86,4,1539,821,1629,894,Aug23_1/58-20190818142500-snapshot.jpg
1,1,20190818,144230,86,4,1842,35,1920,131,Aug23_1/58-20190818144230-snapshot.jpg
1,1,20190818,153400,88,3,861,872,977,956,Aug23_1/58-20190818153400-snapshot.jpg
