2,1,20190828,102100,86,2,159,43,278,111,Sep06_1/01-20190828102100-snapshot.jpg
2,1,20190828,102130,80,2,0,40,53,110,Sep06_1/01-20190828102130-snapshot.jpg
2,1,20190828,102430,89,2,1397,939,1498,1012,Sep06_1/01-20190828102430-snapshot.jpg
2,1,20190828,103000,84,2,951,816,1042,882,Sep06_1/01-20190828103000-snapshot.jpg
2,1,20190828,103000,90,4,802,34,890,145,Sep06_1/01-20190828103000-snapshot.jpg
2,1,20190828,103030,85,2,780,344,877,414,Sep06_1/01-20190828103030-snapshot.jpg
2,1,20190828,103030,87,4,962,512,1053,636,Sep06_1/01-20190828103030-snapshot.jpg
2,1,20190828,103100,86,4,1205,692,1304,780,Sep06_1/01-20190828103100-snapshot.jpg
2,1,20190828,103300,86,2,783,21,848,111,Sep06_1/01-20190828103300-snapshot.jpg
2,1,20190828,103330,89,2,788,558,855,655,Sep06_1/01-20190828103330-snapshot.jpg
2,1,20190828,103500,91,2,1187,267,1252,370,Sep06_1/01-20190828103500-snapshot.jpg
2,1,20190828,103700,86,2,1529,473,1628,556,Sep06_1/01-20190828103700-snapshot.jpg
2,1,20190828,103830,81,2,28,2,96,76,Sep06_1/01-20190828103830-snapshot.jpg
2,1,20190828,104700,82,2,1225,386,1284,467,Sep06_1/01-20190828104700-snapshot.jpg
2,1,20190828,105030,54,2,0,81,32,175,Sep06_1/01-20190828105030-snapshot.jpg
2,1,20190828,105030,86,4,1477,128,1581,230,Sep06_1/01-20190828105030-snapshot.jpg
2,1,20190828,105330,88,2,500,141,614,210,Sep06_1/01-20190828105330-snapshot.jpg
2,1,20190828,105430,68,2,678,762,760,851,Sep06_1/01-20190828105430-snapshot.jpg
2,1,20190828,105500,87,2,1385,290,1456,361,Sep06_1/01-20190828105500-snapshot.jpg
2,1,20190828,111130,81,8,0,582,41,651,Sep06_1/01-20190828111130-snapshot.jpg
2,1,20190828,112030,63,2,814,96,875,155,Sep06_1/01-20190828112030-snapshot.jpg
2,1,20190828,112100,88,2,1249,303,1359,364,Sep06_1/01-20190828112100-snapshot.jpg
2,1,20190828,112200,88,3,512,57,619,144,Sep06_1/01-20190828112200-snapshot.jpg
2,1,20190828,112230,88,3,1152,774,1252,864,Sep06_1/01-20190828112230-snapshot.jpg
2,1,20190828,112300,87,2,881,434,935,520,Sep06_1/01-20190828112300-snapshot.jpg
2,1,20190828,112330,73,2,858,368,910,427,Sep06_1/01-20190828112330-snapshot.jpg
2,1,20190828,112600,87,2,1200,268,1273,379,Sep06_1/01-20190828112600-snapshot.jpg
2,1,20190828,112700,82,2,1442,140,1520,198,Sep06_1/01-20190828112700-snapshot.jpg
2,1,20190828,112730,86,2,1154,354,1219,458,Sep06_1/01-20190828112730-snapshot.jpg
2,1,20190828,113200,58,8,1163,870,1219,929,Sep06_1/01-20190828113200-snapshot.jpg
2,1,20190828,113230,27,2,901,463,975,538,Sep06_1/01-20190828113230-snapshot.jpg
2,1,20190828,113230,68,2,1838,163,1903,226,Sep06_1/01-20190828113230-snapshot.jpg
2,1,20190828,113230,70,9,900,463,974,538,Sep06_1/01-20190828113230-snapshot.jpg
2,1,20190828,113230,73,8,1142,859,1208,945,Sep06_1/01-20190828113230-snapshot.jpg
2,1,20190828,113300,88,2,1218,708,1309,781,Sep06_1/01-20190828113300-snapshot.jpg
2,1,20190828,113330,81,2,480,336,546,420,Sep06_1/01-20190828113330-snapshot.jpg
2,1,20190828,113400,78,8,1156,871,1207,942,Sep06_1/01-20190828113400-snapshot.jpg
2,1,20190830,100230,86,8,1578,47,1675,108,Sep06_1/01-20190830100230-snapshot.jpg
2,1,20190830,103500,86,2,1168,221,1261,305,Sep06_1/01-20190830103500-snapshot.jpg
2,1,20190830,103530,85,2,775,601,875,667,Sep06_1/01-20190830103530-snapshot.jpg
2,1,20190830,103600,85,2,1146,649,1200,729,Sep06_1/01-20190830103600-snapshot.jpg
2,1,20190830,103600,87,2,1413,400,1477,504,Sep06_1/01-20190830103600-snapshot.jpg
2,1,20190830,104500,83,2,44,96,117,181,Sep06_1/01-20190830104500-snapshot.jpg
2,1,20190830,105000,89,2,1226,478,1332,546,Sep06_1/01-20190830105000-snapshot.jpg
2,1,20190830,110530,89,2,1602,269,1720,339,Sep06_1/01-20190830110530-snapshot.jpg
2,1,20190830,114500,63,2,423,37,491,116,Sep06_1/01-20190830114500-snapshot.jpg
2,1,20190830,114530,85,2,1161,212,1224,282,Sep06_1/01-20190830114530-snapshot.jpg
2,1,20190830,114730,85,2,1785,980,1893,1072,Sep06_1/01-20190830114730-snapshot.jpg
2,1,20190830,115000,88,4,1176,575,1259,672,Sep06_1/01-20190830115000-snapshot.jpg
2,1,20190830,115100,44,4,930,805,1026,886,Sep06_1/01-20190830115100-snapshot.jpg
2,1,20190830,115100,63,3,929,804,1026,885,Sep06_1/01-20190830115100-snapshot.jpg
2,1,20190830,115300,84,2,1568,114,1674,170,Sep06_1/01-20190830115300-snapshot.jpg
2,1,20190830,115300,90,2,661,774,747,866,Sep06_1/01-20190830115300-snapshot.jpg
2,1,20190830,120830,87,2,1480,72,1543,185,Sep06_1/01-20190830120830-snapshot.jpg
2,1,20190830,120900,88,4,1532,996,1627,1079,Sep06_1/01-20190830120900-snapshot.jpg
2,1,20190830,120930,73,4,9,494,100,585,Sep06_1/01-20190830120930-snapshot.jpg
2,1,20190830,120930,87,2,511,226,568,319,Sep06_1/01-20190830120930-snapshot.jpg
2,1,20190830,121000,73,4,592,2,672,45,Sep06_1/01-20190830121000-snapshot.jpg
2,1,20190830,121000,86,2,76,611,157,678,Sep06_1/01-20190830121000-snapshot.jpg
2,1,20190830,121200,65,2,1286,447,1337,508,Sep06_1/01-20190830121200-snapshot.jpg
2,1,20190830,121200,86,2,705,268,796,334,Sep06_1/01-20190830121200-snapshot.jpg
2,1,20190830,121900,86,8,6,618,63,699,Sep06_1/01-20190830121900-snapshot.jpg
2,1,20190830,122130,86,2,476,239,561,314,Sep06_1/01-20190830122130-snapshot.jpg
2,1,20190830,122330,81,8,1471,824,1550,892,Sep06_1/01-20190830122330-snapshot.jpg
2,1,20190830,122400,87,2,1458,8,1553,67,Sep06_1/01-20190830122400-snapshot.jpg
2,1,20190830,123000,39,1,1043,756,1080,790,Sep06_1/01-20190830123000-snapshot.jpg
2,1,20190830,123530,85,2,1142,219,1230,276,Sep06_1/01-20190830123530-snapshot.jpg
2,1,20190830,123700,82,2,1658,336,1744,409,Sep06_1/01-20190830123700-snapshot.jpg
2,1,20190830,123730,88,2,1389,400,1476,486,Sep06_1/01-20190830123730-snapshot.jpg
2,1,20190830,124030,62,2,21,1,98,57,Sep06_1/01-20190830124030-snapshot.jpg
2,1,20190830,124100,80,2,1716,586,1791,652,Sep06_1/01-20190830124100-snapshot.jpg
2,1,20190830,124400,89,2,1843,176,1920,243,Sep06_1/01-20190830124400-snapshot.jpg
2,1,20190830,124430,90,2,1820,764,1881,855,Sep06_1/01-20190830124430-snapshot.jpg
2,1,20190830,124500,28,2,1496,502,1553,577,Sep06_1/01-20190830124500-snapshot.jpg
2,1,20190830,124530,87,2,1069,563,1129,659,Sep06_1/01-20190830124530-snapshot.jpg
2,1,20190830,125030,88,2,842,660,932,733,Sep06_1/01-20190830125030-snapshot.jpg
2,1,20190830,125100,77,2,826,596,905,660,Sep06_1/01-20190830125100-snapshot.jpg
2,1,20190830,125300,86,2,84,432,152,518,Sep06_1/01-20190830125300-snapshot.jpg
2,1,20190830,125400,85,2,1768,1004,1870,1072,Sep06_1/01-20190830125400-snapshot.jpg
2,1,20190830,125800,89,2,1766,726,1876,801,Sep06_1/01-20190830125800-snapshot.jpg
2,1,20190830,130230,87,2,493,96,553,192,Sep06_1/01-20190830130230-snapshot.jpg
2,1,20190830,130300,83,2,1830,214,1909,281,Sep06_1/01-20190830130300-snapshot.jpg
2,1,20190830,131230,86,2,103,545,164,628,Sep06_1/01-20190830131230-snapshot.jpg
2,1,20190830,131300,81,2,1552,254,1647,315,Sep06_1/01-20190830131300-snapshot.jpg
2,1,20190830,131330,88,2,1190,176,1279,272,Sep06_1/01-20190830131330-snapshot.jpg
2,1,20190830,131400,88,2,1177,403,1241,513,Sep06_1/01-20190830131400-snapshot.jpg
2,1,20190830,131530,87,2,1082,45,1177,111,Sep06_1/01-20190830131530-snapshot.jpg
2,1,20190830,131600,87,2,1409,962,1501,1036,Sep06_1/01-20190830131600-snapshot.jpg
2,1,20190830,131600,90,2,1416,14,1503,70,Sep06_1/01-20190830131600-snapshot.jpg
2,1,20190830,131630,89,2,1446,373,1512,477,Sep06_1/01-20190830131630-snapshot.jpg
2,1,20190830,131730,79,2,819,594,876,663,Sep06_1/01-20190830131730-snapshot.jpg
2,1,20190830,132200,54,2,544,4,620,43,Sep06_1/01-20190830132200-snapshot.jpg
2,1,20190830,132330,83,2,596,225,675,284,Sep06_1/01-20190830132330-snapshot.jpg
2,1,20190830,132400,85,2,782,107,851,188,Sep06_1/01-20190830132400-snapshot.jpg
2,1,20190830,132530,28,2,1150,0,1210,31,Sep06_1/01-20190830132530-snapshot.jpg
2,1,20190830,132730,66,2,804,3,867,54,Sep06_1/01-20190830132730-snapshot.jpg
2,1,20190830,132830,55,2,962,0,1012,33,Sep06_1/01-20190830132830-snapshot.jpg
2,1,20190830,132900,83,2,800,339,893,398,Sep06_1/01-20190830132900-snapshot.jpg
2,1,20190830,132930,77,8,1123,846,1181,951,Sep06_1/01-20190830132930-snapshot.jpg
2,1,20190830,132930,89,2,1040,459,1129,532,Sep06_1/01-20190830132930-snapshot.jpg
2,1,20190830,133130,89,2,966,500,1065,580,Sep06_1/01-20190830133130-snapshot.jpg
2,1,20190830,133200,29,2,163,1039,226,1080,Sep06_1/01-20190830133200-snapshot.jpg
2,1,20190830,133200,89,2,1283,463,1374,532,Sep06_1/01-20190830133200-snapshot.jpg
2,1,20190830,133300,84,2,58,478,148,536,Sep06_1/01-20190830133300-snapshot.jpg
2,1,20190830,133330,85,2,812,340,879,419,Sep06_1/01-20190830133330-snapshot.jpg
2,1,20190830,133430,69,2,1755,594,1814,648,Sep06_1/01-20190830133430-snapshot.jpg
2,1,20190830,133630,58,2,1220,187,1272,246,Sep06_1/01-20190830133630-snapshot.jpg
2,1,20190830,133700,84,2,1826,817,1891,902,Sep06_1/01-20190830133700-snapshot.jpg
2,1,20190830,133730,81,2,1459,6,1544,56,Sep06_1/01-20190830133730-snapshot.jpg
2,1,20190830,133800,83,2,1215,638,1283,737,Sep06_1/01-20190830133800-snapshot.jpg
2,1,20190830,133830,83,2,830,54,885,152,Sep06_1/01-20190830133830-snapshot.jpg
2,1,20190830,134230,73,2,1587,141,1679,216,Sep06_1/01-20190830134230-snapshot.jpg
2,1,20190830,134300,84,2,671,79,733,158,Sep06_1/01-20190830134300-snapshot.jpg
2,1,20190830,134400,85,2,1761,596,1868,651,Sep06_1/01-20190830134400-snapshot.jpg
2,1,20190830,134430,88,2,1178,226,1270,316,Sep06_1/01-20190830134430-snapshot.jpg
2,1,20190830,134500,82,2,775,594,835,660,Sep06_1/01-20190830134500-snapshot.jpg
2,1,20190830,134730,86,2,1522,24,1577,117,Sep06_1/01-20190830134730-snapshot.jpg
2,1,20190830,134800,87,2,1526,164,1614,243,Sep06_1/01-20190830134800-snapshot.jpg
2,1,20190830,134900,79,2,84,519,170,583,Sep06_1/01-20190830134900-snapshot.jpg
2,1,20190830,135100,70,2,1711,774,1784,825,Sep06_1/01-20190830135100-snapshot.jpg
2,1,20190830,135230,55,2,580,2,650,45,Sep06_1/01-20190830135230-snapshot.jpg
2,1,20190830,135500,69,5,433,259,483,310,Sep06_1/01-20190830135500-snapshot.jpg
2,1,20190830,135500,87,2,1443,987,1544,1045,Sep06_1/01-20190830135500-snapshot.jpg
2,1,20190830,135530,89,2,628,261,745,330,Sep06_1/01-20190830135530-snapshot.jpg
2,1,20190830,135700,77,2,74,610,128,677,Sep06_1/01-20190830135700-snapshot.jpg
2,1,20190830,135730,88,2,1396,421,1509,490,Sep06_1/01-20190830135730-snapshot.jpg
2,1,20190830,135830,87,2,722,254,786,343,Sep06_1/01-20190830135830-snapshot.jpg
2,1,20190830,135900,85,2,1669,599,1759,658,Sep06_1/01-20190830135900-snapshot.jpg
2,1,20190830,135900,87,2,1420,219,1523,294,Sep06_1/01-20190830135900-snapshot.jpg
2,1,20190830,135930,87,2,890,356,958,449,Sep06_1/01-20190830135930-snapshot.jpg
2,1,20190830,140000,87,2,1117,222,1196,291,Sep06_1/01-20190830140000-snapshot.jpg
2,1,20190830,140130,37,2,863,2,932,35,Sep06_1/01-20190830140130-snapshot.jpg
2,1,20190830,140300,86,2,860,590,947,656,Sep06_1/01-20190830140300-snapshot.jpg
2,1,20190830,140330,76,2,545,2,605,69,Sep06_1/01-20190830140330-snapshot.jpg
2,1,20190830,140500,70,2,1099,146,1184,207,Sep06_1/01-20190830140500-snapshot.jpg
2,1,20190830,140700,75,2,684,788,742,862,Sep06_1/01-20190830140700-snapshot.jpg
2,1,20190830,140700,89,2,118,521,228,594,Sep06_1/01-20190830140700-snapshot.jpg
2,1,20190830,140800,85,2,682,69,755,154,Sep06_1/01-20190830140800-snapshot.jpg
2,1,20190830,140830,70,2,1798,995,1895,1071,Sep06_1/01-20190830140830-snapshot.jpg
2,1,20190830,140830,81,2,905,535,963,600,Sep06_1/01-20190830140830-snapshot.jpg
2,1,20190830,140900,89,2,989,548,1091,629,Sep06_1/01-20190830140900-snapshot.jpg
2,1,20190830,141000,77,2,988,1012,1079,1080,Sep06_1/01-20190830141000-snapshot.jpg
2,1,20190830,141030,80,2,1641,347,1723,447,Sep06_1/01-20190830141030-snapshot.jpg
2,1,20190830,141100,88,2,1613,87,1711,144,Sep06_1/01-20190830141100-snapshot.jpg
2,1,20190830,141200,89,2,1819,628,1880,730,Sep06_1/01-20190830141200-snapshot.jpg
2,1,20190830,141230,87,2,1790,744,1852,835,Sep06_1/01-20190830141230-snapshot.jpg
2,1,20190830,141300,89,2,1772,745,1866,831,Sep06_1/01-20190830141300-snapshot.jpg
2,1,20190830,141330,86,2,1819,891,1920,964,Sep06_1/01-20190830141330-snapshot.jpg
2,1,20190830,141500,84,8,366,811,461,869,Sep06_1/01-20190830141500-snapshot.jpg
2,1,20190830,141700,88,2,1137,436,1237,500,Sep06_1/01-20190830141700-snapshot.jpg
2,1,20190830,141900,86,2,1648,157,1740,222,Sep06_1/01-20190830141900-snapshot.jpg
2,1,20190830,142200,54,2,820,597,873,657,Sep06_1/01-20190830142200-snapshot.jpg
2,1,20190830,142200,86,2,1168,434,1234,526,Sep06_1/01-20190830142200-snapshot.jpg
2,1,20190830,142230,27,2,1155,0,1209,29,Sep06_1/01-20190830142230-snapshot.jpg
2,1,20190830,142230,84,2,471,4,574,62,Sep06_1/01-20190830142230-snapshot.jpg
2,1,20190830,142230,85,2,1764,990,1880,1063,Sep06_1/01-20190830142230-snapshot.jpg
2,1,20190830,142300,85,2,104,90,201,159,Sep06_1/01-20190830142300-snapshot.jpg
2,1,20190830,142500,63,8,338,821,415,876,Sep06_1/01-20190830142500-snapshot.jpg
2,1,20190830,142600,89,2,1011,702,1139,773,Sep06_1/01-20190830142600-snapshot.jpg
2,1,20190830,142800,85,2,1782,611,1893,673,Sep06_1/01-20190830142800-snapshot.jpg
2,1,20190830,142800,86,2,1662,593,1749,661,Sep06_1/01-20190830142800-snapshot.jpg
2,1,20190830,143000,88,2,1148,117,1233,201,Sep06_1/01-20190830143000-snapshot.jpg
2,1,20190830,143030,87,2,1254,802,1348,866,Sep06_1/01-20190830143030-snapshot.jpg
2,1,20190830,143100,83,2,801,92,888,151,Sep06_1/01-20190830143100-snapshot.jpg
2,1,20190830,143130,89,2,1754,273,1837,356,Sep06_1/01-20190830143130-snapshot.jpg
2,1,20190830,143900,87,2,1460,223,1525,337,Sep06_1/01-20190830143900-snapshot.jpg
2,1,20190830,144430,67,2,1180,546,1234,622,Sep06_1/01-20190830144430-snapshot.jpg
2,1,20190830,144830,90,2,1815,621,1916,705,Sep06_1/01-20190830144830-snapshot.jpg
2,1,20190830,144900,89,2,1188,570,1294,635,Sep06_1/01-20190830144900-snapshot.jpg
2,1,20190830,144930,75,2,1166,225,1241,279,Sep06_1/01-20190830144930-snapshot.jpg
2,1,20190830,145000,88,2,872,595,927,699,Sep06_1/01-20190830145000-snapshot.jpg
2,1,20190830,145030,85,2,1453,5,1559,63,Sep06_1/01-20190830145030-snapshot.jpg
2,1,20190830,145030,89,2,1189,440,1248,535,Sep06_1/01-20190830145030-snapshot.jpg
2,1,20190830,145600,40,8,1403,917,1472,964,Sep06_1/01-20190830145600-snapshot.jpg
2,1,20190830,145600,72,2,431,4,524,67,Sep06_1/01-20190830145600-snapshot.jpg
2,1,20190830,150200,89,2,871,561,973,648,Sep06_1/01-20190830150200-snapshot.jpg
2,1,20190830,150230,86,2,1231,432,1327,500,Sep06_1/01-20190830150230-snapshot.jpg
2,1,20190830,152030,80,2,1655,626,1709,709,Sep06_1/01-20190830152030-snapshot.jpg
2,1,20190830,152130,86,2,1526,768,1589,860,Sep06_1/01-20190830152130-snapshot.jpg
2,1,20190830,152200,91,2,1820,476,1911,572,Sep06_1/01-20190830152200-snapshot.jpg
2,1,20190830,152500,85,8,45,862,103,948,Sep06_1/01-20190830152500-snapshot.jpg
2,1,20190830,153330,85,2,808,494,869,592,Sep06_1/01-20190830153330-snapshot.jpg
2,1,20190830,154830,86,2,851,2,905,82,Sep06_1/01-20190830154830-snapshot.jpg
2,1,20190830,155330,76,2,1873,302,1920,382,Sep06_1/01-20190830155330-snapshot.jpg
2,1,20190830,155400,30,8,322,822,413,875,Sep06_1/01-20190830155400-snapshot.jpg
2,1,20190830,155500,84,2,1854,843,1920,934,Sep06_1/01-20190830155500-snapshot.jpg
2,1,20190830,155530,79,2,1527,1006,1594,1074,Sep06_1/01-20190830155530-snapshot.jpg
2,1,20190830,155600,87,2,702,222,795,305,Sep06_1/01-20190830155600-snapshot.jpg
2,1,20190830,155700,87,2,1791,699,1880,788,Sep06_1/01-20190830155700-snapshot.jpg
2,1,20190830,155800,87,2,1817,228,1901,295,Sep06_1/01-20190830155800-snapshot.jpg
2,1,20190830,155800,87,2,816,435,914,516,Sep06_1/01-20190830155800-snapshot.jpg
2,1,20190830,155930,79,2,693,797,751,883,Sep06_1/01-20190830155930-snapshot.jpg
2,1,20190830,160400,69,2,1173,583,1236,641,Sep06_1/01-20190830160400-snapshot.jpg
2,1,20190830,160400,88,2,482,191,542,288,Sep06_1/01-20190830160400-snapshot.jpg
2,1,20190830,160430,81,2,17,92,82,184,Sep06_1/01-20190830160430-snapshot.jpg
2,1,20190830,160500,88,2,301,83,386,153,Sep06_1/01-20190830160500-snapshot.jpg
2,1,20190830,160530,86,2,773,33,832,118,Sep06_1/01-20190830160530-snapshot.jpg
2,1,20190830,160630,62,2,1179,585,1246,651,Sep06_1/01-20190830160630-snapshot.jpg
2,1,20190830,160830,85,2,1634,292,1721,372,Sep06_1/01-20190830160830-snapshot.jpg
2,1,20190830,161030,86,2,1203,592,1275,666,Sep06_1/01-20190830161030-snapshot.jpg
2,1,20190830,161130,89,2,1053,463,1117,560,Sep06_1/01-20190830161130-snapshot.jpg
2,1,20190830,161200,89,2,1052,567,1146,674,Sep06_1/01-20190830161200-snapshot.jpg
2,1,20190830,161230,67,2,1883,291,1920,355,Sep06_1/01-20190830161230-snapshot.jpg
2,1,20190830,161700,86,2,1803,746,1861,832,Sep06_1/01-20190830161700-snapshot.jpg
2,1,20190830,162430,52,2,1194,274,1244,332,Sep06_1/01-20190830162430-snapshot.jpg
2,1,20190830,162430,83,2,680,97,754,162,Sep06_1/01-20190830162430-snapshot.jpg
2,1,20190830,162530,77,2,1640,601,1719,661,Sep06_1/01-20190830162530-snapshot.jpg
2,1,20190830,162730,85,2,693,825,776,903,Sep06_1/01-20190830162730-snapshot.jpg
2,1,20190830,162830,87,2,1394,259,1488,353,Sep06_1/01-20190830162830-snapshot.jpg
2,1,20190830,162900,89,4,564,59,664,150,Sep06_1/01-20190830162900-snapshot.jpg
2,1,20190830,163300,88,2,1103,604,1199,689,Sep06_1/01-20190830163300-snapshot.jpg
2,1,20190830,163500,81,2,1217,648,1299,708,Sep06_1/01-20190830163500-snapshot.jpg
2,1,20190830,163630,86,2,121,543,190,635,Sep06_1/01-20190830163630-snapshot.jpg
2,1,20190830,163700,81,2,429,14,492,96,Sep06_1/01-20190830163700-snapshot.jpg
2,1,20190830,164230,74,2,1364,91,1431,158,Sep06_1/01-20190830164230-snapshot.jpg
2,1,20190830,164300,88,2,124,543,223,633,Sep06_1/01-20190830164300-snapshot.jpg
2,1,20190830,164330,88,2,819,134,920,196,Sep06_1/01-20190830164330-snapshot.jpg
2,1,20190830,164430,88,2,1734,415,1841,503,Sep06_1/01-20190830164430-snapshot.jpg
2,1,20190830,165900,83,2,26,587,92,656,Sep06_1/01-20190830165900-snapshot.jpg
2,1,20190830,170000,90,2,1228,94,1325,183,Sep06_1/01-20190830170000-snapshot.jpg
2,1,20190830,170400,58,2,1612,154,1668,217,Sep06_1/01-20190830170400-snapshot.jpg
2,1,20190830,170430,83,2,1647,659,1736,718,Sep06_1/01-20190830170430-snapshot.jpg
2,1,20190830,170500,89,2,1059,810,1162,886,Sep06_1/01-20190830170500-snapshot.jpg
2,1,20190830,170530,87,2,770,360,832,450,Sep06_1/01-20190830170530-snapshot.jpg
2,1,20190830,170700,88,2,1039,348,1101,451,Sep06_1/01-20190830170700-snapshot.jpg
2,1,20190830,170730,86,2,72,400,151,487,Sep06_1/01-20190830170730-snapshot.jpg
2,1,20190830,170730,88,2,1049,471,1110,572,Sep06_1/01-20190830170730-snapshot.jpg
2,1,20190830,171400,85,2,446,96,503,169,Sep06_1/01-20190830171400-snapshot.jpg
2,1,20190830,171630,84,2,1841,683,1908,785,Sep06_1/01-20190830171630-snapshot.jpg
2,1,20190830,171700,86,2,778,29,834,107,Sep06_1/01-20190830171700-snapshot.jpg
2,1,20190830,172300,87,2,1327,450,1416,521,Sep06_1/01-20190830172300-snapshot.jpg
2,1,20190830,172330,88,2,1475,210,1536,320,Sep06_1/01-20190830172330-snapshot.jpg
2,1,20190830,172530,83,2,813,593,886,657,Sep06_1/01-20190830172530-snapshot.jpg
2,1,20190830,172830,86,2,816,93,891,171,Sep06_1/01-20190830172830-snapshot.jpg
2,1,20190830,173700,87,2,1146,317,1224,395,Sep06_1/01-20190830173700-snapshot.jpg
2,1,20190830,173730,85,2,226,93,282,166,Sep06_1/01-20190830173730-snapshot.jpg
2,1,20190830,174030,85,2,3,527,82,592,Sep06_1/01-20190830174030-snapshot.jpg
2,1,20190830,174100,41,2,1754,596,1813,642,Sep06_1/01-20190830174100-snapshot.jpg
2,1,20190830,174200,86,2,455,131,513,227,Sep06_1/01-20190830174200-snapshot.jpg
2,1,20190830,174700,69,2,814,598,884,658,Sep06_1/01-20190830174700-snapshot.jpg
2,1,20190830,174830,84,2,783,496,845,586,Sep06_1/01-20190830174830-snapshot.jpg
2,1,20190830,174900,86,2,1409,86,1490,169,Sep06_1/01-20190830174900-snapshot.jpg
2,1,20190830,175200,84,2,887,640,940,718,Sep06_1/01-20190830175200-snapshot.jpg
2,1,20190830,175330,85,2,108,517,172,596,Sep06_1/01-20190830175330-snapshot.jpg
2,1,20190830,175400,85,2,782,501,890,575,Sep06_1/01-20190830175400-snapshot.jpg
2,1,20190830,175700,85,2,1779,424,1848,500,Sep06_1/01-20190830175700-snapshot.jpg
2,1,20190830,175730,85,2,433,192,521,267,Sep06_1/01-20190830175730-snapshot.jpg
2,1,20190830,175730,87,2,1564,183,1664,242,Sep06_1/01-20190830175730-snapshot.jpg
2,1,20190830,180200,86,2,1803,712,1903,801,Sep06_1/01-20190830180200-snapshot.jpg
2,1,20190830,180230,87,2,1709,785,1805,858,Sep06_1/01-20190830180230-snapshot.jpg
2,1,20190830,180800,86,2,1561,181,1640,258,Sep06_1/01-20190830180800-snapshot.jpg
2,1,20190830,180830,68,2,1117,217,1172,278,Sep06_1/01-20190830180830-snapshot.jpg
2,1,20190830,181000,87,2,432,48,514,130,Sep06_1/01-20190830181000-snapshot.jpg
2,1,20190830,181400,85,2,741,584,814,657,Sep06_1/01-20190830181400-snapshot.jpg
2,1,20190830,181430,82,2,434,4,533,61,Sep06_1/01-20190830181430-snapshot.jpg
2,1,20190830,181630,87,2,1404,951,1489,1038,Sep06_1/01-20190830181630-snapshot.jpg
2,1,20190830,181730,85,2,1856,669,1920,772,Sep06_1/01-20190830181730-snapshot.jpg
2,1,20190830,182030,83,2,0,473,61,540,Sep06_1/01-20190830182030-snapshot.jpg
2,1,20190830,182300,74,2,1700,590,1777,648,Sep06_1/01-20190830182300-snapshot.jpg
2,1,20190830,182330,86,2,1082,464,1136,539,Sep06_1/01-20190830182330-snapshot.jpg
2,1,20190830,182330,88,2,1176,313,1267,414,Sep06_1/01-20190830182330-snapshot.jpg
2,1,20190830,182400,86,2,694,672,762,749,Sep06_1/01-20190830182400-snapshot.jpg
2,1,20190830,182430,90,2,1265,454,1354,533,Sep06_1/01-20190830182430-snapshot.jpg
2,1,20190830,182500,87,2,917,589,994,657,Sep06_1/01-20190830182500-snapshot.jpg
2,1,20190830,182530,86,2,228,112,308,177,Sep06_1/01-20190830182530-snapshot.jpg
2,1,20190830,183200,86,2,793,864,889,947,Sep06_1/01-20190830183200-snapshot.jpg
2,1,20190830,183300,88,2,1833,650,1895,758,Sep06_1/01-20190830183300-snapshot.jpg
2,1,20190830,184000,88,2,80,612,141,712,Sep06_1/01-20190830184000-snapshot.jpg
2,1,20190830,184430,87,2,763,151,855,246,Sep06_1/01-20190830184430-snapshot.jpg
2,1,20190830,190000,67,2,1550,0,1627,58,Sep06_1/01-20190830190000-snapshot.jpg
2,1,20190830,190030,84,2,1144,277,1234,330,Sep06_1/01-20190830190030-snapshot.jpg
2,1,20190830,190100,85,2,1405,946,1492,1017,Sep06_1/01-20190830190100-snapshot.jpg
2,1,20190830,190500,86,2,63,623,158,688,Sep06_1/01-20190830190500-snapshot.jpg
2,1,20190830,190530,89,2,1034,577,1146,648,Sep06_1/01-20190830190530-snapshot.jpg
2,1,20190830,190600,87,2,1825,718,1902,788,Sep06_1/01-20190830190600-snapshot.jpg
2,1,20190830,190730,86,2,1480,892,1567,993,Sep06_1/01-20190830190730-snapshot.jpg
2,1,20190830,190900,72,2,1142,260,1212,326,Sep06_1/01-20190830190900-snapshot.jpg
2,1,20190830,191430,81,2,1438,92,1532,169,Sep06_1/01-20190830191430-snapshot.jpg
2,1,20190830,191530,86,2,464,189,524,274,Sep06_1/01-20190830191530-snapshot.jpg
2,1,20190830,191630,86,2,708,608,783,676,Sep06_1/01-20190830191630-snapshot.jpg
2,1,20190830,191630,88,2,1204,549,1261,651,Sep06_1/01-20190830191630-snapshot.jpg
2,1,20190830,192130,84,8,250,333,330,428,Sep06_1/01-20190830192130-snapshot.jpg
2,1,20190830,192600,78,2,1677,580,1776,647,Sep06_1/01-20190830192600-snapshot.jpg
2,1,20190830,192700,87,2,757,523,822,623,Sep06_1/01-20190830192700-snapshot.jpg
2,1,20190830,192730,88,2,1046,588,1161,669,Sep06_1/01-20190830192730-snapshot.jpg
2,1,20190830,192900,86,2,1603,167,1688,228,Sep06_1/01-20190830192900-snapshot.jpg
2,1,20190830,193930,86,2,1605,274,1694,353,Sep06_1/01-20190830193930-snapshot.jpg
2,1,20190830,194300,84,2,1765,748,1833,854,Sep06_1/01-20190830194300-snapshot.jpg
2,1,20190830,201430,88,2,1801,753,1908,828,Sep06_1/01-20190830201430-snapshot.jpg
2,1,20190830,202530,82,2,12,559,86,639,Sep06_1/01-20190830202530-snapshot.jpg
2,1,20190828,114200,64,2,1666,344,1721,412,Sep06_1/02-20190828114200-snapshot.jpg
2,1,20190828,114230,86,2,887,22,946,104,Sep06_1/02-20190828114230-snapshot.jpg
2,1,20190828,114300,85,2,126,76,232,140,Sep06_1/02-20190828114300-snapshot.jpg
2,1,20190828,114530,87,2,717,617,813,697,Sep06_1/02-20190828114530-snapshot.jpg
2,1,20190828,114730,79,8,1195,884,1252,975,Sep06_1/02-20190828114730-snapshot.jpg
2,1,20190828,114730,83,3,1760,572,1883,650,Sep06_1/02-20190828114730-snapshot.jpg
2,1,20190828,114800,81,3,1877,857,1920,967,Sep06_1/02-20190828114800-snapshot.jpg
2,1,20190828,114830,88,3,861,385,942,476,Sep06_1/02-20190828114830-snapshot.jpg
2,1,20190828,114900,90,2,1239,973,1338,1054,Sep06_1/02-20190828114900-snapshot.jpg
2,1,20190828,115000,86,2,418,39,482,126,Sep06_1/02-20190828115000-snapshot.jpg
2,1,20190828,115030,84,2,1169,2,1228,82,Sep06_1/02-20190828115030-snapshot.jpg
2,1,20190828,115100,86,2,814,60,872,147,Sep06_1/02-20190828115100-snapshot.jpg
2,1,20190828,115130,84,2,742,634,834,701,Sep06_1/02-20190828115130-snapshot.jpg
2,1,20190828,115200,86,2,1405,836,1502,901,Sep06_1/02-20190828115200-snapshot.jpg
2,1,20190828,115230,88,2,1534,452,1649,529,Sep06_1/02-20190828115230-snapshot.jpg
2,1,20190828,115300,89,3,1247,134,1365,231,Sep06_1/02-20190828115300-snapshot.jpg
2,1,20190828,115400,81,2,1146,240,1220,300,Sep06_1/02-20190828115400-snapshot.jpg
2,1,20190828,115430,86,2,1206,592,1271,683,Sep06_1/02-20190828115430-snapshot.jpg
2,1,20190828,115530,88,2,1101,448,1207,519,Sep06_1/02-20190828115530-snapshot.jpg
2,1,20190828,115600,88,2,768,615,832,711,Sep06_1/02-20190828115600-snapshot.jpg
2,1,20190828,115600,88,2,1405,964,1499,1037,Sep06_1/02-20190828115600-snapshot.jpg
2,1,20190828,115630,86,2,1155,775,1247,858,Sep06_1/02-20190828115630-snapshot.jpg
2,1,20190828,115700,86,2,1367,104,1460,176,Sep06_1/02-20190828115700-snapshot.jpg
2,1,20190828,115730,84,2,869,34,961,100,Sep06_1/02-20190828115730-snapshot.jpg
2,1,20190828,115730,89,2,1350,287,1449,351,Sep06_1/02-20190828115730-snapshot.jpg
2,1,20190828,115800,91,2,878,772,984,867,Sep06_1/02-20190828115800-snapshot.jpg
2,1,20190828,120030,86,2,1195,169,1308,242,Sep06_1/02-20190828120030-snapshot.jpg
2,1,20190828,120200,86,2,797,577,855,669,Sep06_1/02-20190828120200-snapshot.jpg
2,1,20190828,120330,78,2,153,27,244,97,Sep06_1/02-20190828120330-snapshot.jpg
2,1,20190828,120400,85,2,763,92,854,153,Sep06_1/02-20190828120400-snapshot.jpg
2,1,20190828,120430,86,2,395,137,488,205,Sep06_1/02-20190828120430-snapshot.jpg
2,1,20190828,120500,37,2,1204,315,1272,374,Sep06_1/02-20190828120500-snapshot.jpg
2,1,20190828,120530,87,2,1719,644,1782,745,Sep06_1/02-20190828120530-snapshot.jpg
2,1,20190828,120600,53,2,1887,890,1920,963,Sep06_1/02-20190828120600-snapshot.jpg
2,1,20190828,120800,89,2,1356,1000,1451,1080,Sep06_1/02-20190828120800-snapshot.jpg
2,1,20190828,120900,59,2,110,0,209,44,Sep06_1/02-20190828120900-snapshot.jpg
2,1,20190828,120900,74,2,557,2,627,60,Sep06_1/02-20190828120900-snapshot.jpg
2,1,20190828,120900,88,2,1766,670,1875,733,Sep06_1/02-20190828120900-snapshot.jpg
2,1,20190828,120930,84,2,1103,1,1161,76,Sep06_1/02-20190828120930-snapshot.jpg
2,1,20190828,120930,86,2,895,476,961,562,Sep06_1/02-20190828120930-snapshot.jpg
2,1,20190828,120930,87,2,1061,727,1135,831,Sep06_1/02-20190828120930-snapshot.jpg
2,1,20190828,121000,88,2,1514,458,1572,553,Sep06_1/02-20190828121000-snapshot.jpg
2,1,20190828,121000,88,2,1081,411,1168,506,Sep06_1/02-20190828121000-snapshot.jpg
2,1,20190828,121030,79,2,0,42,79,109,Sep06_1/02-20190828121030-snapshot.jpg
2,1,20190828,121030,85,2,1405,921,1489,1002,Sep06_1/02-20190828121030-snapshot.jpg
2,1,20190828,121300,84,2,1859,303,1920,367,Sep06_1/02-20190828121300-snapshot.jpg
2,1,20190828,121430,26,2,856,364,904,417,Sep06_1/02-20190828121430-snapshot.jpg
2,1,20190828,121430,55,2,66,452,129,545,Sep06_1/02-20190828121430-snapshot.jpg
2,1,20190828,121530,87,2,1810,559,1913,621,Sep06_1/02-20190828121530-snapshot.jpg
2,1,20190828,121600,85,2,0,54,79,132,Sep06_1/02-20190828121600-snapshot.jpg
2,1,20190828,121600,86,2,1591,844,1648,940,Sep06_1/02-20190828121600-snapshot.jpg
2,1,20190828,121630,86,2,1178,469,1257,540,Sep06_1/02-20190828121630-snapshot.jpg
2,1,20190828,121700,88,2,809,599,910,663,Sep06_1/02-20190828121700-snapshot.jpg
2,1,20190828,121730,89,2,1178,778,1257,863,Sep06_1/02-20190828121730-snapshot.jpg
2,1,20190828,121830,91,2,1385,306,1477,404,Sep06_1/02-20190828121830-snapshot.jpg
2,1,20190828,121930,83,2,1504,283,1563,372,Sep06_1/02-20190828121930-snapshot.jpg
2,1,20190828,122130,86,2,836,502,893,598,Sep06_1/02-20190828122130-snapshot.jpg
2,1,20190828,122200,87,2,1547,720,1650,795,Sep06_1/02-20190828122200-snapshot.jpg
2,1,20190828,122230,85,2,1821,547,1919,623,Sep06_1/02-20190828122230-snapshot.jpg
2,1,20190828,122230,88,2,1326,95,1422,169,Sep06_1/02-20190828122230-snapshot.jpg
2,1,20190828,122400,87,2,48,141,158,203,Sep06_1/02-20190828122400-snapshot.jpg
2,1,20190828,122400,87,2,1488,788,1549,889,Sep06_1/02-20190828122400-snapshot.jpg
2,1,20190828,122430,83,8,508,901,560,967,Sep06_1/02-20190828122430-snapshot.jpg
2,1,20190828,122430,86,2,524,13,609,78,Sep06_1/02-20190828122430-snapshot.jpg
2,1,20190828,122630,77,2,772,497,858,559,Sep06_1/02-20190828122630-snapshot.jpg
2,1,20190828,122700,77,2,816,59,904,128,Sep06_1/02-20190828122700-snapshot.jpg
2,1,20190828,122700,89,2,1004,424,1122,493,Sep06_1/02-20190828122700-snapshot.jpg
2,1,20190828,122730,80,2,1194,228,1246,294,Sep06_1/02-20190828122730-snapshot.jpg
2,1,20190828,122800,84,2,1184,470,1258,541,Sep06_1/02-20190828122800-snapshot.jpg
2,1,20190828,122800,87,2,1830,317,1919,386,Sep06_1/02-20190828122800-snapshot.jpg
2,1,20190828,122800,87,2,1714,734,1832,798,Sep06_1/02-20190828122800-snapshot.jpg
2,1,20190828,122830,88,2,1503,465,1601,529,Sep06_1/02-20190828122830-snapshot.jpg
2,1,20190828,122900,83,2,1654,322,1725,396,Sep06_1/02-20190828122900-snapshot.jpg
2,1,20190828,122900,83,2,4,23,90,89,Sep06_1/02-20190828122900-snapshot.jpg
2,1,20190828,122900,90,2,923,604,1008,676,Sep06_1/02-20190828122900-snapshot.jpg
2,1,20190828,122900,91,2,837,819,901,923,Sep06_1/02-20190828122900-snapshot.jpg
2,1,20190828,122930,88,2,1350,289,1418,387,Sep06_1/02-20190828122930-snapshot.jpg
2,1,20190828,122930,88,2,1249,74,1344,165,Sep06_1/02-20190828122930-snapshot.jpg
2,1,20190828,123000,87,2,1638,196,1755,261,Sep06_1/02-20190828123000-snapshot.jpg
2,1,20190828,123330,90,2,1770,650,1866,727,Sep06_1/02-20190828123330-snapshot.jpg
2,1,20190828,123530,88,3,994,571,1086,674,Sep06_1/02-20190828123530-snapshot.jpg
2,1,20190828,123830,85,2,186,240,261,313,Sep06_1/02-20190828123830-snapshot.jpg
2,1,20190828,123900,84,2,23,15,87,105,Sep06_1/02-20190828123900-snapshot.jpg
2,1,20190828,123900,89,2,1835,679,1897,773,Sep06_1/02-20190828123900-snapshot.jpg
2,1,20190828,123930,86,2,411,122,474,215,Sep06_1/02-20190828123930-snapshot.jpg
2,1,20190828,124000,83,2,807,344,896,403,Sep06_1/02-20190828124000-snapshot.jpg
2,1,20190828,124030,88,2,930,404,1021,479,Sep06_1/02-20190828124030-snapshot.jpg
2,1,20190828,124100,86,2,1161,757,1235,818,Sep06_1/02-20190828124100-snapshot.jpg
2,1,20190828,124130,81,2,1249,679,1299,759,Sep06_1/02-20190828124130-snapshot.jpg
2,1,20190828,124130,81,2,1667,786,1739,844,Sep06_1/02-20190828124130-snapshot.jpg
2,1,20190828,124230,88,2,1054,801,1145,897,Sep06_1/02-20190828124230-snapshot.jpg
2,1,20190828,124300,86,2,725,771,788,873,Sep06_1/02-20190828124300-snapshot.jpg
2,1,20190828,124330,83,2,809,339,900,399,Sep06_1/02-20190828124330-snapshot.jpg
2,1,20190828,124400,55,2,1294,140,1360,193,Sep06_1/02-20190828124400-snapshot.jpg
2,1,20190828,124430,86,2,1427,818,1485,895,Sep06_1/02-20190828124430-snapshot.jpg
2,1,20190828,124500,88,2,756,571,848,652,Sep06_1/02-20190828124500-snapshot.jpg
2,1,20190828,124600,82,2,71,427,130,514,Sep06_1/02-20190828124600-snapshot.jpg
2,1,20190828,124630,86,2,462,152,523,228,Sep06_1/02-20190828124630-snapshot.jpg
2,1,20190828,124700,85,2,545,13,602,95,Sep06_1/02-20190828124700-snapshot.jpg
2,1,20190828,124730,83,2,800,64,892,131,Sep06_1/02-20190828124730-snapshot.jpg
2,1,20190828,124730,86,2,975,569,1054,656,Sep06_1/02-20190828124730-snapshot.jpg
2,1,20190828,124800,84,2,1316,71,1418,129,Sep06_1/02-20190828124800-snapshot.jpg
2,1,20190828,124830,89,2,1320,428,1405,506,Sep06_1/02-20190828124830-snapshot.jpg
2,1,20190828,124900,90,2,1774,766,1884,828,Sep06_1/02-20190828124900-snapshot.jpg
2,1,20190828,125030,86,2,1499,962,1564,1051,Sep06_1/02-20190828125030-snapshot.jpg
2,1,20190828,125100,83,2,752,840,813,937,Sep06_1/02-20190828125100-snapshot.jpg
2,1,20190828,125100,89,2,1775,625,1861,707,Sep06_1/02-20190828125100-snapshot.jpg
2,1,20190828,125130,85,2,1844,556,1919,637,Sep06_1/02-20190828125130-snapshot.jpg
2,1,20190828,125130,87,2,754,569,845,654,Sep06_1/02-20190828125130-snapshot.jpg
2,1,20190828,125200,84,2,1316,73,1417,128,Sep06_1/02-20190828125200-snapshot.jpg
2,1,20190828,125430,87,2,1150,748,1230,822,Sep06_1/02-20190828125430-snapshot.jpg
2,1,20190828,125630,85,2,190,91,279,169,Sep06_1/02-20190828125630-snapshot.jpg
2,1,20190828,125630,88,2,1033,402,1094,507,Sep06_1/02-20190828125630-snapshot.jpg
2,1,20190828,125930,89,2,1325,453,1418,519,Sep06_1/02-20190828125930-snapshot.jpg
2,1,20190828,130000,80,2,1786,443,1872,491,Sep06_1/02-20190828130000-snapshot.jpg
2,1,20190828,130000,85,2,1237,828,1330,900,Sep06_1/02-20190828130000-snapshot.jpg
2,1,20190828,130030,75,2,573,2,653,50,Sep06_1/02-20190828130030-snapshot.jpg
2,1,20190828,130230,80,2,1347,75,1435,136,Sep06_1/02-20190828130230-snapshot.jpg
2,1,20190828,130300,85,2,1414,814,1498,881,Sep06_1/02-20190828130300-snapshot.jpg
2,1,20190828,130300,87,2,1160,313,1219,410,Sep06_1/02-20190828130300-snapshot.jpg
2,1,20190828,130330,64,2,1138,2,1195,46,Sep06_1/02-20190828130330-snapshot.jpg
2,1,20190828,130400,77,2,773,607,826,673,Sep06_1/02-20190828130400-snapshot.jpg
2,1,20190828,130400,87,2,1163,515,1258,589,Sep06_1/02-20190828130400-snapshot.jpg
2,1,20190828,130430,88,2,1284,426,1367,487,Sep06_1/02-20190828130430-snapshot.jpg
2,1,20190828,130430,90,2,938,399,1040,481,Sep06_1/02-20190828130430-snapshot.jpg
2,1,20190828,130500,87,2,1685,176,1768,254,Sep06_1/02-20190828130500-snapshot.jpg
2,1,20190828,130600,67,2,1639,348,1701,428,Sep06_1/02-20190828130600-snapshot.jpg
2,1,20190828,130630,89,2,865,375,955,456,Sep06_1/02-20190828130630-snapshot.jpg
2,1,20190828,130730,80,2,0,37,62,98,Sep06_1/02-20190828130730-snapshot.jpg
2,1,20190828,130800,73,2,1217,499,1271,571,Sep06_1/02-20190828130800-snapshot.jpg
2,1,20190828,130800,80,2,400,130,458,204,Sep06_1/02-20190828130800-snapshot.jpg
2,1,20190828,130800,86,2,1499,967,1577,1047,Sep06_1/02-20190828130800-snapshot.jpg
2,1,20190828,130800,87,2,1142,199,1238,263,Sep06_1/02-20190828130800-snapshot.jpg
2,1,20190828,130830,79,2,750,605,823,669,Sep06_1/02-20190828130830-snapshot.jpg
2,1,20190828,130830,84,2,169,56,258,133,Sep06_1/02-20190828130830-snapshot.jpg
2,1,20190828,130900,88,2,1480,918,1576,988,Sep06_1/02-20190828130900-snapshot.jpg
2,1,20190828,130930,87,2,1442,226,1512,317,Sep06_1/02-20190828130930-snapshot.jpg
2,1,20190828,131100,88,2,1358,48,1455,112,Sep06_1/02-20190828131100-snapshot.jpg
2,1,20190828,131130,82,2,1790,259,1865,333,Sep06_1/02-20190828131130-snapshot.jpg
2,1,20190828,131300,88,2,815,475,902,548,Sep06_1/02-20190828131300-snapshot.jpg
2,1,20190828,131400,70,2,1046,0,1098,43,Sep06_1/02-20190828131400-snapshot.jpg
2,1,20190828,131430,77,2,556,1,639,45,Sep06_1/02-20190828131430-snapshot.jpg
2,1,20190828,131430,83,2,1855,503,1920,585,Sep06_1/02-20190828131430-snapshot.jpg
2,1,20190828,131500,79,2,1677,771,1752,830,Sep06_1/02-20190828131500-snapshot.jpg
2,1,20190828,131500,82,2,1464,966,1566,1026,Sep06_1/02-20190828131500-snapshot.jpg
2,1,20190828,131600,89,2,1567,834,1657,921,Sep06_1/02-20190828131600-snapshot.jpg
2,1,20190828,131630,87,2,1700,707,1804,780,Sep06_1/02-20190828131630-snapshot.jpg
2,1,20190828,131700,87,2,1852,645,1920,714,Sep06_1/02-20190828131700-snapshot.jpg
2,1,20190828,131730,70,2,25,23,87,86,Sep06_1/02-20190828131730-snapshot.jpg
2,1,20190828,131800,85,2,522,37,592,116,Sep06_1/02-20190828131800-snapshot.jpg
2,1,20190828,131830,88,2,991,490,1051,595,Sep06_1/02-20190828131830-snapshot.jpg
2,1,20190828,131900,82,2,1843,188,1920,246,Sep06_1/02-20190828131900-snapshot.jpg
2,1,20190828,131900,86,2,831,343,887,423,Sep06_1/02-20190828131900-snapshot.jpg
2,1,20190828,131900,88,2,1697,153,1797,214,Sep06_1/02-20190828131900-snapshot.jpg
2,1,20190828,131930,28,2,1518,275,1590,335,Sep06_1/02-20190828131930-snapshot.jpg
2,1,20190828,132000,68,2,950,300,1012,372,Sep06_1/02-20190828132000-snapshot.jpg
2,1,20190828,132000,79,2,106,80,181,163,Sep06_1/02-20190828132000-snapshot.jpg
2,1,20190828,132000,80,2,1256,789,1352,849,Sep06_1/02-20190828132000-snapshot.jpg
2,1,20190828,132030,83,2,1192,215,1244,284,Sep06_1/02-20190828132030-snapshot.jpg
2,1,20190828,132030,87,2,876,498,936,590,Sep06_1/02-20190828132030-snapshot.jpg
2,1,20190828,132100,88,2,1370,977,1466,1048,Sep06_1/02-20190828132100-snapshot.jpg
2,1,20190828,132100,90,2,897,681,960,773,Sep06_1/02-20190828132100-snapshot.jpg
2,1,20190828,132130,88,2,1836,733,1896,833,Sep06_1/02-20190828132130-snapshot.jpg
2,1,20190828,132230,45,2,804,92,862,150,Sep06_1/02-20190828132230-snapshot.jpg
2,1,20190828,132230,89,2,1473,298,1587,366,Sep06_1/02-20190828132230-snapshot.jpg
2,1,20190828,132400,79,2,1205,604,1279,664,Sep06_1/02-20190828132400-snapshot.jpg
2,1,20190828,132430,87,2,1698,169,1798,226,Sep06_1/02-20190828132430-snapshot.jpg
2,1,20190828,132630,83,2,444,33,505,98,Sep06_1/02-20190828132630-snapshot.jpg
2,1,20190828,132700,70,2,114,53,224,113,Sep06_1/02-20190828132700-snapshot.jpg
2,1,20190828,132730,85,2,777,363,848,434,Sep06_1/02-20190828132730-snapshot.jpg
2,1,20190828,132900,80,4,1195,512,1271,582,Sep06_1/02-20190828132900-snapshot.jpg
2,1,20190828,133000,87,4,770,809,894,903,Sep06_1/02-20190828133000-snapshot.jpg
2,1,20190828,133300,86,2,1639,321,1725,385,Sep06_1/02-20190828133300-snapshot.jpg
2,1,20190828,133330,83,2,978,0,1027,56,Sep06_1/02-20190828133330-snapshot.jpg
2,1,20190828,133330,88,2,728,636,829,703,Sep06_1/02-20190828133330-snapshot.jpg
2,1,20190828,133400,83,2,328,84,392,174,Sep06_1/02-20190828133400-snapshot.jpg
2,1,20190828,133400,84,2,202,257,265,324,Sep06_1/02-20190828133400-snapshot.jpg
2,1,20190828,133500,80,2,1616,378,1702,457,Sep06_1/02-20190828133500-snapshot.jpg
2,1,20190828,133730,69,2,0,140,39,208,Sep06_1/02-20190828133730-snapshot.jpg
2,1,20190828,133730,85,8,1222,935,1279,1024,Sep06_1/02-20190828133730-snapshot.jpg
2,1,20190828,133730,88,2,973,472,1085,539,Sep06_1/02-20190828133730-snapshot.jpg
2,1,20190828,133800,79,2,1375,102,1451,175,Sep06_1/02-20190828133800-snapshot.jpg
2,1,20190828,133830,81,2,536,70,621,141,Sep06_1/02-20190828133830-snapshot.jpg
2,1,20190828,133900,87,2,727,637,827,711,Sep06_1/02-20190828133900-snapshot.jpg
2,1,20190828,133930,88,2,1840,860,1920,928,Sep06_1/02-20190828133930-snapshot.jpg
2,1,20190828,134030,87,2,1294,132,1383,202,Sep06_1/02-20190828134030-snapshot.jpg
2,1,20190828,134100,88,2,1284,478,1377,548,Sep06_1/02-20190828134100-snapshot.jpg
2,1,20190828,134130,87,2,1398,923,1486,984,Sep06_1/02-20190828134130-snapshot.jpg
2,1,20190828,134130,88,2,1185,400,1272,482,Sep06_1/02-20190828134130-snapshot.jpg
2,1,20190828,134200,86,2,912,415,992,501,Sep06_1/02-20190828134200-snapshot.jpg
2,1,20190828,134230,83,2,43,489,132,549,Sep06_1/02-20190828134230-snapshot.jpg
2,1,20190828,134230,88,2,1803,541,1915,604,Sep06_1/02-20190828134230-snapshot.jpg
2,1,20190828,134230,88,2,779,553,871,622,Sep06_1/02-20190828134230-snapshot.jpg
2,1,20190828,134300,77,2,1361,61,1436,142,Sep06_1/02-20190828134300-snapshot.jpg
2,1,20190828,134300,82,2,1192,572,1250,651,Sep06_1/02-20190828134300-snapshot.jpg
2,1,20190828,134330,86,2,903,722,962,818,Sep06_1/02-20190828134330-snapshot.jpg
2,1,20190828,134330,87,2,677,757,768,843,Sep06_1/02-20190828134330-snapshot.jpg
2,1,20190828,134400,87,2,817,380,895,442,Sep06_1/02-20190828134400-snapshot.jpg
2,1,20190828,134430,79,2,440,31,500,95,Sep06_1/02-20190828134430-snapshot.jpg
2,1,20190828,134430,88,2,1176,429,1258,509,Sep06_1/02-20190828134430-snapshot.jpg
2,1,20190828,134500,51,2,171,129,254,196,Sep06_1/02-20190828134500-snapshot.jpg
2,1,20190828,134500,88,2,1516,206,1594,293,Sep06_1/02-20190828134500-snapshot.jpg
2,1,20190828,134530,84,2,836,827,947,889,Sep06_1/02-20190828134530-snapshot.jpg
2,1,20190828,134600,82,2,7,21,112,78,Sep06_1/02-20190828134600-snapshot.jpg
2,1,20190828,134630,72,2,1877,671,1920,743,Sep06_1/02-20190828134630-snapshot.jpg
2,1,20190828,134700,84,2,1076,99,1132,202,Sep06_1/02-20190828134700-snapshot.jpg
2,1,20190828,134730,82,2,795,343,875,407,Sep06_1/02-20190828134730-snapshot.jpg
2,1,20190828,134930,86,2,1420,926,1503,993,Sep06_1/02-20190828134930-snapshot.jpg
2,1,20190828,135030,86,2,381,147,472,209,Sep06_1/02-20190828135030-snapshot.jpg
2,1,20190828,135030,87,2,1173,347,1259,431,Sep06_1/02-20190828135030-snapshot.jpg
2,1,20190828,135130,78,2,1684,774,1746,831,Sep06_1/02-20190828135130-snapshot.jpg
2,1,20190828,135430,83,2,1772,85,1872,143,Sep06_1/02-20190828135430-snapshot.jpg
2,1,20190828,135430,88,2,733,601,824,674,Sep06_1/02-20190828135430-snapshot.jpg
2,1,20190828,135500,77,2,843,458,935,523,Sep06_1/02-20190828135500-snapshot.jpg
2,1,20190828,135530,80,2,1135,322,1225,394,Sep06_1/02-20190828135530-snapshot.jpg
2,1,20190828,135800,86,2,1802,833,1873,925,Sep06_1/02-20190828135800-snapshot.jpg
2,1,20190828,135830,55,2,50,0,148,43,Sep06_1/02-20190828135830-snapshot.jpg
2,1,20190828,135830,74,2,1206,186,1258,254,Sep06_1/02-20190828135830-snapshot.jpg
2,1,20190828,135830,87,2,1260,420,1352,488,Sep06_1/02-20190828135830-snapshot.jpg
2,1,20190828,135900,86,2,514,35,594,117,Sep06_1/02-20190828135900-snapshot.jpg
2,1,20190828,135900,87,2,999,452,1089,551,Sep06_1/02-20190828135900-snapshot.jpg
2,1,20190828,135930,89,2,1843,756,1908,864,Sep06_1/02-20190828135930-snapshot.jpg
2,1,20190828,140000,53,2,918,784,972,838,Sep06_1/02-20190828140000-snapshot.jpg
2,1,20190828,140030,86,2,747,79,828,147,Sep06_1/02-20190828140030-snapshot.jpg
2,1,20190828,140030,89,2,1416,260,1528,330,Sep06_1/02-20190828140030-snapshot.jpg
2,1,20190828,140100,90,2,1451,249,1538,339,Sep06_1/02-20190828140100-snapshot.jpg
2,1,20190828,140130,89,2,1432,279,1532,359,Sep06_1/02-20190828140130-snapshot.jpg
2,1,20190828,140200,88,2,1466,284,1526,374,Sep06_1/02-20190828140200-snapshot.jpg
2,1,20190828,140230,87,2,1507,277,1587,345,Sep06_1/02-20190828140230-snapshot.jpg
2,1,20190828,140300,86,2,1486,221,1545,328,Sep06_1/02-20190828140300-snapshot.jpg
2,1,20190828,140330,87,2,1484,231,1548,329,Sep06_1/02-20190828140330-snapshot.jpg
2,1,20190828,140400,78,2,534,3,616,60,Sep06_1/02-20190828140400-snapshot.jpg
2,1,20190828,140400,87,2,1486,236,1551,327,Sep06_1/02-20190828140400-snapshot.jpg
2,1,20190828,140430,78,2,403,114,460,188,Sep06_1/02-20190828140430-snapshot.jpg
2,1,20190828,140430,89,2,1459,190,1517,291,Sep06_1/02-20190828140430-snapshot.jpg
2,1,20190828,140500,85,2,1489,174,1566,253,Sep06_1/02-20190828140500-snapshot.jpg
2,1,20190828,140500,87,2,487,185,584,250,Sep06_1/02-20190828140500-snapshot.jpg
2,1,20190828,140530,84,2,1496,174,1555,252,Sep06_1/02-20190828140530-snapshot.jpg
2,1,20190828,140530,85,2,443,30,500,97,Sep06_1/02-20190828140530-snapshot.jpg
2,1,20190828,140600,87,2,161,244,250,305,Sep06_1/02-20190828140600-snapshot.jpg
2,1,20190828,140600,87,2,1496,189,1557,290,Sep06_1/02-20190828140600-snapshot.jpg
2,1,20190828,140630,70,2,103,353,169,443,Sep06_1/02-20190828140630-snapshot.jpg
2,1,20190828,140630,78,2,1482,259,1540,337,Sep06_1/02-20190828140630-snapshot.jpg
2,1,20190828,140700,65,2,103,354,169,444,Sep06_1/02-20190828140700-snapshot.jpg
2,1,20190828,140700,81,2,807,65,894,133,Sep06_1/02-20190828140700-snapshot.jpg
2,1,20190828,140700,83,2,1289,536,1349,636,Sep06_1/02-20190828140700-snapshot.jpg
2,1,20190828,140730,77,2,1096,1,1151,60,Sep06_1/02-20190828140730-snapshot.jpg
2,1,20190828,140730,77,2,83,404,141,469,Sep06_1/02-20190828140730-snapshot.jpg
2,1,20190828,140730,78,2,1142,229,1230,281,Sep06_1/02-20190828140730-snapshot.jpg
2,1,20190828,140730,86,2,1785,625,1891,682,Sep06_1/02-20190828140730-snapshot.jpg
2,1,20190828,140730,87,2,1217,536,1276,650,Sep06_1/02-20190828140730-snapshot.jpg
2,1,20190828,140800,69,2,826,66,906,136,Sep06_1/02-20190828140800-snapshot.jpg
2,1,20190828,140800,73,2,13,21,81,96,Sep06_1/02-20190828140800-snapshot.jpg
2,1,20190828,140800,88,2,1245,518,1351,592,Sep06_1/02-20190828140800-snapshot.jpg
2,1,20190828,140830,79,2,1261,557,1334,629,Sep06_1/02-20190828140830-snapshot.jpg
2,1,20190828,140830,85,2,1177,427,1262,516,Sep06_1/02-20190828140830-snapshot.jpg
2,1,20190828,140900,84,2,1421,910,1478,993,Sep06_1/02-20190828140900-snapshot.jpg
2,1,20190828,140930,86,2,1681,773,1786,837,Sep06_1/02-20190828140930-snapshot.jpg
2,1,20190828,141130,83,2,1537,985,1602,1073,Sep06_1/02-20190828141130-snapshot.jpg
2,1,20190828,141500,72,2,1,17,93,85,Sep06_1/02-20190828141500-snapshot.jpg
2,1,20190828,142000,80,2,18,10,112,69,Sep06_1/02-20190828142000-snapshot.jpg
2,1,20190828,142100,84,2,1817,820,1889,905,Sep06_1/02-20190828142100-snapshot.jpg
2,1,20190828,142230,89,2,1405,304,1486,361,Sep06_1/02-20190828142230-snapshot.jpg
2,1,20190828,142300,81,2,1849,822,1920,904,Sep06_1/02-20190828142300-snapshot.jpg
2,1,20190828,142330,62,2,1886,231,1920,302,Sep06_1/02-20190828142330-snapshot.jpg
2,1,20190828,142400,85,2,1461,147,1547,203,Sep06_1/02-20190828142400-snapshot.jpg
2,1,20190828,142430,83,2,1543,192,1629,266,Sep06_1/02-20190828142430-snapshot.jpg
2,1,20190828,142430,85,2,1014,331,1076,415,Sep06_1/02-20190828142430-snapshot.jpg
2,1,20190828,142430,87,2,1004,510,1099,593,Sep06_1/02-20190828142430-snapshot.jpg
2,1,20190828,142500,83,2,885,620,981,700,Sep06_1/02-20190828142500-snapshot.jpg
2,1,20190828,142530,85,2,470,96,539,183,Sep06_1/02-20190828142530-snapshot.jpg
2,1,20190828,142530,89,2,721,645,778,735,Sep06_1/02-20190828142530-snapshot.jpg
2,1,20190828,142600,78,2,448,20,523,79,Sep06_1/02-20190828142600-snapshot.jpg
2,1,20190828,142600,86,2,810,342,895,400,Sep06_1/02-20190828142600-snapshot.jpg
2,1,20190828,142630,69,2,0,133,35,221,Sep06_1/02-20190828142630-snapshot.jpg
2,1,20190828,142630,85,2,1021,568,1129,634,Sep06_1/02-20190828142630-snapshot.jpg
2,1,20190828,142730,82,2,122,216,219,279,Sep06_1/02-20190828142730-snapshot.jpg
2,1,20190828,142730,89,2,895,780,994,857,Sep06_1/02-20190828142730-snapshot.jpg
2,1,20190828,142800,88,2,776,38,837,134,Sep06_1/02-20190828142800-snapshot.jpg
2,1,20190828,143000,88,2,1051,391,1110,483,Sep06_1/02-20190828143000-snapshot.jpg
2,1,20190828,143030,63,2,41,0,113,40,Sep06_1/02-20190828143030-snapshot.jpg
2,1,20190828,143030,78,2,1139,768,1216,838,Sep06_1/02-20190828143030-snapshot.jpg
2,1,20190828,143130,82,2,837,600,892,677,Sep06_1/02-20190828143130-snapshot.jpg
2,1,20190828,143200,82,2,1682,773,1767,835,Sep06_1/02-20190828143200-snapshot.jpg
2,1,20190828,143330,65,2,1644,676,1710,733,Sep06_1/02-20190828143330-snapshot.jpg
2,1,20190828,143400,88,2,1014,809,1105,906,Sep06_1/02-20190828143400-snapshot.jpg
2,1,20190828,143430,84,2,1880,736,1920,833,Sep06_1/02-20190828143430-snapshot.jpg
2,1,20190828,143530,82,2,1422,833,1477,903,Sep06_1/02-20190828143530-snapshot.jpg
2,1,20190828,143700,85,2,1731,145,1823,210,Sep06_1/02-20190828143700-snapshot.jpg
2,1,20190828,143730,85,2,716,631,801,716,Sep06_1/02-20190828143730-snapshot.jpg
2,1,20190828,143800,63,2,1003,322,1093,389,Sep06_1/02-20190828143800-snapshot.jpg
2,1,20190828,143830,84,2,1723,75,1791,150,Sep06_1/02-20190828143830-snapshot.jpg
2,1,20190828,144030,86,2,1863,531,1920,628,Sep06_1/02-20190828144030-snapshot.jpg
2,1,20190828,144130,68,2,27,1,98,64,Sep06_1/02-20190828144130-snapshot.jpg
2,1,20190828,144330,84,7,363,1,595,137,Sep06_1/02-20190828144330-snapshot.jpg
2,1,20190828,144700,87,2,1788,625,1859,714,Sep06_1/02-20190828144700-snapshot.jpg
2,1,20190828,145000,89,2,1805,769,1914,844,Sep06_1/02-20190828145000-snapshot.jpg
2,1,20190828,145030,80,2,1648,631,1736,700,Sep06_1/02-20190828145030-snapshot.jpg
2,1,20190828,145600,79,2,1152,228,1222,283,Sep06_1/02-20190828145600-snapshot.jpg
2,1,20190828,145630,86,2,1842,594,1920,682,Sep06_1/02-20190828145630-snapshot.jpg
2,1,20190828,145800,43,2,599,13,673,70,Sep06_1/02-20190828145800-snapshot.jpg
2,1,20190831,060000,30,3,1,399,89,500,Sep06_1/02-20190831060000-snapshot.jpg
2,1,20190831,072330,86,2,761,536,819,623,Sep06_1/02-20190831072330-snapshot.jpg
2,1,20190831,082700,37,1,1392,403,1429,433,Sep06_1/02-20190831082700-snapshot.jpg
2,1,20190831,083930,61,1,1276,391,1311,425,Sep06_1/02-20190831083930-snapshot.jpg
2,1,20190831,084000,38,1,1276,392,1311,426,Sep06_1/02-20190831084000-snapshot.jpg
2,1,20190831,084100,40,1,1276,392,1311,426,Sep06_1/02-20190831084100-snapshot.jpg
2,1,20190831,084130,40,1,1275,392,1311,427,Sep06_1/02-20190831084130-snapshot.jpg
2,1,20190831,084200,55,1,1275,392,1311,428,Sep06_1/02-20190831084200-snapshot.jpg
2,1,20190831,084530,45,2,792,1,863,47,Sep06_1/02-20190831084530-snapshot.jpg
2,1,20190831,085230,58,2,824,599,890,667,Sep06_1/02-20190831085230-snapshot.jpg
2,1,20190831,085300,81,2,1465,914,1560,977,Sep06_1/02-20190831085300-snapshot.jpg
2,1,20190831,085330,82,2,1442,98,1501,186,Sep06_1/02-20190831085330-snapshot.jpg
2,1,20190831,085500,88,2,871,514,967,576,Sep06_1/02-20190831085500-snapshot.jpg
2,1,20190831,090030,84,2,1746,594,1836,653,Sep06_1/02-20190831090030-snapshot.jpg
2,1,20190831,092630,49,2,276,854,344,951,Sep06_1/02-20190831092630-snapshot.jpg
2,1,20190831,092700,67,2,27,476,79,552,Sep06_1/02-20190831092700-snapshot.jpg
2,1,20190831,092730,78,2,1204,635,1259,705,Sep06_1/02-20190831092730-snapshot.jpg
2,1,20190831,092800,87,2,1804,546,1904,609,Sep06_1/02-20190831092800-snapshot.jpg
2,1,20190831,093100,86,2,1244,770,1306,855,Sep06_1/02-20190831093100-snapshot.jpg
2,1,20190831,093330,77,2,1251,122,1326,174,Sep06_1/02-20190831093330-snapshot.jpg
2,1,20190831,093530,81,2,714,39,800,86,Sep06_1/02-20190831093530-snapshot.jpg
2,1,20190831,093530,82,2,1768,817,1858,876,Sep06_1/02-20190831093530-snapshot.jpg
2,1,20190831,093600,87,2,1860,799,1918,907,Sep06_1/02-20190831093600-snapshot.jpg
2,1,20190831,095300,80,2,728,262,783,339,Sep06_1/02-20190831095300-snapshot.jpg
2,1,20190831,095330,83,2,418,25,471,98,Sep06_1/02-20190831095330-snapshot.jpg
2,1,20190831,095330,85,2,1258,70,1326,170,Sep06_1/02-20190831095330-snapshot.jpg
2,1,20190831,095400,87,2,1828,493,1902,583,Sep06_1/02-20190831095400-snapshot.jpg
2,1,20190831,095600,87,2,1726,685,1831,750,Sep06_1/02-20190831095600-snapshot.jpg
2,1,20190831,095730,83,2,765,361,823,443,Sep06_1/02-20190831095730-snapshot.jpg
2,1,20190831,095730,87,2,828,662,926,743,Sep06_1/02-20190831095730-snapshot.jpg
2,1,20190831,100130,82,2,1406,87,1490,176,Sep06_1/02-20190831100130-snapshot.jpg
2,1,20190831,100700,62,2,811,77,884,131,Sep06_1/02-20190831100700-snapshot.jpg
2,1,20190831,101030,84,2,777,405,849,484,Sep06_1/02-20190831101030-snapshot.jpg
2,1,20190831,101430,81,2,34,569,89,645,Sep06_1/02-20190831101430-snapshot.jpg
2,1,20190831,101430,83,4,1852,263,1920,344,Sep06_1/02-20190831101430-snapshot.jpg
2,1,20190831,101530,87,2,536,451,595,547,Sep06_1/02-20190831101530-snapshot.jpg
2,1,20190831,101800,88,4,529,5,633,86,Sep06_1/02-20190831101800-snapshot.jpg
2,1,20190831,102700,72,2,668,759,742,820,Sep06_1/02-20190831102700-snapshot.jpg
2,1,20190831,103300,88,2,1670,451,1762,529,Sep06_1/02-20190831103300-snapshot.jpg
2,1,20190831,103730,83,2,748,564,820,626,Sep06_1/02-20190831103730-snapshot.jpg
2,1,20190831,104100,82,2,0,125,75,182,Sep06_1/02-20190831104100-snapshot.jpg
2,1,20190831,104500,59,2,1792,975,1904,1058,Sep06_1/02-20190831104500-snapshot.jpg
2,1,20190831,104530,84,2,1119,823,1203,909,Sep06_1/02-20190831104530-snapshot.jpg
2,1,20190831,104630,61,2,780,40,834,105,Sep06_1/02-20190831104630-snapshot.jpg
2,1,20190831,104700,78,2,722,862,806,927,Sep06_1/02-20190831104700-snapshot.jpg
2,1,20190831,104700,89,2,1147,797,1236,875,Sep06_1/02-20190831104700-snapshot.jpg
2,1,20190831,104830,87,2,64,520,155,595,Sep06_1/02-20190831104830-snapshot.jpg
2,1,20190831,105900,74,2,1249,395,1304,468,Sep06_1/02-20190831105900-snapshot.jpg
2,1,20190831,105930,83,2,457,177,512,255,Sep06_1/02-20190831105930-snapshot.jpg
2,1,20190831,110200,84,2,1852,658,1918,749,Sep06_1/02-20190831110200-snapshot.jpg
2,1,20190831,110330,83,2,847,577,903,655,Sep06_1/02-20190831110330-snapshot.jpg
2,1,20190831,110630,84,2,1158,473,1243,532,Sep06_1/02-20190831110630-snapshot.jpg
2,1,20190831,110800,80,2,1723,100,1818,154,Sep06_1/02-20190831110800-snapshot.jpg
2,1,20190831,111500,80,2,1229,673,1303,736,Sep06_1/02-20190831111500-snapshot.jpg
2,1,20190831,111800,78,2,1732,302,1829,365,Sep06_1/02-20190831111800-snapshot.jpg
2,1,20190831,111930,39,2,1611,181,1694,245,Sep06_1/02-20190831111930-snapshot.jpg
2,1,20190831,112000,87,2,1399,378,1463,474,Sep06_1/02-20190831112000-snapshot.jpg
2,1,20190831,112030,86,2,1117,665,1205,751,Sep06_1/02-20190831112030-snapshot.jpg
2,1,20190831,112300,81,2,437,203,497,272,Sep06_1/02-20190831112300-snapshot.jpg
2,1,20190831,112530,28,2,403,0,463,40,Sep06_1/02-20190831112530-snapshot.jpg
2,1,20190831,112900,82,2,822,588,892,657,Sep06_1/02-20190831112900-snapshot.jpg
2,1,20190831,113800,26,2,1690,603,1775,664,Sep06_1/02-20190831113800-snapshot.jpg
2,1,20190831,113800,87,2,1414,294,1475,390,Sep06_1/02-20190831113800-snapshot.jpg
2,1,20190831,114030,72,2,1143,290,1222,347,Sep06_1/02-20190831114030-snapshot.jpg
2,1,20190831,114630,88,2,1343,935,1455,1003,Sep06_1/02-20190831114630-snapshot.jpg
2,1,20190831,114700,86,2,1106,647,1201,731,Sep06_1/02-20190831114700-snapshot.jpg
2,1,20190831,114800,29,2,1687,591,1758,652,Sep06_1/02-20190831114800-snapshot.jpg
2,1,20190831,114830,84,2,317,300,400,374,Sep06_1/02-20190831114830-snapshot.jpg
2,1,20190831,115000,86,2,1598,157,1678,235,Sep06_1/02-20190831115000-snapshot.jpg
2,1,20190831,115000,86,2,1134,440,1245,508,Sep06_1/02-20190831115000-snapshot.jpg
2,1,20190831,115130,83,8,1397,892,1477,946,Sep06_1/02-20190831115130-snapshot.jpg
2,1,20190831,115730,37,2,839,60,887,125,Sep06_1/02-20190831115730-snapshot.jpg
2,1,20190831,115830,82,2,460,9,522,91,Sep06_1/02-20190831115830-snapshot.jpg
2,1,20190831,120530,83,2,1847,923,1920,998,Sep06_1/02-20190831120530-snapshot.jpg
2,1,20190831,120600,81,2,1393,112,1478,177,Sep06_1/02-20190831120600-snapshot.jpg
2,1,20190831,120630,88,2,873,520,972,591,Sep06_1/02-20190831120630-snapshot.jpg
2,1,20190831,120730,27,2,824,603,890,668,Sep06_1/02-20190831120730-snapshot.jpg
2,1,20190831,121000,37,2,417,62,471,130,Sep06_1/02-20190831121000-snapshot.jpg
2,1,20190831,121030,86,2,1811,23,1874,106,Sep06_1/02-20190831121030-snapshot.jpg
2,1,20190831,121100,87,2,1770,595,1849,666,Sep06_1/02-20190831121100-snapshot.jpg
2,1,20190831,121500,66,2,819,0,881,59,Sep06_1/02-20190831121500-snapshot.jpg
2,1,20190831,122030,79,2,74,510,142,593,Sep06_1/02-20190831122030-snapshot.jpg
2,1,20190831,122100,78,2,463,201,543,276,Sep06_1/02-20190831122100-snapshot.jpg
2,1,20190831,122100,82,2,1219,626,1302,699,Sep06_1/02-20190831122100-snapshot.jpg
2,1,20190831,122130,34,2,880,0,933,33,Sep06_1/02-20190831122130-snapshot.jpg
2,1,20190831,122330,50,2,1574,273,1659,324,Sep06_1/02-20190831122330-snapshot.jpg
2,1,20190831,123430,86,2,565,567,653,618,Sep06_1/02-20190831123430-snapshot.jpg
2,1,20190831,123430,87,2,779,44,838,134,Sep06_1/02-20190831123430-snapshot.jpg
2,1,20190831,123500,84,2,1247,401,1310,486,Sep06_1/02-20190831123500-snapshot.jpg
2,1,20190831,123530,83,2,1768,856,1866,914,Sep06_1/02-20190831123530-snapshot.jpg
2,1,20190831,123600,81,2,108,257,194,315,Sep06_1/02-20190831123600-snapshot.jpg
2,1,20190831,123930,87,2,1827,595,1888,683,Sep06_1/02-20190831123930-snapshot.jpg
2,1,20190831,124030,80,2,1195,429,1258,514,Sep06_1/02-20190831124030-snapshot.jpg
2,1,20190831,124100,86,2,1134,1004,1242,1061,Sep06_1/02-20190831124100-snapshot.jpg
2,1,20190831,124230,87,2,860,444,940,526,Sep06_1/02-20190831124230-snapshot.jpg
2,1,20190831,124300,81,2,561,40,630,120,Sep06_1/02-20190831124300-snapshot.jpg
2,1,20190831,124330,86,2,1304,878,1393,942,Sep06_1/02-20190831124330-snapshot.jpg
2,1,20190831,124730,37,2,1128,265,1196,320,Sep06_1/02-20190831124730-snapshot.jpg
2,1,20190831,125000,62,2,867,596,919,670,Sep06_1/02-20190831125000-snapshot.jpg
2,1,20190831,125030,71,2,112,153,169,231,Sep06_1/02-20190831125030-snapshot.jpg
2,1,20190831,125030,74,2,797,81,881,141,Sep06_1/02-20190831125030-snapshot.jpg
2,1,20190831,125030,89,2,1354,13,1411,96,Sep06_1/02-20190831125030-snapshot.jpg
2,1,20190831,125130,79,2,1070,785,1145,849,Sep06_1/02-20190831125130-snapshot.jpg
2,1,20190831,125200,76,2,1130,712,1189,787,Sep06_1/02-20190831125200-snapshot.jpg
2,1,20190831,125330,77,2,752,579,813,647,Sep06_1/02-20190831125330-snapshot.jpg
2,1,20190831,125400,86,2,1250,73,1310,152,Sep06_1/02-20190831125400-snapshot.jpg
2,1,20190831,125600,81,2,829,6,923,60,Sep06_1/02-20190831125600-snapshot.jpg
2,1,20190831,125900,87,2,930,515,1025,590,Sep06_1/02-20190831125900-snapshot.jpg
2,1,20190831,130030,86,2,1247,55,1336,111,Sep06_1/02-20190831130030-snapshot.jpg
2,1,20190831,130130,83,2,482,224,533,305,Sep06_1/02-20190831130130-snapshot.jpg
2,1,20190831,130230,55,2,1632,615,1713,665,Sep06_1/02-20190831130230-snapshot.jpg
2,1,20190831,130230,88,2,1191,190,1252,292,Sep06_1/02-20190831130230-snapshot.jpg
2,1,20190831,130400,77,2,754,366,826,422,Sep06_1/02-20190831130400-snapshot.jpg
2,1,20190831,130430,46,2,1687,590,1758,641,Sep06_1/02-20190831130430-snapshot.jpg
2,1,20190831,130530,87,2,860,415,922,507,Sep06_1/02-20190831130530-snapshot.jpg
2,1,20190831,130700,81,2,47,426,108,515,Sep06_1/02-20190831130700-snapshot.jpg
2,1,20190831,130830,84,2,1019,336,1075,430,Sep06_1/02-20190831130830-snapshot.jpg
2,1,20190831,131100,83,2,1145,85,1206,185,Sep06_1/02-20190831131100-snapshot.jpg
2,1,20190831,131130,89,2,1701,615,1788,705,Sep06_1/02-20190831131130-snapshot.jpg
2,1,20190831,131400,78,2,802,596,876,661,Sep06_1/02-20190831131400-snapshot.jpg
2,1,20190831,131430,84,2,696,797,756,892,Sep06_1/02-20190831131430-snapshot.jpg
2,1,20190831,131730,47,2,396,3,461,53,Sep06_1/02-20190831131730-snapshot.jpg
2,1,20190831,131800,85,2,1173,95,1263,148,Sep06_1/02-20190831131800-snapshot.jpg
2,1,20190831,132030,85,2,72,567,132,659,Sep06_1/02-20190831132030-snapshot.jpg
2,1,20190831,132100,83,2,755,105,834,176,Sep06_1/02-20190831132100-snapshot.jpg
2,1,20190831,132100,84,2,1423,949,1479,1025,Sep06_1/02-20190831132100-snapshot.jpg
2,1,20190831,132130,85,2,999,35,1081,103,Sep06_1/02-20190831132130-snapshot.jpg
2,1,20190831,132230,79,2,15,49,117,114,Sep06_1/02-20190831132230-snapshot.jpg
2,1,20190831,132500,37,2,1240,363,1295,433,Sep06_1/02-20190831132500-snapshot.jpg
2,1,20190831,132700,34,2,1642,614,1701,681,Sep06_1/02-20190831132700-snapshot.jpg
2,1,20190831,132700,88,2,1504,908,1599,1000,Sep06_1/02-20190831132700-snapshot.jpg
2,1,20190831,132730,83,2,460,88,519,183,Sep06_1/02-20190831132730-snapshot.jpg
2,1,20190831,132800,86,2,1750,522,1845,586,Sep06_1/02-20190831132800-snapshot.jpg
2,1,20190831,133100,86,2,1318,6,1381,86,Sep06_1/02-20190831133100-snapshot.jpg
2,1,20190831,133130,49,2,939,1,999,35,Sep06_1/02-20190831133130-snapshot.jpg
2,1,20190831,133200,84,2,1850,793,1920,874,Sep06_1/02-20190831133200-snapshot.jpg
2,1,20190831,133300,88,2,1223,183,1317,253,Sep06_1/02-20190831133300-snapshot.jpg
2,1,20190831,133330,74,2,801,2,858,56,Sep06_1/02-20190831133330-snapshot.jpg
2,1,20190831,133400,78,2,34,593,119,648,Sep06_1/02-20190831133400-snapshot.jpg
2,1,20190831,133430,66,2,766,20,843,75,Sep06_1/02-20190831133430-snapshot.jpg
2,1,20190831,133730,60,2,6,5,74,68,Sep06_1/02-20190831133730-snapshot.jpg
2,1,20190831,133730,89,2,1692,642,1798,710,Sep06_1/02-20190831133730-snapshot.jpg
2,1,20190831,133800,66,2,829,94,896,145,Sep06_1/02-20190831133800-snapshot.jpg
2,1,20190831,133830,87,2,1708,229,1769,338,Sep06_1/02-20190831133830-snapshot.jpg
2,1,20190831,133900,88,2,1114,81,1202,150,Sep06_1/02-20190831133900-snapshot.jpg
2,1,20190831,134100,83,2,821,6,894,84,Sep06_1/02-20190831134100-snapshot.jpg
2,1,20190831,134130,87,2,1829,691,1885,788,Sep06_1/02-20190831134130-snapshot.jpg
2,1,20190831,134730,81,2,60,511,156,567,Sep06_1/02-20190831134730-snapshot.jpg
2,1,20190831,134930,87,2,1401,877,1516,943,Sep06_1/02-20190831134930-snapshot.jpg
2,1,20190831,135430,86,2,662,387,720,480,Sep06_1/02-20190831135430-snapshot.jpg
2,1,20190831,135500,49,2,1660,616,1746,672,Sep06_1/02-20190831135500-snapshot.jpg
2,1,20190831,135500,82,2,1718,302,1794,379,Sep06_1/02-20190831135500-snapshot.jpg
2,1,20190831,135530,80,2,1833,245,1918,298,Sep06_1/02-20190831135530-snapshot.jpg
2,1,20190831,135600,73,2,1752,73,1834,135,Sep06_1/02-20190831135600-snapshot.jpg
2,1,20190831,135630,80,2,1649,321,1734,376,Sep06_1/02-20190831135630-snapshot.jpg
2,1,20190831,140000,72,2,124,14,216,90,Sep06_1/02-20190831140000-snapshot.jpg
2,1,20190831,140030,84,2,1156,436,1233,509,Sep06_1/02-20190831140030-snapshot.jpg
2,1,20190831,140200,78,2,19,491,75,582,Sep06_1/02-20190831140200-snapshot.jpg
2,1,20190831,140400,77,2,1130,244,1213,300,Sep06_1/02-20190831140400-snapshot.jpg
2,1,20190831,140500,83,2,1175,433,1257,494,Sep06_1/02-20190831140500-snapshot.jpg
2,1,20190831,140530,78,2,1398,92,1448,147,Sep06_1/02-20190831140530-snapshot.jpg
2,1,20190831,140930,48,2,450,5,526,60,Sep06_1/02-20190831140930-snapshot.jpg
2,1,20190831,141000,85,2,1841,725,1910,806,Sep06_1/02-20190831141000-snapshot.jpg
2,1,20190831,141130,78,2,381,131,463,198,Sep06_1/02-20190831141130-snapshot.jpg
2,1,20190831,141330,87,2,1314,534,1368,634,Sep06_1/02-20190831141330-snapshot.jpg
2,1,20190831,141500,77,2,692,629,749,706,Sep06_1/02-20190831141500-snapshot.jpg
2,1,20190831,141530,81,2,468,12,525,79,Sep06_1/02-20190831141530-snapshot.jpg
2,1,20190831,141600,83,2,1869,618,1920,706,Sep06_1/02-20190831141600-snapshot.jpg
2,1,20190831,141630,76,2,824,43,889,104,Sep06_1/02-20190831141630-snapshot.jpg
2,1,20190831,141900,76,2,824,582,908,644,Sep06_1/02-20190831141900-snapshot.jpg
2,1,20190831,142000,78,2,6,68,73,155,Sep06_1/02-20190831142000-snapshot.jpg
2,1,20190831,142030,70,2,1174,572,1238,623,Sep06_1/02-20190831142030-snapshot.jpg
2,1,20190831,142300,83,2,1589,224,1660,301,Sep06_1/02-20190831142300-snapshot.jpg
2,1,20190831,142500,87,2,73,518,179,577,Sep06_1/02-20190831142500-snapshot.jpg
2,1,20190831,142530,34,2,15,3,97,53,Sep06_1/02-20190831142530-snapshot.jpg
2,1,20190831,142630,84,2,750,362,834,418,Sep06_1/02-20190831142630-snapshot.jpg
2,1,20190831,142700,75,2,796,93,853,169,Sep06_1/02-20190831142700-snapshot.jpg
2,1,20190831,142900,88,2,1748,806,1852,877,Sep06_1/02-20190831142900-snapshot.jpg
2,1,20190831,142930,88,2,1022,332,1082,426,Sep06_1/02-20190831142930-snapshot.jpg
2,1,20190831,143000,71,2,1225,640,1285,711,Sep06_1/02-20190831143000-snapshot.jpg
2,1,20190831,143030,37,2,14,567,81,631,Sep06_1/02-20190831143030-snapshot.jpg
2,1,20190831,143300,85,2,1216,759,1271,854,Sep06_1/02-20190831143300-snapshot.jpg
2,1,20190831,143330,82,2,1134,663,1209,731,Sep06_1/02-20190831143330-snapshot.jpg
2,1,20190831,143600,86,2,1191,207,1248,319,Sep06_1/02-20190831143600-snapshot.jpg
2,1,20190831,143830,85,2,1192,478,1289,536,Sep06_1/02-20190831143830-snapshot.jpg
2,1,20190831,144100,87,2,1603,150,1694,236,Sep06_1/02-20190831144100-snapshot.jpg
2,1,20190831,144130,69,2,856,2,935,46,Sep06_1/02-20190831144130-snapshot.jpg
2,1,20190831,144130,86,2,1823,207,1880,282,Sep06_1/02-20190831144130-snapshot.jpg
2,1,20190831,144230,81,2,1494,964,1565,1043,Sep06_1/02-20190831144230-snapshot.jpg
2,1,20190831,144230,87,2,831,563,920,628,Sep06_1/02-20190831144230-snapshot.jpg
2,1,20190831,144830,87,2,1476,870,1575,945,Sep06_1/02-20190831144830-snapshot.jpg
2,1,20190831,145130,28,2,1876,91,1919,152,Sep06_1/02-20190831145130-snapshot.jpg
2,1,20190831,145200,80,2,598,91,654,165,Sep06_1/02-20190831145200-snapshot.jpg
2,1,20190831,145230,76,2,131,113,189,187,Sep06_1/02-20190831145230-snapshot.jpg
2,1,20190831,145230,86,2,1585,158,1670,225,Sep06_1/02-20190831145230-snapshot.jpg
2,1,20190831,145300,37,2,808,606,879,650,Sep06_1/02-20190831145300-snapshot.jpg
2,1,20190831,145300,79,2,1571,241,1671,305,Sep06_1/02-20190831145300-snapshot.jpg
2,1,20190831,145330,44,2,1876,90,1919,153,Sep06_1/02-20190831145330-snapshot.jpg
2,1,20190831,145500,79,2,1722,333,1786,408,Sep06_1/02-20190831145500-snapshot.jpg
2,1,20190831,145630,80,2,48,339,110,420,Sep06_1/02-20190831145630-snapshot.jpg
2,1,20190831,145700,87,2,1396,405,1499,471,Sep06_1/02-20190831145700-snapshot.jpg
2,1,20190831,145900,82,2,1057,758,1152,826,Sep06_1/02-20190831145900-snapshot.jpg
2,1,20190831,145930,29,2,1876,91,1919,152,Sep06_1/02-20190831145930-snapshot.jpg
2,1,20190831,145930,87,2,749,340,838,422,Sep06_1/02-20190831145930-snapshot.jpg
2,1,20190831,150200,41,2,1875,89,1919,150,Sep06_1/02-20190831150200-snapshot.jpg
2,1,20190831,150230,88,2,1480,254,1574,338,Sep06_1/02-20190831150230-snapshot.jpg
2,1,20190831,150300,69,2,1115,633,1181,699,Sep06_1/02-20190831150300-snapshot.jpg
2,1,20190831,150330,54,2,75,2,147,44,Sep06_1/02-20190831150330-snapshot.jpg
2,1,20190831,150400,81,2,1246,99,1348,160,Sep06_1/02-20190831150400-snapshot.jpg
2,1,20190831,150400,83,2,831,498,919,558,Sep06_1/02-20190831150400-snapshot.jpg
2,1,20190831,150500,86,2,1763,626,1819,711,Sep06_1/02-20190831150500-snapshot.jpg
2,1,20190831,150500,87,2,773,514,858,593,Sep06_1/02-20190831150500-snapshot.jpg
2,1,20190831,150530,71,2,1875,617,1920,675,Sep06_1/02-20190831150530-snapshot.jpg
2,1,20190831,150530,79,2,1046,27,1113,100,Sep06_1/02-20190831150530-snapshot.jpg
2,1,20190831,150600,85,2,1756,610,1819,698,Sep06_1/02-20190831150600-snapshot.jpg
2,1,20190831,150630,82,2,1848,657,1920,741,Sep06_1/02-20190831150630-snapshot.jpg
2,1,20190831,150700,81,2,1774,892,1862,981,Sep06_1/02-20190831150700-snapshot.jpg
2,1,20190831,150730,87,2,551,21,666,81,Sep06_1/02-20190831150730-snapshot.jpg
2,1,20190831,150830,87,2,65,520,147,602,Sep06_1/02-20190831150830-snapshot.jpg
2,1,20190831,151300,78,2,1386,97,1442,183,Sep06_1/02-20190831151300-snapshot.jpg
2,1,20190831,151330,87,2,1720,597,1827,656,Sep06_1/02-20190831151330-snapshot.jpg
2,1,20190831,151500,86,2,1670,289,1724,367,Sep06_1/02-20190831151500-snapshot.jpg
2,1,20190831,151600,64,2,770,42,819,96,Sep06_1/02-20190831151600-snapshot.jpg
2,1,20190831,151630,87,2,1559,220,1672,281,Sep06_1/02-20190831151630-snapshot.jpg
2,1,20190831,151730,85,2,1113,619,1199,706,Sep06_1/02-20190831151730-snapshot.jpg
2,1,20190831,151830,85,2,1093,595,1193,666,Sep06_1/02-20190831151830-snapshot.jpg
2,1,20190831,151900,86,2,360,153,423,235,Sep06_1/02-20190831151900-snapshot.jpg
2,1,20190831,151900,86,2,775,354,832,433,Sep06_1/02-20190831151900-snapshot.jpg
2,1,20190831,152000,80,2,59,628,141,687,Sep06_1/02-20190831152000-snapshot.jpg
2,1,20190831,152130,88,2,1700,372,1814,429,Sep06_1/02-20190831152130-snapshot.jpg
2,1,20190831,152200,81,2,1187,607,1265,670,Sep06_1/02-20190831152200-snapshot.jpg
2,1,20190831,152230,83,2,1801,848,1860,934,Sep06_1/02-20190831152230-snapshot.jpg
2,1,20190831,152300,85,2,291,303,384,373,Sep06_1/02-20190831152300-snapshot.jpg
2,1,20190831,152400,78,2,893,800,947,868,Sep06_1/02-20190831152400-snapshot.jpg
2,1,20190831,152430,85,2,1358,25,1417,108,Sep06_1/02-20190831152430-snapshot.jpg
2,1,20190831,152430,86,2,1780,838,1867,896,Sep06_1/02-20190831152430-snapshot.jpg
2,1,20190831,152530,83,2,1188,638,1274,695,Sep06_1/02-20190831152530-snapshot.jpg
2,1,20190831,152530,87,2,1592,465,1652,560,Sep06_1/02-20190831152530-snapshot.jpg
2,1,20190831,152600,69,2,468,83,529,149,Sep06_1/02-20190831152600-snapshot.jpg
2,1,20190831,152730,86,2,1818,813,1896,894,Sep06_1/02-20190831152730-snapshot.jpg
2,1,20190831,152830,25,2,1813,975,1900,1050,Sep06_1/02-20190831152830-snapshot.jpg
2,1,20190831,152900,73,2,1872,606,1920,659,Sep06_1/02-20190831152900-snapshot.jpg
2,1,20190831,153230,86,2,1863,508,1920,580,Sep06_1/02-20190831153230-snapshot.jpg
2,1,20190831,153300,85,2,1034,39,1116,102,Sep06_1/02-20190831153300-snapshot.jpg
2,1,20190831,153330,86,2,1050,776,1147,848,Sep06_1/02-20190831153330-snapshot.jpg
2,1,20190831,153530,73,2,1657,604,1713,681,Sep06_1/02-20190831153530-snapshot.jpg
2,1,20190831,153700,71,2,95,85,157,163,Sep06_1/02-20190831153700-snapshot.jpg
2,1,20190831,153830,86,2,1776,852,1855,939,Sep06_1/02-20190831153830-snapshot.jpg
2,1,20190831,153900,85,2,1848,727,1911,811,Sep06_1/02-20190831153900-snapshot.jpg
2,1,20190831,154100,86,2,1141,708,1222,773,Sep06_1/02-20190831154100-snapshot.jpg
2,1,20190831,154100,88,2,1749,438,1804,532,Sep06_1/02-20190831154100-snapshot.jpg
2,1,20190831,154130,83,2,1729,570,1813,631,Sep06_1/02-20190831154130-snapshot.jpg
2,1,20190831,154130,88,2,1051,418,1103,511,Sep06_1/02-20190831154130-snapshot.jpg
2,1,20190831,154300,82,2,35,83,141,142,Sep06_1/02-20190831154300-snapshot.jpg
2,1,20190831,154330,85,2,1170,446,1243,535,Sep06_1/02-20190831154330-snapshot.jpg
2,1,20190831,154530,73,2,520,5,617,49,Sep06_1/02-20190831154530-snapshot.jpg
2,1,20190831,154530,89,2,79,509,140,610,Sep06_1/02-20190831154530-snapshot.jpg
2,1,20190831,154600,87,2,567,233,666,287,Sep06_1/02-20190831154600-snapshot.jpg
2,1,20190831,154630,84,2,1405,81,1496,143,Sep06_1/02-20190831154630-snapshot.jpg
2,1,20190831,154800,82,2,1154,704,1207,784,Sep06_1/02-20190831154800-snapshot.jpg
2,1,20190831,155130,88,2,1749,403,1841,486,Sep06_1/02-20190831155130-snapshot.jpg
2,1,20190831,155230,31,2,1174,292,1245,345,Sep06_1/02-20190831155230-snapshot.jpg
2,1,20190831,155230,75,2,1874,548,1920,603,Sep06_1/02-20190831155230-snapshot.jpg
2,1,20190831,155300,85,2,1851,710,1920,762,Sep06_1/02-20190831155300-snapshot.jpg
2,1,20190831,155300,86,2,856,617,927,706,Sep06_1/02-20190831155300-snapshot.jpg
2,1,20190831,155330,89,2,787,505,848,604,Sep06_1/02-20190831155330-snapshot.jpg
2,1,20190831,155400,82,2,468,4,569,57,Sep06_1/02-20190831155400-snapshot.jpg
2,1,20190831,155430,85,2,336,314,414,379,Sep06_1/02-20190831155430-snapshot.jpg
2,1,20190831,155500,77,2,972,49,1062,104,Sep06_1/02-20190831155500-snapshot.jpg
2,1,20190831,155500,79,2,3,541,70,613,Sep06_1/02-20190831155500-snapshot.jpg
2,1,20190831,155530,76,2,676,600,767,671,Sep06_1/02-20190831155530-snapshot.jpg
2,1,20190831,155600,85,2,1373,30,1429,107,Sep06_1/02-20190831155600-snapshot.jpg
2,1,20190831,155600,85,2,783,859,871,947,Sep06_1/02-20190831155600-snapshot.jpg
2,1,20190831,155600,86,2,1809,563,1884,645,Sep06_1/02-20190831155600-snapshot.jpg
2,1,20190831,155700,78,2,1589,435,1645,499,Sep06_1/02-20190831155700-snapshot.jpg
2,1,20190831,155800,85,2,1671,591,1755,667,Sep06_1/02-20190831155800-snapshot.jpg
2,1,20190831,160000,82,2,419,44,479,131,Sep06_1/02-20190831160000-snapshot.jpg
2,1,20190831,160000,85,2,118,522,222,582,Sep06_1/02-20190831160000-snapshot.jpg
2,1,20190831,160130,75,2,1820,75,1918,134,Sep06_1/02-20190831160130-snapshot.jpg
2,1,20190831,160200,88,2,1645,237,1738,315,Sep06_1/02-20190831160200-snapshot.jpg
2,1,20190831,160230,88,2,1574,488,1673,553,Sep06_1/02-20190831160230-snapshot.jpg
2,1,20190831,160630,88,2,1130,456,1230,515,Sep06_1/02-20190831160630-snapshot.jpg
2,1,20190831,160700,80,2,1629,283,1699,363,Sep06_1/02-20190831160700-snapshot.jpg
2,1,20190831,160700,84,2,40,962,125,1044,Sep06_1/02-20190831160700-snapshot.jpg
2,1,20190831,161000,82,2,783,851,842,920,Sep06_1/02-20190831161000-snapshot.jpg
2,1,20190831,161230,86,2,1833,735,1915,838,Sep06_1/02-20190831161230-snapshot.jpg
2,1,20190831,161300,60,2,560,2,633,48,Sep06_1/02-20190831161300-snapshot.jpg
2,1,20190831,161330,83,2,23,536,85,616,Sep06_1/02-20190831161330-snapshot.jpg
2,1,20190831,161400,63,2,1866,300,1920,378,Sep06_1/02-20190831161400-snapshot.jpg
2,1,20190831,161500,71,2,1233,104,1294,166,Sep06_1/02-20190831161500-snapshot.jpg
2,1,20190831,161530,87,2,1210,571,1305,629,Sep06_1/02-20190831161530-snapshot.jpg
2,1,20190831,161630,71,2,0,121,54,181,Sep06_1/02-20190831161630-snapshot.jpg
2,1,20190831,161700,78,2,797,582,865,643,Sep06_1/02-20190831161700-snapshot.jpg
2,1,20190831,161730,83,2,1240,86,1316,156,Sep06_1/02-20190831161730-snapshot.jpg
2,1,20190831,161800,85,2,425,52,516,129,Sep06_1/02-20190831161800-snapshot.jpg
2,1,20190831,162230,87,2,1791,684,1899,747,Sep06_1/02-20190831162230-snapshot.jpg
2,1,20190831,162400,86,2,679,620,739,719,Sep06_1/02-20190831162400-snapshot.jpg
2,1,20190831,162430,88,2,1091,739,1151,843,Sep06_1/02-20190831162430-snapshot.jpg
2,1,20190831,162500,66,2,1885,537,1920,601,Sep06_1/02-20190831162500-snapshot.jpg
2,1,20190831,162500,78,2,567,247,642,299,Sep06_1/02-20190831162500-snapshot.jpg
2,1,20190831,162600,88,2,1753,301,1843,362,Sep06_1/02-20190831162600-snapshot.jpg
2,1,20190831,162630,68,2,1658,639,1711,707,Sep06_1/02-20190831162630-snapshot.jpg
2,1,20190831,162630,85,2,1399,300,1483,365,Sep06_1/02-20190831162630-snapshot.jpg
2,1,20190831,162700,75,2,992,353,1048,427,Sep06_1/02-20190831162700-snapshot.jpg
2,1,20190831,162700,75,2,775,26,828,101,Sep06_1/02-20190831162700-snapshot.jpg
2,1,20190831,162800,85,2,1791,791,1905,850,Sep06_1/02-20190831162800-snapshot.jpg
2,1,20190831,162830,44,2,906,1,994,38,Sep06_1/02-20190831162830-snapshot.jpg
2,1,20190831,162900,84,2,1706,274,1765,351,Sep06_1/02-20190831162900-snapshot.jpg
2,1,20190831,162900,85,2,236,50,296,144,Sep06_1/02-20190831162900-snapshot.jpg
2,1,20190831,162930,63,2,1645,1030,1731,1079,Sep06_1/02-20190831162930-snapshot.jpg
2,1,20190831,162930,86,2,1110,602,1171,682,Sep06_1/02-20190831162930-snapshot.jpg
2,1,20190831,163000,77,2,1200,579,1300,646,Sep06_1/02-20190831163000-snapshot.jpg
2,1,20190831,163130,85,2,44,598,133,672,Sep06_1/02-20190831163130-snapshot.jpg
2,1,20190831,163200,55,2,0,97,66,156,Sep06_1/02-20190831163200-snapshot.jpg
2,1,20190831,163200,86,2,296,285,395,343,Sep06_1/02-20190831163200-snapshot.jpg
2,1,20190831,163230,43,2,396,111,453,175,Sep06_1/02-20190831163230-snapshot.jpg
2,1,20190831,163430,28,2,1863,95,1919,145,Sep06_1/02-20190831163430-snapshot.jpg
2,1,20190831,163500,87,2,635,638,739,698,Sep06_1/02-20190831163500-snapshot.jpg
2,1,20190831,163600,77,2,850,142,932,193,Sep06_1/02-20190831163600-snapshot.jpg
2,1,20190831,163630,85,2,1407,427,1515,504,Sep06_1/02-20190831163630-snapshot.jpg
2,1,20190831,163700,83,2,1595,261,1688,325,Sep06_1/02-20190831163700-snapshot.jpg
2,1,20190831,163800,83,2,1107,423,1194,520,Sep06_1/02-20190831163800-snapshot.jpg
2,1,20190831,163930,87,2,1024,576,1129,653,Sep06_1/02-20190831163930-snapshot.jpg
2,1,20190831,164000,87,2,1001,414,1120,482,Sep06_1/02-20190831164000-snapshot.jpg
2,1,20190831,164100,39,2,1871,91,1919,144,Sep06_1/02-20190831164100-snapshot.jpg
2,1,20190831,164300,88,2,1729,590,1833,652,Sep06_1/02-20190831164300-snapshot.jpg
2,1,20190831,164330,85,2,1806,600,1868,685,Sep06_1/02-20190831164330-snapshot.jpg
2,1,20190831,164430,78,2,193,84,259,160,Sep06_1/02-20190831164430-snapshot.jpg
2,1,20190831,164500,41,2,5,513,62,579,Sep06_1/02-20190831164500-snapshot.jpg
2,1,20190831,164500,89,2,1833,761,1920,815,Sep06_1/02-20190831164500-snapshot.jpg
2,1,20190831,164530,86,2,1052,47,1152,105,Sep06_1/02-20190831164530-snapshot.jpg
2,1,20190831,164600,77,2,829,38,888,119,Sep06_1/02-20190831164600-snapshot.jpg
2,1,20190831,164630,61,2,0,836,43,918,Sep06_1/02-20190831164630-snapshot.jpg
2,1,20190831,164700,86,2,354,180,406,259,Sep06_1/02-20190831164700-snapshot.jpg
2,1,20190831,164730,79,9,1360,77,1422,143,Sep06_1/02-20190831164730-snapshot.jpg
2,1,20190831,164800,72,2,1230,655,1306,702,Sep06_1/02-20190831164800-snapshot.jpg
2,1,20190831,164800,86,2,1622,434,1684,533,Sep06_1/02-20190831164800-snapshot.jpg
2,1,20190831,164930,79,2,11,478,83,544,Sep06_1/02-20190831164930-snapshot.jpg
2,1,20190831,165100,64,2,549,3,634,48,Sep06_1/02-20190831165100-snapshot.jpg
2,1,20190831,165130,78,2,1089,784,1156,839,Sep06_1/02-20190831165130-snapshot.jpg
2,1,20190831,165230,34,2,1214,445,1263,514,Sep06_1/02-20190831165230-snapshot.jpg
2,1,20190831,165330,88,2,1754,591,1837,667,Sep06_1/02-20190831165330-snapshot.jpg
2,1,20190831,165600,87,2,1117,439,1220,502,Sep06_1/02-20190831165600-snapshot.jpg
2,1,20190831,165700,64,2,1357,79,1437,138,Sep06_1/02-20190831165700-snapshot.jpg
2,1,20190831,165830,60,2,1235,446,1317,491,Sep06_1/02-20190831165830-snapshot.jpg
2,1,20190831,165830,87,2,1692,312,1778,376,Sep06_1/02-20190831165830-snapshot.jpg
2,1,20190831,165930,83,2,112,87,212,149,Sep06_1/02-20190831165930-snapshot.jpg
2,1,20190831,170030,83,2,1335,81,1444,143,Sep06_1/02-20190831170030-snapshot.jpg
2,1,20190831,170100,52,2,833,2,912,45,Sep06_1/02-20190831170100-snapshot.jpg
2,1,20190831,170100,76,2,1606,431,1670,511,Sep06_1/02-20190831170100-snapshot.jpg
2,1,20190831,170230,68,2,3,7,81,75,Sep06_1/02-20190831170230-snapshot.jpg
2,1,20190831,170300,89,2,1359,71,1462,132,Sep06_1/02-20190831170300-snapshot.jpg
2,1,20190831,170530,64,2,1147,200,1213,253,Sep06_1/02-20190831170530-snapshot.jpg
2,1,20190831,170630,72,2,817,70,879,132,Sep06_1/02-20190831170630-snapshot.jpg
2,1,20190831,170630,76,2,960,0,1059,41,Sep06_1/02-20190831170630-snapshot.jpg
2,1,20190831,170630,88,2,1288,428,1408,499,Sep06_1/02-20190831170630-snapshot.jpg
2,1,20190831,170730,84,2,399,83,470,156,Sep06_1/02-20190831170730-snapshot.jpg
2,1,20190831,170800,85,2,87,373,183,438,Sep06_1/02-20190831170800-snapshot.jpg
2,1,20190831,170830,65,2,11,127,97,185,Sep06_1/02-20190831170830-snapshot.jpg
2,1,20190831,170900,74,2,19,936,116,990,Sep06_1/02-20190831170900-snapshot.jpg
2,1,20190831,170930,58,2,844,1,913,50,Sep06_1/02-20190831170930-snapshot.jpg
2,1,20190831,171030,79,2,891,862,974,911,Sep06_1/02-20190831171030-snapshot.jpg
2,1,20190831,171100,83,2,1159,255,1237,314,Sep06_1/02-20190831171100-snapshot.jpg
2,1,20190831,171200,87,2,1210,499,1305,599,Sep06_1/02-20190831171200-snapshot.jpg
2,1,20190831,171330,72,2,494,244,562,306,Sep06_1/02-20190831171330-snapshot.jpg
2,1,20190831,171400,79,2,453,2,552,56,Sep06_1/02-20190831171400-snapshot.jpg
2,1,20190831,171430,86,2,801,24,888,93,Sep06_1/02-20190831171430-snapshot.jpg
2,1,20190831,171500,87,2,1470,489,1533,590,Sep06_1/02-20190831171500-snapshot.jpg
2,1,20190831,171530,80,2,1390,82,1446,179,Sep06_1/02-20190831171530-snapshot.jpg
2,1,20190831,171700,71,2,125,212,212,274,Sep06_1/02-20190831171700-snapshot.jpg
2,1,20190831,171900,89,2,1577,219,1629,297,Sep06_1/02-20190831171900-snapshot.jpg
2,1,20190831,172000,71,2,1620,249,1695,332,Sep06_1/02-20190831172000-snapshot.jpg
2,1,20190831,172200,54,2,831,597,895,648,Sep06_1/02-20190831172200-snapshot.jpg
2,1,20190831,172230,36,2,791,2,849,49,Sep06_1/02-20190831172230-snapshot.jpg
2,1,20190831,172430,33,2,1872,88,1919,146,Sep06_1/02-20190831172430-snapshot.jpg
2,1,20190831,172530,83,2,1216,654,1294,710,Sep06_1/02-20190831172530-snapshot.jpg
2,1,20190831,172600,87,2,1449,255,1542,330,Sep06_1/02-20190831172600-snapshot.jpg
2,1,20190831,172700,86,2,530,294,607,378,Sep06_1/02-20190831172700-snapshot.jpg
2,1,20190831,172800,70,2,413,140,462,205,Sep06_1/02-20190831172800-snapshot.jpg
2,1,20190831,172800,77,2,1852,311,1920,357,Sep06_1/02-20190831172800-snapshot.jpg
2,1,20190831,172830,35,2,1894,494,1920,555,Sep06_1/02-20190831172830-snapshot.jpg
2,1,20190831,172830,83,2,1553,1014,1666,1077,Sep06_1/02-20190831172830-snapshot.jpg
2,1,20190831,173000,62,2,1171,226,1239,277,Sep06_1/02-20190831173000-snapshot.jpg
2,1,20190831,173030,85,2,1811,789,1901,843,Sep06_1/02-20190831173030-snapshot.jpg
2,1,20190831,173030,85,2,1289,437,1340,513,Sep06_1/02-20190831173030-snapshot.jpg
2,1,20190831,173100,86,2,1696,311,1751,380,Sep06_1/02-20190831173100-snapshot.jpg
2,1,20190831,173100,87,2,780,348,879,408,Sep06_1/02-20190831173100-snapshot.jpg
2,1,20190831,173230,87,2,364,156,428,238,Sep06_1/02-20190831173230-snapshot.jpg
2,1,20190831,173300,78,2,45,23,133,86,Sep06_1/02-20190831173300-snapshot.jpg
2,1,20190831,173330,88,2,1170,439,1228,528,Sep06_1/02-20190831173330-snapshot.jpg
2,1,20190831,173400,82,2,281,642,336,736,Sep06_1/02-20190831173400-snapshot.jpg
2,1,20190831,173430,25,2,1886,83,1920,141,Sep06_1/02-20190831173430-snapshot.jpg
2,1,20190831,173430,80,2,1400,78,1479,149,Sep06_1/02-20190831173430-snapshot.jpg
2,1,20190831,173500,39,2,1883,84,1920,141,Sep06_1/02-20190831173500-snapshot.jpg
2,1,20190831,173530,87,2,1669,477,1771,537,Sep06_1/02-20190831173530-snapshot.jpg
2,1,20190831,173530,87,2,1752,848,1840,917,Sep06_1/02-20190831173530-snapshot.jpg
2,1,20190831,173630,73,2,1836,83,1918,142,Sep06_1/02-20190831173630-snapshot.jpg
2,1,20190831,173900,40,2,1195,204,1248,258,Sep06_1/02-20190831173900-snapshot.jpg
2,1,20190831,173930,85,2,1862,176,1918,281,Sep06_1/02-20190831173930-snapshot.jpg
2,1,20190831,173930,89,2,1153,617,1270,703,Sep06_1/02-20190831173930-snapshot.jpg
2,1,20190831,174000,85,2,1250,81,1365,152,Sep06_1/02-20190831174000-snapshot.jpg
2,1,20190831,174000,85,2,684,622,759,707,Sep06_1/02-20190831174000-snapshot.jpg
2,1,20190831,174000,88,2,1807,549,1912,613,Sep06_1/02-20190831174000-snapshot.jpg
2,1,20190831,174030,86,2,1627,1002,1735,1062,Sep06_1/02-20190831174030-snapshot.jpg
2,1,20190831,174030,86,2,1035,17,1129,84,Sep06_1/02-20190831174030-snapshot.jpg
2,1,20190831,174100,71,2,1184,597,1231,663,Sep06_1/02-20190831174100-snapshot.jpg
2,1,20190831,174100,85,2,235,281,323,345,Sep06_1/02-20190831174100-snapshot.jpg
2,1,20190831,174200,85,2,1068,561,1134,664,Sep06_1/02-20190831174200-snapshot.jpg
2,1,20190831,174230,77,2,1540,254,1636,306,Sep06_1/02-20190831174230-snapshot.jpg
2,1,20190831,174330,87,2,155,53,247,145,Sep06_1/02-20190831174330-snapshot.jpg
2,1,20190831,174430,86,2,814,309,868,395,Sep06_1/02-20190831174430-snapshot.jpg
2,1,20190831,174500,83,2,393,110,451,181,Sep06_1/02-20190831174500-snapshot.jpg
2,1,20190831,174530,72,2,1340,869,1425,937,Sep06_1/02-20190831174530-snapshot.jpg
2,1,20190831,174600,87,2,1540,953,1634,1048,Sep06_1/02-20190831174600-snapshot.jpg
2,1,20190831,174630,86,2,1094,731,1174,827,Sep06_1/02-20190831174630-snapshot.jpg
2,1,20190831,174800,84,2,1851,697,1920,758,Sep06_1/02-20190831174800-snapshot.jpg
2,1,20190831,174830,85,2,350,161,411,231,Sep06_1/02-20190831174830-snapshot.jpg
2,1,20190831,175000,85,2,94,101,197,171,Sep06_1/02-20190831175000-snapshot.jpg
2,1,20190831,175030,84,2,1775,598,1846,664,Sep06_1/02-20190831175030-snapshot.jpg
2,1,20190831,175030,85,2,1368,101,1442,156,Sep06_1/02-20190831175030-snapshot.jpg
2,1,20190831,175100,85,2,1691,602,1772,682,Sep06_1/02-20190831175100-snapshot.jpg
2,1,20190831,175100,88,2,1599,426,1658,532,Sep06_1/02-20190831175100-snapshot.jpg
2,1,20190831,175230,85,2,1784,244,1880,305,Sep06_1/02-20190831175230-snapshot.jpg
2,1,20190831,175300,86,2,1278,438,1374,496,Sep06_1/02-20190831175300-snapshot.jpg
2,1,20190831,175330,85,2,1284,76,1383,148,Sep06_1/02-20190831175330-snapshot.jpg
2,1,20190831,175330,87,2,1757,856,1814,958,Sep06_1/02-20190831175330-snapshot.jpg
2,1,20190831,175400,85,2,148,275,210,366,Sep06_1/02-20190831175400-snapshot.jpg
2,1,20190831,175400,85,2,1360,58,1456,129,Sep06_1/02-20190831175400-snapshot.jpg
2,1,20190831,175730,53,2,534,1,603,54,Sep06_1/02-20190831175730-snapshot.jpg
2,1,20190831,175800,87,2,999,416,1119,504,Sep06_1/02-20190831175800-snapshot.jpg
2,1,20190831,175830,79,2,77,92,170,153,Sep06_1/02-20190831175830-snapshot.jpg
2,1,20190831,175900,87,2,1577,428,1674,507,Sep06_1/02-20190831175900-snapshot.jpg
2,1,20190831,180130,88,2,1034,368,1096,468,Sep06_1/02-20190831180130-snapshot.jpg
2,1,20190831,180300,88,2,1735,586,1818,667,Sep06_1/02-20190831180300-snapshot.jpg
2,1,20190831,180330,70,2,1216,650,1279,712,Sep06_1/02-20190831180330-snapshot.jpg
2,1,20190831,180330,87,2,351,318,430,387,Sep06_1/02-20190831180330-snapshot.jpg
2,1,20190831,180500,84,2,1577,209,1637,278,Sep06_1/02-20190831180500-snapshot.jpg
2,1,20190831,180630,86,2,695,597,762,687,Sep06_1/02-20190831180630-snapshot.jpg
2,1,20190831,180800,80,2,1636,295,1696,368,Sep06_1/02-20190831180800-snapshot.jpg
2,1,20190831,180830,82,2,254,297,343,359,Sep06_1/02-20190831180830-snapshot.jpg
2,1,20190831,180830,84,2,1147,672,1231,728,Sep06_1/02-20190831180830-snapshot.jpg
2,1,20190831,180930,87,2,1850,540,1911,631,Sep06_1/02-20190831180930-snapshot.jpg
2,1,20190831,181000,61,2,1743,829,1808,888,Sep06_1/02-20190831181000-snapshot.jpg
2,1,20190831,181030,78,2,423,43,484,126,Sep06_1/02-20190831181030-snapshot.jpg
2,1,20190831,181100,88,2,425,222,487,314,Sep06_1/02-20190831181100-snapshot.jpg
2,1,20190831,181130,33,2,7,134,83,198,Sep06_1/02-20190831181130-snapshot.jpg
2,1,20190831,181130,86,2,1195,536,1253,649,Sep06_1/02-20190831181130-snapshot.jpg
2,1,20190831,181200,85,2,569,221,672,277,Sep06_1/02-20190831181200-snapshot.jpg
2,1,20190831,181400,77,2,998,36,1066,93,Sep06_1/02-20190831181400-snapshot.jpg
2,1,20190831,181430,81,2,1190,449,1252,508,Sep06_1/02-20190831181430-snapshot.jpg
2,1,20190831,181430,87,2,1236,89,1340,168,Sep06_1/02-20190831181430-snapshot.jpg
2,1,20190831,181500,83,2,1678,393,1764,450,Sep06_1/02-20190831181500-snapshot.jpg
2,1,20190831,181530,54,2,851,2,913,45,Sep06_1/02-20190831181530-snapshot.jpg
2,1,20190831,181600,87,2,1807,646,1863,741,Sep06_1/02-20190831181600-snapshot.jpg
2,1,20190831,181630,85,2,1521,826,1582,929,Sep06_1/02-20190831181630-snapshot.jpg
2,1,20190831,181800,74,2,467,2,557,49,Sep06_1/02-20190831181800-snapshot.jpg
2,1,20190831,181900,89,2,1065,839,1154,936,Sep06_1/02-20190831181900-snapshot.jpg
2,1,20190831,181930,78,2,1210,95,1298,168,Sep06_1/02-20190831181930-snapshot.jpg
2,1,20190831,181930,89,2,1111,638,1218,718,Sep06_1/02-20190831181930-snapshot.jpg
2,1,20190831,182100,38,2,1655,614,1709,673,Sep06_1/02-20190831182100-snapshot.jpg
2,1,20190831,182130,81,2,1730,713,1819,794,Sep06_1/02-20190831182130-snapshot.jpg
2,1,20190831,182130,86,2,702,577,772,668,Sep06_1/02-20190831182130-snapshot.jpg
2,1,20190831,182230,86,2,1534,798,1641,862,Sep06_1/02-20190831182230-snapshot.jpg
2,1,20190831,182330,86,2,1760,79,1841,153,Sep06_1/02-20190831182330-snapshot.jpg
2,1,20190831,182400,87,2,1791,703,1885,762,Sep06_1/02-20190831182400-snapshot.jpg
2,1,20190831,182400,89,2,342,277,430,359,Sep06_1/02-20190831182400-snapshot.jpg
2,1,20190831,182430,83,2,71,52,132,132,Sep06_1/02-20190831182430-snapshot.jpg
2,1,20190831,182430,89,2,841,631,929,704,Sep06_1/02-20190831182430-snapshot.jpg
2,1,20190831,182530,75,2,1204,653,1295,718,Sep06_1/02-20190831182530-snapshot.jpg
2,1,20190831,182600,45,2,1196,269,1243,328,Sep06_1/02-20190831182600-snapshot.jpg
2,1,20190831,182600,87,2,209,85,307,146,Sep06_1/02-20190831182600-snapshot.jpg
2,1,20190831,182630,84,2,1284,34,1365,108,Sep06_1/02-20190831182630-snapshot.jpg
2,1,20190831,182630,91,2,636,584,743,652,Sep06_1/02-20190831182630-snapshot.jpg
2,1,20190831,182900,85,2,490,245,580,300,Sep06_1/02-20190831182900-snapshot.jpg
2,1,20190831,183230,83,2,1554,195,1605,259,Sep06_1/02-20190831183230-snapshot.jpg
2,1,20190831,183400,79,2,757,1,838,61,Sep06_1/02-20190831183400-snapshot.jpg
2,1,20190831,183430,42,2,1293,473,1355,539,Sep06_1/02-20190831183430-snapshot.jpg
2,1,20190831,183500,86,2,1042,794,1140,880,Sep06_1/02-20190831183500-snapshot.jpg
2,1,20190831,183530,84,2,837,5,930,60,Sep06_1/02-20190831183530-snapshot.jpg
2,1,20190831,183530,85,2,1359,26,1442,89,Sep06_1/02-20190831183530-snapshot.jpg
2,1,20190831,183600,83,2,1719,639,1781,731,Sep06_1/02-20190831183600-snapshot.jpg
2,1,20190831,183700,89,2,1665,577,1760,659,Sep06_1/02-20190831183700-snapshot.jpg
2,1,20190831,184130,87,2,1645,981,1765,1046,Sep06_1/02-20190831184130-snapshot.jpg
2,1,20190831,184200,86,2,603,101,658,190,Sep06_1/02-20190831184200-snapshot.jpg
2,1,20190831,184300,89,2,1384,301,1476,384,Sep06_1/02-20190831184300-snapshot.jpg
2,1,20190831,184330,79,2,84,88,159,139,Sep06_1/02-20190831184330-snapshot.jpg
2,1,20190831,184330,85,2,689,634,751,714,Sep06_1/02-20190831184330-snapshot.jpg
2,1,20190831,184330,88,2,1723,596,1828,663,Sep06_1/02-20190831184330-snapshot.jpg
2,1,20190831,184400,83,2,785,69,861,129,Sep06_1/02-20190831184400-snapshot.jpg
2,1,20190831,184600,57,2,895,0,971,36,Sep06_1/02-20190831184600-snapshot.jpg
2,1,20190831,184730,83,2,1367,61,1421,123,Sep06_1/02-20190831184730-snapshot.jpg
2,1,20190831,184800,87,2,1157,219,1236,300,Sep06_1/02-20190831184800-snapshot.jpg
2,1,20190831,184830,86,2,1717,733,1807,805,Sep06_1/02-20190831184830-snapshot.jpg
2,1,20190831,184830,87,2,65,906,152,986,Sep06_1/02-20190831184830-snapshot.jpg
2,1,20190831,184900,88,2,1725,360,1822,423,Sep06_1/02-20190831184900-snapshot.jpg
2,1,20190831,185000,85,2,45,72,135,138,Sep06_1/02-20190831185000-snapshot.jpg
2,1,20190831,185000,91,2,859,556,954,631,Sep06_1/02-20190831185000-snapshot.jpg
2,1,20190831,185030,88,2,622,242,700,316,Sep06_1/02-20190831185030-snapshot.jpg
2,1,20190831,185100,86,2,1259,82,1369,150,Sep06_1/02-20190831185100-snapshot.jpg
2,1,20190831,185100,87,2,1802,675,1913,742,Sep06_1/02-20190831185100-snapshot.jpg
2,1,20190831,185130,52,2,1241,435,1293,489,Sep06_1/02-20190831185130-snapshot.jpg
2,1,20190831,185700,89,2,1176,195,1239,291,Sep06_1/02-20190831185700-snapshot.jpg
2,1,20190831,185730,89,2,1781,824,1874,918,Sep06_1/02-20190831185730-snapshot.jpg
2,1,20190831,185800,90,2,1412,344,1479,458,Sep06_1/02-20190831185800-snapshot.jpg
2,1,20190831,190030,89,2,585,82,669,164,Sep06_1/02-20190831190030-snapshot.jpg
2,1,20190831,190330,75,2,4,109,77,185,Sep06_1/02-20190831190330-snapshot.jpg
2,1,20190831,190400,88,2,1014,437,1079,541,Sep06_1/02-20190831190400-snapshot.jpg
2,1,20190831,190500,68,2,1236,342,1287,405,Sep06_1/02-20190831190500-snapshot.jpg
2,1,20190831,190530,89,2,1224,122,1326,203,Sep06_1/02-20190831190530-snapshot.jpg
2,1,20190831,190800,78,2,21,3,113,70,Sep06_1/02-20190831190800-snapshot.jpg
2,1,20190831,190930,85,2,1192,626,1257,707,Sep06_1/02-20190831190930-snapshot.jpg
2,1,20190831,191100,88,2,684,607,764,696,Sep06_1/02-20190831191100-snapshot.jpg
2,1,20190831,191130,62,2,559,3,627,45,Sep06_1/02-20190831191130-snapshot.jpg
2,1,20190831,191130,84,2,69,627,128,715,Sep06_1/02-20190831191130-snapshot.jpg
2,1,20190831,191200,67,2,78,0,163,36,Sep06_1/02-20190831191200-snapshot.jpg
2,1,20190831,191230,86,2,416,40,481,123,Sep06_1/02-20190831191230-snapshot.jpg
2,1,20190831,191300,87,2,255,220,316,312,Sep06_1/02-20190831191300-snapshot.jpg
2,1,20190831,191400,87,2,1060,794,1155,876,Sep06_1/02-20190831191400-snapshot.jpg
2,1,20190831,192330,86,2,54,125,160,192,Sep06_1/02-20190831192330-snapshot.jpg
2,1,20190831,192700,56,2,1890,324,1920,377,Sep06_1/02-20190831192700-snapshot.jpg
2,1,20190831,192700,88,2,1333,70,1415,139,Sep06_1/02-20190831192700-snapshot.jpg
2,1,20190831,192730,86,2,79,103,173,178,Sep06_1/02-20190831192730-snapshot.jpg
2,1,20190831,192730,87,2,1773,750,1877,820,Sep06_1/02-20190831192730-snapshot.jpg
2,1,20190831,193800,85,2,385,126,467,194,Sep06_1/02-20190831193800-snapshot.jpg
2,1,20190831,193830,86,2,501,237,562,320,Sep06_1/02-20190831193830-snapshot.jpg
2,1,20190831,193900,87,2,1368,83,1445,179,Sep06_1/02-20190831193900-snapshot.jpg
2,1,20190831,193930,88,2,1142,730,1231,816,Sep06_1/02-20190831193930-snapshot.jpg
2,1,20190831,194030,89,2,1738,80,1830,149,Sep06_1/02-20190831194030-snapshot.jpg
2,1,20190831,194500,87,2,1577,491,1678,562,Sep06_1/02-20190831194500-snapshot.jpg
2,1,20190831,194530,89,2,1733,588,1835,650,Sep06_1/02-20190831194530-snapshot.jpg
2,1,20190831,194600,87,2,10,916,123,979,Sep06_1/02-20190831194600-snapshot.jpg
2,1,20190831,194630,57,2,1204,437,1264,498,Sep06_1/02-20190831194630-snapshot.jpg
2,1,20190831,194700,89,2,977,392,1060,484,Sep06_1/02-20190831194700-snapshot.jpg
2,1,20190831,194800,86,2,105,378,174,462,Sep06_1/02-20190831194800-snapshot.jpg
2,1,20190831,195900,36,2,618,0,692,37,Sep06_1/02-20190831195900-snapshot.jpg
2,1,20190831,200800,27,2,1869,91,1920,140,Sep06_1/02-20190831200800-snapshot.jpg
2,1,20190831,202530,88,2,1783,576,1883,654,Sep06_1/02-20190831202530-snapshot.jpg
2,1,20190828,150000,89,2,1279,458,1374,516,Sep06_1/03-20190828150000-snapshot.jpg
2,1,20190828,150130,84,2,989,376,1068,444,Sep06_1/03-20190828150130-snapshot.jpg
2,1,20190828,150330,83,2,202,213,295,268,Sep06_1/03-20190828150330-snapshot.jpg
2,1,20190828,150400,86,2,838,570,896,661,Sep06_1/03-20190828150400-snapshot.jpg
2,1,20190828,150430,86,2,790,449,880,510,Sep06_1/03-20190828150430-snapshot.jpg
2,1,20190828,150500,86,2,894,776,982,852,Sep06_1/03-20190828150500-snapshot.jpg
2,1,20190828,150530,53,2,940,0,1001,39,Sep06_1/03-20190828150530-snapshot.jpg
2,1,20190828,150530,82,2,1008,337,1072,420,Sep06_1/03-20190828150530-snapshot.jpg
2,1,20190828,150600,75,2,743,73,818,136,Sep06_1/03-20190828150600-snapshot.jpg
2,1,20190828,150630,85,2,110,111,197,203,Sep06_1/03-20190828150630-snapshot.jpg
2,1,20190828,151000,81,2,1656,658,1714,740,Sep06_1/03-20190828151000-snapshot.jpg
2,1,20190828,151030,88,2,1666,288,1760,358,Sep06_1/03-20190828151030-snapshot.jpg
2,1,20190828,151100,85,2,1314,30,1373,101,Sep06_1/03-20190828151100-snapshot.jpg
2,1,20190828,151100,87,2,801,487,889,561,Sep06_1/03-20190828151100-snapshot.jpg
2,1,20190828,151100,87,2,906,748,991,825,Sep06_1/03-20190828151100-snapshot.jpg
2,1,20190828,151130,85,2,1489,153,1577,229,Sep06_1/03-20190828151130-snapshot.jpg
2,1,20190828,151130,88,2,1006,824,1104,899,Sep06_1/03-20190828151130-snapshot.jpg
2,1,20190828,151200,58,2,1315,1032,1379,1080,Sep06_1/03-20190828151200-snapshot.jpg
2,1,20190828,151730,84,2,1248,808,1308,890,Sep06_1/03-20190828151730-snapshot.jpg
2,1,20190828,151730,86,2,410,43,491,113,Sep06_1/03-20190828151730-snapshot.jpg
2,1,20190828,152500,86,2,85,596,180,653,Sep06_1/03-20190828152500-snapshot.jpg
2,1,20190828,152500,88,2,1363,104,1455,173,Sep06_1/03-20190828152500-snapshot.jpg
2,1,20190828,152600,88,2,1220,464,1319,529,Sep06_1/03-20190828152600-snapshot.jpg
2,1,20190828,153700,87,2,19,132,102,203,Sep06_1/03-20190828153700-snapshot.jpg
2,1,20190828,154700,70,8,1748,697,1849,767,Sep06_1/03-20190828154700-snapshot.jpg
2,1,20190828,154800,90,2,1633,652,1718,726,Sep06_1/03-20190828154800-snapshot.jpg
2,1,20190828,155330,58,2,0,26,52,84,Sep06_1/03-20190828155330-snapshot.jpg
2,1,20190828,155800,88,2,1812,537,1912,614,Sep06_1/03-20190828155800-snapshot.jpg
2,1,20190828,160000,81,2,1611,386,1705,447,Sep06_1/03-20190828160000-snapshot.jpg
2,1,20190828,160030,87,2,1022,317,1102,396,Sep06_1/03-20190828160030-snapshot.jpg
2,1,20190828,160100,35,2,1199,490,1257,547,Sep06_1/03-20190828160100-snapshot.jpg
2,1,20190828,160130,69,2,608,12,673,70,Sep06_1/03-20190828160130-snapshot.jpg
2,1,20190828,160130,82,3,1468,1029,1531,1079,Sep06_1/03-20190828160130-snapshot.jpg
2,1,20190828,160400,86,4,1244,787,1341,862,Sep06_1/03-20190828160400-snapshot.jpg
2,1,20190828,160630,77,7,722,388,968,562,Sep06_1/03-20190828160630-snapshot.jpg
2,1,20190828,160700,81,7,411,0,641,161,Sep06_1/03-20190828160700-snapshot.jpg
2,1,20190828,160730,87,7,395,1,600,132,Sep06_1/03-20190828160730-snapshot.jpg
2,1,20190828,161230,83,2,0,410,74,478,Sep06_1/03-20190828161230-snapshot.jpg
2,1,20190828,161300,83,2,821,503,901,578,Sep06_1/03-20190828161300-snapshot.jpg
2,1,20190828,161330,84,2,1735,131,1829,185,Sep06_1/03-20190828161330-snapshot.jpg
2,1,20190828,161430,85,2,43,21,115,114,Sep06_1/03-20190828161430-snapshot.jpg
2,1,20190828,161830,76,2,1478,991,1556,1041,Sep06_1/03-20190828161830-snapshot.jpg
2,1,20190828,161830,86,8,71,631,125,710,Sep06_1/03-20190828161830-snapshot.jpg
2,1,20190828,162000,88,2,770,600,870,663,Sep06_1/03-20190828162000-snapshot.jpg
2,1,20190828,162830,49,7,1194,1,1408,159,Sep06_1/03-20190828162830-snapshot.jpg
2,1,20190828,162900,74,2,1515,205,1609,273,Sep06_1/03-20190828162900-snapshot.jpg
2,1,20190828,162930,63,7,1397,197,1655,337,Sep06_1/03-20190828162930-snapshot.jpg
2,1,20190828,163200,87,7,1497,205,1735,370,Sep06_1/03-20190828163200-snapshot.jpg
2,1,20190828,163400,71,2,146,989,212,1073,Sep06_1/03-20190828163400-snapshot.jpg
2,1,20190828,163430,81,2,1861,865,1920,925,Sep06_1/03-20190828163430-snapshot.jpg
2,1,20190828,163600,85,2,165,242,224,321,Sep06_1/03-20190828163600-snapshot.jpg
2,1,20190828,163730,77,2,1156,764,1212,813,Sep06_1/03-20190828163730-snapshot.jpg
2,1,20190828,163830,66,2,1327,459,1376,520,Sep06_1/03-20190828163830-snapshot.jpg
2,1,20190828,163900,86,2,1067,442,1149,512,Sep06_1/03-20190828163900-snapshot.jpg
2,1,20190828,163930,67,2,555,2,653,36,Sep06_1/03-20190828163930-snapshot.jpg
2,1,20190828,164000,86,2,1066,578,1151,671,Sep06_1/03-20190828164000-snapshot.jpg
2,1,20190828,164530,89,2,1058,548,1161,619,Sep06_1/03-20190828164530-snapshot.jpg
2,1,20190828,164700,88,2,1567,417,1629,530,Sep06_1/03-20190828164700-snapshot.jpg
2,1,20190828,164900,84,2,984,553,1066,613,Sep06_1/03-20190828164900-snapshot.jpg
2,1,20190828,164930,74,2,885,402,937,492,Sep06_1/03-20190828164930-snapshot.jpg
2,1,20190828,165000,89,2,1045,793,1148,876,Sep06_1/03-20190828165000-snapshot.jpg
2,1,20190828,165200,72,5,1853,514,1918,573,Sep06_1/03-20190828165200-snapshot.jpg
2,1,20190828,165500,79,2,1145,770,1219,826,Sep06_1/03-20190828165500-snapshot.jpg
2,1,20190828,165800,85,2,1188,759,1253,854,Sep06_1/03-20190828165800-snapshot.jpg
2,1,20190828,165900,87,2,1244,127,1335,205,Sep06_1/03-20190828165900-snapshot.jpg
2,1,20190828,170130,70,2,1650,655,1703,730,Sep06_1/03-20190828170130-snapshot.jpg
2,1,20190828,170200,90,2,1750,889,1808,994,Sep06_1/03-20190828170200-snapshot.jpg
2,1,20190828,170230,86,2,1704,134,1804,187,Sep06_1/03-20190828170230-snapshot.jpg
2,1,20190828,170500,83,2,59,425,116,489,Sep06_1/03-20190828170500-snapshot.jpg
2,1,20190828,170530,79,2,48,22,148,80,Sep06_1/03-20190828170530-snapshot.jpg
2,1,20190828,170630,54,2,1360,468,1431,531,Sep06_1/03-20190828170630-snapshot.jpg
2,1,20190828,170700,70,2,1522,270,1587,334,Sep06_1/03-20190828170700-snapshot.jpg
2,1,20190828,170800,85,2,1160,285,1244,342,Sep06_1/03-20190828170800-snapshot.jpg
2,1,20190828,170830,85,2,1092,111,1150,198,Sep06_1/03-20190828170830-snapshot.jpg
2,1,20190828,170900,88,2,949,59,1028,124,Sep06_1/03-20190828170900-snapshot.jpg
2,1,20190828,171030,79,2,515,49,592,116,Sep06_1/03-20190828171030-snapshot.jpg
2,1,20190828,171100,85,2,1187,327,1246,430,Sep06_1/03-20190828171100-snapshot.jpg
2,1,20190828,171130,84,2,1381,92,1462,162,Sep06_1/03-20190828171130-snapshot.jpg
2,1,20190828,171200,87,2,906,693,965,790,Sep06_1/03-20190828171200-snapshot.jpg
2,1,20190828,171630,85,2,944,55,1023,106,Sep06_1/03-20190828171630-snapshot.jpg
2,1,20190828,171730,88,2,804,617,865,705,Sep06_1/03-20190828171730-snapshot.jpg
2,1,20190828,171800,88,2,800,368,892,430,Sep06_1/03-20190828171800-snapshot.jpg
2,1,20190828,171830,79,2,1859,285,1918,362,Sep06_1/03-20190828171830-snapshot.jpg
2,1,20190828,171830,84,2,605,28,656,99,Sep06_1/03-20190828171830-snapshot.jpg
2,1,20190828,171900,87,2,543,132,636,204,Sep06_1/03-20190828171900-snapshot.jpg
2,1,20190828,171930,88,2,1382,300,1483,355,Sep06_1/03-20190828171930-snapshot.jpg
2,1,20190828,171930,90,2,1242,142,1362,205,Sep06_1/03-20190828171930-snapshot.jpg
2,1,20190828,172400,85,4,1761,774,1858,971,Sep06_1/03-20190828172400-snapshot.jpg
2,1,20190828,172430,83,4,780,317,904,471,Sep06_1/03-20190828172430-snapshot.jpg
2,1,20190828,172530,85,2,1297,423,1369,503,Sep06_1/03-20190828172530-snapshot.jpg
2,1,20190828,172600,86,2,607,18,668,95,Sep06_1/03-20190828172600-snapshot.jpg
2,1,20190828,172800,68,7,1252,0,1485,167,Sep06_1/03-20190828172800-snapshot.jpg
2,1,20190828,172830,66,7,1542,134,1694,442,Sep06_1/03-20190828172830-snapshot.jpg
2,1,20190828,172900,72,7,1710,797,1920,1043,Sep06_1/03-20190828172900-snapshot.jpg
2,1,20190828,173230,88,2,1024,569,1139,637,Sep06_1/03-20190828173230-snapshot.jpg
2,1,20190828,173300,89,2,759,369,855,436,Sep06_1/03-20190828173300-snapshot.jpg
2,1,20190828,173500,87,2,297,159,390,216,Sep06_1/03-20190828173500-snapshot.jpg
2,1,20190828,173600,52,7,390,3,613,68,Sep06_1/03-20190828173600-snapshot.jpg
2,1,20190828,173630,66,7,326,14,565,178,Sep06_1/03-20190828173630-snapshot.jpg
2,1,20190828,173700,86,7,14,1,260,136,Sep06_1/03-20190828173700-snapshot.jpg
2,1,20190828,174100,56,2,1029,317,1095,381,Sep06_1/03-20190828174100-snapshot.jpg
2,1,20190828,174300,82,2,42,102,135,158,Sep06_1/03-20190828174300-snapshot.jpg
2,1,20190828,174600,70,2,876,391,939,460,Sep06_1/03-20190828174600-snapshot.jpg
2,1,20190828,174630,87,2,772,571,831,664,Sep06_1/03-20190828174630-snapshot.jpg
2,1,20190828,174900,87,4,704,553,869,689,Sep06_1/03-20190828174900-snapshot.jpg
2,1,20190828,175000,85,2,1159,505,1242,583,Sep06_1/03-20190828175000-snapshot.jpg
2,1,20190828,175030,81,2,1240,384,1297,460,Sep06_1/03-20190828175030-snapshot.jpg
2,1,20190828,175530,86,2,1794,93,1885,148,Sep06_1/03-20190828175530-snapshot.jpg
2,1,20190828,175600,86,2,1480,286,1586,365,Sep06_1/03-20190828175600-snapshot.jpg
2,1,20190828,175730,88,4,1002,497,1083,609,Sep06_1/03-20190828175730-snapshot.jpg
2,1,20190828,175800,88,4,152,83,241,193,Sep06_1/03-20190828175800-snapshot.jpg
2,1,20190828,180430,85,2,1220,769,1317,830,Sep06_1/03-20190828180430-snapshot.jpg
2,1,20190828,180530,68,2,1213,454,1265,505,Sep06_1/03-20190828180530-snapshot.jpg
2,1,20190828,180600,88,2,1118,400,1206,486,Sep06_1/03-20190828180600-snapshot.jpg
2,1,20190828,180800,85,9,949,575,1030,662,Sep06_1/03-20190828180800-snapshot.jpg
2,1,20190828,181100,86,2,715,632,776,710,Sep06_1/03-20190828181100-snapshot.jpg
2,1,20190828,181130,77,2,837,399,909,463,Sep06_1/03-20190828181130-snapshot.jpg
2,1,20190828,181200,87,2,1017,326,1074,425,Sep06_1/03-20190828181200-snapshot.jpg
2,1,20190828,181230,83,2,170,998,225,1066,Sep06_1/03-20190828181230-snapshot.jpg
2,1,20190828,181400,88,2,1833,785,1893,874,Sep06_1/03-20190828181400-snapshot.jpg
2,1,20190828,181430,86,2,1028,376,1094,469,Sep06_1/03-20190828181430-snapshot.jpg
2,1,20190828,182230,73,2,839,24,923,92,Sep06_1/03-20190828182230-snapshot.jpg
2,1,20190828,182300,75,2,1660,346,1719,407,Sep06_1/03-20190828182300-snapshot.jpg
2,1,20190828,182400,79,2,1463,3,1564,49,Sep06_1/03-20190828182400-snapshot.jpg
2,1,20190828,182900,81,2,92,35,198,124,Sep06_1/03-20190828182900-snapshot.jpg
2,1,20190828,183700,89,2,1136,223,1226,294,Sep06_1/03-20190828183700-snapshot.jpg
2,1,20190828,183830,73,8,1332,862,1415,935,Sep06_1/03-20190828183830-snapshot.jpg
2,1,20190828,183830,86,2,1450,135,1546,192,Sep06_1/03-20190828183830-snapshot.jpg
2,1,20190828,183900,88,2,817,401,880,496,Sep06_1/03-20190828183900-snapshot.jpg
2,1,20190828,183930,88,2,1196,438,1254,529,Sep06_1/03-20190828183930-snapshot.jpg
2,1,20190828,184000,88,2,1043,466,1134,539,Sep06_1/03-20190828184000-snapshot.jpg
2,1,20190828,184030,86,2,549,77,607,162,Sep06_1/03-20190828184030-snapshot.jpg
2,1,20190828,184030,87,2,1520,1021,1636,1080,Sep06_1/03-20190828184030-snapshot.jpg
2,1,20190828,184130,88,2,1470,240,1535,341,Sep06_1/03-20190828184130-snapshot.jpg
2,1,20190828,184330,29,2,1169,714,1214,765,Sep06_1/03-20190828184330-snapshot.jpg
2,1,20190828,185230,86,2,1565,837,1631,923,Sep06_1/03-20190828185230-snapshot.jpg
2,1,20190828,185230,88,2,508,237,571,334,Sep06_1/03-20190828185230-snapshot.jpg
2,1,20190828,185600,81,2,190,185,246,266,Sep06_1/03-20190828185600-snapshot.jpg
2,1,20190828,185700,80,2,1881,614,1920,697,Sep06_1/03-20190828185700-snapshot.jpg
2,1,20190828,185730,85,2,1451,130,1545,194,Sep06_1/03-20190828185730-snapshot.jpg
2,1,20190828,185800,77,2,1121,0,1196,44,Sep06_1/03-20190828185800-snapshot.jpg
2,1,20190828,185830,77,2,825,93,893,155,Sep06_1/03-20190828185830-snapshot.jpg
2,1,20190828,185830,87,2,885,715,966,822,Sep06_1/03-20190828185830-snapshot.jpg
2,1,20190828,185900,87,2,1170,536,1228,629,Sep06_1/03-20190828185900-snapshot.jpg
2,1,20190828,185900,88,2,1467,241,1570,301,Sep06_1/03-20190828185900-snapshot.jpg
2,1,20190828,185930,85,2,1265,24,1333,103,Sep06_1/03-20190828185930-snapshot.jpg
2,1,20190828,185930,88,2,944,815,1048,884,Sep06_1/03-20190828185930-snapshot.jpg
2,1,20190828,190000,87,2,905,302,996,393,Sep06_1/03-20190828190000-snapshot.jpg
2,1,20190828,190000,88,2,800,541,903,609,Sep06_1/03-20190828190000-snapshot.jpg
2,1,20190828,190100,66,3,1855,278,1919,352,Sep06_1/03-20190828190100-snapshot.jpg
2,1,20190828,190200,87,4,1792,874,1886,993,Sep06_1/03-20190828190200-snapshot.jpg
2,1,20190828,190300,87,4,92,27,208,135,Sep06_1/03-20190828190300-snapshot.jpg
2,1,20190828,193200,68,2,1,38,52,94,Sep06_1/03-20190828193200-snapshot.jpg
2,1,20190828,194030,83,2,766,67,828,145,Sep06_1/03-20190828194030-snapshot.jpg
2,1,20190828,194400,82,8,1735,997,1815,1060,Sep06_1/03-20190828194400-snapshot.jpg
2,1,20190828,195430,88,2,1242,794,1331,872,Sep06_1/03-20190828195430-snapshot.jpg
2,1,20190828,195930,85,2,1656,343,1721,425,Sep06_1/03-20190828195930-snapshot.jpg
2,1,20190828,200000,90,2,1123,431,1214,520,Sep06_1/03-20190828200000-snapshot.jpg
2,1,20190828,200530,76,2,1883,504,1920,583,Sep06_1/03-20190828200530-snapshot.jpg
2,1,20190828,200600,45,2,1124,241,1191,293,Sep06_1/03-20190828200600-snapshot.jpg
2,1,20190828,200600,89,2,1005,455,1071,569,Sep06_1/03-20190828200600-snapshot.jpg
2,1,20190828,200630,90,2,888,701,979,800,Sep06_1/03-20190828200630-snapshot.jpg
2,1,20190828,200730,90,2,813,369,904,441,Sep06_1/03-20190828200730-snapshot.jpg
2,1,20190828,200800,89,2,861,605,964,696,Sep06_1/03-20190828200800-snapshot.jpg
2,1,20190828,201230,83,8,882,942,973,1001,Sep06_1/04-20190828201230-snapshot.jpg
2,1,20190905,063330,25,2,1875,105,1920,165,Sep06_1/103-20190905063330-snapshot.jpg
2,1,20190905,063800,46,2,1878,106,1920,162,Sep06_1/105-20190905063800-snapshot.jpg
2,1,20190905,074130,31,2,1879,111,1920,166,Sep06_1/124-20190905074130-snapshot.jpg
2,1,20190905,074230,32,2,1878,109,1920,163,Sep06_1/124-20190905074230-snapshot.jpg
2,1,20190905,100900,26,2,1880,109,1920,162,Sep06_1/136-20190905100900-snapshot.jpg
2,1,20190905,101000,26,2,1880,108,1920,158,Sep06_1/136-20190905101000-snapshot.jpg
2,1,20190905,101100,36,2,1881,109,1920,161,Sep06_1/136-20190905101100-snapshot.jpg
2,1,20190905,102200,34,2,1879,109,1920,163,Sep06_1/136-20190905102200-snapshot.jpg
2,1,20190905,102930,26,2,1880,109,1920,163,Sep06_1/136-20190905102930-snapshot.jpg
2,1,20190905,114200,51,2,1879,537,1920,602,Sep06_1/136-20190905114200-snapshot.jpg
2,1,20190905,121400,35,2,1883,104,1920,159,Sep06_1/136-20190905121400-snapshot.jpg
2,1,20190905,125700,30,2,1882,108,1920,160,Sep06_1/136-20190905125700-snapshot.jpg
2,1,20190905,151500,39,2,1884,111,1920,161,Sep06_1/136-20190905151500-snapshot.jpg
2,1,20190905,151600,28,2,1882,110,1920,160,Sep06_1/136-20190905151600-snapshot.jpg
2,1,20190905,151700,25,2,1883,110,1920,158,Sep06_1/136-20190905151700-snapshot.jpg
2,1,20190905,151930,60,2,1881,107,1920,159,Sep06_1/136-20190905151930-snapshot.jpg
2,1,20190905,152030,32,2,1881,107,1920,159,Sep06_1/136-20190905152030-snapshot.jpg
2,1,20190905,152100,48,2,1881,107,1920,160,Sep06_1/136-20190905152100-snapshot.jpg
2,1,20190905,152200,37,2,1882,109,1920,165,Sep06_1/136-20190905152200-snapshot.jpg
2,1,20190905,152230,39,2,1882,107,1920,161,Sep06_1/136-20190905152230-snapshot.jpg
2,1,20190905,152300,52,2,1881,107,1920,161,Sep06_1/136-20190905152300-snapshot.jpg
2,1,20190905,152330,41,2,1881,108,1920,167,Sep06_1/136-20190905152330-snapshot.jpg
2,1,20190905,152400,62,2,1882,110,1920,162,Sep06_1/136-20190905152400-snapshot.jpg
2,1,20190905,152430,67,2,1881,110,1920,164,Sep06_1/136-20190905152430-snapshot.jpg
2,1,20190905,152500,62,2,1883,111,1920,166,Sep06_1/136-20190905152500-snapshot.jpg
2,1,20190905,152530,67,2,1881,110,1920,165,Sep06_1/136-20190905152530-snapshot.jpg
2,1,20190905,152600,56,2,1882,109,1920,164,Sep06_1/136-20190905152600-snapshot.jpg
2,1,20190905,152630,40,2,1882,109,1920,161,Sep06_1/136-20190905152630-snapshot.jpg
2,1,20190905,152730,66,2,1883,112,1920,165,Sep06_1/136-20190905152730-snapshot.jpg
2,1,20190905,152800,42,2,1883,112,1920,166,Sep06_1/136-20190905152800-snapshot.jpg
2,1,20190905,153030,27,2,1882,110,1920,159,Sep06_1/136-20190905153030-snapshot.jpg
2,1,20190905,153230,52,2,1882,110,1920,160,Sep06_1/136-20190905153230-snapshot.jpg
2,1,20190905,153300,44,2,1883,109,1920,161,Sep06_1/136-20190905153300-snapshot.jpg
2,1,20190905,153330,37,2,1883,109,1920,159,Sep06_1/136-20190905153330-snapshot.jpg
2,1,20190905,153600,34,2,1882,108,1920,158,Sep06_1/136-20190905153600-snapshot.jpg
2,1,20190905,153630,35,2,1882,108,1920,158,Sep06_1/136-20190905153630-snapshot.jpg
2,1,20190905,153700,43,2,1882,107,1920,161,Sep06_1/136-20190905153700-snapshot.jpg
2,1,20190905,153730,30,2,1882,108,1920,157,Sep06_1/136-20190905153730-snapshot.jpg
2,1,20190905,153830,31,2,1882,107,1920,159,Sep06_1/136-20190905153830-snapshot.jpg
2,1,20190905,153930,35,2,1882,108,1920,158,Sep06_1/136-20190905153930-snapshot.jpg
2,1,20190905,154030,26,2,1883,107,1920,160,Sep06_1/136-20190905154030-snapshot.jpg
2,1,20190905,154100,36,2,1881,106,1920,157,Sep06_1/136-20190905154100-snapshot.jpg
2,1,20190905,154530,61,2,1884,109,1920,161,Sep06_1/136-20190905154530-snapshot.jpg
2,1,20190905,154600,42,2,1884,108,1920,159,Sep06_1/136-20190905154600-snapshot.jpg
2,1,20190905,154630,50,2,1884,110,1920,161,Sep06_1/136-20190905154630-snapshot.jpg
2,1,20190905,154700,41,2,1884,109,1920,159,Sep06_1/136-20190905154700-snapshot.jpg
2,1,20190905,154730,28,2,1884,109,1920,158,Sep06_1/136-20190905154730-snapshot.jpg
2,1,20190905,154800,27,2,1885,108,1920,159,Sep06_1/136-20190905154800-snapshot.jpg
2,1,20190905,154930,47,2,1885,110,1920,161,Sep06_1/136-20190905154930-snapshot.jpg
2,1,20190905,155000,55,2,1884,112,1920,163,Sep06_1/136-20190905155000-snapshot.jpg
2,1,20190905,155030,60,2,1883,109,1920,159,Sep06_1/136-20190905155030-snapshot.jpg
2,1,20190905,155100,59,2,1882,107,1920,156,Sep06_1/136-20190905155100-snapshot.jpg
2,1,20190905,155130,63,2,1883,107,1920,161,Sep06_1/136-20190905155130-snapshot.jpg
2,1,20190905,155200,48,2,1881,105,1920,156,Sep06_1/136-20190905155200-snapshot.jpg
2,1,20190905,155230,50,2,1882,105,1920,155,Sep06_1/136-20190905155230-snapshot.jpg
2,1,20190905,155300,29,2,1882,105,1920,158,Sep06_1/136-20190905155300-snapshot.jpg
2,1,20190905,155330,57,2,1882,107,1920,157,Sep06_1/136-20190905155330-snapshot.jpg
2,1,20190905,155400,55,2,1882,107,1920,155,Sep06_1/136-20190905155400-snapshot.jpg
2,1,20190905,155430,63,2,1882,107,1920,158,Sep06_1/136-20190905155430-snapshot.jpg
2,1,20190905,155500,51,2,1881,106,1920,158,Sep06_1/136-20190905155500-snapshot.jpg
2,1,20190905,155530,61,2,1882,107,1920,160,Sep06_1/136-20190905155530-snapshot.jpg
2,1,20190905,155600,35,2,1882,106,1920,159,Sep06_1/136-20190905155600-snapshot.jpg
2,1,20190905,155700,51,2,1881,108,1920,158,Sep06_1/136-20190905155700-snapshot.jpg
2,1,20190905,155900,64,2,1884,109,1920,162,Sep06_1/136-20190905155900-snapshot.jpg
2,1,20190905,155930,65,2,1884,110,1920,162,Sep06_1/136-20190905155930-snapshot.jpg
2,1,20190905,160000,44,2,1884,108,1920,159,Sep06_1/136-20190905160000-snapshot.jpg
2,1,20190905,160030,65,2,1884,109,1920,160,Sep06_1/136-20190905160030-snapshot.jpg
2,1,20190905,160100,51,2,1885,109,1920,160,Sep06_1/136-20190905160100-snapshot.jpg
2,1,20190905,160130,58,2,1883,109,1920,161,Sep06_1/136-20190905160130-snapshot.jpg
2,1,20190905,160230,65,2,1883,108,1920,162,Sep06_1/136-20190905160230-snapshot.jpg
2,1,20190905,160300,66,2,1884,109,1920,160,Sep06_1/136-20190905160300-snapshot.jpg
2,1,20190905,160330,65,2,1884,109,1920,160,Sep06_1/136-20190905160330-snapshot.jpg
2,1,20190905,160400,59,2,1884,108,1920,157,Sep06_1/136-20190905160400-snapshot.jpg
2,1,20190905,160430,55,2,1884,109,1920,156,Sep06_1/136-20190905160430-snapshot.jpg
2,1,20190905,160500,61,2,1883,110,1920,158,Sep06_1/136-20190905160500-snapshot.jpg
2,1,20190905,160530,60,2,1884,108,1920,158,Sep06_1/136-20190905160530-snapshot.jpg
2,1,20190905,160600,37,2,1884,110,1920,165,Sep06_1/136-20190905160600-snapshot.jpg
2,1,20190905,160630,58,2,1886,109,1920,162,Sep06_1/136-20190905160630-snapshot.jpg
2,1,20190905,160700,56,2,1884,111,1920,162,Sep06_1/136-20190905160700-snapshot.jpg
2,1,20190905,160730,62,2,1885,111,1920,161,Sep06_1/136-20190905160730-snapshot.jpg
2,1,20190905,160800,59,2,1886,112,1920,160,Sep06_1/136-20190905160800-snapshot.jpg
2,1,20190905,160830,63,2,1885,111,1920,161,Sep06_1/136-20190905160830-snapshot.jpg
2,1,20190905,160900,54,2,1885,112,1920,162,Sep06_1/136-20190905160900-snapshot.jpg
2,1,20190905,160930,40,2,1886,111,1920,163,Sep06_1/136-20190905160930-snapshot.jpg
2,1,20190905,161000,60,2,1885,114,1920,163,Sep06_1/136-20190905161000-snapshot.jpg
2,1,20190905,161030,62,2,1885,112,1920,163,Sep06_1/136-20190905161030-snapshot.jpg
2,1,20190905,161100,57,2,1886,111,1920,167,Sep06_1/136-20190905161100-snapshot.jpg
2,1,20190905,161130,59,2,1885,111,1920,162,Sep06_1/136-20190905161130-snapshot.jpg
2,1,20190905,161200,51,2,1886,110,1920,163,Sep06_1/136-20190905161200-snapshot.jpg
2,1,20190905,161230,61,2,1886,112,1920,158,Sep06_1/136-20190905161230-snapshot.jpg
2,1,20190905,161300,41,2,1887,113,1920,160,Sep06_1/136-20190905161300-snapshot.jpg
2,1,20190905,161330,36,2,1886,112,1920,161,Sep06_1/136-20190905161330-snapshot.jpg
2,1,20190905,161400,53,2,1885,112,1920,161,Sep06_1/136-20190905161400-snapshot.jpg
2,1,20190905,161430,50,2,1885,110,1920,158,Sep06_1/136-20190905161430-snapshot.jpg
2,1,20190905,161500,55,2,1885,112,1920,160,Sep06_1/136-20190905161500-snapshot.jpg
2,1,20190905,161530,48,2,1885,111,1920,160,Sep06_1/136-20190905161530-snapshot.jpg
2,1,20190905,161600,62,2,1885,112,1920,160,Sep06_1/136-20190905161600-snapshot.jpg
2,1,20190905,161630,43,2,1885,110,1920,158,Sep06_1/136-20190905161630-snapshot.jpg
2,1,20190905,161700,58,2,1885,112,1920,158,Sep06_1/136-20190905161700-snapshot.jpg
2,1,20190905,161730,53,2,1885,110,1920,157,Sep06_1/136-20190905161730-snapshot.jpg
2,1,20190905,161800,63,2,1885,111,1920,157,Sep06_1/136-20190905161800-snapshot.jpg
2,1,20190905,161830,56,2,1883,107,1920,155,Sep06_1/136-20190905161830-snapshot.jpg
2,1,20190905,161900,60,2,1883,107,1920,155,Sep06_1/136-20190905161900-snapshot.jpg
2,1,20190905,161930,53,2,1884,107,1920,154,Sep06_1/136-20190905161930-snapshot.jpg
2,1,20190905,162000,55,2,1884,108,1920,156,Sep06_1/136-20190905162000-snapshot.jpg
2,1,20190905,162030,57,2,1884,107,1920,157,Sep06_1/136-20190905162030-snapshot.jpg
2,1,20190905,162100,60,2,1884,106,1920,155,Sep06_1/136-20190905162100-snapshot.jpg
2,1,20190905,162130,56,2,1884,108,1920,158,Sep06_1/136-20190905162130-snapshot.jpg
2,1,20190905,162200,60,2,1884,108,1920,154,Sep06_1/136-20190905162200-snapshot.jpg
2,1,20190905,162230,58,2,1883,108,1920,156,Sep06_1/136-20190905162230-snapshot.jpg
2,1,20190905,162300,62,2,1884,108,1920,155,Sep06_1/136-20190905162300-snapshot.jpg
2,1,20190905,162330,61,2,1884,108,1920,155,Sep06_1/136-20190905162330-snapshot.jpg
2,1,20190905,162400,63,2,1884,108,1920,156,Sep06_1/136-20190905162400-snapshot.jpg
2,1,20190905,162430,63,2,1885,109,1920,156,Sep06_1/136-20190905162430-snapshot.jpg
2,1,20190905,162500,66,2,1884,108,1920,157,Sep06_1/136-20190905162500-snapshot.jpg
2,1,20190905,162530,62,2,1884,108,1920,157,Sep06_1/136-20190905162530-snapshot.jpg
2,1,20190905,162600,53,2,1884,108,1920,155,Sep06_1/136-20190905162600-snapshot.jpg
2,1,20190905,162630,64,2,1884,108,1920,158,Sep06_1/136-20190905162630-snapshot.jpg
2,1,20190905,162700,67,2,1884,110,1920,159,Sep06_1/136-20190905162700-snapshot.jpg
2,1,20190905,162730,57,2,1884,108,1920,162,Sep06_1/136-20190905162730-snapshot.jpg
2,1,20190905,162800,55,2,1885,110,1920,156,Sep06_1/136-20190905162800-snapshot.jpg
2,1,20190905,162830,59,2,1885,110,1920,155,Sep06_1/136-20190905162830-snapshot.jpg
2,1,20190905,162900,57,2,1885,109,1920,157,Sep06_1/136-20190905162900-snapshot.jpg
2,1,20190905,162930,63,2,1885,110,1920,157,Sep06_1/136-20190905162930-snapshot.jpg
2,1,20190905,163000,61,2,1887,110,1920,156,Sep06_1/136-20190905163000-snapshot.jpg
2,1,20190905,163030,44,2,1886,110,1920,159,Sep06_1/136-20190905163030-snapshot.jpg
2,1,20190905,163100,45,2,1886,110,1920,157,Sep06_1/136-20190905163100-snapshot.jpg
2,1,20190905,163130,62,2,1885,108,1920,156,Sep06_1/136-20190905163130-snapshot.jpg
2,1,20190905,163200,56,2,1886,111,1920,159,Sep06_1/136-20190905163200-snapshot.jpg
2,1,20190905,163230,57,2,1885,109,1920,153,Sep06_1/136-20190905163230-snapshot.jpg
2,1,20190905,163300,64,2,1886,111,1920,155,Sep06_1/136-20190905163300-snapshot.jpg
2,1,20190905,163330,59,2,1886,110,1920,154,Sep06_1/136-20190905163330-snapshot.jpg
2,1,20190905,163400,41,2,1886,108,1920,156,Sep06_1/136-20190905163400-snapshot.jpg
2,1,20190905,163430,63,2,1887,110,1920,155,Sep06_1/136-20190905163430-snapshot.jpg
2,1,20190905,163500,64,2,1887,110,1920,154,Sep06_1/136-20190905163500-snapshot.jpg
2,1,20190905,163530,61,2,1886,110,1920,153,Sep06_1/136-20190905163530-snapshot.jpg
2,1,20190905,163600,57,2,1886,109,1920,154,Sep06_1/136-20190905163600-snapshot.jpg
2,1,20190905,163630,30,2,1885,108,1920,158,Sep06_1/136-20190905163630-snapshot.jpg
2,1,20190905,163700,58,2,1886,110,1920,154,Sep06_1/136-20190905163700-snapshot.jpg
2,1,20190905,163730,55,2,1886,109,1920,153,Sep06_1/136-20190905163730-snapshot.jpg
2,1,20190905,163800,63,2,1886,110,1920,154,Sep06_1/136-20190905163800-snapshot.jpg
2,1,20190905,163830,46,2,1886,109,1920,155,Sep06_1/136-20190905163830-snapshot.jpg
2,1,20190905,163900,35,2,1887,110,1920,158,Sep06_1/136-20190905163900-snapshot.jpg
2,1,20190905,163930,37,2,1887,110,1920,156,Sep06_1/136-20190905163930-snapshot.jpg
2,1,20190905,164000,59,2,1887,111,1920,156,Sep06_1/136-20190905164000-snapshot.jpg
2,1,20190905,164030,49,2,1887,111,1920,155,Sep06_1/136-20190905164030-snapshot.jpg
2,1,20190905,164100,50,2,1884,108,1920,158,Sep06_1/136-20190905164100-snapshot.jpg
2,1,20190905,164130,62,2,1886,110,1920,156,Sep06_1/136-20190905164130-snapshot.jpg
2,1,20190905,164200,55,2,1886,109,1920,156,Sep06_1/136-20190905164200-snapshot.jpg
2,1,20190905,164230,51,2,1885,109,1920,155,Sep06_1/136-20190905164230-snapshot.jpg
2,1,20190905,164300,58,2,1887,110,1920,155,Sep06_1/136-20190905164300-snapshot.jpg
2,1,20190905,164330,45,2,1886,111,1920,156,Sep06_1/136-20190905164330-snapshot.jpg
2,1,20190905,164400,59,2,1886,110,1920,158,Sep06_1/136-20190905164400-snapshot.jpg
2,1,20190905,164430,34,2,1886,110,1920,157,Sep06_1/136-20190905164430-snapshot.jpg
2,1,20190905,164500,40,2,1887,110,1920,158,Sep06_1/136-20190905164500-snapshot.jpg
2,1,20190905,164530,60,2,1886,109,1920,157,Sep06_1/136-20190905164530-snapshot.jpg
2,1,20190905,164600,43,2,1886,110,1920,156,Sep06_1/136-20190905164600-snapshot.jpg
2,1,20190905,164630,58,2,1887,111,1920,157,Sep06_1/136-20190905164630-snapshot.jpg
2,1,20190905,164700,62,2,1886,110,1920,157,Sep06_1/136-20190905164700-snapshot.jpg
2,1,20190905,164730,60,2,1886,108,1920,155,Sep06_1/136-20190905164730-snapshot.jpg
2,1,20190905,164800,57,2,1886,108,1920,155,Sep06_1/136-20190905164800-snapshot.jpg
2,1,20190905,164830,58,2,1886,109,1920,154,Sep06_1/136-20190905164830-snapshot.jpg
2,1,20190905,164900,53,2,1887,110,1920,154,Sep06_1/136-20190905164900-snapshot.jpg
2,1,20190905,164930,53,2,1886,109,1920,153,Sep06_1/136-20190905164930-snapshot.jpg
2,1,20190905,165000,43,2,1886,109,1920,155,Sep06_1/136-20190905165000-snapshot.jpg
2,1,20190905,165030,51,2,1885,109,1920,155,Sep06_1/136-20190905165030-snapshot.jpg
2,1,20190905,165100,40,2,1886,111,1920,157,Sep06_1/136-20190905165100-snapshot.jpg
2,1,20190905,165130,54,2,1886,110,1920,154,Sep06_1/136-20190905165130-snapshot.jpg
2,1,20190905,165200,26,2,1884,107,1920,155,Sep06_1/136-20190905165200-snapshot.jpg
2,1,20190905,165230,37,2,1885,109,1920,156,Sep06_1/136-20190905165230-snapshot.jpg
2,1,20190905,165300,30,2,1885,108,1920,155,Sep06_1/136-20190905165300-snapshot.jpg
2,1,20190905,165330,61,2,1885,110,1920,155,Sep06_1/136-20190905165330-snapshot.jpg
2,1,20190905,165400,56,2,1885,110,1920,155,Sep06_1/136-20190905165400-snapshot.jpg
2,1,20190905,165430,51,2,1886,110,1920,157,Sep06_1/136-20190905165430-snapshot.jpg
2,1,20190905,165530,53,2,1886,111,1920,157,Sep06_1/136-20190905165530-snapshot.jpg
2,1,20190905,165600,26,2,1886,111,1920,157,Sep06_1/136-20190905165600-snapshot.jpg
2,1,20190905,165630,33,2,1886,111,1920,156,Sep06_1/136-20190905165630-snapshot.jpg
2,1,20190905,165800,28,2,1887,111,1920,155,Sep06_1/136-20190905165800-snapshot.jpg
2,1,20190905,165900,42,2,1887,111,1920,154,Sep06_1/136-20190905165900-snapshot.jpg
2,1,20190905,170000,37,2,1887,112,1920,155,Sep06_1/136-20190905170000-snapshot.jpg
2,1,20190905,170030,38,2,1887,111,1920,154,Sep06_1/136-20190905170030-snapshot.jpg
2,1,20190905,170100,46,2,1886,110,1920,154,Sep06_1/136-20190905170100-snapshot.jpg
2,1,20190905,170230,49,2,1885,108,1920,155,Sep06_1/136-20190905170230-snapshot.jpg
2,1,20190905,170330,44,2,1884,110,1920,157,Sep06_1/136-20190905170330-snapshot.jpg
2,1,20190905,170400,39,2,1885,107,1920,158,Sep06_1/136-20190905170400-snapshot.jpg
2,1,20190905,170500,32,2,1886,108,1920,162,Sep06_1/136-20190905170500-snapshot.jpg
2,1,20190905,170600,30,2,1884,107,1920,162,Sep06_1/136-20190905170600-snapshot.jpg
2,1,20190905,170630,33,2,1884,107,1920,158,Sep06_1/136-20190905170630-snapshot.jpg
2,1,20190905,170700,51,2,1883,107,1920,157,Sep06_1/136-20190905170700-snapshot.jpg
2,1,20190905,170730,35,2,1884,107,1920,161,Sep06_1/136-20190905170730-snapshot.jpg
2,1,20190905,170800,54,2,1885,108,1920,159,Sep06_1/136-20190905170800-snapshot.jpg
2,1,20190905,170830,42,2,1884,106,1920,158,Sep06_1/136-20190905170830-snapshot.jpg
2,1,20190905,170900,33,2,1885,107,1920,159,Sep06_1/136-20190905170900-snapshot.jpg
2,1,20190905,170930,52,2,1887,109,1920,159,Sep06_1/136-20190905170930-snapshot.jpg
2,1,20190905,171000,57,2,1886,110,1920,162,Sep06_1/136-20190905171000-snapshot.jpg
2,1,20190905,171100,59,2,1885,108,1920,159,Sep06_1/136-20190905171100-snapshot.jpg
2,1,20190905,171130,50,2,1886,110,1920,163,Sep06_1/136-20190905171130-snapshot.jpg
2,1,20190905,171230,58,2,1885,110,1920,160,Sep06_1/136-20190905171230-snapshot.jpg
2,1,20190905,171330,66,2,1885,111,1920,160,Sep06_1/136-20190905171330-snapshot.jpg
2,1,20190905,171400,35,2,1885,110,1920,159,Sep06_1/136-20190905171400-snapshot.jpg
2,1,20190905,171430,52,2,1886,110,1920,161,Sep06_1/136-20190905171430-snapshot.jpg
2,1,20190905,171500,48,2,1885,111,1920,162,Sep06_1/136-20190905171500-snapshot.jpg
2,1,20190905,171530,62,2,1885,112,1920,161,Sep06_1/136-20190905171530-snapshot.jpg
2,1,20190905,171600,62,2,1885,111,1920,161,Sep06_1/136-20190905171600-snapshot.jpg
2,1,20190905,171630,47,2,1885,112,1920,163,Sep06_1/136-20190905171630-snapshot.jpg
2,1,20190905,171700,62,2,1885,111,1920,163,Sep06_1/136-20190905171700-snapshot.jpg
2,1,20190905,171730,65,2,1885,112,1920,166,Sep06_1/136-20190905171730-snapshot.jpg
2,1,20190905,171800,61,2,1885,109,1920,163,Sep06_1/136-20190905171800-snapshot.jpg
2,1,20190905,171830,57,2,1886,110,1920,163,Sep06_1/136-20190905171830-snapshot.jpg
2,1,20190905,171900,56,2,1885,110,1920,163,Sep06_1/136-20190905171900-snapshot.jpg
2,1,20190905,171930,56,2,1885,111,1920,163,Sep06_1/136-20190905171930-snapshot.jpg
2,1,20190905,172000,56,2,1886,111,1920,162,Sep06_1/136-20190905172000-snapshot.jpg
2,1,20190905,172030,65,2,1885,111,1920,162,Sep06_1/136-20190905172030-snapshot.jpg
2,1,20190905,172100,54,2,1886,111,1920,162,Sep06_1/136-20190905172100-snapshot.jpg
2,1,20190905,172130,62,2,1887,111,1920,161,Sep06_1/136-20190905172130-snapshot.jpg
2,1,20190905,172200,65,2,1887,111,1920,164,Sep06_1/136-20190905172200-snapshot.jpg
2,1,20190905,172230,63,2,1886,110,1920,160,Sep06_1/136-20190905172230-snapshot.jpg
2,1,20190905,172300,64,2,1887,111,1920,161,Sep06_1/136-20190905172300-snapshot.jpg
2,1,20190905,172330,58,2,1887,111,1920,162,Sep06_1/136-20190905172330-snapshot.jpg
2,1,20190905,172400,52,2,1887,110,1920,162,Sep06_1/136-20190905172400-snapshot.jpg
2,1,20190905,172430,58,2,1887,111,1920,161,Sep06_1/136-20190905172430-snapshot.jpg
2,1,20190905,172500,42,2,1887,110,1920,161,Sep06_1/136-20190905172500-snapshot.jpg
2,1,20190905,172530,37,2,1888,110,1920,162,Sep06_1/136-20190905172530-snapshot.jpg
2,1,20190905,172600,62,2,1887,111,1920,162,Sep06_1/136-20190905172600-snapshot.jpg
2,1,20190905,172630,64,2,1887,112,1920,157,Sep06_1/136-20190905172630-snapshot.jpg
2,1,20190905,172730,56,2,1887,112,1920,156,Sep06_1/136-20190905172730-snapshot.jpg
2,1,20190905,172800,32,2,1887,109,1920,158,Sep06_1/136-20190905172800-snapshot.jpg
2,1,20190905,172830,30,2,1887,110,1920,156,Sep06_1/136-20190905172830-snapshot.jpg
2,1,20190905,172900,29,2,1887,109,1920,156,Sep06_1/136-20190905172900-snapshot.jpg
2,1,20190905,172930,46,2,1888,111,1920,155,Sep06_1/136-20190905172930-snapshot.jpg
2,1,20190905,173030,25,2,1887,110,1920,156,Sep06_1/136-20190905173030-snapshot.jpg
2,1,20190905,173100,29,2,1886,110,1920,156,Sep06_1/136-20190905173100-snapshot.jpg
2,1,20190905,173130,40,2,1886,108,1920,157,Sep06_1/136-20190905173130-snapshot.jpg
2,1,20190905,173200,41,2,1887,109,1920,157,Sep06_1/136-20190905173200-snapshot.jpg
2,1,20190905,173330,41,2,1886,108,1920,159,Sep06_1/136-20190905173330-snapshot.jpg
2,1,20190905,173400,30,2,1887,110,1920,158,Sep06_1/136-20190905173400-snapshot.jpg
2,1,20190905,173500,42,2,1886,108,1920,157,Sep06_1/136-20190905173500-snapshot.jpg
2,1,20190905,173530,50,2,1886,110,1920,159,Sep06_1/136-20190905173530-snapshot.jpg
2,1,20190905,173600,53,2,1886,109,1920,158,Sep06_1/136-20190905173600-snapshot.jpg
2,1,20190905,173630,50,2,1886,108,1920,158,Sep06_1/136-20190905173630-snapshot.jpg
2,1,20190905,173700,61,2,1886,109,1920,158,Sep06_1/136-20190905173700-snapshot.jpg
2,1,20190905,173730,63,2,1886,108,1920,158,Sep06_1/136-20190905173730-snapshot.jpg
2,1,20190905,173800,61,2,1885,109,1920,159,Sep06_1/136-20190905173800-snapshot.jpg
2,1,20190905,173830,54,2,1885,108,1920,157,Sep06_1/136-20190905173830-snapshot.jpg
2,1,20190905,173900,61,2,1885,109,1920,158,Sep06_1/136-20190905173900-snapshot.jpg
2,1,20190905,173930,56,2,1886,109,1920,159,Sep06_1/136-20190905173930-snapshot.jpg
2,1,20190905,174000,52,2,1886,108,1920,156,Sep06_1/136-20190905174000-snapshot.jpg
2,1,20190905,174030,62,2,1886,108,1920,159,Sep06_1/136-20190905174030-snapshot.jpg
2,1,20190905,174100,60,2,1886,108,1920,160,Sep06_1/136-20190905174100-snapshot.jpg
2,1,20190905,174130,58,2,1886,108,1920,157,Sep06_1/136-20190905174130-snapshot.jpg
2,1,20190905,174200,61,2,1886,108,1920,158,Sep06_1/136-20190905174200-snapshot.jpg
2,1,20190905,174230,56,2,1886,108,1920,158,Sep06_1/136-20190905174230-snapshot.jpg
2,1,20190905,174300,60,2,1886,108,1920,158,Sep06_1/136-20190905174300-snapshot.jpg
2,1,20190905,174330,64,2,1886,108,1920,161,Sep06_1/136-20190905174330-snapshot.jpg
2,1,20190905,174400,61,2,1886,109,1920,158,Sep06_1/136-20190905174400-snapshot.jpg
2,1,20190905,174430,62,2,1886,108,1920,159,Sep06_1/136-20190905174430-snapshot.jpg
2,1,20190905,174500,61,2,1886,108,1920,159,Sep06_1/136-20190905174500-snapshot.jpg
2,1,20190905,174530,58,2,1886,108,1920,154,Sep06_1/136-20190905174530-snapshot.jpg
2,1,20190905,174600,44,2,1887,109,1920,155,Sep06_1/136-20190905174600-snapshot.jpg
2,1,20190905,174730,40,2,1886,110,1920,156,Sep06_1/136-20190905174730-snapshot.jpg
2,1,20190905,174900,53,2,1887,111,1920,155,Sep06_1/136-20190905174900-snapshot.jpg
2,1,20190905,175000,53,2,1886,111,1920,157,Sep06_1/136-20190905175000-snapshot.jpg
2,1,20190905,175030,60,2,1885,108,1920,160,Sep06_1/136-20190905175030-snapshot.jpg
2,1,20190905,175100,58,2,1886,107,1920,157,Sep06_1/136-20190905175100-snapshot.jpg
2,1,20190905,175130,35,2,1887,108,1920,155,Sep06_1/136-20190905175130-snapshot.jpg
2,1,20190905,175200,46,2,1887,106,1920,156,Sep06_1/136-20190905175200-snapshot.jpg
2,1,20190905,175230,53,2,1886,107,1920,157,Sep06_1/136-20190905175230-snapshot.jpg
2,1,20190905,175300,61,2,1885,108,1920,157,Sep06_1/136-20190905175300-snapshot.jpg
2,1,20190905,175400,33,2,1886,110,1920,154,Sep06_1/136-20190905175400-snapshot.jpg
2,1,20190905,175430,35,2,1886,109,1920,154,Sep06_1/136-20190905175430-snapshot.jpg
2,1,20190905,175500,57,2,1886,109,1920,153,Sep06_1/136-20190905175500-snapshot.jpg
2,1,20190905,175530,44,2,1886,110,1920,154,Sep06_1/136-20190905175530-snapshot.jpg
2,1,20190905,175600,59,2,1887,110,1920,154,Sep06_1/136-20190905175600-snapshot.jpg
2,1,20190905,175630,44,2,1887,110,1920,152,Sep06_1/136-20190905175630-snapshot.jpg
2,1,20190905,175730,32,2,1887,110,1920,153,Sep06_1/136-20190905175730-snapshot.jpg
2,1,20190905,175800,52,2,1888,111,1920,154,Sep06_1/136-20190905175800-snapshot.jpg
2,1,20190905,175930,31,2,1887,107,1920,151,Sep06_1/136-20190905175930-snapshot.jpg
2,1,20190905,180000,48,2,1886,108,1920,157,Sep06_1/136-20190905180000-snapshot.jpg
2,1,20190905,180030,38,2,1887,106,1920,151,Sep06_1/136-20190905180030-snapshot.jpg
2,1,20190905,180100,52,2,1886,107,1920,155,Sep06_1/136-20190905180100-snapshot.jpg
2,1,20190905,180130,54,2,1886,106,1920,157,Sep06_1/136-20190905180130-snapshot.jpg
2,1,20190905,180230,56,2,1886,107,1920,155,Sep06_1/136-20190905180230-snapshot.jpg
2,1,20190905,180330,61,2,1886,107,1920,159,Sep06_1/136-20190905180330-snapshot.jpg
2,1,20190905,180400,39,2,1886,106,1920,156,Sep06_1/136-20190905180400-snapshot.jpg
2,1,20190905,180430,63,2,1885,108,1920,157,Sep06_1/136-20190905180430-snapshot.jpg
2,1,20190905,180500,60,2,1886,108,1920,156,Sep06_1/136-20190905180500-snapshot.jpg
2,1,20190905,180530,57,2,1885,107,1920,157,Sep06_1/136-20190905180530-snapshot.jpg
2,1,20190905,180600,65,2,1885,109,1920,159,Sep06_1/136-20190905180600-snapshot.jpg
2,1,20190905,180630,62,2,1885,108,1920,157,Sep06_1/136-20190905180630-snapshot.jpg
2,1,20190905,180700,57,2,1885,108,1920,157,Sep06_1/136-20190905180700-snapshot.jpg
2,1,20190905,180730,64,2,1885,108,1920,160,Sep06_1/136-20190905180730-snapshot.jpg
2,1,20190905,180800,62,2,1885,110,1920,159,Sep06_1/136-20190905180800-snapshot.jpg
2,1,20190905,180830,62,2,1884,108,1920,158,Sep06_1/136-20190905180830-snapshot.jpg
2,1,20190905,180900,60,2,1885,108,1920,157,Sep06_1/136-20190905180900-snapshot.jpg
2,1,20190905,180930,62,2,1885,108,1920,157,Sep06_1/136-20190905180930-snapshot.jpg
2,1,20190905,181000,63,2,1885,108,1920,158,Sep06_1/136-20190905181000-snapshot.jpg
2,1,20190905,181030,35,2,1885,106,1920,158,Sep06_1/136-20190905181030-snapshot.jpg
2,1,20190905,181100,60,2,1885,107,1920,158,Sep06_1/136-20190905181100-snapshot.jpg
2,1,20190905,181130,49,2,1886,109,1920,159,Sep06_1/136-20190905181130-snapshot.jpg
2,1,20190905,181200,61,2,1885,108,1920,159,Sep06_1/136-20190905181200-snapshot.jpg
2,1,20190905,181230,60,2,1884,108,1920,159,Sep06_1/136-20190905181230-snapshot.jpg
2,1,20190905,181300,63,2,1885,109,1920,159,Sep06_1/136-20190905181300-snapshot.jpg
2,1,20190905,181330,35,2,1885,108,1920,161,Sep06_1/136-20190905181330-snapshot.jpg
2,1,20190905,181430,45,2,1886,109,1920,157,Sep06_1/136-20190905181430-snapshot.jpg
2,1,20190905,181500,35,2,1886,107,1920,154,Sep06_1/136-20190905181500-snapshot.jpg
2,1,20190905,181530,45,2,1885,110,1920,158,Sep06_1/136-20190905181530-snapshot.jpg
2,1,20190905,181600,31,2,1886,111,1920,158,Sep06_1/136-20190905181600-snapshot.jpg
2,1,20190905,181730,42,2,1886,111,1920,158,Sep06_1/136-20190905181730-snapshot.jpg
2,1,20190905,182000,37,2,1886,112,1920,158,Sep06_1/136-20190905182000-snapshot.jpg
2,1,20190905,182100,33,2,1884,111,1920,159,Sep06_1/136-20190905182100-snapshot.jpg
2,1,20190905,182200,30,2,1885,111,1920,159,Sep06_1/136-20190905182200-snapshot.jpg
2,1,20190905,182300,31,2,1885,108,1920,157,Sep06_1/136-20190905182300-snapshot.jpg
2,1,20190905,182330,26,2,1885,109,1920,156,Sep06_1/136-20190905182330-snapshot.jpg
2,1,20190905,183330,56,2,1885,110,1920,162,Sep06_1/136-20190905183330-snapshot.jpg
2,1,20190905,183500,51,2,1886,108,1920,160,Sep06_1/136-20190905183500-snapshot.jpg
2,1,20190905,183530,30,2,1886,108,1920,158,Sep06_1/136-20190905183530-snapshot.jpg
2,1,20190905,183630,53,2,1886,109,1920,159,Sep06_1/136-20190905183630-snapshot.jpg
2,1,20190905,184130,37,2,1886,108,1920,157,Sep06_1/136-20190905184130-snapshot.jpg
2,1,20190905,184200,49,2,1885,109,1920,157,Sep06_1/136-20190905184200-snapshot.jpg
2,1,20190905,184300,42,2,1884,107,1920,157,Sep06_1/136-20190905184300-snapshot.jpg
2,1,20190905,184330,34,2,1884,107,1920,158,Sep06_1/136-20190905184330-snapshot.jpg
2,1,20190905,184500,40,2,1887,107,1920,157,Sep06_1/136-20190905184500-snapshot.jpg
2,1,20190905,184700,35,2,1886,109,1920,158,Sep06_1/136-20190905184700-snapshot.jpg
2,1,20190905,184730,34,2,1886,110,1920,159,Sep06_1/136-20190905184730-snapshot.jpg
2,1,20190905,184900,41,2,1887,110,1920,161,Sep06_1/136-20190905184900-snapshot.jpg
2,1,20190905,184930,52,2,1887,111,1920,159,Sep06_1/136-20190905184930-snapshot.jpg
2,1,20190905,185230,63,2,1884,109,1920,161,Sep06_1/136-20190905185230-snapshot.jpg
2,1,20190905,185300,33,2,1885,108,1920,162,Sep06_1/136-20190905185300-snapshot.jpg
2,1,20190905,185330,37,2,1884,109,1920,160,Sep06_1/136-20190905185330-snapshot.jpg
2,1,20190905,185400,39,2,1885,109,1920,162,Sep06_1/136-20190905185400-snapshot.jpg
2,1,20190905,185430,32,2,1884,109,1920,162,Sep06_1/136-20190905185430-snapshot.jpg
2,1,20190905,185500,42,2,1884,107,1920,160,Sep06_1/136-20190905185500-snapshot.jpg
2,1,20190905,185530,48,2,1884,108,1920,161,Sep06_1/136-20190905185530-snapshot.jpg
2,1,20190905,185630,27,2,1887,111,1920,161,Sep06_1/136-20190905185630-snapshot.jpg
2,1,20190905,185700,32,2,1885,109,1920,162,Sep06_1/136-20190905185700-snapshot.jpg
2,1,20190905,185730,41,2,1885,111,1920,161,Sep06_1/136-20190905185730-snapshot.jpg
2,1,20190905,185800,57,2,1885,110,1920,161,Sep06_1/136-20190905185800-snapshot.jpg
2,1,20190905,185830,56,2,1884,109,1920,161,Sep06_1/136-20190905185830-snapshot.jpg
2,1,20190905,185900,55,2,1885,109,1920,161,Sep06_1/136-20190905185900-snapshot.jpg
2,1,20190905,185930,65,2,1885,110,1920,161,Sep06_1/136-20190905185930-snapshot.jpg
2,1,20190905,190030,64,2,1884,110,1920,161,Sep06_1/136-20190905190030-snapshot.jpg
2,1,20190905,190100,57,2,1885,110,1920,161,Sep06_1/136-20190905190100-snapshot.jpg
2,1,20190905,190200,62,2,1885,111,1920,162,Sep06_1/136-20190905190200-snapshot.jpg
2,1,20190905,190230,33,2,1886,110,1920,160,Sep06_1/136-20190905190230-snapshot.jpg
2,1,20190905,190330,56,2,1885,109,1920,160,Sep06_1/136-20190905190330-snapshot.jpg
2,1,20190905,190400,60,2,1885,109,1920,159,Sep06_1/136-20190905190400-snapshot.jpg
2,1,20190905,190430,65,2,1885,110,1920,162,Sep06_1/136-20190905190430-snapshot.jpg
2,1,20190905,190500,60,2,1886,110,1920,159,Sep06_1/136-20190905190500-snapshot.jpg
2,1,20190905,190600,59,2,1885,110,1920,160,Sep06_1/136-20190905190600-snapshot.jpg
2,1,20190905,190700,46,2,1886,108,1920,160,Sep06_1/136-20190905190700-snapshot.jpg
2,1,20190905,190730,48,2,1885,109,1920,160,Sep06_1/136-20190905190730-snapshot.jpg
2,1,20190905,190800,54,2,1886,111,1920,162,Sep06_1/136-20190905190800-snapshot.jpg
2,1,20190905,190830,62,2,1886,110,1920,161,Sep06_1/136-20190905190830-snapshot.jpg
2,1,20190905,190900,48,2,1885,107,1920,159,Sep06_1/136-20190905190900-snapshot.jpg
2,1,20190905,190930,48,2,1886,109,1920,160,Sep06_1/136-20190905190930-snapshot.jpg
2,1,20190905,191100,28,2,1885,108,1920,159,Sep06_1/136-20190905191100-snapshot.jpg
2,1,20190905,191130,29,2,1885,109,1920,158,Sep06_1/136-20190905191130-snapshot.jpg
2,1,20190905,191200,41,2,1885,108,1920,161,Sep06_1/136-20190905191200-snapshot.jpg
2,1,20190905,191230,57,2,1884,109,1920,160,Sep06_1/136-20190905191230-snapshot.jpg
2,1,20190905,191300,39,2,1884,108,1920,161,Sep06_1/136-20190905191300-snapshot.jpg
2,1,20190905,191330,53,2,1884,109,1920,161,Sep06_1/136-20190905191330-snapshot.jpg
2,1,20190905,191400,53,2,1885,108,1920,160,Sep06_1/136-20190905191400-snapshot.jpg
2,1,20190905,191630,54,2,1886,111,1920,161,Sep06_1/136-20190905191630-snapshot.jpg
2,1,20190905,191700,28,2,1886,110,1920,160,Sep06_1/136-20190905191700-snapshot.jpg
2,1,20190905,191730,49,2,1885,109,1920,160,Sep06_1/136-20190905191730-snapshot.jpg
2,1,20190905,191930,39,2,1886,110,1920,164,Sep06_1/136-20190905191930-snapshot.jpg
2,1,20190905,192000,52,2,1886,113,1920,161,Sep06_1/136-20190905192000-snapshot.jpg
2,1,20190905,192030,58,2,1885,113,1920,162,Sep06_1/136-20190905192030-snapshot.jpg
2,1,20190905,192100,61,2,1886,113,1920,162,Sep06_1/136-20190905192100-snapshot.jpg
2,1,20190905,192130,56,2,1886,112,1920,159,Sep06_1/136-20190905192130-snapshot.jpg
2,1,20190905,192200,63,2,1885,112,1920,160,Sep06_1/136-20190905192200-snapshot.jpg
2,1,20190905,192230,45,2,1886,112,1920,160,Sep06_1/136-20190905192230-snapshot.jpg
2,1,20190905,192300,43,2,1885,112,1920,160,Sep06_1/136-20190905192300-snapshot.jpg
2,1,20190905,192330,39,2,1886,110,1920,159,Sep06_1/136-20190905192330-snapshot.jpg
2,1,20190905,192400,61,2,1886,111,1920,158,Sep06_1/136-20190905192400-snapshot.jpg
2,1,20190905,192500,52,2,1887,111,1920,162,Sep06_1/136-20190905192500-snapshot.jpg
2,1,20190905,192530,44,2,1886,109,1920,159,Sep06_1/136-20190905192530-snapshot.jpg
2,1,20190905,192630,29,2,1886,110,1920,161,Sep06_1/136-20190905192630-snapshot.jpg
2,1,20190905,192730,55,2,1886,110,1920,160,Sep06_1/136-20190905192730-snapshot.jpg
2,1,20190905,192800,45,2,1886,109,1920,160,Sep06_1/136-20190905192800-snapshot.jpg
2,1,20190905,192830,43,2,1887,109,1920,159,Sep06_1/136-20190905192830-snapshot.jpg
2,1,20190905,192900,47,2,1887,111,1920,160,Sep06_1/136-20190905192900-snapshot.jpg
2,1,20190905,192930,36,2,1886,110,1920,160,Sep06_1/136-20190905192930-snapshot.jpg
2,1,20190905,193000,44,2,1886,109,1920,161,Sep06_1/136-20190905193000-snapshot.jpg
2,1,20190905,193100,59,2,1886,110,1920,160,Sep06_1/136-20190905193100-snapshot.jpg
2,1,20190905,193130,42,2,1885,108,1920,160,Sep06_1/136-20190905193130-snapshot.jpg
2,1,20190905,193200,55,2,1885,110,1920,160,Sep06_1/136-20190905193200-snapshot.jpg
2,1,20190905,193230,58,2,1885,110,1920,160,Sep06_1/136-20190905193230-snapshot.jpg
2,1,20190905,193330,29,2,1886,107,1920,158,Sep06_1/136-20190905193330-snapshot.jpg
2,1,20190905,193400,59,2,1883,108,1920,160,Sep06_1/136-20190905193400-snapshot.jpg
2,1,20190905,193430,27,2,1886,107,1920,162,Sep06_1/136-20190905193430-snapshot.jpg
2,1,20190905,193500,47,2,1884,108,1920,160,Sep06_1/136-20190905193500-snapshot.jpg
2,1,20190905,193700,33,2,1883,107,1920,169,Sep06_1/136-20190905193700-snapshot.jpg
2,1,20190905,193730,33,2,1884,106,1920,166,Sep06_1/136-20190905193730-snapshot.jpg
2,1,20190905,193800,42,2,1884,107,1920,164,Sep06_1/136-20190905193800-snapshot.jpg
2,1,20190905,194100,35,2,1883,107,1920,165,Sep06_1/136-20190905194100-snapshot.jpg
2,1,20190905,194200,33,2,1884,108,1920,166,Sep06_1/136-20190905194200-snapshot.jpg
2,1,20190905,194300,34,2,1884,109,1920,168,Sep06_1/136-20190905194300-snapshot.jpg
2,1,20190905,194430,48,2,1884,108,1920,166,Sep06_1/136-20190905194430-snapshot.jpg
2,1,20190905,194530,29,2,1884,108,1920,171,Sep06_1/136-20190905194530-snapshot.jpg
2,1,20190905,194600,41,2,1885,110,1920,163,Sep06_1/136-20190905194600-snapshot.jpg
2,1,20190905,194630,34,2,1884,110,1920,162,Sep06_1/136-20190905194630-snapshot.jpg
2,1,20190905,194700,39,2,1886,110,1920,166,Sep06_1/136-20190905194700-snapshot.jpg
2,1,20190905,194730,47,2,1884,111,1920,166,Sep06_1/136-20190905194730-snapshot.jpg
2,1,20190905,194800,40,2,1883,110,1920,164,Sep06_1/136-20190905194800-snapshot.jpg
2,1,20190905,194830,29,2,1884,110,1920,167,Sep06_1/136-20190905194830-snapshot.jpg
2,1,20190905,194900,35,2,1885,111,1920,167,Sep06_1/136-20190905194900-snapshot.jpg
2,1,20190905,194930,44,2,1884,111,1920,167,Sep06_1/136-20190905194930-snapshot.jpg
2,1,20190905,195100,41,2,1884,112,1920,168,Sep06_1/136-20190905195100-snapshot.jpg
2,1,20190905,195200,42,2,1884,110,1920,163,Sep06_1/136-20190905195200-snapshot.jpg
2,1,20190905,195300,42,2,1884,111,1920,168,Sep06_1/136-20190905195300-snapshot.jpg
2,1,20190905,195330,34,2,1884,109,1920,167,Sep06_1/136-20190905195330-snapshot.jpg
2,1,20190905,195530,34,2,1884,108,1920,165,Sep06_1/136-20190905195530-snapshot.jpg
2,1,20190905,195600,38,2,1885,111,1920,169,Sep06_1/136-20190905195600-snapshot.jpg
2,1,20190905,195630,39,2,1885,110,1920,166,Sep06_1/136-20190905195630-snapshot.jpg
2,1,20190905,200030,26,2,1883,107,1920,166,Sep06_1/136-20190905200030-snapshot.jpg
2,1,20190905,200630,30,2,1879,107,1920,171,Sep06_1/136-20190905200630-snapshot.jpg
2,1,20190905,201000,38,2,1881,107,1920,167,Sep06_1/136-20190905201000-snapshot.jpg
2,1,20190906,063300,28,2,1882,102,1920,161,Sep06_1/141-20190906063300-snapshot.jpg
2,1,20190906,063500,45,2,1882,103,1920,165,Sep06_1/141-20190906063500-snapshot.jpg
2,1,20190906,063600,31,2,1883,103,1920,163,Sep06_1/141-20190906063600-snapshot.jpg
2,1,20190906,063830,27,2,1883,104,1920,162,Sep06_1/141-20190906063830-snapshot.jpg
2,1,20190906,063900,43,2,1884,105,1920,164,Sep06_1/141-20190906063900-snapshot.jpg
2,1,20190906,063930,57,2,1883,104,1920,163,Sep06_1/141-20190906063930-snapshot.jpg
2,1,20190906,064000,42,2,1884,107,1920,166,Sep06_1/141-20190906064000-snapshot.jpg
2,1,20190906,064130,33,2,1884,107,1920,164,Sep06_1/141-20190906064130-snapshot.jpg
2,1,20190906,064200,31,2,1884,105,1920,164,Sep06_1/141-20190906064200-snapshot.jpg
2,1,20190906,064230,49,2,1884,107,1920,165,Sep06_1/141-20190906064230-snapshot.jpg
2,1,20190906,064300,28,2,1884,106,1920,164,Sep06_1/141-20190906064300-snapshot.jpg
2,1,20190906,064330,39,2,1884,106,1920,165,Sep06_1/141-20190906064330-snapshot.jpg
2,1,20190906,064400,42,2,1883,105,1920,164,Sep06_1/141-20190906064400-snapshot.jpg
2,1,20190906,064430,49,2,1883,105,1920,162,Sep06_1/141-20190906064430-snapshot.jpg
2,1,20190906,064500,35,2,1884,106,1920,163,Sep06_1/141-20190906064500-snapshot.jpg
2,1,20190906,064530,48,2,1884,107,1920,163,Sep06_1/141-20190906064530-snapshot.jpg
2,1,20190906,064600,56,2,1884,107,1920,165,Sep06_1/141-20190906064600-snapshot.jpg
2,1,20190906,064630,53,2,1884,109,1920,166,Sep06_1/141-20190906064630-snapshot.jpg
2,1,20190906,064700,50,2,1883,106,1920,162,Sep06_1/141-20190906064700-snapshot.jpg
2,1,20190906,064730,51,2,1884,107,1920,162,Sep06_1/141-20190906064730-snapshot.jpg
2,1,20190906,064800,34,2,1884,107,1920,165,Sep06_1/141-20190906064800-snapshot.jpg
2,1,20190906,064830,37,2,1884,106,1920,165,Sep06_1/141-20190906064830-snapshot.jpg
2,1,20190906,064900,51,2,1884,106,1920,162,Sep06_1/141-20190906064900-snapshot.jpg
2,1,20190906,064930,38,2,1885,107,1920,163,Sep06_1/141-20190906064930-snapshot.jpg
2,1,20190906,065030,53,2,1885,107,1920,163,Sep06_1/141-20190906065030-snapshot.jpg
2,1,20190906,065100,30,2,1885,106,1920,162,Sep06_1/141-20190906065100-snapshot.jpg
2,1,20190906,065130,34,2,1885,108,1920,164,Sep06_1/141-20190906065130-snapshot.jpg
2,1,20190906,065200,52,2,1884,108,1920,163,Sep06_1/141-20190906065200-snapshot.jpg
2,1,20190906,065230,36,2,1884,107,1920,163,Sep06_1/141-20190906065230-snapshot.jpg
2,1,20190906,065300,57,2,1884,108,1920,164,Sep06_1/141-20190906065300-snapshot.jpg
2,1,20190906,065330,57,2,1884,109,1920,167,Sep06_1/141-20190906065330-snapshot.jpg
2,1,20190906,065400,44,2,1885,107,1920,165,Sep06_1/141-20190906065400-snapshot.jpg
2,1,20190906,065430,46,2,1884,108,1920,165,Sep06_1/141-20190906065430-snapshot.jpg
2,1,20190906,065530,52,2,1885,109,1920,166,Sep06_1/141-20190906065530-snapshot.jpg
2,1,20190906,065600,58,2,1884,109,1920,166,Sep06_1/141-20190906065600-snapshot.jpg
2,1,20190906,065630,60,2,1884,108,1920,164,Sep06_1/141-20190906065630-snapshot.jpg
2,1,20190906,065700,44,2,1885,108,1920,162,Sep06_1/141-20190906065700-snapshot.jpg
2,1,20190906,065730,34,2,1885,107,1920,163,Sep06_1/141-20190906065730-snapshot.jpg
2,1,20190906,065800,42,2,1885,108,1920,163,Sep06_1/141-20190906065800-snapshot.jpg
2,1,20190906,065830,39,2,1884,107,1920,162,Sep06_1/141-20190906065830-snapshot.jpg
2,1,20190906,065900,36,2,1885,108,1920,161,Sep06_1/141-20190906065900-snapshot.jpg
2,1,20190906,065930,51,2,1885,108,1920,164,Sep06_1/141-20190906065930-snapshot.jpg
2,1,20190906,070000,54,2,1885,108,1920,164,Sep06_1/141-20190906070000-snapshot.jpg
2,1,20190906,070030,51,2,1885,108,1920,163,Sep06_1/141-20190906070030-snapshot.jpg
2,1,20190906,070100,64,2,1884,108,1920,163,Sep06_1/141-20190906070100-snapshot.jpg
2,1,20190906,070130,48,2,1885,108,1920,163,Sep06_1/141-20190906070130-snapshot.jpg
2,1,20190906,070200,59,2,1884,108,1920,163,Sep06_1/141-20190906070200-snapshot.jpg
2,1,20190906,070230,47,2,1885,108,1920,162,Sep06_1/141-20190906070230-snapshot.jpg
2,1,20190906,070300,57,2,1885,108,1920,162,Sep06_1/141-20190906070300-snapshot.jpg
2,1,20190906,070330,51,2,1884,107,1920,162,Sep06_1/141-20190906070330-snapshot.jpg
2,1,20190906,070400,61,2,1884,108,1920,163,Sep06_1/141-20190906070400-snapshot.jpg
2,1,20190906,070430,58,2,1885,109,1920,165,Sep06_1/141-20190906070430-snapshot.jpg
2,1,20190906,070500,45,2,1885,109,1920,164,Sep06_1/141-20190906070500-snapshot.jpg
2,1,20190906,070530,54,2,1884,107,1920,162,Sep06_1/141-20190906070530-snapshot.jpg
2,1,20190906,070600,62,2,1885,109,1920,164,Sep06_1/141-20190906070600-snapshot.jpg
2,1,20190906,070630,43,2,1884,106,1920,163,Sep06_1/141-20190906070630-snapshot.jpg
2,1,20190906,070700,55,2,1885,107,1920,162,Sep06_1/141-20190906070700-snapshot.jpg
2,1,20190906,070730,46,2,1884,108,1920,163,Sep06_1/141-20190906070730-snapshot.jpg
2,1,20190906,070800,65,2,1884,108,1920,165,Sep06_1/141-20190906070800-snapshot.jpg
2,1,20190906,070830,60,2,1885,108,1920,165,Sep06_1/141-20190906070830-snapshot.jpg
2,1,20190906,070900,44,2,1884,108,1920,162,Sep06_1/141-20190906070900-snapshot.jpg
2,1,20190906,070930,64,2,1885,108,1920,164,Sep06_1/141-20190906070930-snapshot.jpg
2,1,20190906,071000,40,2,1885,107,1920,161,Sep06_1/141-20190906071000-snapshot.jpg
2,1,20190906,071030,59,2,1885,109,1920,164,Sep06_1/141-20190906071030-snapshot.jpg
2,1,20190906,071100,58,2,1885,108,1920,162,Sep06_1/141-20190906071100-snapshot.jpg
2,1,20190906,071130,59,2,1884,107,1920,161,Sep06_1/141-20190906071130-snapshot.jpg
2,1,20190906,071200,53,2,1885,107,1920,162,Sep06_1/141-20190906071200-snapshot.jpg
2,1,20190906,071230,59,2,1885,108,1920,161,Sep06_1/141-20190906071230-snapshot.jpg
2,1,20190906,071300,61,2,1885,109,1920,162,Sep06_1/141-20190906071300-snapshot.jpg
2,1,20190906,071330,54,2,1885,107,1920,160,Sep06_1/141-20190906071330-snapshot.jpg
2,1,20190906,071400,53,2,1884,107,1920,163,Sep06_1/141-20190906071400-snapshot.jpg
2,1,20190906,071430,49,2,1885,107,1920,163,Sep06_1/141-20190906071430-snapshot.jpg
2,1,20190906,071500,58,2,1885,108,1920,162,Sep06_1/141-20190906071500-snapshot.jpg
2,1,20190906,071530,56,2,1885,107,1920,161,Sep06_1/141-20190906071530-snapshot.jpg
2,1,20190906,071600,59,2,1885,107,1920,162,Sep06_1/141-20190906071600-snapshot.jpg
2,1,20190906,071630,57,2,1885,108,1920,162,Sep06_1/141-20190906071630-snapshot.jpg
2,1,20190906,071700,65,2,1885,107,1920,162,Sep06_1/141-20190906071700-snapshot.jpg
2,1,20190906,071730,64,2,1885,109,1920,163,Sep06_1/141-20190906071730-snapshot.jpg
2,1,20190906,071800,63,2,1885,107,1920,163,Sep06_1/141-20190906071800-snapshot.jpg
2,1,20190906,071830,66,2,1885,108,1920,162,Sep06_1/141-20190906071830-snapshot.jpg
2,1,20190906,071900,62,2,1885,109,1920,162,Sep06_1/141-20190906071900-snapshot.jpg
2,1,20190906,071930,65,2,1885,109,1920,164,Sep06_1/141-20190906071930-snapshot.jpg
2,1,20190906,072000,65,2,1885,109,1920,163,Sep06_1/141-20190906072000-snapshot.jpg
2,1,20190906,072030,59,2,1885,109,1920,166,Sep06_1/141-20190906072030-snapshot.jpg
2,1,20190906,072100,61,2,1885,109,1920,164,Sep06_1/141-20190906072100-snapshot.jpg
2,1,20190906,072130,63,2,1885,110,1920,165,Sep06_1/141-20190906072130-snapshot.jpg
2,1,20190906,072200,60,2,1885,109,1920,165,Sep06_1/141-20190906072200-snapshot.jpg
2,1,20190906,072230,56,2,1885,110,1920,168,Sep06_1/141-20190906072230-snapshot.jpg
2,1,20190906,072300,49,2,1885,109,1920,165,Sep06_1/141-20190906072300-snapshot.jpg
2,1,20190906,072330,53,2,1885,108,1920,165,Sep06_1/141-20190906072330-snapshot.jpg
2,1,20190906,072400,58,2,1885,109,1920,165,Sep06_1/142-20190906072400-snapshot.jpg
2,1,20190906,072430,47,2,1886,110,1920,167,Sep06_1/142-20190906072430-snapshot.jpg
2,1,20190906,072500,47,2,1885,111,1920,165,Sep06_1/142-20190906072500-snapshot.jpg
2,1,20190906,072530,54,2,1885,110,1920,166,Sep06_1/142-20190906072530-snapshot.jpg
2,1,20190906,072600,46,2,1885,110,1920,166,Sep06_1/142-20190906072600-snapshot.jpg
2,1,20190906,072630,51,2,1885,111,1920,165,Sep06_1/142-20190906072630-snapshot.jpg
2,1,20190906,072700,56,2,1885,109,1920,165,Sep06_1/142-20190906072700-snapshot.jpg
2,1,20190906,072730,39,2,1885,110,1920,166,Sep06_1/142-20190906072730-snapshot.jpg
2,1,20190906,072800,60,2,1885,109,1920,165,Sep06_1/142-20190906072800-snapshot.jpg
2,1,20190906,072830,31,2,1885,109,1920,166,Sep06_1/142-20190906072830-snapshot.jpg
2,1,20190906,072900,49,2,1885,110,1920,164,Sep06_1/142-20190906072900-snapshot.jpg
2,1,20190906,072930,45,2,1885,108,1920,162,Sep06_1/142-20190906072930-snapshot.jpg
2,1,20190906,073000,50,2,1885,109,1920,163,Sep06_1/142-20190906073000-snapshot.jpg
2,1,20190906,073030,36,2,1886,109,1920,163,Sep06_1/142-20190906073030-snapshot.jpg
2,1,20190906,073100,51,2,1886,109,1920,163,Sep06_1/142-20190906073100-snapshot.jpg
2,1,20190906,073130,38,2,1886,110,1920,163,Sep06_1/142-20190906073130-snapshot.jpg
2,1,20190906,073200,56,2,1885,111,1920,164,Sep06_1/142-20190906073200-snapshot.jpg
2,1,20190906,073230,59,2,1885,111,1920,165,Sep06_1/142-20190906073230-snapshot.jpg
2,1,20190906,073300,56,2,1885,111,1920,168,Sep06_1/142-20190906073300-snapshot.jpg
2,1,20190906,073330,63,2,1885,110,1920,166,Sep06_1/142-20190906073330-snapshot.jpg
2,1,20190906,073400,57,2,1885,108,1920,166,Sep06_1/142-20190906073400-snapshot.jpg
2,1,20190906,073430,56,2,1886,110,1920,167,Sep06_1/142-20190906073430-snapshot.jpg
2,1,20190906,073500,50,2,1885,108,1920,165,Sep06_1/142-20190906073500-snapshot.jpg
2,1,20190906,073530,61,2,1885,110,1920,167,Sep06_1/142-20190906073530-snapshot.jpg
2,1,20190906,073600,62,2,1885,110,1920,165,Sep06_1/142-20190906073600-snapshot.jpg
2,1,20190906,073630,58,2,1886,110,1920,167,Sep06_1/142-20190906073630-snapshot.jpg
2,1,20190906,073700,54,2,1885,109,1920,166,Sep06_1/142-20190906073700-snapshot.jpg
2,1,20190906,073730,49,2,1886,111,1920,163,Sep06_1/142-20190906073730-snapshot.jpg
2,1,20190906,073800,61,2,1885,110,1920,163,Sep06_1/142-20190906073800-snapshot.jpg
2,1,20190906,073830,49,2,1885,109,1920,163,Sep06_1/142-20190906073830-snapshot.jpg
2,1,20190906,073900,41,2,1886,111,1920,164,Sep06_1/142-20190906073900-snapshot.jpg
2,1,20190906,073930,44,2,1886,110,1920,161,Sep06_1/142-20190906073930-snapshot.jpg
2,1,20190906,074000,45,2,1886,109,1920,161,Sep06_1/142-20190906074000-snapshot.jpg
2,1,20190906,074100,30,2,1886,109,1920,163,Sep06_1/142-20190906074100-snapshot.jpg
2,1,20190906,074130,33,2,1884,111,1920,165,Sep06_1/142-20190906074130-snapshot.jpg
2,1,20190906,074200,34,2,1885,110,1920,163,Sep06_1/142-20190906074200-snapshot.jpg
2,1,20190906,074230,52,2,1885,112,1920,165,Sep06_1/142-20190906074230-snapshot.jpg
2,1,20190906,074300,30,2,1886,110,1920,163,Sep06_1/142-20190906074300-snapshot.jpg
2,1,20190906,074330,46,2,1884,110,1920,164,Sep06_1/142-20190906074330-snapshot.jpg
2,1,20190906,074400,42,2,1886,112,1920,166,Sep06_1/142-20190906074400-snapshot.jpg
2,1,20190906,074430,29,2,1885,110,1920,164,Sep06_1/142-20190906074430-snapshot.jpg
2,1,20190906,074530,40,2,1884,110,1920,168,Sep06_1/142-20190906074530-snapshot.jpg
2,1,20190906,074630,53,2,1885,110,1920,167,Sep06_1/142-20190906074630-snapshot.jpg
2,1,20190906,074700,49,2,1885,108,1920,163,Sep06_1/142-20190906074700-snapshot.jpg
2,1,20190906,074730,61,2,1885,110,1920,165,Sep06_1/142-20190906074730-snapshot.jpg
2,1,20190906,074800,53,2,1885,110,1920,169,Sep06_1/142-20190906074800-snapshot.jpg
2,1,20190906,074830,54,2,1886,110,1920,165,Sep06_1/142-20190906074830-snapshot.jpg
2,1,20190906,074900,58,2,1885,108,1920,164,Sep06_1/142-20190906074900-snapshot.jpg
2,1,20190906,074930,55,2,1885,107,1920,163,Sep06_1/142-20190906074930-snapshot.jpg
2,1,20190906,075000,59,2,1885,108,1920,164,Sep06_1/142-20190906075000-snapshot.jpg
2,1,20190906,075030,58,2,1885,109,1920,166,Sep06_1/142-20190906075030-snapshot.jpg
2,1,20190906,075100,60,2,1885,108,1920,165,Sep06_1/142-20190906075100-snapshot.jpg
2,1,20190906,075130,63,2,1885,109,1920,168,Sep06_1/142-20190906075130-snapshot.jpg
2,1,20190906,075200,53,2,1885,108,1920,163,Sep06_1/142-20190906075200-snapshot.jpg
2,1,20190906,075230,59,2,1886,109,1920,166,Sep06_1/142-20190906075230-snapshot.jpg
2,1,20190906,075300,55,2,1885,108,1920,161,Sep06_1/142-20190906075300-snapshot.jpg
2,1,20190906,075330,66,2,1884,109,1920,165,Sep06_1/142-20190906075330-snapshot.jpg
2,1,20190906,075400,53,2,1886,109,1920,164,Sep06_1/142-20190906075400-snapshot.jpg
2,1,20190906,075430,59,2,1885,109,1920,167,Sep06_1/142-20190906075430-snapshot.jpg
2,1,20190906,075500,56,2,1885,109,1920,163,Sep06_1/142-20190906075500-snapshot.jpg
2,1,20190906,075530,59,2,1885,109,1920,163,Sep06_1/142-20190906075530-snapshot.jpg
2,1,20190906,075600,59,2,1885,109,1920,164,Sep06_1/142-20190906075600-snapshot.jpg
2,1,20190906,075630,56,2,1885,109,1920,164,Sep06_1/142-20190906075630-snapshot.jpg
2,1,20190906,075700,57,2,1885,108,1920,166,Sep06_1/142-20190906075700-snapshot.jpg
2,1,20190906,075730,61,2,1885,109,1920,165,Sep06_1/142-20190906075730-snapshot.jpg
2,1,20190906,075800,65,2,1885,109,1920,167,Sep06_1/142-20190906075800-snapshot.jpg
2,1,20190906,075830,62,2,1884,109,1920,166,Sep06_1/142-20190906075830-snapshot.jpg
2,1,20190906,075900,62,2,1885,109,1920,166,Sep06_1/142-20190906075900-snapshot.jpg
2,1,20190906,075930,52,2,1885,108,1920,164,Sep06_1/142-20190906075930-snapshot.jpg
2,1,20190906,080000,46,2,1885,109,1920,165,Sep06_1/142-20190906080000-snapshot.jpg
2,1,20190906,080030,49,2,1885,109,1920,164,Sep06_1/142-20190906080030-snapshot.jpg
2,1,20190906,080100,60,2,1885,109,1920,164,Sep06_1/142-20190906080100-snapshot.jpg
2,1,20190906,080130,63,2,1886,109,1920,165,Sep06_1/142-20190906080130-snapshot.jpg
2,1,20190906,080200,66,2,1885,109,1920,163,Sep06_1/142-20190906080200-snapshot.jpg
2,1,20190906,080230,65,2,1885,109,1920,164,Sep06_1/142-20190906080230-snapshot.jpg
2,1,20190906,080300,58,2,1884,108,1920,162,Sep06_1/142-20190906080300-snapshot.jpg
2,1,20190906,080330,65,2,1885,108,1920,163,Sep06_1/142-20190906080330-snapshot.jpg
2,1,20190906,080400,55,2,1884,107,1920,162,Sep06_1/142-20190906080400-snapshot.jpg
2,1,20190906,080430,59,2,1884,107,1920,164,Sep06_1/142-20190906080430-snapshot.jpg
2,1,20190906,080500,62,2,1885,109,1920,163,Sep06_1/142-20190906080500-snapshot.jpg
2,1,20190906,080530,63,2,1884,108,1920,163,Sep06_1/142-20190906080530-snapshot.jpg
2,1,20190906,080600,63,2,1885,109,1920,165,Sep06_1/142-20190906080600-snapshot.jpg
2,1,20190906,080630,55,2,1885,109,1920,167,Sep06_1/142-20190906080630-snapshot.jpg
2,1,20190906,080700,63,2,1885,110,1920,166,Sep06_1/142-20190906080700-snapshot.jpg
2,1,20190906,080730,52,2,1885,110,1920,165,Sep06_1/142-20190906080730-snapshot.jpg
2,1,20190906,080800,58,2,1884,109,1920,162,Sep06_1/142-20190906080800-snapshot.jpg
2,1,20190906,080830,60,2,1886,110,1920,162,Sep06_1/142-20190906080830-snapshot.jpg
2,1,20190906,080900,46,2,1884,109,1920,162,Sep06_1/142-20190906080900-snapshot.jpg
2,1,20190906,080930,43,2,1882,110,1920,164,Sep06_1/142-20190906080930-snapshot.jpg
2,1,20190906,081000,46,2,1885,111,1920,162,Sep06_1/142-20190906081000-snapshot.jpg
2,1,20190906,081030,39,2,1885,110,1920,163,Sep06_1/142-20190906081030-snapshot.jpg
2,1,20190906,081100,45,2,1885,109,1920,161,Sep06_1/142-20190906081100-snapshot.jpg
2,1,20190906,081130,43,2,1884,110,1920,165,Sep06_1/142-20190906081130-snapshot.jpg
2,1,20190906,081200,53,2,1885,110,1920,164,Sep06_1/142-20190906081200-snapshot.jpg
2,1,20190906,081230,43,2,1885,109,1920,162,Sep06_1/142-20190906081230-snapshot.jpg
2,1,20190906,081300,56,2,1886,111,1920,163,Sep06_1/142-20190906081300-snapshot.jpg
2,1,20190906,081330,38,2,1884,108,1920,162,Sep06_1/142-20190906081330-snapshot.jpg
2,1,20190906,081400,46,2,1885,110,1920,163,Sep06_1/142-20190906081400-snapshot.jpg
2,1,20190906,081430,42,2,1885,108,1920,162,Sep06_1/142-20190906081430-snapshot.jpg
2,1,20190906,081500,47,2,1885,110,1920,164,Sep06_1/142-20190906081500-snapshot.jpg
2,1,20190906,081830,35,2,1885,109,1920,164,Sep06_1/143-20190906081830-snapshot.jpg
2,1,20190906,081900,47,2,1884,110,1920,165,Sep06_1/143-20190906081900-snapshot.jpg
2,1,20190906,081930,51,2,1884,110,1920,163,Sep06_1/143-20190906081930-snapshot.jpg
2,1,20190906,082000,58,2,1885,110,1920,168,Sep06_1/143-20190906082000-snapshot.jpg
2,1,20190906,082030,54,2,1884,109,1920,168,Sep06_1/144-20190906082030-snapshot.jpg
2,1,20190906,082100,44,2,1885,108,1920,166,Sep06_1/144-20190906082100-snapshot.jpg
2,1,20190906,082130,49,2,1885,108,1920,163,Sep06_1/144-20190906082130-snapshot.jpg
2,1,20190906,082200,41,2,1885,108,1920,164,Sep06_1/144-20190906082200-snapshot.jpg
2,1,20190906,082230,42,2,1885,108,1920,163,Sep06_1/144-20190906082230-snapshot.jpg
2,1,20190906,082300,51,2,1885,109,1920,167,Sep06_1/144-20190906082300-snapshot.jpg
2,1,20190906,082330,43,2,1885,108,1920,165,Sep06_1/144-20190906082330-snapshot.jpg
2,1,20190906,082400,62,2,1884,109,1920,166,Sep06_1/144-20190906082400-snapshot.jpg
2,1,20190906,082430,56,2,1885,108,1920,165,Sep06_1/144-20190906082430-snapshot.jpg
2,1,20190906,082500,54,2,1884,107,1920,164,Sep06_1/144-20190906082500-snapshot.jpg
2,1,20190906,082530,56,2,1884,108,1920,165,Sep06_1/144-20190906082530-snapshot.jpg
2,1,20190906,082600,56,2,1885,108,1920,165,Sep06_1/144-20190906082600-snapshot.jpg
2,1,20190906,082630,49,2,1885,107,1920,161,Sep06_1/144-20190906082630-snapshot.jpg
2,1,20190906,082700,40,2,1884,108,1920,164,Sep06_1/144-20190906082700-snapshot.jpg
2,1,20190906,082730,52,2,1884,107,1920,163,Sep06_1/144-20190906082730-snapshot.jpg
2,1,20190906,082800,59,2,1885,109,1920,164,Sep06_1/144-20190906082800-snapshot.jpg
2,1,20190906,082830,42,2,1884,106,1920,161,Sep06_1/144-20190906082830-snapshot.jpg
2,1,20190906,082900,33,2,1885,106,1920,160,Sep06_1/144-20190906082900-snapshot.jpg
2,1,20190906,082930,37,2,1884,107,1920,163,Sep06_1/144-20190906082930-snapshot.jpg
2,1,20190906,083000,48,2,1883,107,1920,161,Sep06_1/144-20190906083000-snapshot.jpg
2,1,20190906,083030,54,2,1884,108,1920,164,Sep06_1/144-20190906083030-snapshot.jpg
2,1,20190906,083100,50,2,1884,108,1920,164,Sep06_1/144-20190906083100-snapshot.jpg
2,1,20190906,083130,52,2,1885,108,1920,163,Sep06_1/144-20190906083130-snapshot.jpg
2,1,20190906,083200,57,2,1884,107,1920,162,Sep06_1/144-20190906083200-snapshot.jpg
2,1,20190906,083230,50,2,1884,107,1920,162,Sep06_1/144-20190906083230-snapshot.jpg
2,1,20190906,083300,53,2,1884,107,1920,162,Sep06_1/144-20190906083300-snapshot.jpg
2,1,20190906,083330,44,2,1884,107,1920,160,Sep06_1/144-20190906083330-snapshot.jpg
2,1,20190906,083400,45,2,1884,108,1920,162,Sep06_1/144-20190906083400-snapshot.jpg
2,1,20190906,083430,37,2,1884,105,1920,159,Sep06_1/144-20190906083430-snapshot.jpg
2,1,20190906,083500,46,2,1884,107,1920,160,Sep06_1/144-20190906083500-snapshot.jpg
2,1,20190906,083530,53,2,1884,107,1920,161,Sep06_1/144-20190906083530-snapshot.jpg
2,1,20190906,083600,54,2,1884,108,1920,162,Sep06_1/144-20190906083600-snapshot.jpg
2,1,20190906,083630,39,2,1884,107,1920,160,Sep06_1/144-20190906083630-snapshot.jpg
2,1,20190906,083730,37,2,1884,106,1920,159,Sep06_1/144-20190906083730-snapshot.jpg
2,1,20190906,083800,29,2,1884,106,1920,161,Sep06_1/144-20190906083800-snapshot.jpg
2,1,20190906,083830,49,2,1883,106,1920,160,Sep06_1/144-20190906083830-snapshot.jpg
2,1,20190906,083900,50,2,1884,107,1920,160,Sep06_1/144-20190906083900-snapshot.jpg
2,1,20190906,083930,38,2,1883,105,1920,160,Sep06_1/144-20190906083930-snapshot.jpg
2,1,20190906,084000,52,2,1883,108,1920,164,Sep06_1/144-20190906084000-snapshot.jpg
2,1,20190906,084100,35,2,1883,108,1920,164,Sep06_1/145-20190906084100-snapshot.jpg
2,1,20190906,084130,37,2,1883,106,1920,162,Sep06_1/145-20190906084130-snapshot.jpg
2,1,20190906,084200,36,2,1883,106,1920,162,Sep06_1/146-20190906084200-snapshot.jpg
2,1,20190829,094800,84,8,64,718,169,776,Sep06_1/49-20190829094800-snapshot.jpg
2,1,20190829,095430,76,8,0,608,39,681,Sep06_1/50-20190829095430-snapshot.jpg
2,1,20190829,110200,75,2,1829,581,1910,647,Sep06_1/51-20190829110200-snapshot.jpg
2,1,20190829,111300,82,8,1441,852,1528,944,Sep06_1/51-20190829111300-snapshot.jpg
2,1,20190829,113430,29,8,1567,253,1617,327,Sep06_1/51-20190829113430-snapshot.jpg
2,1,20190829,121100,87,2,474,171,575,229,Sep06_1/52-20190829121100-snapshot.jpg
2,1,20190829,121230,83,5,1574,395,1627,463,Sep06_1/52-20190829121230-snapshot.jpg
2,1,20190829,122230,90,2,1452,420,1511,524,Sep06_1/52-20190829122230-snapshot.jpg
2,1,20190829,122300,88,2,1123,416,1230,485,Sep06_1/52-20190829122300-snapshot.jpg
2,1,20190829,122430,85,2,3,28,67,109,Sep06_1/52-20190829122430-snapshot.jpg
2,1,20190829,123130,87,2,985,819,1082,895,Sep06_1/52-20190829123130-snapshot.jpg
2,1,20190829,123200,84,2,663,761,737,849,Sep06_1/52-20190829123200-snapshot.jpg
2,1,20190829,123230,91,2,864,353,925,454,Sep06_1/52-20190829123230-snapshot.jpg
2,1,20190829,123500,58,2,1534,44,1593,103,Sep06_1/52-20190829123500-snapshot.jpg
2,1,20190829,125800,84,2,1291,798,1350,881,Sep06_1/52-20190829125800-snapshot.jpg
2,1,20190829,130900,78,2,1368,482,1446,538,Sep06_1/52-20190829130900-snapshot.jpg
2,1,20190829,131200,88,2,471,233,563,303,Sep06_1/52-20190829131200-snapshot.jpg
2,1,20190829,131430,88,2,560,277,618,387,Sep06_1/52-20190829131430-snapshot.jpg
2,1,20190829,131500,86,2,816,52,902,122,Sep06_1/52-20190829131500-snapshot.jpg
2,1,20190829,132130,72,2,649,26,727,84,Sep06_1/52-20190829132130-snapshot.jpg
2,1,20190829,132200,87,2,1701,72,1792,167,Sep06_1/52-20190829132200-snapshot.jpg
2,1,20190829,132300,68,8,489,558,571,632,Sep06_1/52-20190829132300-snapshot.jpg
2,1,20190829,135000,85,2,1854,544,1919,622,Sep06_1/52-20190829135000-snapshot.jpg
2,1,20190829,135100,86,9,1781,145,1890,209,Sep06_1/52-20190829135100-snapshot.jpg
2,1,20190829,135130,85,9,1814,138,1916,193,Sep06_1/52-20190829135130-snapshot.jpg
2,1,20190829,135430,86,2,229,259,289,335,Sep06_1/52-20190829135430-snapshot.jpg
2,1,20190829,140930,37,2,1297,1040,1372,1080,Sep06_1/52-20190829140930-snapshot.jpg
2,1,20190829,141200,88,2,1744,617,1806,716,Sep06_1/52-20190829141200-snapshot.jpg
2,1,20190829,141230,83,2,882,721,991,796,Sep06_1/52-20190829141230-snapshot.jpg
2,1,20190829,141700,87,2,1577,148,1667,224,Sep06_1/52-20190829141700-snapshot.jpg
2,1,20190829,142000,88,2,1824,86,1912,171,Sep06_1/52-20190829142000-snapshot.jpg
2,1,20190829,142030,58,2,1198,493,1259,559,Sep06_1/52-20190829142030-snapshot.jpg
2,1,20190829,142100,91,2,1242,453,1336,535,Sep06_1/52-20190829142100-snapshot.jpg
2,1,20190829,142130,74,2,1817,1008,1884,1071,Sep06_1/52-20190829142130-snapshot.jpg
2,1,20190829,142230,83,2,239,79,328,138,Sep06_1/52-20190829142230-snapshot.jpg
2,1,20190829,142600,84,2,1802,150,1902,211,Sep06_1/52-20190829142600-snapshot.jpg
2,1,20190829,142600,89,2,1175,350,1266,429,Sep06_1/52-20190829142600-snapshot.jpg
2,1,20190829,142730,87,2,1236,682,1295,774,Sep06_1/52-20190829142730-snapshot.jpg
2,1,20190829,143200,86,2,1816,155,1875,239,Sep06_1/52-20190829143200-snapshot.jpg
2,1,20190829,143330,90,2,1323,429,1421,495,Sep06_1/52-20190829143330-snapshot.jpg
2,1,20190829,143530,88,2,673,617,772,691,Sep06_1/52-20190829143530-snapshot.jpg
2,1,20190829,143600,86,2,998,511,1070,606,Sep06_1/52-20190829143600-snapshot.jpg
2,1,20190829,143630,88,2,1251,802,1345,881,Sep06_1/52-20190829143630-snapshot.jpg
2,1,20190829,143700,87,2,860,425,921,519,Sep06_1/52-20190829143700-snapshot.jpg
2,1,20190829,143700,87,2,567,624,670,679,Sep06_1/52-20190829143700-snapshot.jpg
2,1,20190829,143800,81,2,1599,369,1663,474,Sep06_1/52-20190829143800-snapshot.jpg
2,1,20190829,144200,83,2,1832,742,1920,818,Sep06_1/52-20190829144200-snapshot.jpg
2,1,20190829,144230,85,2,1660,663,1719,751,Sep06_1/52-20190829144230-snapshot.jpg
2,1,20190829,144330,73,2,1411,218,1470,276,Sep06_1/52-20190829144330-snapshot.jpg
2,1,20190829,144400,64,1,98,122,142,156,Sep06_1/52-20190829144400-snapshot.jpg
2,1,20190829,144600,85,2,902,769,968,827,Sep06_1/52-20190829144600-snapshot.jpg
2,1,20190829,150330,87,2,173,258,271,322,Sep06_1/52-20190829150330-snapshot.jpg
2,1,20190829,150400,86,2,279,74,367,152,Sep06_1/52-20190829150400-snapshot.jpg
2,1,20190829,153600,86,2,32,105,99,201,Sep06_1/52-20190829153600-snapshot.jpg
2,1,20190829,153630,86,2,654,69,717,152,Sep06_1/52-20190829153630-snapshot.jpg
2,1,20190829,153730,80,2,1628,294,1710,358,Sep06_1/52-20190829153730-snapshot.jpg
2,1,20190829,153800,85,9,1458,386,1588,465,Sep06_1/52-20190829153800-snapshot.jpg
2,1,20190829,153830,84,9,1067,601,1189,687,Sep06_1/52-20190829153830-snapshot.jpg
2,1,20190829,153930,82,8,658,523,742,573,Sep06_1/52-20190829153930-snapshot.jpg
2,1,20190829,154000,79,8,653,548,707,607,Sep06_1/52-20190829154000-snapshot.jpg
2,1,20190829,154030,67,8,652,553,707,609,Sep06_1/52-20190829154030-snapshot.jpg
2,1,20190829,154100,76,8,651,549,704,605,Sep06_1/52-20190829154100-snapshot.jpg
2,1,20190829,154130,79,8,582,557,661,617,Sep06_1/52-20190829154130-snapshot.jpg
2,1,20190829,154330,85,2,1715,777,1807,834,Sep06_1/52-20190829154330-snapshot.jpg
2,1,20190829,154500,90,2,1330,453,1420,528,Sep06_1/52-20190829154500-snapshot.jpg
2,1,20190829,154700,85,2,665,765,735,859,Sep06_1/52-20190829154700-snapshot.jpg
2,1,20190829,154830,88,2,1554,499,1616,608,Sep06_1/52-20190829154830-snapshot.jpg
2,1,20190829,155230,85,2,168,533,245,624,Sep06_1/52-20190829155230-snapshot.jpg
2,1,20190829,155430,89,2,874,446,931,548,Sep06_1/52-20190829155430-snapshot.jpg
2,1,20190829,155630,82,2,588,1,688,65,Sep06_1/52-20190829155630-snapshot.jpg
2,1,20190829,155700,83,2,1106,139,1191,220,Sep06_1/52-20190829155700-snapshot.jpg
2,1,20190829,155800,88,2,1829,158,1893,259,Sep06_1/52-20190829155800-snapshot.jpg
2,1,20190829,160600,78,2,1417,971,1493,1042,Sep06_1/52-20190829160600-snapshot.jpg
2,1,20190829,160830,48,2,1465,155,1532,206,Sep06_1/52-20190829160830-snapshot.jpg
2,1,20190829,161130,86,8,1662,728,1753,817,Sep06_1/52-20190829161130-snapshot.jpg
2,1,20190829,161230,86,2,869,850,947,929,Sep06_1/52-20190829161230-snapshot.jpg
2,1,20190829,161730,86,2,1256,61,1325,142,Sep06_1/52-20190829161730-snapshot.jpg
2,1,20190829,161800,81,2,1172,338,1242,399,Sep06_1/52-20190829161800-snapshot.jpg
2,1,20190829,161930,88,2,1675,328,1771,391,Sep06_1/52-20190829161930-snapshot.jpg
2,1,20190829,162000,89,2,682,327,794,424,Sep06_1/52-20190829162000-snapshot.jpg
2,1,20190829,162200,89,2,1078,605,1184,679,Sep06_1/52-20190829162200-snapshot.jpg
2,1,20190829,162700,88,2,1867,677,1920,774,Sep06_1/52-20190829162700-snapshot.jpg
2,1,20190829,162830,87,2,783,359,881,419,Sep06_1/52-20190829162830-snapshot.jpg
2,1,20190829,162930,87,2,1524,1010,1624,1067,Sep06_1/52-20190829162930-snapshot.jpg
2,1,20190829,163300,78,2,1438,276,1513,341,Sep06_1/52-20190829163300-snapshot.jpg
2,1,20190829,163330,84,2,732,265,794,347,Sep06_1/52-20190829163330-snapshot.jpg
2,1,20190829,163500,85,2,1782,106,1870,176,Sep06_1/52-20190829163500-snapshot.jpg
2,1,20190829,163630,80,2,1514,147,1579,215,Sep06_1/52-20190829163630-snapshot.jpg
2,1,20190829,164400,86,2,65,426,131,526,Sep06_1/52-20190829164400-snapshot.jpg
2,1,20190829,165130,81,2,1534,261,1606,326,Sep06_1/52-20190829165130-snapshot.jpg
2,1,20190829,165230,81,2,1704,147,1792,196,Sep06_1/52-20190829165230-snapshot.jpg
2,1,20190829,165500,27,8,652,580,713,627,Sep06_1/52-20190829165500-snapshot.jpg
2,1,20190829,165530,84,2,1467,2,1527,65,Sep06_1/52-20190829165530-snapshot.jpg
2,1,20190829,165600,85,2,1144,231,1233,292,Sep06_1/52-20190829165600-snapshot.jpg
2,1,20190829,165630,44,5,844,412,897,470,Sep06_1/52-20190829165630-snapshot.jpg
2,1,20190829,165700,86,2,828,366,902,445,Sep06_1/52-20190829165700-snapshot.jpg
2,1,20190829,165730,27,2,1350,160,1422,203,Sep06_1/52-20190829165730-snapshot.jpg
2,1,20190829,165730,90,2,870,736,969,829,Sep06_1/52-20190829165730-snapshot.jpg
2,1,20190829,165900,58,2,1401,121,1475,168,Sep06_1/52-20190829165900-snapshot.jpg
2,1,20190829,165900,86,2,867,467,960,534,Sep06_1/52-20190829165900-snapshot.jpg
2,1,20190829,165930,80,2,1108,609,1200,707,Sep06_1/52-20190829165930-snapshot.jpg
2,1,20190829,170000,87,2,1350,465,1407,555,Sep06_1/52-20190829170000-snapshot.jpg
2,1,20190829,170030,87,2,1082,422,1165,506,Sep06_1/52-20190829170030-snapshot.jpg
2,1,20190829,170600,72,2,1136,234,1213,287,Sep06_1/52-20190829170600-snapshot.jpg
2,1,20190829,170830,70,2,475,7,550,58,Sep06_1/52-20190829170830-snapshot.jpg
2,1,20190829,171300,25,2,1887,85,1920,147,Sep06_1/52-20190829171300-snapshot.jpg
2,1,20190829,171400,31,2,1890,87,1920,166,Sep06_1/52-20190829171400-snapshot.jpg
2,1,20190829,171530,26,2,1888,88,1920,164,Sep06_1/52-20190829171530-snapshot.jpg
2,1,20190829,171600,34,2,1889,87,1920,163,Sep06_1/52-20190829171600-snapshot.jpg
2,1,20190829,171630,34,2,1890,88,1920,166,Sep06_1/52-20190829171630-snapshot.jpg
2,1,20190829,171700,34,2,1887,79,1920,153,Sep06_1/52-20190829171700-snapshot.jpg
2,1,20190829,171730,43,2,1890,87,1920,164,Sep06_1/52-20190829171730-snapshot.jpg
2,1,20190829,171800,42,2,1887,89,1919,165,Sep06_1/52-20190829171800-snapshot.jpg
2,1,20190829,171900,48,2,1888,89,1920,163,Sep06_1/52-20190829171900-snapshot.jpg
2,1,20190829,172430,87,2,1091,91,1182,151,Sep06_1/52-20190829172430-snapshot.jpg
2,1,20190829,172730,81,2,1862,850,1920,927,Sep06_1/52-20190829172730-snapshot.jpg
2,1,20190829,172830,89,2,922,760,1031,833,Sep06_1/52-20190829172830-snapshot.jpg
2,1,20190829,172930,86,2,1625,871,1717,959,Sep06_1/52-20190829172930-snapshot.jpg
2,1,20190829,173100,86,2,1523,803,1615,869,Sep06_1/52-20190829173100-snapshot.jpg
2,1,20190829,173300,85,2,292,60,356,136,Sep06_1/52-20190829173300-snapshot.jpg
2,1,20190829,173800,86,2,735,830,817,888,Sep06_1/52-20190829173800-snapshot.jpg
2,1,20190829,173800,88,2,153,17,263,87,Sep06_1/52-20190829173800-snapshot.jpg
2,1,20190829,173800,89,2,1176,595,1281,667,Sep06_1/52-20190829173800-snapshot.jpg
2,1,20190829,173830,83,2,810,63,895,125,Sep06_1/52-20190829173830-snapshot.jpg
2,1,20190829,173830,86,2,473,176,529,258,Sep06_1/52-20190829173830-snapshot.jpg
2,1,20190829,173930,87,2,1500,117,1561,215,Sep06_1/52-20190829173930-snapshot.jpg
2,1,20190829,174000,87,2,1456,239,1549,314,Sep06_1/52-20190829174000-snapshot.jpg
2,1,20190829,174230,76,2,1459,6,1528,57,Sep06_1/52-20190829174230-snapshot.jpg
2,1,20190829,174300,55,2,263,81,347,124,Sep06_1/52-20190829174300-snapshot.jpg
2,1,20190829,174300,84,2,1790,839,1893,906,Sep06_1/52-20190829174300-snapshot.jpg
2,1,20190829,174630,88,2,197,232,307,295,Sep06_1/52-20190829174630-snapshot.jpg
2,1,20190829,174800,77,2,1278,46,1360,97,Sep06_1/52-20190829174800-snapshot.jpg
2,1,20190829,174930,88,2,1252,801,1346,873,Sep06_1/52-20190829174930-snapshot.jpg
2,1,20190829,175130,86,2,1412,261,1514,331,Sep06_1/52-20190829175130-snapshot.jpg
2,1,20190829,175200,88,2,866,621,953,721,Sep06_1/52-20190829175200-snapshot.jpg
2,1,20190829,175230,87,2,883,362,952,459,Sep06_1/52-20190829175230-snapshot.jpg
2,1,20190829,175430,87,2,842,522,904,626,Sep06_1/52-20190829175430-snapshot.jpg
2,1,20190829,175700,85,2,168,251,247,343,Sep06_1/52-20190829175700-snapshot.jpg
2,1,20190829,175730,86,2,873,452,931,557,Sep06_1/52-20190829175730-snapshot.jpg
2,1,20190829,175730,87,2,1745,896,1844,962,Sep06_1/52-20190829175730-snapshot.jpg
2,1,20190829,175900,38,2,0,152,75,202,Sep06_1/52-20190829175900-snapshot.jpg
2,1,20190829,180930,88,2,1086,345,1144,455,Sep06_1/53-20190829180930-snapshot.jpg
2,1,20190829,181000,88,2,842,618,900,706,Sep06_1/53-20190829181000-snapshot.jpg
2,1,20190829,183300,82,2,755,580,811,642,Sep06_1/53-20190829183300-snapshot.jpg
2,1,20190829,183930,90,2,1437,887,1529,975,Sep06_1/53-20190829183930-snapshot.jpg
2,1,20190829,184030,88,2,795,345,887,421,Sep06_1/53-20190829184030-snapshot.jpg
2,1,20190829,184100,44,2,1192,519,1263,574,Sep06_1/53-20190829184100-snapshot.jpg
2,1,20190829,184130,89,2,1112,635,1216,724,Sep06_1/53-20190829184130-snapshot.jpg
2,1,20190829,184230,88,4,765,580,878,666,Sep06_1/53-20190829184230-snapshot.jpg
2,1,20190829,184300,41,5,746,221,783,262,Sep06_1/53-20190829184300-snapshot.jpg
2,1,20190829,184330,50,2,769,285,822,348,Sep06_1/53-20190829184330-snapshot.jpg
2,1,20190829,184400,63,2,745,243,792,304,Sep06_1/53-20190829184400-snapshot.jpg
2,1,20190829,184800,75,2,1468,263,1543,306,Sep06_1/53-20190829184800-snapshot.jpg
2,1,20190829,184830,31,2,1354,137,1426,181,Sep06_1/53-20190829184830-snapshot.jpg
2,1,20190829,185000,80,6,1411,274,1482,318,Sep06_1/53-20190829185000-snapshot.jpg
2,1,20190829,190830,72,2,1885,834,1920,908,Sep06_1/54-20190829190830-snapshot.jpg
2,1,20190829,191000,84,2,23,535,89,618,Sep06_1/54-20190829191000-snapshot.jpg
2,1,20190829,200200,89,2,1202,506,1284,587,Sep06_1/54-20190829200200-snapshot.jpg
2,1,20190829,200230,86,2,1797,82,1871,166,Sep06_1/54-20190829200230-snapshot.jpg
2,1,20190901,110930,26,2,1885,102,1920,155,Sep06_1/54-20190901110930-snapshot.jpg
2,1,20190901,131600,77,2,909,1,961,52,Sep06_1/58-20190901131600-snapshot.jpg
2,1,20190901,132100,87,2,418,55,519,136,Sep06_1/58-20190901132100-snapshot.jpg
2,1,20190901,132130,80,2,5,94,76,150,Sep06_1/58-20190901132130-snapshot.jpg
2,1,20190901,133130,84,2,54,938,145,1009,Sep06_1/58-20190901133130-snapshot.jpg
2,1,20190901,134430,87,2,290,39,398,106,Sep06_1/58-20190901134430-snapshot.jpg
2,1,20190901,134500,73,2,0,770,35,856,Sep06_1/58-20190901134500-snapshot.jpg
2,1,20190901,134800,79,2,416,59,499,125,Sep06_1/58-20190901134800-snapshot.jpg
2,1,20190901,135930,74,2,23,43,84,122,Sep06_1/58-20190901135930-snapshot.jpg
2,1,20190901,140230,70,2,855,2,940,37,Sep06_1/58-20190901140230-snapshot.jpg
2,1,20190901,140230,85,2,8,71,102,133,Sep06_1/58-20190901140230-snapshot.jpg
2,1,20190901,140600,88,2,1246,343,1309,447,Sep06_1/58-20190901140600-snapshot.jpg
2,1,20190901,140700,87,2,1181,100,1263,182,Sep06_1/58-20190901140700-snapshot.jpg
2,1,20190901,141700,89,2,1425,983,1516,1053,Sep06_1/58-20190901141700-snapshot.jpg
2,1,20190901,141730,88,2,1299,469,1407,536,Sep06_1/58-20190901141730-snapshot.jpg
2,1,20190901,142330,87,2,449,600,539,671,Sep06_1/58-20190901142330-snapshot.jpg
2,1,20190901,142500,68,2,1875,502,1920,559,Sep06_1/58-20190901142500-snapshot.jpg
2,1,20190901,142530,81,2,1037,791,1125,873,Sep06_1/58-20190901142530-snapshot.jpg
2,1,20190901,143100,71,2,1206,446,1281,503,Sep06_1/58-20190901143100-snapshot.jpg
2,1,20190901,143800,88,2,1198,655,1288,726,Sep06_1/58-20190901143800-snapshot.jpg
2,1,20190901,143930,84,2,148,100,240,172,Sep06_1/58-20190901143930-snapshot.jpg
2,1,20190901,144330,85,2,1838,558,1920,616,Sep06_1/58-20190901144330-snapshot.jpg
2,1,20190901,144400,80,2,1754,904,1842,985,Sep06_1/58-20190901144400-snapshot.jpg
2,1,20190901,144430,85,2,510,202,566,289,Sep06_1/58-20190901144430-snapshot.jpg
2,1,20190901,144530,86,2,1749,688,1855,744,Sep06_1/58-20190901144530-snapshot.jpg
2,1,20190901,145200,84,2,1151,109,1209,191,Sep06_1/58-20190901145200-snapshot.jpg
2,1,20190901,145200,87,2,472,52,533,148,Sep06_1/58-20190901145200-snapshot.jpg
2,1,20190901,145600,88,2,1163,736,1222,816,Sep06_1/58-20190901145600-snapshot.jpg
2,1,20190901,145700,25,2,29,122,91,175,Sep06_1/58-20190901145700-snapshot.jpg
2,1,20190901,145700,85,2,1615,462,1674,557,Sep06_1/58-20190901145700-snapshot.jpg
2,1,20190901,145730,66,2,1192,205,1263,254,Sep06_1/58-20190901145730-snapshot.jpg
2,1,20190901,150130,67,2,1661,0,1752,41,Sep06_1/58-20190901150130-snapshot.jpg
2,1,20190901,150130,86,2,1288,365,1356,480,Sep06_1/58-20190901150130-snapshot.jpg
2,1,20190901,150430,80,2,65,8,125,95,Sep06_1/58-20190901150430-snapshot.jpg
2,1,20190901,150630,85,2,1719,310,1774,383,Sep06_1/58-20190901150630-snapshot.jpg
2,1,20190901,150700,88,2,19,508,83,600,Sep06_1/58-20190901150700-snapshot.jpg
2,1,20190901,151030,84,2,2,529,61,607,Sep06_1/58-20190901151030-snapshot.jpg
2,1,20190901,151100,88,2,1295,456,1397,550,Sep06_1/58-20190901151100-snapshot.jpg
2,1,20190901,151630,75,2,1791,961,1872,1051,Sep06_1/58-20190901151630-snapshot.jpg
2,1,20190901,151630,88,2,1531,27,1611,102,Sep06_1/58-20190901151630-snapshot.jpg
2,1,20190901,151730,48,2,819,579,893,633,Sep06_1/58-20190901151730-snapshot.jpg
2,1,20190901,151730,84,2,363,195,448,264,Sep06_1/58-20190901151730-snapshot.jpg
2,1,20190901,152300,87,2,331,202,429,259,Sep06_1/58-20190901152300-snapshot.jpg
2,1,20190901,152330,86,2,1230,642,1320,696,Sep06_1/58-20190901152330-snapshot.jpg
2,1,20190901,152400,80,2,806,15,861,78,Sep06_1/58-20190901152400-snapshot.jpg
2,1,20190901,153500,90,2,1741,905,1851,974,Sep06_1/58-20190901153500-snapshot.jpg
2,1,20190901,153600,87,2,157,234,262,296,Sep06_1/58-20190901153600-snapshot.jpg
2,1,20190901,153730,87,2,1716,298,1811,376,Sep06_1/58-20190901153730-snapshot.jpg
2,1,20190901,153900,81,2,402,99,488,161,Sep06_1/58-20190901153900-snapshot.jpg
2,1,20190901,154100,88,2,109,549,209,612,Sep06_1/58-20190901154100-snapshot.jpg
2,1,20190901,154200,81,2,1352,848,1426,917,Sep06_1/58-20190901154200-snapshot.jpg
2,1,20190901,154430,85,2,314,153,412,213,Sep06_1/58-20190901154430-snapshot.jpg
2,1,20190901,154500,87,2,1687,630,1786,693,Sep06_1/58-20190901154500-snapshot.jpg
2,1,20190901,155500,82,2,1554,1014,1655,1076,Sep06_1/58-20190901155500-snapshot.jpg
2,1,20190901,155530,63,2,1890,764,1920,841,Sep06_1/58-20190901155530-snapshot.jpg
2,1,20190901,155530,79,2,1244,426,1307,481,Sep06_1/58-20190901155530-snapshot.jpg
2,1,20190901,155630,68,2,1859,646,1911,711,Sep06_1/58-20190901155630-snapshot.jpg
2,1,20190901,155700,87,2,257,269,324,369,Sep06_1/58-20190901155700-snapshot.jpg
2,1,20190901,155800,82,2,766,814,824,906,Sep06_1/58-20190901155800-snapshot.jpg
2,1,20190901,160300,88,2,122,355,227,434,Sep06_1/58-20190901160300-snapshot.jpg
2,1,20190901,160330,88,2,597,76,681,159,Sep06_1/58-20190901160330-snapshot.jpg
2,1,20190901,160400,86,2,1709,343,1805,425,Sep06_1/58-20190901160400-snapshot.jpg
2,1,20190901,160500,82,2,111,77,175,159,Sep06_1/58-20190901160500-snapshot.jpg
2,1,20190901,160600,65,2,0,735,34,791,Sep06_1/58-20190901160600-snapshot.jpg
2,1,20190901,160630,88,2,1741,940,1843,1010,Sep06_1/58-20190901160630-snapshot.jpg
2,1,20190901,160900,87,2,618,56,723,118,Sep06_1/58-20190901160900-snapshot.jpg
2,1,20190901,161300,82,2,841,78,896,154,Sep06_1/58-20190901161300-snapshot.jpg
2,1,20190901,161330,87,2,1020,26,1105,88,Sep06_1/58-20190901161330-snapshot.jpg
2,1,20190901,161400,86,2,1272,423,1354,493,Sep06_1/58-20190901161400-snapshot.jpg
2,1,20190901,161430,88,2,1711,641,1773,737,Sep06_1/58-20190901161430-snapshot.jpg
2,1,20190901,161500,85,2,1599,459,1703,524,Sep06_1/58-20190901161500-snapshot.jpg
2,1,20190901,161530,87,2,1157,599,1242,662,Sep06_1/58-20190901161530-snapshot.jpg
2,1,20190901,161630,82,2,80,822,154,895,Sep06_1/58-20190901161630-snapshot.jpg
2,1,20190901,162000,89,2,1237,374,1298,476,Sep06_1/58-20190901162000-snapshot.jpg
2,1,20190901,162400,88,2,1831,513,1919,592,Sep06_1/58-20190901162400-snapshot.jpg
2,1,20190901,162500,36,2,1892,634,1920,726,Sep06_1/58-20190901162500-snapshot.jpg
2,1,20190901,163330,86,2,842,139,920,217,Sep06_1/58-20190901163330-snapshot.jpg
2,1,20190901,163530,82,2,33,3,125,61,Sep06_1/58-20190901163530-snapshot.jpg
2,1,20190901,164530,85,2,1253,644,1341,700,Sep06_1/58-20190901164530-snapshot.jpg
2,1,20190901,164630,78,2,67,132,126,220,Sep06_1/58-20190901164630-snapshot.jpg
2,1,20190901,165000,84,2,1056,548,1144,625,Sep06_1/58-20190901165000-snapshot.jpg
2,1,20190901,165030,85,2,246,273,337,336,Sep06_1/58-20190901165030-snapshot.jpg
2,1,20190901,165330,72,2,1875,490,1920,550,Sep06_1/58-20190901165330-snapshot.jpg
2,1,20190901,165500,48,7,853,0,916,102,Sep06_1/58-20190901165500-snapshot.jpg
2,1,20190830,060200,27,2,1878,87,1920,188,Sep06_1/59-20190830060200-snapshot.jpg
2,1,20190901,170930,86,2,4,522,73,606,Sep06_1/59-20190901170930-snapshot.jpg
2,1,20190901,171100,86,2,1696,345,1801,418,Sep06_1/59-20190901171100-snapshot.jpg
2,1,20190901,171430,89,2,1166,696,1263,770,Sep06_1/59-20190901171430-snapshot.jpg
2,1,20190901,171530,86,2,1639,985,1746,1070,Sep06_1/59-20190901171530-snapshot.jpg
2,1,20190901,172500,89,2,1736,968,1847,1035,Sep06_1/59-20190901172500-snapshot.jpg
2,1,20190901,173200,86,2,0,527,65,610,Sep06_1/59-20190901173200-snapshot.jpg
2,1,20190901,173230,80,2,239,65,319,120,Sep06_1/59-20190901173230-snapshot.jpg
2,1,20190901,173230,88,2,1726,648,1791,755,Sep06_1/59-20190901173230-snapshot.jpg
2,1,20190901,173300,85,2,4,99,69,185,Sep06_1/59-20190901173300-snapshot.jpg
2,1,20190901,173600,86,2,241,101,345,167,Sep06_1/59-20190901173600-snapshot.jpg
2,1,20190901,173630,88,2,163,253,278,314,Sep06_1/59-20190901173630-snapshot.jpg
2,1,20190901,173700,86,2,1419,885,1504,951,Sep06_1/59-20190901173700-snapshot.jpg
2,1,20190901,174530,84,2,1706,352,1800,422,Sep06_1/59-20190901174530-snapshot.jpg
2,1,20190901,174530,88,2,298,258,397,321,Sep06_1/59-20190901174530-snapshot.jpg
2,1,20190901,174530,91,2,1163,777,1255,869,Sep06_1/59-20190901174530-snapshot.jpg
2,1,20190901,174600,87,2,1453,29,1554,114,Sep06_1/59-20190901174600-snapshot.jpg
2,1,20190901,174930,88,2,1763,875,1857,970,Sep06_1/59-20190901174930-snapshot.jpg
2,1,20190901,175200,88,2,703,398,763,492,Sep06_1/59-20190901175200-snapshot.jpg
2,1,20190901,175230,86,2,193,101,285,175,Sep06_1/59-20190901175230-snapshot.jpg
2,1,20190901,175230,88,2,1270,431,1366,533,Sep06_1/59-20190901175230-snapshot.jpg
2,1,20190901,175400,89,2,1027,352,1119,428,Sep06_1/59-20190901175400-snapshot.jpg
2,1,20190901,180130,89,2,1187,721,1274,788,Sep06_1/59-20190901180130-snapshot.jpg
2,1,20190901,180700,89,2,603,47,710,107,Sep06_1/59-20190901180700-snapshot.jpg
2,1,20190901,180730,87,2,1267,647,1354,727,Sep06_1/59-20190901180730-snapshot.jpg
2,1,20190901,181130,87,2,0,552,73,620,Sep06_1/59-20190901181130-snapshot.jpg
2,1,20190901,181200,86,2,431,93,492,176,Sep06_1/59-20190901181200-snapshot.jpg
2,1,20190901,181230,81,2,91,50,151,130,Sep06_1/59-20190901181230-snapshot.jpg
2,1,20190901,181730,89,2,777,802,868,880,Sep06_1/59-20190901181730-snapshot.jpg
2,1,20190901,184200,86,2,163,65,262,134,Sep06_1/61-20190901184200-snapshot.jpg
2,1,20190901,185800,85,2,37,54,101,141,Sep06_1/62-20190901185800-snapshot.jpg
2,1,20190901,190030,89,2,606,347,700,428,Sep06_1/62-20190901190030-snapshot.jpg
2,1,20190901,190200,88,2,1061,39,1146,107,Sep06_1/62-20190901190200-snapshot.jpg
2,1,20190901,190600,87,2,1691,303,1777,405,Sep06_1/62-20190901190600-snapshot.jpg
2,1,20190901,191200,88,2,1308,433,1412,503,Sep06_1/63-20190901191200-snapshot.jpg
2,1,20190901,191430,88,2,584,242,645,356,Sep06_1/63-20190901191430-snapshot.jpg
2,1,20190901,192230,77,2,1293,669,1354,743,Sep06_1/63-20190901192230-snapshot.jpg
2,1,20190901,193530,87,2,159,258,263,319,Sep06_1/63-20190901193530-snapshot.jpg
2,1,20190901,193600,86,2,194,82,286,151,Sep06_1/63-20190901193600-snapshot.jpg
2,1,20190901,193700,86,2,167,123,250,210,Sep06_1/63-20190901193700-snapshot.jpg
2,1,20190901,194630,79,2,1858,452,1920,532,Sep06_1/63-20190901194630-snapshot.jpg
2,1,20190901,194800,83,2,35,26,142,114,Sep06_1/63-20190901194800-snapshot.jpg
2,1,20190902,085200,36,5,802,1031,862,1078,Sep06_1/70-20190902085200-snapshot.jpg
2,1,20190902,095700,84,8,880,992,931,1072,Sep06_1/70-20190902095700-snapshot.jpg
2,1,20190902,101500,88,2,574,206,678,259,Sep06_1/70-20190902101500-snapshot.jpg
2,1,20190902,101730,81,2,1766,916,1844,996,Sep06_1/70-20190902101730-snapshot.jpg
2,1,20190902,103600,69,2,1689,396,1777,450,Sep06_1/70-20190902103600-snapshot.jpg
2,1,20190902,110900,86,2,1759,54,1860,145,Sep06_1/70-20190902110900-snapshot.jpg
2,1,20190902,111600,83,2,193,57,258,144,Sep06_1/70-20190902111600-snapshot.jpg
2,1,20190902,112030,82,2,1793,709,1858,805,Sep06_1/70-20190902112030-snapshot.jpg
2,1,20190902,113330,38,2,1606,310,1681,370,Sep06_1/70-20190902113330-snapshot.jpg
2,1,20190902,115730,62,2,47,4,111,58,Sep06_1/70-20190902115730-snapshot.jpg
2,1,20190902,120600,34,2,1890,97,1920,173,Sep06_1/70-20190902120600-snapshot.jpg
2,1,20190902,120630,32,2,1890,96,1920,172,Sep06_1/70-20190902120630-snapshot.jpg
2,1,20190902,120700,34,2,1891,97,1920,176,Sep06_1/70-20190902120700-snapshot.jpg
2,1,20190902,121030,30,2,1890,96,1920,172,Sep06_1/70-20190902121030-snapshot.jpg
2,1,20190902,121100,25,2,1890,94,1920,177,Sep06_1/70-20190902121100-snapshot.jpg
2,1,20190902,121100,74,2,228,1,317,41,Sep06_1/70-20190902121100-snapshot.jpg
2,1,20190902,121300,33,2,1891,94,1920,177,Sep06_1/70-20190902121300-snapshot.jpg
2,1,20190902,121400,73,2,1,482,53,547,Sep06_1/70-20190902121400-snapshot.jpg
2,1,20190902,121500,30,2,1889,95,1920,173,Sep06_1/70-20190902121500-snapshot.jpg
2,1,20190902,121600,85,2,1747,928,1812,1013,Sep06_1/70-20190902121600-snapshot.jpg
2,1,20190902,121730,87,2,1288,433,1368,500,Sep06_1/70-20190902121730-snapshot.jpg
2,1,20190902,121800,30,2,1891,97,1920,170,Sep06_1/70-20190902121800-snapshot.jpg
2,1,20190902,121830,90,2,589,65,648,164,Sep06_1/70-20190902121830-snapshot.jpg
2,1,20190902,121900,87,2,1313,416,1418,482,Sep06_1/70-20190902121900-snapshot.jpg
2,1,20190902,121930,89,2,1705,562,1788,646,Sep06_1/70-20190902121930-snapshot.jpg
2,1,20190902,122330,37,2,1889,96,1920,172,Sep06_1/70-20190902122330-snapshot.jpg
2,1,20190902,122500,28,2,1888,95,1920,162,Sep06_1/70-20190902122500-snapshot.jpg
2,1,20190902,125800,84,2,459,18,548,80,Sep06_1/70-20190902125800-snapshot.jpg
2,1,20190902,130700,86,2,1422,883,1507,945,Sep06_1/70-20190902130700-snapshot.jpg
2,1,20190902,131200,73,2,49,89,106,169,Sep06_1/70-20190902131200-snapshot.jpg
2,1,20190902,132930,87,2,1024,417,1104,513,Sep06_1/70-20190902132930-snapshot.jpg
2,1,20190902,140330,77,2,0,730,54,791,Sep06_1/70-20190902140330-snapshot.jpg
2,1,20190902,140900,80,2,2,519,57,582,Sep06_1/70-20190902140900-snapshot.jpg
2,1,20190902,141930,87,2,1468,264,1526,365,Sep06_1/70-20190902141930-snapshot.jpg
2,1,20190902,142130,73,2,1737,285,1816,367,Sep06_1/70-20190902142130-snapshot.jpg
2,1,20190902,143030,86,2,4,75,106,140,Sep06_1/70-20190902143030-snapshot.jpg
2,1,20190902,143230,82,2,1284,682,1362,750,Sep06_1/70-20190902143230-snapshot.jpg
2,1,20190902,143300,39,2,1284,447,1333,505,Sep06_1/70-20190902143300-snapshot.jpg
2,1,20190902,143430,87,2,1739,921,1852,983,Sep06_1/70-20190902143430-snapshot.jpg
2,1,20190902,144330,46,2,1893,565,1920,622,Sep06_1/70-20190902144330-snapshot.jpg
2,1,20190902,144330,82,2,107,904,165,987,Sep06_1/70-20190902144330-snapshot.jpg
2,1,20190902,144330,87,2,1385,917,1483,977,Sep06_1/70-20190902144330-snapshot.jpg
2,1,20190902,144700,84,2,307,173,381,243,Sep06_1/70-20190902144700-snapshot.jpg
2,1,20190902,145500,88,2,1043,974,1154,1030,Sep06_1/70-20190902145500-snapshot.jpg
2,1,20190902,145700,78,2,1133,63,1219,156,Sep06_1/70-20190902145700-snapshot.jpg
2,1,20190902,151330,85,2,0,610,55,697,Sep06_1/70-20190902151330-snapshot.jpg
2,1,20190902,151330,88,2,1206,536,1276,641,Sep06_1/70-20190902151330-snapshot.jpg
2,1,20190902,151830,88,2,1010,445,1123,511,Sep06_1/70-20190902151830-snapshot.jpg
2,1,20190902,152330,85,2,1795,733,1887,810,Sep06_1/70-20190902152330-snapshot.jpg
2,1,20190902,152900,78,2,125,220,198,286,Sep06_1/70-20190902152900-snapshot.jpg
2,1,20190902,153200,87,2,216,64,317,129,Sep06_1/70-20190902153200-snapshot.jpg
2,1,20190902,153400,84,2,4,692,97,756,Sep06_1/70-20190902153400-snapshot.jpg
2,1,20190902,153500,47,2,13,56,93,107,Sep06_1/70-20190902153500-snapshot.jpg
2,1,20190902,153830,83,2,544,97,600,186,Sep06_1/70-20190902153830-snapshot.jpg
2,1,20190902,153900,51,2,1209,194,1274,244,Sep06_1/70-20190902153900-snapshot.jpg
2,1,20190902,154630,79,2,260,916,366,982,Sep06_1/70-20190902154630-snapshot.jpg
2,1,20190902,154800,77,2,551,2,605,53,Sep06_1/70-20190902154800-snapshot.jpg
2,1,20190902,155030,87,2,98,41,200,103,Sep06_1/70-20190902155030-snapshot.jpg
2,1,20190902,160800,59,2,379,3,444,60,Sep06_1/70-20190902160800-snapshot.jpg
2,1,20190902,160900,89,2,1212,691,1296,775,Sep06_1/70-20190902160900-snapshot.jpg
2,1,20190902,161400,64,2,840,61,917,104,Sep06_1/70-20190902161400-snapshot.jpg
2,1,20190902,161530,52,2,1889,97,1920,156,Sep06_1/70-20190902161530-snapshot.jpg
2,1,20190902,161800,34,2,1890,96,1920,158,Sep06_1/70-20190902161800-snapshot.jpg
2,1,20190902,161900,27,2,1890,96,1920,157,Sep06_1/70-20190902161900-snapshot.jpg
2,1,20190902,161930,28,2,1889,97,1920,158,Sep06_1/70-20190902161930-snapshot.jpg
2,1,20190902,161930,84,2,1704,328,1801,377,Sep06_1/70-20190902161930-snapshot.jpg
2,1,20190902,162030,31,2,1889,96,1920,157,Sep06_1/70-20190902162030-snapshot.jpg
2,1,20190902,162300,83,2,0,517,62,583,Sep06_1/70-20190902162300-snapshot.jpg
2,1,20190902,162330,78,2,10,110,101,163,Sep06_1/70-20190902162330-snapshot.jpg
2,1,20190902,162330,80,2,1772,731,1856,808,Sep06_1/70-20190902162330-snapshot.jpg
2,1,20190902,162500,55,2,67,378,138,440,Sep06_1/70-20190902162500-snapshot.jpg
2,1,20190902,162530,25,2,1889,94,1920,153,Sep06_1/70-20190902162530-snapshot.jpg
2,1,20190902,162630,32,2,1889,95,1920,157,Sep06_1/70-20190902162630-snapshot.jpg
2,1,20190902,162700,87,2,1552,154,1650,234,Sep06_1/70-20190902162700-snapshot.jpg
2,1,20190902,163030,85,2,1624,386,1721,456,Sep06_1/70-20190902163030-snapshot.jpg
2,1,20190902,163100,71,2,1147,565,1222,620,Sep06_1/70-20190902163100-snapshot.jpg
2,1,20190902,163500,89,2,532,196,613,274,Sep06_1/70-20190902163500-snapshot.jpg
2,1,20190902,163600,87,2,571,137,623,235,Sep06_1/70-20190902163600-snapshot.jpg
2,1,20190902,163700,88,2,1702,564,1799,640,Sep06_1/70-20190902163700-snapshot.jpg
2,1,20190902,163830,75,2,1867,493,1920,556,Sep06_1/70-20190902163830-snapshot.jpg
2,1,20190902,163900,34,2,1889,95,1920,155,Sep06_1/70-20190902163900-snapshot.jpg
2,1,20190902,164030,28,2,1889,95,1920,156,Sep06_1/70-20190902164030-snapshot.jpg
2,1,20190902,164100,34,2,1890,96,1920,158,Sep06_1/70-20190902164100-snapshot.jpg
2,1,20190902,164230,40,2,1889,94,1920,155,Sep06_1/70-20190902164230-snapshot.jpg
2,1,20190902,164630,83,2,338,159,397,230,Sep06_1/70-20190902164630-snapshot.jpg
2,1,20190902,164730,88,2,1182,103,1240,200,Sep06_1/70-20190902164730-snapshot.jpg
2,1,20190902,164800,81,2,786,34,853,88,Sep06_1/70-20190902164800-snapshot.jpg
2,1,20190902,164830,81,2,1276,651,1368,706,Sep06_1/70-20190902164830-snapshot.jpg
2,1,20190902,165030,87,2,1415,299,1507,362,Sep06_1/70-20190902165030-snapshot.jpg
2,1,20190902,165500,88,2,1029,376,1143,441,Sep06_1/70-20190902165500-snapshot.jpg
2,1,20190902,165630,87,2,0,641,78,732,Sep06_1/70-20190902165630-snapshot.jpg
2,1,20190902,165700,83,2,1781,903,1855,986,Sep06_1/70-20190902165700-snapshot.jpg
2,1,20190902,165930,86,2,1474,43,1562,107,Sep06_1/70-20190902165930-snapshot.jpg
2,1,20190902,171300,89,2,691,530,789,606,Sep06_1/70-20190902171300-snapshot.jpg
2,1,20190902,171400,88,2,59,342,124,439,Sep06_1/70-20190902171400-snapshot.jpg
2,1,20190902,171730,90,2,1333,966,1439,1033,Sep06_1/70-20190902171730-snapshot.jpg
2,1,20190902,172400,86,2,25,456,84,540,Sep06_1/70-20190902172400-snapshot.jpg
2,1,20190902,172430,88,2,1017,436,1111,505,Sep06_1/70-20190902172430-snapshot.jpg
2,1,20190902,172630,86,2,1545,150,1604,239,Sep06_1/70-20190902172630-snapshot.jpg
2,1,20190902,172700,57,2,1180,82,1247,133,Sep06_1/70-20190902172700-snapshot.jpg
2,1,20190902,172700,76,2,0,697,62,767,Sep06_1/70-20190902172700-snapshot.jpg
2,1,20190902,172700,89,2,1323,378,1404,458,Sep06_1/70-20190902172700-snapshot.jpg
2,1,20190902,172900,78,2,1861,513,1920,566,Sep06_1/70-20190902172900-snapshot.jpg
2,1,20190902,172930,84,2,222,1037,318,1080,Sep06_1/70-20190902172930-snapshot.jpg
2,1,20190902,173230,87,2,549,130,612,214,Sep06_1/70-20190902173230-snapshot.jpg
2,1,20190902,173530,79,2,1,526,53,595,Sep06_1/70-20190902173530-snapshot.jpg
2,1,20190902,173600,30,2,258,113,320,167,Sep06_1/70-20190902173600-snapshot.jpg
2,1,20190902,173700,55,2,540,1,597,55,Sep06_1/70-20190902173700-snapshot.jpg
2,1,20190902,173800,80,2,1357,20,1429,103,Sep06_1/70-20190902173800-snapshot.jpg
2,1,20190902,174300,72,2,0,694,54,770,Sep06_1/70-20190902174300-snapshot.jpg
2,1,20190902,175300,78,2,1326,38,1394,108,Sep06_1/70-20190902175300-snapshot.jpg
2,1,20190902,175330,80,2,1884,488,1920,560,Sep06_1/70-20190902175330-snapshot.jpg
2,1,20190902,180030,64,2,0,929,46,990,Sep06_1/70-20190902180030-snapshot.jpg
2,1,20190902,180430,90,2,1338,426,1434,502,Sep06_1/70-20190902180430-snapshot.jpg
2,1,20190902,180500,84,8,1223,971,1322,1031,Sep06_1/70-20190902180500-snapshot.jpg
2,1,20190902,181300,88,2,798,492,861,598,Sep06_1/70-20190902181300-snapshot.jpg
2,1,20190902,182030,81,2,1628,426,1717,518,Sep06_1/70-20190902182030-snapshot.jpg
2,1,20190902,183300,86,2,1199,177,1284,259,Sep06_1/70-20190902183300-snapshot.jpg
2,1,20190902,184200,84,2,1,501,64,574,Sep06_1/70-20190902184200-snapshot.jpg
2,1,20190902,184230,86,2,206,82,306,148,Sep06_1/70-20190902184230-snapshot.jpg
2,1,20190902,184830,85,2,1056,435,1153,489,Sep06_1/70-20190902184830-snapshot.jpg
2,1,20190902,185500,85,2,776,22,833,105,Sep06_1/70-20190902185500-snapshot.jpg
2,1,20190902,190600,86,2,1857,576,1918,673,Sep06_1/70-20190902190600-snapshot.jpg
2,1,20190902,192930,88,2,1421,110,1536,179,Sep06_1/70-20190902192930-snapshot.jpg
2,1,20190902,203100,26,2,812,60,872,133,Sep06_1/70-20190902203100-snapshot.jpg
2,1,20190902,203230,26,2,804,52,869,121,Sep06_1/70-20190902203230-snapshot.jpg
2,1,20190902,203300,39,2,803,57,869,118,Sep06_1/70-20190902203300-snapshot.jpg
2,1,20190903,061830,29,2,1876,103,1920,184,Sep06_1/77-20190903061830-snapshot.jpg
2,1,20190903,063300,46,2,1877,104,1920,180,Sep06_1/77-20190903063300-snapshot.jpg
2,1,20190903,063530,26,2,1878,103,1920,180,Sep06_1/77-20190903063530-snapshot.jpg
2,1,20190903,063630,30,2,1879,104,1920,180,Sep06_1/77-20190903063630-snapshot.jpg
2,1,20190903,082700,36,2,1887,107,1920,168,Sep06_1/82-20190903082700-snapshot.jpg
2,1,20190903,083700,38,2,1888,107,1920,175,Sep06_1/82-20190903083700-snapshot.jpg
2,1,20190903,085230,44,2,1886,107,1920,174,Sep06_1/83-20190903085230-snapshot.jpg
2,1,20190903,085700,25,2,1886,107,1920,169,Sep06_1/83-20190903085700-snapshot.jpg
2,1,20190903,101830,30,2,1887,109,1920,169,Sep06_1/86-20190903101830-snapshot.jpg
2,1,20190903,105330,44,2,1885,108,1920,174,Sep06_1/86-20190903105330-snapshot.jpg
2,1,20190903,112530,30,2,1887,105,1920,161,Sep06_1/86-20190903112530-snapshot.jpg
2,1,20190903,112600,26,2,1885,100,1920,153,Sep06_1/86-20190903112600-snapshot.jpg
2,1,20190903,112730,40,2,1885,106,1920,160,Sep06_1/86-20190903112730-snapshot.jpg
2,1,20190903,121000,35,2,1887,106,1920,161,Sep06_1/86-20190903121000-snapshot.jpg
2,1,20190903,121030,26,2,1885,103,1920,152,Sep06_1/86-20190903121030-snapshot.jpg
2,1,20190903,121100,28,2,1886,104,1920,152,Sep06_1/86-20190903121100-snapshot.jpg
2,1,20190903,121200,89,2,1817,563,1918,641,Sep06_1/86-20190903121200-snapshot.jpg
2,1,20190903,122200,53,2,1885,108,1920,157,Sep06_1/86-20190903122200-snapshot.jpg
2,1,20190903,122230,32,2,1886,106,1920,157,Sep06_1/86-20190903122230-snapshot.jpg
2,1,20190903,122830,25,2,1886,107,1920,159,Sep06_1/86-20190903122830-snapshot.jpg
2,1,20190903,122900,59,2,1886,108,1920,157,Sep06_1/86-20190903122900-snapshot.jpg
2,1,20190903,122930,28,2,1886,106,1920,157,Sep06_1/86-20190903122930-snapshot.jpg
2,1,20190903,123000,26,2,1887,107,1920,159,Sep06_1/86-20190903123000-snapshot.jpg
2,1,20190903,123030,34,2,1885,100,1920,152,Sep06_1/86-20190903123030-snapshot.jpg
2,1,20190903,123100,31,2,1886,106,1920,156,Sep06_1/86-20190903123100-snapshot.jpg
2,1,20190903,123130,29,2,1886,105,1920,157,Sep06_1/86-20190903123130-snapshot.jpg
2,1,20190903,123200,44,2,1885,107,1920,157,Sep06_1/86-20190903123200-snapshot.jpg
2,1,20190903,123200,84,2,91,342,178,418,Sep06_1/86-20190903123200-snapshot.jpg
2,1,20190903,123230,51,2,1885,107,1920,156,Sep06_1/86-20190903123230-snapshot.jpg
2,1,20190903,123300,39,2,1885,107,1920,157,Sep06_1/86-20190903123300-snapshot.jpg
2,1,20190903,123400,41,2,1885,103,1920,152,Sep06_1/86-20190903123400-snapshot.jpg
2,1,20190903,123700,44,2,1885,108,1920,158,Sep06_1/86-20190903123700-snapshot.jpg
2,1,20190903,123800,35,2,1886,106,1920,156,Sep06_1/86-20190903123800-snapshot.jpg
2,1,20190903,123830,41,2,1886,109,1920,163,Sep06_1/86-20190903123830-snapshot.jpg
2,1,20190903,124430,29,2,1887,107,1920,159,Sep06_1/86-20190903124430-snapshot.jpg
2,1,20190903,124930,32,2,1885,104,1920,153,Sep06_1/86-20190903124930-snapshot.jpg
2,1,20190903,125100,27,2,1885,108,1920,158,Sep06_1/86-20190903125100-snapshot.jpg
2,1,20190903,125430,35,2,1884,109,1920,157,Sep06_1/86-20190903125430-snapshot.jpg
2,1,20190903,125530,55,2,1886,108,1920,155,Sep06_1/86-20190903125530-snapshot.jpg
2,1,20190903,125630,54,2,1884,108,1920,156,Sep06_1/86-20190903125630-snapshot.jpg
2,1,20190903,125700,32,2,1885,109,1920,157,Sep06_1/86-20190903125700-snapshot.jpg
2,1,20190903,125730,51,2,1885,107,1920,156,Sep06_1/86-20190903125730-snapshot.jpg
2,1,20190903,125830,28,2,1886,108,1920,160,Sep06_1/86-20190903125830-snapshot.jpg
2,1,20190903,125900,45,2,1886,107,1920,158,Sep06_1/86-20190903125900-snapshot.jpg
2,1,20190903,125930,59,2,1885,107,1920,158,Sep06_1/86-20190903125930-snapshot.jpg
2,1,20190903,130000,33,2,1886,106,1920,157,Sep06_1/86-20190903130000-snapshot.jpg
2,1,20190903,130430,31,2,1885,102,1920,152,Sep06_1/86-20190903130430-snapshot.jpg
2,1,20190903,131400,53,2,1884,109,1920,156,Sep06_1/86-20190903131400-snapshot.jpg
2,1,20190903,135500,29,8,804,859,892,926,Sep06_1/86-20190903135500-snapshot.jpg
2,1,20190903,141230,38,2,1884,101,1920,152,Sep06_1/86-20190903141230-snapshot.jpg
2,1,20190903,141330,52,2,1885,107,1920,157,Sep06_1/86-20190903141330-snapshot.jpg
2,1,20190903,141400,38,2,1884,101,1920,153,Sep06_1/86-20190903141400-snapshot.jpg
2,1,20190903,141430,43,2,1885,106,1920,155,Sep06_1/86-20190903141430-snapshot.jpg
2,1,20190903,141500,39,2,1885,105,1920,157,Sep06_1/86-20190903141500-snapshot.jpg
2,1,20190903,141530,39,2,1885,106,1920,158,Sep06_1/86-20190903141530-snapshot.jpg
2,1,20190903,141600,57,2,1885,105,1920,156,Sep06_1/86-20190903141600-snapshot.jpg
2,1,20190903,141630,48,2,1884,100,1920,153,Sep06_1/86-20190903141630-snapshot.jpg
2,1,20190903,141700,52,2,1883,102,1920,153,Sep06_1/86-20190903141700-snapshot.jpg
2,1,20190903,141730,57,2,1883,102,1920,153,Sep06_1/86-20190903141730-snapshot.jpg
2,1,20190903,141800,47,2,1885,101,1920,154,Sep06_1/86-20190903141800-snapshot.jpg
2,1,20190903,141830,56,2,1885,105,1920,157,Sep06_1/86-20190903141830-snapshot.jpg
2,1,20190903,141900,57,2,1884,100,1920,153,Sep06_1/86-20190903141900-snapshot.jpg
2,1,20190903,141930,55,2,1885,105,1920,157,Sep06_1/86-20190903141930-snapshot.jpg
2,1,20190903,142000,54,2,1884,99,1920,152,Sep06_1/86-20190903142000-snapshot.jpg
2,1,20190903,142030,47,2,1884,100,1920,152,Sep06_1/86-20190903142030-snapshot.jpg
2,1,20190903,142100,60,2,1884,103,1920,153,Sep06_1/86-20190903142100-snapshot.jpg
2,1,20190903,142130,51,2,1884,106,1920,156,Sep06_1/86-20190903142130-snapshot.jpg
2,1,20190903,142200,46,2,1883,102,1920,153,Sep06_1/86-20190903142200-snapshot.jpg
2,1,20190903,142230,25,2,1883,102,1920,152,Sep06_1/86-20190903142230-snapshot.jpg
2,1,20190903,143100,87,2,1472,331,1533,433,Sep06_1/86-20190903143100-snapshot.jpg
2,1,20190903,143430,84,2,997,405,1099,464,Sep06_1/86-20190903143430-snapshot.jpg
2,1,20190903,144730,87,2,1245,426,1330,491,Sep06_1/86-20190903144730-snapshot.jpg
2,1,20190903,145330,35,2,1888,100,1920,153,Sep06_1/86-20190903145330-snapshot.jpg
2,1,20190903,145430,40,2,1886,99,1920,152,Sep06_1/86-20190903145430-snapshot.jpg
2,1,20190903,145530,33,2,1886,102,1920,152,Sep06_1/86-20190903145530-snapshot.jpg
2,1,20190903,145700,28,2,1886,102,1920,153,Sep06_1/86-20190903145700-snapshot.jpg
2,1,20190903,145800,32,2,1887,101,1920,152,Sep06_1/86-20190903145800-snapshot.jpg
2,1,20190903,145830,77,2,1876,620,1920,697,Sep06_1/86-20190903145830-snapshot.jpg
2,1,20190903,145900,87,2,548,95,605,192,Sep06_1/86-20190903145900-snapshot.jpg
2,1,20190903,145930,26,2,1888,98,1920,152,Sep06_1/86-20190903145930-snapshot.jpg
2,1,20190903,150000,75,2,1446,82,1497,151,Sep06_1/86-20190903150000-snapshot.jpg
2,1,20190903,150030,33,2,1888,108,1920,158,Sep06_1/86-20190903150030-snapshot.jpg
2,1,20190903,150130,31,2,1888,98,1920,153,Sep06_1/86-20190903150130-snapshot.jpg
2,1,20190903,150300,64,2,1885,108,1920,159,Sep06_1/86-20190903150300-snapshot.jpg
2,1,20190903,150330,65,2,1886,107,1920,158,Sep06_1/86-20190903150330-snapshot.jpg
2,1,20190903,150400,42,2,1886,106,1920,158,Sep06_1/86-20190903150400-snapshot.jpg
2,1,20190903,150600,59,2,1886,106,1920,156,Sep06_1/86-20190903150600-snapshot.jpg
2,1,20190903,150630,54,2,1886,106,1920,157,Sep06_1/86-20190903150630-snapshot.jpg
2,1,20190903,150700,58,2,1886,107,1920,157,Sep06_1/86-20190903150700-snapshot.jpg
2,1,20190903,150730,47,2,1885,106,1920,155,Sep06_1/86-20190903150730-snapshot.jpg
2,1,20190903,150800,56,2,1884,101,1920,153,Sep06_1/86-20190903150800-snapshot.jpg
2,1,20190903,150830,59,2,1885,101,1920,152,Sep06_1/86-20190903150830-snapshot.jpg
2,1,20190903,150900,58,2,1885,106,1920,154,Sep06_1/86-20190903150900-snapshot.jpg
2,1,20190903,151030,58,2,1883,98,1920,153,Sep06_1/86-20190903151030-snapshot.jpg
2,1,20190903,151100,27,2,1887,101,1920,152,Sep06_1/86-20190903151100-snapshot.jpg
2,1,20190903,151300,60,2,1884,106,1920,156,Sep06_1/86-20190903151300-snapshot.jpg
2,1,20190903,151730,46,2,1885,97,1920,151,Sep06_1/86-20190903151730-snapshot.jpg
2,1,20190903,151900,57,2,1884,103,1920,153,Sep06_1/86-20190903151900-snapshot.jpg
2,1,20190903,152130,87,2,134,910,219,974,Sep06_1/86-20190903152130-snapshot.jpg
2,1,20190903,152300,39,2,1885,100,1920,153,Sep06_1/86-20190903152300-snapshot.jpg
2,1,20190903,152330,53,2,1885,106,1920,155,Sep06_1/86-20190903152330-snapshot.jpg
2,1,20190903,152400,53,2,1885,107,1920,155,Sep06_1/86-20190903152400-snapshot.jpg
2,1,20190903,152430,54,2,1884,103,1920,153,Sep06_1/86-20190903152430-snapshot.jpg
2,1,20190903,152500,62,2,1884,103,1920,153,Sep06_1/86-20190903152500-snapshot.jpg
2,1,20190903,152530,51,2,1885,101,1920,152,Sep06_1/86-20190903152530-snapshot.jpg
2,1,20190903,152530,81,2,1860,474,1920,562,Sep06_1/86-20190903152530-snapshot.jpg
2,1,20190903,152600,35,2,1884,101,1920,153,Sep06_1/86-20190903152600-snapshot.jpg
2,1,20190903,152630,40,2,1886,101,1920,154,Sep06_1/86-20190903152630-snapshot.jpg
2,1,20190903,152630,86,2,257,1013,358,1075,Sep06_1/86-20190903152630-snapshot.jpg
2,1,20190903,152700,33,2,1885,104,1920,154,Sep06_1/86-20190903152700-snapshot.jpg
2,1,20190903,152800,61,2,1884,101,1920,152,Sep06_1/86-20190903152800-snapshot.jpg
2,1,20190903,152900,48,2,1885,98,1920,152,Sep06_1/86-20190903152900-snapshot.jpg
2,1,20190903,152930,46,2,1885,98,1920,152,Sep06_1/86-20190903152930-snapshot.jpg
2,1,20190903,153000,40,2,1886,107,1920,156,Sep06_1/86-20190903153000-snapshot.jpg
2,1,20190903,153030,29,2,1886,103,1920,153,Sep06_1/86-20190903153030-snapshot.jpg
2,1,20190903,153100,27,2,1886,104,1920,154,Sep06_1/86-20190903153100-snapshot.jpg
2,1,20190903,153200,28,2,1887,108,1920,156,Sep06_1/86-20190903153200-snapshot.jpg
2,1,20190903,153600,83,2,1571,1028,1673,1080,Sep06_1/86-20190903153600-snapshot.jpg
2,1,20190903,154230,44,2,1885,103,1920,153,Sep06_1/86-20190903154230-snapshot.jpg
2,1,20190903,154400,62,2,1884,108,1920,157,Sep06_1/86-20190903154400-snapshot.jpg
2,1,20190903,154430,57,2,1885,106,1920,158,Sep06_1/86-20190903154430-snapshot.jpg
2,1,20190903,154500,58,2,1885,106,1920,157,Sep06_1/86-20190903154500-snapshot.jpg
2,1,20190903,154530,54,2,1885,107,1920,156,Sep06_1/86-20190903154530-snapshot.jpg
2,1,20190903,154600,62,2,1884,106,1920,157,Sep06_1/86-20190903154600-snapshot.jpg
2,1,20190903,154600,86,2,1024,404,1102,490,Sep06_1/86-20190903154600-snapshot.jpg
2,1,20190903,154630,63,2,1885,106,1920,156,Sep06_1/86-20190903154630-snapshot.jpg
2,1,20190903,154700,57,2,1884,101,1920,154,Sep06_1/86-20190903154700-snapshot.jpg
2,1,20190903,154730,64,2,1885,107,1920,156,Sep06_1/86-20190903154730-snapshot.jpg
2,1,20190903,154800,53,2,1884,106,1920,157,Sep06_1/86-20190903154800-snapshot.jpg
2,1,20190903,154830,58,2,1885,107,1920,155,Sep06_1/86-20190903154830-snapshot.jpg
2,1,20190903,154900,59,2,1884,103,1920,153,Sep06_1/86-20190903154900-snapshot.jpg
2,1,20190903,154930,63,2,1884,106,1920,155,Sep06_1/86-20190903154930-snapshot.jpg
2,1,20190903,155000,64,2,1885,107,1920,156,Sep06_1/86-20190903155000-snapshot.jpg
2,1,20190903,155030,63,2,1885,107,1920,156,Sep06_1/86-20190903155030-snapshot.jpg
2,1,20190903,155100,63,2,1885,106,1920,155,Sep06_1/86-20190903155100-snapshot.jpg
2,1,20190903,155130,59,2,1884,106,1920,155,Sep06_1/86-20190903155130-snapshot.jpg
2,1,20190903,155200,39,2,1884,104,1920,153,Sep06_1/86-20190903155200-snapshot.jpg
2,1,20190903,155200,83,2,71,456,135,539,Sep06_1/86-20190903155200-snapshot.jpg
2,1,20190903,155300,33,2,1888,111,1920,155,Sep06_1/86-20190903155300-snapshot.jpg
2,1,20190903,155700,27,2,1888,106,1920,152,Sep06_1/86-20190903155700-snapshot.jpg
2,1,20190903,155730,29,9,1889,570,1920,648,Sep06_1/86-20190903155730-snapshot.jpg
2,1,20190903,155730,71,2,43,5,103,76,Sep06_1/86-20190903155730-snapshot.jpg
2,1,20190903,155930,74,9,1739,938,1848,996,Sep06_1/86-20190903155930-snapshot.jpg
2,1,20190903,160100,60,2,1438,1036,1517,1080,Sep06_1/86-20190903160100-snapshot.jpg
2,1,20190903,160330,25,2,1889,104,1920,152,Sep06_1/86-20190903160330-snapshot.jpg
2,1,20190903,160400,48,2,1886,103,1920,151,Sep06_1/86-20190903160400-snapshot.jpg
2,1,20190903,160430,25,2,1888,102,1920,152,Sep06_1/86-20190903160430-snapshot.jpg
2,1,20190903,160500,26,2,1887,108,1920,157,Sep06_1/86-20190903160500-snapshot.jpg
2,1,20190903,160530,34,2,1842,722,1914,776,Sep06_1/86-20190903160530-snapshot.jpg
2,1,20190903,160530,61,2,1884,103,1920,153,Sep06_1/86-20190903160530-snapshot.jpg
2,1,20190903,160600,56,2,1883,103,1920,153,Sep06_1/86-20190903160600-snapshot.jpg
2,1,20190903,160700,40,2,1513,5,1587,58,Sep06_1/86-20190903160700-snapshot.jpg
2,1,20190903,160700,51,2,1887,108,1920,156,Sep06_1/86-20190903160700-snapshot.jpg
2,1,20190903,160730,41,2,1888,108,1920,157,Sep06_1/86-20190903160730-snapshot.jpg
2,1,20190903,160800,29,2,1887,106,1920,153,Sep06_1/86-20190903160800-snapshot.jpg
2,1,20190903,160830,47,2,1884,104,1920,152,Sep06_1/86-20190903160830-snapshot.jpg
2,1,20190903,160900,29,2,1886,104,1920,154,Sep06_1/86-20190903160900-snapshot.jpg
2,1,20190903,160930,40,2,1887,104,1920,152,Sep06_1/86-20190903160930-snapshot.jpg
2,1,20190903,161000,44,2,1886,108,1920,155,Sep06_1/86-20190903161000-snapshot.jpg
2,1,20190903,161030,56,2,1884,107,1920,158,Sep06_1/86-20190903161030-snapshot.jpg
2,1,20190903,161100,61,2,1884,102,1920,153,Sep06_1/86-20190903161100-snapshot.jpg
2,1,20190903,161130,59,2,1885,106,1920,156,Sep06_1/86-20190903161130-snapshot.jpg
2,1,20190903,161200,59,2,1883,101,1920,152,Sep06_1/86-20190903161200-snapshot.jpg
2,1,20190903,161200,85,2,969,1000,1046,1079,Sep06_1/86-20190903161200-snapshot.jpg
2,1,20190903,161230,52,2,1883,104,1920,153,Sep06_1/86-20190903161230-snapshot.jpg
2,1,20190903,161300,55,2,1884,102,1920,153,Sep06_1/86-20190903161300-snapshot.jpg
2,1,20190903,161300,88,2,1364,421,1471,491,Sep06_1/86-20190903161300-snapshot.jpg
2,1,20190903,161330,58,2,1885,102,1920,154,Sep06_1/86-20190903161330-snapshot.jpg
2,1,20190903,161400,55,2,1884,104,1920,152,Sep06_1/86-20190903161400-snapshot.jpg
2,1,20190903,161430,60,2,1884,106,1920,156,Sep06_1/86-20190903161430-snapshot.jpg
2,1,20190903,161500,57,2,1884,105,1920,157,Sep06_1/86-20190903161500-snapshot.jpg
2,1,20190903,161530,65,2,1884,102,1920,153,Sep06_1/86-20190903161530-snapshot.jpg
2,1,20190903,161600,56,2,1885,101,1920,154,Sep06_1/86-20190903161600-snapshot.jpg
2,1,20190903,161630,65,2,1884,102,1920,153,Sep06_1/86-20190903161630-snapshot.jpg
2,1,20190903,161700,60,2,1883,101,1920,152,Sep06_1/86-20190903161700-snapshot.jpg
2,1,20190903,161730,64,2,1884,101,1920,152,Sep06_1/86-20190903161730-snapshot.jpg
2,1,20190903,161800,60,2,1885,102,1920,152,Sep06_1/86-20190903161800-snapshot.jpg
2,1,20190903,161830,64,2,1885,100,1920,153,Sep06_1/86-20190903161830-snapshot.jpg
2,1,20190903,161900,64,2,1884,100,1920,152,Sep06_1/86-20190903161900-snapshot.jpg
2,1,20190903,161930,65,2,1883,102,1920,153,Sep06_1/86-20190903161930-snapshot.jpg
2,1,20190903,162000,64,2,1885,100,1920,154,Sep06_1/86-20190903162000-snapshot.jpg
2,1,20190903,162030,64,2,1884,101,1920,153,Sep06_1/86-20190903162030-snapshot.jpg
2,1,20190903,162130,31,2,1885,104,1920,154,Sep06_1/86-20190903162130-snapshot.jpg
2,1,20190903,162200,30,2,1888,103,1920,153,Sep06_1/86-20190903162200-snapshot.jpg
2,1,20190903,162230,44,2,1887,104,1920,153,Sep06_1/86-20190903162230-snapshot.jpg
2,1,20190903,162300,29,2,1888,104,1920,153,Sep06_1/86-20190903162300-snapshot.jpg
2,1,20190903,162330,34,2,1888,104,1920,154,Sep06_1/86-20190903162330-snapshot.jpg
2,1,20190903,162430,35,2,1887,103,1920,153,Sep06_1/86-20190903162430-snapshot.jpg
2,1,20190903,162530,32,2,1886,105,1920,153,Sep06_1/86-20190903162530-snapshot.jpg
2,1,20190903,162600,30,2,1885,104,1920,153,Sep06_1/86-20190903162600-snapshot.jpg
2,1,20190903,162630,30,2,1886,104,1920,151,Sep06_1/86-20190903162630-snapshot.jpg
2,1,20190903,162700,45,2,1887,109,1920,157,Sep06_1/86-20190903162700-snapshot.jpg
2,1,20190903,162700,82,2,23,375,110,444,Sep06_1/86-20190903162700-snapshot.jpg
2,1,20190903,162730,51,2,1887,108,1920,156,Sep06_1/86-20190903162730-snapshot.jpg
2,1,20190903,162800,43,2,1886,103,1920,152,Sep06_1/86-20190903162800-snapshot.jpg
2,1,20190903,162830,26,2,1885,104,1920,154,Sep06_1/86-20190903162830-snapshot.jpg
2,1,20190903,162830,83,2,1250,66,1330,149,Sep06_1/86-20190903162830-snapshot.jpg
2,1,20190903,162900,39,2,1886,103,1920,152,Sep06_1/86-20190903162900-snapshot.jpg
2,1,20190903,162900,85,2,119,227,183,312,Sep06_1/86-20190903162900-snapshot.jpg
2,1,20190903,162930,37,2,1886,104,1920,153,Sep06_1/86-20190903162930-snapshot.jpg
2,1,20190903,163000,39,2,1886,104,1920,153,Sep06_1/86-20190903163000-snapshot.jpg
2,1,20190903,163100,25,2,1887,104,1920,151,Sep06_1/86-20190903163100-snapshot.jpg
2,1,20190903,163130,56,2,1417,460,1488,529,Sep06_1/86-20190903163130-snapshot.jpg
2,1,20190903,163200,41,2,1887,104,1920,152,Sep06_1/86-20190903163200-snapshot.jpg
2,1,20190903,163200,86,2,206,950,295,1011,Sep06_1/86-20190903163200-snapshot.jpg
2,1,20190903,163230,33,2,1886,103,1920,152,Sep06_1/86-20190903163230-snapshot.jpg
2,1,20190903,163230,68,2,1295,156,1352,221,Sep06_1/86-20190903163230-snapshot.jpg
2,1,20190903,163300,50,2,1885,105,1920,152,Sep06_1/86-20190903163300-snapshot.jpg
2,1,20190903,163330,28,2,1885,104,1920,153,Sep06_1/86-20190903163330-snapshot.jpg
2,1,20190903,163400,47,2,1886,104,1920,153,Sep06_1/86-20190903163400-snapshot.jpg
2,1,20190903,163500,38,2,1887,103,1920,153,Sep06_1/86-20190903163500-snapshot.jpg
2,1,20190903,163530,29,2,1885,104,1920,153,Sep06_1/86-20190903163530-snapshot.jpg
2,1,20190903,163600,34,2,1886,101,1920,153,Sep06_1/86-20190903163600-snapshot.jpg
2,1,20190903,163630,28,2,1887,104,1920,153,Sep06_1/86-20190903163630-snapshot.jpg
2,1,20190903,163630,46,2,1705,671,1751,728,Sep06_1/86-20190903163630-snapshot.jpg
2,1,20190903,163800,47,2,1885,100,1920,153,Sep06_1/86-20190903163800-snapshot.jpg
2,1,20190903,163830,27,2,1887,103,1920,153,Sep06_1/86-20190903163830-snapshot.jpg
2,1,20190903,164000,27,2,1888,102,1920,152,Sep06_1/86-20190903164000-snapshot.jpg
2,1,20190903,164030,32,2,1887,101,1920,153,Sep06_1/86-20190903164030-snapshot.jpg
2,1,20190903,164100,38,2,1888,101,1920,152,Sep06_1/86-20190903164100-snapshot.jpg
2,1,20190903,164130,31,2,1888,102,1920,152,Sep06_1/86-20190903164130-snapshot.jpg
2,1,20190903,164330,26,2,1887,103,1920,153,Sep06_1/86-20190903164330-snapshot.jpg
2,1,20190903,164430,31,2,1889,101,1920,153,Sep06_1/86-20190903164430-snapshot.jpg
2,1,20190903,164500,84,2,928,869,987,947,Sep06_1/86-20190903164500-snapshot.jpg
2,1,20190903,164800,36,2,1888,101,1920,150,Sep06_1/86-20190903164800-snapshot.jpg
2,1,20190903,164830,28,2,1888,99,1920,153,Sep06_1/86-20190903164830-snapshot.jpg
2,1,20190903,164900,30,2,1887,103,1920,153,Sep06_1/86-20190903164900-snapshot.jpg
2,1,20190903,164900,83,2,130,0,228,67,Sep06_1/86-20190903164900-snapshot.jpg
2,1,20190903,164930,38,2,1887,104,1920,153,Sep06_1/86-20190903164930-snapshot.jpg
2,1,20190903,165030,29,2,1887,105,1920,154,Sep06_1/86-20190903165030-snapshot.jpg
2,1,20190903,165200,58,2,1886,100,1920,151,Sep06_1/86-20190903165200-snapshot.jpg
2,1,20190903,165230,46,2,1887,105,1920,153,Sep06_1/86-20190903165230-snapshot.jpg
2,1,20190903,165300,56,2,1885,102,1920,153,Sep06_1/86-20190903165300-snapshot.jpg
2,1,20190903,165330,32,2,1889,104,1920,150,Sep06_1/86-20190903165330-snapshot.jpg
2,1,20190903,165500,38,2,1886,104,1920,153,Sep06_1/86-20190903165500-snapshot.jpg
2,1,20190903,165800,28,2,1888,102,1920,152,Sep06_1/86-20190903165800-snapshot.jpg
2,1,20190903,165830,30,2,1887,103,1920,152,Sep06_1/86-20190903165830-snapshot.jpg
2,1,20190903,165930,28,2,1887,103,1920,153,Sep06_1/86-20190903165930-snapshot.jpg
2,1,20190903,170200,32,2,1888,101,1920,152,Sep06_1/86-20190903170200-snapshot.jpg
2,1,20190903,170230,31,2,1886,101,1920,154,Sep06_1/86-20190903170230-snapshot.jpg
2,1,20190903,170500,32,2,1886,104,1920,153,Sep06_1/86-20190903170500-snapshot.jpg
2,1,20190903,170530,35,2,1888,102,1920,151,Sep06_1/86-20190903170530-snapshot.jpg
2,1,20190903,170530,83,2,826,131,907,205,Sep06_1/86-20190903170530-snapshot.jpg
2,1,20190903,170830,26,2,1885,104,1920,153,Sep06_1/86-20190903170830-snapshot.jpg
2,1,20190903,170900,50,2,1885,101,1920,154,Sep06_1/86-20190903170900-snapshot.jpg
2,1,20190903,171000,26,2,1889,101,1920,150,Sep06_1/86-20190903171000-snapshot.jpg
2,1,20190903,171030,42,2,1888,103,1920,151,Sep06_1/86-20190903171030-snapshot.jpg
2,1,20190903,171100,28,2,1888,104,1920,152,Sep06_1/86-20190903171100-snapshot.jpg
2,1,20190903,171130,40,2,1887,100,1920,151,Sep06_1/86-20190903171130-snapshot.jpg
2,1,20190903,171200,56,2,1884,103,1920,154,Sep06_1/86-20190903171200-snapshot.jpg
2,1,20190903,171230,42,2,1885,101,1920,153,Sep06_1/86-20190903171230-snapshot.jpg
2,1,20190903,171300,45,2,1884,101,1920,154,Sep06_1/86-20190903171300-snapshot.jpg
2,1,20190903,171330,38,2,1885,102,1920,152,Sep06_1/86-20190903171330-snapshot.jpg
2,1,20190903,171400,51,2,1885,103,1920,154,Sep06_1/86-20190903171400-snapshot.jpg
2,1,20190903,171430,52,8,521,859,567,912,Sep06_1/86-20190903171430-snapshot.jpg
2,1,20190903,171430,59,2,1884,103,1920,153,Sep06_1/86-20190903171430-snapshot.jpg
2,1,20190903,171500,53,2,1884,102,1920,153,Sep06_1/86-20190903171500-snapshot.jpg
2,1,20190903,171530,25,2,1886,101,1920,154,Sep06_1/86-20190903171530-snapshot.jpg
2,1,20190903,171530,83,2,31,62,96,138,Sep06_1/86-20190903171530-snapshot.jpg
2,1,20190903,171600,53,2,1884,101,1920,154,Sep06_1/86-20190903171600-snapshot.jpg
2,1,20190903,171630,37,2,1885,103,1920,154,Sep06_1/86-20190903171630-snapshot.jpg
2,1,20190903,171700,45,2,1885,102,1920,153,Sep06_1/86-20190903171700-snapshot.jpg
2,1,20190903,171730,48,2,1884,102,1920,154,Sep06_1/86-20190903171730-snapshot.jpg
2,1,20190903,171730,81,2,75,342,163,409,Sep06_1/86-20190903171730-snapshot.jpg
2,1,20190903,171800,56,2,1884,103,1920,153,Sep06_1/86-20190903171800-snapshot.jpg
2,1,20190903,171830,61,2,1884,102,1920,153,Sep06_1/86-20190903171830-snapshot.jpg
2,1,20190903,171900,43,2,1885,101,1920,153,Sep06_1/86-20190903171900-snapshot.jpg
2,1,20190903,171930,33,8,767,303,819,357,Sep06_1/86-20190903171930-snapshot.jpg
2,1,20190903,171930,51,2,1885,102,1920,152,Sep06_1/86-20190903171930-snapshot.jpg
2,1,20190903,172000,54,2,1886,100,1920,151,Sep06_1/86-20190903172000-snapshot.jpg
2,1,20190903,172030,56,2,1885,100,1920,151,Sep06_1/86-20190903172030-snapshot.jpg
2,1,20190903,172100,60,2,1886,100,1920,152,Sep06_1/86-20190903172100-snapshot.jpg
2,1,20190903,172130,61,2,1884,103,1920,152,Sep06_1/86-20190903172130-snapshot.jpg
2,1,20190903,172200,57,2,1885,102,1920,151,Sep06_1/86-20190903172200-snapshot.jpg
2,1,20190903,172230,52,2,1886,101,1920,152,Sep06_1/86-20190903172230-snapshot.jpg
2,1,20190903,172300,61,2,1884,98,1920,152,Sep06_1/86-20190903172300-snapshot.jpg
2,1,20190903,172330,63,2,1884,100,1920,152,Sep06_1/86-20190903172330-snapshot.jpg
2,1,20190903,172400,62,2,1885,102,1920,150,Sep06_1/86-20190903172400-snapshot.jpg
2,1,20190903,172430,63,2,1885,102,1920,150,Sep06_1/86-20190903172430-snapshot.jpg
2,1,20190903,172600,55,2,1883,101,1920,154,Sep06_1/86-20190903172600-snapshot.jpg
2,1,20190903,172630,63,2,1886,99,1920,151,Sep06_1/86-20190903172630-snapshot.jpg
2,1,20190903,172700,67,2,1884,100,1920,151,Sep06_1/86-20190903172700-snapshot.jpg
2,1,20190903,172700,71,2,1262,433,1325,479,Sep06_1/86-20190903172700-snapshot.jpg
2,1,20190903,172700,83,2,279,35,365,100,Sep06_1/86-20190903172700-snapshot.jpg
2,1,20190903,172730,63,2,1884,100,1920,151,Sep06_1/86-20190903172730-snapshot.jpg
2,1,20190903,172800,62,2,1885,101,1920,151,Sep06_1/86-20190903172800-snapshot.jpg
2,1,20190903,172800,88,2,1084,752,1182,839,Sep06_1/86-20190903172800-snapshot.jpg
2,1,20190903,172830,26,2,1891,100,1920,147,Sep06_1/86-20190903172830-snapshot.jpg
2,1,20190903,172830,71,2,1477,2,1557,48,Sep06_1/86-20190903172830-snapshot.jpg
2,1,20190903,172830,81,2,220,1021,291,1079,Sep06_1/86-20190903172830-snapshot.jpg
2,1,20190903,172900,64,2,1884,100,1920,151,Sep06_1/86-20190903172900-snapshot.jpg
2,1,20190903,172900,88,2,1095,264,1185,372,Sep06_1/86-20190903172900-snapshot.jpg
2,1,20190903,172930,65,2,1885,101,1920,152,Sep06_1/86-20190903172930-snapshot.jpg
2,1,20190903,173000,63,2,1884,101,1920,151,Sep06_1/86-20190903173000-snapshot.jpg
2,1,20190903,173030,65,2,1884,102,1920,151,Sep06_1/86-20190903173030-snapshot.jpg
2,1,20190903,173100,48,2,1887,99,1920,151,Sep06_1/86-20190903173100-snapshot.jpg
2,1,20190903,173130,64,2,1885,100,1920,151,Sep06_1/86-20190903173130-snapshot.jpg
2,1,20190903,173200,65,2,1887,101,1920,150,Sep06_1/86-20190903173200-snapshot.jpg
2,1,20190903,173230,66,2,1885,101,1920,151,Sep06_1/86-20190903173230-snapshot.jpg
2,1,20190903,173300,61,2,1885,101,1920,151,Sep06_1/86-20190903173300-snapshot.jpg
2,1,20190903,173330,66,2,1886,101,1920,151,Sep06_1/86-20190903173330-snapshot.jpg
2,1,20190903,173400,58,2,1885,102,1920,151,Sep06_1/86-20190903173400-snapshot.jpg
2,1,20190903,173430,43,2,1886,99,1920,152,Sep06_1/86-20190903173430-snapshot.jpg
2,1,20190903,173500,46,2,1887,100,1920,151,Sep06_1/86-20190903173500-snapshot.jpg
2,1,20190903,173530,59,2,1885,103,1920,153,Sep06_1/86-20190903173530-snapshot.jpg
2,1,20190903,173600,58,2,1883,101,1920,152,Sep06_1/86-20190903173600-snapshot.jpg
2,1,20190903,173630,61,2,1884,102,1920,153,Sep06_1/86-20190903173630-snapshot.jpg
2,1,20190903,173700,63,2,1885,102,1920,152,Sep06_1/86-20190903173700-snapshot.jpg
2,1,20190903,173700,83,2,1201,168,1267,226,Sep06_1/86-20190903173700-snapshot.jpg
2,1,20190903,173730,57,2,1886,102,1920,152,Sep06_1/86-20190903173730-snapshot.jpg
2,1,20190903,173800,63,2,1885,101,1920,151,Sep06_1/86-20190903173800-snapshot.jpg
2,1,20190903,173830,59,2,1886,101,1920,151,Sep06_1/86-20190903173830-snapshot.jpg
2,1,20190903,173900,59,2,1885,101,1920,152,Sep06_1/86-20190903173900-snapshot.jpg
2,1,20190903,173930,50,2,1885,98,1920,152,Sep06_1/86-20190903173930-snapshot.jpg
2,1,20190903,174000,55,2,1886,101,1920,152,Sep06_1/86-20190903174000-snapshot.jpg
2,1,20190903,174000,88,2,214,593,323,658,Sep06_1/86-20190903174000-snapshot.jpg
2,1,20190903,174030,57,2,1885,101,1920,152,Sep06_1/86-20190903174030-snapshot.jpg
2,1,20190903,174100,57,2,1886,101,1920,153,Sep06_1/86-20190903174100-snapshot.jpg
2,1,20190903,174130,59,2,1884,102,1920,152,Sep06_1/86-20190903174130-snapshot.jpg
2,1,20190903,174200,64,2,1883,102,1920,153,Sep06_1/86-20190903174200-snapshot.jpg
2,1,20190903,174230,65,2,1886,101,1920,151,Sep06_1/86-20190903174230-snapshot.jpg
2,1,20190903,174300,55,2,1887,102,1920,151,Sep06_1/86-20190903174300-snapshot.jpg
2,1,20190903,174330,40,2,1887,103,1920,149,Sep06_1/86-20190903174330-snapshot.jpg
2,1,20190903,174500,41,2,1887,101,1920,150,Sep06_1/86-20190903174500-snapshot.jpg
2,1,20190903,174500,73,2,1887,594,1920,668,Sep06_1/86-20190903174500-snapshot.jpg
2,1,20190903,174600,39,2,1888,99,1920,148,Sep06_1/86-20190903174600-snapshot.jpg
2,1,20190903,174630,29,2,1887,102,1920,150,Sep06_1/86-20190903174630-snapshot.jpg
2,1,20190903,174700,32,2,1888,102,1920,149,Sep06_1/86-20190903174700-snapshot.jpg
2,1,20190903,174730,42,2,1886,100,1920,151,Sep06_1/86-20190903174730-snapshot.jpg
2,1,20190903,174830,33,2,1885,102,1920,151,Sep06_1/86-20190903174830-snapshot.jpg
2,1,20190903,174900,51,2,1887,101,1920,149,Sep06_1/86-20190903174900-snapshot.jpg
2,1,20190903,174930,64,2,1885,100,1920,150,Sep06_1/86-20190903174930-snapshot.jpg
2,1,20190903,175030,58,2,1886,101,1920,150,Sep06_1/86-20190903175030-snapshot.jpg
2,1,20190903,175100,63,2,1886,100,1920,151,Sep06_1/86-20190903175100-snapshot.jpg
2,1,20190903,175130,57,2,1886,102,1920,151,Sep06_1/86-20190903175130-snapshot.jpg
2,1,20190903,175200,62,2,1886,102,1920,151,Sep06_1/86-20190903175200-snapshot.jpg
2,1,20190903,175230,53,2,1887,101,1920,151,Sep06_1/86-20190903175230-snapshot.jpg
2,1,20190903,175300,59,2,1887,100,1920,150,Sep06_1/86-20190903175300-snapshot.jpg
2,1,20190903,175330,64,2,1886,101,1920,150,Sep06_1/86-20190903175330-snapshot.jpg
2,1,20190903,175330,80,2,0,756,58,814,Sep06_1/86-20190903175330-snapshot.jpg
2,1,20190903,175400,87,2,1440,314,1540,398,Sep06_1/86-20190903175400-snapshot.jpg
2,1,20190903,175430,48,2,1888,103,1920,148,Sep06_1/86-20190903175430-snapshot.jpg
2,1,20190903,175500,56,2,1888,100,1920,149,Sep06_1/86-20190903175500-snapshot.jpg
2,1,20190903,175530,33,2,1889,102,1920,148,Sep06_1/86-20190903175530-snapshot.jpg
2,1,20190903,175600,65,2,1886,103,1920,150,Sep06_1/86-20190903175600-snapshot.jpg
2,1,20190903,175630,58,2,1885,101,1920,152,Sep06_1/86-20190903175630-snapshot.jpg
2,1,20190903,175700,57,2,1886,102,1920,150,Sep06_1/86-20190903175700-snapshot.jpg
2,1,20190903,175730,51,2,1887,103,1920,150,Sep06_1/86-20190903175730-snapshot.jpg
2,1,20190903,175830,48,2,1889,102,1920,149,Sep06_1/86-20190903175830-snapshot.jpg
2,1,20190903,175930,57,2,1887,103,1920,148,Sep06_1/86-20190903175930-snapshot.jpg
2,1,20190903,180000,37,2,1888,103,1920,148,Sep06_1/86-20190903180000-snapshot.jpg
2,1,20190903,180030,55,2,1887,101,1920,148,Sep06_1/86-20190903180030-snapshot.jpg
2,1,20190903,180100,53,2,1888,103,1920,149,Sep06_1/86-20190903180100-snapshot.jpg
2,1,20190903,180130,62,2,1887,105,1920,149,Sep06_1/86-20190903180130-snapshot.jpg
2,1,20190903,180200,59,2,1888,102,1920,149,Sep06_1/86-20190903180200-snapshot.jpg
2,1,20190903,180230,33,2,1888,102,1920,149,Sep06_1/86-20190903180230-snapshot.jpg
2,1,20190903,180300,44,2,1889,104,1920,148,Sep06_1/86-20190903180300-snapshot.jpg
2,1,20190903,180400,56,2,1888,102,1920,149,Sep06_1/86-20190903180400-snapshot.jpg
2,1,20190903,180430,34,2,1890,100,1920,148,Sep06_1/86-20190903180430-snapshot.jpg
2,1,20190903,180500,50,2,1889,104,1920,150,Sep06_1/86-20190903180500-snapshot.jpg
2,1,20190903,180600,61,2,1888,102,1920,148,Sep06_1/86-20190903180600-snapshot.jpg
2,1,20190903,180630,38,2,1890,101,1920,148,Sep06_1/86-20190903180630-snapshot.jpg
2,1,20190903,180700,39,2,1889,102,1920,148,Sep06_1/86-20190903180700-snapshot.jpg
2,1,20190903,180800,52,2,1889,102,1920,148,Sep06_1/86-20190903180800-snapshot.jpg
2,1,20190903,180900,32,2,1889,103,1920,147,Sep06_1/86-20190903180900-snapshot.jpg
2,1,20190903,180930,39,2,1889,104,1920,148,Sep06_1/86-20190903180930-snapshot.jpg
2,1,20190903,181000,42,2,1889,103,1920,149,Sep06_1/86-20190903181000-snapshot.jpg
2,1,20190903,181030,35,2,1890,103,1920,149,Sep06_1/86-20190903181030-snapshot.jpg
2,1,20190903,181100,48,2,1888,103,1920,149,Sep06_1/86-20190903181100-snapshot.jpg
2,1,20190903,181130,26,2,1890,102,1920,148,Sep06_1/86-20190903181130-snapshot.jpg
2,1,20190903,181200,25,2,1892,104,1920,148,Sep06_1/86-20190903181200-snapshot.jpg
2,1,20190903,181230,48,2,1889,101,1920,149,Sep06_1/86-20190903181230-snapshot.jpg
2,1,20190903,181300,37,2,1890,102,1920,149,Sep06_1/86-20190903181300-snapshot.jpg
2,1,20190903,181330,42,2,1889,105,1920,150,Sep06_1/86-20190903181330-snapshot.jpg
2,1,20190903,181400,46,2,1890,105,1920,148,Sep06_1/86-20190903181400-snapshot.jpg
2,1,20190903,181730,26,2,1891,104,1920,147,Sep06_1/86-20190903181730-snapshot.jpg
2,1,20190903,181800,39,2,1890,103,1920,148,Sep06_1/86-20190903181800-snapshot.jpg
2,1,20190903,181830,26,2,857,35,914,90,Sep06_1/86-20190903181830-snapshot.jpg
2,1,20190903,181900,83,2,267,986,327,1066,Sep06_1/86-20190903181900-snapshot.jpg
2,1,20190903,181930,36,2,1890,102,1920,148,Sep06_1/86-20190903181930-snapshot.jpg
2,1,20190903,182000,40,2,1889,103,1920,148,Sep06_1/86-20190903182000-snapshot.jpg
2,1,20190903,182000,82,2,1756,920,1838,969,Sep06_1/86-20190903182000-snapshot.jpg
2,1,20190903,182030,86,2,239,100,302,181,Sep06_1/86-20190903182030-snapshot.jpg
2,1,20190903,182100,44,2,1890,104,1920,147,Sep06_1/86-20190903182100-snapshot.jpg
2,1,20190903,182200,29,2,1891,105,1920,148,Sep06_1/86-20190903182200-snapshot.jpg
2,1,20190903,182230,32,2,1891,102,1920,148,Sep06_1/86-20190903182230-snapshot.jpg
2,1,20190903,182300,34,2,1891,102,1920,148,Sep06_1/86-20190903182300-snapshot.jpg
2,1,20190903,182300,86,2,111,315,190,405,Sep06_1/86-20190903182300-snapshot.jpg
2,1,20190903,182400,57,2,1888,104,1920,149,Sep06_1/86-20190903182400-snapshot.jpg
2,1,20190903,182700,59,2,1888,99,1920,149,Sep06_1/86-20190903182700-snapshot.jpg
2,1,20190903,183130,51,2,1888,102,1920,149,Sep06_1/86-20190903183130-snapshot.jpg
2,1,20190903,184030,48,2,1888,100,1920,148,Sep06_1/86-20190903184030-snapshot.jpg
2,1,20190903,184100,26,2,1890,97,1920,149,Sep06_1/86-20190903184100-snapshot.jpg
2,1,20190903,190300,41,2,1889,100,1920,150,Sep06_1/86-20190903190300-snapshot.jpg
2,1,20190903,190330,55,2,1886,97,1920,149,Sep06_1/86-20190903190330-snapshot.jpg
2,1,20190903,190400,56,2,1885,92,1920,149,Sep06_1/86-20190903190400-snapshot.jpg
2,1,20190903,190430,54,2,1887,92,1920,151,Sep06_1/86-20190903190430-snapshot.jpg
2,1,20190903,190500,58,2,1885,93,1920,149,Sep06_1/86-20190903190500-snapshot.jpg
2,1,20190903,190530,44,2,1886,94,1920,149,Sep06_1/86-20190903190530-snapshot.jpg
2,1,20190903,190600,50,2,1885,94,1920,149,Sep06_1/86-20190903190600-snapshot.jpg
2,1,20190903,190800,35,2,1887,90,1920,150,Sep06_1/86-20190903190800-snapshot.jpg
2,1,20190903,190930,34,2,1886,96,1920,149,Sep06_1/86-20190903190930-snapshot.jpg
2,1,20190903,191000,26,2,1886,92,1920,149,Sep06_1/86-20190903191000-snapshot.jpg
2,1,20190903,191030,53,2,1885,93,1920,148,Sep06_1/86-20190903191030-snapshot.jpg
2,1,20190903,191100,31,2,1888,91,1920,149,Sep06_1/86-20190903191100-snapshot.jpg
2,1,20190903,191300,47,2,1888,95,1920,149,Sep06_1/86-20190903191300-snapshot.jpg
2,1,20190903,191330,46,2,1887,94,1920,148,Sep06_1/86-20190903191330-snapshot.jpg
2,1,20190903,191400,50,2,1888,94,1920,148,Sep06_1/86-20190903191400-snapshot.jpg
2,1,20190903,191430,54,2,1888,98,1920,149,Sep06_1/86-20190903191430-snapshot.jpg
2,1,20190903,191500,60,2,1888,99,1920,148,Sep06_1/86-20190903191500-snapshot.jpg
2,1,20190903,191530,49,2,1887,99,1920,148,Sep06_1/86-20190903191530-snapshot.jpg
2,1,20190903,191600,68,2,1886,100,1920,149,Sep06_1/86-20190903191600-snapshot.jpg
2,1,20190903,191630,67,2,1886,100,1920,149,Sep06_1/86-20190903191630-snapshot.jpg
2,1,20190903,191700,65,2,1886,101,1920,151,Sep06_1/86-20190903191700-snapshot.jpg
2,1,20190903,191730,67,2,1886,100,1920,150,Sep06_1/86-20190903191730-snapshot.jpg
2,1,20190903,191800,67,2,1884,98,1920,150,Sep06_1/86-20190903191800-snapshot.jpg
2,1,20190903,191830,65,2,1886,101,1920,150,Sep06_1/86-20190903191830-snapshot.jpg
2,1,20190903,191900,63,2,1886,99,1920,150,Sep06_1/86-20190903191900-snapshot.jpg
2,1,20190903,191930,60,2,1887,100,1920,150,Sep06_1/86-20190903191930-snapshot.jpg
2,1,20190903,191930,77,8,1761,41,1842,118,Sep06_1/86-20190903191930-snapshot.jpg
2,1,20190903,192000,64,2,1886,101,1920,152,Sep06_1/86-20190903192000-snapshot.jpg
2,1,20190903,192030,60,2,1886,101,1920,153,Sep06_1/86-20190903192030-snapshot.jpg
2,1,20190903,192100,66,2,1885,99,1920,152,Sep06_1/86-20190903192100-snapshot.jpg
2,1,20190903,192130,61,2,1886,101,1920,152,Sep06_1/86-20190903192130-snapshot.jpg
2,1,20190903,192200,62,2,1886,102,1920,152,Sep06_1/86-20190903192200-snapshot.jpg
2,1,20190903,192230,62,2,1885,100,1920,151,Sep06_1/86-20190903192230-snapshot.jpg
2,1,20190903,192300,62,2,1885,100,1920,151,Sep06_1/86-20190903192300-snapshot.jpg
2,1,20190903,192330,61,2,1885,100,1920,153,Sep06_1/86-20190903192330-snapshot.jpg
2,1,20190903,192400,64,2,1886,100,1920,151,Sep06_1/86-20190903192400-snapshot.jpg
2,1,20190903,192430,67,2,1885,99,1920,151,Sep06_1/86-20190903192430-snapshot.jpg
2,1,20190903,192500,67,2,1886,100,1920,151,Sep06_1/86-20190903192500-snapshot.jpg
2,1,20190903,192530,64,2,1886,100,1920,151,Sep06_1/86-20190903192530-snapshot.jpg
2,1,20190903,192600,68,2,1885,99,1920,150,Sep06_1/86-20190903192600-snapshot.jpg
2,1,20190903,192630,65,2,1886,100,1920,151,Sep06_1/86-20190903192630-snapshot.jpg
2,1,20190903,192700,67,2,1886,99,1920,150,Sep06_1/86-20190903192700-snapshot.jpg
2,1,20190903,192730,65,2,1887,100,1920,150,Sep06_1/86-20190903192730-snapshot.jpg
2,1,20190903,192800,69,2,1886,98,1920,151,Sep06_1/86-20190903192800-snapshot.jpg
2,1,20190903,192830,51,2,1885,99,1920,150,Sep06_1/86-20190903192830-snapshot.jpg
2,1,20190903,192900,55,2,1888,99,1920,149,Sep06_1/86-20190903192900-snapshot.jpg
2,1,20190903,192930,70,2,1884,98,1920,150,Sep06_1/86-20190903192930-snapshot.jpg
2,1,20190903,193000,69,2,1886,99,1920,150,Sep06_1/86-20190903193000-snapshot.jpg
2,1,20190903,193030,67,2,1886,99,1920,150,Sep06_1/86-20190903193030-snapshot.jpg
2,1,20190903,193100,56,2,1887,100,1920,150,Sep06_1/86-20190903193100-snapshot.jpg
2,1,20190903,193130,67,2,1886,100,1920,150,Sep06_1/86-20190903193130-snapshot.jpg
2,1,20190903,193200,51,2,1887,100,1920,149,Sep06_1/86-20190903193200-snapshot.jpg
2,1,20190903,193230,58,2,1888,100,1920,149,Sep06_1/86-20190903193230-snapshot.jpg
2,1,20190903,193300,58,2,1887,99,1920,149,Sep06_1/86-20190903193300-snapshot.jpg
2,1,20190903,193330,58,2,1888,99,1920,148,Sep06_1/86-20190903193330-snapshot.jpg
2,1,20190903,193400,67,2,1887,101,1920,149,Sep06_1/86-20190903193400-snapshot.jpg
2,1,20190903,193430,60,2,1887,100,1920,149,Sep06_1/86-20190903193430-snapshot.jpg
2,1,20190903,193500,61,2,1887,100,1920,149,Sep06_1/86-20190903193500-snapshot.jpg
2,1,20190903,193530,61,2,1886,97,1920,149,Sep06_1/86-20190903193530-snapshot.jpg
2,1,20190903,193600,63,2,1887,99,1920,148,Sep06_1/86-20190903193600-snapshot.jpg
2,1,20190903,193630,70,2,1886,100,1920,150,Sep06_1/86-20190903193630-snapshot.jpg
2,1,20190903,193700,66,2,1886,98,1920,149,Sep06_1/86-20190903193700-snapshot.jpg
2,1,20190903,193730,54,2,1888,99,1920,149,Sep06_1/86-20190903193730-snapshot.jpg
2,1,20190903,193800,67,2,1886,99,1920,149,Sep06_1/86-20190903193800-snapshot.jpg
2,1,20190903,193830,59,2,1887,99,1920,149,Sep06_1/86-20190903193830-snapshot.jpg
2,1,20190903,193900,66,2,1886,101,1920,150,Sep06_1/86-20190903193900-snapshot.jpg
2,1,20190903,193930,68,2,1886,100,1920,150,Sep06_1/86-20190903193930-snapshot.jpg
2,1,20190903,194000,66,2,1887,99,1920,150,Sep06_1/86-20190903194000-snapshot.jpg
2,1,20190903,194030,63,2,1887,98,1920,150,Sep06_1/86-20190903194030-snapshot.jpg
2,1,20190903,194100,64,2,1887,98,1920,149,Sep06_1/86-20190903194100-snapshot.jpg
2,1,20190903,194130,61,2,1887,100,1920,150,Sep06_1/86-20190903194130-snapshot.jpg
2,1,20190903,194200,45,2,1889,98,1920,149,Sep06_1/86-20190903194200-snapshot.jpg
2,1,20190903,194230,64,2,1887,99,1920,149,Sep06_1/86-20190903194230-snapshot.jpg
2,1,20190903,194300,67,2,1886,100,1920,149,Sep06_1/86-20190903194300-snapshot.jpg
2,1,20190903,194330,56,2,1888,99,1920,150,Sep06_1/86-20190903194330-snapshot.jpg
2,1,20190903,194400,66,2,1887,100,1920,149,Sep06_1/86-20190903194400-snapshot.jpg
2,1,20190903,194430,65,2,1887,101,1920,149,Sep06_1/86-20190903194430-snapshot.jpg
2,1,20190903,194500,66,2,1886,98,1920,149,Sep06_1/86-20190903194500-snapshot.jpg
2,1,20190903,194530,59,2,1887,99,1920,149,Sep06_1/86-20190903194530-snapshot.jpg
2,1,20190903,194600,67,2,1886,100,1920,150,Sep06_1/86-20190903194600-snapshot.jpg
2,1,20190903,194630,62,2,1887,100,1920,150,Sep06_1/86-20190903194630-snapshot.jpg
2,1,20190903,194700,48,2,1887,100,1920,150,Sep06_1/86-20190903194700-snapshot.jpg
2,1,20190903,194730,65,2,1885,101,1920,150,Sep06_1/86-20190903194730-snapshot.jpg
2,1,20190903,194800,66,2,1886,99,1920,149,Sep06_1/86-20190903194800-snapshot.jpg
2,1,20190903,194830,60,2,1886,98,1920,148,Sep06_1/86-20190903194830-snapshot.jpg
2,1,20190903,194900,58,2,1887,99,1920,149,Sep06_1/86-20190903194900-snapshot.jpg
2,1,20190903,194930,65,2,1886,98,1920,149,Sep06_1/86-20190903194930-snapshot.jpg
2,1,20190903,195000,61,2,1886,98,1920,149,Sep06_1/86-20190903195000-snapshot.jpg
2,1,20190903,195030,55,2,1887,100,1920,151,Sep06_1/86-20190903195030-snapshot.jpg
2,1,20190903,195100,66,2,1886,99,1920,150,Sep06_1/86-20190903195100-snapshot.jpg
2,1,20190903,195130,66,2,1886,100,1920,150,Sep06_1/86-20190903195130-snapshot.jpg
2,1,20190903,195200,57,2,1887,99,1920,150,Sep06_1/86-20190903195200-snapshot.jpg
2,1,20190903,195230,66,2,1886,100,1920,150,Sep06_1/86-20190903195230-snapshot.jpg
2,1,20190903,195300,67,2,1886,99,1920,151,Sep06_1/86-20190903195300-snapshot.jpg
2,1,20190903,195330,67,2,1886,100,1920,150,Sep06_1/86-20190903195330-snapshot.jpg
2,1,20190903,195400,69,2,1885,100,1920,150,Sep06_1/86-20190903195400-snapshot.jpg
2,1,20190903,195430,61,2,1886,98,1920,151,Sep06_1/86-20190903195430-snapshot.jpg
2,1,20190903,195500,62,2,1887,100,1920,150,Sep06_1/86-20190903195500-snapshot.jpg
2,1,20190903,195530,65,2,1887,98,1920,150,Sep06_1/86-20190903195530-snapshot.jpg
2,1,20190903,195600,64,2,1887,98,1920,149,Sep06_1/86-20190903195600-snapshot.jpg
2,1,20190903,195630,66,2,1887,99,1920,152,Sep06_1/86-20190903195630-snapshot.jpg
2,1,20190903,195700,61,2,1887,97,1920,150,Sep06_1/86-20190903195700-snapshot.jpg
2,1,20190903,195730,64,2,1885,100,1920,151,Sep06_1/86-20190903195730-snapshot.jpg
2,1,20190903,195800,67,2,1885,99,1920,151,Sep06_1/86-20190903195800-snapshot.jpg
2,1,20190903,195830,65,2,1886,98,1920,150,Sep06_1/86-20190903195830-snapshot.jpg
2,1,20190903,195900,67,2,1886,99,1920,150,Sep06_1/86-20190903195900-snapshot.jpg
2,1,20190903,195930,66,2,1885,99,1920,152,Sep06_1/86-20190903195930-snapshot.jpg
2,1,20190903,200000,65,2,1886,98,1920,150,Sep06_1/86-20190903200000-snapshot.jpg
2,1,20190903,200030,60,2,1885,99,1920,151,Sep06_1/86-20190903200030-snapshot.jpg
2,1,20190903,200100,36,2,1887,97,1920,150,Sep06_1/86-20190903200100-snapshot.jpg
2,1,20190903,200130,40,6,1084,407,1161,459,Sep06_1/86-20190903200130-snapshot.jpg
2,1,20190903,200130,60,2,1884,96,1920,151,Sep06_1/86-20190903200130-snapshot.jpg
2,1,20190903,200200,59,2,1884,97,1920,151,Sep06_1/86-20190903200200-snapshot.jpg
2,1,20190903,200230,62,2,1885,96,1920,150,Sep06_1/86-20190903200230-snapshot.jpg
2,1,20190903,200300,57,2,1885,98,1920,151,Sep06_1/86-20190903200300-snapshot.jpg
2,1,20190903,200330,48,2,1886,96,1920,150,Sep06_1/86-20190903200330-snapshot.jpg
2,1,20190903,200400,57,2,1886,97,1920,151,Sep06_1/86-20190903200400-snapshot.jpg
2,1,20190903,200430,62,2,1885,99,1920,151,Sep06_1/86-20190903200430-snapshot.jpg
2,1,20190903,200500,63,2,1885,99,1920,152,Sep06_1/86-20190903200500-snapshot.jpg
2,1,20190903,200530,58,2,1884,97,1920,151,Sep06_1/86-20190903200530-snapshot.jpg
2,1,20190903,200600,62,2,1885,96,1920,149,Sep06_1/86-20190903200600-snapshot.jpg
2,1,20190903,200630,60,2,1885,96,1920,152,Sep06_1/86-20190903200630-snapshot.jpg
2,1,20190903,200700,43,2,1883,95,1920,151,Sep06_1/86-20190903200700-snapshot.jpg
2,1,20190903,200800,59,2,1883,96,1920,153,Sep06_1/86-20190903200800-snapshot.jpg
2,1,20190903,200830,53,2,1885,97,1920,153,Sep06_1/86-20190903200830-snapshot.jpg
2,1,20190903,200900,34,2,1883,94,1920,153,Sep06_1/86-20190903200900-snapshot.jpg
2,1,20190903,200930,62,2,1884,96,1920,153,Sep06_1/86-20190903200930-snapshot.jpg
2,1,20190903,201030,49,2,1883,96,1920,152,Sep06_1/86-20190903201030-snapshot.jpg
2,1,20190903,201130,48,2,1883,97,1920,152,Sep06_1/86-20190903201130-snapshot.jpg
2,1,20190903,201200,34,2,1885,98,1920,153,Sep06_1/86-20190903201200-snapshot.jpg
2,1,20190903,201330,42,2,1883,97,1920,152,Sep06_1/86-20190903201330-snapshot.jpg
2,1,20190903,201500,38,2,1882,95,1920,153,Sep06_1/86-20190903201500-snapshot.jpg
2,1,20190903,201600,35,2,1879,94,1920,154,Sep06_1/86-20190903201600-snapshot.jpg
2,1,20190903,201630,27,2,1883,95,1920,153,Sep06_1/86-20190903201630-snapshot.jpg
2,1,20190903,201700,41,2,1884,98,1920,154,Sep06_1/86-20190903201700-snapshot.jpg
2,1,20190903,201730,44,2,1883,97,1920,153,Sep06_1/86-20190903201730-snapshot.jpg
2,1,20190903,201900,41,2,1882,96,1920,154,Sep06_1/86-20190903201900-snapshot.jpg
2,1,20190903,201930,54,2,1881,95,1920,154,Sep06_1/86-20190903201930-snapshot.jpg
2,1,20190903,202100,36,2,1883,94,1920,153,Sep06_1/86-20190903202100-snapshot.jpg
2,1,20190903,202130,48,2,1880,97,1920,155,Sep06_1/86-20190903202130-snapshot.jpg
2,1,20190903,202330,27,2,1883,95,1920,154,Sep06_1/86-20190903202330-snapshot.jpg
2,1,20190903,202400,27,2,1880,93,1920,154,Sep06_1/86-20190903202400-snapshot.jpg
2,1,20190903,202530,42,2,1881,95,1920,153,Sep06_1/86-20190903202530-snapshot.jpg
2,1,20190903,202630,29,2,1879,95,1920,158,Sep06_1/86-20190903202630-snapshot.jpg
2,1,20190903,203330,31,2,1883,102,1920,169,Sep06_1/86-20190903203330-snapshot.jpg
2,1,20190904,060930,36,2,1883,105,1920,173,Sep06_1/89-20190904060930-snapshot.jpg
2,1,20190904,061000,41,2,1879,104,1920,171,Sep06_1/89-20190904061000-snapshot.jpg
2,1,20190904,061130,49,2,1881,105,1920,171,Sep06_1/89-20190904061130-snapshot.jpg
2,1,20190904,061300,43,2,1881,104,1920,166,Sep06_1/89-20190904061300-snapshot.jpg
2,1,20190904,061400,28,2,1878,101,1920,167,Sep06_1/89-20190904061400-snapshot.jpg
2,1,20190904,061530,26,2,1878,96,1920,160,Sep06_1/89-20190904061530-snapshot.jpg
2,1,20190904,061700,31,2,1880,100,1920,161,Sep06_1/89-20190904061700-snapshot.jpg
2,1,20190904,061830,33,2,1879,100,1920,164,Sep06_1/89-20190904061830-snapshot.jpg
2,1,20190904,061900,44,2,1877,99,1920,163,Sep06_1/89-20190904061900-snapshot.jpg
2,1,20190904,062100,30,2,1878,101,1920,167,Sep06_1/89-20190904062100-snapshot.jpg
2,1,20190904,062200,25,2,1878,101,1920,173,Sep06_1/89-20190904062200-snapshot.jpg
2,1,20190904,062230,27,2,1879,97,1920,163,Sep06_1/89-20190904062230-snapshot.jpg
2,1,20190904,062300,47,2,1881,104,1920,175,Sep06_1/89-20190904062300-snapshot.jpg
2,1,20190904,062330,28,2,1879,98,1920,164,Sep06_1/89-20190904062330-snapshot.jpg
2,1,20190904,062400,48,2,1880,103,1920,169,Sep06_1/89-20190904062400-snapshot.jpg
2,1,20190904,062430,50,2,1881,103,1920,168,Sep06_1/89-20190904062430-snapshot.jpg
2,1,20190904,062530,55,2,1881,103,1920,169,Sep06_1/89-20190904062530-snapshot.jpg
2,1,20190904,062600,35,2,1882,103,1920,171,Sep06_1/89-20190904062600-snapshot.jpg
2,1,20190904,062630,52,2,1883,105,1920,176,Sep06_1/89-20190904062630-snapshot.jpg
2,1,20190904,062700,38,2,1882,102,1920,169,Sep06_1/89-20190904062700-snapshot.jpg
2,1,20190904,062730,47,2,1883,103,1920,170,Sep06_1/89-20190904062730-snapshot.jpg
2,1,20190904,062800,54,2,1881,103,1920,167,Sep06_1/89-20190904062800-snapshot.jpg
2,1,20190904,062830,49,2,1884,102,1920,166,Sep06_1/89-20190904062830-snapshot.jpg
2,1,20190904,062900,46,2,1879,98,1920,162,Sep06_1/89-20190904062900-snapshot.jpg
2,1,20190904,062930,36,2,1884,102,1920,166,Sep06_1/89-20190904062930-snapshot.jpg
2,1,20190904,063000,32,2,1883,102,1920,166,Sep06_1/89-20190904063000-snapshot.jpg
2,1,20190904,063030,37,2,1882,97,1920,159,Sep06_1/89-20190904063030-snapshot.jpg
2,1,20190904,063100,36,2,1884,102,1920,167,Sep06_1/89-20190904063100-snapshot.jpg
2,1,20190904,063130,49,2,1880,97,1920,158,Sep06_1/89-20190904063130-snapshot.jpg
2,1,20190904,063200,54,2,1882,103,1920,166,Sep06_1/89-20190904063200-snapshot.jpg
2,1,20190904,063230,38,2,1884,102,1920,166,Sep06_1/89-20190904063230-snapshot.jpg
2,1,20190904,063300,35,2,1879,98,1920,162,Sep06_1/89-20190904063300-snapshot.jpg
2,1,20190904,063330,42,2,1882,97,1920,159,Sep06_1/89-20190904063330-snapshot.jpg
2,1,20190904,063400,32,2,1882,97,1920,161,Sep06_1/89-20190904063400-snapshot.jpg
2,1,20190904,063430,52,2,1881,97,1920,158,Sep06_1/89-20190904063430-snapshot.jpg
2,1,20190904,063500,38,2,1885,103,1920,166,Sep06_1/89-20190904063500-snapshot.jpg
2,1,20190904,063530,49,2,1883,102,1920,166,Sep06_1/89-20190904063530-snapshot.jpg
2,1,20190904,063600,47,2,1884,101,1920,166,Sep06_1/89-20190904063600-snapshot.jpg
2,1,20190904,063630,41,2,1882,96,1920,159,Sep06_1/89-20190904063630-snapshot.jpg
2,1,20190904,063700,38,2,1885,101,1920,167,Sep06_1/89-20190904063700-snapshot.jpg
2,1,20190904,063730,48,2,1882,102,1920,163,Sep06_1/89-20190904063730-snapshot.jpg
2,1,20190904,063800,41,2,1881,98,1920,158,Sep06_1/89-20190904063800-snapshot.jpg
2,1,20190904,063830,39,2,1882,98,1920,158,Sep06_1/89-20190904063830-snapshot.jpg
2,1,20190904,063900,28,2,1884,103,1920,167,Sep06_1/89-20190904063900-snapshot.jpg
2,1,20190904,063930,54,2,1882,104,1920,166,Sep06_1/89-20190904063930-snapshot.jpg
2,1,20190904,064000,50,2,1882,102,1920,165,Sep06_1/89-20190904064000-snapshot.jpg
2,1,20190904,064030,43,2,1885,103,1920,165,Sep06_1/89-20190904064030-snapshot.jpg
2,1,20190904,064100,31,2,1883,97,1920,162,Sep06_1/89-20190904064100-snapshot.jpg
2,1,20190904,064130,36,2,1885,102,1920,164,Sep06_1/89-20190904064130-snapshot.jpg
2,1,20190904,064200,57,2,1883,103,1920,167,Sep06_1/89-20190904064200-snapshot.jpg
2,1,20190904,064230,53,2,1883,102,1920,170,Sep06_1/89-20190904064230-snapshot.jpg
2,1,20190904,064300,60,2,1885,104,1920,171,Sep06_1/89-20190904064300-snapshot.jpg
2,1,20190904,064330,59,2,1884,103,1920,167,Sep06_1/89-20190904064330-snapshot.jpg
2,1,20190904,064400,37,2,1882,101,1920,166,Sep06_1/89-20190904064400-snapshot.jpg
2,1,20190904,064430,52,2,1884,104,1920,167,Sep06_1/89-20190904064430-snapshot.jpg
2,1,20190904,064500,55,2,1883,103,1920,166,Sep06_1/89-20190904064500-snapshot.jpg
2,1,20190904,064530,39,2,1883,97,1920,158,Sep06_1/89-20190904064530-snapshot.jpg
2,1,20190904,064600,61,2,1883,105,1920,164,Sep06_1/89-20190904064600-snapshot.jpg
2,1,20190904,064630,45,2,1885,103,1920,166,Sep06_1/89-20190904064630-snapshot.jpg
2,1,20190904,064700,57,2,1884,104,1920,163,Sep06_1/89-20190904064700-snapshot.jpg
2,1,20190904,064730,44,2,1884,103,1920,163,Sep06_1/89-20190904064730-snapshot.jpg
2,1,20190904,064800,53,2,1884,103,1920,164,Sep06_1/89-20190904064800-snapshot.jpg
2,1,20190904,064830,50,2,1885,104,1920,169,Sep06_1/89-20190904064830-snapshot.jpg
2,1,20190904,064900,48,2,1884,103,1920,163,Sep06_1/89-20190904064900-snapshot.jpg
2,1,20190904,064930,63,2,1883,105,1920,165,Sep06_1/89-20190904064930-snapshot.jpg
2,1,20190904,065000,62,2,1884,104,1920,166,Sep06_1/89-20190904065000-snapshot.jpg
2,1,20190904,065100,37,2,1884,103,1920,165,Sep06_1/89-20190904065100-snapshot.jpg
2,1,20190904,065130,57,2,1885,104,1920,166,Sep06_1/89-20190904065130-snapshot.jpg
2,1,20190904,065200,60,2,1884,104,1920,168,Sep06_1/89-20190904065200-snapshot.jpg
2,1,20190904,065230,57,2,1880,105,1920,161,Sep06_1/89-20190904065230-snapshot.jpg
2,1,20190904,065300,60,2,1884,104,1920,162,Sep06_1/89-20190904065300-snapshot.jpg
2,1,20190904,065330,61,2,1885,105,1920,165,Sep06_1/89-20190904065330-snapshot.jpg
2,1,20190904,065400,46,2,1885,105,1920,164,Sep06_1/89-20190904065400-snapshot.jpg
2,1,20190904,065430,65,2,1884,106,1920,165,Sep06_1/89-20190904065430-snapshot.jpg
2,1,20190904,065500,57,2,1884,105,1920,164,Sep06_1/89-20190904065500-snapshot.jpg
2,1,20190904,065500,75,2,820,527,890,590,Sep06_1/89-20190904065500-snapshot.jpg
2,1,20190904,065530,56,2,1885,104,1920,164,Sep06_1/89-20190904065530-snapshot.jpg
2,1,20190904,065600,56,2,1883,104,1920,163,Sep06_1/89-20190904065600-snapshot.jpg
2,1,20190904,065630,63,2,1884,106,1920,162,Sep06_1/89-20190904065630-snapshot.jpg
2,1,20190904,065700,63,2,1884,106,1920,160,Sep06_1/89-20190904065700-snapshot.jpg
2,1,20190904,065730,65,2,1884,105,1920,163,Sep06_1/89-20190904065730-snapshot.jpg
2,1,20190904,065800,59,2,1884,106,1920,162,Sep06_1/89-20190904065800-snapshot.jpg
2,1,20190904,065830,58,2,1886,106,1920,160,Sep06_1/89-20190904065830-snapshot.jpg
2,1,20190904,065900,41,2,1885,105,1920,164,Sep06_1/89-20190904065900-snapshot.jpg
2,1,20190904,070000,58,2,1885,105,1920,166,Sep06_1/89-20190904070000-snapshot.jpg
2,1,20190904,070030,58,2,1884,105,1920,162,Sep06_1/89-20190904070030-snapshot.jpg
2,1,20190904,070100,58,2,1884,105,1920,162,Sep06_1/89-20190904070100-snapshot.jpg
2,1,20190904,070130,67,2,1884,106,1920,162,Sep06_1/89-20190904070130-snapshot.jpg
2,1,20190904,070200,62,2,1883,106,1920,164,Sep06_1/89-20190904070200-snapshot.jpg
2,1,20190904,070230,65,2,1884,106,1920,164,Sep06_1/89-20190904070230-snapshot.jpg
2,1,20190904,070300,54,2,1885,107,1920,163,Sep06_1/89-20190904070300-snapshot.jpg
2,1,20190904,070330,55,2,1885,106,1920,163,Sep06_1/89-20190904070330-snapshot.jpg
2,1,20190904,070400,58,2,1885,106,1920,161,Sep06_1/89-20190904070400-snapshot.jpg
2,1,20190904,070430,52,2,1884,106,1920,162,Sep06_1/89-20190904070430-snapshot.jpg
2,1,20190904,070500,38,2,832,556,904,616,Sep06_1/89-20190904070500-snapshot.jpg
2,1,20190904,070500,60,2,1884,107,1920,163,Sep06_1/89-20190904070500-snapshot.jpg
2,1,20190904,070530,38,2,1884,106,1920,161,Sep06_1/89-20190904070530-snapshot.jpg
2,1,20190904,070600,58,2,1884,106,1920,162,Sep06_1/89-20190904070600-snapshot.jpg
2,1,20190904,070630,48,2,1885,106,1920,164,Sep06_1/89-20190904070630-snapshot.jpg
2,1,20190904,070700,61,2,1885,106,1920,163,Sep06_1/89-20190904070700-snapshot.jpg
2,1,20190904,070730,61,2,1882,106,1920,162,Sep06_1/89-20190904070730-snapshot.jpg
2,1,20190904,070800,53,2,1884,106,1920,162,Sep06_1/89-20190904070800-snapshot.jpg
2,1,20190904,070830,33,2,1886,105,1920,163,Sep06_1/89-20190904070830-snapshot.jpg
2,1,20190904,070900,53,2,1884,105,1920,162,Sep06_1/89-20190904070900-snapshot.jpg
2,1,20190904,070930,61,2,1884,106,1920,161,Sep06_1/89-20190904070930-snapshot.jpg
2,1,20190904,071000,62,2,1883,106,1920,164,Sep06_1/89-20190904071000-snapshot.jpg
2,1,20190904,071030,61,2,1885,106,1920,161,Sep06_1/89-20190904071030-snapshot.jpg
2,1,20190904,071100,57,2,1883,106,1920,161,Sep06_1/89-20190904071100-snapshot.jpg
2,1,20190904,071130,57,2,1885,105,1920,160,Sep06_1/89-20190904071130-snapshot.jpg
2,1,20190904,071200,41,2,1885,105,1920,163,Sep06_1/89-20190904071200-snapshot.jpg
2,1,20190904,071230,60,2,1886,107,1920,163,Sep06_1/89-20190904071230-snapshot.jpg
2,1,20190904,071300,48,2,1885,105,1920,161,Sep06_1/89-20190904071300-snapshot.jpg
2,1,20190904,071330,50,2,1885,105,1920,163,Sep06_1/89-20190904071330-snapshot.jpg
2,1,20190904,071400,52,2,1884,106,1920,164,Sep06_1/89-20190904071400-snapshot.jpg
2,1,20190904,071430,50,2,1885,105,1920,163,Sep06_1/89-20190904071430-snapshot.jpg
2,1,20190904,071500,41,2,1885,105,1920,164,Sep06_1/89-20190904071500-snapshot.jpg
2,1,20190904,071530,49,2,1885,106,1920,165,Sep06_1/89-20190904071530-snapshot.jpg
2,1,20190904,071600,48,2,1883,106,1920,161,Sep06_1/89-20190904071600-snapshot.jpg
2,1,20190904,071630,48,2,1083,609,1137,671,Sep06_1/89-20190904071630-snapshot.jpg
2,1,20190904,071630,54,2,1884,105,1920,160,Sep06_1/89-20190904071630-snapshot.jpg
2,1,20190904,071700,47,2,1886,105,1920,164,Sep06_1/89-20190904071700-snapshot.jpg
2,1,20190904,071730,49,2,1885,104,1920,161,Sep06_1/89-20190904071730-snapshot.jpg
2,1,20190904,071800,59,2,1884,105,1920,160,Sep06_1/89-20190904071800-snapshot.jpg
2,1,20190904,071830,53,2,1884,105,1920,162,Sep06_1/89-20190904071830-snapshot.jpg
2,1,20190904,071900,49,2,1885,105,1920,161,Sep06_1/89-20190904071900-snapshot.jpg
2,1,20190904,071930,66,2,1885,106,1920,166,Sep06_1/89-20190904071930-snapshot.jpg
2,1,20190904,072000,54,2,1884,104,1920,162,Sep06_1/89-20190904072000-snapshot.jpg
2,1,20190904,072030,50,2,1884,105,1920,162,Sep06_1/89-20190904072030-snapshot.jpg
2,1,20190904,072100,34,2,997,671,1075,719,Sep06_1/89-20190904072100-snapshot.jpg
2,1,20190904,072100,49,2,1884,106,1920,160,Sep06_1/89-20190904072100-snapshot.jpg
2,1,20190904,072130,54,2,1885,105,1920,162,Sep06_1/89-20190904072130-snapshot.jpg
2,1,20190904,072200,64,2,1883,106,1920,160,Sep06_1/89-20190904072200-snapshot.jpg
2,1,20190904,072230,62,2,1886,105,1920,165,Sep06_1/89-20190904072230-snapshot.jpg
2,1,20190904,072300,63,2,1884,106,1920,162,Sep06_1/89-20190904072300-snapshot.jpg
2,1,20190904,072330,48,2,1884,106,1920,164,Sep06_1/89-20190904072330-snapshot.jpg
2,1,20190904,072400,55,2,1884,107,1920,164,Sep06_1/89-20190904072400-snapshot.jpg
2,1,20190904,072430,46,2,1885,106,1920,166,Sep06_1/89-20190904072430-snapshot.jpg
2,1,20190904,072500,54,2,1883,108,1920,162,Sep06_1/89-20190904072500-snapshot.jpg
2,1,20190904,072530,55,2,1883,106,1920,164,Sep06_1/89-20190904072530-snapshot.jpg
2,1,20190904,072600,65,2,1884,108,1920,168,Sep06_1/89-20190904072600-snapshot.jpg
2,1,20190904,072630,52,2,1885,107,1920,165,Sep06_1/89-20190904072630-snapshot.jpg
2,1,20190904,072700,63,2,1885,107,1920,166,Sep06_1/89-20190904072700-snapshot.jpg
2,1,20190904,072730,30,2,1886,107,1920,166,Sep06_1/89-20190904072730-snapshot.jpg
2,1,20190904,072800,56,2,1885,107,1920,166,Sep06_1/89-20190904072800-snapshot.jpg
2,1,20190904,072830,48,2,1885,107,1920,168,Sep06_1/89-20190904072830-snapshot.jpg
2,1,20190904,072900,63,2,1884,106,1920,167,Sep06_1/89-20190904072900-snapshot.jpg
2,1,20190904,072930,49,2,1883,106,1920,162,Sep06_1/89-20190904072930-snapshot.jpg
2,1,20190904,073000,61,2,1886,107,1920,167,Sep06_1/89-20190904073000-snapshot.jpg
2,1,20190904,073030,54,2,1885,107,1920,167,Sep06_1/89-20190904073030-snapshot.jpg
2,1,20190904,073130,55,2,1884,107,1920,167,Sep06_1/89-20190904073130-snapshot.jpg
2,1,20190904,073200,54,2,1883,105,1920,162,Sep06_1/89-20190904073200-snapshot.jpg
2,1,20190904,073230,62,2,1884,107,1920,167,Sep06_1/89-20190904073230-snapshot.jpg
2,1,20190904,073300,62,2,1884,107,1920,167,Sep06_1/89-20190904073300-snapshot.jpg
2,1,20190904,073330,58,2,1884,107,1920,169,Sep06_1/89-20190904073330-snapshot.jpg
2,1,20190904,073400,60,2,1884,107,1920,168,Sep06_1/89-20190904073400-snapshot.jpg
2,1,20190904,073430,50,2,1885,107,1920,169,Sep06_1/89-20190904073430-snapshot.jpg
2,1,20190904,073500,25,2,1885,107,1920,165,Sep06_1/89-20190904073500-snapshot.jpg
2,1,20190904,073530,46,2,1886,107,1920,169,Sep06_1/89-20190904073530-snapshot.jpg
2,1,20190904,073600,44,2,1885,106,1920,163,Sep06_1/89-20190904073600-snapshot.jpg
2,1,20190904,073630,46,2,1885,108,1920,167,Sep06_1/89-20190904073630-snapshot.jpg
2,1,20190904,073730,44,2,1887,108,1920,165,Sep06_1/89-20190904073730-snapshot.jpg
2,1,20190904,073800,42,2,1887,107,1920,163,Sep06_1/89-20190904073800-snapshot.jpg
2,1,20190904,074000,28,2,1888,108,1920,164,Sep06_1/89-20190904074000-snapshot.jpg
2,1,20190904,074300,28,2,1887,108,1920,165,Sep06_1/89-20190904074300-snapshot.jpg
2,1,20190904,074430,37,2,1888,109,1920,165,Sep06_1/89-20190904074430-snapshot.jpg
2,1,20190904,074630,48,2,1887,108,1920,163,Sep06_1/89-20190904074630-snapshot.jpg
2,1,20190904,074700,37,2,1887,108,1920,161,Sep06_1/89-20190904074700-snapshot.jpg
2,1,20190904,074730,50,2,1886,108,1920,162,Sep06_1/89-20190904074730-snapshot.jpg
2,1,20190904,074800,26,2,1887,108,1920,164,Sep06_1/89-20190904074800-snapshot.jpg
2,1,20190904,075800,44,2,956,653,1038,695,Sep06_1/89-20190904075800-snapshot.jpg
2,1,20190904,075830,51,2,956,653,1039,696,Sep06_1/89-20190904075830-snapshot.jpg
2,1,20190904,075900,55,2,957,652,1038,695,Sep06_1/89-20190904075900-snapshot.jpg
2,1,20190904,075930,60,2,958,653,1038,696,Sep06_1/89-20190904075930-snapshot.jpg
2,1,20190904,080000,32,2,1889,109,1920,165,Sep06_1/89-20190904080000-snapshot.jpg
2,1,20190904,080000,49,2,955,653,1036,696,Sep06_1/89-20190904080000-snapshot.jpg
2,1,20190904,080030,29,2,1888,108,1920,161,Sep06_1/89-20190904080030-snapshot.jpg
2,1,20190904,080030,66,2,956,653,1037,696,Sep06_1/89-20190904080030-snapshot.jpg
2,1,20190904,080100,60,2,955,652,1037,696,Sep06_1/89-20190904080100-snapshot.jpg
2,1,20190904,080130,73,2,955,652,1036,696,Sep06_1/89-20190904080130-snapshot.jpg
2,1,20190904,080200,72,2,954,653,1036,697,Sep06_1/89-20190904080200-snapshot.jpg
2,1,20190904,080230,79,2,955,652,1036,696,Sep06_1/89-20190904080230-snapshot.jpg
2,1,20190904,080300,79,2,954,652,1036,696,Sep06_1/89-20190904080300-snapshot.jpg
2,1,20190904,080330,73,2,954,652,1036,696,Sep06_1/89-20190904080330-snapshot.jpg
2,1,20190904,080400,72,2,956,653,1035,695,Sep06_1/89-20190904080400-snapshot.jpg
2,1,20190904,080430,80,2,956,651,1037,696,Sep06_1/89-20190904080430-snapshot.jpg
2,1,20190904,080500,74,2,956,652,1036,695,Sep06_1/89-20190904080500-snapshot.jpg
2,1,20190904,080530,69,2,957,652,1036,694,Sep06_1/89-20190904080530-snapshot.jpg
2,1,20190904,080600,77,2,954,651,1036,695,Sep06_1/89-20190904080600-snapshot.jpg
2,1,20190904,080630,71,2,956,651,1037,696,Sep06_1/89-20190904080630-snapshot.jpg
2,1,20190904,080700,76,2,956,651,1036,696,Sep06_1/89-20190904080700-snapshot.jpg
2,1,20190904,080730,71,2,956,651,1036,696,Sep06_1/89-20190904080730-snapshot.jpg
2,1,20190904,081200,40,2,1886,107,1920,162,Sep06_1/89-20190904081200-snapshot.jpg
2,1,20190904,081230,44,2,1886,106,1920,161,Sep06_1/89-20190904081230-snapshot.jpg
2,1,20190904,081300,35,2,1887,107,1920,164,Sep06_1/89-20190904081300-snapshot.jpg
2,1,20190904,081330,40,2,1887,108,1920,164,Sep06_1/89-20190904081330-snapshot.jpg
2,1,20190904,081400,53,2,1886,107,1920,164,Sep06_1/89-20190904081400-snapshot.jpg
2,1,20190904,081430,33,2,1886,107,1920,162,Sep06_1/89-20190904081430-snapshot.jpg
2,1,20190904,081530,43,2,1887,106,1920,163,Sep06_1/89-20190904081530-snapshot.jpg
2,1,20190904,081530,59,2,1205,701,1253,759,Sep06_1/89-20190904081530-snapshot.jpg
2,1,20190904,081600,32,2,1885,101,1920,157,Sep06_1/89-20190904081600-snapshot.jpg
2,1,20190904,081630,44,2,1887,106,1920,161,Sep06_1/89-20190904081630-snapshot.jpg
2,1,20190904,081700,45,2,1886,107,1920,163,Sep06_1/89-20190904081700-snapshot.jpg
2,1,20190904,081730,38,2,1887,107,1920,165,Sep06_1/89-20190904081730-snapshot.jpg
2,1,20190904,081800,35,2,1888,106,1920,164,Sep06_1/89-20190904081800-snapshot.jpg
2,1,20190904,081900,32,2,1888,106,1920,164,Sep06_1/89-20190904081900-snapshot.jpg
2,1,20190904,081930,25,2,1886,103,1920,157,Sep06_1/89-20190904081930-snapshot.jpg
2,1,20190904,082030,29,2,1886,107,1920,164,Sep06_1/89-20190904082030-snapshot.jpg
2,1,20190904,082100,35,2,1885,102,1920,156,Sep06_1/89-20190904082100-snapshot.jpg
2,1,20190904,082130,29,2,1887,107,1920,165,Sep06_1/89-20190904082130-snapshot.jpg
2,1,20190904,082230,34,2,1887,107,1920,162,Sep06_1/89-20190904082230-snapshot.jpg
2,1,20190904,082330,29,2,1219,737,1266,798,Sep06_1/89-20190904082330-snapshot.jpg
2,1,20190904,082430,46,2,1887,107,1920,163,Sep06_1/89-20190904082430-snapshot.jpg
2,1,20190904,082500,36,2,1885,102,1920,155,Sep06_1/89-20190904082500-snapshot.jpg
2,1,20190904,082530,33,2,1886,101,1920,155,Sep06_1/89-20190904082530-snapshot.jpg
2,1,20190904,082600,25,2,1887,102,1920,156,Sep06_1/89-20190904082600-snapshot.jpg
2,1,20190904,082630,41,2,1885,102,1920,155,Sep06_1/89-20190904082630-snapshot.jpg
2,1,20190904,082700,34,2,1886,107,1920,161,Sep06_1/89-20190904082700-snapshot.jpg
2,1,20190904,082730,49,2,1886,106,1920,162,Sep06_1/89-20190904082730-snapshot.jpg
2,1,20190904,082800,27,2,1887,107,1920,164,Sep06_1/89-20190904082800-snapshot.jpg
2,1,20190904,082830,46,2,1886,105,1920,161,Sep06_1/89-20190904082830-snapshot.jpg
2,1,20190904,082900,27,2,1885,103,1920,157,Sep06_1/89-20190904082900-snapshot.jpg
2,1,20190904,082930,34,2,1887,106,1920,163,Sep06_1/89-20190904082930-snapshot.jpg
2,1,20190904,083000,28,2,1887,106,1920,166,Sep06_1/89-20190904083000-snapshot.jpg
2,1,20190904,083100,36,2,1887,106,1920,164,Sep06_1/89-20190904083100-snapshot.jpg
2,1,20190904,083130,26,2,1888,107,1920,166,Sep06_1/89-20190904083130-snapshot.jpg
2,1,20190904,083230,33,2,1887,106,1920,165,Sep06_1/89-20190904083230-snapshot.jpg
2,1,20190904,083330,32,2,1885,101,1920,154,Sep06_1/89-20190904083330-snapshot.jpg
2,1,20190904,083500,37,2,1887,106,1920,165,Sep06_1/89-20190904083500-snapshot.jpg
2,1,20190904,083630,26,2,1888,107,1920,167,Sep06_1/89-20190904083630-snapshot.jpg
2,1,20190904,084500,33,2,1886,103,1920,155,Sep06_1/89-20190904084500-snapshot.jpg
2,1,20190904,084600,30,2,1886,102,1920,155,Sep06_1/89-20190904084600-snapshot.jpg
2,1,20190904,084700,26,2,1886,101,1920,157,Sep06_1/89-20190904084700-snapshot.jpg
2,1,20190904,084800,29,2,1886,101,1920,157,Sep06_1/89-20190904084800-snapshot.jpg
2,1,20190904,085500,30,2,1887,107,1920,167,Sep06_1/89-20190904085500-snapshot.jpg
2,1,20190904,085530,26,2,1884,103,1920,157,Sep06_1/89-20190904085530-snapshot.jpg
2,1,20190904,085630,40,2,1885,106,1920,173,Sep06_1/89-20190904085630-snapshot.jpg
2,1,20190904,085700,26,2,1885,105,1920,170,Sep06_1/89-20190904085700-snapshot.jpg
2,1,20190904,085730,58,2,1883,106,1920,171,Sep06_1/89-20190904085730-snapshot.jpg
2,1,20190904,085800,50,2,1884,106,1920,173,Sep06_1/89-20190904085800-snapshot.jpg
2,1,20190904,085830,63,2,1883,107,1920,171,Sep06_1/89-20190904085830-snapshot.jpg
2,1,20190904,085930,57,2,1883,106,1920,172,Sep06_1/89-20190904085930-snapshot.jpg
2,1,20190904,090000,39,2,1885,106,1920,173,Sep06_1/89-20190904090000-snapshot.jpg
2,1,20190904,090030,50,2,1882,104,1920,169,Sep06_1/89-20190904090030-snapshot.jpg
2,1,20190904,090100,46,2,1883,104,1920,168,Sep06_1/89-20190904090100-snapshot.jpg
2,1,20190904,090130,61,2,1883,106,1920,171,Sep06_1/89-20190904090130-snapshot.jpg
2,1,20190904,090200,53,2,1883,106,1920,170,Sep06_1/89-20190904090200-snapshot.jpg
2,1,20190904,090230,52,2,1884,105,1920,172,Sep06_1/89-20190904090230-snapshot.jpg
2,1,20190904,090300,56,2,1882,105,1920,169,Sep06_1/89-20190904090300-snapshot.jpg
2,1,20190904,090330,42,2,1884,101,1920,158,Sep06_1/89-20190904090330-snapshot.jpg
2,1,20190904,090400,41,2,1884,101,1920,157,Sep06_1/89-20190904090400-snapshot.jpg
2,1,20190904,090430,36,2,1883,99,1920,157,Sep06_1/89-20190904090430-snapshot.jpg
2,1,20190904,090600,51,2,1884,108,1920,164,Sep06_1/89-20190904090600-snapshot.jpg
2,1,20190904,090630,30,2,1885,104,1920,155,Sep06_1/89-20190904090630-snapshot.jpg
2,1,20190904,090700,28,2,1884,104,1920,156,Sep06_1/89-20190904090700-snapshot.jpg
2,1,20190904,090800,37,2,1884,103,1920,155,Sep06_1/89-20190904090800-snapshot.jpg
2,1,20190904,090900,32,2,1885,102,1920,156,Sep06_1/89-20190904090900-snapshot.jpg
2,1,20190904,090930,36,2,1887,106,1920,164,Sep06_1/89-20190904090930-snapshot.jpg
2,1,20190904,091000,36,2,1885,103,1920,155,Sep06_1/89-20190904091000-snapshot.jpg
2,1,20190904,091030,27,2,1885,104,1920,157,Sep06_1/89-20190904091030-snapshot.jpg
2,1,20190904,091200,29,2,1885,102,1920,157,Sep06_1/89-20190904091200-snapshot.jpg
2,1,20190904,091230,41,2,1883,102,1920,156,Sep06_1/89-20190904091230-snapshot.jpg
2,1,20190904,091300,26,2,1885,102,1920,156,Sep06_1/89-20190904091300-snapshot.jpg
2,1,20190904,091330,40,2,1887,106,1920,163,Sep06_1/89-20190904091330-snapshot.jpg
2,1,20190904,091400,26,2,1885,103,1920,154,Sep06_1/89-20190904091400-snapshot.jpg
2,1,20190904,091430,32,2,1883,103,1920,156,Sep06_1/89-20190904091430-snapshot.jpg
2,1,20190904,091500,42,2,1884,107,1920,162,Sep06_1/89-20190904091500-snapshot.jpg
2,1,20190904,091530,41,2,1884,101,1920,154,Sep06_1/89-20190904091530-snapshot.jpg
2,1,20190904,091600,42,2,1886,107,1920,162,Sep06_1/89-20190904091600-snapshot.jpg
2,1,20190904,091630,33,2,1887,107,1920,163,Sep06_1/89-20190904091630-snapshot.jpg
2,1,20190904,091700,32,2,1884,101,1920,155,Sep06_1/89-20190904091700-snapshot.jpg
2,1,20190904,091730,36,2,1883,103,1920,155,Sep06_1/89-20190904091730-snapshot.jpg
2,1,20190904,091800,29,2,1883,104,1920,156,Sep06_1/89-20190904091800-snapshot.jpg
2,1,20190904,091830,26,2,1883,103,1920,156,Sep06_1/89-20190904091830-snapshot.jpg
2,1,20190904,091900,41,2,1886,106,1920,161,Sep06_1/89-20190904091900-snapshot.jpg
2,1,20190904,091930,46,2,1883,102,1920,156,Sep06_1/89-20190904091930-snapshot.jpg
2,1,20190904,092030,42,2,1882,103,1920,154,Sep06_1/89-20190904092030-snapshot.jpg
2,1,20190904,092200,38,2,1886,107,1920,162,Sep06_1/89-20190904092200-snapshot.jpg
2,1,20190904,092300,29,2,1883,103,1920,153,Sep06_1/89-20190904092300-snapshot.jpg
2,1,20190904,092400,33,2,1882,103,1920,155,Sep06_1/89-20190904092400-snapshot.jpg
2,1,20190904,092500,25,2,1885,102,1920,155,Sep06_1/89-20190904092500-snapshot.jpg
2,1,20190904,092630,80,2,32,557,120,614,Sep06_1/89-20190904092630-snapshot.jpg
2,1,20190904,092700,29,2,1884,102,1920,157,Sep06_1/89-20190904092700-snapshot.jpg
2,1,20190904,092730,42,2,1883,102,1920,154,Sep06_1/89-20190904092730-snapshot.jpg
2,1,20190904,092800,31,2,1883,103,1920,157,Sep06_1/89-20190904092800-snapshot.jpg
2,1,20190904,092830,33,2,1885,108,1920,162,Sep06_1/89-20190904092830-snapshot.jpg
2,1,20190904,092900,27,2,1884,103,1920,156,Sep06_1/89-20190904092900-snapshot.jpg
2,1,20190904,092930,29,2,1884,103,1920,157,Sep06_1/89-20190904092930-snapshot.jpg
2,1,20190904,093000,35,2,1884,103,1920,156,Sep06_1/89-20190904093000-snapshot.jpg
2,1,20190904,093030,25,2,1883,103,1920,155,Sep06_1/89-20190904093030-snapshot.jpg
2,1,20190904,093300,28,2,1884,103,1920,154,Sep06_1/89-20190904093300-snapshot.jpg
2,1,20190904,093400,85,8,521,271,584,354,Sep06_1/89-20190904093400-snapshot.jpg
2,1,20190904,093530,48,2,1884,107,1920,163,Sep06_1/89-20190904093530-snapshot.jpg
2,1,20190904,093600,25,2,1885,103,1920,156,Sep06_1/89-20190904093600-snapshot.jpg
2,1,20190904,093600,62,2,1159,595,1210,658,Sep06_1/89-20190904093600-snapshot.jpg
2,1,20190904,093630,82,2,1428,348,1519,421,Sep06_1/89-20190904093630-snapshot.jpg
2,1,20190904,093700,26,2,1884,108,1920,164,Sep06_1/89-20190904093700-snapshot.jpg
2,1,20190904,093730,26,2,1884,102,1920,157,Sep06_1/89-20190904093730-snapshot.jpg
2,1,20190904,093800,42,2,1883,103,1920,155,Sep06_1/89-20190904093800-snapshot.jpg
2,1,20190904,093800,85,2,73,453,160,514,Sep06_1/89-20190904093800-snapshot.jpg
2,1,20190904,093830,31,2,1883,103,1920,157,Sep06_1/89-20190904093830-snapshot.jpg
2,1,20190904,093900,28,2,1883,103,1920,155,Sep06_1/89-20190904093900-snapshot.jpg
2,1,20190904,093930,49,2,1885,107,1920,164,Sep06_1/89-20190904093930-snapshot.jpg
2,1,20190904,094000,41,2,1884,102,1920,155,Sep06_1/89-20190904094000-snapshot.jpg
2,1,20190904,094030,37,2,1884,107,1920,162,Sep06_1/89-20190904094030-snapshot.jpg
2,1,20190904,094030,67,8,341,581,388,644,Sep06_1/89-20190904094030-snapshot.jpg
2,1,20190904,094100,46,2,1882,102,1920,155,Sep06_1/89-20190904094100-snapshot.jpg
2,1,20190904,094100,61,8,342,578,391,638,Sep06_1/89-20190904094100-snapshot.jpg
2,1,20190904,094130,43,8,342,578,390,639,Sep06_1/89-20190904094130-snapshot.jpg
2,1,20190904,094130,44,2,1882,104,1920,155,Sep06_1/89-20190904094130-snapshot.jpg
2,1,20190904,094200,34,2,1884,102,1920,156,Sep06_1/89-20190904094200-snapshot.jpg
2,1,20190904,094200,46,8,343,576,391,636,Sep06_1/89-20190904094200-snapshot.jpg
2,1,20190904,094230,27,2,1882,102,1920,156,Sep06_1/89-20190904094230-snapshot.jpg
2,1,20190904,094300,28,8,342,576,391,635,Sep06_1/89-20190904094300-snapshot.jpg
2,1,20190904,094300,32,2,1884,102,1920,156,Sep06_1/89-20190904094300-snapshot.jpg
2,1,20190904,094330,38,2,1882,103,1920,156,Sep06_1/89-20190904094330-snapshot.jpg
2,1,20190904,094330,59,8,344,572,393,634,Sep06_1/89-20190904094330-snapshot.jpg
2,1,20190904,094400,34,2,1887,101,1920,154,Sep06_1/89-20190904094400-snapshot.jpg
2,1,20190904,094400,64,8,345,573,394,632,Sep06_1/89-20190904094400-snapshot.jpg
2,1,20190904,094400,65,2,859,0,916,46,Sep06_1/89-20190904094400-snapshot.jpg
2,1,20190904,094430,34,2,1884,104,1920,156,Sep06_1/89-20190904094430-snapshot.jpg
2,1,20190904,094430,69,8,342,573,394,632,Sep06_1/89-20190904094430-snapshot.jpg
2,1,20190904,094500,30,2,1884,102,1920,155,Sep06_1/89-20190904094500-snapshot.jpg
2,1,20190904,094500,57,8,342,573,395,632,Sep06_1/89-20190904094500-snapshot.jpg
2,1,20190904,094530,38,2,1884,103,1920,155,Sep06_1/89-20190904094530-snapshot.jpg
2,1,20190904,094530,58,8,341,574,395,632,Sep06_1/89-20190904094530-snapshot.jpg
2,1,20190904,094600,46,2,1882,101,1920,156,Sep06_1/89-20190904094600-snapshot.jpg
2,1,20190904,094600,67,8,341,573,395,632,Sep06_1/89-20190904094600-snapshot.jpg
2,1,20190904,094630,65,8,341,573,394,632,Sep06_1/89-20190904094630-snapshot.jpg
2,1,20190904,094700,29,2,1883,101,1920,154,Sep06_1/89-20190904094700-snapshot.jpg
2,1,20190904,094700,54,8,341,573,395,632,Sep06_1/89-20190904094700-snapshot.jpg
2,1,20190904,094730,26,2,1884,102,1920,154,Sep06_1/89-20190904094730-snapshot.jpg
2,1,20190904,094730,71,8,341,573,395,633,Sep06_1/89-20190904094730-snapshot.jpg
2,1,20190904,094730,84,2,1881,594,1920,683,Sep06_1/89-20190904094730-snapshot.jpg
2,1,20190904,094800,45,2,1882,102,1920,154,Sep06_1/89-20190904094800-snapshot.jpg
2,1,20190904,094800,50,8,341,572,394,632,Sep06_1/89-20190904094800-snapshot.jpg
2,1,20190904,094830,43,2,1883,103,1920,155,Sep06_1/89-20190904094830-snapshot.jpg
2,1,20190904,094830,74,8,342,573,396,629,Sep06_1/89-20190904094830-snapshot.jpg
2,1,20190904,094900,28,2,1883,102,1920,155,Sep06_1/89-20190904094900-snapshot.jpg
2,1,20190904,094900,61,8,341,573,397,630,Sep06_1/89-20190904094900-snapshot.jpg
2,1,20190904,094930,29,8,341,573,395,630,Sep06_1/89-20190904094930-snapshot.jpg
2,1,20190904,095000,25,2,1884,103,1920,156,Sep06_1/89-20190904095000-snapshot.jpg
2,1,20190904,095000,67,8,342,573,396,630,Sep06_1/89-20190904095000-snapshot.jpg
2,1,20190904,095030,27,2,1884,102,1920,154,Sep06_1/89-20190904095030-snapshot.jpg
2,1,20190904,095030,46,8,342,573,395,630,Sep06_1/89-20190904095030-snapshot.jpg
2,1,20190904,095100,57,8,342,573,396,630,Sep06_1/89-20190904095100-snapshot.jpg
2,1,20190904,095130,25,2,1884,102,1920,155,Sep06_1/89-20190904095130-snapshot.jpg
2,1,20190904,095130,62,8,342,573,397,630,Sep06_1/89-20190904095130-snapshot.jpg
2,1,20190904,095200,64,8,341,574,396,629,Sep06_1/89-20190904095200-snapshot.jpg
2,1,20190904,095230,58,8,341,574,397,629,Sep06_1/89-20190904095230-snapshot.jpg
2,1,20190904,095300,64,8,342,573,397,629,Sep06_1/89-20190904095300-snapshot.jpg
2,1,20190904,095330,37,2,1884,103,1920,156,Sep06_1/89-20190904095330-snapshot.jpg
2,1,20190904,095330,60,8,342,572,396,629,Sep06_1/89-20190904095330-snapshot.jpg
2,1,20190904,095430,28,2,1884,102,1920,155,Sep06_1/89-20190904095430-snapshot.jpg
2,1,20190904,095930,30,2,1884,104,1920,154,Sep06_1/89-20190904095930-snapshot.jpg
2,1,20190904,100030,30,2,1883,102,1920,153,Sep06_1/89-20190904100030-snapshot.jpg
2,1,20190904,100230,26,2,1882,103,1920,154,Sep06_1/89-20190904100230-snapshot.jpg
2,1,20190904,100330,83,2,1373,877,1449,956,Sep06_1/89-20190904100330-snapshot.jpg
2,1,20190904,100430,27,2,1884,102,1920,155,Sep06_1/89-20190904100430-snapshot.jpg
2,1,20190904,100500,36,2,1885,101,1920,153,Sep06_1/89-20190904100500-snapshot.jpg
2,1,20190904,100630,38,2,1882,102,1920,153,Sep06_1/89-20190904100630-snapshot.jpg
2,1,20190904,100830,51,2,1272,435,1338,491,Sep06_1/89-20190904100830-snapshot.jpg
2,1,20190904,100900,35,2,1882,103,1920,154,Sep06_1/89-20190904100900-snapshot.jpg
2,1,20190904,101330,30,2,1882,102,1920,153,Sep06_1/89-20190904101330-snapshot.jpg
2,1,20190904,101400,36,2,1883,104,1920,154,Sep06_1/89-20190904101400-snapshot.jpg
2,1,20190904,101430,38,2,1882,103,1920,153,Sep06_1/89-20190904101430-snapshot.jpg
2,1,20190904,101700,34,2,1882,103,1920,153,Sep06_1/89-20190904101700-snapshot.jpg
2,1,20190904,101730,41,2,1883,102,1920,153,Sep06_1/89-20190904101730-snapshot.jpg
2,1,20190904,101800,27,2,1884,102,1920,155,Sep06_1/89-20190904101800-snapshot.jpg
2,1,20190904,101830,27,2,1884,103,1920,153,Sep06_1/89-20190904101830-snapshot.jpg
2,1,20190904,102300,29,2,1882,102,1920,152,Sep06_1/89-20190904102300-snapshot.jpg
2,1,20190904,103100,29,2,1883,104,1920,153,Sep06_1/89-20190904103100-snapshot.jpg
2,1,20190904,103200,26,2,1884,104,1920,155,Sep06_1/89-20190904103200-snapshot.jpg
2,1,20190904,103530,30,2,1882,104,1920,153,Sep06_1/89-20190904103530-snapshot.jpg
2,1,20190904,103600,31,2,1882,103,1920,155,Sep06_1/89-20190904103600-snapshot.jpg
2,1,20190904,103630,26,2,1882,103,1920,154,Sep06_1/89-20190904103630-snapshot.jpg
2,1,20190904,103800,30,2,1882,102,1920,155,Sep06_1/89-20190904103800-snapshot.jpg
2,1,20190904,103830,27,2,1882,103,1920,155,Sep06_1/89-20190904103830-snapshot.jpg
2,1,20190904,103930,30,2,1884,103,1920,154,Sep06_1/89-20190904103930-snapshot.jpg
2,1,20190904,104100,41,2,1883,104,1920,154,Sep06_1/89-20190904104100-snapshot.jpg
2,1,20190904,104130,30,2,1882,102,1920,153,Sep06_1/89-20190904104130-snapshot.jpg
2,1,20190904,104200,31,2,1882,102,1920,153,Sep06_1/89-20190904104200-snapshot.jpg
2,1,20190904,104300,38,2,1884,102,1920,153,Sep06_1/89-20190904104300-snapshot.jpg
2,1,20190904,104400,38,2,1882,101,1920,153,Sep06_1/89-20190904104400-snapshot.jpg
2,1,20190904,104430,25,2,1886,102,1920,153,Sep06_1/89-20190904104430-snapshot.jpg
2,1,20190904,104500,44,2,1881,102,1920,154,Sep06_1/89-20190904104500-snapshot.jpg
2,1,20190904,104530,38,2,1884,102,1920,152,Sep06_1/89-20190904104530-snapshot.jpg
2,1,20190904,104600,40,2,1881,102,1920,153,Sep06_1/89-20190904104600-snapshot.jpg
2,1,20190904,104730,29,2,1883,103,1920,154,Sep06_1/89-20190904104730-snapshot.jpg
2,1,20190904,104800,25,2,1884,102,1920,154,Sep06_1/89-20190904104800-snapshot.jpg
2,1,20190904,104830,30,2,1882,104,1920,153,Sep06_1/89-20190904104830-snapshot.jpg
2,1,20190904,104930,51,2,1883,108,1920,157,Sep06_1/89-20190904104930-snapshot.jpg
2,1,20190904,105100,37,2,1884,101,1920,154,Sep06_1/89-20190904105100-snapshot.jpg
2,1,20190904,105200,27,2,1883,101,1920,153,Sep06_1/89-20190904105200-snapshot.jpg
2,1,20190904,105430,28,2,1883,103,1920,153,Sep06_1/89-20190904105430-snapshot.jpg
2,1,20190904,105530,48,2,1881,103,1920,153,Sep06_1/89-20190904105530-snapshot.jpg
2,1,20190904,105600,49,2,1882,104,1920,153,Sep06_1/89-20190904105600-snapshot.jpg
2,1,20190904,105630,41,2,1882,104,1920,155,Sep06_1/89-20190904105630-snapshot.jpg
2,1,20190904,105730,46,2,1881,102,1920,154,Sep06_1/89-20190904105730-snapshot.jpg
2,1,20190904,105800,27,2,1883,104,1920,153,Sep06_1/89-20190904105800-snapshot.jpg
2,1,20190904,105830,29,2,1884,102,1920,155,Sep06_1/89-20190904105830-snapshot.jpg
2,1,20190904,105930,49,2,1882,105,1920,153,Sep06_1/89-20190904105930-snapshot.jpg
2,1,20190904,110200,26,2,1884,101,1920,153,Sep06_1/89-20190904110200-snapshot.jpg
2,1,20190904,110330,32,2,1883,104,1920,152,Sep06_1/89-20190904110330-snapshot.jpg
2,1,20190904,110500,86,8,538,98,593,197,Sep06_1/89-20190904110500-snapshot.jpg
2,1,20190904,110630,39,2,1882,102,1920,152,Sep06_1/89-20190904110630-snapshot.jpg
2,1,20190904,110800,34,2,1883,103,1920,153,Sep06_1/89-20190904110800-snapshot.jpg
2,1,20190904,110830,39,2,1883,104,1920,153,Sep06_1/89-20190904110830-snapshot.jpg
2,1,20190904,110900,41,2,1883,103,1920,155,Sep06_1/89-20190904110900-snapshot.jpg
2,1,20190904,111100,40,2,1883,103,1920,154,Sep06_1/89-20190904111100-snapshot.jpg
2,1,20190904,111130,88,2,1372,983,1464,1045,Sep06_1/89-20190904111130-snapshot.jpg
2,1,20190904,111230,26,2,1883,102,1920,154,Sep06_1/89-20190904111230-snapshot.jpg
2,1,20190904,111300,40,2,1883,103,1920,156,Sep06_1/89-20190904111300-snapshot.jpg
2,1,20190904,111300,58,2,180,1035,243,1080,Sep06_1/89-20190904111300-snapshot.jpg
2,1,20190904,111330,65,2,1883,107,1920,163,Sep06_1/89-20190904111330-snapshot.jpg
2,1,20190904,111400,57,2,1884,105,1920,162,Sep06_1/89-20190904111400-snapshot.jpg
2,1,20190904,111430,50,2,1885,105,1920,164,Sep06_1/89-20190904111430-snapshot.jpg
2,1,20190904,111630,34,2,1884,103,1920,155,Sep06_1/89-20190904111630-snapshot.jpg
2,1,20190904,111700,31,2,1885,103,1920,154,Sep06_1/89-20190904111700-snapshot.jpg
2,1,20190904,111730,30,2,1886,103,1920,157,Sep06_1/89-20190904111730-snapshot.jpg
2,1,20190904,111830,85,2,1861,582,1919,669,Sep06_1/89-20190904111830-snapshot.jpg
2,1,20190904,111930,88,2,1109,373,1225,448,Sep06_1/89-20190904111930-snapshot.jpg
2,1,20190904,112200,35,2,1888,105,1920,162,Sep06_1/89-20190904112200-snapshot.jpg
2,1,20190904,112200,86,2,1302,426,1396,489,Sep06_1/89-20190904112200-snapshot.jpg
2,1,20190904,112500,31,2,1886,101,1920,156,Sep06_1/89-20190904112500-snapshot.jpg
2,1,20190904,112600,26,2,1886,101,1920,155,Sep06_1/89-20190904112600-snapshot.jpg
2,1,20190904,112730,35,2,1885,101,1920,155,Sep06_1/89-20190904112730-snapshot.jpg
2,1,20190904,112900,29,2,1887,101,1920,157,Sep06_1/89-20190904112900-snapshot.jpg
2,1,20190904,112930,33,2,1886,101,1920,156,Sep06_1/89-20190904112930-snapshot.jpg
2,1,20190904,113030,41,2,1885,103,1920,156,Sep06_1/89-20190904113030-snapshot.jpg
2,1,20190904,113100,29,2,1881,101,1920,155,Sep06_1/89-20190904113100-snapshot.jpg
2,1,20190904,113130,51,2,1884,105,1920,165,Sep06_1/89-20190904113130-snapshot.jpg
2,1,20190904,113200,63,2,1885,106,1920,164,Sep06_1/89-20190904113200-snapshot.jpg
2,1,20190904,113300,39,2,1885,105,1920,166,Sep06_1/89-20190904113300-snapshot.jpg
2,1,20190904,113300,88,2,69,600,162,679,Sep06_1/89-20190904113300-snapshot.jpg
2,1,20190904,113330,58,2,1885,105,1920,164,Sep06_1/89-20190904113330-snapshot.jpg
2,1,20190904,113330,88,2,1238,416,1339,495,Sep06_1/89-20190904113330-snapshot.jpg
2,1,20190904,113500,34,2,1883,100,1920,155,Sep06_1/89-20190904113500-snapshot.jpg
2,1,20190904,113730,26,2,1883,102,1920,151,Sep06_1/89-20190904113730-snapshot.jpg
2,1,20190904,113930,83,2,1094,428,1203,506,Sep06_1/89-20190904113930-snapshot.jpg
2,1,20190904,114000,85,2,1371,13,1430,90,Sep06_1/89-20190904114000-snapshot.jpg
2,1,20190904,114300,61,2,1883,105,1920,165,Sep06_1/89-20190904114300-snapshot.jpg
2,1,20190904,114330,42,2,1883,103,1920,158,Sep06_1/89-20190904114330-snapshot.jpg
2,1,20190904,114400,41,2,1886,106,1920,167,Sep06_1/89-20190904114400-snapshot.jpg
2,1,20190904,114430,36,2,1883,101,1920,158,Sep06_1/89-20190904114430-snapshot.jpg
2,1,20190904,114530,46,2,1885,106,1920,166,Sep06_1/89-20190904114530-snapshot.jpg
2,1,20190904,114600,53,2,1884,107,1920,164,Sep06_1/89-20190904114600-snapshot.jpg
2,1,20190904,114630,57,2,1883,106,1920,161,Sep06_1/89-20190904114630-snapshot.jpg
2,1,20190904,114700,58,2,1884,105,1920,166,Sep06_1/89-20190904114700-snapshot.jpg
2,1,20190904,114730,61,2,1885,106,1920,166,Sep06_1/89-20190904114730-snapshot.jpg
2,1,20190904,114800,36,2,1882,102,1920,156,Sep06_1/89-20190904114800-snapshot.jpg
2,1,20190904,114830,44,2,1882,102,1920,156,Sep06_1/89-20190904114830-snapshot.jpg
2,1,20190904,114900,61,2,1884,106,1920,168,Sep06_1/89-20190904114900-snapshot.jpg
2,1,20190904,114930,42,2,1881,100,1920,157,Sep06_1/89-20190904114930-snapshot.jpg
2,1,20190904,115000,55,2,1884,105,1920,168,Sep06_1/89-20190904115000-snapshot.jpg
2,1,20190904,115030,49,2,1886,104,1920,166,Sep06_1/89-20190904115030-snapshot.jpg
2,1,20190904,115100,39,2,1882,100,1920,159,Sep06_1/89-20190904115100-snapshot.jpg
2,1,20190904,115130,56,2,1884,105,1920,162,Sep06_1/89-20190904115130-snapshot.jpg
2,1,20190904,115200,41,2,1881,101,1920,155,Sep06_1/89-20190904115200-snapshot.jpg
2,1,20190904,115230,40,2,1882,100,1920,157,Sep06_1/89-20190904115230-snapshot.jpg
2,1,20190904,115430,40,2,1885,104,1920,168,Sep06_1/89-20190904115430-snapshot.jpg
2,1,20190904,121100,29,2,1884,102,1920,153,Sep06_1/89-20190904121100-snapshot.jpg
2,1,20190904,121330,27,2,1884,102,1920,153,Sep06_1/89-20190904121330-snapshot.jpg
2,1,20190904,122400,27,2,1884,100,1920,153,Sep06_1/89-20190904122400-snapshot.jpg
2,1,20190904,122530,86,2,1694,760,1780,854,Sep06_1/89-20190904122530-snapshot.jpg
2,1,20190904,122730,30,2,1884,101,1920,152,Sep06_1/89-20190904122730-snapshot.jpg
2,1,20190904,122830,37,2,1885,101,1920,153,Sep06_1/89-20190904122830-snapshot.jpg
2,1,20190904,122900,34,2,0,823,27,890,Sep06_1/89-20190904122900-snapshot.jpg
2,1,20190904,123130,29,2,1884,101,1920,153,Sep06_1/89-20190904123130-snapshot.jpg
2,1,20190904,123500,87,2,317,993,416,1072,Sep06_1/89-20190904123500-snapshot.jpg
2,1,20190904,123900,84,2,1628,7,1706,81,Sep06_1/89-20190904123900-snapshot.jpg
2,1,20190904,124030,31,2,1886,100,1920,152,Sep06_1/89-20190904124030-snapshot.jpg
2,1,20190904,124500,30,2,1885,102,1920,156,Sep06_1/89-20190904124500-snapshot.jpg
2,1,20190904,124900,57,2,1883,105,1920,165,Sep06_1/89-20190904124900-snapshot.jpg
2,1,20190904,124930,77,2,55,355,137,415,Sep06_1/89-20190904124930-snapshot.jpg
2,1,20190904,130330,85,2,1299,20,1351,100,Sep06_1/89-20190904130330-snapshot.jpg
2,1,20190904,130400,36,2,929,1037,989,1080,Sep06_1/89-20190904130400-snapshot.jpg
2,1,20190904,130500,89,2,1861,582,1916,683,Sep06_1/89-20190904130500-snapshot.jpg
2,1,20190904,130600,87,2,87,344,187,407,Sep06_1/89-20190904130600-snapshot.jpg
2,1,20190904,130730,86,2,63,587,163,660,Sep06_1/89-20190904130730-snapshot.jpg
2,1,20190904,131400,87,2,465,169,559,237,Sep06_1/89-20190904131400-snapshot.jpg
2,1,20190904,131530,33,2,1884,105,1920,169,Sep06_1/89-20190904131530-snapshot.jpg
2,1,20190904,131600,50,2,1886,106,1920,169,Sep06_1/89-20190904131600-snapshot.jpg
2,1,20190904,131700,47,2,1885,106,1920,171,Sep06_1/89-20190904131700-snapshot.jpg
2,1,20190904,131700,89,2,1368,983,1458,1051,Sep06_1/89-20190904131700-snapshot.jpg
2,1,20190904,131730,88,2,1846,604,1909,696,Sep06_1/89-20190904131730-snapshot.jpg
2,1,20190904,131800,31,2,1883,100,1920,161,Sep06_1/89-20190904131800-snapshot.jpg
2,1,20190904,131900,57,2,1884,105,1920,171,Sep06_1/89-20190904131900-snapshot.jpg
2,1,20190904,131930,30,2,1881,102,1920,155,Sep06_1/89-20190904131930-snapshot.jpg
2,1,20190904,132000,31,2,1886,105,1920,172,Sep06_1/89-20190904132000-snapshot.jpg
2,1,20190904,132030,38,2,1880,100,1920,153,Sep06_1/89-20190904132030-snapshot.jpg
2,1,20190904,132130,51,2,1884,105,1920,168,Sep06_1/89-20190904132130-snapshot.jpg
2,1,20190904,132200,30,2,1882,101,1920,155,Sep06_1/89-20190904132200-snapshot.jpg
2,1,20190904,132230,35,2,1882,100,1920,154,Sep06_1/89-20190904132230-snapshot.jpg
2,1,20190904,133000,47,2,1881,101,1920,158,Sep06_1/89-20190904133000-snapshot.jpg
2,1,20190904,133000,84,2,1526,8,1611,69,Sep06_1/89-20190904133000-snapshot.jpg
2,1,20190904,133030,48,2,1882,101,1920,157,Sep06_1/89-20190904133030-snapshot.jpg
2,1,20190904,133100,25,2,1883,101,1920,157,Sep06_1/89-20190904133100-snapshot.jpg
2,1,20190904,133200,29,2,1882,101,1920,159,Sep06_1/89-20190904133200-snapshot.jpg
2,1,20190904,133300,28,2,1880,102,1920,165,Sep06_1/89-20190904133300-snapshot.jpg
2,1,20190904,133330,41,2,1881,101,1920,157,Sep06_1/89-20190904133330-snapshot.jpg
2,1,20190904,134130,76,2,1064,1028,1145,1079,Sep06_1/89-20190904134130-snapshot.jpg
2,1,20190904,134200,54,2,1885,106,1920,171,Sep06_1/89-20190904134200-snapshot.jpg
2,1,20190904,134230,88,2,1804,503,1885,591,Sep06_1/89-20190904134230-snapshot.jpg
2,1,20190904,134330,87,2,1288,413,1387,479,Sep06_1/89-20190904134330-snapshot.jpg
2,1,20190904,134430,37,2,1880,102,1920,159,Sep06_1/89-20190904134430-snapshot.jpg
2,1,20190904,134630,26,2,1883,100,1920,159,Sep06_1/89-20190904134630-snapshot.jpg
2,1,20190904,135300,82,2,354,340,441,395,Sep06_1/89-20190904135300-snapshot.jpg
2,1,20190904,135330,83,2,276,174,372,247,Sep06_1/89-20190904135330-snapshot.jpg
2,1,20190904,135430,74,2,0,826,49,896,Sep06_1/89-20190904135430-snapshot.jpg
2,1,20190904,135500,76,2,0,729,60,788,Sep06_1/89-20190904135500-snapshot.jpg
2,1,20190904,140100,30,2,1879,102,1920,164,Sep06_1/89-20190904140100-snapshot.jpg
2,1,20190904,140130,37,2,1881,101,1920,157,Sep06_1/89-20190904140130-snapshot.jpg
2,1,20190904,140200,48,2,1881,100,1920,156,Sep06_1/89-20190904140200-snapshot.jpg
2,1,20190904,140230,29,2,1880,101,1920,156,Sep06_1/89-20190904140230-snapshot.jpg
2,1,20190904,140300,34,2,1879,100,1920,154,Sep06_1/89-20190904140300-snapshot.jpg
2,1,20190904,140400,39,2,1880,100,1920,158,Sep06_1/89-20190904140400-snapshot.jpg
2,1,20190904,140600,89,2,801,40,892,97,Sep06_1/89-20190904140600-snapshot.jpg
2,1,20190904,140830,47,2,1543,1037,1629,1080,Sep06_1/89-20190904140830-snapshot.jpg
2,1,20190904,140900,88,2,1302,431,1404,500,Sep06_1/89-20190904140900-snapshot.jpg
2,1,20190904,140930,88,2,1150,650,1232,747,Sep06_1/89-20190904140930-snapshot.jpg
2,1,20190904,141030,27,2,1882,101,1920,158,Sep06_1/89-20190904141030-snapshot.jpg
2,1,20190904,141100,26,2,1880,100,1920,156,Sep06_1/89-20190904141100-snapshot.jpg
2,1,20190904,141130,51,2,1881,100,1920,157,Sep06_1/89-20190904141130-snapshot.jpg
2,1,20190904,141230,32,2,1880,100,1920,156,Sep06_1/89-20190904141230-snapshot.jpg
2,1,20190904,141300,29,2,1882,100,1920,154,Sep06_1/89-20190904141300-snapshot.jpg
2,1,20190904,141330,29,2,1881,100,1920,157,Sep06_1/89-20190904141330-snapshot.jpg
2,1,20190904,141400,30,2,1881,99,1920,154,Sep06_1/89-20190904141400-snapshot.jpg
2,1,20190904,142500,33,2,1884,102,1920,157,Sep06_1/89-20190904142500-snapshot.jpg
2,1,20190904,142500,85,2,762,112,839,188,Sep06_1/89-20190904142500-snapshot.jpg
2,1,20190904,142530,26,2,1882,101,1920,155,Sep06_1/89-20190904142530-snapshot.jpg
2,1,20190904,142630,87,2,1779,560,1877,629,Sep06_1/89-20190904142630-snapshot.jpg
2,1,20190904,143230,88,2,932,830,1032,884,Sep06_1/89-20190904143230-snapshot.jpg
2,1,20190904,143930,38,2,1881,102,1920,157,Sep06_1/89-20190904143930-snapshot.jpg
2,1,20190904,144430,44,2,1883,103,1920,158,Sep06_1/89-20190904144430-snapshot.jpg
2,1,20190904,144500,87,2,1206,114,1266,209,Sep06_1/89-20190904144500-snapshot.jpg
2,1,20190904,144630,35,2,1884,101,1920,155,Sep06_1/89-20190904144630-snapshot.jpg
2,1,20190904,145130,38,2,1883,102,1920,152,Sep06_1/89-20190904145130-snapshot.jpg
2,1,20190904,145200,36,2,1882,102,1920,153,Sep06_1/89-20190904145200-snapshot.jpg
2,1,20190904,145200,87,2,1762,573,1850,629,Sep06_1/89-20190904145200-snapshot.jpg
2,1,20190904,145230,88,2,1809,604,1912,671,Sep06_1/89-20190904145230-snapshot.jpg
2,1,20190904,145300,87,2,347,340,433,416,Sep06_1/89-20190904145300-snapshot.jpg
2,1,20190904,145600,32,2,1882,104,1920,156,Sep06_1/89-20190904145600-snapshot.jpg
2,1,20190904,145630,78,2,265,1016,352,1078,Sep06_1/89-20190904145630-snapshot.jpg
2,1,20190904,145800,27,2,1882,99,1920,152,Sep06_1/89-20190904145800-snapshot.jpg
2,1,20190904,150200,83,2,1492,1017,1585,1068,Sep06_1/89-20190904150200-snapshot.jpg
2,1,20190904,150430,87,2,1154,656,1232,747,Sep06_1/89-20190904150430-snapshot.jpg
2,1,20190904,150500,85,2,1850,667,1920,730,Sep06_1/89-20190904150500-snapshot.jpg
2,1,20190904,150600,83,2,58,392,116,475,Sep06_1/89-20190904150600-snapshot.jpg
2,1,20190904,150630,30,2,1883,102,1920,156,Sep06_1/89-20190904150630-snapshot.jpg
2,1,20190904,150630,87,2,1427,61,1531,129,Sep06_1/89-20190904150630-snapshot.jpg
2,1,20190904,150800,30,2,1882,102,1920,156,Sep06_1/89-20190904150800-snapshot.jpg
2,1,20190904,150830,27,2,1883,102,1920,156,Sep06_1/89-20190904150830-snapshot.jpg
2,1,20190904,151100,30,2,1882,103,1920,156,Sep06_1/89-20190904151100-snapshot.jpg
2,1,20190904,151130,34,2,1882,108,1920,163,Sep06_1/89-20190904151130-snapshot.jpg
2,1,20190904,151230,31,2,1882,104,1920,157,Sep06_1/89-20190904151230-snapshot.jpg
2,1,20190904,151400,75,2,1268,0,1321,72,Sep06_1/89-20190904151400-snapshot.jpg
2,1,20190904,151430,53,2,1883,107,1920,162,Sep06_1/89-20190904151430-snapshot.jpg
2,1,20190904,151500,34,2,1882,104,1920,155,Sep06_1/89-20190904151500-snapshot.jpg
2,1,20190904,152130,28,2,1881,104,1920,157,Sep06_1/89-20190904152130-snapshot.jpg
2,1,20190904,152200,27,2,1882,102,1920,154,Sep06_1/89-20190904152200-snapshot.jpg
2,1,20190904,152730,27,2,1882,103,1920,157,Sep06_1/89-20190904152730-snapshot.jpg
2,1,20190904,162130,25,2,1879,113,1919,158,Sep06_1/89-20190904162130-snapshot.jpg
2,1,20190904,163000,34,2,1882,114,1920,159,Sep06_1/89-20190904163000-snapshot.jpg
2,1,20190904,163330,33,2,1885,114,1920,162,Sep06_1/89-20190904163330-snapshot.jpg
2,1,20190904,163730,44,2,1883,114,1920,162,Sep06_1/89-20190904163730-snapshot.jpg
2,1,20190904,163930,38,2,1881,113,1920,159,Sep06_1/89-20190904163930-snapshot.jpg
2,1,20190904,164330,27,2,1882,114,1920,160,Sep06_1/89-20190904164330-snapshot.jpg
2,1,20190904,164430,40,2,1879,113,1919,158,Sep06_1/89-20190904164430-snapshot.jpg
2,1,20190904,165800,35,2,1880,113,1919,158,Sep06_1/89-20190904165800-snapshot.jpg
2,1,20190904,165900,33,2,1881,113,1920,161,Sep06_1/89-20190904165900-snapshot.jpg
2,1,20190904,170330,36,2,1880,113,1919,162,Sep06_1/89-20190904170330-snapshot.jpg
2,1,20190904,170800,27,2,1887,537,1920,596,Sep06_1/89-20190904170800-snapshot.jpg
2,1,20190904,170830,33,2,1886,537,1920,596,Sep06_1/89-20190904170830-snapshot.jpg
2,1,20190904,171030,29,9,1890,534,1920,606,Sep06_1/89-20190904171030-snapshot.jpg
2,1,20190904,171100,29,9,1889,533,1920,605,Sep06_1/89-20190904171100-snapshot.jpg
2,1,20190904,171730,34,2,1879,112,1919,161,Sep06_1/89-20190904171730-snapshot.jpg
2,1,20190904,171830,31,2,1879,112,1919,160,Sep06_1/89-20190904171830-snapshot.jpg
2,1,20190904,171930,54,2,1877,113,1919,158,Sep06_1/89-20190904171930-snapshot.jpg
2,1,20190904,172000,26,2,1881,112,1919,162,Sep06_1/89-20190904172000-snapshot.jpg
2,1,20190904,172830,36,2,1880,112,1919,156,Sep06_1/89-20190904172830-snapshot.jpg
2,1,20190904,172900,28,2,1880,111,1920,161,Sep06_1/89-20190904172900-snapshot.jpg
2,1,20190904,172930,49,2,1879,112,1920,162,Sep06_1/89-20190904172930-snapshot.jpg
2,1,20190904,173200,44,2,1879,112,1920,161,Sep06_1/89-20190904173200-snapshot.jpg
2,1,20190904,173300,35,2,1879,111,1920,162,Sep06_1/89-20190904173300-snapshot.jpg
2,1,20190904,173500,38,2,1881,113,1919,162,Sep06_1/89-20190904173500-snapshot.jpg
2,1,20190904,173530,33,2,1880,113,1919,159,Sep06_1/89-20190904173530-snapshot.jpg
2,1,20190904,173600,42,2,1879,112,1920,164,Sep06_1/89-20190904173600-snapshot.jpg
2,1,20190904,173700,35,2,1879,112,1919,160,Sep06_1/89-20190904173700-snapshot.jpg
2,1,20190904,173800,50,2,1879,112,1919,159,Sep06_1/89-20190904173800-snapshot.jpg
2,1,20190904,173930,43,2,1883,112,1920,166,Sep06_1/89-20190904173930-snapshot.jpg
2,1,20190904,174030,33,2,1880,112,1919,159,Sep06_1/89-20190904174030-snapshot.jpg
2,1,20190904,174130,38,2,1862,559,1920,612,Sep06_1/89-20190904174130-snapshot.jpg
2,1,20190904,174400,26,2,1881,113,1919,159,Sep06_1/89-20190904174400-snapshot.jpg
2,1,20190904,174430,28,2,1766,688,1842,745,Sep06_1/89-20190904174430-snapshot.jpg
2,1,20190904,174430,46,2,1881,113,1919,159,Sep06_1/89-20190904174430-snapshot.jpg
2,1,20190904,174500,37,2,1766,688,1844,743,Sep06_1/89-20190904174500-snapshot.jpg
2,1,20190904,174500,44,2,1880,112,1919,161,Sep06_1/89-20190904174500-snapshot.jpg
2,1,20190904,174600,47,2,1880,112,1919,159,Sep06_1/89-20190904174600-snapshot.jpg
2,1,20190904,174800,33,2,1880,112,1919,160,Sep06_1/89-20190904174800-snapshot.jpg
2,1,20190904,174830,40,2,1880,111,1920,163,Sep06_1/89-20190904174830-snapshot.jpg
2,1,20190904,174900,33,3,1840,852,1920,907,Sep06_1/89-20190904174900-snapshot.jpg
2,1,20190904,174930,27,2,1880,112,1919,161,Sep06_1/89-20190904174930-snapshot.jpg
2,1,20190904,175000,31,2,1881,112,1920,163,Sep06_1/89-20190904175000-snapshot.jpg
2,1,20190904,175030,41,2,1881,113,1919,158,Sep06_1/89-20190904175030-snapshot.jpg
2,1,20190904,175200,39,2,1881,112,1919,163,Sep06_1/89-20190904175200-snapshot.jpg
2,1,20190904,175300,55,2,1879,113,1919,157,Sep06_1/89-20190904175300-snapshot.jpg
2,1,20190904,175430,37,2,1879,112,1919,158,Sep06_1/89-20190904175430-snapshot.jpg
2,1,20190904,175600,26,2,1882,113,1919,161,Sep06_1/89-20190904175600-snapshot.jpg
2,1,20190904,175630,49,2,1880,112,1920,162,Sep06_1/89-20190904175630-snapshot.jpg
2,1,20190904,175700,48,2,1880,112,1919,159,Sep06_1/89-20190904175700-snapshot.jpg
2,1,20190904,175800,31,2,1881,112,1919,161,Sep06_1/89-20190904175800-snapshot.jpg
2,1,20190904,180000,37,2,1880,112,1919,158,Sep06_1/89-20190904180000-snapshot.jpg
2,1,20190904,180030,27,2,1882,113,1919,163,Sep06_1/89-20190904180030-snapshot.jpg
2,1,20190904,180100,25,2,1882,112,1919,162,Sep06_1/89-20190904180100-snapshot.jpg
2,1,20190904,180330,44,2,1880,113,1919,159,Sep06_1/89-20190904180330-snapshot.jpg
2,1,20190904,180400,41,2,1880,113,1919,160,Sep06_1/89-20190904180400-snapshot.jpg
2,1,20190904,180500,39,2,1880,113,1919,161,Sep06_1/89-20190904180500-snapshot.jpg
2,1,20190904,180530,38,2,1880,113,1919,159,Sep06_1/89-20190904180530-snapshot.jpg
2,1,20190904,180830,26,2,1880,112,1919,158,Sep06_1/89-20190904180830-snapshot.jpg
2,1,20190904,180930,26,2,1881,113,1919,162,Sep06_1/89-20190904180930-snapshot.jpg
2,1,20190904,181030,41,2,1880,113,1919,159,Sep06_1/89-20190904181030-snapshot.jpg
2,1,20190904,181100,45,2,1880,112,1919,159,Sep06_1/89-20190904181100-snapshot.jpg
2,1,20190904,181230,36,2,1881,112,1920,162,Sep06_1/89-20190904181230-snapshot.jpg
2,1,20190904,181330,42,2,1881,112,1920,162,Sep06_1/89-20190904181330-snapshot.jpg
2,1,20190904,181400,34,2,1880,113,1919,160,Sep06_1/89-20190904181400-snapshot.jpg
2,1,20190904,181530,46,2,1880,114,1919,161,Sep06_1/89-20190904181530-snapshot.jpg
2,1,20190904,181600,52,2,1881,113,1919,162,Sep06_1/89-20190904181600-snapshot.jpg
2,1,20190904,181630,35,2,1881,112,1919,162,Sep06_1/89-20190904181630-snapshot.jpg
2,1,20190904,181700,46,2,1881,113,1920,163,Sep06_1/89-20190904181700-snapshot.jpg
2,1,20190904,181800,51,2,1881,112,1920,163,Sep06_1/89-20190904181800-snapshot.jpg
2,1,20190904,181830,39,2,1880,112,1919,163,Sep06_1/89-20190904181830-snapshot.jpg
2,1,20190904,181900,32,2,1880,112,1919,161,Sep06_1/89-20190904181900-snapshot.jpg
2,1,20190904,181930,27,2,1879,112,1919,159,Sep06_1/89-20190904181930-snapshot.jpg
2,1,20190904,182130,27,2,1881,112,1920,162,Sep06_1/89-20190904182130-snapshot.jpg
2,1,20190904,182330,45,2,1880,113,1920,163,Sep06_1/89-20190904182330-snapshot.jpg
2,1,20190904,182530,45,2,1880,113,1919,160,Sep06_1/89-20190904182530-snapshot.jpg
2,1,20190904,183100,27,2,1880,112,1919,160,Sep06_1/89-20190904183100-snapshot.jpg
2,1,20190904,183400,25,2,1881,112,1920,164,Sep06_1/89-20190904183400-snapshot.jpg
2,1,20190904,183730,31,2,1881,112,1920,164,Sep06_1/89-20190904183730-snapshot.jpg
2,1,20190904,183800,40,2,1881,112,1919,159,Sep06_1/89-20190904183800-snapshot.jpg
2,1,20190904,184400,37,2,1880,111,1920,162,Sep06_1/89-20190904184400-snapshot.jpg
2,1,20190904,184500,25,2,1880,112,1919,165,Sep06_1/89-20190904184500-snapshot.jpg
2,1,20190904,184630,31,2,1879,112,1919,160,Sep06_1/89-20190904184630-snapshot.jpg
2,1,20190904,184900,39,2,1881,112,1920,165,Sep06_1/89-20190904184900-snapshot.jpg
2,1,20190904,185000,42,2,1882,113,1919,162,Sep06_1/89-20190904185000-snapshot.jpg
2,1,20190904,185130,30,2,1882,112,1920,164,Sep06_1/89-20190904185130-snapshot.jpg
2,1,20190904,185300,51,2,1880,111,1920,162,Sep06_1/89-20190904185300-snapshot.jpg
2,1,20190904,185400,25,2,1881,111,1920,163,Sep06_1/89-20190904185400-snapshot.jpg
2,1,20190904,185630,54,2,1881,112,1920,160,Sep06_1/89-20190904185630-snapshot.jpg
2,1,20190904,185800,37,2,1881,111,1920,163,Sep06_1/89-20190904185800-snapshot.jpg
2,1,20190904,185830,27,2,1882,112,1920,163,Sep06_1/89-20190904185830-snapshot.jpg
2,1,20190904,190100,34,2,1883,111,1920,160,Sep06_1/89-20190904190100-snapshot.jpg
2,1,20190904,190130,39,2,1881,110,1920,160,Sep06_1/89-20190904190130-snapshot.jpg
2,1,20190904,190200,32,2,1881,110,1920,162,Sep06_1/89-20190904190200-snapshot.jpg
2,1,20190904,190300,67,2,1862,545,1919,588,Sep06_1/89-20190904190300-snapshot.jpg
2,1,20190904,190330,73,2,1867,548,1919,598,Sep06_1/89-20190904190330-snapshot.jpg
2,1,20190904,190400,73,2,1867,548,1919,599,Sep06_1/89-20190904190400-snapshot.jpg
2,1,20190904,190430,70,2,1866,547,1919,598,Sep06_1/89-20190904190430-snapshot.jpg
2,1,20190904,190500,57,2,1866,550,1920,598,Sep06_1/89-20190904190500-snapshot.jpg
2,1,20190904,190530,61,2,1864,558,1920,605,Sep06_1/89-20190904190530-snapshot.jpg
2,1,20190904,190600,59,2,1869,558,1920,605,Sep06_1/89-20190904190600-snapshot.jpg
2,1,20190904,190630,60,2,1867,559,1920,605,Sep06_1/89-20190904190630-snapshot.jpg
2,1,20190904,190730,38,2,1882,112,1919,160,Sep06_1/89-20190904190730-snapshot.jpg
2,1,20190904,191000,59,2,1879,109,1920,159,Sep06_1/89-20190904191000-snapshot.jpg
2,1,20190904,191030,31,2,1881,111,1920,161,Sep06_1/89-20190904191030-snapshot.jpg
2,1,20190904,191200,39,2,1881,112,1920,166,Sep06_1/89-20190904191200-snapshot.jpg
2,1,20190904,191500,47,2,1881,111,1920,166,Sep06_1/89-20190904191500-snapshot.jpg
2,1,20190904,191800,39,2,1882,111,1920,168,Sep06_1/89-20190904191800-snapshot.jpg
2,1,20190904,192030,27,2,1883,111,1920,168,Sep06_1/89-20190904192030-snapshot.jpg
2,1,20190904,192230,28,2,1879,110,1919,161,Sep06_1/89-20190904192230-snapshot.jpg
2,1,20190904,192500,57,2,1882,108,1920,169,Sep06_1/89-20190904192500-snapshot.jpg
2,1,20190904,192600,32,2,1854,649,1920,712,Sep06_1/89-20190904192600-snapshot.jpg
2,1,20190904,192700,28,2,1853,648,1920,714,Sep06_1/89-20190904192700-snapshot.jpg
2,1,20190904,193230,45,2,1864,650,1920,718,Sep06_1/89-20190904193230-snapshot.jpg
2,1,20190904,193400,47,2,1879,106,1920,173,Sep06_1/89-20190904193400-snapshot.jpg
2,1,20190904,193430,41,2,1879,106,1920,164,Sep06_1/89-20190904193430-snapshot.jpg
2,1,20190904,194230,27,2,1880,109,1920,170,Sep06_1/89-20190904194230-snapshot.jpg
2,1,20190904,194330,45,2,1878,105,1920,169,Sep06_1/89-20190904194330-snapshot.jpg
2,1,20190904,194730,30,2,1789,659,1870,712,Sep06_1/89-20190904194730-snapshot.jpg
2,1,20190904,194800,36,2,1877,105,1920,164,Sep06_1/89-20190904194800-snapshot.jpg
2,1,20190904,195400,25,2,1878,106,1920,165,Sep06_1/89-20190904195400-snapshot.jpg
2,1,20190830,083200,54,2,1886,80,1920,153,Sep06_1/98-20190830083200-snapshot.jpg
2,1,20190830,083630,79,2,827,68,882,144,Sep06_1/98-20190830083630-snapshot.jpg
2,1,20190830,083700,87,2,1187,294,1248,377,Sep06_1/98-20190830083700-snapshot.jpg
2,1,20190830,083730,88,2,797,506,913,580,Sep06_1/98-20190830083730-snapshot.jpg
2,1,20190830,083900,40,2,1887,81,1920,152,Sep06_1/98-20190830083900-snapshot.jpg
2,1,20190830,084030,42,2,1886,81,1920,153,Sep06_1/98-20190830084030-snapshot.jpg
2,1,20190830,084200,25,2,1887,81,1920,154,Sep06_1/98-20190830084200-snapshot.jpg
2,1,20190830,084430,30,2,1887,81,1920,152,Sep06_1/98-20190830084430-snapshot.jpg
