2,0,20190910,091200,55,5,1279,453,1369,530,Sep30_0/02-20190910091200-snapshot.jpg
2,0,20190910,093300,87,2,1725,13,1817,98,Sep30_0/02-20190910093300-snapshot.jpg
2,0,20190910,103500,88,2,399,332,490,411,Sep30_0/02-20190910103500-snapshot.jpg
2,0,20190910,113430,82,2,128,355,197,448,Sep30_0/02-20190910113430-snapshot.jpg
2,0,20190910,113500,40,2,119,442,182,533,Sep30_0/02-20190910113500-snapshot.jpg
2,0,20190910,113500,73,9,119,442,182,533,Sep30_0/02-20190910113500-snapshot.jpg
2,0,20190910,113530,83,2,741,929,834,996,Sep30_0/02-20190910113530-snapshot.jpg
2,0,20190910,114730,75,2,345,383,407,443,Sep30_0/02-20190910114730-snapshot.jpg
2,0,20190910,114800,86,2,643,358,723,437,Sep30_0/02-20190910114800-snapshot.jpg
2,0,20190910,120100,84,2,341,385,420,443,Sep30_0/02-20190910120100-snapshot.jpg
2,0,20190910,121100,88,2,579,395,669,467,Sep30_0/02-20190910121100-snapshot.jpg
2,0,20190910,121400,86,2,722,526,794,605,Sep30_0/02-20190910121400-snapshot.jpg
2,0,20190910,121530,81,2,998,287,1052,349,Sep30_0/02-20190910121530-snapshot.jpg
2,0,20190910,121700,81,2,672,37,728,96,Sep30_0/02-20190910121700-snapshot.jpg
2,0,20190910,124630,86,2,1699,31,1772,117,Sep30_0/02-20190910124630-snapshot.jpg
2,0,20190910,130600,87,2,265,367,366,442,Sep30_0/02-20190910130600-snapshot.jpg
2,0,20190910,130830,87,2,210,240,304,323,Sep30_0/02-20190910130830-snapshot.jpg
2,0,20190910,130900,86,9,508,469,582,566,Sep30_0/02-20190910130900-snapshot.jpg
2,0,20190910,131130,84,2,744,191,816,267,Sep30_0/02-20190910131130-snapshot.jpg
2,0,20190910,131430,70,2,1478,88,1531,142,Sep30_0/02-20190910131430-snapshot.jpg
2,0,20190910,131530,83,2,1367,126,1468,185,Sep30_0/02-20190910131530-snapshot.jpg
2,0,20190910,131600,87,2,1838,973,1918,1060,Sep30_0/02-20190910131600-snapshot.jpg
2,0,20190910,132130,66,2,1471,820,1549,876,Sep30_0/02-20190910132130-snapshot.jpg
2,0,20190910,132200,87,2,1092,264,1175,341,Sep30_0/02-20190910132200-snapshot.jpg
2,0,20190910,133330,89,2,392,344,485,424,Sep30_0/02-20190910133330-snapshot.jpg
2,0,20190910,133930,33,2,1609,921,1675,969,Sep30_0/02-20190910133930-snapshot.jpg
2,0,20190910,134430,88,2,1241,33,1333,103,Sep30_0/02-20190910134430-snapshot.jpg
2,0,20190910,142800,87,2,533,358,596,443,Sep30_0/02-20190910142800-snapshot.jpg
2,0,20190910,142900,70,2,1599,900,1666,971,Sep30_0/02-20190910142900-snapshot.jpg
2,0,20190910,143330,87,9,814,929,926,1007,Sep30_0/02-20190910143330-snapshot.jpg
2,0,20190910,143400,86,9,1304,119,1416,192,Sep30_0/02-20190910143400-snapshot.jpg
2,0,20190910,143600,54,2,572,613,652,664,Sep30_0/02-20190910143600-snapshot.jpg
2,0,20190910,145400,50,8,766,763,821,842,Sep30_0/02-20190910145400-snapshot.jpg
2,0,20190910,150300,86,2,681,15,769,82,Sep30_0/02-20190910150300-snapshot.jpg
2,0,20190910,151200,67,2,1421,29,1498,82,Sep30_0/02-20190910151200-snapshot.jpg
2,0,20190910,151300,87,2,312,569,411,643,Sep30_0/02-20190910151300-snapshot.jpg
2,0,20190910,151330,87,2,766,919,857,1001,Sep30_0/02-20190910151330-snapshot.jpg
2,0,20190910,152230,85,2,744,918,839,992,Sep30_0/02-20190910152230-snapshot.jpg
2,0,20190910,152300,84,9,1492,818,1553,911,Sep30_0/02-20190910152300-snapshot.jpg
2,0,20190910,152330,88,2,644,773,757,854,Sep30_0/02-20190910152330-snapshot.jpg
2,0,20190910,152400,86,2,789,185,872,247,Sep30_0/02-20190910152400-snapshot.jpg
2,0,20190910,152530,87,2,142,332,226,418,Sep30_0/02-20190910152530-snapshot.jpg
2,0,20190910,153700,88,2,508,444,570,528,Sep30_0/02-20190910153700-snapshot.jpg
2,0,20190910,155630,87,2,149,423,216,510,Sep30_0/02-20190910155630-snapshot.jpg
2,0,20190910,160200,87,2,561,323,646,406,Sep30_0/02-20190910160200-snapshot.jpg
2,0,20190910,160230,85,2,434,534,538,593,Sep30_0/02-20190910160230-snapshot.jpg
2,0,20190910,161230,88,2,822,912,911,997,Sep30_0/02-20190910161230-snapshot.jpg
2,0,20190910,163730,89,2,378,353,479,428,Sep30_0/02-20190910163730-snapshot.jpg
2,0,20190910,164000,87,2,1471,818,1537,901,Sep30_0/02-20190910164000-snapshot.jpg
2,0,20190910,195000,32,1,1298,608,1349,653,Sep30_0/02-20190910195000-snapshot.jpg
2,0,20190910,195030,37,1,1417,445,1467,488,Sep30_0/02-20190910195030-snapshot.jpg
2,0,20190910,195030,55,1,1299,609,1349,654,Sep30_0/02-20190910195030-snapshot.jpg
2,0,20190910,195130,58,1,1299,608,1350,654,Sep30_0/02-20190910195130-snapshot.jpg
2,0,20190910,195200,62,1,1297,609,1347,654,Sep30_0/02-20190910195200-snapshot.jpg
2,0,20190910,195230,76,1,1297,609,1349,655,Sep30_0/02-20190910195230-snapshot.jpg
2,0,20190910,195300,77,1,1295,607,1348,655,Sep30_0/02-20190910195300-snapshot.jpg
2,0,20190911,091800,90,2,851,933,960,1016,Sep30_0/05-20190911091800-snapshot.jpg
2,0,20190911,091930,82,2,238,618,330,707,Sep30_0/05-20190911091930-snapshot.jpg
2,0,20190911,102700,81,2,1185,1016,1267,1080,Sep30_0/05-20190911102700-snapshot.jpg
2,0,20190911,102730,82,2,1487,820,1577,892,Sep30_0/05-20190911102730-snapshot.jpg
2,0,20190911,103630,69,2,1467,344,1558,401,Sep30_0/05-20190911103630-snapshot.jpg
2,0,20190911,104200,53,2,1596,0,1666,49,Sep30_0/05-20190911104200-snapshot.jpg
2,0,20190911,105200,89,2,305,354,402,422,Sep30_0/06-20190911105200-snapshot.jpg
2,0,20190911,105600,87,2,556,392,646,459,Sep30_0/06-20190911105600-snapshot.jpg
2,0,20190911,112730,80,2,1812,510,1903,576,Sep30_0/06-20190911112730-snapshot.jpg
2,0,20190911,113530,46,2,810,311,884,400,Sep30_0/06-20190911113530-snapshot.jpg
2,0,20190911,114330,84,2,226,399,311,486,Sep30_0/06-20190911114330-snapshot.jpg
2,0,20190911,123130,82,2,155,461,234,539,Sep30_0/06-20190911123130-snapshot.jpg
2,0,20190911,123400,73,2,1430,17,1497,60,Sep30_0/06-20190911123400-snapshot.jpg
2,0,20190911,123630,86,2,419,360,472,443,Sep30_0/06-20190911123630-snapshot.jpg
2,0,20190911,123700,81,2,1417,817,1507,887,Sep30_0/06-20190911123700-snapshot.jpg
2,0,20190911,124930,86,9,797,918,898,990,Sep30_0/06-20190911124930-snapshot.jpg
2,0,20190911,125000,87,2,202,441,263,528,Sep30_0/06-20190911125000-snapshot.jpg
2,0,20190911,125400,72,2,74,472,148,527,Sep30_0/06-20190911125400-snapshot.jpg
2,0,20190911,125600,82,2,257,366,361,426,Sep30_0/06-20190911125600-snapshot.jpg
2,0,20190911,130030,88,2,1099,274,1183,353,Sep30_0/06-20190911130030-snapshot.jpg
2,0,20190911,130100,76,2,242,217,309,286,Sep30_0/06-20190911130100-snapshot.jpg
2,0,20190911,131200,84,2,1507,794,1567,876,Sep30_0/06-20190911131200-snapshot.jpg
2,0,20190911,131830,75,2,1734,99,1800,148,Sep30_0/06-20190911131830-snapshot.jpg
2,0,20190911,132000,85,2,530,369,619,427,Sep30_0/06-20190911132000-snapshot.jpg
2,0,20190911,132030,39,2,722,6,805,60,Sep30_0/06-20190911132030-snapshot.jpg
2,0,20190911,132100,86,2,149,407,261,466,Sep30_0/06-20190911132100-snapshot.jpg
2,0,20190911,133130,49,2,742,20,792,77,Sep30_0/06-20190911133130-snapshot.jpg
2,0,20190911,133700,88,2,1644,564,1730,641,Sep30_0/06-20190911133700-snapshot.jpg
2,0,20190911,133800,73,2,302,378,371,464,Sep30_0/06-20190911133800-snapshot.jpg
2,0,20190911,133830,33,1,385,63,428,102,Sep30_0/06-20190911133830-snapshot.jpg
2,0,20190911,133830,88,2,769,928,869,999,Sep30_0/06-20190911133830-snapshot.jpg
2,0,20190911,133930,88,2,473,317,531,408,Sep30_0/06-20190911133930-snapshot.jpg
2,0,20190911,134030,88,2,342,442,440,504,Sep30_0/06-20190911134030-snapshot.jpg
2,0,20190911,135230,86,2,262,622,335,726,Sep30_0/06-20190911135230-snapshot.jpg
2,0,20190911,140300,82,2,363,374,444,426,Sep30_0/06-20190911140300-snapshot.jpg
2,0,20190911,141300,85,2,768,931,859,1000,Sep30_0/06-20190911141300-snapshot.jpg
2,0,20190911,141330,83,2,1102,228,1190,294,Sep30_0/06-20190911141330-snapshot.jpg
2,0,20190911,141530,80,2,758,530,848,592,Sep30_0/06-20190911141530-snapshot.jpg
2,0,20190911,142100,89,2,1430,114,1514,178,Sep30_0/06-20190911142100-snapshot.jpg
2,0,20190911,142900,86,2,192,472,258,562,Sep30_0/06-20190911142900-snapshot.jpg
2,0,20190911,143230,87,2,1652,564,1726,648,Sep30_0/06-20190911143230-snapshot.jpg
2,0,20190911,143300,86,2,1484,821,1584,889,Sep30_0/06-20190911143300-snapshot.jpg
2,0,20190911,143500,85,2,1506,40,1566,109,Sep30_0/06-20190911143500-snapshot.jpg
2,0,20190911,143530,64,2,1736,104,1811,161,Sep30_0/06-20190911143530-snapshot.jpg
2,0,20190911,143530,85,2,496,482,585,538,Sep30_0/06-20190911143530-snapshot.jpg
2,0,20190911,144330,87,2,859,973,943,1056,Sep30_0/06-20190911144330-snapshot.jpg
2,0,20190911,145430,85,2,526,809,619,872,Sep30_0/06-20190911145430-snapshot.jpg
2,0,20190911,150330,85,2,905,199,977,285,Sep30_0/06-20190911150330-snapshot.jpg
2,0,20190911,150430,84,2,1021,245,1083,320,Sep30_0/06-20190911150430-snapshot.jpg
2,0,20190911,151000,80,2,897,982,985,1063,Sep30_0/06-20190911151000-snapshot.jpg
2,0,20190911,151230,88,2,565,457,624,537,Sep30_0/06-20190911151230-snapshot.jpg
2,0,20190911,151400,82,2,398,337,462,401,Sep30_0/06-20190911151400-snapshot.jpg
2,0,20190911,151430,66,2,994,366,1047,418,Sep30_0/06-20190911151430-snapshot.jpg
2,0,20190911,151630,88,2,277,352,382,409,Sep30_0/06-20190911151630-snapshot.jpg
2,0,20190911,152430,86,2,1418,13,1478,90,Sep30_0/06-20190911152430-snapshot.jpg
2,0,20190911,152930,82,2,1260,2,1354,48,Sep30_0/06-20190911152930-snapshot.jpg
2,0,20190911,153030,84,2,1667,567,1729,643,Sep30_0/06-20190911153030-snapshot.jpg
2,0,20190911,153100,87,2,968,310,1052,381,Sep30_0/06-20190911153100-snapshot.jpg
2,0,20190911,153300,82,2,25,519,117,583,Sep30_0/06-20190911153300-snapshot.jpg
2,0,20190911,153330,84,2,150,385,237,442,Sep30_0/06-20190911153330-snapshot.jpg
2,0,20190911,153830,88,2,565,453,649,512,Sep30_0/06-20190911153830-snapshot.jpg
2,0,20190911,154230,88,2,1416,70,1478,160,Sep30_0/06-20190911154230-snapshot.jpg
2,0,20190911,155000,85,8,438,100,504,189,Sep30_0/06-20190911155000-snapshot.jpg
2,0,20190911,155100,86,2,764,546,857,598,Sep30_0/06-20190911155100-snapshot.jpg
2,0,20190911,155130,80,2,910,848,995,947,Sep30_0/06-20190911155130-snapshot.jpg
2,0,20190911,155130,87,2,469,335,521,411,Sep30_0/06-20190911155130-snapshot.jpg
2,0,20190911,155630,87,2,338,379,437,434,Sep30_0/06-20190911155630-snapshot.jpg
2,0,20190911,160030,43,2,260,230,321,287,Sep30_0/06-20190911160030-snapshot.jpg
2,0,20190911,160330,87,2,793,888,876,977,Sep30_0/06-20190911160330-snapshot.jpg
2,0,20190911,160900,87,2,1525,807,1616,866,Sep30_0/06-20190911160900-snapshot.jpg
2,0,20190911,161230,79,2,419,278,489,342,Sep30_0/06-20190911161230-snapshot.jpg
2,0,20190911,161430,86,2,185,513,266,593,Sep30_0/06-20190911161430-snapshot.jpg
2,0,20190911,161700,44,2,1640,1,1714,42,Sep30_0/06-20190911161700-snapshot.jpg
2,0,20190911,161900,86,2,579,432,638,513,Sep30_0/06-20190911161900-snapshot.jpg
2,0,20190911,162000,84,2,123,381,204,457,Sep30_0/06-20190911162000-snapshot.jpg
2,0,20190911,162600,67,2,833,1032,906,1078,Sep30_0/06-20190911162600-snapshot.jpg
2,0,20190911,163200,84,2,564,845,647,934,Sep30_0/06-20190911163200-snapshot.jpg
2,0,20190911,163230,85,2,458,450,544,512,Sep30_0/06-20190911163230-snapshot.jpg
2,0,20190911,163330,84,2,544,362,614,435,Sep30_0/06-20190911163330-snapshot.jpg
2,0,20190911,163830,89,2,865,973,951,1056,Sep30_0/06-20190911163830-snapshot.jpg
2,0,20190911,163930,83,2,805,311,891,358,Sep30_0/06-20190911163930-snapshot.jpg
2,0,20190911,164530,89,2,465,366,548,442,Sep30_0/06-20190911164530-snapshot.jpg
2,0,20190911,164700,87,2,219,434,295,503,Sep30_0/06-20190911164700-snapshot.jpg
2,0,20190911,165000,40,2,533,411,582,465,Sep30_0/06-20190911165000-snapshot.jpg
2,0,20190911,165500,66,2,148,367,224,434,Sep30_0/06-20190911165500-snapshot.jpg
2,0,20190911,170100,80,2,1490,808,1554,879,Sep30_0/06-20190911170100-snapshot.jpg
2,0,20190911,170130,85,2,265,459,359,510,Sep30_0/06-20190911170130-snapshot.jpg
2,0,20190911,171400,66,2,1132,320,1200,371,Sep30_0/06-20190911171400-snapshot.jpg
2,0,20190911,171500,38,2,1041,380,1106,422,Sep30_0/06-20190911171500-snapshot.jpg
2,0,20190911,171830,79,2,1110,258,1170,314,Sep30_0/06-20190911171830-snapshot.jpg
2,0,20190911,172200,62,2,947,15,1003,75,Sep30_0/06-20190911172200-snapshot.jpg
2,0,20190911,173630,72,2,270,176,359,233,Sep30_0/06-20190911173630-snapshot.jpg
2,0,20190911,173630,85,2,409,459,470,528,Sep30_0/06-20190911173630-snapshot.jpg
2,0,20190911,174300,87,2,1044,379,1139,429,Sep30_0/06-20190911174300-snapshot.jpg
2,0,20190911,174600,88,2,533,347,588,430,Sep30_0/06-20190911174600-snapshot.jpg
2,0,20190911,180530,29,1,699,720,738,751,Sep30_0/06-20190911180530-snapshot.jpg
2,0,20190911,194800,32,1,1305,608,1353,652,Sep30_0/07-20190911194800-snapshot.jpg
2,0,20190911,194830,68,1,1305,607,1353,651,Sep30_0/07-20190911194830-snapshot.jpg
2,0,20190911,194900,39,1,1305,606,1353,651,Sep30_0/07-20190911194900-snapshot.jpg
2,0,20190911,194930,34,1,1304,609,1351,652,Sep30_0/07-20190911194930-snapshot.jpg
2,0,20190911,195000,38,1,1304,609,1351,653,Sep30_0/08-20190911195000-snapshot.jpg
2,0,20190912,063400,52,1,1305,605,1358,652,Sep30_0/10-20190912063400-snapshot.jpg
2,0,20190912,063430,38,1,1305,607,1356,652,Sep30_0/10-20190912063430-snapshot.jpg
2,0,20190912,063500,73,1,1305,606,1357,651,Sep30_0/10-20190912063500-snapshot.jpg
2,0,20190912,063530,57,1,1306,606,1356,651,Sep30_0/10-20190912063530-snapshot.jpg
2,0,20190912,063600,78,1,1305,607,1356,652,Sep30_0/10-20190912063600-snapshot.jpg
2,0,20190912,063630,72,1,1306,607,1357,652,Sep30_0/10-20190912063630-snapshot.jpg
2,0,20190912,063700,33,1,1306,607,1356,651,Sep30_0/10-20190912063700-snapshot.jpg
2,0,20190912,063730,28,1,1307,609,1357,652,Sep30_0/10-20190912063730-snapshot.jpg
2,0,20190912,063730,45,1,1422,443,1470,483,Sep30_0/10-20190912063730-snapshot.jpg
2,0,20190912,064000,65,1,1408,660,1461,706,Sep30_0/10-20190912064000-snapshot.jpg
2,0,20190914,151530,62,2,1777,0,1848,58,Sep30_0/100-20190914151530-snapshot.jpg
2,0,20190914,151530,72,2,882,547,932,612,Sep30_0/100-20190914151530-snapshot.jpg
2,0,20190914,151600,38,2,1777,0,1849,56,Sep30_0/100-20190914151600-snapshot.jpg
2,0,20190914,151600,57,2,882,546,933,611,Sep30_0/100-20190914151600-snapshot.jpg
2,0,20190914,151630,42,2,1779,0,1849,51,Sep30_0/100-20190914151630-snapshot.jpg
2,0,20190914,151630,74,2,881,547,932,611,Sep30_0/100-20190914151630-snapshot.jpg
2,0,20190914,151700,33,2,1779,0,1849,51,Sep30_0/100-20190914151700-snapshot.jpg
2,0,20190914,151700,63,2,882,546,932,611,Sep30_0/100-20190914151700-snapshot.jpg
2,0,20190914,151730,56,2,882,547,932,611,Sep30_0/100-20190914151730-snapshot.jpg
2,0,20190914,151730,59,2,1777,0,1847,56,Sep30_0/100-20190914151730-snapshot.jpg
2,0,20190914,151800,53,2,882,548,932,611,Sep30_0/100-20190914151800-snapshot.jpg
2,0,20190914,151800,60,2,1778,0,1849,58,Sep30_0/100-20190914151800-snapshot.jpg
2,0,20190914,151830,54,2,882,548,932,613,Sep30_0/100-20190914151830-snapshot.jpg
2,0,20190914,151830,58,2,1779,0,1849,55,Sep30_0/100-20190914151830-snapshot.jpg
2,0,20190914,151900,45,2,883,548,932,610,Sep30_0/100-20190914151900-snapshot.jpg
2,0,20190914,151900,55,2,1778,0,1849,58,Sep30_0/100-20190914151900-snapshot.jpg
2,0,20190914,151930,57,2,882,547,932,611,Sep30_0/100-20190914151930-snapshot.jpg
2,0,20190914,151930,59,2,1778,0,1849,56,Sep30_0/100-20190914151930-snapshot.jpg
2,0,20190914,152000,52,2,1778,0,1849,54,Sep30_0/100-20190914152000-snapshot.jpg
2,0,20190914,152000,53,2,882,547,932,612,Sep30_0/100-20190914152000-snapshot.jpg
2,0,20190914,152030,63,2,1777,0,1850,58,Sep30_0/100-20190914152030-snapshot.jpg
2,0,20190914,152030,73,2,881,547,932,612,Sep30_0/100-20190914152030-snapshot.jpg
2,0,20190914,152100,60,2,1777,0,1849,57,Sep30_0/100-20190914152100-snapshot.jpg
2,0,20190914,152100,65,2,882,548,932,612,Sep30_0/100-20190914152100-snapshot.jpg
2,0,20190914,152130,58,2,1778,0,1849,57,Sep30_0/100-20190914152130-snapshot.jpg
2,0,20190914,152130,64,2,882,547,931,611,Sep30_0/100-20190914152130-snapshot.jpg
2,0,20190914,152200,62,2,882,547,933,611,Sep30_0/100-20190914152200-snapshot.jpg
2,0,20190914,152200,63,2,1777,0,1850,59,Sep30_0/100-20190914152200-snapshot.jpg
2,0,20190914,152230,46,2,1778,0,1850,56,Sep30_0/100-20190914152230-snapshot.jpg
2,0,20190914,152230,52,2,882,548,932,611,Sep30_0/100-20190914152230-snapshot.jpg
2,0,20190914,152300,43,2,1778,0,1846,53,Sep30_0/100-20190914152300-snapshot.jpg
2,0,20190914,152300,52,2,882,547,932,610,Sep30_0/100-20190914152300-snapshot.jpg
2,0,20190914,152330,59,2,1777,0,1849,58,Sep30_0/101-20190914152330-snapshot.jpg
2,0,20190914,152330,71,2,882,547,932,611,Sep30_0/101-20190914152330-snapshot.jpg
2,0,20190914,152400,63,2,1776,0,1848,59,Sep30_0/101-20190914152400-snapshot.jpg
2,0,20190914,152400,65,2,882,546,932,611,Sep30_0/101-20190914152400-snapshot.jpg
2,0,20190914,152430,50,2,882,547,933,610,Sep30_0/101-20190914152430-snapshot.jpg
2,0,20190914,152430,63,2,1777,0,1850,58,Sep30_0/101-20190914152430-snapshot.jpg
2,0,20190914,152500,47,2,883,547,932,609,Sep30_0/101-20190914152500-snapshot.jpg
2,0,20190914,152500,54,2,1777,0,1847,54,Sep30_0/101-20190914152500-snapshot.jpg
2,0,20190914,152530,47,2,1777,0,1849,55,Sep30_0/101-20190914152530-snapshot.jpg
2,0,20190914,152530,70,2,882,547,932,612,Sep30_0/101-20190914152530-snapshot.jpg
2,0,20190914,152600,37,2,883,547,932,609,Sep30_0/101-20190914152600-snapshot.jpg
2,0,20190914,152600,55,2,1778,0,1850,56,Sep30_0/101-20190914152600-snapshot.jpg
2,0,20190914,152630,61,2,1777,0,1848,57,Sep30_0/101-20190914152630-snapshot.jpg
2,0,20190914,152630,67,2,882,547,932,612,Sep30_0/101-20190914152630-snapshot.jpg
2,0,20190914,152700,51,2,1779,0,1849,56,Sep30_0/101-20190914152700-snapshot.jpg
2,0,20190914,152700,53,2,882,548,932,611,Sep30_0/101-20190914152700-snapshot.jpg
2,0,20190914,152730,46,2,1778,0,1848,53,Sep30_0/101-20190914152730-snapshot.jpg
2,0,20190914,152730,65,2,881,547,932,611,Sep30_0/101-20190914152730-snapshot.jpg
2,0,20190914,152800,68,2,882,548,933,612,Sep30_0/101-20190914152800-snapshot.jpg
2,0,20190914,152830,57,2,1778,0,1849,55,Sep30_0/101-20190914152830-snapshot.jpg
2,0,20190914,152830,78,2,881,547,932,614,Sep30_0/101-20190914152830-snapshot.jpg
2,0,20190914,152830,84,8,825,455,888,540,Sep30_0/101-20190914152830-snapshot.jpg
2,0,20190914,152900,62,2,1777,0,1848,57,Sep30_0/101-20190914152900-snapshot.jpg
2,0,20190914,152900,74,2,882,548,933,613,Sep30_0/101-20190914152900-snapshot.jpg
2,0,20190914,152930,49,2,882,548,933,612,Sep30_0/101-20190914152930-snapshot.jpg
2,0,20190914,152930,65,2,1778,0,1850,58,Sep30_0/101-20190914152930-snapshot.jpg
2,0,20190914,153000,51,2,1778,0,1847,54,Sep30_0/101-20190914153000-snapshot.jpg
2,0,20190914,153000,54,2,882,548,932,611,Sep30_0/101-20190914153000-snapshot.jpg
2,0,20190914,153030,45,2,1779,0,1848,53,Sep30_0/101-20190914153030-snapshot.jpg
2,0,20190914,153030,69,2,882,548,932,612,Sep30_0/101-20190914153030-snapshot.jpg
2,0,20190914,153100,62,2,882,548,932,612,Sep30_0/101-20190914153100-snapshot.jpg
2,0,20190914,153100,66,2,1776,0,1850,61,Sep30_0/101-20190914153100-snapshot.jpg
2,0,20190914,153130,49,2,1778,0,1848,55,Sep30_0/101-20190914153130-snapshot.jpg
2,0,20190914,153130,68,2,882,548,932,611,Sep30_0/101-20190914153130-snapshot.jpg
2,0,20190914,153200,60,2,1778,0,1848,57,Sep30_0/101-20190914153200-snapshot.jpg
2,0,20190914,153200,72,2,882,548,932,612,Sep30_0/101-20190914153200-snapshot.jpg
2,0,20190914,153230,59,2,1778,0,1849,56,Sep30_0/101-20190914153230-snapshot.jpg
2,0,20190914,153230,63,2,882,549,933,612,Sep30_0/101-20190914153230-snapshot.jpg
2,0,20190914,153300,64,2,1777,0,1849,59,Sep30_0/101-20190914153300-snapshot.jpg
2,0,20190914,153300,65,2,882,549,933,613,Sep30_0/101-20190914153300-snapshot.jpg
2,0,20190914,153330,59,2,1779,0,1850,57,Sep30_0/101-20190914153330-snapshot.jpg
2,0,20190914,153330,68,2,882,547,932,611,Sep30_0/101-20190914153330-snapshot.jpg
2,0,20190914,153400,57,2,1778,0,1847,57,Sep30_0/101-20190914153400-snapshot.jpg
2,0,20190914,153400,62,2,882,548,932,610,Sep30_0/101-20190914153400-snapshot.jpg
2,0,20190914,153430,52,2,1778,0,1849,57,Sep30_0/101-20190914153430-snapshot.jpg
2,0,20190914,153430,66,2,882,548,932,612,Sep30_0/101-20190914153430-snapshot.jpg
2,0,20190914,153500,55,2,1778,0,1849,56,Sep30_0/101-20190914153500-snapshot.jpg
2,0,20190914,153500,72,2,882,548,932,612,Sep30_0/101-20190914153500-snapshot.jpg
2,0,20190914,153530,40,2,1778,0,1848,55,Sep30_0/101-20190914153530-snapshot.jpg
2,0,20190914,153530,59,2,882,548,933,612,Sep30_0/101-20190914153530-snapshot.jpg
2,0,20190914,153600,46,2,1779,0,1849,53,Sep30_0/101-20190914153600-snapshot.jpg
2,0,20190914,153600,55,2,882,548,932,612,Sep30_0/101-20190914153600-snapshot.jpg
2,0,20190914,153630,57,2,1777,0,1849,57,Sep30_0/101-20190914153630-snapshot.jpg
2,0,20190914,153630,61,2,883,549,932,609,Sep30_0/101-20190914153630-snapshot.jpg
2,0,20190914,153630,80,8,1476,596,1574,647,Sep30_0/101-20190914153630-snapshot.jpg
2,0,20190914,153700,52,2,882,548,932,611,Sep30_0/101-20190914153700-snapshot.jpg
2,0,20190914,153700,63,2,1777,0,1849,58,Sep30_0/101-20190914153700-snapshot.jpg
2,0,20190914,153730,48,2,883,549,932,611,Sep30_0/101-20190914153730-snapshot.jpg
2,0,20190914,153730,51,2,1778,0,1848,54,Sep30_0/101-20190914153730-snapshot.jpg
2,0,20190914,153800,39,2,1778,0,1847,54,Sep30_0/101-20190914153800-snapshot.jpg
2,0,20190914,153800,63,2,882,548,933,612,Sep30_0/101-20190914153800-snapshot.jpg
2,0,20190914,153830,64,2,1779,0,1850,56,Sep30_0/101-20190914153830-snapshot.jpg
2,0,20190914,153830,68,2,881,548,932,613,Sep30_0/101-20190914153830-snapshot.jpg
2,0,20190914,153900,58,2,1778,0,1847,54,Sep30_0/101-20190914153900-snapshot.jpg
2,0,20190914,153900,59,2,882,548,932,610,Sep30_0/101-20190914153900-snapshot.jpg
2,0,20190914,153930,48,2,882,547,932,610,Sep30_0/101-20190914153930-snapshot.jpg
2,0,20190914,153930,57,2,1778,0,1849,57,Sep30_0/101-20190914153930-snapshot.jpg
2,0,20190914,154000,48,2,883,547,932,609,Sep30_0/101-20190914154000-snapshot.jpg
2,0,20190914,154000,52,2,1778,0,1848,55,Sep30_0/101-20190914154000-snapshot.jpg
2,0,20190914,154030,54,2,1778,0,1849,56,Sep30_0/101-20190914154030-snapshot.jpg
2,0,20190914,154030,56,2,882,548,932,609,Sep30_0/101-20190914154030-snapshot.jpg
2,0,20190914,154100,54,2,1779,0,1850,55,Sep30_0/101-20190914154100-snapshot.jpg
2,0,20190914,154100,58,2,883,547,932,610,Sep30_0/101-20190914154100-snapshot.jpg
2,0,20190914,154130,67,2,882,547,932,611,Sep30_0/101-20190914154130-snapshot.jpg
2,0,20190914,154200,56,2,882,549,932,612,Sep30_0/101-20190914154200-snapshot.jpg
2,0,20190914,154200,61,2,1778,0,1850,57,Sep30_0/101-20190914154200-snapshot.jpg
2,0,20190914,154230,59,2,881,548,932,613,Sep30_0/101-20190914154230-snapshot.jpg
2,0,20190914,154230,65,2,1778,0,1850,57,Sep30_0/101-20190914154230-snapshot.jpg
2,0,20190914,154300,51,2,882,549,932,611,Sep30_0/101-20190914154300-snapshot.jpg
2,0,20190914,154300,58,2,1778,0,1849,56,Sep30_0/101-20190914154300-snapshot.jpg
2,0,20190914,154330,48,2,1779,0,1849,54,Sep30_0/101-20190914154330-snapshot.jpg
2,0,20190914,154330,71,2,881,549,932,615,Sep30_0/101-20190914154330-snapshot.jpg
2,0,20190914,154400,58,2,1779,0,1849,56,Sep30_0/101-20190914154400-snapshot.jpg
2,0,20190914,154400,66,2,882,548,932,613,Sep30_0/101-20190914154400-snapshot.jpg
2,0,20190914,154430,46,2,882,549,932,612,Sep30_0/101-20190914154430-snapshot.jpg
2,0,20190914,154430,61,2,1778,0,1849,57,Sep30_0/101-20190914154430-snapshot.jpg
2,0,20190914,154500,61,2,1779,0,1851,57,Sep30_0/101-20190914154500-snapshot.jpg
2,0,20190914,154500,71,2,882,550,932,614,Sep30_0/101-20190914154500-snapshot.jpg
2,0,20190914,154530,38,2,1780,0,1849,52,Sep30_0/101-20190914154530-snapshot.jpg
2,0,20190914,154530,70,2,882,549,932,613,Sep30_0/101-20190914154530-snapshot.jpg
2,0,20190914,154600,53,2,882,548,932,613,Sep30_0/101-20190914154600-snapshot.jpg
2,0,20190914,154600,54,2,1780,0,1850,54,Sep30_0/101-20190914154600-snapshot.jpg
2,0,20190914,154630,49,2,883,548,932,611,Sep30_0/101-20190914154630-snapshot.jpg
2,0,20190914,154630,52,2,1780,0,1851,55,Sep30_0/101-20190914154630-snapshot.jpg
2,0,20190914,154700,38,2,883,549,932,611,Sep30_0/101-20190914154700-snapshot.jpg
2,0,20190914,154700,58,2,1780,0,1852,55,Sep30_0/101-20190914154700-snapshot.jpg
2,0,20190914,154730,58,2,1779,0,1850,56,Sep30_0/101-20190914154730-snapshot.jpg
2,0,20190914,154730,60,2,882,549,932,613,Sep30_0/101-20190914154730-snapshot.jpg
2,0,20190914,154800,60,2,1780,0,1850,55,Sep30_0/101-20190914154800-snapshot.jpg
2,0,20190914,154800,72,2,882,550,932,615,Sep30_0/101-20190914154800-snapshot.jpg
2,0,20190914,154830,60,2,1779,0,1850,56,Sep30_0/101-20190914154830-snapshot.jpg
2,0,20190914,154830,61,2,882,550,931,613,Sep30_0/101-20190914154830-snapshot.jpg
2,0,20190914,154900,59,2,1779,0,1850,57,Sep30_0/101-20190914154900-snapshot.jpg
2,0,20190914,154900,62,2,882,550,932,614,Sep30_0/101-20190914154900-snapshot.jpg
2,0,20190914,154930,58,2,1780,0,1850,56,Sep30_0/101-20190914154930-snapshot.jpg
2,0,20190914,154930,70,2,882,549,932,614,Sep30_0/101-20190914154930-snapshot.jpg
2,0,20190914,155000,46,2,1779,0,1848,54,Sep30_0/101-20190914155000-snapshot.jpg
2,0,20190914,155000,60,2,881,549,932,614,Sep30_0/101-20190914155000-snapshot.jpg
2,0,20190914,155030,58,2,882,550,932,613,Sep30_0/101-20190914155030-snapshot.jpg
2,0,20190914,155030,62,2,1779,0,1850,58,Sep30_0/101-20190914155030-snapshot.jpg
2,0,20190914,155100,57,2,1779,0,1849,56,Sep30_0/101-20190914155100-snapshot.jpg
2,0,20190914,155100,60,2,882,550,932,613,Sep30_0/101-20190914155100-snapshot.jpg
2,0,20190914,155130,61,2,1779,0,1850,57,Sep30_0/101-20190914155130-snapshot.jpg
2,0,20190914,155130,62,2,882,549,932,614,Sep30_0/101-20190914155130-snapshot.jpg
2,0,20190914,155200,60,2,1779,0,1850,58,Sep30_0/101-20190914155200-snapshot.jpg
2,0,20190914,155200,67,2,882,550,932,612,Sep30_0/101-20190914155200-snapshot.jpg
2,0,20190914,155230,40,2,883,550,932,612,Sep30_0/101-20190914155230-snapshot.jpg
2,0,20190914,155230,47,2,1779,0,1849,54,Sep30_0/101-20190914155230-snapshot.jpg
2,0,20190914,155300,54,2,1780,0,1850,55,Sep30_0/101-20190914155300-snapshot.jpg
2,0,20190914,155300,61,2,882,549,932,612,Sep30_0/101-20190914155300-snapshot.jpg
2,0,20190914,155330,49,2,882,549,932,612,Sep30_0/101-20190914155330-snapshot.jpg
2,0,20190914,155330,57,2,1779,0,1851,57,Sep30_0/101-20190914155330-snapshot.jpg
2,0,20190914,155400,51,2,1779,0,1848,55,Sep30_0/101-20190914155400-snapshot.jpg
2,0,20190914,155400,63,2,881,549,931,613,Sep30_0/101-20190914155400-snapshot.jpg
2,0,20190914,155430,48,2,1778,0,1849,55,Sep30_0/101-20190914155430-snapshot.jpg
2,0,20190914,155430,55,2,882,549,932,611,Sep30_0/101-20190914155430-snapshot.jpg
2,0,20190914,155500,62,2,1778,0,1851,58,Sep30_0/101-20190914155500-snapshot.jpg
2,0,20190914,155500,64,2,882,549,932,613,Sep30_0/101-20190914155500-snapshot.jpg
2,0,20190914,155530,57,2,1779,0,1851,57,Sep30_0/101-20190914155530-snapshot.jpg
2,0,20190914,155530,58,2,882,549,932,612,Sep30_0/101-20190914155530-snapshot.jpg
2,0,20190914,155600,52,2,1779,0,1850,56,Sep30_0/101-20190914155600-snapshot.jpg
2,0,20190914,155600,66,2,882,550,932,612,Sep30_0/101-20190914155600-snapshot.jpg
2,0,20190914,155630,48,2,882,549,931,611,Sep30_0/101-20190914155630-snapshot.jpg
2,0,20190914,155630,59,2,1780,0,1851,55,Sep30_0/101-20190914155630-snapshot.jpg
2,0,20190914,155700,56,2,882,549,932,611,Sep30_0/101-20190914155700-snapshot.jpg
2,0,20190914,155700,57,2,1779,0,1851,55,Sep30_0/101-20190914155700-snapshot.jpg
2,0,20190914,155730,53,2,883,549,933,612,Sep30_0/101-20190914155730-snapshot.jpg
2,0,20190914,155730,56,2,1780,0,1851,55,Sep30_0/101-20190914155730-snapshot.jpg
2,0,20190914,155800,51,2,1780,0,1849,53,Sep30_0/101-20190914155800-snapshot.jpg
2,0,20190914,155800,64,2,882,549,932,611,Sep30_0/101-20190914155800-snapshot.jpg
2,0,20190914,155830,42,2,1780,0,1849,53,Sep30_0/101-20190914155830-snapshot.jpg
2,0,20190914,155830,67,2,881,549,932,614,Sep30_0/101-20190914155830-snapshot.jpg
2,0,20190914,155900,52,2,1780,0,1850,54,Sep30_0/101-20190914155900-snapshot.jpg
2,0,20190914,155900,58,2,882,549,932,613,Sep30_0/101-20190914155900-snapshot.jpg
2,0,20190914,155930,45,2,1780,0,1850,54,Sep30_0/101-20190914155930-snapshot.jpg
2,0,20190914,155930,55,2,882,550,931,611,Sep30_0/101-20190914155930-snapshot.jpg
2,0,20190914,160000,61,2,1778,0,1849,57,Sep30_0/101-20190914160000-snapshot.jpg
2,0,20190914,160000,70,2,882,550,933,614,Sep30_0/101-20190914160000-snapshot.jpg
2,0,20190914,160030,30,2,1780,0,1849,53,Sep30_0/101-20190914160030-snapshot.jpg
2,0,20190914,160030,62,2,882,549,932,613,Sep30_0/101-20190914160030-snapshot.jpg
2,0,20190914,160100,37,2,1779,0,1848,55,Sep30_0/101-20190914160100-snapshot.jpg
2,0,20190914,160100,70,2,881,549,932,613,Sep30_0/101-20190914160100-snapshot.jpg
2,0,20190914,160130,53,2,1780,0,1850,55,Sep30_0/101-20190914160130-snapshot.jpg
2,0,20190914,160130,62,2,882,549,932,613,Sep30_0/101-20190914160130-snapshot.jpg
2,0,20190914,160200,51,2,1779,0,1850,55,Sep30_0/101-20190914160200-snapshot.jpg
2,0,20190914,160200,67,2,882,550,932,614,Sep30_0/101-20190914160200-snapshot.jpg
2,0,20190914,160230,57,2,1780,0,1851,56,Sep30_0/101-20190914160230-snapshot.jpg
2,0,20190914,160230,60,2,882,549,932,612,Sep30_0/101-20190914160230-snapshot.jpg
2,0,20190914,160300,43,2,1780,0,1851,55,Sep30_0/101-20190914160300-snapshot.jpg
2,0,20190914,160300,59,2,883,547,931,610,Sep30_0/101-20190914160300-snapshot.jpg
2,0,20190914,160330,56,2,1778,0,1849,56,Sep30_0/101-20190914160330-snapshot.jpg
2,0,20190914,160330,64,2,882,549,932,613,Sep30_0/101-20190914160330-snapshot.jpg
2,0,20190914,160400,58,2,1779,0,1850,56,Sep30_0/101-20190914160400-snapshot.jpg
2,0,20190914,160400,72,2,882,548,932,613,Sep30_0/101-20190914160400-snapshot.jpg
2,0,20190914,160430,58,2,1779,0,1851,57,Sep30_0/101-20190914160430-snapshot.jpg
2,0,20190914,160430,64,2,881,547,932,612,Sep30_0/101-20190914160430-snapshot.jpg
2,0,20190914,160500,57,2,1779,0,1849,54,Sep30_0/101-20190914160500-snapshot.jpg
2,0,20190914,160500,70,2,881,548,932,613,Sep30_0/101-20190914160500-snapshot.jpg
2,0,20190914,160530,37,2,882,547,933,611,Sep30_0/101-20190914160530-snapshot.jpg
2,0,20190914,160530,57,2,1779,0,1850,55,Sep30_0/101-20190914160530-snapshot.jpg
2,0,20190914,160600,47,2,1780,0,1850,54,Sep30_0/101-20190914160600-snapshot.jpg
2,0,20190914,160600,75,2,881,548,932,614,Sep30_0/101-20190914160600-snapshot.jpg
2,0,20190914,160630,55,2,1779,0,1849,55,Sep30_0/101-20190914160630-snapshot.jpg
2,0,20190914,160630,71,2,881,547,932,613,Sep30_0/101-20190914160630-snapshot.jpg
2,0,20190914,160700,44,2,1778,0,1848,53,Sep30_0/101-20190914160700-snapshot.jpg
2,0,20190914,160700,72,2,881,547,932,613,Sep30_0/101-20190914160700-snapshot.jpg
2,0,20190914,160730,62,2,1778,0,1849,56,Sep30_0/101-20190914160730-snapshot.jpg
2,0,20190914,160730,71,2,881,547,933,614,Sep30_0/101-20190914160730-snapshot.jpg
2,0,20190914,160800,60,2,1778,0,1849,56,Sep30_0/101-20190914160800-snapshot.jpg
2,0,20190914,160800,71,2,881,546,932,613,Sep30_0/101-20190914160800-snapshot.jpg
2,0,20190914,160830,61,2,1778,0,1849,56,Sep30_0/101-20190914160830-snapshot.jpg
2,0,20190914,160830,73,2,881,547,932,614,Sep30_0/101-20190914160830-snapshot.jpg
2,0,20190914,160900,59,2,1779,0,1849,55,Sep30_0/101-20190914160900-snapshot.jpg
2,0,20190914,160900,61,2,882,547,932,612,Sep30_0/101-20190914160900-snapshot.jpg
2,0,20190914,160930,57,2,1779,0,1849,53,Sep30_0/101-20190914160930-snapshot.jpg
2,0,20190914,160930,72,2,881,546,932,613,Sep30_0/101-20190914160930-snapshot.jpg
2,0,20190914,161000,48,2,1779,0,1849,53,Sep30_0/101-20190914161000-snapshot.jpg
2,0,20190914,161000,74,2,881,547,932,614,Sep30_0/101-20190914161000-snapshot.jpg
2,0,20190914,161030,62,2,1779,0,1849,56,Sep30_0/101-20190914161030-snapshot.jpg
2,0,20190914,161030,75,2,881,547,932,612,Sep30_0/101-20190914161030-snapshot.jpg
2,0,20190914,161100,59,2,1779,0,1848,54,Sep30_0/101-20190914161100-snapshot.jpg
2,0,20190914,161100,69,2,881,548,931,612,Sep30_0/101-20190914161100-snapshot.jpg
2,0,20190914,161130,59,2,1779,0,1850,56,Sep30_0/101-20190914161130-snapshot.jpg
2,0,20190914,161130,72,2,881,548,932,613,Sep30_0/101-20190914161130-snapshot.jpg
2,0,20190914,161200,51,2,1779,0,1849,53,Sep30_0/101-20190914161200-snapshot.jpg
2,0,20190914,161200,69,2,882,548,932,614,Sep30_0/101-20190914161200-snapshot.jpg
2,0,20190914,161230,55,2,1779,0,1850,56,Sep30_0/101-20190914161230-snapshot.jpg
2,0,20190914,161230,70,2,882,548,932,614,Sep30_0/101-20190914161230-snapshot.jpg
2,0,20190914,161300,58,2,1779,0,1849,55,Sep30_0/102-20190914161300-snapshot.jpg
2,0,20190914,161300,75,2,881,548,933,615,Sep30_0/102-20190914161300-snapshot.jpg
2,0,20190914,161330,58,2,1779,0,1849,54,Sep30_0/102-20190914161330-snapshot.jpg
2,0,20190914,161330,61,2,882,547,932,612,Sep30_0/102-20190914161330-snapshot.jpg
2,0,20190914,161400,55,2,882,545,933,612,Sep30_0/102-20190914161400-snapshot.jpg
2,0,20190914,161400,58,2,1779,0,1849,54,Sep30_0/102-20190914161400-snapshot.jpg
2,0,20190914,161430,59,2,1780,0,1850,55,Sep30_0/102-20190914161430-snapshot.jpg
2,0,20190914,161430,69,2,881,546,932,611,Sep30_0/102-20190914161430-snapshot.jpg
2,0,20190914,161500,62,2,1778,0,1848,55,Sep30_0/102-20190914161500-snapshot.jpg
2,0,20190914,161500,67,2,881,546,932,612,Sep30_0/102-20190914161500-snapshot.jpg
2,0,20190914,161530,56,2,1778,0,1848,55,Sep30_0/102-20190914161530-snapshot.jpg
2,0,20190914,161530,66,2,881,546,933,613,Sep30_0/102-20190914161530-snapshot.jpg
2,0,20190914,161600,58,2,1780,0,1849,52,Sep30_0/102-20190914161600-snapshot.jpg
2,0,20190914,161600,63,2,882,547,933,613,Sep30_0/102-20190914161600-snapshot.jpg
2,0,20190914,161630,60,2,1779,0,1850,54,Sep30_0/102-20190914161630-snapshot.jpg
2,0,20190914,161630,74,2,881,547,933,614,Sep30_0/102-20190914161630-snapshot.jpg
2,0,20190914,161700,59,2,1779,0,1850,54,Sep30_0/102-20190914161700-snapshot.jpg
2,0,20190914,161700,76,2,881,548,933,615,Sep30_0/102-20190914161700-snapshot.jpg
2,0,20190914,161730,63,2,1779,0,1850,58,Sep30_0/102-20190914161730-snapshot.jpg
2,0,20190914,161730,74,2,883,548,933,613,Sep30_0/102-20190914161730-snapshot.jpg
2,0,20190914,161800,58,2,1779,0,1850,55,Sep30_0/102-20190914161800-snapshot.jpg
2,0,20190914,161800,68,2,882,547,932,612,Sep30_0/102-20190914161800-snapshot.jpg
2,0,20190914,161830,47,2,1778,0,1846,52,Sep30_0/102-20190914161830-snapshot.jpg
2,0,20190914,161830,64,2,882,547,932,611,Sep30_0/102-20190914161830-snapshot.jpg
2,0,20190914,161900,49,2,1778,0,1848,54,Sep30_0/102-20190914161900-snapshot.jpg
2,0,20190914,161900,50,2,882,546,932,612,Sep30_0/102-20190914161900-snapshot.jpg
2,0,20190914,161930,48,2,1779,0,1850,52,Sep30_0/102-20190914161930-snapshot.jpg
2,0,20190914,161930,62,2,882,546,933,613,Sep30_0/102-20190914161930-snapshot.jpg
2,0,20190914,162000,48,2,1780,0,1849,53,Sep30_0/102-20190914162000-snapshot.jpg
2,0,20190914,162000,70,2,882,547,933,614,Sep30_0/102-20190914162000-snapshot.jpg
2,0,20190914,162030,58,2,1780,0,1848,53,Sep30_0/102-20190914162030-snapshot.jpg
2,0,20190914,162030,66,2,882,546,933,612,Sep30_0/102-20190914162030-snapshot.jpg
2,0,20190914,162100,60,2,1779,0,1849,56,Sep30_0/102-20190914162100-snapshot.jpg
2,0,20190914,162100,76,2,881,547,933,615,Sep30_0/102-20190914162100-snapshot.jpg
2,0,20190914,162130,56,2,1779,0,1850,56,Sep30_0/102-20190914162130-snapshot.jpg
2,0,20190914,162130,57,2,881,546,933,611,Sep30_0/102-20190914162130-snapshot.jpg
2,0,20190914,162200,37,2,1780,0,1847,51,Sep30_0/102-20190914162200-snapshot.jpg
2,0,20190914,162200,67,2,882,546,933,612,Sep30_0/102-20190914162200-snapshot.jpg
2,0,20190914,162230,57,2,1779,0,1848,52,Sep30_0/103-20190914162230-snapshot.jpg
2,0,20190914,162230,75,2,880,546,932,613,Sep30_0/103-20190914162230-snapshot.jpg
2,0,20190914,162300,59,2,1779,0,1849,54,Sep30_0/103-20190914162300-snapshot.jpg
2,0,20190914,162300,71,2,881,547,932,612,Sep30_0/103-20190914162300-snapshot.jpg
2,0,20190914,162330,60,2,1779,0,1850,55,Sep30_0/103-20190914162330-snapshot.jpg
2,0,20190914,162330,70,2,881,546,933,613,Sep30_0/103-20190914162330-snapshot.jpg
2,0,20190914,162400,56,2,1780,0,1851,51,Sep30_0/103-20190914162400-snapshot.jpg
2,0,20190914,162400,75,2,882,546,933,614,Sep30_0/103-20190914162400-snapshot.jpg
2,0,20190914,162430,49,2,1781,0,1849,52,Sep30_0/103-20190914162430-snapshot.jpg
2,0,20190914,162430,64,2,882,547,933,612,Sep30_0/103-20190914162430-snapshot.jpg
2,0,20190914,162500,39,2,1780,0,1848,52,Sep30_0/104-20190914162500-snapshot.jpg
2,0,20190914,162500,65,2,882,547,932,611,Sep30_0/104-20190914162500-snapshot.jpg
2,0,20190914,162530,55,2,882,548,933,613,Sep30_0/104-20190914162530-snapshot.jpg
2,0,20190914,162530,56,2,1779,0,1849,54,Sep30_0/104-20190914162530-snapshot.jpg
2,0,20190914,162600,47,2,1780,0,1849,54,Sep30_0/104-20190914162600-snapshot.jpg
2,0,20190914,162600,68,2,882,547,932,611,Sep30_0/104-20190914162600-snapshot.jpg
2,0,20190914,162630,58,2,1779,0,1849,55,Sep30_0/104-20190914162630-snapshot.jpg
2,0,20190914,162630,74,2,881,547,933,615,Sep30_0/104-20190914162630-snapshot.jpg
2,0,20190914,162700,56,2,1779,0,1849,55,Sep30_0/104-20190914162700-snapshot.jpg
2,0,20190914,162700,57,2,882,547,933,611,Sep30_0/104-20190914162700-snapshot.jpg
2,0,20190914,162730,63,2,1778,0,1849,55,Sep30_0/104-20190914162730-snapshot.jpg
2,0,20190914,162730,69,2,882,547,933,613,Sep30_0/104-20190914162730-snapshot.jpg
2,0,20190914,162800,59,2,1779,0,1849,53,Sep30_0/104-20190914162800-snapshot.jpg
2,0,20190914,162800,72,2,882,547,933,613,Sep30_0/104-20190914162800-snapshot.jpg
2,0,20190914,162830,68,2,882,546,932,612,Sep30_0/104-20190914162830-snapshot.jpg
2,0,20190914,162900,52,2,1779,0,1850,54,Sep30_0/104-20190914162900-snapshot.jpg
2,0,20190914,162900,66,2,882,547,932,612,Sep30_0/104-20190914162900-snapshot.jpg
2,0,20190914,162930,60,2,1778,0,1848,56,Sep30_0/104-20190914162930-snapshot.jpg
2,0,20190914,162930,72,2,882,548,933,613,Sep30_0/104-20190914162930-snapshot.jpg
2,0,20190914,163000,45,2,1778,0,1849,54,Sep30_0/104-20190914163000-snapshot.jpg
2,0,20190914,163000,68,2,882,547,933,614,Sep30_0/104-20190914163000-snapshot.jpg
2,0,20190914,163030,56,2,1779,0,1849,54,Sep30_0/104-20190914163030-snapshot.jpg
2,0,20190914,163030,72,2,882,547,933,614,Sep30_0/104-20190914163030-snapshot.jpg
2,0,20190914,163100,60,2,1779,0,1851,55,Sep30_0/104-20190914163100-snapshot.jpg
2,0,20190914,163100,70,2,881,547,933,613,Sep30_0/104-20190914163100-snapshot.jpg
2,0,20190914,163130,48,2,1778,0,1849,54,Sep30_0/104-20190914163130-snapshot.jpg
2,0,20190914,163130,70,2,881,547,933,612,Sep30_0/104-20190914163130-snapshot.jpg
2,0,20190914,163200,46,2,1780,0,1849,51,Sep30_0/104-20190914163200-snapshot.jpg
2,0,20190914,163200,67,2,882,546,933,612,Sep30_0/104-20190914163200-snapshot.jpg
2,0,20190914,163230,32,2,1781,0,1849,50,Sep30_0/104-20190914163230-snapshot.jpg
2,0,20190914,163230,64,2,880,547,933,614,Sep30_0/104-20190914163230-snapshot.jpg
2,0,20190914,163300,40,2,1781,0,1850,50,Sep30_0/104-20190914163300-snapshot.jpg
2,0,20190914,163300,74,2,881,547,933,613,Sep30_0/104-20190914163300-snapshot.jpg
2,0,20190914,163330,39,2,1780,0,1849,53,Sep30_0/105-20190914163330-snapshot.jpg
2,0,20190914,163330,41,2,882,547,933,610,Sep30_0/105-20190914163330-snapshot.jpg
2,0,20190914,163400,58,2,1781,0,1849,52,Sep30_0/105-20190914163400-snapshot.jpg
2,0,20190914,163400,73,2,882,547,933,614,Sep30_0/105-20190914163400-snapshot.jpg
2,0,20190914,163430,52,2,1780,0,1849,53,Sep30_0/105-20190914163430-snapshot.jpg
2,0,20190914,163430,64,2,882,548,932,613,Sep30_0/105-20190914163430-snapshot.jpg
2,0,20190914,163500,58,2,1780,0,1851,55,Sep30_0/105-20190914163500-snapshot.jpg
2,0,20190914,163500,73,2,881,546,933,613,Sep30_0/105-20190914163500-snapshot.jpg
2,0,20190914,163530,44,2,1778,0,1848,54,Sep30_0/105-20190914163530-snapshot.jpg
2,0,20190914,163530,67,2,882,546,933,611,Sep30_0/105-20190914163530-snapshot.jpg
2,0,20190914,163600,58,2,1778,0,1850,55,Sep30_0/105-20190914163600-snapshot.jpg
2,0,20190914,163600,63,2,882,547,933,612,Sep30_0/105-20190914163600-snapshot.jpg
2,0,20190914,163630,50,2,1778,0,1848,55,Sep30_0/105-20190914163630-snapshot.jpg
2,0,20190914,163630,61,2,881,546,933,612,Sep30_0/105-20190914163630-snapshot.jpg
2,0,20190914,163700,60,2,1777,0,1849,57,Sep30_0/106-20190914163700-snapshot.jpg
2,0,20190914,163700,79,2,881,547,933,616,Sep30_0/106-20190914163700-snapshot.jpg
2,0,20190914,163730,37,2,1779,0,1848,51,Sep30_0/106-20190914163730-snapshot.jpg
2,0,20190914,163730,69,2,881,546,933,614,Sep30_0/106-20190914163730-snapshot.jpg
2,0,20190914,163800,51,2,1779,0,1849,52,Sep30_0/106-20190914163800-snapshot.jpg
2,0,20190914,163800,69,2,882,546,933,612,Sep30_0/106-20190914163800-snapshot.jpg
2,0,20190914,163830,70,2,881,546,932,613,Sep30_0/106-20190914163830-snapshot.jpg
2,0,20190914,163900,62,2,1779,0,1850,56,Sep30_0/106-20190914163900-snapshot.jpg
2,0,20190914,163900,72,2,882,547,933,613,Sep30_0/106-20190914163900-snapshot.jpg
2,0,20190914,163930,45,2,1780,0,1849,51,Sep30_0/106-20190914163930-snapshot.jpg
2,0,20190914,163930,60,2,882,546,933,611,Sep30_0/106-20190914163930-snapshot.jpg
2,0,20190914,164000,37,2,1780,0,1849,51,Sep30_0/106-20190914164000-snapshot.jpg
2,0,20190914,164000,75,2,881,547,933,614,Sep30_0/106-20190914164000-snapshot.jpg
2,0,20190914,164030,60,2,1780,0,1849,53,Sep30_0/106-20190914164030-snapshot.jpg
2,0,20190914,164030,70,2,882,549,933,615,Sep30_0/106-20190914164030-snapshot.jpg
2,0,20190914,164100,58,2,1780,0,1849,53,Sep30_0/107-20190914164100-snapshot.jpg
2,0,20190914,164100,75,2,881,547,932,613,Sep30_0/107-20190914164100-snapshot.jpg
2,0,20190914,164130,53,2,1779,0,1849,53,Sep30_0/107-20190914164130-snapshot.jpg
2,0,20190914,164130,73,2,881,547,933,614,Sep30_0/107-20190914164130-snapshot.jpg
2,0,20190914,164200,59,2,1779,0,1849,53,Sep30_0/107-20190914164200-snapshot.jpg
2,0,20190914,164200,71,2,881,547,933,615,Sep30_0/107-20190914164200-snapshot.jpg
2,0,20190914,164230,44,2,1779,0,1849,53,Sep30_0/107-20190914164230-snapshot.jpg
2,0,20190914,164230,73,2,882,547,933,613,Sep30_0/107-20190914164230-snapshot.jpg
2,0,20190914,164300,58,2,1780,0,1849,53,Sep30_0/107-20190914164300-snapshot.jpg
2,0,20190914,164300,73,2,881,546,933,614,Sep30_0/107-20190914164300-snapshot.jpg
2,0,20190914,164330,44,2,1778,0,1848,53,Sep30_0/107-20190914164330-snapshot.jpg
2,0,20190914,164330,77,2,881,546,933,614,Sep30_0/107-20190914164330-snapshot.jpg
2,0,20190914,164400,54,2,1778,0,1850,54,Sep30_0/108-20190914164400-snapshot.jpg
2,0,20190914,164400,76,2,882,545,933,614,Sep30_0/108-20190914164400-snapshot.jpg
2,0,20190914,164430,34,2,1779,0,1849,53,Sep30_0/108-20190914164430-snapshot.jpg
2,0,20190914,164430,68,2,881,546,933,613,Sep30_0/108-20190914164430-snapshot.jpg
2,0,20190914,164500,58,2,1779,0,1849,54,Sep30_0/108-20190914164500-snapshot.jpg
2,0,20190914,164500,72,2,881,546,933,614,Sep30_0/108-20190914164500-snapshot.jpg
2,0,20190914,164530,31,2,1777,0,1847,53,Sep30_0/108-20190914164530-snapshot.jpg
2,0,20190914,164530,69,2,881,546,933,613,Sep30_0/108-20190914164530-snapshot.jpg
2,0,20190914,164600,51,2,1778,0,1848,54,Sep30_0/108-20190914164600-snapshot.jpg
2,0,20190914,164600,70,2,882,547,933,612,Sep30_0/108-20190914164600-snapshot.jpg
2,0,20190914,164630,55,2,1781,0,1850,51,Sep30_0/108-20190914164630-snapshot.jpg
2,0,20190914,164700,56,2,1778,0,1849,55,Sep30_0/108-20190914164700-snapshot.jpg
2,0,20190914,164700,68,2,882,546,933,612,Sep30_0/108-20190914164700-snapshot.jpg
2,0,20190914,164730,37,2,1779,0,1849,51,Sep30_0/108-20190914164730-snapshot.jpg
2,0,20190914,164730,64,2,881,547,933,613,Sep30_0/108-20190914164730-snapshot.jpg
2,0,20190914,164800,55,2,1779,0,1850,53,Sep30_0/108-20190914164800-snapshot.jpg
2,0,20190914,164800,73,2,882,545,933,612,Sep30_0/108-20190914164800-snapshot.jpg
2,0,20190914,164830,26,2,1780,0,1850,50,Sep30_0/108-20190914164830-snapshot.jpg
2,0,20190914,164830,78,2,880,546,932,613,Sep30_0/108-20190914164830-snapshot.jpg
2,0,20190914,164900,45,2,1779,0,1850,52,Sep30_0/108-20190914164900-snapshot.jpg
2,0,20190914,164900,71,2,881,547,933,614,Sep30_0/108-20190914164900-snapshot.jpg
2,0,20190914,164930,51,2,1779,0,1849,51,Sep30_0/108-20190914164930-snapshot.jpg
2,0,20190914,164930,59,2,881,547,933,614,Sep30_0/108-20190914164930-snapshot.jpg
2,0,20190914,165000,46,2,1779,0,1848,52,Sep30_0/108-20190914165000-snapshot.jpg
2,0,20190914,165000,68,2,881,547,933,614,Sep30_0/108-20190914165000-snapshot.jpg
2,0,20190914,165030,50,2,1781,0,1849,49,Sep30_0/108-20190914165030-snapshot.jpg
2,0,20190914,165030,68,2,881,545,933,613,Sep30_0/108-20190914165030-snapshot.jpg
2,0,20190914,165100,36,2,883,546,932,610,Sep30_0/108-20190914165100-snapshot.jpg
2,0,20190914,165100,52,2,1781,0,1849,51,Sep30_0/108-20190914165100-snapshot.jpg
2,0,20190914,165130,36,2,1781,0,1848,48,Sep30_0/108-20190914165130-snapshot.jpg
2,0,20190914,165130,73,2,881,547,933,613,Sep30_0/108-20190914165130-snapshot.jpg
2,0,20190914,165200,55,2,1782,0,1850,50,Sep30_0/108-20190914165200-snapshot.jpg
2,0,20190914,165200,67,2,882,547,934,614,Sep30_0/108-20190914165200-snapshot.jpg
2,0,20190914,165230,45,2,1781,0,1850,49,Sep30_0/108-20190914165230-snapshot.jpg
2,0,20190914,165230,68,2,882,548,933,615,Sep30_0/108-20190914165230-snapshot.jpg
2,0,20190914,165300,51,2,1781,0,1850,50,Sep30_0/108-20190914165300-snapshot.jpg
2,0,20190914,165300,55,2,882,548,932,612,Sep30_0/108-20190914165300-snapshot.jpg
2,0,20190914,165330,38,2,1781,0,1849,49,Sep30_0/108-20190914165330-snapshot.jpg
2,0,20190914,165330,62,2,882,547,933,613,Sep30_0/108-20190914165330-snapshot.jpg
2,0,20190914,165400,53,2,1780,0,1849,51,Sep30_0/108-20190914165400-snapshot.jpg
2,0,20190914,165400,71,2,883,546,933,611,Sep30_0/108-20190914165400-snapshot.jpg
2,0,20190914,165430,34,2,1780,0,1847,49,Sep30_0/108-20190914165430-snapshot.jpg
2,0,20190914,165430,63,2,882,546,934,614,Sep30_0/108-20190914165430-snapshot.jpg
2,0,20190914,165500,45,2,1780,0,1849,52,Sep30_0/108-20190914165500-snapshot.jpg
2,0,20190914,165500,70,2,882,547,933,613,Sep30_0/108-20190914165500-snapshot.jpg
2,0,20190914,165530,43,2,1781,0,1849,50,Sep30_0/108-20190914165530-snapshot.jpg
2,0,20190914,165530,69,2,883,546,933,611,Sep30_0/108-20190914165530-snapshot.jpg
2,0,20190914,165600,55,2,1780,0,1850,52,Sep30_0/108-20190914165600-snapshot.jpg
2,0,20190914,165600,60,2,882,546,933,613,Sep30_0/108-20190914165600-snapshot.jpg
2,0,20190914,165630,47,2,1781,0,1850,50,Sep30_0/108-20190914165630-snapshot.jpg
2,0,20190914,165630,68,2,882,546,933,613,Sep30_0/108-20190914165630-snapshot.jpg
2,0,20190914,165700,42,2,1780,0,1848,51,Sep30_0/108-20190914165700-snapshot.jpg
2,0,20190914,165700,71,2,881,546,934,612,Sep30_0/108-20190914165700-snapshot.jpg
2,0,20190914,165730,35,2,1781,0,1847,49,Sep30_0/108-20190914165730-snapshot.jpg
2,0,20190914,165730,43,2,882,546,933,611,Sep30_0/108-20190914165730-snapshot.jpg
2,0,20190914,165800,52,2,1781,0,1850,51,Sep30_0/108-20190914165800-snapshot.jpg
2,0,20190914,165800,67,2,881,547,933,614,Sep30_0/108-20190914165800-snapshot.jpg
2,0,20190914,165830,38,2,1780,0,1849,51,Sep30_0/108-20190914165830-snapshot.jpg
2,0,20190914,165830,59,2,881,546,934,613,Sep30_0/108-20190914165830-snapshot.jpg
2,0,20190914,165900,54,2,1780,0,1849,50,Sep30_0/109-20190914165900-snapshot.jpg
2,0,20190914,165900,70,2,881,546,933,613,Sep30_0/109-20190914165900-snapshot.jpg
2,0,20190914,165930,46,2,1780,0,1849,50,Sep30_0/109-20190914165930-snapshot.jpg
2,0,20190914,165930,68,2,882,547,933,613,Sep30_0/109-20190914165930-snapshot.jpg
2,0,20190914,170000,56,2,1780,0,1849,50,Sep30_0/109-20190914170000-snapshot.jpg
2,0,20190914,170000,71,2,882,547,934,614,Sep30_0/109-20190914170000-snapshot.jpg
2,0,20190914,170030,54,2,1780,0,1849,52,Sep30_0/109-20190914170030-snapshot.jpg
2,0,20190914,170030,70,2,882,546,934,613,Sep30_0/109-20190914170030-snapshot.jpg
2,0,20190914,170100,29,2,1780,0,1849,49,Sep30_0/109-20190914170100-snapshot.jpg
2,0,20190914,170100,71,2,881,546,933,613,Sep30_0/109-20190914170100-snapshot.jpg
2,0,20190914,170130,50,2,1780,0,1850,51,Sep30_0/109-20190914170130-snapshot.jpg
2,0,20190914,170130,71,2,881,546,934,615,Sep30_0/109-20190914170130-snapshot.jpg
2,0,20190914,170200,49,2,1779,0,1849,52,Sep30_0/110-20190914170200-snapshot.jpg
2,0,20190914,170200,63,2,882,545,933,611,Sep30_0/110-20190914170200-snapshot.jpg
2,0,20190914,170230,27,2,1781,0,1848,49,Sep30_0/110-20190914170230-snapshot.jpg
2,0,20190914,170230,48,2,882,546,934,612,Sep30_0/110-20190914170230-snapshot.jpg
2,0,20190914,170300,31,2,1780,0,1849,50,Sep30_0/110-20190914170300-snapshot.jpg
2,0,20190914,170300,63,2,881,546,933,611,Sep30_0/110-20190914170300-snapshot.jpg
2,0,20190914,170330,33,2,1780,0,1848,49,Sep30_0/111-20190914170330-snapshot.jpg
2,0,20190914,170330,69,2,881,546,934,613,Sep30_0/111-20190914170330-snapshot.jpg
2,0,20190914,170400,26,2,1779,0,1848,50,Sep30_0/111-20190914170400-snapshot.jpg
2,0,20190914,170400,55,2,881,546,934,614,Sep30_0/111-20190914170400-snapshot.jpg
2,0,20190914,170430,52,2,1779,0,1850,53,Sep30_0/112-20190914170430-snapshot.jpg
2,0,20190914,170430,60,2,881,546,933,612,Sep30_0/112-20190914170430-snapshot.jpg
2,0,20190914,170500,30,2,1780,0,1850,49,Sep30_0/112-20190914170500-snapshot.jpg
2,0,20190914,170500,59,2,882,546,933,610,Sep30_0/112-20190914170500-snapshot.jpg
2,0,20190914,170530,32,2,1781,0,1849,48,Sep30_0/112-20190914170530-snapshot.jpg
2,0,20190914,170530,67,2,881,546,933,613,Sep30_0/112-20190914170530-snapshot.jpg
2,0,20190914,170600,32,2,1779,0,1850,50,Sep30_0/112-20190914170600-snapshot.jpg
2,0,20190914,170600,55,2,882,546,933,610,Sep30_0/112-20190914170600-snapshot.jpg
2,0,20190914,170630,38,2,1780,0,1848,50,Sep30_0/112-20190914170630-snapshot.jpg
2,0,20190914,170630,52,2,881,546,933,611,Sep30_0/112-20190914170630-snapshot.jpg
2,0,20190914,170700,27,2,1780,0,1849,48,Sep30_0/113-20190914170700-snapshot.jpg
2,0,20190914,170700,75,2,881,546,932,614,Sep30_0/113-20190914170700-snapshot.jpg
2,0,20190914,170730,41,2,1780,0,1850,51,Sep30_0/113-20190914170730-snapshot.jpg
2,0,20190914,170730,73,2,881,546,934,614,Sep30_0/113-20190914170730-snapshot.jpg
2,0,20190914,170800,38,2,1780,0,1849,52,Sep30_0/113-20190914170800-snapshot.jpg
2,0,20190914,170800,70,2,881,546,932,613,Sep30_0/113-20190914170800-snapshot.jpg
2,0,20190914,170830,46,2,1779,0,1849,52,Sep30_0/114-20190914170830-snapshot.jpg
2,0,20190914,170830,61,2,882,546,932,611,Sep30_0/114-20190914170830-snapshot.jpg
2,0,20190914,170900,33,2,1779,0,1849,52,Sep30_0/114-20190914170900-snapshot.jpg
2,0,20190914,170900,74,2,881,545,933,613,Sep30_0/114-20190914170900-snapshot.jpg
2,0,20190914,170930,57,2,1779,0,1851,53,Sep30_0/114-20190914170930-snapshot.jpg
2,0,20190914,170930,69,2,881,546,933,613,Sep30_0/114-20190914170930-snapshot.jpg
2,0,20190914,171000,55,2,1779,0,1850,54,Sep30_0/114-20190914171000-snapshot.jpg
2,0,20190914,171000,63,2,881,545,933,611,Sep30_0/114-20190914171000-snapshot.jpg
2,0,20190914,171030,39,2,1780,0,1849,50,Sep30_0/114-20190914171030-snapshot.jpg
2,0,20190914,171030,54,2,881,545,934,614,Sep30_0/114-20190914171030-snapshot.jpg
2,0,20190914,171100,44,2,1780,0,1849,52,Sep30_0/114-20190914171100-snapshot.jpg
2,0,20190914,171100,73,2,881,545,934,613,Sep30_0/114-20190914171100-snapshot.jpg
2,0,20190914,171130,47,2,1779,0,1850,52,Sep30_0/114-20190914171130-snapshot.jpg
2,0,20190914,171130,77,2,881,546,933,615,Sep30_0/114-20190914171130-snapshot.jpg
2,0,20190914,171200,54,2,1779,0,1850,53,Sep30_0/115-20190914171200-snapshot.jpg
2,0,20190914,171200,66,2,881,546,933,613,Sep30_0/115-20190914171200-snapshot.jpg
2,0,20190914,171230,46,2,1779,0,1850,53,Sep30_0/115-20190914171230-snapshot.jpg
2,0,20190914,171230,70,2,881,546,934,613,Sep30_0/115-20190914171230-snapshot.jpg
2,0,20190914,171300,53,2,1779,0,1850,54,Sep30_0/116-20190914171300-snapshot.jpg
2,0,20190914,171300,67,2,881,546,933,613,Sep30_0/116-20190914171300-snapshot.jpg
2,0,20190914,171330,50,2,1778,0,1849,54,Sep30_0/116-20190914171330-snapshot.jpg
2,0,20190914,171330,72,2,881,546,933,612,Sep30_0/116-20190914171330-snapshot.jpg
2,0,20190914,171400,51,2,1777,0,1849,56,Sep30_0/116-20190914171400-snapshot.jpg
2,0,20190914,171400,76,2,881,546,934,614,Sep30_0/116-20190914171400-snapshot.jpg
2,0,20190914,171430,45,2,1778,0,1851,54,Sep30_0/116-20190914171430-snapshot.jpg
2,0,20190914,171430,76,2,881,546,933,613,Sep30_0/116-20190914171430-snapshot.jpg
2,0,20190914,171500,54,2,1778,0,1849,55,Sep30_0/116-20190914171500-snapshot.jpg
2,0,20190914,171500,73,2,881,546,933,613,Sep30_0/116-20190914171500-snapshot.jpg
2,0,20190914,171530,52,2,1778,0,1849,54,Sep30_0/116-20190914171530-snapshot.jpg
2,0,20190914,171530,73,2,881,546,933,613,Sep30_0/116-20190914171530-snapshot.jpg
2,0,20190914,171600,44,2,1778,0,1851,55,Sep30_0/116-20190914171600-snapshot.jpg
2,0,20190914,171600,68,2,882,545,933,612,Sep30_0/116-20190914171600-snapshot.jpg
2,0,20190914,171630,40,2,1778,0,1851,55,Sep30_0/116-20190914171630-snapshot.jpg
2,0,20190914,171630,75,2,881,547,933,615,Sep30_0/116-20190914171630-snapshot.jpg
2,0,20190914,171700,48,2,1778,0,1851,57,Sep30_0/116-20190914171700-snapshot.jpg
2,0,20190914,171700,73,2,881,545,933,612,Sep30_0/116-20190914171700-snapshot.jpg
2,0,20190914,171730,48,2,1778,0,1849,55,Sep30_0/116-20190914171730-snapshot.jpg
2,0,20190914,171730,63,2,882,546,933,612,Sep30_0/116-20190914171730-snapshot.jpg
2,0,20190914,171800,39,2,1779,0,1850,54,Sep30_0/116-20190914171800-snapshot.jpg
2,0,20190914,171800,67,2,882,546,932,610,Sep30_0/116-20190914171800-snapshot.jpg
2,0,20190914,171830,36,2,1779,0,1850,53,Sep30_0/117-20190914171830-snapshot.jpg
2,0,20190914,171830,69,2,881,546,933,612,Sep30_0/117-20190914171830-snapshot.jpg
2,0,20190914,171900,37,2,1779,0,1850,52,Sep30_0/117-20190914171900-snapshot.jpg
2,0,20190914,171900,50,2,882,546,933,611,Sep30_0/117-20190914171900-snapshot.jpg
2,0,20190914,171930,45,2,1778,0,1851,55,Sep30_0/117-20190914171930-snapshot.jpg
2,0,20190914,171930,72,2,882,547,933,613,Sep30_0/117-20190914171930-snapshot.jpg
2,0,20190914,172000,31,2,1778,0,1850,55,Sep30_0/117-20190914172000-snapshot.jpg
2,0,20190914,172000,56,2,881,546,933,612,Sep30_0/117-20190914172000-snapshot.jpg
2,0,20190914,172030,36,2,1779,0,1850,52,Sep30_0/117-20190914172030-snapshot.jpg
2,0,20190914,172030,74,2,881,546,933,612,Sep30_0/117-20190914172030-snapshot.jpg
2,0,20190914,172100,41,2,1778,0,1851,53,Sep30_0/117-20190914172100-snapshot.jpg
2,0,20190914,172100,69,2,882,545,932,610,Sep30_0/117-20190914172100-snapshot.jpg
2,0,20190914,172130,39,2,1778,0,1850,54,Sep30_0/117-20190914172130-snapshot.jpg
2,0,20190914,172130,70,2,881,546,933,612,Sep30_0/117-20190914172130-snapshot.jpg
2,0,20190914,172200,74,2,881,546,933,612,Sep30_0/117-20190914172200-snapshot.jpg
2,0,20190914,172230,40,2,1777,0,1849,54,Sep30_0/117-20190914172230-snapshot.jpg
2,0,20190914,172230,71,2,881,545,933,612,Sep30_0/117-20190914172230-snapshot.jpg
2,0,20190914,172300,38,2,1779,0,1852,55,Sep30_0/117-20190914172300-snapshot.jpg
2,0,20190914,172300,70,2,881,546,932,613,Sep30_0/117-20190914172300-snapshot.jpg
2,0,20190914,172330,63,2,882,545,933,611,Sep30_0/118-20190914172330-snapshot.jpg
2,0,20190914,172400,48,2,1778,0,1849,54,Sep30_0/118-20190914172400-snapshot.jpg
2,0,20190914,172400,70,2,881,545,933,612,Sep30_0/118-20190914172400-snapshot.jpg
2,0,20190914,172430,67,2,881,545,933,613,Sep30_0/118-20190914172430-snapshot.jpg
2,0,20190914,172500,38,2,881,544,933,612,Sep30_0/118-20190914172500-snapshot.jpg
2,0,20190914,172530,31,2,1777,0,1850,54,Sep30_0/118-20190914172530-snapshot.jpg
2,0,20190914,172530,70,2,882,545,933,609,Sep30_0/118-20190914172530-snapshot.jpg
2,0,20190914,172600,30,2,1779,0,1850,53,Sep30_0/118-20190914172600-snapshot.jpg
2,0,20190914,172600,70,2,882,546,933,613,Sep30_0/118-20190914172600-snapshot.jpg
2,0,20190914,172630,46,2,1779,0,1851,52,Sep30_0/118-20190914172630-snapshot.jpg
2,0,20190914,172630,67,2,881,546,933,613,Sep30_0/118-20190914172630-snapshot.jpg
2,0,20190914,172700,72,2,881,546,933,612,Sep30_0/118-20190914172700-snapshot.jpg
2,0,20190914,172730,55,2,1778,0,1849,56,Sep30_0/118-20190914172730-snapshot.jpg
2,0,20190914,172730,71,2,882,547,932,611,Sep30_0/118-20190914172730-snapshot.jpg
2,0,20190914,172800,53,2,1778,0,1851,55,Sep30_0/118-20190914172800-snapshot.jpg
2,0,20190914,172800,65,2,881,546,932,612,Sep30_0/118-20190914172800-snapshot.jpg
2,0,20190914,172830,45,2,1779,0,1851,54,Sep30_0/118-20190914172830-snapshot.jpg
2,0,20190914,172830,70,2,880,546,933,613,Sep30_0/118-20190914172830-snapshot.jpg
2,0,20190914,172900,53,2,1779,0,1850,54,Sep30_0/118-20190914172900-snapshot.jpg
2,0,20190914,172900,59,2,882,546,932,611,Sep30_0/118-20190914172900-snapshot.jpg
2,0,20190914,172930,54,2,1778,0,1851,56,Sep30_0/118-20190914172930-snapshot.jpg
2,0,20190914,172930,59,2,881,547,933,612,Sep30_0/118-20190914172930-snapshot.jpg
2,0,20190914,173000,35,2,882,546,933,611,Sep30_0/118-20190914173000-snapshot.jpg
2,0,20190914,173000,46,2,1779,0,1851,54,Sep30_0/118-20190914173000-snapshot.jpg
2,0,20190914,173030,36,2,883,546,932,610,Sep30_0/118-20190914173030-snapshot.jpg
2,0,20190914,173030,48,2,1778,0,1850,56,Sep30_0/118-20190914173030-snapshot.jpg
2,0,20190914,173100,39,2,1779,0,1851,54,Sep30_0/118-20190914173100-snapshot.jpg
2,0,20190914,173100,60,2,882,547,933,612,Sep30_0/118-20190914173100-snapshot.jpg
2,0,20190914,173130,44,2,1778,0,1851,56,Sep30_0/119-20190914173130-snapshot.jpg
2,0,20190914,173130,71,2,881,546,933,611,Sep30_0/119-20190914173130-snapshot.jpg
2,0,20190914,173200,37,2,1778,0,1850,53,Sep30_0/119-20190914173200-snapshot.jpg
2,0,20190914,173200,70,2,881,546,932,612,Sep30_0/119-20190914173200-snapshot.jpg
2,0,20190914,173230,36,2,1778,0,1851,53,Sep30_0/119-20190914173230-snapshot.jpg
2,0,20190914,173230,54,2,881,546,933,613,Sep30_0/119-20190914173230-snapshot.jpg
2,0,20190914,173300,33,2,1778,0,1850,56,Sep30_0/119-20190914173300-snapshot.jpg
2,0,20190914,173300,48,2,882,545,932,610,Sep30_0/119-20190914173300-snapshot.jpg
2,0,20190914,173330,40,2,1778,0,1850,54,Sep30_0/119-20190914173330-snapshot.jpg
2,0,20190914,173330,57,2,882,546,933,610,Sep30_0/119-20190914173330-snapshot.jpg
2,0,20190914,173400,25,2,1779,0,1851,52,Sep30_0/119-20190914173400-snapshot.jpg
2,0,20190914,173400,64,2,882,545,933,611,Sep30_0/119-20190914173400-snapshot.jpg
2,0,20190914,173430,30,2,1778,0,1851,54,Sep30_0/119-20190914173430-snapshot.jpg
2,0,20190914,173430,74,2,881,545,932,610,Sep30_0/119-20190914173430-snapshot.jpg
2,0,20190914,173500,38,2,1778,0,1850,54,Sep30_0/119-20190914173500-snapshot.jpg
2,0,20190914,173500,64,2,881,546,933,610,Sep30_0/119-20190914173500-snapshot.jpg
2,0,20190914,173530,39,2,1778,0,1851,52,Sep30_0/120-20190914173530-snapshot.jpg
2,0,20190914,173530,52,2,881,546,934,612,Sep30_0/120-20190914173530-snapshot.jpg
2,0,20190914,173600,68,2,881,544,934,612,Sep30_0/120-20190914173600-snapshot.jpg
2,0,20190914,173630,25,2,1778,0,1849,53,Sep30_0/120-20190914173630-snapshot.jpg
2,0,20190914,173630,55,2,882,544,933,610,Sep30_0/120-20190914173630-snapshot.jpg
2,0,20190914,173700,76,2,881,545,933,612,Sep30_0/120-20190914173700-snapshot.jpg
2,0,20190914,173730,60,2,882,545,933,610,Sep30_0/120-20190914173730-snapshot.jpg
2,0,20190914,173800,45,2,1779,0,1851,54,Sep30_0/120-20190914173800-snapshot.jpg
2,0,20190914,173800,59,2,881,545,933,610,Sep30_0/120-20190914173800-snapshot.jpg
2,0,20190914,173830,29,2,1779,0,1850,53,Sep30_0/120-20190914173830-snapshot.jpg
2,0,20190914,173830,62,2,881,546,933,611,Sep30_0/120-20190914173830-snapshot.jpg
2,0,20190914,173900,48,2,1779,0,1851,54,Sep30_0/121-20190914173900-snapshot.jpg
2,0,20190914,173900,76,2,881,544,933,611,Sep30_0/121-20190914173900-snapshot.jpg
2,0,20190914,173930,77,2,880,546,932,612,Sep30_0/121-20190914173930-snapshot.jpg
2,0,20190914,174000,54,2,882,545,933,612,Sep30_0/121-20190914174000-snapshot.jpg
2,0,20190914,174030,27,2,881,545,933,612,Sep30_0/121-20190914174030-snapshot.jpg
2,0,20190914,174030,45,2,1778,0,1851,55,Sep30_0/121-20190914174030-snapshot.jpg
2,0,20190914,174100,36,2,1779,0,1851,53,Sep30_0/121-20190914174100-snapshot.jpg
2,0,20190914,174100,67,2,882,546,932,609,Sep30_0/121-20190914174100-snapshot.jpg
2,0,20190914,174130,31,2,1779,0,1850,53,Sep30_0/122-20190914174130-snapshot.jpg
2,0,20190914,174130,67,2,881,546,934,613,Sep30_0/122-20190914174130-snapshot.jpg
2,0,20190914,174200,40,2,1778,0,1851,55,Sep30_0/122-20190914174200-snapshot.jpg
2,0,20190914,174200,74,2,881,546,933,613,Sep30_0/122-20190914174200-snapshot.jpg
2,0,20190914,174230,45,2,1777,0,1851,55,Sep30_0/122-20190914174230-snapshot.jpg
2,0,20190914,174230,51,2,882,545,932,610,Sep30_0/122-20190914174230-snapshot.jpg
2,0,20190914,174300,36,2,1779,0,1850,52,Sep30_0/122-20190914174300-snapshot.jpg
2,0,20190914,174300,56,2,882,545,933,610,Sep30_0/122-20190914174300-snapshot.jpg
2,0,20190914,174330,36,2,1777,0,1850,56,Sep30_0/123-20190914174330-snapshot.jpg
2,0,20190914,174330,55,2,881,546,932,611,Sep30_0/123-20190914174330-snapshot.jpg
2,0,20190914,174400,47,2,1778,0,1851,57,Sep30_0/123-20190914174400-snapshot.jpg
2,0,20190914,174400,52,2,881,547,932,610,Sep30_0/123-20190914174400-snapshot.jpg
2,0,20190914,174430,30,2,1778,0,1850,55,Sep30_0/123-20190914174430-snapshot.jpg
2,0,20190914,174430,42,2,881,546,933,611,Sep30_0/123-20190914174430-snapshot.jpg
2,0,20190914,174500,34,2,1778,0,1850,54,Sep30_0/123-20190914174500-snapshot.jpg
2,0,20190914,174500,67,2,882,546,932,610,Sep30_0/123-20190914174500-snapshot.jpg
2,0,20190914,174530,33,2,1778,0,1850,55,Sep30_0/123-20190914174530-snapshot.jpg
2,0,20190914,174600,40,2,882,546,932,610,Sep30_0/124-20190914174600-snapshot.jpg
2,0,20190914,174630,45,2,881,547,933,611,Sep30_0/124-20190914174630-snapshot.jpg
2,0,20190914,174630,48,2,1778,0,1850,54,Sep30_0/124-20190914174630-snapshot.jpg
2,0,20190914,174700,37,2,1778,0,1851,55,Sep30_0/124-20190914174700-snapshot.jpg
2,0,20190914,174700,38,2,881,546,931,611,Sep30_0/124-20190914174700-snapshot.jpg
2,0,20190914,174730,46,2,882,545,932,611,Sep30_0/124-20190914174730-snapshot.jpg
2,0,20190914,174730,47,2,1777,0,1850,57,Sep30_0/124-20190914174730-snapshot.jpg
2,0,20190914,174800,27,2,1777,0,1850,56,Sep30_0/124-20190914174800-snapshot.jpg
2,0,20190914,174800,28,2,882,546,932,610,Sep30_0/124-20190914174800-snapshot.jpg
2,0,20190914,174830,26,2,1778,0,1851,55,Sep30_0/125-20190914174830-snapshot.jpg
2,0,20190914,174830,32,2,883,546,932,609,Sep30_0/125-20190914174830-snapshot.jpg
2,0,20190914,174900,39,2,1778,0,1851,55,Sep30_0/125-20190914174900-snapshot.jpg
2,0,20190914,174900,58,2,882,547,932,610,Sep30_0/125-20190914174900-snapshot.jpg
2,0,20190914,174930,30,2,1777,0,1850,56,Sep30_0/126-20190914174930-snapshot.jpg
2,0,20190914,174930,52,2,881,548,933,613,Sep30_0/126-20190914174930-snapshot.jpg
2,0,20190914,175000,38,2,882,547,931,610,Sep30_0/126-20190914175000-snapshot.jpg
2,0,20190914,175000,45,2,1777,0,1852,59,Sep30_0/126-20190914175000-snapshot.jpg
2,0,20190914,175030,40,2,1777,0,1850,56,Sep30_0/126-20190914175030-snapshot.jpg
2,0,20190914,175030,40,2,882,546,931,609,Sep30_0/126-20190914175030-snapshot.jpg
2,0,20190914,175100,42,2,882,546,932,610,Sep30_0/126-20190914175100-snapshot.jpg
2,0,20190914,175130,38,2,882,547,931,609,Sep30_0/127-20190914175130-snapshot.jpg
2,0,20190914,175130,51,2,1777,0,1851,58,Sep30_0/127-20190914175130-snapshot.jpg
2,0,20190914,175200,29,2,1778,0,1851,57,Sep30_0/127-20190914175200-snapshot.jpg
2,0,20190914,175200,50,2,882,547,932,610,Sep30_0/127-20190914175200-snapshot.jpg
2,0,20190914,175230,25,2,1777,0,1850,55,Sep30_0/127-20190914175230-snapshot.jpg
2,0,20190914,175230,57,2,882,546,932,609,Sep30_0/127-20190914175230-snapshot.jpg
2,0,20190914,175300,36,2,1777,0,1851,57,Sep30_0/128-20190914175300-snapshot.jpg
2,0,20190914,175300,56,2,882,545,932,610,Sep30_0/128-20190914175300-snapshot.jpg
2,0,20190914,175330,66,2,881,546,932,611,Sep30_0/128-20190914175330-snapshot.jpg
2,0,20190914,175400,49,2,1776,0,1851,58,Sep30_0/128-20190914175400-snapshot.jpg
2,0,20190914,175400,55,2,882,545,932,609,Sep30_0/128-20190914175400-snapshot.jpg
2,0,20190914,175430,50,2,881,545,932,610,Sep30_0/129-20190914175430-snapshot.jpg
2,0,20190914,175500,58,2,882,546,932,609,Sep30_0/129-20190914175500-snapshot.jpg
2,0,20190914,175530,25,2,1777,0,1850,53,Sep30_0/130-20190914175530-snapshot.jpg
2,0,20190914,175530,71,2,881,545,933,611,Sep30_0/130-20190914175530-snapshot.jpg
2,0,20190914,175600,52,2,1777,0,1852,58,Sep30_0/130-20190914175600-snapshot.jpg
2,0,20190914,175600,66,2,881,546,932,612,Sep30_0/130-20190914175600-snapshot.jpg
2,0,20190914,175630,52,2,1776,0,1850,58,Sep30_0/130-20190914175630-snapshot.jpg
2,0,20190914,175630,61,2,881,546,932,610,Sep30_0/130-20190914175630-snapshot.jpg
2,0,20190914,175700,69,2,881,545,932,609,Sep30_0/130-20190914175700-snapshot.jpg
2,0,20190914,175730,62,2,881,545,932,609,Sep30_0/130-20190914175730-snapshot.jpg
2,0,20190914,175800,39,2,882,545,932,610,Sep30_0/130-20190914175800-snapshot.jpg
2,0,20190914,175830,38,2,1776,0,1850,57,Sep30_0/131-20190914175830-snapshot.jpg
2,0,20190914,175830,68,2,882,546,932,609,Sep30_0/131-20190914175830-snapshot.jpg
2,0,20190914,175900,55,2,883,545,933,609,Sep30_0/131-20190914175900-snapshot.jpg
2,0,20190914,175930,40,2,883,546,931,608,Sep30_0/131-20190914175930-snapshot.jpg
2,0,20190914,180000,59,2,881,545,932,609,Sep30_0/131-20190914180000-snapshot.jpg
2,0,20190914,180030,60,2,881,545,932,610,Sep30_0/131-20190914180030-snapshot.jpg
2,0,20190914,180100,38,2,882,546,931,609,Sep30_0/132-20190914180100-snapshot.jpg
2,0,20190914,180200,34,2,882,545,932,611,Sep30_0/132-20190914180200-snapshot.jpg
2,0,20190914,180230,48,2,882,545,931,609,Sep30_0/133-20190914180230-snapshot.jpg
2,0,20190914,180300,26,2,882,546,932,611,Sep30_0/133-20190914180300-snapshot.jpg
2,0,20190914,180330,49,2,882,546,931,609,Sep30_0/133-20190914180330-snapshot.jpg
2,0,20190914,180400,53,2,883,546,932,609,Sep30_0/133-20190914180400-snapshot.jpg
2,0,20190914,180430,28,2,1779,0,1849,52,Sep30_0/133-20190914180430-snapshot.jpg
2,0,20190914,180430,47,2,881,545,931,611,Sep30_0/133-20190914180430-snapshot.jpg
2,0,20190914,180500,37,2,1777,0,1852,58,Sep30_0/133-20190914180500-snapshot.jpg
2,0,20190914,180500,52,2,882,547,932,610,Sep30_0/133-20190914180500-snapshot.jpg
2,0,20190914,180530,26,2,1776,0,1852,61,Sep30_0/133-20190914180530-snapshot.jpg
2,0,20190914,180530,51,2,882,548,932,611,Sep30_0/133-20190914180530-snapshot.jpg
2,0,20190914,180600,41,2,1778,0,1851,55,Sep30_0/133-20190914180600-snapshot.jpg
2,0,20190914,180600,43,2,882,546,932,610,Sep30_0/133-20190914180600-snapshot.jpg
2,0,20190914,180630,54,2,881,545,932,610,Sep30_0/133-20190914180630-snapshot.jpg
2,0,20190914,180700,52,2,1778,0,1852,57,Sep30_0/134-20190914180700-snapshot.jpg
2,0,20190914,180700,68,2,882,546,933,610,Sep30_0/134-20190914180700-snapshot.jpg
2,0,20190914,180730,39,2,1777,0,1852,58,Sep30_0/134-20190914180730-snapshot.jpg
2,0,20190914,180730,60,2,881,546,933,612,Sep30_0/134-20190914180730-snapshot.jpg
2,0,20190914,180800,50,2,880,546,932,611,Sep30_0/135-20190914180800-snapshot.jpg
2,0,20190914,180830,67,2,881,545,932,610,Sep30_0/135-20190914180830-snapshot.jpg
2,0,20190914,180900,46,2,881,545,932,610,Sep30_0/135-20190914180900-snapshot.jpg
2,0,20190914,180930,32,2,1777,0,1852,57,Sep30_0/135-20190914180930-snapshot.jpg
2,0,20190914,180930,57,2,882,545,932,609,Sep30_0/135-20190914180930-snapshot.jpg
2,0,20190914,181000,28,2,1779,0,1852,54,Sep30_0/135-20190914181000-snapshot.jpg
2,0,20190914,181000,56,2,881,545,932,609,Sep30_0/135-20190914181000-snapshot.jpg
2,0,20190914,181030,68,2,881,545,932,610,Sep30_0/135-20190914181030-snapshot.jpg
2,0,20190914,181100,39,2,1775,0,1852,62,Sep30_0/136-20190914181100-snapshot.jpg
2,0,20190914,181100,53,2,882,545,932,609,Sep30_0/136-20190914181100-snapshot.jpg
2,0,20190914,181130,68,2,882,545,932,610,Sep30_0/136-20190914181130-snapshot.jpg
2,0,20190914,181200,54,2,882,544,932,609,Sep30_0/136-20190914181200-snapshot.jpg
2,0,20190914,181230,51,2,882,545,932,608,Sep30_0/136-20190914181230-snapshot.jpg
2,0,20190914,181300,69,2,881,545,932,611,Sep30_0/136-20190914181300-snapshot.jpg
2,0,20190914,181330,55,2,882,545,932,608,Sep30_0/136-20190914181330-snapshot.jpg
2,0,20190914,181400,47,2,881,545,932,611,Sep30_0/136-20190914181400-snapshot.jpg
2,0,20190914,181430,63,2,882,545,932,609,Sep30_0/137-20190914181430-snapshot.jpg
2,0,20190914,181500,59,2,882,544,932,610,Sep30_0/137-20190914181500-snapshot.jpg
2,0,20190914,181530,44,2,883,544,932,608,Sep30_0/137-20190914181530-snapshot.jpg
2,0,20190914,181600,64,2,882,544,933,609,Sep30_0/137-20190914181600-snapshot.jpg
2,0,20190914,181630,59,2,882,544,932,609,Sep30_0/137-20190914181630-snapshot.jpg
2,0,20190914,181700,66,2,882,544,933,608,Sep30_0/137-20190914181700-snapshot.jpg
2,0,20190914,181730,67,2,881,544,933,610,Sep30_0/137-20190914181730-snapshot.jpg
2,0,20190914,181800,61,2,881,544,932,611,Sep30_0/137-20190914181800-snapshot.jpg
2,0,20190914,181830,68,2,881,545,932,610,Sep30_0/137-20190914181830-snapshot.jpg
2,0,20190914,181900,45,2,883,543,932,608,Sep30_0/137-20190914181900-snapshot.jpg
2,0,20190914,181930,63,2,882,543,933,608,Sep30_0/137-20190914181930-snapshot.jpg
2,0,20190914,182000,39,2,882,544,933,610,Sep30_0/137-20190914182000-snapshot.jpg
2,0,20190914,182030,39,2,882,544,933,608,Sep30_0/137-20190914182030-snapshot.jpg
2,0,20190914,182100,53,2,881,544,933,611,Sep30_0/137-20190914182100-snapshot.jpg
2,0,20190914,182130,73,2,880,544,933,612,Sep30_0/137-20190914182130-snapshot.jpg
2,0,20190914,182200,70,2,881,544,932,608,Sep30_0/137-20190914182200-snapshot.jpg
2,0,20190914,182230,56,2,882,543,933,610,Sep30_0/137-20190914182230-snapshot.jpg
2,0,20190914,182300,71,2,880,544,933,612,Sep30_0/137-20190914182300-snapshot.jpg
2,0,20190914,182330,65,2,882,543,933,609,Sep30_0/137-20190914182330-snapshot.jpg
2,0,20190914,182400,65,2,882,543,932,609,Sep30_0/137-20190914182400-snapshot.jpg
2,0,20190914,182430,45,2,882,544,933,608,Sep30_0/137-20190914182430-snapshot.jpg
2,0,20190914,182500,53,2,881,544,932,611,Sep30_0/137-20190914182500-snapshot.jpg
2,0,20190914,182530,26,2,1776,0,1850,54,Sep30_0/137-20190914182530-snapshot.jpg
2,0,20190914,182530,58,2,881,544,933,609,Sep30_0/137-20190914182530-snapshot.jpg
2,0,20190914,182600,61,2,881,544,933,611,Sep30_0/137-20190914182600-snapshot.jpg
2,0,20190914,182700,30,2,882,545,932,610,Sep30_0/137-20190914182700-snapshot.jpg
2,0,20190914,182730,48,2,882,545,932,611,Sep30_0/137-20190914182730-snapshot.jpg
2,0,20190914,182800,50,2,881,545,932,610,Sep30_0/137-20190914182800-snapshot.jpg
2,0,20190914,182830,68,2,881,545,932,611,Sep30_0/137-20190914182830-snapshot.jpg
2,0,20190914,182930,52,2,880,546,932,611,Sep30_0/137-20190914182930-snapshot.jpg
2,0,20190914,183000,49,2,881,545,933,612,Sep30_0/137-20190914183000-snapshot.jpg
2,0,20190914,183030,36,2,882,545,932,610,Sep30_0/137-20190914183030-snapshot.jpg
2,0,20190914,183100,36,2,882,545,931,610,Sep30_0/137-20190914183100-snapshot.jpg
2,0,20190914,183130,51,2,882,545,932,609,Sep30_0/137-20190914183130-snapshot.jpg
2,0,20190914,183200,40,2,882,545,931,611,Sep30_0/137-20190914183200-snapshot.jpg
2,0,20190914,183230,44,2,881,545,931,610,Sep30_0/137-20190914183230-snapshot.jpg
2,0,20190914,183300,49,2,882,545,932,610,Sep30_0/137-20190914183300-snapshot.jpg
2,0,20190914,183330,40,2,881,545,932,611,Sep30_0/137-20190914183330-snapshot.jpg
2,0,20190914,183400,46,2,882,545,931,611,Sep30_0/137-20190914183400-snapshot.jpg
2,0,20190914,183430,32,2,1775,0,1853,61,Sep30_0/137-20190914183430-snapshot.jpg
2,0,20190914,183430,64,2,881,545,932,609,Sep30_0/137-20190914183430-snapshot.jpg
2,0,20190914,183500,51,2,882,544,932,611,Sep30_0/137-20190914183500-snapshot.jpg
2,0,20190914,183530,35,2,882,545,932,609,Sep30_0/137-20190914183530-snapshot.jpg
2,0,20190914,183600,63,2,881,544,932,612,Sep30_0/137-20190914183600-snapshot.jpg
2,0,20190914,183630,57,2,881,545,932,611,Sep30_0/137-20190914183630-snapshot.jpg
2,0,20190914,183700,55,2,881,544,932,611,Sep30_0/137-20190914183700-snapshot.jpg
2,0,20190914,183730,57,2,882,542,933,611,Sep30_0/137-20190914183730-snapshot.jpg
2,0,20190914,183800,42,2,881,544,933,611,Sep30_0/137-20190914183800-snapshot.jpg
2,0,20190914,183830,52,2,881,544,933,612,Sep30_0/137-20190914183830-snapshot.jpg
2,0,20190914,183900,49,2,880,544,933,612,Sep30_0/137-20190914183900-snapshot.jpg
2,0,20190914,183930,73,2,880,545,933,612,Sep30_0/137-20190914183930-snapshot.jpg
2,0,20190914,184000,70,2,881,544,933,610,Sep30_0/137-20190914184000-snapshot.jpg
2,0,20190914,184030,76,2,881,543,933,611,Sep30_0/137-20190914184030-snapshot.jpg
2,0,20190914,184100,69,2,881,542,933,610,Sep30_0/137-20190914184100-snapshot.jpg
2,0,20190914,184130,75,2,881,543,933,610,Sep30_0/137-20190914184130-snapshot.jpg
2,0,20190914,184200,68,2,881,542,933,611,Sep30_0/137-20190914184200-snapshot.jpg
2,0,20190914,184230,71,2,880,542,933,612,Sep30_0/137-20190914184230-snapshot.jpg
2,0,20190914,184300,63,2,881,542,934,612,Sep30_0/137-20190914184300-snapshot.jpg
2,0,20190914,184330,70,2,881,543,933,610,Sep30_0/138-20190914184330-snapshot.jpg
2,0,20190914,184400,69,2,881,543,933,610,Sep30_0/138-20190914184400-snapshot.jpg
2,0,20190914,184430,67,2,881,543,934,611,Sep30_0/138-20190914184430-snapshot.jpg
2,0,20190914,184500,70,2,881,542,934,610,Sep30_0/138-20190914184500-snapshot.jpg
2,0,20190914,184530,70,2,880,543,933,611,Sep30_0/138-20190914184530-snapshot.jpg
2,0,20190914,184600,71,2,881,542,933,611,Sep30_0/138-20190914184600-snapshot.jpg
2,0,20190914,184630,66,2,881,542,933,611,Sep30_0/138-20190914184630-snapshot.jpg
2,0,20190914,184700,65,2,881,542,934,609,Sep30_0/138-20190914184700-snapshot.jpg
2,0,20190914,184730,67,2,881,542,934,611,Sep30_0/138-20190914184730-snapshot.jpg
2,0,20190914,184800,67,2,881,542,934,609,Sep30_0/138-20190914184800-snapshot.jpg
2,0,20190914,184830,63,2,881,542,934,610,Sep30_0/138-20190914184830-snapshot.jpg
2,0,20190914,184900,69,2,881,543,933,609,Sep30_0/138-20190914184900-snapshot.jpg
2,0,20190914,184930,67,2,880,543,933,612,Sep30_0/138-20190914184930-snapshot.jpg
2,0,20190914,185000,63,2,881,542,933,609,Sep30_0/138-20190914185000-snapshot.jpg
2,0,20190914,185030,67,2,881,542,934,611,Sep30_0/138-20190914185030-snapshot.jpg
2,0,20190914,185100,51,2,880,542,934,611,Sep30_0/138-20190914185100-snapshot.jpg
2,0,20190914,185130,69,2,881,542,934,611,Sep30_0/138-20190914185130-snapshot.jpg
2,0,20190914,185200,52,2,881,542,934,611,Sep30_0/138-20190914185200-snapshot.jpg
2,0,20190914,185230,61,2,881,542,934,611,Sep30_0/138-20190914185230-snapshot.jpg
2,0,20190914,185300,74,2,881,541,933,609,Sep30_0/138-20190914185300-snapshot.jpg
2,0,20190914,185330,73,2,880,541,934,611,Sep30_0/138-20190914185330-snapshot.jpg
2,0,20190914,185400,47,2,881,542,935,610,Sep30_0/138-20190914185400-snapshot.jpg
2,0,20190914,185430,57,2,881,541,934,611,Sep30_0/138-20190914185430-snapshot.jpg
2,0,20190914,185500,64,2,881,542,934,610,Sep30_0/138-20190914185500-snapshot.jpg
2,0,20190914,185530,50,2,881,541,934,612,Sep30_0/138-20190914185530-snapshot.jpg
2,0,20190914,185600,70,2,880,541,933,611,Sep30_0/138-20190914185600-snapshot.jpg
2,0,20190914,185630,73,2,880,541,934,611,Sep30_0/138-20190914185630-snapshot.jpg
2,0,20190914,185700,67,2,881,541,934,610,Sep30_0/138-20190914185700-snapshot.jpg
2,0,20190914,185730,61,2,881,541,934,612,Sep30_0/138-20190914185730-snapshot.jpg
2,0,20190914,185800,50,2,880,542,934,612,Sep30_0/138-20190914185800-snapshot.jpg
2,0,20190914,185830,47,2,881,541,934,612,Sep30_0/138-20190914185830-snapshot.jpg
2,0,20190914,185900,50,2,880,541,934,613,Sep30_0/138-20190914185900-snapshot.jpg
2,0,20190914,185930,65,2,881,542,934,609,Sep30_0/138-20190914185930-snapshot.jpg
2,0,20190914,190000,71,2,880,541,934,612,Sep30_0/138-20190914190000-snapshot.jpg
2,0,20190914,190030,62,2,880,541,934,612,Sep30_0/138-20190914190030-snapshot.jpg
2,0,20190914,190100,48,2,880,542,934,612,Sep30_0/138-20190914190100-snapshot.jpg
2,0,20190914,190130,40,2,881,542,934,610,Sep30_0/138-20190914190130-snapshot.jpg
2,0,20190914,190230,50,2,881,541,935,612,Sep30_0/138-20190914190230-snapshot.jpg
2,0,20190914,190300,32,2,881,542,934,609,Sep30_0/138-20190914190300-snapshot.jpg
2,0,20190914,190330,51,2,880,542,934,611,Sep30_0/139-20190914190330-snapshot.jpg
2,0,20190914,190400,25,2,880,542,935,612,Sep30_0/139-20190914190400-snapshot.jpg
2,0,20190914,190530,26,2,880,542,935,612,Sep30_0/139-20190914190530-snapshot.jpg
2,0,20190914,193330,29,3,476,397,549,486,Sep30_0/145-20190914193330-snapshot.jpg
2,0,20190914,193400,31,3,475,395,548,483,Sep30_0/146-20190914193400-snapshot.jpg
2,0,20190915,065430,51,1,1424,439,1471,480,Sep30_0/147-20190915065430-snapshot.jpg
2,0,20190915,065500,35,1,1423,440,1469,479,Sep30_0/147-20190915065500-snapshot.jpg
2,0,20190915,065830,49,3,472,398,545,480,Sep30_0/147-20190915065830-snapshot.jpg
2,0,20190915,065930,37,3,472,398,545,482,Sep30_0/147-20190915065930-snapshot.jpg
2,0,20190915,163500,90,2,551,486,616,580,Sep30_0/147-20190915163500-snapshot.jpg
2,0,20190915,164230,88,2,1009,0,1069,83,Sep30_0/147-20190915164230-snapshot.jpg
2,0,20190915,192630,39,1,1423,438,1469,477,Sep30_0/147-20190915192630-snapshot.jpg
2,0,20190916,065330,68,1,1418,437,1471,482,Sep30_0/150-20190916065330-snapshot.jpg
2,0,20190916,065400,79,1,1422,438,1470,478,Sep30_0/150-20190916065400-snapshot.jpg
2,0,20190916,065430,41,1,1421,441,1468,480,Sep30_0/150-20190916065430-snapshot.jpg
2,0,20190916,065500,75,1,1421,438,1468,477,Sep30_0/150-20190916065500-snapshot.jpg
2,0,20190916,065600,37,1,1424,439,1468,476,Sep30_0/150-20190916065600-snapshot.jpg
2,0,20190916,104130,86,8,1300,720,1358,801,Sep30_0/150-20190916104130-snapshot.jpg
2,0,20190916,161130,73,8,1120,119,1182,191,Sep30_0/150-20190916161130-snapshot.jpg
2,0,20190917,095930,28,5,875,576,924,630,Sep30_0/164-20190917095930-snapshot.jpg
2,0,20190917,100000,35,5,874,581,923,629,Sep30_0/164-20190917100000-snapshot.jpg
2,0,20190917,113830,83,9,886,929,975,1019,Sep30_0/164-20190917113830-snapshot.jpg
2,0,20190917,121000,38,1,1780,161,1817,193,Sep30_0/164-20190917121000-snapshot.jpg
2,0,20190917,121130,49,1,1780,162,1818,193,Sep30_0/164-20190917121130-snapshot.jpg
2,0,20190917,121330,49,1,1780,163,1817,193,Sep30_0/164-20190917121330-snapshot.jpg
2,0,20190917,162800,60,2,494,439,558,477,Sep30_0/164-20190917162800-snapshot.jpg
2,0,20190912,073700,26,2,1789,0,1847,41,Sep30_0/17-20190912073700-snapshot.jpg
2,0,20190912,073830,28,2,1790,0,1847,41,Sep30_0/17-20190912073830-snapshot.jpg
2,0,20190912,074000,27,2,1789,0,1847,41,Sep30_0/17-20190912074000-snapshot.jpg
2,0,20190912,075600,29,2,1789,0,1848,41,Sep30_0/17-20190912075600-snapshot.jpg
2,0,20190912,075630,35,2,1789,0,1847,42,Sep30_0/17-20190912075630-snapshot.jpg
2,0,20190912,075700,30,2,1789,0,1848,41,Sep30_0/17-20190912075700-snapshot.jpg
2,0,20190918,114230,86,2,1473,50,1535,134,Sep30_0/175-20190918114230-snapshot.jpg
2,0,20190918,120400,77,5,1213,160,1274,222,Sep30_0/175-20190918120400-snapshot.jpg
2,0,20190918,120430,72,5,1211,161,1274,222,Sep30_0/175-20190918120430-snapshot.jpg
2,0,20190918,124330,87,2,1810,74,1910,159,Sep30_0/175-20190918124330-snapshot.jpg
2,0,20190918,124430,85,9,1833,40,1920,109,Sep30_0/175-20190918124430-snapshot.jpg
2,0,20190918,131430,83,2,655,53,714,114,Sep30_0/175-20190918131430-snapshot.jpg
2,0,20190918,135700,81,9,895,940,992,1015,Sep30_0/175-20190918135700-snapshot.jpg
2,0,20190918,141000,40,9,673,5,727,76,Sep30_0/175-20190918141000-snapshot.jpg
2,0,20190918,141000,65,2,672,4,728,77,Sep30_0/175-20190918141000-snapshot.jpg
2,0,20190918,141030,82,9,555,522,622,608,Sep30_0/175-20190918141030-snapshot.jpg
2,0,20190918,141100,53,2,1386,1,1491,46,Sep30_0/175-20190918141100-snapshot.jpg
2,0,20190912,080730,26,2,1790,0,1847,41,Sep30_0/18-20190912080730-snapshot.jpg
2,0,20190912,081930,30,2,1791,1,1846,40,Sep30_0/19-20190912081930-snapshot.jpg
2,0,20190919,075330,25,8,584,655,673,705,Sep30_0/191-20190919075330-snapshot.jpg
2,0,20190919,075730,46,8,585,655,671,704,Sep30_0/192-20190919075730-snapshot.jpg
2,0,20190919,075800,49,8,584,655,673,705,Sep30_0/192-20190919075800-snapshot.jpg
2,0,20190919,075830,36,8,585,654,674,705,Sep30_0/192-20190919075830-snapshot.jpg
2,0,20190919,080100,27,8,583,655,670,704,Sep30_0/193-20190919080100-snapshot.jpg
2,0,20190919,080300,25,8,584,655,671,704,Sep30_0/193-20190919080300-snapshot.jpg
2,0,20190919,080530,31,8,584,654,670,704,Sep30_0/194-20190919080530-snapshot.jpg
2,0,20190919,081600,40,8,583,655,668,703,Sep30_0/194-20190919081600-snapshot.jpg
2,0,20190919,081930,29,8,584,656,667,703,Sep30_0/194-20190919081930-snapshot.jpg
2,0,20190919,082000,26,8,583,655,668,703,Sep30_0/194-20190919082000-snapshot.jpg
2,0,20190919,082030,32,8,584,655,668,702,Sep30_0/194-20190919082030-snapshot.jpg
2,0,20190919,082200,30,8,583,657,666,703,Sep30_0/194-20190919082200-snapshot.jpg
2,0,20190919,083600,47,9,586,657,665,702,Sep30_0/194-20190919083600-snapshot.jpg
2,0,20190919,083800,54,8,587,656,671,703,Sep30_0/194-20190919083800-snapshot.jpg
2,0,20190919,084200,43,9,585,657,668,703,Sep30_0/194-20190919084200-snapshot.jpg
2,0,20190919,084230,30,8,587,657,670,703,Sep30_0/194-20190919084230-snapshot.jpg
2,0,20190919,084300,28,8,586,657,669,703,Sep30_0/194-20190919084300-snapshot.jpg
2,0,20190919,084430,34,8,585,657,669,703,Sep30_0/194-20190919084430-snapshot.jpg
2,0,20190919,090900,27,8,1885,133,1920,192,Sep30_0/194-20190919090900-snapshot.jpg
2,0,20190919,095030,33,8,1887,135,1920,193,Sep30_0/194-20190919095030-snapshot.jpg
2,0,20190919,095700,26,8,577,249,635,319,Sep30_0/194-20190919095700-snapshot.jpg
2,0,20190912,082600,30,2,1789,0,1847,41,Sep30_0/20-20190912082600-snapshot.jpg
2,0,20190912,082900,26,2,1790,1,1846,41,Sep30_0/20-20190912082900-snapshot.jpg
2,0,20190912,082930,27,2,1791,1,1846,41,Sep30_0/20-20190912082930-snapshot.jpg
2,0,20190912,083000,25,2,1789,1,1847,41,Sep30_0/20-20190912083000-snapshot.jpg
2,0,20190920,070630,33,8,720,20,782,100,Sep30_0/217-20190920070630-snapshot.jpg
2,0,20190920,070700,59,8,719,19,782,99,Sep30_0/217-20190920070700-snapshot.jpg
2,0,20190920,070830,42,8,721,20,779,96,Sep30_0/217-20190920070830-snapshot.jpg
2,0,20190920,070900,32,8,720,18,777,98,Sep30_0/217-20190920070900-snapshot.jpg
2,0,20190920,071000,36,8,719,20,777,99,Sep30_0/217-20190920071000-snapshot.jpg
2,0,20190920,071030,26,8,721,19,778,99,Sep30_0/217-20190920071030-snapshot.jpg
2,0,20190920,071100,64,8,718,18,777,99,Sep30_0/217-20190920071100-snapshot.jpg
2,0,20190920,071130,57,8,719,18,776,97,Sep30_0/217-20190920071130-snapshot.jpg
2,0,20190920,074530,25,9,173,103,293,228,Sep30_0/220-20190920074530-snapshot.jpg
2,0,20190920,080030,57,9,1850,132,1920,191,Sep30_0/220-20190920080030-snapshot.jpg
2,0,20190920,080300,29,8,1855,132,1919,190,Sep30_0/220-20190920080300-snapshot.jpg
2,0,20190920,102430,32,1,734,54,773,94,Sep30_0/221-20190920102430-snapshot.jpg
2,0,20190920,102530,40,1,734,55,774,94,Sep30_0/221-20190920102530-snapshot.jpg
2,0,20190920,102730,58,1,734,55,775,94,Sep30_0/221-20190920102730-snapshot.jpg
2,0,20190920,102830,52,1,734,56,774,94,Sep30_0/221-20190920102830-snapshot.jpg
2,0,20190920,103000,54,1,735,56,775,94,Sep30_0/221-20190920103000-snapshot.jpg
2,0,20190920,103230,46,1,734,57,774,95,Sep30_0/221-20190920103230-snapshot.jpg
2,0,20190920,103900,27,1,735,56,776,95,Sep30_0/221-20190920103900-snapshot.jpg
2,0,20190920,104000,35,1,734,55,775,95,Sep30_0/221-20190920104000-snapshot.jpg
2,0,20190920,104330,51,1,735,56,774,95,Sep30_0/221-20190920104330-snapshot.jpg
2,0,20190920,104400,37,1,735,56,774,95,Sep30_0/221-20190920104400-snapshot.jpg
2,0,20190920,104430,38,1,735,55,773,94,Sep30_0/221-20190920104430-snapshot.jpg
2,0,20190920,104500,28,1,735,56,775,96,Sep30_0/221-20190920104500-snapshot.jpg
2,0,20190920,104530,54,1,735,57,775,95,Sep30_0/221-20190920104530-snapshot.jpg
2,0,20190920,104600,35,1,735,56,775,95,Sep30_0/221-20190920104600-snapshot.jpg
2,0,20190920,104630,40,1,735,57,775,95,Sep30_0/221-20190920104630-snapshot.jpg
2,0,20190920,104700,40,1,735,57,775,94,Sep30_0/221-20190920104700-snapshot.jpg
2,0,20190920,105900,27,1,735,57,775,96,Sep30_0/221-20190920105900-snapshot.jpg
2,0,20190920,105930,34,1,734,56,774,95,Sep30_0/221-20190920105930-snapshot.jpg
2,0,20190920,110000,35,1,735,57,775,95,Sep30_0/221-20190920110000-snapshot.jpg
2,0,20190920,110030,30,1,736,57,774,95,Sep30_0/221-20190920110030-snapshot.jpg
2,0,20190920,110100,34,1,735,58,775,95,Sep30_0/221-20190920110100-snapshot.jpg
2,0,20190920,110300,30,1,735,58,774,95,Sep30_0/221-20190920110300-snapshot.jpg
2,0,20190920,110500,26,1,735,57,774,95,Sep30_0/221-20190920110500-snapshot.jpg
2,0,20190920,110630,35,1,735,58,774,96,Sep30_0/221-20190920110630-snapshot.jpg
2,0,20190912,103100,31,8,1601,363,1679,425,Sep30_0/60-20190912103100-snapshot.jpg
2,0,20190912,104530,78,8,1489,774,1579,844,Sep30_0/62-20190912104530-snapshot.jpg
2,0,20190912,115600,86,9,413,422,510,488,Sep30_0/65-20190912115600-snapshot.jpg
2,0,20190912,115900,88,2,1590,709,1679,787,Sep30_0/65-20190912115900-snapshot.jpg
2,0,20190912,120600,81,3,181,332,254,391,Sep30_0/65-20190912120600-snapshot.jpg
2,0,20190912,120900,82,2,951,15,1009,93,Sep30_0/65-20190912120900-snapshot.jpg
2,0,20190912,121500,39,8,1376,2,1449,44,Sep30_0/65-20190912121500-snapshot.jpg
2,0,20190912,121500,65,2,1376,3,1448,44,Sep30_0/65-20190912121500-snapshot.jpg
2,0,20190912,121530,30,2,1342,44,1422,96,Sep30_0/65-20190912121530-snapshot.jpg
2,0,20190912,121530,32,5,1339,44,1420,94,Sep30_0/65-20190912121530-snapshot.jpg
2,0,20190912,121700,77,8,598,1016,689,1072,Sep30_0/65-20190912121700-snapshot.jpg
2,0,20190912,122130,85,2,458,425,531,494,Sep30_0/65-20190912122130-snapshot.jpg
2,0,20190912,124130,81,2,225,530,298,629,Sep30_0/66-20190912124130-snapshot.jpg
2,0,20190912,124130,87,2,1378,104,1477,164,Sep30_0/66-20190912124130-snapshot.jpg
2,0,20190912,124200,78,2,930,851,1010,935,Sep30_0/66-20190912124200-snapshot.jpg
2,0,20190912,124200,86,9,390,437,500,498,Sep30_0/66-20190912124200-snapshot.jpg
2,0,20190912,124230,81,2,126,523,183,592,Sep30_0/66-20190912124230-snapshot.jpg
2,0,20190912,124630,83,2,219,255,290,324,Sep30_0/66-20190912124630-snapshot.jpg
2,0,20190912,124900,85,2,1506,795,1590,861,Sep30_0/66-20190912124900-snapshot.jpg
2,0,20190912,125430,42,2,1736,70,1802,144,Sep30_0/66-20190912125430-snapshot.jpg
2,0,20190912,130400,85,2,1408,70,1463,153,Sep30_0/67-20190912130400-snapshot.jpg
2,0,20190912,130630,90,2,442,517,550,594,Sep30_0/67-20190912130630-snapshot.jpg
2,0,20190912,131200,68,2,742,519,801,587,Sep30_0/67-20190912131200-snapshot.jpg
2,0,20190912,131230,80,8,1745,594,1815,681,Sep30_0/67-20190912131230-snapshot.jpg
2,0,20190912,132130,78,2,739,350,798,446,Sep30_0/67-20190912132130-snapshot.jpg
2,0,20190912,132530,86,2,755,832,816,922,Sep30_0/67-20190912132530-snapshot.jpg
2,0,20190912,133830,82,2,756,2,811,64,Sep30_0/67-20190912133830-snapshot.jpg
2,0,20190912,140200,75,2,95,339,186,405,Sep30_0/70-20190912140200-snapshot.jpg
2,0,20190912,140330,85,8,1073,128,1130,219,Sep30_0/70-20190912140330-snapshot.jpg
2,0,20190912,141530,86,2,124,324,216,396,Sep30_0/71-20190912141530-snapshot.jpg
2,0,20190912,142830,87,2,200,425,304,499,Sep30_0/71-20190912142830-snapshot.jpg
2,0,20190912,143330,86,2,1425,27,1486,112,Sep30_0/71-20190912143330-snapshot.jpg
2,0,20190912,143600,85,2,1627,575,1709,644,Sep30_0/71-20190912143600-snapshot.jpg
2,0,20190912,145030,80,2,1482,63,1540,133,Sep30_0/71-20190912145030-snapshot.jpg
2,0,20190912,145430,87,2,888,968,978,1047,Sep30_0/71-20190912145430-snapshot.jpg
2,0,20190912,145500,89,2,560,414,655,471,Sep30_0/71-20190912145500-snapshot.jpg
2,0,20190912,145630,76,2,108,775,204,852,Sep30_0/71-20190912145630-snapshot.jpg
2,0,20190912,150030,86,2,1641,567,1728,641,Sep30_0/71-20190912150030-snapshot.jpg
2,0,20190912,151730,85,8,738,411,798,502,Sep30_0/71-20190912151730-snapshot.jpg
2,0,20190912,152500,29,2,839,209,925,262,Sep30_0/71-20190912152500-snapshot.jpg
2,0,20190912,152830,86,8,849,379,914,473,Sep30_0/71-20190912152830-snapshot.jpg
2,0,20190912,153330,87,2,768,453,859,512,Sep30_0/71-20190912153330-snapshot.jpg
2,0,20190912,153600,88,2,831,900,919,980,Sep30_0/71-20190912153600-snapshot.jpg
2,0,20190912,153700,60,2,175,573,257,634,Sep30_0/71-20190912153700-snapshot.jpg
2,0,20190912,153930,85,2,1665,562,1722,650,Sep30_0/71-20190912153930-snapshot.jpg
2,0,20190912,155100,86,2,501,456,599,521,Sep30_0/72-20190912155100-snapshot.jpg
2,0,20190912,155200,70,2,464,439,540,498,Sep30_0/72-20190912155200-snapshot.jpg
2,0,20190912,155400,87,2,230,473,315,563,Sep30_0/72-20190912155400-snapshot.jpg
2,0,20190912,155430,88,2,184,492,273,576,Sep30_0/72-20190912155430-snapshot.jpg
2,0,20190912,161600,82,2,87,490,179,565,Sep30_0/73-20190912161600-snapshot.jpg
2,0,20190912,162400,90,2,1445,818,1545,896,Sep30_0/73-20190912162400-snapshot.jpg
2,0,20190912,162630,43,2,731,175,810,233,Sep30_0/73-20190912162630-snapshot.jpg
2,0,20190912,162700,85,2,363,374,464,428,Sep30_0/73-20190912162700-snapshot.jpg
2,0,20190912,162730,44,2,1794,523,1878,604,Sep30_0/73-20190912162730-snapshot.jpg
2,0,20190912,164400,85,2,1480,89,1567,153,Sep30_0/73-20190912164400-snapshot.jpg
2,0,20190912,165830,86,2,342,460,426,539,Sep30_0/73-20190912165830-snapshot.jpg
2,0,20190912,171730,87,2,1499,794,1581,856,Sep30_0/73-20190912171730-snapshot.jpg
2,0,20190912,172700,71,2,1160,272,1238,325,Sep30_0/73-20190912172700-snapshot.jpg
2,0,20190912,174830,85,8,636,145,694,228,Sep30_0/73-20190912174830-snapshot.jpg
2,0,20190912,175130,85,2,1470,92,1565,147,Sep30_0/73-20190912175130-snapshot.jpg
2,0,20190912,175330,83,8,1516,177,1576,257,Sep30_0/73-20190912175330-snapshot.jpg
2,0,20190912,175600,65,2,113,351,180,424,Sep30_0/73-20190912175600-snapshot.jpg
2,0,20190912,175630,86,2,365,501,458,580,Sep30_0/73-20190912175630-snapshot.jpg
2,0,20190912,180100,86,2,896,1003,986,1078,Sep30_0/73-20190912180100-snapshot.jpg
2,0,20190912,185130,27,9,1356,534,1405,599,Sep30_0/73-20190912185130-snapshot.jpg
2,0,20190913,065100,49,1,1305,609,1352,650,Sep30_0/74-20190913065100-snapshot.jpg
2,0,20190913,065100,52,1,1419,444,1467,483,Sep30_0/74-20190913065100-snapshot.jpg
2,0,20190913,065130,27,1,1421,444,1467,481,Sep30_0/74-20190913065130-snapshot.jpg
2,0,20190913,065300,48,1,1306,610,1354,652,Sep30_0/74-20190913065300-snapshot.jpg
2,0,20190913,133130,84,8,1197,528,1292,605,Sep30_0/74-20190913133130-snapshot.jpg
2,0,20190913,140400,70,2,713,270,773,333,Sep30_0/74-20190913140400-snapshot.jpg
2,0,20190913,140500,85,2,1653,23,1759,88,Sep30_0/74-20190913140500-snapshot.jpg
2,0,20190913,140600,88,2,361,388,448,473,Sep30_0/74-20190913140600-snapshot.jpg
2,0,20190913,150900,86,2,1073,347,1147,429,Sep30_0/74-20190913150900-snapshot.jpg
2,0,20190913,150930,27,2,874,341,927,394,Sep30_0/74-20190913150930-snapshot.jpg
2,0,20190913,151000,88,2,924,972,1027,1045,Sep30_0/74-20190913151000-snapshot.jpg
2,0,20190914,064800,45,1,1419,440,1470,483,Sep30_0/77-20190914064800-snapshot.jpg
2,0,20190914,064800,50,1,1307,614,1360,663,Sep30_0/77-20190914064800-snapshot.jpg
2,0,20190914,064830,46,1,1418,442,1468,485,Sep30_0/77-20190914064830-snapshot.jpg
2,0,20190914,064900,45,1,1417,443,1468,486,Sep30_0/77-20190914064900-snapshot.jpg
2,0,20190914,064900,60,1,1309,616,1360,663,Sep30_0/77-20190914064900-snapshot.jpg
2,0,20190914,064930,47,1,1310,616,1359,662,Sep30_0/77-20190914064930-snapshot.jpg
2,0,20190914,065000,49,1,1420,442,1469,484,Sep30_0/77-20190914065000-snapshot.jpg
2,0,20190914,065000,59,1,1310,617,1360,664,Sep30_0/77-20190914065000-snapshot.jpg
2,0,20190914,065030,44,1,1418,442,1469,484,Sep30_0/77-20190914065030-snapshot.jpg
2,0,20190914,065030,57,1,1311,615,1362,663,Sep30_0/77-20190914065030-snapshot.jpg
2,0,20190914,065100,41,1,1310,616,1359,663,Sep30_0/77-20190914065100-snapshot.jpg
2,0,20190914,065100,64,1,1417,442,1468,484,Sep30_0/77-20190914065100-snapshot.jpg
2,0,20190914,065130,64,1,1310,615,1361,663,Sep30_0/77-20190914065130-snapshot.jpg
2,0,20190914,065130,67,1,1417,442,1467,484,Sep30_0/77-20190914065130-snapshot.jpg
2,0,20190914,065200,58,1,1311,616,1360,663,Sep30_0/77-20190914065200-snapshot.jpg
2,0,20190914,065230,49,1,1311,617,1360,663,Sep30_0/77-20190914065230-snapshot.jpg
2,0,20190914,095830,75,8,1425,759,1532,830,Sep30_0/78-20190914095830-snapshot.jpg
2,0,20190914,114200,28,2,877,544,930,607,Sep30_0/79-20190914114200-snapshot.jpg
2,0,20190914,114500,85,8,598,511,658,589,Sep30_0/79-20190914114500-snapshot.jpg
2,0,20190914,114630,39,2,878,544,930,606,Sep30_0/79-20190914114630-snapshot.jpg
2,0,20190914,120700,37,2,879,543,931,605,Sep30_0/79-20190914120700-snapshot.jpg
2,0,20190914,121700,29,2,879,543,930,605,Sep30_0/79-20190914121700-snapshot.jpg
2,0,20190914,124200,32,2,879,544,930,605,Sep30_0/81-20190914124200-snapshot.jpg
2,0,20190914,124400,27,2,880,543,930,604,Sep30_0/81-20190914124400-snapshot.jpg
2,0,20190914,124500,35,2,879,544,930,605,Sep30_0/81-20190914124500-snapshot.jpg
2,0,20190914,124530,45,2,879,543,930,605,Sep30_0/81-20190914124530-snapshot.jpg
2,0,20190914,124700,25,2,879,545,930,605,Sep30_0/81-20190914124700-snapshot.jpg
2,0,20190914,124730,38,2,879,544,930,606,Sep30_0/81-20190914124730-snapshot.jpg
2,0,20190914,125000,29,2,1775,0,1845,54,Sep30_0/82-20190914125000-snapshot.jpg
2,0,20190914,125300,34,2,879,545,930,604,Sep30_0/82-20190914125300-snapshot.jpg
2,0,20190914,130100,33,2,880,544,930,605,Sep30_0/84-20190914130100-snapshot.jpg
2,0,20190914,130130,30,2,879,544,930,605,Sep30_0/84-20190914130130-snapshot.jpg
2,0,20190914,130200,47,2,1774,0,1846,57,Sep30_0/84-20190914130200-snapshot.jpg
2,0,20190914,130300,49,2,879,544,930,606,Sep30_0/84-20190914130300-snapshot.jpg
2,0,20190914,130400,39,2,880,544,930,604,Sep30_0/84-20190914130400-snapshot.jpg
2,0,20190914,130630,35,2,1774,0,1845,57,Sep30_0/84-20190914130630-snapshot.jpg
2,0,20190914,130800,42,2,879,544,931,606,Sep30_0/84-20190914130800-snapshot.jpg
2,0,20190914,130800,48,2,1774,0,1846,57,Sep30_0/84-20190914130800-snapshot.jpg
2,0,20190914,130830,26,2,1775,0,1844,54,Sep30_0/84-20190914130830-snapshot.jpg
2,0,20190914,130900,37,2,881,544,930,604,Sep30_0/84-20190914130900-snapshot.jpg
2,0,20190914,131030,32,2,1774,0,1843,54,Sep30_0/84-20190914131030-snapshot.jpg
2,0,20190914,131200,27,2,1774,0,1844,54,Sep30_0/84-20190914131200-snapshot.jpg
2,0,20190914,131200,39,2,880,544,930,606,Sep30_0/84-20190914131200-snapshot.jpg
2,0,20190914,131230,31,2,1775,0,1843,53,Sep30_0/84-20190914131230-snapshot.jpg
2,0,20190914,131400,29,2,1776,0,1842,50,Sep30_0/84-20190914131400-snapshot.jpg
2,0,20190914,131400,33,2,880,544,930,606,Sep30_0/84-20190914131400-snapshot.jpg
2,0,20190914,131430,38,2,1775,0,1843,53,Sep30_0/84-20190914131430-snapshot.jpg
2,0,20190914,131500,29,2,1775,0,1843,54,Sep30_0/84-20190914131500-snapshot.jpg
2,0,20190914,131630,36,2,1774,0,1845,56,Sep30_0/84-20190914131630-snapshot.jpg
2,0,20190914,131700,48,2,1775,0,1846,56,Sep30_0/84-20190914131700-snapshot.jpg
2,0,20190914,131730,35,2,1774,0,1844,56,Sep30_0/84-20190914131730-snapshot.jpg
2,0,20190914,131800,38,2,1775,0,1843,54,Sep30_0/84-20190914131800-snapshot.jpg
2,0,20190914,131900,35,2,881,544,930,603,Sep30_0/84-20190914131900-snapshot.jpg
2,0,20190914,131900,48,2,1774,0,1845,57,Sep30_0/84-20190914131900-snapshot.jpg
2,0,20190914,131930,35,2,1774,0,1844,56,Sep30_0/84-20190914131930-snapshot.jpg
2,0,20190914,131930,37,2,880,544,931,606,Sep30_0/84-20190914131930-snapshot.jpg
2,0,20190914,132000,30,2,881,545,930,603,Sep30_0/84-20190914132000-snapshot.jpg
2,0,20190914,132000,34,2,1776,0,1844,53,Sep30_0/84-20190914132000-snapshot.jpg
2,0,20190914,132030,32,2,1774,0,1843,54,Sep30_0/84-20190914132030-snapshot.jpg
2,0,20190914,132030,40,2,881,544,930,602,Sep30_0/84-20190914132030-snapshot.jpg
2,0,20190914,132100,36,2,1774,0,1844,56,Sep30_0/85-20190914132100-snapshot.jpg
2,0,20190914,132130,27,2,881,545,930,604,Sep30_0/85-20190914132130-snapshot.jpg
2,0,20190914,132130,37,2,1775,0,1844,54,Sep30_0/85-20190914132130-snapshot.jpg
2,0,20190914,132200,35,2,1775,0,1843,53,Sep30_0/85-20190914132200-snapshot.jpg
2,0,20190914,132230,28,2,881,544,930,605,Sep30_0/86-20190914132230-snapshot.jpg
2,0,20190914,132330,38,2,1775,0,1844,55,Sep30_0/86-20190914132330-snapshot.jpg
2,0,20190914,132400,36,2,1774,0,1845,56,Sep30_0/86-20190914132400-snapshot.jpg
2,0,20190914,132430,43,2,1774,0,1844,56,Sep30_0/86-20190914132430-snapshot.jpg
2,0,20190914,132500,27,2,1775,0,1844,54,Sep30_0/86-20190914132500-snapshot.jpg
2,0,20190914,132600,40,2,881,545,930,603,Sep30_0/86-20190914132600-snapshot.jpg
2,0,20190914,132600,50,2,1775,0,1844,55,Sep30_0/86-20190914132600-snapshot.jpg
2,0,20190914,132630,39,2,881,545,930,605,Sep30_0/86-20190914132630-snapshot.jpg
2,0,20190914,132630,58,2,1773,0,1845,60,Sep30_0/86-20190914132630-snapshot.jpg
2,0,20190914,132700,30,2,1774,0,1845,57,Sep30_0/86-20190914132700-snapshot.jpg
2,0,20190914,132730,28,2,1775,0,1843,54,Sep30_0/86-20190914132730-snapshot.jpg
2,0,20190914,132800,42,2,1775,0,1843,55,Sep30_0/86-20190914132800-snapshot.jpg
2,0,20190914,132900,52,2,1774,0,1845,57,Sep30_0/87-20190914132900-snapshot.jpg
2,0,20190914,132930,36,2,880,546,930,606,Sep30_0/87-20190914132930-snapshot.jpg
2,0,20190914,133000,44,2,1774,0,1845,56,Sep30_0/87-20190914133000-snapshot.jpg
2,0,20190914,133030,32,2,880,545,930,606,Sep30_0/87-20190914133030-snapshot.jpg
2,0,20190914,133200,34,2,1774,0,1845,56,Sep30_0/87-20190914133200-snapshot.jpg
2,0,20190914,133200,37,2,882,547,930,606,Sep30_0/87-20190914133200-snapshot.jpg
2,0,20190914,133230,34,2,1774,0,1845,57,Sep30_0/88-20190914133230-snapshot.jpg
2,0,20190914,133230,37,2,880,547,929,606,Sep30_0/88-20190914133230-snapshot.jpg
2,0,20190914,133300,45,2,1773,0,1845,59,Sep30_0/88-20190914133300-snapshot.jpg
2,0,20190914,133330,45,2,879,546,930,607,Sep30_0/88-20190914133330-snapshot.jpg
2,0,20190914,133330,49,2,1774,0,1843,58,Sep30_0/88-20190914133330-snapshot.jpg
2,0,20190914,133400,27,2,881,548,929,605,Sep30_0/88-20190914133400-snapshot.jpg
2,0,20190914,133430,26,2,1775,0,1844,54,Sep30_0/89-20190914133430-snapshot.jpg
2,0,20190914,133500,37,2,1773,0,1845,57,Sep30_0/89-20190914133500-snapshot.jpg
2,0,20190914,133530,25,2,881,547,929,606,Sep30_0/89-20190914133530-snapshot.jpg
2,0,20190914,133530,41,2,1775,0,1844,55,Sep30_0/89-20190914133530-snapshot.jpg
2,0,20190914,133600,51,2,1773,0,1845,60,Sep30_0/89-20190914133600-snapshot.jpg
2,0,20190914,133630,57,2,1774,0,1845,59,Sep30_0/89-20190914133630-snapshot.jpg
2,0,20190914,133700,52,2,1773,0,1845,58,Sep30_0/89-20190914133700-snapshot.jpg
2,0,20190914,133730,43,2,879,547,930,606,Sep30_0/89-20190914133730-snapshot.jpg
2,0,20190914,133730,45,2,1773,0,1846,59,Sep30_0/89-20190914133730-snapshot.jpg
2,0,20190914,133800,35,2,1775,0,1844,56,Sep30_0/89-20190914133800-snapshot.jpg
2,0,20190914,133800,43,2,881,547,930,604,Sep30_0/89-20190914133800-snapshot.jpg
2,0,20190914,133830,54,2,1773,0,1844,59,Sep30_0/89-20190914133830-snapshot.jpg
2,0,20190914,133900,32,2,880,548,929,606,Sep30_0/89-20190914133900-snapshot.jpg
2,0,20190914,133900,56,2,1773,0,1845,61,Sep30_0/89-20190914133900-snapshot.jpg
2,0,20190914,133930,44,2,880,546,929,605,Sep30_0/89-20190914133930-snapshot.jpg
2,0,20190914,133930,57,2,1774,0,1845,59,Sep30_0/89-20190914133930-snapshot.jpg
2,0,20190914,134000,38,2,881,548,929,606,Sep30_0/89-20190914134000-snapshot.jpg
2,0,20190914,134000,50,2,1774,0,1845,57,Sep30_0/89-20190914134000-snapshot.jpg
2,0,20190914,134030,61,2,1773,0,1845,60,Sep30_0/89-20190914134030-snapshot.jpg
2,0,20190914,134100,58,2,1772,0,1846,62,Sep30_0/90-20190914134100-snapshot.jpg
2,0,20190914,134130,43,2,879,547,929,608,Sep30_0/90-20190914134130-snapshot.jpg
2,0,20190914,134130,64,2,1773,0,1845,61,Sep30_0/90-20190914134130-snapshot.jpg
2,0,20190914,134200,46,2,879,546,930,607,Sep30_0/90-20190914134200-snapshot.jpg
2,0,20190914,134200,53,2,1774,0,1845,57,Sep30_0/90-20190914134200-snapshot.jpg
2,0,20190914,134230,47,2,881,546,930,605,Sep30_0/90-20190914134230-snapshot.jpg
2,0,20190914,134230,60,2,1772,0,1845,60,Sep30_0/90-20190914134230-snapshot.jpg
2,0,20190914,134300,34,2,880,545,930,605,Sep30_0/90-20190914134300-snapshot.jpg
2,0,20190914,134300,51,2,1774,0,1844,57,Sep30_0/90-20190914134300-snapshot.jpg
2,0,20190914,134330,33,2,881,546,929,603,Sep30_0/90-20190914134330-snapshot.jpg
2,0,20190914,134330,56,2,1773,0,1845,60,Sep30_0/90-20190914134330-snapshot.jpg
2,0,20190914,134400,52,2,879,546,930,606,Sep30_0/90-20190914134400-snapshot.jpg
2,0,20190914,134400,58,2,1773,0,1846,60,Sep30_0/90-20190914134400-snapshot.jpg
2,0,20190914,134430,43,2,881,546,930,605,Sep30_0/90-20190914134430-snapshot.jpg
2,0,20190914,134430,52,2,1774,0,1844,57,Sep30_0/90-20190914134430-snapshot.jpg
2,0,20190914,134500,61,2,1773,0,1844,60,Sep30_0/90-20190914134500-snapshot.jpg
2,0,20190914,134530,43,2,880,546,929,605,Sep30_0/90-20190914134530-snapshot.jpg
2,0,20190914,134530,63,2,1773,0,1846,60,Sep30_0/90-20190914134530-snapshot.jpg
2,0,20190914,134600,34,2,880,546,929,604,Sep30_0/90-20190914134600-snapshot.jpg
2,0,20190914,134600,57,2,1773,0,1846,58,Sep30_0/90-20190914134600-snapshot.jpg
2,0,20190914,134630,40,2,880,546,930,608,Sep30_0/90-20190914134630-snapshot.jpg
2,0,20190914,134630,60,2,1773,0,1845,58,Sep30_0/90-20190914134630-snapshot.jpg
2,0,20190914,134700,65,2,1772,0,1845,61,Sep30_0/90-20190914134700-snapshot.jpg
2,0,20190914,134730,66,2,1774,0,1845,60,Sep30_0/90-20190914134730-snapshot.jpg
2,0,20190914,134800,43,2,880,546,930,608,Sep30_0/90-20190914134800-snapshot.jpg
2,0,20190914,134800,59,2,1773,0,1844,59,Sep30_0/90-20190914134800-snapshot.jpg
2,0,20190914,134830,65,2,1773,0,1845,61,Sep30_0/90-20190914134830-snapshot.jpg
2,0,20190914,134900,40,2,880,545,930,607,Sep30_0/90-20190914134900-snapshot.jpg
2,0,20190914,134900,67,2,1773,0,1845,62,Sep30_0/90-20190914134900-snapshot.jpg
2,0,20190914,134930,56,2,879,547,930,606,Sep30_0/90-20190914134930-snapshot.jpg
2,0,20190914,134930,66,2,1774,0,1844,59,Sep30_0/90-20190914134930-snapshot.jpg
2,0,20190914,135000,47,2,1774,0,1844,56,Sep30_0/90-20190914135000-snapshot.jpg
2,0,20190914,135000,51,2,881,546,930,606,Sep30_0/90-20190914135000-snapshot.jpg
2,0,20190914,135030,65,2,1773,0,1845,60,Sep30_0/90-20190914135030-snapshot.jpg
2,0,20190914,135100,62,2,1773,0,1844,60,Sep30_0/90-20190914135100-snapshot.jpg
2,0,20190914,135100,63,2,880,545,931,606,Sep30_0/90-20190914135100-snapshot.jpg
2,0,20190914,135130,57,2,880,545,930,606,Sep30_0/90-20190914135130-snapshot.jpg
2,0,20190914,135130,66,2,1773,0,1845,59,Sep30_0/90-20190914135130-snapshot.jpg
2,0,20190914,135200,55,2,1773,0,1845,59,Sep30_0/90-20190914135200-snapshot.jpg
2,0,20190914,135200,62,2,879,545,931,607,Sep30_0/90-20190914135200-snapshot.jpg
2,0,20190914,135230,37,2,1773,0,1844,58,Sep30_0/90-20190914135230-snapshot.jpg
2,0,20190914,135230,48,2,880,546,930,605,Sep30_0/90-20190914135230-snapshot.jpg
2,0,20190914,135300,45,2,1773,0,1843,59,Sep30_0/90-20190914135300-snapshot.jpg
2,0,20190914,135300,69,2,880,545,931,608,Sep30_0/90-20190914135300-snapshot.jpg
2,0,20190914,135330,38,2,881,546,930,605,Sep30_0/90-20190914135330-snapshot.jpg
2,0,20190914,135330,64,2,1772,0,1845,63,Sep30_0/90-20190914135330-snapshot.jpg
2,0,20190914,135400,37,2,881,545,930,606,Sep30_0/90-20190914135400-snapshot.jpg
2,0,20190914,135400,60,2,1773,0,1844,60,Sep30_0/90-20190914135400-snapshot.jpg
2,0,20190914,135430,27,2,882,546,930,603,Sep30_0/90-20190914135430-snapshot.jpg
2,0,20190914,135430,58,2,1773,0,1845,59,Sep30_0/90-20190914135430-snapshot.jpg
2,0,20190914,135500,58,2,880,546,930,606,Sep30_0/90-20190914135500-snapshot.jpg
2,0,20190914,135500,69,2,1772,0,1845,63,Sep30_0/90-20190914135500-snapshot.jpg
2,0,20190914,135530,33,2,881,548,930,605,Sep30_0/90-20190914135530-snapshot.jpg
2,0,20190914,135530,64,2,1773,0,1845,62,Sep30_0/90-20190914135530-snapshot.jpg
2,0,20190914,135600,47,2,881,546,930,606,Sep30_0/90-20190914135600-snapshot.jpg
2,0,20190914,135600,68,2,1772,0,1845,62,Sep30_0/90-20190914135600-snapshot.jpg
2,0,20190914,135630,36,2,882,546,930,605,Sep30_0/90-20190914135630-snapshot.jpg
2,0,20190914,135630,61,2,1773,0,1844,60,Sep30_0/90-20190914135630-snapshot.jpg
2,0,20190914,135700,29,2,882,546,930,606,Sep30_0/90-20190914135700-snapshot.jpg
2,0,20190914,135700,64,2,1772,0,1845,61,Sep30_0/90-20190914135700-snapshot.jpg
2,0,20190914,135730,63,2,1773,0,1844,59,Sep30_0/90-20190914135730-snapshot.jpg
2,0,20190914,135800,28,2,881,546,931,605,Sep30_0/91-20190914135800-snapshot.jpg
2,0,20190914,135800,68,2,1773,0,1845,62,Sep30_0/91-20190914135800-snapshot.jpg
2,0,20190914,135830,65,2,1773,0,1845,61,Sep30_0/91-20190914135830-snapshot.jpg
2,0,20190914,135900,40,2,881,547,931,605,Sep30_0/91-20190914135900-snapshot.jpg
2,0,20190914,135900,67,2,1773,0,1844,62,Sep30_0/91-20190914135900-snapshot.jpg
2,0,20190914,135930,62,2,1772,0,1843,61,Sep30_0/91-20190914135930-snapshot.jpg
2,0,20190914,140000,43,2,881,546,931,605,Sep30_0/91-20190914140000-snapshot.jpg
2,0,20190914,140000,61,2,1773,0,1844,59,Sep30_0/91-20190914140000-snapshot.jpg
2,0,20190914,140030,36,2,882,546,931,603,Sep30_0/91-20190914140030-snapshot.jpg
2,0,20190914,140030,60,2,1773,0,1844,60,Sep30_0/91-20190914140030-snapshot.jpg
2,0,20190914,140100,32,2,883,545,931,603,Sep30_0/91-20190914140100-snapshot.jpg
2,0,20190914,140100,60,2,1773,0,1844,59,Sep30_0/91-20190914140100-snapshot.jpg
2,0,20190914,140130,53,2,1774,0,1844,58,Sep30_0/91-20190914140130-snapshot.jpg
2,0,20190914,140200,57,2,1774,0,1844,59,Sep30_0/91-20190914140200-snapshot.jpg
2,0,20190914,140230,29,2,882,548,930,603,Sep30_0/91-20190914140230-snapshot.jpg
2,0,20190914,140230,59,2,1773,0,1845,61,Sep30_0/91-20190914140230-snapshot.jpg
2,0,20190914,140300,62,2,1774,0,1845,59,Sep30_0/91-20190914140300-snapshot.jpg
2,0,20190914,140330,39,2,881,547,930,606,Sep30_0/91-20190914140330-snapshot.jpg
2,0,20190914,140330,65,2,1773,0,1845,61,Sep30_0/91-20190914140330-snapshot.jpg
2,0,20190914,140400,59,2,1774,0,1845,60,Sep30_0/91-20190914140400-snapshot.jpg
2,0,20190914,140430,31,2,882,548,930,607,Sep30_0/91-20190914140430-snapshot.jpg
2,0,20190914,140430,64,2,1774,0,1846,61,Sep30_0/91-20190914140430-snapshot.jpg
2,0,20190914,140500,62,2,1775,0,1845,59,Sep30_0/91-20190914140500-snapshot.jpg
2,0,20190914,140530,26,2,882,548,930,606,Sep30_0/91-20190914140530-snapshot.jpg
2,0,20190914,140530,58,2,1774,0,1844,59,Sep30_0/91-20190914140530-snapshot.jpg
2,0,20190914,140600,64,2,1774,0,1844,61,Sep30_0/91-20190914140600-snapshot.jpg
2,0,20190914,140630,56,2,1774,0,1843,59,Sep30_0/92-20190914140630-snapshot.jpg
2,0,20190914,140630,59,2,881,546,931,607,Sep30_0/92-20190914140630-snapshot.jpg
2,0,20190914,140700,49,2,882,547,930,607,Sep30_0/92-20190914140700-snapshot.jpg
2,0,20190914,140700,56,2,1775,0,1845,57,Sep30_0/92-20190914140700-snapshot.jpg
2,0,20190914,140730,48,2,882,547,931,606,Sep30_0/92-20190914140730-snapshot.jpg
2,0,20190914,140730,64,2,1774,0,1845,59,Sep30_0/92-20190914140730-snapshot.jpg
2,0,20190914,140800,37,2,882,547,931,605,Sep30_0/92-20190914140800-snapshot.jpg
2,0,20190914,140800,64,2,1775,0,1845,60,Sep30_0/92-20190914140800-snapshot.jpg
2,0,20190914,140830,53,2,881,548,930,609,Sep30_0/92-20190914140830-snapshot.jpg
2,0,20190914,140830,59,2,1775,0,1845,60,Sep30_0/92-20190914140830-snapshot.jpg
2,0,20190914,140900,26,2,882,548,931,607,Sep30_0/92-20190914140900-snapshot.jpg
2,0,20190914,140900,57,2,1775,0,1845,58,Sep30_0/92-20190914140900-snapshot.jpg
2,0,20190914,140930,32,2,882,548,931,607,Sep30_0/92-20190914140930-snapshot.jpg
2,0,20190914,140930,62,2,1775,0,1846,59,Sep30_0/92-20190914140930-snapshot.jpg
2,0,20190914,141000,47,2,882,547,931,607,Sep30_0/92-20190914141000-snapshot.jpg
2,0,20190914,141000,64,2,1774,0,1846,60,Sep30_0/92-20190914141000-snapshot.jpg
2,0,20190914,141030,45,2,882,548,931,607,Sep30_0/92-20190914141030-snapshot.jpg
2,0,20190914,141030,63,2,1775,0,1847,61,Sep30_0/92-20190914141030-snapshot.jpg
2,0,20190914,141100,42,2,882,547,931,606,Sep30_0/93-20190914141100-snapshot.jpg
2,0,20190914,141100,66,2,1774,0,1847,61,Sep30_0/93-20190914141100-snapshot.jpg
2,0,20190914,141130,33,2,881,548,930,607,Sep30_0/93-20190914141130-snapshot.jpg
2,0,20190914,141130,64,2,1775,0,1847,61,Sep30_0/93-20190914141130-snapshot.jpg
2,0,20190914,141200,59,2,1775,0,1846,57,Sep30_0/93-20190914141200-snapshot.jpg
2,0,20190914,141230,28,2,882,547,930,607,Sep30_0/94-20190914141230-snapshot.jpg
2,0,20190914,141230,61,2,1775,0,1847,59,Sep30_0/94-20190914141230-snapshot.jpg
2,0,20190914,141300,61,2,1775,0,1844,59,Sep30_0/94-20190914141300-snapshot.jpg
2,0,20190914,141330,66,2,1775,0,1847,61,Sep30_0/94-20190914141330-snapshot.jpg
2,0,20190914,141400,28,2,881,547,931,607,Sep30_0/94-20190914141400-snapshot.jpg
2,0,20190914,141400,66,2,1774,0,1846,60,Sep30_0/94-20190914141400-snapshot.jpg
2,0,20190914,141430,32,2,882,547,931,607,Sep30_0/94-20190914141430-snapshot.jpg
2,0,20190914,141430,67,2,1774,0,1846,63,Sep30_0/94-20190914141430-snapshot.jpg
2,0,20190914,141500,50,2,882,547,931,607,Sep30_0/94-20190914141500-snapshot.jpg
2,0,20190914,141500,66,2,1774,0,1846,61,Sep30_0/94-20190914141500-snapshot.jpg
2,0,20190914,141530,37,2,882,547,931,607,Sep30_0/94-20190914141530-snapshot.jpg
2,0,20190914,141530,63,2,1774,0,1845,60,Sep30_0/94-20190914141530-snapshot.jpg
2,0,20190914,141600,60,2,881,548,931,610,Sep30_0/95-20190914141600-snapshot.jpg
2,0,20190914,141600,64,2,1775,0,1846,59,Sep30_0/95-20190914141600-snapshot.jpg
2,0,20190914,141630,67,2,1773,0,1846,63,Sep30_0/95-20190914141630-snapshot.jpg
2,0,20190914,141700,39,2,882,547,931,607,Sep30_0/96-20190914141700-snapshot.jpg
2,0,20190914,141700,66,2,1774,0,1846,60,Sep30_0/96-20190914141700-snapshot.jpg
2,0,20190914,141730,62,2,1775,0,1845,58,Sep30_0/96-20190914141730-snapshot.jpg
2,0,20190914,141800,42,2,881,546,931,606,Sep30_0/96-20190914141800-snapshot.jpg
2,0,20190914,141800,67,2,1774,0,1846,61,Sep30_0/96-20190914141800-snapshot.jpg
2,0,20190914,141830,25,2,882,546,932,609,Sep30_0/96-20190914141830-snapshot.jpg
2,0,20190914,141830,62,2,1775,0,1846,58,Sep30_0/96-20190914141830-snapshot.jpg
2,0,20190914,141900,65,2,1774,0,1845,61,Sep30_0/96-20190914141900-snapshot.jpg
2,0,20190914,141930,65,2,1775,0,1845,60,Sep30_0/96-20190914141930-snapshot.jpg
2,0,20190914,142000,30,2,882,546,932,607,Sep30_0/96-20190914142000-snapshot.jpg
2,0,20190914,142000,65,2,1775,0,1846,60,Sep30_0/96-20190914142000-snapshot.jpg
2,0,20190914,142030,62,2,1775,0,1845,58,Sep30_0/96-20190914142030-snapshot.jpg
2,0,20190914,142100,36,2,882,547,931,607,Sep30_0/96-20190914142100-snapshot.jpg
2,0,20190914,142100,65,2,1774,0,1845,60,Sep30_0/96-20190914142100-snapshot.jpg
2,0,20190914,142130,54,2,1775,0,1847,59,Sep30_0/96-20190914142130-snapshot.jpg
2,0,20190914,142200,29,2,881,548,931,609,Sep30_0/96-20190914142200-snapshot.jpg
2,0,20190914,142200,57,2,1775,0,1845,58,Sep30_0/96-20190914142200-snapshot.jpg
2,0,20190914,142230,31,2,882,547,931,605,Sep30_0/96-20190914142230-snapshot.jpg
2,0,20190914,142230,63,2,1774,0,1847,61,Sep30_0/96-20190914142230-snapshot.jpg
2,0,20190914,142300,27,2,882,546,931,608,Sep30_0/96-20190914142300-snapshot.jpg
2,0,20190914,142300,59,2,1775,0,1845,58,Sep30_0/96-20190914142300-snapshot.jpg
2,0,20190914,142330,32,2,883,547,931,608,Sep30_0/96-20190914142330-snapshot.jpg
2,0,20190914,142330,65,2,1774,0,1845,60,Sep30_0/96-20190914142330-snapshot.jpg
2,0,20190914,142400,27,2,882,547,931,608,Sep30_0/96-20190914142400-snapshot.jpg
2,0,20190914,142400,62,2,1776,0,1848,60,Sep30_0/96-20190914142400-snapshot.jpg
2,0,20190914,142430,65,2,1775,0,1845,60,Sep30_0/96-20190914142430-snapshot.jpg
2,0,20190914,142500,59,2,1775,0,1844,58,Sep30_0/96-20190914142500-snapshot.jpg
2,0,20190914,142530,27,2,882,548,931,607,Sep30_0/96-20190914142530-snapshot.jpg
2,0,20190914,142530,61,2,1775,0,1845,58,Sep30_0/96-20190914142530-snapshot.jpg
2,0,20190914,142600,43,2,882,546,931,609,Sep30_0/96-20190914142600-snapshot.jpg
2,0,20190914,142600,66,2,1775,0,1846,61,Sep30_0/96-20190914142600-snapshot.jpg
2,0,20190914,142630,35,2,881,546,932,609,Sep30_0/96-20190914142630-snapshot.jpg
2,0,20190914,142630,65,2,1776,0,1845,59,Sep30_0/96-20190914142630-snapshot.jpg
2,0,20190914,142700,40,2,882,547,932,608,Sep30_0/96-20190914142700-snapshot.jpg
2,0,20190914,142700,65,2,1775,0,1846,61,Sep30_0/96-20190914142700-snapshot.jpg
2,0,20190914,142730,64,2,1775,0,1847,60,Sep30_0/96-20190914142730-snapshot.jpg
2,0,20190914,142800,65,2,1775,0,1846,60,Sep30_0/96-20190914142800-snapshot.jpg
2,0,20190914,142830,58,2,1776,0,1846,58,Sep30_0/96-20190914142830-snapshot.jpg
2,0,20190914,142900,52,2,882,547,931,607,Sep30_0/96-20190914142900-snapshot.jpg
2,0,20190914,142900,53,2,1776,0,1845,55,Sep30_0/96-20190914142900-snapshot.jpg
2,0,20190914,142930,47,2,882,548,931,608,Sep30_0/96-20190914142930-snapshot.jpg
2,0,20190914,142930,47,2,1776,0,1846,57,Sep30_0/96-20190914142930-snapshot.jpg
2,0,20190914,143000,58,2,882,548,932,610,Sep30_0/96-20190914143000-snapshot.jpg
2,0,20190914,143000,64,2,1775,0,1847,60,Sep30_0/96-20190914143000-snapshot.jpg
2,0,20190914,143030,61,2,1775,0,1846,60,Sep30_0/96-20190914143030-snapshot.jpg
2,0,20190914,143100,27,2,882,548,931,609,Sep30_0/96-20190914143100-snapshot.jpg
2,0,20190914,143100,62,2,1775,0,1847,59,Sep30_0/96-20190914143100-snapshot.jpg
2,0,20190914,143130,66,2,1775,0,1847,59,Sep30_0/96-20190914143130-snapshot.jpg
2,0,20190914,143200,51,2,1774,0,1845,59,Sep30_0/96-20190914143200-snapshot.jpg
2,0,20190914,143230,56,2,1776,0,1846,56,Sep30_0/96-20190914143230-snapshot.jpg
2,0,20190914,143300,65,2,1776,0,1847,59,Sep30_0/96-20190914143300-snapshot.jpg
2,0,20190914,143330,30,2,882,548,932,609,Sep30_0/96-20190914143330-snapshot.jpg
2,0,20190914,143330,56,2,1776,0,1846,57,Sep30_0/96-20190914143330-snapshot.jpg
2,0,20190914,143400,34,2,881,546,931,610,Sep30_0/96-20190914143400-snapshot.jpg
2,0,20190914,143400,65,2,1776,0,1848,60,Sep30_0/96-20190914143400-snapshot.jpg
2,0,20190914,143430,40,2,881,549,931,610,Sep30_0/96-20190914143430-snapshot.jpg
2,0,20190914,143430,54,2,1775,0,1846,58,Sep30_0/96-20190914143430-snapshot.jpg
2,0,20190914,143500,37,2,882,548,931,608,Sep30_0/96-20190914143500-snapshot.jpg
2,0,20190914,143500,51,2,1776,0,1846,57,Sep30_0/96-20190914143500-snapshot.jpg
2,0,20190914,143530,42,2,882,548,931,611,Sep30_0/96-20190914143530-snapshot.jpg
2,0,20190914,143530,60,2,1776,0,1847,58,Sep30_0/96-20190914143530-snapshot.jpg
2,0,20190914,143600,36,2,882,548,931,609,Sep30_0/96-20190914143600-snapshot.jpg
2,0,20190914,143600,57,2,1777,0,1846,56,Sep30_0/96-20190914143600-snapshot.jpg
2,0,20190914,143630,56,2,881,548,932,610,Sep30_0/96-20190914143630-snapshot.jpg
2,0,20190914,143630,58,2,1777,0,1846,57,Sep30_0/96-20190914143630-snapshot.jpg
2,0,20190914,143700,31,2,882,548,932,610,Sep30_0/97-20190914143700-snapshot.jpg
2,0,20190914,143700,63,2,1776,0,1847,60,Sep30_0/97-20190914143700-snapshot.jpg
2,0,20190914,143730,40,2,882,547,931,610,Sep30_0/97-20190914143730-snapshot.jpg
2,0,20190914,143730,63,2,1775,0,1846,59,Sep30_0/97-20190914143730-snapshot.jpg
2,0,20190914,143800,26,2,883,547,932,607,Sep30_0/97-20190914143800-snapshot.jpg
2,0,20190914,143800,56,2,1775,0,1845,58,Sep30_0/97-20190914143800-snapshot.jpg
2,0,20190914,143830,36,2,882,548,931,609,Sep30_0/98-20190914143830-snapshot.jpg
2,0,20190914,143830,57,2,1777,0,1846,57,Sep30_0/98-20190914143830-snapshot.jpg
2,0,20190914,143900,28,2,882,547,931,609,Sep30_0/98-20190914143900-snapshot.jpg
2,0,20190914,143900,60,2,1777,0,1847,58,Sep30_0/98-20190914143900-snapshot.jpg
2,0,20190914,143930,26,2,882,546,931,609,Sep30_0/98-20190914143930-snapshot.jpg
2,0,20190914,143930,62,2,1775,0,1847,61,Sep30_0/98-20190914143930-snapshot.jpg
2,0,20190914,144000,64,2,1775,0,1847,61,Sep30_0/98-20190914144000-snapshot.jpg
2,0,20190914,144030,45,2,881,548,932,610,Sep30_0/98-20190914144030-snapshot.jpg
2,0,20190914,144030,66,2,1775,0,1847,61,Sep30_0/98-20190914144030-snapshot.jpg
2,0,20190914,144100,32,2,882,548,931,609,Sep30_0/98-20190914144100-snapshot.jpg
2,0,20190914,144100,59,2,1777,0,1848,59,Sep30_0/98-20190914144100-snapshot.jpg
2,0,20190914,144130,39,2,882,549,931,609,Sep30_0/98-20190914144130-snapshot.jpg
2,0,20190914,144130,60,2,1775,0,1848,59,Sep30_0/98-20190914144130-snapshot.jpg
2,0,20190914,144200,66,2,1775,0,1848,61,Sep30_0/98-20190914144200-snapshot.jpg
2,0,20190914,144230,29,2,882,546,932,608,Sep30_0/98-20190914144230-snapshot.jpg
2,0,20190914,144230,58,2,1776,0,1848,60,Sep30_0/98-20190914144230-snapshot.jpg
2,0,20190914,144300,56,2,1777,0,1846,59,Sep30_0/98-20190914144300-snapshot.jpg
2,0,20190914,144330,34,2,881,545,932,609,Sep30_0/98-20190914144330-snapshot.jpg
2,0,20190914,144330,64,2,1775,0,1845,60,Sep30_0/98-20190914144330-snapshot.jpg
2,0,20190914,144400,46,2,882,545,933,608,Sep30_0/98-20190914144400-snapshot.jpg
2,0,20190914,144400,63,2,1775,0,1847,60,Sep30_0/98-20190914144400-snapshot.jpg
2,0,20190914,144430,54,2,1776,0,1847,58,Sep30_0/98-20190914144430-snapshot.jpg
2,0,20190914,144430,60,2,882,546,932,607,Sep30_0/98-20190914144430-snapshot.jpg
2,0,20190914,144500,27,2,883,546,932,607,Sep30_0/98-20190914144500-snapshot.jpg
2,0,20190914,144500,58,2,1775,0,1847,59,Sep30_0/98-20190914144500-snapshot.jpg
2,0,20190914,144530,54,2,882,547,932,609,Sep30_0/98-20190914144530-snapshot.jpg
2,0,20190914,144530,68,2,1775,0,1847,62,Sep30_0/98-20190914144530-snapshot.jpg
2,0,20190914,144600,47,2,882,548,932,609,Sep30_0/98-20190914144600-snapshot.jpg
2,0,20190914,144600,60,2,1777,0,1848,56,Sep30_0/98-20190914144600-snapshot.jpg
2,0,20190914,144630,26,2,883,547,931,607,Sep30_0/98-20190914144630-snapshot.jpg
2,0,20190914,144630,59,2,1775,0,1847,59,Sep30_0/98-20190914144630-snapshot.jpg
2,0,20190914,144700,25,2,883,546,931,609,Sep30_0/98-20190914144700-snapshot.jpg
2,0,20190914,144700,63,2,1775,0,1847,60,Sep30_0/98-20190914144700-snapshot.jpg
2,0,20190914,144730,27,2,882,545,932,610,Sep30_0/98-20190914144730-snapshot.jpg
2,0,20190914,144730,63,2,1776,0,1847,60,Sep30_0/98-20190914144730-snapshot.jpg
2,0,20190914,144800,61,2,1776,0,1848,59,Sep30_0/98-20190914144800-snapshot.jpg
2,0,20190914,144830,50,2,1775,0,1848,58,Sep30_0/98-20190914144830-snapshot.jpg
2,0,20190914,144900,33,2,883,546,932,606,Sep30_0/98-20190914144900-snapshot.jpg
2,0,20190914,144900,61,2,1776,0,1847,59,Sep30_0/98-20190914144900-snapshot.jpg
2,0,20190914,144930,44,2,882,547,932,611,Sep30_0/98-20190914144930-snapshot.jpg
2,0,20190914,144930,63,2,1776,0,1849,59,Sep30_0/98-20190914144930-snapshot.jpg
2,0,20190914,145000,52,2,882,547,932,610,Sep30_0/99-20190914145000-snapshot.jpg
2,0,20190914,145000,59,2,1776,0,1848,59,Sep30_0/99-20190914145000-snapshot.jpg
2,0,20190914,145030,50,2,882,547,932,610,Sep30_0/99-20190914145030-snapshot.jpg
2,0,20190914,145030,66,2,1776,0,1849,60,Sep30_0/99-20190914145030-snapshot.jpg
2,0,20190914,145100,57,2,881,547,932,611,Sep30_0/99-20190914145100-snapshot.jpg
2,0,20190914,145100,61,2,1777,0,1847,58,Sep30_0/99-20190914145100-snapshot.jpg
2,0,20190914,145130,50,2,882,547,932,610,Sep30_0/99-20190914145130-snapshot.jpg
2,0,20190914,145130,62,2,1775,0,1848,60,Sep30_0/99-20190914145130-snapshot.jpg
2,0,20190914,145200,51,2,882,547,932,611,Sep30_0/99-20190914145200-snapshot.jpg
2,0,20190914,145200,58,2,1775,0,1847,59,Sep30_0/99-20190914145200-snapshot.jpg
2,0,20190914,145230,33,2,883,548,931,610,Sep30_0/99-20190914145230-snapshot.jpg
2,0,20190914,145230,65,2,1775,0,1849,61,Sep30_0/99-20190914145230-snapshot.jpg
2,0,20190914,145300,37,2,882,547,932,609,Sep30_0/99-20190914145300-snapshot.jpg
2,0,20190914,145300,63,2,1776,0,1849,60,Sep30_0/99-20190914145300-snapshot.jpg
2,0,20190914,145330,32,2,882,547,932,610,Sep30_0/99-20190914145330-snapshot.jpg
2,0,20190914,145330,65,2,1776,0,1848,60,Sep30_0/99-20190914145330-snapshot.jpg
2,0,20190914,145400,49,2,883,547,932,608,Sep30_0/99-20190914145400-snapshot.jpg
2,0,20190914,145400,67,2,1776,0,1849,60,Sep30_0/99-20190914145400-snapshot.jpg
2,0,20190914,145430,29,2,883,548,932,607,Sep30_0/99-20190914145430-snapshot.jpg
2,0,20190914,145430,59,2,1777,0,1847,57,Sep30_0/99-20190914145430-snapshot.jpg
2,0,20190914,145500,41,2,883,547,931,609,Sep30_0/99-20190914145500-snapshot.jpg
2,0,20190914,145500,52,2,1777,0,1847,57,Sep30_0/99-20190914145500-snapshot.jpg
2,0,20190914,145530,60,2,1777,0,1848,57,Sep30_0/99-20190914145530-snapshot.jpg
2,0,20190914,145530,66,2,882,547,932,611,Sep30_0/99-20190914145530-snapshot.jpg
2,0,20190914,145600,56,2,882,546,932,610,Sep30_0/99-20190914145600-snapshot.jpg
2,0,20190914,145600,58,2,1776,0,1847,57,Sep30_0/99-20190914145600-snapshot.jpg
2,0,20190914,145630,41,2,1778,0,1847,52,Sep30_0/99-20190914145630-snapshot.jpg
2,0,20190914,145630,65,2,882,546,932,609,Sep30_0/99-20190914145630-snapshot.jpg
2,0,20190914,145700,52,2,882,545,932,610,Sep30_0/99-20190914145700-snapshot.jpg
2,0,20190914,145700,65,2,1776,0,1847,58,Sep30_0/99-20190914145700-snapshot.jpg
2,0,20190914,145730,63,2,1777,0,1847,58,Sep30_0/99-20190914145730-snapshot.jpg
2,0,20190914,145730,66,2,882,547,931,608,Sep30_0/99-20190914145730-snapshot.jpg
2,0,20190914,145800,54,2,881,546,932,610,Sep30_0/99-20190914145800-snapshot.jpg
2,0,20190914,145800,65,2,1776,0,1848,59,Sep30_0/99-20190914145800-snapshot.jpg
2,0,20190914,145830,51,2,1777,0,1848,57,Sep30_0/99-20190914145830-snapshot.jpg
2,0,20190914,145830,69,2,882,546,932,609,Sep30_0/99-20190914145830-snapshot.jpg
2,0,20190914,145900,55,2,1777,0,1847,55,Sep30_0/99-20190914145900-snapshot.jpg
2,0,20190914,145900,62,2,881,547,932,611,Sep30_0/99-20190914145900-snapshot.jpg
2,0,20190914,145930,63,2,1777,0,1848,58,Sep30_0/99-20190914145930-snapshot.jpg
2,0,20190914,145930,63,2,882,547,932,611,Sep30_0/99-20190914145930-snapshot.jpg
2,0,20190914,150000,51,2,882,546,932,609,Sep30_0/99-20190914150000-snapshot.jpg
2,0,20190914,150000,59,2,1776,0,1847,58,Sep30_0/99-20190914150000-snapshot.jpg
2,0,20190914,150030,38,2,882,546,932,609,Sep30_0/99-20190914150030-snapshot.jpg
2,0,20190914,150030,66,2,1776,0,1849,59,Sep30_0/99-20190914150030-snapshot.jpg
2,0,20190914,150100,32,2,1777,0,1847,56,Sep30_0/99-20190914150100-snapshot.jpg
2,0,20190914,150100,71,2,881,546,932,611,Sep30_0/99-20190914150100-snapshot.jpg
2,0,20190914,150130,43,2,1777,0,1849,57,Sep30_0/99-20190914150130-snapshot.jpg
2,0,20190914,150130,63,2,882,547,932,610,Sep30_0/99-20190914150130-snapshot.jpg
2,0,20190914,150200,50,2,882,547,932,608,Sep30_0/99-20190914150200-snapshot.jpg
2,0,20190914,150200,59,2,1776,0,1847,59,Sep30_0/99-20190914150200-snapshot.jpg
2,0,20190914,150230,59,2,1778,0,1848,56,Sep30_0/99-20190914150230-snapshot.jpg
2,0,20190914,150230,65,2,882,547,932,611,Sep30_0/99-20190914150230-snapshot.jpg
2,0,20190914,150300,61,2,883,547,932,609,Sep30_0/99-20190914150300-snapshot.jpg
2,0,20190914,150300,66,2,1776,0,1849,61,Sep30_0/99-20190914150300-snapshot.jpg
2,0,20190914,150330,50,2,1777,0,1848,57,Sep30_0/99-20190914150330-snapshot.jpg
2,0,20190914,150330,64,2,882,547,932,611,Sep30_0/99-20190914150330-snapshot.jpg
2,0,20190914,150400,46,2,883,547,932,609,Sep30_0/99-20190914150400-snapshot.jpg
2,0,20190914,150400,59,2,1777,0,1849,56,Sep30_0/99-20190914150400-snapshot.jpg
2,0,20190914,150430,55,2,882,548,932,611,Sep30_0/99-20190914150430-snapshot.jpg
2,0,20190914,150430,66,2,1777,0,1850,60,Sep30_0/99-20190914150430-snapshot.jpg
2,0,20190914,150500,60,2,882,546,932,610,Sep30_0/99-20190914150500-snapshot.jpg
2,0,20190914,150500,65,2,1777,0,1850,59,Sep30_0/99-20190914150500-snapshot.jpg
2,0,20190914,150530,57,2,1777,0,1849,57,Sep30_0/99-20190914150530-snapshot.jpg
2,0,20190914,150530,64,2,883,548,932,611,Sep30_0/99-20190914150530-snapshot.jpg
2,0,20190914,150600,55,2,1778,0,1848,55,Sep30_0/99-20190914150600-snapshot.jpg
2,0,20190914,150600,67,2,882,548,932,611,Sep30_0/99-20190914150600-snapshot.jpg
2,0,20190914,150630,40,2,883,547,931,608,Sep30_0/99-20190914150630-snapshot.jpg
2,0,20190914,150630,46,2,1778,0,1848,53,Sep30_0/99-20190914150630-snapshot.jpg
2,0,20190914,150700,61,2,883,547,932,610,Sep30_0/99-20190914150700-snapshot.jpg
2,0,20190914,150700,64,2,1777,0,1848,59,Sep30_0/99-20190914150700-snapshot.jpg
2,0,20190914,150730,49,2,882,548,932,610,Sep30_0/99-20190914150730-snapshot.jpg
2,0,20190914,150730,54,2,1777,0,1848,56,Sep30_0/99-20190914150730-snapshot.jpg
2,0,20190914,150800,60,2,882,547,932,611,Sep30_0/99-20190914150800-snapshot.jpg
2,0,20190914,150800,67,2,1776,0,1849,60,Sep30_0/99-20190914150800-snapshot.jpg
2,0,20190914,150830,60,2,882,547,932,609,Sep30_0/99-20190914150830-snapshot.jpg
2,0,20190914,150830,60,2,1777,0,1849,59,Sep30_0/99-20190914150830-snapshot.jpg
2,0,20190914,150900,49,2,1778,0,1849,56,Sep30_0/99-20190914150900-snapshot.jpg
2,0,20190914,150900,58,2,882,547,932,611,Sep30_0/99-20190914150900-snapshot.jpg
2,0,20190914,150930,28,2,883,548,931,610,Sep30_0/99-20190914150930-snapshot.jpg
2,0,20190914,150930,53,2,1777,0,1847,56,Sep30_0/99-20190914150930-snapshot.jpg
2,0,20190914,151000,57,2,1779,0,1849,54,Sep30_0/99-20190914151000-snapshot.jpg
2,0,20190914,151000,68,2,882,547,932,611,Sep30_0/99-20190914151000-snapshot.jpg
2,0,20190914,151030,37,2,1778,0,1848,54,Sep30_0/99-20190914151030-snapshot.jpg
2,0,20190914,151030,52,2,883,547,931,607,Sep30_0/99-20190914151030-snapshot.jpg
2,0,20190914,151100,42,2,883,548,931,608,Sep30_0/99-20190914151100-snapshot.jpg
2,0,20190914,151100,51,2,1779,0,1849,53,Sep30_0/99-20190914151100-snapshot.jpg
2,0,20190914,151130,33,2,883,546,931,607,Sep30_0/99-20190914151130-snapshot.jpg
2,0,20190914,151130,61,2,1778,0,1848,58,Sep30_0/99-20190914151130-snapshot.jpg
2,0,20190914,151200,59,2,1778,0,1848,57,Sep30_0/99-20190914151200-snapshot.jpg
2,0,20190914,151230,52,2,1778,0,1848,55,Sep30_0/99-20190914151230-snapshot.jpg
2,0,20190914,151230,62,2,882,547,932,610,Sep30_0/99-20190914151230-snapshot.jpg
2,0,20190914,151300,57,2,1777,0,1848,57,Sep30_0/99-20190914151300-snapshot.jpg
2,0,20190914,151300,66,2,882,547,932,611,Sep30_0/99-20190914151300-snapshot.jpg
2,0,20190914,151330,64,2,1776,0,1849,59,Sep30_0/99-20190914151330-snapshot.jpg
2,0,20190914,151330,68,2,882,547,932,609,Sep30_0/99-20190914151330-snapshot.jpg
2,0,20190914,151400,53,2,883,547,932,609,Sep30_0/99-20190914151400-snapshot.jpg
2,0,20190914,151400,63,2,1778,0,1850,57,Sep30_0/99-20190914151400-snapshot.jpg
2,0,20190914,151430,44,2,883,546,932,608,Sep30_0/99-20190914151430-snapshot.jpg
2,0,20190914,151430,62,2,1777,0,1850,58,Sep30_0/99-20190914151430-snapshot.jpg
2,0,20190914,151500,62,2,1778,0,1849,56,Sep30_0/99-20190914151500-snapshot.jpg
2,0,20190914,151500,65,2,882,547,932,609,Sep30_0/99-20190914151500-snapshot.jpg
