2,0,20190708,100300,45,1,907,923,946,959,Jul15_0/01-20190708100300-snapshot.jpg
2,0,20190708,103901,77,5,384,1003,437,1057,Jul15_0/01-20190708103901-snapshot.jpg
2,0,20190708,103930,78,5,393,979,445,1038,Jul15_0/01-20190708103930-snapshot.jpg
2,0,20190708,104200,51,6,1668,252,1715,307,Jul15_0/01-20190708104200-snapshot.jpg
2,0,20190708,104200,84,5,289,196,340,253,Jul15_0/01-20190708104200-snapshot.jpg
2,0,20190708,104300,76,5,277,1007,331,1055,Jul15_0/01-20190708104300-snapshot.jpg
2,0,20190708,104330,71,5,371,944,424,984,Jul15_0/01-20190708104330-snapshot.jpg
2,0,20190708,104900,80,5,211,1026,253,1072,Jul15_0/01-20190708104900-snapshot.jpg
2,0,20190708,105700,78,5,1304,564,1340,614,Jul15_0/01-20190708105700-snapshot.jpg
2,0,20190708,105730,84,5,1466,277,1519,311,Jul15_0/01-20190708105730-snapshot.jpg
2,0,20190708,105800,73,5,1342,273,1382,312,Jul15_0/01-20190708105800-snapshot.jpg
2,0,20190708,105900,79,5,1377,117,1419,165,Jul15_0/01-20190708105900-snapshot.jpg
2,0,20190708,105930,84,5,1320,447,1375,483,Jul15_0/01-20190708105930-snapshot.jpg
2,0,20190708,110330,42,5,1170,436,1217,468,Jul15_0/01-20190708110330-snapshot.jpg
2,0,20190708,110730,81,5,1178,728,1224,773,Jul15_0/01-20190708110730-snapshot.jpg
2,0,20190708,110800,79,5,1288,553,1328,604,Jul15_0/01-20190708110800-snapshot.jpg
2,0,20190708,110830,84,5,1026,724,1082,762,Jul15_0/01-20190708110830-snapshot.jpg
2,0,20190708,111300,81,5,1639,302,1680,354,Jul15_0/01-20190708111300-snapshot.jpg
2,0,20190708,111330,48,5,1694,259,1740,300,Jul15_0/01-20190708111330-snapshot.jpg
2,0,20190708,111330,77,5,371,927,425,965,Jul15_0/01-20190708111330-snapshot.jpg
2,0,20190708,111400,78,5,1493,338,1537,381,Jul15_0/01-20190708111400-snapshot.jpg
2,0,20190708,111430,82,5,1326,283,1375,314,Jul15_0/01-20190708111430-snapshot.jpg
2,0,20190708,111500,78,5,1396,485,1438,528,Jul15_0/01-20190708111500-snapshot.jpg
2,0,20190708,111530,77,5,1061,781,1115,811,Jul15_0/01-20190708111530-snapshot.jpg
2,0,20190708,111830,73,5,1656,567,1704,629,Jul15_0/01-20190708111830-snapshot.jpg
2,0,20190708,112500,80,1,105,62,153,111,Jul15_0/01-20190708112500-snapshot.jpg
2,0,20190708,112600,84,1,642,614,688,664,Jul15_0/01-20190708112600-snapshot.jpg
2,0,20190708,112630,78,1,761,718,800,764,Jul15_0/01-20190708112630-snapshot.jpg
2,0,20190708,113530,73,5,456,912,516,947,Jul15_0/01-20190708113530-snapshot.jpg
2,0,20190708,113600,68,5,13,60,56,112,Jul15_0/01-20190708113600-snapshot.jpg
2,0,20190708,113900,75,5,907,346,949,392,Jul15_0/01-20190708113900-snapshot.jpg
2,0,20190708,113930,82,5,1223,697,1273,747,Jul15_0/01-20190708113930-snapshot.jpg
2,0,20190708,114030,82,6,1678,474,1748,533,Jul15_0/01-20190708114030-snapshot.jpg
2,0,20190708,114130,78,6,1827,558,1917,606,Jul15_0/01-20190708114130-snapshot.jpg
2,0,20190708,114300,71,6,1752,473,1801,558,Jul15_0/01-20190708114300-snapshot.jpg
2,0,20190708,114330,84,6,1659,617,1737,672,Jul15_0/01-20190708114330-snapshot.jpg
2,0,20190708,114430,84,6,406,466,456,529,Jul15_0/01-20190708114430-snapshot.jpg
2,0,20190708,115030,74,5,349,827,391,870,Jul15_0/01-20190708115030-snapshot.jpg
2,0,20190708,115230,53,5,615,1039,672,1074,Jul15_0/01-20190708115230-snapshot.jpg
2,0,20190708,115630,71,6,1,1030,67,1073,Jul15_0/01-20190708115630-snapshot.jpg
2,0,20190708,115630,83,6,165,112,244,169,Jul15_0/01-20190708115630-snapshot.jpg
2,0,20190708,115730,82,6,1086,889,1155,922,Jul15_0/01-20190708115730-snapshot.jpg
2,0,20190708,115900,72,5,56,584,100,628,Jul15_0/01-20190708115900-snapshot.jpg
2,0,20190708,115930,79,6,248,994,298,1060,Jul15_0/01-20190708115930-snapshot.jpg
2,0,20190708,120000,83,6,108,846,160,912,Jul15_0/01-20190708120000-snapshot.jpg
2,0,20190708,120100,87,1,1559,463,1604,507,Jul15_0/01-20190708120100-snapshot.jpg
2,0,20190708,120330,78,5,818,975,882,1011,Jul15_0/01-20190708120330-snapshot.jpg
2,0,20190708,120400,71,5,822,977,881,1013,Jul15_0/01-20190708120400-snapshot.jpg
2,0,20190708,120500,81,5,1032,563,1082,600,Jul15_0/01-20190708120500-snapshot.jpg
2,0,20190708,120530,84,5,1045,559,1079,605,Jul15_0/01-20190708120530-snapshot.jpg
2,0,20190708,120600,80,5,1100,689,1132,734,Jul15_0/01-20190708120600-snapshot.jpg
2,0,20190708,120630,82,5,1339,889,1385,944,Jul15_0/01-20190708120630-snapshot.jpg
2,0,20190708,120630,83,5,1521,306,1565,354,Jul15_0/01-20190708120630-snapshot.jpg
2,0,20190708,121130,76,5,199,1019,236,1069,Jul15_0/01-20190708121130-snapshot.jpg
2,0,20190708,121200,81,5,183,1034,238,1067,Jul15_0/01-20190708121200-snapshot.jpg
2,0,20190708,121230,79,5,39,1019,103,1054,Jul15_0/01-20190708121230-snapshot.jpg
2,0,20190708,121300,78,5,20,769,61,815,Jul15_0/01-20190708121300-snapshot.jpg
2,0,20190708,121600,57,5,1423,681,1462,723,Jul15_0/01-20190708121600-snapshot.jpg
2,0,20190708,121700,79,6,1651,535,1702,597,Jul15_0/01-20190708121700-snapshot.jpg
2,0,20190708,121730,63,5,1545,641,1590,675,Jul15_0/01-20190708121730-snapshot.jpg
2,0,20190708,121730,75,6,1214,465,1271,504,Jul15_0/01-20190708121730-snapshot.jpg
2,0,20190708,121930,82,5,1808,582,1865,638,Jul15_0/01-20190708121930-snapshot.jpg
2,0,20190708,122000,78,5,1376,304,1419,345,Jul15_0/01-20190708122000-snapshot.jpg
2,0,20190708,122030,81,5,1438,351,1484,401,Jul15_0/01-20190708122030-snapshot.jpg
2,0,20190708,122100,77,5,1219,524,1272,562,Jul15_0/01-20190708122100-snapshot.jpg
2,0,20190708,122130,80,5,947,107,988,150,Jul15_0/01-20190708122130-snapshot.jpg
2,0,20190708,122130,81,6,969,1023,1020,1077,Jul15_0/01-20190708122130-snapshot.jpg
2,0,20190708,122830,71,6,95,0,148,55,Jul15_0/01-20190708122830-snapshot.jpg
2,0,20190708,123030,81,5,1334,484,1387,523,Jul15_0/01-20190708123030-snapshot.jpg
2,0,20190708,123030,84,6,25,101,79,178,Jul15_0/01-20190708123030-snapshot.jpg
2,0,20190708,123130,79,5,1480,538,1523,610,Jul15_0/01-20190708123130-snapshot.jpg
2,0,20190708,123200,28,5,0,560,36,603,Jul15_0/01-20190708123200-snapshot.jpg
2,0,20190708,123200,82,5,1749,878,1839,983,Jul15_0/01-20190708123200-snapshot.jpg
2,0,20190708,123300,79,6,476,564,522,635,Jul15_0/01-20190708123300-snapshot.jpg
2,0,20190708,123300,82,5,328,779,371,843,Jul15_0/01-20190708123300-snapshot.jpg
2,0,20190708,123330,80,6,346,487,403,548,Jul15_0/01-20190708123330-snapshot.jpg
2,0,20190708,123330,81,5,969,1037,1031,1080,Jul15_0/01-20190708123330-snapshot.jpg
2,0,20190708,123400,77,6,219,559,272,633,Jul15_0/01-20190708123400-snapshot.jpg
2,0,20190708,123400,81,5,1095,1019,1145,1080,Jul15_0/01-20190708123400-snapshot.jpg
2,0,20190708,123430,83,6,424,655,501,701,Jul15_0/01-20190708123430-snapshot.jpg
2,0,20190708,123500,82,6,1297,79,1363,135,Jul15_0/01-20190708123500-snapshot.jpg
2,0,20190708,123630,85,8,1135,264,1226,327,Jul15_0/01-20190708123630-snapshot.jpg
2,0,20190708,123800,81,6,931,538,1012,589,Jul15_0/01-20190708123800-snapshot.jpg
2,0,20190708,123830,81,6,1470,290,1536,321,Jul15_0/01-20190708123830-snapshot.jpg
2,0,20190708,123900,81,6,104,836,155,902,Jul15_0/01-20190708123900-snapshot.jpg
2,0,20190708,124700,77,5,1092,1003,1128,1061,Jul15_0/01-20190708124700-snapshot.jpg
2,0,20190708,124900,77,6,1104,91,1165,139,Jul15_0/01-20190708124900-snapshot.jpg
2,0,20190708,124930,73,5,461,454,495,497,Jul15_0/01-20190708124930-snapshot.jpg
2,0,20190708,125000,81,5,142,298,204,329,Jul15_0/01-20190708125000-snapshot.jpg
2,0,20190708,125030,84,6,1699,237,1749,307,Jul15_0/01-20190708125030-snapshot.jpg
2,0,20190708,125100,32,5,283,848,329,887,Jul15_0/01-20190708125100-snapshot.jpg
2,0,20190708,125100,84,6,1724,318,1768,387,Jul15_0/01-20190708125100-snapshot.jpg
2,0,20190708,130400,84,6,1640,400,1698,469,Jul15_0/01-20190708130400-snapshot.jpg
2,0,20190708,130430,81,6,1719,273,1767,339,Jul15_0/01-20190708130430-snapshot.jpg
2,0,20190708,130930,81,6,1727,305,1774,384,Jul15_0/01-20190708130930-snapshot.jpg
2,0,20190708,131000,79,5,1305,567,1342,607,Jul15_0/01-20190708131000-snapshot.jpg
2,0,20190708,131030,73,5,1304,564,1339,607,Jul15_0/01-20190708131030-snapshot.jpg
2,0,20190708,131100,75,5,1306,568,1342,606,Jul15_0/01-20190708131100-snapshot.jpg
2,0,20190708,131130,83,5,1557,560,1603,604,Jul15_0/01-20190708131130-snapshot.jpg
2,0,20190708,131530,30,5,1666,619,1719,654,Jul15_0/01-20190708131530-snapshot.jpg
2,0,20190708,134800,82,5,18,266,78,309,Jul15_0/01-20190708134800-snapshot.jpg
2,0,20190708,134830,74,5,366,471,408,513,Jul15_0/01-20190708134830-snapshot.jpg
2,0,20190708,134900,74,5,1839,527,1892,571,Jul15_0/01-20190708134900-snapshot.jpg
2,0,20190708,134900,86,6,234,560,280,634,Jul15_0/01-20190708134900-snapshot.jpg
2,0,20190708,134930,80,6,315,486,367,538,Jul15_0/01-20190708134930-snapshot.jpg
2,0,20190708,135000,81,8,1138,737,1223,782,Jul15_0/01-20190708135000-snapshot.jpg
2,0,20190708,135400,84,8,730,769,831,840,Jul15_0/01-20190708135400-snapshot.jpg
2,0,20190708,140800,55,6,1286,704,1334,761,Jul15_0/01-20190708140800-snapshot.jpg
2,0,20190708,142630,33,5,1297,439,1332,477,Jul15_0/01-20190708142630-snapshot.jpg
2,0,20190708,143230,34,5,1121,467,1153,509,Jul15_0/01-20190708143230-snapshot.jpg
2,0,20190708,144430,27,5,1127,467,1158,511,Jul15_0/01-20190708144430-snapshot.jpg
2,0,20190708,144800,51,6,1086,968,1133,1028,Jul15_0/01-20190708144800-snapshot.jpg
2,0,20190708,145000,36,6,1085,968,1131,1027,Jul15_0/01-20190708145000-snapshot.jpg
2,0,20190708,145100,50,6,1087,963,1134,1024,Jul15_0/01-20190708145100-snapshot.jpg
2,0,20190708,145230,68,6,1087,967,1131,1025,Jul15_0/01-20190708145230-snapshot.jpg
2,0,20190708,145930,31,5,1130,469,1163,511,Jul15_0/01-20190708145930-snapshot.jpg
2,0,20190708,150330,29,5,1131,469,1162,513,Jul15_0/01-20190708150330-snapshot.jpg
2,0,20190708,160930,29,5,1134,464,1167,505,Jul15_0/01-20190708160930-snapshot.jpg
2,0,20190708,161030,31,5,1133,463,1167,506,Jul15_0/01-20190708161030-snapshot.jpg
2,0,20190708,161100,39,5,1134,464,1166,506,Jul15_0/01-20190708161100-snapshot.jpg
2,0,20190708,161130,49,5,1133,463,1166,506,Jul15_0/01-20190708161130-snapshot.jpg
2,0,20190708,161230,49,5,1134,464,1167,507,Jul15_0/01-20190708161230-snapshot.jpg
2,0,20190708,161400,45,5,1134,463,1167,507,Jul15_0/01-20190708161400-snapshot.jpg
2,0,20190708,161630,51,5,1134,465,1167,508,Jul15_0/01-20190708161630-snapshot.jpg
2,0,20190708,162130,29,5,1135,464,1167,507,Jul15_0/02-20190708162130-snapshot.jpg
2,0,20190708,162200,60,5,1134,464,1168,508,Jul15_0/02-20190708162200-snapshot.jpg
2,0,20190708,162230,50,5,1134,464,1169,506,Jul15_0/02-20190708162230-snapshot.jpg
2,0,20190708,162400,31,5,1133,464,1167,507,Jul15_0/02-20190708162400-snapshot.jpg
2,0,20190708,162500,30,5,1133,464,1167,506,Jul15_0/02-20190708162500-snapshot.jpg
2,0,20190708,162600,42,5,1133,463,1168,506,Jul15_0/02-20190708162600-snapshot.jpg
2,0,20190708,164200,28,5,1133,464,1166,507,Jul15_0/02-20190708164200-snapshot.jpg
2,0,20190708,165400,82,1,1261,556,1304,600,Jul15_0/03-20190708165400-snapshot.jpg
2,0,20190708,165430,72,1,1263,546,1302,583,Jul15_0/03-20190708165430-snapshot.jpg
2,0,20190708,165600,78,1,1157,614,1198,652,Jul15_0/03-20190708165600-snapshot.jpg
2,0,20190708,170900,76,1,1443,859,1485,903,Jul15_0/03-20190708170900-snapshot.jpg
2,0,20190708,180030,25,5,1132,462,1169,502,Jul15_0/04-20190708180030-snapshot.jpg
2,0,20190708,180230,87,1,1418,844,1467,900,Jul15_0/04-20190708180230-snapshot.jpg
2,0,20190708,180500,60,1,1351,785,1388,815,Jul15_0/04-20190708180500-snapshot.jpg
2,0,20190708,180530,48,1,1355,783,1393,814,Jul15_0/04-20190708180530-snapshot.jpg
2,0,20190708,180600,37,1,1354,784,1391,814,Jul15_0/04-20190708180600-snapshot.jpg
2,0,20190708,180630,26,1,1352,782,1389,812,Jul15_0/04-20190708180630-snapshot.jpg
2,0,20190708,180700,75,1,1341,783,1379,815,Jul15_0/04-20190708180700-snapshot.jpg
2,0,20190708,181500,37,5,1132,462,1166,504,Jul15_0/04-20190708181500-snapshot.jpg
2,0,20190708,181830,56,1,1349,786,1386,816,Jul15_0/04-20190708181830-snapshot.jpg
2,0,20190708,181900,28,1,1348,786,1384,816,Jul15_0/04-20190708181900-snapshot.jpg
2,0,20190708,182030,36,1,1349,784,1386,815,Jul15_0/04-20190708182030-snapshot.jpg
2,0,20190708,182200,50,1,1347,786,1385,816,Jul15_0/04-20190708182200-snapshot.jpg
2,0,20190708,182230,30,1,1349,785,1386,815,Jul15_0/04-20190708182230-snapshot.jpg
2,0,20190708,182300,53,1,1348,786,1385,816,Jul15_0/04-20190708182300-snapshot.jpg
2,0,20190708,182330,27,1,1349,786,1385,816,Jul15_0/04-20190708182330-snapshot.jpg
2,0,20190708,182400,78,1,1345,786,1382,816,Jul15_0/04-20190708182400-snapshot.jpg
2,0,20190708,182730,85,8,282,671,376,747,Jul15_0/04-20190708182730-snapshot.jpg
2,0,20190708,184600,26,5,1133,463,1167,504,Jul15_0/04-20190708184600-snapshot.jpg
2,0,20190708,191100,85,1,1219,812,1266,861,Jul15_0/04-20190708191100-snapshot.jpg
2,0,20190708,191130,87,1,1408,659,1456,709,Jul15_0/04-20190708191130-snapshot.jpg
2,0,20190708,191200,82,1,1418,567,1464,613,Jul15_0/04-20190708191200-snapshot.jpg
2,0,20190708,191230,85,1,1572,630,1617,677,Jul15_0/04-20190708191230-snapshot.jpg
2,0,20190708,191300,88,1,1544,533,1585,568,Jul15_0/04-20190708191300-snapshot.jpg
2,0,20190708,192230,28,5,1130,462,1163,502,Jul15_0/04-20190708192230-snapshot.jpg
2,0,20190708,192700,27,5,1129,463,1164,503,Jul15_0/04-20190708192700-snapshot.jpg
2,0,20190709,073130,81,6,131,625,218,693,Jul15_0/08-20190709073130-snapshot.jpg
2,0,20190709,074530,82,5,1089,704,1127,751,Jul15_0/08-20190709074530-snapshot.jpg
2,0,20190709,074600,52,5,1068,456,1105,503,Jul15_0/08-20190709074600-snapshot.jpg
2,0,20190709,074600,85,1,781,929,828,970,Jul15_0/08-20190709074600-snapshot.jpg
2,0,20190709,074700,84,1,671,888,711,925,Jul15_0/08-20190709074700-snapshot.jpg
2,0,20190709,074730,79,1,670,894,710,930,Jul15_0/08-20190709074730-snapshot.jpg
2,0,20190709,074800,71,1,670,893,711,930,Jul15_0/08-20190709074800-snapshot.jpg
2,0,20190709,074830,75,1,670,893,710,930,Jul15_0/08-20190709074830-snapshot.jpg
2,0,20190709,075300,81,8,1325,590,1416,641,Jul15_0/08-20190709075300-snapshot.jpg
2,0,20190709,075400,84,1,601,750,645,788,Jul15_0/08-20190709075400-snapshot.jpg
2,0,20190709,075430,86,1,565,715,607,753,Jul15_0/08-20190709075430-snapshot.jpg
2,0,20190709,075500,86,1,565,715,607,753,Jul15_0/08-20190709075500-snapshot.jpg
2,0,20190709,075530,87,1,566,716,608,753,Jul15_0/08-20190709075530-snapshot.jpg
2,0,20190709,075600,87,1,566,715,608,753,Jul15_0/08-20190709075600-snapshot.jpg
2,0,20190709,075630,87,1,566,715,609,754,Jul15_0/08-20190709075630-snapshot.jpg
2,0,20190709,075700,86,1,566,715,608,753,Jul15_0/08-20190709075700-snapshot.jpg
2,0,20190709,075730,87,1,565,715,608,754,Jul15_0/08-20190709075730-snapshot.jpg
2,0,20190709,075800,87,1,564,715,606,753,Jul15_0/08-20190709075800-snapshot.jpg
2,0,20190709,075830,87,1,565,716,606,753,Jul15_0/08-20190709075830-snapshot.jpg
2,0,20190709,075900,87,1,565,715,606,753,Jul15_0/08-20190709075900-snapshot.jpg
2,0,20190709,075930,78,1,1730,500,1771,535,Jul15_0/08-20190709075930-snapshot.jpg
2,0,20190709,075930,87,1,565,716,607,753,Jul15_0/08-20190709075930-snapshot.jpg
2,0,20190709,080000,87,1,565,715,607,753,Jul15_0/08-20190709080000-snapshot.jpg
2,0,20190709,080030,62,5,1193,9,1230,54,Jul15_0/08-20190709080030-snapshot.jpg
2,0,20190709,080030,85,1,1858,693,1902,729,Jul15_0/08-20190709080030-snapshot.jpg
2,0,20190709,080030,87,1,565,715,607,753,Jul15_0/08-20190709080030-snapshot.jpg
2,0,20190709,080100,87,1,566,715,607,753,Jul15_0/08-20190709080100-snapshot.jpg
2,0,20190709,080130,74,5,550,538,614,583,Jul15_0/08-20190709080130-snapshot.jpg
2,0,20190709,080130,87,1,565,715,607,753,Jul15_0/08-20190709080130-snapshot.jpg
2,0,20190709,080200,87,1,565,715,606,752,Jul15_0/08-20190709080200-snapshot.jpg
2,0,20190709,080230,87,1,566,716,609,754,Jul15_0/08-20190709080230-snapshot.jpg
2,0,20190709,080300,86,1,566,716,608,753,Jul15_0/08-20190709080300-snapshot.jpg
2,0,20190709,080330,86,1,564,718,605,754,Jul15_0/08-20190709080330-snapshot.jpg
2,0,20190709,080400,87,1,568,716,609,753,Jul15_0/08-20190709080400-snapshot.jpg
2,0,20190709,080430,87,1,569,718,608,753,Jul15_0/08-20190709080430-snapshot.jpg
2,0,20190709,080500,88,1,570,719,609,753,Jul15_0/08-20190709080500-snapshot.jpg
2,0,20190709,080530,87,1,569,719,608,753,Jul15_0/08-20190709080530-snapshot.jpg
2,0,20190709,080600,88,1,569,718,607,753,Jul15_0/08-20190709080600-snapshot.jpg
2,0,20190709,080630,87,1,568,717,608,753,Jul15_0/08-20190709080630-snapshot.jpg
2,0,20190709,080700,88,1,570,719,609,754,Jul15_0/08-20190709080700-snapshot.jpg
2,0,20190709,080730,80,1,577,723,615,754,Jul15_0/08-20190709080730-snapshot.jpg
2,0,20190709,080800,82,1,573,721,610,753,Jul15_0/08-20190709080800-snapshot.jpg
2,0,20190709,080830,84,1,572,722,610,754,Jul15_0/08-20190709080830-snapshot.jpg
2,0,20190709,080900,83,1,572,723,609,755,Jul15_0/08-20190709080900-snapshot.jpg
2,0,20190709,081530,77,5,1250,202,1288,250,Jul15_0/08-20190709081530-snapshot.jpg
2,0,20190709,081600,82,5,929,305,976,347,Jul15_0/08-20190709081600-snapshot.jpg
2,0,20190709,081630,65,5,972,282,1019,323,Jul15_0/08-20190709081630-snapshot.jpg
2,0,20190709,081700,77,5,1566,535,1629,571,Jul15_0/08-20190709081700-snapshot.jpg
2,0,20190709,081900,79,5,395,949,450,1009,Jul15_0/08-20190709081900-snapshot.jpg
2,0,20190709,081930,81,5,75,1007,142,1041,Jul15_0/08-20190709081930-snapshot.jpg
2,0,20190709,082030,73,5,311,751,367,807,Jul15_0/08-20190709082030-snapshot.jpg
2,0,20190709,082630,81,5,68,168,136,200,Jul15_0/08-20190709082630-snapshot.jpg
2,0,20190709,082730,74,5,1372,377,1420,413,Jul15_0/08-20190709082730-snapshot.jpg
2,0,20190709,082800,69,5,1292,501,1346,532,Jul15_0/08-20190709082800-snapshot.jpg
2,0,20190709,082830,84,5,1191,119,1250,149,Jul15_0/08-20190709082830-snapshot.jpg
2,0,20190709,082900,80,5,996,523,1047,559,Jul15_0/08-20190709082900-snapshot.jpg
2,0,20190709,082930,83,5,1052,606,1089,657,Jul15_0/08-20190709082930-snapshot.jpg
2,0,20190709,085930,62,5,337,757,390,795,Jul15_0/08-20190709085930-snapshot.jpg
2,0,20190709,085930,83,6,1337,93,1414,146,Jul15_0/08-20190709085930-snapshot.jpg
2,0,20190709,090400,85,1,779,928,826,967,Jul15_0/08-20190709090400-snapshot.jpg
2,0,20190709,090430,86,1,779,928,826,968,Jul15_0/08-20190709090430-snapshot.jpg
2,0,20190709,090500,62,6,1093,43,1136,93,Jul15_0/08-20190709090500-snapshot.jpg
2,0,20190709,090500,86,1,778,929,825,968,Jul15_0/08-20190709090500-snapshot.jpg
2,0,20190709,090530,45,6,1385,219,1447,259,Jul15_0/08-20190709090530-snapshot.jpg
2,0,20190709,090530,85,1,778,927,825,966,Jul15_0/08-20190709090530-snapshot.jpg
2,0,20190709,090600,85,1,778,928,825,966,Jul15_0/08-20190709090600-snapshot.jpg
2,0,20190709,090630,87,1,778,930,826,971,Jul15_0/08-20190709090630-snapshot.jpg
2,0,20190709,090700,87,1,726,886,774,926,Jul15_0/08-20190709090700-snapshot.jpg
2,0,20190709,090900,73,5,1424,493,1469,538,Jul15_0/08-20190709090900-snapshot.jpg
2,0,20190709,090930,81,5,1242,617,1294,649,Jul15_0/08-20190709090930-snapshot.jpg
2,0,20190709,091000,79,5,1151,560,1198,601,Jul15_0/08-20190709091000-snapshot.jpg
2,0,20190709,091030,82,6,948,959,986,1018,Jul15_0/08-20190709091030-snapshot.jpg
2,0,20190709,091100,69,5,1371,110,1413,150,Jul15_0/08-20190709091100-snapshot.jpg
2,0,20190709,091300,80,5,1149,274,1193,313,Jul15_0/08-20190709091300-snapshot.jpg
2,0,20190709,091330,83,5,1039,615,1096,649,Jul15_0/08-20190709091330-snapshot.jpg
2,0,20190709,091400,69,5,1099,722,1136,762,Jul15_0/08-20190709091400-snapshot.jpg
2,0,20190709,091400,85,1,1771,369,1820,414,Jul15_0/08-20190709091400-snapshot.jpg
2,0,20190709,091430,80,5,1263,702,1315,733,Jul15_0/08-20190709091430-snapshot.jpg
2,0,20190709,091900,72,6,1212,384,1286,419,Jul15_0/08-20190709091900-snapshot.jpg
2,0,20190709,091930,79,6,1039,652,1094,700,Jul15_0/08-20190709091930-snapshot.jpg
2,0,20190709,092000,80,6,1180,628,1246,661,Jul15_0/08-20190709092000-snapshot.jpg
2,0,20190709,092030,76,6,838,15,881,67,Jul15_0/08-20190709092030-snapshot.jpg
2,0,20190709,092230,86,1,1715,438,1764,483,Jul15_0/08-20190709092230-snapshot.jpg
2,0,20190709,092400,81,1,1026,214,1068,252,Jul15_0/08-20190709092400-snapshot.jpg
2,0,20190709,092630,86,1,94,729,144,769,Jul15_0/08-20190709092630-snapshot.jpg
2,0,20190709,092630,87,1,1124,144,1171,185,Jul15_0/08-20190709092630-snapshot.jpg
2,0,20190709,092700,80,1,776,509,818,551,Jul15_0/08-20190709092700-snapshot.jpg
2,0,20190709,092700,84,1,1400,229,1442,270,Jul15_0/08-20190709092700-snapshot.jpg
2,0,20190709,092730,87,1,1751,452,1799,495,Jul15_0/08-20190709092730-snapshot.jpg
2,0,20190709,092800,28,1,1675,654,1718,696,Jul15_0/08-20190709092800-snapshot.jpg
2,0,20190709,092800,87,1,1361,337,1408,381,Jul15_0/08-20190709092800-snapshot.jpg
2,0,20190709,093530,83,8,1004,820,1060,921,Jul15_0/08-20190709093530-snapshot.jpg
2,0,20190709,094100,47,5,1747,615,1825,660,Jul15_0/08-20190709094100-snapshot.jpg
2,0,20190709,094500,79,5,47,617,94,668,Jul15_0/08-20190709094500-snapshot.jpg
2,0,20190709,094600,61,5,244,5,286,45,Jul15_0/08-20190709094600-snapshot.jpg
2,0,20190709,094730,80,5,1328,520,1384,554,Jul15_0/08-20190709094730-snapshot.jpg
2,0,20190709,094800,71,5,1305,503,1358,536,Jul15_0/08-20190709094800-snapshot.jpg
2,0,20190709,094900,83,5,1409,605,1441,654,Jul15_0/08-20190709094900-snapshot.jpg
2,0,20190709,094930,44,5,445,730,490,766,Jul15_0/08-20190709094930-snapshot.jpg
2,0,20190709,094930,53,5,1544,261,1591,290,Jul15_0/08-20190709094930-snapshot.jpg
2,0,20190709,095000,76,5,1692,310,1746,340,Jul15_0/08-20190709095000-snapshot.jpg
2,0,20190709,095100,69,5,235,846,290,882,Jul15_0/08-20190709095100-snapshot.jpg
2,0,20190709,095130,53,6,1385,492,1425,543,Jul15_0/08-20190709095130-snapshot.jpg
2,0,20190709,095130,75,5,143,796,198,832,Jul15_0/08-20190709095130-snapshot.jpg
2,0,20190709,095200,53,5,154,705,197,745,Jul15_0/08-20190709095200-snapshot.jpg
2,0,20190709,095200,70,5,1125,737,1158,782,Jul15_0/08-20190709095200-snapshot.jpg
2,0,20190709,095200,82,5,1193,89,1237,138,Jul15_0/08-20190709095200-snapshot.jpg
2,0,20190709,095230,33,6,1587,298,1624,352,Jul15_0/08-20190709095230-snapshot.jpg
2,0,20190709,095300,79,5,1638,322,1690,374,Jul15_0/08-20190709095300-snapshot.jpg
2,0,20190709,095400,73,5,425,633,481,672,Jul15_0/08-20190709095400-snapshot.jpg
2,0,20190709,095430,81,5,565,586,612,646,Jul15_0/08-20190709095430-snapshot.jpg
2,0,20190709,095530,72,5,544,450,578,506,Jul15_0/08-20190709095530-snapshot.jpg
2,0,20190709,095600,68,5,301,837,344,881,Jul15_0/08-20190709095600-snapshot.jpg
2,0,20190709,100430,73,5,1378,515,1420,566,Jul15_0/08-20190709100430-snapshot.jpg
2,0,20190709,100430,80,5,984,549,1029,597,Jul15_0/08-20190709100430-snapshot.jpg
2,0,20190709,100500,80,5,943,958,994,1002,Jul15_0/08-20190709100500-snapshot.jpg
2,0,20190709,101400,79,5,1597,426,1648,475,Jul15_0/08-20190709101400-snapshot.jpg
2,0,20190709,101430,79,5,1308,480,1365,511,Jul15_0/08-20190709101430-snapshot.jpg
2,0,20190709,101530,79,5,382,908,440,965,Jul15_0/08-20190709101530-snapshot.jpg
2,0,20190709,101530,82,5,1362,453,1413,494,Jul15_0/08-20190709101530-snapshot.jpg
2,0,20190709,101600,75,5,39,827,92,867,Jul15_0/08-20190709101600-snapshot.jpg
2,0,20190709,101600,81,5,1032,480,1093,519,Jul15_0/08-20190709101600-snapshot.jpg
2,0,20190709,101630,73,5,172,810,222,853,Jul15_0/08-20190709101630-snapshot.jpg
2,0,20190709,101630,79,1,673,959,710,989,Jul15_0/08-20190709101630-snapshot.jpg
2,0,20190709,102000,84,6,803,4,850,76,Jul15_0/08-20190709102000-snapshot.jpg
2,0,20190709,102030,85,1,645,1040,690,1079,Jul15_0/08-20190709102030-snapshot.jpg
2,0,20190709,102100,83,1,672,937,716,973,Jul15_0/08-20190709102100-snapshot.jpg
2,0,20190709,102130,84,1,872,665,916,704,Jul15_0/08-20190709102130-snapshot.jpg
2,0,20190709,102730,84,5,1224,695,1286,729,Jul15_0/08-20190709102730-snapshot.jpg
2,0,20190709,102830,67,5,1522,439,1565,476,Jul15_0/08-20190709102830-snapshot.jpg
2,0,20190709,103100,86,1,1455,128,1502,165,Jul15_0/08-20190709103100-snapshot.jpg
2,0,20190709,103200,84,1,1750,741,1794,777,Jul15_0/08-20190709103200-snapshot.jpg
2,0,20190709,103430,25,8,236,508,298,548,Jul15_0/08-20190709103430-snapshot.jpg
2,0,20190709,103500,30,5,1153,807,1199,851,Jul15_0/08-20190709103500-snapshot.jpg
2,0,20190709,103530,79,5,1314,392,1353,444,Jul15_0/08-20190709103530-snapshot.jpg
2,0,20190709,103730,83,5,1304,1014,1361,1075,Jul15_0/08-20190709103730-snapshot.jpg
2,0,20190709,103730,88,5,1034,677,1092,707,Jul15_0/08-20190709103730-snapshot.jpg
2,0,20190709,103800,83,5,1360,425,1403,476,Jul15_0/08-20190709103800-snapshot.jpg
2,0,20190709,104000,76,5,1197,439,1243,491,Jul15_0/08-20190709104000-snapshot.jpg
2,0,20190709,104030,54,5,1149,292,1199,363,Jul15_0/08-20190709104030-snapshot.jpg
2,0,20190709,104130,82,5,943,937,1007,973,Jul15_0/08-20190709104130-snapshot.jpg
2,0,20190709,104330,80,5,1570,900,1647,957,Jul15_0/08-20190709104330-snapshot.jpg
2,0,20190709,104330,80,5,1321,589,1372,624,Jul15_0/08-20190709104330-snapshot.jpg
2,0,20190709,104400,84,5,1310,963,1362,1023,Jul15_0/08-20190709104400-snapshot.jpg
2,0,20190709,104500,83,5,110,444,162,506,Jul15_0/08-20190709104500-snapshot.jpg
2,0,20190709,104530,82,5,151,538,207,601,Jul15_0/08-20190709104530-snapshot.jpg
2,0,20190709,104600,80,5,127,944,171,995,Jul15_0/08-20190709104600-snapshot.jpg
2,0,20190709,104630,80,5,299,488,342,547,Jul15_0/08-20190709104630-snapshot.jpg
2,0,20190709,104830,82,5,1161,780,1203,834,Jul15_0/08-20190709104830-snapshot.jpg
2,0,20190709,104900,75,5,1458,443,1491,492,Jul15_0/08-20190709104900-snapshot.jpg
2,0,20190709,105000,80,5,1445,447,1485,498,Jul15_0/08-20190709105000-snapshot.jpg
2,0,20190709,105030,82,5,962,330,1018,365,Jul15_0/08-20190709105030-snapshot.jpg
2,0,20190709,105030,84,5,1151,414,1209,446,Jul15_0/08-20190709105030-snapshot.jpg
2,0,20190709,105100,78,5,1102,536,1141,587,Jul15_0/08-20190709105100-snapshot.jpg
2,0,20190709,110000,78,5,1094,655,1136,694,Jul15_0/08-20190709110000-snapshot.jpg
2,0,20190709,110100,78,5,289,834,328,884,Jul15_0/08-20190709110100-snapshot.jpg
2,0,20190709,110130,35,5,1506,447,1548,484,Jul15_0/08-20190709110130-snapshot.jpg
2,0,20190709,110200,82,6,1169,808,1244,850,Jul15_0/08-20190709110200-snapshot.jpg
2,0,20190709,110300,83,6,1304,589,1352,649,Jul15_0/08-20190709110300-snapshot.jpg
2,0,20190709,110530,84,5,1214,932,1269,989,Jul15_0/08-20190709110530-snapshot.jpg
2,0,20190709,110700,78,5,1745,779,1818,832,Jul15_0/08-20190709110700-snapshot.jpg
2,0,20190709,110900,85,5,1801,885,1885,946,Jul15_0/08-20190709110900-snapshot.jpg
2,0,20190709,110930,52,5,1111,424,1156,458,Jul15_0/08-20190709110930-snapshot.jpg
2,0,20190709,110930,82,5,1032,535,1067,583,Jul15_0/08-20190709110930-snapshot.jpg
2,0,20190709,110930,85,5,1755,777,1840,838,Jul15_0/08-20190709110930-snapshot.jpg
2,0,20190709,111300,82,5,1673,283,1723,344,Jul15_0/08-20190709111300-snapshot.jpg
2,0,20190709,111330,29,5,1752,1,1792,29,Jul15_0/08-20190709111330-snapshot.jpg
2,0,20190709,111430,73,5,1553,291,1595,333,Jul15_0/08-20190709111430-snapshot.jpg
2,0,20190709,111530,27,5,37,549,79,590,Jul15_0/08-20190709111530-snapshot.jpg
2,0,20190709,111530,83,5,513,277,575,343,Jul15_0/08-20190709111530-snapshot.jpg
2,0,20190709,111600,75,5,449,78,515,132,Jul15_0/08-20190709111600-snapshot.jpg
2,0,20190709,111630,78,5,223,965,270,1009,Jul15_0/08-20190709111630-snapshot.jpg
2,0,20190709,111800,65,5,1262,647,1300,697,Jul15_0/08-20190709111800-snapshot.jpg
2,0,20190709,111830,76,5,1220,621,1269,671,Jul15_0/08-20190709111830-snapshot.jpg
2,0,20190709,111900,79,6,320,605,403,653,Jul15_0/08-20190709111900-snapshot.jpg
2,0,20190709,111930,83,6,563,496,614,567,Jul15_0/08-20190709111930-snapshot.jpg
2,0,20190709,112000,82,6,85,662,164,729,Jul15_0/08-20190709112000-snapshot.jpg
2,0,20190709,112000,84,6,1014,456,1063,529,Jul15_0/08-20190709112000-snapshot.jpg
2,0,20190709,112130,72,5,1044,627,1079,672,Jul15_0/08-20190709112130-snapshot.jpg
2,0,20190709,112130,82,6,1474,429,1546,482,Jul15_0/08-20190709112130-snapshot.jpg
2,0,20190709,112230,75,5,861,290,915,330,Jul15_0/08-20190709112230-snapshot.jpg
2,0,20190709,112230,85,1,1505,0,1550,38,Jul15_0/08-20190709112230-snapshot.jpg
2,0,20190709,112400,45,6,1239,350,1291,387,Jul15_0/08-20190709112400-snapshot.jpg
2,0,20190709,112400,76,5,976,599,1013,643,Jul15_0/08-20190709112400-snapshot.jpg
2,0,20190709,112430,42,5,212,727,268,764,Jul15_0/08-20190709112430-snapshot.jpg
2,0,20190709,112500,27,6,214,615,270,673,Jul15_0/08-20190709112500-snapshot.jpg
2,0,20190709,112500,78,5,1095,68,1151,105,Jul15_0/08-20190709112500-snapshot.jpg
2,0,20190709,112530,40,6,536,542,585,600,Jul15_0/08-20190709112530-snapshot.jpg
2,0,20190709,112530,41,5,537,543,586,599,Jul15_0/08-20190709112530-snapshot.jpg
2,0,20190709,112530,75,5,1461,496,1510,548,Jul15_0/08-20190709112530-snapshot.jpg
2,0,20190709,112530,81,5,947,618,1003,655,Jul15_0/08-20190709112530-snapshot.jpg
2,0,20190709,112630,55,5,1054,483,1093,523,Jul15_0/08-20190709112630-snapshot.jpg
2,0,20190709,112630,81,6,385,935,464,987,Jul15_0/08-20190709112630-snapshot.jpg
2,0,20190709,112700,75,6,265,943,315,1014,Jul15_0/08-20190709112700-snapshot.jpg
2,0,20190709,112730,62,6,60,730,114,798,Jul15_0/08-20190709112730-snapshot.jpg
2,0,20190709,112730,64,5,58,45,108,87,Jul15_0/08-20190709112730-snapshot.jpg
2,0,20190709,112800,74,6,324,860,380,920,Jul15_0/08-20190709112800-snapshot.jpg
2,0,20190709,112900,72,6,1331,391,1379,436,Jul15_0/08-20190709112900-snapshot.jpg
2,0,20190709,112930,82,6,1127,528,1171,594,Jul15_0/08-20190709112930-snapshot.jpg
2,0,20190709,112930,83,6,1066,273,1114,345,Jul15_0/08-20190709112930-snapshot.jpg
2,0,20190709,113000,80,6,1129,309,1178,369,Jul15_0/08-20190709113000-snapshot.jpg
2,0,20190709,113030,69,5,877,951,939,996,Jul15_0/08-20190709113030-snapshot.jpg
2,0,20190709,113030,80,6,1142,519,1215,553,Jul15_0/08-20190709113030-snapshot.jpg
2,0,20190709,113100,88,6,1264,738,1336,804,Jul15_0/08-20190709113100-snapshot.jpg
2,0,20190709,113200,78,5,1324,491,1372,530,Jul15_0/08-20190709113200-snapshot.jpg
2,0,20190709,113200,81,5,1328,250,1378,294,Jul15_0/08-20190709113200-snapshot.jpg
2,0,20190709,113300,83,5,1006,12,1049,61,Jul15_0/08-20190709113300-snapshot.jpg
2,0,20190709,113330,65,5,39,708,84,754,Jul15_0/08-20190709113330-snapshot.jpg
2,0,20190709,113330,81,5,936,694,988,734,Jul15_0/08-20190709113330-snapshot.jpg
2,0,20190709,113330,86,6,1281,584,1324,650,Jul15_0/08-20190709113330-snapshot.jpg
2,0,20190709,113430,78,6,1310,599,1352,662,Jul15_0/08-20190709113430-snapshot.jpg
2,0,20190709,113600,85,5,1074,679,1134,715,Jul15_0/08-20190709113600-snapshot.jpg
2,0,20190709,113700,79,5,106,877,165,911,Jul15_0/08-20190709113700-snapshot.jpg
2,0,20190709,113700,80,5,1231,634,1291,687,Jul15_0/08-20190709113700-snapshot.jpg
2,0,20190709,113700,82,6,926,274,970,339,Jul15_0/08-20190709113700-snapshot.jpg
2,0,20190709,113700,84,5,1557,900,1635,963,Jul15_0/08-20190709113700-snapshot.jpg
2,0,20190709,113730,82,6,1177,281,1240,347,Jul15_0/08-20190709113730-snapshot.jpg
2,0,20190709,113800,80,5,641,691,709,739,Jul15_0/08-20190709113800-snapshot.jpg
2,0,20190709,113800,81,6,1082,230,1160,277,Jul15_0/08-20190709113800-snapshot.jpg
2,0,20190709,113830,77,5,1781,51,1827,101,Jul15_0/08-20190709113830-snapshot.jpg
2,0,20190709,113900,82,5,1296,307,1353,363,Jul15_0/08-20190709113900-snapshot.jpg
2,0,20190709,113930,78,5,213,595,273,641,Jul15_0/08-20190709113930-snapshot.jpg
2,0,20190709,114030,54,5,208,601,264,645,Jul15_0/08-20190709114030-snapshot.jpg
2,0,20190709,114100,63,5,47,735,84,783,Jul15_0/08-20190709114100-snapshot.jpg
2,0,20190709,114130,72,5,1065,559,1110,595,Jul15_0/08-20190709114130-snapshot.jpg
2,0,20190709,114230,82,5,1184,728,1254,764,Jul15_0/08-20190709114230-snapshot.jpg
2,0,20190709,114300,83,5,1173,752,1212,810,Jul15_0/08-20190709114300-snapshot.jpg
2,0,20190709,114330,84,5,1508,865,1592,932,Jul15_0/08-20190709114330-snapshot.jpg
2,0,20190709,114500,78,5,1788,270,1828,316,Jul15_0/08-20190709114500-snapshot.jpg
2,0,20190709,114530,79,5,1677,437,1724,481,Jul15_0/08-20190709114530-snapshot.jpg
2,0,20190709,114530,83,5,567,322,625,387,Jul15_0/08-20190709114530-snapshot.jpg
2,0,20190709,114600,82,5,898,313,957,347,Jul15_0/08-20190709114600-snapshot.jpg
2,0,20190709,114830,84,5,1649,415,1695,479,Jul15_0/08-20190709114830-snapshot.jpg
2,0,20190709,115230,76,5,394,913,448,969,Jul15_0/08-20190709115230-snapshot.jpg
2,0,20190709,115400,42,5,1073,511,1130,550,Jul15_0/08-20190709115400-snapshot.jpg
2,0,20190709,115400,79,6,1561,235,1616,279,Jul15_0/08-20190709115400-snapshot.jpg
2,0,20190709,115400,81,5,1568,975,1651,1031,Jul15_0/08-20190709115400-snapshot.jpg
2,0,20190709,115430,79,5,1023,212,1069,268,Jul15_0/08-20190709115430-snapshot.jpg
2,0,20190709,115430,86,3,336,213,437,296,Jul15_0/08-20190709115430-snapshot.jpg
2,0,20190709,115500,42,5,1893,304,1920,340,Jul15_0/08-20190709115500-snapshot.jpg
2,0,20190709,115500,82,6,1636,461,1719,510,Jul15_0/08-20190709115500-snapshot.jpg
2,0,20190709,115600,83,6,1085,391,1152,422,Jul15_0/08-20190709115600-snapshot.jpg
2,0,20190709,115630,82,5,1382,1026,1434,1080,Jul15_0/08-20190709115630-snapshot.jpg
2,0,20190709,115630,83,5,1685,251,1736,309,Jul15_0/08-20190709115630-snapshot.jpg
2,0,20190709,115700,80,5,1179,388,1228,444,Jul15_0/08-20190709115700-snapshot.jpg
2,0,20190709,115730,75,6,317,583,367,644,Jul15_0/08-20190709115730-snapshot.jpg
2,0,20190709,115730,83,5,1235,206,1301,238,Jul15_0/08-20190709115730-snapshot.jpg
2,0,20190709,115900,85,5,1198,477,1246,543,Jul15_0/08-20190709115900-snapshot.jpg
2,0,20190709,120100,73,5,1315,952,1383,998,Jul15_0/08-20190709120100-snapshot.jpg
2,0,20190709,120330,79,5,143,170,191,221,Jul15_0/08-20190709120330-snapshot.jpg
2,0,20190709,120400,82,5,1391,249,1423,303,Jul15_0/08-20190709120400-snapshot.jpg
2,0,20190709,120430,47,5,1892,57,1920,125,Jul15_0/08-20190709120430-snapshot.jpg
2,0,20190709,120430,85,6,1597,434,1652,509,Jul15_0/08-20190709120430-snapshot.jpg
2,0,20190709,120500,80,5,1356,553,1403,593,Jul15_0/08-20190709120500-snapshot.jpg
2,0,20190709,120530,82,5,978,945,1025,997,Jul15_0/08-20190709120530-snapshot.jpg
2,0,20190709,120600,47,6,101,948,160,987,Jul15_0/08-20190709120600-snapshot.jpg
2,0,20190709,120600,81,5,868,149,928,183,Jul15_0/08-20190709120600-snapshot.jpg
2,0,20190709,120630,71,5,1721,454,1761,504,Jul15_0/08-20190709120630-snapshot.jpg
2,0,20190709,120730,70,5,1399,548,1440,580,Jul15_0/08-20190709120730-snapshot.jpg
2,0,20190709,120730,83,5,1176,204,1213,258,Jul15_0/08-20190709120730-snapshot.jpg
2,0,20190709,120800,80,5,1455,429,1492,476,Jul15_0/08-20190709120800-snapshot.jpg
2,0,20190709,120900,78,5,1006,587,1050,630,Jul15_0/08-20190709120900-snapshot.jpg
2,0,20190709,120900,82,5,1180,103,1233,133,Jul15_0/08-20190709120900-snapshot.jpg
2,0,20190709,120930,63,6,1137,782,1182,833,Jul15_0/08-20190709120930-snapshot.jpg
2,0,20190709,121000,80,5,1055,607,1097,648,Jul15_0/08-20190709121000-snapshot.jpg
2,0,20190709,121030,79,5,1361,441,1404,491,Jul15_0/08-20190709121030-snapshot.jpg
2,0,20190709,121030,82,5,1121,254,1156,306,Jul15_0/08-20190709121030-snapshot.jpg
2,0,20190709,121100,82,5,1067,648,1108,704,Jul15_0/08-20190709121100-snapshot.jpg
2,0,20190709,121130,32,5,829,227,872,264,Jul15_0/08-20190709121130-snapshot.jpg
2,0,20190709,121130,78,5,1502,427,1536,478,Jul15_0/08-20190709121130-snapshot.jpg
2,0,20190709,121130,82,6,316,463,366,522,Jul15_0/08-20190709121130-snapshot.jpg
2,0,20190709,121200,36,5,46,738,85,788,Jul15_0/08-20190709121200-snapshot.jpg
2,0,20190709,121200,69,5,1517,347,1561,392,Jul15_0/08-20190709121200-snapshot.jpg
2,0,20190709,121200,79,5,1031,539,1074,579,Jul15_0/08-20190709121200-snapshot.jpg
2,0,20190709,121230,68,5,1093,541,1131,585,Jul15_0/08-20190709121230-snapshot.jpg
2,0,20190709,121300,50,5,208,1032,254,1076,Jul15_0/08-20190709121300-snapshot.jpg
2,0,20190709,121330,79,5,115,1002,180,1035,Jul15_0/08-20190709121330-snapshot.jpg
2,0,20190709,121400,76,6,972,77,1018,133,Jul15_0/08-20190709121400-snapshot.jpg
2,0,20190709,121400,79,5,71,728,115,774,Jul15_0/08-20190709121400-snapshot.jpg
2,0,20190709,121400,80,6,33,227,103,265,Jul15_0/08-20190709121400-snapshot.jpg
2,0,20190709,121430,62,5,399,857,455,902,Jul15_0/08-20190709121430-snapshot.jpg
2,0,20190709,121430,71,5,1026,507,1068,555,Jul15_0/08-20190709121430-snapshot.jpg
2,0,20190709,121430,85,5,1074,1020,1125,1079,Jul15_0/08-20190709121430-snapshot.jpg
2,0,20190709,121500,76,5,1651,596,1695,659,Jul15_0/08-20190709121500-snapshot.jpg
2,0,20190709,121530,31,5,393,437,441,471,Jul15_0/08-20190709121530-snapshot.jpg
2,0,20190709,121530,78,5,1526,256,1569,297,Jul15_0/08-20190709121530-snapshot.jpg
2,0,20190709,121600,49,5,472,619,510,666,Jul15_0/08-20190709121600-snapshot.jpg
2,0,20190709,121600,62,6,1651,526,1703,591,Jul15_0/08-20190709121600-snapshot.jpg
2,0,20190709,121600,82,5,1037,571,1089,606,Jul15_0/08-20190709121600-snapshot.jpg
2,0,20190709,121630,31,5,1455,254,1504,289,Jul15_0/08-20190709121630-snapshot.jpg
2,0,20190709,121700,52,5,1568,873,1655,934,Jul15_0/08-20190709121700-snapshot.jpg
2,0,20190709,121730,68,5,264,914,316,959,Jul15_0/08-20190709121730-snapshot.jpg
2,0,20190709,121730,78,5,1018,85,1065,132,Jul15_0/08-20190709121730-snapshot.jpg
2,0,20190709,121730,81,5,1180,724,1228,772,Jul15_0/08-20190709121730-snapshot.jpg
2,0,20190709,121800,50,5,1383,196,1421,244,Jul15_0/08-20190709121800-snapshot.jpg
2,0,20190709,121800,75,5,1107,583,1158,630,Jul15_0/08-20190709121800-snapshot.jpg
2,0,20190709,121830,52,5,1196,611,1236,662,Jul15_0/08-20190709121830-snapshot.jpg
2,0,20190709,121900,81,5,1682,221,1732,283,Jul15_0/08-20190709121900-snapshot.jpg
2,0,20190709,121900,82,5,1248,348,1312,382,Jul15_0/08-20190709121900-snapshot.jpg
2,0,20190709,121930,81,5,404,531,463,571,Jul15_0/08-20190709121930-snapshot.jpg
2,0,20190709,121930,82,5,925,204,969,264,Jul15_0/08-20190709121930-snapshot.jpg
2,0,20190709,122000,62,6,34,879,96,917,Jul15_0/08-20190709122000-snapshot.jpg
2,0,20190709,122000,82,5,1731,294,1767,349,Jul15_0/08-20190709122000-snapshot.jpg
2,0,20190709,122130,84,5,1265,894,1314,958,Jul15_0/08-20190709122130-snapshot.jpg
2,0,20190709,122200,85,5,986,950,1037,1010,Jul15_0/08-20190709122200-snapshot.jpg
2,0,20190709,122230,84,5,1117,1006,1207,1064,Jul15_0/08-20190709122230-snapshot.jpg
2,0,20190709,122300,74,5,1179,1027,1231,1079,Jul15_0/08-20190709122300-snapshot.jpg
2,0,20190709,122300,82,5,1666,504,1731,540,Jul15_0/08-20190709122300-snapshot.jpg
2,0,20190709,122430,26,5,1373,540,1410,580,Jul15_0/08-20190709122430-snapshot.jpg
2,0,20190709,122430,37,5,1774,258,1812,295,Jul15_0/08-20190709122430-snapshot.jpg
2,0,20190709,122430,81,5,1670,236,1725,274,Jul15_0/08-20190709122430-snapshot.jpg
2,0,20190709,122430,82,5,1223,889,1264,947,Jul15_0/08-20190709122430-snapshot.jpg
2,0,20190709,122530,75,5,199,492,253,522,Jul15_0/08-20190709122530-snapshot.jpg
2,0,20190709,122530,78,5,899,222,947,264,Jul15_0/08-20190709122530-snapshot.jpg
2,0,20190709,122600,53,5,903,340,945,374,Jul15_0/08-20190709122600-snapshot.jpg
2,0,20190709,122600,82,5,1453,465,1517,498,Jul15_0/08-20190709122600-snapshot.jpg
2,0,20190709,122730,76,6,1696,474,1745,529,Jul15_0/08-20190709122730-snapshot.jpg
2,0,20190709,122730,78,5,280,586,334,624,Jul15_0/08-20190709122730-snapshot.jpg
2,0,20190709,122800,69,5,1745,321,1780,373,Jul15_0/08-20190709122800-snapshot.jpg
2,0,20190709,122800,76,5,1837,284,1877,328,Jul15_0/08-20190709122800-snapshot.jpg
2,0,20190709,122830,84,6,1161,597,1210,662,Jul15_0/08-20190709122830-snapshot.jpg
2,0,20190709,122900,78,5,1096,540,1145,580,Jul15_0/08-20190709122900-snapshot.jpg
2,0,20190709,122900,83,6,1144,204,1188,263,Jul15_0/08-20190709122900-snapshot.jpg
2,0,20190709,122930,49,5,1115,1007,1169,1055,Jul15_0/08-20190709122930-snapshot.jpg
2,0,20190709,122930,78,6,465,417,532,454,Jul15_0/08-20190709122930-snapshot.jpg
2,0,20190709,122930,78,6,1080,372,1153,407,Jul15_0/08-20190709122930-snapshot.jpg
2,0,20190709,123000,60,6,249,20,323,55,Jul15_0/08-20190709123000-snapshot.jpg
2,0,20190709,123000,75,5,227,836,279,871,Jul15_0/08-20190709123000-snapshot.jpg
2,0,20190709,123000,82,5,966,304,1018,346,Jul15_0/08-20190709123000-snapshot.jpg
2,0,20190709,123000,83,6,996,950,1049,1019,Jul15_0/08-20190709123000-snapshot.jpg
2,0,20190709,123030,50,5,1202,423,1258,454,Jul15_0/08-20190709123030-snapshot.jpg
2,0,20190709,123030,83,6,369,961,450,1022,Jul15_0/08-20190709123030-snapshot.jpg
2,0,20190709,123100,41,5,1570,236,1610,268,Jul15_0/08-20190709123100-snapshot.jpg
2,0,20190709,123100,58,5,917,99,970,135,Jul15_0/08-20190709123100-snapshot.jpg
2,0,20190709,123100,76,5,1669,460,1718,496,Jul15_0/08-20190709123100-snapshot.jpg
2,0,20190709,123130,41,5,597,744,635,790,Jul15_0/08-20190709123130-snapshot.jpg
2,0,20190709,123130,78,5,783,60,838,114,Jul15_0/08-20190709123130-snapshot.jpg
2,0,20190709,123200,80,6,985,662,1055,698,Jul15_0/08-20190709123200-snapshot.jpg
2,0,20190709,123230,84,5,860,197,904,248,Jul15_0/08-20190709123230-snapshot.jpg
2,0,20190709,123300,82,5,1017,212,1080,244,Jul15_0/08-20190709123300-snapshot.jpg
2,0,20190709,123430,75,5,380,431,427,471,Jul15_0/08-20190709123430-snapshot.jpg
2,0,20190709,123630,77,5,841,264,892,300,Jul15_0/08-20190709123630-snapshot.jpg
2,0,20190709,123700,70,5,119,121,170,164,Jul15_0/08-20190709123700-snapshot.jpg
2,0,20190709,123700,78,5,1513,375,1559,412,Jul15_0/08-20190709123700-snapshot.jpg
2,0,20190709,123730,64,5,69,915,111,956,Jul15_0/08-20190709123730-snapshot.jpg
2,0,20190709,123800,37,5,81,747,120,794,Jul15_0/08-20190709123800-snapshot.jpg
2,0,20190709,123800,78,6,1245,126,1306,166,Jul15_0/08-20190709123800-snapshot.jpg
2,0,20190709,123900,72,5,1590,393,1638,433,Jul15_0/08-20190709123900-snapshot.jpg
2,0,20190709,123900,82,5,160,909,217,950,Jul15_0/08-20190709123900-snapshot.jpg
2,0,20190709,123930,79,5,19,478,72,520,Jul15_0/08-20190709123930-snapshot.jpg
2,0,20190709,123930,81,6,1601,484,1677,527,Jul15_0/08-20190709123930-snapshot.jpg
2,0,20190709,124000,76,5,0,102,33,147,Jul15_0/08-20190709124000-snapshot.jpg
2,0,20190709,124100,71,6,254,960,303,1025,Jul15_0/08-20190709124100-snapshot.jpg
2,0,20190709,124130,82,5,1104,84,1142,135,Jul15_0/08-20190709124130-snapshot.jpg
2,0,20190709,124200,66,5,136,715,177,775,Jul15_0/08-20190709124200-snapshot.jpg
2,0,20190709,124230,78,5,1147,636,1185,686,Jul15_0/08-20190709124230-snapshot.jpg
2,0,20190709,124330,81,5,1574,233,1631,269,Jul15_0/08-20190709124330-snapshot.jpg
2,0,20190709,124400,41,5,932,1043,980,1080,Jul15_0/08-20190709124400-snapshot.jpg
2,0,20190709,124430,77,6,973,596,1026,632,Jul15_0/08-20190709124430-snapshot.jpg
2,0,20190709,124430,83,6,1365,973,1421,1053,Jul15_0/08-20190709124430-snapshot.jpg
2,0,20190709,124430,85,6,1750,599,1837,652,Jul15_0/08-20190709124430-snapshot.jpg
2,0,20190709,124500,73,6,1624,256,1671,294,Jul15_0/08-20190709124500-snapshot.jpg
2,0,20190709,124530,57,5,982,675,1022,720,Jul15_0/08-20190709124530-snapshot.jpg
2,0,20190709,124530,75,6,0,828,38,880,Jul15_0/08-20190709124530-snapshot.jpg
2,0,20190709,124530,82,6,1496,990,1597,1050,Jul15_0/08-20190709124530-snapshot.jpg
2,0,20190709,124600,72,6,410,414,452,468,Jul15_0/08-20190709124600-snapshot.jpg
2,0,20190709,124600,81,6,395,926,476,976,Jul15_0/08-20190709124600-snapshot.jpg
2,0,20190709,124630,28,5,433,553,475,601,Jul15_0/08-20190709124630-snapshot.jpg
2,0,20190709,124630,85,6,241,950,292,1027,Jul15_0/08-20190709124630-snapshot.jpg
2,0,20190709,124700,72,6,291,692,356,725,Jul15_0/08-20190709124700-snapshot.jpg
2,0,20190709,124700,75,5,563,608,621,671,Jul15_0/08-20190709124700-snapshot.jpg
2,0,20190709,124730,82,6,89,503,171,570,Jul15_0/08-20190709124730-snapshot.jpg
2,0,20190709,124830,77,6,1251,304,1310,335,Jul15_0/08-20190709124830-snapshot.jpg
2,0,20190709,124930,78,5,1333,945,1382,1007,Jul15_0/08-20190709124930-snapshot.jpg
2,0,20190709,125000,77,6,939,956,984,1013,Jul15_0/08-20190709125000-snapshot.jpg
2,0,20190709,125000,83,5,1328,68,1376,124,Jul15_0/08-20190709125000-snapshot.jpg
2,0,20190709,125030,48,5,750,347,808,397,Jul15_0/08-20190709125030-snapshot.jpg
2,0,20190709,125030,52,5,425,71,477,134,Jul15_0/08-20190709125030-snapshot.jpg
2,0,20190709,125030,75,5,1295,480,1331,525,Jul15_0/08-20190709125030-snapshot.jpg
2,0,20190709,125030,80,6,958,376,1000,432,Jul15_0/08-20190709125030-snapshot.jpg
2,0,20190709,125130,79,5,1274,708,1321,759,Jul15_0/08-20190709125130-snapshot.jpg
2,0,20190709,125130,82,5,1274,1020,1342,1074,Jul15_0/08-20190709125130-snapshot.jpg
2,0,20190709,125200,73,5,29,819,78,860,Jul15_0/08-20190709125200-snapshot.jpg
2,0,20190709,125200,78,6,1154,288,1213,321,Jul15_0/08-20190709125200-snapshot.jpg
2,0,20190709,125230,66,6,1160,471,1218,511,Jul15_0/08-20190709125230-snapshot.jpg
2,0,20190709,125230,78,5,995,590,1032,634,Jul15_0/08-20190709125230-snapshot.jpg
2,0,20190709,125230,80,6,1309,74,1353,133,Jul15_0/08-20190709125230-snapshot.jpg
2,0,20190709,125230,83,5,1667,509,1714,577,Jul15_0/08-20190709125230-snapshot.jpg
2,0,20190709,125300,44,5,1551,236,1597,276,Jul15_0/08-20190709125300-snapshot.jpg
2,0,20190709,125400,81,5,1099,219,1155,272,Jul15_0/08-20190709125400-snapshot.jpg
2,0,20190709,125430,81,5,1435,297,1496,338,Jul15_0/08-20190709125430-snapshot.jpg
2,0,20190709,125430,82,5,936,518,978,570,Jul15_0/08-20190709125430-snapshot.jpg
2,0,20190709,125500,75,5,1104,456,1148,495,Jul15_0/08-20190709125500-snapshot.jpg
2,0,20190709,125530,77,5,290,705,351,740,Jul15_0/08-20190709125530-snapshot.jpg
2,0,20190709,125630,79,6,317,602,389,643,Jul15_0/08-20190709125630-snapshot.jpg
2,0,20190709,125700,31,5,267,472,312,521,Jul15_0/08-20190709125700-snapshot.jpg
2,0,20190709,125730,79,5,1004,542,1043,591,Jul15_0/08-20190709125730-snapshot.jpg
2,0,20190709,125830,81,5,936,1011,984,1063,Jul15_0/08-20190709125830-snapshot.jpg
2,0,20190709,125830,83,5,1121,361,1182,398,Jul15_0/08-20190709125830-snapshot.jpg
2,0,20190709,125900,81,6,1879,264,1920,327,Jul15_0/08-20190709125900-snapshot.jpg
2,0,20190709,125900,82,5,983,422,1033,485,Jul15_0/08-20190709125900-snapshot.jpg
2,0,20190709,125930,47,6,76,550,124,610,Jul15_0/08-20190709125930-snapshot.jpg
2,0,20190709,125930,81,5,23,230,82,271,Jul15_0/08-20190709125930-snapshot.jpg
2,0,20190709,130100,76,5,916,213,954,271,Jul15_0/08-20190709130100-snapshot.jpg
2,0,20190709,130130,72,6,1710,277,1771,315,Jul15_0/08-20190709130130-snapshot.jpg
2,0,20190709,130130,77,5,1421,496,1466,538,Jul15_0/08-20190709130130-snapshot.jpg
2,0,20190709,130200,33,6,1572,274,1619,329,Jul15_0/08-20190709130200-snapshot.jpg
2,0,20190709,130200,34,5,882,9,943,42,Jul15_0/08-20190709130200-snapshot.jpg
2,0,20190709,130200,46,6,881,10,943,42,Jul15_0/08-20190709130200-snapshot.jpg
2,0,20190709,130200,52,5,1638,432,1688,469,Jul15_0/08-20190709130200-snapshot.jpg
2,0,20190709,130200,72,5,124,873,160,918,Jul15_0/08-20190709130200-snapshot.jpg
2,0,20190709,130200,75,5,163,743,208,795,Jul15_0/08-20190709130200-snapshot.jpg
2,0,20190709,130200,77,6,4,29,61,101,Jul15_0/08-20190709130200-snapshot.jpg
2,0,20190709,130230,53,6,386,984,440,1052,Jul15_0/08-20190709130230-snapshot.jpg
2,0,20190709,130230,66,5,1224,661,1259,704,Jul15_0/08-20190709130230-snapshot.jpg
2,0,20190709,130230,74,6,963,16,1004,80,Jul15_0/08-20190709130230-snapshot.jpg
2,0,20190709,130300,73,6,1655,617,1714,666,Jul15_0/08-20190709130300-snapshot.jpg
2,0,20190709,130330,71,5,463,932,520,968,Jul15_0/08-20190709130330-snapshot.jpg
2,0,20190709,130330,83,5,183,1016,249,1051,Jul15_0/08-20190709130330-snapshot.jpg
2,0,20190709,130400,73,5,977,299,1020,349,Jul15_0/08-20190709130400-snapshot.jpg
2,0,20190709,130400,81,6,1698,485,1740,552,Jul15_0/08-20190709130400-snapshot.jpg
2,0,20190709,130400,83,6,1163,66,1226,117,Jul15_0/08-20190709130400-snapshot.jpg
2,0,20190709,130430,82,5,818,70,873,124,Jul15_0/08-20190709130430-snapshot.jpg
2,0,20190709,130500,76,5,1257,55,1295,92,Jul15_0/08-20190709130500-snapshot.jpg
2,0,20190709,130530,69,5,1333,658,1371,702,Jul15_0/08-20190709130530-snapshot.jpg
2,0,20190709,130630,63,5,362,707,410,741,Jul15_0/08-20190709130630-snapshot.jpg
2,0,20190709,130700,78,5,1691,490,1734,537,Jul15_0/08-20190709130700-snapshot.jpg
2,0,20190709,130700,80,5,173,471,231,506,Jul15_0/08-20190709130700-snapshot.jpg
2,0,20190709,130730,44,5,34,810,70,860,Jul15_0/08-20190709130730-snapshot.jpg
2,0,20190709,130800,80,5,158,515,206,570,Jul15_0/08-20190709130800-snapshot.jpg
2,0,20190709,130830,36,5,0,170,22,220,Jul15_0/08-20190709130830-snapshot.jpg
2,0,20190709,130830,56,5,1366,786,1409,832,Jul15_0/08-20190709130830-snapshot.jpg
2,0,20190709,130830,81,5,1324,78,1369,129,Jul15_0/08-20190709130830-snapshot.jpg
2,0,20190709,130830,83,5,1041,570,1076,620,Jul15_0/08-20190709130830-snapshot.jpg
2,0,20190709,130900,50,5,1197,8,1241,43,Jul15_0/08-20190709130900-snapshot.jpg
2,0,20190709,130900,80,5,1175,771,1230,802,Jul15_0/08-20190709130900-snapshot.jpg
2,0,20190709,131030,52,5,224,8,271,41,Jul15_0/08-20190709131030-snapshot.jpg
2,0,20190709,131100,82,6,1028,683,1067,738,Jul15_0/08-20190709131100-snapshot.jpg
2,0,20190709,131130,80,6,997,567,1054,606,Jul15_0/08-20190709131130-snapshot.jpg
2,0,20190709,131200,61,5,1505,380,1537,424,Jul15_0/08-20190709131200-snapshot.jpg
2,0,20190709,131200,72,5,225,995,276,1036,Jul15_0/08-20190709131200-snapshot.jpg
2,0,20190709,131200,81,5,1059,198,1121,232,Jul15_0/08-20190709131200-snapshot.jpg
2,0,20190709,131200,82,6,1174,909,1229,979,Jul15_0/08-20190709131200-snapshot.jpg
2,0,20190709,131300,30,5,994,702,1035,742,Jul15_0/08-20190709131300-snapshot.jpg
2,0,20190709,131300,81,5,1495,546,1548,586,Jul15_0/08-20190709131300-snapshot.jpg
2,0,20190709,131330,83,5,997,595,1039,641,Jul15_0/08-20190709131330-snapshot.jpg
2,0,20190709,131400,42,5,1705,280,1740,327,Jul15_0/08-20190709131400-snapshot.jpg
2,0,20190709,131400,45,5,756,571,807,627,Jul15_0/08-20190709131400-snapshot.jpg
2,0,20190709,131400,75,5,1129,420,1169,462,Jul15_0/08-20190709131400-snapshot.jpg
2,0,20190709,131400,80,5,1471,455,1522,490,Jul15_0/08-20190709131400-snapshot.jpg
2,0,20190709,131430,85,6,536,39,626,97,Jul15_0/08-20190709131430-snapshot.jpg
2,0,20190709,131500,78,5,360,911,421,949,Jul15_0/08-20190709131500-snapshot.jpg
2,0,20190709,131530,86,6,1548,915,1607,996,Jul15_0/08-20190709131530-snapshot.jpg
2,0,20190709,131600,70,5,1851,10,1911,50,Jul15_0/08-20190709131600-snapshot.jpg
2,0,20190709,131600,84,5,1244,683,1310,720,Jul15_0/08-20190709131600-snapshot.jpg
2,0,20190709,131630,84,5,1396,268,1469,303,Jul15_0/08-20190709131630-snapshot.jpg
2,0,20190709,131700,36,5,0,122,31,164,Jul15_0/08-20190709131700-snapshot.jpg
2,0,20190709,131700,80,5,1708,395,1766,432,Jul15_0/08-20190709131700-snapshot.jpg
2,0,20190709,131730,73,5,1753,309,1789,360,Jul15_0/08-20190709131730-snapshot.jpg
2,0,20190709,131730,77,5,166,885,213,935,Jul15_0/08-20190709131730-snapshot.jpg
2,0,20190709,131730,82,5,1030,552,1074,595,Jul15_0/08-20190709131730-snapshot.jpg
2,0,20190709,131800,50,6,876,1033,929,1079,Jul15_0/08-20190709131800-snapshot.jpg
2,0,20190709,131800,75,5,1462,195,1504,244,Jul15_0/08-20190709131800-snapshot.jpg
2,0,20190709,131900,71,5,263,943,298,993,Jul15_0/08-20190709131900-snapshot.jpg
2,0,20190709,131900,77,5,1883,300,1920,342,Jul15_0/08-20190709131900-snapshot.jpg
2,0,20190709,131900,82,5,853,148,910,186,Jul15_0/08-20190709131900-snapshot.jpg
2,0,20190709,131930,80,5,1053,533,1087,579,Jul15_0/08-20190709131930-snapshot.jpg
2,0,20190709,132000,81,5,1604,353,1648,409,Jul15_0/08-20190709132000-snapshot.jpg
2,0,20190709,132030,74,5,1315,375,1356,415,Jul15_0/08-20190709132030-snapshot.jpg
2,0,20190709,132100,76,5,312,178,367,218,Jul15_0/08-20190709132100-snapshot.jpg
2,0,20190709,132100,82,5,1779,529,1837,606,Jul15_0/08-20190709132100-snapshot.jpg
2,0,20190709,132130,81,5,1351,471,1397,519,Jul15_0/08-20190709132130-snapshot.jpg
2,0,20190709,132200,77,5,198,168,239,222,Jul15_0/08-20190709132200-snapshot.jpg
2,0,20190709,132200,78,5,1635,379,1694,415,Jul15_0/08-20190709132200-snapshot.jpg
2,0,20190709,132300,73,5,208,691,253,738,Jul15_0/08-20190709132300-snapshot.jpg
2,0,20190709,132330,74,5,1102,492,1144,532,Jul15_0/08-20190709132330-snapshot.jpg
2,0,20190709,132400,77,5,1094,370,1132,420,Jul15_0/08-20190709132400-snapshot.jpg
2,0,20190709,132430,34,6,1044,578,1080,626,Jul15_0/08-20190709132430-snapshot.jpg
2,0,20190709,132430,86,5,570,259,623,329,Jul15_0/08-20190709132430-snapshot.jpg
2,0,20190709,132500,81,5,1094,953,1171,995,Jul15_0/08-20190709132500-snapshot.jpg
2,0,20190709,132500,83,5,928,578,984,615,Jul15_0/08-20190709132500-snapshot.jpg
2,0,20190709,132600,78,5,1262,132,1300,182,Jul15_0/08-20190709132600-snapshot.jpg
2,0,20190709,132600,84,6,91,838,142,910,Jul15_0/08-20190709132600-snapshot.jpg
2,0,20190709,132630,82,6,309,933,383,988,Jul15_0/08-20190709132630-snapshot.jpg
2,0,20190709,132630,84,5,1268,500,1309,555,Jul15_0/08-20190709132630-snapshot.jpg
2,0,20190709,132700,38,5,1244,52,1277,88,Jul15_0/08-20190709132700-snapshot.jpg
2,0,20190709,132700,59,5,976,591,1013,630,Jul15_0/08-20190709132700-snapshot.jpg
2,0,20190709,132730,56,5,1021,182,1067,218,Jul15_0/08-20190709132730-snapshot.jpg
2,0,20190709,132730,79,5,102,906,140,956,Jul15_0/08-20190709132730-snapshot.jpg
2,0,20190709,132800,80,5,67,772,118,819,Jul15_0/08-20190709132800-snapshot.jpg
2,0,20190709,132830,80,5,1320,495,1377,527,Jul15_0/08-20190709132830-snapshot.jpg
2,0,20190709,132900,71,5,399,946,456,985,Jul15_0/08-20190709132900-snapshot.jpg
2,0,20190709,132900,75,5,156,512,200,566,Jul15_0/08-20190709132900-snapshot.jpg
2,0,20190709,132900,76,5,1059,458,1105,497,Jul15_0/08-20190709132900-snapshot.jpg
2,0,20190709,133000,76,5,1784,394,1840,429,Jul15_0/08-20190709133000-snapshot.jpg
2,0,20190709,133000,80,5,1041,563,1076,611,Jul15_0/08-20190709133000-snapshot.jpg
2,0,20190709,133030,81,5,1006,510,1048,553,Jul15_0/08-20190709133030-snapshot.jpg
2,0,20190709,133100,84,5,536,504,587,560,Jul15_0/08-20190709133100-snapshot.jpg
2,0,20190709,133130,79,5,1600,336,1641,387,Jul15_0/08-20190709133130-snapshot.jpg
2,0,20190709,133130,81,5,235,37,286,86,Jul15_0/08-20190709133130-snapshot.jpg
2,0,20190709,133200,66,5,88,135,146,178,Jul15_0/08-20190709133200-snapshot.jpg
2,0,20190709,133200,80,5,1338,389,1379,439,Jul15_0/08-20190709133200-snapshot.jpg
2,0,20190709,133230,41,5,235,989,290,1035,Jul15_0/08-20190709133230-snapshot.jpg
2,0,20190709,133230,84,5,1355,110,1405,161,Jul15_0/08-20190709133230-snapshot.jpg
2,0,20190709,133300,84,5,1005,588,1055,627,Jul15_0/08-20190709133300-snapshot.jpg
2,0,20190709,133330,46,5,328,458,372,505,Jul15_0/08-20190709133330-snapshot.jpg
2,0,20190709,133330,77,5,1127,746,1178,778,Jul15_0/08-20190709133330-snapshot.jpg
2,0,20190709,133330,83,6,897,590,944,654,Jul15_0/08-20190709133330-snapshot.jpg
2,0,20190709,133400,65,5,1205,380,1247,426,Jul15_0/08-20190709133400-snapshot.jpg
2,0,20190709,133400,80,5,1070,639,1109,684,Jul15_0/08-20190709133400-snapshot.jpg
2,0,20190709,133400,89,6,438,362,486,442,Jul15_0/08-20190709133400-snapshot.jpg
2,0,20190709,133430,76,5,940,1041,978,1080,Jul15_0/08-20190709133430-snapshot.jpg
2,0,20190709,133430,80,5,12,725,64,766,Jul15_0/08-20190709133430-snapshot.jpg
2,0,20190709,133430,84,6,212,577,300,648,Jul15_0/08-20190709133430-snapshot.jpg
2,0,20190709,133430,86,5,1590,262,1631,324,Jul15_0/08-20190709133430-snapshot.jpg
2,0,20190709,133500,78,5,26,166,83,213,Jul15_0/08-20190709133500-snapshot.jpg
2,0,20190709,133500,81,5,889,783,945,837,Jul15_0/08-20190709133500-snapshot.jpg
2,0,20190709,133500,82,5,1008,98,1044,146,Jul15_0/08-20190709133500-snapshot.jpg
2,0,20190709,133500,84,6,1246,804,1289,862,Jul15_0/08-20190709133500-snapshot.jpg
2,0,20190709,133530,83,5,1711,277,1747,331,Jul15_0/08-20190709133530-snapshot.jpg
2,0,20190709,133600,74,5,275,167,325,203,Jul15_0/08-20190709133600-snapshot.jpg
2,0,20190709,133600,83,5,1754,317,1788,366,Jul15_0/08-20190709133600-snapshot.jpg
2,0,20190709,133630,82,5,253,163,302,210,Jul15_0/08-20190709133630-snapshot.jpg
2,0,20190709,133700,58,5,189,194,239,232,Jul15_0/08-20190709133700-snapshot.jpg
2,0,20190709,133730,78,5,151,531,194,579,Jul15_0/08-20190709133730-snapshot.jpg
2,0,20190709,133800,74,5,1563,222,1606,267,Jul15_0/08-20190709133800-snapshot.jpg
2,0,20190709,133830,77,5,316,437,356,485,Jul15_0/08-20190709133830-snapshot.jpg
2,0,20190709,133830,80,5,253,110,297,167,Jul15_0/08-20190709133830-snapshot.jpg
2,0,20190709,133830,81,6,1184,792,1228,841,Jul15_0/08-20190709133830-snapshot.jpg
2,0,20190709,133900,77,5,0,466,30,509,Jul15_0/08-20190709133900-snapshot.jpg
2,0,20190709,133930,83,5,1359,483,1411,526,Jul15_0/08-20190709133930-snapshot.jpg
2,0,20190709,134030,79,5,387,509,434,569,Jul15_0/08-20190709134030-snapshot.jpg
2,0,20190709,134030,84,5,1318,53,1362,105,Jul15_0/08-20190709134030-snapshot.jpg
2,0,20190709,134100,54,6,1204,194,1257,226,Jul15_0/08-20190709134100-snapshot.jpg
2,0,20190709,134100,81,5,982,1034,1048,1075,Jul15_0/08-20190709134100-snapshot.jpg
2,0,20190709,134130,78,5,1220,873,1273,904,Jul15_0/08-20190709134130-snapshot.jpg
2,0,20190709,134200,47,5,282,833,328,867,Jul15_0/08-20190709134200-snapshot.jpg
2,0,20190709,134200,69,5,917,303,953,346,Jul15_0/08-20190709134200-snapshot.jpg
2,0,20190709,134200,83,6,1634,353,1688,409,Jul15_0/08-20190709134200-snapshot.jpg
2,0,20190709,134230,82,5,830,2,882,53,Jul15_0/08-20190709134230-snapshot.jpg
2,0,20190709,134330,80,6,405,462,473,493,Jul15_0/08-20190709134330-snapshot.jpg
2,0,20190709,134400,79,5,297,996,352,1038,Jul15_0/08-20190709134400-snapshot.jpg
2,0,20190709,134430,80,5,172,888,239,927,Jul15_0/08-20190709134430-snapshot.jpg
2,0,20190709,134430,81,5,406,512,474,555,Jul15_0/08-20190709134430-snapshot.jpg
2,0,20190709,134500,40,5,115,97,160,134,Jul15_0/08-20190709134500-snapshot.jpg
2,0,20190709,134500,79,5,1182,799,1223,851,Jul15_0/08-20190709134500-snapshot.jpg
2,0,20190709,134500,80,6,310,581,401,641,Jul15_0/08-20190709134500-snapshot.jpg
2,0,20190709,134530,82,6,82,499,138,573,Jul15_0/08-20190709134530-snapshot.jpg
2,0,20190709,134530,83,5,1177,591,1230,623,Jul15_0/08-20190709134530-snapshot.jpg
2,0,20190709,134530,83,5,1447,336,1492,393,Jul15_0/08-20190709134530-snapshot.jpg
2,0,20190709,134600,78,5,1752,291,1793,335,Jul15_0/08-20190709134600-snapshot.jpg
2,0,20190709,134630,81,5,1242,563,1284,611,Jul15_0/08-20190709134630-snapshot.jpg
2,0,20190709,134700,51,5,1765,437,1811,474,Jul15_0/08-20190709134700-snapshot.jpg
2,0,20190709,134700,67,6,131,922,180,974,Jul15_0/08-20190709134700-snapshot.jpg
2,0,20190709,134730,76,6,76,237,134,289,Jul15_0/08-20190709134730-snapshot.jpg
2,0,20190709,134730,77,5,1103,222,1147,276,Jul15_0/08-20190709134730-snapshot.jpg
2,0,20190709,134800,49,5,1328,12,1375,56,Jul15_0/08-20190709134800-snapshot.jpg
2,0,20190709,134800,74,5,1305,539,1356,572,Jul15_0/08-20190709134800-snapshot.jpg
2,0,20190709,134800,74,6,398,453,454,490,Jul15_0/08-20190709134800-snapshot.jpg
2,0,20190709,134830,65,5,1702,597,1750,640,Jul15_0/08-20190709134830-snapshot.jpg
2,0,20190709,134830,79,5,1703,819,1772,887,Jul15_0/08-20190709134830-snapshot.jpg
2,0,20190709,134830,81,5,421,929,479,987,Jul15_0/08-20190709134830-snapshot.jpg
2,0,20190709,134830,82,5,1367,25,1422,75,Jul15_0/08-20190709134830-snapshot.jpg
2,0,20190709,134900,32,5,46,538,86,587,Jul15_0/08-20190709134900-snapshot.jpg
2,0,20190709,134900,75,5,310,751,366,804,Jul15_0/08-20190709134900-snapshot.jpg
2,0,20190709,134900,83,5,1184,464,1246,505,Jul15_0/08-20190709134900-snapshot.jpg
2,0,20190709,134930,81,5,323,871,371,913,Jul15_0/08-20190709134930-snapshot.jpg
2,0,20190709,135000,68,5,1343,362,1382,411,Jul15_0/08-20190709135000-snapshot.jpg
2,0,20190709,135000,77,5,264,897,320,934,Jul15_0/08-20190709135000-snapshot.jpg
2,0,20190709,135000,82,5,1080,67,1123,115,Jul15_0/08-20190709135000-snapshot.jpg
2,0,20190709,135030,75,6,1452,437,1502,474,Jul15_0/08-20190709135030-snapshot.jpg
2,0,20190709,135100,82,5,230,845,269,897,Jul15_0/08-20190709135100-snapshot.jpg
2,0,20190709,135200,64,5,1720,639,1790,678,Jul15_0/08-20190709135200-snapshot.jpg
2,0,20190709,135300,79,5,156,173,201,229,Jul15_0/08-20190709135300-snapshot.jpg
2,0,20190709,135330,61,5,1351,274,1392,305,Jul15_0/08-20190709135330-snapshot.jpg
2,0,20190709,135330,81,6,213,622,278,681,Jul15_0/08-20190709135330-snapshot.jpg
2,0,20190709,135400,35,5,1835,282,1877,328,Jul15_0/08-20190709135400-snapshot.jpg
2,0,20190709,135430,81,5,1655,608,1728,645,Jul15_0/08-20190709135430-snapshot.jpg
2,0,20190709,135500,73,5,412,916,458,967,Jul15_0/08-20190709135500-snapshot.jpg
2,0,20190709,135500,77,5,458,626,520,677,Jul15_0/08-20190709135500-snapshot.jpg
2,0,20190709,135500,81,6,1574,525,1647,570,Jul15_0/08-20190709135500-snapshot.jpg
2,0,20190709,135500,84,5,1295,542,1339,597,Jul15_0/08-20190709135500-snapshot.jpg
2,0,20190709,135530,74,5,949,945,999,984,Jul15_0/08-20190709135530-snapshot.jpg
2,0,20190709,135530,80,5,1155,124,1196,169,Jul15_0/08-20190709135530-snapshot.jpg
2,0,20190709,135600,39,5,196,1009,243,1047,Jul15_0/08-20190709135600-snapshot.jpg
2,0,20190709,135600,80,5,1492,391,1539,428,Jul15_0/08-20190709135600-snapshot.jpg
2,0,20190709,135600,83,5,1165,399,1204,455,Jul15_0/08-20190709135600-snapshot.jpg
2,0,20190709,135630,26,5,836,185,872,240,Jul15_0/08-20190709135630-snapshot.jpg
2,0,20190709,135630,74,5,51,87,97,124,Jul15_0/08-20190709135630-snapshot.jpg
2,0,20190709,135630,78,5,1716,284,1757,336,Jul15_0/08-20190709135630-snapshot.jpg
2,0,20190709,135700,77,5,978,360,1032,398,Jul15_0/08-20190709135700-snapshot.jpg
2,0,20190709,135700,78,6,225,879,274,944,Jul15_0/08-20190709135700-snapshot.jpg
2,0,20190709,135700,82,5,1460,247,1520,278,Jul15_0/08-20190709135700-snapshot.jpg
2,0,20190709,135730,81,5,1251,956,1315,1009,Jul15_0/08-20190709135730-snapshot.jpg
2,0,20190709,135730,81,5,1660,386,1704,436,Jul15_0/08-20190709135730-snapshot.jpg
2,0,20190709,135830,84,5,1172,796,1235,830,Jul15_0/08-20190709135830-snapshot.jpg
2,0,20190709,135900,80,5,1234,582,1287,615,Jul15_0/08-20190709135900-snapshot.jpg
2,0,20190709,135930,77,5,302,967,347,1024,Jul15_0/08-20190709135930-snapshot.jpg
2,0,20190709,135930,82,5,856,153,901,214,Jul15_0/08-20190709135930-snapshot.jpg
2,0,20190709,140000,64,5,324,695,376,727,Jul15_0/08-20190709140000-snapshot.jpg
2,0,20190709,140000,82,5,1280,761,1325,808,Jul15_0/08-20190709140000-snapshot.jpg
2,0,20190709,140000,84,6,795,36,848,107,Jul15_0/08-20190709140000-snapshot.jpg
2,0,20190709,140030,81,6,1118,290,1169,342,Jul15_0/08-20190709140030-snapshot.jpg
2,0,20190709,140100,78,6,1133,191,1188,237,Jul15_0/08-20190709140100-snapshot.jpg
2,0,20190709,140100,79,5,1085,1005,1153,1049,Jul15_0/08-20190709140100-snapshot.jpg
2,0,20190709,140100,86,1,811,0,866,55,Jul15_0/08-20190709140100-snapshot.jpg
2,0,20190709,140130,38,5,55,96,108,128,Jul15_0/08-20190709140130-snapshot.jpg
2,0,20190709,140130,79,6,445,366,489,431,Jul15_0/08-20190709140130-snapshot.jpg
2,0,20190709,140200,80,5,1277,547,1334,579,Jul15_0/08-20190709140200-snapshot.jpg
2,0,20190709,140200,81,5,1243,919,1315,973,Jul15_0/08-20190709140200-snapshot.jpg
2,0,20190709,140200,81,5,1640,402,1695,444,Jul15_0/08-20190709140200-snapshot.jpg
2,0,20190709,140230,77,5,1147,759,1185,808,Jul15_0/08-20190709140230-snapshot.jpg
2,0,20190709,140230,79,5,912,237,962,287,Jul15_0/08-20190709140230-snapshot.jpg
2,0,20190709,140300,71,5,1233,43,1274,85,Jul15_0/08-20190709140300-snapshot.jpg
2,0,20190709,140300,73,5,444,910,499,955,Jul15_0/08-20190709140300-snapshot.jpg
2,0,20190709,140300,84,5,1672,189,1728,267,Jul15_0/08-20190709140300-snapshot.jpg
2,0,20190709,140330,69,5,1770,313,1802,361,Jul15_0/08-20190709140330-snapshot.jpg
2,0,20190709,140400,70,5,1721,637,1771,680,Jul15_0/08-20190709140400-snapshot.jpg
2,0,20190709,140400,82,5,353,672,399,739,Jul15_0/08-20190709140400-snapshot.jpg
2,0,20190709,140430,81,5,490,500,542,555,Jul15_0/08-20190709140430-snapshot.jpg
2,0,20190709,140430,83,5,1527,892,1604,947,Jul15_0/08-20190709140430-snapshot.jpg
2,0,20190709,140500,81,5,373,680,416,743,Jul15_0/08-20190709140500-snapshot.jpg
2,0,20190709,140530,37,5,345,718,399,779,Jul15_0/08-20190709140530-snapshot.jpg
2,0,20190709,140530,74,5,25,861,71,907,Jul15_0/08-20190709140530-snapshot.jpg
2,0,20190709,140630,80,6,269,710,320,776,Jul15_0/08-20190709140630-snapshot.jpg
2,0,20190709,140730,83,5,1755,424,1804,481,Jul15_0/08-20190709140730-snapshot.jpg
2,0,20190709,140800,86,5,1741,868,1825,937,Jul15_0/08-20190709140800-snapshot.jpg
2,0,20190709,140830,82,6,1039,941,1097,999,Jul15_0/08-20190709140830-snapshot.jpg
2,0,20190709,140900,55,6,264,493,307,554,Jul15_0/08-20190709140900-snapshot.jpg
2,0,20190709,140930,60,6,1839,357,1883,406,Jul15_0/08-20190709140930-snapshot.jpg
2,0,20190709,141030,75,5,1132,751,1182,780,Jul15_0/08-20190709141030-snapshot.jpg
2,0,20190709,141100,30,6,1228,829,1270,873,Jul15_0/08-20190709141100-snapshot.jpg
2,0,20190709,141100,82,6,1694,604,1753,678,Jul15_0/08-20190709141100-snapshot.jpg
2,0,20190709,141130,57,6,1683,493,1731,562,Jul15_0/08-20190709141130-snapshot.jpg
2,0,20190709,141200,81,6,1851,633,1902,712,Jul15_0/08-20190709141200-snapshot.jpg
2,0,20190709,141330,80,5,1374,292,1409,348,Jul15_0/08-20190709141330-snapshot.jpg
2,0,20190709,141400,82,5,1261,255,1298,309,Jul15_0/08-20190709141400-snapshot.jpg
2,0,20190709,141430,63,5,230,836,289,867,Jul15_0/08-20190709141430-snapshot.jpg
2,0,20190709,141430,83,5,1141,183,1176,231,Jul15_0/08-20190709141430-snapshot.jpg
2,0,20190709,141530,74,5,278,954,327,995,Jul15_0/08-20190709141530-snapshot.jpg
2,0,20190709,141600,79,5,127,941,186,975,Jul15_0/08-20190709141600-snapshot.jpg
2,0,20190709,141630,80,5,18,870,56,923,Jul15_0/08-20190709141630-snapshot.jpg
2,0,20190709,141730,75,5,1746,433,1788,482,Jul15_0/08-20190709141730-snapshot.jpg
2,0,20190709,141800,52,5,1253,51,1298,84,Jul15_0/08-20190709141800-snapshot.jpg
2,0,20190709,141830,55,5,95,120,146,161,Jul15_0/08-20190709141830-snapshot.jpg
2,0,20190709,141900,78,5,1027,551,1063,605,Jul15_0/08-20190709141900-snapshot.jpg
2,0,20190709,141930,77,5,772,828,816,863,Jul15_0/08-20190709141930-snapshot.jpg
2,0,20190709,141930,81,5,1265,636,1312,681,Jul15_0/08-20190709141930-snapshot.jpg
2,0,20190709,142000,64,5,1807,851,1897,927,Jul15_0/08-20190709142000-snapshot.jpg
2,0,20190709,142000,71,5,1386,455,1444,494,Jul15_0/08-20190709142000-snapshot.jpg
2,0,20190709,142000,77,5,772,827,816,864,Jul15_0/08-20190709142000-snapshot.jpg
2,0,20190709,142000,79,5,889,996,942,1044,Jul15_0/08-20190709142000-snapshot.jpg
2,0,20190709,142030,33,5,1826,867,1904,944,Jul15_0/08-20190709142030-snapshot.jpg
2,0,20190709,142030,77,5,772,828,815,863,Jul15_0/08-20190709142030-snapshot.jpg
2,0,20190709,142030,82,5,1728,317,1764,375,Jul15_0/08-20190709142030-snapshot.jpg
2,0,20190709,142100,79,5,1383,978,1427,1044,Jul15_0/08-20190709142100-snapshot.jpg
2,0,20190709,142130,78,5,1527,249,1580,284,Jul15_0/08-20190709142130-snapshot.jpg
2,0,20190709,142200,74,5,904,1035,950,1079,Jul15_0/08-20190709142200-snapshot.jpg
2,0,20190709,142200,81,5,295,623,349,665,Jul15_0/08-20190709142200-snapshot.jpg
2,0,20190709,142200,82,5,1292,507,1340,566,Jul15_0/08-20190709142200-snapshot.jpg
2,0,20190709,142300,75,5,1871,300,1920,333,Jul15_0/08-20190709142300-snapshot.jpg
2,0,20190709,142330,70,5,1379,623,1425,660,Jul15_0/08-20190709142330-snapshot.jpg
2,0,20190709,142400,70,5,1377,549,1414,590,Jul15_0/08-20190709142400-snapshot.jpg
2,0,20190709,142430,75,5,225,983,279,1029,Jul15_0/08-20190709142430-snapshot.jpg
2,0,20190709,142430,82,5,904,233,965,275,Jul15_0/08-20190709142430-snapshot.jpg
2,0,20190709,142530,59,6,116,201,162,258,Jul15_0/08-20190709142530-snapshot.jpg
2,0,20190709,142530,74,5,1428,300,1471,352,Jul15_0/08-20190709142530-snapshot.jpg
2,0,20190709,142600,72,5,292,591,332,647,Jul15_0/08-20190709142600-snapshot.jpg
2,0,20190709,142700,84,5,1647,276,1699,334,Jul15_0/08-20190709142700-snapshot.jpg
2,0,20190709,142730,76,5,96,367,137,419,Jul15_0/08-20190709142730-snapshot.jpg
2,0,20190709,142800,75,5,85,721,131,766,Jul15_0/08-20190709142800-snapshot.jpg
2,0,20190709,142800,79,5,1683,507,1743,555,Jul15_0/08-20190709142800-snapshot.jpg
2,0,20190709,142830,42,5,64,888,114,919,Jul15_0/08-20190709142830-snapshot.jpg
2,0,20190709,142930,76,5,276,532,327,603,Jul15_0/08-20190709142930-snapshot.jpg
2,0,20190709,143030,57,5,1036,1023,1076,1057,Jul15_0/08-20190709143030-snapshot.jpg
2,0,20190709,143030,78,5,591,974,642,1040,Jul15_0/08-20190709143030-snapshot.jpg
2,0,20190709,143100,72,5,395,646,458,686,Jul15_0/08-20190709143100-snapshot.jpg
2,0,20190709,143100,79,5,1238,894,1287,941,Jul15_0/08-20190709143100-snapshot.jpg
2,0,20190709,143130,28,5,450,387,485,426,Jul15_0/08-20190709143130-snapshot.jpg
2,0,20190709,143130,83,5,1532,1017,1601,1057,Jul15_0/08-20190709143130-snapshot.jpg
2,0,20190709,143200,49,5,1108,498,1144,538,Jul15_0/08-20190709143200-snapshot.jpg
2,0,20190709,143230,67,5,1159,463,1197,510,Jul15_0/08-20190709143230-snapshot.jpg
2,0,20190709,143300,81,5,1181,740,1216,801,Jul15_0/08-20190709143300-snapshot.jpg
2,0,20190709,143430,82,5,1098,462,1159,499,Jul15_0/08-20190709143430-snapshot.jpg
2,0,20190709,143500,83,5,1078,950,1125,1020,Jul15_0/08-20190709143500-snapshot.jpg
2,0,20190709,143630,80,5,1619,314,1666,376,Jul15_0/08-20190709143630-snapshot.jpg
2,0,20190709,143700,80,5,1862,234,1917,289,Jul15_0/08-20190709143700-snapshot.jpg
2,0,20190709,143730,79,5,13,397,72,438,Jul15_0/08-20190709143730-snapshot.jpg
2,0,20190709,143930,64,5,988,564,1031,597,Jul15_0/08-20190709143930-snapshot.jpg
2,0,20190709,143930,80,5,1213,904,1252,949,Jul15_0/08-20190709143930-snapshot.jpg
2,0,20190709,144000,75,5,1446,178,1491,213,Jul15_0/08-20190709144000-snapshot.jpg
2,0,20190709,144000,78,5,921,284,960,325,Jul15_0/08-20190709144000-snapshot.jpg
2,0,20190709,144000,79,5,37,841,78,893,Jul15_0/08-20190709144000-snapshot.jpg
2,0,20190709,144030,67,5,312,59,362,97,Jul15_0/08-20190709144030-snapshot.jpg
2,0,20190709,144030,82,5,1124,219,1165,269,Jul15_0/08-20190709144030-snapshot.jpg
2,0,20190709,144100,63,5,1003,481,1041,523,Jul15_0/08-20190709144100-snapshot.jpg
2,0,20190709,144100,79,6,1286,169,1331,236,Jul15_0/08-20190709144100-snapshot.jpg
2,0,20190709,144100,80,5,158,114,197,164,Jul15_0/08-20190709144100-snapshot.jpg
2,0,20190709,144130,63,5,74,169,119,216,Jul15_0/08-20190709144130-snapshot.jpg
2,0,20190709,144200,78,5,232,814,276,865,Jul15_0/08-20190709144200-snapshot.jpg
2,0,20190709,144200,82,5,1096,680,1146,715,Jul15_0/08-20190709144200-snapshot.jpg
2,0,20190709,144230,60,6,282,771,356,831,Jul15_0/08-20190709144230-snapshot.jpg
2,0,20190709,144230,75,5,99,535,160,570,Jul15_0/08-20190709144230-snapshot.jpg
2,0,20190709,144300,39,6,151,1040,221,1079,Jul15_0/08-20190709144300-snapshot.jpg
2,0,20190709,144330,82,5,1631,890,1691,953,Jul15_0/08-20190709144330-snapshot.jpg
2,0,20190709,144430,83,5,1517,933,1572,1012,Jul15_0/08-20190709144430-snapshot.jpg
2,0,20190709,144430,83,5,227,99,275,157,Jul15_0/08-20190709144430-snapshot.jpg
2,0,20190709,144630,48,5,145,135,199,167,Jul15_0/08-20190709144630-snapshot.jpg
2,0,20190709,144630,82,5,1622,459,1680,512,Jul15_0/08-20190709144630-snapshot.jpg
2,0,20190709,144700,66,5,1269,595,1310,632,Jul15_0/08-20190709144700-snapshot.jpg
2,0,20190709,144700,70,5,249,33,295,81,Jul15_0/08-20190709144700-snapshot.jpg
2,0,20190709,144700,82,5,1229,55,1284,94,Jul15_0/08-20190709144700-snapshot.jpg
2,0,20190709,144730,52,5,1278,434,1315,475,Jul15_0/08-20190709144730-snapshot.jpg
2,0,20190709,144730,82,5,1077,209,1113,260,Jul15_0/08-20190709144730-snapshot.jpg
2,0,20190709,144800,81,5,1375,425,1414,475,Jul15_0/08-20190709144800-snapshot.jpg
2,0,20190709,144830,63,5,1461,234,1509,267,Jul15_0/08-20190709144830-snapshot.jpg
2,0,20190709,144900,45,5,1327,423,1363,466,Jul15_0/08-20190709144900-snapshot.jpg
2,0,20190709,145000,82,5,1407,351,1468,386,Jul15_0/08-20190709145000-snapshot.jpg
2,0,20190709,145030,82,5,250,97,301,152,Jul15_0/08-20190709145030-snapshot.jpg
2,0,20190709,145100,80,5,1142,638,1187,682,Jul15_0/08-20190709145100-snapshot.jpg
2,0,20190709,145130,83,5,1185,605,1236,636,Jul15_0/08-20190709145130-snapshot.jpg
2,0,20190709,145200,63,5,1209,633,1251,685,Jul15_0/08-20190709145200-snapshot.jpg
2,0,20190709,145200,67,6,1240,107,1272,160,Jul15_0/08-20190709145200-snapshot.jpg
2,0,20190709,145200,72,5,1847,291,1894,325,Jul15_0/08-20190709145200-snapshot.jpg
2,0,20190709,145200,83,5,1275,855,1329,890,Jul15_0/08-20190709145200-snapshot.jpg
2,0,20190709,145300,78,5,1718,523,1762,578,Jul15_0/08-20190709145300-snapshot.jpg
2,0,20190709,145300,79,5,1069,621,1106,662,Jul15_0/08-20190709145300-snapshot.jpg
2,0,20190709,145330,68,5,1232,829,1267,873,Jul15_0/08-20190709145330-snapshot.jpg
2,0,20190709,145400,76,5,1213,377,1254,426,Jul15_0/08-20190709145400-snapshot.jpg
2,0,20190709,145430,62,5,1508,383,1542,424,Jul15_0/08-20190709145430-snapshot.jpg
2,0,20190709,145430,78,5,4,438,42,491,Jul15_0/08-20190709145430-snapshot.jpg
2,0,20190709,145500,79,5,110,322,165,359,Jul15_0/08-20190709145500-snapshot.jpg
2,0,20190709,145500,81,5,70,725,126,761,Jul15_0/08-20190709145500-snapshot.jpg
2,0,20190709,145530,60,5,1714,410,1759,442,Jul15_0/08-20190709145530-snapshot.jpg
2,0,20190709,145630,77,5,1131,1014,1205,1058,Jul15_0/08-20190709145630-snapshot.jpg
2,0,20190709,145730,79,5,0,730,39,763,Jul15_0/08-20190709145730-snapshot.jpg
2,0,20190709,145800,74,5,1764,634,1807,686,Jul15_0/08-20190709145800-snapshot.jpg
2,0,20190709,145800,85,5,248,120,293,180,Jul15_0/08-20190709145800-snapshot.jpg
2,0,20190709,145830,81,5,225,11,278,47,Jul15_0/08-20190709145830-snapshot.jpg
2,0,20190709,145900,61,5,1443,249,1481,280,Jul15_0/08-20190709145900-snapshot.jpg
2,0,20190709,145930,72,5,1199,502,1249,532,Jul15_0/08-20190709145930-snapshot.jpg
2,0,20190709,145930,73,5,117,390,162,437,Jul15_0/08-20190709145930-snapshot.jpg
2,0,20190709,145930,77,5,288,32,350,67,Jul15_0/08-20190709145930-snapshot.jpg
2,0,20190709,150000,64,5,492,450,539,486,Jul15_0/08-20190709150000-snapshot.jpg
2,0,20190709,150000,68,5,291,714,328,763,Jul15_0/08-20190709150000-snapshot.jpg
2,0,20190709,150000,74,5,991,373,1027,417,Jul15_0/08-20190709150000-snapshot.jpg
2,0,20190709,150030,70,5,912,239,953,278,Jul15_0/08-20190709150030-snapshot.jpg
2,0,20190709,150030,72,5,322,878,366,923,Jul15_0/08-20190709150030-snapshot.jpg
2,0,20190709,150030,75,5,283,542,328,587,Jul15_0/08-20190709150030-snapshot.jpg
2,0,20190709,150100,25,5,1275,435,1310,476,Jul15_0/08-20190709150100-snapshot.jpg
2,0,20190709,150100,47,5,254,936,293,977,Jul15_0/08-20190709150100-snapshot.jpg
2,0,20190709,150100,76,5,1239,338,1289,374,Jul15_0/08-20190709150100-snapshot.jpg
2,0,20190709,150100,84,5,499,531,545,592,Jul15_0/08-20190709150100-snapshot.jpg
2,0,20190709,150130,80,5,95,576,134,629,Jul15_0/08-20190709150130-snapshot.jpg
2,0,20190709,150200,68,5,412,931,468,972,Jul15_0/08-20190709150200-snapshot.jpg
2,0,20190709,150200,71,5,197,887,243,932,Jul15_0/08-20190709150200-snapshot.jpg
2,0,20190709,150200,82,5,1091,936,1140,991,Jul15_0/08-20190709150200-snapshot.jpg
2,0,20190709,150230,77,5,1050,522,1096,560,Jul15_0/08-20190709150230-snapshot.jpg
2,0,20190709,150430,77,5,371,741,418,795,Jul15_0/08-20190709150430-snapshot.jpg
2,0,20190709,150430,80,5,1218,91,1272,124,Jul15_0/08-20190709150430-snapshot.jpg
2,0,20190709,150500,69,5,264,777,318,829,Jul15_0/08-20190709150500-snapshot.jpg
2,0,20190709,150700,83,1,711,758,760,817,Jul15_0/08-20190709150700-snapshot.jpg
2,0,20190709,150730,82,5,1622,514,1669,573,Jul15_0/08-20190709150730-snapshot.jpg
2,0,20190709,150800,81,5,1643,591,1682,645,Jul15_0/08-20190709150800-snapshot.jpg
2,0,20190709,150830,49,5,1524,448,1571,485,Jul15_0/08-20190709150830-snapshot.jpg
2,0,20190709,150830,80,5,239,580,284,637,Jul15_0/08-20190709150830-snapshot.jpg
2,0,20190709,150830,83,5,442,288,501,360,Jul15_0/08-20190709150830-snapshot.jpg
2,0,20190709,150900,59,5,487,432,527,477,Jul15_0/08-20190709150900-snapshot.jpg
2,0,20190709,150900,79,5,1389,250,1424,301,Jul15_0/08-20190709150900-snapshot.jpg
2,0,20190709,151030,83,1,454,650,497,691,Jul15_0/08-20190709151030-snapshot.jpg
2,0,20190709,151130,80,5,1045,737,1088,784,Jul15_0/08-20190709151130-snapshot.jpg
2,0,20190709,151200,79,5,1050,606,1092,651,Jul15_0/08-20190709151200-snapshot.jpg
2,0,20190709,151230,76,5,1169,667,1204,712,Jul15_0/08-20190709151230-snapshot.jpg
2,0,20190709,151230,79,5,996,645,1032,694,Jul15_0/08-20190709151230-snapshot.jpg
2,0,20190709,151300,78,5,1193,812,1242,850,Jul15_0/08-20190709151300-snapshot.jpg
2,0,20190709,151330,82,5,1222,701,1265,754,Jul15_0/08-20190709151330-snapshot.jpg
2,0,20190709,151400,83,5,1245,774,1284,830,Jul15_0/08-20190709151400-snapshot.jpg
2,0,20190709,151430,77,5,1324,638,1374,672,Jul15_0/08-20190709151430-snapshot.jpg
2,0,20190709,151500,78,5,1464,454,1509,494,Jul15_0/08-20190709151500-snapshot.jpg
2,0,20190709,151530,70,5,1710,664,1758,712,Jul15_0/08-20190709151530-snapshot.jpg
2,0,20190709,151530,77,5,1749,278,1787,322,Jul15_0/08-20190709151530-snapshot.jpg
2,0,20190709,151600,86,5,1327,446,1389,479,Jul15_0/08-20190709151600-snapshot.jpg
2,0,20190709,151630,82,5,1026,409,1067,461,Jul15_0/08-20190709151630-snapshot.jpg
2,0,20190709,151700,80,5,914,160,950,218,Jul15_0/08-20190709151700-snapshot.jpg
2,0,20190709,151830,55,5,1403,574,1446,607,Jul15_0/08-20190709151830-snapshot.jpg
2,0,20190709,151900,77,5,1174,471,1220,509,Jul15_0/08-20190709151900-snapshot.jpg
2,0,20190709,151900,77,5,38,739,89,771,Jul15_0/08-20190709151900-snapshot.jpg
2,0,20190709,151930,53,6,25,758,62,811,Jul15_0/08-20190709151930-snapshot.jpg
2,0,20190709,152000,83,5,173,8,229,47,Jul15_0/08-20190709152000-snapshot.jpg
2,0,20190709,152030,77,6,1608,259,1675,293,Jul15_0/08-20190709152030-snapshot.jpg
2,0,20190709,152200,62,5,587,111,638,184,Jul15_0/08-20190709152200-snapshot.jpg
2,0,20190709,152530,82,5,236,591,288,653,Jul15_0/08-20190709152530-snapshot.jpg
2,0,20190709,152600,84,5,209,14,259,72,Jul15_0/08-20190709152600-snapshot.jpg
2,0,20190709,152630,53,5,236,2,284,37,Jul15_0/08-20190709152630-snapshot.jpg
2,0,20190709,152630,79,5,1113,752,1166,791,Jul15_0/08-20190709152630-snapshot.jpg
2,0,20190709,152700,73,5,1055,613,1099,655,Jul15_0/08-20190709152700-snapshot.jpg
2,0,20190709,152700,79,5,169,163,230,205,Jul15_0/08-20190709152700-snapshot.jpg
2,0,20190709,152730,85,5,244,38,290,97,Jul15_0/08-20190709152730-snapshot.jpg
2,0,20190709,152830,76,5,1670,477,1720,509,Jul15_0/08-20190709152830-snapshot.jpg
2,0,20190709,152900,69,5,1627,383,1681,415,Jul15_0/08-20190709152900-snapshot.jpg
2,0,20190709,152930,73,5,877,4,933,37,Jul15_0/08-20190709152930-snapshot.jpg
2,0,20190709,152930,83,5,1634,267,1671,316,Jul15_0/08-20190709152930-snapshot.jpg
2,0,20190709,153030,56,5,1320,78,1358,119,Jul15_0/08-20190709153030-snapshot.jpg
2,0,20190709,153100,60,5,1204,28,1248,79,Jul15_0/08-20190709153100-snapshot.jpg
2,0,20190709,153130,69,5,1130,75,1168,124,Jul15_0/08-20190709153130-snapshot.jpg
2,0,20190709,153200,82,5,1027,38,1089,77,Jul15_0/08-20190709153200-snapshot.jpg
2,0,20190709,154530,48,5,1125,367,1167,404,Jul15_0/08-20190709154530-snapshot.jpg
2,0,20190709,154630,84,5,1547,317,1608,348,Jul15_0/08-20190709154630-snapshot.jpg
2,0,20190709,154900,80,5,1328,557,1359,605,Jul15_0/08-20190709154900-snapshot.jpg
2,0,20190709,154930,84,5,1382,465,1416,515,Jul15_0/08-20190709154930-snapshot.jpg
2,0,20190709,155000,80,5,1596,299,1644,348,Jul15_0/08-20190709155000-snapshot.jpg
2,0,20190709,155500,81,5,935,990,985,1032,Jul15_0/08-20190709155500-snapshot.jpg
2,0,20190709,155600,29,5,1022,270,1054,310,Jul15_0/08-20190709155600-snapshot.jpg
2,0,20190709,161430,87,1,310,1048,355,1080,Jul15_0/08-20190709161430-snapshot.jpg
2,0,20190709,161530,87,1,0,1014,38,1065,Jul15_0/08-20190709161530-snapshot.jpg
2,0,20190709,162130,85,1,363,96,411,140,Jul15_0/08-20190709162130-snapshot.jpg
2,0,20190709,162300,82,1,424,446,463,482,Jul15_0/08-20190709162300-snapshot.jpg
2,0,20190709,162330,71,1,493,477,533,516,Jul15_0/08-20190709162330-snapshot.jpg
2,0,20190709,162700,86,1,838,477,883,519,Jul15_0/08-20190709162700-snapshot.jpg
2,0,20190709,165600,84,1,959,386,1003,421,Jul15_0/08-20190709165600-snapshot.jpg
2,0,20190709,170200,38,1,1232,632,1272,669,Jul15_0/08-20190709170200-snapshot.jpg
2,0,20190709,170330,45,1,1232,631,1273,670,Jul15_0/08-20190709170330-snapshot.jpg
2,0,20190709,170400,36,1,1233,632,1274,669,Jul15_0/08-20190709170400-snapshot.jpg
2,0,20190709,170430,37,1,1232,631,1273,670,Jul15_0/08-20190709170430-snapshot.jpg
2,0,20190709,170630,37,6,1036,885,1080,920,Jul15_0/08-20190709170630-snapshot.jpg
2,0,20190709,170830,45,5,1041,882,1076,924,Jul15_0/08-20190709170830-snapshot.jpg
2,0,20190709,170900,51,5,1041,882,1078,924,Jul15_0/08-20190709170900-snapshot.jpg
2,0,20190709,170930,65,5,1040,882,1077,923,Jul15_0/08-20190709170930-snapshot.jpg
2,0,20190709,170930,69,5,1045,399,1081,445,Jul15_0/08-20190709170930-snapshot.jpg
2,0,20190709,171000,63,5,1040,880,1077,922,Jul15_0/08-20190709171000-snapshot.jpg
2,0,20190709,171030,48,5,1039,880,1077,922,Jul15_0/08-20190709171030-snapshot.jpg
2,0,20190709,171700,42,6,1231,54,1274,92,Jul15_0/08-20190709171700-snapshot.jpg
2,0,20190709,171730,77,6,1200,19,1249,68,Jul15_0/08-20190709171730-snapshot.jpg
2,0,20190709,171800,74,6,1087,21,1154,52,Jul15_0/08-20190709171800-snapshot.jpg
2,0,20190709,172000,77,6,1004,598,1061,633,Jul15_0/08-20190709172000-snapshot.jpg
2,0,20190709,172000,82,6,1878,352,1920,428,Jul15_0/08-20190709172000-snapshot.jpg
2,0,20190709,172130,79,6,1528,550,1601,594,Jul15_0/08-20190709172130-snapshot.jpg
2,0,20190709,172200,79,6,1551,566,1627,607,Jul15_0/08-20190709172200-snapshot.jpg
2,0,20190709,172230,78,6,1389,600,1434,654,Jul15_0/08-20190709172230-snapshot.jpg
2,0,20190709,172300,83,6,1285,660,1335,723,Jul15_0/08-20190709172300-snapshot.jpg
2,0,20190709,172330,80,6,1642,534,1706,595,Jul15_0/08-20190709172330-snapshot.jpg
2,0,20190709,172400,81,6,1668,485,1717,547,Jul15_0/08-20190709172400-snapshot.jpg
2,0,20190709,172430,84,6,1618,581,1662,651,Jul15_0/08-20190709172430-snapshot.jpg
2,0,20190709,172500,49,6,1695,636,1777,683,Jul15_0/08-20190709172500-snapshot.jpg
2,0,20190709,172500,82,5,1380,149,1432,187,Jul15_0/08-20190709172500-snapshot.jpg
2,0,20190709,172530,83,6,1663,264,1731,293,Jul15_0/08-20190709172530-snapshot.jpg
2,0,20190709,172630,27,6,1786,263,1834,296,Jul15_0/08-20190709172630-snapshot.jpg
2,0,20190709,172630,40,5,1786,262,1835,296,Jul15_0/08-20190709172630-snapshot.jpg
2,0,20190709,172700,77,6,1640,579,1724,623,Jul15_0/08-20190709172700-snapshot.jpg
2,0,20190709,172730,80,5,135,950,177,1003,Jul15_0/08-20190709172730-snapshot.jpg
2,0,20190709,172800,76,5,325,748,381,790,Jul15_0/08-20190709172800-snapshot.jpg
2,0,20190709,172900,72,5,137,165,192,200,Jul15_0/08-20190709172900-snapshot.jpg
2,0,20190709,173300,80,6,219,0,269,60,Jul15_0/08-20190709173300-snapshot.jpg
2,0,20190709,173500,67,5,1149,269,1195,308,Jul15_0/08-20190709173500-snapshot.jpg
2,0,20190709,173500,67,6,1247,455,1290,493,Jul15_0/08-20190709173500-snapshot.jpg
2,0,20190709,173530,82,1,600,664,642,705,Jul15_0/08-20190709173530-snapshot.jpg
2,0,20190709,173600,71,6,735,357,795,402,Jul15_0/08-20190709173600-snapshot.jpg
2,0,20190709,173800,83,6,1332,972,1411,1042,Jul15_0/08-20190709173800-snapshot.jpg
2,0,20190709,173830,84,6,1537,904,1626,966,Jul15_0/08-20190709173830-snapshot.jpg
2,0,20190709,173930,76,6,299,181,371,221,Jul15_0/08-20190709173930-snapshot.jpg
2,0,20190709,174030,34,6,1046,825,1093,897,Jul15_0/08-20190709174030-snapshot.jpg
2,0,20190709,174100,79,6,19,847,77,915,Jul15_0/08-20190709174100-snapshot.jpg
2,0,20190709,174700,82,5,1275,533,1331,571,Jul15_0/08-20190709174700-snapshot.jpg
2,0,20190709,174730,70,5,1397,295,1443,328,Jul15_0/08-20190709174730-snapshot.jpg
2,0,20190709,174930,64,5,64,199,110,240,Jul15_0/08-20190709174930-snapshot.jpg
2,0,20190709,175330,79,6,1005,406,1058,474,Jul15_0/08-20190709175330-snapshot.jpg
2,0,20190709,175430,77,6,625,647,713,717,Jul15_0/08-20190709175430-snapshot.jpg
2,0,20190709,175930,80,5,245,79,289,135,Jul15_0/08-20190709175930-snapshot.jpg
2,0,20190709,180230,44,5,1041,15,1090,46,Jul15_0/08-20190709180230-snapshot.jpg
2,0,20190709,180330,81,6,343,1002,398,1065,Jul15_0/08-20190709180330-snapshot.jpg
2,0,20190709,180400,80,6,299,937,369,992,Jul15_0/08-20190709180400-snapshot.jpg
2,0,20190709,180430,59,6,382,966,452,1013,Jul15_0/08-20190709180430-snapshot.jpg
2,0,20190709,180500,80,6,7,442,58,505,Jul15_0/08-20190709180500-snapshot.jpg
2,0,20190709,180530,83,6,1023,578,1069,633,Jul15_0/08-20190709180530-snapshot.jpg
2,0,20190709,180600,75,6,1079,671,1132,702,Jul15_0/08-20190709180600-snapshot.jpg
2,0,20190709,180630,82,6,1114,792,1190,843,Jul15_0/08-20190709180630-snapshot.jpg
2,0,20190709,181100,81,5,278,643,316,696,Jul15_0/08-20190709181100-snapshot.jpg
2,0,20190709,181900,31,5,1140,365,1181,400,Jul15_0/08-20190709181900-snapshot.jpg
2,0,20190709,182000,86,1,1364,987,1417,1044,Jul15_0/08-20190709182000-snapshot.jpg
2,0,20190709,182030,86,1,1245,888,1294,935,Jul15_0/08-20190709182030-snapshot.jpg
2,0,20190709,182100,88,1,1111,858,1161,901,Jul15_0/08-20190709182100-snapshot.jpg
2,0,20190709,182130,26,5,1139,366,1181,399,Jul15_0/08-20190709182130-snapshot.jpg
2,0,20190709,182300,79,5,1333,393,1373,443,Jul15_0/08-20190709182300-snapshot.jpg
2,0,20190709,182630,80,5,1286,522,1328,568,Jul15_0/08-20190709182630-snapshot.jpg
2,0,20190709,182900,27,5,1288,327,1325,371,Jul15_0/08-20190709182900-snapshot.jpg
2,0,20190709,183430,73,5,1142,454,1185,497,Jul15_0/08-20190709183430-snapshot.jpg
2,0,20190709,183600,82,5,1045,233,1105,268,Jul15_0/08-20190709183600-snapshot.jpg
2,0,20190709,183630,81,5,1121,420,1176,451,Jul15_0/08-20190709183630-snapshot.jpg
2,0,20190709,183700,80,5,1132,427,1194,458,Jul15_0/08-20190709183700-snapshot.jpg
2,0,20190709,183730,69,5,1198,431,1245,477,Jul15_0/08-20190709183730-snapshot.jpg
2,0,20190709,183830,78,5,1332,593,1387,630,Jul15_0/08-20190709183830-snapshot.jpg
2,0,20190709,183930,70,5,1141,600,1182,638,Jul15_0/08-20190709183930-snapshot.jpg
2,0,20190709,184000,63,5,1114,450,1149,492,Jul15_0/08-20190709184000-snapshot.jpg
2,0,20190709,184100,70,5,1030,267,1078,306,Jul15_0/08-20190709184100-snapshot.jpg
2,0,20190709,184130,80,5,1028,264,1074,307,Jul15_0/08-20190709184130-snapshot.jpg
2,0,20190709,184300,79,5,939,205,987,256,Jul15_0/08-20190709184300-snapshot.jpg
2,0,20190709,184700,81,5,1393,606,1430,653,Jul15_0/08-20190709184700-snapshot.jpg
2,0,20190709,184830,79,5,1128,660,1178,694,Jul15_0/08-20190709184830-snapshot.jpg
2,0,20190709,190500,72,5,115,133,176,166,Jul15_0/08-20190709190500-snapshot.jpg
2,0,20190709,191400,77,5,1759,618,1841,668,Jul15_0/08-20190709191400-snapshot.jpg
2,0,20190709,191430,83,5,1656,271,1728,307,Jul15_0/08-20190709191430-snapshot.jpg
2,0,20190709,191500,76,5,1751,276,1795,320,Jul15_0/08-20190709191500-snapshot.jpg
2,0,20190709,191530,81,5,1297,91,1345,141,Jul15_0/08-20190709191530-snapshot.jpg
2,0,20190709,191600,82,5,1130,160,1169,212,Jul15_0/08-20190709191600-snapshot.jpg
2,0,20190709,191630,83,5,1223,223,1294,256,Jul15_0/08-20190709191630-snapshot.jpg
2,0,20190709,191700,82,5,1380,248,1417,299,Jul15_0/08-20190709191700-snapshot.jpg
2,0,20190709,192630,87,5,1080,676,1139,705,Jul15_0/08-20190709192630-snapshot.jpg
2,0,20190709,192700,83,5,1163,667,1219,698,Jul15_0/08-20190709192700-snapshot.jpg
2,0,20190709,192730,76,5,1247,749,1282,786,Jul15_0/08-20190709192730-snapshot.jpg
2,0,20190709,192830,79,5,303,486,348,535,Jul15_0/08-20190709192830-snapshot.jpg
2,0,20190709,193030,83,1,1744,260,1789,309,Jul15_0/08-20190709193030-snapshot.jpg
2,0,20190709,193500,83,1,1804,514,1856,558,Jul15_0/08-20190709193500-snapshot.jpg
2,0,20190709,193700,83,1,1639,691,1685,729,Jul15_0/08-20190709193700-snapshot.jpg
2,0,20190709,193730,81,1,1616,705,1661,748,Jul15_0/08-20190709193730-snapshot.jpg
2,0,20190709,200030,79,6,1034,1025,1084,1080,Jul15_0/08-20190709200030-snapshot.jpg
2,0,20190709,200100,85,6,1106,976,1157,1049,Jul15_0/08-20190709200100-snapshot.jpg
2,0,20190709,200130,84,6,1088,958,1136,1024,Jul15_0/08-20190709200130-snapshot.jpg
2,0,20190709,200200,81,6,1043,896,1092,962,Jul15_0/08-20190709200200-snapshot.jpg
2,0,20190709,200230,82,6,1161,690,1197,753,Jul15_0/08-20190709200230-snapshot.jpg
2,0,20190709,200300,82,6,1172,839,1217,892,Jul15_0/08-20190709200300-snapshot.jpg
2,0,20190709,200400,77,6,572,572,644,624,Jul15_0/08-20190709200400-snapshot.jpg
2,0,20190709,200430,81,6,413,246,498,300,Jul15_0/08-20190709200430-snapshot.jpg
2,0,20190709,200530,85,6,831,92,884,162,Jul15_0/08-20190709200530-snapshot.jpg
2,0,20190709,200600,69,6,965,360,1012,409,Jul15_0/08-20190709200600-snapshot.jpg
2,0,20190709,200630,75,6,932,258,995,300,Jul15_0/08-20190709200630-snapshot.jpg
2,0,20190709,200700,86,6,823,4,870,73,Jul15_0/08-20190709200700-snapshot.jpg
2,0,20190709,200730,69,6,943,27,1017,64,Jul15_0/08-20190709200730-snapshot.jpg
2,0,20190709,200800,87,6,1096,60,1143,131,Jul15_0/08-20190709200800-snapshot.jpg
2,0,20190709,200830,72,6,1225,198,1271,240,Jul15_0/08-20190709200830-snapshot.jpg
2,0,20190709,200900,82,6,1152,329,1217,359,Jul15_0/08-20190709200900-snapshot.jpg
2,0,20190709,200930,81,6,1172,556,1218,613,Jul15_0/08-20190709200930-snapshot.jpg
2,0,20190709,201000,79,6,911,992,963,1054,Jul15_0/08-20190709201000-snapshot.jpg
2,0,20190715,055730,84,8,521,49,606,138,Jul15_0/105-20190715055730-snapshot.jpg
2,0,20190710,062530,26,1,1213,296,1261,340,Jul15_0/15-20190710062530-snapshot.jpg
2,0,20190710,063000,33,1,727,537,779,599,Jul15_0/15-20190710063000-snapshot.jpg
2,0,20190710,063030,27,1,728,535,783,598,Jul15_0/15-20190710063030-snapshot.jpg
2,0,20190710,063130,33,1,727,533,782,597,Jul15_0/15-20190710063130-snapshot.jpg
2,0,20190710,063130,41,1,1216,296,1263,341,Jul15_0/15-20190710063130-snapshot.jpg
2,0,20190710,063200,32,1,1216,297,1262,341,Jul15_0/15-20190710063200-snapshot.jpg
2,0,20190710,063300,28,1,1217,297,1263,341,Jul15_0/15-20190710063300-snapshot.jpg
2,0,20190710,063330,32,1,1217,297,1262,341,Jul15_0/15-20190710063330-snapshot.jpg
2,0,20190710,063400,36,1,1216,298,1262,341,Jul15_0/15-20190710063400-snapshot.jpg
2,0,20190710,071130,73,5,31,811,78,845,Jul15_0/15-20190710071130-snapshot.jpg
2,0,20190710,080530,80,1,92,780,136,817,Jul15_0/15-20190710080530-snapshot.jpg
2,0,20190710,081230,85,1,317,1035,361,1072,Jul15_0/15-20190710081230-snapshot.jpg
2,0,20190710,081400,60,1,304,1057,343,1080,Jul15_0/15-20190710081400-snapshot.jpg
2,0,20190710,081430,82,1,418,1008,463,1047,Jul15_0/15-20190710081430-snapshot.jpg
2,0,20190710,081500,72,1,379,901,418,937,Jul15_0/15-20190710081500-snapshot.jpg
2,0,20190710,081600,80,1,524,895,563,932,Jul15_0/15-20190710081600-snapshot.jpg
2,0,20190710,081630,83,1,524,896,564,933,Jul15_0/15-20190710081630-snapshot.jpg
2,0,20190710,081700,74,1,526,894,564,929,Jul15_0/15-20190710081700-snapshot.jpg
2,0,20190710,082430,62,5,602,261,662,328,Jul15_0/15-20190710082430-snapshot.jpg
2,0,20190710,082500,55,5,599,260,664,331,Jul15_0/15-20190710082500-snapshot.jpg
2,0,20190710,082900,42,1,514,871,553,908,Jul15_0/15-20190710082900-snapshot.jpg
2,0,20190710,084700,88,1,870,4,918,47,Jul15_0/15-20190710084700-snapshot.jpg
2,0,20190710,084930,87,1,558,894,602,935,Jul15_0/15-20190710084930-snapshot.jpg
2,0,20190710,085000,87,1,558,893,602,934,Jul15_0/15-20190710085000-snapshot.jpg
2,0,20190710,085030,86,1,563,889,605,930,Jul15_0/15-20190710085030-snapshot.jpg
2,0,20190710,085100,87,1,562,890,605,930,Jul15_0/15-20190710085100-snapshot.jpg
2,0,20190710,085130,64,6,60,473,113,545,Jul15_0/15-20190710085130-snapshot.jpg
2,0,20190710,085130,86,1,563,889,606,929,Jul15_0/15-20190710085130-snapshot.jpg
2,0,20190710,085200,86,1,563,889,605,929,Jul15_0/15-20190710085200-snapshot.jpg
2,0,20190710,085230,28,5,579,419,622,455,Jul15_0/15-20190710085230-snapshot.jpg
2,0,20190710,085230,86,1,563,888,606,928,Jul15_0/15-20190710085230-snapshot.jpg
2,0,20190710,085300,86,1,570,894,610,935,Jul15_0/15-20190710085300-snapshot.jpg
2,0,20190710,085330,87,1,564,891,611,936,Jul15_0/15-20190710085330-snapshot.jpg
2,0,20190710,085400,86,1,570,893,611,934,Jul15_0/15-20190710085400-snapshot.jpg
2,0,20190710,085430,88,1,570,894,611,936,Jul15_0/15-20190710085430-snapshot.jpg
2,0,20190710,085500,87,1,571,895,611,938,Jul15_0/15-20190710085500-snapshot.jpg
2,0,20190710,085530,88,1,570,895,611,937,Jul15_0/15-20190710085530-snapshot.jpg
2,0,20190710,085600,88,1,571,895,611,937,Jul15_0/15-20190710085600-snapshot.jpg
2,0,20190710,085630,88,1,570,894,611,936,Jul15_0/15-20190710085630-snapshot.jpg
2,0,20190710,085700,88,1,571,895,611,937,Jul15_0/15-20190710085700-snapshot.jpg
2,0,20190710,085730,87,1,571,895,611,935,Jul15_0/15-20190710085730-snapshot.jpg
2,0,20190710,085800,88,1,570,895,611,936,Jul15_0/15-20190710085800-snapshot.jpg
2,0,20190710,085830,87,1,571,894,611,935,Jul15_0/15-20190710085830-snapshot.jpg
2,0,20190710,085900,87,1,571,895,611,935,Jul15_0/15-20190710085900-snapshot.jpg
2,0,20190710,085930,88,1,571,896,610,937,Jul15_0/15-20190710085930-snapshot.jpg
2,0,20190710,090000,58,5,269,735,308,781,Jul15_0/15-20190710090000-snapshot.jpg
2,0,20190710,090000,87,1,571,901,611,940,Jul15_0/15-20190710090000-snapshot.jpg
2,0,20190710,090030,88,1,566,898,610,939,Jul15_0/15-20190710090030-snapshot.jpg
2,0,20190710,090100,88,1,567,896,610,937,Jul15_0/15-20190710090100-snapshot.jpg
2,0,20190710,090130,88,1,567,896,609,936,Jul15_0/15-20190710090130-snapshot.jpg
2,0,20190710,090200,33,1,530,790,566,825,Jul15_0/15-20190710090200-snapshot.jpg
2,0,20190710,090230,82,1,676,595,712,627,Jul15_0/15-20190710090230-snapshot.jpg
2,0,20190710,090300,83,1,676,594,713,626,Jul15_0/15-20190710090300-snapshot.jpg
2,0,20190710,090330,82,1,674,596,710,629,Jul15_0/15-20190710090330-snapshot.jpg
2,0,20190710,090400,80,1,672,595,708,629,Jul15_0/15-20190710090400-snapshot.jpg
2,0,20190710,090430,65,1,678,596,710,626,Jul15_0/15-20190710090430-snapshot.jpg
2,0,20190710,090500,51,1,629,594,665,627,Jul15_0/15-20190710090500-snapshot.jpg
2,0,20190710,090730,87,1,870,10,918,53,Jul15_0/15-20190710090730-snapshot.jpg
2,0,20190710,090800,87,1,878,6,925,48,Jul15_0/15-20190710090800-snapshot.jpg
2,0,20190710,090830,87,1,877,6,926,48,Jul15_0/15-20190710090830-snapshot.jpg
2,0,20190710,090900,87,1,867,8,914,46,Jul15_0/15-20190710090900-snapshot.jpg
2,0,20190710,090930,84,1,888,2,935,42,Jul15_0/15-20190710090930-snapshot.jpg
2,0,20190710,091000,85,1,889,2,935,42,Jul15_0/15-20190710091000-snapshot.jpg
2,0,20190710,091030,84,1,889,2,936,41,Jul15_0/15-20190710091030-snapshot.jpg
2,0,20190710,091100,84,1,889,2,936,42,Jul15_0/15-20190710091100-snapshot.jpg
2,0,20190710,091230,74,5,1620,495,1668,548,Jul15_0/15-20190710091230-snapshot.jpg
2,0,20190710,091300,52,5,1795,644,1844,694,Jul15_0/15-20190710091300-snapshot.jpg
2,0,20190710,092100,81,1,704,0,749,36,Jul15_0/15-20190710092100-snapshot.jpg
2,0,20190710,092130,85,1,656,44,698,83,Jul15_0/15-20190710092130-snapshot.jpg
2,0,20190710,092200,85,1,656,44,699,85,Jul15_0/15-20190710092200-snapshot.jpg
2,0,20190710,092230,63,5,1123,744,1176,773,Jul15_0/15-20190710092230-snapshot.jpg
2,0,20190710,092230,86,1,656,45,699,85,Jul15_0/15-20190710092230-snapshot.jpg
2,0,20190710,092300,86,1,657,45,699,84,Jul15_0/15-20190710092300-snapshot.jpg
2,0,20190710,092330,86,1,657,45,698,84,Jul15_0/15-20190710092330-snapshot.jpg
2,0,20190710,092400,73,5,50,363,92,414,Jul15_0/15-20190710092400-snapshot.jpg
2,0,20190710,092400,86,1,657,46,699,85,Jul15_0/15-20190710092400-snapshot.jpg
2,0,20190710,092430,72,5,102,629,149,672,Jul15_0/15-20190710092430-snapshot.jpg
2,0,20190710,092430,86,1,657,46,699,85,Jul15_0/15-20190710092430-snapshot.jpg
2,0,20190710,092500,87,1,656,52,700,93,Jul15_0/15-20190710092500-snapshot.jpg
2,0,20190710,092530,49,1,713,52,754,87,Jul15_0/15-20190710092530-snapshot.jpg
2,0,20190710,092630,84,1,886,4,934,44,Jul15_0/15-20190710092630-snapshot.jpg
2,0,20190710,092700,78,5,1451,317,1498,362,Jul15_0/15-20190710092700-snapshot.jpg
2,0,20190710,092700,85,1,886,3,932,44,Jul15_0/15-20190710092700-snapshot.jpg
2,0,20190710,092730,81,5,907,311,948,365,Jul15_0/15-20190710092730-snapshot.jpg
2,0,20190710,092730,81,1,902,89,945,126,Jul15_0/15-20190710092730-snapshot.jpg
2,0,20190710,092800,81,1,902,89,944,126,Jul15_0/15-20190710092800-snapshot.jpg
2,0,20190710,092830,85,1,998,245,1046,293,Jul15_0/15-20190710092830-snapshot.jpg
2,0,20190710,092900,83,1,1122,569,1165,607,Jul15_0/15-20190710092900-snapshot.jpg
2,0,20190710,092930,77,5,151,92,205,123,Jul15_0/15-20190710092930-snapshot.jpg
2,0,20190710,093033,63,5,154,77,190,126,Jul15_0/15-20190710093033-snapshot.jpg
2,0,20190710,093102,48,5,221,58,264,111,Jul15_0/15-20190710093102-snapshot.jpg
2,0,20190710,093130,70,5,47,391,90,440,Jul15_0/15-20190710093130-snapshot.jpg
2,0,20190710,093600,82,6,1004,539,1043,594,Jul15_0/15-20190710093600-snapshot.jpg
2,0,20190710,093800,87,6,1066,883,1106,949,Jul15_0/15-20190710093800-snapshot.jpg
2,0,20190710,093830,82,5,1016,280,1052,328,Jul15_0/15-20190710093830-snapshot.jpg
2,0,20190710,093900,79,6,1047,912,1107,953,Jul15_0/15-20190710093900-snapshot.jpg
2,0,20190710,093930,71,5,939,567,981,611,Jul15_0/15-20190710093930-snapshot.jpg
2,0,20190710,094000,82,5,1095,378,1131,426,Jul15_0/15-20190710094000-snapshot.jpg
2,0,20190710,094030,81,5,1220,230,1277,264,Jul15_0/15-20190710094030-snapshot.jpg
2,0,20190710,094130,82,5,1127,190,1165,237,Jul15_0/15-20190710094130-snapshot.jpg
2,0,20190710,094200,81,5,951,320,1006,354,Jul15_0/15-20190710094200-snapshot.jpg
2,0,20190710,094230,78,6,1449,1009,1510,1075,Jul15_0/15-20190710094230-snapshot.jpg
2,0,20190710,094300,38,6,1450,1006,1524,1060,Jul15_0/15-20190710094300-snapshot.jpg
2,0,20190710,094400,73,6,357,1003,430,1045,Jul15_0/15-20190710094400-snapshot.jpg
2,0,20190710,094400,76,5,20,190,66,233,Jul15_0/15-20190710094400-snapshot.jpg
2,0,20190710,094430,66,6,245,976,295,1036,Jul15_0/15-20190710094430-snapshot.jpg
2,0,20190710,094430,73,5,9,55,50,103,Jul15_0/15-20190710094430-snapshot.jpg
2,0,20190710,094730,78,5,102,92,143,138,Jul15_0/15-20190710094730-snapshot.jpg
2,0,20190710,094800,84,1,592,795,633,836,Jul15_0/15-20190710094800-snapshot.jpg
2,0,20190710,095030,74,5,322,970,367,1018,Jul15_0/15-20190710095030-snapshot.jpg
2,0,20190710,095100,69,8,1790,241,1850,313,Jul15_0/15-20190710095100-snapshot.jpg
2,0,20190710,095400,69,5,1494,238,1538,269,Jul15_0/15-20190710095400-snapshot.jpg
2,0,20190710,095430,70,5,1512,312,1553,358,Jul15_0/15-20190710095430-snapshot.jpg
2,0,20190710,095500,58,6,1751,380,1801,451,Jul15_0/15-20190710095500-snapshot.jpg
2,0,20190710,095500,83,5,1513,197,1555,244,Jul15_0/15-20190710095500-snapshot.jpg
2,0,20190710,095600,76,5,1010,740,1050,790,Jul15_0/15-20190710095600-snapshot.jpg
2,0,20190710,095630,66,5,1094,717,1133,753,Jul15_0/15-20190710095630-snapshot.jpg
2,0,20190710,095630,67,5,132,663,179,704,Jul15_0/15-20190710095630-snapshot.jpg
2,0,20190710,095700,33,5,243,599,285,639,Jul15_0/15-20190710095700-snapshot.jpg
2,0,20190710,095700,81,5,1214,876,1267,907,Jul15_0/15-20190710095700-snapshot.jpg
2,0,20190710,095730,66,5,1074,1040,1120,1080,Jul15_0/15-20190710095730-snapshot.jpg
2,0,20190710,095730,76,5,275,599,326,639,Jul15_0/15-20190710095730-snapshot.jpg
2,0,20190710,095830,57,5,1719,535,1770,578,Jul15_0/15-20190710095830-snapshot.jpg
2,0,20190710,095830,78,5,1064,574,1100,622,Jul15_0/15-20190710095830-snapshot.jpg
2,0,20190710,095900,80,5,1220,839,1270,877,Jul15_0/15-20190710095900-snapshot.jpg
2,0,20190710,095930,80,5,910,1005,969,1043,Jul15_0/15-20190710095930-snapshot.jpg
2,0,20190710,100130,82,6,1567,500,1650,550,Jul15_0/15-20190710100130-snapshot.jpg
2,0,20190710,100300,52,5,1762,464,1806,512,Jul15_0/15-20190710100300-snapshot.jpg
2,0,20190710,100330,67,5,53,124,109,155,Jul15_0/15-20190710100330-snapshot.jpg
2,0,20190710,100530,82,5,48,784,90,835,Jul15_0/15-20190710100530-snapshot.jpg
2,0,20190710,101900,78,5,1120,204,1157,253,Jul15_0/15-20190710101900-snapshot.jpg
2,0,20190710,102400,86,5,1229,1009,1280,1071,Jul15_0/15-20190710102400-snapshot.jpg
2,0,20190710,102800,81,5,1263,910,1309,965,Jul15_0/15-20190710102800-snapshot.jpg
2,0,20190710,104000,62,6,1648,460,1717,493,Jul15_0/15-20190710104000-snapshot.jpg
2,0,20190710,104000,88,4,372,976,470,1077,Jul15_0/15-20190710104000-snapshot.jpg
2,0,20190710,104030,77,6,1392,232,1456,265,Jul15_0/15-20190710104030-snapshot.jpg
2,0,20190710,104100,47,5,76,952,117,996,Jul15_0/15-20190710104100-snapshot.jpg
2,0,20190710,104100,80,6,1565,1011,1654,1080,Jul15_0/15-20190710104100-snapshot.jpg
2,0,20190710,104230,82,5,1063,536,1103,582,Jul15_0/15-20190710104230-snapshot.jpg
2,0,20190710,104930,62,5,788,8,839,45,Jul15_0/15-20190710104930-snapshot.jpg
2,0,20190710,105100,80,6,953,555,1012,603,Jul15_0/15-20190710105100-snapshot.jpg
2,0,20190710,105130,83,6,515,568,571,634,Jul15_0/15-20190710105130-snapshot.jpg
2,0,20190710,105330,76,5,1236,841,1280,886,Jul15_0/15-20190710105330-snapshot.jpg
2,0,20190710,105600,53,5,1174,1043,1224,1080,Jul15_0/15-20190710105600-snapshot.jpg
2,0,20190710,105600,69,5,228,82,278,135,Jul15_0/15-20190710105600-snapshot.jpg
2,0,20190710,105600,77,5,301,624,343,679,Jul15_0/15-20190710105600-snapshot.jpg
2,0,20190710,105600,79,5,1453,574,1502,618,Jul15_0/15-20190710105600-snapshot.jpg
2,0,20190710,105630,58,6,1007,542,1045,583,Jul15_0/15-20190710105630-snapshot.jpg
2,0,20190710,105630,79,5,1338,664,1391,711,Jul15_0/15-20190710105630-snapshot.jpg
2,0,20190710,105700,79,5,1111,671,1161,707,Jul15_0/15-20190710105700-snapshot.jpg
2,0,20190710,105730,82,5,1091,673,1128,720,Jul15_0/15-20190710105730-snapshot.jpg
2,0,20190710,105800,45,5,140,68,196,124,Jul15_0/15-20190710105800-snapshot.jpg
2,0,20190710,105800,82,5,1376,134,1419,184,Jul15_0/15-20190710105800-snapshot.jpg
2,0,20190710,105830,76,5,1385,783,1434,823,Jul15_0/15-20190710105830-snapshot.jpg
2,0,20190710,105830,82,5,1341,291,1376,340,Jul15_0/15-20190710105830-snapshot.jpg
2,0,20190710,105900,79,5,1443,939,1500,996,Jul15_0/15-20190710105900-snapshot.jpg
2,0,20190710,105930,80,5,1071,557,1112,605,Jul15_0/15-20190710105930-snapshot.jpg
2,0,20190710,110000,80,5,1099,600,1138,652,Jul15_0/15-20190710110000-snapshot.jpg
2,0,20190710,110030,83,6,1213,298,1264,375,Jul15_0/15-20190710110030-snapshot.jpg
2,0,20190710,110100,79,6,1331,43,1394,108,Jul15_0/15-20190710110100-snapshot.jpg
2,0,20190710,110130,86,6,1126,1024,1211,1079,Jul15_0/15-20190710110130-snapshot.jpg
2,0,20190710,110400,86,1,590,794,632,833,Jul15_0/15-20190710110400-snapshot.jpg
2,0,20190710,110430,81,1,94,1042,133,1075,Jul15_0/15-20190710110430-snapshot.jpg
2,0,20190710,110530,86,1,601,814,642,853,Jul15_0/15-20190710110530-snapshot.jpg
2,0,20190710,110730,75,5,1352,631,1404,665,Jul15_0/15-20190710110730-snapshot.jpg
2,0,20190710,111300,25,5,234,582,277,632,Jul15_0/15-20190710111300-snapshot.jpg
2,0,20190710,111300,55,5,1098,455,1136,491,Jul15_0/15-20190710111300-snapshot.jpg
2,0,20190710,111430,45,5,68,734,123,769,Jul15_0/15-20190710111430-snapshot.jpg
2,0,20190710,111430,73,5,911,495,966,542,Jul15_0/15-20190710111430-snapshot.jpg
2,0,20190710,111530,58,5,76,356,117,406,Jul15_0/15-20190710111530-snapshot.jpg
2,0,20190710,111600,77,5,293,707,325,756,Jul15_0/15-20190710111600-snapshot.jpg
2,0,20190710,112230,81,5,1085,691,1118,740,Jul15_0/15-20190710112230-snapshot.jpg
2,0,20190710,112430,80,6,1279,484,1330,543,Jul15_0/15-20190710112430-snapshot.jpg
2,0,20190710,112430,81,6,282,891,333,963,Jul15_0/15-20190710112430-snapshot.jpg
2,0,20190710,112500,82,6,1270,457,1314,526,Jul15_0/15-20190710112500-snapshot.jpg
2,0,20190710,112700,70,5,1416,144,1467,191,Jul15_0/15-20190710112700-snapshot.jpg
2,0,20190710,112700,70,1,1133,565,1171,603,Jul15_0/15-20190710112700-snapshot.jpg
2,0,20190710,112800,80,5,1059,717,1107,764,Jul15_0/15-20190710112800-snapshot.jpg
2,0,20190710,112800,84,5,1609,226,1685,280,Jul15_0/15-20190710112800-snapshot.jpg
2,0,20190710,112830,66,6,1634,541,1715,591,Jul15_0/15-20190710112830-snapshot.jpg
2,0,20190710,112830,70,5,505,1010,568,1049,Jul15_0/15-20190710112830-snapshot.jpg
2,0,20190710,112830,86,5,1549,452,1636,517,Jul15_0/15-20190710112830-snapshot.jpg
2,0,20190710,112900,78,6,84,560,149,615,Jul15_0/15-20190710112900-snapshot.jpg
2,0,20190710,113130,82,5,372,972,425,1037,Jul15_0/15-20190710113130-snapshot.jpg
2,0,20190710,113200,74,5,1606,326,1648,382,Jul15_0/15-20190710113200-snapshot.jpg
2,0,20190710,113200,79,5,216,978,267,1025,Jul15_0/15-20190710113200-snapshot.jpg
2,0,20190710,113300,76,5,235,702,287,745,Jul15_0/15-20190710113300-snapshot.jpg
2,0,20190710,113330,44,5,1497,435,1547,470,Jul15_0/15-20190710113330-snapshot.jpg
2,0,20190710,113330,49,5,256,623,303,675,Jul15_0/15-20190710113330-snapshot.jpg
2,0,20190710,113400,75,6,1474,231,1539,281,Jul15_0/15-20190710113400-snapshot.jpg
2,0,20190710,113500,78,5,1388,1001,1441,1049,Jul15_0/15-20190710113500-snapshot.jpg
2,0,20190710,113630,78,5,371,725,410,781,Jul15_0/15-20190710113630-snapshot.jpg
2,0,20190710,113730,73,5,300,584,348,626,Jul15_0/15-20190710113730-snapshot.jpg
2,0,20190710,113830,80,5,254,990,310,1032,Jul15_0/15-20190710113830-snapshot.jpg
2,0,20190710,114100,62,5,1176,622,1229,663,Jul15_0/15-20190710114100-snapshot.jpg
2,0,20190710,114130,81,5,1318,986,1387,1051,Jul15_0/15-20190710114130-snapshot.jpg
2,0,20190710,114300,67,6,845,19,900,64,Jul15_0/15-20190710114300-snapshot.jpg
2,0,20190710,114330,58,6,80,934,143,987,Jul15_0/15-20190710114330-snapshot.jpg
2,0,20190710,114400,73,6,442,406,488,450,Jul15_0/15-20190710114400-snapshot.jpg
2,0,20190710,114430,84,6,1000,944,1056,1032,Jul15_0/15-20190710114430-snapshot.jpg
2,0,20190710,114500,70,6,1339,947,1386,1016,Jul15_0/15-20190710114500-snapshot.jpg
2,0,20190710,114500,83,6,1414,176,1499,234,Jul15_0/15-20190710114500-snapshot.jpg
2,0,20190710,114530,79,5,1092,447,1141,502,Jul15_0/15-20190710114530-snapshot.jpg
2,0,20190710,115130,82,6,948,894,1027,938,Jul15_0/15-20190710115130-snapshot.jpg
2,0,20190710,115230,26,5,1319,423,1359,476,Jul15_0/15-20190710115230-snapshot.jpg
2,0,20190710,115230,79,5,447,471,483,519,Jul15_0/15-20190710115230-snapshot.jpg
2,0,20190710,115400,79,6,957,138,1005,196,Jul15_0/15-20190710115400-snapshot.jpg
2,0,20190710,115430,81,6,1162,783,1224,811,Jul15_0/15-20190710115430-snapshot.jpg
2,0,20190710,115530,50,6,864,51,917,106,Jul15_0/15-20190710115530-snapshot.jpg
2,0,20190710,115830,74,5,1086,639,1123,685,Jul15_0/15-20190710115830-snapshot.jpg
2,0,20190710,115900,80,5,1371,315,1409,363,Jul15_0/15-20190710115900-snapshot.jpg
2,0,20190710,115930,35,5,1731,420,1784,454,Jul15_0/15-20190710115930-snapshot.jpg
2,0,20190710,115930,79,5,1151,935,1201,986,Jul15_0/15-20190710115930-snapshot.jpg
2,0,20190710,120000,58,5,314,471,362,524,Jul15_0/15-20190710120000-snapshot.jpg
2,0,20190710,120000,81,5,1566,276,1614,319,Jul15_0/15-20190710120000-snapshot.jpg
2,0,20190710,120030,33,5,1082,543,1121,577,Jul15_0/15-20190710120030-snapshot.jpg
2,0,20190710,120130,82,6,1885,314,1920,395,Jul15_0/15-20190710120130-snapshot.jpg
2,0,20190710,120330,80,5,473,608,525,659,Jul15_0/15-20190710120330-snapshot.jpg
2,0,20190710,120330,84,5,8,119,48,174,Jul15_0/15-20190710120330-snapshot.jpg
2,0,20190710,120700,76,5,249,745,310,781,Jul15_0/15-20190710120700-snapshot.jpg
2,0,20190710,120800,49,6,245,671,289,726,Jul15_0/15-20190710120800-snapshot.jpg
2,0,20190710,120900,55,6,1362,61,1412,131,Jul15_0/15-20190710120900-snapshot.jpg
2,0,20190710,120900,60,5,850,261,906,296,Jul15_0/15-20190710120900-snapshot.jpg
2,0,20190710,121330,82,6,1207,125,1254,183,Jul15_0/15-20190710121330-snapshot.jpg
2,0,20190710,121400,81,6,1249,753,1290,815,Jul15_0/15-20190710121400-snapshot.jpg
2,0,20190710,121630,82,5,1200,622,1249,677,Jul15_0/15-20190710121630-snapshot.jpg
2,0,20190710,121700,70,6,1219,592,1277,624,Jul15_0/15-20190710121700-snapshot.jpg
2,0,20190710,122000,76,6,559,612,615,675,Jul15_0/15-20190710122000-snapshot.jpg
2,0,20190710,122000,84,6,349,907,403,991,Jul15_0/15-20190710122000-snapshot.jpg
2,0,20190710,122100,69,6,384,655,433,720,Jul15_0/15-20190710122100-snapshot.jpg
2,0,20190710,122100,82,5,992,68,1037,129,Jul15_0/15-20190710122100-snapshot.jpg
2,0,20190710,122130,78,5,1179,216,1241,267,Jul15_0/15-20190710122130-snapshot.jpg
2,0,20190710,122200,74,5,418,140,475,199,Jul15_0/15-20190710122200-snapshot.jpg
2,0,20190710,122200,83,5,1319,298,1386,338,Jul15_0/15-20190710122200-snapshot.jpg
2,0,20190710,122330,68,6,1111,236,1166,266,Jul15_0/15-20190710122330-snapshot.jpg
2,0,20190710,122600,62,5,112,6,149,54,Jul15_0/15-20190710122600-snapshot.jpg
2,0,20190710,122630,27,5,65,1,110,32,Jul15_0/15-20190710122630-snapshot.jpg
2,0,20190710,122630,81,5,1693,522,1751,563,Jul15_0/15-20190710122630-snapshot.jpg
2,0,20190710,122730,73,5,262,648,306,688,Jul15_0/15-20190710122730-snapshot.jpg
2,0,20190710,122800,67,5,273,562,320,609,Jul15_0/15-20190710122800-snapshot.jpg
2,0,20190710,122830,34,5,235,736,278,783,Jul15_0/15-20190710122830-snapshot.jpg
2,0,20190710,123000,77,5,372,98,432,149,Jul15_0/15-20190710123000-snapshot.jpg
2,0,20190710,123030,73,5,1072,558,1115,590,Jul15_0/15-20190710123030-snapshot.jpg
2,0,20190710,123230,78,5,1158,858,1212,903,Jul15_0/15-20190710123230-snapshot.jpg
2,0,20190710,123330,78,5,1602,551,1656,588,Jul15_0/15-20190710123330-snapshot.jpg
2,0,20190710,123330,84,5,1066,937,1113,995,Jul15_0/15-20190710123330-snapshot.jpg
2,0,20190710,123400,76,5,1208,385,1256,427,Jul15_0/15-20190710123400-snapshot.jpg
2,0,20190710,123530,81,5,1100,542,1139,590,Jul15_0/15-20190710123530-snapshot.jpg
2,0,20190710,123600,80,5,1013,586,1057,636,Jul15_0/15-20190710123600-snapshot.jpg
2,0,20190710,123630,57,5,978,4,1052,39,Jul15_0/15-20190710123630-snapshot.jpg
2,0,20190710,123630,82,5,1494,382,1542,428,Jul15_0/15-20190710123630-snapshot.jpg
2,0,20190710,123630,85,5,423,304,502,360,Jul15_0/15-20190710123630-snapshot.jpg
2,0,20190710,123700,79,6,1636,195,1725,252,Jul15_0/15-20190710123700-snapshot.jpg
2,0,20190710,123900,85,3,446,674,519,759,Jul15_0/15-20190710123900-snapshot.jpg
2,0,20190710,124030,64,5,1395,207,1430,248,Jul15_0/15-20190710124030-snapshot.jpg
2,0,20190710,124100,54,5,1514,220,1557,254,Jul15_0/15-20190710124100-snapshot.jpg
2,0,20190710,124100,74,5,1269,446,1310,483,Jul15_0/15-20190710124100-snapshot.jpg
2,0,20190710,124130,32,5,284,502,326,551,Jul15_0/15-20190710124130-snapshot.jpg
2,0,20190710,124200,75,5,666,564,716,616,Jul15_0/15-20190710124200-snapshot.jpg
2,0,20190710,124200,77,5,173,85,241,133,Jul15_0/15-20190710124200-snapshot.jpg
2,0,20190710,124330,70,5,1878,720,1920,793,Jul15_0/15-20190710124330-snapshot.jpg
2,0,20190710,124400,27,5,55,585,96,636,Jul15_0/15-20190710124400-snapshot.jpg
2,0,20190710,124500,76,5,1082,683,1123,722,Jul15_0/15-20190710124500-snapshot.jpg
2,0,20190710,124530,70,5,256,533,306,586,Jul15_0/15-20190710124530-snapshot.jpg
2,0,20190710,124630,78,5,1024,513,1068,553,Jul15_0/15-20190710124630-snapshot.jpg
2,0,20190710,124830,83,5,1689,551,1739,619,Jul15_0/15-20190710124830-snapshot.jpg
2,0,20190710,124930,66,5,1341,78,1386,138,Jul15_0/15-20190710124930-snapshot.jpg
2,0,20190710,125300,65,5,14,549,62,592,Jul15_0/15-20190710125300-snapshot.jpg
2,0,20190710,125300,68,5,1529,442,1573,485,Jul15_0/15-20190710125300-snapshot.jpg
2,0,20190710,125330,57,6,1335,583,1388,625,Jul15_0/15-20190710125330-snapshot.jpg
2,0,20190710,125430,62,6,64,917,127,947,Jul15_0/15-20190710125430-snapshot.jpg
2,0,20190710,125500,69,6,233,646,281,688,Jul15_0/15-20190710125500-snapshot.jpg
2,0,20190710,125600,75,5,1627,275,1676,310,Jul15_0/15-20190710125600-snapshot.jpg
2,0,20190710,125630,83,5,1239,251,1286,308,Jul15_0/15-20190710125630-snapshot.jpg
2,0,20190710,125800,78,6,92,913,137,976,Jul15_0/15-20190710125800-snapshot.jpg
2,0,20190710,125930,41,5,479,486,540,528,Jul15_0/15-20190710125930-snapshot.jpg
2,0,20190710,130000,79,6,371,674,437,719,Jul15_0/15-20190710130000-snapshot.jpg
2,0,20190710,130130,75,5,154,90,211,127,Jul15_0/15-20190710130130-snapshot.jpg
2,0,20190710,130200,76,6,1254,113,1307,154,Jul15_0/15-20190710130200-snapshot.jpg
2,0,20190710,130230,77,6,1174,71,1215,127,Jul15_0/15-20190710130230-snapshot.jpg
2,0,20190710,130300,82,6,913,80,977,133,Jul15_0/15-20190710130300-snapshot.jpg
2,0,20190710,130400,82,6,787,9,840,79,Jul15_0/15-20190710130400-snapshot.jpg
2,0,20190710,130430,76,6,856,15,925,58,Jul15_0/15-20190710130430-snapshot.jpg
2,0,20190710,130430,83,5,1738,783,1819,838,Jul15_0/15-20190710130430-snapshot.jpg
2,0,20190710,130600,62,6,867,0,907,41,Jul15_0/15-20190710130600-snapshot.jpg
2,0,20190710,130630,62,5,1131,190,1196,236,Jul15_0/15-20190710130630-snapshot.jpg
2,0,20190710,130630,76,5,135,319,197,357,Jul15_0/15-20190710130630-snapshot.jpg
2,0,20190710,130630,84,5,1109,701,1158,755,Jul15_0/15-20190710130630-snapshot.jpg
2,0,20190710,130830,82,5,978,251,1048,288,Jul15_0/15-20190710130830-snapshot.jpg
2,0,20190710,131030,79,6,1656,512,1726,558,Jul15_0/15-20190710131030-snapshot.jpg
2,0,20190710,131100,67,5,146,246,197,294,Jul15_0/15-20190710131100-snapshot.jpg
2,0,20190710,131130,83,5,668,82,728,147,Jul15_0/15-20190710131130-snapshot.jpg
2,0,20190710,131330,80,5,1390,572,1425,620,Jul15_0/15-20190710131330-snapshot.jpg
2,0,20190710,131400,78,5,1222,616,1270,660,Jul15_0/15-20190710131400-snapshot.jpg
2,0,20190710,131430,82,5,1142,787,1196,828,Jul15_0/15-20190710131430-snapshot.jpg
2,0,20190710,131500,80,5,1077,692,1114,742,Jul15_0/15-20190710131500-snapshot.jpg
2,0,20190710,131630,76,5,1097,497,1134,544,Jul15_0/15-20190710131630-snapshot.jpg
2,0,20190710,131630,83,6,1232,299,1278,363,Jul15_0/15-20190710131630-snapshot.jpg
2,0,20190710,131730,76,5,1102,721,1140,765,Jul15_0/15-20190710131730-snapshot.jpg
2,0,20190710,132030,80,5,1313,596,1361,638,Jul15_0/15-20190710132030-snapshot.jpg
2,0,20190710,132130,43,5,1665,444,1719,482,Jul15_0/15-20190710132130-snapshot.jpg
2,0,20190710,132200,73,5,0,240,51,274,Jul15_0/15-20190710132200-snapshot.jpg
2,0,20190710,132230,84,6,1452,895,1535,975,Jul15_0/15-20190710132230-snapshot.jpg
2,0,20190710,132300,83,6,492,633,582,713,Jul15_0/15-20190710132300-snapshot.jpg
2,0,20190710,132330,75,5,4,71,48,127,Jul15_0/15-20190710132330-snapshot.jpg
2,0,20190710,132330,80,6,857,3,901,59,Jul15_0/15-20190710132330-snapshot.jpg
2,0,20190710,132400,83,6,1362,124,1437,166,Jul15_0/15-20190710132400-snapshot.jpg
2,0,20190710,132430,44,6,1762,350,1821,390,Jul15_0/15-20190710132430-snapshot.jpg
2,0,20190710,132500,84,6,1041,297,1083,364,Jul15_0/15-20190710132500-snapshot.jpg
2,0,20190710,132530,79,5,336,473,380,525,Jul15_0/15-20190710132530-snapshot.jpg
2,0,20190710,132630,84,1,1279,606,1322,648,Jul15_0/15-20190710132630-snapshot.jpg
2,0,20190710,132700,78,5,1042,710,1088,752,Jul15_0/15-20190710132700-snapshot.jpg
2,0,20190710,132730,83,5,1125,281,1166,339,Jul15_0/15-20190710132730-snapshot.jpg
2,0,20190710,132800,69,6,1721,333,1755,388,Jul15_0/15-20190710132800-snapshot.jpg
2,0,20190710,132830,42,5,365,645,415,679,Jul15_0/15-20190710132830-snapshot.jpg
2,0,20190710,132830,59,5,1195,659,1241,692,Jul15_0/15-20190710132830-snapshot.jpg
2,0,20190710,133000,78,5,110,1048,166,1078,Jul15_0/15-20190710133000-snapshot.jpg
2,0,20190710,133030,79,5,1001,597,1049,636,Jul15_0/15-20190710133030-snapshot.jpg
2,0,20190710,133200,83,5,1288,948,1337,1010,Jul15_0/15-20190710133200-snapshot.jpg
2,0,20190710,133300,84,5,505,18,593,74,Jul15_0/15-20190710133300-snapshot.jpg
2,0,20190710,133330,74,6,431,462,498,494,Jul15_0/15-20190710133330-snapshot.jpg
2,0,20190710,133400,65,6,256,543,309,605,Jul15_0/15-20190710133400-snapshot.jpg
2,0,20190710,133400,86,6,1611,840,1668,925,Jul15_0/15-20190710133400-snapshot.jpg
2,0,20190710,133500,77,6,232,712,290,748,Jul15_0/15-20190710133500-snapshot.jpg
2,0,20190710,133530,79,6,183,1012,258,1056,Jul15_0/15-20190710133530-snapshot.jpg
2,0,20190710,133530,80,5,1711,494,1758,554,Jul15_0/15-20190710133530-snapshot.jpg
2,0,20190710,133600,85,1,1191,902,1243,957,Jul15_0/15-20190710133600-snapshot.jpg
2,0,20190710,133630,79,5,1256,227,1302,277,Jul15_0/15-20190710133630-snapshot.jpg
2,0,20190710,133830,76,5,1449,921,1502,977,Jul15_0/15-20190710133830-snapshot.jpg
2,0,20190710,133930,84,5,1080,705,1135,735,Jul15_0/15-20190710133930-snapshot.jpg
2,0,20190710,134000,73,5,1519,425,1569,464,Jul15_0/15-20190710134000-snapshot.jpg
2,0,20190710,134000,81,5,912,311,959,361,Jul15_0/15-20190710134000-snapshot.jpg
2,0,20190710,134030,87,1,425,86,472,132,Jul15_0/15-20190710134030-snapshot.jpg
2,0,20190710,134100,38,5,1288,450,1335,498,Jul15_0/15-20190710134100-snapshot.jpg
2,0,20190710,134100,85,1,947,223,996,275,Jul15_0/15-20190710134100-snapshot.jpg
2,0,20190710,134200,82,5,1162,758,1204,808,Jul15_0/15-20190710134200-snapshot.jpg
2,0,20190710,134230,65,5,1118,756,1167,791,Jul15_0/15-20190710134230-snapshot.jpg
2,0,20190710,134230,82,5,1283,1033,1335,1080,Jul15_0/15-20190710134230-snapshot.jpg
2,0,20190710,134300,69,5,304,471,348,521,Jul15_0/15-20190710134300-snapshot.jpg
2,0,20190710,134300,82,5,1796,544,1852,606,Jul15_0/15-20190710134300-snapshot.jpg
2,0,20190710,134400,77,5,908,86,956,126,Jul15_0/15-20190710134400-snapshot.jpg
2,0,20190710,134400,78,5,962,935,1002,986,Jul15_0/15-20190710134400-snapshot.jpg
2,0,20190710,134530,81,6,302,539,351,608,Jul15_0/15-20190710134530-snapshot.jpg
2,0,20190710,134700,76,5,1259,595,1311,626,Jul15_0/15-20190710134700-snapshot.jpg
2,0,20190710,134830,31,5,130,88,171,133,Jul15_0/15-20190710134830-snapshot.jpg
2,0,20190710,134830,65,5,1573,943,1620,992,Jul15_0/15-20190710134830-snapshot.jpg
2,0,20190710,134830,71,5,1886,397,1920,455,Jul15_0/15-20190710134830-snapshot.jpg
2,0,20190710,134830,77,5,693,860,738,915,Jul15_0/15-20190710134830-snapshot.jpg
2,0,20190710,134900,85,5,1218,763,1262,817,Jul15_0/15-20190710134900-snapshot.jpg
2,0,20190710,135000,70,5,1358,313,1405,346,Jul15_0/15-20190710135000-snapshot.jpg
2,0,20190710,135030,78,5,1117,629,1159,674,Jul15_0/15-20190710135030-snapshot.jpg
2,0,20190710,135100,78,5,1697,239,1739,291,Jul15_0/15-20190710135100-snapshot.jpg
2,0,20190710,135130,83,5,1329,629,1373,684,Jul15_0/15-20190710135130-snapshot.jpg
2,0,20190710,135200,41,5,389,952,435,997,Jul15_0/15-20190710135200-snapshot.jpg
2,0,20190710,135230,81,5,1155,650,1195,702,Jul15_0/15-20190710135230-snapshot.jpg
2,0,20190710,135300,78,5,163,924,217,962,Jul15_0/15-20190710135300-snapshot.jpg
2,0,20190710,135300,83,6,1291,696,1371,748,Jul15_0/15-20190710135300-snapshot.jpg
2,0,20190710,135400,88,3,269,878,368,954,Jul15_0/15-20190710135400-snapshot.jpg
2,0,20190710,135430,81,5,1066,809,1113,859,Jul15_0/15-20190710135430-snapshot.jpg
2,0,20190710,135530,82,5,1809,902,1887,965,Jul15_0/15-20190710135530-snapshot.jpg
2,0,20190710,135630,78,5,1717,271,1761,326,Jul15_0/15-20190710135630-snapshot.jpg
2,0,20190710,135900,85,5,1565,978,1622,1052,Jul15_0/15-20190710135900-snapshot.jpg
2,0,20190710,140000,50,5,51,354,91,411,Jul15_0/15-20190710140000-snapshot.jpg
2,0,20190710,140030,72,5,133,91,180,151,Jul15_0/15-20190710140030-snapshot.jpg
2,0,20190710,140100,75,5,270,760,325,807,Jul15_0/15-20190710140100-snapshot.jpg
2,0,20190710,140100,78,6,1207,116,1262,164,Jul15_0/15-20190710140100-snapshot.jpg
2,0,20190710,140130,82,5,1598,497,1652,555,Jul15_0/15-20190710140130-snapshot.jpg
2,0,20190710,140130,84,5,1269,966,1330,1036,Jul15_0/15-20190710140130-snapshot.jpg
2,0,20190710,140200,72,5,219,867,274,908,Jul15_0/15-20190710140200-snapshot.jpg
2,0,20190710,140200,73,6,1347,281,1421,310,Jul15_0/15-20190710140200-snapshot.jpg
2,0,20190710,140200,84,5,1079,887,1123,954,Jul15_0/15-20190710140200-snapshot.jpg
2,0,20190710,140230,72,6,1230,333,1299,366,Jul15_0/15-20190710140230-snapshot.jpg
2,0,20190710,140330,75,5,15,780,79,813,Jul15_0/15-20190710140330-snapshot.jpg
2,0,20190710,140330,76,6,1058,540,1100,603,Jul15_0/15-20190710140330-snapshot.jpg
2,0,20190710,140500,75,6,1034,5,1085,45,Jul15_0/15-20190710140500-snapshot.jpg
2,0,20190710,140530,48,5,1523,247,1565,286,Jul15_0/15-20190710140530-snapshot.jpg
2,0,20190710,140700,54,5,1518,234,1554,267,Jul15_0/15-20190710140700-snapshot.jpg
2,0,20190710,140700,84,5,1472,977,1529,1047,Jul15_0/15-20190710140700-snapshot.jpg
2,0,20190710,140730,77,5,1191,823,1228,879,Jul15_0/15-20190710140730-snapshot.jpg
2,0,20190710,140800,57,5,996,303,1040,335,Jul15_0/15-20190710140800-snapshot.jpg
2,0,20190710,140800,73,5,1864,895,1920,954,Jul15_0/15-20190710140800-snapshot.jpg
2,0,20190710,140800,82,8,384,84,479,140,Jul15_0/15-20190710140800-snapshot.jpg
2,0,20190710,140830,82,5,994,987,1041,1050,Jul15_0/15-20190710140830-snapshot.jpg
2,0,20190710,141230,68,5,518,623,570,666,Jul15_0/15-20190710141230-snapshot.jpg
2,0,20190710,141300,29,6,1404,301,1463,343,Jul15_0/15-20190710141300-snapshot.jpg
2,0,20190710,141300,78,5,1262,676,1305,722,Jul15_0/15-20190710141300-snapshot.jpg
2,0,20190710,141330,76,6,1239,596,1287,642,Jul15_0/15-20190710141330-snapshot.jpg
2,0,20190710,141500,83,5,1404,426,1465,458,Jul15_0/15-20190710141500-snapshot.jpg
2,0,20190710,141800,81,5,23,268,69,322,Jul15_0/15-20190710141800-snapshot.jpg
2,0,20190710,141830,85,1,1054,371,1097,409,Jul15_0/15-20190710141830-snapshot.jpg
2,0,20190710,141900,84,1,1419,706,1471,760,Jul15_0/15-20190710141900-snapshot.jpg
2,0,20190710,141930,80,5,933,938,988,980,Jul15_0/15-20190710141930-snapshot.jpg
2,0,20190710,141930,85,1,1473,679,1523,731,Jul15_0/15-20190710141930-snapshot.jpg
2,0,20190710,142000,85,1,1492,672,1542,732,Jul15_0/15-20190710142000-snapshot.jpg
2,0,20190710,142030,55,5,826,246,873,280,Jul15_0/15-20190710142030-snapshot.jpg
2,0,20190710,142030,86,1,1457,721,1505,780,Jul15_0/15-20190710142030-snapshot.jpg
2,0,20190710,142100,84,1,1529,761,1572,804,Jul15_0/15-20190710142100-snapshot.jpg
2,0,20190710,142130,41,5,314,780,361,834,Jul15_0/15-20190710142130-snapshot.jpg
2,0,20190710,142130,80,6,458,441,490,495,Jul15_0/15-20190710142130-snapshot.jpg
2,0,20190710,142130,83,1,1531,757,1573,800,Jul15_0/15-20190710142130-snapshot.jpg
2,0,20190710,142200,61,5,65,852,114,887,Jul15_0/15-20190710142200-snapshot.jpg
2,0,20190710,142230,71,5,54,729,102,764,Jul15_0/15-20190710142230-snapshot.jpg
2,0,20190710,142300,72,5,5,832,51,880,Jul15_0/15-20190710142300-snapshot.jpg
2,0,20190710,142300,77,5,1365,610,1425,651,Jul15_0/15-20190710142300-snapshot.jpg
2,0,20190710,142330,82,5,1357,92,1406,146,Jul15_0/15-20190710142330-snapshot.jpg
2,0,20190710,142530,73,5,109,744,154,783,Jul15_0/15-20190710142530-snapshot.jpg
2,0,20190710,142600,68,5,1608,505,1654,550,Jul15_0/15-20190710142600-snapshot.jpg
2,0,20190710,142730,80,5,1454,432,1505,481,Jul15_0/15-20190710142730-snapshot.jpg
2,0,20190710,142800,82,5,1053,699,1088,748,Jul15_0/15-20190710142800-snapshot.jpg
2,0,20190710,142900,82,6,1663,173,1749,243,Jul15_0/15-20190710142900-snapshot.jpg
2,0,20190710,142930,82,5,282,655,342,695,Jul15_0/15-20190710142930-snapshot.jpg
2,0,20190710,143000,85,1,1807,379,1862,433,Jul15_0/15-20190710143000-snapshot.jpg
2,0,20190710,143030,82,5,979,44,1029,86,Jul15_0/15-20190710143030-snapshot.jpg
2,0,20190710,143030,83,5,1042,912,1103,946,Jul15_0/15-20190710143030-snapshot.jpg
2,0,20190710,143030,85,1,1733,99,1778,141,Jul15_0/15-20190710143030-snapshot.jpg
2,0,20190710,143230,79,5,1091,677,1130,723,Jul15_0/15-20190710143230-snapshot.jpg
2,0,20190710,143230,84,6,1011,965,1071,1032,Jul15_0/15-20190710143230-snapshot.jpg
2,0,20190710,143400,69,5,1646,600,1703,652,Jul15_0/15-20190710143400-snapshot.jpg
2,0,20190710,143400,80,5,1497,247,1537,292,Jul15_0/15-20190710143400-snapshot.jpg
2,0,20190710,143430,73,5,1839,61,1892,108,Jul15_0/15-20190710143430-snapshot.jpg
2,0,20190710,143630,73,5,1754,264,1795,307,Jul15_0/15-20190710143630-snapshot.jpg
2,0,20190710,143630,76,5,1758,614,1819,654,Jul15_0/15-20190710143630-snapshot.jpg
2,0,20190710,144000,82,5,1164,70,1207,132,Jul15_0/15-20190710144000-snapshot.jpg
2,0,20190710,144030,64,5,1680,438,1724,480,Jul15_0/15-20190710144030-snapshot.jpg
2,0,20190710,144030,81,5,148,102,223,150,Jul15_0/15-20190710144030-snapshot.jpg
2,0,20190710,144030,84,5,1043,713,1078,762,Jul15_0/15-20190710144030-snapshot.jpg
2,0,20190710,144100,85,5,993,1007,1040,1067,Jul15_0/15-20190710144100-snapshot.jpg
2,0,20190710,144300,66,5,83,823,134,856,Jul15_0/15-20190710144300-snapshot.jpg
2,0,20190710,144630,84,5,1101,667,1138,718,Jul15_0/15-20190710144630-snapshot.jpg
2,0,20190710,144700,40,5,895,1049,936,1080,Jul15_0/15-20190710144700-snapshot.jpg
2,0,20190710,145030,65,5,325,980,374,1018,Jul15_0/15-20190710145030-snapshot.jpg
2,0,20190710,145030,67,5,372,231,426,284,Jul15_0/15-20190710145030-snapshot.jpg
2,0,20190710,145100,72,5,468,317,517,372,Jul15_0/15-20190710145100-snapshot.jpg
2,0,20190710,145130,77,5,1265,442,1306,488,Jul15_0/15-20190710145130-snapshot.jpg
2,0,20190710,145130,81,5,1714,234,1753,285,Jul15_0/15-20190710145130-snapshot.jpg
2,0,20190710,145400,83,5,1233,593,1273,646,Jul15_0/15-20190710145400-snapshot.jpg
2,0,20190710,145430,79,5,1580,434,1627,489,Jul15_0/15-20190710145430-snapshot.jpg
2,0,20190710,145430,86,5,1280,588,1345,621,Jul15_0/15-20190710145430-snapshot.jpg
2,0,20190710,145500,75,5,963,939,1011,981,Jul15_0/15-20190710145500-snapshot.jpg
2,0,20190710,145500,79,5,1024,417,1066,463,Jul15_0/15-20190710145500-snapshot.jpg
2,0,20190710,145530,68,5,1111,871,1179,919,Jul15_0/15-20190710145530-snapshot.jpg
2,0,20190710,145530,79,5,1605,502,1651,556,Jul15_0/15-20190710145530-snapshot.jpg
2,0,20190710,145600,64,5,1096,432,1138,467,Jul15_0/15-20190710145600-snapshot.jpg
2,0,20190710,145630,82,5,1529,284,1581,338,Jul15_0/15-20190710145630-snapshot.jpg
2,0,20190710,145700,68,5,1398,282,1431,324,Jul15_0/15-20190710145700-snapshot.jpg
2,0,20190710,145700,82,5,987,144,1055,177,Jul15_0/15-20190710145700-snapshot.jpg
2,0,20190710,145730,68,5,1221,776,1265,811,Jul15_0/15-20190710145730-snapshot.jpg
2,0,20190710,145800,80,5,1222,248,1275,296,Jul15_0/15-20190710145800-snapshot.jpg
2,0,20190710,145830,73,5,1291,593,1336,636,Jul15_0/15-20190710145830-snapshot.jpg
2,0,20190710,145830,81,5,983,254,1043,288,Jul15_0/15-20190710145830-snapshot.jpg
2,0,20190710,145900,31,5,1314,400,1356,439,Jul15_0/15-20190710145900-snapshot.jpg
2,0,20190710,145900,82,5,855,134,906,197,Jul15_0/15-20190710145900-snapshot.jpg
2,0,20190710,145930,40,5,947,4,998,32,Jul15_0/15-20190710145930-snapshot.jpg
2,0,20190710,145930,78,5,1394,270,1430,328,Jul15_0/15-20190710145930-snapshot.jpg
2,0,20190710,150000,80,5,667,385,727,422,Jul15_0/15-20190710150000-snapshot.jpg
2,0,20190710,150000,88,1,1304,74,1354,120,Jul15_0/15-20190710150000-snapshot.jpg
2,0,20190710,150030,68,1,796,81,836,118,Jul15_0/15-20190710150030-snapshot.jpg
2,0,20190710,150030,82,5,449,477,497,523,Jul15_0/15-20190710150030-snapshot.jpg
2,0,20190710,150100,79,5,152,66,203,104,Jul15_0/15-20190710150100-snapshot.jpg
2,0,20190710,150200,78,1,1716,1026,1767,1068,Jul15_0/15-20190710150200-snapshot.jpg
2,0,20190710,150200,84,1,414,587,457,625,Jul15_0/15-20190710150200-snapshot.jpg
2,0,20190710,150700,87,8,643,763,739,855,Jul15_0/15-20190710150700-snapshot.jpg
2,0,20190710,150730,81,5,343,922,401,961,Jul15_0/15-20190710150730-snapshot.jpg
2,0,20190710,150730,82,5,1192,820,1235,871,Jul15_0/15-20190710150730-snapshot.jpg
2,0,20190710,150800,63,5,25,293,69,341,Jul15_0/15-20190710150800-snapshot.jpg
2,0,20190710,150830,84,5,247,69,298,134,Jul15_0/15-20190710150830-snapshot.jpg
2,0,20190710,151000,73,5,1419,1026,1469,1077,Jul15_0/15-20190710151000-snapshot.jpg
2,0,20190710,151000,83,6,1625,846,1707,916,Jul15_0/15-20190710151000-snapshot.jpg
2,0,20190710,151000,84,2,1514,371,1605,437,Jul15_0/15-20190710151000-snapshot.jpg
2,0,20190710,151030,70,5,48,811,88,857,Jul15_0/15-20190710151030-snapshot.jpg
2,0,20190710,151100,79,5,1484,373,1525,419,Jul15_0/15-20190710151100-snapshot.jpg
2,0,20190710,151100,83,6,1175,1023,1254,1072,Jul15_0/15-20190710151100-snapshot.jpg
2,0,20190710,151130,75,5,1414,367,1464,404,Jul15_0/15-20190710151130-snapshot.jpg
2,0,20190710,151230,33,5,364,654,408,700,Jul15_0/15-20190710151230-snapshot.jpg
2,0,20190710,151230,70,5,1500,452,1545,497,Jul15_0/15-20190710151230-snapshot.jpg
2,0,20190710,151330,65,5,78,349,122,390,Jul15_0/15-20190710151330-snapshot.jpg
2,0,20190710,151400,79,5,1463,437,1517,473,Jul15_0/15-20190710151400-snapshot.jpg
2,0,20190710,151530,69,5,1508,244,1546,291,Jul15_0/15-20190710151530-snapshot.jpg
2,0,20190710,151600,50,6,0,347,34,379,Jul15_0/15-20190710151600-snapshot.jpg
2,0,20190710,151600,82,5,1632,487,1698,529,Jul15_0/15-20190710151600-snapshot.jpg
2,0,20190710,151630,64,6,1421,252,1469,280,Jul15_0/15-20190710151630-snapshot.jpg
2,0,20190710,151700,76,5,1212,796,1260,825,Jul15_0/15-20190710151700-snapshot.jpg
2,0,20190710,151700,80,6,314,1007,386,1063,Jul15_0/15-20190710151700-snapshot.jpg
2,0,20190710,151800,49,5,4,547,44,597,Jul15_0/15-20190710151800-snapshot.jpg
2,0,20190710,151930,83,5,1353,75,1409,142,Jul15_0/15-20190710151930-snapshot.jpg
2,0,20190710,152000,85,5,1055,955,1100,1024,Jul15_0/15-20190710152000-snapshot.jpg
2,0,20190710,152100,87,2,1244,848,1295,940,Jul15_0/15-20190710152100-snapshot.jpg
2,0,20190710,152200,63,6,1243,901,1310,974,Jul15_0/15-20190710152200-snapshot.jpg
2,0,20190710,152230,62,5,903,458,954,505,Jul15_0/15-20190710152230-snapshot.jpg
2,0,20190710,152330,63,6,872,169,919,247,Jul15_0/15-20190710152330-snapshot.jpg
2,0,20190710,152400,64,6,446,472,518,518,Jul15_0/15-20190710152400-snapshot.jpg
2,0,20190710,152430,69,5,297,30,343,71,Jul15_0/15-20190710152430-snapshot.jpg
2,0,20190710,152600,73,5,55,713,98,755,Jul15_0/15-20190710152600-snapshot.jpg
2,0,20190710,152630,66,4,0,860,53,944,Jul15_0/15-20190710152630-snapshot.jpg
2,0,20190710,152630,67,5,31,214,71,265,Jul15_0/15-20190710152630-snapshot.jpg
2,0,20190710,152630,83,5,1230,1001,1306,1062,Jul15_0/15-20190710152630-snapshot.jpg
2,0,20190710,152700,79,5,1236,440,1297,472,Jul15_0/15-20190710152700-snapshot.jpg
2,0,20190710,152800,80,6,79,424,134,490,Jul15_0/15-20190710152800-snapshot.jpg
2,0,20190710,152800,82,5,1015,737,1061,771,Jul15_0/15-20190710152800-snapshot.jpg
2,0,20190710,152830,82,6,152,73,206,151,Jul15_0/15-20190710152830-snapshot.jpg
2,0,20190710,152900,79,5,1067,751,1106,801,Jul15_0/15-20190710152900-snapshot.jpg
2,0,20190710,152930,85,5,1089,943,1136,1007,Jul15_0/15-20190710152930-snapshot.jpg
2,0,20190710,153000,76,5,1773,563,1844,611,Jul15_0/15-20190710153000-snapshot.jpg
2,0,20190710,153030,64,6,1882,254,1920,320,Jul15_0/15-20190710153030-snapshot.jpg
2,0,20190710,153200,77,5,402,998,470,1042,Jul15_0/15-20190710153200-snapshot.jpg
2,0,20190710,153400,57,6,1896,343,1920,416,Jul15_0/15-20190710153400-snapshot.jpg
2,0,20190710,153430,88,4,1419,457,1521,537,Jul15_0/15-20190710153430-snapshot.jpg
2,0,20190710,153500,88,4,193,152,283,233,Jul15_0/15-20190710153500-snapshot.jpg
2,0,20190710,154000,67,5,1424,246,1467,279,Jul15_0/15-20190710154000-snapshot.jpg
2,0,20190710,154100,79,5,1415,908,1464,972,Jul15_0/15-20190710154100-snapshot.jpg
2,0,20190710,154130,59,5,1352,379,1397,417,Jul15_0/15-20190710154130-snapshot.jpg
2,0,20190710,154130,77,5,55,34,113,70,Jul15_0/15-20190710154130-snapshot.jpg
2,0,20190710,154230,81,5,1852,411,1903,468,Jul15_0/15-20190710154230-snapshot.jpg
2,0,20190710,154330,77,5,58,914,118,954,Jul15_0/15-20190710154330-snapshot.jpg
2,0,20190710,154400,84,5,1021,790,1077,863,Jul15_0/15-20190710154400-snapshot.jpg
2,0,20190710,154700,70,3,433,406,495,476,Jul15_0/15-20190710154700-snapshot.jpg
2,0,20190710,154730,63,5,311,610,356,647,Jul15_0/15-20190710154730-snapshot.jpg
2,0,20190710,154800,47,5,1095,363,1139,393,Jul15_0/15-20190710154800-snapshot.jpg
2,0,20190710,154800,69,5,971,176,1025,209,Jul15_0/15-20190710154800-snapshot.jpg
2,0,20190710,154830,77,5,287,945,328,999,Jul15_0/15-20190710154830-snapshot.jpg
2,0,20190710,154900,32,5,42,574,89,626,Jul15_0/15-20190710154900-snapshot.jpg
2,0,20190710,154900,83,5,1757,837,1842,899,Jul15_0/15-20190710154900-snapshot.jpg
2,0,20190710,155000,82,2,1645,210,1723,272,Jul15_0/15-20190710155000-snapshot.jpg
2,0,20190710,155000,84,5,1126,40,1191,75,Jul15_0/15-20190710155000-snapshot.jpg
2,0,20190710,155030,64,6,1889,312,1920,368,Jul15_0/15-20190710155030-snapshot.jpg
2,0,20190710,155030,72,5,1086,832,1135,879,Jul15_0/15-20190710155030-snapshot.jpg
2,0,20190710,155100,35,5,882,1033,925,1078,Jul15_0/15-20190710155100-snapshot.jpg
2,0,20190710,155100,84,5,1730,806,1821,884,Jul15_0/15-20190710155100-snapshot.jpg
2,0,20190710,155430,45,5,1552,475,1602,510,Jul15_0/15-20190710155430-snapshot.jpg
2,0,20190710,155530,75,5,232,67,288,127,Jul15_0/15-20190710155530-snapshot.jpg
2,0,20190710,155630,79,5,222,595,281,631,Jul15_0/15-20190710155630-snapshot.jpg
2,0,20190710,155700,76,5,263,953,316,986,Jul15_0/15-20190710155700-snapshot.jpg
2,0,20190710,155730,79,5,1408,354,1445,402,Jul15_0/15-20190710155730-snapshot.jpg
2,0,20190710,155730,81,5,1307,673,1358,716,Jul15_0/15-20190710155730-snapshot.jpg
2,0,20190710,155800,73,5,327,742,391,776,Jul15_0/15-20190710155800-snapshot.jpg
2,0,20190710,155830,68,5,268,744,329,776,Jul15_0/15-20190710155830-snapshot.jpg
2,0,20190710,160200,74,5,1294,479,1342,511,Jul15_0/15-20190710160200-snapshot.jpg
2,0,20190710,160600,78,1,1400,521,1445,559,Jul15_0/15-20190710160600-snapshot.jpg
2,0,20190710,160600,80,5,1868,327,1912,376,Jul15_0/15-20190710160600-snapshot.jpg
2,0,20190710,160630,79,1,1512,1028,1554,1068,Jul15_0/15-20190710160630-snapshot.jpg
2,0,20190710,161200,76,5,292,897,336,944,Jul15_0/15-20190710161200-snapshot.jpg
2,0,20190710,161330,74,5,1868,401,1915,453,Jul15_0/15-20190710161330-snapshot.jpg
2,0,20190710,161600,30,5,314,87,362,139,Jul15_0/15-20190710161600-snapshot.jpg
2,0,20190710,161630,83,6,429,461,485,510,Jul15_0/15-20190710161630-snapshot.jpg
2,0,20190710,161700,83,6,419,586,476,662,Jul15_0/15-20190710161700-snapshot.jpg
2,0,20190710,161700,84,6,1180,574,1226,640,Jul15_0/15-20190710161700-snapshot.jpg
2,0,20190710,161800,87,4,1,925,85,1014,Jul15_0/15-20190710161800-snapshot.jpg
2,0,20190710,161830,77,5,166,685,218,745,Jul15_0/15-20190710161830-snapshot.jpg
2,0,20190710,162000,85,2,1292,938,1403,1003,Jul15_0/15-20190710162000-snapshot.jpg
2,0,20190710,162030,76,5,1766,614,1854,659,Jul15_0/15-20190710162030-snapshot.jpg
2,0,20190710,162100,82,5,1163,687,1199,737,Jul15_0/15-20190710162100-snapshot.jpg
2,0,20190710,162130,72,5,1061,935,1103,986,Jul15_0/15-20190710162130-snapshot.jpg
2,0,20190710,162200,72,5,1312,598,1360,635,Jul15_0/15-20190710162200-snapshot.jpg
2,0,20190710,162300,84,5,882,71,931,131,Jul15_0/15-20190710162300-snapshot.jpg
2,0,20190710,162500,84,1,1704,66,1749,109,Jul15_0/15-20190710162500-snapshot.jpg
2,0,20190710,162530,74,5,1575,287,1628,324,Jul15_0/15-20190710162530-snapshot.jpg
2,0,20190710,162600,75,5,341,79,383,137,Jul15_0/15-20190710162600-snapshot.jpg
2,0,20190710,162600,81,5,181,1015,234,1067,Jul15_0/15-20190710162600-snapshot.jpg
2,0,20190710,162600,82,5,1267,38,1310,93,Jul15_0/15-20190710162600-snapshot.jpg
2,0,20190710,162730,76,5,312,868,357,926,Jul15_0/15-20190710162730-snapshot.jpg
2,0,20190710,163000,83,1,911,611,952,651,Jul15_0/15-20190710163000-snapshot.jpg
2,0,20190710,163030,85,1,1420,41,1466,78,Jul15_0/15-20190710163030-snapshot.jpg
2,0,20190710,163900,51,5,0,69,63,116,Jul15_0/15-20190710163900-snapshot.jpg
2,0,20190710,164000,82,5,1459,905,1517,968,Jul15_0/15-20190710164000-snapshot.jpg
2,0,20190710,164530,79,5,1320,629,1371,673,Jul15_0/15-20190710164530-snapshot.jpg
2,0,20190710,164630,83,1,405,184,448,228,Jul15_0/15-20190710164630-snapshot.jpg
2,0,20190710,164800,72,5,1770,261,1809,313,Jul15_0/15-20190710164800-snapshot.jpg
2,0,20190710,164830,83,5,996,881,1050,935,Jul15_0/15-20190710164830-snapshot.jpg
2,0,20190710,165030,78,5,1260,475,1295,524,Jul15_0/15-20190710165030-snapshot.jpg
2,0,20190710,165100,26,5,1220,847,1260,881,Jul15_0/15-20190710165100-snapshot.jpg
2,0,20190710,165400,58,5,1595,553,1651,599,Jul15_0/15-20190710165400-snapshot.jpg
2,0,20190710,165400,88,4,221,953,328,1030,Jul15_0/15-20190710165400-snapshot.jpg
2,0,20190710,165830,76,6,167,112,210,185,Jul15_0/15-20190710165830-snapshot.jpg
2,0,20190710,165830,84,6,1410,119,1491,172,Jul15_0/15-20190710165830-snapshot.jpg
2,0,20190710,170200,85,1,1429,48,1469,79,Jul15_0/15-20190710170200-snapshot.jpg
2,0,20190710,170730,85,8,1392,363,1449,453,Jul15_0/15-20190710170730-snapshot.jpg
2,0,20190710,171330,87,5,1530,878,1608,934,Jul15_0/15-20190710171330-snapshot.jpg
2,0,20190710,171530,79,5,1063,705,1114,740,Jul15_0/15-20190710171530-snapshot.jpg
2,0,20190710,171600,83,5,1113,902,1178,939,Jul15_0/15-20190710171600-snapshot.jpg
2,0,20190710,171700,84,5,1342,964,1389,1031,Jul15_0/15-20190710171700-snapshot.jpg
2,0,20190710,171830,66,5,52,774,102,814,Jul15_0/15-20190710171830-snapshot.jpg
2,0,20190710,172100,62,5,1562,988,1613,1053,Jul15_0/15-20190710172100-snapshot.jpg
2,0,20190710,172500,81,5,1426,330,1469,382,Jul15_0/15-20190710172500-snapshot.jpg
2,0,20190710,172500,82,5,1274,952,1338,991,Jul15_0/15-20190710172500-snapshot.jpg
2,0,20190710,172530,78,5,604,568,661,606,Jul15_0/15-20190710172530-snapshot.jpg
2,0,20190710,172600,81,5,568,393,616,440,Jul15_0/15-20190710172600-snapshot.jpg
2,0,20190710,172700,73,5,1033,14,1076,60,Jul15_0/15-20190710172700-snapshot.jpg
2,0,20190710,172730,71,5,1312,72,1349,118,Jul15_0/15-20190710172730-snapshot.jpg
2,0,20190710,172800,83,5,961,1007,1017,1059,Jul15_0/15-20190710172800-snapshot.jpg
2,0,20190710,172830,81,5,959,1032,1015,1073,Jul15_0/15-20190710172830-snapshot.jpg
2,0,20190710,172830,84,1,479,380,520,415,Jul15_0/15-20190710172830-snapshot.jpg
2,0,20190710,172900,76,5,371,19,428,82,Jul15_0/15-20190710172900-snapshot.jpg
2,0,20190710,172900,83,1,374,753,421,796,Jul15_0/15-20190710172900-snapshot.jpg
2,0,20190710,173500,79,5,1744,222,1788,270,Jul15_0/15-20190710173500-snapshot.jpg
2,0,20190710,174200,75,5,1700,456,1747,502,Jul15_0/15-20190710174200-snapshot.jpg
2,0,20190710,174930,81,5,1262,215,1318,243,Jul15_0/15-20190710174930-snapshot.jpg
2,0,20190710,175000,78,5,1256,126,1316,159,Jul15_0/15-20190710175000-snapshot.jpg
2,0,20190710,181700,81,1,267,230,308,269,Jul15_0/15-20190710181700-snapshot.jpg
2,0,20190710,181830,46,1,657,831,699,866,Jul15_0/15-20190710181830-snapshot.jpg
2,0,20190710,181830,86,3,362,714,433,808,Jul15_0/15-20190710181830-snapshot.jpg
2,0,20190710,183030,77,5,838,1030,914,1071,Jul15_0/15-20190710183030-snapshot.jpg
2,0,20190710,183430,81,5,1268,920,1317,969,Jul15_0/15-20190710183430-snapshot.jpg
2,0,20190710,184030,79,5,1254,307,1314,344,Jul15_0/15-20190710184030-snapshot.jpg
2,0,20190710,184230,44,5,1353,663,1397,717,Jul15_0/15-20190710184230-snapshot.jpg
2,0,20190710,184700,69,5,35,354,96,391,Jul15_0/15-20190710184700-snapshot.jpg
2,0,20190710,184800,69,5,35,352,96,390,Jul15_0/15-20190710184800-snapshot.jpg
2,0,20190710,184830,63,5,31,351,95,389,Jul15_0/15-20190710184830-snapshot.jpg
2,0,20190710,184900,52,5,33,351,95,389,Jul15_0/15-20190710184900-snapshot.jpg
2,0,20190710,184900,81,5,1019,1,1063,50,Jul15_0/15-20190710184900-snapshot.jpg
2,0,20190710,184930,79,5,960,156,1014,192,Jul15_0/15-20190710184930-snapshot.jpg
2,0,20190710,185730,65,5,35,352,95,390,Jul15_0/15-20190710185730-snapshot.jpg
2,0,20190710,185800,66,5,35,352,92,389,Jul15_0/15-20190710185800-snapshot.jpg
2,0,20190710,185830,73,5,36,353,93,391,Jul15_0/15-20190710185830-snapshot.jpg
2,0,20190710,185900,37,5,34,353,92,389,Jul15_0/15-20190710185900-snapshot.jpg
2,0,20190710,190030,55,5,32,353,92,390,Jul15_0/15-20190710190030-snapshot.jpg
2,0,20190710,191100,76,5,33,700,91,766,Jul15_0/15-20190710191100-snapshot.jpg
2,0,20190710,191130,32,5,36,355,92,392,Jul15_0/15-20190710191130-snapshot.jpg
2,0,20190710,191200,25,5,34,355,92,392,Jul15_0/15-20190710191200-snapshot.jpg
2,0,20190710,191230,38,5,37,355,92,392,Jul15_0/15-20190710191230-snapshot.jpg
2,0,20190710,191500,74,1,606,1009,656,1062,Jul15_0/15-20190710191500-snapshot.jpg
2,0,20190710,205400,40,6,919,116,965,152,Jul15_0/15-20190710205400-snapshot.jpg
2,0,20190711,032700,33,3,486,420,584,514,Jul15_0/24-20190711032700-snapshot.jpg
2,0,20190711,032830,27,3,483,420,584,513,Jul15_0/24-20190711032830-snapshot.jpg
2,0,20190711,033600,26,3,486,421,583,512,Jul15_0/24-20190711033600-snapshot.jpg
2,0,20190711,033900,28,3,486,421,582,512,Jul15_0/25-20190711033900-snapshot.jpg
2,0,20190711,034400,46,3,487,421,581,516,Jul15_0/25-20190711034400-snapshot.jpg
2,0,20190711,041630,39,5,145,919,190,960,Jul15_0/25-20190711041630-snapshot.jpg
2,0,20190711,041830,33,5,146,919,191,960,Jul15_0/25-20190711041830-snapshot.jpg
2,0,20190711,042200,36,5,146,918,191,960,Jul15_0/25-20190711042200-snapshot.jpg
2,0,20190711,042400,41,5,146,921,189,960,Jul15_0/25-20190711042400-snapshot.jpg
2,0,20190711,042430,59,5,146,919,189,959,Jul15_0/26-20190711042430-snapshot.jpg
2,0,20190711,042500,27,5,143,920,190,961,Jul15_0/26-20190711042500-snapshot.jpg
2,0,20190711,042530,49,5,146,920,189,959,Jul15_0/26-20190711042530-snapshot.jpg
2,0,20190711,042630,48,5,146,920,189,960,Jul15_0/27-20190711042630-snapshot.jpg
2,0,20190711,042730,38,5,146,920,190,960,Jul15_0/27-20190711042730-snapshot.jpg
2,0,20190711,042800,26,5,145,919,191,961,Jul15_0/27-20190711042800-snapshot.jpg
2,0,20190711,042900,53,5,145,920,189,960,Jul15_0/27-20190711042900-snapshot.jpg
2,0,20190711,042930,31,5,145,920,189,960,Jul15_0/27-20190711042930-snapshot.jpg
2,0,20190711,043000,25,5,146,919,189,960,Jul15_0/28-20190711043000-snapshot.jpg
2,0,20190711,043030,62,5,145,919,189,960,Jul15_0/28-20190711043030-snapshot.jpg
2,0,20190711,043130,38,5,146,918,191,961,Jul15_0/28-20190711043130-snapshot.jpg
2,0,20190711,043430,32,5,146,919,190,960,Jul15_0/28-20190711043430-snapshot.jpg
2,0,20190711,043730,58,5,145,921,189,960,Jul15_0/28-20190711043730-snapshot.jpg
2,0,20190711,043930,55,5,145,921,189,960,Jul15_0/28-20190711043930-snapshot.jpg
2,0,20190711,044030,26,5,146,919,191,961,Jul15_0/29-20190711044030-snapshot.jpg
2,0,20190711,044100,31,5,147,920,190,960,Jul15_0/29-20190711044100-snapshot.jpg
2,0,20190711,044300,34,5,146,920,189,960,Jul15_0/29-20190711044300-snapshot.jpg
2,0,20190711,044330,37,5,145,921,189,960,Jul15_0/29-20190711044330-snapshot.jpg
2,0,20190711,044400,36,5,145,922,188,960,Jul15_0/29-20190711044400-snapshot.jpg
2,0,20190711,044500,35,5,145,921,189,960,Jul15_0/29-20190711044500-snapshot.jpg
2,0,20190711,044630,32,5,145,921,189,960,Jul15_0/29-20190711044630-snapshot.jpg
2,0,20190711,044830,27,5,145,919,190,960,Jul15_0/29-20190711044830-snapshot.jpg
2,0,20190711,044930,27,5,144,922,189,960,Jul15_0/29-20190711044930-snapshot.jpg
2,0,20190711,045130,33,5,144,921,189,960,Jul15_0/29-20190711045130-snapshot.jpg
2,0,20190711,045200,37,5,145,920,189,960,Jul15_0/29-20190711045200-snapshot.jpg
2,0,20190711,045230,28,5,145,920,190,960,Jul15_0/29-20190711045230-snapshot.jpg
2,0,20190711,045330,27,5,144,921,188,960,Jul15_0/29-20190711045330-snapshot.jpg
2,0,20190711,045530,41,5,144,920,189,960,Jul15_0/30-20190711045530-snapshot.jpg
2,0,20190711,045600,49,5,145,920,189,960,Jul15_0/30-20190711045600-snapshot.jpg
2,0,20190711,045700,31,5,146,920,189,960,Jul15_0/30-20190711045700-snapshot.jpg
2,0,20190711,045800,33,5,145,920,190,961,Jul15_0/30-20190711045800-snapshot.jpg
2,0,20190711,045900,37,5,144,921,189,961,Jul15_0/30-20190711045900-snapshot.jpg
2,0,20190711,045930,37,5,144,922,189,960,Jul15_0/30-20190711045930-snapshot.jpg
2,0,20190711,050000,25,5,144,920,189,961,Jul15_0/30-20190711050000-snapshot.jpg
2,0,20190711,050030,27,5,145,919,190,961,Jul15_0/30-20190711050030-snapshot.jpg
2,0,20190711,050100,28,5,144,919,191,961,Jul15_0/31-20190711050100-snapshot.jpg
2,0,20190711,050130,31,5,144,920,190,961,Jul15_0/31-20190711050130-snapshot.jpg
2,0,20190711,050330,27,5,145,919,190,960,Jul15_0/31-20190711050330-snapshot.jpg
2,0,20190711,050430,59,5,144,921,189,960,Jul15_0/31-20190711050430-snapshot.jpg
2,0,20190711,050530,28,5,145,921,189,960,Jul15_0/31-20190711050530-snapshot.jpg
2,0,20190711,050530,46,5,773,651,824,684,Jul15_0/31-20190711050530-snapshot.jpg
2,0,20190711,050600,32,5,774,652,824,684,Jul15_0/31-20190711050600-snapshot.jpg
2,0,20190711,050730,46,5,144,921,188,960,Jul15_0/31-20190711050730-snapshot.jpg
2,0,20190711,050900,31,5,145,920,189,960,Jul15_0/32-20190711050900-snapshot.jpg
2,0,20190711,050930,29,5,146,920,190,960,Jul15_0/32-20190711050930-snapshot.jpg
2,0,20190711,051000,32,5,145,920,189,961,Jul15_0/32-20190711051000-snapshot.jpg
2,0,20190711,051030,29,5,145,920,189,960,Jul15_0/32-20190711051030-snapshot.jpg
2,0,20190711,051100,36,5,145,921,190,960,Jul15_0/32-20190711051100-snapshot.jpg
2,0,20190711,051130,27,5,144,920,189,961,Jul15_0/33-20190711051130-snapshot.jpg
2,0,20190711,051300,38,5,146,919,190,960,Jul15_0/33-20190711051300-snapshot.jpg
2,0,20190711,051600,27,5,144,920,190,961,Jul15_0/35-20190711051600-snapshot.jpg
2,0,20190711,052130,27,5,145,919,190,961,Jul15_0/36-20190711052130-snapshot.jpg
2,0,20190711,052200,33,5,145,919,191,961,Jul15_0/36-20190711052200-snapshot.jpg
2,0,20190711,052600,32,5,146,919,190,960,Jul15_0/36-20190711052600-snapshot.jpg
2,0,20190711,052700,26,5,145,921,189,961,Jul15_0/36-20190711052700-snapshot.jpg
2,0,20190711,063230,29,5,142,924,186,959,Jul15_0/39-20190711063230-snapshot.jpg
2,0,20190711,063300,81,5,366,472,407,520,Jul15_0/39-20190711063300-snapshot.jpg
2,0,20190711,063330,25,5,142,924,186,958,Jul15_0/39-20190711063330-snapshot.jpg
2,0,20190711,071800,44,6,1776,51,1861,104,Jul15_0/39-20190711071800-snapshot.jpg
2,0,20190711,071830,85,6,925,847,975,922,Jul15_0/39-20190711071830-snapshot.jpg
2,0,20190711,073300,76,6,1741,609,1800,667,Jul15_0/39-20190711073300-snapshot.jpg
2,0,20190711,073330,77,6,1295,519,1341,569,Jul15_0/39-20190711073330-snapshot.jpg
2,0,20190711,073400,78,6,1170,631,1236,662,Jul15_0/39-20190711073400-snapshot.jpg
2,0,20190711,073430,64,6,1002,564,1044,613,Jul15_0/39-20190711073430-snapshot.jpg
2,0,20190711,073500,71,6,1083,242,1148,280,Jul15_0/39-20190711073500-snapshot.jpg
2,0,20190711,073530,69,6,839,11,903,41,Jul15_0/39-20190711073530-snapshot.jpg
2,0,20190711,075300,79,1,1723,635,1768,674,Jul15_0/39-20190711075300-snapshot.jpg
2,0,20190711,084230,83,5,330,998,412,1057,Jul15_0/39-20190711084230-snapshot.jpg
2,0,20190711,085030,87,1,568,764,612,809,Jul15_0/39-20190711085030-snapshot.jpg
2,0,20190711,085100,80,1,605,226,645,261,Jul15_0/39-20190711085100-snapshot.jpg
2,0,20190711,085130,88,3,259,344,365,415,Jul15_0/39-20190711085130-snapshot.jpg
2,0,20190711,085700,88,8,1334,430,1418,494,Jul15_0/39-20190711085700-snapshot.jpg
2,0,20190711,093930,72,5,57,602,107,651,Jul15_0/39-20190711093930-snapshot.jpg
2,0,20190711,102500,67,5,172,62,219,102,Jul15_0/39-20190711102500-snapshot.jpg
2,0,20190711,102530,79,5,41,306,83,363,Jul15_0/39-20190711102530-snapshot.jpg
2,0,20190711,102930,85,8,394,818,474,898,Jul15_0/39-20190711102930-snapshot.jpg
2,0,20190711,103400,36,5,1554,287,1589,327,Jul15_0/39-20190711103400-snapshot.jpg
2,0,20190711,104000,77,5,1429,457,1469,506,Jul15_0/39-20190711104000-snapshot.jpg
2,0,20190711,104030,79,5,1412,317,1452,364,Jul15_0/39-20190711104030-snapshot.jpg
2,0,20190711,121230,77,5,1587,424,1636,466,Jul15_0/39-20190711121230-snapshot.jpg
2,0,20190711,121330,65,5,1403,378,1446,428,Jul15_0/39-20190711121330-snapshot.jpg
2,0,20190711,123630,82,5,337,470,380,524,Jul15_0/39-20190711123630-snapshot.jpg
2,0,20190711,123700,76,5,1099,717,1137,758,Jul15_0/39-20190711123700-snapshot.jpg
2,0,20190711,123730,72,5,1316,616,1374,654,Jul15_0/39-20190711123730-snapshot.jpg
2,0,20190711,123800,70,5,1296,466,1341,515,Jul15_0/39-20190711123800-snapshot.jpg
2,0,20190711,123830,82,5,1730,392,1799,431,Jul15_0/39-20190711123830-snapshot.jpg
2,0,20190711,124300,82,8,541,226,643,283,Jul15_0/39-20190711124300-snapshot.jpg
2,0,20190711,124330,74,5,1268,302,1338,346,Jul15_0/39-20190711124330-snapshot.jpg
2,0,20190711,124800,37,6,1117,870,1160,914,Jul15_0/39-20190711124800-snapshot.jpg
2,0,20190711,125030,85,5,1459,294,1534,343,Jul15_0/39-20190711125030-snapshot.jpg
2,0,20190711,125130,86,5,1681,989,1767,1042,Jul15_0/39-20190711125130-snapshot.jpg
2,0,20190711,131130,54,5,1310,942,1369,981,Jul15_0/39-20190711131130-snapshot.jpg
2,0,20190711,131200,34,5,1397,1036,1447,1080,Jul15_0/39-20190711131200-snapshot.jpg
2,0,20190711,133200,71,5,1372,500,1429,535,Jul15_0/39-20190711133200-snapshot.jpg
2,0,20190711,150300,77,6,250,807,305,876,Jul15_0/39-20190711150300-snapshot.jpg
2,0,20190711,150500,84,5,738,72,826,146,Jul15_0/39-20190711150500-snapshot.jpg
2,0,20190711,150700,77,6,59,910,119,970,Jul15_0/39-20190711150700-snapshot.jpg
2,0,20190711,152600,81,6,1223,124,1295,177,Jul15_0/39-20190711152600-snapshot.jpg
2,0,20190711,153530,82,6,1732,355,1811,400,Jul15_0/39-20190711153530-snapshot.jpg
2,0,20190711,153630,79,6,18,101,100,151,Jul15_0/39-20190711153630-snapshot.jpg
2,0,20190711,153800,85,8,1483,433,1574,489,Jul15_0/39-20190711153800-snapshot.jpg
2,0,20190711,154800,83,5,1144,817,1208,850,Jul15_0/39-20190711154800-snapshot.jpg
2,0,20190711,154830,83,6,947,343,1008,395,Jul15_0/39-20190711154830-snapshot.jpg
2,0,20190711,160330,83,5,1101,708,1186,750,Jul15_0/39-20190711160330-snapshot.jpg
2,0,20190711,160700,86,5,1160,613,1209,673,Jul15_0/39-20190711160700-snapshot.jpg
2,0,20190711,160730,85,5,1195,508,1242,567,Jul15_0/39-20190711160730-snapshot.jpg
2,0,20190711,160800,81,5,1161,487,1229,523,Jul15_0/39-20190711160800-snapshot.jpg
2,0,20190711,160830,83,5,1285,502,1339,553,Jul15_0/39-20190711160830-snapshot.jpg
2,0,20190711,160900,84,5,1305,582,1349,642,Jul15_0/39-20190711160900-snapshot.jpg
2,0,20190711,161430,27,6,961,942,1006,985,Jul15_0/39-20190711161430-snapshot.jpg
2,0,20190711,161800,80,5,1512,312,1580,356,Jul15_0/39-20190711161800-snapshot.jpg
2,0,20190711,161830,82,5,1522,279,1568,346,Jul15_0/39-20190711161830-snapshot.jpg
2,0,20190711,162500,26,6,0,144,35,192,Jul15_0/39-20190711162500-snapshot.jpg
2,0,20190711,164900,86,5,1751,839,1814,920,Jul15_0/39-20190711164900-snapshot.jpg
2,0,20190711,165400,77,6,16,442,66,510,Jul15_0/39-20190711165400-snapshot.jpg
2,0,20190711,165600,79,6,958,454,1008,526,Jul15_0/39-20190711165600-snapshot.jpg
2,0,20190711,165600,83,6,932,749,1003,811,Jul15_0/39-20190711165600-snapshot.jpg
2,0,20190711,165730,80,6,1520,225,1573,271,Jul15_0/39-20190711165730-snapshot.jpg
2,0,20190711,170830,34,6,1530,238,1575,283,Jul15_0/39-20190711170830-snapshot.jpg
2,0,20190711,170900,78,6,973,629,1017,690,Jul15_0/39-20190711170900-snapshot.jpg
2,0,20190711,170930,84,6,930,323,1005,377,Jul15_0/39-20190711170930-snapshot.jpg
2,0,20190711,192600,78,6,1441,174,1492,247,Jul15_0/39-20190711192600-snapshot.jpg
2,0,20190711,192630,80,6,1191,652,1260,706,Jul15_0/39-20190711192630-snapshot.jpg
2,0,20190711,192700,74,6,1163,656,1240,711,Jul15_0/39-20190711192700-snapshot.jpg
2,0,20190711,193630,71,5,884,1042,932,1080,Jul15_0/39-20190711193630-snapshot.jpg
2,0,20190711,193700,81,5,1154,741,1193,799,Jul15_0/39-20190711193700-snapshot.jpg
2,0,20190711,210000,35,3,494,351,578,449,Jul15_0/39-20190711210000-snapshot.jpg
2,0,20190711,210530,25,3,493,347,579,454,Jul15_0/39-20190711210530-snapshot.jpg
2,0,20190711,210630,38,3,492,344,580,451,Jul15_0/39-20190711210630-snapshot.jpg
2,0,20190711,211300,45,3,493,344,582,444,Jul15_0/39-20190711211300-snapshot.jpg
2,0,20190712,065530,85,8,94,108,150,190,Jul15_0/63-20190712065530-snapshot.jpg
2,0,20190712,083700,79,6,934,609,992,650,Jul15_0/64-20190712083700-snapshot.jpg
2,0,20190712,083730,86,6,1143,765,1190,827,Jul15_0/64-20190712083730-snapshot.jpg
2,0,20190712,084300,50,6,252,32,316,67,Jul15_0/64-20190712084300-snapshot.jpg
2,0,20190712,084700,45,6,368,712,421,780,Jul15_0/64-20190712084700-snapshot.jpg
2,0,20190712,084730,79,6,235,688,287,752,Jul15_0/64-20190712084730-snapshot.jpg
2,0,20190712,094200,67,1,1566,456,1606,494,Jul15_0/64-20190712094200-snapshot.jpg
2,0,20190712,094230,83,1,1480,402,1523,444,Jul15_0/64-20190712094230-snapshot.jpg
2,0,20190712,094500,85,1,569,737,611,779,Jul15_0/64-20190712094500-snapshot.jpg
2,0,20190712,094530,87,1,518,957,564,1002,Jul15_0/64-20190712094530-snapshot.jpg
2,0,20190712,095830,74,5,14,814,65,858,Jul15_0/64-20190712095830-snapshot.jpg
2,0,20190712,102430,26,5,1416,437,1474,479,Jul15_0/65-20190712102430-snapshot.jpg
2,0,20190712,102430,38,6,1415,435,1475,481,Jul15_0/65-20190712102430-snapshot.jpg
2,0,20190712,102800,85,5,950,222,1002,304,Jul15_0/65-20190712102800-snapshot.jpg
2,0,20190712,113600,86,1,1514,220,1562,266,Jul15_0/66-20190712113600-snapshot.jpg
2,0,20190712,113630,81,1,1886,366,1920,413,Jul15_0/66-20190712113630-snapshot.jpg
2,0,20190712,113900,74,5,1379,438,1436,480,Jul15_0/66-20190712113900-snapshot.jpg
2,0,20190712,113930,81,5,1354,450,1404,508,Jul15_0/66-20190712113930-snapshot.jpg
2,0,20190712,114000,84,5,1335,502,1383,558,Jul15_0/66-20190712114000-snapshot.jpg
2,0,20190712,114030,68,5,1800,301,1850,349,Jul15_0/66-20190712114030-snapshot.jpg
2,0,20190712,114100,81,5,1116,7,1160,59,Jul15_0/66-20190712114100-snapshot.jpg
2,0,20190712,114230,80,5,975,594,1013,640,Jul15_0/66-20190712114230-snapshot.jpg
2,0,20190712,115900,82,5,203,20,282,63,Jul15_0/66-20190712115900-snapshot.jpg
2,0,20190712,115930,76,5,39,588,85,650,Jul15_0/66-20190712115930-snapshot.jpg
2,0,20190712,124130,71,1,549,254,591,292,Jul15_0/66-20190712124130-snapshot.jpg
2,0,20190712,130100,78,5,1588,490,1648,535,Jul15_0/66-20190712130100-snapshot.jpg
2,0,20190712,130400,89,3,259,408,332,509,Jul15_0/66-20190712130400-snapshot.jpg
2,0,20190712,131600,81,5,946,319,1031,376,Jul15_0/66-20190712131600-snapshot.jpg
2,0,20190712,132030,27,5,1170,629,1223,678,Jul15_0/66-20190712132030-snapshot.jpg
2,0,20190712,133000,76,8,1854,670,1920,726,Jul15_0/66-20190712133000-snapshot.jpg
2,0,20190712,134730,86,3,688,776,784,872,Jul15_0/66-20190712134730-snapshot.jpg
2,0,20190712,140130,88,3,34,770,123,859,Jul15_0/66-20190712140130-snapshot.jpg
2,0,20190712,145230,85,4,326,378,404,466,Jul15_0/66-20190712145230-snapshot.jpg
2,0,20190712,145830,87,4,734,806,821,902,Jul15_0/66-20190712145830-snapshot.jpg
2,0,20190712,151330,86,4,330,383,411,472,Jul15_0/66-20190712151330-snapshot.jpg
2,0,20190712,151500,88,4,324,377,411,462,Jul15_0/66-20190712151500-snapshot.jpg
2,0,20190712,151900,82,5,333,896,394,960,Jul15_0/66-20190712151900-snapshot.jpg
2,0,20190712,153130,26,5,989,229,1029,277,Jul15_0/66-20190712153130-snapshot.jpg
2,0,20190712,153600,44,5,1086,727,1139,762,Jul15_0/66-20190712153600-snapshot.jpg
2,0,20190712,153830,31,5,986,226,1028,276,Jul15_0/66-20190712153830-snapshot.jpg
2,0,20190712,153900,26,5,1084,726,1137,763,Jul15_0/66-20190712153900-snapshot.jpg
2,0,20190712,154000,86,2,347,359,419,451,Jul15_0/66-20190712154000-snapshot.jpg
2,0,20190712,154100,29,5,1083,727,1137,763,Jul15_0/66-20190712154100-snapshot.jpg
2,0,20190712,155330,39,5,165,1,217,27,Jul15_0/66-20190712155330-snapshot.jpg
2,0,20190712,155400,77,5,85,171,134,217,Jul15_0/66-20190712155400-snapshot.jpg
2,0,20190712,155500,79,5,1186,196,1229,246,Jul15_0/66-20190712155500-snapshot.jpg
2,0,20190712,155530,78,5,1619,173,1685,217,Jul15_0/66-20190712155530-snapshot.jpg
2,0,20190712,155600,76,5,1732,223,1789,258,Jul15_0/66-20190712155600-snapshot.jpg
2,0,20190712,155830,84,2,1194,701,1309,770,Jul15_0/66-20190712155830-snapshot.jpg
2,0,20190712,160400,87,4,694,744,764,835,Jul15_0/66-20190712160400-snapshot.jpg
2,0,20190712,160830,75,3,626,782,720,876,Jul15_0/66-20190712160830-snapshot.jpg
2,0,20190712,160900,55,5,1305,440,1352,507,Jul15_0/66-20190712160900-snapshot.jpg
2,0,20190712,161030,81,5,1208,352,1268,393,Jul15_0/66-20190712161030-snapshot.jpg
2,0,20190712,161830,78,5,1420,560,1463,612,Jul15_0/66-20190712161830-snapshot.jpg
2,0,20190712,161900,29,5,1016,634,1061,665,Jul15_0/66-20190712161900-snapshot.jpg
2,0,20190712,162500,86,4,465,858,550,935,Jul15_0/66-20190712162500-snapshot.jpg
2,0,20190712,165230,75,5,850,1011,923,1075,Jul15_0/66-20190712165230-snapshot.jpg
2,0,20190712,165700,82,5,1528,195,1608,253,Jul15_0/66-20190712165700-snapshot.jpg
2,0,20190712,170500,88,4,294,360,397,442,Jul15_0/66-20190712170500-snapshot.jpg
2,0,20190712,172730,90,4,173,412,273,507,Jul15_0/66-20190712172730-snapshot.jpg
2,0,20190712,173930,52,5,344,367,393,420,Jul15_0/66-20190712173930-snapshot.jpg
2,0,20190712,174030,87,4,650,799,723,919,Jul15_0/66-20190712174030-snapshot.jpg
2,0,20190712,174530,80,2,1711,295,1795,347,Jul15_0/66-20190712174530-snapshot.jpg
2,0,20190712,175430,88,3,336,282,428,399,Jul15_0/66-20190712175430-snapshot.jpg
2,0,20190712,182130,85,1,617,747,661,796,Jul15_0/66-20190712182130-snapshot.jpg
2,0,20190712,182200,78,1,980,754,1021,797,Jul15_0/66-20190712182200-snapshot.jpg
2,0,20190713,065000,28,5,1133,262,1176,301,Jul15_0/87-20190713065000-snapshot.jpg
2,0,20190713,065030,37,5,1132,262,1176,301,Jul15_0/87-20190713065030-snapshot.jpg
2,0,20190713,065200,35,5,1133,261,1178,300,Jul15_0/87-20190713065200-snapshot.jpg
2,0,20190713,065730,35,5,1131,263,1179,304,Jul15_0/88-20190713065730-snapshot.jpg
2,0,20190713,070000,45,5,1131,264,1179,304,Jul15_0/88-20190713070000-snapshot.jpg
2,0,20190713,070800,27,5,1130,266,1179,302,Jul15_0/88-20190713070800-snapshot.jpg
2,0,20190713,071330,28,5,1130,264,1179,304,Jul15_0/88-20190713071330-snapshot.jpg
2,0,20190713,073130,29,5,1129,264,1181,300,Jul15_0/88-20190713073130-snapshot.jpg
2,0,20190713,074130,41,5,1129,263,1179,301,Jul15_0/88-20190713074130-snapshot.jpg
2,0,20190713,074230,34,5,1129,263,1180,301,Jul15_0/88-20190713074230-snapshot.jpg
2,0,20190713,074700,31,5,1130,262,1179,300,Jul15_0/88-20190713074700-snapshot.jpg
2,0,20190713,074800,29,5,1199,192,1247,224,Jul15_0/88-20190713074800-snapshot.jpg
2,0,20190713,074800,37,5,1130,262,1181,299,Jul15_0/88-20190713074800-snapshot.jpg
2,0,20190713,075700,37,5,1129,261,1181,299,Jul15_0/88-20190713075700-snapshot.jpg
2,0,20190713,075930,35,5,1130,261,1181,298,Jul15_0/88-20190713075930-snapshot.jpg
2,0,20190713,075930,77,1,811,627,855,662,Jul15_0/88-20190713075930-snapshot.jpg
2,0,20190713,080000,84,1,780,613,820,654,Jul15_0/88-20190713080000-snapshot.jpg
2,0,20190713,080030,27,5,1131,262,1180,299,Jul15_0/88-20190713080030-snapshot.jpg
2,0,20190713,080030,84,1,685,563,725,600,Jul15_0/88-20190713080030-snapshot.jpg
2,0,20190713,080300,47,5,1130,260,1179,299,Jul15_0/88-20190713080300-snapshot.jpg
2,0,20190713,080400,51,5,1131,261,1181,299,Jul15_0/88-20190713080400-snapshot.jpg
2,0,20190713,080500,50,5,1130,261,1179,298,Jul15_0/88-20190713080500-snapshot.jpg
2,0,20190713,080600,58,5,1130,260,1180,299,Jul15_0/88-20190713080600-snapshot.jpg
2,0,20190713,080630,43,5,1131,261,1181,299,Jul15_0/88-20190713080630-snapshot.jpg
2,0,20190713,080700,28,5,1130,262,1180,299,Jul15_0/88-20190713080700-snapshot.jpg
2,0,20190713,080730,43,5,1130,262,1181,299,Jul15_0/88-20190713080730-snapshot.jpg
2,0,20190713,080800,60,5,1130,260,1180,297,Jul15_0/88-20190713080800-snapshot.jpg
2,0,20190713,080830,39,5,1131,260,1181,298,Jul15_0/88-20190713080830-snapshot.jpg
2,0,20190713,080930,36,5,1131,260,1181,297,Jul15_0/88-20190713080930-snapshot.jpg
2,0,20190713,081000,56,5,1130,261,1179,297,Jul15_0/88-20190713081000-snapshot.jpg
2,0,20190713,081130,49,5,1129,260,1179,297,Jul15_0/88-20190713081130-snapshot.jpg
2,0,20190713,081200,45,5,1129,260,1179,297,Jul15_0/88-20190713081200-snapshot.jpg
2,0,20190713,081230,28,5,1129,259,1179,297,Jul15_0/88-20190713081230-snapshot.jpg
2,0,20190713,081500,34,5,1129,262,1180,297,Jul15_0/88-20190713081500-snapshot.jpg
2,0,20190713,081630,31,5,1131,260,1179,297,Jul15_0/88-20190713081630-snapshot.jpg
2,0,20190713,081800,50,5,1130,261,1182,296,Jul15_0/88-20190713081800-snapshot.jpg
2,0,20190713,081830,63,5,1129,260,1181,298,Jul15_0/88-20190713081830-snapshot.jpg
2,0,20190713,081900,64,5,1129,260,1181,297,Jul15_0/88-20190713081900-snapshot.jpg
2,0,20190713,081930,30,5,1129,261,1179,298,Jul15_0/88-20190713081930-snapshot.jpg
2,0,20190713,082000,63,5,1129,261,1181,298,Jul15_0/88-20190713082000-snapshot.jpg
2,0,20190713,082030,48,5,1130,261,1180,298,Jul15_0/88-20190713082030-snapshot.jpg
2,0,20190713,082700,49,5,1130,260,1180,297,Jul15_0/88-20190713082700-snapshot.jpg
2,0,20190713,082730,43,5,1129,259,1180,296,Jul15_0/88-20190713082730-snapshot.jpg
2,0,20190713,082900,50,5,1128,259,1181,297,Jul15_0/88-20190713082900-snapshot.jpg
2,0,20190713,082930,59,5,1130,260,1180,297,Jul15_0/88-20190713082930-snapshot.jpg
2,0,20190713,083030,47,5,1130,260,1180,296,Jul15_0/88-20190713083030-snapshot.jpg
2,0,20190713,083100,50,5,1130,257,1180,296,Jul15_0/88-20190713083100-snapshot.jpg
2,0,20190713,083130,62,5,1129,258,1180,297,Jul15_0/88-20190713083130-snapshot.jpg
2,0,20190713,083230,37,5,1129,257,1180,297,Jul15_0/88-20190713083230-snapshot.jpg
2,0,20190713,083300,49,5,1129,258,1180,297,Jul15_0/88-20190713083300-snapshot.jpg
2,0,20190713,085600,29,5,1130,259,1180,297,Jul15_0/88-20190713085600-snapshot.jpg
2,0,20190713,091330,87,5,316,307,367,377,Jul15_0/88-20190713091330-snapshot.jpg
2,0,20190713,091400,85,5,314,301,367,369,Jul15_0/88-20190713091400-snapshot.jpg
2,0,20190713,091430,84,5,352,404,404,467,Jul15_0/88-20190713091430-snapshot.jpg
2,0,20190713,091530,70,5,308,56,358,92,Jul15_0/88-20190713091530-snapshot.jpg
2,0,20190713,091630,85,5,340,359,398,427,Jul15_0/88-20190713091630-snapshot.jpg
2,0,20190713,092730,69,5,1526,429,1586,465,Jul15_0/88-20190713092730-snapshot.jpg
2,0,20190713,093800,71,5,1472,259,1526,296,Jul15_0/88-20190713093800-snapshot.jpg
2,0,20190713,093800,81,1,330,277,382,347,Jul15_0/88-20190713093800-snapshot.jpg
2,0,20190713,093830,84,1,389,383,437,443,Jul15_0/88-20190713093830-snapshot.jpg
2,0,20190713,093900,87,1,237,672,283,717,Jul15_0/88-20190713093900-snapshot.jpg
2,0,20190713,093930,84,1,219,868,268,914,Jul15_0/88-20190713093930-snapshot.jpg
2,0,20190713,094230,88,3,622,679,714,754,Jul15_0/88-20190713094230-snapshot.jpg
2,0,20190713,100900,86,1,456,863,499,910,Jul15_0/88-20190713100900-snapshot.jpg
2,0,20190713,100930,84,1,737,726,785,785,Jul15_0/88-20190713100930-snapshot.jpg
2,0,20190713,101130,83,2,1624,392,1711,445,Jul15_0/88-20190713101130-snapshot.jpg
2,0,20190713,101200,75,2,1289,388,1372,452,Jul15_0/88-20190713101200-snapshot.jpg
2,0,20190713,101300,88,3,196,442,283,510,Jul15_0/88-20190713101300-snapshot.jpg
2,0,20190713,101530,83,5,1461,820,1515,894,Jul15_0/88-20190713101530-snapshot.jpg
2,0,20190713,102800,73,4,0,724,56,793,Jul15_0/88-20190713102800-snapshot.jpg
2,0,20190713,102800,85,4,629,700,720,808,Jul15_0/88-20190713102800-snapshot.jpg
2,0,20190713,102830,89,4,342,852,441,938,Jul15_0/88-20190713102830-snapshot.jpg
2,0,20190713,103130,84,5,1441,920,1488,990,Jul15_0/88-20190713103130-snapshot.jpg
2,0,20190713,103330,81,6,479,408,524,467,Jul15_0/88-20190713103330-snapshot.jpg
2,0,20190713,103400,75,6,47,564,105,628,Jul15_0/88-20190713103400-snapshot.jpg
2,0,20190713,103630,88,4,322,368,421,481,Jul15_0/88-20190713103630-snapshot.jpg
2,0,20190713,103800,54,5,349,777,398,814,Jul15_0/88-20190713103800-snapshot.jpg
2,0,20190713,104000,27,6,573,513,620,574,Jul15_0/88-20190713104000-snapshot.jpg
2,0,20190713,104030,77,5,997,301,1042,347,Jul15_0/88-20190713104030-snapshot.jpg
2,0,20190713,104300,85,6,1149,688,1201,762,Jul15_0/88-20190713104300-snapshot.jpg
2,0,20190713,104730,88,6,1440,803,1524,886,Jul15_0/88-20190713104730-snapshot.jpg
2,0,20190713,105100,87,2,677,750,755,849,Jul15_0/88-20190713105100-snapshot.jpg
2,0,20190713,110400,82,5,716,812,774,870,Jul15_0/88-20190713110400-snapshot.jpg
2,0,20190713,110930,36,3,1707,492,1768,571,Jul15_0/88-20190713110930-snapshot.jpg
2,0,20190713,111000,84,6,937,1003,1014,1063,Jul15_0/88-20190713111000-snapshot.jpg
2,0,20190713,111030,85,6,1527,208,1616,273,Jul15_0/88-20190713111030-snapshot.jpg
2,0,20190713,111600,81,6,1075,963,1151,1015,Jul15_0/88-20190713111600-snapshot.jpg
2,0,20190713,111630,80,6,941,86,994,160,Jul15_0/88-20190713111630-snapshot.jpg
2,0,20190713,111630,86,3,323,268,400,373,Jul15_0/88-20190713111630-snapshot.jpg
2,0,20190713,112330,84,2,1027,503,1112,565,Jul15_0/88-20190713112330-snapshot.jpg
2,0,20190713,112630,63,6,1540,334,1592,401,Jul15_0/88-20190713112630-snapshot.jpg
2,0,20190713,112730,81,6,1444,143,1530,212,Jul15_0/88-20190713112730-snapshot.jpg
2,0,20190713,113000,87,3,721,792,813,880,Jul15_0/88-20190713113000-snapshot.jpg
2,0,20190713,113500,87,3,621,730,685,824,Jul15_0/88-20190713113500-snapshot.jpg
2,0,20190713,113730,84,6,928,970,974,1037,Jul15_0/88-20190713113730-snapshot.jpg
2,0,20190713,113800,76,6,1624,435,1696,480,Jul15_0/88-20190713113800-snapshot.jpg
2,0,20190713,114300,82,2,1694,328,1758,395,Jul15_0/88-20190713114300-snapshot.jpg
2,0,20190713,114830,74,5,76,1020,125,1070,Jul15_0/88-20190713114830-snapshot.jpg
2,0,20190713,114830,88,2,1462,357,1573,420,Jul15_0/88-20190713114830-snapshot.jpg
2,0,20190713,115100,83,6,399,1008,487,1070,Jul15_0/88-20190713115100-snapshot.jpg
2,0,20190713,115200,85,6,1530,123,1612,179,Jul15_0/88-20190713115200-snapshot.jpg
2,0,20190713,120330,87,3,622,683,716,765,Jul15_0/88-20190713120330-snapshot.jpg
2,0,20190713,120630,35,6,658,405,723,449,Jul15_0/88-20190713120630-snapshot.jpg
2,0,20190713,121600,80,5,215,626,269,666,Jul15_0/88-20190713121600-snapshot.jpg
2,0,20190713,121630,55,5,273,987,320,1032,Jul15_0/88-20190713121630-snapshot.jpg
2,0,20190713,121700,71,5,255,857,306,893,Jul15_0/88-20190713121700-snapshot.jpg
2,0,20190713,121730,74,5,124,920,174,953,Jul15_0/88-20190713121730-snapshot.jpg
2,0,20190713,121800,79,5,28,804,71,857,Jul15_0/88-20190713121800-snapshot.jpg
2,0,20190713,121930,80,6,645,788,700,839,Jul15_0/88-20190713121930-snapshot.jpg
2,0,20190713,122000,73,6,950,966,1004,1005,Jul15_0/88-20190713122000-snapshot.jpg
2,0,20190713,122030,78,6,1067,972,1126,1034,Jul15_0/88-20190713122030-snapshot.jpg
2,0,20190713,122130,81,6,1456,992,1547,1053,Jul15_0/88-20190713122130-snapshot.jpg
2,0,20190713,122230,85,6,678,718,727,791,Jul15_0/88-20190713122230-snapshot.jpg
2,0,20190713,122300,80,5,235,896,302,937,Jul15_0/88-20190713122300-snapshot.jpg
2,0,20190713,122300,82,6,305,383,359,460,Jul15_0/88-20190713122300-snapshot.jpg
2,0,20190713,122500,83,6,1013,42,1088,108,Jul15_0/88-20190713122500-snapshot.jpg
2,0,20190713,122630,87,3,1655,177,1743,284,Jul15_0/88-20190713122630-snapshot.jpg
2,0,20190713,122700,87,3,695,774,775,870,Jul15_0/88-20190713122700-snapshot.jpg
2,0,20190713,122730,43,1,1402,1042,1455,1079,Jul15_0/88-20190713122730-snapshot.jpg
2,0,20190713,122930,78,5,160,898,213,943,Jul15_0/88-20190713122930-snapshot.jpg
2,0,20190713,122930,84,6,1691,632,1783,704,Jul15_0/88-20190713122930-snapshot.jpg
2,0,20190713,123130,85,6,978,42,1062,114,Jul15_0/88-20190713123130-snapshot.jpg
2,0,20190713,123230,81,6,958,281,1008,347,Jul15_0/88-20190713123230-snapshot.jpg
2,0,20190713,123630,80,6,83,979,155,1044,Jul15_0/88-20190713123630-snapshot.jpg
2,0,20190713,123830,61,5,1502,909,1553,981,Jul15_0/88-20190713123830-snapshot.jpg
2,0,20190713,123900,68,5,1650,479,1693,535,Jul15_0/88-20190713123900-snapshot.jpg
2,0,20190713,123900,85,5,1350,959,1399,1020,Jul15_0/88-20190713123900-snapshot.jpg
2,0,20190713,124000,81,5,1323,1004,1385,1049,Jul15_0/88-20190713124000-snapshot.jpg
2,0,20190713,124030,82,5,1009,528,1047,579,Jul15_0/88-20190713124030-snapshot.jpg
2,0,20190713,124030,88,4,174,930,269,1004,Jul15_0/88-20190713124030-snapshot.jpg
2,0,20190713,124100,73,5,1091,671,1146,709,Jul15_0/88-20190713124100-snapshot.jpg
2,0,20190713,124200,64,5,222,594,271,652,Jul15_0/88-20190713124200-snapshot.jpg
2,0,20190713,124200,79,5,1834,629,1893,690,Jul15_0/88-20190713124200-snapshot.jpg
2,0,20190713,124230,69,5,1587,378,1634,433,Jul15_0/88-20190713124230-snapshot.jpg
2,0,20190713,124300,77,5,249,718,301,761,Jul15_0/88-20190713124300-snapshot.jpg
2,0,20190713,124500,88,3,787,259,869,380,Jul15_0/88-20190713124500-snapshot.jpg
2,0,20190713,124800,82,5,1098,767,1156,824,Jul15_0/88-20190713124800-snapshot.jpg
2,0,20190713,125000,81,5,1404,485,1457,531,Jul15_0/88-20190713125000-snapshot.jpg
2,0,20190713,125100,84,4,73,718,170,790,Jul15_0/88-20190713125100-snapshot.jpg
2,0,20190713,125130,81,6,59,478,111,546,Jul15_0/88-20190713125130-snapshot.jpg
2,0,20190713,125200,82,5,1394,65,1477,124,Jul15_0/88-20190713125200-snapshot.jpg
2,0,20190713,125300,79,5,1770,591,1854,644,Jul15_0/88-20190713125300-snapshot.jpg
2,0,20190713,125330,80,5,1876,643,1920,718,Jul15_0/88-20190713125330-snapshot.jpg
2,0,20190713,125330,85,3,287,325,377,420,Jul15_0/88-20190713125330-snapshot.jpg
2,0,20190713,125430,84,6,1015,976,1064,1056,Jul15_0/88-20190713125430-snapshot.jpg
2,0,20190713,125530,86,2,703,713,776,798,Jul15_0/88-20190713125530-snapshot.jpg
2,0,20190713,125600,83,6,1413,898,1468,982,Jul15_0/88-20190713125600-snapshot.jpg
2,0,20190713,125600,88,2,321,255,384,346,Jul15_0/88-20190713125600-snapshot.jpg
2,0,20190713,125700,83,1,1339,253,1385,291,Jul15_0/88-20190713125700-snapshot.jpg
2,0,20190713,125800,81,6,1815,703,1893,772,Jul15_0/88-20190713125800-snapshot.jpg
2,0,20190713,125930,83,5,240,569,321,629,Jul15_0/88-20190713125930-snapshot.jpg
2,0,20190713,130000,84,5,1788,550,1879,610,Jul15_0/88-20190713130000-snapshot.jpg
2,0,20190713,130200,55,5,1708,587,1776,629,Jul15_0/88-20190713130200-snapshot.jpg
2,0,20190713,130600,85,5,97,493,151,555,Jul15_0/88-20190713130600-snapshot.jpg
2,0,20190713,131200,74,6,1753,794,1834,865,Jul15_0/88-20190713131200-snapshot.jpg
2,0,20190713,131630,69,5,272,773,328,819,Jul15_0/88-20190713131630-snapshot.jpg
2,0,20190713,131800,88,2,1687,314,1748,417,Jul15_0/88-20190713131800-snapshot.jpg
2,0,20190713,132230,85,2,1208,688,1281,773,Jul15_0/88-20190713132230-snapshot.jpg
2,0,20190713,132630,85,2,213,891,287,972,Jul15_0/88-20190713132630-snapshot.jpg
2,0,20190713,133100,77,5,1463,1017,1514,1079,Jul15_0/88-20190713133100-snapshot.jpg
2,0,20190713,133230,81,5,392,716,450,786,Jul15_0/88-20190713133230-snapshot.jpg
2,0,20190713,133530,67,5,1473,318,1518,370,Jul15_0/88-20190713133530-snapshot.jpg
2,0,20190713,133600,78,5,1151,303,1196,354,Jul15_0/88-20190713133600-snapshot.jpg
2,0,20190713,133630,65,5,25,551,76,587,Jul15_0/88-20190713133630-snapshot.jpg
2,0,20190713,133630,80,5,921,336,988,380,Jul15_0/88-20190713133630-snapshot.jpg
2,0,20190713,133830,78,5,622,307,670,354,Jul15_0/88-20190713133830-snapshot.jpg
2,0,20190713,133830,84,5,1668,553,1724,611,Jul15_0/88-20190713133830-snapshot.jpg
2,0,20190713,134030,70,5,390,291,441,351,Jul15_0/88-20190713134030-snapshot.jpg
2,0,20190713,134530,88,3,1092,786,1172,861,Jul15_0/88-20190713134530-snapshot.jpg
2,0,20190713,134900,79,1,292,451,335,492,Jul15_0/88-20190713134900-snapshot.jpg
2,0,20190713,135200,77,1,1642,60,1691,95,Jul15_0/88-20190713135200-snapshot.jpg
2,0,20190713,135800,84,5,1143,205,1195,272,Jul15_0/88-20190713135800-snapshot.jpg
2,0,20190713,140300,72,5,1488,443,1544,487,Jul15_0/88-20190713140300-snapshot.jpg
2,0,20190713,140330,82,6,914,233,971,296,Jul15_0/88-20190713140330-snapshot.jpg
2,0,20190713,140430,79,5,1788,266,1835,335,Jul15_0/88-20190713140430-snapshot.jpg
2,0,20190713,140500,86,3,651,630,737,722,Jul15_0/88-20190713140500-snapshot.jpg
2,0,20190713,140530,71,5,0,593,40,632,Jul15_0/88-20190713140530-snapshot.jpg
2,0,20190713,140630,81,5,1254,590,1313,651,Jul15_0/88-20190713140630-snapshot.jpg
2,0,20190713,140700,84,5,1288,556,1337,620,Jul15_0/88-20190713140700-snapshot.jpg
2,0,20190713,141030,85,2,1841,218,1910,306,Jul15_0/88-20190713141030-snapshot.jpg
2,0,20190713,141530,81,5,1754,315,1832,380,Jul15_0/88-20190713141530-snapshot.jpg
2,0,20190713,141600,67,5,1089,2,1141,38,Jul15_0/88-20190713141600-snapshot.jpg
2,0,20190713,141600,78,5,1477,1000,1525,1064,Jul15_0/88-20190713141600-snapshot.jpg
2,0,20190713,141930,75,5,603,605,660,648,Jul15_0/88-20190713141930-snapshot.jpg
2,0,20190713,142130,58,5,802,766,856,816,Jul15_0/88-20190713142130-snapshot.jpg
2,0,20190713,142230,37,5,723,820,789,874,Jul15_0/88-20190713142230-snapshot.jpg
2,0,20190713,142330,87,2,1564,309,1673,368,Jul15_0/88-20190713142330-snapshot.jpg
2,0,20190713,142500,77,5,214,585,269,652,Jul15_0/88-20190713142500-snapshot.jpg
2,0,20190713,143200,81,5,1119,26,1172,69,Jul15_0/88-20190713143200-snapshot.jpg
2,0,20190713,143200,85,4,156,393,250,463,Jul15_0/88-20190713143200-snapshot.jpg
2,0,20190713,143400,81,5,1092,569,1147,628,Jul15_0/88-20190713143400-snapshot.jpg
2,0,20190713,143730,26,5,0,509,33,557,Jul15_0/88-20190713143730-snapshot.jpg
2,0,20190713,143730,71,6,1033,3,1078,61,Jul15_0/88-20190713143730-snapshot.jpg
2,0,20190713,143800,77,6,1691,473,1773,534,Jul15_0/88-20190713143800-snapshot.jpg
2,0,20190713,144130,41,5,1143,374,1189,426,Jul15_0/88-20190713144130-snapshot.jpg
2,0,20190713,144200,64,6,1013,449,1075,483,Jul15_0/88-20190713144200-snapshot.jpg
2,0,20190713,144430,67,5,149,112,190,167,Jul15_0/88-20190713144430-snapshot.jpg
2,0,20190713,144830,88,3,700,307,784,419,Jul15_0/88-20190713144830-snapshot.jpg
2,0,20190713,145200,79,5,1576,477,1630,517,Jul15_0/88-20190713145200-snapshot.jpg
2,0,20190713,145430,78,5,1260,738,1300,788,Jul15_0/88-20190713145430-snapshot.jpg
2,0,20190713,145500,77,5,1315,994,1366,1029,Jul15_0/88-20190713145500-snapshot.jpg
2,0,20190713,145530,85,5,1349,1013,1393,1068,Jul15_0/88-20190713145530-snapshot.jpg
2,0,20190713,145600,68,1,178,238,221,274,Jul15_0/88-20190713145600-snapshot.jpg
2,0,20190713,145600,79,5,1266,1020,1317,1063,Jul15_0/88-20190713145600-snapshot.jpg
2,0,20190713,145630,77,5,1262,1024,1313,1070,Jul15_0/88-20190713145630-snapshot.jpg
2,0,20190713,145800,83,2,660,701,720,794,Jul15_0/88-20190713145800-snapshot.jpg
2,0,20190713,145830,80,6,451,744,509,824,Jul15_0/88-20190713145830-snapshot.jpg
2,0,20190713,145830,87,2,176,425,258,489,Jul15_0/88-20190713145830-snapshot.jpg
2,0,20190713,145830,88,2,1184,603,1277,661,Jul15_0/88-20190713145830-snapshot.jpg
2,0,20190713,145900,87,2,1592,450,1703,510,Jul15_0/88-20190713145900-snapshot.jpg
2,0,20190713,150000,77,5,1289,976,1340,1009,Jul15_0/88-20190713150000-snapshot.jpg
2,0,20190713,150030,70,5,1371,901,1407,956,Jul15_0/88-20190713150030-snapshot.jpg
2,0,20190713,150300,38,5,1517,228,1555,271,Jul15_0/88-20190713150300-snapshot.jpg
2,0,20190713,150330,52,5,1515,234,1562,281,Jul15_0/88-20190713150330-snapshot.jpg
2,0,20190713,150500,84,6,1582,332,1665,388,Jul15_0/88-20190713150500-snapshot.jpg
2,0,20190713,150530,80,2,34,816,93,884,Jul15_0/88-20190713150530-snapshot.jpg
2,0,20190713,150600,88,2,1291,915,1357,1014,Jul15_0/88-20190713150600-snapshot.jpg
2,0,20190713,151300,86,2,654,923,747,992,Jul15_0/88-20190713151300-snapshot.jpg
2,0,20190713,151330,65,5,1136,39,1183,73,Jul15_0/88-20190713151330-snapshot.jpg
2,0,20190713,151500,83,5,1746,783,1824,831,Jul15_0/88-20190713151500-snapshot.jpg
2,0,20190713,151630,87,2,0,714,82,776,Jul15_0/88-20190713151630-snapshot.jpg
2,0,20190713,152030,77,5,1710,349,1761,403,Jul15_0/88-20190713152030-snapshot.jpg
2,0,20190713,152130,82,5,678,654,728,714,Jul15_0/88-20190713152130-snapshot.jpg
2,0,20190713,152200,78,5,1240,1030,1289,1080,Jul15_0/88-20190713152200-snapshot.jpg
2,0,20190713,152200,82,5,258,592,307,656,Jul15_0/88-20190713152200-snapshot.jpg
2,0,20190713,152230,80,5,585,322,631,374,Jul15_0/88-20190713152230-snapshot.jpg
2,0,20190713,152300,83,5,586,326,633,383,Jul15_0/88-20190713152300-snapshot.jpg
2,0,20190713,152330,76,5,244,724,292,787,Jul15_0/88-20190713152330-snapshot.jpg
2,0,20190713,152400,81,5,1116,335,1192,382,Jul15_0/88-20190713152400-snapshot.jpg
2,0,20190713,152400,84,5,688,790,738,855,Jul15_0/88-20190713152400-snapshot.jpg
2,0,20190713,152600,87,2,232,883,326,942,Jul15_0/88-20190713152600-snapshot.jpg
2,0,20190713,152830,73,2,254,1005,333,1067,Jul15_0/88-20190713152830-snapshot.jpg
2,0,20190713,153030,88,3,461,240,575,314,Jul15_0/88-20190713153030-snapshot.jpg
2,0,20190713,153100,84,5,1184,644,1235,707,Jul15_0/88-20190713153100-snapshot.jpg
2,0,20190713,153300,45,5,481,437,523,477,Jul15_0/88-20190713153300-snapshot.jpg
2,0,20190713,153430,53,5,1645,354,1695,412,Jul15_0/88-20190713153430-snapshot.jpg
2,0,20190713,153430,75,3,625,760,721,846,Jul15_0/88-20190713153430-snapshot.jpg
2,0,20190713,153500,82,3,765,789,860,872,Jul15_0/88-20190713153500-snapshot.jpg
2,0,20190713,153530,73,2,1863,292,1920,354,Jul15_0/88-20190713153530-snapshot.jpg
2,0,20190713,153830,83,5,1465,1022,1529,1079,Jul15_0/88-20190713153830-snapshot.jpg
2,0,20190713,154100,82,5,1407,425,1458,492,Jul15_0/88-20190713154100-snapshot.jpg
2,0,20190713,154130,80,6,1055,1,1106,61,Jul15_0/88-20190713154130-snapshot.jpg
2,0,20190713,154200,67,5,427,755,470,803,Jul15_0/88-20190713154200-snapshot.jpg
2,0,20190713,154200,88,6,18,121,70,203,Jul15_0/88-20190713154200-snapshot.jpg
2,0,20190713,154300,86,3,172,433,237,527,Jul15_0/88-20190713154300-snapshot.jpg
2,0,20190713,154430,88,2,79,417,182,493,Jul15_0/88-20190713154430-snapshot.jpg
2,0,20190713,154700,86,2,1011,480,1108,535,Jul15_0/88-20190713154700-snapshot.jpg
2,0,20190713,154900,85,5,1035,392,1112,443,Jul15_0/88-20190713154900-snapshot.jpg
2,0,20190713,155230,84,2,1692,617,1789,711,Jul15_0/88-20190713155230-snapshot.jpg
2,0,20190713,155400,28,5,1362,984,1403,1032,Jul15_0/88-20190713155400-snapshot.jpg
2,0,20190713,155400,82,5,1712,353,1769,414,Jul15_0/88-20190713155400-snapshot.jpg
2,0,20190713,155430,49,5,1323,960,1362,1003,Jul15_0/88-20190713155430-snapshot.jpg
2,0,20190713,155430,82,5,1271,813,1345,867,Jul15_0/88-20190713155430-snapshot.jpg
2,0,20190713,155430,87,2,347,303,424,385,Jul15_0/88-20190713155430-snapshot.jpg
2,0,20190713,155600,40,5,1868,817,1919,874,Jul15_0/88-20190713155600-snapshot.jpg
2,0,20190713,155830,82,3,372,1024,458,1078,Jul15_0/88-20190713155830-snapshot.jpg
2,0,20190713,160000,86,3,628,855,721,949,Jul15_0/88-20190713160000-snapshot.jpg
2,0,20190713,160130,88,2,196,447,280,506,Jul15_0/88-20190713160130-snapshot.jpg
2,0,20190713,160230,82,5,1623,224,1676,287,Jul15_0/88-20190713160230-snapshot.jpg
2,0,20190713,160330,83,5,991,571,1052,618,Jul15_0/88-20190713160330-snapshot.jpg
2,0,20190713,160700,75,6,912,324,958,375,Jul15_0/88-20190713160700-snapshot.jpg
2,0,20190713,160700,82,5,1430,422,1488,475,Jul15_0/88-20190713160700-snapshot.jpg
2,0,20190713,161300,85,1,462,54,509,99,Jul15_0/88-20190713161300-snapshot.jpg
2,0,20190713,161330,86,1,608,518,651,558,Jul15_0/88-20190713161330-snapshot.jpg
2,0,20190713,161400,64,5,1281,634,1342,679,Jul15_0/88-20190713161400-snapshot.jpg
2,0,20190713,161400,76,1,618,743,659,780,Jul15_0/88-20190713161400-snapshot.jpg
2,0,20190713,161700,74,5,1275,62,1323,111,Jul15_0/88-20190713161700-snapshot.jpg
2,0,20190713,161700,82,3,711,732,774,824,Jul15_0/88-20190713161700-snapshot.jpg
2,0,20190713,161730,79,5,1573,400,1649,454,Jul15_0/88-20190713161730-snapshot.jpg
2,0,20190713,161800,89,3,223,453,334,525,Jul15_0/88-20190713161800-snapshot.jpg
2,0,20190713,161900,84,5,1172,621,1244,676,Jul15_0/88-20190713161900-snapshot.jpg
2,0,20190713,161930,80,5,1185,621,1255,674,Jul15_0/88-20190713161930-snapshot.jpg
2,0,20190713,162000,52,6,1206,648,1253,710,Jul15_0/88-20190713162000-snapshot.jpg
2,0,20190713,162030,82,5,1234,696,1285,755,Jul15_0/88-20190713162030-snapshot.jpg
2,0,20190713,162100,80,5,1174,755,1248,808,Jul15_0/88-20190713162100-snapshot.jpg
2,0,20190713,162200,83,5,1219,667,1276,733,Jul15_0/88-20190713162200-snapshot.jpg
2,0,20190713,162330,90,3,274,254,381,335,Jul15_0/88-20190713162330-snapshot.jpg
2,0,20190713,162830,87,3,631,665,721,761,Jul15_0/88-20190713162830-snapshot.jpg
2,0,20190713,163100,81,5,1037,526,1080,578,Jul15_0/88-20190713163100-snapshot.jpg
2,0,20190713,163230,77,6,1019,532,1057,581,Jul15_0/88-20190713163230-snapshot.jpg
2,0,20190713,163400,75,5,335,954,376,1009,Jul15_0/88-20190713163400-snapshot.jpg
2,0,20190713,163500,73,5,1147,318,1197,382,Jul15_0/88-20190713163500-snapshot.jpg
2,0,20190713,163530,83,5,1226,93,1278,152,Jul15_0/88-20190713163530-snapshot.jpg
2,0,20190713,163600,79,5,1617,226,1671,283,Jul15_0/88-20190713163600-snapshot.jpg
2,0,20190713,163600,86,3,660,659,740,759,Jul15_0/88-20190713163600-snapshot.jpg
2,0,20190713,163630,86,2,1509,223,1617,284,Jul15_0/88-20190713163630-snapshot.jpg
2,0,20190713,163700,74,5,60,822,116,855,Jul15_0/88-20190713163700-snapshot.jpg
2,0,20190713,163730,75,5,163,896,218,930,Jul15_0/88-20190713163730-snapshot.jpg
2,0,20190713,163800,83,6,1078,634,1132,709,Jul15_0/88-20190713163800-snapshot.jpg
2,0,20190713,163830,75,5,1651,1024,1705,1080,Jul15_0/88-20190713163830-snapshot.jpg
2,0,20190713,163830,81,5,1229,709,1298,752,Jul15_0/88-20190713163830-snapshot.jpg
2,0,20190713,163900,83,2,1139,11,1205,100,Jul15_0/88-20190713163900-snapshot.jpg
2,0,20190713,163930,85,5,1116,979,1163,1045,Jul15_0/88-20190713163930-snapshot.jpg
2,0,20190713,164030,81,6,1653,404,1731,460,Jul15_0/88-20190713164030-snapshot.jpg
2,0,20190713,164230,87,3,310,413,420,487,Jul15_0/88-20190713164230-snapshot.jpg
2,0,20190713,164430,75,5,1021,500,1062,546,Jul15_0/88-20190713164430-snapshot.jpg
2,0,20190713,164630,79,5,1010,486,1061,540,Jul15_0/88-20190713164630-snapshot.jpg
2,0,20190713,164700,80,5,1512,344,1563,410,Jul15_0/88-20190713164700-snapshot.jpg
2,0,20190713,164800,84,5,1156,712,1203,776,Jul15_0/88-20190713164800-snapshot.jpg
2,0,20190713,164900,52,5,333,45,392,79,Jul15_0/88-20190713164900-snapshot.jpg
2,0,20190713,165000,79,5,257,846,312,903,Jul15_0/88-20190713165000-snapshot.jpg
2,0,20190713,165030,73,5,336,895,381,954,Jul15_0/88-20190713165030-snapshot.jpg
2,0,20190713,165230,65,5,1726,580,1777,644,Jul15_0/88-20190713165230-snapshot.jpg
2,0,20190713,165400,81,5,974,974,1021,1026,Jul15_0/88-20190713165400-snapshot.jpg
2,0,20190713,165430,63,5,253,70,305,107,Jul15_0/88-20190713165430-snapshot.jpg
2,0,20190713,165500,71,5,143,87,188,128,Jul15_0/88-20190713165500-snapshot.jpg
2,0,20190713,165530,45,5,68,77,107,124,Jul15_0/88-20190713165530-snapshot.jpg
2,0,20190713,165530,76,5,275,883,319,932,Jul15_0/88-20190713165530-snapshot.jpg
2,0,20190713,165530,80,2,1764,266,1856,325,Jul15_0/88-20190713165530-snapshot.jpg
2,0,20190713,165600,75,5,1178,709,1238,751,Jul15_0/88-20190713165600-snapshot.jpg
2,0,20190713,165600,86,2,1623,366,1718,435,Jul15_0/88-20190713165600-snapshot.jpg
2,0,20190713,165700,73,6,69,1001,131,1060,Jul15_0/88-20190713165700-snapshot.jpg
2,0,20190713,165930,86,1,1077,219,1126,268,Jul15_0/88-20190713165930-snapshot.jpg
2,0,20190713,170030,81,5,1197,789,1268,830,Jul15_0/88-20190713170030-snapshot.jpg
2,0,20190713,170100,81,5,1734,515,1794,577,Jul15_0/88-20190713170100-snapshot.jpg
2,0,20190713,170130,80,2,1373,1031,1476,1080,Jul15_0/88-20190713170130-snapshot.jpg
2,0,20190713,171100,83,5,954,977,1002,1038,Jul15_0/88-20190713171100-snapshot.jpg
2,0,20190713,171200,87,2,780,296,864,384,Jul15_0/88-20190713171200-snapshot.jpg
2,0,20190713,171600,66,5,75,694,123,744,Jul15_0/88-20190713171600-snapshot.jpg
2,0,20190713,171630,79,5,219,915,295,959,Jul15_0/88-20190713171630-snapshot.jpg
2,0,20190713,171800,39,5,1842,180,1906,234,Jul15_0/88-20190713171800-snapshot.jpg
2,0,20190713,172100,81,5,983,35,1044,75,Jul15_0/88-20190713172100-snapshot.jpg
2,0,20190713,172330,84,8,763,172,860,262,Jul15_0/88-20190713172330-snapshot.jpg
2,0,20190713,172500,80,2,666,785,742,881,Jul15_0/88-20190713172500-snapshot.jpg
2,0,20190713,172530,87,2,725,804,821,881,Jul15_0/88-20190713172530-snapshot.jpg
2,0,20190713,172600,86,2,327,318,411,397,Jul15_0/88-20190713172600-snapshot.jpg
2,0,20190713,173100,83,3,259,429,370,509,Jul15_0/88-20190713173100-snapshot.jpg
2,0,20190713,173430,82,5,1237,988,1288,1045,Jul15_0/88-20190713173430-snapshot.jpg
2,0,20190713,173500,81,5,1311,1030,1367,1078,Jul15_0/88-20190713173500-snapshot.jpg
2,0,20190713,173500,81,6,949,957,995,1016,Jul15_0/88-20190713173500-snapshot.jpg
2,0,20190713,173530,71,5,1176,663,1229,708,Jul15_0/88-20190713173530-snapshot.jpg
2,0,20190713,173600,67,5,1752,799,1813,882,Jul15_0/88-20190713173600-snapshot.jpg
2,0,20190713,173700,53,5,1754,502,1812,570,Jul15_0/88-20190713173700-snapshot.jpg
2,0,20190713,173730,81,5,1529,168,1588,231,Jul15_0/88-20190713173730-snapshot.jpg
2,0,20190713,173800,49,6,636,521,685,591,Jul15_0/88-20190713173800-snapshot.jpg
2,0,20190713,173800,77,5,1312,82,1365,132,Jul15_0/88-20190713173800-snapshot.jpg
2,0,20190713,173900,71,5,383,958,444,1004,Jul15_0/88-20190713173900-snapshot.jpg
2,0,20190713,174130,83,5,935,961,988,1005,Jul15_0/88-20190713174130-snapshot.jpg
2,0,20190713,174200,67,5,1768,497,1825,552,Jul15_0/88-20190713174200-snapshot.jpg
2,0,20190713,174330,88,3,685,817,787,897,Jul15_0/88-20190713174330-snapshot.jpg
2,0,20190713,174330,89,2,1660,142,1757,223,Jul15_0/88-20190713174330-snapshot.jpg
2,0,20190713,174500,88,3,605,166,691,276,Jul15_0/88-20190713174500-snapshot.jpg
2,0,20190713,175300,86,5,295,344,343,412,Jul15_0/88-20190713175300-snapshot.jpg
2,0,20190713,175330,83,5,366,222,418,282,Jul15_0/88-20190713175330-snapshot.jpg
2,0,20190713,175400,74,5,376,241,421,310,Jul15_0/88-20190713175400-snapshot.jpg
2,0,20190713,175500,82,5,364,300,424,345,Jul15_0/88-20190713175500-snapshot.jpg
2,0,20190713,175830,85,5,1835,234,1891,311,Jul15_0/88-20190713175830-snapshot.jpg
2,0,20190713,180600,84,8,279,760,380,825,Jul15_0/88-20190713180600-snapshot.jpg
2,0,20190713,180630,76,5,125,73,182,103,Jul15_0/88-20190713180630-snapshot.jpg
2,0,20190713,180800,39,6,68,188,135,222,Jul15_0/88-20190713180800-snapshot.jpg
2,0,20190713,180800,64,5,69,189,134,222,Jul15_0/88-20190713180800-snapshot.jpg
2,0,20190713,181400,26,5,0,102,35,155,Jul15_0/88-20190713181400-snapshot.jpg
2,0,20190713,181430,80,5,352,629,403,693,Jul15_0/88-20190713181430-snapshot.jpg
2,0,20190713,181500,82,5,1018,989,1067,1052,Jul15_0/88-20190713181500-snapshot.jpg
2,0,20190713,181600,88,3,339,364,418,459,Jul15_0/88-20190713181600-snapshot.jpg
2,0,20190713,181700,70,5,0,751,38,788,Jul15_0/88-20190713181700-snapshot.jpg
2,0,20190713,182830,88,3,637,511,745,588,Jul15_0/88-20190713182830-snapshot.jpg
2,0,20190713,184700,79,5,1475,864,1550,915,Jul15_0/88-20190713184700-snapshot.jpg
2,0,20190713,184730,64,6,1396,957,1449,1024,Jul15_0/88-20190713184730-snapshot.jpg
2,0,20190713,184800,81,5,1282,1007,1333,1072,Jul15_0/88-20190713184800-snapshot.jpg
2,0,20190713,185130,87,3,160,376,264,449,Jul15_0/88-20190713185130-snapshot.jpg
2,0,20190713,185230,55,5,1289,417,1334,463,Jul15_0/88-20190713185230-snapshot.jpg
2,0,20190713,185230,74,5,1582,450,1630,498,Jul15_0/88-20190713185230-snapshot.jpg
2,0,20190713,190330,31,5,1709,267,1757,317,Jul15_0/88-20190713190330-snapshot.jpg
2,0,20190713,190530,82,5,207,774,264,834,Jul15_0/88-20190713190530-snapshot.jpg
2,0,20190714,092000,80,1,1778,25,1823,63,Jul15_0/97-20190714092000-snapshot.jpg
2,0,20190714,092100,85,1,1835,236,1881,281,Jul15_0/97-20190714092100-snapshot.jpg
2,0,20190714,092300,82,1,1753,215,1797,250,Jul15_0/97-20190714092300-snapshot.jpg
2,0,20190714,092330,82,1,1682,73,1723,114,Jul15_0/97-20190714092330-snapshot.jpg
2,0,20190714,092430,82,1,1688,65,1728,104,Jul15_0/97-20190714092430-snapshot.jpg
2,0,20190714,093300,80,1,504,399,551,443,Jul15_0/97-20190714093300-snapshot.jpg
2,0,20190714,093500,89,1,396,159,444,209,Jul15_0/97-20190714093500-snapshot.jpg
2,0,20190714,093530,87,1,329,246,380,302,Jul15_0/97-20190714093530-snapshot.jpg
2,0,20190714,093600,79,1,398,296,445,346,Jul15_0/97-20190714093600-snapshot.jpg
2,0,20190714,093630,85,1,548,442,593,483,Jul15_0/97-20190714093630-snapshot.jpg
2,0,20190714,093700,85,1,701,350,746,400,Jul15_0/97-20190714093700-snapshot.jpg
2,0,20190714,093730,85,1,594,448,642,497,Jul15_0/97-20190714093730-snapshot.jpg
2,0,20190714,093900,87,1,478,773,527,820,Jul15_0/97-20190714093900-snapshot.jpg
2,0,20190714,094200,80,1,0,345,32,394,Jul15_0/97-20190714094200-snapshot.jpg
2,0,20190714,094300,60,1,104,629,148,672,Jul15_0/97-20190714094300-snapshot.jpg
2,0,20190714,094330,83,1,44,688,92,728,Jul15_0/97-20190714094330-snapshot.jpg
2,0,20190714,094430,78,1,145,636,194,682,Jul15_0/97-20190714094430-snapshot.jpg
2,0,20190714,094900,85,1,384,179,430,234,Jul15_0/97-20190714094900-snapshot.jpg
2,0,20190714,094930,48,1,261,302,307,346,Jul15_0/97-20190714094930-snapshot.jpg
2,0,20190714,095000,82,1,321,323,374,386,Jul15_0/97-20190714095000-snapshot.jpg
2,0,20190714,095030,85,1,421,391,469,440,Jul15_0/97-20190714095030-snapshot.jpg
2,0,20190714,095330,84,3,679,686,759,771,Jul15_0/97-20190714095330-snapshot.jpg
2,0,20190714,095500,88,1,488,60,531,105,Jul15_0/97-20190714095500-snapshot.jpg
2,0,20190714,095530,86,1,483,60,524,100,Jul15_0/97-20190714095530-snapshot.jpg
2,0,20190714,095600,86,1,483,60,524,101,Jul15_0/97-20190714095600-snapshot.jpg
2,0,20190714,095630,85,1,482,61,524,102,Jul15_0/97-20190714095630-snapshot.jpg
2,0,20190714,095700,85,1,483,61,525,102,Jul15_0/97-20190714095700-snapshot.jpg
2,0,20190714,095730,85,1,482,61,524,102,Jul15_0/97-20190714095730-snapshot.jpg
2,0,20190714,095800,84,1,482,62,523,102,Jul15_0/97-20190714095800-snapshot.jpg
2,0,20190714,095830,86,1,483,60,523,100,Jul15_0/97-20190714095830-snapshot.jpg
2,0,20190714,095900,84,1,482,59,522,96,Jul15_0/97-20190714095900-snapshot.jpg
2,0,20190714,095930,86,1,482,60,522,100,Jul15_0/97-20190714095930-snapshot.jpg
2,0,20190714,100000,86,1,482,60,522,99,Jul15_0/97-20190714100000-snapshot.jpg
2,0,20190714,100030,86,1,482,60,522,100,Jul15_0/97-20190714100030-snapshot.jpg
2,0,20190714,100100,86,1,481,60,522,100,Jul15_0/97-20190714100100-snapshot.jpg
2,0,20190714,100130,86,1,481,60,522,100,Jul15_0/97-20190714100130-snapshot.jpg
2,0,20190714,100200,86,1,481,60,522,99,Jul15_0/97-20190714100200-snapshot.jpg
2,0,20190714,100230,86,1,481,60,522,99,Jul15_0/97-20190714100230-snapshot.jpg
2,0,20190714,100300,86,1,481,60,522,99,Jul15_0/97-20190714100300-snapshot.jpg
2,0,20190714,100330,85,1,481,60,522,99,Jul15_0/97-20190714100330-snapshot.jpg
2,0,20190714,100400,86,1,481,60,522,100,Jul15_0/97-20190714100400-snapshot.jpg
2,0,20190714,100430,86,1,481,60,521,100,Jul15_0/97-20190714100430-snapshot.jpg
2,0,20190714,100500,86,1,481,60,522,100,Jul15_0/97-20190714100500-snapshot.jpg
2,0,20190714,100530,85,1,481,60,521,99,Jul15_0/97-20190714100530-snapshot.jpg
2,0,20190714,100600,85,1,481,60,521,99,Jul15_0/97-20190714100600-snapshot.jpg
2,0,20190714,100630,85,1,481,60,521,99,Jul15_0/97-20190714100630-snapshot.jpg
2,0,20190714,100700,85,1,481,60,521,99,Jul15_0/97-20190714100700-snapshot.jpg
2,0,20190714,100730,86,1,481,60,521,100,Jul15_0/97-20190714100730-snapshot.jpg
2,0,20190714,100800,85,1,482,61,521,100,Jul15_0/97-20190714100800-snapshot.jpg
2,0,20190714,100830,85,1,482,61,521,100,Jul15_0/97-20190714100830-snapshot.jpg
2,0,20190714,100900,85,1,482,61,521,100,Jul15_0/97-20190714100900-snapshot.jpg
2,0,20190714,100930,85,1,482,61,521,100,Jul15_0/97-20190714100930-snapshot.jpg
2,0,20190714,101000,85,1,482,61,521,100,Jul15_0/97-20190714101000-snapshot.jpg
2,0,20190714,101030,85,1,482,61,521,101,Jul15_0/97-20190714101030-snapshot.jpg
2,0,20190714,101100,85,1,482,61,521,100,Jul15_0/97-20190714101100-snapshot.jpg
2,0,20190714,101130,85,1,482,62,521,101,Jul15_0/97-20190714101130-snapshot.jpg
2,0,20190714,101200,85,1,482,61,522,101,Jul15_0/97-20190714101200-snapshot.jpg
2,0,20190714,101230,85,1,482,61,521,101,Jul15_0/97-20190714101230-snapshot.jpg
2,0,20190714,101300,85,1,482,61,521,100,Jul15_0/97-20190714101300-snapshot.jpg
2,0,20190714,101330,85,1,481,61,521,101,Jul15_0/97-20190714101330-snapshot.jpg
2,0,20190714,101400,85,1,482,61,521,100,Jul15_0/97-20190714101400-snapshot.jpg
2,0,20190714,101430,85,1,481,62,521,101,Jul15_0/97-20190714101430-snapshot.jpg
2,0,20190714,101500,85,1,481,62,520,100,Jul15_0/97-20190714101500-snapshot.jpg
2,0,20190714,101530,85,1,481,62,520,100,Jul15_0/97-20190714101530-snapshot.jpg
2,0,20190714,101600,84,1,480,62,519,100,Jul15_0/97-20190714101600-snapshot.jpg
2,0,20190714,101630,85,1,481,62,520,100,Jul15_0/97-20190714101630-snapshot.jpg
2,0,20190714,101700,85,1,601,59,644,102,Jul15_0/97-20190714101700-snapshot.jpg
2,0,20190714,101900,89,1,431,54,479,103,Jul15_0/97-20190714101900-snapshot.jpg
2,0,20190714,102300,88,3,740,868,849,950,Jul15_0/97-20190714102300-snapshot.jpg
2,0,20190714,103230,84,3,199,366,284,469,Jul15_0/97-20190714103230-snapshot.jpg
2,0,20190714,111100,87,1,1744,241,1800,304,Jul15_0/97-20190714111100-snapshot.jpg
2,0,20190714,112900,84,6,1125,593,1203,664,Jul15_0/97-20190714112900-snapshot.jpg
2,0,20190714,112930,83,6,1139,589,1196,662,Jul15_0/97-20190714112930-snapshot.jpg
2,0,20190714,113000,87,6,1160,487,1248,553,Jul15_0/97-20190714113000-snapshot.jpg
2,0,20190714,113030,88,3,329,286,391,382,Jul15_0/97-20190714113030-snapshot.jpg
2,0,20190714,113100,90,3,732,782,830,861,Jul15_0/97-20190714113100-snapshot.jpg
2,0,20190714,114230,88,3,305,394,409,475,Jul15_0/97-20190714114230-snapshot.jpg
2,0,20190714,115100,89,3,334,378,401,475,Jul15_0/97-20190714115100-snapshot.jpg
2,0,20190714,120000,48,1,659,317,703,355,Jul15_0/97-20190714120000-snapshot.jpg
2,0,20190714,120030,81,1,624,344,668,394,Jul15_0/97-20190714120030-snapshot.jpg
2,0,20190714,120200,30,1,729,782,783,841,Jul15_0/97-20190714120200-snapshot.jpg
2,0,20190714,120200,71,6,57,447,139,501,Jul15_0/97-20190714120200-snapshot.jpg
2,0,20190714,120230,87,1,546,746,591,796,Jul15_0/97-20190714120230-snapshot.jpg
2,0,20190714,120300,41,1,467,862,509,899,Jul15_0/97-20190714120300-snapshot.jpg
2,0,20190714,120330,86,1,299,907,350,970,Jul15_0/97-20190714120330-snapshot.jpg
2,0,20190714,120400,86,1,299,905,349,964,Jul15_0/97-20190714120400-snapshot.jpg
2,0,20190714,120430,83,1,53,1043,98,1080,Jul15_0/97-20190714120430-snapshot.jpg
2,0,20190714,120830,88,3,503,352,595,433,Jul15_0/97-20190714120830-snapshot.jpg
2,0,20190714,122100,88,3,377,375,456,473,Jul15_0/97-20190714122100-snapshot.jpg
2,0,20190714,122430,83,5,1029,702,1076,753,Jul15_0/97-20190714122430-snapshot.jpg
2,0,20190714,122500,82,5,1451,442,1506,499,Jul15_0/97-20190714122500-snapshot.jpg
2,0,20190714,122530,81,5,1456,385,1506,442,Jul15_0/97-20190714122530-snapshot.jpg
2,0,20190714,122600,83,5,1620,285,1671,355,Jul15_0/97-20190714122600-snapshot.jpg
2,0,20190714,122630,75,5,1407,224,1457,275,Jul15_0/97-20190714122630-snapshot.jpg
2,0,20190714,122700,81,5,1418,419,1484,465,Jul15_0/97-20190714122700-snapshot.jpg
2,0,20190714,122730,80,5,1310,562,1358,613,Jul15_0/97-20190714122730-snapshot.jpg
2,0,20190714,123000,90,2,367,240,459,323,Jul15_0/97-20190714123000-snapshot.jpg
2,0,20190714,123300,83,5,1431,392,1489,442,Jul15_0/97-20190714123300-snapshot.jpg
2,0,20190714,124400,78,5,1872,801,1920,867,Jul15_0/97-20190714124400-snapshot.jpg
2,0,20190714,124430,76,5,952,338,1011,375,Jul15_0/97-20190714124430-snapshot.jpg
2,0,20190714,124500,80,5,781,395,831,448,Jul15_0/97-20190714124500-snapshot.jpg
2,0,20190714,124530,83,5,776,378,823,436,Jul15_0/97-20190714124530-snapshot.jpg
2,0,20190714,124600,84,5,780,367,831,422,Jul15_0/97-20190714124600-snapshot.jpg
2,0,20190714,124630,88,3,517,403,622,481,Jul15_0/97-20190714124630-snapshot.jpg
2,0,20190714,124700,80,5,1291,26,1387,86,Jul15_0/97-20190714124700-snapshot.jpg
2,0,20190714,124900,90,2,691,323,787,402,Jul15_0/97-20190714124900-snapshot.jpg
2,0,20190714,130800,87,2,725,712,785,814,Jul15_0/97-20190714130800-snapshot.jpg
2,0,20190714,130830,89,2,277,308,360,402,Jul15_0/97-20190714130830-snapshot.jpg
2,0,20190714,130900,88,2,368,362,471,474,Jul15_0/97-20190714130900-snapshot.jpg
2,0,20190714,132030,89,3,153,444,250,537,Jul15_0/97-20190714132030-snapshot.jpg
2,0,20190714,132630,83,5,35,192,91,245,Jul15_0/97-20190714132630-snapshot.jpg
2,0,20190714,133030,89,2,999,325,1103,397,Jul15_0/97-20190714133030-snapshot.jpg
2,0,20190714,133100,87,2,323,284,401,375,Jul15_0/97-20190714133100-snapshot.jpg
2,0,20190714,133130,46,2,680,804,764,900,Jul15_0/97-20190714133130-snapshot.jpg
2,0,20190714,133200,89,2,342,279,417,361,Jul15_0/97-20190714133200-snapshot.jpg
2,0,20190714,133230,86,2,182,409,273,462,Jul15_0/97-20190714133230-snapshot.jpg
2,0,20190714,134400,82,8,1293,747,1387,818,Jul15_0/97-20190714134400-snapshot.jpg
2,0,20190714,134400,86,2,245,895,329,975,Jul15_0/97-20190714134400-snapshot.jpg
2,0,20190714,134430,87,3,770,792,858,880,Jul15_0/97-20190714134430-snapshot.jpg
2,0,20190714,134730,69,5,369,1005,429,1052,Jul15_0/97-20190714134730-snapshot.jpg
2,0,20190714,135300,86,3,855,670,961,749,Jul15_0/97-20190714135300-snapshot.jpg
2,0,20190714,135630,88,2,325,318,424,393,Jul15_0/97-20190714135630-snapshot.jpg
2,0,20190714,135830,89,3,675,793,782,872,Jul15_0/97-20190714135830-snapshot.jpg
2,0,20190714,140130,85,5,1373,500,1427,566,Jul15_0/97-20190714140130-snapshot.jpg
2,0,20190714,140730,88,2,499,252,613,318,Jul15_0/97-20190714140730-snapshot.jpg
2,0,20190714,141200,86,6,302,923,384,987,Jul15_0/97-20190714141200-snapshot.jpg
2,0,20190714,141230,84,6,408,325,497,396,Jul15_0/97-20190714141230-snapshot.jpg
2,0,20190714,141300,83,6,302,286,377,351,Jul15_0/97-20190714141300-snapshot.jpg
2,0,20190714,141330,84,6,369,198,448,263,Jul15_0/97-20190714141330-snapshot.jpg
2,0,20190714,141430,84,6,797,756,880,821,Jul15_0/97-20190714141430-snapshot.jpg
2,0,20190714,141430,88,3,587,293,675,397,Jul15_0/97-20190714141430-snapshot.jpg
2,0,20190714,141600,85,6,1589,278,1645,360,Jul15_0/97-20190714141600-snapshot.jpg
2,0,20190714,141630,80,6,1368,68,1454,124,Jul15_0/97-20190714141630-snapshot.jpg
2,0,20190714,141630,88,2,764,395,828,497,Jul15_0/97-20190714141630-snapshot.jpg
2,0,20190714,142100,83,6,1347,886,1405,948,Jul15_0/97-20190714142100-snapshot.jpg
2,0,20190714,142200,85,5,95,251,154,329,Jul15_0/97-20190714142200-snapshot.jpg
2,0,20190714,142200,86,5,596,816,642,874,Jul15_0/97-20190714142200-snapshot.jpg
2,0,20190714,142430,87,4,650,734,727,873,Jul15_0/97-20190714142430-snapshot.jpg
2,0,20190714,142900,78,5,475,830,551,877,Jul15_0/97-20190714142900-snapshot.jpg
2,0,20190714,142930,81,5,349,902,402,952,Jul15_0/97-20190714142930-snapshot.jpg
2,0,20190714,142930,83,6,392,234,474,290,Jul15_0/97-20190714142930-snapshot.jpg
2,0,20190714,143100,78,6,647,487,757,555,Jul15_0/97-20190714143100-snapshot.jpg
2,0,20190714,143130,83,6,227,423,279,498,Jul15_0/97-20190714143130-snapshot.jpg
2,0,20190714,143200,85,6,242,274,324,362,Jul15_0/97-20190714143200-snapshot.jpg
2,0,20190714,143230,83,6,692,729,764,798,Jul15_0/97-20190714143230-snapshot.jpg
2,0,20190714,143330,86,2,1061,630,1142,711,Jul15_0/97-20190714143330-snapshot.jpg
2,0,20190714,144530,65,2,216,502,308,587,Jul15_0/97-20190714144530-snapshot.jpg
2,0,20190714,144600,81,2,340,272,399,337,Jul15_0/97-20190714144600-snapshot.jpg
2,0,20190714,144900,76,5,160,741,226,778,Jul15_0/97-20190714144900-snapshot.jpg
2,0,20190714,144930,81,5,331,1010,388,1055,Jul15_0/97-20190714144930-snapshot.jpg
2,0,20190714,144930,89,2,743,235,828,330,Jul15_0/97-20190714144930-snapshot.jpg
2,0,20190714,145600,79,5,1723,211,1796,262,Jul15_0/97-20190714145600-snapshot.jpg
2,0,20190714,145600,81,3,723,779,811,872,Jul15_0/97-20190714145600-snapshot.jpg
2,0,20190714,145630,76,5,56,984,116,1017,Jul15_0/97-20190714145630-snapshot.jpg
2,0,20190714,145700,87,5,1395,284,1448,351,Jul15_0/97-20190714145700-snapshot.jpg
2,0,20190714,145730,85,5,1229,873,1283,945,Jul15_0/97-20190714145730-snapshot.jpg
2,0,20190714,145830,82,5,1573,500,1634,557,Jul15_0/97-20190714145830-snapshot.jpg
2,0,20190714,145900,83,5,1392,203,1452,270,Jul15_0/97-20190714145900-snapshot.jpg
2,0,20190714,145930,76,5,1484,460,1538,528,Jul15_0/97-20190714145930-snapshot.jpg
2,0,20190714,150000,84,5,1069,830,1120,899,Jul15_0/97-20190714150000-snapshot.jpg
2,0,20190714,150500,87,3,363,315,430,418,Jul15_0/97-20190714150500-snapshot.jpg
2,0,20190714,150530,90,3,635,694,714,803,Jul15_0/97-20190714150530-snapshot.jpg
2,0,20190714,150600,85,2,1467,163,1563,238,Jul15_0/97-20190714150600-snapshot.jpg
2,0,20190714,150700,83,5,1421,312,1480,382,Jul15_0/97-20190714150700-snapshot.jpg
2,0,20190714,151400,77,5,1134,149,1196,217,Jul15_0/97-20190714151400-snapshot.jpg
2,0,20190714,151400,88,3,531,372,636,454,Jul15_0/97-20190714151400-snapshot.jpg
2,0,20190714,151730,32,5,1185,445,1228,503,Jul15_0/97-20190714151730-snapshot.jpg
2,0,20190714,151800,83,5,751,790,827,842,Jul15_0/97-20190714151800-snapshot.jpg
2,0,20190714,152030,78,5,255,91,299,147,Jul15_0/97-20190714152030-snapshot.jpg
2,0,20190714,152100,83,5,1573,489,1627,552,Jul15_0/97-20190714152100-snapshot.jpg
2,0,20190714,152100,89,2,399,231,462,329,Jul15_0/97-20190714152100-snapshot.jpg
2,0,20190714,152300,79,5,43,742,91,801,Jul15_0/97-20190714152300-snapshot.jpg
2,0,20190714,152630,88,3,601,324,695,396,Jul15_0/97-20190714152630-snapshot.jpg
2,0,20190714,152700,60,6,317,500,375,554,Jul15_0/97-20190714152700-snapshot.jpg
2,0,20190714,152830,32,6,69,465,119,527,Jul15_0/97-20190714152830-snapshot.jpg
2,0,20190714,153330,87,3,505,333,593,423,Jul15_0/97-20190714153330-snapshot.jpg
2,0,20190714,153400,87,2,1457,122,1549,214,Jul15_0/97-20190714153400-snapshot.jpg
2,0,20190714,153430,87,2,556,350,642,410,Jul15_0/97-20190714153430-snapshot.jpg
2,0,20190714,154030,87,3,1582,2,1681,87,Jul15_0/97-20190714154030-snapshot.jpg
2,0,20190714,154230,87,2,203,443,295,494,Jul15_0/97-20190714154230-snapshot.jpg
2,0,20190714,154230,89,2,1266,55,1365,129,Jul15_0/97-20190714154230-snapshot.jpg
2,0,20190714,154300,84,6,895,525,955,593,Jul15_0/97-20190714154300-snapshot.jpg
2,0,20190714,154500,80,5,968,962,1023,1000,Jul15_0/97-20190714154500-snapshot.jpg
2,0,20190714,154530,86,5,1302,675,1380,728,Jul15_0/97-20190714154530-snapshot.jpg
2,0,20190714,154730,72,5,365,979,420,1025,Jul15_0/97-20190714154730-snapshot.jpg
2,0,20190714,154800,80,5,184,990,243,1027,Jul15_0/97-20190714154800-snapshot.jpg
2,0,20190714,154900,89,4,248,343,341,438,Jul15_0/97-20190714154900-snapshot.jpg
2,0,20190714,155100,84,5,1726,228,1788,281,Jul15_0/97-20190714155100-snapshot.jpg
2,0,20190714,155100,86,4,639,316,720,385,Jul15_0/97-20190714155100-snapshot.jpg
2,0,20190714,155300,81,5,1341,482,1397,536,Jul15_0/97-20190714155300-snapshot.jpg
2,0,20190714,155330,82,5,1342,412,1396,481,Jul15_0/97-20190714155330-snapshot.jpg
2,0,20190714,155400,77,5,1123,689,1178,730,Jul15_0/97-20190714155400-snapshot.jpg
2,0,20190714,155500,82,5,927,312,979,369,Jul15_0/97-20190714155500-snapshot.jpg
2,0,20190714,155530,80,5,1267,49,1334,95,Jul15_0/97-20190714155530-snapshot.jpg
2,0,20190714,155700,81,5,1087,495,1152,538,Jul15_0/97-20190714155700-snapshot.jpg
2,0,20190714,155800,79,5,1118,760,1173,810,Jul15_0/97-20190714155800-snapshot.jpg
2,0,20190714,155830,81,5,1605,203,1684,268,Jul15_0/97-20190714155830-snapshot.jpg
2,0,20190714,160800,89,3,728,674,792,777,Jul15_0/97-20190714160800-snapshot.jpg
2,0,20190714,161630,87,2,1472,328,1563,399,Jul15_0/97-20190714161630-snapshot.jpg
2,0,20190714,162000,86,2,670,786,764,851,Jul15_0/97-20190714162000-snapshot.jpg
2,0,20190714,162030,89,2,696,759,787,838,Jul15_0/97-20190714162030-snapshot.jpg
2,0,20190714,162100,85,2,605,334,665,409,Jul15_0/97-20190714162100-snapshot.jpg
2,0,20190714,162130,88,2,319,214,386,316,Jul15_0/97-20190714162130-snapshot.jpg
2,0,20190714,162200,87,2,357,238,421,338,Jul15_0/97-20190714162200-snapshot.jpg
2,0,20190714,162400,87,3,213,387,289,473,Jul15_0/97-20190714162400-snapshot.jpg
2,0,20190714,162900,67,5,204,1041,250,1079,Jul15_0/97-20190714162900-snapshot.jpg
2,0,20190714,162930,55,5,190,1031,245,1066,Jul15_0/97-20190714162930-snapshot.jpg
2,0,20190714,163000,80,5,1425,113,1503,169,Jul15_0/97-20190714163000-snapshot.jpg
2,0,20190714,163030,82,5,344,915,387,964,Jul15_0/97-20190714163030-snapshot.jpg
2,0,20190714,163330,81,5,1526,171,1581,235,Jul15_0/97-20190714163330-snapshot.jpg
2,0,20190714,163900,87,2,188,471,290,530,Jul15_0/97-20190714163900-snapshot.jpg
2,0,20190714,163930,68,2,46,931,135,992,Jul15_0/97-20190714163930-snapshot.jpg
2,0,20190714,163930,87,2,531,314,590,406,Jul15_0/97-20190714163930-snapshot.jpg
2,0,20190714,164000,88,3,399,354,488,439,Jul15_0/97-20190714164000-snapshot.jpg
2,0,20190714,164500,83,5,1656,378,1729,446,Jul15_0/97-20190714164500-snapshot.jpg
2,0,20190714,164500,88,3,137,406,233,477,Jul15_0/97-20190714164500-snapshot.jpg
2,0,20190714,164530,87,2,261,421,356,481,Jul15_0/97-20190714164530-snapshot.jpg
2,0,20190714,164730,83,6,1366,2,1424,83,Jul15_0/97-20190714164730-snapshot.jpg
2,0,20190714,164800,84,6,1013,908,1070,985,Jul15_0/97-20190714164800-snapshot.jpg
2,0,20190714,164830,84,5,1022,686,1077,744,Jul15_0/97-20190714164830-snapshot.jpg
2,0,20190714,164900,80,5,1553,343,1616,392,Jul15_0/97-20190714164900-snapshot.jpg
2,0,20190714,164930,85,5,1254,951,1311,1014,Jul15_0/97-20190714164930-snapshot.jpg
2,0,20190714,165030,80,5,139,942,202,979,Jul15_0/97-20190714165030-snapshot.jpg
2,0,20190714,165130,79,5,617,708,691,763,Jul15_0/97-20190714165130-snapshot.jpg
2,0,20190714,165130,80,5,1320,936,1373,986,Jul15_0/97-20190714165130-snapshot.jpg
2,0,20190714,165200,75,5,620,710,686,770,Jul15_0/97-20190714165200-snapshot.jpg
2,0,20190714,165200,80,5,845,210,899,272,Jul15_0/97-20190714165200-snapshot.jpg
2,0,20190714,165230,84,5,814,758,884,811,Jul15_0/97-20190714165230-snapshot.jpg
2,0,20190714,165230,88,3,632,291,731,391,Jul15_0/97-20190714165230-snapshot.jpg
2,0,20190714,165330,80,5,888,1009,944,1076,Jul15_0/97-20190714165330-snapshot.jpg
2,0,20190714,165400,70,5,0,725,42,786,Jul15_0/97-20190714165400-snapshot.jpg
2,0,20190714,165430,86,5,383,340,436,412,Jul15_0/97-20190714165430-snapshot.jpg
2,0,20190714,165500,86,5,391,342,442,413,Jul15_0/97-20190714165500-snapshot.jpg
2,0,20190714,165530,82,5,537,341,592,402,Jul15_0/97-20190714165530-snapshot.jpg
2,0,20190714,165600,82,5,576,381,627,432,Jul15_0/97-20190714165600-snapshot.jpg
2,0,20190714,165630,72,5,1464,360,1513,413,Jul15_0/97-20190714165630-snapshot.jpg
2,0,20190714,165630,81,5,393,382,462,437,Jul15_0/97-20190714165630-snapshot.jpg
2,0,20190714,165700,81,5,177,402,232,440,Jul15_0/97-20190714165700-snapshot.jpg
2,0,20190714,165730,86,5,781,266,859,324,Jul15_0/97-20190714165730-snapshot.jpg
2,0,20190714,165830,87,3,704,412,796,517,Jul15_0/97-20190714165830-snapshot.jpg
2,0,20190714,170000,75,5,1108,674,1151,723,Jul15_0/97-20190714170000-snapshot.jpg
2,0,20190714,170130,81,3,39,939,138,1013,Jul15_0/97-20190714170130-snapshot.jpg
2,0,20190714,170130,87,6,960,853,1017,929,Jul15_0/97-20190714170130-snapshot.jpg
2,0,20190714,170230,87,1,792,1030,839,1074,Jul15_0/97-20190714170230-snapshot.jpg
2,0,20190714,170300,84,1,1277,498,1322,540,Jul15_0/97-20190714170300-snapshot.jpg
2,0,20190714,170700,84,5,1555,784,1638,864,Jul15_0/97-20190714170700-snapshot.jpg
2,0,20190714,170730,81,2,1006,41,1093,105,Jul15_0/97-20190714170730-snapshot.jpg
2,0,20190714,170730,85,3,149,442,232,519,Jul15_0/97-20190714170730-snapshot.jpg
2,0,20190714,171000,83,6,792,717,854,778,Jul15_0/97-20190714171000-snapshot.jpg
2,0,20190714,171100,68,6,673,659,727,715,Jul15_0/97-20190714171100-snapshot.jpg
2,0,20190714,171130,78,5,1601,205,1663,269,Jul15_0/97-20190714171130-snapshot.jpg
2,0,20190714,171130,83,6,551,343,605,411,Jul15_0/97-20190714171130-snapshot.jpg
2,0,20190714,171200,83,5,1802,517,1880,586,Jul15_0/97-20190714171200-snapshot.jpg
2,0,20190714,171200,89,6,785,314,836,395,Jul15_0/97-20190714171200-snapshot.jpg
2,0,20190714,171230,84,6,1122,640,1192,689,Jul15_0/97-20190714171230-snapshot.jpg
2,0,20190714,171300,85,5,651,184,713,261,Jul15_0/97-20190714171300-snapshot.jpg
2,0,20190714,171330,69,6,1066,660,1127,702,Jul15_0/97-20190714171330-snapshot.jpg
2,0,20190714,171400,83,6,1599,246,1656,322,Jul15_0/97-20190714171400-snapshot.jpg
2,0,20190714,171430,75,5,2,3,52,45,Jul15_0/97-20190714171430-snapshot.jpg
2,0,20190714,171730,84,5,1581,216,1663,271,Jul15_0/97-20190714171730-snapshot.jpg
2,0,20190714,171800,87,5,1654,177,1735,240,Jul15_0/97-20190714171800-snapshot.jpg
2,0,20190714,171830,83,5,1559,292,1616,358,Jul15_0/97-20190714171830-snapshot.jpg
2,0,20190714,171900,82,5,1266,616,1340,666,Jul15_0/97-20190714171900-snapshot.jpg
2,0,20190714,171900,87,3,407,316,508,390,Jul15_0/97-20190714171900-snapshot.jpg
2,0,20190714,171930,82,1,997,736,1037,780,Jul15_0/97-20190714171930-snapshot.jpg
2,0,20190714,172030,84,5,158,719,215,774,Jul15_0/97-20190714172030-snapshot.jpg
2,0,20190714,172030,89,2,724,736,808,837,Jul15_0/97-20190714172030-snapshot.jpg
2,0,20190714,172100,80,2,619,331,671,394,Jul15_0/97-20190714172100-snapshot.jpg
2,0,20190714,172100,81,5,203,450,258,485,Jul15_0/97-20190714172100-snapshot.jpg
2,0,20190714,172130,84,2,168,403,230,490,Jul15_0/97-20190714172130-snapshot.jpg
2,0,20190714,172300,33,5,1239,424,1278,458,Jul15_0/97-20190714172300-snapshot.jpg
2,0,20190714,172530,84,5,1310,966,1388,1016,Jul15_0/97-20190714172530-snapshot.jpg
2,0,20190714,172600,85,5,736,711,785,785,Jul15_0/97-20190714172600-snapshot.jpg
2,0,20190714,172800,87,3,287,374,368,470,Jul15_0/97-20190714172800-snapshot.jpg
2,0,20190714,172930,85,5,1284,1008,1370,1058,Jul15_0/97-20190714172930-snapshot.jpg
2,0,20190714,173200,67,5,43,689,97,739,Jul15_0/97-20190714173200-snapshot.jpg
2,0,20190714,173330,87,2,369,239,424,329,Jul15_0/97-20190714173330-snapshot.jpg
2,0,20190714,173330,87,3,524,475,628,549,Jul15_0/97-20190714173330-snapshot.jpg
2,0,20190714,173830,76,5,873,982,952,1030,Jul15_0/97-20190714173830-snapshot.jpg
2,0,20190714,174100,79,5,1009,56,1055,108,Jul15_0/97-20190714174100-snapshot.jpg
2,0,20190714,174130,79,5,1538,128,1602,183,Jul15_0/97-20190714174130-snapshot.jpg
2,0,20190714,174130,83,5,351,508,422,581,Jul15_0/97-20190714174130-snapshot.jpg
2,0,20190714,174200,32,6,1624,214,1684,276,Jul15_0/97-20190714174200-snapshot.jpg
2,0,20190714,174230,77,6,1595,477,1665,518,Jul15_0/97-20190714174230-snapshot.jpg
2,0,20190714,174230,77,5,1112,255,1161,308,Jul15_0/97-20190714174230-snapshot.jpg
2,0,20190714,174230,90,2,731,752,821,823,Jul15_0/97-20190714174230-snapshot.jpg
2,0,20190714,174300,85,5,367,946,414,1008,Jul15_0/97-20190714174300-snapshot.jpg
2,0,20190714,174300,90,2,705,338,794,394,Jul15_0/97-20190714174300-snapshot.jpg
2,0,20190714,174330,87,2,357,320,428,419,Jul15_0/97-20190714174330-snapshot.jpg
2,0,20190714,174430,67,5,594,495,653,538,Jul15_0/97-20190714174430-snapshot.jpg
2,0,20190714,174500,83,5,330,263,388,307,Jul15_0/97-20190714174500-snapshot.jpg
2,0,20190714,174700,90,2,725,678,816,747,Jul15_0/97-20190714174700-snapshot.jpg
2,0,20190714,174800,60,5,319,979,367,1023,Jul15_0/97-20190714174800-snapshot.jpg
2,0,20190714,174930,85,6,1396,845,1453,929,Jul15_0/97-20190714174930-snapshot.jpg
2,0,20190714,175000,86,2,1619,345,1687,437,Jul15_0/97-20190714175000-snapshot.jpg
2,0,20190714,180330,89,3,180,462,282,539,Jul15_0/97-20190714180330-snapshot.jpg
2,0,20190714,180400,87,3,271,413,330,488,Jul15_0/97-20190714180400-snapshot.jpg
2,0,20190714,180430,90,3,735,325,823,407,Jul15_0/97-20190714180430-snapshot.jpg
2,0,20190714,180700,85,5,1013,75,1066,137,Jul15_0/97-20190714180700-snapshot.jpg
2,0,20190714,180730,81,5,876,268,954,327,Jul15_0/97-20190714180730-snapshot.jpg
2,0,20190714,180800,83,5,1015,118,1065,190,Jul15_0/97-20190714180800-snapshot.jpg
2,0,20190714,180830,78,5,1079,551,1133,620,Jul15_0/97-20190714180830-snapshot.jpg
2,0,20190714,180930,62,5,1450,0,1501,35,Jul15_0/97-20190714180930-snapshot.jpg
2,0,20190714,181100,78,5,127,8,199,41,Jul15_0/97-20190714181100-snapshot.jpg
2,0,20190714,181600,89,2,378,311,466,402,Jul15_0/97-20190714181600-snapshot.jpg
2,0,20190714,181630,88,3,602,273,693,357,Jul15_0/97-20190714181630-snapshot.jpg
2,0,20190714,182200,78,5,247,11,307,42,Jul15_0/97-20190714182200-snapshot.jpg
2,0,20190714,182330,26,5,1866,225,1919,275,Jul15_0/97-20190714182330-snapshot.jpg
2,0,20190714,182330,29,6,1865,226,1919,276,Jul15_0/97-20190714182330-snapshot.jpg
2,0,20190714,182400,78,5,1864,228,1918,290,Jul15_0/97-20190714182400-snapshot.jpg
2,0,20190714,182430,85,5,1558,260,1615,326,Jul15_0/97-20190714182430-snapshot.jpg
2,0,20190714,182500,85,5,758,759,811,815,Jul15_0/97-20190714182500-snapshot.jpg
2,0,20190714,182700,83,5,1190,702,1240,761,Jul15_0/97-20190714182700-snapshot.jpg
2,0,20190714,182830,32,5,0,42,24,96,Jul15_0/97-20190714182830-snapshot.jpg
2,0,20190714,182830,87,2,786,677,851,766,Jul15_0/97-20190714182830-snapshot.jpg
2,0,20190714,183130,80,5,1248,333,1321,375,Jul15_0/97-20190714183130-snapshot.jpg
2,0,20190714,183200,64,6,1241,349,1291,411,Jul15_0/97-20190714183200-snapshot.jpg
2,0,20190714,183200,84,5,1358,906,1408,965,Jul15_0/97-20190714183200-snapshot.jpg
2,0,20190714,183230,84,5,1573,221,1649,288,Jul15_0/97-20190714183230-snapshot.jpg
2,0,20190714,183730,84,5,1017,1017,1062,1074,Jul15_0/97-20190714183730-snapshot.jpg
2,0,20190714,183830,61,5,170,756,224,795,Jul15_0/97-20190714183830-snapshot.jpg
2,0,20190714,184200,78,5,41,204,88,257,Jul15_0/97-20190714184200-snapshot.jpg
2,0,20190714,184230,83,5,53,240,107,296,Jul15_0/97-20190714184230-snapshot.jpg
2,0,20190714,184300,82,5,94,404,147,459,Jul15_0/97-20190714184300-snapshot.jpg
2,0,20190714,184330,80,5,97,269,160,337,Jul15_0/97-20190714184330-snapshot.jpg
2,0,20190714,184400,74,5,1699,355,1755,399,Jul15_0/97-20190714184400-snapshot.jpg
2,0,20190714,184400,76,5,244,12,295,51,Jul15_0/97-20190714184400-snapshot.jpg
2,0,20190714,184500,39,5,1325,446,1367,490,Jul15_0/97-20190714184500-snapshot.jpg
2,0,20190714,184500,80,5,337,1002,393,1042,Jul15_0/97-20190714184500-snapshot.jpg
2,0,20190714,184530,70,5,1314,459,1358,501,Jul15_0/97-20190714184530-snapshot.jpg
2,0,20190714,184530,86,5,695,709,742,768,Jul15_0/97-20190714184530-snapshot.jpg
2,0,20190714,184600,51,5,1293,445,1336,478,Jul15_0/97-20190714184600-snapshot.jpg
2,0,20190714,184600,84,5,786,697,828,766,Jul15_0/97-20190714184600-snapshot.jpg
2,0,20190714,184630,79,5,1269,414,1311,463,Jul15_0/97-20190714184630-snapshot.jpg
2,0,20190714,184630,84,5,790,700,834,767,Jul15_0/97-20190714184630-snapshot.jpg
2,0,20190714,184700,84,5,728,689,774,735,Jul15_0/97-20190714184700-snapshot.jpg
2,0,20190714,184730,73,5,1289,429,1335,475,Jul15_0/97-20190714184730-snapshot.jpg
2,0,20190714,184730,83,5,784,703,827,773,Jul15_0/97-20190714184730-snapshot.jpg
2,0,20190714,184800,80,5,962,981,1003,1039,Jul15_0/97-20190714184800-snapshot.jpg
2,0,20190714,184830,87,5,557,323,604,390,Jul15_0/97-20190714184830-snapshot.jpg
2,0,20190714,184900,61,5,1319,468,1360,504,Jul15_0/97-20190714184900-snapshot.jpg
2,0,20190714,184900,82,5,581,370,632,422,Jul15_0/97-20190714184900-snapshot.jpg
2,0,20190714,184930,81,5,345,406,407,444,Jul15_0/97-20190714184930-snapshot.jpg
2,0,20190714,185000,85,5,330,384,379,447,Jul15_0/97-20190714185000-snapshot.jpg
2,0,20190714,185030,77,5,1299,494,1336,543,Jul15_0/97-20190714185030-snapshot.jpg
2,0,20190714,185030,85,5,381,351,432,413,Jul15_0/97-20190714185030-snapshot.jpg
2,0,20190714,185100,86,5,402,314,448,376,Jul15_0/97-20190714185100-snapshot.jpg
2,0,20190714,185130,83,5,322,266,375,315,Jul15_0/97-20190714185130-snapshot.jpg
2,0,20190714,185200,66,5,1126,436,1161,476,Jul15_0/97-20190714185200-snapshot.jpg
2,0,20190714,185200,86,5,305,302,352,370,Jul15_0/97-20190714185200-snapshot.jpg
2,0,20190714,185230,74,5,1102,441,1138,484,Jul15_0/97-20190714185230-snapshot.jpg
2,0,20190714,185230,83,5,303,285,365,329,Jul15_0/97-20190714185230-snapshot.jpg
2,0,20190714,185300,86,5,305,341,352,406,Jul15_0/97-20190714185300-snapshot.jpg
2,0,20190714,185330,84,5,1847,570,1904,646,Jul15_0/97-20190714185330-snapshot.jpg
2,0,20190714,185330,85,5,302,374,350,432,Jul15_0/97-20190714185330-snapshot.jpg
2,0,20190714,185400,81,5,187,424,233,465,Jul15_0/97-20190714185400-snapshot.jpg
2,0,20190714,185430,67,5,1135,664,1184,706,Jul15_0/97-20190714185430-snapshot.jpg
2,0,20190714,185430,80,5,175,429,224,471,Jul15_0/97-20190714185430-snapshot.jpg
2,0,20190714,185530,80,5,539,337,591,398,Jul15_0/97-20190714185530-snapshot.jpg
2,0,20190714,185600,40,5,1403,309,1449,364,Jul15_0/97-20190714185600-snapshot.jpg
2,0,20190714,185630,85,5,384,347,433,405,Jul15_0/97-20190714185630-snapshot.jpg
2,0,20190714,185700,76,5,1126,426,1183,462,Jul15_0/97-20190714185700-snapshot.jpg
2,0,20190714,185700,87,5,316,300,363,362,Jul15_0/97-20190714185700-snapshot.jpg
2,0,20190714,185730,65,5,1484,267,1536,311,Jul15_0/97-20190714185730-snapshot.jpg
2,0,20190714,185800,62,5,1302,427,1344,479,Jul15_0/97-20190714185800-snapshot.jpg
2,0,20190714,185900,86,5,1208,900,1256,960,Jul15_0/97-20190714185900-snapshot.jpg
2,0,20190714,190000,82,5,242,487,295,546,Jul15_0/97-20190714190000-snapshot.jpg
2,0,20190714,190030,78,5,257,383,303,431,Jul15_0/97-20190714190030-snapshot.jpg
2,0,20190714,190030,80,6,83,825,159,887,Jul15_0/97-20190714190030-snapshot.jpg
2,0,20190714,190030,80,5,1518,373,1564,422,Jul15_0/97-20190714190030-snapshot.jpg
2,0,20190714,190100,69,5,1329,56,1382,96,Jul15_0/97-20190714190100-snapshot.jpg
2,0,20190714,190100,84,6,38,242,122,309,Jul15_0/97-20190714190100-snapshot.jpg
2,0,20190714,190130,88,5,727,633,772,695,Jul15_0/97-20190714190130-snapshot.jpg
2,0,20190714,190200,81,5,86,268,163,326,Jul15_0/97-20190714190200-snapshot.jpg
2,0,20190714,190230,80,5,48,202,100,255,Jul15_0/97-20190714190230-snapshot.jpg
2,0,20190714,190300,80,6,589,160,647,250,Jul15_0/97-20190714190300-snapshot.jpg
2,0,20190714,190330,51,5,1286,261,1331,298,Jul15_0/97-20190714190330-snapshot.jpg
2,0,20190714,190330,85,6,317,287,375,367,Jul15_0/97-20190714190330-snapshot.jpg
2,0,20190714,190430,75,5,1261,227,1327,270,Jul15_0/97-20190714190430-snapshot.jpg
2,0,20190714,190530,75,5,1120,409,1159,459,Jul15_0/97-20190714190530-snapshot.jpg
2,0,20190714,190930,75,5,1193,397,1250,437,Jul15_0/97-20190714190930-snapshot.jpg
2,0,20190714,191000,56,5,1092,571,1141,622,Jul15_0/97-20190714191000-snapshot.jpg
2,0,20190714,191030,73,5,1132,655,1174,701,Jul15_0/97-20190714191030-snapshot.jpg
2,0,20190714,191200,75,5,1624,475,1679,517,Jul15_0/97-20190714191200-snapshot.jpg
2,0,20190714,191230,76,5,1609,472,1653,516,Jul15_0/97-20190714191230-snapshot.jpg
2,0,20190714,191300,52,5,1589,454,1627,499,Jul15_0/97-20190714191300-snapshot.jpg
2,0,20190714,191330,78,5,50,1010,104,1062,Jul15_0/97-20190714191330-snapshot.jpg
2,0,20190714,191330,84,5,1168,337,1227,389,Jul15_0/97-20190714191330-snapshot.jpg
2,0,20190714,191400,79,5,686,1013,749,1071,Jul15_0/97-20190714191400-snapshot.jpg
2,0,20190714,191400,82,5,1115,375,1162,425,Jul15_0/97-20190714191400-snapshot.jpg
2,0,20190714,191430,65,5,1322,462,1364,506,Jul15_0/97-20190714191430-snapshot.jpg
2,0,20190714,191430,82,5,1135,319,1183,375,Jul15_0/97-20190714191430-snapshot.jpg
2,0,20190714,191430,84,5,1044,646,1099,700,Jul15_0/97-20190714191430-snapshot.jpg
2,0,20190714,191530,56,5,0,809,29,851,Jul15_0/97-20190714191530-snapshot.jpg
2,0,20190714,191900,80,5,234,644,278,696,Jul15_0/97-20190714191900-snapshot.jpg
2,0,20190714,192530,81,5,1040,966,1107,1006,Jul15_0/97-20190714192530-snapshot.jpg
2,0,20190714,192600,78,5,996,980,1044,1029,Jul15_0/97-20190714192600-snapshot.jpg
2,0,20190714,192630,83,5,732,660,772,714,Jul15_0/97-20190714192630-snapshot.jpg
2,0,20190714,192730,83,5,342,939,396,998,Jul15_0/97-20190714192730-snapshot.jpg
2,0,20190714,192800,83,5,1758,982,1816,1055,Jul15_0/97-20190714192800-snapshot.jpg
2,0,20190714,192830,84,5,1098,630,1150,681,Jul15_0/97-20190714192830-snapshot.jpg
2,0,20190714,192900,83,5,1119,373,1171,426,Jul15_0/97-20190714192900-snapshot.jpg
2,0,20190714,192930,82,5,1420,137,1482,191,Jul15_0/97-20190714192930-snapshot.jpg
2,0,20190714,193000,47,5,1630,225,1684,284,Jul15_0/97-20190714193000-snapshot.jpg
2,0,20190714,193030,83,5,1575,247,1625,309,Jul15_0/97-20190714193030-snapshot.jpg
2,0,20190714,201930,88,4,574,326,663,423,Jul15_0/97-20190714201930-snapshot.jpg
