3,0,20190830,100030,86,7,0,176,107,303,Sep06_0/01-20190830100030-snapshot.jpg
3,0,20190830,100100,89,7,56,234,194,385,Sep06_0/01-20190830100100-snapshot.jpg
3,0,20190830,100130,80,7,0,242,57,410,Sep06_0/01-20190830100130-snapshot.jpg
3,0,20190830,100200,88,7,0,231,170,341,Sep06_0/01-20190830100200-snapshot.jpg
3,0,20190830,100330,86,7,152,87,283,286,Sep06_0/01-20190830100330-snapshot.jpg
3,0,20190830,100400,88,7,180,153,386,277,Sep06_0/01-20190830100400-snapshot.jpg
3,0,20190830,100430,88,7,441,402,677,562,Sep06_0/01-20190830100430-snapshot.jpg
3,0,20190830,100500,88,7,969,10,1186,140,Sep06_0/01-20190830100500-snapshot.jpg
3,0,20190830,100530,86,7,1050,0,1176,211,Sep06_0/01-20190830100530-snapshot.jpg
3,0,20190830,100600,90,7,1604,5,1789,146,Sep06_0/01-20190830100600-snapshot.jpg
3,0,20190830,100630,89,7,1572,251,1714,469,Sep06_0/01-20190830100630-snapshot.jpg
3,0,20190830,100700,88,7,1792,383,1920,589,Sep06_0/01-20190830100700-snapshot.jpg
3,0,20190830,100730,88,7,1820,400,1920,557,Sep06_0/01-20190830100730-snapshot.jpg
3,0,20190830,101500,86,7,109,97,321,280,Sep06_0/01-20190830101500-snapshot.jpg
3,0,20190830,101600,84,7,155,77,391,217,Sep06_0/01-20190830101600-snapshot.jpg
3,0,20190830,101630,86,7,170,78,321,271,Sep06_0/01-20190830101630-snapshot.jpg
3,0,20190830,101900,69,7,0,0,68,108,Sep06_0/01-20190830101900-snapshot.jpg
3,0,20190830,102030,90,7,11,174,161,328,Sep06_0/01-20190830102030-snapshot.jpg
3,0,20190830,103000,78,2,1165,628,1239,690,Sep06_0/01-20190830103000-snapshot.jpg
3,0,20190830,110730,88,2,1580,686,1660,767,Sep06_0/01-20190830110730-snapshot.jpg
3,0,20190830,111930,78,2,1579,340,1637,408,Sep06_0/01-20190830111930-snapshot.jpg
3,0,20190830,112000,84,2,1606,15,1677,73,Sep06_0/01-20190830112000-snapshot.jpg
3,0,20190830,112130,83,2,0,825,57,897,Sep06_0/01-20190830112130-snapshot.jpg
3,0,20190830,112230,86,2,419,405,481,473,Sep06_0/01-20190830112230-snapshot.jpg
3,0,20190830,112500,80,2,967,39,1030,99,Sep06_0/01-20190830112500-snapshot.jpg
3,0,20190830,113100,84,2,787,543,844,609,Sep06_0/01-20190830113100-snapshot.jpg
3,0,20190830,113500,82,2,974,847,1051,904,Sep06_0/01-20190830113500-snapshot.jpg
3,0,20190830,114900,84,2,1139,14,1214,69,Sep06_0/01-20190830114900-snapshot.jpg
3,0,20190830,115030,84,2,1509,343,1590,392,Sep06_0/01-20190830115030-snapshot.jpg
3,0,20190830,115600,86,2,1200,720,1259,796,Sep06_0/01-20190830115600-snapshot.jpg
3,0,20190830,120100,87,2,392,189,453,273,Sep06_0/01-20190830120100-snapshot.jpg
3,0,20190830,120430,76,8,1,125,44,190,Sep06_0/01-20190830120430-snapshot.jpg
3,0,20190830,120530,89,2,82,218,169,273,Sep06_0/01-20190830120530-snapshot.jpg
3,0,20190830,120600,30,2,196,244,252,298,Sep06_0/01-20190830120600-snapshot.jpg
3,0,20190830,120630,47,2,62,1,134,74,Sep06_0/01-20190830120630-snapshot.jpg
3,0,20190830,120630,78,2,1328,1027,1386,1079,Sep06_0/01-20190830120630-snapshot.jpg
3,0,20190830,120730,87,2,986,135,1073,198,Sep06_0/01-20190830120730-snapshot.jpg
3,0,20190830,120800,68,2,978,40,1037,93,Sep06_0/01-20190830120800-snapshot.jpg
3,0,20190830,121230,85,2,1199,774,1285,823,Sep06_0/01-20190830121230-snapshot.jpg
3,0,20190830,121230,85,2,101,34,173,105,Sep06_0/01-20190830121230-snapshot.jpg
3,0,20190830,121300,83,2,1085,119,1150,172,Sep06_0/01-20190830121300-snapshot.jpg
3,0,20190830,121300,87,2,132,259,190,335,Sep06_0/01-20190830121300-snapshot.jpg
3,0,20190830,121330,70,2,1075,4,1129,49,Sep06_0/01-20190830121330-snapshot.jpg
3,0,20190830,121400,84,2,1095,8,1171,53,Sep06_0/01-20190830121400-snapshot.jpg
3,0,20190830,121500,80,2,1226,578,1304,624,Sep06_0/01-20190830121500-snapshot.jpg
3,0,20190830,121530,81,2,1046,0,1114,51,Sep06_0/01-20190830121530-snapshot.jpg
3,0,20190830,121600,82,2,1682,130,1757,175,Sep06_0/01-20190830121600-snapshot.jpg
3,0,20190830,121630,86,2,1089,73,1169,129,Sep06_0/01-20190830121630-snapshot.jpg
3,0,20190830,122230,82,2,1871,411,1920,489,Sep06_0/01-20190830122230-snapshot.jpg
3,0,20190830,122300,84,2,1767,854,1845,920,Sep06_0/01-20190830122300-snapshot.jpg
3,0,20190830,122330,87,2,346,143,445,199,Sep06_0/01-20190830122330-snapshot.jpg
3,0,20190830,122330,89,2,378,876,490,979,Sep06_0/01-20190830122330-snapshot.jpg
3,0,20190830,122630,53,2,1639,0,1708,34,Sep06_0/01-20190830122630-snapshot.jpg
3,0,20190830,122730,85,2,91,199,156,274,Sep06_0/01-20190830122730-snapshot.jpg
3,0,20190830,122930,69,2,0,1,60,40,Sep06_0/01-20190830122930-snapshot.jpg
3,0,20190830,123030,85,2,192,81,253,155,Sep06_0/01-20190830123030-snapshot.jpg
3,0,20190830,123230,86,2,1861,469,1916,536,Sep06_0/01-20190830123230-snapshot.jpg
3,0,20190830,123700,86,2,154,84,230,147,Sep06_0/01-20190830123700-snapshot.jpg
3,0,20190830,123800,83,2,1744,216,1803,291,Sep06_0/01-20190830123800-snapshot.jpg
3,0,20190830,123800,87,2,203,177,261,259,Sep06_0/01-20190830123800-snapshot.jpg
3,0,20190830,123830,85,2,849,886,908,958,Sep06_0/01-20190830123830-snapshot.jpg
3,0,20190830,123830,87,2,467,169,526,244,Sep06_0/01-20190830123830-snapshot.jpg
3,0,20190830,124000,88,2,110,252,195,310,Sep06_0/01-20190830124000-snapshot.jpg
3,0,20190830,124030,84,2,429,410,489,476,Sep06_0/01-20190830124030-snapshot.jpg
3,0,20190830,124100,88,2,991,855,1080,913,Sep06_0/01-20190830124100-snapshot.jpg
3,0,20190830,124630,84,2,1732,381,1814,444,Sep06_0/01-20190830124630-snapshot.jpg
3,0,20190830,125030,88,4,451,240,543,320,Sep06_0/01-20190830125030-snapshot.jpg
3,0,20190830,125230,87,2,50,435,105,512,Sep06_0/01-20190830125230-snapshot.jpg
3,0,20190830,125500,85,2,1775,635,1852,702,Sep06_0/01-20190830125500-snapshot.jpg
3,0,20190830,125730,63,2,1647,1,1718,54,Sep06_0/01-20190830125730-snapshot.jpg
3,0,20190830,130130,86,2,98,265,180,317,Sep06_0/01-20190830130130-snapshot.jpg
3,0,20190830,130400,84,2,705,380,772,450,Sep06_0/01-20190830130400-snapshot.jpg
3,0,20190830,130430,81,2,545,582,604,651,Sep06_0/01-20190830130430-snapshot.jpg
3,0,20190830,130500,77,2,262,168,316,236,Sep06_0/01-20190830130500-snapshot.jpg
3,0,20190830,130800,86,2,1237,587,1297,654,Sep06_0/01-20190830130800-snapshot.jpg
3,0,20190830,130830,85,2,967,51,1029,119,Sep06_0/01-20190830130830-snapshot.jpg
3,0,20190830,130900,83,2,1326,83,1403,142,Sep06_0/01-20190830130900-snapshot.jpg
3,0,20190830,130900,86,2,1695,500,1774,552,Sep06_0/01-20190830130900-snapshot.jpg
3,0,20190830,131530,84,8,768,899,826,960,Sep06_0/01-20190830131530-snapshot.jpg
3,0,20190830,132030,87,2,473,731,570,809,Sep06_0/01-20190830132030-snapshot.jpg
3,0,20190830,132430,79,2,196,124,273,184,Sep06_0/01-20190830132430-snapshot.jpg
3,0,20190830,132500,86,2,980,849,1058,909,Sep06_0/01-20190830132500-snapshot.jpg
3,0,20190830,132530,84,2,1203,600,1260,661,Sep06_0/01-20190830132530-snapshot.jpg
3,0,20190830,132530,87,2,1107,78,1164,154,Sep06_0/01-20190830132530-snapshot.jpg
3,0,20190830,132600,72,2,785,853,850,898,Sep06_0/01-20190830132600-snapshot.jpg
3,0,20190830,132600,78,2,1459,245,1525,320,Sep06_0/01-20190830132600-snapshot.jpg
3,0,20190830,132600,87,2,380,219,442,292,Sep06_0/01-20190830132600-snapshot.jpg
3,0,20190830,132600,89,2,962,649,1040,706,Sep06_0/01-20190830132600-snapshot.jpg
3,0,20190830,132630,84,2,292,247,354,329,Sep06_0/01-20190830132630-snapshot.jpg
3,0,20190830,132700,76,2,187,297,256,361,Sep06_0/01-20190830132700-snapshot.jpg
3,0,20190830,132800,87,2,91,648,170,704,Sep06_0/01-20190830132800-snapshot.jpg
3,0,20190830,132830,82,2,1840,634,1917,712,Sep06_0/01-20190830132830-snapshot.jpg
3,0,20190830,132830,88,2,689,526,740,599,Sep06_0/01-20190830132830-snapshot.jpg
3,0,20190830,133100,78,2,1874,466,1920,541,Sep06_0/01-20190830133100-snapshot.jpg
3,0,20190830,133130,85,2,1597,101,1679,176,Sep06_0/01-20190830133130-snapshot.jpg
3,0,20190830,133200,79,2,1604,2,1660,57,Sep06_0/01-20190830133200-snapshot.jpg
3,0,20190830,133400,86,2,66,205,148,262,Sep06_0/01-20190830133400-snapshot.jpg
3,0,20190830,133400,87,2,1573,26,1629,101,Sep06_0/01-20190830133400-snapshot.jpg
3,0,20190830,133500,86,2,1441,871,1498,943,Sep06_0/01-20190830133500-snapshot.jpg
3,0,20190830,133530,82,2,1123,7,1187,69,Sep06_0/01-20190830133530-snapshot.jpg
3,0,20190830,133600,87,2,62,203,138,276,Sep06_0/01-20190830133600-snapshot.jpg
3,0,20190830,133900,81,2,973,35,1033,95,Sep06_0/01-20190830133900-snapshot.jpg
3,0,20190830,133930,83,2,261,106,350,167,Sep06_0/01-20190830133930-snapshot.jpg
3,0,20190830,134000,86,2,696,405,752,469,Sep06_0/01-20190830134000-snapshot.jpg
3,0,20190830,134100,80,2,1049,699,1106,769,Sep06_0/01-20190830134100-snapshot.jpg
3,0,20190830,134130,81,2,1038,381,1094,433,Sep06_0/01-20190830134130-snapshot.jpg
3,0,20190830,134800,84,2,1697,13,1755,84,Sep06_0/01-20190830134800-snapshot.jpg
3,0,20190830,134830,86,2,1061,693,1116,762,Sep06_0/01-20190830134830-snapshot.jpg
3,0,20190830,134900,81,2,205,259,260,332,Sep06_0/01-20190830134900-snapshot.jpg
3,0,20190830,134930,87,2,956,67,1022,136,Sep06_0/01-20190830134930-snapshot.jpg
3,0,20190830,135000,83,2,1304,78,1387,131,Sep06_0/01-20190830135000-snapshot.jpg
3,0,20190830,135000,86,2,167,825,255,870,Sep06_0/01-20190830135000-snapshot.jpg
3,0,20190830,135030,86,2,468,375,532,445,Sep06_0/01-20190830135030-snapshot.jpg
3,0,20190830,135100,86,2,388,144,454,223,Sep06_0/01-20190830135100-snapshot.jpg
3,0,20190830,135200,84,2,133,236,206,306,Sep06_0/01-20190830135200-snapshot.jpg
3,0,20190830,135230,87,2,122,138,196,214,Sep06_0/01-20190830135230-snapshot.jpg
3,0,20190830,135300,88,2,377,218,467,282,Sep06_0/01-20190830135300-snapshot.jpg
3,0,20190830,135330,85,2,1536,357,1620,400,Sep06_0/01-20190830135330-snapshot.jpg
3,0,20190830,135500,83,2,886,765,941,841,Sep06_0/01-20190830135500-snapshot.jpg
3,0,20190830,135830,86,2,957,888,1044,946,Sep06_0/01-20190830135830-snapshot.jpg
3,0,20190830,135830,87,2,1071,30,1124,100,Sep06_0/01-20190830135830-snapshot.jpg
3,0,20190830,135900,82,2,1242,112,1329,166,Sep06_0/01-20190830135900-snapshot.jpg
3,0,20190830,140000,85,2,1776,831,1855,896,Sep06_0/01-20190830140000-snapshot.jpg
3,0,20190830,140200,49,2,1639,0,1711,38,Sep06_0/01-20190830140200-snapshot.jpg
3,0,20190830,140300,88,2,241,234,333,301,Sep06_0/01-20190830140300-snapshot.jpg
3,0,20190830,140330,85,2,299,70,371,131,Sep06_0/01-20190830140330-snapshot.jpg
3,0,20190830,140330,87,2,220,297,311,358,Sep06_0/01-20190830140330-snapshot.jpg
3,0,20190830,140400,85,2,724,513,794,568,Sep06_0/01-20190830140400-snapshot.jpg
3,0,20190830,140430,86,2,1251,746,1323,813,Sep06_0/01-20190830140430-snapshot.jpg
3,0,20190830,140630,85,2,282,91,368,154,Sep06_0/01-20190830140630-snapshot.jpg
3,0,20190830,140700,73,2,1637,0,1703,55,Sep06_0/01-20190830140700-snapshot.jpg
3,0,20190830,140730,86,2,149,97,237,160,Sep06_0/01-20190830140730-snapshot.jpg
3,0,20190830,141100,75,2,1669,6,1744,46,Sep06_0/01-20190830141100-snapshot.jpg
3,0,20190830,141100,86,2,1057,979,1132,1016,Sep06_0/01-20190830141100-snapshot.jpg
3,0,20190830,141400,77,2,1276,1026,1337,1079,Sep06_0/01-20190830141400-snapshot.jpg
3,0,20190830,141530,80,2,1886,440,1920,501,Sep06_0/01-20190830141530-snapshot.jpg
3,0,20190830,141800,77,2,1221,600,1276,669,Sep06_0/01-20190830141800-snapshot.jpg
3,0,20190830,141830,82,2,963,37,1040,95,Sep06_0/01-20190830141830-snapshot.jpg
3,0,20190830,141900,89,2,1727,507,1819,559,Sep06_0/01-20190830141900-snapshot.jpg
3,0,20190830,141930,81,2,1838,611,1910,679,Sep06_0/01-20190830141930-snapshot.jpg
3,0,20190830,141930,86,2,1508,592,1573,662,Sep06_0/01-20190830141930-snapshot.jpg
3,0,20190830,142000,86,2,119,275,204,324,Sep06_0/01-20190830142000-snapshot.jpg
3,0,20190830,142000,87,2,1562,328,1641,387,Sep06_0/01-20190830142000-snapshot.jpg
3,0,20190830,142030,85,2,1697,995,1786,1058,Sep06_0/01-20190830142030-snapshot.jpg
3,0,20190830,142030,88,2,550,268,641,339,Sep06_0/01-20190830142030-snapshot.jpg
3,0,20190830,142130,83,2,200,258,258,324,Sep06_0/01-20190830142130-snapshot.jpg
3,0,20190830,142130,88,2,52,600,130,669,Sep06_0/01-20190830142130-snapshot.jpg
3,0,20190830,142130,89,2,1027,466,1097,528,Sep06_0/01-20190830142130-snapshot.jpg
3,0,20190830,142200,84,2,1661,577,1727,643,Sep06_0/01-20190830142200-snapshot.jpg
3,0,20190830,142300,86,2,1108,68,1163,143,Sep06_0/01-20190830142300-snapshot.jpg
3,0,20190830,142330,57,2,1884,849,1920,908,Sep06_0/01-20190830142330-snapshot.jpg
3,0,20190830,142330,87,2,351,147,431,214,Sep06_0/01-20190830142330-snapshot.jpg
3,0,20190830,142400,74,2,1082,1,1135,50,Sep06_0/01-20190830142400-snapshot.jpg
3,0,20190830,142400,80,2,1147,1009,1203,1066,Sep06_0/01-20190830142400-snapshot.jpg
3,0,20190830,142430,71,2,1640,0,1707,52,Sep06_0/01-20190830142430-snapshot.jpg
3,0,20190830,142430,86,2,51,585,121,652,Sep06_0/01-20190830142430-snapshot.jpg
3,0,20190830,142630,74,2,1020,0,1095,42,Sep06_0/01-20190830142630-snapshot.jpg
3,0,20190830,142900,85,8,1682,519,1747,592,Sep06_0/01-20190830142900-snapshot.jpg
3,0,20190830,143000,59,2,3,0,77,33,Sep06_0/01-20190830143000-snapshot.jpg
3,0,20190830,143030,87,2,298,145,390,212,Sep06_0/01-20190830143030-snapshot.jpg
3,0,20190830,143230,68,2,1611,0,1694,33,Sep06_0/01-20190830143230-snapshot.jpg
3,0,20190830,143300,85,2,1038,719,1121,772,Sep06_0/01-20190830143300-snapshot.jpg
3,0,20190830,143400,74,2,0,856,34,906,Sep06_0/01-20190830143400-snapshot.jpg
3,0,20190830,143930,86,2,1138,16,1216,74,Sep06_0/01-20190830143930-snapshot.jpg
3,0,20190830,144230,87,2,916,336,1002,400,Sep06_0/01-20190830144230-snapshot.jpg
3,0,20190830,144300,83,2,81,287,132,354,Sep06_0/01-20190830144300-snapshot.jpg
3,0,20190830,144400,86,2,48,236,106,308,Sep06_0/01-20190830144400-snapshot.jpg
3,0,20190830,144400,86,2,464,192,530,275,Sep06_0/01-20190830144400-snapshot.jpg
3,0,20190830,144600,77,2,139,821,197,887,Sep06_0/01-20190830144600-snapshot.jpg
3,0,20190830,144900,84,2,1875,457,1920,532,Sep06_0/01-20190830144900-snapshot.jpg
3,0,20190830,145830,85,2,1821,699,1893,769,Sep06_0/01-20190830145830-snapshot.jpg
3,0,20190830,150900,75,2,115,69,173,151,Sep06_0/01-20190830150900-snapshot.jpg
3,0,20190830,151300,65,2,1649,1,1724,48,Sep06_0/01-20190830151300-snapshot.jpg
3,0,20190830,151830,87,2,1015,690,1083,757,Sep06_0/01-20190830151830-snapshot.jpg
3,0,20190830,152100,86,2,1756,363,1817,440,Sep06_0/01-20190830152100-snapshot.jpg
3,0,20190830,152230,83,2,971,34,1028,103,Sep06_0/01-20190830152230-snapshot.jpg
3,0,20190830,152300,87,2,795,337,857,414,Sep06_0/01-20190830152300-snapshot.jpg
3,0,20190830,152400,84,2,694,547,749,622,Sep06_0/01-20190830152400-snapshot.jpg
3,0,20190830,153230,85,2,33,445,107,504,Sep06_0/01-20190830153230-snapshot.jpg
3,0,20190830,153300,72,2,90,176,157,235,Sep06_0/01-20190830153300-snapshot.jpg
3,0,20190830,153330,87,2,277,180,332,254,Sep06_0/01-20190830153330-snapshot.jpg
3,0,20190830,153400,49,2,210,298,265,350,Sep06_0/01-20190830153400-snapshot.jpg
3,0,20190830,153430,85,2,380,181,433,262,Sep06_0/01-20190830153430-snapshot.jpg
3,0,20190830,153500,80,2,1241,769,1319,828,Sep06_0/01-20190830153500-snapshot.jpg
3,0,20190830,153530,66,2,1642,1,1713,59,Sep06_0/01-20190830153530-snapshot.jpg
3,0,20190830,153530,80,2,1689,487,1766,550,Sep06_0/01-20190830153530-snapshot.jpg
3,0,20190830,153600,84,2,1760,496,1843,556,Sep06_0/01-20190830153600-snapshot.jpg
3,0,20190830,153630,78,2,1448,864,1522,932,Sep06_0/01-20190830153630-snapshot.jpg
3,0,20190830,153700,82,2,1510,362,1589,412,Sep06_0/01-20190830153700-snapshot.jpg
3,0,20190830,153730,85,2,1143,133,1198,207,Sep06_0/01-20190830153730-snapshot.jpg
3,0,20190830,153800,86,2,826,571,905,623,Sep06_0/01-20190830153800-snapshot.jpg
3,0,20190830,153830,88,2,1096,607,1174,661,Sep06_0/01-20190830153830-snapshot.jpg
3,0,20190830,154000,84,2,474,204,557,256,Sep06_0/01-20190830154000-snapshot.jpg
3,0,20190830,155000,87,4,1083,256,1169,327,Sep06_0/01-20190830155000-snapshot.jpg
3,0,20190830,155300,86,2,33,211,120,269,Sep06_0/01-20190830155300-snapshot.jpg
3,0,20190830,155330,87,2,697,516,781,569,Sep06_0/01-20190830155330-snapshot.jpg
3,0,20190830,155600,86,2,928,940,991,1019,Sep06_0/01-20190830155600-snapshot.jpg
3,0,20190830,155930,84,2,1316,73,1395,139,Sep06_0/01-20190830155930-snapshot.jpg
3,0,20190830,160000,39,2,282,240,359,283,Sep06_0/01-20190830160000-snapshot.jpg
3,0,20190830,160000,45,2,1635,1,1705,42,Sep06_0/01-20190830160000-snapshot.jpg
3,0,20190830,160230,78,2,154,27,207,90,Sep06_0/01-20190830160230-snapshot.jpg
3,0,20190830,160300,86,2,86,213,142,280,Sep06_0/01-20190830160300-snapshot.jpg
3,0,20190830,160330,83,2,1043,0,1113,54,Sep06_0/01-20190830160330-snapshot.jpg
3,0,20190830,160400,84,2,1443,119,1513,192,Sep06_0/01-20190830160400-snapshot.jpg
3,0,20190830,160800,87,2,1717,112,1777,190,Sep06_0/01-20190830160800-snapshot.jpg
3,0,20190830,161330,86,4,118,344,190,420,Sep06_0/01-20190830161330-snapshot.jpg
3,0,20190830,161630,84,2,1810,626,1899,691,Sep06_0/01-20190830161630-snapshot.jpg
3,0,20190830,162030,74,2,1806,632,1887,694,Sep06_0/01-20190830162030-snapshot.jpg
3,0,20190830,162300,67,2,307,81,364,142,Sep06_0/01-20190830162300-snapshot.jpg
3,0,20190830,162600,87,2,56,219,113,298,Sep06_0/01-20190830162600-snapshot.jpg
3,0,20190830,162830,84,2,963,870,1036,935,Sep06_0/01-20190830162830-snapshot.jpg
3,0,20190830,162900,82,2,1079,473,1137,526,Sep06_0/01-20190830162900-snapshot.jpg
3,0,20190830,162900,84,2,1157,998,1211,1061,Sep06_0/01-20190830162900-snapshot.jpg
3,0,20190830,162930,67,2,979,27,1039,86,Sep06_0/01-20190830162930-snapshot.jpg
3,0,20190830,162930,83,2,181,743,258,809,Sep06_0/01-20190830162930-snapshot.jpg
3,0,20190830,163000,90,2,959,471,1048,528,Sep06_0/01-20190830163000-snapshot.jpg
3,0,20190830,163030,81,2,1753,843,1831,908,Sep06_0/01-20190830163030-snapshot.jpg
3,0,20190830,163230,86,4,256,215,322,301,Sep06_0/01-20190830163230-snapshot.jpg
3,0,20190830,163300,85,2,1841,103,1919,182,Sep06_0/01-20190830163300-snapshot.jpg
3,0,20190830,164200,84,2,855,601,914,674,Sep06_0/01-20190830164200-snapshot.jpg
3,0,20190830,164300,86,2,1076,499,1138,563,Sep06_0/01-20190830164300-snapshot.jpg
3,0,20190830,164630,84,2,1618,6,1678,72,Sep06_0/01-20190830164630-snapshot.jpg
3,0,20190830,164700,83,2,1533,337,1591,404,Sep06_0/01-20190830164700-snapshot.jpg
3,0,20190830,164700,84,2,1464,844,1542,917,Sep06_0/01-20190830164700-snapshot.jpg
3,0,20190830,164800,81,2,0,426,55,478,Sep06_0/01-20190830164800-snapshot.jpg
3,0,20190830,164830,72,2,1631,638,1710,708,Sep06_0/01-20190830164830-snapshot.jpg
3,0,20190830,164900,84,2,1778,505,1838,575,Sep06_0/01-20190830164900-snapshot.jpg
3,0,20190830,165030,68,8,1687,724,1800,811,Sep06_0/01-20190830165030-snapshot.jpg
3,0,20190830,165230,84,2,31,212,107,275,Sep06_0/01-20190830165230-snapshot.jpg
3,0,20190830,165330,49,2,1712,397,1777,440,Sep06_0/01-20190830165330-snapshot.jpg
3,0,20190830,165400,86,2,697,531,756,598,Sep06_0/01-20190830165400-snapshot.jpg
3,0,20190830,170300,83,2,1322,80,1405,140,Sep06_0/01-20190830170300-snapshot.jpg
3,0,20190830,170830,82,2,1143,985,1207,1028,Sep06_0/01-20190830170830-snapshot.jpg
3,0,20190830,171000,79,2,1872,402,1920,480,Sep06_0/01-20190830171000-snapshot.jpg
3,0,20190830,171200,61,2,780,1,862,41,Sep06_0/01-20190830171200-snapshot.jpg
3,0,20190830,171200,86,2,314,497,406,555,Sep06_0/01-20190830171200-snapshot.jpg
3,0,20190830,171230,87,2,1229,608,1305,678,Sep06_0/01-20190830171230-snapshot.jpg
3,0,20190830,171430,80,2,1815,623,1894,694,Sep06_0/01-20190830171430-snapshot.jpg
3,0,20190830,171500,69,2,1059,0,1122,45,Sep06_0/01-20190830171500-snapshot.jpg
3,0,20190830,171630,87,2,44,249,127,317,Sep06_0/01-20190830171630-snapshot.jpg
3,0,20190830,171830,76,2,799,559,852,609,Sep06_0/01-20190830171830-snapshot.jpg
3,0,20190830,171900,84,2,284,114,376,170,Sep06_0/01-20190830171900-snapshot.jpg
3,0,20190830,172100,88,2,1210,797,1296,855,Sep06_0/01-20190830172100-snapshot.jpg
3,0,20190830,172130,82,2,1552,491,1634,553,Sep06_0/01-20190830172130-snapshot.jpg
3,0,20190830,172200,84,2,1057,475,1111,532,Sep06_0/01-20190830172200-snapshot.jpg
3,0,20190830,172230,85,2,1693,500,1770,573,Sep06_0/01-20190830172230-snapshot.jpg
3,0,20190830,172230,85,2,262,147,359,199,Sep06_0/01-20190830172230-snapshot.jpg
3,0,20190830,172300,86,2,811,565,890,620,Sep06_0/01-20190830172300-snapshot.jpg
3,0,20190830,172330,80,2,907,790,962,867,Sep06_0/01-20190830172330-snapshot.jpg
3,0,20190830,172600,86,2,1102,981,1176,1035,Sep06_0/01-20190830172600-snapshot.jpg
3,0,20190830,172830,85,2,472,118,526,174,Sep06_0/01-20190830172830-snapshot.jpg
3,0,20190830,172900,85,2,1852,408,1920,473,Sep06_0/01-20190830172900-snapshot.jpg
3,0,20190830,173100,87,2,226,387,286,473,Sep06_0/01-20190830173100-snapshot.jpg
3,0,20190830,173130,88,2,451,166,540,238,Sep06_0/01-20190830173130-snapshot.jpg
3,0,20190830,173200,79,2,1244,531,1300,588,Sep06_0/01-20190830173200-snapshot.jpg
3,0,20190830,173400,86,2,197,133,261,207,Sep06_0/01-20190830173400-snapshot.jpg
3,0,20190830,173430,78,1,335,736,377,774,Sep06_0/01-20190830173430-snapshot.jpg
3,0,20190830,173430,80,2,876,886,945,967,Sep06_0/01-20190830173430-snapshot.jpg
3,0,20190830,173700,85,2,1039,248,1098,328,Sep06_0/01-20190830173700-snapshot.jpg
3,0,20190830,173730,84,2,89,300,163,352,Sep06_0/01-20190830173730-snapshot.jpg
3,0,20190830,173900,40,2,1105,568,1160,622,Sep06_0/01-20190830173900-snapshot.jpg
3,0,20190830,174400,81,2,1739,384,1820,443,Sep06_0/01-20190830174400-snapshot.jpg
3,0,20190830,174500,86,2,460,157,517,236,Sep06_0/01-20190830174500-snapshot.jpg
3,0,20190830,174730,86,2,943,874,1002,952,Sep06_0/01-20190830174730-snapshot.jpg
3,0,20190830,174900,86,2,127,618,187,686,Sep06_0/01-20190830174900-snapshot.jpg
3,0,20190830,174930,83,2,1755,600,1850,659,Sep06_0/01-20190830174930-snapshot.jpg
3,0,20190830,175100,79,2,1851,532,1920,580,Sep06_0/01-20190830175100-snapshot.jpg
3,0,20190830,175400,80,2,0,850,69,901,Sep06_0/01-20190830175400-snapshot.jpg
3,0,20190830,175430,87,2,739,425,793,493,Sep06_0/01-20190830175430-snapshot.jpg
3,0,20190830,175800,81,2,1266,798,1327,865,Sep06_0/01-20190830175800-snapshot.jpg
3,0,20190830,175830,76,2,1593,31,1668,77,Sep06_0/01-20190830175830-snapshot.jpg
3,0,20190830,175900,85,2,204,270,261,341,Sep06_0/01-20190830175900-snapshot.jpg
3,0,20190830,175930,89,2,137,179,218,242,Sep06_0/01-20190830175930-snapshot.jpg
3,0,20190830,180030,84,2,1762,507,1826,580,Sep06_0/01-20190830180030-snapshot.jpg
3,0,20190830,180530,85,2,838,597,906,665,Sep06_0/01-20190830180530-snapshot.jpg
3,0,20190830,181230,69,2,1644,0,1713,49,Sep06_0/01-20190830181230-snapshot.jpg
3,0,20190830,181300,84,2,879,864,955,938,Sep06_0/01-20190830181300-snapshot.jpg
3,0,20190830,181330,70,2,1699,604,1756,646,Sep06_0/01-20190830181330-snapshot.jpg
3,0,20190830,181630,84,2,800,527,878,573,Sep06_0/01-20190830181630-snapshot.jpg
3,0,20190830,181930,85,2,221,234,279,304,Sep06_0/01-20190830181930-snapshot.jpg
3,0,20190830,182030,86,2,1149,138,1203,214,Sep06_0/01-20190830182030-snapshot.jpg
3,0,20190830,182100,83,2,1453,864,1509,931,Sep06_0/01-20190830182100-snapshot.jpg
3,0,20190830,182230,72,2,1536,316,1590,379,Sep06_0/01-20190830182230-snapshot.jpg
3,0,20190830,182430,85,2,190,243,255,320,Sep06_0/01-20190830182430-snapshot.jpg
3,0,20190830,182500,76,2,303,78,368,135,Sep06_0/01-20190830182500-snapshot.jpg
3,0,20190830,182730,82,2,1533,310,1597,372,Sep06_0/01-20190830182730-snapshot.jpg
3,0,20190830,183730,86,2,938,365,993,436,Sep06_0/01-20190830183730-snapshot.jpg
3,0,20190830,184300,82,2,294,61,361,114,Sep06_0/01-20190830184300-snapshot.jpg
3,0,20190830,184330,85,2,1724,490,1783,559,Sep06_0/01-20190830184330-snapshot.jpg
3,0,20190830,184700,84,2,847,897,913,966,Sep06_0/01-20190830184700-snapshot.jpg
3,0,20190830,184730,86,2,1247,507,1312,567,Sep06_0/01-20190830184730-snapshot.jpg
3,0,20190830,184830,85,2,256,781,319,859,Sep06_0/01-20190830184830-snapshot.jpg
3,0,20190830,185600,84,2,61,237,124,305,Sep06_0/01-20190830185600-snapshot.jpg
3,0,20190830,185700,86,2,102,342,192,404,Sep06_0/01-20190830185700-snapshot.jpg
3,0,20190830,190130,86,2,681,517,739,581,Sep06_0/01-20190830190130-snapshot.jpg
3,0,20190830,190200,83,2,1260,1013,1316,1076,Sep06_0/01-20190830190200-snapshot.jpg
3,0,20190830,190730,73,2,1280,111,1352,159,Sep06_0/01-20190830190730-snapshot.jpg
3,0,20190830,190800,60,2,1646,1,1712,45,Sep06_0/01-20190830190800-snapshot.jpg
3,0,20190830,190830,80,2,450,116,519,173,Sep06_0/01-20190830190830-snapshot.jpg
3,0,20190830,191500,71,2,3,849,87,899,Sep06_0/01-20190830191500-snapshot.jpg
3,0,20190830,191900,82,2,1870,770,1920,856,Sep06_0/01-20190830191900-snapshot.jpg
3,0,20190830,192030,80,2,834,608,913,664,Sep06_0/01-20190830192030-snapshot.jpg
3,0,20190830,193030,35,2,52,298,107,356,Sep06_0/01-20190830193030-snapshot.jpg
3,0,20190830,193100,33,2,1114,572,1169,623,Sep06_0/01-20190830193100-snapshot.jpg
3,0,20190830,194530,71,2,0,429,27,492,Sep06_0/01-20190830194530-snapshot.jpg
3,0,20190830,195430,88,2,402,131,479,192,Sep06_0/01-20190830195430-snapshot.jpg
3,0,20190830,195700,86,2,1855,485,1918,559,Sep06_0/01-20190830195700-snapshot.jpg
3,0,20190830,195730,79,2,1588,20,1655,97,Sep06_0/01-20190830195730-snapshot.jpg
3,0,20190830,195800,87,2,909,795,967,874,Sep06_0/01-20190830195800-snapshot.jpg
3,0,20190830,200730,86,2,958,37,1037,110,Sep06_0/01-20190830200730-snapshot.jpg
3,0,20190830,201730,84,2,1031,683,1094,759,Sep06_0/01-20190830201730-snapshot.jpg
3,0,20190830,202430,87,2,386,203,452,289,Sep06_0/01-20190830202430-snapshot.jpg
3,0,20190830,202500,81,2,1465,370,1561,442,Sep06_0/01-20190830202500-snapshot.jpg
3,0,20190830,204230,61,2,414,242,496,333,Sep06_0/01-20190830204230-snapshot.jpg
3,0,20190831,081630,40,2,1052,76,1105,135,Sep06_0/05-20190831081630-snapshot.jpg
3,0,20190831,082630,66,8,1628,951,1713,1010,Sep06_0/05-20190831082630-snapshot.jpg
3,0,20190831,085700,48,8,719,341,797,396,Sep06_0/05-20190831085700-snapshot.jpg
3,0,20190831,091300,78,2,1869,407,1920,470,Sep06_0/05-20190831091300-snapshot.jpg
3,0,20190831,091500,84,2,1660,0,1717,64,Sep06_0/05-20190831091500-snapshot.jpg
3,0,20190831,091830,85,2,1646,8,1706,81,Sep06_0/05-20190831091830-snapshot.jpg
3,0,20190831,091900,85,2,1275,781,1353,843,Sep06_0/05-20190831091900-snapshot.jpg
3,0,20190831,092230,74,2,1,31,69,106,Sep06_0/05-20190831092230-snapshot.jpg
3,0,20190831,093200,81,2,1884,401,1920,478,Sep06_0/05-20190831093200-snapshot.jpg
3,0,20190831,093400,83,2,892,919,972,979,Sep06_0/05-20190831093400-snapshot.jpg
3,0,20190831,093430,84,2,1465,157,1543,223,Sep06_0/05-20190831093430-snapshot.jpg
3,0,20190831,093530,57,2,1,0,70,33,Sep06_0/05-20190831093530-snapshot.jpg
3,0,20190831,093630,86,2,103,286,161,359,Sep06_0/05-20190831093630-snapshot.jpg
3,0,20190831,093700,70,2,76,39,158,121,Sep06_0/05-20190831093700-snapshot.jpg
3,0,20190831,093700,88,2,258,165,343,230,Sep06_0/05-20190831093700-snapshot.jpg
3,0,20190831,093730,82,2,972,430,1028,482,Sep06_0/05-20190831093730-snapshot.jpg
3,0,20190831,093730,85,2,752,524,805,593,Sep06_0/05-20190831093730-snapshot.jpg
3,0,20190831,094030,83,2,1665,0,1725,62,Sep06_0/05-20190831094030-snapshot.jpg
3,0,20190831,095830,82,2,61,257,113,314,Sep06_0/05-20190831095830-snapshot.jpg
3,0,20190831,095900,85,2,441,383,505,445,Sep06_0/05-20190831095900-snapshot.jpg
3,0,20190831,095930,83,2,1031,528,1105,577,Sep06_0/05-20190831095930-snapshot.jpg
3,0,20190831,100030,56,2,1581,0,1645,45,Sep06_0/05-20190831100030-snapshot.jpg
3,0,20190831,100100,87,2,1039,688,1098,760,Sep06_0/05-20190831100100-snapshot.jpg
3,0,20190831,100130,86,2,1505,604,1590,656,Sep06_0/05-20190831100130-snapshot.jpg
3,0,20190831,100930,88,2,1428,884,1512,954,Sep06_0/05-20190831100930-snapshot.jpg
3,0,20190831,101130,82,2,77,301,154,353,Sep06_0/05-20190831101130-snapshot.jpg
3,0,20190831,101700,86,2,1764,509,1858,560,Sep06_0/05-20190831101700-snapshot.jpg
3,0,20190831,101830,83,2,1493,333,1571,386,Sep06_0/05-20190831101830-snapshot.jpg
3,0,20190831,102030,83,2,968,899,1043,965,Sep06_0/05-20190831102030-snapshot.jpg
3,0,20190831,102200,80,2,1572,1020,1643,1080,Sep06_0/05-20190831102200-snapshot.jpg
3,0,20190831,102230,77,2,884,924,949,988,Sep06_0/05-20190831102230-snapshot.jpg
3,0,20190831,102300,50,2,63,206,132,274,Sep06_0/05-20190831102300-snapshot.jpg
3,0,20190831,102330,79,2,179,45,249,116,Sep06_0/05-20190831102330-snapshot.jpg
3,0,20190831,102330,86,2,671,488,732,558,Sep06_0/05-20190831102330-snapshot.jpg
3,0,20190831,102830,87,2,1659,584,1744,660,Sep06_0/05-20190831102830-snapshot.jpg
3,0,20190831,103000,73,2,1252,798,1305,861,Sep06_0/05-20190831103000-snapshot.jpg
3,0,20190831,103030,72,2,289,73,357,143,Sep06_0/05-20190831103030-snapshot.jpg
3,0,20190831,103830,82,2,1293,1018,1365,1076,Sep06_0/05-20190831103830-snapshot.jpg
3,0,20190831,103830,83,2,1095,311,1156,385,Sep06_0/05-20190831103830-snapshot.jpg
3,0,20190831,104300,86,2,1815,793,1910,851,Sep06_0/05-20190831104300-snapshot.jpg
3,0,20190831,104530,79,8,897,757,959,828,Sep06_0/05-20190831104530-snapshot.jpg
3,0,20190831,105100,74,2,1826,830,1910,892,Sep06_0/05-20190831105100-snapshot.jpg
3,0,20190831,105130,85,2,1334,152,1409,205,Sep06_0/05-20190831105130-snapshot.jpg
3,0,20190831,105530,85,2,734,508,789,576,Sep06_0/05-20190831105530-snapshot.jpg
3,0,20190831,105800,84,8,190,764,249,828,Sep06_0/05-20190831105800-snapshot.jpg
3,0,20190831,110700,78,2,57,224,147,277,Sep06_0/05-20190831110700-snapshot.jpg
3,0,20190831,110800,86,2,1876,443,1920,522,Sep06_0/05-20190831110800-snapshot.jpg
3,0,20190831,110830,85,2,1331,672,1408,727,Sep06_0/05-20190831110830-snapshot.jpg
3,0,20190831,110830,87,2,1066,664,1126,748,Sep06_0/05-20190831110830-snapshot.jpg
3,0,20190831,111130,81,8,427,360,482,418,Sep06_0/05-20190831111130-snapshot.jpg
3,0,20190831,111130,84,2,1022,444,1106,494,Sep06_0/05-20190831111130-snapshot.jpg
3,0,20190831,111330,88,2,975,34,1059,100,Sep06_0/05-20190831111330-snapshot.jpg
3,0,20190831,112130,84,2,966,37,1043,103,Sep06_0/05-20190831112130-snapshot.jpg
3,0,20190831,112600,83,2,1783,393,1870,455,Sep06_0/05-20190831112600-snapshot.jpg
3,0,20190831,113130,87,2,1139,462,1219,539,Sep06_0/05-20190831113130-snapshot.jpg
3,0,20190831,113200,85,2,1829,484,1912,538,Sep06_0/05-20190831113200-snapshot.jpg
3,0,20190831,113300,84,2,1107,12,1189,57,Sep06_0/05-20190831113300-snapshot.jpg
3,0,20190831,113330,64,9,1873,430,1920,503,Sep06_0/05-20190831113330-snapshot.jpg
3,0,20190831,113500,85,2,193,20,251,97,Sep06_0/05-20190831113500-snapshot.jpg
3,0,20190831,113530,77,2,1655,0,1714,56,Sep06_0/05-20190831113530-snapshot.jpg
3,0,20190831,113530,81,2,215,311,280,381,Sep06_0/05-20190831113530-snapshot.jpg
3,0,20190831,113600,77,2,75,299,152,347,Sep06_0/05-20190831113600-snapshot.jpg
3,0,20190831,113600,83,2,21,870,107,941,Sep06_0/05-20190831113600-snapshot.jpg
3,0,20190831,113730,90,2,1429,865,1509,943,Sep06_0/05-20190831113730-snapshot.jpg
3,0,20190831,113800,81,2,892,766,944,825,Sep06_0/05-20190831113800-snapshot.jpg
3,0,20190831,114030,29,2,1005,429,1080,493,Sep06_0/05-20190831114030-snapshot.jpg
3,0,20190831,114030,83,2,279,91,361,147,Sep06_0/05-20190831114030-snapshot.jpg
3,0,20190831,114100,83,2,260,99,339,166,Sep06_0/05-20190831114100-snapshot.jpg
3,0,20190831,114530,81,8,932,967,1006,1011,Sep06_0/05-20190831114530-snapshot.jpg
3,0,20190831,114830,79,2,1145,964,1202,1027,Sep06_0/05-20190831114830-snapshot.jpg
3,0,20190831,114900,83,2,1656,949,1742,1002,Sep06_0/05-20190831114900-snapshot.jpg
3,0,20190831,115000,76,2,1694,602,1772,657,Sep06_0/05-20190831115000-snapshot.jpg
3,0,20190831,115030,82,2,1740,187,1823,262,Sep06_0/05-20190831115030-snapshot.jpg
3,0,20190831,115230,88,2,1622,301,1707,361,Sep06_0/05-20190831115230-snapshot.jpg
3,0,20190831,115300,82,2,474,242,553,299,Sep06_0/05-20190831115300-snapshot.jpg
3,0,20190831,115400,80,2,199,274,262,345,Sep06_0/05-20190831115400-snapshot.jpg
3,0,20190831,115430,86,2,1715,361,1777,430,Sep06_0/05-20190831115430-snapshot.jpg
3,0,20190831,115530,81,2,139,220,197,293,Sep06_0/05-20190831115530-snapshot.jpg
3,0,20190831,115800,87,2,1698,455,1783,521,Sep06_0/05-20190831115800-snapshot.jpg
3,0,20190831,115830,86,2,1363,712,1420,781,Sep06_0/05-20190831115830-snapshot.jpg
3,0,20190831,115900,83,2,1721,920,1789,986,Sep06_0/05-20190831115900-snapshot.jpg
3,0,20190831,115930,83,2,141,313,221,376,Sep06_0/05-20190831115930-snapshot.jpg
3,0,20190831,120000,86,2,907,800,964,874,Sep06_0/05-20190831120000-snapshot.jpg
3,0,20190831,120030,88,2,97,638,185,698,Sep06_0/05-20190831120030-snapshot.jpg
3,0,20190831,120100,83,2,1508,317,1567,385,Sep06_0/05-20190831120100-snapshot.jpg
3,0,20190831,120500,86,2,1347,281,1436,333,Sep06_0/05-20190831120500-snapshot.jpg
3,0,20190831,120600,83,2,217,663,298,720,Sep06_0/05-20190831120600-snapshot.jpg
3,0,20190831,120630,78,2,859,579,913,646,Sep06_0/05-20190831120630-snapshot.jpg
3,0,20190831,120900,86,2,1688,114,1750,191,Sep06_0/05-20190831120900-snapshot.jpg
3,0,20190831,121330,84,2,1057,474,1111,532,Sep06_0/05-20190831121330-snapshot.jpg
3,0,20190831,121500,86,2,866,844,942,923,Sep06_0/05-20190831121500-snapshot.jpg
3,0,20190831,121600,85,2,390,109,462,165,Sep06_0/05-20190831121600-snapshot.jpg
3,0,20190831,121800,87,2,1390,459,1471,530,Sep06_0/05-20190831121800-snapshot.jpg
3,0,20190831,122500,83,8,1769,825,1831,898,Sep06_0/05-20190831122500-snapshot.jpg
3,0,20190831,122800,87,2,425,238,517,291,Sep06_0/05-20190831122800-snapshot.jpg
3,0,20190831,122830,86,2,908,742,991,811,Sep06_0/05-20190831122830-snapshot.jpg
3,0,20190831,122900,84,2,1219,539,1282,598,Sep06_0/05-20190831122900-snapshot.jpg
3,0,20190831,122930,79,2,1134,1026,1202,1067,Sep06_0/05-20190831122930-snapshot.jpg
3,0,20190831,123200,87,2,1138,62,1193,136,Sep06_0/05-20190831123200-snapshot.jpg
3,0,20190831,123500,78,2,203,273,263,345,Sep06_0/05-20190831123500-snapshot.jpg
3,0,20190831,124000,77,2,129,73,196,151,Sep06_0/05-20190831124000-snapshot.jpg
3,0,20190831,124030,86,2,706,418,762,494,Sep06_0/05-20190831124030-snapshot.jpg
3,0,20190831,124530,86,2,843,908,919,980,Sep06_0/05-20190831124530-snapshot.jpg
3,0,20190831,125400,81,2,1139,78,1188,139,Sep06_0/05-20190831125400-snapshot.jpg
3,0,20190831,125530,85,2,1229,141,1333,201,Sep06_0/05-20190831125530-snapshot.jpg
3,0,20190831,125600,87,2,386,126,486,182,Sep06_0/05-20190831125600-snapshot.jpg
3,0,20190831,125800,83,2,1689,479,1765,539,Sep06_0/05-20190831125800-snapshot.jpg
3,0,20190831,130030,84,2,1204,599,1276,657,Sep06_0/05-20190831130030-snapshot.jpg
3,0,20190831,130330,83,2,1159,982,1214,1044,Sep06_0/05-20190831130330-snapshot.jpg
3,0,20190831,130700,87,2,1112,103,1163,171,Sep06_0/05-20190831130700-snapshot.jpg
3,0,20190831,131330,85,2,1790,409,1850,480,Sep06_0/05-20190831131330-snapshot.jpg
3,0,20190831,131500,79,2,1257,770,1315,840,Sep06_0/05-20190831131500-snapshot.jpg
3,0,20190831,131800,74,2,1125,52,1177,118,Sep06_0/05-20190831131800-snapshot.jpg
3,0,20190831,131830,74,2,1744,386,1806,444,Sep06_0/05-20190831131830-snapshot.jpg
3,0,20190831,131900,78,8,901,845,975,895,Sep06_0/05-20190831131900-snapshot.jpg
3,0,20190831,132030,82,2,1835,457,1904,530,Sep06_0/05-20190831132030-snapshot.jpg
3,0,20190831,132030,86,2,123,20,176,102,Sep06_0/05-20190831132030-snapshot.jpg
3,0,20190831,132500,65,1,172,233,217,279,Sep06_0/05-20190831132500-snapshot.jpg
3,0,20190831,132630,86,1,706,167,755,207,Sep06_0/05-20190831132630-snapshot.jpg
3,0,20190831,132830,85,1,1234,248,1275,280,Sep06_0/05-20190831132830-snapshot.jpg
3,0,20190831,132900,82,1,1712,3,1755,37,Sep06_0/05-20190831132900-snapshot.jpg
3,0,20190831,132930,82,2,1285,1004,1363,1053,Sep06_0/05-20190831132930-snapshot.jpg
3,0,20190831,132930,88,2,1020,534,1103,588,Sep06_0/05-20190831132930-snapshot.jpg
3,0,20190831,133000,81,2,1852,810,1920,870,Sep06_0/05-20190831133000-snapshot.jpg
3,0,20190831,133000,85,2,1249,575,1307,633,Sep06_0/05-20190831133000-snapshot.jpg
3,0,20190831,133030,85,2,953,896,1041,948,Sep06_0/05-20190831133030-snapshot.jpg
3,0,20190831,133100,86,2,1133,107,1189,179,Sep06_0/05-20190831133100-snapshot.jpg
3,0,20190831,133130,86,2,69,221,162,271,Sep06_0/05-20190831133130-snapshot.jpg
3,0,20190831,133300,84,2,1304,164,1390,220,Sep06_0/05-20190831133300-snapshot.jpg
3,0,20190831,133330,82,2,804,823,888,874,Sep06_0/05-20190831133330-snapshot.jpg
3,0,20190831,133530,84,2,763,531,842,581,Sep06_0/05-20190831133530-snapshot.jpg
3,0,20190831,133600,54,2,641,496,698,567,Sep06_0/05-20190831133600-snapshot.jpg
3,0,20190831,133630,85,2,826,423,887,483,Sep06_0/05-20190831133630-snapshot.jpg
3,0,20190831,133700,49,2,207,235,265,297,Sep06_0/05-20190831133700-snapshot.jpg
3,0,20190831,133800,86,2,233,171,300,255,Sep06_0/05-20190831133800-snapshot.jpg
3,0,20190831,133800,88,2,1717,388,1803,441,Sep06_0/05-20190831133800-snapshot.jpg
3,0,20190831,133900,85,2,1863,478,1920,543,Sep06_0/05-20190831133900-snapshot.jpg
3,0,20190831,134000,85,2,1001,56,1087,111,Sep06_0/05-20190831134000-snapshot.jpg
3,0,20190831,134030,84,2,1810,450,1872,515,Sep06_0/05-20190831134030-snapshot.jpg
3,0,20190831,134300,76,2,1882,444,1920,501,Sep06_0/05-20190831134300-snapshot.jpg
3,0,20190831,134330,85,2,1087,938,1142,1003,Sep06_0/05-20190831134330-snapshot.jpg
3,0,20190831,134400,86,2,639,619,717,699,Sep06_0/05-20190831134400-snapshot.jpg
3,0,20190831,134430,84,2,428,397,504,456,Sep06_0/05-20190831134430-snapshot.jpg
3,0,20190831,134900,85,2,1497,898,1576,974,Sep06_0/05-20190831134900-snapshot.jpg
3,0,20190831,134930,81,2,929,751,982,806,Sep06_0/05-20190831134930-snapshot.jpg
3,0,20190831,134930,85,2,457,128,515,203,Sep06_0/05-20190831134930-snapshot.jpg
3,0,20190831,135000,85,2,790,518,845,592,Sep06_0/05-20190831135000-snapshot.jpg
3,0,20190831,135030,41,2,0,0,34,37,Sep06_0/05-20190831135030-snapshot.jpg
3,0,20190831,135100,83,2,1502,591,1570,656,Sep06_0/05-20190831135100-snapshot.jpg
3,0,20190831,135300,72,2,602,637,692,683,Sep06_0/05-20190831135300-snapshot.jpg
3,0,20190831,135430,83,2,148,81,207,145,Sep06_0/05-20190831135430-snapshot.jpg
3,0,20190831,135600,41,2,1687,596,1758,650,Sep06_0/05-20190831135600-snapshot.jpg
3,0,20190831,135930,76,2,149,211,225,259,Sep06_0/05-20190831135930-snapshot.jpg
3,0,20190831,140000,80,2,1540,2,1599,55,Sep06_0/05-20190831140000-snapshot.jpg
3,0,20190831,140030,69,1,495,713,537,749,Sep06_0/05-20190831140030-snapshot.jpg
3,0,20190831,140230,60,2,255,115,331,183,Sep06_0/05-20190831140230-snapshot.jpg
3,0,20190831,140300,85,2,649,540,712,615,Sep06_0/05-20190831140300-snapshot.jpg
3,0,20190831,140500,83,2,1024,1000,1098,1043,Sep06_0/05-20190831140500-snapshot.jpg
3,0,20190831,140630,82,2,1274,767,1334,840,Sep06_0/05-20190831140630-snapshot.jpg
3,0,20190831,140630,83,2,64,202,146,257,Sep06_0/05-20190831140630-snapshot.jpg
3,0,20190831,140730,87,2,833,829,913,897,Sep06_0/05-20190831140730-snapshot.jpg
3,0,20190831,140830,85,2,205,177,275,254,Sep06_0/05-20190831140830-snapshot.jpg
3,0,20190831,141200,85,2,1573,416,1634,489,Sep06_0/05-20190831141200-snapshot.jpg
3,0,20190831,141230,84,2,726,414,780,477,Sep06_0/05-20190831141230-snapshot.jpg
3,0,20190831,141230,87,2,108,266,196,317,Sep06_0/05-20190831141230-snapshot.jpg
3,0,20190831,141700,80,2,1869,389,1920,460,Sep06_0/05-20190831141700-snapshot.jpg
3,0,20190831,141700,87,2,1610,291,1687,356,Sep06_0/05-20190831141700-snapshot.jpg
3,0,20190831,141800,64,2,1,50,41,130,Sep06_0/05-20190831141800-snapshot.jpg
3,0,20190831,142000,42,2,1657,479,1716,535,Sep06_0/05-20190831142000-snapshot.jpg
3,0,20190831,142030,82,2,1855,520,1913,587,Sep06_0/05-20190831142030-snapshot.jpg
3,0,20190831,142130,86,2,484,541,576,606,Sep06_0/05-20190831142130-snapshot.jpg
3,0,20190831,142200,75,2,136,332,198,382,Sep06_0/05-20190831142200-snapshot.jpg
3,0,20190831,142200,86,2,1208,543,1264,613,Sep06_0/05-20190831142200-snapshot.jpg
3,0,20190831,142730,84,2,1589,559,1666,608,Sep06_0/05-20190831142730-snapshot.jpg
3,0,20190831,142800,84,2,1683,410,1746,479,Sep06_0/05-20190831142800-snapshot.jpg
3,0,20190831,142800,88,2,328,35,378,109,Sep06_0/05-20190831142800-snapshot.jpg
3,0,20190831,142830,84,2,414,121,471,197,Sep06_0/05-20190831142830-snapshot.jpg
3,0,20190831,142930,83,2,1853,451,1920,507,Sep06_0/05-20190831142930-snapshot.jpg
3,0,20190831,143000,86,2,1063,605,1119,673,Sep06_0/05-20190831143000-snapshot.jpg
3,0,20190831,143030,69,2,1880,473,1920,524,Sep06_0/05-20190831143030-snapshot.jpg
3,0,20190831,143100,73,2,1120,132,1182,177,Sep06_0/05-20190831143100-snapshot.jpg
3,0,20190831,143100,88,2,314,42,366,117,Sep06_0/05-20190831143100-snapshot.jpg
3,0,20190831,143130,57,2,124,6,205,53,Sep06_0/05-20190831143130-snapshot.jpg
3,0,20190831,143130,84,2,834,434,901,493,Sep06_0/05-20190831143130-snapshot.jpg
3,0,20190831,143130,85,2,1120,573,1176,632,Sep06_0/05-20190831143130-snapshot.jpg
3,0,20190831,143230,85,2,130,213,221,264,Sep06_0/05-20190831143230-snapshot.jpg
3,0,20190831,143300,83,2,1260,761,1345,817,Sep06_0/05-20190831143300-snapshot.jpg
3,0,20190831,143430,65,2,0,181,45,248,Sep06_0/05-20190831143430-snapshot.jpg
3,0,20190831,143500,79,2,1358,88,1409,143,Sep06_0/05-20190831143500-snapshot.jpg
3,0,20190831,143500,86,2,1160,710,1229,780,Sep06_0/05-20190831143500-snapshot.jpg
3,0,20190831,143530,70,2,1630,3,1700,41,Sep06_0/05-20190831143530-snapshot.jpg
3,0,20190831,143600,80,2,1612,284,1702,354,Sep06_0/05-20190831143600-snapshot.jpg
3,0,20190831,143630,81,2,1774,567,1830,639,Sep06_0/05-20190831143630-snapshot.jpg
3,0,20190831,144200,83,2,826,909,909,973,Sep06_0/05-20190831144200-snapshot.jpg
3,0,20190831,144330,55,2,1039,0,1094,50,Sep06_0/05-20190831144330-snapshot.jpg
3,0,20190831,144430,84,2,418,105,503,158,Sep06_0/05-20190831144430-snapshot.jpg
3,0,20190831,144600,84,2,1854,386,1914,452,Sep06_0/05-20190831144600-snapshot.jpg
3,0,20190831,144730,85,2,1774,384,1865,443,Sep06_0/05-20190831144730-snapshot.jpg
3,0,20190831,144830,85,2,1082,578,1140,652,Sep06_0/05-20190831144830-snapshot.jpg
3,0,20190831,144900,84,2,791,838,846,904,Sep06_0/05-20190831144900-snapshot.jpg
3,0,20190831,144930,87,2,1126,697,1209,761,Sep06_0/05-20190831144930-snapshot.jpg
3,0,20190831,145000,89,2,1598,553,1683,613,Sep06_0/05-20190831145000-snapshot.jpg
3,0,20190831,145200,77,2,51,3,126,54,Sep06_0/05-20190831145200-snapshot.jpg
3,0,20190831,145230,81,2,31,204,116,259,Sep06_0/05-20190831145230-snapshot.jpg
3,0,20190831,145330,86,2,1161,571,1212,637,Sep06_0/05-20190831145330-snapshot.jpg
3,0,20190831,145500,82,2,1706,744,1779,808,Sep06_0/05-20190831145500-snapshot.jpg
3,0,20190831,145630,85,2,481,543,570,604,Sep06_0/05-20190831145630-snapshot.jpg
3,0,20190831,145700,83,2,107,164,187,244,Sep06_0/05-20190831145700-snapshot.jpg
3,0,20190831,145730,73,2,1795,847,1856,913,Sep06_0/05-20190831145730-snapshot.jpg
3,0,20190831,145930,85,2,1853,486,1914,561,Sep06_0/05-20190831145930-snapshot.jpg
3,0,20190831,150000,67,2,1085,1035,1145,1080,Sep06_0/05-20190831150000-snapshot.jpg
3,0,20190831,150400,69,2,262,106,326,170,Sep06_0/05-20190831150400-snapshot.jpg
3,0,20190831,150400,82,2,927,748,1005,798,Sep06_0/05-20190831150400-snapshot.jpg
3,0,20190831,150430,82,2,1150,84,1201,146,Sep06_0/05-20190831150430-snapshot.jpg
3,0,20190831,150500,85,2,1427,809,1506,869,Sep06_0/05-20190831150500-snapshot.jpg
3,0,20190831,150500,88,2,115,215,205,271,Sep06_0/05-20190831150500-snapshot.jpg
3,0,20190831,150630,76,2,1849,473,1920,526,Sep06_0/05-20190831150630-snapshot.jpg
3,0,20190831,150930,86,2,135,77,195,156,Sep06_0/05-20190831150930-snapshot.jpg
3,0,20190831,151230,83,2,1744,271,1803,352,Sep06_0/05-20190831151230-snapshot.jpg
3,0,20190831,151400,68,2,1192,697,1252,758,Sep06_0/05-20190831151400-snapshot.jpg
3,0,20190831,151400,87,2,367,189,437,252,Sep06_0/05-20190831151400-snapshot.jpg
3,0,20190831,151430,84,2,642,517,714,573,Sep06_0/05-20190831151430-snapshot.jpg
3,0,20190831,151430,85,2,130,305,208,374,Sep06_0/05-20190831151430-snapshot.jpg
3,0,20190831,151430,86,2,751,597,835,649,Sep06_0/05-20190831151430-snapshot.jpg
3,0,20190831,151500,83,2,863,459,943,506,Sep06_0/05-20190831151500-snapshot.jpg
3,0,20190831,151500,83,2,1097,622,1155,712,Sep06_0/05-20190831151500-snapshot.jpg
3,0,20190831,151500,85,2,1648,565,1706,641,Sep06_0/05-20190831151500-snapshot.jpg
3,0,20190831,151530,87,2,1731,469,1828,525,Sep06_0/05-20190831151530-snapshot.jpg
3,0,20190831,151800,85,2,89,29,172,94,Sep06_0/05-20190831151800-snapshot.jpg
3,0,20190831,151830,81,2,210,52,263,121,Sep06_0/05-20190831151830-snapshot.jpg
3,0,20190831,151930,86,2,0,811,72,873,Sep06_0/05-20190831151930-snapshot.jpg
3,0,20190831,152000,68,2,1254,700,1350,781,Sep06_0/05-20190831152000-snapshot.jpg
3,0,20190831,152000,83,2,161,254,243,309,Sep06_0/05-20190831152000-snapshot.jpg
3,0,20190831,152030,83,2,791,858,863,909,Sep06_0/05-20190831152030-snapshot.jpg
3,0,20190831,152130,87,2,890,782,944,857,Sep06_0/05-20190831152130-snapshot.jpg
3,0,20190831,152130,88,2,1092,720,1152,807,Sep06_0/05-20190831152130-snapshot.jpg
3,0,20190831,152300,75,2,1021,492,1073,550,Sep06_0/05-20190831152300-snapshot.jpg
3,0,20190831,152300,86,2,940,394,994,462,Sep06_0/05-20190831152300-snapshot.jpg
3,0,20190831,152330,83,2,293,121,378,186,Sep06_0/05-20190831152330-snapshot.jpg
3,0,20190831,152330,84,2,1803,387,1864,454,Sep06_0/05-20190831152330-snapshot.jpg
3,0,20190831,152400,85,2,1046,634,1098,706,Sep06_0/05-20190831152400-snapshot.jpg
3,0,20190831,152400,86,2,135,188,223,250,Sep06_0/05-20190831152400-snapshot.jpg
3,0,20190831,152400,86,2,841,563,903,634,Sep06_0/05-20190831152400-snapshot.jpg
3,0,20190831,152430,59,2,158,179,231,238,Sep06_0/05-20190831152430-snapshot.jpg
3,0,20190831,152430,83,2,1850,805,1912,880,Sep06_0/05-20190831152430-snapshot.jpg
3,0,20190831,152530,69,2,1723,895,1777,958,Sep06_0/05-20190831152530-snapshot.jpg
3,0,20190831,152600,82,2,1697,24,1754,95,Sep06_0/05-20190831152600-snapshot.jpg
3,0,20190831,152630,80,2,3,299,88,356,Sep06_0/05-20190831152630-snapshot.jpg
3,0,20190831,152630,84,2,134,52,212,103,Sep06_0/05-20190831152630-snapshot.jpg
3,0,20190831,152700,86,2,307,98,385,171,Sep06_0/05-20190831152700-snapshot.jpg
3,0,20190831,152730,36,2,183,237,237,303,Sep06_0/05-20190831152730-snapshot.jpg
3,0,20190831,152800,86,2,736,423,796,486,Sep06_0/05-20190831152800-snapshot.jpg
3,0,20190831,152830,77,2,1648,307,1716,367,Sep06_0/05-20190831152830-snapshot.jpg
3,0,20190831,152830,82,2,1272,1030,1349,1080,Sep06_0/05-20190831152830-snapshot.jpg
3,0,20190831,152900,83,2,950,882,1025,948,Sep06_0/05-20190831152900-snapshot.jpg
3,0,20190831,153230,74,2,609,369,686,446,Sep06_0/05-20190831153230-snapshot.jpg
3,0,20190831,153230,86,2,119,627,182,697,Sep06_0/05-20190831153230-snapshot.jpg
3,0,20190831,153300,76,2,1870,410,1919,467,Sep06_0/05-20190831153300-snapshot.jpg
3,0,20190831,153300,83,2,935,868,1005,940,Sep06_0/05-20190831153300-snapshot.jpg
3,0,20190831,153330,79,2,1634,311,1719,368,Sep06_0/05-20190831153330-snapshot.jpg
3,0,20190831,153500,88,2,231,40,311,90,Sep06_0/05-20190831153500-snapshot.jpg
3,0,20190831,153600,87,2,462,254,524,330,Sep06_0/05-20190831153600-snapshot.jpg
3,0,20190831,153630,82,2,1278,1028,1349,1078,Sep06_0/05-20190831153630-snapshot.jpg
3,0,20190831,153700,86,2,1734,469,1824,525,Sep06_0/05-20190831153700-snapshot.jpg
3,0,20190831,153930,82,2,1050,532,1118,578,Sep06_0/05-20190831153930-snapshot.jpg
3,0,20190831,154030,71,2,269,80,355,161,Sep06_0/05-20190831154030-snapshot.jpg
3,0,20190831,154030,86,2,1317,974,1394,1051,Sep06_0/05-20190831154030-snapshot.jpg
3,0,20190831,154200,83,2,1624,567,1681,637,Sep06_0/05-20190831154200-snapshot.jpg
3,0,20190831,154230,77,2,869,827,927,903,Sep06_0/05-20190831154230-snapshot.jpg
3,0,20190831,154500,82,2,1856,404,1920,461,Sep06_0/05-20190831154500-snapshot.jpg
3,0,20190831,154630,38,2,642,434,691,494,Sep06_0/05-20190831154630-snapshot.jpg
3,0,20190831,154830,76,2,1048,1033,1117,1073,Sep06_0/05-20190831154830-snapshot.jpg
3,0,20190831,154900,87,2,72,256,133,337,Sep06_0/05-20190831154900-snapshot.jpg
3,0,20190831,154930,85,2,1124,956,1180,1019,Sep06_0/05-20190831154930-snapshot.jpg
3,0,20190831,154930,86,2,152,95,237,155,Sep06_0/05-20190831154930-snapshot.jpg
3,0,20190831,155000,86,2,663,536,723,614,Sep06_0/05-20190831155000-snapshot.jpg
3,0,20190831,155030,42,2,0,227,27,297,Sep06_0/05-20190831155030-snapshot.jpg
3,0,20190831,155030,84,2,1841,451,1919,507,Sep06_0/05-20190831155030-snapshot.jpg
3,0,20190831,155030,86,2,858,899,931,968,Sep06_0/05-20190831155030-snapshot.jpg
3,0,20190831,155100,84,2,416,102,471,167,Sep06_0/05-20190831155100-snapshot.jpg
3,0,20190831,155100,86,2,886,779,966,828,Sep06_0/05-20190831155100-snapshot.jpg
3,0,20190831,155230,79,2,1028,510,1086,568,Sep06_0/05-20190831155230-snapshot.jpg
3,0,20190831,155330,61,2,1592,1,1651,46,Sep06_0/05-20190831155330-snapshot.jpg
3,0,20190831,155430,88,2,1140,72,1196,151,Sep06_0/05-20190831155430-snapshot.jpg
3,0,20190831,155530,81,2,963,397,1017,450,Sep06_0/05-20190831155530-snapshot.jpg
3,0,20190831,155600,85,2,660,480,735,535,Sep06_0/05-20190831155600-snapshot.jpg
3,0,20190831,155600,85,2,1402,765,1490,819,Sep06_0/05-20190831155600-snapshot.jpg
3,0,20190831,155630,83,2,1844,366,1919,426,Sep06_0/05-20190831155630-snapshot.jpg
3,0,20190831,155700,86,2,1815,470,1875,548,Sep06_0/05-20190831155700-snapshot.jpg
3,0,20190831,155730,80,2,1471,826,1557,889,Sep06_0/05-20190831155730-snapshot.jpg
3,0,20190831,155800,83,2,1153,278,1223,330,Sep06_0/05-20190831155800-snapshot.jpg
3,0,20190831,155800,89,2,395,253,454,335,Sep06_0/05-20190831155800-snapshot.jpg
3,0,20190831,155830,37,2,165,224,227,279,Sep06_0/05-20190831155830-snapshot.jpg
3,0,20190831,155930,87,2,213,72,300,125,Sep06_0/05-20190831155930-snapshot.jpg
3,0,20190831,160000,86,2,9,581,73,658,Sep06_0/05-20190831160000-snapshot.jpg
3,0,20190831,160100,85,2,896,479,950,551,Sep06_0/05-20190831160100-snapshot.jpg
3,0,20190831,160200,79,2,163,71,240,118,Sep06_0/05-20190831160200-snapshot.jpg
3,0,20190831,160500,78,2,1815,507,1871,579,Sep06_0/05-20190831160500-snapshot.jpg
3,0,20190831,160630,83,2,775,880,853,939,Sep06_0/05-20190831160630-snapshot.jpg
3,0,20190831,160700,81,2,0,854,65,912,Sep06_0/05-20190831160700-snapshot.jpg
3,0,20190831,160700,83,2,209,242,270,317,Sep06_0/05-20190831160700-snapshot.jpg
3,0,20190831,160700,85,2,1031,507,1086,585,Sep06_0/05-20190831160700-snapshot.jpg
3,0,20190831,160730,86,2,78,180,166,248,Sep06_0/05-20190831160730-snapshot.jpg
3,0,20190831,160830,82,2,1285,147,1366,198,Sep06_0/05-20190831160830-snapshot.jpg
3,0,20190831,161030,87,2,437,250,508,323,Sep06_0/05-20190831161030-snapshot.jpg
3,0,20190831,161100,82,2,225,14,306,65,Sep06_0/05-20190831161100-snapshot.jpg
3,0,20190831,161100,84,2,746,379,799,448,Sep06_0/05-20190831161100-snapshot.jpg
3,0,20190831,161130,84,2,799,810,860,874,Sep06_0/05-20190831161130-snapshot.jpg
3,0,20190831,161200,26,2,1544,0,1623,34,Sep06_0/05-20190831161200-snapshot.jpg
3,0,20190831,161200,79,2,878,836,941,912,Sep06_0/05-20190831161200-snapshot.jpg
3,0,20190831,161400,85,2,664,722,742,795,Sep06_0/05-20190831161400-snapshot.jpg
3,0,20190831,161530,53,2,1883,810,1920,890,Sep06_0/05-20190831161530-snapshot.jpg
3,0,20190831,161630,86,2,220,39,289,105,Sep06_0/05-20190831161630-snapshot.jpg
3,0,20190831,161700,84,2,1632,469,1712,530,Sep06_0/05-20190831161700-snapshot.jpg
3,0,20190831,161800,83,2,1825,463,1907,524,Sep06_0/05-20190831161800-snapshot.jpg
3,0,20190831,161930,86,2,700,493,764,556,Sep06_0/05-20190831161930-snapshot.jpg
3,0,20190831,162200,86,2,1624,548,1684,617,Sep06_0/05-20190831162200-snapshot.jpg
3,0,20190831,162430,88,2,99,213,180,272,Sep06_0/05-20190831162430-snapshot.jpg
3,0,20190831,162530,76,2,757,653,851,745,Sep06_0/05-20190831162530-snapshot.jpg
3,0,20190831,162530,87,2,112,164,204,223,Sep06_0/05-20190831162530-snapshot.jpg
3,0,20190831,162600,66,2,1885,423,1919,494,Sep06_0/05-20190831162600-snapshot.jpg
3,0,20190831,162600,86,2,311,15,366,86,Sep06_0/05-20190831162600-snapshot.jpg
3,0,20190831,162700,86,2,45,562,131,607,Sep06_0/05-20190831162700-snapshot.jpg
3,0,20190831,162730,83,1,674,968,716,1011,Sep06_0/05-20190831162730-snapshot.jpg
3,0,20190831,162730,88,2,1080,639,1140,720,Sep06_0/05-20190831162730-snapshot.jpg
3,0,20190831,162930,81,2,1081,488,1156,545,Sep06_0/05-20190831162930-snapshot.jpg
3,0,20190831,163030,76,2,987,893,1076,950,Sep06_0/05-20190831163030-snapshot.jpg
3,0,20190831,163100,77,2,1074,483,1143,534,Sep06_0/05-20190831163100-snapshot.jpg
3,0,20190831,163100,84,2,996,836,1070,900,Sep06_0/05-20190831163100-snapshot.jpg
3,0,20190831,163100,87,2,1163,158,1218,237,Sep06_0/05-20190831163100-snapshot.jpg
3,0,20190831,163130,78,2,1240,1030,1311,1080,Sep06_0/05-20190831163130-snapshot.jpg
3,0,20190831,163130,87,2,1391,790,1470,865,Sep06_0/05-20190831163130-snapshot.jpg
3,0,20190831,163200,85,2,174,32,232,109,Sep06_0/05-20190831163200-snapshot.jpg
3,0,20190831,163300,85,2,1598,111,1676,162,Sep06_0/05-20190831163300-snapshot.jpg
3,0,20190831,163300,88,9,415,258,477,330,Sep06_0/05-20190831163300-snapshot.jpg
3,0,20190831,163330,83,2,1286,1016,1362,1061,Sep06_0/05-20190831163330-snapshot.jpg
3,0,20190831,163330,87,2,835,397,894,477,Sep06_0/05-20190831163330-snapshot.jpg
3,0,20190831,163400,81,2,1561,346,1643,403,Sep06_0/05-20190831163400-snapshot.jpg
3,0,20190831,163430,86,2,926,833,1007,887,Sep06_0/05-20190831163430-snapshot.jpg
3,0,20190831,163500,81,2,432,530,532,590,Sep06_0/05-20190831163500-snapshot.jpg
3,0,20190831,163500,84,2,1022,47,1096,118,Sep06_0/05-20190831163500-snapshot.jpg
3,0,20190831,163530,85,2,267,248,366,300,Sep06_0/05-20190831163530-snapshot.jpg
3,0,20190831,163700,53,1,190,834,225,867,Sep06_0/05-20190831163700-snapshot.jpg
3,0,20190831,163700,85,2,1654,499,1734,551,Sep06_0/05-20190831163700-snapshot.jpg
3,0,20190831,163830,85,2,481,472,544,542,Sep06_0/05-20190831163830-snapshot.jpg
3,0,20190831,163900,87,2,974,76,1055,125,Sep06_0/05-20190831163900-snapshot.jpg
3,0,20190831,164000,77,2,1840,544,1899,616,Sep06_0/05-20190831164000-snapshot.jpg
3,0,20190831,164200,86,2,1134,127,1189,203,Sep06_0/05-20190831164200-snapshot.jpg
3,0,20190831,164330,84,2,754,456,827,524,Sep06_0/05-20190831164330-snapshot.jpg
3,0,20190831,164500,83,2,1835,384,1913,445,Sep06_0/05-20190831164500-snapshot.jpg
3,0,20190831,164530,84,2,1097,598,1177,647,Sep06_0/05-20190831164530-snapshot.jpg
3,0,20190831,164600,84,2,53,214,139,276,Sep06_0/05-20190831164600-snapshot.jpg
3,0,20190831,164600,85,2,1100,652,1155,731,Sep06_0/05-20190831164600-snapshot.jpg
3,0,20190831,164630,78,2,1123,745,1199,808,Sep06_0/05-20190831164630-snapshot.jpg
3,0,20190831,164630,82,2,1867,391,1920,461,Sep06_0/05-20190831164630-snapshot.jpg
3,0,20190831,164630,86,2,38,406,99,484,Sep06_0/05-20190831164630-snapshot.jpg
3,0,20190831,164700,87,2,701,522,770,589,Sep06_0/05-20190831164700-snapshot.jpg
3,0,20190831,164730,83,2,467,374,529,442,Sep06_0/05-20190831164730-snapshot.jpg
3,0,20190831,164900,70,2,1557,484,1661,592,Sep06_0/05-20190831164900-snapshot.jpg
3,0,20190831,164900,83,2,297,76,381,136,Sep06_0/05-20190831164900-snapshot.jpg
3,0,20190831,164930,82,2,27,319,81,383,Sep06_0/05-20190831164930-snapshot.jpg
3,0,20190831,164930,84,2,1032,532,1090,599,Sep06_0/05-20190831164930-snapshot.jpg
3,0,20190831,165000,71,2,992,48,1089,125,Sep06_0/05-20190831165000-snapshot.jpg
3,0,20190831,165000,75,2,1520,298,1599,360,Sep06_0/05-20190831165000-snapshot.jpg
3,0,20190831,165000,85,2,190,279,276,348,Sep06_0/05-20190831165000-snapshot.jpg
3,0,20190831,165100,87,2,239,139,319,194,Sep06_0/05-20190831165100-snapshot.jpg
3,0,20190831,165230,75,2,967,411,1020,468,Sep06_0/05-20190831165230-snapshot.jpg
3,0,20190831,165330,86,2,271,92,361,168,Sep06_0/05-20190831165330-snapshot.jpg
3,0,20190831,165430,87,2,412,75,469,150,Sep06_0/05-20190831165430-snapshot.jpg
3,0,20190831,165500,81,2,135,75,194,144,Sep06_0/05-20190831165500-snapshot.jpg
3,0,20190831,165500,85,2,1258,985,1317,1048,Sep06_0/05-20190831165500-snapshot.jpg
3,0,20190831,165530,80,2,1151,1010,1205,1069,Sep06_0/05-20190831165530-snapshot.jpg
3,0,20190831,165530,86,2,1139,101,1219,154,Sep06_0/05-20190831165530-snapshot.jpg
3,0,20190831,165700,74,2,1239,143,1335,206,Sep06_0/05-20190831165700-snapshot.jpg
3,0,20190831,165730,87,2,626,403,711,453,Sep06_0/05-20190831165730-snapshot.jpg
3,0,20190831,165800,86,2,1411,784,1493,851,Sep06_0/05-20190831165800-snapshot.jpg
3,0,20190831,165930,85,2,325,441,383,523,Sep06_0/05-20190831165930-snapshot.jpg
3,0,20190831,170000,86,9,51,232,156,301,Sep06_0/05-20190831170000-snapshot.jpg
3,0,20190831,170100,86,2,710,490,771,558,Sep06_0/05-20190831170100-snapshot.jpg
3,0,20190831,170130,85,2,168,77,221,147,Sep06_0/05-20190831170130-snapshot.jpg
3,0,20190831,170330,72,2,1856,412,1920,473,Sep06_0/05-20190831170330-snapshot.jpg
3,0,20190831,170330,82,2,1049,468,1103,522,Sep06_0/05-20190831170330-snapshot.jpg
3,0,20190831,170400,80,2,1649,487,1707,548,Sep06_0/05-20190831170400-snapshot.jpg
3,0,20190831,170500,84,2,1869,487,1920,559,Sep06_0/05-20190831170500-snapshot.jpg
3,0,20190831,170530,85,2,228,21,307,75,Sep06_0/05-20190831170530-snapshot.jpg
3,0,20190831,170530,87,2,758,415,807,482,Sep06_0/05-20190831170530-snapshot.jpg
3,0,20190831,170600,84,2,341,191,423,259,Sep06_0/05-20190831170600-snapshot.jpg
3,0,20190831,170630,78,2,1688,513,1773,558,Sep06_0/05-20190831170630-snapshot.jpg
3,0,20190831,170630,84,2,152,252,238,307,Sep06_0/05-20190831170630-snapshot.jpg
3,0,20190831,170800,85,2,886,550,970,604,Sep06_0/05-20190831170800-snapshot.jpg
3,0,20190831,170830,78,2,1179,675,1229,734,Sep06_0/05-20190831170830-snapshot.jpg
3,0,20190831,170930,89,2,325,38,377,116,Sep06_0/05-20190831170930-snapshot.jpg
3,0,20190831,171000,85,2,608,382,691,443,Sep06_0/05-20190831171000-snapshot.jpg
3,0,20190831,171030,82,2,136,305,204,374,Sep06_0/05-20190831171030-snapshot.jpg
3,0,20190831,171030,85,2,818,839,873,909,Sep06_0/05-20190831171030-snapshot.jpg
3,0,20190831,171100,79,2,1116,131,1195,183,Sep06_0/05-20190831171100-snapshot.jpg
3,0,20190831,171100,89,2,1076,645,1139,735,Sep06_0/05-20190831171100-snapshot.jpg
3,0,20190831,171130,85,2,1469,843,1548,923,Sep06_0/05-20190831171130-snapshot.jpg
3,0,20190831,171230,85,2,489,255,564,313,Sep06_0/05-20190831171230-snapshot.jpg
3,0,20190831,171330,74,2,1562,8,1639,71,Sep06_0/05-20190831171330-snapshot.jpg
3,0,20190831,171400,82,2,1252,594,1327,651,Sep06_0/05-20190831171400-snapshot.jpg
3,0,20190831,171430,73,2,1325,76,1394,134,Sep06_0/05-20190831171430-snapshot.jpg
3,0,20190831,171430,79,2,931,426,984,485,Sep06_0/05-20190831171430-snapshot.jpg
3,0,20190831,171500,88,4,60,176,181,262,Sep06_0/05-20190831171500-snapshot.jpg
3,0,20190831,171500,88,2,410,98,491,152,Sep06_0/05-20190831171500-snapshot.jpg
3,0,20190831,171530,87,4,33,242,153,333,Sep06_0/05-20190831171530-snapshot.jpg
3,0,20190831,171600,86,4,50,725,140,826,Sep06_0/05-20190831171600-snapshot.jpg
3,0,20190831,171800,77,2,883,861,968,915,Sep06_0/05-20190831171800-snapshot.jpg
3,0,20190831,171900,84,2,148,83,217,150,Sep06_0/05-20190831171900-snapshot.jpg
3,0,20190831,171930,81,2,24,399,77,459,Sep06_0/05-20190831171930-snapshot.jpg
3,0,20190831,172000,76,2,53,506,128,561,Sep06_0/05-20190831172000-snapshot.jpg
3,0,20190831,172000,87,2,0,840,73,909,Sep06_0/05-20190831172000-snapshot.jpg
3,0,20190831,172230,77,2,1869,803,1919,883,Sep06_0/05-20190831172230-snapshot.jpg
3,0,20190831,172400,90,4,1097,992,1195,1080,Sep06_0/05-20190831172400-snapshot.jpg
3,0,20190831,172430,87,4,612,587,728,673,Sep06_0/05-20190831172430-snapshot.jpg
3,0,20190831,172500,84,4,799,382,864,466,Sep06_0/05-20190831172500-snapshot.jpg
3,0,20190831,172530,87,4,538,297,615,370,Sep06_0/05-20190831172530-snapshot.jpg
3,0,20190831,172600,85,4,164,242,261,360,Sep06_0/05-20190831172600-snapshot.jpg
3,0,20190831,172630,82,2,1666,569,1728,631,Sep06_0/05-20190831172630-snapshot.jpg
3,0,20190831,172630,88,4,61,216,187,308,Sep06_0/05-20190831172630-snapshot.jpg
3,0,20190831,172830,81,2,463,259,531,320,Sep06_0/05-20190831172830-snapshot.jpg
3,0,20190831,172830,85,2,1152,34,1201,107,Sep06_0/05-20190831172830-snapshot.jpg
3,0,20190831,172830,87,2,266,26,337,85,Sep06_0/05-20190831172830-snapshot.jpg
3,0,20190831,172900,78,2,235,93,290,163,Sep06_0/05-20190831172900-snapshot.jpg
3,0,20190831,172930,79,2,1285,143,1351,204,Sep06_0/05-20190831172930-snapshot.jpg
3,0,20190831,173000,69,2,1675,536,1733,596,Sep06_0/05-20190831173000-snapshot.jpg
3,0,20190831,173030,86,2,477,251,551,318,Sep06_0/05-20190831173030-snapshot.jpg
3,0,20190831,173100,80,2,209,126,264,198,Sep06_0/05-20190831173100-snapshot.jpg
3,0,20190831,173200,55,2,297,87,367,147,Sep06_0/05-20190831173200-snapshot.jpg
3,0,20190831,173300,84,2,734,378,810,439,Sep06_0/05-20190831173300-snapshot.jpg
3,0,20190831,173300,85,2,952,488,1041,547,Sep06_0/05-20190831173300-snapshot.jpg
3,0,20190831,173330,72,2,203,299,275,355,Sep06_0/05-20190831173330-snapshot.jpg
3,0,20190831,173330,75,2,1166,296,1229,349,Sep06_0/05-20190831173330-snapshot.jpg
3,0,20190831,173500,82,2,1846,465,1911,535,Sep06_0/05-20190831173500-snapshot.jpg
3,0,20190831,173600,88,2,723,472,778,546,Sep06_0/05-20190831173600-snapshot.jpg
3,0,20190831,173630,62,2,982,1031,1050,1080,Sep06_0/05-20190831173630-snapshot.jpg
3,0,20190831,173700,82,2,696,601,754,670,Sep06_0/05-20190831173700-snapshot.jpg
3,0,20190831,173730,79,2,1571,485,1669,579,Sep06_0/05-20190831173730-snapshot.jpg
3,0,20190831,173730,83,2,1019,504,1074,555,Sep06_0/05-20190831173730-snapshot.jpg
3,0,20190831,173800,85,2,869,864,931,941,Sep06_0/05-20190831173800-snapshot.jpg
3,0,20190831,173800,86,2,224,68,277,145,Sep06_0/05-20190831173800-snapshot.jpg
3,0,20190831,173830,77,2,215,5,273,64,Sep06_0/05-20190831173830-snapshot.jpg
3,0,20190831,173900,84,2,1533,581,1593,652,Sep06_0/05-20190831173900-snapshot.jpg
3,0,20190831,173930,87,4,816,736,913,815,Sep06_0/05-20190831173930-snapshot.jpg
3,0,20190831,174000,84,2,533,567,618,635,Sep06_0/05-20190831174000-snapshot.jpg
3,0,20190831,174000,86,4,1336,640,1440,709,Sep06_0/05-20190831174000-snapshot.jpg
3,0,20190831,174300,83,2,1140,959,1192,1023,Sep06_0/05-20190831174300-snapshot.jpg
3,0,20190831,174330,71,2,0,858,50,914,Sep06_0/05-20190831174330-snapshot.jpg
3,0,20190831,174400,86,2,310,12,363,85,Sep06_0/05-20190831174400-snapshot.jpg
3,0,20190831,174430,77,2,1302,161,1385,206,Sep06_0/05-20190831174430-snapshot.jpg
3,0,20190831,174500,79,2,546,459,632,550,Sep06_0/05-20190831174500-snapshot.jpg
3,0,20190831,174530,81,2,1200,689,1259,754,Sep06_0/05-20190831174530-snapshot.jpg
3,0,20190831,174530,86,2,333,199,391,274,Sep06_0/05-20190831174530-snapshot.jpg
3,0,20190831,174700,82,2,655,599,736,662,Sep06_0/05-20190831174700-snapshot.jpg
3,0,20190831,174900,82,2,94,29,182,96,Sep06_0/05-20190831174900-snapshot.jpg
3,0,20190831,174930,83,2,176,281,261,336,Sep06_0/05-20190831174930-snapshot.jpg
3,0,20190831,175000,84,2,1163,523,1246,579,Sep06_0/05-20190831175000-snapshot.jpg
3,0,20190831,175000,87,2,1593,565,1682,623,Sep06_0/05-20190831175000-snapshot.jpg
3,0,20190831,175100,82,2,1128,1002,1186,1065,Sep06_0/05-20190831175100-snapshot.jpg
3,0,20190831,175200,67,2,1887,513,1920,583,Sep06_0/05-20190831175200-snapshot.jpg
3,0,20190831,175200,84,2,1084,693,1143,763,Sep06_0/05-20190831175200-snapshot.jpg
3,0,20190831,175230,78,2,1090,474,1144,532,Sep06_0/05-20190831175230-snapshot.jpg
3,0,20190831,175300,85,2,1128,735,1197,802,Sep06_0/05-20190831175300-snapshot.jpg
3,0,20190831,175300,86,2,1037,73,1094,149,Sep06_0/05-20190831175300-snapshot.jpg
3,0,20190831,175330,85,2,1081,234,1155,292,Sep06_0/05-20190831175330-snapshot.jpg
3,0,20190831,175430,85,2,1406,780,1488,835,Sep06_0/05-20190831175430-snapshot.jpg
3,0,20190831,175530,85,2,0,321,74,380,Sep06_0/05-20190831175530-snapshot.jpg
3,0,20190831,175600,64,2,1732,845,1815,904,Sep06_0/05-20190831175600-snapshot.jpg
3,0,20190831,175630,78,2,36,216,105,266,Sep06_0/05-20190831175630-snapshot.jpg
3,0,20190831,180030,78,2,788,520,848,568,Sep06_0/05-20190831180030-snapshot.jpg
3,0,20190831,180130,67,2,661,476,722,546,Sep06_0/05-20190831180130-snapshot.jpg
3,0,20190831,180200,69,2,1653,314,1719,378,Sep06_0/05-20190831180200-snapshot.jpg
3,0,20190831,180200,86,2,1054,568,1130,625,Sep06_0/05-20190831180200-snapshot.jpg
3,0,20190831,180500,84,2,1844,370,1903,442,Sep06_0/05-20190831180500-snapshot.jpg
3,0,20190831,180600,86,2,38,436,120,503,Sep06_0/05-20190831180600-snapshot.jpg
3,0,20190831,180600,86,2,462,294,523,368,Sep06_0/05-20190831180600-snapshot.jpg
3,0,20190831,180600,87,2,1142,40,1188,114,Sep06_0/05-20190831180600-snapshot.jpg
3,0,20190831,180630,80,2,1096,983,1166,1021,Sep06_0/05-20190831180630-snapshot.jpg
3,0,20190831,180630,84,2,514,315,575,380,Sep06_0/05-20190831180630-snapshot.jpg
3,0,20190831,180730,85,2,343,178,400,247,Sep06_0/05-20190831180730-snapshot.jpg
3,0,20190831,180900,81,2,1366,649,1423,714,Sep06_0/05-20190831180900-snapshot.jpg
3,0,20190831,180930,86,2,834,871,915,940,Sep06_0/05-20190831180930-snapshot.jpg
3,0,20190831,181000,64,2,742,381,801,441,Sep06_0/05-20190831181000-snapshot.jpg
3,0,20190831,181000,85,2,858,913,936,977,Sep06_0/05-20190831181000-snapshot.jpg
3,0,20190831,181030,82,2,1499,592,1554,661,Sep06_0/05-20190831181030-snapshot.jpg
3,0,20190831,181030,85,2,1003,112,1060,183,Sep06_0/05-20190831181030-snapshot.jpg
3,0,20190831,181030,85,2,1409,996,1470,1076,Sep06_0/05-20190831181030-snapshot.jpg
3,0,20190831,181200,49,2,299,78,366,137,Sep06_0/05-20190831181200-snapshot.jpg
3,0,20190831,181200,76,2,1848,531,1920,575,Sep06_0/05-20190831181200-snapshot.jpg
3,0,20190831,181230,80,2,471,503,562,569,Sep06_0/05-20190831181230-snapshot.jpg
3,0,20190831,181230,82,2,1139,29,1215,83,Sep06_0/05-20190831181230-snapshot.jpg
3,0,20190831,181300,83,2,1519,320,1588,384,Sep06_0/05-20190831181300-snapshot.jpg
3,0,20190831,181600,76,2,1287,575,1341,631,Sep06_0/06-20190831181600-snapshot.jpg
3,0,20190831,181630,81,2,1047,534,1103,598,Sep06_0/06-20190831181630-snapshot.jpg
3,0,20190831,181630,82,2,1049,686,1108,754,Sep06_0/06-20190831181630-snapshot.jpg
3,0,20190831,181800,79,2,1362,167,1443,214,Sep06_0/06-20190831181800-snapshot.jpg
3,0,20190831,181830,79,2,1276,999,1335,1065,Sep06_0/06-20190831181830-snapshot.jpg
3,0,20190831,181830,84,2,924,462,984,527,Sep06_0/06-20190831181830-snapshot.jpg
3,0,20190831,181900,73,2,655,842,742,897,Sep06_0/06-20190831181900-snapshot.jpg
3,0,20190831,182030,87,2,421,298,490,376,Sep06_0/06-20190831182030-snapshot.jpg
3,0,20190831,182130,84,2,1145,87,1220,139,Sep06_0/06-20190831182130-snapshot.jpg
3,0,20190831,182500,72,2,1882,427,1920,496,Sep06_0/07-20190831182500-snapshot.jpg
3,0,20190831,182500,83,2,1021,93,1077,168,Sep06_0/07-20190831182500-snapshot.jpg
3,0,20190831,182500,84,2,118,609,199,661,Sep06_0/07-20190831182500-snapshot.jpg
3,0,20190831,182530,83,2,1093,975,1156,1030,Sep06_0/07-20190831182530-snapshot.jpg
3,0,20190831,182630,81,2,1153,194,1213,246,Sep06_0/07-20190831182630-snapshot.jpg
3,0,20190831,182700,76,2,1294,148,1372,193,Sep06_0/07-20190831182700-snapshot.jpg
3,0,20190831,182730,33,2,1888,634,1920,696,Sep06_0/07-20190831182730-snapshot.jpg
3,0,20190831,182730,87,2,1138,663,1196,741,Sep06_0/07-20190831182730-snapshot.jpg
3,0,20190831,182800,87,2,197,260,269,339,Sep06_0/07-20190831182800-snapshot.jpg
3,0,20190831,182830,83,2,1061,1028,1128,1078,Sep06_0/07-20190831182830-snapshot.jpg
3,0,20190831,182830,84,2,209,222,280,296,Sep06_0/07-20190831182830-snapshot.jpg
3,0,20190831,182900,84,2,477,463,536,543,Sep06_0/07-20190831182900-snapshot.jpg
3,0,20190831,182900,85,2,266,330,361,389,Sep06_0/07-20190831182900-snapshot.jpg
3,0,20190831,182900,85,2,1386,694,1447,752,Sep06_0/07-20190831182900-snapshot.jpg
3,0,20190831,182930,79,2,464,293,519,354,Sep06_0/07-20190831182930-snapshot.jpg
3,0,20190831,182930,81,2,885,804,941,866,Sep06_0/07-20190831182930-snapshot.jpg
3,0,20190831,182930,84,2,1643,473,1713,527,Sep06_0/07-20190831182930-snapshot.jpg
3,0,20190831,183000,84,2,474,152,542,222,Sep06_0/07-20190831183000-snapshot.jpg
3,0,20190831,183000,84,2,281,142,358,188,Sep06_0/07-20190831183000-snapshot.jpg
3,0,20190831,183030,78,2,841,566,911,639,Sep06_0/07-20190831183030-snapshot.jpg
3,0,20190831,183030,83,2,1868,491,1919,557,Sep06_0/07-20190831183030-snapshot.jpg
3,0,20190831,183030,85,2,56,218,109,295,Sep06_0/07-20190831183030-snapshot.jpg
3,0,20190831,183100,54,2,274,102,341,162,Sep06_0/07-20190831183100-snapshot.jpg
3,0,20190831,183130,84,2,647,376,703,444,Sep06_0/07-20190831183130-snapshot.jpg
3,0,20190831,183200,64,2,1787,623,1862,693,Sep06_0/07-20190831183200-snapshot.jpg
3,0,20190831,183200,85,2,1829,419,1885,502,Sep06_0/07-20190831183200-snapshot.jpg
3,0,20190831,183200,86,2,775,554,831,621,Sep06_0/07-20190831183200-snapshot.jpg
3,0,20190831,183230,80,2,1789,413,1862,468,Sep06_0/07-20190831183230-snapshot.jpg
3,0,20190831,183230,87,2,775,433,831,501,Sep06_0/07-20190831183230-snapshot.jpg
3,0,20190831,183300,33,2,1888,635,1920,697,Sep06_0/07-20190831183300-snapshot.jpg
3,0,20190831,183300,70,2,1637,1,1718,59,Sep06_0/07-20190831183300-snapshot.jpg
3,0,20190831,183300,88,2,336,189,421,248,Sep06_0/07-20190831183300-snapshot.jpg
3,0,20190831,183330,81,2,225,16,278,77,Sep06_0/07-20190831183330-snapshot.jpg
3,0,20190831,183330,84,2,1159,94,1233,147,Sep06_0/07-20190831183330-snapshot.jpg
3,0,20190831,183530,86,2,1802,360,1885,415,Sep06_0/07-20190831183530-snapshot.jpg
3,0,20190831,183700,86,2,1743,353,1810,428,Sep06_0/07-20190831183700-snapshot.jpg
3,0,20190831,183730,85,2,186,829,274,877,Sep06_0/07-20190831183730-snapshot.jpg
3,0,20190831,183900,77,2,149,221,234,280,Sep06_0/07-20190831183900-snapshot.jpg
3,0,20190831,183930,69,2,1129,974,1179,1021,Sep06_0/07-20190831183930-snapshot.jpg
3,0,20190831,183930,86,2,479,200,538,275,Sep06_0/07-20190831183930-snapshot.jpg
3,0,20190831,184000,75,2,1609,583,1674,638,Sep06_0/07-20190831184000-snapshot.jpg
3,0,20190831,184000,86,2,274,143,358,192,Sep06_0/07-20190831184000-snapshot.jpg
3,0,20190831,184030,86,2,651,391,705,461,Sep06_0/07-20190831184030-snapshot.jpg
3,0,20190831,184330,74,2,1603,323,1666,381,Sep06_0/07-20190831184330-snapshot.jpg
3,0,20190831,184400,47,2,1657,584,1726,645,Sep06_0/07-20190831184400-snapshot.jpg
3,0,20190831,184430,86,2,459,169,523,240,Sep06_0/07-20190831184430-snapshot.jpg
3,0,20190831,184630,75,2,1085,1026,1151,1075,Sep06_0/07-20190831184630-snapshot.jpg
3,0,20190831,184700,82,2,674,468,726,538,Sep06_0/07-20190831184700-snapshot.jpg
3,0,20190831,184700,83,2,422,89,481,158,Sep06_0/07-20190831184700-snapshot.jpg
3,0,20190831,184730,37,2,190,8,260,45,Sep06_0/07-20190831184730-snapshot.jpg
3,0,20190831,185400,84,2,3,430,83,481,Sep06_0/07-20190831185400-snapshot.jpg
3,0,20190831,185500,86,2,1133,69,1200,127,Sep06_0/07-20190831185500-snapshot.jpg
3,0,20190831,185500,86,2,103,248,156,319,Sep06_0/07-20190831185500-snapshot.jpg
3,0,20190831,185530,65,8,993,388,1064,447,Sep06_0/07-20190831185530-snapshot.jpg
3,0,20190831,185600,83,2,1072,600,1128,670,Sep06_0/07-20190831185600-snapshot.jpg
3,0,20190831,185600,83,2,4,850,81,910,Sep06_0/07-20190831185600-snapshot.jpg
3,0,20190831,185630,77,2,937,750,1007,800,Sep06_0/07-20190831185630-snapshot.jpg
3,0,20190831,185700,82,2,783,504,851,549,Sep06_0/07-20190831185700-snapshot.jpg
3,0,20190831,185730,85,2,1648,618,1731,673,Sep06_0/07-20190831185730-snapshot.jpg
3,0,20190831,185730,87,2,768,460,829,529,Sep06_0/07-20190831185730-snapshot.jpg
3,0,20190831,185800,83,2,669,583,729,650,Sep06_0/07-20190831185800-snapshot.jpg
3,0,20190831,185800,87,2,1630,479,1704,545,Sep06_0/07-20190831185800-snapshot.jpg
3,0,20190831,185830,78,2,1053,1030,1126,1070,Sep06_0/07-20190831185830-snapshot.jpg
3,0,20190831,185830,83,2,1822,499,1910,555,Sep06_0/07-20190831185830-snapshot.jpg
3,0,20190831,190030,83,2,652,405,703,472,Sep06_0/07-20190831190030-snapshot.jpg
3,0,20190831,190030,83,2,342,115,427,170,Sep06_0/07-20190831190030-snapshot.jpg
3,0,20190831,190030,84,2,1393,786,1476,832,Sep06_0/07-20190831190030-snapshot.jpg
3,0,20190831,190100,81,2,235,27,287,95,Sep06_0/07-20190831190100-snapshot.jpg
3,0,20190831,190100,83,2,1840,499,1905,567,Sep06_0/07-20190831190100-snapshot.jpg
3,0,20190831,190100,86,2,1572,389,1653,465,Sep06_0/07-20190831190100-snapshot.jpg
3,0,20190831,190100,86,2,1521,257,1594,330,Sep06_0/07-20190831190100-snapshot.jpg
3,0,20190831,190100,87,2,295,167,384,237,Sep06_0/07-20190831190100-snapshot.jpg
3,0,20190831,190200,85,2,19,296,74,365,Sep06_0/07-20190831190200-snapshot.jpg
3,0,20190831,190330,81,2,1164,995,1217,1056,Sep06_0/07-20190831190330-snapshot.jpg
3,0,20190831,190400,84,2,126,321,220,374,Sep06_0/07-20190831190400-snapshot.jpg
3,0,20190831,190430,83,2,1770,392,1855,445,Sep06_0/07-20190831190430-snapshot.jpg
3,0,20190831,190500,76,2,1168,696,1235,767,Sep06_0/07-20190831190500-snapshot.jpg
3,0,20190831,190530,89,2,149,650,231,705,Sep06_0/07-20190831190530-snapshot.jpg
3,0,20190831,190600,82,2,890,607,975,688,Sep06_0/07-20190831190600-snapshot.jpg
3,0,20190831,190600,84,2,1776,621,1863,690,Sep06_0/07-20190831190600-snapshot.jpg
3,0,20190831,190830,86,2,277,119,367,181,Sep06_0/07-20190831190830-snapshot.jpg
3,0,20190831,190900,60,2,1888,387,1920,457,Sep06_0/07-20190831190900-snapshot.jpg
3,0,20190831,191330,27,2,803,519,859,596,Sep06_0/07-20190831191330-snapshot.jpg
3,0,20190831,191730,84,2,610,407,688,470,Sep06_0/07-20190831191730-snapshot.jpg
3,0,20190831,191800,78,2,1274,551,1328,623,Sep06_0/07-20190831191800-snapshot.jpg
3,0,20190831,191900,88,2,1397,493,1495,557,Sep06_0/07-20190831191900-snapshot.jpg
3,0,20190831,192100,82,2,797,844,871,896,Sep06_0/07-20190831192100-snapshot.jpg
3,0,20190831,192130,36,2,1607,3,1677,35,Sep06_0/07-20190831192130-snapshot.jpg
3,0,20190831,192130,84,2,1034,563,1091,636,Sep06_0/07-20190831192130-snapshot.jpg
3,0,20190831,192200,85,2,679,503,755,559,Sep06_0/07-20190831192200-snapshot.jpg
3,0,20190831,192300,78,2,394,270,468,332,Sep06_0/07-20190831192300-snapshot.jpg
3,0,20190831,192700,86,2,114,154,170,236,Sep06_0/07-20190831192700-snapshot.jpg
3,0,20190831,192730,76,2,175,211,228,278,Sep06_0/07-20190831192730-snapshot.jpg
3,0,20190831,192900,83,2,237,15,314,71,Sep06_0/07-20190831192900-snapshot.jpg
3,0,20190831,192930,79,2,1051,32,1105,115,Sep06_0/07-20190831192930-snapshot.jpg
3,0,20190831,193000,84,2,1125,147,1183,219,Sep06_0/07-20190831193000-snapshot.jpg
3,0,20190831,193030,85,2,1134,44,1186,109,Sep06_0/07-20190831193030-snapshot.jpg
3,0,20190831,193100,82,2,1565,384,1657,454,Sep06_0/07-20190831193100-snapshot.jpg
3,0,20190831,193130,83,2,1798,407,1859,477,Sep06_0/07-20190831193130-snapshot.jpg
3,0,20190831,193200,83,2,1775,459,1837,534,Sep06_0/07-20190831193200-snapshot.jpg
3,0,20190831,193300,84,2,757,531,818,600,Sep06_0/07-20190831193300-snapshot.jpg
3,0,20190831,193330,86,2,1684,904,1770,975,Sep06_0/07-20190831193330-snapshot.jpg
3,0,20190831,193330,87,2,730,536,789,603,Sep06_0/07-20190831193330-snapshot.jpg
3,0,20190831,193400,84,2,447,432,529,484,Sep06_0/07-20190831193400-snapshot.jpg
3,0,20190831,193430,88,2,339,184,427,250,Sep06_0/07-20190831193430-snapshot.jpg
3,0,20190831,193630,83,2,1682,347,1749,412,Sep06_0/07-20190831193630-snapshot.jpg
3,0,20190831,194730,77,2,1673,328,1738,387,Sep06_0/08-20190831194730-snapshot.jpg
3,0,20190831,194800,86,2,0,304,74,372,Sep06_0/08-20190831194800-snapshot.jpg
3,0,20190831,194830,83,2,129,226,187,287,Sep06_0/08-20190831194830-snapshot.jpg
3,0,20190831,194900,84,2,205,210,287,285,Sep06_0/08-20190831194900-snapshot.jpg
3,0,20190831,195230,85,2,1403,777,1459,845,Sep06_0/08-20190831195230-snapshot.jpg
3,0,20190831,195930,86,2,1055,55,1128,123,Sep06_0/10-20190831195930-snapshot.jpg
3,0,20190831,200000,82,2,99,753,186,830,Sep06_0/10-20190831200000-snapshot.jpg
3,0,20190831,200130,85,2,1828,430,1886,508,Sep06_0/10-20190831200130-snapshot.jpg
3,0,20190831,200200,82,2,1167,127,1215,195,Sep06_0/10-20190831200200-snapshot.jpg
3,0,20190831,202330,84,2,198,251,270,339,Sep06_0/17-20190831202330-snapshot.jpg
3,0,20190831,202400,85,2,504,216,565,294,Sep06_0/17-20190831202400-snapshot.jpg
3,0,20190831,202430,84,2,987,48,1048,131,Sep06_0/17-20190831202430-snapshot.jpg
3,0,20190831,202500,87,2,1732,476,1818,546,Sep06_0/17-20190831202500-snapshot.jpg
3,0,20190831,202900,80,2,20,571,84,649,Sep06_0/18-20190831202900-snapshot.jpg
3,0,20190831,202930,81,2,1085,998,1145,1059,Sep06_0/18-20190831202930-snapshot.jpg
3,0,20190831,203800,26,2,0,44,43,139,Sep06_0/19-20190831203800-snapshot.jpg
3,0,20190901,065230,68,2,1823,570,1916,642,Sep06_0/37-20190901065230-snapshot.jpg
3,0,20190901,102200,38,8,855,313,923,360,Sep06_0/37-20190901102200-snapshot.jpg
3,0,20190901,102230,30,2,278,10,340,43,Sep06_0/37-20190901102230-snapshot.jpg
3,0,20190901,125430,70,2,1627,91,1692,171,Sep06_0/37-20190901125430-snapshot.jpg
3,0,20190901,132130,71,8,635,0,686,41,Sep06_0/37-20190901132130-snapshot.jpg
3,0,20190901,132330,87,2,658,421,717,494,Sep06_0/37-20190901132330-snapshot.jpg
3,0,20190901,132400,88,2,1032,886,1108,960,Sep06_0/37-20190901132400-snapshot.jpg
3,0,20190901,134530,86,2,344,182,429,250,Sep06_0/37-20190901134530-snapshot.jpg
3,0,20190901,134600,79,2,37,242,96,309,Sep06_0/37-20190901134600-snapshot.jpg
3,0,20190901,134630,86,2,121,242,182,315,Sep06_0/37-20190901134630-snapshot.jpg
3,0,20190901,140300,85,2,1573,350,1660,401,Sep06_0/37-20190901140300-snapshot.jpg
3,0,20190901,140400,83,2,1611,489,1697,545,Sep06_0/37-20190901140400-snapshot.jpg
3,0,20190901,140800,86,2,1013,198,1071,272,Sep06_0/37-20190901140800-snapshot.jpg
3,0,20190901,140830,71,2,707,588,784,640,Sep06_0/37-20190901140830-snapshot.jpg
3,0,20190901,141000,86,2,1152,58,1206,131,Sep06_0/37-20190901141000-snapshot.jpg
3,0,20190901,141030,86,2,937,828,992,895,Sep06_0/37-20190901141030-snapshot.jpg
3,0,20190901,141200,82,2,1660,588,1743,649,Sep06_0/37-20190901141200-snapshot.jpg
3,0,20190901,141500,87,2,335,140,429,200,Sep06_0/37-20190901141500-snapshot.jpg
3,0,20190901,141530,87,2,504,340,582,408,Sep06_0/37-20190901141530-snapshot.jpg
3,0,20190901,141600,87,2,564,573,652,624,Sep06_0/37-20190901141600-snapshot.jpg
3,0,20190901,141630,81,2,1170,726,1241,782,Sep06_0/37-20190901141630-snapshot.jpg
3,0,20190901,141800,87,2,1167,92,1224,167,Sep06_0/37-20190901141800-snapshot.jpg
3,0,20190901,141930,82,2,806,882,884,932,Sep06_0/37-20190901141930-snapshot.jpg
3,0,20190901,142330,77,2,1679,11,1744,62,Sep06_0/37-20190901142330-snapshot.jpg
3,0,20190901,142400,86,2,1081,606,1162,660,Sep06_0/37-20190901142400-snapshot.jpg
3,0,20190901,142430,85,2,6,533,65,606,Sep06_0/37-20190901142430-snapshot.jpg
3,0,20190901,142500,86,2,40,249,129,304,Sep06_0/37-20190901142500-snapshot.jpg
3,0,20190901,142530,81,2,114,14,196,66,Sep06_0/37-20190901142530-snapshot.jpg
3,0,20190901,142630,87,4,88,231,211,318,Sep06_0/37-20190901142630-snapshot.jpg
3,0,20190901,142700,88,4,282,70,371,156,Sep06_0/37-20190901142700-snapshot.jpg
3,0,20190901,143000,88,4,158,3,249,108,Sep06_0/37-20190901143000-snapshot.jpg
3,0,20190901,143030,90,4,455,237,592,329,Sep06_0/37-20190901143030-snapshot.jpg
3,0,20190901,143100,89,4,735,518,835,629,Sep06_0/37-20190901143100-snapshot.jpg
3,0,20190901,143130,89,4,907,437,1035,522,Sep06_0/37-20190901143130-snapshot.jpg
3,0,20190901,143200,85,4,1056,1035,1155,1080,Sep06_0/37-20190901143200-snapshot.jpg
3,0,20190901,143330,84,2,390,192,449,268,Sep06_0/37-20190901143330-snapshot.jpg
3,0,20190901,143530,88,4,242,1008,346,1078,Sep06_0/37-20190901143530-snapshot.jpg
3,0,20190901,143630,85,2,1049,771,1137,840,Sep06_0/37-20190901143630-snapshot.jpg
3,0,20190901,144130,85,2,1312,1014,1384,1074,Sep06_0/37-20190901144130-snapshot.jpg
3,0,20190901,144200,57,2,1887,542,1920,596,Sep06_0/37-20190901144200-snapshot.jpg
3,0,20190901,144200,82,2,1474,570,1550,621,Sep06_0/37-20190901144200-snapshot.jpg
3,0,20190901,144630,79,2,1223,129,1293,181,Sep06_0/37-20190901144630-snapshot.jpg
3,0,20190901,144700,86,2,1148,184,1205,256,Sep06_0/37-20190901144700-snapshot.jpg
3,0,20190901,144730,86,2,1022,127,1077,203,Sep06_0/37-20190901144730-snapshot.jpg
3,0,20190901,144800,81,2,1801,407,1882,461,Sep06_0/37-20190901144800-snapshot.jpg
3,0,20190901,144830,85,2,1092,631,1151,714,Sep06_0/37-20190901144830-snapshot.jpg
3,0,20190901,145130,82,2,1855,550,1920,619,Sep06_0/37-20190901145130-snapshot.jpg
3,0,20190901,145500,86,4,52,0,170,65,Sep06_0/37-20190901145500-snapshot.jpg
3,0,20190901,145530,89,4,59,302,166,410,Sep06_0/37-20190901145530-snapshot.jpg
3,0,20190901,145630,88,4,495,262,585,381,Sep06_0/37-20190901145630-snapshot.jpg
3,0,20190901,145700,90,4,726,519,823,622,Sep06_0/37-20190901145700-snapshot.jpg
3,0,20190901,145730,89,4,1065,472,1165,548,Sep06_0/37-20190901145730-snapshot.jpg
3,0,20190901,145800,85,2,1093,977,1148,1041,Sep06_0/37-20190901145800-snapshot.jpg
3,0,20190901,145800,87,4,1093,759,1212,839,Sep06_0/37-20190901145800-snapshot.jpg
3,0,20190901,145900,38,2,1190,241,1250,287,Sep06_0/37-20190901145900-snapshot.jpg
3,0,20190901,150000,88,2,329,433,424,487,Sep06_0/37-20190901150000-snapshot.jpg
3,0,20190901,150200,83,2,1657,595,1734,645,Sep06_0/37-20190901150200-snapshot.jpg
3,0,20190901,150400,86,2,722,430,779,499,Sep06_0/37-20190901150400-snapshot.jpg
3,0,20190901,150430,88,2,853,888,944,951,Sep06_0/37-20190901150430-snapshot.jpg
3,0,20190901,150500,44,2,1328,1050,1376,1080,Sep06_0/37-20190901150500-snapshot.jpg
3,0,20190901,150600,81,2,1618,997,1702,1056,Sep06_0/37-20190901150600-snapshot.jpg
3,0,20190901,150630,86,2,666,622,750,672,Sep06_0/37-20190901150630-snapshot.jpg
3,0,20190901,150700,87,2,1047,143,1104,221,Sep06_0/37-20190901150700-snapshot.jpg
3,0,20190901,150730,79,2,738,553,798,619,Sep06_0/37-20190901150730-snapshot.jpg
3,0,20190901,150800,87,2,1174,669,1246,735,Sep06_0/37-20190901150800-snapshot.jpg
3,0,20190901,150830,81,2,1785,404,1842,465,Sep06_0/37-20190901150830-snapshot.jpg
3,0,20190901,151030,61,2,802,590,866,638,Sep06_0/37-20190901151030-snapshot.jpg
3,0,20190901,151030,86,2,750,361,808,434,Sep06_0/37-20190901151030-snapshot.jpg
3,0,20190901,151100,88,2,17,269,102,330,Sep06_0/37-20190901151100-snapshot.jpg
3,0,20190901,151330,85,2,1648,126,1706,204,Sep06_0/37-20190901151330-snapshot.jpg
3,0,20190901,151530,85,2,1147,102,1200,177,Sep06_0/37-20190901151530-snapshot.jpg
3,0,20190901,151700,87,2,313,46,366,119,Sep06_0/37-20190901151700-snapshot.jpg
3,0,20190901,151730,82,2,1489,706,1559,766,Sep06_0/37-20190901151730-snapshot.jpg
3,0,20190901,152100,83,2,992,939,1067,1000,Sep06_0/37-20190901152100-snapshot.jpg
3,0,20190901,152200,84,2,1012,167,1069,241,Sep06_0/37-20190901152200-snapshot.jpg
3,0,20190901,152300,79,2,1270,711,1351,777,Sep06_0/37-20190901152300-snapshot.jpg
3,0,20190901,152600,87,2,1062,625,1119,697,Sep06_0/37-20190901152600-snapshot.jpg
3,0,20190901,152630,86,2,425,247,484,325,Sep06_0/37-20190901152630-snapshot.jpg
3,0,20190901,152700,78,2,0,220,50,278,Sep06_0/37-20190901152700-snapshot.jpg
3,0,20190901,152800,82,2,784,410,837,469,Sep06_0/37-20190901152800-snapshot.jpg
3,0,20190901,152800,87,2,159,219,242,283,Sep06_0/37-20190901152800-snapshot.jpg
3,0,20190901,152830,87,2,76,768,168,828,Sep06_0/37-20190901152830-snapshot.jpg
3,0,20190901,153000,85,2,1815,499,1893,571,Sep06_0/37-20190901153000-snapshot.jpg
3,0,20190901,153000,88,2,544,315,630,380,Sep06_0/37-20190901153000-snapshot.jpg
3,0,20190901,153030,79,2,1602,462,1653,523,Sep06_0/37-20190901153030-snapshot.jpg
3,0,20190901,153300,76,2,1640,154,1722,204,Sep06_0/37-20190901153300-snapshot.jpg
3,0,20190901,153400,86,2,215,175,276,259,Sep06_0/37-20190901153400-snapshot.jpg
3,0,20190901,153530,85,2,1259,520,1334,591,Sep06_0/37-20190901153530-snapshot.jpg
3,0,20190901,153530,87,2,1499,563,1560,643,Sep06_0/37-20190901153530-snapshot.jpg
3,0,20190901,153800,89,2,436,284,522,351,Sep06_0/37-20190901153800-snapshot.jpg
3,0,20190901,154000,83,2,272,97,353,156,Sep06_0/37-20190901154000-snapshot.jpg
3,0,20190901,154300,85,2,1325,182,1410,235,Sep06_0/37-20190901154300-snapshot.jpg
3,0,20190901,154330,84,2,886,458,972,507,Sep06_0/37-20190901154330-snapshot.jpg
3,0,20190901,154400,85,2,495,542,583,617,Sep06_0/37-20190901154400-snapshot.jpg
3,0,20190901,154400,86,2,1658,590,1732,660,Sep06_0/37-20190901154400-snapshot.jpg
3,0,20190901,154430,83,2,988,201,1071,253,Sep06_0/37-20190901154430-snapshot.jpg
3,0,20190901,154500,88,2,1142,94,1219,145,Sep06_0/37-20190901154500-snapshot.jpg
3,0,20190901,154630,83,2,35,479,90,552,Sep06_0/37-20190901154630-snapshot.jpg
3,0,20190901,154830,88,2,388,136,447,222,Sep06_0/37-20190901154830-snapshot.jpg
3,0,20190901,154900,88,2,363,24,417,102,Sep06_0/37-20190901154900-snapshot.jpg
3,0,20190901,155100,85,2,1671,232,1733,313,Sep06_0/37-20190901155100-snapshot.jpg
3,0,20190901,155100,86,2,475,105,562,158,Sep06_0/37-20190901155100-snapshot.jpg
3,0,20190901,155230,86,2,101,250,174,325,Sep06_0/37-20190901155230-snapshot.jpg
3,0,20190901,155330,58,2,322,83,380,142,Sep06_0/37-20190901155330-snapshot.jpg
3,0,20190901,155400,85,2,1809,400,1889,463,Sep06_0/37-20190901155400-snapshot.jpg
3,0,20190901,155500,81,2,248,99,313,161,Sep06_0/37-20190901155500-snapshot.jpg
3,0,20190901,155600,84,2,1166,718,1253,778,Sep06_0/37-20190901155600-snapshot.jpg
3,0,20190901,155800,83,2,770,154,859,210,Sep06_0/37-20190901155800-snapshot.jpg
3,0,20190901,160000,83,2,1160,294,1222,349,Sep06_0/37-20190901160000-snapshot.jpg
3,0,20190901,160000,86,2,1027,484,1084,559,Sep06_0/37-20190901160000-snapshot.jpg
3,0,20190901,160100,87,2,1556,10,1631,77,Sep06_0/37-20190901160100-snapshot.jpg
3,0,20190901,160200,85,2,730,571,812,617,Sep06_0/37-20190901160200-snapshot.jpg
3,0,20190901,160300,58,2,1388,1033,1447,1080,Sep06_0/37-20190901160300-snapshot.jpg
3,0,20190901,160300,82,2,306,89,370,158,Sep06_0/37-20190901160300-snapshot.jpg
3,0,20190901,160330,64,2,183,220,249,273,Sep06_0/37-20190901160330-snapshot.jpg
3,0,20190901,160330,81,2,1643,119,1714,172,Sep06_0/37-20190901160330-snapshot.jpg
3,0,20190901,160400,86,2,895,933,977,995,Sep06_0/37-20190901160400-snapshot.jpg
3,0,20190901,160400,88,2,342,124,402,212,Sep06_0/37-20190901160400-snapshot.jpg
3,0,20190901,160500,84,2,1558,503,1632,562,Sep06_0/37-20190901160500-snapshot.jpg
3,0,20190901,160630,88,2,160,219,239,276,Sep06_0/37-20190901160630-snapshot.jpg
3,0,20190901,160700,82,2,1427,773,1511,819,Sep06_0/37-20190901160700-snapshot.jpg
3,0,20190901,161000,87,2,751,522,834,578,Sep06_0/37-20190901161000-snapshot.jpg
3,0,20190901,161030,90,2,770,422,847,485,Sep06_0/37-20190901161030-snapshot.jpg
3,0,20190901,161130,87,2,1641,147,1723,202,Sep06_0/37-20190901161130-snapshot.jpg
3,0,20190901,161200,86,2,871,350,939,416,Sep06_0/37-20190901161200-snapshot.jpg
3,0,20190901,161430,84,2,15,372,98,417,Sep06_0/37-20190901161430-snapshot.jpg
3,0,20190901,161530,86,2,1159,991,1233,1034,Sep06_0/37-20190901161530-snapshot.jpg
3,0,20190901,161600,86,2,1671,1026,1768,1080,Sep06_0/37-20190901161600-snapshot.jpg
3,0,20190901,161630,86,2,668,626,743,698,Sep06_0/37-20190901161630-snapshot.jpg
3,0,20190901,161700,56,2,990,436,1038,485,Sep06_0/37-20190901161700-snapshot.jpg
3,0,20190901,161700,82,2,248,7,308,68,Sep06_0/37-20190901161700-snapshot.jpg
3,0,20190901,161800,86,2,1025,136,1085,217,Sep06_0/37-20190901161800-snapshot.jpg
3,0,20190901,161930,85,2,639,404,722,468,Sep06_0/37-20190901161930-snapshot.jpg
3,0,20190901,162000,85,2,159,60,216,129,Sep06_0/37-20190901162000-snapshot.jpg
3,0,20190901,162000,85,2,1771,890,1848,966,Sep06_0/37-20190901162000-snapshot.jpg
3,0,20190901,162000,86,2,1003,913,1087,967,Sep06_0/37-20190901162000-snapshot.jpg
3,0,20190901,162330,85,2,811,853,867,922,Sep06_0/37-20190901162330-snapshot.jpg
3,0,20190901,162400,88,2,1777,274,1838,356,Sep06_0/37-20190901162400-snapshot.jpg
3,0,20190901,162530,80,2,0,550,49,613,Sep06_0/37-20190901162530-snapshot.jpg
3,0,20190901,162600,37,2,1021,444,1076,496,Sep06_0/37-20190901162600-snapshot.jpg
3,0,20190901,162930,84,2,1319,142,1386,206,Sep06_0/37-20190901162930-snapshot.jpg
3,0,20190901,163000,86,2,1161,187,1234,246,Sep06_0/37-20190901163000-snapshot.jpg
3,0,20190901,163000,90,2,381,190,472,254,Sep06_0/37-20190901163000-snapshot.jpg
3,0,20190901,163030,83,2,0,253,50,321,Sep06_0/37-20190901163030-snapshot.jpg
3,0,20190901,163130,87,2,1027,537,1107,595,Sep06_0/37-20190901163130-snapshot.jpg
3,0,20190901,163200,83,2,188,187,249,269,Sep06_0/37-20190901163200-snapshot.jpg
3,0,20190901,163200,83,2,506,536,581,610,Sep06_0/37-20190901163200-snapshot.jpg
3,0,20190901,163230,63,2,180,247,252,301,Sep06_0/37-20190901163230-snapshot.jpg
3,0,20190901,163330,85,2,150,49,231,111,Sep06_0/37-20190901163330-snapshot.jpg
3,0,20190901,163400,27,2,256,233,308,288,Sep06_0/37-20190901163400-snapshot.jpg
3,0,20190901,163430,87,2,1122,69,1173,131,Sep06_0/37-20190901163430-snapshot.jpg
3,0,20190901,163500,80,2,1829,448,1888,508,Sep06_0/37-20190901163500-snapshot.jpg
3,0,20190901,163500,86,2,1568,326,1656,379,Sep06_0/37-20190901163500-snapshot.jpg
3,0,20190901,163530,71,2,22,29,86,96,Sep06_0/37-20190901163530-snapshot.jpg
3,0,20190901,163530,85,2,1686,534,1744,609,Sep06_0/37-20190901163530-snapshot.jpg
3,0,20190901,163600,86,2,1492,549,1547,620,Sep06_0/37-20190901163600-snapshot.jpg
3,0,20190901,163700,79,2,67,235,136,284,Sep06_0/37-20190901163700-snapshot.jpg
3,0,20190901,163730,89,2,1060,73,1115,157,Sep06_0/37-20190901163730-snapshot.jpg
3,0,20190901,164030,81,2,1236,105,1296,172,Sep06_0/37-20190901164030-snapshot.jpg
3,0,20190901,164030,87,2,1030,115,1109,183,Sep06_0/37-20190901164030-snapshot.jpg
3,0,20190901,164130,85,2,763,566,832,631,Sep06_0/37-20190901164130-snapshot.jpg
3,0,20190901,164200,88,2,430,247,493,325,Sep06_0/37-20190901164200-snapshot.jpg
3,0,20190901,164330,81,2,1502,728,1577,781,Sep06_0/37-20190901164330-snapshot.jpg
3,0,20190901,165100,86,2,255,56,324,124,Sep06_0/37-20190901165100-snapshot.jpg
3,0,20190901,165130,84,2,137,168,211,246,Sep06_0/37-20190901165130-snapshot.jpg
3,0,20190901,165200,87,2,10,309,77,388,Sep06_0/37-20190901165200-snapshot.jpg
3,0,20190901,165730,56,2,1674,1,1735,44,Sep06_0/37-20190901165730-snapshot.jpg
3,0,20190901,165900,76,2,303,94,361,154,Sep06_0/37-20190901165900-snapshot.jpg
3,0,20190901,165930,87,2,803,478,888,532,Sep06_0/37-20190901165930-snapshot.jpg
3,0,20190901,170000,65,2,225,293,302,346,Sep06_0/37-20190901170000-snapshot.jpg
3,0,20190901,170100,78,2,360,355,436,417,Sep06_0/37-20190901170100-snapshot.jpg
3,0,20190901,170130,89,2,451,108,539,168,Sep06_0/37-20190901170130-snapshot.jpg
3,0,20190901,170200,87,2,630,420,690,494,Sep06_0/37-20190901170200-snapshot.jpg
3,0,20190901,170230,78,2,778,585,848,634,Sep06_0/37-20190901170230-snapshot.jpg
3,0,20190901,170300,86,2,701,497,754,573,Sep06_0/37-20190901170300-snapshot.jpg
3,0,20190901,170630,64,2,1143,1041,1191,1079,Sep06_0/37-20190901170630-snapshot.jpg
3,0,20190901,170800,87,2,1492,688,1553,764,Sep06_0/37-20190901170800-snapshot.jpg
3,0,20190901,170830,82,2,703,614,769,675,Sep06_0/37-20190901170830-snapshot.jpg
3,0,20190901,170900,84,2,1067,985,1127,1037,Sep06_0/37-20190901170900-snapshot.jpg
3,0,20190901,171000,87,2,1085,65,1169,119,Sep06_0/37-20190901171000-snapshot.jpg
3,0,20190901,171030,84,2,1151,324,1212,391,Sep06_0/37-20190901171030-snapshot.jpg
3,0,20190901,171130,88,2,923,894,1010,962,Sep06_0/37-20190901171130-snapshot.jpg
3,0,20190901,172130,86,2,1123,756,1206,825,Sep06_0/37-20190901172130-snapshot.jpg
3,0,20190901,172300,79,2,1658,505,1717,567,Sep06_0/37-20190901172300-snapshot.jpg
3,0,20190901,172300,85,2,1,264,74,325,Sep06_0/37-20190901172300-snapshot.jpg
3,0,20190901,172330,88,2,469,283,528,360,Sep06_0/37-20190901172330-snapshot.jpg
3,0,20190901,172400,81,2,1431,71,1511,133,Sep06_0/37-20190901172400-snapshot.jpg
3,0,20190901,172500,88,2,1006,805,1096,868,Sep06_0/37-20190901172500-snapshot.jpg
3,0,20190901,173330,88,2,339,135,393,215,Sep06_0/37-20190901173330-snapshot.jpg
3,0,20190901,173430,85,2,1145,72,1202,133,Sep06_0/37-20190901173430-snapshot.jpg
3,0,20190901,173500,85,2,1293,1002,1370,1051,Sep06_0/37-20190901173500-snapshot.jpg
3,0,20190901,173700,86,2,1568,150,1656,209,Sep06_0/37-20190901173700-snapshot.jpg
3,0,20190901,173700,87,2,1038,50,1122,107,Sep06_0/37-20190901173700-snapshot.jpg
3,0,20190901,173730,77,2,176,195,254,246,Sep06_0/37-20190901173730-snapshot.jpg
3,0,20190901,173730,84,2,857,387,940,451,Sep06_0/37-20190901173730-snapshot.jpg
3,0,20190901,173830,85,2,723,554,777,624,Sep06_0/37-20190901173830-snapshot.jpg
3,0,20190901,173900,88,2,267,42,349,95,Sep06_0/37-20190901173900-snapshot.jpg
3,0,20190901,174400,87,2,489,42,547,123,Sep06_0/37-20190901174400-snapshot.jpg
3,0,20190901,174430,70,2,0,266,37,317,Sep06_0/37-20190901174430-snapshot.jpg
3,0,20190901,174430,81,2,773,585,850,636,Sep06_0/37-20190901174430-snapshot.jpg
3,0,20190901,174430,85,2,1203,24,1290,78,Sep06_0/37-20190901174430-snapshot.jpg
3,0,20190901,174600,76,2,41,225,96,287,Sep06_0/37-20190901174600-snapshot.jpg
3,0,20190901,174630,86,2,429,275,509,339,Sep06_0/37-20190901174630-snapshot.jpg
3,0,20190901,174900,88,2,380,508,494,607,Sep06_0/37-20190901174900-snapshot.jpg
3,0,20190901,174900,88,2,358,172,437,243,Sep06_0/37-20190901174900-snapshot.jpg
3,0,20190901,175200,87,2,753,395,834,472,Sep06_0/37-20190901175200-snapshot.jpg
3,0,20190901,175300,86,2,884,34,937,110,Sep06_0/37-20190901175300-snapshot.jpg
3,0,20190901,175330,85,2,1431,735,1501,808,Sep06_0/37-20190901175330-snapshot.jpg
3,0,20190901,175400,81,2,1037,103,1121,163,Sep06_0/37-20190901175400-snapshot.jpg
3,0,20190901,175900,37,2,165,119,221,161,Sep06_0/37-20190901175900-snapshot.jpg
3,0,20190901,175930,27,2,122,288,182,339,Sep06_0/37-20190901175930-snapshot.jpg
3,0,20190901,180030,85,2,1660,522,1723,584,Sep06_0/37-20190901180030-snapshot.jpg
3,0,20190901,180100,86,2,1155,105,1227,163,Sep06_0/37-20190901180100-snapshot.jpg
3,0,20190901,180130,80,2,754,580,821,634,Sep06_0/37-20190901180130-snapshot.jpg
3,0,20190901,180130,84,2,133,220,215,287,Sep06_0/37-20190901180130-snapshot.jpg
3,0,20190901,180400,82,2,118,9,199,69,Sep06_0/37-20190901180400-snapshot.jpg
3,0,20190901,180400,83,2,719,445,782,499,Sep06_0/37-20190901180400-snapshot.jpg
3,0,20190901,180430,81,2,969,435,1043,489,Sep06_0/37-20190901180430-snapshot.jpg
3,0,20190901,180500,87,2,1504,550,1558,625,Sep06_0/37-20190901180500-snapshot.jpg
3,0,20190901,180530,55,2,1018,440,1072,492,Sep06_0/37-20190901180530-snapshot.jpg
3,0,20190901,180830,81,2,1591,340,1651,415,Sep06_0/37-20190901180830-snapshot.jpg
3,0,20190901,180900,86,2,978,945,1048,1015,Sep06_0/37-20190901180900-snapshot.jpg
3,0,20190901,181230,82,2,1180,970,1232,1031,Sep06_0/37-20190901181230-snapshot.jpg
3,0,20190901,182500,79,2,1660,130,1724,198,Sep06_0/37-20190901182500-snapshot.jpg
3,0,20190901,182530,85,2,1091,453,1142,514,Sep06_0/37-20190901182530-snapshot.jpg
3,0,20190901,182600,84,2,702,540,756,612,Sep06_0/37-20190901182600-snapshot.jpg
3,0,20190901,182630,87,2,425,111,502,179,Sep06_0/37-20190901182630-snapshot.jpg
3,0,20190901,182700,83,2,1029,176,1085,247,Sep06_0/37-20190901182700-snapshot.jpg
3,0,20190901,182700,86,2,97,252,184,306,Sep06_0/37-20190901182700-snapshot.jpg
3,0,20190901,183000,77,2,739,611,813,670,Sep06_0/37-20190901183000-snapshot.jpg
3,0,20190901,183300,78,2,1503,725,1581,791,Sep06_0/37-20190901183300-snapshot.jpg
3,0,20190901,184000,84,2,155,59,213,133,Sep06_0/37-20190901184000-snapshot.jpg
3,0,20190901,184100,82,2,805,496,860,559,Sep06_0/37-20190901184100-snapshot.jpg
3,0,20190901,184400,84,2,1065,54,1119,123,Sep06_0/37-20190901184400-snapshot.jpg
3,0,20190901,184430,84,2,337,336,404,402,Sep06_0/37-20190901184430-snapshot.jpg
3,0,20190901,184600,79,2,1563,342,1640,403,Sep06_0/37-20190901184600-snapshot.jpg
3,0,20190901,184900,86,2,714,591,772,668,Sep06_0/37-20190901184900-snapshot.jpg
3,0,20190901,184930,77,2,991,380,1043,437,Sep06_0/37-20190901184930-snapshot.jpg
3,0,20190901,185100,84,8,1242,779,1304,842,Sep06_0/37-20190901185100-snapshot.jpg
3,0,20190901,185300,85,2,0,356,84,413,Sep06_0/37-20190901185300-snapshot.jpg
3,0,20190901,185330,82,2,222,754,302,801,Sep06_0/37-20190901185330-snapshot.jpg
3,0,20190901,185600,82,2,1493,562,1546,624,Sep06_0/37-20190901185600-snapshot.jpg
3,0,20190901,185630,76,2,1053,524,1108,585,Sep06_0/37-20190901185630-snapshot.jpg
3,0,20190901,185700,86,2,1421,641,1480,714,Sep06_0/37-20190901185700-snapshot.jpg
3,0,20190901,190000,85,2,951,98,1038,154,Sep06_0/37-20190901190000-snapshot.jpg
3,0,20190901,190030,84,2,1195,177,1258,247,Sep06_0/37-20190901190030-snapshot.jpg
3,0,20190901,190100,84,2,1119,737,1176,807,Sep06_0/37-20190901190100-snapshot.jpg
3,0,20190901,190430,82,2,291,130,380,186,Sep06_0/37-20190901190430-snapshot.jpg
3,0,20190901,190500,84,2,797,545,870,605,Sep06_0/37-20190901190500-snapshot.jpg
3,0,20190901,190600,83,2,204,68,285,114,Sep06_0/37-20190901190600-snapshot.jpg
3,0,20190901,190630,81,2,33,259,118,308,Sep06_0/37-20190901190630-snapshot.jpg
3,0,20190901,191530,85,2,1484,569,1557,617,Sep06_0/37-20190901191530-snapshot.jpg
3,0,20190901,191630,78,2,1553,33,1626,89,Sep06_0/37-20190901191630-snapshot.jpg
3,0,20190901,192100,84,2,180,11,263,64,Sep06_0/37-20190901192100-snapshot.jpg
3,0,20190901,192200,87,2,1497,690,1557,765,Sep06_0/37-20190901192200-snapshot.jpg
3,0,20190901,192200,87,2,360,187,437,255,Sep06_0/37-20190901192200-snapshot.jpg
3,0,20190901,192730,87,2,1126,62,1196,131,Sep06_0/37-20190901192730-snapshot.jpg
3,0,20190901,192830,85,2,1660,605,1727,675,Sep06_0/37-20190901192830-snapshot.jpg
3,0,20190901,193230,85,2,742,483,817,541,Sep06_0/37-20190901193230-snapshot.jpg
3,0,20190901,193300,85,2,387,243,478,302,Sep06_0/37-20190901193300-snapshot.jpg
3,0,20190901,193330,84,2,142,232,208,311,Sep06_0/37-20190901193330-snapshot.jpg
3,0,20190901,193830,38,4,1026,416,1073,464,Sep06_0/37-20190901193830-snapshot.jpg
3,0,20190901,194730,84,2,167,45,224,115,Sep06_0/37-20190901194730-snapshot.jpg
3,0,20190901,194800,79,2,1039,58,1116,111,Sep06_0/37-20190901194800-snapshot.jpg
3,0,20190901,195200,79,2,238,40,309,88,Sep06_0/37-20190901195200-snapshot.jpg
3,0,20190901,195230,85,2,16,517,76,592,Sep06_0/37-20190901195230-snapshot.jpg
3,0,20190902,083930,77,2,780,590,839,649,Sep06_0/41-20190902083930-snapshot.jpg
3,0,20190902,084000,56,2,991,438,1046,499,Sep06_0/41-20190902084000-snapshot.jpg
3,0,20190902,100530,66,2,1153,987,1207,1040,Sep06_0/41-20190902100530-snapshot.jpg
3,0,20190902,104900,70,8,1717,337,1775,394,Sep06_0/41-20190902104900-snapshot.jpg
3,0,20190902,104930,87,2,391,142,448,227,Sep06_0/41-20190902104930-snapshot.jpg
3,0,20190902,105000,68,2,0,682,39,745,Sep06_0/41-20190902105000-snapshot.jpg
3,0,20190902,110630,81,2,263,67,317,142,Sep06_0/41-20190902110630-snapshot.jpg
3,0,20190902,110630,86,2,693,585,758,661,Sep06_0/41-20190902110630-snapshot.jpg
3,0,20190902,114700,84,2,344,429,427,512,Sep06_0/41-20190902114700-snapshot.jpg
3,0,20190902,115930,83,2,744,389,807,456,Sep06_0/41-20190902115930-snapshot.jpg
3,0,20190902,120000,85,2,1075,460,1125,523,Sep06_0/41-20190902120000-snapshot.jpg
3,0,20190902,120030,84,2,1439,691,1524,744,Sep06_0/41-20190902120030-snapshot.jpg
3,0,20190902,120100,85,2,1651,587,1710,656,Sep06_0/41-20190902120100-snapshot.jpg
3,0,20190902,120230,84,2,517,524,611,570,Sep06_0/41-20190902120230-snapshot.jpg
3,0,20190902,120300,88,2,1487,698,1572,755,Sep06_0/41-20190902120300-snapshot.jpg
3,0,20190902,120330,82,2,1023,200,1097,248,Sep06_0/41-20190902120330-snapshot.jpg
3,0,20190902,120330,83,2,110,7,189,55,Sep06_0/41-20190902120330-snapshot.jpg
3,0,20190902,120400,77,2,1512,3,1594,42,Sep06_0/41-20190902120400-snapshot.jpg
3,0,20190902,120430,80,2,1658,543,1742,590,Sep06_0/41-20190902120430-snapshot.jpg
3,0,20190902,120430,84,2,149,161,222,230,Sep06_0/41-20190902120430-snapshot.jpg
3,0,20190902,120430,86,2,763,561,841,606,Sep06_0/41-20190902120430-snapshot.jpg
3,0,20190902,120500,85,2,426,121,516,170,Sep06_0/41-20190902120500-snapshot.jpg
3,0,20190902,120600,88,2,1646,121,1726,182,Sep06_0/41-20190902120600-snapshot.jpg
3,0,20190902,120630,85,2,1672,587,1736,662,Sep06_0/41-20190902120630-snapshot.jpg
3,0,20190902,120830,77,2,1473,672,1555,745,Sep06_0/41-20190902120830-snapshot.jpg
3,0,20190902,121800,40,2,0,178,25,243,Sep06_0/41-20190902121800-snapshot.jpg
3,0,20190902,121930,88,2,431,241,509,303,Sep06_0/41-20190902121930-snapshot.jpg
3,0,20190902,122030,86,2,80,332,159,403,Sep06_0/41-20190902122030-snapshot.jpg
3,0,20190902,122200,82,2,507,271,592,325,Sep06_0/41-20190902122200-snapshot.jpg
3,0,20190902,122230,82,2,1153,293,1203,360,Sep06_0/41-20190902122230-snapshot.jpg
3,0,20190902,122300,83,2,1075,83,1128,153,Sep06_0/41-20190902122300-snapshot.jpg
3,0,20190902,122330,83,2,236,9,315,61,Sep06_0/41-20190902122330-snapshot.jpg
3,0,20190902,122430,86,2,1156,63,1208,135,Sep06_0/41-20190902122430-snapshot.jpg
3,0,20190902,125330,82,2,240,141,305,203,Sep06_0/41-20190902125330-snapshot.jpg
3,0,20190902,125400,79,2,268,89,346,141,Sep06_0/41-20190902125400-snapshot.jpg
3,0,20190902,125430,72,2,284,108,346,169,Sep06_0/41-20190902125430-snapshot.jpg
3,0,20190902,125500,88,2,468,207,553,276,Sep06_0/41-20190902125500-snapshot.jpg
3,0,20190902,125530,71,2,703,440,781,494,Sep06_0/41-20190902125530-snapshot.jpg
3,0,20190902,125600,86,2,900,566,985,632,Sep06_0/41-20190902125600-snapshot.jpg
3,0,20190902,125630,86,2,1613,376,1690,445,Sep06_0/41-20190902125630-snapshot.jpg
3,0,20190902,130300,87,2,714,428,793,497,Sep06_0/41-20190902130300-snapshot.jpg
3,0,20190902,130800,87,2,384,267,478,323,Sep06_0/41-20190902130800-snapshot.jpg
3,0,20190902,130830,89,2,233,221,328,276,Sep06_0/41-20190902130830-snapshot.jpg
3,0,20190902,131500,79,5,275,78,327,133,Sep06_0/41-20190902131500-snapshot.jpg
3,0,20190902,131530,82,2,1781,469,1857,536,Sep06_0/41-20190902131530-snapshot.jpg
3,0,20190902,131600,84,2,1800,352,1878,403,Sep06_0/41-20190902131600-snapshot.jpg
3,0,20190902,131600,87,2,371,280,469,332,Sep06_0/41-20190902131600-snapshot.jpg
3,0,20190902,131630,80,2,1804,406,1867,470,Sep06_0/41-20190902131630-snapshot.jpg
3,0,20190902,131630,88,2,726,418,805,479,Sep06_0/41-20190902131630-snapshot.jpg
3,0,20190902,132200,85,2,1680,1005,1756,1078,Sep06_0/41-20190902132200-snapshot.jpg
3,0,20190902,132430,81,2,1028,713,1083,792,Sep06_0/41-20190902132430-snapshot.jpg
3,0,20190902,132500,88,2,356,357,441,429,Sep06_0/41-20190902132500-snapshot.jpg
3,0,20190902,132530,63,2,155,9,231,62,Sep06_0/41-20190902132530-snapshot.jpg
3,0,20190902,132900,28,2,74,10,122,68,Sep06_0/41-20190902132900-snapshot.jpg
3,0,20190902,133300,54,2,1786,339,1854,407,Sep06_0/41-20190902133300-snapshot.jpg
3,0,20190902,133330,85,2,1605,476,1689,530,Sep06_0/41-20190902133330-snapshot.jpg
3,0,20190902,133400,79,2,1498,564,1548,620,Sep06_0/41-20190902133400-snapshot.jpg
3,0,20190902,133430,85,2,1813,423,1898,478,Sep06_0/41-20190902133430-snapshot.jpg
3,0,20190902,133500,89,2,1212,616,1298,669,Sep06_0/41-20190902133500-snapshot.jpg
3,0,20190902,135100,55,5,781,599,829,642,Sep06_0/41-20190902135100-snapshot.jpg
3,0,20190902,140130,85,2,1316,994,1398,1043,Sep06_0/41-20190902140130-snapshot.jpg
3,0,20190902,140900,39,2,1138,165,1218,223,Sep06_0/41-20190902140900-snapshot.jpg
3,0,20190902,140900,41,8,1137,165,1219,224,Sep06_0/41-20190902140900-snapshot.jpg
3,0,20190902,140930,57,2,1561,520,1645,579,Sep06_0/41-20190902140930-snapshot.jpg
3,0,20190902,141000,53,5,263,517,321,575,Sep06_0/41-20190902141000-snapshot.jpg
3,0,20190902,141000,62,8,262,517,320,575,Sep06_0/41-20190902141000-snapshot.jpg
3,0,20190902,141000,73,2,1570,533,1631,595,Sep06_0/41-20190902141000-snapshot.jpg
3,0,20190902,141030,83,8,1691,264,1773,339,Sep06_0/41-20190902141030-snapshot.jpg
3,0,20190902,141800,80,2,959,953,1028,1015,Sep06_0/41-20190902141800-snapshot.jpg
3,0,20190902,141830,82,2,726,580,800,627,Sep06_0/41-20190902141830-snapshot.jpg
3,0,20190902,142030,86,2,1842,444,1900,523,Sep06_0/41-20190902142030-snapshot.jpg
3,0,20190902,142800,85,2,251,81,334,134,Sep06_0/41-20190902142800-snapshot.jpg
3,0,20190902,142830,80,2,0,242,54,291,Sep06_0/41-20190902142830-snapshot.jpg
3,0,20190902,143100,86,2,1072,163,1136,232,Sep06_0/41-20190902143100-snapshot.jpg
3,0,20190902,143230,67,2,1074,1000,1138,1059,Sep06_0/41-20190902143230-snapshot.jpg
3,0,20190902,143230,86,2,110,305,200,367,Sep06_0/41-20190902143230-snapshot.jpg
3,0,20190902,143530,87,2,424,217,485,300,Sep06_0/41-20190902143530-snapshot.jpg
3,0,20190902,143530,87,2,171,810,258,857,Sep06_0/41-20190902143530-snapshot.jpg
3,0,20190902,143600,85,2,714,579,792,626,Sep06_0/41-20190902143600-snapshot.jpg
3,0,20190902,144100,85,2,366,256,457,309,Sep06_0/41-20190902144100-snapshot.jpg
3,0,20190902,144200,78,2,127,372,208,426,Sep06_0/41-20190902144200-snapshot.jpg
3,0,20190902,144430,85,2,734,443,786,514,Sep06_0/41-20190902144430-snapshot.jpg
3,0,20190902,144500,81,2,919,432,998,485,Sep06_0/41-20190902144500-snapshot.jpg
3,0,20190902,144830,84,2,1157,299,1213,354,Sep06_0/41-20190902144830-snapshot.jpg
3,0,20190902,144930,82,2,532,126,589,189,Sep06_0/41-20190902144930-snapshot.jpg
3,0,20190902,145000,80,8,1797,879,1890,927,Sep06_0/41-20190902145000-snapshot.jpg
3,0,20190902,145330,55,2,0,246,28,300,Sep06_0/41-20190902145330-snapshot.jpg
3,0,20190902,145930,87,2,732,568,790,635,Sep06_0/41-20190902145930-snapshot.jpg
3,0,20190902,150000,70,2,1234,145,1301,201,Sep06_0/41-20190902150000-snapshot.jpg
3,0,20190902,150030,87,2,1164,67,1216,144,Sep06_0/41-20190902150030-snapshot.jpg
3,0,20190902,150100,88,2,410,131,495,192,Sep06_0/41-20190902150100-snapshot.jpg
3,0,20190902,150130,85,2,1017,190,1069,265,Sep06_0/41-20190902150130-snapshot.jpg
3,0,20190902,150200,85,2,1593,101,1685,155,Sep06_0/41-20190902150200-snapshot.jpg
3,0,20190902,150300,33,2,1446,889,1506,943,Sep06_0/41-20190902150300-snapshot.jpg
3,0,20190902,150430,87,2,575,326,659,398,Sep06_0/41-20190902150430-snapshot.jpg
3,0,20190902,150500,85,2,382,193,441,261,Sep06_0/41-20190902150500-snapshot.jpg
3,0,20190902,150530,85,2,167,170,249,225,Sep06_0/41-20190902150530-snapshot.jpg
3,0,20190902,150630,80,2,290,121,384,188,Sep06_0/41-20190902150630-snapshot.jpg
3,0,20190902,151030,80,2,0,63,54,121,Sep06_0/41-20190902151030-snapshot.jpg
3,0,20190902,151130,78,2,763,573,836,621,Sep06_0/41-20190902151130-snapshot.jpg
3,0,20190902,151130,85,2,1063,666,1143,722,Sep06_0/41-20190902151130-snapshot.jpg
3,0,20190902,151200,88,2,464,143,555,198,Sep06_0/41-20190902151200-snapshot.jpg
3,0,20190902,151530,25,2,1447,888,1504,942,Sep06_0/41-20190902151530-snapshot.jpg
3,0,20190902,152430,85,2,1687,569,1754,640,Sep06_0/41-20190902152430-snapshot.jpg
3,0,20190902,152500,29,2,1449,889,1503,940,Sep06_0/41-20190902152500-snapshot.jpg
3,0,20190902,152530,33,2,1449,889,1503,941,Sep06_0/41-20190902152530-snapshot.jpg
3,0,20190902,152600,25,2,1448,889,1503,941,Sep06_0/41-20190902152600-snapshot.jpg
3,0,20190902,152630,29,2,1448,889,1503,941,Sep06_0/41-20190902152630-snapshot.jpg
3,0,20190902,152630,86,2,1046,141,1130,188,Sep06_0/41-20190902152630-snapshot.jpg
3,0,20190902,152700,74,2,1878,517,1920,595,Sep06_0/41-20190902152700-snapshot.jpg
3,0,20190902,152830,41,2,1449,889,1503,941,Sep06_0/41-20190902152830-snapshot.jpg
3,0,20190902,152930,34,2,1448,888,1502,941,Sep06_0/41-20190902152930-snapshot.jpg
3,0,20190902,153000,25,2,1448,888,1502,941,Sep06_0/41-20190902153000-snapshot.jpg
3,0,20190902,153000,82,2,962,966,1038,1023,Sep06_0/41-20190902153000-snapshot.jpg
3,0,20190902,153000,88,2,975,153,1058,218,Sep06_0/41-20190902153000-snapshot.jpg
3,0,20190902,153030,74,2,1787,624,1857,696,Sep06_0/41-20190902153030-snapshot.jpg
3,0,20190902,153100,83,2,1480,672,1550,738,Sep06_0/41-20190902153100-snapshot.jpg
3,0,20190902,153200,31,2,1449,889,1502,940,Sep06_0/41-20190902153200-snapshot.jpg
3,0,20190902,153930,83,2,1679,1009,1762,1068,Sep06_0/41-20190902153930-snapshot.jpg
3,0,20190902,154100,87,2,1178,1,1237,69,Sep06_0/41-20190902154100-snapshot.jpg
3,0,20190902,154800,85,2,776,406,831,473,Sep06_0/41-20190902154800-snapshot.jpg
3,0,20190902,154830,84,2,361,240,444,292,Sep06_0/41-20190902154830-snapshot.jpg
3,0,20190902,155200,87,2,1798,538,1886,613,Sep06_0/41-20190902155200-snapshot.jpg
3,0,20190902,155230,86,2,1030,628,1107,679,Sep06_0/41-20190902155230-snapshot.jpg
3,0,20190902,155300,84,2,654,456,735,506,Sep06_0/41-20190902155300-snapshot.jpg
3,0,20190902,155400,86,2,10,303,90,365,Sep06_0/41-20190902155400-snapshot.jpg
3,0,20190902,155530,87,2,1540,353,1618,418,Sep06_0/41-20190902155530-snapshot.jpg
3,0,20190902,160230,86,2,358,42,418,108,Sep06_0/41-20190902160230-snapshot.jpg
3,0,20190902,160300,82,2,1160,335,1233,386,Sep06_0/41-20190902160300-snapshot.jpg
3,0,20190902,160530,85,2,48,216,111,290,Sep06_0/41-20190902160530-snapshot.jpg
3,0,20190902,161030,85,2,409,114,501,175,Sep06_0/41-20190902161030-snapshot.jpg
3,0,20190902,161400,86,2,1082,39,1134,118,Sep06_0/41-20190902161400-snapshot.jpg
3,0,20190902,161730,85,2,717,477,774,540,Sep06_0/41-20190902161730-snapshot.jpg
3,0,20190902,161830,85,2,1228,14,1283,82,Sep06_0/41-20190902161830-snapshot.jpg
3,0,20190902,162030,76,2,134,10,220,52,Sep06_0/41-20190902162030-snapshot.jpg
3,0,20190902,162100,86,2,1138,11,1219,65,Sep06_0/41-20190902162100-snapshot.jpg
3,0,20190902,162230,85,2,1026,123,1087,201,Sep06_0/41-20190902162230-snapshot.jpg
3,0,20190902,162300,85,2,1159,308,1212,376,Sep06_0/41-20190902162300-snapshot.jpg
3,0,20190902,162400,85,2,719,573,772,645,Sep06_0/41-20190902162400-snapshot.jpg
3,0,20190902,162430,86,2,746,432,799,502,Sep06_0/41-20190902162430-snapshot.jpg
3,0,20190902,162530,85,2,800,928,882,977,Sep06_0/41-20190902162530-snapshot.jpg
3,0,20190902,162630,77,2,1767,341,1842,409,Sep06_0/41-20190902162630-snapshot.jpg
3,0,20190902,162730,82,2,1656,618,1720,689,Sep06_0/41-20190902162730-snapshot.jpg
3,0,20190902,162900,86,2,1841,315,1903,395,Sep06_0/41-20190902162900-snapshot.jpg
3,0,20190902,162930,80,2,137,16,218,57,Sep06_0/41-20190902162930-snapshot.jpg
3,0,20190902,163000,84,2,170,72,227,137,Sep06_0/41-20190902163000-snapshot.jpg
3,0,20190902,163030,83,2,997,373,1054,432,Sep06_0/41-20190902163030-snapshot.jpg
3,0,20190902,163100,51,2,282,76,340,134,Sep06_0/41-20190902163100-snapshot.jpg
3,0,20190902,163130,86,2,41,489,113,561,Sep06_0/41-20190902163130-snapshot.jpg
3,0,20190902,163200,84,2,1166,0,1238,60,Sep06_0/41-20190902163200-snapshot.jpg
3,0,20190902,163230,85,2,1320,708,1375,770,Sep06_0/41-20190902163230-snapshot.jpg
3,0,20190902,163730,79,2,263,82,340,134,Sep06_0/41-20190902163730-snapshot.jpg
3,0,20190902,163800,85,2,1040,54,1102,122,Sep06_0/41-20190902163800-snapshot.jpg
3,0,20190902,163800,86,2,431,47,488,117,Sep06_0/41-20190902163800-snapshot.jpg
3,0,20190902,163830,83,2,1170,327,1243,381,Sep06_0/41-20190902163830-snapshot.jpg
3,0,20190902,163830,86,2,684,394,747,467,Sep06_0/41-20190902163830-snapshot.jpg
3,0,20190902,163830,87,2,29,690,109,755,Sep06_0/41-20190902163830-snapshot.jpg
3,0,20190902,164000,86,2,496,319,573,379,Sep06_0/41-20190902164000-snapshot.jpg
3,0,20190902,164330,81,2,1340,259,1401,329,Sep06_0/41-20190902164330-snapshot.jpg
3,0,20190902,164700,88,2,39,617,124,674,Sep06_0/41-20190902164700-snapshot.jpg
3,0,20190902,164800,71,2,1235,128,1301,188,Sep06_0/41-20190902164800-snapshot.jpg
3,0,20190902,164900,85,2,970,433,1023,501,Sep06_0/41-20190902164900-snapshot.jpg
3,0,20190902,164930,85,2,1612,464,1665,531,Sep06_0/41-20190902164930-snapshot.jpg
3,0,20190902,165000,84,2,1795,623,1881,680,Sep06_0/41-20190902165000-snapshot.jpg
3,0,20190902,165000,85,2,787,594,845,661,Sep06_0/41-20190902165000-snapshot.jpg
3,0,20190902,165030,85,2,528,520,613,599,Sep06_0/41-20190902165030-snapshot.jpg
3,0,20190902,165400,76,2,1819,655,1902,736,Sep06_0/41-20190902165400-snapshot.jpg
3,0,20190902,165500,84,2,1598,58,1682,120,Sep06_0/41-20190902165500-snapshot.jpg
3,0,20190902,165530,79,2,1146,970,1202,1024,Sep06_0/41-20190902165530-snapshot.jpg
3,0,20190902,165630,57,2,1535,587,1595,650,Sep06_0/41-20190902165630-snapshot.jpg
3,0,20190902,165700,86,2,1025,114,1086,187,Sep06_0/41-20190902165700-snapshot.jpg
3,0,20190902,165730,83,2,1081,467,1150,514,Sep06_0/41-20190902165730-snapshot.jpg
3,0,20190902,165830,87,2,197,67,256,139,Sep06_0/41-20190902165830-snapshot.jpg
3,0,20190902,165900,72,2,1502,5,1563,50,Sep06_0/41-20190902165900-snapshot.jpg
3,0,20190902,170030,84,2,983,922,1064,981,Sep06_0/41-20190902170030-snapshot.jpg
3,0,20190902,170300,80,2,1494,567,1568,621,Sep06_0/41-20190902170300-snapshot.jpg
3,0,20190902,170330,78,2,1236,131,1303,192,Sep06_0/41-20190902170330-snapshot.jpg
3,0,20190902,170530,52,2,224,244,291,303,Sep06_0/41-20190902170530-snapshot.jpg
3,0,20190902,170630,74,2,1606,54,1684,140,Sep06_0/41-20190902170630-snapshot.jpg
3,0,20190902,171100,87,2,1163,178,1250,237,Sep06_0/41-20190902171100-snapshot.jpg
3,0,20190902,171500,86,2,1172,16,1239,83,Sep06_0/41-20190902171500-snapshot.jpg
3,0,20190902,171530,86,2,515,273,569,347,Sep06_0/41-20190902171530-snapshot.jpg
3,0,20190902,171530,86,2,1685,569,1752,639,Sep06_0/41-20190902171530-snapshot.jpg
3,0,20190902,171600,85,2,16,209,103,272,Sep06_0/41-20190902171600-snapshot.jpg
3,0,20190902,171700,59,2,208,209,266,268,Sep06_0/41-20190902171700-snapshot.jpg
3,0,20190902,171730,87,2,7,485,66,559,Sep06_0/41-20190902171730-snapshot.jpg
3,0,20190902,171730,88,2,1168,184,1249,240,Sep06_0/41-20190902171730-snapshot.jpg
3,0,20190902,171800,88,2,293,139,366,212,Sep06_0/41-20190902171800-snapshot.jpg
3,0,20190902,171830,87,2,854,330,910,410,Sep06_0/41-20190902171830-snapshot.jpg
3,0,20190902,172400,86,2,0,720,51,799,Sep06_0/41-20190902172400-snapshot.jpg
3,0,20190902,172930,34,2,0,42,32,102,Sep06_0/41-20190902172930-snapshot.jpg
3,0,20190902,173100,72,2,352,200,400,255,Sep06_0/41-20190902173100-snapshot.jpg
3,0,20190902,173130,71,2,306,269,374,314,Sep06_0/41-20190902173130-snapshot.jpg
3,0,20190902,173230,27,2,36,508,90,563,Sep06_0/41-20190902173230-snapshot.jpg
3,0,20190902,173330,86,2,1056,115,1116,188,Sep06_0/41-20190902173330-snapshot.jpg
3,0,20190902,173400,81,2,1852,456,1920,506,Sep06_0/41-20190902173400-snapshot.jpg
3,0,20190902,173400,83,2,392,170,469,216,Sep06_0/41-20190902173400-snapshot.jpg
3,0,20190902,173430,86,8,213,109,265,184,Sep06_0/41-20190902173430-snapshot.jpg
3,0,20190902,173500,88,2,23,530,114,586,Sep06_0/41-20190902173500-snapshot.jpg
3,0,20190902,173530,73,2,182,148,234,222,Sep06_0/41-20190902173530-snapshot.jpg
3,0,20190902,173600,82,2,783,405,851,458,Sep06_0/41-20190902173600-snapshot.jpg
3,0,20190902,173630,86,2,1032,678,1087,755,Sep06_0/41-20190902173630-snapshot.jpg
3,0,20190902,173800,84,2,680,424,735,496,Sep06_0/41-20190902173800-snapshot.jpg
3,0,20190902,173830,72,2,1081,397,1131,449,Sep06_0/41-20190902173830-snapshot.jpg
3,0,20190902,174200,80,2,1,706,59,759,Sep06_0/41-20190902174200-snapshot.jpg
3,0,20190902,174330,74,2,1809,747,1894,812,Sep06_0/41-20190902174330-snapshot.jpg
3,0,20190902,174530,87,2,495,78,552,154,Sep06_0/41-20190902174530-snapshot.jpg
3,0,20190902,174530,88,2,255,74,336,131,Sep06_0/41-20190902174530-snapshot.jpg
3,0,20190902,174900,85,2,389,114,477,163,Sep06_0/41-20190902174900-snapshot.jpg
3,0,20190902,174930,84,2,969,440,1021,516,Sep06_0/41-20190902174930-snapshot.jpg
3,0,20190902,175000,87,2,926,904,1013,969,Sep06_0/41-20190902175000-snapshot.jpg
3,0,20190902,175200,48,2,0,197,31,249,Sep06_0/41-20190902175200-snapshot.jpg
3,0,20190902,175200,86,2,369,356,456,415,Sep06_0/41-20190902175200-snapshot.jpg
3,0,20190902,175230,84,2,1181,112,1254,165,Sep06_0/41-20190902175230-snapshot.jpg
3,0,20190902,175300,84,2,1120,559,1175,624,Sep06_0/41-20190902175300-snapshot.jpg
3,0,20190902,175300,85,2,1151,41,1204,110,Sep06_0/41-20190902175300-snapshot.jpg
3,0,20190902,180430,85,2,481,310,562,359,Sep06_0/41-20190902180430-snapshot.jpg
3,0,20190902,180500,82,2,777,572,829,637,Sep06_0/41-20190902180500-snapshot.jpg
3,0,20190902,180530,81,2,1087,461,1141,523,Sep06_0/41-20190902180530-snapshot.jpg
3,0,20190902,180600,77,2,1869,489,1920,562,Sep06_0/41-20190902180600-snapshot.jpg
3,0,20190902,181100,44,2,1784,635,1864,689,Sep06_0/41-20190902181100-snapshot.jpg
3,0,20190902,181600,81,2,0,680,61,732,Sep06_0/41-20190902181600-snapshot.jpg
3,0,20190902,182430,83,2,0,709,50,794,Sep06_0/41-20190902182430-snapshot.jpg
3,0,20190902,182500,79,2,252,7,325,54,Sep06_0/41-20190902182500-snapshot.jpg
3,0,20190902,182500,88,2,306,135,400,195,Sep06_0/41-20190902182500-snapshot.jpg
3,0,20190902,182530,85,2,380,273,436,351,Sep06_0/41-20190902182530-snapshot.jpg
3,0,20190902,182800,61,2,966,943,1043,997,Sep06_0/41-20190902182800-snapshot.jpg
3,0,20190902,182900,77,2,0,685,59,737,Sep06_0/41-20190902182900-snapshot.jpg
3,0,20190902,183930,79,2,953,446,1006,504,Sep06_0/41-20190902183930-snapshot.jpg
3,0,20190902,184000,77,2,532,528,614,601,Sep06_0/41-20190902184000-snapshot.jpg
3,0,20190902,184130,54,2,1406,1036,1460,1079,Sep06_0/41-20190902184130-snapshot.jpg
3,0,20190902,184130,83,2,1170,203,1229,265,Sep06_0/41-20190902184130-snapshot.jpg
3,0,20190902,184400,68,2,1622,450,1684,510,Sep06_0/41-20190902184400-snapshot.jpg
3,0,20190902,184730,81,2,1790,394,1853,457,Sep06_0/41-20190902184730-snapshot.jpg
3,0,20190902,184900,51,1,669,879,709,913,Sep06_0/41-20190902184900-snapshot.jpg
3,0,20190902,184930,58,1,669,878,710,913,Sep06_0/41-20190902184930-snapshot.jpg
3,0,20190902,185000,30,1,668,878,710,913,Sep06_0/41-20190902185000-snapshot.jpg
3,0,20190902,185100,57,1,669,878,709,912,Sep06_0/41-20190902185100-snapshot.jpg
3,0,20190902,185130,35,1,669,878,710,914,Sep06_0/41-20190902185130-snapshot.jpg
3,0,20190902,185130,69,2,995,381,1051,435,Sep06_0/41-20190902185130-snapshot.jpg
3,0,20190902,185200,46,1,669,878,708,913,Sep06_0/41-20190902185200-snapshot.jpg
3,0,20190902,185230,76,1,669,878,709,912,Sep06_0/41-20190902185230-snapshot.jpg
3,0,20190902,185300,79,1,669,878,710,913,Sep06_0/41-20190902185300-snapshot.jpg
3,0,20190902,185330,70,1,669,878,708,912,Sep06_0/41-20190902185330-snapshot.jpg
3,0,20190902,185400,77,1,669,878,710,913,Sep06_0/41-20190902185400-snapshot.jpg
3,0,20190902,185400,85,2,415,108,489,182,Sep06_0/41-20190902185400-snapshot.jpg
3,0,20190902,185430,71,1,669,878,709,913,Sep06_0/41-20190902185430-snapshot.jpg
3,0,20190902,185430,83,2,783,417,844,467,Sep06_0/41-20190902185430-snapshot.jpg
3,0,20190902,185500,75,1,669,877,709,912,Sep06_0/41-20190902185500-snapshot.jpg
3,0,20190902,185530,74,1,668,877,708,913,Sep06_0/41-20190902185530-snapshot.jpg
3,0,20190902,185600,56,1,669,876,709,912,Sep06_0/41-20190902185600-snapshot.jpg
3,0,20190902,185630,26,1,668,877,709,912,Sep06_0/41-20190902185630-snapshot.jpg
3,0,20190902,185800,85,2,729,554,788,619,Sep06_0/41-20190902185800-snapshot.jpg
3,0,20190902,185900,82,2,1641,628,1721,676,Sep06_0/41-20190902185900-snapshot.jpg
3,0,20190902,190300,35,1,669,876,710,912,Sep06_0/41-20190902190300-snapshot.jpg
3,0,20190902,190430,37,1,669,876,712,912,Sep06_0/41-20190902190430-snapshot.jpg
3,0,20190902,190500,87,2,381,122,454,188,Sep06_0/41-20190902190500-snapshot.jpg
3,0,20190902,190730,76,2,1073,48,1124,122,Sep06_0/41-20190902190730-snapshot.jpg
3,0,20190902,190800,33,1,668,876,710,912,Sep06_0/41-20190902190800-snapshot.jpg
3,0,20190902,191030,41,1,667,875,710,911,Sep06_0/41-20190902191030-snapshot.jpg
3,0,20190902,191100,25,1,669,874,712,911,Sep06_0/41-20190902191100-snapshot.jpg
3,0,20190902,191900,33,2,867,582,949,650,Sep06_0/41-20190902191900-snapshot.jpg
3,0,20190902,192400,40,8,1172,561,1242,614,Sep06_0/41-20190902192400-snapshot.jpg
3,0,20190902,192900,72,1,262,833,297,864,Sep06_0/41-20190902192900-snapshot.jpg
3,0,20190902,195100,83,2,751,807,807,890,Sep06_0/41-20190902195100-snapshot.jpg
3,0,20190902,195130,54,2,750,817,807,897,Sep06_0/41-20190902195130-snapshot.jpg
3,0,20190902,195200,81,2,751,822,804,896,Sep06_0/41-20190902195200-snapshot.jpg
3,0,20190902,195230,75,2,748,828,803,902,Sep06_0/41-20190902195230-snapshot.jpg
3,0,20190903,100830,34,2,1089,1033,1137,1079,Sep06_0/47-20190903100830-snapshot.jpg
3,0,20190903,105900,87,2,1081,119,1139,196,Sep06_0/47-20190903105900-snapshot.jpg
3,0,20190903,111130,39,2,1594,309,1675,381,Sep06_0/47-20190903111130-snapshot.jpg
3,0,20190903,111130,70,9,1594,310,1675,381,Sep06_0/47-20190903111130-snapshot.jpg
3,0,20190903,120600,79,8,46,653,146,721,Sep06_0/47-20190903120600-snapshot.jpg
3,0,20190903,121000,86,2,838,416,893,484,Sep06_0/47-20190903121000-snapshot.jpg
3,0,20190903,123300,41,2,309,148,362,203,Sep06_0/47-20190903123300-snapshot.jpg
3,0,20190903,123330,65,2,307,143,360,206,Sep06_0/47-20190903123330-snapshot.jpg
3,0,20190903,123430,27,2,306,157,356,215,Sep06_0/47-20190903123430-snapshot.jpg
3,0,20190903,123530,54,2,308,148,362,211,Sep06_0/47-20190903123530-snapshot.jpg
3,0,20190903,123600,39,2,306,153,356,212,Sep06_0/47-20190903123600-snapshot.jpg
3,0,20190903,123630,25,2,311,156,359,215,Sep06_0/47-20190903123630-snapshot.jpg
3,0,20190903,124630,83,2,493,102,553,177,Sep06_0/47-20190903124630-snapshot.jpg
3,0,20190903,135500,87,2,797,541,878,609,Sep06_0/47-20190903135500-snapshot.jpg
3,0,20190903,140600,35,2,1616,315,1679,362,Sep06_0/47-20190903140600-snapshot.jpg
3,0,20190903,142000,83,2,1181,568,1262,616,Sep06_0/47-20190903142000-snapshot.jpg
3,0,20190903,142030,85,2,1101,512,1175,574,Sep06_0/47-20190903142030-snapshot.jpg
3,0,20190903,142100,87,2,1040,123,1097,199,Sep06_0/47-20190903142100-snapshot.jpg
3,0,20190903,142130,85,2,1179,211,1262,265,Sep06_0/47-20190903142130-snapshot.jpg
3,0,20190903,142200,89,2,1090,88,1179,146,Sep06_0/47-20190903142200-snapshot.jpg
3,0,20190903,142230,87,2,1063,125,1124,195,Sep06_0/47-20190903142230-snapshot.jpg
3,0,20190903,142300,86,2,1045,136,1126,197,Sep06_0/47-20190903142300-snapshot.jpg
3,0,20190903,142330,87,2,1077,174,1153,235,Sep06_0/47-20190903142330-snapshot.jpg
3,0,20190903,142400,86,2,1101,189,1161,253,Sep06_0/47-20190903142400-snapshot.jpg
3,0,20190903,142430,83,2,1077,188,1167,241,Sep06_0/47-20190903142430-snapshot.jpg
3,0,20190903,142500,85,2,1073,170,1126,241,Sep06_0/47-20190903142500-snapshot.jpg
3,0,20190903,142530,86,2,1098,209,1187,262,Sep06_0/47-20190903142530-snapshot.jpg
3,0,20190903,142600,84,2,1224,119,1277,182,Sep06_0/47-20190903142600-snapshot.jpg
3,0,20190903,142630,89,2,1199,80,1280,129,Sep06_0/47-20190903142630-snapshot.jpg
3,0,20190903,142700,83,2,1551,48,1633,101,Sep06_0/47-20190903142700-snapshot.jpg
3,0,20190903,142730,88,2,1564,339,1639,410,Sep06_0/47-20190903142730-snapshot.jpg
3,0,20190903,142900,60,2,1812,973,1909,1043,Sep06_0/47-20190903142900-snapshot.jpg
3,0,20190903,142930,84,2,1075,1024,1147,1067,Sep06_0/47-20190903142930-snapshot.jpg
3,0,20190903,143430,80,8,869,382,958,454,Sep06_0/47-20190903143430-snapshot.jpg
3,0,20190903,144100,74,2,753,424,804,484,Sep06_0/47-20190903144100-snapshot.jpg
3,0,20190903,144630,87,2,784,556,862,626,Sep06_0/47-20190903144630-snapshot.jpg
3,0,20190903,150830,87,2,496,100,578,163,Sep06_0/47-20190903150830-snapshot.jpg
3,0,20190903,151030,87,2,491,315,549,388,Sep06_0/47-20190903151030-snapshot.jpg
3,0,20190903,151130,87,2,269,139,357,205,Sep06_0/47-20190903151130-snapshot.jpg
3,0,20190903,151400,87,2,1079,121,1139,195,Sep06_0/47-20190903151400-snapshot.jpg
3,0,20190903,151430,76,2,1800,388,1859,450,Sep06_0/47-20190903151430-snapshot.jpg
3,0,20190903,151430,85,2,343,330,421,392,Sep06_0/47-20190903151430-snapshot.jpg
3,0,20190903,151500,69,2,1839,656,1915,717,Sep06_0/47-20190903151500-snapshot.jpg
3,0,20190903,151630,82,2,758,564,830,606,Sep06_0/47-20190903151630-snapshot.jpg
3,0,20190903,151700,86,2,1054,283,1107,349,Sep06_0/47-20190903151700-snapshot.jpg
3,0,20190903,151730,85,2,140,214,194,281,Sep06_0/47-20190903151730-snapshot.jpg
3,0,20190903,152000,84,2,1687,20,1743,87,Sep06_0/47-20190903152000-snapshot.jpg
3,0,20190903,153800,83,8,836,121,898,190,Sep06_0/47-20190903153800-snapshot.jpg
3,0,20190903,154630,81,2,1151,619,1221,665,Sep06_0/47-20190903154630-snapshot.jpg
3,0,20190903,154700,87,2,1166,208,1243,261,Sep06_0/47-20190903154700-snapshot.jpg
3,0,20190903,154700,87,2,14,218,90,293,Sep06_0/47-20190903154700-snapshot.jpg
3,0,20190903,154730,86,2,773,447,835,514,Sep06_0/47-20190903154730-snapshot.jpg
3,0,20190903,154800,82,2,1517,560,1578,612,Sep06_0/47-20190903154800-snapshot.jpg
3,0,20190903,154900,85,2,33,509,92,578,Sep06_0/47-20190903154900-snapshot.jpg
3,0,20190903,154930,85,2,1151,995,1224,1039,Sep06_0/47-20190903154930-snapshot.jpg
3,0,20190903,155000,87,2,373,357,454,432,Sep06_0/47-20190903155000-snapshot.jpg
3,0,20190903,155100,83,2,1173,334,1229,396,Sep06_0/47-20190903155100-snapshot.jpg
3,0,20190903,155330,84,2,996,938,1075,990,Sep06_0/47-20190903155330-snapshot.jpg
3,0,20190903,155500,84,2,1571,667,1629,737,Sep06_0/47-20190903155500-snapshot.jpg
3,0,20190903,160430,88,2,1034,497,1116,561,Sep06_0/47-20190903160430-snapshot.jpg
3,0,20190903,160500,83,2,138,260,220,307,Sep06_0/47-20190903160500-snapshot.jpg
3,0,20190903,160600,87,2,1775,336,1860,392,Sep06_0/47-20190903160600-snapshot.jpg
3,0,20190903,161330,83,9,1124,199,1220,265,Sep06_0/47-20190903161330-snapshot.jpg
3,0,20190903,161400,89,9,1058,141,1118,232,Sep06_0/47-20190903161400-snapshot.jpg
3,0,20190903,161430,90,9,462,227,531,314,Sep06_0/47-20190903161430-snapshot.jpg
3,0,20190903,161500,85,9,392,349,491,409,Sep06_0/47-20190903161500-snapshot.jpg
3,0,20190903,161530,80,9,318,186,406,274,Sep06_0/47-20190903161530-snapshot.jpg
3,0,20190903,161600,41,9,315,100,376,165,Sep06_0/47-20190903161600-snapshot.jpg
3,0,20190903,161600,72,2,315,99,377,165,Sep06_0/47-20190903161600-snapshot.jpg
3,0,20190903,161630,66,2,1071,267,1121,321,Sep06_0/47-20190903161630-snapshot.jpg
3,0,20190903,161630,86,9,219,76,318,134,Sep06_0/47-20190903161630-snapshot.jpg
3,0,20190903,162300,86,2,1541,43,1618,109,Sep06_0/47-20190903162300-snapshot.jpg
3,0,20190903,162330,86,2,1130,578,1206,634,Sep06_0/47-20190903162330-snapshot.jpg
3,0,20190903,162400,76,2,1522,706,1587,768,Sep06_0/47-20190903162400-snapshot.jpg
3,0,20190903,162430,86,2,1082,304,1132,374,Sep06_0/47-20190903162430-snapshot.jpg
3,0,20190903,162730,63,2,0,383,28,450,Sep06_0/47-20190903162730-snapshot.jpg
3,0,20190903,163130,67,2,1847,624,1919,675,Sep06_0/47-20190903163130-snapshot.jpg
3,0,20190903,163200,78,2,1792,188,1878,258,Sep06_0/47-20190903163200-snapshot.jpg
3,0,20190903,163300,79,2,224,262,307,310,Sep06_0/47-20190903163300-snapshot.jpg
3,0,20190903,163330,70,2,1809,636,1880,691,Sep06_0/47-20190903163330-snapshot.jpg
3,0,20190903,163600,62,2,51,746,102,814,Sep06_0/47-20190903163600-snapshot.jpg
3,0,20190903,163900,85,2,522,182,575,250,Sep06_0/47-20190903163900-snapshot.jpg
3,0,20190903,164830,85,2,0,701,61,779,Sep06_0/47-20190903164830-snapshot.jpg
3,0,20190903,164930,82,2,1033,410,1101,457,Sep06_0/47-20190903164930-snapshot.jpg
3,0,20190903,165400,80,2,1249,132,1309,202,Sep06_0/47-20190903165400-snapshot.jpg
3,0,20190903,165730,83,2,307,98,379,153,Sep06_0/47-20190903165730-snapshot.jpg
3,0,20190903,170000,85,2,1690,596,1757,664,Sep06_0/47-20190903170000-snapshot.jpg
3,0,20190903,170200,82,2,1063,1027,1135,1063,Sep06_0/47-20190903170200-snapshot.jpg
3,0,20190903,170300,82,2,0,682,71,731,Sep06_0/47-20190903170300-snapshot.jpg
3,0,20190903,171000,86,2,1152,324,1231,376,Sep06_0/47-20190903171000-snapshot.jpg
3,0,20190903,171030,78,2,266,88,337,144,Sep06_0/47-20190903171030-snapshot.jpg
3,0,20190903,171200,85,2,840,411,921,472,Sep06_0/47-20190903171200-snapshot.jpg
3,0,20190903,171200,89,2,377,233,475,299,Sep06_0/47-20190903171200-snapshot.jpg
3,0,20190903,171730,83,2,140,26,228,76,Sep06_0/47-20190903171730-snapshot.jpg
3,0,20190903,171730,83,2,1689,591,1766,659,Sep06_0/47-20190903171730-snapshot.jpg
3,0,20190903,172200,47,2,1,275,50,332,Sep06_0/47-20190903172200-snapshot.jpg
3,0,20190903,172430,83,2,1017,177,1097,236,Sep06_0/47-20190903172430-snapshot.jpg
3,0,20190903,172430,87,2,802,364,858,450,Sep06_0/47-20190903172430-snapshot.jpg
3,0,20190903,172500,86,2,1211,525,1270,589,Sep06_0/47-20190903172500-snapshot.jpg
3,0,20190903,172700,86,2,173,356,261,407,Sep06_0/47-20190903172700-snapshot.jpg
3,0,20190903,172800,35,2,1856,469,1918,510,Sep06_0/47-20190903172800-snapshot.jpg
3,0,20190903,173100,83,2,1073,716,1148,774,Sep06_0/47-20190903173100-snapshot.jpg
3,0,20190903,173300,84,2,1844,387,1916,451,Sep06_0/47-20190903173300-snapshot.jpg
3,0,20190903,173400,86,2,160,367,214,439,Sep06_0/47-20190903173400-snapshot.jpg
3,0,20190903,173500,86,2,0,50,39,125,Sep06_0/47-20190903173500-snapshot.jpg
3,0,20190903,173600,88,2,254,72,333,131,Sep06_0/47-20190903173600-snapshot.jpg
3,0,20190903,174000,82,2,1835,862,1901,946,Sep06_0/47-20190903174000-snapshot.jpg
3,0,20190903,174000,84,2,1218,180,1281,252,Sep06_0/47-20190903174000-snapshot.jpg
3,0,20190903,174330,87,2,1075,151,1138,219,Sep06_0/47-20190903174330-snapshot.jpg
3,0,20190903,174430,83,2,427,92,481,169,Sep06_0/47-20190903174430-snapshot.jpg
3,0,20190903,174930,86,2,483,352,551,421,Sep06_0/47-20190903174930-snapshot.jpg
3,0,20190903,175300,81,2,1851,625,1920,685,Sep06_0/47-20190903175300-snapshot.jpg
3,0,20190903,175330,87,2,754,432,811,501,Sep06_0/47-20190903175330-snapshot.jpg
3,0,20190903,175400,85,2,110,208,192,264,Sep06_0/47-20190903175400-snapshot.jpg
3,0,20190903,175930,55,2,1857,762,1919,844,Sep06_0/47-20190903175930-snapshot.jpg
3,0,20190903,180000,81,2,1202,241,1257,303,Sep06_0/47-20190903180000-snapshot.jpg
3,0,20190903,180130,64,2,260,217,330,254,Sep06_0/47-20190903180130-snapshot.jpg
3,0,20190903,180230,56,2,1192,547,1264,600,Sep06_0/47-20190903180230-snapshot.jpg
3,0,20190903,180700,85,2,370,358,456,405,Sep06_0/47-20190903180700-snapshot.jpg
3,0,20190903,180930,88,2,387,116,447,201,Sep06_0/47-20190903180930-snapshot.jpg
3,0,20190903,181100,74,2,303,95,366,146,Sep06_0/47-20190903181100-snapshot.jpg
3,0,20190903,181100,75,2,1640,165,1715,231,Sep06_0/47-20190903181100-snapshot.jpg
3,0,20190903,181200,85,2,1476,305,1560,354,Sep06_0/47-20190903181200-snapshot.jpg
3,0,20190903,181200,85,2,871,397,932,467,Sep06_0/47-20190903181200-snapshot.jpg
3,0,20190903,181230,29,2,56,370,127,435,Sep06_0/47-20190903181230-snapshot.jpg
3,0,20190903,181500,27,2,0,39,28,93,Sep06_0/47-20190903181500-snapshot.jpg
3,0,20190903,181530,76,2,545,141,613,194,Sep06_0/47-20190903181530-snapshot.jpg
3,0,20190903,181600,86,2,992,873,1065,937,Sep06_0/47-20190903181600-snapshot.jpg
3,0,20190903,182030,84,2,535,174,612,222,Sep06_0/47-20190903182030-snapshot.jpg
3,0,20190903,183600,83,2,1335,743,1408,814,Sep06_0/47-20190903183600-snapshot.jpg
3,0,20190903,184030,82,2,1077,1026,1144,1067,Sep06_0/47-20190903184030-snapshot.jpg
3,0,20190903,184300,67,2,81,757,153,816,Sep06_0/47-20190903184300-snapshot.jpg
3,0,20190903,184330,79,2,178,250,260,304,Sep06_0/47-20190903184330-snapshot.jpg
3,0,20190903,184500,84,2,844,426,894,489,Sep06_0/47-20190903184500-snapshot.jpg
3,0,20190903,184530,83,2,1353,808,1431,884,Sep06_0/47-20190903184530-snapshot.jpg
3,0,20190903,185630,44,1,680,880,718,912,Sep06_0/47-20190903185630-snapshot.jpg
3,0,20190903,185630,86,2,1126,568,1183,634,Sep06_0/47-20190903185630-snapshot.jpg
3,0,20190903,185930,64,2,557,181,621,240,Sep06_0/47-20190903185930-snapshot.jpg
3,0,20190903,190000,76,2,1023,695,1085,770,Sep06_0/47-20190903190000-snapshot.jpg
3,0,20190903,190300,85,2,142,223,224,276,Sep06_0/47-20190903190300-snapshot.jpg
3,0,20190903,190830,26,1,678,879,720,913,Sep06_0/47-20190903190830-snapshot.jpg
3,0,20190903,191030,56,2,1146,294,1223,364,Sep06_0/47-20190903191030-snapshot.jpg
3,0,20190903,191200,32,2,1465,304,1595,416,Sep06_0/47-20190903191200-snapshot.jpg
3,0,20190903,191230,36,1,678,878,719,913,Sep06_0/47-20190903191230-snapshot.jpg
3,0,20190903,191600,31,2,1222,374,1361,500,Sep06_0/47-20190903191600-snapshot.jpg
3,0,20190903,203200,39,4,1871,517,1920,579,Sep06_0/47-20190903203200-snapshot.jpg
3,0,20190904,073000,84,8,678,684,761,755,Sep06_0/55-20190904073000-snapshot.jpg
3,0,20190904,073930,86,8,296,439,382,507,Sep06_0/55-20190904073930-snapshot.jpg
3,0,20190904,074230,83,2,1014,200,1090,253,Sep06_0/55-20190904074230-snapshot.jpg
3,0,20190904,075730,82,2,1721,6,1783,79,Sep06_0/55-20190904075730-snapshot.jpg
3,0,20190904,075800,74,2,1792,650,1873,702,Sep06_0/55-20190904075800-snapshot.jpg
3,0,20190904,075830,68,2,1857,753,1919,826,Sep06_0/55-20190904075830-snapshot.jpg
3,0,20190904,080830,86,2,785,602,869,650,Sep06_0/55-20190904080830-snapshot.jpg
3,0,20190904,082100,85,8,674,753,775,848,Sep06_0/55-20190904082100-snapshot.jpg
3,0,20190904,082430,32,8,426,849,494,936,Sep06_0/55-20190904082430-snapshot.jpg
3,0,20190904,082500,86,2,1014,635,1072,710,Sep06_0/55-20190904082500-snapshot.jpg
3,0,20190904,091130,74,2,776,563,846,628,Sep06_0/55-20190904091130-snapshot.jpg
3,0,20190904,093230,88,2,810,387,889,457,Sep06_0/55-20190904093230-snapshot.jpg
3,0,20190904,093700,76,8,1621,986,1749,1059,Sep06_0/55-20190904093700-snapshot.jpg
3,0,20190904,093900,74,2,1073,0,1135,62,Sep06_0/55-20190904093900-snapshot.jpg
3,0,20190904,094400,74,8,1150,371,1226,427,Sep06_0/55-20190904094400-snapshot.jpg
3,0,20190904,094830,85,2,1221,83,1275,143,Sep06_0/55-20190904094830-snapshot.jpg
3,0,20190904,095530,79,2,1094,588,1154,647,Sep06_0/55-20190904095530-snapshot.jpg
3,0,20190904,101900,71,2,1792,623,1861,698,Sep06_0/55-20190904101900-snapshot.jpg
3,0,20190904,103930,84,8,1211,1017,1267,1080,Sep06_0/55-20190904103930-snapshot.jpg
3,0,20190904,104800,84,2,1045,170,1121,224,Sep06_0/55-20190904104800-snapshot.jpg
3,0,20190904,104830,82,2,0,694,54,769,Sep06_0/55-20190904104830-snapshot.jpg
3,0,20190904,104930,39,2,0,248,22,318,Sep06_0/55-20190904104930-snapshot.jpg
3,0,20190904,105800,82,8,706,814,787,870,Sep06_0/55-20190904105800-snapshot.jpg
3,0,20190904,111400,54,2,1341,1028,1408,1080,Sep06_0/55-20190904111400-snapshot.jpg
3,0,20190904,111430,81,2,487,338,574,403,Sep06_0/55-20190904111430-snapshot.jpg
3,0,20190904,111500,86,2,1320,657,1397,731,Sep06_0/55-20190904111500-snapshot.jpg
3,0,20190904,111830,85,2,111,250,201,316,Sep06_0/55-20190904111830-snapshot.jpg
3,0,20190904,111900,86,2,1221,99,1288,151,Sep06_0/55-20190904111900-snapshot.jpg
3,0,20190904,112930,87,2,1704,989,1765,1066,Sep06_0/55-20190904112930-snapshot.jpg
3,0,20190904,113000,86,2,1509,584,1583,634,Sep06_0/55-20190904113000-snapshot.jpg
3,0,20190904,113800,86,2,303,149,385,213,Sep06_0/55-20190904113800-snapshot.jpg
3,0,20190904,114430,66,2,316,107,368,167,Sep06_0/55-20190904114430-snapshot.jpg
3,0,20190904,114500,88,2,1046,309,1123,373,Sep06_0/55-20190904114500-snapshot.jpg
3,0,20190904,114530,74,2,1054,26,1108,93,Sep06_0/55-20190904114530-snapshot.jpg
3,0,20190904,114600,79,2,1249,133,1306,209,Sep06_0/55-20190904114600-snapshot.jpg
3,0,20190904,114630,67,2,1873,624,1920,684,Sep06_0/55-20190904114630-snapshot.jpg
3,0,20190904,115330,79,2,1562,79,1651,135,Sep06_0/55-20190904115330-snapshot.jpg
3,0,20190904,115400,86,2,1083,139,1161,191,Sep06_0/55-20190904115400-snapshot.jpg
3,0,20190904,115530,85,2,1051,161,1113,228,Sep06_0/55-20190904115530-snapshot.jpg
3,0,20190904,115600,82,2,1023,1019,1091,1057,Sep06_0/55-20190904115600-snapshot.jpg
3,0,20190904,115630,87,2,191,97,265,172,Sep06_0/55-20190904115630-snapshot.jpg
3,0,20190904,123430,77,2,1073,723,1133,788,Sep06_0/55-20190904123430-snapshot.jpg
3,0,20190904,123500,86,2,1235,79,1295,138,Sep06_0/55-20190904123500-snapshot.jpg
3,0,20190904,123530,71,2,0,195,26,276,Sep06_0/55-20190904123530-snapshot.jpg
3,0,20190904,125000,82,2,89,967,159,1031,Sep06_0/55-20190904125000-snapshot.jpg
3,0,20190904,130900,88,2,451,99,539,158,Sep06_0/55-20190904130900-snapshot.jpg
3,0,20190904,130930,84,2,766,392,834,457,Sep06_0/55-20190904130930-snapshot.jpg
3,0,20190904,131000,79,2,737,473,806,521,Sep06_0/55-20190904131000-snapshot.jpg
3,0,20190904,131000,87,2,1799,354,1879,424,Sep06_0/55-20190904131000-snapshot.jpg
3,0,20190904,131030,87,2,1327,699,1412,752,Sep06_0/55-20190904131030-snapshot.jpg
3,0,20190904,131100,86,2,211,249,296,299,Sep06_0/55-20190904131100-snapshot.jpg
3,0,20190904,131230,87,2,974,927,1049,997,Sep06_0/55-20190904131230-snapshot.jpg
3,0,20190904,131300,84,2,9,10,80,81,Sep06_0/55-20190904131300-snapshot.jpg
3,0,20190904,132030,86,2,1106,281,1195,339,Sep06_0/55-20190904132030-snapshot.jpg
3,0,20190904,132330,85,2,1671,981,1756,1036,Sep06_0/55-20190904132330-snapshot.jpg
3,0,20190904,132430,86,2,72,641,155,692,Sep06_0/55-20190904132430-snapshot.jpg
3,0,20190904,132700,87,2,515,134,592,193,Sep06_0/55-20190904132700-snapshot.jpg
3,0,20190904,132730,86,2,1011,167,1090,227,Sep06_0/55-20190904132730-snapshot.jpg
3,0,20190904,133530,88,2,1067,122,1155,185,Sep06_0/55-20190904133530-snapshot.jpg
3,0,20190904,134700,82,2,1076,400,1130,450,Sep06_0/55-20190904134700-snapshot.jpg
3,0,20190904,135030,88,2,1336,903,1412,963,Sep06_0/55-20190904135030-snapshot.jpg
3,0,20190904,135400,86,2,1194,72,1277,124,Sep06_0/55-20190904135400-snapshot.jpg
3,0,20190904,141230,85,2,1796,377,1848,444,Sep06_0/55-20190904141230-snapshot.jpg
3,0,20190904,141600,89,2,1096,191,1177,255,Sep06_0/55-20190904141600-snapshot.jpg
3,0,20190904,141630,86,2,810,565,865,640,Sep06_0/55-20190904141630-snapshot.jpg
3,0,20190904,141700,82,2,1708,0,1771,60,Sep06_0/55-20190904141700-snapshot.jpg
3,0,20190904,142530,86,2,97,256,173,313,Sep06_0/55-20190904142530-snapshot.jpg
3,0,20190904,143230,82,2,1079,1010,1136,1068,Sep06_0/55-20190904143230-snapshot.jpg
3,0,20190904,143300,85,2,1850,746,1913,828,Sep06_0/55-20190904143300-snapshot.jpg
3,0,20190904,143330,65,2,1874,627,1920,687,Sep06_0/55-20190904143330-snapshot.jpg
3,0,20190904,143900,77,2,0,794,43,850,Sep06_0/55-20190904143900-snapshot.jpg
3,0,20190904,143900,86,2,1071,287,1131,346,Sep06_0/55-20190904143900-snapshot.jpg
3,0,20190904,144130,86,2,927,228,1012,298,Sep06_0/55-20190904144130-snapshot.jpg
3,0,20190904,144230,87,2,1792,308,1871,383,Sep06_0/55-20190904144230-snapshot.jpg
3,0,20190904,144630,86,2,1350,272,1421,338,Sep06_0/55-20190904144630-snapshot.jpg
3,0,20190904,145930,74,8,828,132,912,192,Sep06_0/55-20190904145930-snapshot.jpg
3,0,20190904,150000,82,2,1699,129,1789,176,Sep06_0/55-20190904150000-snapshot.jpg
3,0,20190904,150030,89,2,1051,496,1130,549,Sep06_0/55-20190904150030-snapshot.jpg
3,0,20190904,150300,88,2,435,66,505,137,Sep06_0/55-20190904150300-snapshot.jpg
3,0,20190904,150330,81,2,1098,3,1154,73,Sep06_0/55-20190904150330-snapshot.jpg
3,0,20190904,150430,88,2,881,887,960,960,Sep06_0/55-20190904150430-snapshot.jpg
3,0,20190904,150630,81,2,1065,1027,1139,1068,Sep06_0/55-20190904150630-snapshot.jpg
3,0,20190904,150800,85,2,955,434,1017,508,Sep06_0/55-20190904150800-snapshot.jpg
3,0,20190904,150800,86,2,271,438,355,519,Sep06_0/55-20190904150800-snapshot.jpg
3,0,20190904,150830,87,2,1116,217,1172,290,Sep06_0/55-20190904150830-snapshot.jpg
3,0,20190904,150900,84,2,742,474,807,532,Sep06_0/55-20190904150900-snapshot.jpg
3,0,20190904,151630,87,2,767,487,823,561,Sep06_0/55-20190904151630-snapshot.jpg
3,0,20190904,151830,70,2,0,788,32,856,Sep06_0/55-20190904151830-snapshot.jpg
3,0,20190904,174430,34,2,1025,488,1102,550,Sep06_0/55-20190904174430-snapshot.jpg
3,0,20190904,174500,29,2,1026,489,1101,549,Sep06_0/55-20190904174500-snapshot.jpg
3,0,20190904,175000,27,2,1032,469,1097,536,Sep06_0/55-20190904175000-snapshot.jpg
3,0,20190904,180800,72,2,1048,483,1107,548,Sep06_0/55-20190904180800-snapshot.jpg
3,0,20190904,180830,43,2,1049,504,1108,556,Sep06_0/55-20190904180830-snapshot.jpg
3,0,20190904,180900,25,2,1046,503,1110,557,Sep06_0/55-20190904180900-snapshot.jpg
