3,1,20190823,101030,82,2,1595,1014,1676,1066,Aug30_1/01-20190823101030-snapshot.jpg
3,1,20190823,101230,86,3,122,330,217,424,Aug30_1/01-20190823101230-snapshot.jpg
3,1,20190823,101300,85,4,407,569,487,630,Aug30_1/01-20190823101300-snapshot.jpg
3,1,20190823,101430,36,1,1503,892,1548,932,Aug30_1/01-20190823101430-snapshot.jpg
3,1,20190823,101500,26,8,757,503,807,565,Aug30_1/01-20190823101500-snapshot.jpg
3,1,20190823,101500,46,2,757,503,807,564,Aug30_1/01-20190823101500-snapshot.jpg
3,1,20190823,101800,31,1,1506,893,1549,931,Aug30_1/01-20190823101800-snapshot.jpg
3,1,20190823,101930,31,1,1505,891,1550,931,Aug30_1/01-20190823101930-snapshot.jpg
3,1,20190823,102030,31,1,1504,890,1548,931,Aug30_1/01-20190823102030-snapshot.jpg
3,1,20190823,102200,87,3,529,677,618,760,Aug30_1/01-20190823102200-snapshot.jpg
3,1,20190823,102230,32,1,1504,892,1550,933,Aug30_1/01-20190823102230-snapshot.jpg
3,1,20190823,102330,47,1,1505,889,1551,931,Aug30_1/01-20190823102330-snapshot.jpg
3,1,20190823,102400,34,1,1505,889,1550,931,Aug30_1/01-20190823102400-snapshot.jpg
3,1,20190823,102430,29,1,1505,889,1550,930,Aug30_1/01-20190823102430-snapshot.jpg
3,1,20190823,102430,37,2,1895,150,1920,206,Aug30_1/01-20190823102430-snapshot.jpg
3,1,20190823,102500,49,1,1505,888,1552,932,Aug30_1/01-20190823102500-snapshot.jpg
3,1,20190823,102530,43,1,1505,889,1551,931,Aug30_1/01-20190823102530-snapshot.jpg
3,1,20190823,102600,39,1,1506,889,1551,931,Aug30_1/01-20190823102600-snapshot.jpg
3,1,20190823,102630,35,1,1505,889,1552,931,Aug30_1/01-20190823102630-snapshot.jpg
3,1,20190823,102630,72,2,157,400,237,450,Aug30_1/01-20190823102630-snapshot.jpg
3,1,20190823,102700,46,1,1504,890,1551,932,Aug30_1/01-20190823102700-snapshot.jpg
3,1,20190823,102700,80,2,1759,1023,1848,1080,Aug30_1/01-20190823102700-snapshot.jpg
3,1,20190823,102730,45,1,1505,888,1552,931,Aug30_1/01-20190823102730-snapshot.jpg
3,1,20190823,102800,36,1,1505,890,1551,931,Aug30_1/01-20190823102800-snapshot.jpg
3,1,20190823,102830,33,1,1505,889,1552,931,Aug30_1/01-20190823102830-snapshot.jpg
3,1,20190823,102900,46,1,1505,890,1551,932,Aug30_1/01-20190823102900-snapshot.jpg
3,1,20190823,102900,87,2,840,817,906,887,Aug30_1/01-20190823102900-snapshot.jpg
3,1,20190823,102930,54,1,1505,890,1551,932,Aug30_1/01-20190823102930-snapshot.jpg
3,1,20190823,103000,45,1,1505,888,1551,932,Aug30_1/01-20190823103000-snapshot.jpg
3,1,20190823,103030,41,1,1505,891,1551,932,Aug30_1/01-20190823103030-snapshot.jpg
3,1,20190823,103100,45,1,1505,890,1551,932,Aug30_1/01-20190823103100-snapshot.jpg
3,1,20190823,103130,46,1,1505,889,1551,932,Aug30_1/01-20190823103130-snapshot.jpg
3,1,20190823,103200,43,1,1506,891,1551,932,Aug30_1/01-20190823103200-snapshot.jpg
3,1,20190823,103200,87,4,709,868,766,931,Aug30_1/01-20190823103200-snapshot.jpg
3,1,20190823,103230,52,1,1505,890,1551,933,Aug30_1/01-20190823103230-snapshot.jpg
3,1,20190823,103230,86,4,371,639,453,697,Aug30_1/01-20190823103230-snapshot.jpg
3,1,20190823,103300,40,1,1505,890,1550,931,Aug30_1/01-20190823103300-snapshot.jpg
3,1,20190823,103300,86,3,1662,300,1728,368,Aug30_1/01-20190823103300-snapshot.jpg
3,1,20190823,103330,58,1,1505,889,1551,932,Aug30_1/01-20190823103330-snapshot.jpg
3,1,20190823,103400,39,1,1505,888,1551,931,Aug30_1/01-20190823103400-snapshot.jpg
3,1,20190823,103430,39,1,1505,889,1551,931,Aug30_1/01-20190823103430-snapshot.jpg
3,1,20190823,103500,45,1,1505,890,1550,932,Aug30_1/01-20190823103500-snapshot.jpg
3,1,20190823,103530,33,1,1505,890,1550,931,Aug30_1/01-20190823103530-snapshot.jpg
3,1,20190823,103600,86,2,740,420,798,490,Aug30_1/01-20190823103600-snapshot.jpg
3,1,20190823,103630,48,1,1505,889,1551,932,Aug30_1/01-20190823103630-snapshot.jpg
3,1,20190823,103700,27,1,1504,889,1550,931,Aug30_1/01-20190823103700-snapshot.jpg
3,1,20190823,103830,36,1,1505,889,1550,931,Aug30_1/01-20190823103830-snapshot.jpg
3,1,20190823,103900,33,1,1506,889,1551,931,Aug30_1/01-20190823103900-snapshot.jpg
3,1,20190823,103930,52,1,1505,890,1551,931,Aug30_1/01-20190823103930-snapshot.jpg
3,1,20190823,104000,27,1,1505,891,1550,932,Aug30_1/01-20190823104000-snapshot.jpg
3,1,20190823,104100,29,1,1506,890,1550,931,Aug30_1/01-20190823104100-snapshot.jpg
3,1,20190823,104130,45,1,1505,889,1551,931,Aug30_1/01-20190823104130-snapshot.jpg
3,1,20190823,104130,89,2,28,279,125,337,Aug30_1/01-20190823104130-snapshot.jpg
3,1,20190823,104200,56,2,281,483,346,564,Aug30_1/01-20190823104200-snapshot.jpg
3,1,20190823,104230,30,1,1506,890,1551,931,Aug30_1/01-20190823104230-snapshot.jpg
3,1,20190823,104230,64,2,162,2,220,51,Aug30_1/01-20190823104230-snapshot.jpg
3,1,20190823,104300,35,1,1506,890,1551,931,Aug30_1/01-20190823104300-snapshot.jpg
3,1,20190823,104300,87,2,216,267,304,347,Aug30_1/01-20190823104300-snapshot.jpg
3,1,20190823,104330,33,1,1505,890,1550,932,Aug30_1/01-20190823104330-snapshot.jpg
3,1,20190823,104330,88,2,552,219,641,276,Aug30_1/01-20190823104330-snapshot.jpg
3,1,20190823,104600,27,1,1505,891,1551,932,Aug30_1/01-20190823104600-snapshot.jpg
3,1,20190823,104630,28,1,1505,891,1551,932,Aug30_1/01-20190823104630-snapshot.jpg
3,1,20190823,104700,86,2,758,483,816,556,Aug30_1/01-20190823104700-snapshot.jpg
3,1,20190823,104730,38,2,649,709,713,757,Aug30_1/01-20190823104730-snapshot.jpg
3,1,20190823,104900,86,2,854,729,919,809,Aug30_1/01-20190823104900-snapshot.jpg
3,1,20190823,104930,28,1,1505,891,1550,932,Aug30_1/01-20190823104930-snapshot.jpg
3,1,20190823,104930,88,2,214,253,295,340,Aug30_1/01-20190823104930-snapshot.jpg
3,1,20190823,105000,89,2,837,750,933,826,Aug30_1/01-20190823105000-snapshot.jpg
3,1,20190823,105200,74,2,1886,153,1920,215,Aug30_1/01-20190823105200-snapshot.jpg
3,1,20190823,105230,86,2,1340,603,1422,672,Aug30_1/01-20190823105230-snapshot.jpg
3,1,20190823,105300,83,2,1685,97,1778,156,Aug30_1/01-20190823105300-snapshot.jpg
3,1,20190823,105300,84,2,1726,842,1792,920,Aug30_1/01-20190823105300-snapshot.jpg
3,1,20190823,105300,88,2,762,663,841,743,Aug30_1/01-20190823105300-snapshot.jpg
3,1,20190823,105630,28,2,904,1052,953,1080,Aug30_1/01-20190823105630-snapshot.jpg
3,1,20190823,105630,87,2,737,443,821,499,Aug30_1/01-20190823105630-snapshot.jpg
3,1,20190823,105700,79,2,140,111,226,167,Aug30_1/01-20190823105700-snapshot.jpg
3,1,20190823,105700,84,2,150,342,210,421,Aug30_1/01-20190823105700-snapshot.jpg
3,1,20190823,105730,81,2,1503,347,1565,400,Aug30_1/01-20190823105730-snapshot.jpg
3,1,20190823,105730,84,2,1196,59,1253,133,Aug30_1/01-20190823105730-snapshot.jpg
3,1,20190823,105800,84,2,718,630,798,684,Aug30_1/01-20190823105800-snapshot.jpg
3,1,20190823,110800,85,2,867,722,938,791,Aug30_1/01-20190823110800-snapshot.jpg
3,1,20190823,110830,81,2,635,751,710,801,Aug30_1/01-20190823110830-snapshot.jpg
3,1,20190823,111100,86,2,832,662,889,739,Aug30_1/01-20190823111100-snapshot.jpg
3,1,20190823,111130,84,2,438,565,515,618,Aug30_1/01-20190823111130-snapshot.jpg
3,1,20190823,111200,72,2,421,1028,479,1080,Aug30_1/01-20190823111200-snapshot.jpg
3,1,20190823,111430,49,2,835,457,894,516,Aug30_1/01-20190823111430-snapshot.jpg
3,1,20190823,111500,84,2,223,242,309,304,Aug30_1/01-20190823111500-snapshot.jpg
3,1,20190823,111700,74,2,790,845,875,904,Aug30_1/01-20190823111700-snapshot.jpg
3,1,20190823,111730,87,2,711,636,788,705,Aug30_1/01-20190823111730-snapshot.jpg
3,1,20190823,111730,90,3,1429,413,1536,482,Aug30_1/01-20190823111730-snapshot.jpg
3,1,20190823,111800,87,2,1698,258,1782,330,Aug30_1/01-20190823111800-snapshot.jpg
3,1,20190823,111830,74,2,1750,68,1845,128,Aug30_1/01-20190823111830-snapshot.jpg
3,1,20190823,111830,87,2,892,62,990,130,Aug30_1/01-20190823111830-snapshot.jpg
3,1,20190823,112130,77,2,2,328,51,416,Aug30_1/01-20190823112130-snapshot.jpg
3,1,20190823,112300,84,2,649,869,725,940,Aug30_1/01-20190823112300-snapshot.jpg
3,1,20190823,112300,85,2,1608,44,1678,109,Aug30_1/01-20190823112300-snapshot.jpg
3,1,20190823,112330,86,2,478,424,531,501,Aug30_1/01-20190823112330-snapshot.jpg
3,1,20190823,113000,84,2,1435,448,1492,519,Aug30_1/01-20190823113000-snapshot.jpg
3,1,20190823,113200,82,2,1715,843,1791,889,Aug30_1/01-20190823113200-snapshot.jpg
3,1,20190823,113230,78,2,831,471,904,526,Aug30_1/01-20190823113230-snapshot.jpg
3,1,20190823,113230,83,2,204,48,268,133,Aug30_1/01-20190823113230-snapshot.jpg
3,1,20190823,113230,85,2,1452,341,1508,409,Aug30_1/01-20190823113230-snapshot.jpg
3,1,20190823,113300,78,2,628,871,705,933,Aug30_1/01-20190823113300-snapshot.jpg
3,1,20190823,113300,88,2,529,286,586,367,Aug30_1/01-20190823113300-snapshot.jpg
3,1,20190823,113330,76,2,533,455,608,523,Aug30_1/01-20190823113330-snapshot.jpg
3,1,20190823,113330,86,2,834,735,918,797,Aug30_1/01-20190823113330-snapshot.jpg
3,1,20190823,113330,87,2,118,328,226,389,Aug30_1/01-20190823113330-snapshot.jpg
3,1,20190823,113400,86,2,209,271,300,346,Aug30_1/01-20190823113400-snapshot.jpg
3,1,20190823,113630,89,2,747,700,833,772,Aug30_1/01-20190823113630-snapshot.jpg
3,1,20190823,113700,78,2,314,998,384,1066,Aug30_1/01-20190823113700-snapshot.jpg
3,1,20190823,113930,89,2,722,620,803,693,Aug30_1/01-20190823113930-snapshot.jpg
3,1,20190823,114700,88,2,224,288,320,349,Aug30_1/01-20190823114700-snapshot.jpg
3,1,20190823,114930,38,2,50,0,132,46,Aug30_1/01-20190823114930-snapshot.jpg
3,1,20190823,115430,89,2,1581,33,1672,94,Aug30_1/01-20190823115430-snapshot.jpg
3,1,20190823,115500,86,2,525,317,582,396,Aug30_1/01-20190823115500-snapshot.jpg
3,1,20190823,115700,86,2,840,738,915,816,Aug30_1/01-20190823115700-snapshot.jpg
3,1,20190823,115930,86,2,637,886,729,937,Aug30_1/01-20190823115930-snapshot.jpg
3,1,20190823,115930,87,2,699,428,778,477,Aug30_1/01-20190823115930-snapshot.jpg
3,1,20190823,120000,79,2,1202,53,1290,116,Aug30_1/01-20190823120000-snapshot.jpg
3,1,20190823,120030,59,2,437,507,502,557,Aug30_1/01-20190823120030-snapshot.jpg
3,1,20190823,120100,82,9,123,290,217,356,Aug30_1/01-20190823120100-snapshot.jpg
3,1,20190823,120100,86,2,328,959,402,1030,Aug30_1/01-20190823120100-snapshot.jpg
3,1,20190823,120130,84,2,171,34,263,99,Aug30_1/01-20190823120130-snapshot.jpg
3,1,20190823,120200,83,2,452,408,531,458,Aug30_1/01-20190823120200-snapshot.jpg
3,1,20190823,120200,86,2,1367,612,1446,679,Aug30_1/01-20190823120200-snapshot.jpg
3,1,20190823,120230,71,2,563,728,631,787,Aug30_1/01-20190823120230-snapshot.jpg
3,1,20190823,120300,86,2,799,757,895,811,Aug30_1/01-20190823120300-snapshot.jpg
3,1,20190823,120330,84,2,706,327,761,399,Aug30_1/01-20190823120330-snapshot.jpg
3,1,20190823,120330,88,2,719,240,800,303,Aug30_1/01-20190823120330-snapshot.jpg
3,1,20190823,120600,85,2,878,824,970,873,Aug30_1/01-20190823120600-snapshot.jpg
3,1,20190823,120630,86,2,1634,307,1723,362,Aug30_1/01-20190823120630-snapshot.jpg
3,1,20190823,121130,78,2,320,1022,390,1079,Aug30_1/01-20190823121130-snapshot.jpg
3,1,20190823,121500,80,1,364,93,403,130,Aug30_1/01-20190823121500-snapshot.jpg
3,1,20190823,121530,70,1,271,197,311,236,Aug30_1/01-20190823121530-snapshot.jpg
3,1,20190823,121730,70,1,271,385,312,421,Aug30_1/01-20190823121730-snapshot.jpg
3,1,20190823,121730,86,2,721,312,812,367,Aug30_1/01-20190823121730-snapshot.jpg
3,1,20190823,121800,86,2,621,341,677,411,Aug30_1/01-20190823121800-snapshot.jpg
3,1,20190823,121930,40,1,333,382,371,415,Aug30_1/01-20190823121930-snapshot.jpg
3,1,20190823,121930,82,2,1879,103,1920,181,Aug30_1/01-20190823121930-snapshot.jpg
3,1,20190823,121930,86,3,457,477,526,556,Aug30_1/01-20190823121930-snapshot.jpg
3,1,20190823,122000,78,4,56,187,137,248,Aug30_1/01-20190823122000-snapshot.jpg
3,1,20190823,122400,84,1,159,467,198,500,Aug30_1/01-20190823122400-snapshot.jpg
3,1,20190823,122500,85,2,237,1002,318,1069,Aug30_1/01-20190823122500-snapshot.jpg
3,1,20190823,122500,87,2,465,939,556,987,Aug30_1/01-20190823122500-snapshot.jpg
3,1,20190823,122500,87,2,213,246,280,339,Aug30_1/01-20190823122500-snapshot.jpg
3,1,20190823,122530,78,2,3,338,95,410,Aug30_1/01-20190823122530-snapshot.jpg
3,1,20190823,122700,85,2,848,645,903,712,Aug30_1/01-20190823122700-snapshot.jpg
3,1,20190823,122700,87,2,675,228,757,301,Aug30_1/01-20190823122700-snapshot.jpg
3,1,20190823,122730,61,2,140,8,231,63,Aug30_1/01-20190823122730-snapshot.jpg
3,1,20190823,122730,85,2,874,816,938,890,Aug30_1/01-20190823122730-snapshot.jpg
3,1,20190823,122800,75,2,305,498,367,578,Aug30_1/01-20190823122800-snapshot.jpg
3,1,20190823,122800,86,2,712,687,791,755,Aug30_1/01-20190823122800-snapshot.jpg
3,1,20190823,122830,87,2,629,364,681,435,Aug30_1/01-20190823122830-snapshot.jpg
3,1,20190823,123000,87,4,698,824,785,888,Aug30_1/01-20190823123000-snapshot.jpg
3,1,20190823,123030,85,4,1631,18,1692,97,Aug30_1/01-20190823123030-snapshot.jpg
3,1,20190823,123100,84,4,1507,886,1580,939,Aug30_1/01-20190823123100-snapshot.jpg
3,1,20190823,123330,86,4,626,783,706,864,Aug30_1/01-20190823123330-snapshot.jpg
3,1,20190823,123400,86,4,469,497,551,583,Aug30_1/01-20190823123400-snapshot.jpg
3,1,20190823,123430,85,4,1426,436,1510,506,Aug30_1/01-20190823123430-snapshot.jpg
3,1,20190823,123600,87,2,801,335,883,403,Aug30_1/01-20190823123600-snapshot.jpg
3,1,20190823,123830,84,2,747,514,816,579,Aug30_1/01-20190823123830-snapshot.jpg
3,1,20190823,123930,83,2,164,139,227,216,Aug30_1/01-20190823123930-snapshot.jpg
3,1,20190823,124000,64,4,0,411,50,480,Aug30_1/01-20190823124000-snapshot.jpg
3,1,20190823,124100,84,2,250,941,326,1013,Aug30_1/01-20190823124100-snapshot.jpg
3,1,20190823,124130,75,2,142,10,202,82,Aug30_1/01-20190823124130-snapshot.jpg
3,1,20190823,124330,79,3,47,188,128,249,Aug30_1/01-20190823124330-snapshot.jpg
3,1,20190823,124400,74,2,1884,168,1920,233,Aug30_1/01-20190823124400-snapshot.jpg
3,1,20190823,124530,85,2,918,530,1009,596,Aug30_1/01-20190823124530-snapshot.jpg
3,1,20190823,124600,79,2,697,775,784,824,Aug30_1/01-20190823124600-snapshot.jpg
3,1,20190823,124730,77,4,489,657,567,728,Aug30_1/01-20190823124730-snapshot.jpg
3,1,20190823,125000,83,2,1653,7,1740,75,Aug30_1/01-20190823125000-snapshot.jpg
3,1,20190823,125530,66,8,1779,272,1860,328,Aug30_1/01-20190823125530-snapshot.jpg
3,1,20190823,125530,76,2,640,734,716,784,Aug30_1/01-20190823125530-snapshot.jpg
3,1,20190823,125530,88,2,1416,435,1506,494,Aug30_1/01-20190823125530-snapshot.jpg
3,1,20190823,125930,87,2,644,137,732,200,Aug30_1/01-20190823125930-snapshot.jpg
3,1,20190823,130000,81,2,431,504,497,565,Aug30_1/01-20190823130000-snapshot.jpg
3,1,20190823,130130,42,2,429,1040,484,1080,Aug30_1/01-20190823130130-snapshot.jpg
3,1,20190823,130130,84,2,627,453,689,522,Aug30_1/01-20190823130130-snapshot.jpg
3,1,20190823,130200,82,2,615,769,674,841,Aug30_1/01-20190823130200-snapshot.jpg
3,1,20190823,130200,88,2,860,726,926,816,Aug30_1/01-20190823130200-snapshot.jpg
3,1,20190823,130230,86,2,1602,137,1693,198,Aug30_1/01-20190823130230-snapshot.jpg
3,1,20190823,130500,89,2,1380,605,1460,670,Aug30_1/01-20190823130500-snapshot.jpg
3,1,20190823,130530,77,2,143,23,210,105,Aug30_1/01-20190823130530-snapshot.jpg
3,1,20190823,130600,88,2,818,704,898,776,Aug30_1/01-20190823130600-snapshot.jpg
3,1,20190823,130730,89,2,392,476,479,541,Aug30_1/01-20190823130730-snapshot.jpg
3,1,20190823,130900,84,2,759,399,831,461,Aug30_1/01-20190823130900-snapshot.jpg
3,1,20190823,130900,85,2,806,718,876,802,Aug30_1/01-20190823130900-snapshot.jpg
3,1,20190823,130930,61,2,929,1041,975,1080,Aug30_1/01-20190823130930-snapshot.jpg
3,1,20190823,130930,88,2,494,402,553,483,Aug30_1/01-20190823130930-snapshot.jpg
3,1,20190823,131000,84,2,488,591,565,668,Aug30_1/01-20190823131000-snapshot.jpg
3,1,20190823,131000,87,4,839,716,913,807,Aug30_1/01-20190823131000-snapshot.jpg
3,1,20190823,131030,82,2,778,819,856,875,Aug30_1/01-20190823131030-snapshot.jpg
3,1,20190823,131130,40,2,123,2,179,58,Aug30_1/01-20190823131130-snapshot.jpg
3,1,20190823,131430,81,2,360,1023,441,1068,Aug30_1/01-20190823131430-snapshot.jpg
3,1,20190823,131500,87,2,411,562,497,622,Aug30_1/01-20190823131500-snapshot.jpg
3,1,20190823,131500,87,2,665,775,758,831,Aug30_1/01-20190823131500-snapshot.jpg
3,1,20190823,131600,82,2,503,436,559,509,Aug30_1/01-20190823131600-snapshot.jpg
3,1,20190823,131700,85,2,1649,695,1735,760,Aug30_1/01-20190823131700-snapshot.jpg
3,1,20190823,131700,87,2,534,652,593,723,Aug30_1/01-20190823131700-snapshot.jpg
3,1,20190823,131730,86,2,796,771,884,844,Aug30_1/01-20190823131730-snapshot.jpg
3,1,20190823,131830,88,2,723,856,800,930,Aug30_1/01-20190823131830-snapshot.jpg
3,1,20190823,132000,87,2,1345,623,1432,690,Aug30_1/01-20190823132000-snapshot.jpg
3,1,20190823,132030,79,2,772,510,824,578,Aug30_1/01-20190823132030-snapshot.jpg
3,1,20190823,132030,85,2,1633,117,1696,197,Aug30_1/01-20190823132030-snapshot.jpg
3,1,20190823,132100,86,2,645,397,723,458,Aug30_1/01-20190823132100-snapshot.jpg
3,1,20190823,132300,77,2,62,162,145,234,Aug30_1/01-20190823132300-snapshot.jpg
3,1,20190823,132600,78,2,138,6,227,56,Aug30_1/01-20190823132600-snapshot.jpg
3,1,20190823,132600,85,2,596,798,687,850,Aug30_1/01-20190823132600-snapshot.jpg
3,1,20190823,132600,86,2,108,150,207,214,Aug30_1/01-20190823132600-snapshot.jpg
3,1,20190823,133000,88,3,673,456,735,544,Aug30_1/01-20190823133000-snapshot.jpg
3,1,20190823,133130,83,3,193,407,295,486,Aug30_1/01-20190823133130-snapshot.jpg
3,1,20190823,133300,79,2,1663,287,1740,362,Aug30_1/01-20190823133300-snapshot.jpg
3,1,20190823,133300,85,2,759,418,817,481,Aug30_1/01-20190823133300-snapshot.jpg
3,1,20190823,133330,86,2,687,749,747,824,Aug30_1/01-20190823133330-snapshot.jpg
3,1,20190823,133500,87,2,462,527,517,603,Aug30_1/01-20190823133500-snapshot.jpg
3,1,20190823,133530,71,2,1526,386,1595,453,Aug30_1/01-20190823133530-snapshot.jpg
3,1,20190823,133530,84,2,1426,376,1480,439,Aug30_1/01-20190823133530-snapshot.jpg
3,1,20190823,133700,87,2,536,764,598,834,Aug30_1/01-20190823133700-snapshot.jpg
3,1,20190823,134200,83,2,1585,492,1666,561,Aug30_1/01-20190823134200-snapshot.jpg
3,1,20190823,134230,87,2,742,216,836,275,Aug30_1/01-20190823134230-snapshot.jpg
3,1,20190823,134330,82,2,549,720,622,773,Aug30_1/01-20190823134330-snapshot.jpg
3,1,20190823,134400,30,2,916,1050,982,1079,Aug30_1/01-20190823134400-snapshot.jpg
3,1,20190823,134600,82,2,1422,432,1487,494,Aug30_1/01-20190823134600-snapshot.jpg
3,1,20190823,134630,80,2,1553,18,1635,70,Aug30_1/01-20190823134630-snapshot.jpg
3,1,20190823,134800,82,2,1713,795,1775,861,Aug30_1/01-20190823134800-snapshot.jpg
3,1,20190823,134930,83,2,753,759,837,820,Aug30_1/01-20190823134930-snapshot.jpg
3,1,20190823,135000,60,2,1892,162,1920,234,Aug30_1/01-20190823135000-snapshot.jpg
3,1,20190823,135030,87,3,207,228,303,292,Aug30_1/01-20190823135030-snapshot.jpg
3,1,20190823,135100,88,3,557,745,653,812,Aug30_1/01-20190823135100-snapshot.jpg
3,1,20190823,135200,87,2,773,739,837,814,Aug30_1/01-20190823135200-snapshot.jpg
3,1,20190823,135230,85,2,1556,34,1646,89,Aug30_1/01-20190823135230-snapshot.jpg
3,1,20190823,135300,85,2,660,794,718,865,Aug30_1/01-20190823135300-snapshot.jpg
3,1,20190823,135530,82,2,119,400,217,449,Aug30_1/01-20190823135530-snapshot.jpg
3,1,20190823,135600,86,2,655,809,737,883,Aug30_1/01-20190823135600-snapshot.jpg
3,1,20190823,135630,87,2,418,393,477,469,Aug30_1/01-20190823135630-snapshot.jpg
3,1,20190823,135730,62,2,1501,893,1567,947,Aug30_1/01-20190823135730-snapshot.jpg
3,1,20190823,135730,86,2,750,369,808,446,Aug30_1/01-20190823135730-snapshot.jpg
3,1,20190823,140030,85,2,698,819,785,891,Aug30_1/01-20190823140030-snapshot.jpg
3,1,20190823,140200,87,2,652,128,715,215,Aug30_1/01-20190823140200-snapshot.jpg
3,1,20190823,140230,79,2,824,823,900,885,Aug30_1/01-20190823140230-snapshot.jpg
3,1,20190823,140400,87,2,914,873,992,948,Aug30_1/01-20190823140400-snapshot.jpg
3,1,20190823,140500,86,2,834,727,918,809,Aug30_1/01-20190823140500-snapshot.jpg
3,1,20190823,140530,82,2,421,553,479,609,Aug30_1/01-20190823140530-snapshot.jpg
3,1,20190823,140600,56,2,137,3,212,60,Aug30_1/01-20190823140600-snapshot.jpg
3,1,20190823,140630,54,2,550,472,619,529,Aug30_1/01-20190823140630-snapshot.jpg
3,1,20190823,140730,87,2,1674,302,1760,378,Aug30_1/01-20190823140730-snapshot.jpg
3,1,20190823,140900,80,2,1604,27,1685,78,Aug30_1/01-20190823140900-snapshot.jpg
3,1,20190823,140930,83,2,631,728,684,793,Aug30_1/01-20190823140930-snapshot.jpg
3,1,20190823,141000,87,2,775,735,862,803,Aug30_1/01-20190823141000-snapshot.jpg
3,1,20190823,141200,83,2,865,824,926,888,Aug30_1/01-20190823141200-snapshot.jpg
3,1,20190823,141200,84,2,647,885,735,939,Aug30_1/01-20190823141200-snapshot.jpg
3,1,20190823,141330,81,2,412,557,466,617,Aug30_1/01-20190823141330-snapshot.jpg
3,1,20190823,141430,88,2,732,653,789,740,Aug30_1/01-20190823141430-snapshot.jpg
3,1,20190823,141600,87,2,1318,590,1402,657,Aug30_1/01-20190823141600-snapshot.jpg
3,1,20190823,141700,87,2,781,764,862,840,Aug30_1/01-20190823141700-snapshot.jpg
3,1,20190823,141900,78,2,1204,28,1290,91,Aug30_1/01-20190823141900-snapshot.jpg
3,1,20190823,142000,84,2,1610,127,1672,199,Aug30_1/01-20190823142000-snapshot.jpg
3,1,20190823,142000,85,2,107,371,192,437,Aug30_1/01-20190823142000-snapshot.jpg
3,1,20190823,142000,87,2,663,151,732,222,Aug30_1/01-20190823142000-snapshot.jpg
3,1,20190823,142030,81,2,122,4,190,84,Aug30_1/01-20190823142030-snapshot.jpg
3,1,20190823,142030,85,2,195,245,259,333,Aug30_1/01-20190823142030-snapshot.jpg
3,1,20190823,142130,84,2,668,860,743,924,Aug30_1/01-20190823142130-snapshot.jpg
3,1,20190823,142300,86,2,864,695,924,772,Aug30_1/01-20190823142300-snapshot.jpg
3,1,20190823,142330,86,2,704,599,763,678,Aug30_1/01-20190823142330-snapshot.jpg
3,1,20190823,142530,79,2,186,35,268,95,Aug30_1/01-20190823142530-snapshot.jpg
3,1,20190823,142630,87,2,827,687,894,761,Aug30_1/01-20190823142630-snapshot.jpg
3,1,20190823,142830,83,2,326,1027,403,1077,Aug30_1/01-20190823142830-snapshot.jpg
3,1,20190823,142830,86,2,195,290,261,359,Aug30_1/01-20190823142830-snapshot.jpg
3,1,20190823,142900,85,2,166,36,246,106,Aug30_1/01-20190823142900-snapshot.jpg
3,1,20190823,143300,87,2,1477,305,1533,373,Aug30_1/01-20190823143300-snapshot.jpg
3,1,20190823,143330,83,2,78,198,137,269,Aug30_1/01-20190823143330-snapshot.jpg
3,1,20190823,143330,88,4,1615,9,1703,88,Aug30_1/01-20190823143330-snapshot.jpg
3,1,20190823,143730,86,2,1632,145,1697,225,Aug30_1/01-20190823143730-snapshot.jpg
3,1,20190823,143800,71,2,222,866,295,922,Aug30_1/01-20190823143800-snapshot.jpg
3,1,20190823,143830,85,2,575,857,658,921,Aug30_1/01-20190823143830-snapshot.jpg
3,1,20190823,143900,59,2,281,491,355,570,Aug30_1/01-20190823143900-snapshot.jpg
3,1,20190823,143900,82,2,718,812,783,881,Aug30_1/01-20190823143900-snapshot.jpg
3,1,20190823,143930,80,2,338,496,422,562,Aug30_1/01-20190823143930-snapshot.jpg
3,1,20190823,144000,88,2,239,288,329,351,Aug30_1/01-20190823144000-snapshot.jpg
3,1,20190823,144100,85,2,616,748,676,829,Aug30_1/01-20190823144100-snapshot.jpg
3,1,20190823,144100,86,4,123,10,208,80,Aug30_1/01-20190823144100-snapshot.jpg
3,1,20190823,144200,76,2,1741,818,1813,890,Aug30_1/01-20190823144200-snapshot.jpg
3,1,20190823,144200,81,2,429,572,482,644,Aug30_1/01-20190823144200-snapshot.jpg
3,1,20190823,144200,83,2,1172,84,1239,149,Aug30_1/01-20190823144200-snapshot.jpg
3,1,20190823,144230,82,2,198,124,276,189,Aug30_1/01-20190823144230-snapshot.jpg
3,1,20190823,144230,83,2,760,486,814,552,Aug30_1/01-20190823144230-snapshot.jpg
3,1,20190823,144300,84,2,186,8,251,92,Aug30_1/01-20190823144300-snapshot.jpg
3,1,20190823,144330,86,2,1861,139,1918,218,Aug30_1/01-20190823144330-snapshot.jpg
3,1,20190823,144430,87,2,821,933,904,998,Aug30_1/01-20190823144430-snapshot.jpg
3,1,20190823,144530,33,2,0,568,79,628,Aug30_1/01-20190823144530-snapshot.jpg
3,1,20190823,144530,69,2,961,607,1024,663,Aug30_1/01-20190823144530-snapshot.jpg
3,1,20190823,144600,84,2,535,269,595,341,Aug30_1/01-20190823144600-snapshot.jpg
3,1,20190823,144600,85,2,475,546,529,622,Aug30_1/01-20190823144600-snapshot.jpg
3,1,20190823,144800,71,2,847,452,916,505,Aug30_1/01-20190823144800-snapshot.jpg
3,1,20190823,144830,75,2,1499,893,1578,946,Aug30_1/01-20190823144830-snapshot.jpg
3,1,20190823,144830,86,2,224,232,312,304,Aug30_1/01-20190823144830-snapshot.jpg
3,1,20190823,145030,84,2,100,388,186,446,Aug30_1/01-20190823145030-snapshot.jpg
3,1,20190823,145130,86,2,619,788,705,850,Aug30_1/01-20190823145130-snapshot.jpg
3,1,20190823,145200,89,2,860,681,922,771,Aug30_1/01-20190823145200-snapshot.jpg
3,1,20190823,145300,81,2,912,830,1000,877,Aug30_1/01-20190823145300-snapshot.jpg
3,1,20190823,145330,83,2,821,843,882,916,Aug30_1/01-20190823145330-snapshot.jpg
3,1,20190823,145330,86,2,750,453,825,505,Aug30_1/01-20190823145330-snapshot.jpg
3,1,20190823,145400,77,2,427,406,485,480,Aug30_1/01-20190823145400-snapshot.jpg
3,1,20190823,145500,87,2,1600,302,1693,356,Aug30_1/01-20190823145500-snapshot.jpg
3,1,20190823,145700,87,2,572,714,651,790,Aug30_1/01-20190823145700-snapshot.jpg
3,1,20190823,145900,51,2,559,870,631,932,Aug30_1/01-20190823145900-snapshot.jpg
3,1,20190823,145930,85,2,1495,13,1556,94,Aug30_1/01-20190823145930-snapshot.jpg
3,1,20190823,150130,78,2,147,117,218,188,Aug30_1/01-20190823150130-snapshot.jpg
3,1,20190823,150200,86,2,1411,701,1474,775,Aug30_1/01-20190823150200-snapshot.jpg
3,1,20190823,150500,86,2,786,442,835,516,Aug30_1/01-20190823150500-snapshot.jpg
3,1,20190823,150730,88,4,816,825,896,895,Aug30_1/01-20190823150730-snapshot.jpg
3,1,20190823,150730,88,4,396,517,478,591,Aug30_1/01-20190823150730-snapshot.jpg
3,1,20190823,150930,74,2,1861,169,1920,238,Aug30_1/01-20190823150930-snapshot.jpg
3,1,20190823,150930,85,2,1678,723,1749,796,Aug30_1/01-20190823150930-snapshot.jpg
3,1,20190823,151030,29,2,575,732,628,790,Aug30_1/01-20190823151030-snapshot.jpg
3,1,20190823,151100,86,2,1196,84,1276,151,Aug30_1/01-20190823151100-snapshot.jpg
3,1,20190823,151130,85,2,484,359,542,429,Aug30_1/01-20190823151130-snapshot.jpg
3,1,20190823,151130,88,2,494,498,554,574,Aug30_1/01-20190823151130-snapshot.jpg
3,1,20190823,151200,89,2,887,787,974,840,Aug30_1/01-20190823151200-snapshot.jpg
3,1,20190823,151230,87,2,1513,319,1568,397,Aug30_1/01-20190823151230-snapshot.jpg
3,1,20190823,151330,79,2,137,122,217,191,Aug30_1/01-20190823151330-snapshot.jpg
3,1,20190823,151430,74,2,824,734,909,780,Aug30_1/01-20190823151430-snapshot.jpg
3,1,20190823,151430,89,3,1519,60,1619,128,Aug30_1/01-20190823151430-snapshot.jpg
3,1,20190823,151500,80,2,507,441,562,502,Aug30_1/01-20190823151500-snapshot.jpg
3,1,20190823,151900,73,8,785,23,849,98,Aug30_1/01-20190823151900-snapshot.jpg
3,1,20190823,152130,84,2,1711,834,1790,881,Aug30_1/01-20190823152130-snapshot.jpg
3,1,20190823,152200,75,2,251,109,314,187,Aug30_1/01-20190823152200-snapshot.jpg
3,1,20190823,152200,82,2,513,256,595,310,Aug30_1/01-20190823152200-snapshot.jpg
3,1,20190823,152200,85,2,660,852,749,900,Aug30_1/01-20190823152200-snapshot.jpg
3,1,20190823,152230,84,2,929,795,1009,845,Aug30_1/01-20190823152230-snapshot.jpg
3,1,20190823,152230,85,2,462,479,520,555,Aug30_1/01-20190823152230-snapshot.jpg
3,1,20190823,152300,78,2,347,446,425,506,Aug30_1/01-20190823152300-snapshot.jpg
3,1,20190823,152430,79,2,189,399,285,493,Aug30_1/01-20190823152430-snapshot.jpg
3,1,20190823,152500,59,2,147,3,212,54,Aug30_1/01-20190823152500-snapshot.jpg
3,1,20190823,152500,88,4,1157,56,1225,150,Aug30_1/01-20190823152500-snapshot.jpg
3,1,20190823,152530,38,4,1890,150,1920,218,Aug30_1/01-20190823152530-snapshot.jpg
3,1,20190823,152530,86,2,492,677,581,735,Aug30_1/01-20190823152530-snapshot.jpg
3,1,20190823,152600,85,2,724,741,812,792,Aug30_1/01-20190823152600-snapshot.jpg
3,1,20190823,152630,85,2,1681,833,1744,909,Aug30_1/01-20190823152630-snapshot.jpg
3,1,20190823,152900,83,2,1561,128,1651,187,Aug30_1/01-20190823152900-snapshot.jpg
3,1,20190823,153000,86,2,799,782,860,858,Aug30_1/01-20190823153000-snapshot.jpg
3,1,20190823,153030,88,2,889,534,945,614,Aug30_1/01-20190823153030-snapshot.jpg
3,1,20190823,153100,85,2,1837,205,1918,273,Aug30_1/01-20190823153100-snapshot.jpg
3,1,20190823,153130,89,2,855,541,959,601,Aug30_1/01-20190823153130-snapshot.jpg
3,1,20190823,153200,86,2,718,423,794,484,Aug30_1/01-20190823153200-snapshot.jpg
3,1,20190823,153230,84,2,842,470,892,539,Aug30_1/01-20190823153230-snapshot.jpg
3,1,20190823,153300,80,2,516,334,595,387,Aug30_1/01-20190823153300-snapshot.jpg
3,1,20190823,153330,71,2,407,1021,484,1072,Aug30_1/01-20190823153330-snapshot.jpg
3,1,20190823,154030,79,2,208,64,269,148,Aug30_1/01-20190823154030-snapshot.jpg
3,1,20190823,154130,82,2,862,838,951,902,Aug30_1/01-20190823154130-snapshot.jpg
3,1,20190823,154200,88,2,649,678,707,761,Aug30_1/01-20190823154200-snapshot.jpg
3,1,20190823,154230,84,2,533,744,590,822,Aug30_1/01-20190823154230-snapshot.jpg
3,1,20190823,154300,86,2,650,123,713,199,Aug30_1/01-20190823154300-snapshot.jpg
3,1,20190823,154300,87,2,661,901,740,976,Aug30_1/01-20190823154300-snapshot.jpg
3,1,20190823,154300,88,2,853,647,941,714,Aug30_1/01-20190823154300-snapshot.jpg
3,1,20190823,154330,36,2,147,5,206,58,Aug30_1/01-20190823154330-snapshot.jpg
3,1,20190823,154430,86,2,5,259,89,327,Aug30_1/01-20190823154430-snapshot.jpg
3,1,20190823,154600,85,2,1654,316,1714,384,Aug30_1/01-20190823154600-snapshot.jpg
3,1,20190823,154630,81,8,228,494,332,556,Aug30_1/01-20190823154630-snapshot.jpg
3,1,20190823,154830,46,2,150,2,214,60,Aug30_1/01-20190823154830-snapshot.jpg
3,1,20190823,154830,86,2,537,323,594,396,Aug30_1/01-20190823154830-snapshot.jpg
3,1,20190823,154900,84,2,161,407,249,471,Aug30_1/01-20190823154900-snapshot.jpg
3,1,20190823,155000,88,2,739,737,824,815,Aug30_1/01-20190823155000-snapshot.jpg
3,1,20190823,155030,87,3,450,442,530,533,Aug30_1/01-20190823155030-snapshot.jpg
3,1,20190823,155030,88,2,1680,784,1764,860,Aug30_1/01-20190823155030-snapshot.jpg
3,1,20190823,155100,85,3,1550,142,1657,217,Aug30_1/01-20190823155100-snapshot.jpg
3,1,20190823,155130,84,2,656,881,735,946,Aug30_1/01-20190823155130-snapshot.jpg
3,1,20190823,155330,62,2,231,866,293,924,Aug30_1/01-20190823155330-snapshot.jpg
3,1,20190823,155330,72,2,1575,883,1638,944,Aug30_1/01-20190823155330-snapshot.jpg
3,1,20190823,155400,72,2,1503,890,1565,941,Aug30_1/01-20190823155400-snapshot.jpg
3,1,20190823,155400,86,2,551,592,607,671,Aug30_1/01-20190823155400-snapshot.jpg
3,1,20190823,155430,76,2,519,290,586,363,Aug30_1/01-20190823155430-snapshot.jpg
3,1,20190823,155430,89,2,1465,529,1548,579,Aug30_1/01-20190823155430-snapshot.jpg
3,1,20190823,155500,86,2,860,773,940,846,Aug30_1/01-20190823155500-snapshot.jpg
3,1,20190823,155530,43,2,576,746,643,799,Aug30_1/01-20190823155530-snapshot.jpg
3,1,20190823,155600,83,2,628,127,680,187,Aug30_1/01-20190823155600-snapshot.jpg
3,1,20190823,155800,86,2,453,434,514,506,Aug30_1/01-20190823155800-snapshot.jpg
3,1,20190823,155800,89,2,1201,55,1261,143,Aug30_1/01-20190823155800-snapshot.jpg
3,1,20190823,155830,81,2,66,169,155,239,Aug30_1/01-20190823155830-snapshot.jpg
3,1,20190823,155900,78,2,488,517,540,578,Aug30_1/01-20190823155900-snapshot.jpg
3,1,20190823,155900,87,4,202,323,304,400,Aug30_1/01-20190823155900-snapshot.jpg
3,1,20190823,155900,90,2,806,651,865,734,Aug30_1/01-20190823155900-snapshot.jpg
3,1,20190823,155930,83,2,208,987,262,1053,Aug30_1/01-20190823155930-snapshot.jpg
3,1,20190823,155930,87,4,799,852,879,915,Aug30_1/01-20190823155930-snapshot.jpg
3,1,20190823,160000,61,2,74,388,152,446,Aug30_1/01-20190823160000-snapshot.jpg
3,1,20190823,160130,87,2,1478,366,1557,425,Aug30_1/01-20190823160130-snapshot.jpg
3,1,20190823,160200,86,2,798,770,858,845,Aug30_1/01-20190823160200-snapshot.jpg
3,1,20190823,160200,88,2,550,555,632,615,Aug30_1/01-20190823160200-snapshot.jpg
3,1,20190823,160330,81,2,719,345,792,403,Aug30_1/01-20190823160330-snapshot.jpg
3,1,20190823,160400,87,2,1860,142,1920,203,Aug30_1/01-20190823160400-snapshot.jpg
3,1,20190823,160600,69,2,184,415,279,491,Aug30_1/01-20190823160600-snapshot.jpg
3,1,20190823,160600,89,4,90,271,178,345,Aug30_1/01-20190823160600-snapshot.jpg
3,1,20190823,160630,87,2,1065,336,1156,388,Aug30_1/01-20190823160630-snapshot.jpg
3,1,20190823,160830,89,2,614,728,691,798,Aug30_1/01-20190823160830-snapshot.jpg
3,1,20190823,160930,87,2,1370,522,1428,603,Aug30_1/01-20190823160930-snapshot.jpg
3,1,20190823,161030,76,1,132,445,169,477,Aug30_1/01-20190823161030-snapshot.jpg
3,1,20190823,161030,86,2,117,331,212,392,Aug30_1/01-20190823161030-snapshot.jpg
3,1,20190823,161030,90,2,644,502,732,564,Aug30_1/01-20190823161030-snapshot.jpg
3,1,20190823,161100,83,2,1191,66,1254,144,Aug30_1/01-20190823161100-snapshot.jpg
3,1,20190823,161100,86,2,572,774,662,838,Aug30_1/01-20190823161100-snapshot.jpg
3,1,20190823,161200,73,1,186,253,231,297,Aug30_1/01-20190823161200-snapshot.jpg
3,1,20190823,161300,81,1,413,155,456,196,Aug30_1/01-20190823161300-snapshot.jpg
3,1,20190823,161330,33,1,213,946,248,977,Aug30_1/01-20190823161330-snapshot.jpg
3,1,20190823,161430,86,2,652,874,731,939,Aug30_1/01-20190823161430-snapshot.jpg
3,1,20190823,161530,85,2,146,331,230,394,Aug30_1/01-20190823161530-snapshot.jpg
3,1,20190823,161530,88,2,646,648,722,721,Aug30_1/01-20190823161530-snapshot.jpg
3,1,20190823,161600,86,2,1152,64,1215,135,Aug30_1/01-20190823161600-snapshot.jpg
3,1,20190823,161700,80,2,806,841,867,903,Aug30_1/01-20190823161700-snapshot.jpg
3,1,20190823,161900,86,3,618,821,707,886,Aug30_1/01-20190823161900-snapshot.jpg
3,1,20190823,161900,88,3,798,756,888,841,Aug30_1/01-20190823161900-snapshot.jpg
3,1,20190823,162030,84,9,628,100,694,186,Aug30_1/01-20190823162030-snapshot.jpg
3,1,20190823,162100,84,9,501,442,581,521,Aug30_1/01-20190823162100-snapshot.jpg
3,1,20190823,162130,76,2,415,565,469,629,Aug30_1/01-20190823162130-snapshot.jpg
3,1,20190823,162200,61,5,517,234,571,297,Aug30_1/01-20190823162200-snapshot.jpg
3,1,20190823,162200,84,9,678,801,756,882,Aug30_1/01-20190823162200-snapshot.jpg
3,1,20190823,162230,85,2,613,818,690,878,Aug30_1/01-20190823162230-snapshot.jpg
3,1,20190823,162300,44,2,137,1,201,68,Aug30_1/01-20190823162300-snapshot.jpg
3,1,20190823,162500,78,2,206,53,265,132,Aug30_1/01-20190823162500-snapshot.jpg
3,1,20190823,162800,81,2,521,294,595,349,Aug30_1/01-20190823162800-snapshot.jpg
3,1,20190823,162830,78,2,622,743,678,816,Aug30_1/01-20190823162830-snapshot.jpg
3,1,20190823,162830,84,2,672,117,758,181,Aug30_1/01-20190823162830-snapshot.jpg
3,1,20190823,162900,88,2,759,770,840,844,Aug30_1/01-20190823162900-snapshot.jpg
3,1,20190823,162900,89,2,589,151,672,214,Aug30_1/01-20190823162900-snapshot.jpg
3,1,20190823,162930,81,2,601,780,660,844,Aug30_1/01-20190823162930-snapshot.jpg
3,1,20190823,162930,87,2,712,612,771,701,Aug30_1/01-20190823162930-snapshot.jpg
3,1,20190823,163000,78,2,318,520,388,587,Aug30_1/01-20190823163000-snapshot.jpg
3,1,20190823,163000,79,2,617,433,685,490,Aug30_1/01-20190823163000-snapshot.jpg
3,1,20190823,163030,80,2,186,406,268,481,Aug30_1/01-20190823163030-snapshot.jpg
3,1,20190823,163030,86,2,527,428,589,504,Aug30_1/01-20190823163030-snapshot.jpg
3,1,20190823,163100,82,2,767,758,829,827,Aug30_1/01-20190823163100-snapshot.jpg
3,1,20190823,163530,88,2,765,680,849,747,Aug30_1/01-20190823163530-snapshot.jpg
3,1,20190823,163600,86,2,421,408,473,487,Aug30_1/01-20190823163600-snapshot.jpg
3,1,20190823,163730,65,2,112,404,204,462,Aug30_1/01-20190823163730-snapshot.jpg
3,1,20190823,163800,67,2,416,545,468,602,Aug30_1/01-20190823163800-snapshot.jpg
3,1,20190823,163830,66,2,604,755,662,807,Aug30_1/01-20190823163830-snapshot.jpg
3,1,20190823,163830,85,2,762,832,848,895,Aug30_1/01-20190823163830-snapshot.jpg
3,1,20190823,163900,86,2,738,751,820,824,Aug30_1/01-20190823163900-snapshot.jpg
3,1,20190823,163900,86,2,557,666,615,741,Aug30_1/01-20190823163900-snapshot.jpg
3,1,20190823,164100,86,2,1487,361,1541,434,Aug30_1/01-20190823164100-snapshot.jpg
3,1,20190823,164200,89,2,466,469,524,556,Aug30_1/01-20190823164200-snapshot.jpg
3,1,20190823,164230,85,4,41,309,145,388,Aug30_1/01-20190823164230-snapshot.jpg
3,1,20190823,164400,79,1,0,759,27,795,Aug30_1/01-20190823164400-snapshot.jpg
3,1,20190823,164600,78,2,643,888,727,946,Aug30_1/01-20190823164600-snapshot.jpg
3,1,20190823,164630,84,2,602,750,678,815,Aug30_1/01-20190823164630-snapshot.jpg
3,1,20190823,164630,86,2,777,389,840,468,Aug30_1/01-20190823164630-snapshot.jpg
3,1,20190823,164700,73,2,1327,589,1409,637,Aug30_1/01-20190823164700-snapshot.jpg
3,1,20190823,164700,84,2,865,416,922,501,Aug30_1/01-20190823164700-snapshot.jpg
3,1,20190823,164900,81,2,1646,295,1718,366,Aug30_1/01-20190823164900-snapshot.jpg
3,1,20190823,165000,85,2,718,428,789,478,Aug30_1/01-20190823165000-snapshot.jpg
3,1,20190823,165100,85,2,531,495,595,568,Aug30_1/01-20190823165100-snapshot.jpg
3,1,20190823,165230,56,2,147,23,226,83,Aug30_1/01-20190823165230-snapshot.jpg
3,1,20190823,165230,77,2,149,483,245,569,Aug30_1/01-20190823165230-snapshot.jpg
3,1,20190823,165330,84,2,500,954,559,1027,Aug30_1/01-20190823165330-snapshot.jpg
3,1,20190823,165600,87,2,473,462,537,541,Aug30_1/01-20190823165600-snapshot.jpg
3,1,20190823,165630,76,2,576,876,654,933,Aug30_1/01-20190823165630-snapshot.jpg
3,1,20190823,165630,87,2,1347,583,1425,644,Aug30_1/01-20190823165630-snapshot.jpg
3,1,20190823,165700,83,2,97,106,156,187,Aug30_1/01-20190823165700-snapshot.jpg
3,1,20190823,170100,71,2,1807,221,1870,292,Aug30_1/01-20190823170100-snapshot.jpg
3,1,20190823,170100,81,2,206,402,291,472,Aug30_1/01-20190823170100-snapshot.jpg
3,1,20190823,170130,88,2,1371,589,1447,649,Aug30_1/01-20190823170130-snapshot.jpg
3,1,20190823,170430,78,2,284,460,367,527,Aug30_1/01-20190823170430-snapshot.jpg
3,1,20190823,170430,87,2,807,736,889,790,Aug30_1/01-20190823170430-snapshot.jpg
3,1,20190823,170500,80,2,55,392,146,460,Aug30_1/01-20190823170500-snapshot.jpg
3,1,20190823,170530,83,2,613,792,697,843,Aug30_1/01-20190823170530-snapshot.jpg
3,1,20190823,170530,86,2,1342,599,1421,662,Aug30_1/01-20190823170530-snapshot.jpg
3,1,20190823,170600,73,2,1152,106,1236,162,Aug30_1/01-20190823170600-snapshot.jpg
3,1,20190823,170630,87,2,768,739,856,789,Aug30_1/01-20190823170630-snapshot.jpg
3,1,20190823,170730,43,2,753,496,805,561,Aug30_1/01-20190823170730-snapshot.jpg
3,1,20190823,170800,77,2,599,749,657,818,Aug30_1/01-20190823170800-snapshot.jpg
3,1,20190823,170800,83,2,815,855,907,931,Aug30_1/01-20190823170800-snapshot.jpg
3,1,20190823,170930,82,2,570,861,655,924,Aug30_1/01-20190823170930-snapshot.jpg
3,1,20190823,171000,78,2,184,32,250,115,Aug30_1/01-20190823171000-snapshot.jpg
3,1,20190823,171100,66,2,490,441,576,500,Aug30_1/01-20190823171100-snapshot.jpg
3,1,20190823,171130,82,2,631,783,690,859,Aug30_1/01-20190823171130-snapshot.jpg
3,1,20190823,171200,85,2,749,440,800,516,Aug30_1/01-20190823171200-snapshot.jpg
3,1,20190823,171230,81,2,380,963,453,1031,Aug30_1/01-20190823171230-snapshot.jpg
3,1,20190823,171300,86,2,780,817,875,895,Aug30_1/01-20190823171300-snapshot.jpg
3,1,20190823,171600,88,4,1132,39,1233,122,Aug30_1/01-20190823171600-snapshot.jpg
3,1,20190823,171630,83,2,1838,158,1917,208,Aug30_1/01-20190823171630-snapshot.jpg
3,1,20190823,171900,81,2,608,930,684,1010,Aug30_1/01-20190823171900-snapshot.jpg
3,1,20190823,172300,72,2,630,866,718,918,Aug30_1/01-20190823172300-snapshot.jpg
3,1,20190823,172530,86,2,753,749,845,798,Aug30_1/01-20190823172530-snapshot.jpg
3,1,20190823,172600,85,2,1363,592,1440,653,Aug30_1/01-20190823172600-snapshot.jpg
3,1,20190823,172600,88,2,651,678,731,753,Aug30_1/01-20190823172600-snapshot.jpg
3,1,20190823,172800,79,2,88,173,163,234,Aug30_1/01-20190823172800-snapshot.jpg
3,1,20190823,172900,78,2,1699,313,1757,378,Aug30_1/01-20190823172900-snapshot.jpg
3,1,20190823,172930,81,2,506,332,580,382,Aug30_1/01-20190823172930-snapshot.jpg
3,1,20190823,173000,83,2,586,744,645,808,Aug30_1/01-20190823173000-snapshot.jpg
3,1,20190823,173100,41,2,0,420,36,475,Aug30_1/01-20190823173100-snapshot.jpg
3,1,20190823,173130,84,2,393,508,450,581,Aug30_1/01-20190823173130-snapshot.jpg
3,1,20190823,173200,86,2,724,709,822,761,Aug30_1/01-20190823173200-snapshot.jpg
3,1,20190823,173330,80,2,641,883,724,947,Aug30_1/01-20190823173330-snapshot.jpg
3,1,20190823,173430,86,2,1686,801,1768,875,Aug30_1/01-20190823173430-snapshot.jpg
3,1,20190823,173700,87,3,779,599,866,688,Aug30_1/01-20190823173700-snapshot.jpg
3,1,20190823,173730,87,3,31,274,137,341,Aug30_1/01-20190823173730-snapshot.jpg
3,1,20190823,173900,85,2,1779,197,1866,282,Aug30_1/01-20190823173900-snapshot.jpg
3,1,20190823,173930,88,2,755,447,838,497,Aug30_1/01-20190823173930-snapshot.jpg
3,1,20190823,174100,82,2,685,810,763,872,Aug30_1/01-20190823174100-snapshot.jpg
3,1,20190823,174300,84,2,1576,127,1648,195,Aug30_1/01-20190823174300-snapshot.jpg
3,1,20190823,174330,83,2,697,802,757,872,Aug30_1/01-20190823174330-snapshot.jpg
3,1,20190823,174430,77,2,41,174,128,259,Aug30_1/01-20190823174430-snapshot.jpg
3,1,20190823,174500,76,2,94,165,150,228,Aug30_1/01-20190823174500-snapshot.jpg
3,1,20190823,174800,90,2,120,268,209,342,Aug30_1/01-20190823174800-snapshot.jpg
3,1,20190823,174900,66,2,1772,155,1845,208,Aug30_1/01-20190823174900-snapshot.jpg
3,1,20190823,174900,74,2,378,992,441,1068,Aug30_1/01-20190823174900-snapshot.jpg
3,1,20190823,174930,81,2,510,277,565,350,Aug30_1/01-20190823174930-snapshot.jpg
3,1,20190823,175000,88,2,793,689,877,749,Aug30_1/01-20190823175000-snapshot.jpg
3,1,20190823,175130,82,2,753,768,833,833,Aug30_1/01-20190823175130-snapshot.jpg
3,1,20190823,175200,71,2,118,409,207,468,Aug30_1/01-20190823175200-snapshot.jpg
3,1,20190823,175600,88,4,503,507,588,586,Aug30_1/01-20190823175600-snapshot.jpg
3,1,20190823,175630,85,2,811,347,858,424,Aug30_1/01-20190823175630-snapshot.jpg
3,1,20190823,175700,72,2,598,791,673,850,Aug30_1/01-20190823175700-snapshot.jpg
3,1,20190823,175730,64,2,1876,127,1920,185,Aug30_1/01-20190823175730-snapshot.jpg
3,1,20190823,175730,87,2,864,582,918,664,Aug30_1/01-20190823175730-snapshot.jpg
3,1,20190823,175730,88,2,1337,554,1421,623,Aug30_1/01-20190823175730-snapshot.jpg
3,1,20190823,175900,87,2,628,335,706,397,Aug30_1/01-20190823175900-snapshot.jpg
3,1,20190823,180000,85,2,650,461,733,524,Aug30_1/01-20190823180000-snapshot.jpg
3,1,20190823,180730,29,2,171,81,253,157,Aug30_1/01-20190823180730-snapshot.jpg
3,1,20190823,180730,84,2,1591,118,1676,181,Aug30_1/01-20190823180730-snapshot.jpg
3,1,20190823,180730,86,2,461,352,519,427,Aug30_1/01-20190823180730-snapshot.jpg
3,1,20190823,180800,85,2,611,773,694,836,Aug30_1/01-20190823180800-snapshot.jpg
3,1,20190823,181030,87,2,1662,806,1756,859,Aug30_1/01-20190823181030-snapshot.jpg
3,1,20190823,181100,77,2,457,350,530,412,Aug30_1/01-20190823181100-snapshot.jpg
3,1,20190823,181230,87,2,541,315,596,385,Aug30_1/01-20190823181230-snapshot.jpg
3,1,20190823,181300,88,2,798,596,860,685,Aug30_1/01-20190823181300-snapshot.jpg
3,1,20190823,181330,78,2,404,555,476,609,Aug30_1/01-20190823181330-snapshot.jpg
3,1,20190823,181400,86,2,676,465,731,542,Aug30_1/01-20190823181400-snapshot.jpg
3,1,20190823,181430,86,2,826,652,880,738,Aug30_1/01-20190823181430-snapshot.jpg
3,1,20190823,181530,66,2,596,761,668,804,Aug30_1/01-20190823181530-snapshot.jpg
3,1,20190823,181530,87,2,695,424,783,488,Aug30_1/01-20190823181530-snapshot.jpg
3,1,20190823,181600,85,2,1164,78,1223,155,Aug30_1/01-20190823181600-snapshot.jpg
3,1,20190823,181700,81,2,638,91,711,170,Aug30_1/01-20190823181700-snapshot.jpg
3,1,20190823,181700,83,2,828,718,903,787,Aug30_1/01-20190823181700-snapshot.jpg
3,1,20190823,181730,75,2,59,179,146,245,Aug30_1/01-20190823181730-snapshot.jpg
3,1,20190823,182100,80,2,789,841,872,906,Aug30_1/01-20190823182100-snapshot.jpg
3,1,20190823,182230,82,2,518,691,575,767,Aug30_1/01-20190823182230-snapshot.jpg
3,1,20190823,182300,78,2,392,1032,467,1080,Aug30_1/01-20190823182300-snapshot.jpg
3,1,20190823,182330,85,2,1283,61,1356,137,Aug30_1/01-20190823182330-snapshot.jpg
3,1,20190823,182330,86,2,1160,52,1223,127,Aug30_1/01-20190823182330-snapshot.jpg
3,1,20190823,182330,87,2,616,881,709,950,Aug30_1/01-20190823182330-snapshot.jpg
3,1,20190823,182400,75,2,168,20,242,93,Aug30_1/01-20190823182400-snapshot.jpg
3,1,20190823,182400,80,2,663,765,746,828,Aug30_1/01-20190823182400-snapshot.jpg
3,1,20190823,182400,84,2,735,430,820,485,Aug30_1/01-20190823182400-snapshot.jpg
3,1,20190823,182400,85,2,685,483,740,556,Aug30_1/01-20190823182400-snapshot.jpg
3,1,20190823,182430,79,2,619,736,684,813,Aug30_1/01-20190823182430-snapshot.jpg
3,1,20190823,182500,86,2,1234,85,1325,139,Aug30_1/01-20190823182500-snapshot.jpg
3,1,20190823,182700,85,2,93,345,163,421,Aug30_1/01-20190823182700-snapshot.jpg
3,1,20190823,182730,83,2,578,854,637,929,Aug30_1/01-20190823182730-snapshot.jpg
3,1,20190823,182830,56,2,119,5,196,83,Aug30_1/01-20190823182830-snapshot.jpg
3,1,20190823,182900,84,2,187,230,268,305,Aug30_1/01-20190823182900-snapshot.jpg
3,1,20190823,182930,84,2,835,707,899,789,Aug30_1/01-20190823182930-snapshot.jpg
3,1,20190823,182930,87,2,1332,584,1415,640,Aug30_1/01-20190823182930-snapshot.jpg
3,1,20190823,183000,84,2,822,845,902,900,Aug30_1/01-20190823183000-snapshot.jpg
3,1,20190823,183030,86,2,738,745,817,802,Aug30_1/01-20190823183030-snapshot.jpg
3,1,20190823,183030,88,2,577,741,632,834,Aug30_1/01-20190823183030-snapshot.jpg
3,1,20190823,183230,86,2,767,773,841,852,Aug30_1/01-20190823183230-snapshot.jpg
3,1,20190823,183300,88,2,675,619,736,706,Aug30_1/01-20190823183300-snapshot.jpg
3,1,20190823,183330,80,2,299,446,374,523,Aug30_1/01-20190823183330-snapshot.jpg
3,1,20190823,183330,87,2,541,220,627,277,Aug30_1/01-20190823183330-snapshot.jpg
3,1,20190823,183400,74,2,47,214,114,290,Aug30_1/01-20190823183400-snapshot.jpg
3,1,20190823,183400,84,2,544,727,624,796,Aug30_1/01-20190823183400-snapshot.jpg
3,1,20190823,183430,85,2,280,194,339,274,Aug30_1/01-20190823183430-snapshot.jpg
3,1,20190823,183600,79,2,413,558,492,623,Aug30_1/01-20190823183600-snapshot.jpg
3,1,20190823,184000,49,8,1042,757,1092,808,Aug30_1/01-20190823184000-snapshot.jpg
3,1,20190823,184000,83,2,1607,118,1670,188,Aug30_1/01-20190823184000-snapshot.jpg
3,1,20190823,184030,65,8,1048,762,1098,811,Aug30_1/01-20190823184030-snapshot.jpg
3,1,20190823,184100,53,8,1053,759,1100,816,Aug30_1/01-20190823184100-snapshot.jpg
3,1,20190823,184230,85,2,64,322,125,407,Aug30_1/01-20190823184230-snapshot.jpg
3,1,20190823,184300,86,2,772,797,834,884,Aug30_1/01-20190823184300-snapshot.jpg
3,1,20190823,184400,76,2,60,176,132,250,Aug30_1/01-20190823184400-snapshot.jpg
3,1,20190823,184400,81,2,1724,818,1790,888,Aug30_1/01-20190823184400-snapshot.jpg
3,1,20190823,184400,85,2,1173,91,1247,152,Aug30_1/01-20190823184400-snapshot.jpg
3,1,20190823,184430,75,2,434,1026,504,1080,Aug30_1/01-20190823184430-snapshot.jpg
3,1,20190823,184700,81,2,645,771,732,832,Aug30_1/01-20190823184700-snapshot.jpg
3,1,20190823,184900,82,2,395,527,472,586,Aug30_1/01-20190823184900-snapshot.jpg
3,1,20190823,185030,85,2,1769,138,1847,200,Aug30_1/01-20190823185030-snapshot.jpg
3,1,20190823,185130,78,2,518,335,573,402,Aug30_1/01-20190823185130-snapshot.jpg
3,1,20190823,185200,81,2,416,380,468,446,Aug30_1/01-20190823185200-snapshot.jpg
3,1,20190823,185230,87,2,642,131,720,190,Aug30_1/01-20190823185230-snapshot.jpg
3,1,20190823,185500,84,4,683,649,763,709,Aug30_1/01-20190823185500-snapshot.jpg
3,1,20190823,185530,82,2,18,293,119,347,Aug30_1/01-20190823185530-snapshot.jpg
3,1,20190823,185730,63,2,76,160,141,214,Aug30_1/01-20190823185730-snapshot.jpg
3,1,20190823,190100,87,2,819,612,878,700,Aug30_1/01-20190823190100-snapshot.jpg
3,1,20190823,190400,80,2,1786,142,1860,206,Aug30_1/01-20190823190400-snapshot.jpg
3,1,20190823,190400,83,2,657,696,713,770,Aug30_1/01-20190823190400-snapshot.jpg
3,1,20190823,190530,86,2,354,256,453,322,Aug30_1/01-20190823190530-snapshot.jpg
3,1,20190823,190630,84,2,625,729,713,781,Aug30_1/01-20190823190630-snapshot.jpg
3,1,20190823,190700,85,2,1585,110,1667,169,Aug30_1/01-20190823190700-snapshot.jpg
3,1,20190823,190930,73,2,1168,90,1240,141,Aug30_1/01-20190823190930-snapshot.jpg
3,1,20190823,191000,82,2,667,474,735,531,Aug30_1/01-20190823191000-snapshot.jpg
3,1,20190823,191030,85,2,386,243,483,318,Aug30_1/01-20190823191030-snapshot.jpg
3,1,20190823,191300,73,2,754,718,838,796,Aug30_1/01-20190823191300-snapshot.jpg
3,1,20190823,191500,69,2,574,725,627,795,Aug30_1/01-20190823191500-snapshot.jpg
3,1,20190823,191530,85,2,647,780,737,835,Aug30_1/01-20190823191530-snapshot.jpg
3,1,20190823,191730,88,2,119,387,206,444,Aug30_1/01-20190823191730-snapshot.jpg
3,1,20190823,191800,60,2,586,772,665,835,Aug30_1/01-20190823191800-snapshot.jpg
3,1,20190823,192100,74,2,126,5,184,59,Aug30_1/01-20190823192100-snapshot.jpg
3,1,20190823,192400,85,2,794,854,854,927,Aug30_1/01-20190823192400-snapshot.jpg
3,1,20190823,192430,87,2,737,713,792,790,Aug30_1/01-20190823192430-snapshot.jpg
3,1,20190823,192530,83,2,937,589,994,655,Aug30_1/01-20190823192530-snapshot.jpg
3,1,20190823,192800,77,2,1868,171,1920,230,Aug30_1/01-20190823192800-snapshot.jpg
3,1,20190823,193230,82,2,43,212,110,280,Aug30_1/01-20190823193230-snapshot.jpg
3,1,20190823,194030,90,2,490,276,583,356,Aug30_1/01-20190823194030-snapshot.jpg
3,1,20190823,194100,76,2,400,530,463,586,Aug30_1/01-20190823194100-snapshot.jpg
3,1,20190823,194100,87,2,520,301,571,374,Aug30_1/01-20190823194100-snapshot.jpg
3,1,20190823,194130,87,2,27,307,120,368,Aug30_1/01-20190823194130-snapshot.jpg
3,1,20190823,194330,80,2,585,755,658,815,Aug30_1/01-20190823194330-snapshot.jpg
3,1,20190823,194400,81,2,809,710,872,781,Aug30_1/01-20190823194400-snapshot.jpg
3,1,20190823,194430,89,2,470,528,521,615,Aug30_1/01-20190823194430-snapshot.jpg
3,1,20190823,194730,80,2,755,846,840,905,Aug30_1/01-20190823194730-snapshot.jpg
3,1,20190823,194800,79,2,1152,71,1213,149,Aug30_1/01-20190823194800-snapshot.jpg
3,1,20190823,195200,56,2,403,429,453,487,Aug30_1/01-20190823195200-snapshot.jpg
3,1,20190823,195330,79,2,484,336,558,383,Aug30_1/01-20190823195330-snapshot.jpg
3,1,20190823,195800,86,2,543,851,628,926,Aug30_1/01-20190823195800-snapshot.jpg
3,1,20190823,195930,86,2,532,853,616,920,Aug30_1/01-20190823195930-snapshot.jpg
3,1,20190823,200000,87,2,683,165,745,246,Aug30_1/01-20190823200000-snapshot.jpg
3,1,20190823,200030,86,2,1834,148,1898,227,Aug30_1/01-20190823200030-snapshot.jpg
3,1,20190823,200200,87,2,111,263,199,342,Aug30_1/01-20190823200200-snapshot.jpg
3,1,20190823,200500,87,2,645,799,734,857,Aug30_1/01-20190823200500-snapshot.jpg
3,1,20190823,200730,85,2,510,904,587,967,Aug30_1/01-20190823200730-snapshot.jpg
3,1,20190823,201230,72,2,237,882,293,942,Aug30_1/01-20190823201230-snapshot.jpg
3,1,20190823,201230,87,2,800,556,886,631,Aug30_1/01-20190823201230-snapshot.jpg
3,1,20190823,201300,84,2,1734,132,1819,195,Aug30_1/01-20190823201300-snapshot.jpg
3,1,20190823,201730,81,2,130,133,193,204,Aug30_1/01-20190823201730-snapshot.jpg
3,1,20190823,201830,83,8,195,960,257,1024,Aug30_1/01-20190823201830-snapshot.jpg
3,1,20190823,202830,77,2,866,841,951,905,Aug30_1/02-20190823202830-snapshot.jpg
3,1,20190825,064130,81,8,137,106,218,188,Aug30_1/111-20190825064130-snapshot.jpg
3,1,20190825,080930,84,8,859,309,942,367,Aug30_1/139-20190825080930-snapshot.jpg
3,1,20190825,090700,88,2,51,283,126,360,Aug30_1/146-20190825090700-snapshot.jpg
3,1,20190825,090900,85,8,722,932,778,1004,Aug30_1/146-20190825090900-snapshot.jpg
3,1,20190825,091100,71,2,573,335,630,402,Aug30_1/146-20190825091100-snapshot.jpg
3,1,20190825,091130,87,2,213,220,308,278,Aug30_1/146-20190825091130-snapshot.jpg
3,1,20190825,091430,88,2,722,533,784,611,Aug30_1/146-20190825091430-snapshot.jpg
3,1,20190825,091600,37,1,102,407,139,439,Aug30_1/146-20190825091600-snapshot.jpg
3,1,20190825,091630,69,1,102,407,140,440,Aug30_1/146-20190825091630-snapshot.jpg
3,1,20190825,092300,76,1,240,208,277,241,Aug30_1/146-20190825092300-snapshot.jpg
3,1,20190825,092600,29,1,251,270,291,313,Aug30_1/146-20190825092600-snapshot.jpg
3,1,20190825,092730,87,2,596,735,655,815,Aug30_1/146-20190825092730-snapshot.jpg
3,1,20190825,092800,39,1,251,271,292,313,Aug30_1/146-20190825092800-snapshot.jpg
3,1,20190825,092830,56,1,251,271,292,314,Aug30_1/146-20190825092830-snapshot.jpg
3,1,20190825,092900,57,1,251,271,293,314,Aug30_1/146-20190825092900-snapshot.jpg
3,1,20190825,092930,46,1,251,271,293,314,Aug30_1/146-20190825092930-snapshot.jpg
3,1,20190825,093000,48,1,251,271,293,314,Aug30_1/146-20190825093000-snapshot.jpg
3,1,20190825,093030,29,1,251,272,291,315,Aug30_1/146-20190825093030-snapshot.jpg
3,1,20190825,093100,32,1,248,271,291,314,Aug30_1/146-20190825093100-snapshot.jpg
3,1,20190825,093130,51,1,251,271,292,314,Aug30_1/146-20190825093130-snapshot.jpg
3,1,20190825,093200,44,1,251,271,293,314,Aug30_1/146-20190825093200-snapshot.jpg
3,1,20190825,093200,87,2,451,303,539,375,Aug30_1/146-20190825093200-snapshot.jpg
3,1,20190825,093430,86,2,183,186,279,243,Aug30_1/146-20190825093430-snapshot.jpg
3,1,20190825,093530,77,2,1798,257,1872,319,Aug30_1/146-20190825093530-snapshot.jpg
3,1,20190825,093630,60,1,251,272,294,315,Aug30_1/146-20190825093630-snapshot.jpg
3,1,20190825,093700,58,1,251,272,293,315,Aug30_1/146-20190825093700-snapshot.jpg
3,1,20190825,093800,77,1,94,315,137,355,Aug30_1/146-20190825093800-snapshot.jpg
3,1,20190825,093830,72,1,95,315,139,355,Aug30_1/146-20190825093830-snapshot.jpg
3,1,20190825,093900,73,1,95,315,139,355,Aug30_1/146-20190825093900-snapshot.jpg
3,1,20190825,093930,68,1,94,315,136,354,Aug30_1/146-20190825093930-snapshot.jpg
3,1,20190825,094000,68,1,96,316,137,354,Aug30_1/146-20190825094000-snapshot.jpg
3,1,20190825,094030,68,1,94,316,137,354,Aug30_1/146-20190825094030-snapshot.jpg
3,1,20190825,094100,73,1,96,317,138,353,Aug30_1/146-20190825094100-snapshot.jpg
3,1,20190825,094130,50,1,94,316,138,355,Aug30_1/146-20190825094130-snapshot.jpg
3,1,20190825,094130,81,2,804,909,873,979,Aug30_1/146-20190825094130-snapshot.jpg
3,1,20190825,094130,83,2,1430,197,1502,265,Aug30_1/146-20190825094130-snapshot.jpg
3,1,20190825,094200,71,1,95,316,139,355,Aug30_1/146-20190825094200-snapshot.jpg
3,1,20190825,094200,85,2,952,633,1013,704,Aug30_1/146-20190825094200-snapshot.jpg
3,1,20190825,094200,86,2,1705,333,1794,383,Aug30_1/146-20190825094200-snapshot.jpg
3,1,20190825,094300,56,1,98,318,140,356,Aug30_1/146-20190825094300-snapshot.jpg
3,1,20190825,094300,71,2,657,692,707,744,Aug30_1/146-20190825094300-snapshot.jpg
3,1,20190825,094330,66,1,97,318,140,356,Aug30_1/146-20190825094330-snapshot.jpg
3,1,20190825,094330,87,2,580,335,658,391,Aug30_1/146-20190825094330-snapshot.jpg
3,1,20190825,094400,83,2,1850,41,1920,121,Aug30_1/146-20190825094400-snapshot.jpg
3,1,20190825,094400,89,2,29,314,129,370,Aug30_1/146-20190825094400-snapshot.jpg
3,1,20190825,094430,85,2,935,793,993,858,Aug30_1/146-20190825094430-snapshot.jpg
3,1,20190825,094430,86,2,1470,237,1528,306,Aug30_1/146-20190825094430-snapshot.jpg
3,1,20190825,094500,83,2,275,903,362,949,Aug30_1/146-20190825094500-snapshot.jpg
3,1,20190825,094600,55,1,266,589,300,617,Aug30_1/146-20190825094600-snapshot.jpg
3,1,20190825,094630,30,1,266,589,300,617,Aug30_1/146-20190825094630-snapshot.jpg
3,1,20190825,094700,70,2,560,778,644,831,Aug30_1/146-20190825094700-snapshot.jpg
3,1,20190825,094730,47,1,266,588,300,616,Aug30_1/146-20190825094730-snapshot.jpg
3,1,20190825,094800,65,1,266,589,300,617,Aug30_1/146-20190825094800-snapshot.jpg
3,1,20190825,094900,80,2,489,159,554,251,Aug30_1/146-20190825094900-snapshot.jpg
3,1,20190825,094900,86,2,917,807,981,879,Aug30_1/146-20190825094900-snapshot.jpg
3,1,20190825,094930,73,2,186,404,274,492,Aug30_1/146-20190825094930-snapshot.jpg
3,1,20190825,095000,85,2,703,728,775,800,Aug30_1/146-20190825095000-snapshot.jpg
3,1,20190825,095100,84,8,1351,798,1406,866,Aug30_1/146-20190825095100-snapshot.jpg
3,1,20190825,095330,48,2,0,410,27,469,Aug30_1/146-20190825095330-snapshot.jpg
3,1,20190825,095500,84,2,1758,328,1838,375,Aug30_1/146-20190825095500-snapshot.jpg
3,1,20190825,095830,88,2,1731,312,1815,378,Aug30_1/146-20190825095830-snapshot.jpg
3,1,20190825,095900,75,2,0,232,47,313,Aug30_1/146-20190825095900-snapshot.jpg
3,1,20190825,095900,85,2,1703,305,1782,363,Aug30_1/146-20190825095900-snapshot.jpg
3,1,20190825,100030,86,2,760,529,819,620,Aug30_1/146-20190825100030-snapshot.jpg
3,1,20190825,100230,56,1,268,591,305,619,Aug30_1/146-20190825100230-snapshot.jpg
3,1,20190825,100300,84,2,232,275,307,352,Aug30_1/146-20190825100300-snapshot.jpg
3,1,20190825,100330,67,2,890,1031,954,1080,Aug30_1/146-20190825100330-snapshot.jpg
3,1,20190825,100330,79,8,1325,605,1381,680,Aug30_1/146-20190825100330-snapshot.jpg
3,1,20190825,100400,69,2,0,319,41,379,Aug30_1/146-20190825100400-snapshot.jpg
3,1,20190825,100430,87,2,772,700,854,763,Aug30_1/146-20190825100430-snapshot.jpg
3,1,20190825,100500,78,2,952,651,1009,701,Aug30_1/146-20190825100500-snapshot.jpg
3,1,20190825,100530,62,2,1863,239,1920,291,Aug30_1/146-20190825100530-snapshot.jpg
3,1,20190825,100730,73,2,255,912,343,967,Aug30_1/146-20190825100730-snapshot.jpg
3,1,20190825,101000,81,2,567,878,653,946,Aug30_1/146-20190825101000-snapshot.jpg
3,1,20190825,101430,78,2,749,1009,828,1072,Aug30_1/146-20190825101430-snapshot.jpg
3,1,20190825,101530,83,2,634,122,705,197,Aug30_1/146-20190825101530-snapshot.jpg
3,1,20190825,101600,86,3,711,729,791,803,Aug30_1/146-20190825101600-snapshot.jpg
3,1,20190825,101600,87,2,531,325,615,385,Aug30_1/146-20190825101600-snapshot.jpg
3,1,20190825,101600,87,2,0,242,76,310,Aug30_1/146-20190825101600-snapshot.jpg
3,1,20190825,101630,78,2,1778,225,1841,296,Aug30_1/146-20190825101630-snapshot.jpg
3,1,20190825,101630,91,3,52,292,146,366,Aug30_1/146-20190825101630-snapshot.jpg
3,1,20190825,101930,76,2,546,297,627,370,Aug30_1/146-20190825101930-snapshot.jpg
3,1,20190825,102000,58,2,488,110,548,186,Aug30_1/146-20190825102000-snapshot.jpg
3,1,20190825,102030,75,2,1855,232,1920,295,Aug30_1/146-20190825102030-snapshot.jpg
3,1,20190825,102100,73,2,1519,1,1610,59,Aug30_1/146-20190825102100-snapshot.jpg
3,1,20190825,102100,85,2,944,797,1000,866,Aug30_1/146-20190825102100-snapshot.jpg
3,1,20190825,102130,54,2,821,1032,891,1080,Aug30_1/146-20190825102130-snapshot.jpg
3,1,20190825,102130,84,2,357,958,443,1023,Aug30_1/146-20190825102130-snapshot.jpg
3,1,20190825,102500,79,2,1779,241,1839,309,Aug30_1/146-20190825102500-snapshot.jpg
3,1,20190825,102630,69,1,1395,480,1432,515,Aug30_1/146-20190825102630-snapshot.jpg
3,1,20190825,102800,71,2,276,925,350,977,Aug30_1/146-20190825102800-snapshot.jpg
3,1,20190825,102800,79,1,1528,659,1570,698,Aug30_1/146-20190825102800-snapshot.jpg
3,1,20190825,102800,85,2,696,276,754,344,Aug30_1/146-20190825102800-snapshot.jpg
3,1,20190825,102800,86,2,848,730,907,815,Aug30_1/146-20190825102800-snapshot.jpg
3,1,20190825,103030,82,2,806,639,867,702,Aug30_1/146-20190825103030-snapshot.jpg
3,1,20190825,103030,87,2,734,289,822,349,Aug30_1/146-20190825103030-snapshot.jpg
3,1,20190825,103100,81,2,356,436,435,491,Aug30_1/146-20190825103100-snapshot.jpg
3,1,20190825,103100,85,2,880,841,965,886,Aug30_1/146-20190825103100-snapshot.jpg
3,1,20190825,103100,86,2,1681,263,1774,321,Aug30_1/146-20190825103100-snapshot.jpg
3,1,20190825,103100,87,2,436,388,495,475,Aug30_1/146-20190825103100-snapshot.jpg
3,1,20190825,103200,79,2,1782,316,1871,378,Aug30_1/146-20190825103200-snapshot.jpg
3,1,20190825,103530,85,2,716,268,774,348,Aug30_1/146-20190825103530-snapshot.jpg
3,1,20190825,103530,89,2,444,409,500,492,Aug30_1/146-20190825103530-snapshot.jpg
3,1,20190825,103630,77,2,707,870,779,936,Aug30_1/146-20190825103630-snapshot.jpg
3,1,20190825,103630,87,2,693,402,744,475,Aug30_1/146-20190825103630-snapshot.jpg
3,1,20190825,103730,50,2,749,483,825,549,Aug30_1/146-20190825103730-snapshot.jpg
3,1,20190825,103730,74,2,0,385,40,442,Aug30_1/146-20190825103730-snapshot.jpg
3,1,20190825,103800,89,2,3,361,110,416,Aug30_1/146-20190825103800-snapshot.jpg
3,1,20190825,103900,78,2,401,1012,459,1078,Aug30_1/146-20190825103900-snapshot.jpg
3,1,20190825,104200,86,2,1327,88,1387,166,Aug30_1/146-20190825104200-snapshot.jpg
3,1,20190825,104200,86,2,785,671,861,740,Aug30_1/146-20190825104200-snapshot.jpg
3,1,20190825,104230,86,2,773,489,853,555,Aug30_1/146-20190825104230-snapshot.jpg
3,1,20190825,104230,87,2,674,520,733,600,Aug30_1/146-20190825104230-snapshot.jpg
3,1,20190825,104300,81,2,536,711,610,776,Aug30_1/146-20190825104300-snapshot.jpg
3,1,20190825,104300,82,2,1824,107,1900,179,Aug30_1/146-20190825104300-snapshot.jpg
3,1,20190825,104300,87,2,668,654,725,730,Aug30_1/146-20190825104300-snapshot.jpg
3,1,20190825,104330,77,2,700,860,778,915,Aug30_1/146-20190825104330-snapshot.jpg
3,1,20190825,104330,86,2,678,717,770,771,Aug30_1/146-20190825104330-snapshot.jpg
3,1,20190825,104330,86,2,1743,243,1827,298,Aug30_1/146-20190825104330-snapshot.jpg
3,1,20190825,104330,87,2,29,300,116,369,Aug30_1/146-20190825104330-snapshot.jpg
3,1,20190825,104400,76,2,1673,736,1756,794,Aug30_1/146-20190825104400-snapshot.jpg
3,1,20190825,104400,78,2,574,886,661,955,Aug30_1/146-20190825104400-snapshot.jpg
3,1,20190825,104430,80,2,645,645,699,728,Aug30_1/146-20190825104430-snapshot.jpg
3,1,20190825,104500,82,2,933,791,996,846,Aug30_1/146-20190825104500-snapshot.jpg
3,1,20190825,104630,84,2,1034,888,1116,941,Aug30_1/146-20190825104630-snapshot.jpg
3,1,20190825,104730,82,2,237,914,325,982,Aug30_1/146-20190825104730-snapshot.jpg
3,1,20190825,104800,80,8,908,180,993,240,Aug30_1/146-20190825104800-snapshot.jpg
3,1,20190825,104900,82,2,402,333,483,400,Aug30_1/146-20190825104900-snapshot.jpg
3,1,20190825,104930,77,2,635,297,709,356,Aug30_1/146-20190825104930-snapshot.jpg
3,1,20190825,104930,85,2,40,259,103,331,Aug30_1/146-20190825104930-snapshot.jpg
3,1,20190825,105300,87,2,679,709,738,794,Aug30_1/146-20190825105300-snapshot.jpg
3,1,20190825,105430,85,2,265,229,330,306,Aug30_1/146-20190825105430-snapshot.jpg
3,1,20190825,105630,85,2,830,914,907,987,Aug30_1/146-20190825105630-snapshot.jpg
3,1,20190825,105730,85,2,1595,62,1654,140,Aug30_1/146-20190825105730-snapshot.jpg
3,1,20190825,105800,80,2,1867,210,1920,278,Aug30_1/146-20190825105800-snapshot.jpg
3,1,20190825,105800,86,2,488,103,560,187,Aug30_1/146-20190825105800-snapshot.jpg
3,1,20190825,105930,75,2,770,1021,849,1080,Aug30_1/146-20190825105930-snapshot.jpg
3,1,20190825,110030,58,2,338,978,424,1029,Aug30_1/146-20190825110030-snapshot.jpg
3,1,20190825,110300,87,2,22,192,106,272,Aug30_1/146-20190825110300-snapshot.jpg
3,1,20190825,110330,81,2,190,401,278,481,Aug30_1/146-20190825110330-snapshot.jpg
3,1,20190825,110500,86,2,714,556,773,640,Aug30_1/146-20190825110500-snapshot.jpg
3,1,20190825,110500,87,2,1725,347,1811,404,Aug30_1/146-20190825110500-snapshot.jpg
3,1,20190825,110600,76,2,94,136,166,192,Aug30_1/146-20190825110600-snapshot.jpg
3,1,20190825,110630,82,2,558,135,632,196,Aug30_1/146-20190825110630-snapshot.jpg
3,1,20190825,110700,82,2,476,302,557,364,Aug30_1/146-20190825110700-snapshot.jpg
3,1,20190825,110700,85,2,647,766,736,812,Aug30_1/146-20190825110700-snapshot.jpg
3,1,20190825,110730,82,2,793,474,869,526,Aug30_1/146-20190825110730-snapshot.jpg
3,1,20190825,110800,85,2,1292,81,1353,159,Aug30_1/146-20190825110800-snapshot.jpg
3,1,20190825,110830,86,2,1555,124,1638,188,Aug30_1/146-20190825110830-snapshot.jpg
3,1,20190825,110900,84,2,1725,225,1810,274,Aug30_1/146-20190825110900-snapshot.jpg
3,1,20190825,110900,86,2,0,277,73,362,Aug30_1/146-20190825110900-snapshot.jpg
3,1,20190825,111000,48,2,548,621,601,689,Aug30_1/146-20190825111000-snapshot.jpg
3,1,20190825,111030,83,8,1511,539,1598,596,Aug30_1/146-20190825111030-snapshot.jpg
3,1,20190825,111100,30,8,548,617,600,685,Aug30_1/146-20190825111100-snapshot.jpg
3,1,20190825,111300,79,8,514,1030,576,1079,Aug30_1/146-20190825111300-snapshot.jpg
3,1,20190825,111330,81,8,499,992,559,1054,Aug30_1/146-20190825111330-snapshot.jpg
3,1,20190825,111530,83,3,435,350,511,413,Aug30_1/146-20190825111530-snapshot.jpg
3,1,20190825,111900,86,2,12,283,106,340,Aug30_1/146-20190825111900-snapshot.jpg
3,1,20190825,111930,86,2,420,401,484,474,Aug30_1/146-20190825111930-snapshot.jpg
3,1,20190825,112000,86,2,755,721,852,775,Aug30_1/146-20190825112000-snapshot.jpg
3,1,20190825,112100,83,2,599,138,673,212,Aug30_1/146-20190825112100-snapshot.jpg
3,1,20190825,112130,79,8,864,980,936,1049,Aug30_1/146-20190825112130-snapshot.jpg
3,1,20190825,112230,85,2,1828,110,1893,174,Aug30_1/146-20190825112230-snapshot.jpg
3,1,20190825,112400,80,2,1747,4,1837,50,Aug30_1/146-20190825112400-snapshot.jpg
3,1,20190825,112430,89,7,1,272,129,399,Aug30_1/146-20190825112430-snapshot.jpg
3,1,20190825,112500,66,2,50,0,122,56,Aug30_1/146-20190825112500-snapshot.jpg
3,1,20190825,112700,83,8,999,308,1056,385,Aug30_1/146-20190825112700-snapshot.jpg
3,1,20190825,112800,87,2,31,235,100,316,Aug30_1/146-20190825112800-snapshot.jpg
3,1,20190825,113000,85,2,750,973,819,1031,Aug30_1/146-20190825113000-snapshot.jpg
3,1,20190825,113000,86,2,753,480,814,552,Aug30_1/146-20190825113000-snapshot.jpg
3,1,20190825,113100,65,8,1553,373,1622,428,Aug30_1/146-20190825113100-snapshot.jpg
3,1,20190825,113130,83,2,1461,311,1543,362,Aug30_1/146-20190825113130-snapshot.jpg
3,1,20190825,113230,77,2,549,300,631,377,Aug30_1/146-20190825113230-snapshot.jpg
3,1,20190825,113330,85,2,1419,250,1504,316,Aug30_1/146-20190825113330-snapshot.jpg
3,1,20190825,113330,88,2,232,246,330,313,Aug30_1/146-20190825113330-snapshot.jpg
3,1,20190825,113400,88,2,779,681,865,749,Aug30_1/146-20190825113400-snapshot.jpg
3,1,20190825,113530,87,4,480,483,555,566,Aug30_1/146-20190825113530-snapshot.jpg
3,1,20190825,113930,81,1,230,4,274,39,Aug30_1/146-20190825113930-snapshot.jpg
3,1,20190825,114000,81,1,430,187,474,225,Aug30_1/146-20190825114000-snapshot.jpg
3,1,20190825,114030,69,1,484,177,526,214,Aug30_1/146-20190825114030-snapshot.jpg
3,1,20190825,114030,79,2,0,324,48,409,Aug30_1/146-20190825114030-snapshot.jpg
3,1,20190825,114200,77,1,499,184,545,227,Aug30_1/146-20190825114200-snapshot.jpg
3,1,20190825,114200,81,2,1856,207,1920,270,Aug30_1/146-20190825114200-snapshot.jpg
3,1,20190825,114230,78,1,545,201,591,240,Aug30_1/146-20190825114230-snapshot.jpg
3,1,20190825,114300,72,1,548,202,594,242,Aug30_1/146-20190825114300-snapshot.jpg
3,1,20190825,114330,83,1,551,205,594,241,Aug30_1/146-20190825114330-snapshot.jpg
3,1,20190825,114430,87,1,1000,420,1041,457,Aug30_1/146-20190825114430-snapshot.jpg
3,1,20190825,114500,80,1,1335,151,1382,189,Aug30_1/146-20190825114500-snapshot.jpg
3,1,20190825,114500,80,2,525,284,596,332,Aug30_1/146-20190825114500-snapshot.jpg
3,1,20190825,114600,30,1,1499,90,1531,119,Aug30_1/146-20190825114600-snapshot.jpg
3,1,20190825,114630,84,2,524,577,607,638,Aug30_1/146-20190825114630-snapshot.jpg
3,1,20190825,114800,85,2,607,141,683,210,Aug30_1/146-20190825114800-snapshot.jpg
3,1,20190825,114830,79,2,38,251,93,312,Aug30_1/146-20190825114830-snapshot.jpg
3,1,20190825,114900,72,6,1760,873,1815,920,Aug30_1/146-20190825114900-snapshot.jpg
3,1,20190825,114900,87,2,673,281,751,353,Aug30_1/146-20190825114900-snapshot.jpg
3,1,20190825,115000,84,2,885,577,952,651,Aug30_1/146-20190825115000-snapshot.jpg
3,1,20190825,115030,85,2,1697,313,1786,372,Aug30_1/146-20190825115030-snapshot.jpg
3,1,20190825,115200,81,2,1667,734,1757,784,Aug30_1/146-20190825115200-snapshot.jpg
3,1,20190825,115400,60,2,1751,2,1822,40,Aug30_1/146-20190825115400-snapshot.jpg
3,1,20190825,115500,87,4,101,309,194,384,Aug30_1/146-20190825115500-snapshot.jpg
3,1,20190825,115600,86,2,123,385,213,441,Aug30_1/146-20190825115600-snapshot.jpg
3,1,20190825,115630,86,2,750,453,808,527,Aug30_1/146-20190825115630-snapshot.jpg
3,1,20190825,115830,70,2,864,853,957,902,Aug30_1/146-20190825115830-snapshot.jpg
3,1,20190825,115830,84,2,113,395,210,443,Aug30_1/146-20190825115830-snapshot.jpg
3,1,20190825,115900,78,2,538,312,611,381,Aug30_1/146-20190825115900-snapshot.jpg
3,1,20190825,115930,85,2,1761,229,1839,295,Aug30_1/146-20190825115930-snapshot.jpg
3,1,20190825,120000,85,2,1682,336,1773,385,Aug30_1/146-20190825120000-snapshot.jpg
3,1,20190825,120030,86,2,751,721,844,770,Aug30_1/146-20190825120030-snapshot.jpg
3,1,20190825,120230,84,2,1850,202,1920,260,Aug30_1/146-20190825120230-snapshot.jpg
3,1,20190825,120300,84,2,843,783,926,849,Aug30_1/146-20190825120300-snapshot.jpg
3,1,20190825,120330,88,2,793,661,852,743,Aug30_1/146-20190825120330-snapshot.jpg
3,1,20190825,120400,86,2,1849,189,1920,258,Aug30_1/146-20190825120400-snapshot.jpg
3,1,20190825,120630,84,2,1755,231,1834,291,Aug30_1/146-20190825120630-snapshot.jpg
3,1,20190825,121000,80,8,520,1028,602,1080,Aug30_1/146-20190825121000-snapshot.jpg
3,1,20190825,121000,85,2,1776,84,1858,158,Aug30_1/146-20190825121000-snapshot.jpg
3,1,20190825,121100,81,2,1855,217,1920,284,Aug30_1/146-20190825121100-snapshot.jpg
3,1,20190825,121230,69,2,699,899,777,946,Aug30_1/146-20190825121230-snapshot.jpg
3,1,20190825,121300,76,2,529,306,621,369,Aug30_1/146-20190825121300-snapshot.jpg
3,1,20190825,121330,87,2,699,316,753,389,Aug30_1/146-20190825121330-snapshot.jpg
3,1,20190825,121400,78,2,253,910,332,972,Aug30_1/146-20190825121400-snapshot.jpg
3,1,20190825,121430,62,2,434,327,521,412,Aug30_1/146-20190825121430-snapshot.jpg
3,1,20190825,121430,87,2,1588,621,1648,702,Aug30_1/146-20190825121430-snapshot.jpg
3,1,20190825,121600,67,2,0,374,41,426,Aug30_1/146-20190825121600-snapshot.jpg
3,1,20190825,121600,68,8,1056,891,1116,931,Aug30_1/146-20190825121600-snapshot.jpg
3,1,20190825,121600,80,2,481,272,569,359,Aug30_1/146-20190825121600-snapshot.jpg
3,1,20190825,121600,86,2,1803,118,1887,176,Aug30_1/146-20190825121600-snapshot.jpg
3,1,20190825,121630,89,7,260,899,404,1024,Aug30_1/146-20190825121630-snapshot.jpg
3,1,20190825,121700,90,7,637,881,782,1031,Aug30_1/146-20190825121700-snapshot.jpg
3,1,20190825,121730,87,7,475,298,618,404,Aug30_1/146-20190825121730-snapshot.jpg
3,1,20190825,121800,88,7,605,578,825,761,Aug30_1/146-20190825121800-snapshot.jpg
3,1,20190825,121830,85,7,565,588,803,735,Aug30_1/146-20190825121830-snapshot.jpg
3,1,20190825,121900,87,7,713,804,926,940,Aug30_1/146-20190825121900-snapshot.jpg
3,1,20190825,122200,76,2,1833,250,1917,303,Aug30_1/146-20190825122200-snapshot.jpg
3,1,20190825,122200,85,2,43,291,115,360,Aug30_1/146-20190825122200-snapshot.jpg
3,1,20190825,122230,82,2,1693,356,1775,399,Aug30_1/146-20190825122230-snapshot.jpg
3,1,20190825,122630,65,2,1434,255,1518,321,Aug30_1/146-20190825122630-snapshot.jpg
3,1,20190825,122700,84,2,1870,178,1920,256,Aug30_1/146-20190825122700-snapshot.jpg
3,1,20190825,122730,88,2,277,264,375,326,Aug30_1/146-20190825122730-snapshot.jpg
3,1,20190825,122800,88,4,678,740,765,816,Aug30_1/146-20190825122800-snapshot.jpg
3,1,20190825,122830,88,4,344,984,435,1048,Aug30_1/146-20190825122830-snapshot.jpg
3,1,20190825,122900,72,2,944,634,1023,683,Aug30_1/146-20190825122900-snapshot.jpg
3,1,20190825,123130,74,2,522,314,586,381,Aug30_1/146-20190825123130-snapshot.jpg
3,1,20190825,123200,83,2,188,407,286,494,Aug30_1/146-20190825123200-snapshot.jpg
3,1,20190825,123300,87,2,687,529,743,612,Aug30_1/146-20190825123300-snapshot.jpg
3,1,20190825,123430,85,2,1500,431,1578,475,Aug30_1/146-20190825123430-snapshot.jpg
3,1,20190825,123630,73,2,1871,48,1920,108,Aug30_1/146-20190825123630-snapshot.jpg
3,1,20190825,123700,84,2,1290,173,1366,245,Aug30_1/146-20190825123700-snapshot.jpg
3,1,20190825,123730,85,2,458,370,517,447,Aug30_1/146-20190825123730-snapshot.jpg
3,1,20190825,123800,74,2,486,260,557,341,Aug30_1/146-20190825123800-snapshot.jpg
3,1,20190825,124230,48,6,643,133,715,188,Aug30_1/146-20190825124230-snapshot.jpg
3,1,20190825,124230,61,2,644,133,716,188,Aug30_1/146-20190825124230-snapshot.jpg
3,1,20190825,124300,71,2,644,134,718,187,Aug30_1/146-20190825124300-snapshot.jpg
3,1,20190825,124400,77,4,716,543,790,618,Aug30_1/146-20190825124400-snapshot.jpg
3,1,20190825,124430,86,2,552,500,620,585,Aug30_1/146-20190825124430-snapshot.jpg
3,1,20190825,124600,79,2,1859,215,1920,281,Aug30_1/146-20190825124600-snapshot.jpg
3,1,20190825,124930,85,2,467,348,524,419,Aug30_1/146-20190825124930-snapshot.jpg
3,1,20190825,125000,69,2,1419,246,1498,323,Aug30_1/146-20190825125000-snapshot.jpg
3,1,20190825,125000,85,2,943,633,1003,705,Aug30_1/146-20190825125000-snapshot.jpg
3,1,20190825,125030,76,2,358,991,437,1039,Aug30_1/146-20190825125030-snapshot.jpg
3,1,20190825,125030,86,2,1612,308,1699,362,Aug30_1/146-20190825125030-snapshot.jpg
3,1,20190825,125100,87,2,693,736,769,805,Aug30_1/146-20190825125100-snapshot.jpg
3,1,20190825,125130,71,2,75,110,152,191,Aug30_1/146-20190825125130-snapshot.jpg
3,1,20190825,125230,64,2,386,432,448,489,Aug30_1/146-20190825125230-snapshot.jpg
3,1,20190825,125330,88,4,5,258,107,340,Aug30_1/146-20190825125330-snapshot.jpg
3,1,20190825,125630,79,2,1334,41,1394,108,Aug30_1/146-20190825125630-snapshot.jpg
3,1,20190825,125730,83,2,1806,236,1889,298,Aug30_1/146-20190825125730-snapshot.jpg
3,1,20190825,125800,79,2,842,869,939,921,Aug30_1/146-20190825125800-snapshot.jpg
3,1,20190825,125900,84,2,1785,319,1849,389,Aug30_1/146-20190825125900-snapshot.jpg
3,1,20190825,125930,79,2,793,660,871,712,Aug30_1/146-20190825125930-snapshot.jpg
3,1,20190825,130000,84,2,34,382,128,432,Aug30_1/146-20190825130000-snapshot.jpg
3,1,20190825,130130,78,2,969,661,1041,706,Aug30_1/146-20190825130130-snapshot.jpg
3,1,20190825,130200,77,9,680,762,763,821,Aug30_1/146-20190825130200-snapshot.jpg
3,1,20190825,130300,85,2,1518,64,1582,145,Aug30_1/146-20190825130300-snapshot.jpg
3,1,20190825,130330,85,2,1847,229,1920,296,Aug30_1/146-20190825130330-snapshot.jpg
3,1,20190825,130400,86,2,598,329,663,403,Aug30_1/146-20190825130400-snapshot.jpg
3,1,20190825,130430,78,2,247,272,338,328,Aug30_1/146-20190825130430-snapshot.jpg
3,1,20190825,130430,80,2,4,888,61,965,Aug30_1/146-20190825130430-snapshot.jpg
3,1,20190825,130500,88,2,687,275,770,341,Aug30_1/146-20190825130500-snapshot.jpg
3,1,20190825,130530,84,2,777,480,836,554,Aug30_1/146-20190825130530-snapshot.jpg
3,1,20190825,130600,86,2,1481,439,1565,491,Aug30_1/146-20190825130600-snapshot.jpg
3,1,20190825,130630,84,2,1872,174,1920,252,Aug30_1/146-20190825130630-snapshot.jpg
3,1,20190825,130700,85,2,1811,140,1876,222,Aug30_1/146-20190825130700-snapshot.jpg
3,1,20190825,130730,76,2,686,294,760,358,Aug30_1/146-20190825130730-snapshot.jpg
3,1,20190825,130730,86,2,644,720,717,799,Aug30_1/146-20190825130730-snapshot.jpg
3,1,20190825,130730,86,2,1657,707,1723,778,Aug30_1/146-20190825130730-snapshot.jpg
3,1,20190825,130800,87,2,1833,52,1917,121,Aug30_1/146-20190825130800-snapshot.jpg
3,1,20190825,130830,47,2,433,1035,497,1080,Aug30_1/146-20190825130830-snapshot.jpg
3,1,20190825,130900,72,3,187,419,283,493,Aug30_1/146-20190825130900-snapshot.jpg
3,1,20190825,131100,89,3,650,565,755,637,Aug30_1/146-20190825131100-snapshot.jpg
3,1,20190825,131200,87,2,793,770,883,823,Aug30_1/146-20190825131200-snapshot.jpg
3,1,20190825,131300,87,2,1691,349,1790,403,Aug30_1/146-20190825131300-snapshot.jpg
3,1,20190825,131400,77,2,470,291,561,361,Aug30_1/146-20190825131400-snapshot.jpg
3,1,20190825,131400,87,2,1281,109,1363,178,Aug30_1/146-20190825131400-snapshot.jpg
3,1,20190825,131430,83,2,42,250,100,316,Aug30_1/146-20190825131430-snapshot.jpg
3,1,20190825,131600,85,2,940,480,996,563,Aug30_1/146-20190825131600-snapshot.jpg
3,1,20190825,131830,85,2,702,312,758,389,Aug30_1/146-20190825131830-snapshot.jpg
3,1,20190825,131930,84,2,1451,600,1535,660,Aug30_1/146-20190825131930-snapshot.jpg
3,1,20190825,132000,84,2,1721,273,1793,348,Aug30_1/146-20190825132000-snapshot.jpg
3,1,20190825,132000,87,4,648,757,734,832,Aug30_1/146-20190825132000-snapshot.jpg
3,1,20190825,132030,66,2,806,887,875,948,Aug30_1/146-20190825132030-snapshot.jpg
3,1,20190825,132200,86,2,779,680,844,763,Aug30_1/146-20190825132200-snapshot.jpg
3,1,20190825,132330,84,8,1008,426,1062,504,Aug30_1/146-20190825132330-snapshot.jpg
3,1,20190825,132400,83,2,1670,732,1748,800,Aug30_1/146-20190825132400-snapshot.jpg
3,1,20190825,132430,80,2,1770,151,1858,213,Aug30_1/146-20190825132430-snapshot.jpg
3,1,20190825,132430,85,2,486,115,543,196,Aug30_1/146-20190825132430-snapshot.jpg
3,1,20190825,132430,86,2,0,301,93,357,Aug30_1/146-20190825132430-snapshot.jpg
3,1,20190825,132530,78,2,506,568,563,632,Aug30_1/146-20190825132530-snapshot.jpg
3,1,20190825,132530,88,2,1799,150,1886,221,Aug30_1/146-20190825132530-snapshot.jpg
3,1,20190825,132630,82,2,525,110,596,183,Aug30_1/146-20190825132630-snapshot.jpg
3,1,20190825,132630,83,2,944,624,1008,682,Aug30_1/146-20190825132630-snapshot.jpg
3,1,20190825,132700,67,2,70,1,150,72,Aug30_1/146-20190825132700-snapshot.jpg
3,1,20190825,132700,79,2,1800,8,1873,62,Aug30_1/146-20190825132700-snapshot.jpg
3,1,20190825,132700,83,2,428,443,487,510,Aug30_1/146-20190825132700-snapshot.jpg
3,1,20190825,132700,84,2,1552,268,1638,318,Aug30_1/146-20190825132700-snapshot.jpg
3,1,20190825,132730,85,2,671,758,756,824,Aug30_1/146-20190825132730-snapshot.jpg
3,1,20190825,132830,82,2,1641,696,1731,752,Aug30_1/146-20190825132830-snapshot.jpg
3,1,20190825,132900,51,2,85,17,149,100,Aug30_1/146-20190825132900-snapshot.jpg
3,1,20190825,132930,87,2,634,281,716,343,Aug30_1/146-20190825132930-snapshot.jpg
3,1,20190825,133000,80,2,351,978,422,1035,Aug30_1/146-20190825133000-snapshot.jpg
3,1,20190825,133100,82,2,53,266,111,337,Aug30_1/146-20190825133100-snapshot.jpg
3,1,20190825,133130,73,2,681,772,760,835,Aug30_1/146-20190825133130-snapshot.jpg
3,1,20190825,133400,65,2,1845,238,1912,291,Aug30_1/146-20190825133400-snapshot.jpg
3,1,20190825,133430,76,2,708,275,794,348,Aug30_1/146-20190825133430-snapshot.jpg
3,1,20190825,133500,60,2,1891,130,1920,203,Aug30_1/146-20190825133500-snapshot.jpg
3,1,20190825,133500,72,2,780,871,855,926,Aug30_1/146-20190825133500-snapshot.jpg
3,1,20190825,133530,77,2,441,324,497,389,Aug30_1/146-20190825133530-snapshot.jpg
3,1,20190825,133730,69,2,806,881,865,936,Aug30_1/146-20190825133730-snapshot.jpg
3,1,20190825,133730,85,2,1750,343,1836,390,Aug30_1/146-20190825133730-snapshot.jpg
3,1,20190825,133800,80,2,1674,729,1752,787,Aug30_1/146-20190825133800-snapshot.jpg
3,1,20190825,133830,84,2,1475,462,1558,507,Aug30_1/146-20190825133830-snapshot.jpg
3,1,20190825,133830,87,2,1843,40,1916,116,Aug30_1/146-20190825133830-snapshot.jpg
3,1,20190825,133900,86,2,703,275,786,348,Aug30_1/146-20190825133900-snapshot.jpg
3,1,20190825,133930,83,2,793,682,852,753,Aug30_1/146-20190825133930-snapshot.jpg
3,1,20190825,133930,83,2,1421,271,1496,342,Aug30_1/146-20190825133930-snapshot.jpg
3,1,20190825,133930,86,3,1777,62,1841,156,Aug30_1/146-20190825133930-snapshot.jpg
3,1,20190825,133930,86,2,672,352,732,427,Aug30_1/146-20190825133930-snapshot.jpg
3,1,20190825,134000,77,2,519,291,597,339,Aug30_1/146-20190825134000-snapshot.jpg
3,1,20190825,134000,86,2,629,664,697,735,Aug30_1/146-20190825134000-snapshot.jpg
3,1,20190825,134030,71,2,345,1032,411,1078,Aug30_1/146-20190825134030-snapshot.jpg
3,1,20190825,134030,82,2,262,914,347,955,Aug30_1/146-20190825134030-snapshot.jpg
3,1,20190825,134230,86,2,1741,120,1801,192,Aug30_1/146-20190825134230-snapshot.jpg
3,1,20190825,134300,86,2,895,557,974,628,Aug30_1/146-20190825134300-snapshot.jpg
3,1,20190825,134400,68,2,181,372,257,455,Aug30_1/146-20190825134400-snapshot.jpg
3,1,20190825,134430,86,2,1603,157,1679,229,Aug30_1/146-20190825134430-snapshot.jpg
3,1,20190825,134500,79,2,547,301,607,371,Aug30_1/146-20190825134500-snapshot.jpg
3,1,20190825,134530,81,2,1451,271,1517,337,Aug30_1/146-20190825134530-snapshot.jpg
3,1,20190825,134600,79,2,104,391,198,449,Aug30_1/146-20190825134600-snapshot.jpg
3,1,20190825,134600,84,2,1777,65,1851,133,Aug30_1/146-20190825134600-snapshot.jpg
3,1,20190825,134630,76,2,1873,117,1920,174,Aug30_1/146-20190825134630-snapshot.jpg
3,1,20190825,134700,83,2,1639,686,1704,751,Aug30_1/146-20190825134700-snapshot.jpg
3,1,20190825,134730,84,2,1375,248,1462,312,Aug30_1/146-20190825134730-snapshot.jpg
3,1,20190825,134930,75,2,71,406,160,494,Aug30_1/146-20190825134930-snapshot.jpg
3,1,20190825,134930,80,2,724,846,805,901,Aug30_1/146-20190825134930-snapshot.jpg
3,1,20190825,135000,84,2,1601,276,1679,335,Aug30_1/146-20190825135000-snapshot.jpg
3,1,20190825,135100,84,2,670,865,766,919,Aug30_1/146-20190825135100-snapshot.jpg
3,1,20190825,135130,77,2,914,854,974,923,Aug30_1/146-20190825135130-snapshot.jpg
3,1,20190825,135130,84,2,479,383,541,449,Aug30_1/146-20190825135130-snapshot.jpg
3,1,20190825,135200,81,2,1477,447,1554,496,Aug30_1/146-20190825135200-snapshot.jpg
3,1,20190825,135200,84,2,741,425,806,487,Aug30_1/146-20190825135200-snapshot.jpg
3,1,20190825,135300,84,2,714,541,766,614,Aug30_1/146-20190825135300-snapshot.jpg
3,1,20190825,135300,86,2,1771,36,1851,98,Aug30_1/146-20190825135300-snapshot.jpg
3,1,20190825,135430,79,2,1495,77,1561,151,Aug30_1/146-20190825135430-snapshot.jpg
3,1,20190825,135430,87,2,1464,327,1524,399,Aug30_1/146-20190825135430-snapshot.jpg
3,1,20190825,135600,86,2,707,310,767,379,Aug30_1/146-20190825135600-snapshot.jpg
3,1,20190825,135600,89,2,461,397,519,477,Aug30_1/146-20190825135600-snapshot.jpg
3,1,20190825,135630,85,2,1531,270,1617,332,Aug30_1/146-20190825135630-snapshot.jpg
3,1,20190825,135630,87,2,784,732,864,813,Aug30_1/146-20190825135630-snapshot.jpg
3,1,20190825,135700,83,2,1665,806,1753,866,Aug30_1/146-20190825135700-snapshot.jpg
3,1,20190825,135700,84,2,1300,45,1382,100,Aug30_1/146-20190825135700-snapshot.jpg
3,1,20190825,135730,83,2,510,295,589,347,Aug30_1/146-20190825135730-snapshot.jpg
3,1,20190825,135800,84,2,133,136,199,207,Aug30_1/146-20190825135800-snapshot.jpg
3,1,20190825,135830,81,2,703,890,774,956,Aug30_1/146-20190825135830-snapshot.jpg
3,1,20190825,135930,83,2,697,597,778,647,Aug30_1/146-20190825135930-snapshot.jpg
3,1,20190825,140000,79,2,446,724,538,787,Aug30_1/146-20190825140000-snapshot.jpg
3,1,20190825,140030,64,2,61,0,153,79,Aug30_1/146-20190825140030-snapshot.jpg
3,1,20190825,140030,83,2,1826,8,1889,79,Aug30_1/146-20190825140030-snapshot.jpg
3,1,20190825,140030,83,2,477,558,550,636,Aug30_1/146-20190825140030-snapshot.jpg
3,1,20190825,140130,81,2,177,402,279,482,Aug30_1/146-20190825140130-snapshot.jpg
3,1,20190825,140130,85,7,608,871,735,996,Aug30_1/146-20190825140130-snapshot.jpg
3,1,20190825,140300,86,2,708,720,792,769,Aug30_1/146-20190825140300-snapshot.jpg
3,1,20190825,140330,82,2,189,393,293,484,Aug30_1/146-20190825140330-snapshot.jpg
3,1,20190825,140330,85,2,990,33,1046,119,Aug30_1/146-20190825140330-snapshot.jpg
3,1,20190825,140330,88,2,25,296,111,363,Aug30_1/146-20190825140330-snapshot.jpg
3,1,20190825,140430,76,2,1882,182,1920,258,Aug30_1/146-20190825140430-snapshot.jpg
3,1,20190825,140430,83,2,87,452,174,526,Aug30_1/146-20190825140430-snapshot.jpg
3,1,20190825,140500,84,2,1601,63,1662,134,Aug30_1/146-20190825140500-snapshot.jpg
3,1,20190825,140600,86,2,474,743,565,808,Aug30_1/146-20190825140600-snapshot.jpg
3,1,20190825,140630,87,2,461,341,519,413,Aug30_1/146-20190825140630-snapshot.jpg
3,1,20190825,140700,85,2,1668,365,1758,413,Aug30_1/146-20190825140700-snapshot.jpg
3,1,20190825,140800,78,2,775,867,854,925,Aug30_1/146-20190825140800-snapshot.jpg
3,1,20190825,140900,78,2,1862,214,1920,280,Aug30_1/146-20190825140900-snapshot.jpg
3,1,20190825,140900,86,2,717,267,811,328,Aug30_1/146-20190825140900-snapshot.jpg
3,1,20190825,140930,78,2,635,704,700,753,Aug30_1/146-20190825140930-snapshot.jpg
3,1,20190825,140930,80,2,531,289,610,352,Aug30_1/146-20190825140930-snapshot.jpg
3,1,20190825,141000,83,2,1770,118,1861,175,Aug30_1/146-20190825141000-snapshot.jpg
3,1,20190825,141030,82,2,1828,695,1920,753,Aug30_1/146-20190825141030-snapshot.jpg
3,1,20190825,141100,84,2,1686,742,1765,809,Aug30_1/146-20190825141100-snapshot.jpg
3,1,20190825,141130,76,2,364,969,447,1012,Aug30_1/146-20190825141130-snapshot.jpg
3,1,20190825,141130,80,2,163,416,268,488,Aug30_1/146-20190825141130-snapshot.jpg
3,1,20190825,141230,79,2,766,474,848,524,Aug30_1/146-20190825141230-snapshot.jpg
3,1,20190825,141230,87,2,1697,256,1770,328,Aug30_1/146-20190825141230-snapshot.jpg
3,1,20190825,141300,75,2,569,888,655,952,Aug30_1/146-20190825141300-snapshot.jpg
3,1,20190825,141300,81,2,619,697,701,751,Aug30_1/146-20190825141300-snapshot.jpg
3,1,20190825,141400,83,2,529,297,594,360,Aug30_1/146-20190825141400-snapshot.jpg
3,1,20190825,141400,83,2,1766,99,1826,172,Aug30_1/146-20190825141400-snapshot.jpg
3,1,20190825,141430,78,2,1880,86,1920,160,Aug30_1/146-20190825141430-snapshot.jpg
3,1,20190825,141600,68,2,553,306,626,376,Aug30_1/146-20190825141600-snapshot.jpg
3,1,20190825,141600,80,2,4,278,88,337,Aug30_1/146-20190825141600-snapshot.jpg
3,1,20190825,141630,86,2,659,530,718,604,Aug30_1/146-20190825141630-snapshot.jpg
3,1,20190825,141700,74,2,272,930,335,996,Aug30_1/146-20190825141700-snapshot.jpg
3,1,20190825,141800,73,2,764,851,821,911,Aug30_1/146-20190825141800-snapshot.jpg
3,1,20190825,141900,71,2,357,1002,416,1069,Aug30_1/146-20190825141900-snapshot.jpg
3,1,20190825,141930,73,2,268,385,348,457,Aug30_1/146-20190825141930-snapshot.jpg
3,1,20190825,142000,82,2,454,307,535,382,Aug30_1/146-20190825142000-snapshot.jpg
3,1,20190825,142000,83,2,1544,143,1628,214,Aug30_1/146-20190825142000-snapshot.jpg
3,1,20190825,142030,83,2,591,830,648,900,Aug30_1/146-20190825142030-snapshot.jpg
3,1,20190825,142100,80,2,495,264,557,349,Aug30_1/146-20190825142100-snapshot.jpg
3,1,20190825,142130,83,2,1013,50,1091,118,Aug30_1/146-20190825142130-snapshot.jpg
3,1,20190825,142200,85,2,616,656,704,707,Aug30_1/146-20190825142200-snapshot.jpg
3,1,20190825,142200,87,2,1760,52,1853,105,Aug30_1/146-20190825142200-snapshot.jpg
3,1,20190825,142230,74,2,945,822,1009,875,Aug30_1/146-20190825142230-snapshot.jpg
3,1,20190825,142400,84,2,1526,121,1618,173,Aug30_1/146-20190825142400-snapshot.jpg
3,1,20190825,142430,80,2,451,291,545,379,Aug30_1/146-20190825142430-snapshot.jpg
3,1,20190825,142430,87,2,817,634,878,716,Aug30_1/146-20190825142430-snapshot.jpg
3,1,20190825,142530,85,2,504,286,585,350,Aug30_1/146-20190825142530-snapshot.jpg
3,1,20190825,142630,82,2,223,251,314,310,Aug30_1/146-20190825142630-snapshot.jpg
3,1,20190825,142700,68,2,614,894,707,951,Aug30_1/146-20190825142700-snapshot.jpg
3,1,20190825,142700,85,2,719,569,779,643,Aug30_1/146-20190825142700-snapshot.jpg
3,1,20190825,142730,87,2,1607,658,1684,722,Aug30_1/146-20190825142730-snapshot.jpg
3,1,20190825,142830,80,2,238,899,321,964,Aug30_1/146-20190825142830-snapshot.jpg
3,1,20190825,142900,77,2,502,283,565,366,Aug30_1/146-20190825142900-snapshot.jpg
3,1,20190825,142930,84,2,133,388,220,445,Aug30_1/146-20190825142930-snapshot.jpg
3,1,20190825,143000,85,2,404,361,478,430,Aug30_1/146-20190825143000-snapshot.jpg
3,1,20190825,143130,84,2,1854,211,1918,284,Aug30_1/146-20190825143130-snapshot.jpg
3,1,20190825,143200,87,2,462,409,515,494,Aug30_1/146-20190825143200-snapshot.jpg
3,1,20190825,143300,64,2,438,336,505,403,Aug30_1/146-20190825143300-snapshot.jpg
3,1,20190825,143330,81,2,704,267,767,340,Aug30_1/146-20190825143330-snapshot.jpg
3,1,20190825,143330,84,2,709,816,767,888,Aug30_1/146-20190825143330-snapshot.jpg
3,1,20190825,143330,87,2,1329,286,1420,341,Aug30_1/146-20190825143330-snapshot.jpg
3,1,20190825,143400,85,2,683,271,767,333,Aug30_1/146-20190825143400-snapshot.jpg
3,1,20190825,143430,85,2,522,564,581,630,Aug30_1/146-20190825143430-snapshot.jpg
3,1,20190825,143530,77,2,1872,186,1920,258,Aug30_1/146-20190825143530-snapshot.jpg
3,1,20190825,143600,86,2,164,210,224,313,Aug30_1/146-20190825143600-snapshot.jpg
3,1,20190825,143630,77,2,946,689,1000,742,Aug30_1/146-20190825143630-snapshot.jpg
3,1,20190825,143700,83,2,538,248,593,320,Aug30_1/146-20190825143700-snapshot.jpg
3,1,20190825,143730,79,2,699,869,779,920,Aug30_1/146-20190825143730-snapshot.jpg
3,1,20190825,143730,83,2,674,425,749,476,Aug30_1/146-20190825143730-snapshot.jpg
3,1,20190825,143800,85,2,1843,47,1907,117,Aug30_1/146-20190825143800-snapshot.jpg
3,1,20190825,143800,87,2,8,299,95,362,Aug30_1/146-20190825143800-snapshot.jpg
3,1,20190825,143830,78,2,269,379,352,448,Aug30_1/146-20190825143830-snapshot.jpg
3,1,20190825,143830,86,2,1460,305,1543,359,Aug30_1/146-20190825143830-snapshot.jpg
3,1,20190825,143900,82,2,655,107,745,173,Aug30_1/146-20190825143900-snapshot.jpg
3,1,20190825,143930,85,2,395,502,448,577,Aug30_1/146-20190825143930-snapshot.jpg
3,1,20190825,143930,86,2,769,656,829,740,Aug30_1/146-20190825143930-snapshot.jpg
3,1,20190825,144000,63,2,687,310,752,368,Aug30_1/146-20190825144000-snapshot.jpg
3,1,20190825,144000,82,2,1761,10,1837,71,Aug30_1/146-20190825144000-snapshot.jpg
3,1,20190825,144000,82,2,536,846,618,913,Aug30_1/146-20190825144000-snapshot.jpg
3,1,20190825,144230,83,2,238,902,326,968,Aug30_1/146-20190825144230-snapshot.jpg
3,1,20190825,144400,86,2,678,306,744,374,Aug30_1/146-20190825144400-snapshot.jpg
3,1,20190825,144430,87,2,1492,73,1571,134,Aug30_1/146-20190825144430-snapshot.jpg
3,1,20190825,144700,65,2,1469,1,1540,56,Aug30_1/146-20190825144700-snapshot.jpg
3,1,20190825,144700,76,2,494,166,556,249,Aug30_1/146-20190825144700-snapshot.jpg
3,1,20190825,144700,80,2,205,391,292,473,Aug30_1/146-20190825144700-snapshot.jpg
3,1,20190825,144730,62,2,72,0,156,68,Aug30_1/146-20190825144730-snapshot.jpg
3,1,20190825,144730,86,2,1741,331,1806,402,Aug30_1/146-20190825144730-snapshot.jpg
3,1,20190825,144800,68,2,285,920,358,982,Aug30_1/146-20190825144800-snapshot.jpg
3,1,20190825,144830,82,2,649,88,733,167,Aug30_1/146-20190825144830-snapshot.jpg
3,1,20190825,144830,85,2,1507,430,1585,472,Aug30_1/146-20190825144830-snapshot.jpg
3,1,20190825,144900,87,2,667,633,723,713,Aug30_1/146-20190825144900-snapshot.jpg
3,1,20190825,144900,87,2,787,790,877,857,Aug30_1/146-20190825144900-snapshot.jpg
3,1,20190825,145030,78,2,37,380,118,436,Aug30_1/146-20190825145030-snapshot.jpg
3,1,20190825,145130,84,2,640,721,708,800,Aug30_1/146-20190825145130-snapshot.jpg
3,1,20190825,145230,74,2,1879,130,1920,199,Aug30_1/146-20190825145230-snapshot.jpg
3,1,20190825,145300,76,2,549,298,639,378,Aug30_1/146-20190825145300-snapshot.jpg
3,1,20190825,145300,85,2,800,696,875,762,Aug30_1/146-20190825145300-snapshot.jpg
3,1,20190825,145530,80,2,433,356,495,429,Aug30_1/146-20190825145530-snapshot.jpg
3,1,20190825,145530,82,2,1431,254,1501,329,Aug30_1/146-20190825145530-snapshot.jpg
3,1,20190825,145600,61,2,278,925,361,980,Aug30_1/146-20190825145600-snapshot.jpg
3,1,20190825,145630,64,2,600,898,691,948,Aug30_1/146-20190825145630-snapshot.jpg
3,1,20190825,145800,84,2,120,126,202,202,Aug30_1/146-20190825145800-snapshot.jpg
3,1,20190825,145900,87,2,1369,690,1453,770,Aug30_1/146-20190825145900-snapshot.jpg
3,1,20190825,150000,60,2,618,653,690,703,Aug30_1/146-20190825150000-snapshot.jpg
3,1,20190825,150030,86,2,1834,38,1912,110,Aug30_1/146-20190825150030-snapshot.jpg
3,1,20190825,150130,85,2,635,702,707,754,Aug30_1/146-20190825150130-snapshot.jpg
3,1,20190825,150200,80,2,1636,264,1725,331,Aug30_1/146-20190825150200-snapshot.jpg
3,1,20190825,150200,81,2,447,331,505,405,Aug30_1/146-20190825150200-snapshot.jpg
3,1,20190825,150230,84,2,1507,448,1584,493,Aug30_1/146-20190825150230-snapshot.jpg
3,1,20190825,150300,64,2,1735,0,1809,47,Aug30_1/146-20190825150300-snapshot.jpg
3,1,20190825,150330,87,3,520,537,598,603,Aug30_1/146-20190825150330-snapshot.jpg
3,1,20190825,150400,60,2,758,483,814,555,Aug30_1/146-20190825150400-snapshot.jpg
3,1,20190825,150430,86,2,1287,79,1363,148,Aug30_1/146-20190825150430-snapshot.jpg
3,1,20190825,150530,78,2,779,868,842,931,Aug30_1/146-20190825150530-snapshot.jpg
3,1,20190825,150530,79,2,1861,189,1920,263,Aug30_1/146-20190825150530-snapshot.jpg
3,1,20190825,150600,81,2,1489,88,1548,152,Aug30_1/146-20190825150600-snapshot.jpg
3,1,20190825,150630,84,2,606,106,665,168,Aug30_1/146-20190825150630-snapshot.jpg
3,1,20190825,150730,84,2,747,599,817,664,Aug30_1/146-20190825150730-snapshot.jpg
3,1,20190825,150730,86,2,35,283,94,361,Aug30_1/146-20190825150730-snapshot.jpg
3,1,20190825,150800,81,2,1702,348,1795,399,Aug30_1/146-20190825150800-snapshot.jpg
3,1,20190825,150800,84,2,891,857,977,920,Aug30_1/146-20190825150800-snapshot.jpg
3,1,20190825,150800,85,2,657,384,710,459,Aug30_1/146-20190825150800-snapshot.jpg
3,1,20190825,150900,67,2,818,875,893,941,Aug30_1/146-20190825150900-snapshot.jpg
3,1,20190825,150930,38,2,1761,379,1832,443,Aug30_1/146-20190825150930-snapshot.jpg
3,1,20190825,151000,82,2,522,359,577,430,Aug30_1/146-20190825151000-snapshot.jpg
3,1,20190825,151000,85,2,1586,96,1644,168,Aug30_1/146-20190825151000-snapshot.jpg
3,1,20190825,151000,86,2,1660,142,1757,199,Aug30_1/146-20190825151000-snapshot.jpg
3,1,20190825,151130,66,2,0,396,47,456,Aug30_1/146-20190825151130-snapshot.jpg
3,1,20190825,151130,73,2,1470,2,1547,72,Aug30_1/146-20190825151130-snapshot.jpg
3,1,20190825,151130,86,2,1846,230,1920,283,Aug30_1/146-20190825151130-snapshot.jpg
3,1,20190825,151200,71,2,83,34,159,119,Aug30_1/146-20190825151200-snapshot.jpg
3,1,20190825,151200,80,2,2,247,59,324,Aug30_1/146-20190825151200-snapshot.jpg
3,1,20190825,151430,78,2,206,402,286,483,Aug30_1/146-20190825151430-snapshot.jpg
3,1,20190825,151500,84,2,493,290,552,372,Aug30_1/146-20190825151500-snapshot.jpg
3,1,20190825,151600,83,2,272,686,369,773,Aug30_1/146-20190825151600-snapshot.jpg
3,1,20190825,151600,84,2,231,920,318,994,Aug30_1/146-20190825151600-snapshot.jpg
3,1,20190825,151700,84,2,1479,53,1555,118,Aug30_1/146-20190825151700-snapshot.jpg
3,1,20190825,151830,70,1,402,522,444,563,Aug30_1/146-20190825151830-snapshot.jpg
3,1,20190825,151900,85,2,667,770,753,827,Aug30_1/146-20190825151900-snapshot.jpg
3,1,20190825,151930,76,2,1875,161,1920,232,Aug30_1/146-20190825151930-snapshot.jpg
3,1,20190825,152100,79,3,483,263,548,344,Aug30_1/146-20190825152100-snapshot.jpg
3,1,20190825,152300,81,2,1715,727,1775,795,Aug30_1/146-20190825152300-snapshot.jpg
3,1,20190825,152400,72,2,445,338,524,384,Aug30_1/146-20190825152400-snapshot.jpg
3,1,20190825,152500,47,2,84,19,154,104,Aug30_1/146-20190825152500-snapshot.jpg
3,1,20190825,152530,81,2,898,828,982,881,Aug30_1/146-20190825152530-snapshot.jpg
3,1,20190825,152600,71,2,0,175,40,256,Aug30_1/146-20190825152600-snapshot.jpg
3,1,20190825,152630,71,2,933,816,996,867,Aug30_1/146-20190825152630-snapshot.jpg
3,1,20190825,152700,79,2,1774,5,1826,75,Aug30_1/146-20190825152700-snapshot.jpg
3,1,20190825,152730,87,2,361,424,441,474,Aug30_1/146-20190825152730-snapshot.jpg
3,1,20190825,152800,66,2,426,321,507,394,Aug30_1/146-20190825152800-snapshot.jpg
3,1,20190825,152900,47,2,725,793,775,853,Aug30_1/146-20190825152900-snapshot.jpg
3,1,20190825,153030,81,1,1341,448,1379,483,Aug30_1/146-20190825153030-snapshot.jpg
3,1,20190825,153030,85,2,809,741,872,825,Aug30_1/146-20190825153030-snapshot.jpg
3,1,20190825,153100,72,2,1875,103,1920,169,Aug30_1/146-20190825153100-snapshot.jpg
3,1,20190825,153200,87,2,693,354,749,429,Aug30_1/146-20190825153200-snapshot.jpg
3,1,20190825,153230,85,2,418,434,472,502,Aug30_1/146-20190825153230-snapshot.jpg
3,1,20190825,153330,83,2,692,321,747,392,Aug30_1/146-20190825153330-snapshot.jpg
3,1,20190825,153400,86,2,626,262,718,319,Aug30_1/146-20190825153400-snapshot.jpg
3,1,20190825,153430,85,2,516,297,574,375,Aug30_1/146-20190825153430-snapshot.jpg
3,1,20190825,153500,81,2,275,420,359,490,Aug30_1/146-20190825153500-snapshot.jpg
3,1,20190825,153500,85,2,498,274,580,342,Aug30_1/146-20190825153500-snapshot.jpg
3,1,20190825,153500,86,2,615,739,703,797,Aug30_1/146-20190825153500-snapshot.jpg
3,1,20190825,153530,87,2,1590,845,1690,898,Aug30_1/146-20190825153530-snapshot.jpg
3,1,20190825,153600,81,2,797,482,855,558,Aug30_1/146-20190825153600-snapshot.jpg
3,1,20190825,153700,87,2,689,405,741,475,Aug30_1/146-20190825153700-snapshot.jpg
3,1,20190825,153730,82,2,1713,0,1777,59,Aug30_1/146-20190825153730-snapshot.jpg
3,1,20190825,153800,77,2,1536,112,1628,162,Aug30_1/146-20190825153800-snapshot.jpg
3,1,20190825,153800,79,2,1875,206,1920,280,Aug30_1/146-20190825153800-snapshot.jpg
3,1,20190825,153800,86,2,1631,336,1730,387,Aug30_1/146-20190825153800-snapshot.jpg
3,1,20190825,153900,83,2,423,393,489,457,Aug30_1/146-20190825153900-snapshot.jpg
3,1,20190825,153930,86,2,416,438,473,502,Aug30_1/146-20190825153930-snapshot.jpg
3,1,20190825,153930,87,2,664,775,749,833,Aug30_1/146-20190825153930-snapshot.jpg
3,1,20190825,154000,85,2,1421,72,1506,132,Aug30_1/146-20190825154000-snapshot.jpg
3,1,20190825,154100,86,2,1466,344,1525,418,Aug30_1/146-20190825154100-snapshot.jpg
3,1,20190825,154200,81,2,579,335,649,392,Aug30_1/146-20190825154200-snapshot.jpg
3,1,20190825,154200,88,2,696,327,773,400,Aug30_1/146-20190825154200-snapshot.jpg
3,1,20190825,154430,87,2,1744,351,1828,407,Aug30_1/146-20190825154430-snapshot.jpg
3,1,20190825,154500,77,2,1494,85,1552,147,Aug30_1/146-20190825154500-snapshot.jpg
3,1,20190825,154530,79,2,548,319,617,371,Aug30_1/146-20190825154530-snapshot.jpg
3,1,20190825,154530,83,2,672,768,765,819,Aug30_1/146-20190825154530-snapshot.jpg
3,1,20190825,154630,79,2,492,324,563,381,Aug30_1/146-20190825154630-snapshot.jpg
3,1,20190825,154700,86,2,658,107,744,171,Aug30_1/146-20190825154700-snapshot.jpg
3,1,20190825,154730,73,2,204,359,262,432,Aug30_1/146-20190825154730-snapshot.jpg
3,1,20190825,154900,85,2,1471,294,1560,344,Aug30_1/146-20190825154900-snapshot.jpg
3,1,20190825,154930,71,2,545,304,623,370,Aug30_1/146-20190825154930-snapshot.jpg
3,1,20190825,154930,88,4,673,780,769,851,Aug30_1/146-20190825154930-snapshot.jpg
3,1,20190825,155000,84,2,1463,175,1527,258,Aug30_1/146-20190825155000-snapshot.jpg
3,1,20190825,155030,82,2,835,767,920,822,Aug30_1/146-20190825155030-snapshot.jpg
3,1,20190825,155130,87,2,1625,803,1705,874,Aug30_1/146-20190825155130-snapshot.jpg
3,1,20190825,155230,86,2,1721,238,1797,307,Aug30_1/146-20190825155230-snapshot.jpg
3,1,20190825,155300,79,2,457,293,536,357,Aug30_1/146-20190825155300-snapshot.jpg
3,1,20190825,155330,84,2,1286,129,1371,183,Aug30_1/146-20190825155330-snapshot.jpg
3,1,20190825,155400,75,2,1,263,82,334,Aug30_1/146-20190825155400-snapshot.jpg
3,1,20190825,155430,83,2,443,400,519,459,Aug30_1/146-20190825155430-snapshot.jpg
3,1,20190825,155500,79,2,490,272,554,348,Aug30_1/146-20190825155500-snapshot.jpg
3,1,20190825,155500,88,2,832,729,916,793,Aug30_1/146-20190825155500-snapshot.jpg
3,1,20190825,155530,87,2,794,699,873,769,Aug30_1/146-20190825155530-snapshot.jpg
3,1,20190825,155600,81,2,665,728,723,791,Aug30_1/146-20190825155600-snapshot.jpg
3,1,20190825,155630,78,2,1880,89,1920,163,Aug30_1/146-20190825155630-snapshot.jpg
3,1,20190825,155700,78,2,751,464,833,540,Aug30_1/146-20190825155700-snapshot.jpg
3,1,20190825,155730,81,2,1498,108,1558,185,Aug30_1/146-20190825155730-snapshot.jpg
3,1,20190825,155800,80,2,62,451,161,533,Aug30_1/146-20190825155800-snapshot.jpg
3,1,20190825,155800,83,2,1854,94,1920,155,Aug30_1/146-20190825155800-snapshot.jpg
3,1,20190825,155800,87,2,1722,335,1818,386,Aug30_1/146-20190825155800-snapshot.jpg
3,1,20190825,155900,70,2,1886,178,1920,249,Aug30_1/146-20190825155900-snapshot.jpg
3,1,20190825,155900,77,2,750,309,807,370,Aug30_1/146-20190825155900-snapshot.jpg
3,1,20190825,155930,77,2,68,807,155,861,Aug30_1/146-20190825155930-snapshot.jpg
3,1,20190825,155930,84,2,508,288,579,354,Aug30_1/146-20190825155930-snapshot.jpg
3,1,20190825,160030,81,2,164,417,253,504,Aug30_1/146-20190825160030-snapshot.jpg
3,1,20190825,160030,85,2,553,314,612,384,Aug30_1/146-20190825160030-snapshot.jpg
3,1,20190825,160200,87,2,228,152,285,234,Aug30_1/146-20190825160200-snapshot.jpg
3,1,20190825,160230,79,2,755,806,809,872,Aug30_1/146-20190825160230-snapshot.jpg
3,1,20190825,160230,87,2,481,423,537,491,Aug30_1/146-20190825160230-snapshot.jpg
3,1,20190825,160300,86,2,59,268,126,345,Aug30_1/146-20190825160300-snapshot.jpg
3,1,20190825,160330,69,2,237,903,320,972,Aug30_1/146-20190825160330-snapshot.jpg
3,1,20190825,160400,83,2,775,709,863,760,Aug30_1/146-20190825160400-snapshot.jpg
3,1,20190825,160430,83,2,528,334,611,382,Aug30_1/146-20190825160430-snapshot.jpg
3,1,20190825,160500,84,2,1805,253,1874,325,Aug30_1/146-20190825160500-snapshot.jpg
3,1,20190825,160530,83,2,1676,697,1738,768,Aug30_1/146-20190825160530-snapshot.jpg
3,1,20190825,160600,79,2,1770,284,1848,328,Aug30_1/146-20190825160600-snapshot.jpg
3,1,20190825,160600,84,2,695,732,754,805,Aug30_1/146-20190825160600-snapshot.jpg
3,1,20190825,160630,84,2,457,398,537,451,Aug30_1/146-20190825160630-snapshot.jpg
3,1,20190825,160700,87,2,446,338,527,403,Aug30_1/146-20190825160700-snapshot.jpg
3,1,20190825,160800,85,2,48,264,109,336,Aug30_1/146-20190825160800-snapshot.jpg
3,1,20190825,160900,78,2,190,408,273,486,Aug30_1/146-20190825160900-snapshot.jpg
3,1,20190825,160900,80,2,680,276,759,333,Aug30_1/146-20190825160900-snapshot.jpg
3,1,20190825,160900,86,2,1658,12,1761,71,Aug30_1/146-20190825160900-snapshot.jpg
3,1,20190825,161000,87,2,420,501,478,579,Aug30_1/146-20190825161000-snapshot.jpg
3,1,20190825,161300,77,2,1686,745,1762,800,Aug30_1/146-20190825161300-snapshot.jpg
3,1,20190825,161300,83,2,774,865,836,936,Aug30_1/146-20190825161300-snapshot.jpg
3,1,20190825,161530,89,2,1678,297,1769,361,Aug30_1/146-20190825161530-snapshot.jpg
3,1,20190825,161630,79,2,111,151,180,233,Aug30_1/146-20190825161630-snapshot.jpg
3,1,20190825,161630,84,2,1696,390,1791,471,Aug30_1/146-20190825161630-snapshot.jpg
3,1,20190825,161630,87,3,1766,274,1865,333,Aug30_1/146-20190825161630-snapshot.jpg
3,1,20190825,161700,84,2,699,243,759,331,Aug30_1/146-20190825161700-snapshot.jpg
3,1,20190825,161700,86,2,1748,21,1808,104,Aug30_1/146-20190825161700-snapshot.jpg
3,1,20190825,161700,88,4,698,738,766,826,Aug30_1/146-20190825161700-snapshot.jpg
3,1,20190825,161730,83,7,540,514,691,594,Aug30_1/146-20190825161730-snapshot.jpg
3,1,20190825,161800,88,7,585,699,722,812,Aug30_1/146-20190825161800-snapshot.jpg
3,1,20190825,161830,76,2,275,380,360,451,Aug30_1/146-20190825161830-snapshot.jpg
3,1,20190825,161830,78,2,409,923,475,980,Aug30_1/146-20190825161830-snapshot.jpg
3,1,20190825,162000,81,2,97,112,175,180,Aug30_1/146-20190825162000-snapshot.jpg
3,1,20190825,162030,84,2,632,356,696,416,Aug30_1/146-20190825162030-snapshot.jpg
3,1,20190825,162030,85,2,58,231,140,299,Aug30_1/146-20190825162030-snapshot.jpg
3,1,20190825,162100,85,2,1737,116,1807,174,Aug30_1/146-20190825162100-snapshot.jpg
3,1,20190825,162130,76,2,581,328,681,404,Aug30_1/146-20190825162130-snapshot.jpg
3,1,20190825,162130,79,2,867,548,925,621,Aug30_1/146-20190825162130-snapshot.jpg
3,1,20190825,162130,82,2,1674,731,1756,786,Aug30_1/146-20190825162130-snapshot.jpg
3,1,20190825,162230,78,2,1442,247,1512,319,Aug30_1/146-20190825162230-snapshot.jpg
3,1,20190825,162230,86,2,1580,92,1662,161,Aug30_1/146-20190825162230-snapshot.jpg
3,1,20190825,162300,84,2,1841,116,1920,174,Aug30_1/146-20190825162300-snapshot.jpg
3,1,20190825,162300,87,2,568,574,651,636,Aug30_1/146-20190825162300-snapshot.jpg
3,1,20190825,162300,88,2,1430,643,1521,720,Aug30_1/146-20190825162300-snapshot.jpg
3,1,20190825,162330,80,2,695,869,770,924,Aug30_1/146-20190825162330-snapshot.jpg
3,1,20190825,162330,86,2,1855,69,1920,142,Aug30_1/146-20190825162330-snapshot.jpg
3,1,20190825,162430,79,2,548,310,603,373,Aug30_1/146-20190825162430-snapshot.jpg
3,1,20190825,162500,87,2,1784,17,1838,97,Aug30_1/146-20190825162500-snapshot.jpg
3,1,20190825,162600,71,2,274,925,361,986,Aug30_1/146-20190825162600-snapshot.jpg
3,1,20190825,162600,86,2,1828,229,1896,304,Aug30_1/146-20190825162600-snapshot.jpg
3,1,20190825,162800,86,2,703,556,764,634,Aug30_1/146-20190825162800-snapshot.jpg
3,1,20190825,163030,80,2,1622,312,1675,365,Aug30_1/146-20190825163030-snapshot.jpg
3,1,20190825,163030,84,2,895,848,972,919,Aug30_1/146-20190825163030-snapshot.jpg
3,1,20190825,163130,68,2,567,314,629,381,Aug30_1/146-20190825163130-snapshot.jpg
3,1,20190825,163130,79,2,1886,122,1920,211,Aug30_1/146-20190825163130-snapshot.jpg
3,1,20190825,163200,87,2,976,570,1056,645,Aug30_1/146-20190825163200-snapshot.jpg
3,1,20190825,163300,86,2,428,400,498,486,Aug30_1/146-20190825163300-snapshot.jpg
3,1,20190825,163500,81,2,901,850,966,919,Aug30_1/146-20190825163500-snapshot.jpg
3,1,20190825,163530,71,2,0,378,39,455,Aug30_1/146-20190825163530-snapshot.jpg
3,1,20190825,163530,75,2,355,429,436,498,Aug30_1/146-20190825163530-snapshot.jpg
3,1,20190825,163530,81,2,692,412,748,481,Aug30_1/146-20190825163530-snapshot.jpg
3,1,20190825,163530,87,2,1620,685,1678,754,Aug30_1/146-20190825163530-snapshot.jpg
3,1,20190825,163700,84,2,1755,10,1837,65,Aug30_1/146-20190825163700-snapshot.jpg
3,1,20190825,163830,82,2,641,731,713,795,Aug30_1/146-20190825163830-snapshot.jpg
3,1,20190825,163930,87,2,725,323,808,384,Aug30_1/146-20190825163930-snapshot.jpg
3,1,20190825,164000,78,2,481,142,540,219,Aug30_1/146-20190825164000-snapshot.jpg
3,1,20190825,164000,85,2,1625,303,1683,379,Aug30_1/146-20190825164000-snapshot.jpg
3,1,20190825,164030,89,2,260,837,350,902,Aug30_1/146-20190825164030-snapshot.jpg
3,1,20190825,164100,81,2,698,290,771,356,Aug30_1/146-20190825164100-snapshot.jpg
3,1,20190825,164130,87,2,38,285,97,368,Aug30_1/146-20190825164130-snapshot.jpg
3,1,20190825,164130,87,2,455,496,517,572,Aug30_1/146-20190825164130-snapshot.jpg
3,1,20190825,164200,86,2,747,279,832,338,Aug30_1/146-20190825164200-snapshot.jpg
3,1,20190825,164230,72,2,720,781,774,833,Aug30_1/146-20190825164230-snapshot.jpg
3,1,20190825,164300,88,2,776,599,863,657,Aug30_1/146-20190825164300-snapshot.jpg
3,1,20190825,164330,81,2,1827,187,1911,244,Aug30_1/146-20190825164330-snapshot.jpg
3,1,20190825,164330,85,2,1206,948,1268,1028,Aug30_1/146-20190825164330-snapshot.jpg
3,1,20190825,164330,85,2,1691,740,1747,813,Aug30_1/146-20190825164330-snapshot.jpg
3,1,20190825,164400,80,2,267,639,348,715,Aug30_1/146-20190825164400-snapshot.jpg
3,1,20190825,164400,86,2,1808,192,1867,276,Aug30_1/146-20190825164400-snapshot.jpg
3,1,20190825,164900,86,2,693,751,752,823,Aug30_1/146-20190825164900-snapshot.jpg
3,1,20190825,164930,67,2,780,545,843,608,Aug30_1/146-20190825164930-snapshot.jpg
3,1,20190825,165000,81,2,1867,210,1920,271,Aug30_1/146-20190825165000-snapshot.jpg
3,1,20190825,165000,84,2,1296,29,1378,106,Aug30_1/146-20190825165000-snapshot.jpg
3,1,20190825,165030,80,2,232,938,314,1025,Aug30_1/146-20190825165030-snapshot.jpg
3,1,20190825,165030,82,8,479,986,533,1051,Aug30_1/146-20190825165030-snapshot.jpg
3,1,20190825,165130,84,2,1449,270,1505,342,Aug30_1/146-20190825165130-snapshot.jpg
3,1,20190825,165130,86,2,824,765,880,848,Aug30_1/146-20190825165130-snapshot.jpg
3,1,20190825,165130,87,2,1823,201,1908,271,Aug30_1/146-20190825165130-snapshot.jpg
3,1,20190825,165200,69,2,376,962,439,1032,Aug30_1/146-20190825165200-snapshot.jpg
3,1,20190825,165200,83,2,307,545,364,609,Aug30_1/146-20190825165200-snapshot.jpg
3,1,20190825,165230,68,2,777,862,858,927,Aug30_1/146-20190825165230-snapshot.jpg
3,1,20190825,165230,82,2,722,929,788,992,Aug30_1/146-20190825165230-snapshot.jpg
3,1,20190825,165230,84,2,276,201,354,281,Aug30_1/146-20190825165230-snapshot.jpg
3,1,20190825,165230,86,2,614,585,705,642,Aug30_1/146-20190825165230-snapshot.jpg
3,1,20190825,165300,78,2,708,871,764,932,Aug30_1/146-20190825165300-snapshot.jpg
3,1,20190825,165400,88,2,802,631,866,711,Aug30_1/146-20190825165400-snapshot.jpg
3,1,20190825,165430,80,2,479,164,541,246,Aug30_1/146-20190825165430-snapshot.jpg
3,1,20190825,165430,82,2,38,175,109,252,Aug30_1/146-20190825165430-snapshot.jpg
3,1,20190825,165530,57,2,83,26,149,98,Aug30_1/146-20190825165530-snapshot.jpg
3,1,20190825,165600,85,2,31,246,91,322,Aug30_1/146-20190825165600-snapshot.jpg
3,1,20190825,165630,82,2,131,311,221,389,Aug30_1/146-20190825165630-snapshot.jpg
3,1,20190825,165700,84,2,543,580,630,630,Aug30_1/146-20190825165700-snapshot.jpg
3,1,20190825,165730,81,2,746,804,804,880,Aug30_1/146-20190825165730-snapshot.jpg
3,1,20190825,165730,85,2,780,361,860,412,Aug30_1/146-20190825165730-snapshot.jpg
3,1,20190825,165730,89,3,1839,104,1920,188,Aug30_1/146-20190825165730-snapshot.jpg
3,1,20190825,165800,86,2,860,562,940,626,Aug30_1/146-20190825165800-snapshot.jpg
3,1,20190825,165800,88,3,1309,100,1393,189,Aug30_1/146-20190825165800-snapshot.jpg
3,1,20190825,165930,41,2,213,397,274,480,Aug30_1/146-20190825165930-snapshot.jpg
3,1,20190825,170000,87,2,1665,716,1727,788,Aug30_1/146-20190825170000-snapshot.jpg
3,1,20190825,170000,87,7,569,525,713,691,Aug30_1/146-20190825170000-snapshot.jpg
3,1,20190825,170300,89,2,701,401,750,477,Aug30_1/146-20190825170300-snapshot.jpg
3,1,20190825,170400,81,2,11,38,96,103,Aug30_1/146-20190825170400-snapshot.jpg
3,1,20190825,170400,85,2,643,557,705,635,Aug30_1/146-20190825170400-snapshot.jpg
3,1,20190825,170500,83,2,1623,706,1699,761,Aug30_1/146-20190825170500-snapshot.jpg
3,1,20190825,170700,73,2,1339,2,1431,77,Aug30_1/146-20190825170700-snapshot.jpg
3,1,20190825,170730,46,2,689,392,748,457,Aug30_1/146-20190825170730-snapshot.jpg
3,1,20190825,170800,86,2,465,425,540,499,Aug30_1/146-20190825170800-snapshot.jpg
3,1,20190825,170930,81,2,789,869,872,939,Aug30_1/146-20190825170930-snapshot.jpg
3,1,20190825,171000,87,2,827,706,911,773,Aug30_1/146-20190825171000-snapshot.jpg
3,1,20190825,171100,82,2,783,981,874,1032,Aug30_1/146-20190825171100-snapshot.jpg
3,1,20190825,171230,70,2,332,412,421,484,Aug30_1/146-20190825171230-snapshot.jpg
3,1,20190825,171230,84,2,644,650,698,708,Aug30_1/146-20190825171230-snapshot.jpg
3,1,20190825,171300,60,2,74,0,154,73,Aug30_1/146-20190825171300-snapshot.jpg
3,1,20190825,171300,86,2,414,386,470,467,Aug30_1/146-20190825171300-snapshot.jpg
3,1,20190825,171330,85,2,1645,326,1737,378,Aug30_1/146-20190825171330-snapshot.jpg
3,1,20190825,171400,83,3,1019,74,1112,149,Aug30_1/146-20190825171400-snapshot.jpg
3,1,20190825,171430,72,3,185,412,282,493,Aug30_1/146-20190825171430-snapshot.jpg
3,1,20190825,171500,82,2,686,593,760,670,Aug30_1/146-20190825171500-snapshot.jpg
3,1,20190825,171530,45,2,719,785,772,845,Aug30_1/146-20190825171530-snapshot.jpg
3,1,20190825,171700,78,2,577,331,635,392,Aug30_1/146-20190825171700-snapshot.jpg
3,1,20190825,171730,86,2,1766,173,1825,256,Aug30_1/146-20190825171730-snapshot.jpg
3,1,20190825,172000,85,2,1499,435,1557,508,Aug30_1/146-20190825172000-snapshot.jpg
3,1,20190825,172030,88,2,1341,143,1424,217,Aug30_1/146-20190825172030-snapshot.jpg
3,1,20190825,172130,80,2,1428,253,1493,330,Aug30_1/146-20190825172130-snapshot.jpg
3,1,20190825,172300,83,2,675,553,760,624,Aug30_1/146-20190825172300-snapshot.jpg
3,1,20190825,172330,82,2,948,620,1000,683,Aug30_1/146-20190825172330-snapshot.jpg
3,1,20190825,172400,47,2,66,304,152,371,Aug30_1/146-20190825172400-snapshot.jpg
3,1,20190825,172400,89,2,790,514,850,609,Aug30_1/146-20190825172400-snapshot.jpg
3,1,20190825,172430,86,2,1636,711,1730,763,Aug30_1/146-20190825172430-snapshot.jpg
3,1,20190825,172500,82,2,1738,856,1799,928,Aug30_1/146-20190825172500-snapshot.jpg
3,1,20190825,172500,85,4,516,263,601,327,Aug30_1/146-20190825172500-snapshot.jpg
3,1,20190825,172730,82,2,438,310,498,382,Aug30_1/146-20190825172730-snapshot.jpg
3,1,20190825,172900,83,2,1735,131,1795,206,Aug30_1/146-20190825172900-snapshot.jpg
3,1,20190825,173130,86,2,1802,37,1882,107,Aug30_1/146-20190825173130-snapshot.jpg
3,1,20190825,173230,69,2,479,171,543,256,Aug30_1/146-20190825173230-snapshot.jpg
3,1,20190825,173230,73,2,1487,82,1548,147,Aug30_1/146-20190825173230-snapshot.jpg
3,1,20190825,173430,81,2,863,864,945,924,Aug30_1/146-20190825173430-snapshot.jpg
3,1,20190825,173430,85,2,56,378,153,440,Aug30_1/146-20190825173430-snapshot.jpg
3,1,20190825,173500,87,2,618,547,703,611,Aug30_1/146-20190825173500-snapshot.jpg
3,1,20190825,173530,85,2,57,109,117,182,Aug30_1/146-20190825173530-snapshot.jpg
3,1,20190825,173600,83,2,1477,461,1555,530,Aug30_1/146-20190825173600-snapshot.jpg
3,1,20190825,173800,81,2,701,553,783,619,Aug30_1/146-20190825173800-snapshot.jpg
3,1,20190825,173800,84,2,536,345,589,418,Aug30_1/146-20190825173800-snapshot.jpg
3,1,20190825,173900,85,2,257,197,355,260,Aug30_1/146-20190825173900-snapshot.jpg
3,1,20190825,174200,86,2,513,107,596,172,Aug30_1/146-20190825174200-snapshot.jpg
3,1,20190825,174300,81,2,707,875,764,937,Aug30_1/146-20190825174300-snapshot.jpg
3,1,20190825,174400,48,2,74,2,150,78,Aug30_1/146-20190825174400-snapshot.jpg
3,1,20190825,174400,86,2,653,710,726,766,Aug30_1/146-20190825174400-snapshot.jpg
3,1,20190825,174400,90,2,1643,332,1727,403,Aug30_1/146-20190825174400-snapshot.jpg
3,1,20190825,174630,84,2,171,420,276,500,Aug30_1/146-20190825174630-snapshot.jpg
3,1,20190825,174730,71,2,313,986,391,1071,Aug30_1/146-20190825174730-snapshot.jpg
3,1,20190825,174800,84,2,501,430,562,498,Aug30_1/146-20190825174800-snapshot.jpg
3,1,20190825,174800,87,2,810,656,867,734,Aug30_1/146-20190825174800-snapshot.jpg
3,1,20190825,174900,85,2,798,544,888,624,Aug30_1/146-20190825174900-snapshot.jpg
3,1,20190825,174930,26,2,1717,0,1775,46,Aug30_1/146-20190825174930-snapshot.jpg
3,1,20190825,175000,83,2,703,764,791,807,Aug30_1/146-20190825175000-snapshot.jpg
3,1,20190825,175000,85,2,1490,429,1556,500,Aug30_1/146-20190825175000-snapshot.jpg
3,1,20190825,175030,83,2,1783,21,1841,100,Aug30_1/146-20190825175030-snapshot.jpg
3,1,20190825,175100,84,2,640,709,701,789,Aug30_1/146-20190825175100-snapshot.jpg
3,1,20190825,175200,87,7,295,927,479,1049,Aug30_1/146-20190825175200-snapshot.jpg
3,1,20190825,175300,82,3,1824,89,1904,170,Aug30_1/146-20190825175300-snapshot.jpg
3,1,20190825,175500,87,2,1852,84,1912,168,Aug30_1/146-20190825175500-snapshot.jpg
3,1,20190825,175530,85,2,1478,453,1563,504,Aug30_1/146-20190825175530-snapshot.jpg
3,1,20190825,175630,83,2,755,782,846,838,Aug30_1/146-20190825175630-snapshot.jpg
3,1,20190825,175830,73,2,550,316,606,381,Aug30_1/146-20190825175830-snapshot.jpg
3,1,20190825,175830,82,2,1763,167,1820,230,Aug30_1/146-20190825175830-snapshot.jpg
3,1,20190825,175900,63,2,1469,2,1550,59,Aug30_1/146-20190825175900-snapshot.jpg
3,1,20190825,175900,85,2,659,389,710,460,Aug30_1/146-20190825175900-snapshot.jpg
3,1,20190825,175930,71,4,1867,37,1920,126,Aug30_1/146-20190825175930-snapshot.jpg
3,1,20190825,180000,84,2,1322,66,1406,122,Aug30_1/146-20190825180000-snapshot.jpg
3,1,20190825,180130,36,2,84,15,148,98,Aug30_1/146-20190825180130-snapshot.jpg
3,1,20190825,180230,32,2,1648,1,1709,43,Aug30_1/146-20190825180230-snapshot.jpg
3,1,20190825,180300,88,2,227,194,327,260,Aug30_1/146-20190825180300-snapshot.jpg
3,1,20190825,180430,79,2,431,325,490,394,Aug30_1/146-20190825180430-snapshot.jpg
3,1,20190825,180430,82,2,511,794,588,860,Aug30_1/146-20190825180430-snapshot.jpg
3,1,20190825,180530,84,2,461,432,533,485,Aug30_1/146-20190825180530-snapshot.jpg
3,1,20190825,180530,87,2,1151,261,1236,335,Aug30_1/146-20190825180530-snapshot.jpg
3,1,20190825,180600,83,2,626,833,685,912,Aug30_1/146-20190825180600-snapshot.jpg
3,1,20190825,180630,84,2,449,345,508,422,Aug30_1/146-20190825180630-snapshot.jpg
3,1,20190825,180700,84,2,0,282,76,356,Aug30_1/146-20190825180700-snapshot.jpg
3,1,20190825,180700,86,2,1485,434,1567,486,Aug30_1/146-20190825180700-snapshot.jpg
3,1,20190825,180730,86,2,1683,357,1778,410,Aug30_1/146-20190825180730-snapshot.jpg
3,1,20190825,180800,85,2,1290,598,1376,676,Aug30_1/146-20190825180800-snapshot.jpg
3,1,20190825,180830,85,2,774,793,868,850,Aug30_1/146-20190825180830-snapshot.jpg
3,1,20190825,180900,73,3,553,338,645,407,Aug30_1/146-20190825180900-snapshot.jpg
3,1,20190825,180930,88,3,692,784,798,854,Aug30_1/146-20190825180930-snapshot.jpg
3,1,20190825,181000,86,2,1669,333,1758,388,Aug30_1/146-20190825181000-snapshot.jpg
3,1,20190825,181030,45,2,76,3,147,83,Aug30_1/146-20190825181030-snapshot.jpg
3,1,20190825,181030,82,2,809,532,864,606,Aug30_1/146-20190825181030-snapshot.jpg
3,1,20190825,181030,88,2,454,411,513,489,Aug30_1/146-20190825181030-snapshot.jpg
3,1,20190825,181130,79,2,1733,864,1812,934,Aug30_1/146-20190825181130-snapshot.jpg
3,1,20190825,181130,86,2,1301,68,1389,122,Aug30_1/146-20190825181130-snapshot.jpg
3,1,20190825,181300,78,2,1166,98,1241,150,Aug30_1/146-20190825181300-snapshot.jpg
3,1,20190825,181430,67,2,1478,2,1559,51,Aug30_1/146-20190825181430-snapshot.jpg
3,1,20190825,181500,83,2,1879,107,1920,196,Aug30_1/146-20190825181500-snapshot.jpg
3,1,20190825,181530,82,2,1543,104,1640,161,Aug30_1/146-20190825181530-snapshot.jpg
3,1,20190825,181700,34,2,1761,186,1831,255,Aug30_1/146-20190825181700-snapshot.jpg
3,1,20190825,181700,81,2,1592,553,1674,633,Aug30_1/146-20190825181700-snapshot.jpg
3,1,20190825,181700,86,2,921,670,975,741,Aug30_1/146-20190825181700-snapshot.jpg
3,1,20190825,181930,63,2,307,497,384,569,Aug30_1/146-20190825181930-snapshot.jpg
3,1,20190825,181930,85,2,1055,33,1110,110,Aug30_1/146-20190825181930-snapshot.jpg
3,1,20190825,181930,87,2,1751,50,1838,109,Aug30_1/146-20190825181930-snapshot.jpg
3,1,20190825,182000,83,2,911,716,966,795,Aug30_1/146-20190825182000-snapshot.jpg
3,1,20190825,182030,87,2,669,354,747,415,Aug30_1/146-20190825182030-snapshot.jpg
3,1,20190825,182100,87,2,717,297,790,374,Aug30_1/146-20190825182100-snapshot.jpg
3,1,20190825,182130,86,2,863,791,937,871,Aug30_1/146-20190825182130-snapshot.jpg
3,1,20190825,182300,55,2,74,24,153,97,Aug30_1/146-20190825182300-snapshot.jpg
3,1,20190825,182400,30,8,1399,134,1478,179,Aug30_1/146-20190825182400-snapshot.jpg
3,1,20190825,182400,57,2,1399,134,1476,178,Aug30_1/146-20190825182400-snapshot.jpg
3,1,20190825,182400,87,2,799,777,886,844,Aug30_1/146-20190825182400-snapshot.jpg
3,1,20190825,182430,80,2,37,294,107,358,Aug30_1/146-20190825182430-snapshot.jpg
3,1,20190825,182500,70,2,78,144,161,210,Aug30_1/146-20190825182500-snapshot.jpg
3,1,20190825,182500,85,2,832,708,925,764,Aug30_1/146-20190825182500-snapshot.jpg
3,1,20190825,182500,87,2,1654,307,1724,386,Aug30_1/146-20190825182500-snapshot.jpg
3,1,20190825,182530,62,2,289,925,373,988,Aug30_1/146-20190825182530-snapshot.jpg
3,1,20190825,182530,73,7,1723,20,1895,162,Aug30_1/146-20190825182530-snapshot.jpg
3,1,20190825,182530,83,2,70,164,146,242,Aug30_1/146-20190825182530-snapshot.jpg
3,1,20190825,182600,76,2,88,159,162,227,Aug30_1/146-20190825182600-snapshot.jpg
3,1,20190825,182600,90,7,1652,145,1780,292,Aug30_1/146-20190825182600-snapshot.jpg
3,1,20190825,182630,71,2,107,130,189,187,Aug30_1/146-20190825182630-snapshot.jpg
3,1,20190825,182800,85,2,1385,279,1450,357,Aug30_1/146-20190825182800-snapshot.jpg
3,1,20190825,182800,86,2,248,911,338,961,Aug30_1/146-20190825182800-snapshot.jpg
3,1,20190825,182830,75,2,380,398,439,474,Aug30_1/146-20190825182830-snapshot.jpg
3,1,20190825,182830,86,2,1799,118,1896,176,Aug30_1/146-20190825182830-snapshot.jpg
3,1,20190825,183000,83,2,690,309,747,375,Aug30_1/146-20190825183000-snapshot.jpg
3,1,20190825,183000,87,2,539,581,632,636,Aug30_1/146-20190825183000-snapshot.jpg
3,1,20190825,183130,74,2,1526,94,1602,159,Aug30_1/146-20190825183130-snapshot.jpg
3,1,20190825,183530,84,2,755,812,815,891,Aug30_1/146-20190825183530-snapshot.jpg
3,1,20190825,183600,85,2,919,685,971,752,Aug30_1/146-20190825183600-snapshot.jpg
3,1,20190825,183630,79,2,1140,69,1209,143,Aug30_1/146-20190825183630-snapshot.jpg
3,1,20190825,183630,86,2,1752,147,1831,212,Aug30_1/146-20190825183630-snapshot.jpg
3,1,20190825,183630,88,4,0,268,106,343,Aug30_1/146-20190825183630-snapshot.jpg
3,1,20190825,183700,60,2,1735,0,1792,47,Aug30_1/146-20190825183700-snapshot.jpg
3,1,20190825,183800,87,2,1726,18,1815,83,Aug30_1/146-20190825183800-snapshot.jpg
3,1,20190825,184000,81,2,755,858,836,910,Aug30_1/146-20190825184000-snapshot.jpg
3,1,20190825,184000,82,2,179,416,265,480,Aug30_1/146-20190825184000-snapshot.jpg
3,1,20190825,184030,87,2,1744,304,1822,365,Aug30_1/146-20190825184030-snapshot.jpg
3,1,20190825,184100,88,3,363,473,453,545,Aug30_1/146-20190825184100-snapshot.jpg
3,1,20190825,184130,88,3,1672,337,1770,403,Aug30_1/146-20190825184130-snapshot.jpg
3,1,20190825,184400,80,2,703,773,770,840,Aug30_1/146-20190825184400-snapshot.jpg
3,1,20190825,184430,84,2,465,308,518,381,Aug30_1/146-20190825184430-snapshot.jpg
3,1,20190825,184600,72,2,326,1028,387,1078,Aug30_1/146-20190825184600-snapshot.jpg
3,1,20190825,184630,83,2,760,872,836,931,Aug30_1/146-20190825184630-snapshot.jpg
3,1,20190825,184630,89,2,675,514,756,575,Aug30_1/146-20190825184630-snapshot.jpg
3,1,20190825,184730,74,2,277,921,352,987,Aug30_1/146-20190825184730-snapshot.jpg
3,1,20190825,184800,80,2,268,397,357,453,Aug30_1/146-20190825184800-snapshot.jpg
3,1,20190825,184830,86,2,1294,34,1380,116,Aug30_1/146-20190825184830-snapshot.jpg
3,1,20190825,184830,87,2,810,541,868,620,Aug30_1/146-20190825184830-snapshot.jpg
3,1,20190825,184830,89,2,508,291,560,372,Aug30_1/146-20190825184830-snapshot.jpg
3,1,20190825,184900,88,7,17,255,177,407,Aug30_1/146-20190825184900-snapshot.jpg
3,1,20190825,184930,53,2,1646,0,1728,35,Aug30_1/146-20190825184930-snapshot.jpg
3,1,20190825,184930,86,7,352,472,506,584,Aug30_1/146-20190825184930-snapshot.jpg
3,1,20190825,185000,86,7,524,583,674,748,Aug30_1/146-20190825185000-snapshot.jpg
3,1,20190825,185030,84,2,666,357,744,408,Aug30_1/146-20190825185030-snapshot.jpg
3,1,20190825,185030,86,7,715,621,841,835,Aug30_1/146-20190825185030-snapshot.jpg
3,1,20190825,185130,34,2,763,869,842,921,Aug30_1/146-20190825185130-snapshot.jpg
3,1,20190825,185330,82,2,1320,7,1386,82,Aug30_1/146-20190825185330-snapshot.jpg
3,1,20190825,185400,86,2,1197,700,1259,795,Aug30_1/146-20190825185400-snapshot.jpg
3,1,20190825,185600,88,2,608,767,682,827,Aug30_1/146-20190825185600-snapshot.jpg
3,1,20190825,185630,77,2,737,342,788,409,Aug30_1/146-20190825185630-snapshot.jpg
3,1,20190825,185700,87,2,1763,127,1826,209,Aug30_1/146-20190825185700-snapshot.jpg
3,1,20190825,185830,87,3,1443,450,1544,510,Aug30_1/146-20190825185830-snapshot.jpg
3,1,20190825,190130,70,2,390,968,455,1034,Aug30_1/146-20190825190130-snapshot.jpg
3,1,20190825,190130,84,2,1661,77,1723,151,Aug30_1/146-20190825190130-snapshot.jpg
3,1,20190825,190230,58,4,1880,3,1920,72,Aug30_1/146-20190825190230-snapshot.jpg
3,1,20190825,190300,82,4,454,428,544,492,Aug30_1/146-20190825190300-snapshot.jpg
3,1,20190825,190300,87,2,704,394,756,475,Aug30_1/146-20190825190300-snapshot.jpg
3,1,20190825,190330,79,4,63,9,152,84,Aug30_1/146-20190825190330-snapshot.jpg
3,1,20190825,190400,76,2,1869,213,1920,286,Aug30_1/146-20190825190400-snapshot.jpg
3,1,20190825,190430,75,2,1878,104,1920,192,Aug30_1/146-20190825190430-snapshot.jpg
3,1,20190825,190500,79,2,1492,79,1546,137,Aug30_1/146-20190825190500-snapshot.jpg
3,1,20190825,190500,87,2,1700,277,1769,357,Aug30_1/146-20190825190500-snapshot.jpg
3,1,20190825,190530,32,2,487,245,544,320,Aug30_1/146-20190825190530-snapshot.jpg
3,1,20190825,190600,74,2,246,916,323,987,Aug30_1/146-20190825190600-snapshot.jpg
3,1,20190825,190630,81,2,184,417,268,492,Aug30_1/146-20190825190630-snapshot.jpg
3,1,20190825,190830,84,2,8,254,93,312,Aug30_1/146-20190825190830-snapshot.jpg
3,1,20190825,190900,34,2,477,196,542,277,Aug30_1/146-20190825190900-snapshot.jpg
3,1,20190825,191330,80,3,731,837,809,896,Aug30_1/146-20190825191330-snapshot.jpg
3,1,20190825,191330,89,4,1300,60,1393,146,Aug30_1/146-20190825191330-snapshot.jpg
3,1,20190825,191730,82,2,1846,54,1920,109,Aug30_1/146-20190825191730-snapshot.jpg
3,1,20190825,191830,85,2,746,803,808,876,Aug30_1/146-20190825191830-snapshot.jpg
3,1,20190825,191900,87,2,666,510,725,583,Aug30_1/146-20190825191900-snapshot.jpg
3,1,20190825,191930,79,2,296,384,368,454,Aug30_1/146-20190825191930-snapshot.jpg
3,1,20190825,192030,36,2,627,771,680,819,Aug30_1/146-20190825192030-snapshot.jpg
3,1,20190825,192030,87,2,395,474,453,557,Aug30_1/146-20190825192030-snapshot.jpg
3,1,20190825,192100,82,2,1810,192,1886,272,Aug30_1/146-20190825192100-snapshot.jpg
3,1,20190825,192130,87,2,823,760,883,843,Aug30_1/146-20190825192130-snapshot.jpg
3,1,20190825,192200,87,2,726,361,804,418,Aug30_1/146-20190825192200-snapshot.jpg
3,1,20190825,192430,61,2,529,871,610,943,Aug30_1/146-20190825192430-snapshot.jpg
3,1,20190825,193100,88,2,706,566,800,626,Aug30_1/146-20190825193100-snapshot.jpg
3,1,20190825,193230,85,2,866,707,959,763,Aug30_1/146-20190825193230-snapshot.jpg
3,1,20190825,193330,85,2,1675,326,1743,395,Aug30_1/146-20190825193330-snapshot.jpg
3,1,20190825,193930,87,2,498,536,576,602,Aug30_1/146-20190825193930-snapshot.jpg
3,1,20190825,194000,88,4,1729,138,1815,219,Aug30_1/146-20190825194000-snapshot.jpg
3,1,20190825,194130,84,2,942,677,1019,729,Aug30_1/146-20190825194130-snapshot.jpg
3,1,20190825,194700,86,2,761,566,843,629,Aug30_1/146-20190825194700-snapshot.jpg
3,1,20190825,194730,80,2,755,802,812,863,Aug30_1/146-20190825194730-snapshot.jpg
3,1,20190825,194800,81,2,649,730,706,810,Aug30_1/146-20190825194800-snapshot.jpg
3,1,20190825,194830,87,2,654,509,713,588,Aug30_1/146-20190825194830-snapshot.jpg
3,1,20190825,194900,85,2,1,361,58,438,Aug30_1/146-20190825194900-snapshot.jpg
3,1,20190825,194900,86,2,503,417,559,486,Aug30_1/146-20190825194900-snapshot.jpg
3,1,20190825,194930,87,2,1601,264,1686,326,Aug30_1/146-20190825194930-snapshot.jpg
3,1,20190825,194930,87,2,594,155,684,212,Aug30_1/146-20190825194930-snapshot.jpg
3,1,20190825,195830,88,2,835,698,924,758,Aug30_1/146-20190825195830-snapshot.jpg
3,1,20190825,195900,85,2,535,850,602,923,Aug30_1/146-20190825195900-snapshot.jpg
3,1,20190825,200430,89,2,890,555,978,634,Aug30_1/146-20190825200430-snapshot.jpg
3,1,20190825,202330,86,2,1845,189,1912,268,Aug30_1/146-20190825202330-snapshot.jpg
3,1,20190825,202700,47,8,721,961,806,1017,Aug30_1/146-20190825202700-snapshot.jpg
3,1,20190825,204300,77,8,421,258,497,362,Aug30_1/147-20190825204300-snapshot.jpg
3,1,20190826,061630,86,2,1641,330,1729,392,Aug30_1/157-20190826061630-snapshot.jpg
3,1,20190826,073830,82,3,703,506,778,585,Aug30_1/157-20190826073830-snapshot.jpg
3,1,20190826,074430,84,8,1327,797,1386,877,Aug30_1/157-20190826074430-snapshot.jpg
3,1,20190826,081200,85,2,893,677,978,747,Aug30_1/157-20190826081200-snapshot.jpg
3,1,20190826,081230,85,2,142,320,229,375,Aug30_1/157-20190826081230-snapshot.jpg
3,1,20190826,081300,86,2,528,843,588,922,Aug30_1/157-20190826081300-snapshot.jpg
3,1,20190826,081500,87,2,578,873,675,952,Aug30_1/157-20190826081500-snapshot.jpg
3,1,20190826,091330,89,3,1308,18,1400,99,Aug30_1/157-20190826091330-snapshot.jpg
3,1,20190826,091500,87,3,726,807,817,881,Aug30_1/157-20190826091500-snapshot.jpg
3,1,20190826,091530,86,2,159,332,238,388,Aug30_1/157-20190826091530-snapshot.jpg
3,1,20190826,091630,88,2,17,266,119,328,Aug30_1/157-20190826091630-snapshot.jpg
3,1,20190826,092030,87,2,880,609,966,683,Aug30_1/157-20190826092030-snapshot.jpg
3,1,20190826,092130,81,2,1621,270,1680,340,Aug30_1/157-20190826092130-snapshot.jpg
3,1,20190826,092130,88,3,582,908,678,967,Aug30_1/157-20190826092130-snapshot.jpg
3,1,20190826,092430,80,2,210,397,305,481,Aug30_1/157-20190826092430-snapshot.jpg
3,1,20190826,092630,72,2,1657,774,1714,840,Aug30_1/157-20190826092630-snapshot.jpg
3,1,20190826,092930,82,8,1387,661,1478,712,Aug30_1/157-20190826092930-snapshot.jpg
3,1,20190826,093030,54,2,1716,0,1780,41,Aug30_1/157-20190826093030-snapshot.jpg
3,1,20190826,093200,47,2,1519,51,1590,118,Aug30_1/157-20190826093200-snapshot.jpg
3,1,20190826,093300,85,8,876,166,954,231,Aug30_1/157-20190826093300-snapshot.jpg
3,1,20190826,093730,85,2,600,761,669,826,Aug30_1/157-20190826093730-snapshot.jpg
3,1,20190826,093800,73,2,0,213,43,271,Aug30_1/157-20190826093800-snapshot.jpg
3,1,20190826,094000,85,2,1382,305,1468,361,Aug30_1/157-20190826094000-snapshot.jpg
3,1,20190826,094030,81,2,604,763,682,812,Aug30_1/157-20190826094030-snapshot.jpg
3,1,20190826,094330,88,3,1291,33,1394,101,Aug30_1/157-20190826094330-snapshot.jpg
3,1,20190826,094700,82,2,1487,6,1566,77,Aug30_1/157-20190826094700-snapshot.jpg
3,1,20190826,094730,82,2,933,835,1020,879,Aug30_1/157-20190826094730-snapshot.jpg
3,1,20190826,094800,84,2,706,775,793,829,Aug30_1/157-20190826094800-snapshot.jpg
3,1,20190826,094900,82,2,783,875,870,933,Aug30_1/157-20190826094900-snapshot.jpg
3,1,20190826,094930,83,2,123,348,223,399,Aug30_1/157-20190826094930-snapshot.jpg
3,1,20190826,095130,76,8,1416,219,1473,285,Aug30_1/157-20190826095130-snapshot.jpg
3,1,20190826,095230,82,2,1774,295,1839,356,Aug30_1/157-20190826095230-snapshot.jpg
3,1,20190826,100000,86,2,1597,139,1657,224,Aug30_1/157-20190826100000-snapshot.jpg
3,1,20190826,100130,74,2,340,1013,429,1066,Aug30_1/157-20190826100130-snapshot.jpg
3,1,20190826,100200,89,2,837,730,897,820,Aug30_1/157-20190826100200-snapshot.jpg
3,1,20190826,100230,85,2,1718,318,1805,379,Aug30_1/157-20190826100230-snapshot.jpg
3,1,20190826,100300,68,2,328,1031,386,1080,Aug30_1/157-20190826100300-snapshot.jpg
3,1,20190826,100330,86,2,933,785,992,857,Aug30_1/157-20190826100330-snapshot.jpg
3,1,20190826,100900,87,2,1667,978,1756,1039,Aug30_1/157-20190826100900-snapshot.jpg
3,1,20190826,101430,58,2,298,926,368,986,Aug30_1/157-20190826101430-snapshot.jpg
3,1,20190826,101500,89,2,855,723,906,805,Aug30_1/157-20190826101500-snapshot.jpg
3,1,20190826,101530,87,2,138,341,218,416,Aug30_1/157-20190826101530-snapshot.jpg
3,1,20190826,101600,86,2,830,556,895,639,Aug30_1/157-20190826101600-snapshot.jpg
3,1,20190826,101630,81,2,892,855,963,919,Aug30_1/157-20190826101630-snapshot.jpg
3,1,20190826,101800,64,2,1305,0,1371,61,Aug30_1/157-20190826101800-snapshot.jpg
3,1,20190826,101830,83,2,719,312,799,367,Aug30_1/157-20190826101830-snapshot.jpg
3,1,20190826,101830,85,2,1611,115,1673,194,Aug30_1/157-20190826101830-snapshot.jpg
3,1,20190826,101900,76,2,475,431,529,492,Aug30_1/157-20190826101900-snapshot.jpg
3,1,20190826,101900,85,2,1619,136,1676,215,Aug30_1/157-20190826101900-snapshot.jpg
3,1,20190826,101930,67,2,372,1020,450,1064,Aug30_1/157-20190826101930-snapshot.jpg
3,1,20190826,101930,88,2,832,698,890,774,Aug30_1/157-20190826101930-snapshot.jpg
3,1,20190826,102000,85,2,1753,79,1838,141,Aug30_1/157-20190826102000-snapshot.jpg
3,1,20190826,102100,84,2,606,376,686,439,Aug30_1/157-20190826102100-snapshot.jpg
3,1,20190826,102200,44,7,1645,2,1770,57,Aug30_1/157-20190826102200-snapshot.jpg
3,1,20190826,102200,83,2,255,912,346,962,Aug30_1/157-20190826102200-snapshot.jpg
3,1,20190826,102200,86,2,473,415,548,468,Aug30_1/157-20190826102200-snapshot.jpg
3,1,20190826,102200,87,2,848,607,906,691,Aug30_1/157-20190826102200-snapshot.jpg
3,1,20190826,102230,87,7,744,762,853,929,Aug30_1/157-20190826102230-snapshot.jpg
3,1,20190826,102430,73,2,1251,50,1339,117,Aug30_1/157-20190826102430-snapshot.jpg
3,1,20190826,102600,65,2,262,276,321,345,Aug30_1/157-20190826102600-snapshot.jpg
3,1,20190826,103000,84,2,707,862,792,911,Aug30_1/157-20190826103000-snapshot.jpg
3,1,20190826,103000,86,2,153,344,248,398,Aug30_1/157-20190826103000-snapshot.jpg
3,1,20190826,103030,87,2,684,371,740,452,Aug30_1/157-20190826103030-snapshot.jpg
3,1,20190826,103100,78,2,703,877,763,938,Aug30_1/157-20190826103100-snapshot.jpg
3,1,20190826,103100,86,7,1428,360,1578,578,Aug30_1/157-20190826103100-snapshot.jpg
3,1,20190826,103130,80,2,1305,592,1393,640,Aug30_1/157-20190826103130-snapshot.jpg
3,1,20190826,103130,90,7,1510,34,1691,172,Aug30_1/157-20190826103130-snapshot.jpg
3,1,20190826,103200,75,2,1713,305,1784,375,Aug30_1/157-20190826103200-snapshot.jpg
3,1,20190826,103200,78,2,908,702,968,769,Aug30_1/157-20190826103200-snapshot.jpg
3,1,20190826,103230,77,2,1702,302,1775,365,Aug30_1/157-20190826103230-snapshot.jpg
3,1,20190826,103230,83,2,607,780,661,846,Aug30_1/157-20190826103230-snapshot.jpg
3,1,20190826,103300,27,2,1704,315,1773,385,Aug30_1/157-20190826103300-snapshot.jpg
3,1,20190826,103330,58,8,1572,369,1634,407,Aug30_1/157-20190826103330-snapshot.jpg
3,1,20190826,103330,87,2,533,364,620,438,Aug30_1/157-20190826103330-snapshot.jpg
3,1,20190826,104100,75,2,590,778,652,839,Aug30_1/157-20190826104100-snapshot.jpg
3,1,20190826,104130,85,2,669,607,749,669,Aug30_1/157-20190826104130-snapshot.jpg
3,1,20190826,104500,88,2,671,407,726,487,Aug30_1/157-20190826104500-snapshot.jpg
3,1,20190826,104530,84,2,134,334,211,405,Aug30_1/157-20190826104530-snapshot.jpg
3,1,20190826,104600,87,2,708,904,784,972,Aug30_1/157-20190826104600-snapshot.jpg
3,1,20190826,105000,81,8,1543,405,1631,446,Aug30_1/157-20190826105000-snapshot.jpg
3,1,20190826,105030,68,8,1540,411,1610,476,Aug30_1/157-20190826105030-snapshot.jpg
3,1,20190826,105030,76,2,348,1024,434,1067,Aug30_1/157-20190826105030-snapshot.jpg
3,1,20190826,105100,83,8,1611,565,1703,623,Aug30_1/157-20190826105100-snapshot.jpg
3,1,20190826,105630,87,2,844,742,905,830,Aug30_1/157-20190826105630-snapshot.jpg
3,1,20190826,105700,63,8,1830,244,1914,298,Aug30_1/157-20190826105700-snapshot.jpg
3,1,20190826,105930,88,3,657,394,733,477,Aug30_1/157-20190826105930-snapshot.jpg
3,1,20190826,110100,81,2,1062,67,1115,126,Aug30_1/157-20190826110100-snapshot.jpg
3,1,20190826,110130,79,2,470,411,521,472,Aug30_1/157-20190826110130-snapshot.jpg
3,1,20190826,110200,58,2,782,880,838,930,Aug30_1/157-20190826110200-snapshot.jpg
3,1,20190826,110200,85,2,757,795,844,848,Aug30_1/157-20190826110200-snapshot.jpg
3,1,20190826,110230,88,2,631,659,684,741,Aug30_1/157-20190826110230-snapshot.jpg
3,1,20190826,110300,85,2,955,674,1029,730,Aug30_1/157-20190826110300-snapshot.jpg
3,1,20190826,110430,85,2,839,868,929,932,Aug30_1/157-20190826110430-snapshot.jpg
3,1,20190826,110730,77,2,769,863,848,912,Aug30_1/157-20190826110730-snapshot.jpg
3,1,20190826,111030,85,7,769,646,915,816,Aug30_1/157-20190826111030-snapshot.jpg
3,1,20190826,111100,84,7,714,591,971,724,Aug30_1/157-20190826111100-snapshot.jpg
3,1,20190826,111200,74,2,82,17,156,89,Aug30_1/157-20190826111200-snapshot.jpg
3,1,20190826,111300,33,8,1279,898,1334,961,Aug30_1/157-20190826111300-snapshot.jpg
3,1,20190826,111300,35,2,1279,898,1334,961,Aug30_1/157-20190826111300-snapshot.jpg
3,1,20190826,111700,84,2,180,426,281,521,Aug30_1/157-20190826111700-snapshot.jpg
3,1,20190826,111730,75,2,443,1008,517,1057,Aug30_1/157-20190826111730-snapshot.jpg
3,1,20190826,111730,86,2,1511,40,1598,104,Aug30_1/157-20190826111730-snapshot.jpg
3,1,20190826,111900,44,2,478,152,550,232,Aug30_1/157-20190826111900-snapshot.jpg
3,1,20190826,111930,85,2,544,868,628,934,Aug30_1/157-20190826111930-snapshot.jpg
3,1,20190826,112000,86,2,758,763,855,819,Aug30_1/157-20190826112000-snapshot.jpg
3,1,20190826,112030,86,2,1474,338,1527,407,Aug30_1/157-20190826112030-snapshot.jpg
3,1,20190826,112100,82,2,192,325,262,380,Aug30_1/157-20190826112100-snapshot.jpg
3,1,20190826,112130,73,2,590,341,647,398,Aug30_1/157-20190826112130-snapshot.jpg
3,1,20190826,112130,82,2,910,786,985,836,Aug30_1/157-20190826112130-snapshot.jpg
3,1,20190826,112200,82,8,1530,355,1616,395,Aug30_1/157-20190826112200-snapshot.jpg
3,1,20190826,112330,82,2,1690,71,1750,145,Aug30_1/157-20190826112330-snapshot.jpg
3,1,20190826,112730,83,2,150,10,225,90,Aug30_1/157-20190826112730-snapshot.jpg
3,1,20190826,113700,82,2,1018,81,1106,135,Aug30_1/157-20190826113700-snapshot.jpg
3,1,20190826,113730,87,2,1577,150,1659,227,Aug30_1/157-20190826113730-snapshot.jpg
3,1,20190826,114130,64,2,1884,84,1920,139,Aug30_1/157-20190826114130-snapshot.jpg
3,1,20190826,114130,84,2,185,332,258,389,Aug30_1/157-20190826114130-snapshot.jpg
3,1,20190826,114300,87,2,1584,130,1682,193,Aug30_1/157-20190826114300-snapshot.jpg
3,1,20190826,114330,85,2,1686,54,1767,121,Aug30_1/157-20190826114330-snapshot.jpg
3,1,20190826,114400,77,2,274,389,337,463,Aug30_1/157-20190826114400-snapshot.jpg
3,1,20190826,114430,86,2,669,489,750,546,Aug30_1/157-20190826114430-snapshot.jpg
3,1,20190826,114500,81,2,766,877,839,929,Aug30_1/157-20190826114500-snapshot.jpg
3,1,20190826,114600,85,2,1165,30,1225,114,Aug30_1/157-20190826114600-snapshot.jpg
3,1,20190826,114630,85,2,653,763,711,836,Aug30_1/157-20190826114630-snapshot.jpg
3,1,20190826,115030,80,2,254,905,318,976,Aug30_1/157-20190826115030-snapshot.jpg
3,1,20190826,115100,85,2,614,705,696,752,Aug30_1/157-20190826115100-snapshot.jpg
3,1,20190826,115130,79,2,833,759,920,819,Aug30_1/157-20190826115130-snapshot.jpg
3,1,20190826,115200,88,2,826,698,912,762,Aug30_1/157-20190826115200-snapshot.jpg
3,1,20190826,115230,82,2,700,513,755,579,Aug30_1/157-20190826115230-snapshot.jpg
3,1,20190826,115530,85,2,1501,30,1584,95,Aug30_1/157-20190826115530-snapshot.jpg
3,1,20190826,115800,80,2,338,904,440,976,Aug30_1/157-20190826115800-snapshot.jpg
3,1,20190826,115800,89,2,706,393,763,477,Aug30_1/157-20190826115800-snapshot.jpg
3,1,20190826,115800,89,2,1310,588,1393,652,Aug30_1/157-20190826115800-snapshot.jpg
3,1,20190826,120030,81,2,0,183,46,261,Aug30_1/157-20190826120030-snapshot.jpg
3,1,20190826,120030,85,2,200,335,256,406,Aug30_1/157-20190826120030-snapshot.jpg
3,1,20190826,120100,89,3,1284,46,1385,114,Aug30_1/157-20190826120100-snapshot.jpg
3,1,20190826,120200,82,3,428,305,506,382,Aug30_1/157-20190826120200-snapshot.jpg
3,1,20190826,120330,85,2,754,825,826,902,Aug30_1/157-20190826120330-snapshot.jpg
3,1,20190826,120430,59,2,217,368,294,443,Aug30_1/157-20190826120430-snapshot.jpg
3,1,20190826,120500,82,2,484,451,563,501,Aug30_1/157-20190826120500-snapshot.jpg
3,1,20190826,120730,75,2,906,710,967,771,Aug30_1/157-20190826120730-snapshot.jpg
3,1,20190826,120800,34,2,1671,0,1728,34,Aug30_1/157-20190826120800-snapshot.jpg
3,1,20190826,120800,86,2,729,845,803,924,Aug30_1/157-20190826120800-snapshot.jpg
3,1,20190826,120800,86,2,592,317,676,378,Aug30_1/157-20190826120800-snapshot.jpg
3,1,20190826,120830,86,2,448,406,517,468,Aug30_1/157-20190826120830-snapshot.jpg
3,1,20190826,120900,84,2,554,808,631,864,Aug30_1/157-20190826120900-snapshot.jpg
3,1,20190826,121030,85,2,651,742,708,815,Aug30_1/157-20190826121030-snapshot.jpg
3,1,20190826,121100,68,2,645,581,713,645,Aug30_1/157-20190826121100-snapshot.jpg
3,1,20190826,121130,78,2,605,757,681,824,Aug30_1/157-20190826121130-snapshot.jpg
3,1,20190826,121400,49,2,339,1033,404,1080,Aug30_1/157-20190826121400-snapshot.jpg
3,1,20190826,121500,85,2,142,279,224,345,Aug30_1/157-20190826121500-snapshot.jpg
3,1,20190826,121500,86,2,462,295,542,364,Aug30_1/157-20190826121500-snapshot.jpg
3,1,20190826,121500,87,2,953,646,1006,718,Aug30_1/157-20190826121500-snapshot.jpg
3,1,20190826,121530,36,8,1889,357,1920,417,Aug30_1/157-20190826121530-snapshot.jpg
3,1,20190826,121530,78,2,275,917,337,982,Aug30_1/157-20190826121530-snapshot.jpg
3,1,20190826,121530,87,2,745,564,831,630,Aug30_1/157-20190826121530-snapshot.jpg
3,1,20190826,121600,72,2,509,802,587,858,Aug30_1/157-20190826121600-snapshot.jpg
3,1,20190826,121600,84,2,618,639,676,725,Aug30_1/157-20190826121600-snapshot.jpg
3,1,20190826,121600,86,2,1612,862,1694,919,Aug30_1/157-20190826121600-snapshot.jpg
3,1,20190826,121700,85,2,114,322,210,376,Aug30_1/157-20190826121700-snapshot.jpg
3,1,20190826,121800,88,2,739,316,796,402,Aug30_1/157-20190826121800-snapshot.jpg
3,1,20190826,121830,85,3,1742,478,1804,560,Aug30_1/157-20190826121830-snapshot.jpg
3,1,20190826,121900,78,2,539,889,615,942,Aug30_1/157-20190826121900-snapshot.jpg
3,1,20190826,121930,71,2,717,774,778,837,Aug30_1/157-20190826121930-snapshot.jpg
3,1,20190826,122000,85,2,682,401,757,453,Aug30_1/157-20190826122000-snapshot.jpg
3,1,20190826,122030,88,2,784,580,837,664,Aug30_1/157-20190826122030-snapshot.jpg
3,1,20190826,122100,86,2,1033,61,1095,140,Aug30_1/157-20190826122100-snapshot.jpg
3,1,20190826,122130,85,2,631,763,715,817,Aug30_1/157-20190826122130-snapshot.jpg
3,1,20190826,122130,87,2,707,280,765,359,Aug30_1/157-20190826122130-snapshot.jpg
3,1,20190826,122400,84,2,438,488,494,556,Aug30_1/157-20190826122400-snapshot.jpg
3,1,20190826,122430,60,2,1886,110,1920,171,Aug30_1/157-20190826122430-snapshot.jpg
3,1,20190826,122530,88,2,13,377,106,438,Aug30_1/157-20190826122530-snapshot.jpg
3,1,20190826,122600,85,8,1505,644,1599,721,Aug30_1/157-20190826122600-snapshot.jpg
3,1,20190826,122930,82,2,631,319,709,381,Aug30_1/157-20190826122930-snapshot.jpg
3,1,20190826,123030,87,2,702,481,756,560,Aug30_1/157-20190826123030-snapshot.jpg
3,1,20190826,123100,79,2,441,1001,511,1056,Aug30_1/157-20190826123100-snapshot.jpg
3,1,20190826,123100,85,2,1609,147,1686,220,Aug30_1/157-20190826123100-snapshot.jpg
3,1,20190826,123130,85,3,178,338,262,405,Aug30_1/157-20190826123130-snapshot.jpg
3,1,20190826,123130,85,2,662,272,751,325,Aug30_1/157-20190826123130-snapshot.jpg
3,1,20190826,123130,87,2,578,766,659,835,Aug30_1/157-20190826123130-snapshot.jpg
3,1,20190826,123200,72,4,355,1024,433,1069,Aug30_1/157-20190826123200-snapshot.jpg
3,1,20190826,123200,83,2,1442,399,1530,447,Aug30_1/157-20190826123200-snapshot.jpg
3,1,20190826,123200,85,2,163,391,250,461,Aug30_1/157-20190826123200-snapshot.jpg
3,1,20190826,123330,86,2,1036,47,1097,119,Aug30_1/157-20190826123330-snapshot.jpg
3,1,20190826,123500,86,2,945,678,1008,745,Aug30_1/157-20190826123500-snapshot.jpg
3,1,20190826,123600,79,2,439,1008,515,1055,Aug30_1/157-20190826123600-snapshot.jpg
3,1,20190826,123630,85,2,892,835,955,907,Aug30_1/157-20190826123630-snapshot.jpg
3,1,20190826,123700,87,2,413,420,494,475,Aug30_1/157-20190826123700-snapshot.jpg
3,1,20190826,123900,66,2,361,1016,430,1077,Aug30_1/157-20190826123900-snapshot.jpg
3,1,20190826,123900,82,2,635,747,708,806,Aug30_1/157-20190826123900-snapshot.jpg
3,1,20190826,124000,85,2,1662,62,1744,126,Aug30_1/157-20190826124000-snapshot.jpg
3,1,20190826,124030,82,2,866,726,950,781,Aug30_1/157-20190826124030-snapshot.jpg
3,1,20190826,124100,81,2,1579,85,1641,159,Aug30_1/157-20190826124100-snapshot.jpg
3,1,20190826,124330,84,8,1090,976,1148,1041,Aug30_1/157-20190826124330-snapshot.jpg
3,1,20190826,124400,88,3,1722,346,1826,414,Aug30_1/157-20190826124400-snapshot.jpg
3,1,20190826,124430,87,3,1457,343,1514,427,Aug30_1/157-20190826124430-snapshot.jpg
3,1,20190826,124500,85,2,1465,312,1535,373,Aug30_1/157-20190826124500-snapshot.jpg
3,1,20190826,124500,89,3,817,650,910,742,Aug30_1/157-20190826124500-snapshot.jpg
3,1,20190826,124630,75,2,666,462,735,530,Aug30_1/157-20190826124630-snapshot.jpg
3,1,20190826,124630,76,2,579,778,651,832,Aug30_1/157-20190826124630-snapshot.jpg
3,1,20190826,124700,69,2,269,391,354,451,Aug30_1/157-20190826124700-snapshot.jpg
3,1,20190826,124730,83,2,1305,52,1365,120,Aug30_1/157-20190826124730-snapshot.jpg
3,1,20190826,124800,89,2,685,399,740,475,Aug30_1/157-20190826124800-snapshot.jpg
3,1,20190826,124830,88,2,1439,402,1501,478,Aug30_1/157-20190826124830-snapshot.jpg
3,1,20190826,124900,74,2,443,1000,510,1045,Aug30_1/157-20190826124900-snapshot.jpg
3,1,20190826,125100,87,2,1738,89,1822,155,Aug30_1/157-20190826125100-snapshot.jpg
3,1,20190826,125200,87,2,194,355,275,427,Aug30_1/157-20190826125200-snapshot.jpg
3,1,20190826,125330,83,2,1636,96,1728,164,Aug30_1/157-20190826125330-snapshot.jpg
3,1,20190826,125530,87,2,811,741,890,812,Aug30_1/157-20190826125530-snapshot.jpg
3,1,20190826,125530,90,2,1335,583,1417,654,Aug30_1/157-20190826125530-snapshot.jpg
3,1,20190826,125630,85,2,1606,864,1697,916,Aug30_1/157-20190826125630-snapshot.jpg
3,1,20190826,125830,36,2,1892,6,1920,74,Aug30_1/157-20190826125830-snapshot.jpg
3,1,20190826,125900,79,2,1423,391,1508,446,Aug30_1/157-20190826125900-snapshot.jpg
3,1,20190826,125900,80,2,594,774,675,820,Aug30_1/157-20190826125900-snapshot.jpg
3,1,20190826,125900,80,2,170,415,270,489,Aug30_1/157-20190826125900-snapshot.jpg
3,1,20190826,125930,75,2,244,915,326,967,Aug30_1/157-20190826125930-snapshot.jpg
3,1,20190826,125930,78,2,562,325,619,386,Aug30_1/157-20190826125930-snapshot.jpg
3,1,20190826,125930,82,2,767,857,828,923,Aug30_1/157-20190826125930-snapshot.jpg
3,1,20190826,130100,78,2,547,901,626,955,Aug30_1/157-20190826130100-snapshot.jpg
3,1,20190826,130100,80,8,1557,921,1631,970,Aug30_1/157-20190826130100-snapshot.jpg
3,1,20190826,130230,86,2,506,333,569,402,Aug30_1/157-20190826130230-snapshot.jpg
3,1,20190826,130300,84,2,602,807,662,883,Aug30_1/157-20190826130300-snapshot.jpg
3,1,20190826,130530,87,2,700,258,776,332,Aug30_1/157-20190826130530-snapshot.jpg
3,1,20190826,130600,80,2,679,787,766,841,Aug30_1/157-20190826130600-snapshot.jpg
3,1,20190826,130800,84,2,156,319,227,394,Aug30_1/157-20190826130800-snapshot.jpg
3,1,20190826,130930,85,2,787,524,841,611,Aug30_1/157-20190826130930-snapshot.jpg
3,1,20190826,131000,76,2,1719,723,1779,793,Aug30_1/157-20190826131000-snapshot.jpg
3,1,20190826,131000,86,8,15,725,73,791,Aug30_1/157-20190826131000-snapshot.jpg
3,1,20190826,131000,86,2,1600,274,1675,343,Aug30_1/157-20190826131000-snapshot.jpg
3,1,20190826,131030,87,2,1646,850,1730,915,Aug30_1/157-20190826131030-snapshot.jpg
3,1,20190826,131230,88,3,1680,94,1785,165,Aug30_1/157-20190826131230-snapshot.jpg
3,1,20190826,131300,89,3,705,757,811,820,Aug30_1/157-20190826131300-snapshot.jpg
3,1,20190826,131530,64,2,1495,0,1567,47,Aug30_1/157-20190826131530-snapshot.jpg
3,1,20190826,131630,68,2,93,2,155,75,Aug30_1/157-20190826131630-snapshot.jpg
3,1,20190826,131800,86,3,1293,590,1359,664,Aug30_1/157-20190826131800-snapshot.jpg
3,1,20190826,131830,80,2,538,876,595,944,Aug30_1/157-20190826131830-snapshot.jpg
3,1,20190826,132000,84,2,1525,64,1584,140,Aug30_1/157-20190826132000-snapshot.jpg
3,1,20190826,132130,76,2,580,779,664,831,Aug30_1/157-20190826132130-snapshot.jpg
3,1,20190826,132130,76,2,41,503,121,570,Aug30_1/157-20190826132130-snapshot.jpg
3,1,20190826,132200,60,2,53,716,123,781,Aug30_1/157-20190826132200-snapshot.jpg
3,1,20190826,132200,84,2,1304,29,1387,104,Aug30_1/157-20190826132200-snapshot.jpg
3,1,20190826,132200,85,8,512,54,607,199,Aug30_1/157-20190826132200-snapshot.jpg
3,1,20190826,132330,86,2,475,447,539,518,Aug30_1/157-20190826132330-snapshot.jpg
3,1,20190826,132400,72,2,801,889,880,958,Aug30_1/157-20190826132400-snapshot.jpg
3,1,20190826,132400,83,2,956,685,1009,740,Aug30_1/157-20190826132400-snapshot.jpg
3,1,20190826,132700,83,2,773,886,860,936,Aug30_1/157-20190826132700-snapshot.jpg
3,1,20190826,132730,86,2,1683,71,1746,147,Aug30_1/157-20190826132730-snapshot.jpg
3,1,20190826,132900,86,2,723,756,800,813,Aug30_1/157-20190826132900-snapshot.jpg
3,1,20190826,132930,85,2,618,795,693,862,Aug30_1/157-20190826132930-snapshot.jpg
3,1,20190826,133000,74,2,652,753,708,822,Aug30_1/157-20190826133000-snapshot.jpg
3,1,20190826,133200,80,2,1577,642,1652,697,Aug30_1/157-20190826133200-snapshot.jpg
3,1,20190826,133230,75,2,1430,248,1535,330,Aug30_1/157-20190826133230-snapshot.jpg
3,1,20190826,133230,86,3,1743,120,1849,184,Aug30_1/157-20190826133230-snapshot.jpg
3,1,20190826,133330,83,2,1629,691,1698,751,Aug30_1/157-20190826133330-snapshot.jpg
3,1,20190826,133400,84,2,1606,145,1668,215,Aug30_1/157-20190826133400-snapshot.jpg
3,1,20190826,133700,84,2,448,431,507,487,Aug30_1/157-20190826133700-snapshot.jpg
3,1,20190826,133730,68,2,1711,731,1775,800,Aug30_1/157-20190826133730-snapshot.jpg
3,1,20190826,133930,85,2,1032,41,1090,111,Aug30_1/157-20190826133930-snapshot.jpg
3,1,20190826,134000,70,2,723,804,799,863,Aug30_1/157-20190826134000-snapshot.jpg
3,1,20190826,134200,77,2,1865,199,1920,254,Aug30_1/157-20190826134200-snapshot.jpg
3,1,20190826,134200,81,2,197,379,292,468,Aug30_1/157-20190826134200-snapshot.jpg
3,1,20190826,134230,83,2,150,327,227,393,Aug30_1/157-20190826134230-snapshot.jpg
3,1,20190826,134300,69,2,630,361,707,422,Aug30_1/157-20190826134300-snapshot.jpg
3,1,20190826,134300,84,2,1597,9,1674,69,Aug30_1/157-20190826134300-snapshot.jpg
3,1,20190826,134300,86,2,617,653,673,737,Aug30_1/157-20190826134300-snapshot.jpg
3,1,20190826,134700,71,2,803,888,879,948,Aug30_1/157-20190826134700-snapshot.jpg
3,1,20190826,134730,84,2,781,879,842,947,Aug30_1/157-20190826134730-snapshot.jpg
3,1,20190826,134730,86,2,568,772,659,827,Aug30_1/157-20190826134730-snapshot.jpg
3,1,20190826,134830,77,4,583,764,664,832,Aug30_1/157-20190826134830-snapshot.jpg
3,1,20190826,135200,87,3,177,870,256,942,Aug30_1/157-20190826135200-snapshot.jpg
3,1,20190826,135300,86,2,1281,630,1342,698,Aug30_1/157-20190826135300-snapshot.jpg
3,1,20190826,135330,83,2,592,774,651,845,Aug30_1/157-20190826135330-snapshot.jpg
3,1,20190826,135400,74,2,596,772,655,832,Aug30_1/157-20190826135400-snapshot.jpg
3,1,20190826,135430,83,3,485,437,582,498,Aug30_1/157-20190826135430-snapshot.jpg
3,1,20190826,135700,63,2,66,850,126,925,Aug30_1/157-20190826135700-snapshot.jpg
3,1,20190826,135700,86,2,1319,28,1407,87,Aug30_1/157-20190826135700-snapshot.jpg
3,1,20190826,135700,89,2,1028,134,1122,236,Aug30_1/157-20190826135700-snapshot.jpg
3,1,20190826,135730,80,2,1332,575,1407,644,Aug30_1/157-20190826135730-snapshot.jpg
3,1,20190826,135900,87,2,1461,50,1548,119,Aug30_1/157-20190826135900-snapshot.jpg
3,1,20190826,140000,83,2,3,392,85,454,Aug30_1/157-20190826140000-snapshot.jpg
3,1,20190826,140000,88,2,677,547,738,629,Aug30_1/157-20190826140000-snapshot.jpg
3,1,20190826,140030,82,2,1502,106,1567,181,Aug30_1/157-20190826140030-snapshot.jpg
3,1,20190826,140030,83,2,174,350,250,415,Aug30_1/157-20190826140030-snapshot.jpg
3,1,20190826,140130,77,2,1848,1,1909,54,Aug30_1/157-20190826140130-snapshot.jpg
3,1,20190826,140130,86,2,615,597,674,677,Aug30_1/157-20190826140130-snapshot.jpg
3,1,20190826,140200,79,2,707,872,768,941,Aug30_1/157-20190826140200-snapshot.jpg
3,1,20190826,140300,86,2,1657,341,1737,407,Aug30_1/157-20190826140300-snapshot.jpg
3,1,20190826,140400,87,2,422,481,504,552,Aug30_1/157-20190826140400-snapshot.jpg
3,1,20190826,140530,65,2,341,999,413,1062,Aug30_1/157-20190826140530-snapshot.jpg
3,1,20190826,140730,86,2,605,803,667,881,Aug30_1/157-20190826140730-snapshot.jpg
3,1,20190826,140830,80,2,1494,52,1575,114,Aug30_1/157-20190826140830-snapshot.jpg
3,1,20190826,140830,83,2,1643,864,1728,934,Aug30_1/157-20190826140830-snapshot.jpg
3,1,20190826,140900,55,2,1736,0,1797,34,Aug30_1/157-20190826140900-snapshot.jpg
3,1,20190826,140900,83,2,465,432,519,496,Aug30_1/157-20190826140900-snapshot.jpg
3,1,20190826,140900,85,2,1643,884,1702,964,Aug30_1/157-20190826140900-snapshot.jpg
3,1,20190826,140900,85,2,1662,696,1724,764,Aug30_1/157-20190826140900-snapshot.jpg
3,1,20190826,140930,79,2,303,384,384,450,Aug30_1/157-20190826140930-snapshot.jpg
3,1,20190826,141000,84,2,749,794,812,860,Aug30_1/157-20190826141000-snapshot.jpg
3,1,20190826,141030,85,2,1491,344,1557,398,Aug30_1/157-20190826141030-snapshot.jpg
3,1,20190826,141030,86,2,271,865,370,916,Aug30_1/157-20190826141030-snapshot.jpg
3,1,20190826,141130,84,2,415,517,496,570,Aug30_1/157-20190826141130-snapshot.jpg
3,1,20190826,141200,88,2,622,579,685,659,Aug30_1/157-20190826141200-snapshot.jpg
3,1,20190826,141230,81,2,42,212,99,288,Aug30_1/157-20190826141230-snapshot.jpg
3,1,20190826,141500,89,2,469,438,548,506,Aug30_1/157-20190826141500-snapshot.jpg
3,1,20190826,141530,86,2,1745,49,1829,123,Aug30_1/157-20190826141530-snapshot.jpg
3,1,20190826,141630,84,2,1860,181,1918,254,Aug30_1/157-20190826141630-snapshot.jpg
3,1,20190826,141730,39,2,318,1031,385,1080,Aug30_1/157-20190826141730-snapshot.jpg
3,1,20190826,141730,80,2,1720,851,1803,907,Aug30_1/157-20190826141730-snapshot.jpg
3,1,20190826,141730,86,2,1582,155,1664,222,Aug30_1/157-20190826141730-snapshot.jpg
3,1,20190826,141800,85,2,656,768,743,841,Aug30_1/157-20190826141800-snapshot.jpg
3,1,20190826,141900,85,2,501,388,565,453,Aug30_1/157-20190826141900-snapshot.jpg
3,1,20190826,142000,61,2,1517,5,1597,50,Aug30_1/157-20190826142000-snapshot.jpg
3,1,20190826,142030,88,2,826,710,914,775,Aug30_1/157-20190826142030-snapshot.jpg
3,1,20190826,142200,87,2,639,374,718,441,Aug30_1/157-20190826142200-snapshot.jpg
3,1,20190826,142630,86,2,1610,838,1698,905,Aug30_1/157-20190826142630-snapshot.jpg
3,1,20190826,142800,86,2,1625,841,1708,895,Aug30_1/157-20190826142800-snapshot.jpg
3,1,20190826,142830,79,2,365,1020,443,1070,Aug30_1/157-20190826142830-snapshot.jpg
3,1,20190826,142830,85,2,67,320,145,394,Aug30_1/157-20190826142830-snapshot.jpg
3,1,20190826,142900,83,2,1033,72,1117,129,Aug30_1/157-20190826142900-snapshot.jpg
3,1,20190826,142900,84,2,621,691,676,760,Aug30_1/157-20190826142900-snapshot.jpg
3,1,20190826,142930,82,2,1610,677,1691,724,Aug30_1/157-20190826142930-snapshot.jpg
3,1,20190826,142930,84,2,740,802,798,874,Aug30_1/157-20190826142930-snapshot.jpg
3,1,20190826,143100,82,2,763,876,845,932,Aug30_1/157-20190826143100-snapshot.jpg
3,1,20190826,143100,85,2,728,357,779,428,Aug30_1/157-20190826143100-snapshot.jpg
3,1,20190826,143130,75,2,521,821,602,885,Aug30_1/157-20190826143130-snapshot.jpg
3,1,20190826,143130,82,2,75,107,161,187,Aug30_1/157-20190826143130-snapshot.jpg
3,1,20190826,143130,85,2,167,312,224,387,Aug30_1/157-20190826143130-snapshot.jpg
3,1,20190826,143200,83,2,1606,29,1699,87,Aug30_1/157-20190826143200-snapshot.jpg
3,1,20190826,143230,84,2,622,704,684,771,Aug30_1/157-20190826143230-snapshot.jpg
3,1,20190826,143300,85,2,828,732,915,785,Aug30_1/157-20190826143300-snapshot.jpg
3,1,20190826,143530,83,2,503,761,567,824,Aug30_1/157-20190826143530-snapshot.jpg
3,1,20190826,143600,64,2,643,1,699,44,Aug30_1/157-20190826143600-snapshot.jpg
3,1,20190826,143700,85,2,836,687,928,735,Aug30_1/157-20190826143700-snapshot.jpg
3,1,20190826,143730,72,2,340,1035,425,1078,Aug30_1/157-20190826143730-snapshot.jpg
3,1,20190826,143730,74,2,1860,9,1920,60,Aug30_1/157-20190826143730-snapshot.jpg
3,1,20190826,143800,40,2,1744,1,1799,36,Aug30_1/157-20190826143800-snapshot.jpg
3,1,20190826,143800,56,3,0,183,46,247,Aug30_1/157-20190826143800-snapshot.jpg
3,1,20190826,143800,87,2,1566,420,1645,491,Aug30_1/157-20190826143800-snapshot.jpg
3,1,20190826,143930,87,2,224,223,306,305,Aug30_1/157-20190826143930-snapshot.jpg
3,1,20190826,144530,85,2,397,420,473,475,Aug30_1/157-20190826144530-snapshot.jpg
3,1,20190826,144600,84,2,24,344,121,404,Aug30_1/157-20190826144600-snapshot.jpg
3,1,20190826,144630,62,2,328,1036,402,1080,Aug30_1/157-20190826144630-snapshot.jpg
3,1,20190826,144700,77,2,638,583,711,642,Aug30_1/157-20190826144700-snapshot.jpg
3,1,20190826,144730,84,2,1843,10,1912,81,Aug30_1/157-20190826144730-snapshot.jpg
3,1,20190826,144800,80,2,931,822,989,886,Aug30_1/157-20190826144800-snapshot.jpg
3,1,20190826,144900,75,2,381,1033,456,1076,Aug30_1/157-20190826144900-snapshot.jpg
3,1,20190826,144930,78,2,688,786,762,841,Aug30_1/157-20190826144930-snapshot.jpg
3,1,20190826,145030,83,2,1558,160,1635,223,Aug30_1/157-20190826145030-snapshot.jpg
3,1,20190826,145100,72,2,482,226,546,299,Aug30_1/157-20190826145100-snapshot.jpg
3,1,20190826,145100,86,2,1611,853,1703,921,Aug30_1/157-20190826145100-snapshot.jpg
3,1,20190826,145130,84,2,1646,266,1740,321,Aug30_1/157-20190826145130-snapshot.jpg
3,1,20190826,145130,84,2,1310,16,1401,76,Aug30_1/157-20190826145130-snapshot.jpg
3,1,20190826,145130,87,2,717,343,794,404,Aug30_1/157-20190826145130-snapshot.jpg
3,1,20190826,145200,73,2,638,299,718,377,Aug30_1/157-20190826145200-snapshot.jpg
3,1,20190826,145200,85,2,635,578,692,651,Aug30_1/157-20190826145200-snapshot.jpg
3,1,20190826,145230,87,2,363,318,440,390,Aug30_1/157-20190826145230-snapshot.jpg
3,1,20190826,145330,81,2,1632,673,1711,730,Aug30_1/157-20190826145330-snapshot.jpg
3,1,20190826,145400,60,2,89,24,142,88,Aug30_1/157-20190826145400-snapshot.jpg
3,1,20190826,145430,82,2,773,556,861,625,Aug30_1/157-20190826145430-snapshot.jpg
3,1,20190826,145600,84,2,169,886,249,939,Aug30_1/157-20190826145600-snapshot.jpg
3,1,20190826,145700,86,2,1579,158,1661,216,Aug30_1/157-20190826145700-snapshot.jpg
3,1,20190826,145730,90,2,32,324,122,385,Aug30_1/157-20190826145730-snapshot.jpg
3,1,20190826,145830,82,2,515,422,591,475,Aug30_1/157-20190826145830-snapshot.jpg
3,1,20190826,145900,78,2,687,504,755,579,Aug30_1/157-20190826145900-snapshot.jpg
3,1,20190826,145930,81,2,0,387,65,437,Aug30_1/157-20190826145930-snapshot.jpg
3,1,20190826,150000,84,2,853,716,925,783,Aug30_1/157-20190826150000-snapshot.jpg
3,1,20190826,150030,85,8,1374,772,1437,849,Aug30_1/157-20190826150030-snapshot.jpg
3,1,20190826,150300,83,2,1016,76,1099,127,Aug30_1/157-20190826150300-snapshot.jpg
3,1,20190826,150400,84,2,67,302,136,371,Aug30_1/157-20190826150400-snapshot.jpg
3,1,20190826,150430,84,2,618,811,695,875,Aug30_1/157-20190826150430-snapshot.jpg
3,1,20190826,150500,85,2,850,731,941,778,Aug30_1/157-20190826150500-snapshot.jpg
3,1,20190826,150530,83,2,403,535,476,592,Aug30_1/157-20190826150530-snapshot.jpg
3,1,20190826,150600,78,2,0,383,78,438,Aug30_1/157-20190826150600-snapshot.jpg
3,1,20190826,150600,85,2,1486,442,1562,503,Aug30_1/157-20190826150600-snapshot.jpg
3,1,20190826,150600,87,2,441,510,501,583,Aug30_1/157-20190826150600-snapshot.jpg
3,1,20190826,150630,34,2,296,1005,349,1065,Aug30_1/157-20190826150630-snapshot.jpg
3,1,20190826,150700,78,2,61,120,147,186,Aug30_1/157-20190826150700-snapshot.jpg
3,1,20190826,150830,83,2,210,406,303,494,Aug30_1/157-20190826150830-snapshot.jpg
3,1,20190826,150830,87,2,569,887,658,941,Aug30_1/157-20190826150830-snapshot.jpg
3,1,20190826,150900,84,2,1498,58,1572,126,Aug30_1/157-20190826150900-snapshot.jpg
3,1,20190826,150930,75,2,1619,1,1692,48,Aug30_1/157-20190826150930-snapshot.jpg
3,1,20190826,151030,75,2,456,990,510,1048,Aug30_1/157-20190826151030-snapshot.jpg
3,1,20190826,151100,87,2,477,348,532,427,Aug30_1/157-20190826151100-snapshot.jpg
3,1,20190826,151130,66,2,1860,9,1920,59,Aug30_1/157-20190826151130-snapshot.jpg
3,1,20190826,151130,82,2,66,130,149,210,Aug30_1/157-20190826151130-snapshot.jpg
3,1,20190826,151230,83,2,912,696,981,752,Aug30_1/157-20190826151230-snapshot.jpg
3,1,20190826,151300,85,2,1633,687,1691,762,Aug30_1/157-20190826151300-snapshot.jpg
3,1,20190826,151300,87,2,443,396,499,472,Aug30_1/157-20190826151300-snapshot.jpg
3,1,20190826,151330,83,2,787,531,846,609,Aug30_1/157-20190826151330-snapshot.jpg
3,1,20190826,151400,67,2,1889,81,1920,171,Aug30_1/157-20190826151400-snapshot.jpg
3,1,20190826,151400,86,2,1586,277,1669,343,Aug30_1/157-20190826151400-snapshot.jpg
3,1,20190826,151400,87,2,1421,389,1502,459,Aug30_1/157-20190826151400-snapshot.jpg
3,1,20190826,151630,46,2,1522,7,1608,52,Aug30_1/157-20190826151630-snapshot.jpg
3,1,20190826,151830,59,2,375,1034,442,1080,Aug30_1/157-20190826151830-snapshot.jpg
3,1,20190826,151900,83,2,618,331,690,387,Aug30_1/157-20190826151900-snapshot.jpg
3,1,20190826,152000,80,2,1565,165,1626,226,Aug30_1/157-20190826152000-snapshot.jpg
3,1,20190826,152200,87,2,786,538,880,621,Aug30_1/157-20190826152200-snapshot.jpg
3,1,20190826,152230,86,2,665,103,740,184,Aug30_1/157-20190826152230-snapshot.jpg
3,1,20190826,152400,86,2,839,709,898,782,Aug30_1/157-20190826152400-snapshot.jpg
3,1,20190826,152530,87,2,598,146,682,197,Aug30_1/157-20190826152530-snapshot.jpg
3,1,20190826,152600,84,2,533,831,587,901,Aug30_1/157-20190826152600-snapshot.jpg
3,1,20190826,152630,85,2,447,431,521,483,Aug30_1/157-20190826152630-snapshot.jpg
3,1,20190826,152700,87,2,0,370,89,427,Aug30_1/157-20190826152700-snapshot.jpg
3,1,20190826,152700,88,3,708,787,777,859,Aug30_1/157-20190826152700-snapshot.jpg
3,1,20190826,152730,86,3,483,795,569,880,Aug30_1/157-20190826152730-snapshot.jpg
3,1,20190826,152830,80,2,327,999,407,1057,Aug30_1/157-20190826152830-snapshot.jpg
3,1,20190826,152830,80,2,171,402,273,486,Aug30_1/157-20190826152830-snapshot.jpg
3,1,20190826,152900,34,2,1720,0,1774,30,Aug30_1/157-20190826152900-snapshot.jpg
3,1,20190826,152900,84,2,1693,854,1788,904,Aug30_1/157-20190826152900-snapshot.jpg
3,1,20190826,152930,84,2,673,410,744,469,Aug30_1/157-20190826152930-snapshot.jpg
3,1,20190826,152930,84,2,713,775,778,843,Aug30_1/157-20190826152930-snapshot.jpg
3,1,20190826,153000,87,2,508,418,583,492,Aug30_1/157-20190826153000-snapshot.jpg
3,1,20190826,153130,72,2,509,869,590,926,Aug30_1/157-20190826153130-snapshot.jpg
3,1,20190826,153200,71,2,1870,80,1920,142,Aug30_1/157-20190826153200-snapshot.jpg
3,1,20190826,153330,62,2,382,1030,448,1080,Aug30_1/157-20190826153330-snapshot.jpg
3,1,20190826,153400,89,2,1443,429,1525,492,Aug30_1/157-20190826153400-snapshot.jpg
3,1,20190826,153500,76,2,173,3,237,84,Aug30_1/157-20190826153500-snapshot.jpg
3,1,20190826,153730,88,2,573,565,658,624,Aug30_1/157-20190826153730-snapshot.jpg
3,1,20190826,153800,80,2,927,695,1002,744,Aug30_1/157-20190826153800-snapshot.jpg
3,1,20190826,153800,84,2,585,768,643,836,Aug30_1/157-20190826153800-snapshot.jpg
3,1,20190826,153900,86,2,1490,68,1548,146,Aug30_1/157-20190826153900-snapshot.jpg
3,1,20190826,153930,85,2,156,335,253,387,Aug30_1/157-20190826153930-snapshot.jpg
3,1,20190826,153930,85,2,1741,35,1830,108,Aug30_1/157-20190826153930-snapshot.jpg
3,1,20190826,153930,86,2,1018,40,1107,112,Aug30_1/157-20190826153930-snapshot.jpg
3,1,20190826,154000,82,2,785,538,849,615,Aug30_1/157-20190826154000-snapshot.jpg
3,1,20190826,154000,87,2,1101,242,1183,324,Aug30_1/157-20190826154000-snapshot.jpg
3,1,20190826,154330,87,2,628,554,712,613,Aug30_1/157-20190826154330-snapshot.jpg
3,1,20190826,154700,79,2,220,866,278,939,Aug30_1/157-20190826154700-snapshot.jpg
3,1,20190826,154730,83,2,907,717,988,769,Aug30_1/157-20190826154730-snapshot.jpg
3,1,20190826,154730,87,2,507,781,587,840,Aug30_1/157-20190826154730-snapshot.jpg
3,1,20190826,154800,76,2,677,110,742,176,Aug30_1/157-20190826154800-snapshot.jpg
3,1,20190826,154800,86,2,405,325,488,395,Aug30_1/157-20190826154800-snapshot.jpg
3,1,20190826,154900,83,2,861,553,913,630,Aug30_1/157-20190826154900-snapshot.jpg
3,1,20190826,154900,87,2,593,735,678,800,Aug30_1/157-20190826154900-snapshot.jpg
3,1,20190826,154930,78,2,717,802,797,860,Aug30_1/157-20190826154930-snapshot.jpg
3,1,20190826,155000,43,2,163,87,218,169,Aug30_1/157-20190826155000-snapshot.jpg
3,1,20190826,155030,55,2,94,480,182,532,Aug30_1/157-20190826155030-snapshot.jpg
3,1,20190826,155030,85,2,469,442,534,506,Aug30_1/157-20190826155030-snapshot.jpg
3,1,20190826,155100,85,2,559,607,617,685,Aug30_1/157-20190826155100-snapshot.jpg
3,1,20190826,155100,85,2,1076,37,1161,90,Aug30_1/157-20190826155100-snapshot.jpg
3,1,20190826,155100,86,2,1578,107,1637,183,Aug30_1/157-20190826155100-snapshot.jpg
3,1,20190826,155130,86,2,1267,579,1341,646,Aug30_1/157-20190826155130-snapshot.jpg
3,1,20190826,155200,85,2,1612,682,1670,753,Aug30_1/157-20190826155200-snapshot.jpg
3,1,20190826,155300,81,2,1599,831,1658,898,Aug30_1/157-20190826155300-snapshot.jpg
3,1,20190826,155330,84,2,230,877,314,951,Aug30_1/157-20190826155330-snapshot.jpg
3,1,20190826,155400,85,2,509,759,563,839,Aug30_1/157-20190826155400-snapshot.jpg
3,1,20190826,155400,87,4,677,879,759,957,Aug30_1/157-20190826155400-snapshot.jpg
3,1,20190826,155530,70,2,256,467,329,535,Aug30_1/157-20190826155530-snapshot.jpg
3,1,20190826,155600,75,2,904,713,960,774,Aug30_1/157-20190826155600-snapshot.jpg
3,1,20190826,155630,82,2,533,883,603,952,Aug30_1/157-20190826155630-snapshot.jpg
3,1,20190826,155730,65,2,672,115,740,182,Aug30_1/157-20190826155730-snapshot.jpg
3,1,20190826,155730,86,2,1304,21,1391,90,Aug30_1/157-20190826155730-snapshot.jpg
3,1,20190826,155900,78,2,551,256,603,327,Aug30_1/157-20190826155900-snapshot.jpg
3,1,20190826,155900,88,2,719,726,806,790,Aug30_1/157-20190826155900-snapshot.jpg
3,1,20190826,155930,84,2,324,418,385,502,Aug30_1/157-20190826155930-snapshot.jpg
3,1,20190826,160000,84,2,1645,849,1729,925,Aug30_1/157-20190826160000-snapshot.jpg
3,1,20190826,160130,86,2,1760,52,1820,134,Aug30_1/157-20190826160130-snapshot.jpg
3,1,20190826,160230,83,2,1672,39,1759,109,Aug30_1/157-20190826160230-snapshot.jpg
3,1,20190826,160400,86,2,1343,563,1402,634,Aug30_1/157-20190826160400-snapshot.jpg
3,1,20190826,160630,89,2,590,138,647,226,Aug30_1/157-20190826160630-snapshot.jpg
3,1,20190826,160700,85,2,668,768,735,844,Aug30_1/157-20190826160700-snapshot.jpg
3,1,20190826,160730,76,2,62,119,138,185,Aug30_1/157-20190826160730-snapshot.jpg
3,1,20190826,160730,82,2,1583,153,1667,211,Aug30_1/157-20190826160730-snapshot.jpg
3,1,20190826,160800,83,2,192,170,264,226,Aug30_1/157-20190826160800-snapshot.jpg
3,1,20190826,160830,82,4,56,111,128,178,Aug30_1/157-20190826160830-snapshot.jpg
3,1,20190826,160900,86,4,665,546,728,640,Aug30_1/157-20190826160900-snapshot.jpg
3,1,20190826,160930,84,4,755,844,826,925,Aug30_1/157-20190826160930-snapshot.jpg
3,1,20190826,161000,89,4,1278,23,1382,98,Aug30_1/157-20190826161000-snapshot.jpg
3,1,20190826,161030,66,2,1725,128,1778,187,Aug30_1/157-20190826161030-snapshot.jpg
3,1,20190826,161200,90,2,65,303,163,361,Aug30_1/157-20190826161200-snapshot.jpg
3,1,20190826,161300,86,2,588,139,663,205,Aug30_1/157-20190826161300-snapshot.jpg
3,1,20190826,161430,87,2,1162,164,1246,244,Aug30_1/157-20190826161430-snapshot.jpg
3,1,20190826,161600,89,2,600,137,687,195,Aug30_1/157-20190826161600-snapshot.jpg
3,1,20190826,161700,83,2,1492,40,1550,112,Aug30_1/157-20190826161700-snapshot.jpg
3,1,20190826,161700,84,2,1607,277,1688,331,Aug30_1/157-20190826161700-snapshot.jpg
3,1,20190826,161700,85,2,376,351,448,416,Aug30_1/157-20190826161700-snapshot.jpg
3,1,20190826,161900,87,2,811,613,871,716,Aug30_1/157-20190826161900-snapshot.jpg
3,1,20190826,161930,89,2,599,147,656,229,Aug30_1/157-20190826161930-snapshot.jpg
3,1,20190826,162000,86,2,749,484,832,536,Aug30_1/157-20190826162000-snapshot.jpg
3,1,20190826,162030,67,2,1873,1,1920,49,Aug30_1/157-20190826162030-snapshot.jpg
3,1,20190826,162030,88,2,457,404,513,481,Aug30_1/157-20190826162030-snapshot.jpg
3,1,20190826,162130,74,2,338,984,429,1050,Aug30_1/157-20190826162130-snapshot.jpg
3,1,20190826,162130,85,2,215,180,272,262,Aug30_1/157-20190826162130-snapshot.jpg
3,1,20190826,162200,82,2,519,762,581,825,Aug30_1/157-20190826162200-snapshot.jpg
3,1,20190826,162230,84,2,1412,425,1495,479,Aug30_1/157-20190826162230-snapshot.jpg
3,1,20190826,162300,86,2,1436,406,1520,474,Aug30_1/157-20190826162300-snapshot.jpg
3,1,20190826,162330,82,2,1855,82,1920,134,Aug30_1/157-20190826162330-snapshot.jpg
3,1,20190826,162330,86,2,766,590,827,664,Aug30_1/157-20190826162330-snapshot.jpg
3,1,20190826,162330,86,2,1106,23,1181,92,Aug30_1/157-20190826162330-snapshot.jpg
3,1,20190826,162430,87,2,1736,349,1830,406,Aug30_1/157-20190826162430-snapshot.jpg
3,1,20190826,162500,70,2,299,1004,374,1079,Aug30_1/157-20190826162500-snapshot.jpg
3,1,20190826,162500,83,2,730,318,784,390,Aug30_1/157-20190826162500-snapshot.jpg
3,1,20190826,162600,86,2,678,321,728,389,Aug30_1/157-20190826162600-snapshot.jpg
3,1,20190826,162700,38,2,741,315,789,374,Aug30_1/157-20190826162700-snapshot.jpg
3,1,20190826,162700,44,2,674,793,741,839,Aug30_1/157-20190826162700-snapshot.jpg
3,1,20190826,162700,81,2,599,785,650,847,Aug30_1/157-20190826162700-snapshot.jpg
3,1,20190826,162730,84,2,69,134,152,213,Aug30_1/157-20190826162730-snapshot.jpg
3,1,20190826,162730,85,2,1443,391,1523,458,Aug30_1/157-20190826162730-snapshot.jpg
3,1,20190826,162800,85,2,382,370,435,449,Aug30_1/157-20190826162800-snapshot.jpg
3,1,20190826,162800,85,2,1564,874,1643,930,Aug30_1/157-20190826162800-snapshot.jpg
3,1,20190826,162800,87,2,1150,180,1237,258,Aug30_1/157-20190826162800-snapshot.jpg
3,1,20190826,162830,64,2,0,360,42,415,Aug30_1/157-20190826162830-snapshot.jpg
3,1,20190826,162900,72,2,772,878,827,931,Aug30_1/157-20190826162900-snapshot.jpg
3,1,20190826,163000,66,2,129,2,202,65,Aug30_1/157-20190826163000-snapshot.jpg
3,1,20190826,163030,86,2,260,172,341,240,Aug30_1/157-20190826163030-snapshot.jpg
3,1,20190826,163130,86,2,1593,134,1676,194,Aug30_1/157-20190826163130-snapshot.jpg
3,1,20190826,163230,81,2,960,648,1014,720,Aug30_1/157-20190826163230-snapshot.jpg
3,1,20190826,163430,82,2,531,829,612,893,Aug30_1/157-20190826163430-snapshot.jpg
3,1,20190826,163500,80,2,1626,252,1698,316,Aug30_1/157-20190826163500-snapshot.jpg
3,1,20190826,163530,78,2,1821,60,1898,121,Aug30_1/157-20190826163530-snapshot.jpg
3,1,20190826,163600,81,2,1749,167,1842,228,Aug30_1/157-20190826163600-snapshot.jpg
3,1,20190826,163600,84,2,800,1014,873,1080,Aug30_1/157-20190826163600-snapshot.jpg
3,1,20190826,163600,86,2,1040,51,1099,125,Aug30_1/157-20190826163600-snapshot.jpg
3,1,20190826,163700,87,2,855,675,944,735,Aug30_1/157-20190826163700-snapshot.jpg
3,1,20190826,164000,86,2,1664,753,1724,832,Aug30_1/157-20190826164000-snapshot.jpg
3,1,20190826,164030,86,2,606,737,694,788,Aug30_1/157-20190826164030-snapshot.jpg
3,1,20190826,164130,78,2,1671,1,1736,59,Aug30_1/157-20190826164130-snapshot.jpg
3,1,20190826,164330,87,2,607,142,665,228,Aug30_1/157-20190826164330-snapshot.jpg
3,1,20190826,164400,82,2,222,837,275,910,Aug30_1/157-20190826164400-snapshot.jpg
3,1,20190826,164430,81,2,798,702,880,765,Aug30_1/157-20190826164430-snapshot.jpg
3,1,20190826,164430,84,2,1669,384,1765,467,Aug30_1/157-20190826164430-snapshot.jpg
3,1,20190826,164530,85,2,808,532,890,601,Aug30_1/157-20190826164530-snapshot.jpg
3,1,20190826,164700,86,2,706,785,786,854,Aug30_1/157-20190826164700-snapshot.jpg
3,1,20190826,164830,80,2,806,698,887,745,Aug30_1/157-20190826164830-snapshot.jpg
3,1,20190826,164900,76,2,1465,283,1522,337,Aug30_1/157-20190826164900-snapshot.jpg
3,1,20190826,164930,72,2,767,877,830,933,Aug30_1/157-20190826164930-snapshot.jpg
3,1,20190826,165000,87,2,450,349,512,429,Aug30_1/157-20190826165000-snapshot.jpg
3,1,20190826,165030,83,2,428,981,497,1041,Aug30_1/157-20190826165030-snapshot.jpg
3,1,20190826,165100,81,2,1523,121,1602,187,Aug30_1/157-20190826165100-snapshot.jpg
3,1,20190826,165200,85,2,390,354,443,422,Aug30_1/157-20190826165200-snapshot.jpg
3,1,20190826,165230,88,2,672,100,756,158,Aug30_1/157-20190826165230-snapshot.jpg
3,1,20190826,165300,46,2,1633,2,1697,41,Aug30_1/157-20190826165300-snapshot.jpg
3,1,20190826,165300,70,2,534,865,589,928,Aug30_1/157-20190826165300-snapshot.jpg
3,1,20190826,165330,80,2,1765,179,1841,245,Aug30_1/157-20190826165330-snapshot.jpg
3,1,20190826,165430,89,2,1794,200,1885,262,Aug30_1/157-20190826165430-snapshot.jpg
3,1,20190826,165500,76,2,1524,11,1611,64,Aug30_1/157-20190826165500-snapshot.jpg
3,1,20190826,165500,78,2,219,855,277,925,Aug30_1/157-20190826165500-snapshot.jpg
3,1,20190826,165500,81,2,946,674,999,729,Aug30_1/157-20190826165500-snapshot.jpg
3,1,20190826,165530,85,2,621,690,691,757,Aug30_1/157-20190826165530-snapshot.jpg
3,1,20190826,165530,86,2,630,562,697,634,Aug30_1/157-20190826165530-snapshot.jpg
3,1,20190826,165600,85,2,1597,280,1666,352,Aug30_1/157-20190826165600-snapshot.jpg
3,1,20190826,165600,87,2,63,292,121,369,Aug30_1/157-20190826165600-snapshot.jpg
3,1,20190826,165630,88,2,519,879,602,933,Aug30_1/157-20190826165630-snapshot.jpg
3,1,20190826,165700,89,2,1321,734,1407,813,Aug30_1/157-20190826165700-snapshot.jpg
3,1,20190826,165800,33,2,1890,68,1920,136,Aug30_1/157-20190826165800-snapshot.jpg
3,1,20190826,165800,69,2,1628,2,1690,46,Aug30_1/157-20190826165800-snapshot.jpg
3,1,20190826,170000,86,2,1635,828,1716,903,Aug30_1/157-20190826170000-snapshot.jpg
3,1,20190826,170030,66,2,1880,1,1920,54,Aug30_1/157-20190826170030-snapshot.jpg
3,1,20190826,170100,86,2,722,375,814,431,Aug30_1/157-20190826170100-snapshot.jpg
3,1,20190826,170230,67,2,1604,1,1678,46,Aug30_1/157-20190826170230-snapshot.jpg
3,1,20190826,170300,88,4,115,295,219,372,Aug30_1/157-20190826170300-snapshot.jpg
3,1,20190826,170330,88,4,699,773,795,848,Aug30_1/157-20190826170330-snapshot.jpg
3,1,20190826,170400,87,4,1779,121,1869,211,Aug30_1/157-20190826170400-snapshot.jpg
3,1,20190826,170430,83,2,694,514,777,581,Aug30_1/157-20190826170430-snapshot.jpg
3,1,20190826,170430,85,2,1020,54,1078,135,Aug30_1/157-20190826170430-snapshot.jpg
3,1,20190826,170430,86,4,1609,271,1700,335,Aug30_1/157-20190826170430-snapshot.jpg
3,1,20190826,170500,76,2,506,820,579,893,Aug30_1/157-20190826170500-snapshot.jpg
3,1,20190826,170530,71,2,647,764,707,818,Aug30_1/157-20190826170530-snapshot.jpg
3,1,20190826,170530,86,2,717,395,772,465,Aug30_1/157-20190826170530-snapshot.jpg
3,1,20190826,170600,78,2,434,1011,494,1073,Aug30_1/157-20190826170600-snapshot.jpg
3,1,20190826,170630,84,2,1641,849,1701,925,Aug30_1/157-20190826170630-snapshot.jpg
3,1,20190826,170730,83,8,1567,368,1626,433,Aug30_1/157-20190826170730-snapshot.jpg
3,1,20190826,170800,81,2,10,188,71,255,Aug30_1/157-20190826170800-snapshot.jpg
3,1,20190826,170830,84,2,738,812,806,887,Aug30_1/157-20190826170830-snapshot.jpg
3,1,20190826,170900,85,2,709,529,773,607,Aug30_1/157-20190826170900-snapshot.jpg
3,1,20190826,171500,87,2,1156,170,1235,250,Aug30_1/157-20190826171500-snapshot.jpg
3,1,20190826,171600,87,2,690,200,779,273,Aug30_1/157-20190826171600-snapshot.jpg
3,1,20190826,171700,36,2,1662,0,1739,38,Aug30_1/157-20190826171700-snapshot.jpg
3,1,20190826,171700,85,2,108,413,194,494,Aug30_1/157-20190826171700-snapshot.jpg
3,1,20190826,171830,84,8,17,237,120,303,Aug30_1/157-20190826171830-snapshot.jpg
3,1,20190826,172230,80,2,590,569,646,636,Aug30_1/158-20190826172230-snapshot.jpg
3,1,20190826,172300,89,2,655,873,740,945,Aug30_1/158-20190826172300-snapshot.jpg
3,1,20190826,172330,87,2,828,698,910,771,Aug30_1/158-20190826172330-snapshot.jpg
3,1,20190826,172400,86,2,632,747,719,811,Aug30_1/158-20190826172400-snapshot.jpg
3,1,20190826,172430,85,2,1724,846,1805,919,Aug30_1/158-20190826172430-snapshot.jpg
3,1,20190826,172430,85,2,1167,154,1233,227,Aug30_1/158-20190826172430-snapshot.jpg
3,1,20190826,172530,63,2,337,1018,404,1078,Aug30_1/158-20190826172530-snapshot.jpg
3,1,20190826,172530,86,2,1728,33,1791,116,Aug30_1/158-20190826172530-snapshot.jpg
3,1,20190826,172530,89,2,1301,597,1396,661,Aug30_1/158-20190826172530-snapshot.jpg
3,1,20190826,172600,90,2,721,480,805,544,Aug30_1/158-20190826172600-snapshot.jpg
3,1,20190826,172630,85,2,1518,154,1605,214,Aug30_1/158-20190826172630-snapshot.jpg
3,1,20190826,172700,73,2,54,141,133,216,Aug30_1/158-20190826172700-snapshot.jpg
3,1,20190826,172800,82,2,360,984,435,1060,Aug30_1/158-20190826172800-snapshot.jpg
3,1,20190826,172800,84,2,1668,75,1753,142,Aug30_1/158-20190826172800-snapshot.jpg
3,1,20190826,172830,87,2,772,608,827,689,Aug30_1/158-20190826172830-snapshot.jpg
3,1,20190826,173130,86,2,576,770,656,835,Aug30_1/158-20190826173130-snapshot.jpg
3,1,20190826,173130,86,2,385,342,440,409,Aug30_1/158-20190826173130-snapshot.jpg
3,1,20190826,173130,86,2,1411,424,1493,489,Aug30_1/158-20190826173130-snapshot.jpg
3,1,20190826,173200,74,2,643,750,699,814,Aug30_1/158-20190826173200-snapshot.jpg
3,1,20190826,173230,83,2,792,1013,874,1074,Aug30_1/158-20190826173230-snapshot.jpg
3,1,20190826,173230,86,2,1642,87,1739,143,Aug30_1/158-20190826173230-snapshot.jpg
3,1,20190826,173400,78,2,122,64,187,142,Aug30_1/158-20190826173400-snapshot.jpg
3,1,20190826,173430,87,2,252,188,343,258,Aug30_1/158-20190826173430-snapshot.jpg
3,1,20190826,173430,87,2,776,580,844,669,Aug30_1/158-20190826173430-snapshot.jpg
3,1,20190826,173530,86,2,1619,860,1705,927,Aug30_1/158-20190826173530-snapshot.jpg
3,1,20190826,173900,73,2,531,881,591,949,Aug30_1/158-20190826173900-snapshot.jpg
3,1,20190826,173930,76,2,1883,170,1920,251,Aug30_1/158-20190826173930-snapshot.jpg
3,1,20190826,173930,86,2,782,614,852,681,Aug30_1/158-20190826173930-snapshot.jpg
3,1,20190826,173930,86,2,1764,57,1826,135,Aug30_1/158-20190826173930-snapshot.jpg
3,1,20190826,174000,85,2,1655,31,1739,96,Aug30_1/158-20190826174000-snapshot.jpg
3,1,20190826,174000,87,2,1142,106,1201,188,Aug30_1/158-20190826174000-snapshot.jpg
3,1,20190826,174130,84,2,506,777,564,863,Aug30_1/158-20190826174130-snapshot.jpg
3,1,20190826,174200,65,2,296,998,354,1064,Aug30_1/158-20190826174200-snapshot.jpg
3,1,20190826,174200,74,8,604,988,680,1033,Aug30_1/158-20190826174200-snapshot.jpg
3,1,20190826,174200,85,2,1758,293,1842,363,Aug30_1/158-20190826174200-snapshot.jpg
3,1,20190826,174530,75,2,282,213,340,296,Aug30_1/158-20190826174530-snapshot.jpg
3,1,20190826,174600,88,2,621,705,683,786,Aug30_1/158-20190826174600-snapshot.jpg
3,1,20190826,174630,87,2,1760,56,1823,134,Aug30_1/158-20190826174630-snapshot.jpg
3,1,20190826,174930,59,2,828,1033,888,1080,Aug30_1/158-20190826174930-snapshot.jpg
3,1,20190826,175000,86,2,911,699,992,762,Aug30_1/158-20190826175000-snapshot.jpg
3,1,20190826,175030,87,2,597,597,693,660,Aug30_1/158-20190826175030-snapshot.jpg
3,1,20190826,175100,80,2,881,865,963,922,Aug30_1/158-20190826175100-snapshot.jpg
3,1,20190826,175130,72,2,635,754,689,819,Aug30_1/158-20190826175130-snapshot.jpg
3,1,20190826,175200,86,2,798,970,883,1034,Aug30_1/158-20190826175200-snapshot.jpg
3,1,20190826,175200,88,2,16,325,111,384,Aug30_1/158-20190826175200-snapshot.jpg
3,1,20190826,175230,68,2,332,1021,419,1072,Aug30_1/158-20190826175230-snapshot.jpg
3,1,20190826,175400,85,2,1654,15,1715,86,Aug30_1/158-20190826175400-snapshot.jpg
3,1,20190826,175500,82,2,701,513,780,565,Aug30_1/158-20190826175500-snapshot.jpg
3,1,20190826,175900,85,2,684,452,737,519,Aug30_1/158-20190826175900-snapshot.jpg
3,1,20190826,175930,88,2,1293,554,1381,607,Aug30_1/158-20190826175930-snapshot.jpg
3,1,20190826,180000,82,2,686,875,769,925,Aug30_1/158-20190826180000-snapshot.jpg
3,1,20190826,180030,83,2,228,876,316,939,Aug30_1/158-20190826180030-snapshot.jpg
3,1,20190826,180030,86,2,1782,9,1843,92,Aug30_1/158-20190826180030-snapshot.jpg
3,1,20190826,180100,85,2,1635,587,1693,666,Aug30_1/158-20190826180100-snapshot.jpg
3,1,20190826,180200,86,2,1791,126,1854,201,Aug30_1/158-20190826180200-snapshot.jpg
3,1,20190826,180200,88,2,665,757,760,812,Aug30_1/158-20190826180200-snapshot.jpg
3,1,20190826,180230,69,2,1649,1,1712,51,Aug30_1/158-20190826180230-snapshot.jpg
3,1,20190826,180230,85,2,463,450,538,511,Aug30_1/158-20190826180230-snapshot.jpg
3,1,20190826,180300,83,2,815,760,894,810,Aug30_1/158-20190826180300-snapshot.jpg
3,1,20190826,180300,84,8,1830,225,1887,303,Aug30_1/158-20190826180300-snapshot.jpg
3,1,20190826,180300,86,2,627,611,715,677,Aug30_1/158-20190826180300-snapshot.jpg
3,1,20190826,180700,80,2,617,702,669,761,Aug30_1/158-20190826180700-snapshot.jpg
3,1,20190826,180730,38,2,1660,1,1725,43,Aug30_1/158-20190826180730-snapshot.jpg
3,1,20190826,180730,85,2,307,815,373,891,Aug30_1/158-20190826180730-snapshot.jpg
3,1,20190826,180800,51,8,1697,100,1773,156,Aug30_1/158-20190826180800-snapshot.jpg
3,1,20190826,180800,72,2,335,1013,408,1078,Aug30_1/158-20190826180800-snapshot.jpg
3,1,20190826,180800,82,8,1622,609,1722,666,Aug30_1/158-20190826180800-snapshot.jpg
3,1,20190826,180830,84,2,1643,8,1707,79,Aug30_1/158-20190826180830-snapshot.jpg
3,1,20190826,180830,86,2,646,596,708,678,Aug30_1/158-20190826180830-snapshot.jpg
3,1,20190826,180900,86,2,1668,332,1731,406,Aug30_1/158-20190826180900-snapshot.jpg
3,1,20190826,180930,81,2,1734,370,1819,428,Aug30_1/158-20190826180930-snapshot.jpg
3,1,20190826,181000,73,2,1695,98,1762,158,Aug30_1/158-20190826181000-snapshot.jpg
3,1,20190826,181000,86,2,1688,365,1780,418,Aug30_1/158-20190826181000-snapshot.jpg
3,1,20190826,181030,79,2,1800,170,1862,243,Aug30_1/158-20190826181030-snapshot.jpg
3,1,20190826,181130,87,2,1188,183,1270,255,Aug30_1/158-20190826181130-snapshot.jpg
3,1,20190826,181230,86,2,639,79,723,148,Aug30_1/158-20190826181230-snapshot.jpg
3,1,20190826,181300,86,2,242,207,329,260,Aug30_1/158-20190826181300-snapshot.jpg
3,1,20190826,181400,85,2,709,782,779,858,Aug30_1/158-20190826181400-snapshot.jpg
3,1,20190826,181430,88,2,831,667,887,751,Aug30_1/158-20190826181430-snapshot.jpg
3,1,20190826,181630,87,2,781,780,863,850,Aug30_1/158-20190826181630-snapshot.jpg
3,1,20190826,181730,87,2,1733,103,1798,182,Aug30_1/158-20190826181730-snapshot.jpg
3,1,20190826,182030,85,2,1491,460,1557,532,Aug30_1/158-20190826182030-snapshot.jpg
3,1,20190826,182400,85,2,514,832,604,893,Aug30_1/158-20190826182400-snapshot.jpg
3,1,20190826,182430,83,2,448,356,503,426,Aug30_1/158-20190826182430-snapshot.jpg
3,1,20190826,182430,86,2,1552,331,1640,387,Aug30_1/158-20190826182430-snapshot.jpg
3,1,20190826,182430,89,2,800,715,856,805,Aug30_1/158-20190826182430-snapshot.jpg
3,1,20190826,182500,75,2,1728,140,1792,208,Aug30_1/158-20190826182500-snapshot.jpg
3,1,20190826,182500,77,2,1528,13,1613,71,Aug30_1/158-20190826182500-snapshot.jpg
3,1,20190826,182500,86,2,1839,56,1917,129,Aug30_1/158-20190826182500-snapshot.jpg
3,1,20190826,182500,88,2,639,127,721,201,Aug30_1/158-20190826182500-snapshot.jpg
3,1,20190826,182830,44,2,1544,906,1607,960,Aug30_1/158-20190826182830-snapshot.jpg
3,1,20190826,182830,83,2,765,1020,855,1076,Aug30_1/158-20190826182830-snapshot.jpg
3,1,20190826,183030,83,2,623,775,709,822,Aug30_1/158-20190826183030-snapshot.jpg
3,1,20190826,183100,87,2,916,707,970,787,Aug30_1/158-20190826183100-snapshot.jpg
3,1,20190826,183400,89,2,1406,45,1486,109,Aug30_1/158-20190826183400-snapshot.jpg
3,1,20190826,183430,84,2,1483,61,1540,135,Aug30_1/158-20190826183430-snapshot.jpg
3,1,20190826,183630,87,2,592,144,675,197,Aug30_1/158-20190826183630-snapshot.jpg
3,1,20190826,183830,85,2,1597,851,1675,917,Aug30_1/158-20190826183830-snapshot.jpg
3,1,20190826,183930,84,2,590,827,684,877,Aug30_1/158-20190826183930-snapshot.jpg
3,1,20190826,184000,72,2,1695,0,1779,39,Aug30_1/158-20190826184000-snapshot.jpg
3,1,20190826,184000,88,2,202,196,304,256,Aug30_1/158-20190826184000-snapshot.jpg
3,1,20190826,184030,83,2,1518,89,1577,158,Aug30_1/158-20190826184030-snapshot.jpg
3,1,20190826,184130,86,2,1025,39,1083,120,Aug30_1/158-20190826184130-snapshot.jpg
3,1,20190826,184200,85,2,729,305,796,373,Aug30_1/158-20190826184200-snapshot.jpg
3,1,20190826,184500,83,2,1488,107,1549,188,Aug30_1/158-20190826184500-snapshot.jpg
3,1,20190826,184730,79,2,67,118,146,179,Aug30_1/158-20190826184730-snapshot.jpg
3,1,20190826,184830,80,2,778,1017,860,1069,Aug30_1/158-20190826184830-snapshot.jpg
3,1,20190826,184900,56,2,1711,2,1776,62,Aug30_1/158-20190826184900-snapshot.jpg
3,1,20190826,184900,86,2,1684,272,1751,352,Aug30_1/158-20190826184900-snapshot.jpg
3,1,20190826,185100,83,2,445,309,517,379,Aug30_1/158-20190826185100-snapshot.jpg
3,1,20190826,185130,86,2,56,313,113,391,Aug30_1/158-20190826185130-snapshot.jpg
3,1,20190826,185230,84,2,531,819,590,894,Aug30_1/158-20190826185230-snapshot.jpg
3,1,20190826,185300,87,2,686,761,780,817,Aug30_1/158-20190826185300-snapshot.jpg
3,1,20190826,185330,89,2,791,601,849,693,Aug30_1/158-20190826185330-snapshot.jpg
3,1,20190826,185400,87,2,339,301,429,383,Aug30_1/158-20190826185400-snapshot.jpg
3,1,20190826,185430,88,2,67,266,130,347,Aug30_1/158-20190826185430-snapshot.jpg
3,1,20190826,185530,55,2,1826,2,1903,42,Aug30_1/158-20190826185530-snapshot.jpg
3,1,20190826,185530,84,2,228,863,314,915,Aug30_1/158-20190826185530-snapshot.jpg
3,1,20190826,185600,55,2,1722,44,1787,102,Aug30_1/158-20190826185600-snapshot.jpg
3,1,20190826,185600,86,2,415,358,492,425,Aug30_1/158-20190826185600-snapshot.jpg
3,1,20190826,185630,73,2,1518,4,1599,79,Aug30_1/158-20190826185630-snapshot.jpg
3,1,20190826,185630,75,2,65,479,150,543,Aug30_1/158-20190826185630-snapshot.jpg
3,1,20190826,185630,85,2,715,805,794,870,Aug30_1/158-20190826185630-snapshot.jpg
3,1,20190826,185700,84,2,1656,59,1743,124,Aug30_1/158-20190826185700-snapshot.jpg
3,1,20190826,185700,87,2,614,688,673,773,Aug30_1/158-20190826185700-snapshot.jpg
3,1,20190826,185730,75,2,357,1030,428,1079,Aug30_1/158-20190826185730-snapshot.jpg
3,1,20190826,185730,84,2,1407,599,1488,651,Aug30_1/158-20190826185730-snapshot.jpg
3,1,20190826,185900,81,2,573,770,635,832,Aug30_1/158-20190826185900-snapshot.jpg
3,1,20190826,185930,82,2,169,406,227,478,Aug30_1/158-20190826185930-snapshot.jpg
3,1,20190826,190030,86,2,586,763,641,839,Aug30_1/158-20190826190030-snapshot.jpg
3,1,20190826,190100,83,2,978,659,1032,727,Aug30_1/158-20190826190100-snapshot.jpg
3,1,20190826,190230,88,2,620,469,684,555,Aug30_1/158-20190826190230-snapshot.jpg
3,1,20190826,190430,88,2,1159,190,1254,250,Aug30_1/158-20190826190430-snapshot.jpg
3,1,20190826,190530,87,2,60,338,159,389,Aug30_1/158-20190826190530-snapshot.jpg
3,1,20190826,191130,86,2,1854,106,1916,184,Aug30_1/159-20190826191130-snapshot.jpg
3,1,20190826,191200,35,2,125,429,225,510,Aug30_1/159-20190826191200-snapshot.jpg
3,1,20190826,191230,84,2,522,872,603,941,Aug30_1/159-20190826191230-snapshot.jpg
3,1,20190826,191300,72,2,0,392,70,454,Aug30_1/159-20190826191300-snapshot.jpg
3,1,20190826,191330,87,2,1675,19,1774,92,Aug30_1/159-20190826191330-snapshot.jpg
3,1,20190826,191400,87,2,618,760,676,838,Aug30_1/159-20190826191400-snapshot.jpg
3,1,20190826,191500,70,2,1138,750,1236,806,Aug30_1/159-20190826191500-snapshot.jpg
3,1,20190826,191530,86,2,216,176,276,259,Aug30_1/159-20190826191530-snapshot.jpg
3,1,20190826,191630,82,2,762,883,851,940,Aug30_1/159-20190826191630-snapshot.jpg
3,1,20190826,191630,87,2,601,130,675,203,Aug30_1/159-20190826191630-snapshot.jpg
3,1,20190826,191700,86,2,409,329,462,405,Aug30_1/159-20190826191700-snapshot.jpg
3,1,20190826,191730,85,2,524,429,598,479,Aug30_1/159-20190826191730-snapshot.jpg
3,1,20190826,191930,85,2,568,767,624,829,Aug30_1/159-20190826191930-snapshot.jpg
3,1,20190826,192000,87,2,618,722,678,801,Aug30_1/159-20190826192000-snapshot.jpg
3,1,20190826,192030,84,2,1492,70,1573,131,Aug30_1/159-20190826192030-snapshot.jpg
3,1,20190826,192030,87,2,787,538,863,623,Aug30_1/159-20190826192030-snapshot.jpg
3,1,20190826,192100,80,8,1024,301,1105,365,Aug30_1/159-20190826192100-snapshot.jpg
3,1,20190826,192100,81,2,1668,88,1750,136,Aug30_1/159-20190826192100-snapshot.jpg
3,1,20190826,192230,89,2,603,691,683,767,Aug30_1/159-20190826192230-snapshot.jpg
3,1,20190826,192300,90,2,13,293,93,371,Aug30_1/159-20190826192300-snapshot.jpg
3,1,20190826,192530,62,2,118,1,193,40,Aug30_1/159-20190826192530-snapshot.jpg
3,1,20190826,192600,80,2,529,871,594,935,Aug30_1/159-20190826192600-snapshot.jpg
3,1,20190826,192600,80,2,536,749,615,815,Aug30_1/159-20190826192600-snapshot.jpg
3,1,20190826,192600,86,2,215,152,302,227,Aug30_1/159-20190826192600-snapshot.jpg
3,1,20190826,192630,90,2,14,359,120,416,Aug30_1/159-20190826192630-snapshot.jpg
3,1,20190826,192830,72,2,1734,141,1807,195,Aug30_1/159-20190826192830-snapshot.jpg
3,1,20190826,192900,85,2,1618,268,1702,325,Aug30_1/159-20190826192900-snapshot.jpg
3,1,20190826,193100,89,2,707,561,797,628,Aug30_1/159-20190826193100-snapshot.jpg
3,1,20190826,193200,85,2,452,371,538,422,Aug30_1/159-20190826193200-snapshot.jpg
3,1,20190826,193300,87,2,1734,355,1802,427,Aug30_1/159-20190826193300-snapshot.jpg
3,1,20190826,193730,78,2,69,3,152,75,Aug30_1/159-20190826193730-snapshot.jpg
3,1,20190826,193730,79,2,780,1026,865,1072,Aug30_1/159-20190826193730-snapshot.jpg
3,1,20190826,193800,87,2,715,719,801,770,Aug30_1/159-20190826193800-snapshot.jpg
3,1,20190826,193830,80,2,601,831,676,904,Aug30_1/159-20190826193830-snapshot.jpg
3,1,20190826,193900,86,2,1326,295,1405,358,Aug30_1/159-20190826193900-snapshot.jpg
3,1,20190826,193900,86,2,1832,51,1894,132,Aug30_1/159-20190826193900-snapshot.jpg
3,1,20190826,194300,87,2,1797,24,1883,98,Aug30_1/160-20190826194300-snapshot.jpg
3,1,20190826,194430,84,2,567,333,618,397,Aug30_1/160-20190826194430-snapshot.jpg
3,1,20190826,194600,87,2,660,403,715,474,Aug30_1/160-20190826194600-snapshot.jpg
3,1,20190826,194830,84,2,1885,46,1920,133,Aug30_1/161-20190826194830-snapshot.jpg
3,1,20190826,195030,79,8,1443,17,1526,70,Aug30_1/161-20190826195030-snapshot.jpg
3,1,20190826,195130,83,2,1634,261,1725,326,Aug30_1/161-20190826195130-snapshot.jpg
3,1,20190826,195400,86,2,223,161,312,221,Aug30_1/161-20190826195400-snapshot.jpg
3,1,20190826,195430,73,2,61,484,144,542,Aug30_1/161-20190826195430-snapshot.jpg
3,1,20190826,195630,88,2,664,764,745,836,Aug30_1/161-20190826195630-snapshot.jpg
3,1,20190826,200730,67,2,259,325,339,398,Aug30_1/162-20190826200730-snapshot.jpg
3,1,20190826,201530,33,8,1351,590,1426,646,Aug30_1/162-20190826201530-snapshot.jpg
3,1,20190826,201900,41,8,1564,591,1617,663,Aug30_1/163-20190826201900-snapshot.jpg
3,1,20190826,202100,80,2,360,1026,434,1077,Aug30_1/164-20190826202100-snapshot.jpg
3,1,20190826,202130,80,2,634,320,714,373,Aug30_1/164-20190826202130-snapshot.jpg
3,1,20190826,202930,31,8,1350,590,1426,648,Aug30_1/168-20190826202930-snapshot.jpg
3,1,20190826,203300,49,8,1350,591,1426,649,Aug30_1/168-20190826203300-snapshot.jpg
3,1,20190826,203300,86,2,20,243,111,314,Aug30_1/168-20190826203300-snapshot.jpg
3,1,20190826,203330,86,2,141,193,209,282,Aug30_1/168-20190826203330-snapshot.jpg
3,1,20190826,203400,86,2,828,560,914,644,Aug30_1/168-20190826203400-snapshot.jpg
3,1,20190826,203430,87,2,662,753,756,818,Aug30_1/168-20190826203430-snapshot.jpg
3,1,20190826,203500,68,2,366,1023,438,1078,Aug30_1/168-20190826203500-snapshot.jpg
3,1,20190826,203600,27,8,1347,591,1427,650,Aug30_1/168-20190826203600-snapshot.jpg
3,1,20190826,203700,38,8,1354,591,1424,649,Aug30_1/168-20190826203700-snapshot.jpg
3,1,20190826,203900,40,8,1351,591,1426,653,Aug30_1/168-20190826203900-snapshot.jpg
3,1,20190826,204000,52,8,1352,590,1425,650,Aug30_1/168-20190826204000-snapshot.jpg
3,1,20190826,204100,37,8,1354,590,1423,650,Aug30_1/169-20190826204100-snapshot.jpg
3,1,20190826,204130,33,8,1351,590,1425,652,Aug30_1/169-20190826204130-snapshot.jpg
3,1,20190826,204200,41,8,1351,592,1425,654,Aug30_1/169-20190826204200-snapshot.jpg
3,1,20190826,205130,51,4,1881,169,1920,244,Aug30_1/171-20190826205130-snapshot.jpg
3,1,20190827,060600,76,2,742,492,821,581,Aug30_1/173-20190827060600-snapshot.jpg
3,1,20190827,070130,83,8,1053,917,1140,979,Aug30_1/173-20190827070130-snapshot.jpg
3,1,20190827,073600,83,8,1212,218,1306,275,Aug30_1/173-20190827073600-snapshot.jpg
3,1,20190827,080330,82,8,734,968,816,1031,Aug30_1/173-20190827080330-snapshot.jpg
3,1,20190827,080530,87,2,777,568,841,652,Aug30_1/173-20190827080530-snapshot.jpg
3,1,20190827,082130,85,2,925,681,987,759,Aug30_1/173-20190827082130-snapshot.jpg
3,1,20190827,083100,84,2,1862,76,1920,146,Aug30_1/173-20190827083100-snapshot.jpg
3,1,20190827,085000,84,8,1551,498,1644,552,Aug30_1/173-20190827085000-snapshot.jpg
3,1,20190827,085330,83,8,1487,477,1547,548,Aug30_1/173-20190827085330-snapshot.jpg
3,1,20190827,085900,80,2,1621,10,1702,70,Aug30_1/173-20190827085900-snapshot.jpg
3,1,20190827,085930,88,2,769,559,835,653,Aug30_1/173-20190827085930-snapshot.jpg
3,1,20190827,090000,54,2,0,395,36,453,Aug30_1/173-20190827090000-snapshot.jpg
3,1,20190827,090800,83,2,819,695,887,764,Aug30_1/173-20190827090800-snapshot.jpg
3,1,20190827,090830,83,2,0,311,78,368,Aug30_1/173-20190827090830-snapshot.jpg
3,1,20190827,092300,27,1,1476,904,1525,960,Aug30_1/173-20190827092300-snapshot.jpg
3,1,20190827,093130,83,2,422,353,477,417,Aug30_1/173-20190827093130-snapshot.jpg
3,1,20190827,093400,40,2,1666,184,1727,249,Aug30_1/173-20190827093400-snapshot.jpg
3,1,20190827,093430,87,2,670,738,770,790,Aug30_1/173-20190827093430-snapshot.jpg
3,1,20190827,094030,90,2,171,219,274,289,Aug30_1/173-20190827094030-snapshot.jpg
3,1,20190827,094100,88,2,0,334,91,403,Aug30_1/173-20190827094100-snapshot.jpg
3,1,20190827,094130,61,8,1059,921,1133,963,Aug30_1/173-20190827094130-snapshot.jpg
3,1,20190827,094230,86,2,1859,49,1916,127,Aug30_1/173-20190827094230-snapshot.jpg
3,1,20190827,094600,89,2,710,720,810,775,Aug30_1/173-20190827094600-snapshot.jpg
3,1,20190827,094630,85,2,950,676,1011,745,Aug30_1/173-20190827094630-snapshot.jpg
3,1,20190827,094630,87,2,594,675,679,729,Aug30_1/173-20190827094630-snapshot.jpg
3,1,20190827,094700,85,2,716,743,793,800,Aug30_1/173-20190827094700-snapshot.jpg
3,1,20190827,094700,88,2,25,259,107,340,Aug30_1/173-20190827094700-snapshot.jpg
3,1,20190827,094730,82,2,382,1020,446,1075,Aug30_1/173-20190827094730-snapshot.jpg
3,1,20190827,095100,81,2,1349,195,1431,266,Aug30_1/173-20190827095100-snapshot.jpg
3,1,20190827,095200,84,2,449,368,534,421,Aug30_1/173-20190827095200-snapshot.jpg
3,1,20190827,095230,86,2,504,888,563,962,Aug30_1/173-20190827095230-snapshot.jpg
3,1,20190827,095530,80,2,1288,546,1377,590,Aug30_1/173-20190827095530-snapshot.jpg
3,1,20190827,095630,87,2,633,628,723,682,Aug30_1/173-20190827095630-snapshot.jpg
3,1,20190827,095730,83,2,1849,105,1920,165,Aug30_1/173-20190827095730-snapshot.jpg
3,1,20190827,100330,75,2,113,4,197,51,Aug30_1/173-20190827100330-snapshot.jpg
3,1,20190827,100630,83,2,1192,155,1255,226,Aug30_1/173-20190827100630-snapshot.jpg
3,1,20190827,100730,87,2,1119,318,1208,380,Aug30_1/173-20190827100730-snapshot.jpg
3,1,20190827,100800,86,2,1504,42,1592,103,Aug30_1/173-20190827100800-snapshot.jpg
3,1,20190827,100900,81,2,406,1024,489,1078,Aug30_1/173-20190827100900-snapshot.jpg
3,1,20190827,101200,78,2,447,1001,518,1066,Aug30_1/173-20190827101200-snapshot.jpg
3,1,20190827,101630,84,2,1450,613,1536,667,Aug30_1/173-20190827101630-snapshot.jpg
3,1,20190827,102130,87,2,153,165,212,255,Aug30_1/173-20190827102130-snapshot.jpg
3,1,20190827,102430,83,2,1788,52,1853,133,Aug30_1/174-20190827102430-snapshot.jpg
3,1,20190827,102530,85,2,1826,236,1906,305,Aug30_1/174-20190827102530-snapshot.jpg
3,1,20190827,102600,87,2,808,706,867,789,Aug30_1/174-20190827102600-snapshot.jpg
3,1,20190827,102700,88,2,1554,132,1646,199,Aug30_1/174-20190827102700-snapshot.jpg
3,1,20190827,102900,63,2,1868,198,1920,255,Aug30_1/175-20190827102900-snapshot.jpg
3,1,20190827,102930,87,2,840,663,902,738,Aug30_1/175-20190827102930-snapshot.jpg
3,1,20190827,102930,88,2,1658,568,1740,649,Aug30_1/175-20190827102930-snapshot.jpg
3,1,20190827,103030,87,2,158,311,239,374,Aug30_1/175-20190827103030-snapshot.jpg
3,1,20190827,103100,59,2,1550,877,1627,940,Aug30_1/175-20190827103100-snapshot.jpg
3,1,20190827,103100,83,2,1728,375,1806,438,Aug30_1/175-20190827103100-snapshot.jpg
3,1,20190827,103130,79,2,20,374,80,440,Aug30_1/175-20190827103130-snapshot.jpg
3,1,20190827,103300,86,2,1753,356,1844,409,Aug30_1/175-20190827103300-snapshot.jpg
3,1,20190827,103700,87,2,643,98,725,168,Aug30_1/175-20190827103700-snapshot.jpg
3,1,20190827,103730,78,2,255,454,322,522,Aug30_1/175-20190827103730-snapshot.jpg
3,1,20190827,103830,89,2,627,678,678,760,Aug30_1/175-20190827103830-snapshot.jpg
3,1,20190827,103930,86,2,637,747,697,819,Aug30_1/175-20190827103930-snapshot.jpg
3,1,20190827,104000,79,2,928,685,995,738,Aug30_1/175-20190827104000-snapshot.jpg
3,1,20190827,104030,84,2,1481,310,1548,376,Aug30_1/175-20190827104030-snapshot.jpg
3,1,20190827,104030,87,2,1179,164,1262,232,Aug30_1/175-20190827104030-snapshot.jpg
3,1,20190827,104100,85,2,48,216,109,293,Aug30_1/175-20190827104100-snapshot.jpg
3,1,20190827,104230,73,2,865,734,925,797,Aug30_1/175-20190827104230-snapshot.jpg
3,1,20190827,104400,87,2,771,591,831,671,Aug30_1/175-20190827104400-snapshot.jpg
3,1,20190827,104430,85,2,1353,588,1441,635,Aug30_1/175-20190827104430-snapshot.jpg
3,1,20190827,104700,85,2,659,130,734,198,Aug30_1/175-20190827104700-snapshot.jpg
3,1,20190827,104730,83,2,755,482,830,538,Aug30_1/175-20190827104730-snapshot.jpg
3,1,20190827,104800,84,2,429,414,483,485,Aug30_1/175-20190827104800-snapshot.jpg
3,1,20190827,104830,88,2,616,681,671,766,Aug30_1/175-20190827104830-snapshot.jpg
3,1,20190827,104900,83,2,693,838,761,909,Aug30_1/175-20190827104900-snapshot.jpg
3,1,20190827,105000,85,2,1690,48,1784,115,Aug30_1/175-20190827105000-snapshot.jpg
3,1,20190827,105000,86,2,517,799,573,875,Aug30_1/175-20190827105000-snapshot.jpg
3,1,20190827,105030,83,2,1797,119,1886,189,Aug30_1/175-20190827105030-snapshot.jpg
3,1,20190827,105530,82,2,156,223,241,299,Aug30_1/175-20190827105530-snapshot.jpg
3,1,20190827,105700,85,2,178,187,257,246,Aug30_1/175-20190827105700-snapshot.jpg
3,1,20190827,105730,82,2,867,851,939,911,Aug30_1/175-20190827105730-snapshot.jpg
3,1,20190827,105800,76,2,615,725,682,776,Aug30_1/175-20190827105800-snapshot.jpg
3,1,20190827,105830,86,2,382,333,455,398,Aug30_1/175-20190827105830-snapshot.jpg
3,1,20190827,105930,84,2,1460,285,1550,340,Aug30_1/175-20190827105930-snapshot.jpg
3,1,20190827,110030,70,2,555,310,621,375,Aug30_1/175-20190827110030-snapshot.jpg
3,1,20190827,110030,87,2,633,260,694,336,Aug30_1/175-20190827110030-snapshot.jpg
3,1,20190827,110300,87,2,204,205,300,264,Aug30_1/175-20190827110300-snapshot.jpg
3,1,20190827,110430,83,2,1769,19,1857,70,Aug30_1/175-20190827110430-snapshot.jpg
3,1,20190827,110500,79,2,1333,293,1409,349,Aug30_1/175-20190827110500-snapshot.jpg
3,1,20190827,110530,80,2,1367,292,1426,357,Aug30_1/175-20190827110530-snapshot.jpg
3,1,20190827,110530,88,2,22,304,118,370,Aug30_1/175-20190827110530-snapshot.jpg
3,1,20190827,110600,34,2,297,1018,351,1075,Aug30_1/175-20190827110600-snapshot.jpg
3,1,20190827,110700,82,2,1729,365,1823,419,Aug30_1/175-20190827110700-snapshot.jpg
3,1,20190827,110730,81,2,787,1019,870,1073,Aug30_1/175-20190827110730-snapshot.jpg
3,1,20190827,110800,84,2,593,754,648,825,Aug30_1/175-20190827110800-snapshot.jpg
3,1,20190827,110800,87,2,539,207,617,280,Aug30_1/175-20190827110800-snapshot.jpg
3,1,20190827,110830,83,2,581,402,641,482,Aug30_1/175-20190827110830-snapshot.jpg
3,1,20190827,110930,87,2,921,694,983,769,Aug30_1/175-20190827110930-snapshot.jpg
3,1,20190827,111030,84,2,1830,110,1918,173,Aug30_1/175-20190827111030-snapshot.jpg
3,1,20190827,111200,86,2,416,364,501,422,Aug30_1/175-20190827111200-snapshot.jpg
3,1,20190827,111230,54,2,1775,183,1850,247,Aug30_1/175-20190827111230-snapshot.jpg
3,1,20190827,111330,80,2,707,799,789,857,Aug30_1/175-20190827111330-snapshot.jpg
3,1,20190827,111330,84,2,151,228,207,314,Aug30_1/175-20190827111330-snapshot.jpg
3,1,20190827,111430,82,2,68,264,126,342,Aug30_1/175-20190827111430-snapshot.jpg
3,1,20190827,111530,88,2,1628,266,1718,326,Aug30_1/175-20190827111530-snapshot.jpg
3,1,20190827,111700,81,2,4,67,91,141,Aug30_1/175-20190827111700-snapshot.jpg
3,1,20190827,111830,80,2,1834,90,1920,141,Aug30_1/175-20190827111830-snapshot.jpg
3,1,20190827,111830,88,2,1367,331,1452,393,Aug30_1/175-20190827111830-snapshot.jpg
3,1,20190827,112100,86,2,444,796,542,856,Aug30_1/176-20190827112100-snapshot.jpg
3,1,20190827,112130,87,2,0,372,71,440,Aug30_1/176-20190827112130-snapshot.jpg
3,1,20190827,112200,68,2,1704,2,1764,55,Aug30_1/176-20190827112200-snapshot.jpg
3,1,20190827,112200,88,2,1369,138,1458,201,Aug30_1/176-20190827112200-snapshot.jpg
3,1,20190827,112230,83,2,557,797,627,856,Aug30_1/176-20190827112230-snapshot.jpg
3,1,20190827,112230,85,2,441,408,521,474,Aug30_1/176-20190827112230-snapshot.jpg
3,1,20190827,112300,88,2,854,763,942,830,Aug30_1/176-20190827112300-snapshot.jpg
3,1,20190827,112430,81,2,1328,0,1385,69,Aug30_1/176-20190827112430-snapshot.jpg
3,1,20190827,112530,74,2,680,294,739,355,Aug30_1/176-20190827112530-snapshot.jpg
3,1,20190827,112600,87,2,36,341,125,397,Aug30_1/176-20190827112600-snapshot.jpg
3,1,20190827,112730,81,2,686,818,749,888,Aug30_1/176-20190827112730-snapshot.jpg
3,1,20190827,112800,81,2,1371,634,1465,682,Aug30_1/176-20190827112800-snapshot.jpg
3,1,20190827,112800,83,2,262,268,359,327,Aug30_1/176-20190827112800-snapshot.jpg
3,1,20190827,112830,71,2,389,521,447,573,Aug30_1/176-20190827112830-snapshot.jpg
3,1,20190827,112900,87,2,695,784,787,841,Aug30_1/176-20190827112900-snapshot.jpg
3,1,20190827,112930,84,2,1748,15,1807,100,Aug30_1/176-20190827112930-snapshot.jpg
3,1,20190827,113030,48,2,1720,160,1783,223,Aug30_1/176-20190827113030-snapshot.jpg
3,1,20190827,113130,84,2,945,684,1000,754,Aug30_1/176-20190827113130-snapshot.jpg
3,1,20190827,113200,83,2,594,741,667,797,Aug30_1/176-20190827113200-snapshot.jpg
3,1,20190827,113230,34,2,1449,1,1526,49,Aug30_1/176-20190827113230-snapshot.jpg
3,1,20190827,113230,82,2,523,874,592,940,Aug30_1/176-20190827113230-snapshot.jpg
3,1,20190827,113330,86,2,1734,10,1826,75,Aug30_1/176-20190827113330-snapshot.jpg
3,1,20190827,113430,82,2,150,425,252,513,Aug30_1/176-20190827113430-snapshot.jpg
3,1,20190827,113500,71,2,1678,413,1769,466,Aug30_1/176-20190827113500-snapshot.jpg
3,1,20190827,113600,86,2,645,108,707,194,Aug30_1/176-20190827113600-snapshot.jpg
3,1,20190827,113630,86,2,441,319,522,385,Aug30_1/176-20190827113630-snapshot.jpg
3,1,20190827,113830,87,2,1438,271,1520,340,Aug30_1/176-20190827113830-snapshot.jpg
3,1,20190827,113900,79,2,845,721,928,789,Aug30_1/176-20190827113900-snapshot.jpg
3,1,20190827,113930,69,2,123,3,184,56,Aug30_1/176-20190827113930-snapshot.jpg
3,1,20190827,114130,87,2,1689,357,1788,410,Aug30_1/176-20190827114130-snapshot.jpg
3,1,20190827,114200,85,2,1666,49,1758,100,Aug30_1/176-20190827114200-snapshot.jpg
3,1,20190827,114300,85,2,1462,327,1518,395,Aug30_1/176-20190827114300-snapshot.jpg
3,1,20190827,114430,86,2,1867,79,1920,159,Aug30_1/176-20190827114430-snapshot.jpg
3,1,20190827,114500,85,2,947,674,1014,730,Aug30_1/176-20190827114500-snapshot.jpg
3,1,20190827,114630,83,2,802,709,866,772,Aug30_1/176-20190827114630-snapshot.jpg
3,1,20190827,114700,88,2,608,658,693,718,Aug30_1/176-20190827114700-snapshot.jpg
3,1,20190827,114730,74,2,523,839,581,918,Aug30_1/176-20190827114730-snapshot.jpg
3,1,20190827,114800,76,2,452,994,513,1051,Aug30_1/176-20190827114800-snapshot.jpg
3,1,20190827,114830,71,2,772,910,824,963,Aug30_1/176-20190827114830-snapshot.jpg
3,1,20190827,114900,56,2,0,378,33,444,Aug30_1/176-20190827114900-snapshot.jpg
3,1,20190827,115130,83,2,802,1022,877,1080,Aug30_1/176-20190827115130-snapshot.jpg
3,1,20190827,115200,86,2,1618,261,1711,313,Aug30_1/176-20190827115200-snapshot.jpg
3,1,20190827,115230,76,2,1711,52,1788,114,Aug30_1/176-20190827115230-snapshot.jpg
3,1,20190827,115300,82,2,1184,174,1272,227,Aug30_1/176-20190827115300-snapshot.jpg
3,1,20190827,115400,84,2,622,690,676,770,Aug30_1/176-20190827115400-snapshot.jpg
3,1,20190827,115500,85,2,641,46,702,131,Aug30_1/176-20190827115500-snapshot.jpg
3,1,20190827,115600,90,2,236,189,326,252,Aug30_1/176-20190827115600-snapshot.jpg
3,1,20190827,115800,71,2,396,1027,472,1079,Aug30_1/176-20190827115800-snapshot.jpg
3,1,20190827,115930,86,2,792,587,849,665,Aug30_1/176-20190827115930-snapshot.jpg
3,1,20190827,120230,87,2,723,741,817,793,Aug30_1/176-20190827120230-snapshot.jpg
3,1,20190827,120330,85,2,168,362,236,439,Aug30_1/176-20190827120330-snapshot.jpg
3,1,20190827,120500,85,2,602,145,685,196,Aug30_1/176-20190827120500-snapshot.jpg
3,1,20190827,120630,86,2,1789,381,1874,456,Aug30_1/176-20190827120630-snapshot.jpg
3,1,20190827,120700,83,2,1406,394,1469,473,Aug30_1/176-20190827120700-snapshot.jpg
3,1,20190827,120730,84,2,529,849,601,917,Aug30_1/176-20190827120730-snapshot.jpg
3,1,20190827,120800,73,2,554,317,608,378,Aug30_1/176-20190827120800-snapshot.jpg
3,1,20190827,120800,85,2,253,166,334,231,Aug30_1/176-20190827120800-snapshot.jpg
3,1,20190827,120930,40,2,299,1034,375,1079,Aug30_1/176-20190827120930-snapshot.jpg
3,1,20190827,120930,85,2,709,744,773,813,Aug30_1/176-20190827120930-snapshot.jpg
3,1,20190827,121000,83,2,698,758,775,813,Aug30_1/176-20190827121000-snapshot.jpg
3,1,20190827,121030,85,2,1397,343,1459,409,Aug30_1/176-20190827121030-snapshot.jpg
3,1,20190827,121130,88,2,1167,184,1255,257,Aug30_1/176-20190827121130-snapshot.jpg
3,1,20190827,121200,81,2,1661,46,1745,116,Aug30_1/176-20190827121200-snapshot.jpg
3,1,20190827,121300,83,2,930,681,1001,739,Aug30_1/176-20190827121300-snapshot.jpg
3,1,20190827,121400,87,2,166,134,248,221,Aug30_1/176-20190827121400-snapshot.jpg
3,1,20190827,121430,85,2,629,744,684,815,Aug30_1/176-20190827121430-snapshot.jpg
3,1,20190827,121430,87,2,34,253,123,311,Aug30_1/176-20190827121430-snapshot.jpg
3,1,20190827,121500,26,2,1810,858,1883,905,Aug30_1/176-20190827121500-snapshot.jpg
3,1,20190827,121500,85,2,526,728,585,801,Aug30_1/176-20190827121500-snapshot.jpg
3,1,20190827,121530,84,2,1598,840,1688,889,Aug30_1/176-20190827121530-snapshot.jpg
3,1,20190827,121630,86,2,1158,141,1249,195,Aug30_1/176-20190827121630-snapshot.jpg
3,1,20190827,121830,29,2,832,1047,909,1080,Aug30_1/176-20190827121830-snapshot.jpg
3,1,20190827,121930,86,4,703,477,766,564,Aug30_1/176-20190827121930-snapshot.jpg
3,1,20190827,122100,85,2,70,291,131,367,Aug30_1/176-20190827122100-snapshot.jpg
3,1,20190827,122300,77,2,54,296,132,353,Aug30_1/176-20190827122300-snapshot.jpg
3,1,20190827,122530,84,2,572,162,652,224,Aug30_1/176-20190827122530-snapshot.jpg
3,1,20190827,122630,87,2,1715,356,1811,415,Aug30_1/176-20190827122630-snapshot.jpg
3,1,20190827,122700,54,2,497,812,576,875,Aug30_1/176-20190827122700-snapshot.jpg
3,1,20190827,122730,63,2,1559,0,1627,45,Aug30_1/176-20190827122730-snapshot.jpg
3,1,20190827,122730,69,2,558,325,612,385,Aug30_1/176-20190827122730-snapshot.jpg
3,1,20190827,122800,85,2,1172,146,1255,193,Aug30_1/176-20190827122800-snapshot.jpg
3,1,20190827,122900,82,2,50,146,135,221,Aug30_1/176-20190827122900-snapshot.jpg
3,1,20190827,123030,78,2,34,241,93,309,Aug30_1/176-20190827123030-snapshot.jpg
3,1,20190827,123200,88,2,590,120,679,188,Aug30_1/176-20190827123200-snapshot.jpg
3,1,20190827,123330,85,2,649,104,743,182,Aug30_1/176-20190827123330-snapshot.jpg
3,1,20190827,123500,76,2,661,296,734,362,Aug30_1/176-20190827123500-snapshot.jpg
3,1,20190827,123530,43,2,381,1042,447,1079,Aug30_1/176-20190827123530-snapshot.jpg
3,1,20190827,123600,78,2,880,862,951,925,Aug30_1/176-20190827123600-snapshot.jpg
3,1,20190827,123630,85,2,664,616,722,695,Aug30_1/176-20190827123630-snapshot.jpg
3,1,20190827,123830,77,2,879,864,961,928,Aug30_1/176-20190827123830-snapshot.jpg
3,1,20190827,123830,87,2,1776,238,1859,297,Aug30_1/176-20190827123830-snapshot.jpg
3,1,20190827,123900,61,2,44,498,114,575,Aug30_1/176-20190827123900-snapshot.jpg
3,1,20190827,123900,79,2,1501,17,1586,76,Aug30_1/176-20190827123900-snapshot.jpg
3,1,20190827,123900,86,2,164,161,242,234,Aug30_1/176-20190827123900-snapshot.jpg
3,1,20190827,124100,70,2,1704,2,1776,54,Aug30_1/176-20190827124100-snapshot.jpg
3,1,20190827,124100,83,2,628,627,717,686,Aug30_1/176-20190827124100-snapshot.jpg
3,1,20190827,124130,85,2,734,812,793,888,Aug30_1/176-20190827124130-snapshot.jpg
3,1,20190827,124200,79,2,508,801,568,852,Aug30_1/176-20190827124200-snapshot.jpg
3,1,20190827,124230,86,2,1128,51,1222,107,Aug30_1/176-20190827124230-snapshot.jpg
3,1,20190827,124300,74,2,1827,126,1918,183,Aug30_1/176-20190827124300-snapshot.jpg
3,1,20190827,124300,86,2,595,53,662,134,Aug30_1/176-20190827124300-snapshot.jpg
3,1,20190827,124300,86,2,1805,301,1889,358,Aug30_1/176-20190827124300-snapshot.jpg
3,1,20190827,124330,84,2,1480,444,1552,504,Aug30_1/176-20190827124330-snapshot.jpg
3,1,20190827,124430,61,2,265,479,342,555,Aug30_1/176-20190827124430-snapshot.jpg
3,1,20190827,124530,84,2,525,312,577,380,Aug30_1/176-20190827124530-snapshot.jpg
3,1,20190827,124700,85,2,1436,342,1517,389,Aug30_1/176-20190827124700-snapshot.jpg
3,1,20190827,124730,83,2,287,367,372,434,Aug30_1/176-20190827124730-snapshot.jpg
3,1,20190827,124800,85,2,426,442,482,512,Aug30_1/176-20190827124800-snapshot.jpg
3,1,20190827,124830,86,2,518,309,580,376,Aug30_1/176-20190827124830-snapshot.jpg
3,1,20190827,124900,71,2,595,762,675,813,Aug30_1/176-20190827124900-snapshot.jpg
3,1,20190827,125000,81,2,1031,69,1088,134,Aug30_1/176-20190827125000-snapshot.jpg
3,1,20190827,125030,84,2,226,175,295,248,Aug30_1/176-20190827125030-snapshot.jpg
3,1,20190827,125100,87,2,827,591,914,656,Aug30_1/176-20190827125100-snapshot.jpg
3,1,20190827,125200,76,2,756,478,827,541,Aug30_1/176-20190827125200-snapshot.jpg
3,1,20190827,125430,86,2,1292,893,1377,953,Aug30_1/176-20190827125430-snapshot.jpg
3,1,20190827,125500,68,2,487,337,557,403,Aug30_1/176-20190827125500-snapshot.jpg
3,1,20190827,125600,86,2,488,341,543,421,Aug30_1/176-20190827125600-snapshot.jpg
3,1,20190827,125630,76,2,669,95,748,183,Aug30_1/176-20190827125630-snapshot.jpg
3,1,20190827,125630,88,2,610,641,696,710,Aug30_1/176-20190827125630-snapshot.jpg
3,1,20190827,125700,87,2,1695,246,1788,308,Aug30_1/176-20190827125700-snapshot.jpg
3,1,20190827,125730,80,2,714,779,772,849,Aug30_1/176-20190827125730-snapshot.jpg
3,1,20190827,125730,86,2,742,561,812,643,Aug30_1/176-20190827125730-snapshot.jpg
3,1,20190827,125800,80,2,730,814,798,890,Aug30_1/176-20190827125800-snapshot.jpg
3,1,20190827,125800,86,2,460,291,530,363,Aug30_1/176-20190827125800-snapshot.jpg
3,1,20190827,125830,86,2,1816,48,1884,129,Aug30_1/176-20190827125830-snapshot.jpg
3,1,20190827,125900,79,2,436,1001,492,1057,Aug30_1/176-20190827125900-snapshot.jpg
3,1,20190827,125900,87,2,19,285,121,339,Aug30_1/176-20190827125900-snapshot.jpg
3,1,20190827,130000,86,2,69,293,131,370,Aug30_1/176-20190827130000-snapshot.jpg
3,1,20190827,130030,85,2,1648,350,1716,419,Aug30_1/176-20190827130030-snapshot.jpg
3,1,20190827,130300,86,2,1742,25,1801,107,Aug30_1/176-20190827130300-snapshot.jpg
3,1,20190827,130330,77,2,841,729,929,784,Aug30_1/176-20190827130330-snapshot.jpg
3,1,20190827,130400,85,2,1632,85,1724,145,Aug30_1/176-20190827130400-snapshot.jpg
3,1,20190827,130430,84,2,912,809,974,876,Aug30_1/176-20190827130430-snapshot.jpg
3,1,20190827,130500,76,2,1,369,65,423,Aug30_1/176-20190827130500-snapshot.jpg
3,1,20190827,130530,87,2,246,179,326,256,Aug30_1/176-20190827130530-snapshot.jpg
3,1,20190827,130600,86,2,787,259,866,320,Aug30_1/176-20190827130600-snapshot.jpg
3,1,20190827,130630,77,2,254,466,332,538,Aug30_1/176-20190827130630-snapshot.jpg
3,1,20190827,130800,81,2,439,301,510,360,Aug30_1/176-20190827130800-snapshot.jpg
3,1,20190827,130930,77,2,680,540,732,603,Aug30_1/176-20190827130930-snapshot.jpg
3,1,20190827,131000,82,2,1513,102,1594,167,Aug30_1/176-20190827131000-snapshot.jpg
3,1,20190827,131000,84,2,741,839,840,901,Aug30_1/176-20190827131000-snapshot.jpg
3,1,20190827,131300,75,2,117,3,208,48,Aug30_1/176-20190827131300-snapshot.jpg
3,1,20190827,131300,86,2,637,774,689,838,Aug30_1/176-20190827131300-snapshot.jpg
3,1,20190827,131300,87,2,1203,193,1283,271,Aug30_1/176-20190827131300-snapshot.jpg
3,1,20190827,131430,88,2,1561,25,1618,104,Aug30_1/176-20190827131430-snapshot.jpg
3,1,20190827,131530,75,2,263,481,343,533,Aug30_1/176-20190827131530-snapshot.jpg
3,1,20190827,131600,60,2,854,1036,907,1080,Aug30_1/176-20190827131600-snapshot.jpg
3,1,20190827,131600,88,3,109,196,213,302,Aug30_1/176-20190827131600-snapshot.jpg
3,1,20190827,131700,82,2,595,789,671,835,Aug30_1/176-20190827131700-snapshot.jpg
3,1,20190827,131800,78,2,700,793,776,851,Aug30_1/176-20190827131800-snapshot.jpg
3,1,20190827,131800,87,2,395,335,451,409,Aug30_1/176-20190827131800-snapshot.jpg
3,1,20190827,131830,82,2,313,917,406,968,Aug30_1/176-20190827131830-snapshot.jpg
3,1,20190827,131900,69,2,1544,851,1605,911,Aug30_1/176-20190827131900-snapshot.jpg
3,1,20190827,131900,86,2,1805,117,1886,174,Aug30_1/176-20190827131900-snapshot.jpg
3,1,20190827,131930,79,2,1698,858,1785,908,Aug30_1/176-20190827131930-snapshot.jpg
3,1,20190827,131930,87,2,836,713,923,764,Aug30_1/176-20190827131930-snapshot.jpg
3,1,20190827,132000,83,2,1305,29,1391,91,Aug30_1/176-20190827132000-snapshot.jpg
3,1,20190827,132000,84,2,1782,340,1858,392,Aug30_1/176-20190827132000-snapshot.jpg
3,1,20190827,132000,88,2,593,133,675,203,Aug30_1/176-20190827132000-snapshot.jpg
3,1,20190827,132030,85,2,1166,184,1249,247,Aug30_1/176-20190827132030-snapshot.jpg
3,1,20190827,132230,84,2,413,489,469,552,Aug30_1/176-20190827132230-snapshot.jpg
3,1,20190827,132400,91,2,1316,629,1406,697,Aug30_1/176-20190827132400-snapshot.jpg
3,1,20190827,132430,63,2,621,718,672,780,Aug30_1/176-20190827132430-snapshot.jpg
3,1,20190827,132500,86,2,390,404,444,477,Aug30_1/176-20190827132500-snapshot.jpg
3,1,20190827,132600,81,2,854,1022,934,1080,Aug30_1/176-20190827132600-snapshot.jpg
3,1,20190827,132630,69,2,378,984,440,1059,Aug30_1/176-20190827132630-snapshot.jpg
3,1,20190827,132630,85,2,484,351,538,426,Aug30_1/176-20190827132630-snapshot.jpg
3,1,20190827,132630,87,2,1357,634,1439,701,Aug30_1/176-20190827132630-snapshot.jpg
3,1,20190827,132700,76,2,1813,324,1887,377,Aug30_1/176-20190827132700-snapshot.jpg
3,1,20190827,132700,80,2,1227,604,1302,646,Aug30_1/176-20190827132700-snapshot.jpg
3,1,20190827,132800,79,2,866,875,935,934,Aug30_1/176-20190827132800-snapshot.jpg
3,1,20190827,132830,89,2,5,305,99,360,Aug30_1/176-20190827132830-snapshot.jpg
3,1,20190827,132830,89,2,519,296,600,359,Aug30_1/176-20190827132830-snapshot.jpg
3,1,20190827,132900,57,2,1763,155,1848,206,Aug30_1/176-20190827132900-snapshot.jpg
3,1,20190827,132930,86,2,225,329,321,383,Aug30_1/176-20190827132930-snapshot.jpg
3,1,20190827,133100,87,2,752,694,849,750,Aug30_1/176-20190827133100-snapshot.jpg
3,1,20190827,133430,83,2,1320,564,1383,643,Aug30_1/176-20190827133430-snapshot.jpg
3,1,20190827,133430,86,2,814,710,903,757,Aug30_1/176-20190827133430-snapshot.jpg
3,1,20190827,133500,66,2,344,1033,434,1078,Aug30_1/176-20190827133500-snapshot.jpg
3,1,20190827,133600,76,2,665,309,740,366,Aug30_1/176-20190827133600-snapshot.jpg
3,1,20190827,133630,77,2,581,323,670,383,Aug30_1/176-20190827133630-snapshot.jpg
3,1,20190827,133900,74,2,1706,0,1781,44,Aug30_1/176-20190827133900-snapshot.jpg
3,1,20190827,133900,85,2,484,332,559,388,Aug30_1/176-20190827133900-snapshot.jpg
3,1,20190827,134000,85,2,639,572,699,652,Aug30_1/176-20190827134000-snapshot.jpg
3,1,20190827,134030,82,2,1615,343,1693,405,Aug30_1/176-20190827134030-snapshot.jpg
3,1,20190827,134030,86,2,640,294,728,349,Aug30_1/176-20190827134030-snapshot.jpg
3,1,20190827,134130,85,2,1273,562,1333,639,Aug30_1/176-20190827134130-snapshot.jpg
3,1,20190827,134200,75,2,1648,3,1708,70,Aug30_1/176-20190827134200-snapshot.jpg
3,1,20190827,134430,87,2,590,138,652,217,Aug30_1/176-20190827134430-snapshot.jpg
3,1,20190827,134530,80,2,1713,96,1792,159,Aug30_1/176-20190827134530-snapshot.jpg
3,1,20190827,134530,82,2,766,581,837,633,Aug30_1/176-20190827134530-snapshot.jpg
3,1,20190827,134600,84,2,1525,30,1614,80,Aug30_1/176-20190827134600-snapshot.jpg
3,1,20190827,134630,75,2,712,793,767,865,Aug30_1/176-20190827134630-snapshot.jpg
3,1,20190827,134630,87,2,1034,76,1115,150,Aug30_1/176-20190827134630-snapshot.jpg
3,1,20190827,134700,86,2,1172,181,1257,240,Aug30_1/176-20190827134700-snapshot.jpg
3,1,20190827,134700,86,2,447,327,506,398,Aug30_1/176-20190827134700-snapshot.jpg
3,1,20190827,134800,85,2,6,300,106,355,Aug30_1/176-20190827134800-snapshot.jpg
3,1,20190827,134900,85,2,1732,25,1801,100,Aug30_1/176-20190827134900-snapshot.jpg
3,1,20190827,134930,84,8,1289,930,1346,1009,Aug30_1/176-20190827134930-snapshot.jpg
3,1,20190827,135000,85,2,696,747,784,796,Aug30_1/176-20190827135000-snapshot.jpg
3,1,20190827,135030,65,2,675,820,765,879,Aug30_1/176-20190827135030-snapshot.jpg
3,1,20190827,135200,85,2,1185,186,1267,256,Aug30_1/176-20190827135200-snapshot.jpg
3,1,20190827,135200,86,2,1740,345,1832,396,Aug30_1/176-20190827135200-snapshot.jpg
3,1,20190827,135300,78,2,155,291,236,359,Aug30_1/176-20190827135300-snapshot.jpg
3,1,20190827,135400,86,2,1647,59,1735,123,Aug30_1/176-20190827135400-snapshot.jpg
3,1,20190827,135400,87,2,691,353,748,428,Aug30_1/176-20190827135400-snapshot.jpg
3,1,20190827,135430,85,2,612,790,691,851,Aug30_1/176-20190827135430-snapshot.jpg
3,1,20190827,135500,86,2,1684,330,1769,390,Aug30_1/176-20190827135500-snapshot.jpg
3,1,20190827,135630,83,2,724,826,786,899,Aug30_1/176-20190827135630-snapshot.jpg
3,1,20190827,135700,81,2,487,378,535,449,Aug30_1/176-20190827135700-snapshot.jpg
3,1,20190827,135700,81,2,89,308,152,382,Aug30_1/176-20190827135700-snapshot.jpg
3,1,20190827,135730,83,2,631,784,711,841,Aug30_1/176-20190827135730-snapshot.jpg
3,1,20190827,135800,83,2,754,625,827,702,Aug30_1/176-20190827135800-snapshot.jpg
3,1,20190827,135800,84,2,76,83,156,162,Aug30_1/176-20190827135800-snapshot.jpg
3,1,20190827,135830,80,2,717,507,784,569,Aug30_1/176-20190827135830-snapshot.jpg
3,1,20190827,135830,85,2,1614,249,1720,310,Aug30_1/176-20190827135830-snapshot.jpg
3,1,20190827,135900,54,2,283,1025,353,1077,Aug30_1/176-20190827135900-snapshot.jpg
3,1,20190827,135900,78,2,1771,161,1849,212,Aug30_1/176-20190827135900-snapshot.jpg
3,1,20190827,135930,84,2,71,152,148,234,Aug30_1/176-20190827135930-snapshot.jpg
3,1,20190827,140000,82,2,991,344,1088,397,Aug30_1/176-20190827140000-snapshot.jpg
3,1,20190827,140230,86,2,482,690,541,768,Aug30_1/176-20190827140230-snapshot.jpg
3,1,20190827,140300,78,2,825,746,903,819,Aug30_1/176-20190827140300-snapshot.jpg
3,1,20190827,140300,87,2,585,132,664,204,Aug30_1/176-20190827140300-snapshot.jpg
3,1,20190827,140300,89,2,364,389,443,442,Aug30_1/176-20190827140300-snapshot.jpg
3,1,20190827,140330,84,2,1650,388,1738,465,Aug30_1/176-20190827140330-snapshot.jpg
3,1,20190827,140400,82,2,160,405,254,489,Aug30_1/176-20190827140400-snapshot.jpg
3,1,20190827,140400,87,2,589,738,671,793,Aug30_1/176-20190827140400-snapshot.jpg
3,1,20190827,140430,80,2,226,657,318,739,Aug30_1/176-20190827140430-snapshot.jpg
3,1,20190827,140500,60,2,66,6,143,78,Aug30_1/176-20190827140500-snapshot.jpg
3,1,20190827,140500,74,2,1010,2,1068,55,Aug30_1/176-20190827140500-snapshot.jpg
3,1,20190827,140530,84,2,1650,324,1755,379,Aug30_1/176-20190827140530-snapshot.jpg
3,1,20190827,140530,85,2,746,1007,842,1067,Aug30_1/176-20190827140530-snapshot.jpg
3,1,20190827,140600,80,2,702,773,780,836,Aug30_1/176-20190827140600-snapshot.jpg
3,1,20190827,140700,78,2,446,286,518,346,Aug30_1/176-20190827140700-snapshot.jpg
3,1,20190827,140730,62,2,662,289,741,350,Aug30_1/176-20190827140730-snapshot.jpg
3,1,20190827,140900,70,2,1710,0,1779,45,Aug30_1/176-20190827140900-snapshot.jpg
3,1,20190827,140900,74,2,365,326,423,396,Aug30_1/176-20190827140900-snapshot.jpg
3,1,20190827,140930,85,2,202,176,293,232,Aug30_1/176-20190827140930-snapshot.jpg
3,1,20190827,140930,86,2,1495,471,1576,538,Aug30_1/176-20190827140930-snapshot.jpg
3,1,20190827,141000,57,2,1517,4,1600,74,Aug30_1/176-20190827141000-snapshot.jpg
3,1,20190827,141000,85,2,556,770,644,830,Aug30_1/176-20190827141000-snapshot.jpg
3,1,20190827,141100,84,2,613,142,679,208,Aug30_1/176-20190827141100-snapshot.jpg
3,1,20190827,141100,87,2,769,581,841,658,Aug30_1/176-20190827141100-snapshot.jpg
3,1,20190827,141130,84,2,790,1019,867,1073,Aug30_1/176-20190827141130-snapshot.jpg
3,1,20190827,141200,80,2,1648,1,1703,62,Aug30_1/176-20190827141200-snapshot.jpg
3,1,20190827,141300,31,2,359,1040,440,1079,Aug30_1/176-20190827141300-snapshot.jpg
3,1,20190827,141300,87,2,479,342,564,397,Aug30_1/176-20190827141300-snapshot.jpg
3,1,20190827,141400,78,2,1756,50,1837,100,Aug30_1/176-20190827141400-snapshot.jpg
3,1,20190827,141430,85,2,1686,64,1770,131,Aug30_1/176-20190827141430-snapshot.jpg
3,1,20190827,141530,84,2,600,728,675,779,Aug30_1/176-20190827141530-snapshot.jpg
3,1,20190827,141630,85,2,1462,343,1529,406,Aug30_1/176-20190827141630-snapshot.jpg
3,1,20190827,141630,87,2,1171,181,1260,252,Aug30_1/176-20190827141630-snapshot.jpg
3,1,20190827,141700,84,2,95,296,149,378,Aug30_1/176-20190827141700-snapshot.jpg
3,1,20190827,141700,86,2,1651,36,1741,92,Aug30_1/176-20190827141700-snapshot.jpg
3,1,20190827,141700,89,2,0,356,79,426,Aug30_1/176-20190827141700-snapshot.jpg
3,1,20190827,141900,83,2,269,167,347,241,Aug30_1/176-20190827141900-snapshot.jpg
3,1,20190827,141930,87,2,593,669,673,741,Aug30_1/176-20190827141930-snapshot.jpg
3,1,20190827,142000,50,2,1562,0,1642,40,Aug30_1/176-20190827142000-snapshot.jpg
3,1,20190827,142000,85,2,629,769,685,837,Aug30_1/176-20190827142000-snapshot.jpg
3,1,20190827,142030,78,2,865,717,941,779,Aug30_1/176-20190827142030-snapshot.jpg
3,1,20190827,142030,84,2,181,416,276,506,Aug30_1/176-20190827142030-snapshot.jpg
3,1,20190827,142130,86,2,523,309,595,369,Aug30_1/176-20190827142130-snapshot.jpg
3,1,20190827,142200,83,2,485,358,558,421,Aug30_1/176-20190827142200-snapshot.jpg
3,1,20190827,142200,86,2,1347,622,1435,676,Aug30_1/176-20190827142200-snapshot.jpg
3,1,20190827,142230,80,2,692,349,745,409,Aug30_1/176-20190827142230-snapshot.jpg
3,1,20190827,142230,83,2,1612,4,1693,72,Aug30_1/176-20190827142230-snapshot.jpg
3,1,20190827,142300,79,2,675,459,735,524,Aug30_1/176-20190827142300-snapshot.jpg
3,1,20190827,142330,82,2,358,904,442,967,Aug30_1/176-20190827142330-snapshot.jpg
3,1,20190827,142330,86,2,1179,180,1268,244,Aug30_1/176-20190827142330-snapshot.jpg
3,1,20190827,142430,84,2,561,780,638,845,Aug30_1/176-20190827142430-snapshot.jpg
3,1,20190827,142500,88,2,205,187,295,257,Aug30_1/176-20190827142500-snapshot.jpg
3,1,20190827,142530,81,2,1675,285,1735,358,Aug30_1/176-20190827142530-snapshot.jpg
3,1,20190827,142530,85,2,1684,65,1766,135,Aug30_1/176-20190827142530-snapshot.jpg
3,1,20190827,142630,90,2,1167,251,1250,334,Aug30_1/176-20190827142630-snapshot.jpg
3,1,20190827,142630,90,2,733,751,820,828,Aug30_1/176-20190827142630-snapshot.jpg
3,1,20190827,142700,85,2,377,558,445,624,Aug30_1/176-20190827142700-snapshot.jpg
3,1,20190827,142930,84,8,496,997,570,1050,Aug30_1/176-20190827142930-snapshot.jpg
3,1,20190827,143130,76,2,382,1033,436,1079,Aug30_1/176-20190827143130-snapshot.jpg
3,1,20190827,143130,81,2,1404,355,1466,414,Aug30_1/176-20190827143130-snapshot.jpg
3,1,20190827,143200,84,2,1541,897,1623,957,Aug30_1/176-20190827143200-snapshot.jpg
3,1,20190827,143200,86,2,523,258,598,323,Aug30_1/176-20190827143200-snapshot.jpg
3,1,20190827,143230,64,2,266,450,347,521,Aug30_1/176-20190827143230-snapshot.jpg
3,1,20190827,143300,79,2,533,315,609,369,Aug30_1/176-20190827143300-snapshot.jpg
3,1,20190827,143330,84,2,1620,6,1678,79,Aug30_1/176-20190827143330-snapshot.jpg
3,1,20190827,143330,89,2,1705,366,1787,435,Aug30_1/176-20190827143330-snapshot.jpg
3,1,20190827,143400,88,2,547,777,627,841,Aug30_1/176-20190827143400-snapshot.jpg
3,1,20190827,143400,89,2,1647,364,1734,435,Aug30_1/176-20190827143400-snapshot.jpg
3,1,20190827,143430,78,2,1765,249,1841,308,Aug30_1/176-20190827143430-snapshot.jpg
3,1,20190827,143430,89,2,745,579,827,653,Aug30_1/176-20190827143430-snapshot.jpg
3,1,20190827,143500,84,2,1704,72,1764,143,Aug30_1/176-20190827143500-snapshot.jpg
3,1,20190827,143500,89,2,1117,227,1203,307,Aug30_1/176-20190827143500-snapshot.jpg
3,1,20190827,143530,84,2,1607,5,1688,56,Aug30_1/176-20190827143530-snapshot.jpg
3,1,20190827,143530,86,2,375,337,428,408,Aug30_1/176-20190827143530-snapshot.jpg
3,1,20190827,143600,69,2,82,476,164,549,Aug30_1/176-20190827143600-snapshot.jpg
3,1,20190827,143700,86,2,1595,293,1680,353,Aug30_1/176-20190827143700-snapshot.jpg
3,1,20190827,143900,88,2,206,250,286,335,Aug30_1/176-20190827143900-snapshot.jpg
3,1,20190827,144030,81,2,284,492,344,563,Aug30_1/176-20190827144030-snapshot.jpg
3,1,20190827,144030,82,2,1779,298,1854,366,Aug30_1/176-20190827144030-snapshot.jpg
3,1,20190827,144030,85,2,666,323,739,385,Aug30_1/176-20190827144030-snapshot.jpg
3,1,20190827,144100,86,2,1427,357,1499,425,Aug30_1/176-20190827144100-snapshot.jpg
3,1,20190827,144100,87,2,1315,587,1404,648,Aug30_1/176-20190827144100-snapshot.jpg
3,1,20190827,144130,83,2,911,1022,989,1080,Aug30_1/176-20190827144130-snapshot.jpg
3,1,20190827,144130,86,2,1806,102,1882,173,Aug30_1/176-20190827144130-snapshot.jpg
3,1,20190827,144200,87,2,678,298,736,372,Aug30_1/176-20190827144200-snapshot.jpg
3,1,20190827,144430,67,2,1854,2,1909,52,Aug30_1/176-20190827144430-snapshot.jpg
3,1,20190827,144500,45,2,330,1040,416,1080,Aug30_1/176-20190827144500-snapshot.jpg
3,1,20190827,144500,86,2,1721,362,1820,413,Aug30_1/176-20190827144500-snapshot.jpg
3,1,20190827,144530,57,2,1639,0,1713,34,Aug30_1/176-20190827144530-snapshot.jpg
3,1,20190827,144600,86,2,188,298,264,360,Aug30_1/176-20190827144600-snapshot.jpg
3,1,20190827,144600,87,2,870,712,957,779,Aug30_1/176-20190827144600-snapshot.jpg
3,1,20190827,144630,83,2,710,854,793,900,Aug30_1/176-20190827144630-snapshot.jpg
3,1,20190827,144800,83,2,543,920,599,989,Aug30_1/176-20190827144800-snapshot.jpg
3,1,20190827,144900,70,2,1703,233,1753,298,Aug30_1/176-20190827144900-snapshot.jpg
3,1,20190827,145000,78,2,537,907,605,968,Aug30_1/176-20190827145000-snapshot.jpg
3,1,20190827,145000,88,2,497,273,555,360,Aug30_1/176-20190827145000-snapshot.jpg
3,1,20190827,145100,87,2,752,566,837,635,Aug30_1/176-20190827145100-snapshot.jpg
3,1,20190827,145500,84,2,377,330,432,398,Aug30_1/176-20190827145500-snapshot.jpg
3,1,20190827,145600,75,2,402,1031,479,1080,Aug30_1/176-20190827145600-snapshot.jpg
3,1,20190827,145600,86,2,698,746,780,794,Aug30_1/176-20190827145600-snapshot.jpg
3,1,20190827,145630,65,2,619,769,694,815,Aug30_1/176-20190827145630-snapshot.jpg
3,1,20190827,145630,78,2,389,1028,443,1079,Aug30_1/176-20190827145630-snapshot.jpg
3,1,20190827,145700,86,2,688,766,776,817,Aug30_1/176-20190827145700-snapshot.jpg
3,1,20190827,145730,82,2,83,107,153,181,Aug30_1/176-20190827145730-snapshot.jpg
3,1,20190827,145800,88,2,494,335,575,393,Aug30_1/176-20190827145800-snapshot.jpg
3,1,20190827,145900,64,2,1734,0,1808,31,Aug30_1/176-20190827145900-snapshot.jpg
3,1,20190827,145900,88,2,474,320,557,387,Aug30_1/176-20190827145900-snapshot.jpg
3,1,20190827,145930,63,2,1580,0,1656,34,Aug30_1/176-20190827145930-snapshot.jpg
3,1,20190827,145930,81,2,314,915,396,975,Aug30_1/176-20190827145930-snapshot.jpg
3,1,20190827,150000,86,2,1745,353,1834,417,Aug30_1/176-20190827150000-snapshot.jpg
3,1,20190827,150100,76,2,3,387,90,451,Aug30_1/176-20190827150100-snapshot.jpg
3,1,20190827,150130,38,2,695,484,752,544,Aug30_1/176-20190827150130-snapshot.jpg
3,1,20190827,150130,87,2,278,905,357,969,Aug30_1/176-20190827150130-snapshot.jpg
3,1,20190827,150200,82,2,641,816,726,878,Aug30_1/176-20190827150200-snapshot.jpg
3,1,20190827,150200,82,2,159,209,235,285,Aug30_1/176-20190827150200-snapshot.jpg
3,1,20190827,150530,85,2,1348,313,1408,376,Aug30_1/176-20190827150530-snapshot.jpg
3,1,20190827,150600,86,2,37,338,132,391,Aug30_1/176-20190827150600-snapshot.jpg
3,1,20190827,150630,86,2,1808,325,1867,398,Aug30_1/176-20190827150630-snapshot.jpg
3,1,20190827,150800,83,2,858,734,943,791,Aug30_1/176-20190827150800-snapshot.jpg
3,1,20190827,150830,86,2,550,536,610,617,Aug30_1/176-20190827150830-snapshot.jpg
3,1,20190827,151130,83,2,1417,355,1495,406,Aug30_1/176-20190827151130-snapshot.jpg
3,1,20190827,151200,84,2,1563,796,1622,864,Aug30_1/176-20190827151200-snapshot.jpg
3,1,20190827,151230,84,2,1712,51,1792,126,Aug30_1/176-20190827151230-snapshot.jpg
3,1,20190827,151230,87,2,1607,845,1691,922,Aug30_1/176-20190827151230-snapshot.jpg
3,1,20190827,151300,86,2,661,769,720,843,Aug30_1/176-20190827151300-snapshot.jpg
3,1,20190827,151330,86,2,1795,313,1860,394,Aug30_1/176-20190827151330-snapshot.jpg
3,1,20190827,151330,87,2,21,253,104,329,Aug30_1/176-20190827151330-snapshot.jpg
3,1,20190827,151400,85,2,1380,560,1436,635,Aug30_1/176-20190827151400-snapshot.jpg
3,1,20190827,151430,70,2,822,898,880,955,Aug30_1/176-20190827151430-snapshot.jpg
3,1,20190827,151500,82,2,485,257,571,307,Aug30_1/176-20190827151500-snapshot.jpg
3,1,20190827,151500,87,2,373,530,450,582,Aug30_1/176-20190827151500-snapshot.jpg
3,1,20190827,151730,70,2,80,136,160,220,Aug30_1/176-20190827151730-snapshot.jpg
3,1,20190827,151830,84,2,1283,586,1344,657,Aug30_1/176-20190827151830-snapshot.jpg
3,1,20190827,151830,86,2,703,354,757,430,Aug30_1/176-20190827151830-snapshot.jpg
3,1,20190827,151900,76,2,492,368,550,432,Aug30_1/176-20190827151900-snapshot.jpg
3,1,20190827,151900,82,2,599,307,674,360,Aug30_1/176-20190827151900-snapshot.jpg
3,1,20190827,151930,79,2,263,476,342,541,Aug30_1/176-20190827151930-snapshot.jpg
3,1,20190827,151930,80,2,56,250,133,304,Aug30_1/176-20190827151930-snapshot.jpg
3,1,20190827,151930,84,2,864,726,958,780,Aug30_1/176-20190827151930-snapshot.jpg
3,1,20190827,152000,74,2,280,374,340,463,Aug30_1/176-20190827152000-snapshot.jpg
3,1,20190827,152030,83,2,195,407,289,493,Aug30_1/176-20190827152030-snapshot.jpg
3,1,20190827,152100,85,2,870,710,952,761,Aug30_1/176-20190827152100-snapshot.jpg
3,1,20190827,152130,90,2,1717,235,1803,308,Aug30_1/176-20190827152130-snapshot.jpg
3,1,20190827,152230,86,2,1186,1001,1275,1077,Aug30_1/176-20190827152230-snapshot.jpg
3,1,20190827,152300,86,2,853,908,918,980,Aug30_1/176-20190827152300-snapshot.jpg
3,1,20190827,152400,86,2,503,639,575,720,Aug30_1/176-20190827152400-snapshot.jpg
3,1,20190827,152430,82,2,800,899,869,964,Aug30_1/176-20190827152430-snapshot.jpg
3,1,20190827,152830,85,2,544,897,607,976,Aug30_1/176-20190827152830-snapshot.jpg
3,1,20190827,153330,80,2,948,690,1019,749,Aug30_1/176-20190827153330-snapshot.jpg
3,1,20190827,153400,83,2,287,885,377,943,Aug30_1/176-20190827153400-snapshot.jpg
3,1,20190827,153630,87,2,449,259,535,333,Aug30_1/176-20190827153630-snapshot.jpg
3,1,20190827,153730,88,2,783,454,862,529,Aug30_1/176-20190827153730-snapshot.jpg
3,1,20190827,154000,87,2,21,283,120,332,Aug30_1/176-20190827154000-snapshot.jpg
3,1,20190827,154030,85,2,575,767,633,841,Aug30_1/176-20190827154030-snapshot.jpg
3,1,20190827,154100,87,2,1175,177,1258,257,Aug30_1/176-20190827154100-snapshot.jpg
3,1,20190827,154130,82,2,161,201,246,268,Aug30_1/176-20190827154130-snapshot.jpg
3,1,20190827,154400,83,2,603,792,661,860,Aug30_1/176-20190827154400-snapshot.jpg
3,1,20190827,154400,89,2,1354,617,1438,694,Aug30_1/176-20190827154400-snapshot.jpg
3,1,20190827,154430,86,2,636,592,724,654,Aug30_1/176-20190827154430-snapshot.jpg
3,1,20190827,154530,72,2,319,1025,386,1078,Aug30_1/176-20190827154530-snapshot.jpg
3,1,20190827,154530,85,2,1374,269,1451,342,Aug30_1/176-20190827154530-snapshot.jpg
3,1,20190827,154630,84,2,944,678,1018,730,Aug30_1/176-20190827154630-snapshot.jpg
3,1,20190827,154700,88,2,766,570,841,654,Aug30_1/176-20190827154700-snapshot.jpg
3,1,20190827,154730,86,2,1769,342,1840,416,Aug30_1/176-20190827154730-snapshot.jpg
3,1,20190827,155130,85,2,403,969,482,1023,Aug30_1/176-20190827155130-snapshot.jpg
3,1,20190827,155200,85,2,663,290,713,357,Aug30_1/176-20190827155200-snapshot.jpg
3,1,20190827,155200,85,2,1728,244,1817,310,Aug30_1/176-20190827155200-snapshot.jpg
3,1,20190827,155230,69,2,1776,0,1831,41,Aug30_1/176-20190827155230-snapshot.jpg
3,1,20190827,155230,87,2,185,160,273,229,Aug30_1/176-20190827155230-snapshot.jpg
3,1,20190827,155500,44,2,1558,0,1638,41,Aug30_1/176-20190827155500-snapshot.jpg
3,1,20190827,155530,86,2,702,739,790,791,Aug30_1/176-20190827155530-snapshot.jpg
3,1,20190827,155600,87,2,798,586,877,664,Aug30_1/176-20190827155600-snapshot.jpg
3,1,20190827,155630,86,2,409,302,495,362,Aug30_1/176-20190827155630-snapshot.jpg
3,1,20190827,155830,85,2,1789,106,1852,185,Aug30_1/176-20190827155830-snapshot.jpg
3,1,20190827,155900,88,2,745,551,807,633,Aug30_1/176-20190827155900-snapshot.jpg
3,1,20190827,161830,87,2,90,295,171,376,Aug30_1/176-20190827161830-snapshot.jpg
3,1,20190827,162330,87,2,1491,156,1578,225,Aug30_1/176-20190827162330-snapshot.jpg
3,1,20190827,162330,88,2,855,489,910,575,Aug30_1/176-20190827162330-snapshot.jpg
3,1,20190827,162400,82,2,1826,148,1906,221,Aug30_1/176-20190827162400-snapshot.jpg
3,1,20190827,165200,84,2,446,294,521,356,Aug30_1/182-20190827165200-snapshot.jpg
3,1,20190827,202000,83,8,1430,233,1489,301,Aug30_1/209-20190827202000-snapshot.jpg
3,1,20190828,055130,28,4,804,648,876,717,Aug30_1/220-20190828055130-snapshot.jpg
3,1,20190828,074930,71,8,139,324,199,392,Aug30_1/226-20190828074930-snapshot.jpg
3,1,20190828,080900,28,8,938,544,989,612,Aug30_1/227-20190828080900-snapshot.jpg
3,1,20190828,081930,82,8,674,1018,733,1079,Aug30_1/227-20190828081930-snapshot.jpg
3,1,20190828,095230,84,8,744,525,826,586,Aug30_1/237-20190828095230-snapshot.jpg
3,1,20190828,100730,83,2,93,155,173,224,Aug30_1/238-20190828100730-snapshot.jpg
3,1,20190828,101200,83,2,1808,326,1896,392,Aug30_1/239-20190828101200-snapshot.jpg
3,1,20190828,102800,83,2,569,559,652,609,Aug30_1/239-20190828102800-snapshot.jpg
3,1,20190828,102930,86,2,207,305,292,360,Aug30_1/239-20190828102930-snapshot.jpg
3,1,20190828,104230,56,8,1061,845,1140,885,Aug30_1/239-20190828104230-snapshot.jpg
3,1,20190828,104630,85,2,1858,25,1916,114,Aug30_1/239-20190828104630-snapshot.jpg
3,1,20190828,104700,85,2,1614,887,1700,938,Aug30_1/239-20190828104700-snapshot.jpg
3,1,20190828,104900,86,2,243,277,320,348,Aug30_1/239-20190828104900-snapshot.jpg
3,1,20190828,104930,81,2,796,249,853,332,Aug30_1/239-20190828104930-snapshot.jpg
3,1,20190828,105330,87,8,722,501,802,573,Aug30_1/241-20190828105330-snapshot.jpg
3,1,20190828,105600,78,2,0,257,38,332,Aug30_1/241-20190828105600-snapshot.jpg
3,1,20190828,105800,85,2,27,236,122,286,Aug30_1/241-20190828105800-snapshot.jpg
3,1,20190828,110200,80,1,1225,996,1269,1032,Aug30_1/241-20190828110200-snapshot.jpg
3,1,20190828,110930,88,2,761,534,822,624,Aug30_1/241-20190828110930-snapshot.jpg
3,1,20190828,111130,85,2,779,906,871,963,Aug30_1/242-20190828111130-snapshot.jpg
3,1,20190828,111500,70,2,1716,309,1802,364,Aug30_1/242-20190828111500-snapshot.jpg
3,1,20190828,111500,85,2,1805,6,1863,90,Aug30_1/242-20190828111500-snapshot.jpg
3,1,20190828,111700,84,2,260,924,351,988,Aug30_1/242-20190828111700-snapshot.jpg
3,1,20190828,112730,85,2,1680,389,1775,440,Aug30_1/242-20190828112730-snapshot.jpg
3,1,20190828,112930,80,2,525,261,581,337,Aug30_1/242-20190828112930-snapshot.jpg
3,1,20190828,113000,76,2,880,863,958,909,Aug30_1/242-20190828113000-snapshot.jpg
3,1,20190828,113030,84,2,1248,604,1324,663,Aug30_1/242-20190828113030-snapshot.jpg
3,1,20190828,113430,86,2,1131,124,1188,206,Aug30_1/243-20190828113430-snapshot.jpg
3,1,20190828,114130,88,2,618,592,711,650,Aug30_1/243-20190828114130-snapshot.jpg
3,1,20190828,114530,84,2,1747,305,1804,380,Aug30_1/243-20190828114530-snapshot.jpg
3,1,20190828,115130,74,2,1312,616,1387,667,Aug30_1/243-20190828115130-snapshot.jpg
3,1,20190828,115130,81,2,773,904,842,967,Aug30_1/243-20190828115130-snapshot.jpg
3,1,20190828,115530,86,3,518,500,605,568,Aug30_1/243-20190828115530-snapshot.jpg
3,1,20190828,115600,85,2,1281,603,1351,671,Aug30_1/243-20190828115600-snapshot.jpg
3,1,20190828,115600,85,2,1837,311,1898,384,Aug30_1/243-20190828115600-snapshot.jpg
3,1,20190828,115700,75,2,1840,67,1901,149,Aug30_1/243-20190828115700-snapshot.jpg
3,1,20190828,115800,81,2,385,979,471,1027,Aug30_1/243-20190828115800-snapshot.jpg
3,1,20190828,120000,86,2,715,376,797,430,Aug30_1/243-20190828120000-snapshot.jpg
3,1,20190828,120500,86,3,690,836,762,899,Aug30_1/243-20190828120500-snapshot.jpg
3,1,20190828,120530,86,2,768,904,854,969,Aug30_1/243-20190828120530-snapshot.jpg
3,1,20190828,120630,85,2,1537,115,1599,187,Aug30_1/243-20190828120630-snapshot.jpg
3,1,20190828,120800,71,2,397,1031,451,1080,Aug30_1/243-20190828120800-snapshot.jpg
3,1,20190828,120830,84,2,1777,268,1855,327,Aug30_1/243-20190828120830-snapshot.jpg
3,1,20190828,120900,84,2,1522,80,1589,166,Aug30_1/243-20190828120900-snapshot.jpg
3,1,20190828,120930,83,2,1797,292,1877,357,Aug30_1/243-20190828120930-snapshot.jpg
3,1,20190828,121300,80,2,242,320,324,375,Aug30_1/243-20190828121300-snapshot.jpg
3,1,20190828,121330,84,2,546,524,598,596,Aug30_1/243-20190828121330-snapshot.jpg
3,1,20190828,121400,85,2,192,414,295,509,Aug30_1/243-20190828121400-snapshot.jpg
3,1,20190828,121430,86,2,1676,8,1766,69,Aug30_1/243-20190828121430-snapshot.jpg
3,1,20190828,121500,83,2,424,980,480,1049,Aug30_1/243-20190828121500-snapshot.jpg
3,1,20190828,121700,78,2,558,749,648,806,Aug30_1/243-20190828121700-snapshot.jpg
3,1,20190828,121800,83,2,78,250,170,307,Aug30_1/243-20190828121800-snapshot.jpg
3,1,20190828,121830,71,2,1751,13,1845,60,Aug30_1/243-20190828121830-snapshot.jpg
3,1,20190828,121830,83,2,734,899,823,956,Aug30_1/243-20190828121830-snapshot.jpg
3,1,20190828,122000,79,2,677,817,755,886,Aug30_1/243-20190828122000-snapshot.jpg
3,1,20190828,122230,85,2,1149,204,1231,269,Aug30_1/243-20190828122230-snapshot.jpg
3,1,20190828,122300,87,2,68,247,160,301,Aug30_1/243-20190828122300-snapshot.jpg
3,1,20190828,122330,86,2,241,115,302,197,Aug30_1/243-20190828122330-snapshot.jpg
3,1,20190828,122500,69,2,0,223,40,284,Aug30_1/243-20190828122500-snapshot.jpg
3,1,20190828,122530,82,2,485,305,556,357,Aug30_1/243-20190828122530-snapshot.jpg
3,1,20190828,122630,84,2,1807,0,1898,64,Aug30_1/243-20190828122630-snapshot.jpg
3,1,20190828,122700,85,2,1457,501,1546,560,Aug30_1/243-20190828122700-snapshot.jpg
3,1,20190828,122800,72,2,8,215,87,288,Aug30_1/243-20190828122800-snapshot.jpg
3,1,20190828,123100,78,2,1454,350,1527,414,Aug30_1/243-20190828123100-snapshot.jpg
3,1,20190828,123230,82,2,1815,247,1876,315,Aug30_1/243-20190828123230-snapshot.jpg
3,1,20190828,123300,87,2,594,617,668,698,Aug30_1/243-20190828123300-snapshot.jpg
3,1,20190828,123730,87,2,588,385,647,470,Aug30_1/243-20190828123730-snapshot.jpg
3,1,20190828,124130,85,2,1593,329,1683,375,Aug30_1/243-20190828124130-snapshot.jpg
3,1,20190828,124200,86,2,1294,604,1359,681,Aug30_1/243-20190828124200-snapshot.jpg
3,1,20190828,124200,86,2,1769,260,1848,320,Aug30_1/243-20190828124200-snapshot.jpg
3,1,20190828,124230,86,2,1788,253,1849,333,Aug30_1/243-20190828124230-snapshot.jpg
3,1,20190828,124300,80,2,186,398,284,471,Aug30_1/243-20190828124300-snapshot.jpg
3,1,20190828,124300,85,2,1397,589,1454,661,Aug30_1/243-20190828124300-snapshot.jpg
3,1,20190828,124330,86,2,203,164,265,246,Aug30_1/243-20190828124330-snapshot.jpg
3,1,20190828,124400,83,2,460,277,540,340,Aug30_1/243-20190828124400-snapshot.jpg
3,1,20190828,124430,86,2,556,719,648,771,Aug30_1/243-20190828124430-snapshot.jpg
3,1,20190828,124900,83,2,1432,653,1514,718,Aug30_1/243-20190828124900-snapshot.jpg
3,1,20190828,124930,87,2,589,644,669,709,Aug30_1/243-20190828124930-snapshot.jpg
3,1,20190828,125000,84,2,680,831,767,892,Aug30_1/243-20190828125000-snapshot.jpg
3,1,20190828,125400,74,2,1711,71,1787,123,Aug30_1/243-20190828125400-snapshot.jpg
3,1,20190828,125630,86,2,703,606,778,671,Aug30_1/243-20190828125630-snapshot.jpg
3,1,20190828,125700,79,2,1831,337,1889,397,Aug30_1/243-20190828125700-snapshot.jpg
3,1,20190828,125830,81,8,796,635,979,804,Aug30_1/243-20190828125830-snapshot.jpg
3,1,20190828,130100,65,1,1281,853,1316,884,Aug30_1/243-20190828130100-snapshot.jpg
3,1,20190828,130330,70,2,232,375,303,452,Aug30_1/243-20190828130330-snapshot.jpg
3,1,20190828,130330,85,2,1466,318,1525,385,Aug30_1/243-20190828130330-snapshot.jpg
3,1,20190828,130400,70,2,860,725,934,793,Aug30_1/243-20190828130400-snapshot.jpg
3,1,20190828,130430,79,2,1654,763,1738,807,Aug30_1/243-20190828130430-snapshot.jpg
3,1,20190828,130530,81,2,1008,807,1084,862,Aug30_1/243-20190828130530-snapshot.jpg
3,1,20190828,130600,84,2,0,160,70,234,Aug30_1/243-20190828130600-snapshot.jpg
3,1,20190828,130600,86,2,570,566,649,634,Aug30_1/243-20190828130600-snapshot.jpg
3,1,20190828,130630,85,2,1321,586,1411,646,Aug30_1/243-20190828130630-snapshot.jpg
3,1,20190828,130730,73,2,1730,5,1784,62,Aug30_1/243-20190828130730-snapshot.jpg
3,1,20190828,130830,81,2,1715,353,1780,424,Aug30_1/243-20190828130830-snapshot.jpg
3,1,20190828,131300,64,2,1554,3,1638,39,Aug30_1/243-20190828131300-snapshot.jpg
3,1,20190828,131400,81,2,368,871,454,931,Aug30_1/243-20190828131400-snapshot.jpg
3,1,20190828,131630,82,2,253,269,348,319,Aug30_1/243-20190828131630-snapshot.jpg
3,1,20190828,132030,89,3,139,283,236,349,Aug30_1/243-20190828132030-snapshot.jpg
3,1,20190828,132100,82,2,372,981,433,1055,Aug30_1/243-20190828132100-snapshot.jpg
3,1,20190828,132100,84,2,1644,692,1725,758,Aug30_1/243-20190828132100-snapshot.jpg
3,1,20190828,132130,37,2,1884,1,1919,43,Aug30_1/243-20190828132130-snapshot.jpg
3,1,20190828,132200,67,2,552,270,628,334,Aug30_1/243-20190828132200-snapshot.jpg
3,1,20190828,132200,79,2,490,870,575,927,Aug30_1/243-20190828132200-snapshot.jpg
3,1,20190828,132200,84,2,648,524,728,581,Aug30_1/243-20190828132200-snapshot.jpg
3,1,20190828,132200,87,2,1293,612,1379,669,Aug30_1/243-20190828132200-snapshot.jpg
3,1,20190828,132230,80,8,860,599,940,654,Aug30_1/243-20190828132230-snapshot.jpg
3,1,20190828,132230,83,2,824,861,904,927,Aug30_1/243-20190828132230-snapshot.jpg
3,1,20190828,132700,86,2,1455,323,1538,378,Aug30_1/243-20190828132700-snapshot.jpg
3,1,20190828,132700,87,2,1716,349,1813,407,Aug30_1/243-20190828132700-snapshot.jpg
3,1,20190828,132800,87,2,626,75,704,161,Aug30_1/243-20190828132800-snapshot.jpg
3,1,20190828,132830,85,2,412,331,487,398,Aug30_1/243-20190828132830-snapshot.jpg
3,1,20190828,133200,85,2,533,735,616,798,Aug30_1/243-20190828133200-snapshot.jpg
3,1,20190828,133200,85,2,199,183,288,247,Aug30_1/243-20190828133200-snapshot.jpg
3,1,20190828,133230,80,2,1483,588,1563,643,Aug30_1/243-20190828133230-snapshot.jpg
3,1,20190828,133230,83,2,1666,779,1748,837,Aug30_1/243-20190828133230-snapshot.jpg
3,1,20190828,133230,86,2,1568,126,1666,183,Aug30_1/243-20190828133230-snapshot.jpg
3,1,20190828,133400,84,2,1596,122,1675,184,Aug30_1/243-20190828133400-snapshot.jpg
3,1,20190828,133600,79,2,509,320,559,382,Aug30_1/243-20190828133600-snapshot.jpg
3,1,20190828,133730,82,2,548,923,608,994,Aug30_1/243-20190828133730-snapshot.jpg
3,1,20190828,133830,66,2,203,966,270,1030,Aug30_1/243-20190828133830-snapshot.jpg
3,1,20190828,133930,86,2,1269,607,1325,681,Aug30_1/243-20190828133930-snapshot.jpg
3,1,20190828,134000,70,2,773,538,840,608,Aug30_1/243-20190828134000-snapshot.jpg
3,1,20190828,134030,85,2,639,595,711,672,Aug30_1/243-20190828134030-snapshot.jpg
3,1,20190828,134100,81,2,479,833,558,898,Aug30_1/243-20190828134100-snapshot.jpg
3,1,20190828,134100,85,2,13,214,94,284,Aug30_1/243-20190828134100-snapshot.jpg
3,1,20190828,134700,86,2,735,626,810,705,Aug30_1/243-20190828134700-snapshot.jpg
3,1,20190828,134730,88,2,731,580,818,640,Aug30_1/243-20190828134730-snapshot.jpg
3,1,20190828,134800,79,2,699,832,784,891,Aug30_1/243-20190828134800-snapshot.jpg
3,1,20190828,134800,85,2,1746,367,1840,432,Aug30_1/243-20190828134800-snapshot.jpg
3,1,20190828,134830,88,2,576,721,641,802,Aug30_1/243-20190828134830-snapshot.jpg
3,1,20190828,134930,80,2,388,982,452,1052,Aug30_1/243-20190828134930-snapshot.jpg
3,1,20190828,135630,84,2,1695,35,1782,106,Aug30_1/243-20190828135630-snapshot.jpg
3,1,20190828,135830,67,2,91,243,149,304,Aug30_1/243-20190828135830-snapshot.jpg
3,1,20190828,135900,82,8,13,975,83,1045,Aug30_1/243-20190828135900-snapshot.jpg
3,1,20190828,140030,88,4,188,275,284,347,Aug30_1/243-20190828140030-snapshot.jpg
3,1,20190828,140130,77,2,689,841,749,905,Aug30_1/243-20190828140130-snapshot.jpg
3,1,20190828,140300,68,2,54,479,139,529,Aug30_1/243-20190828140300-snapshot.jpg
3,1,20190828,140330,77,2,447,255,505,326,Aug30_1/243-20190828140330-snapshot.jpg
3,1,20190828,140330,85,2,621,604,681,681,Aug30_1/243-20190828140330-snapshot.jpg
3,1,20190828,140430,88,2,689,712,776,784,Aug30_1/243-20190828140430-snapshot.jpg
3,1,20190828,140800,77,2,804,549,860,620,Aug30_1/243-20190828140800-snapshot.jpg
3,1,20190828,141200,79,2,1713,915,1794,979,Aug30_1/243-20190828141200-snapshot.jpg
3,1,20190828,141230,83,2,771,892,854,958,Aug30_1/243-20190828141230-snapshot.jpg
3,1,20190828,141230,85,2,1806,230,1890,285,Aug30_1/243-20190828141230-snapshot.jpg
3,1,20190828,141430,85,2,448,329,528,382,Aug30_1/243-20190828141430-snapshot.jpg
3,1,20190828,141500,71,2,701,840,786,914,Aug30_1/243-20190828141500-snapshot.jpg
3,1,20190828,141530,83,2,838,872,919,938,Aug30_1/243-20190828141530-snapshot.jpg
3,1,20190828,141730,87,2,1387,642,1472,700,Aug30_1/243-20190828141730-snapshot.jpg
3,1,20190828,141800,38,2,0,94,33,154,Aug30_1/243-20190828141800-snapshot.jpg
3,1,20190828,141830,84,2,764,773,823,844,Aug30_1/243-20190828141830-snapshot.jpg
3,1,20190828,142200,83,2,1794,261,1860,340,Aug30_1/243-20190828142200-snapshot.jpg
3,1,20190828,143930,88,4,583,709,671,793,Aug30_1/244-20190828143930-snapshot.jpg
3,1,20190828,144500,85,2,1488,346,1563,408,Aug30_1/244-20190828144500-snapshot.jpg
3,1,20190828,144900,60,2,1303,1,1370,67,Aug30_1/244-20190828144900-snapshot.jpg
3,1,20190828,144930,85,2,692,308,743,381,Aug30_1/244-20190828144930-snapshot.jpg
3,1,20190828,145000,80,2,397,385,452,456,Aug30_1/244-20190828145000-snapshot.jpg
3,1,20190828,145130,84,2,176,398,239,469,Aug30_1/244-20190828145130-snapshot.jpg
3,1,20190828,145400,82,2,726,512,814,572,Aug30_1/244-20190828145400-snapshot.jpg
3,1,20190828,145730,85,2,630,885,725,934,Aug30_1/244-20190828145730-snapshot.jpg
3,1,20190828,145800,85,8,1033,988,1096,1050,Aug30_1/244-20190828145800-snapshot.jpg
3,1,20190828,145900,86,2,1824,308,1898,377,Aug30_1/244-20190828145900-snapshot.jpg
3,1,20190828,151300,79,2,322,894,406,947,Aug30_1/245-20190828151300-snapshot.jpg
3,1,20190828,151330,88,2,758,743,817,824,Aug30_1/245-20190828151330-snapshot.jpg
3,1,20190828,151500,80,2,191,304,259,369,Aug30_1/245-20190828151500-snapshot.jpg
3,1,20190828,151600,76,2,195,397,269,471,Aug30_1/245-20190828151600-snapshot.jpg
3,1,20190828,151730,78,2,469,251,547,309,Aug30_1/245-20190828151730-snapshot.jpg
3,1,20190828,151900,43,2,784,544,844,614,Aug30_1/245-20190828151900-snapshot.jpg
3,1,20190828,152630,68,8,1093,593,1173,638,Aug30_1/247-20190828152630-snapshot.jpg
3,1,20190828,152930,87,2,659,715,719,793,Aug30_1/248-20190828152930-snapshot.jpg
3,1,20190828,153100,85,2,1827,223,1891,300,Aug30_1/248-20190828153100-snapshot.jpg
3,1,20190828,153430,82,2,585,749,636,812,Aug30_1/248-20190828153430-snapshot.jpg
3,1,20190828,154800,83,2,1507,94,1578,154,Aug30_1/250-20190828154800-snapshot.jpg
3,1,20190828,160300,81,2,760,908,844,962,Aug30_1/253-20190828160300-snapshot.jpg
3,1,20190828,160700,87,2,1495,233,1556,309,Aug30_1/253-20190828160700-snapshot.jpg
3,1,20190828,160830,68,2,687,344,749,384,Aug30_1/253-20190828160830-snapshot.jpg
3,1,20190828,162030,86,2,704,299,765,372,Aug30_1/253-20190828162030-snapshot.jpg
3,1,20190828,162100,86,2,2,192,105,242,Aug30_1/253-20190828162100-snapshot.jpg
3,1,20190828,162200,87,2,1618,126,1679,205,Aug30_1/253-20190828162200-snapshot.jpg
3,1,20190828,162500,64,2,91,121,155,189,Aug30_1/253-20190828162500-snapshot.jpg
3,1,20190828,162600,84,2,267,169,357,220,Aug30_1/253-20190828162600-snapshot.jpg
3,1,20190828,162700,86,2,1247,611,1318,674,Aug30_1/253-20190828162700-snapshot.jpg
3,1,20190828,163230,82,2,1668,377,1737,446,Aug30_1/253-20190828163230-snapshot.jpg
3,1,20190828,163400,87,2,557,311,615,383,Aug30_1/253-20190828163400-snapshot.jpg
3,1,20190828,163430,85,2,605,946,665,1019,Aug30_1/253-20190828163430-snapshot.jpg
3,1,20190828,163930,89,2,575,670,635,759,Aug30_1/254-20190828163930-snapshot.jpg
3,1,20190828,164030,88,2,1077,227,1171,292,Aug30_1/254-20190828164030-snapshot.jpg
3,1,20190828,164630,80,2,1709,65,1767,138,Aug30_1/254-20190828164630-snapshot.jpg
3,1,20190828,164630,86,2,673,652,742,740,Aug30_1/254-20190828164630-snapshot.jpg
3,1,20190828,164730,87,2,1677,819,1738,905,Aug30_1/254-20190828164730-snapshot.jpg
3,1,20190828,164800,85,2,1562,864,1640,927,Aug30_1/254-20190828164800-snapshot.jpg
3,1,20190828,164800,87,2,276,286,334,359,Aug30_1/254-20190828164800-snapshot.jpg
3,1,20190828,164900,84,8,1529,704,1606,755,Aug30_1/254-20190828164900-snapshot.jpg
3,1,20190828,165030,83,2,1368,644,1436,695,Aug30_1/254-20190828165030-snapshot.jpg
3,1,20190828,165030,86,2,145,289,225,356,Aug30_1/254-20190828165030-snapshot.jpg
3,1,20190828,165100,86,2,1619,220,1688,306,Aug30_1/254-20190828165100-snapshot.jpg
3,1,20190828,165200,87,2,1777,111,1842,185,Aug30_1/254-20190828165200-snapshot.jpg
3,1,20190828,170400,86,2,764,734,825,810,Aug30_1/255-20190828170400-snapshot.jpg
3,1,20190828,170500,87,2,1817,314,1875,391,Aug30_1/255-20190828170500-snapshot.jpg
3,1,20190828,170530,86,2,1268,608,1342,667,Aug30_1/255-20190828170530-snapshot.jpg
3,1,20190828,171300,77,2,511,1030,589,1080,Aug30_1/255-20190828171300-snapshot.jpg
3,1,20190828,171330,75,2,161,870,234,932,Aug30_1/255-20190828171330-snapshot.jpg
3,1,20190828,171400,84,2,500,258,578,315,Aug30_1/255-20190828171400-snapshot.jpg
3,1,20190828,171830,85,2,1337,531,1396,619,Aug30_1/255-20190828171830-snapshot.jpg
3,1,20190828,171900,83,2,650,778,708,856,Aug30_1/255-20190828171900-snapshot.jpg
3,1,20190828,171930,81,2,498,792,562,870,Aug30_1/255-20190828171930-snapshot.jpg
3,1,20190828,172000,82,2,788,907,865,983,Aug30_1/255-20190828172000-snapshot.jpg
3,1,20190828,172630,84,2,1700,61,1788,125,Aug30_1/255-20190828172630-snapshot.jpg
3,1,20190828,172700,84,2,470,235,547,296,Aug30_1/255-20190828172700-snapshot.jpg
3,1,20190828,173200,80,2,317,898,406,947,Aug30_1/255-20190828173200-snapshot.jpg
3,1,20190828,173230,83,2,90,227,179,281,Aug30_1/255-20190828173230-snapshot.jpg
3,1,20190828,173300,81,2,238,850,296,926,Aug30_1/255-20190828173300-snapshot.jpg
3,1,20190828,173330,85,2,872,859,937,924,Aug30_1/255-20190828173330-snapshot.jpg
3,1,20190828,173700,71,2,1602,109,1675,186,Aug30_1/255-20190828173700-snapshot.jpg
3,1,20190828,173700,87,2,1076,649,1169,706,Aug30_1/255-20190828173700-snapshot.jpg
3,1,20190828,174430,81,2,699,345,774,391,Aug30_1/255-20190828174430-snapshot.jpg
3,1,20190828,174630,86,2,1232,518,1301,583,Aug30_1/255-20190828174630-snapshot.jpg
3,1,20190828,174900,86,2,788,777,848,855,Aug30_1/255-20190828174900-snapshot.jpg
3,1,20190828,175430,87,2,1691,59,1785,122,Aug30_1/255-20190828175430-snapshot.jpg
3,1,20190828,175600,85,2,1354,282,1437,339,Aug30_1/255-20190828175600-snapshot.jpg
3,1,20190828,175730,86,2,757,530,841,602,Aug30_1/255-20190828175730-snapshot.jpg
3,1,20190828,175800,70,2,245,915,313,988,Aug30_1/255-20190828175800-snapshot.jpg
3,1,20190828,180200,86,2,1695,78,1754,151,Aug30_1/255-20190828180200-snapshot.jpg
3,1,20190828,180430,84,2,255,302,340,365,Aug30_1/255-20190828180430-snapshot.jpg
3,1,20190828,180830,78,2,1874,145,1920,205,Aug30_1/255-20190828180830-snapshot.jpg
3,1,20190828,181300,81,2,229,868,291,939,Aug30_1/255-20190828181300-snapshot.jpg
3,1,20190828,181300,87,2,1765,51,1864,117,Aug30_1/255-20190828181300-snapshot.jpg
3,1,20190828,181530,86,2,1328,417,1388,500,Aug30_1/255-20190828181530-snapshot.jpg
3,1,20190828,181830,87,2,1340,632,1422,705,Aug30_1/255-20190828181830-snapshot.jpg
3,1,20190828,182130,85,2,1610,102,1674,178,Aug30_1/255-20190828182130-snapshot.jpg
3,1,20190828,182500,83,8,950,503,1013,568,Aug30_1/255-20190828182500-snapshot.jpg
3,1,20190828,182600,35,2,415,586,474,660,Aug30_1/255-20190828182600-snapshot.jpg
3,1,20190828,183330,59,2,1881,2,1920,49,Aug30_1/255-20190828183330-snapshot.jpg
3,1,20190828,183400,81,2,1419,635,1492,685,Aug30_1/255-20190828183400-snapshot.jpg
3,1,20190828,183430,63,2,835,875,899,933,Aug30_1/255-20190828183430-snapshot.jpg
3,1,20190828,185030,72,2,671,843,750,899,Aug30_1/256-20190828185030-snapshot.jpg
3,1,20190828,185100,84,2,258,919,343,989,Aug30_1/256-20190828185100-snapshot.jpg
3,1,20190828,185430,81,2,234,242,291,324,Aug30_1/256-20190828185430-snapshot.jpg
3,1,20190828,185500,86,2,769,679,849,732,Aug30_1/256-20190828185500-snapshot.jpg
3,1,20190828,185530,85,2,1565,124,1659,178,Aug30_1/256-20190828185530-snapshot.jpg
3,1,20190828,185600,62,2,1883,51,1920,113,Aug30_1/256-20190828185600-snapshot.jpg
3,1,20190828,185830,86,2,576,540,668,598,Aug30_1/256-20190828185830-snapshot.jpg
3,1,20190828,190200,86,2,1280,618,1357,683,Aug30_1/256-20190828190200-snapshot.jpg
3,1,20190828,190230,86,2,435,267,494,341,Aug30_1/256-20190828190230-snapshot.jpg
3,1,20190828,190300,47,2,0,57,35,117,Aug30_1/256-20190828190300-snapshot.jpg
3,1,20190828,191900,80,2,229,901,319,969,Aug30_1/256-20190828191900-snapshot.jpg
3,1,20190828,192800,79,2,712,887,783,942,Aug30_1/256-20190828192800-snapshot.jpg
3,1,20190828,192830,85,2,661,764,717,835,Aug30_1/256-20190828192830-snapshot.jpg
3,1,20190828,193630,86,2,1530,163,1614,227,Aug30_1/257-20190828193630-snapshot.jpg
3,1,20190828,194030,42,2,1891,9,1920,70,Aug30_1/257-20190828194030-snapshot.jpg
3,1,20190828,194800,87,2,737,584,823,648,Aug30_1/259-20190828194800-snapshot.jpg
3,1,20190828,201230,78,2,933,674,990,727,Aug30_1/262-20190828201230-snapshot.jpg
3,1,20190824,091530,83,2,827,651,893,724,Aug30_1/81-20190824091530-snapshot.jpg
3,1,20190824,091630,84,2,0,290,63,368,Aug30_1/81-20190824091630-snapshot.jpg
3,1,20190824,093330,52,4,0,94,47,186,Aug30_1/82-20190824093330-snapshot.jpg
3,1,20190824,095400,86,2,869,595,970,651,Aug30_1/82-20190824095400-snapshot.jpg
3,1,20190824,095430,85,2,250,267,350,331,Aug30_1/82-20190824095430-snapshot.jpg
3,1,20190824,095730,84,8,1206,616,1261,679,Aug30_1/82-20190824095730-snapshot.jpg
3,1,20190824,100300,84,2,549,881,629,944,Aug30_1/82-20190824100300-snapshot.jpg
3,1,20190824,100330,85,2,674,857,751,924,Aug30_1/82-20190824100330-snapshot.jpg
3,1,20190824,100330,87,2,744,652,802,733,Aug30_1/82-20190824100330-snapshot.jpg
3,1,20190824,100400,87,2,871,610,925,692,Aug30_1/82-20190824100400-snapshot.jpg
3,1,20190824,100430,85,2,693,772,779,822,Aug30_1/82-20190824100430-snapshot.jpg
3,1,20190824,100500,82,2,654,338,739,391,Aug30_1/82-20190824100500-snapshot.jpg
3,1,20190824,100700,84,2,1768,230,1850,295,Aug30_1/82-20190824100700-snapshot.jpg
3,1,20190824,100730,81,1,599,1033,638,1068,Aug30_1/82-20190824100730-snapshot.jpg
3,1,20190824,100800,84,1,608,934,646,966,Aug30_1/82-20190824100800-snapshot.jpg
3,1,20190824,100830,32,1,648,823,691,866,Aug30_1/82-20190824100830-snapshot.jpg
3,1,20190824,101000,83,1,1159,692,1198,726,Aug30_1/82-20190824101000-snapshot.jpg
3,1,20190824,101030,78,2,62,120,149,203,Aug30_1/82-20190824101030-snapshot.jpg
3,1,20190824,101100,83,1,1460,710,1501,741,Aug30_1/82-20190824101100-snapshot.jpg
3,1,20190824,101100,85,2,1301,75,1380,145,Aug30_1/82-20190824101100-snapshot.jpg
3,1,20190824,101130,80,1,1470,937,1511,978,Aug30_1/82-20190824101130-snapshot.jpg
3,1,20190824,101130,84,2,481,333,559,393,Aug30_1/82-20190824101130-snapshot.jpg
3,1,20190824,101200,80,2,772,390,825,452,Aug30_1/82-20190824101200-snapshot.jpg
3,1,20190824,101300,82,1,1675,1023,1716,1057,Aug30_1/82-20190824101300-snapshot.jpg
3,1,20190824,101330,80,1,1675,1023,1715,1056,Aug30_1/82-20190824101330-snapshot.jpg
3,1,20190824,101500,53,2,1314,207,1390,274,Aug30_1/82-20190824101500-snapshot.jpg
3,1,20190824,102130,85,2,808,648,866,723,Aug30_1/83-20190824102130-snapshot.jpg
3,1,20190824,102200,56,2,696,753,751,803,Aug30_1/83-20190824102200-snapshot.jpg
3,1,20190824,102230,72,2,415,1036,483,1080,Aug30_1/83-20190824102230-snapshot.jpg
3,1,20190824,102330,85,2,595,575,683,628,Aug30_1/83-20190824102330-snapshot.jpg
3,1,20190824,102330,86,2,702,424,774,481,Aug30_1/83-20190824102330-snapshot.jpg
3,1,20190824,102400,87,2,618,793,708,855,Aug30_1/83-20190824102400-snapshot.jpg
3,1,20190824,103100,84,2,585,141,658,205,Aug30_1/83-20190824103100-snapshot.jpg
3,1,20190824,103130,86,2,794,841,874,913,Aug30_1/83-20190824103130-snapshot.jpg
3,1,20190824,103230,85,7,53,160,303,361,Aug30_1/83-20190824103230-snapshot.jpg
3,1,20190824,103430,83,2,1854,137,1919,207,Aug30_1/83-20190824103430-snapshot.jpg
3,1,20190824,103530,86,2,586,859,669,924,Aug30_1/83-20190824103530-snapshot.jpg
3,1,20190824,104000,90,7,607,799,752,961,Aug30_1/83-20190824104000-snapshot.jpg
3,1,20190824,104030,81,7,1244,567,1445,758,Aug30_1/83-20190824104030-snapshot.jpg
3,1,20190824,104100,86,7,1418,300,1628,490,Aug30_1/83-20190824104100-snapshot.jpg
3,1,20190824,104130,88,2,540,163,627,232,Aug30_1/83-20190824104130-snapshot.jpg
3,1,20190824,104200,85,2,396,408,452,483,Aug30_1/83-20190824104200-snapshot.jpg
3,1,20190824,104200,85,2,718,803,799,869,Aug30_1/83-20190824104200-snapshot.jpg
3,1,20190824,104230,85,2,0,348,60,412,Aug30_1/83-20190824104230-snapshot.jpg
3,1,20190824,104230,86,2,806,346,864,422,Aug30_1/83-20190824104230-snapshot.jpg
3,1,20190824,104730,73,2,1760,222,1842,279,Aug30_1/83-20190824104730-snapshot.jpg
3,1,20190824,104800,87,2,656,644,713,721,Aug30_1/83-20190824104800-snapshot.jpg
3,1,20190824,104800,89,2,159,204,259,266,Aug30_1/83-20190824104800-snapshot.jpg
3,1,20190824,104830,85,2,585,858,675,919,Aug30_1/83-20190824104830-snapshot.jpg
3,1,20190824,104900,87,2,543,559,621,629,Aug30_1/83-20190824104900-snapshot.jpg
3,1,20190824,105230,83,2,495,323,580,376,Aug30_1/83-20190824105230-snapshot.jpg
3,1,20190824,105300,85,8,1062,266,1153,321,Aug30_1/83-20190824105300-snapshot.jpg
3,1,20190824,105500,77,3,0,421,70,503,Aug30_1/83-20190824105500-snapshot.jpg
3,1,20190824,105500,88,3,756,769,854,839,Aug30_1/83-20190824105500-snapshot.jpg
3,1,20190824,105630,87,4,618,808,691,886,Aug30_1/83-20190824105630-snapshot.jpg
3,1,20190824,110330,71,2,0,384,48,452,Aug30_1/83-20190824110330-snapshot.jpg
3,1,20190824,110400,77,2,472,339,555,396,Aug30_1/83-20190824110400-snapshot.jpg
3,1,20190824,110430,86,2,601,138,659,212,Aug30_1/83-20190824110430-snapshot.jpg
3,1,20190824,110500,78,2,687,314,754,365,Aug30_1/83-20190824110500-snapshot.jpg
3,1,20190824,110530,71,2,759,486,843,561,Aug30_1/83-20190824110530-snapshot.jpg
3,1,20190824,110600,79,2,760,495,818,566,Aug30_1/83-20190824110600-snapshot.jpg
3,1,20190824,110600,85,2,1769,236,1833,300,Aug30_1/83-20190824110600-snapshot.jpg
3,1,20190824,110630,73,2,430,1024,498,1080,Aug30_1/83-20190824110630-snapshot.jpg
3,1,20190824,110700,83,2,407,410,464,480,Aug30_1/83-20190824110700-snapshot.jpg
3,1,20190824,110730,75,2,137,397,226,461,Aug30_1/83-20190824110730-snapshot.jpg
3,1,20190824,110930,71,2,1339,586,1396,647,Aug30_1/83-20190824110930-snapshot.jpg
3,1,20190824,111000,77,2,1592,33,1666,101,Aug30_1/83-20190824111000-snapshot.jpg
3,1,20190824,111130,87,2,679,641,741,722,Aug30_1/83-20190824111130-snapshot.jpg
3,1,20190824,111200,84,2,628,882,714,946,Aug30_1/83-20190824111200-snapshot.jpg
3,1,20190824,111230,84,2,117,157,199,220,Aug30_1/83-20190824111230-snapshot.jpg
3,1,20190824,111300,34,2,225,869,280,915,Aug30_1/83-20190824111300-snapshot.jpg
3,1,20190824,111300,84,7,674,652,831,916,Aug30_1/83-20190824111300-snapshot.jpg
3,1,20190824,111330,85,2,606,850,686,918,Aug30_1/83-20190824111330-snapshot.jpg
3,1,20190824,111330,89,7,732,700,882,851,Aug30_1/83-20190824111330-snapshot.jpg
3,1,20190824,111400,46,4,1567,870,1644,920,Aug30_1/83-20190824111400-snapshot.jpg
3,1,20190824,111400,83,7,704,771,981,924,Aug30_1/83-20190824111400-snapshot.jpg
3,1,20190824,111430,74,2,100,19,164,87,Aug30_1/83-20190824111430-snapshot.jpg
3,1,20190824,111430,91,7,794,664,962,821,Aug30_1/83-20190824111430-snapshot.jpg
3,1,20190824,111500,83,7,641,795,797,952,Aug30_1/83-20190824111500-snapshot.jpg
3,1,20190824,111900,84,2,688,785,783,832,Aug30_1/83-20190824111900-snapshot.jpg
3,1,20190824,111930,85,2,1336,613,1426,664,Aug30_1/83-20190824111930-snapshot.jpg
3,1,20190824,112100,82,2,600,892,686,956,Aug30_1/83-20190824112100-snapshot.jpg
3,1,20190824,112100,91,7,786,747,928,928,Aug30_1/83-20190824112100-snapshot.jpg
3,1,20190824,112230,83,2,31,310,112,367,Aug30_1/83-20190824112230-snapshot.jpg
3,1,20190824,112300,82,2,724,421,776,485,Aug30_1/83-20190824112300-snapshot.jpg
3,1,20190824,112330,80,2,608,896,693,959,Aug30_1/83-20190824112330-snapshot.jpg
3,1,20190824,112400,85,2,450,968,505,1034,Aug30_1/83-20190824112400-snapshot.jpg
3,1,20190824,112430,88,3,372,972,459,1038,Aug30_1/83-20190824112430-snapshot.jpg
3,1,20190824,112700,61,2,1852,121,1920,191,Aug30_1/83-20190824112700-snapshot.jpg
3,1,20190824,112700,82,2,1675,504,1760,577,Aug30_1/83-20190824112700-snapshot.jpg
3,1,20190824,112730,78,2,1724,837,1802,892,Aug30_1/83-20190824112730-snapshot.jpg
3,1,20190824,112730,85,2,773,755,834,827,Aug30_1/83-20190824112730-snapshot.jpg
3,1,20190824,112800,84,2,586,880,669,947,Aug30_1/83-20190824112800-snapshot.jpg
3,1,20190824,113000,75,2,906,706,994,766,Aug30_1/83-20190824113000-snapshot.jpg
3,1,20190824,113030,79,2,354,983,443,1032,Aug30_1/83-20190824113030-snapshot.jpg
3,1,20190824,113100,85,8,1475,609,1563,682,Aug30_1/83-20190824113100-snapshot.jpg
3,1,20190824,113130,82,2,540,304,595,361,Aug30_1/83-20190824113130-snapshot.jpg
3,1,20190824,113130,86,2,448,413,508,492,Aug30_1/83-20190824113130-snapshot.jpg
3,1,20190824,113200,84,2,1844,195,1920,261,Aug30_1/83-20190824113200-snapshot.jpg
3,1,20190824,113330,76,2,1867,175,1920,237,Aug30_1/83-20190824113330-snapshot.jpg
3,1,20190824,113330,84,2,1648,2,1731,60,Aug30_1/83-20190824113330-snapshot.jpg
3,1,20190824,113430,88,2,830,665,886,741,Aug30_1/83-20190824113430-snapshot.jpg
3,1,20190824,113500,75,2,740,770,801,840,Aug30_1/83-20190824113500-snapshot.jpg
3,1,20190824,113630,85,7,375,1001,479,1079,Aug30_1/83-20190824113630-snapshot.jpg
3,1,20190824,113700,73,2,0,368,49,427,Aug30_1/83-20190824113700-snapshot.jpg
3,1,20190824,113700,90,7,711,746,893,894,Aug30_1/83-20190824113700-snapshot.jpg
3,1,20190824,113730,88,7,1287,579,1471,745,Aug30_1/83-20190824113730-snapshot.jpg
3,1,20190824,114030,75,2,103,121,190,194,Aug30_1/83-20190824114030-snapshot.jpg
3,1,20190824,114200,87,2,923,541,1003,612,Aug30_1/83-20190824114200-snapshot.jpg
3,1,20190824,114200,88,2,522,306,576,376,Aug30_1/83-20190824114200-snapshot.jpg
3,1,20190824,114230,81,2,582,841,641,909,Aug30_1/83-20190824114230-snapshot.jpg
3,1,20190824,114500,83,2,748,709,804,786,Aug30_1/83-20190824114500-snapshot.jpg
3,1,20190824,114530,83,2,593,890,688,948,Aug30_1/83-20190824114530-snapshot.jpg
3,1,20190824,114630,87,2,1587,207,1674,268,Aug30_1/83-20190824114630-snapshot.jpg
3,1,20190824,114630,87,2,681,645,739,720,Aug30_1/83-20190824114630-snapshot.jpg
3,1,20190824,115100,85,2,99,162,192,221,Aug30_1/83-20190824115100-snapshot.jpg
3,1,20190824,115100,85,2,656,222,713,301,Aug30_1/83-20190824115100-snapshot.jpg
3,1,20190824,115130,84,2,583,731,682,778,Aug30_1/83-20190824115130-snapshot.jpg
3,1,20190824,115130,84,2,520,303,574,373,Aug30_1/83-20190824115130-snapshot.jpg
3,1,20190824,115200,85,2,527,543,584,620,Aug30_1/83-20190824115200-snapshot.jpg
3,1,20190824,115200,86,2,746,349,818,412,Aug30_1/83-20190824115200-snapshot.jpg
3,1,20190824,115230,79,2,797,467,875,516,Aug30_1/83-20190824115230-snapshot.jpg
3,1,20190824,115300,72,2,647,454,700,513,Aug30_1/83-20190824115300-snapshot.jpg
3,1,20190824,115330,81,2,180,403,275,489,Aug30_1/83-20190824115330-snapshot.jpg
3,1,20190824,115430,88,7,1851,129,1920,265,Aug30_1/83-20190824115430-snapshot.jpg
3,1,20190824,115500,82,7,1224,0,1368,231,Aug30_1/83-20190824115500-snapshot.jpg
3,1,20190824,115500,83,2,146,263,229,324,Aug30_1/83-20190824115500-snapshot.jpg
3,1,20190824,115530,58,2,410,1020,488,1080,Aug30_1/83-20190824115530-snapshot.jpg
3,1,20190824,115530,82,2,1723,326,1805,388,Aug30_1/83-20190824115530-snapshot.jpg
3,1,20190824,115530,89,7,30,201,231,389,Aug30_1/83-20190824115530-snapshot.jpg
3,1,20190824,115600,86,2,637,793,718,863,Aug30_1/83-20190824115600-snapshot.jpg
3,1,20190824,115800,84,1,1499,78,1537,110,Aug30_1/83-20190824115800-snapshot.jpg
3,1,20190824,115830,79,1,1537,76,1578,113,Aug30_1/83-20190824115830-snapshot.jpg
3,1,20190824,115830,83,3,650,816,709,868,Aug30_1/83-20190824115830-snapshot.jpg
3,1,20190824,115900,76,1,1541,84,1579,118,Aug30_1/83-20190824115900-snapshot.jpg
3,1,20190824,115900,82,3,598,369,683,441,Aug30_1/83-20190824115900-snapshot.jpg
3,1,20190824,115900,85,2,1303,108,1370,176,Aug30_1/83-20190824115900-snapshot.jpg
3,1,20190824,115900,88,2,1702,214,1795,270,Aug30_1/83-20190824115900-snapshot.jpg
3,1,20190824,115930,61,2,777,1016,865,1078,Aug30_1/83-20190824115930-snapshot.jpg
3,1,20190824,120000,84,2,715,836,805,887,Aug30_1/83-20190824120000-snapshot.jpg
3,1,20190824,120200,64,2,302,1010,371,1076,Aug30_1/83-20190824120200-snapshot.jpg
3,1,20190824,120200,87,2,620,100,708,166,Aug30_1/83-20190824120200-snapshot.jpg
3,1,20190824,120230,68,1,1681,138,1724,179,Aug30_1/83-20190824120230-snapshot.jpg
3,1,20190824,120230,82,2,571,879,642,947,Aug30_1/83-20190824120230-snapshot.jpg
3,1,20190824,120600,87,2,708,886,786,949,Aug30_1/83-20190824120600-snapshot.jpg
3,1,20190824,120730,86,2,1439,431,1513,502,Aug30_1/83-20190824120730-snapshot.jpg
3,1,20190824,120800,81,2,803,776,889,829,Aug30_1/83-20190824120800-snapshot.jpg
3,1,20190824,120800,84,2,627,94,698,164,Aug30_1/83-20190824120800-snapshot.jpg
3,1,20190824,120830,83,2,636,742,686,807,Aug30_1/83-20190824120830-snapshot.jpg
3,1,20190824,120900,48,2,630,811,691,865,Aug30_1/83-20190824120900-snapshot.jpg
3,1,20190824,120900,66,1,1578,513,1615,542,Aug30_1/83-20190824120900-snapshot.jpg
3,1,20190824,120900,88,3,42,327,153,400,Aug30_1/83-20190824120900-snapshot.jpg
3,1,20190824,120930,46,2,555,657,614,717,Aug30_1/83-20190824120930-snapshot.jpg
3,1,20190824,120930,86,1,1584,449,1624,479,Aug30_1/83-20190824120930-snapshot.jpg
3,1,20190824,120930,88,3,868,641,963,736,Aug30_1/83-20190824120930-snapshot.jpg
3,1,20190824,121000,84,2,472,438,525,517,Aug30_1/83-20190824121000-snapshot.jpg
3,1,20190824,121000,85,1,1584,450,1625,480,Aug30_1/83-20190824121000-snapshot.jpg
3,1,20190824,121030,84,1,1584,451,1624,480,Aug30_1/83-20190824121030-snapshot.jpg
3,1,20190824,121030,87,2,513,297,569,379,Aug30_1/83-20190824121030-snapshot.jpg
3,1,20190824,121100,81,2,662,311,719,376,Aug30_1/83-20190824121100-snapshot.jpg
3,1,20190824,121100,86,2,761,757,837,829,Aug30_1/83-20190824121100-snapshot.jpg
3,1,20190824,121100,86,1,1583,448,1623,478,Aug30_1/83-20190824121100-snapshot.jpg
3,1,20190824,121130,89,2,615,684,668,763,Aug30_1/83-20190824121130-snapshot.jpg
3,1,20190824,121200,84,2,691,875,773,943,Aug30_1/83-20190824121200-snapshot.jpg
3,1,20190824,121230,82,2,432,971,506,1014,Aug30_1/83-20190824121230-snapshot.jpg
3,1,20190824,121300,87,2,901,630,983,693,Aug30_1/83-20190824121300-snapshot.jpg
3,1,20190824,121330,69,2,230,876,289,942,Aug30_1/83-20190824121330-snapshot.jpg
3,1,20190824,121430,79,2,889,851,968,926,Aug30_1/83-20190824121430-snapshot.jpg
3,1,20190824,121500,81,2,651,901,745,953,Aug30_1/83-20190824121500-snapshot.jpg
3,1,20190824,121630,83,2,1766,255,1827,334,Aug30_1/83-20190824121630-snapshot.jpg
3,1,20190824,121730,86,2,661,863,753,925,Aug30_1/83-20190824121730-snapshot.jpg
3,1,20190824,121800,77,1,1377,12,1415,41,Aug30_1/83-20190824121800-snapshot.jpg
3,1,20190824,121800,85,2,0,403,72,459,Aug30_1/83-20190824121800-snapshot.jpg
3,1,20190824,121800,87,2,656,651,711,729,Aug30_1/83-20190824121800-snapshot.jpg
3,1,20190824,121830,73,2,772,783,851,840,Aug30_1/83-20190824121830-snapshot.jpg
3,1,20190824,121900,86,2,824,706,886,784,Aug30_1/83-20190824121900-snapshot.jpg
3,1,20190824,121930,86,2,488,262,580,321,Aug30_1/83-20190824121930-snapshot.jpg
3,1,20190824,122130,70,1,901,3,939,32,Aug30_1/83-20190824122130-snapshot.jpg
3,1,20190824,122200,80,1,915,17,957,51,Aug30_1/83-20190824122200-snapshot.jpg
3,1,20190824,122200,88,2,772,449,826,523,Aug30_1/83-20190824122200-snapshot.jpg
3,1,20190824,122230,63,2,383,435,450,499,Aug30_1/83-20190824122230-snapshot.jpg
3,1,20190824,122230,86,2,497,970,588,1017,Aug30_1/83-20190824122230-snapshot.jpg
3,1,20190824,122230,87,1,607,92,652,138,Aug30_1/83-20190824122230-snapshot.jpg
3,1,20190824,122300,83,1,159,949,197,981,Aug30_1/83-20190824122300-snapshot.jpg
3,1,20190824,122330,53,1,251,980,288,1013,Aug30_1/83-20190824122330-snapshot.jpg
3,1,20190824,122330,82,2,246,190,305,258,Aug30_1/83-20190824122330-snapshot.jpg
3,1,20190824,122400,85,8,809,251,864,325,Aug30_1/83-20190824122400-snapshot.jpg
3,1,20190824,122400,86,2,738,377,821,435,Aug30_1/83-20190824122400-snapshot.jpg
3,1,20190824,122500,81,1,317,451,362,490,Aug30_1/83-20190824122500-snapshot.jpg
3,1,20190824,122700,72,2,579,808,663,857,Aug30_1/83-20190824122700-snapshot.jpg
3,1,20190824,122700,84,2,969,635,1030,690,Aug30_1/83-20190824122700-snapshot.jpg
3,1,20190824,122730,80,2,684,775,752,842,Aug30_1/83-20190824122730-snapshot.jpg
3,1,20190824,122730,83,2,268,861,358,935,Aug30_1/83-20190824122730-snapshot.jpg
3,1,20190824,122730,86,2,0,387,87,454,Aug30_1/83-20190824122730-snapshot.jpg
3,1,20190824,122800,72,2,522,276,577,338,Aug30_1/83-20190824122800-snapshot.jpg
3,1,20190824,122830,59,1,462,940,496,969,Aug30_1/83-20190824122830-snapshot.jpg
3,1,20190824,122830,86,4,686,507,761,587,Aug30_1/83-20190824122830-snapshot.jpg
3,1,20190824,123000,71,2,1773,139,1833,208,Aug30_1/83-20190824123000-snapshot.jpg
3,1,20190824,123000,75,2,699,901,781,954,Aug30_1/83-20190824123000-snapshot.jpg
3,1,20190824,123030,67,2,1827,246,1908,304,Aug30_1/83-20190824123030-snapshot.jpg
3,1,20190824,123200,85,1,203,907,241,935,Aug30_1/83-20190824123200-snapshot.jpg
3,1,20190824,123200,86,2,662,691,711,768,Aug30_1/83-20190824123200-snapshot.jpg
3,1,20190824,123230,81,1,0,837,37,870,Aug30_1/83-20190824123230-snapshot.jpg
3,1,20190824,123230,81,2,586,869,675,928,Aug30_1/83-20190824123230-snapshot.jpg
3,1,20190824,123230,86,2,520,534,576,610,Aug30_1/83-20190824123230-snapshot.jpg
3,1,20190824,123300,84,1,0,723,34,759,Aug30_1/83-20190824123300-snapshot.jpg
3,1,20190824,123330,26,2,321,1023,370,1075,Aug30_1/83-20190824123330-snapshot.jpg
3,1,20190824,123530,86,2,725,417,784,485,Aug30_1/83-20190824123530-snapshot.jpg
3,1,20190824,123600,85,8,1307,294,1390,365,Aug30_1/83-20190824123600-snapshot.jpg
3,1,20190824,123730,86,8,1106,284,1187,362,Aug30_1/83-20190824123730-snapshot.jpg
3,1,20190824,124000,84,2,470,314,537,393,Aug30_1/83-20190824124000-snapshot.jpg
3,1,20190824,124000,86,2,1609,69,1672,148,Aug30_1/83-20190824124000-snapshot.jpg
3,1,20190824,124030,87,2,965,647,1023,721,Aug30_1/83-20190824124030-snapshot.jpg
3,1,20190824,124100,73,2,389,1027,469,1080,Aug30_1/83-20190824124100-snapshot.jpg
3,1,20190824,124300,84,2,1486,450,1560,508,Aug30_1/83-20190824124300-snapshot.jpg
3,1,20190824,124600,86,2,810,746,895,804,Aug30_1/83-20190824124600-snapshot.jpg
3,1,20190824,124630,88,2,570,753,657,818,Aug30_1/83-20190824124630-snapshot.jpg
3,1,20190824,124700,86,2,39,330,141,386,Aug30_1/83-20190824124700-snapshot.jpg
3,1,20190824,124930,83,2,1567,116,1644,188,Aug30_1/84-20190824124930-snapshot.jpg
3,1,20190824,125130,88,2,1024,349,1112,436,Aug30_1/84-20190824125130-snapshot.jpg
3,1,20190824,125130,88,4,653,714,749,778,Aug30_1/84-20190824125130-snapshot.jpg
3,1,20190824,125200,85,2,1371,568,1431,642,Aug30_1/84-20190824125200-snapshot.jpg
3,1,20190824,125200,87,4,859,839,935,909,Aug30_1/84-20190824125200-snapshot.jpg
3,1,20190824,125330,79,2,564,878,643,940,Aug30_1/84-20190824125330-snapshot.jpg
3,1,20190824,125500,82,2,1438,455,1511,512,Aug30_1/84-20190824125500-snapshot.jpg
3,1,20190824,125500,84,2,90,158,183,222,Aug30_1/84-20190824125500-snapshot.jpg
3,1,20190824,125600,79,2,358,437,438,491,Aug30_1/84-20190824125600-snapshot.jpg
3,1,20190824,125600,88,4,622,903,713,957,Aug30_1/84-20190824125600-snapshot.jpg
3,1,20190824,125730,85,2,728,405,780,479,Aug30_1/84-20190824125730-snapshot.jpg
3,1,20190824,125900,84,2,570,806,626,873,Aug30_1/84-20190824125900-snapshot.jpg
3,1,20190824,130100,44,2,218,859,275,914,Aug30_1/84-20190824130100-snapshot.jpg
3,1,20190824,130130,81,2,569,328,643,385,Aug30_1/84-20190824130130-snapshot.jpg
3,1,20190824,130130,83,2,264,218,343,278,Aug30_1/84-20190824130130-snapshot.jpg
3,1,20190824,130130,89,2,682,884,772,947,Aug30_1/84-20190824130130-snapshot.jpg
3,1,20190824,130200,86,2,526,315,602,377,Aug30_1/84-20190824130200-snapshot.jpg
3,1,20190824,130200,86,2,581,515,642,598,Aug30_1/84-20190824130200-snapshot.jpg
3,1,20190824,130230,79,2,362,437,441,493,Aug30_1/84-20190824130230-snapshot.jpg
3,1,20190824,130230,86,2,755,470,809,549,Aug30_1/84-20190824130230-snapshot.jpg
3,1,20190824,130330,86,2,1167,72,1247,147,Aug30_1/84-20190824130330-snapshot.jpg
3,1,20190824,130430,85,2,119,373,213,425,Aug30_1/84-20190824130430-snapshot.jpg
3,1,20190824,130630,83,2,1834,6,1892,76,Aug30_1/84-20190824130630-snapshot.jpg
3,1,20190824,131130,85,2,678,900,759,968,Aug30_1/84-20190824131130-snapshot.jpg
3,1,20190824,131130,86,2,695,396,761,458,Aug30_1/84-20190824131130-snapshot.jpg
3,1,20190824,131300,86,2,1836,160,1915,233,Aug30_1/84-20190824131300-snapshot.jpg
3,1,20190824,131400,81,2,643,325,697,403,Aug30_1/84-20190824131400-snapshot.jpg
3,1,20190824,131630,87,2,737,741,827,796,Aug30_1/84-20190824131630-snapshot.jpg
3,1,20190824,131700,88,2,639,691,721,740,Aug30_1/84-20190824131700-snapshot.jpg
3,1,20190824,131730,86,2,0,387,65,439,Aug30_1/84-20190824131730-snapshot.jpg
3,1,20190824,131800,75,2,297,514,367,572,Aug30_1/84-20190824131800-snapshot.jpg
3,1,20190824,131830,84,2,825,662,907,718,Aug30_1/84-20190824131830-snapshot.jpg
3,1,20190824,131830,85,2,780,784,872,839,Aug30_1/84-20190824131830-snapshot.jpg
3,1,20190824,132030,63,2,662,304,731,357,Aug30_1/84-20190824132030-snapshot.jpg
3,1,20190824,132100,70,2,1457,291,1511,356,Aug30_1/84-20190824132100-snapshot.jpg
3,1,20190824,132100,78,2,0,412,38,483,Aug30_1/84-20190824132100-snapshot.jpg
3,1,20190824,132100,86,2,893,571,974,646,Aug30_1/84-20190824132100-snapshot.jpg
3,1,20190824,132130,86,2,809,765,902,822,Aug30_1/84-20190824132130-snapshot.jpg
3,1,20190824,132230,81,2,737,797,815,847,Aug30_1/84-20190824132230-snapshot.jpg
3,1,20190824,132300,85,2,513,592,608,650,Aug30_1/84-20190824132300-snapshot.jpg
3,1,20190824,132500,84,2,1363,592,1422,660,Aug30_1/84-20190824132500-snapshot.jpg
3,1,20190824,132900,75,2,1792,226,1868,283,Aug30_1/84-20190824132900-snapshot.jpg
3,1,20190824,132930,82,2,783,780,873,833,Aug30_1/84-20190824132930-snapshot.jpg
3,1,20190824,132930,85,2,1805,48,1894,102,Aug30_1/84-20190824132930-snapshot.jpg
3,1,20190824,132930,85,2,405,376,475,446,Aug30_1/84-20190824132930-snapshot.jpg
3,1,20190824,133000,82,2,601,896,685,959,Aug30_1/84-20190824133000-snapshot.jpg
3,1,20190824,133030,85,2,656,482,714,564,Aug30_1/84-20190824133030-snapshot.jpg
3,1,20190824,133030,87,2,105,385,197,438,Aug30_1/84-20190824133030-snapshot.jpg
3,1,20190824,133100,87,2,565,551,649,607,Aug30_1/84-20190824133100-snapshot.jpg
3,1,20190824,133130,77,2,55,126,139,207,Aug30_1/84-20190824133130-snapshot.jpg
3,1,20190824,133130,82,2,496,260,555,331,Aug30_1/84-20190824133130-snapshot.jpg
3,1,20190824,133330,85,2,1596,98,1685,154,Aug30_1/84-20190824133330-snapshot.jpg
3,1,20190824,133400,84,2,608,126,680,196,Aug30_1/84-20190824133400-snapshot.jpg
3,1,20190824,133630,84,2,1784,257,1849,333,Aug30_1/84-20190824133630-snapshot.jpg
3,1,20190824,133700,78,1,764,187,801,218,Aug30_1/84-20190824133700-snapshot.jpg
3,1,20190824,133730,81,2,406,407,461,471,Aug30_1/84-20190824133730-snapshot.jpg
3,1,20190824,133730,82,1,1238,201,1280,239,Aug30_1/84-20190824133730-snapshot.jpg
3,1,20190824,133730,86,2,1831,134,1917,191,Aug30_1/84-20190824133730-snapshot.jpg
3,1,20190824,133730,86,2,1862,219,1920,296,Aug30_1/84-20190824133730-snapshot.jpg
3,1,20190824,133800,83,2,133,854,210,916,Aug30_1/84-20190824133800-snapshot.jpg
3,1,20190824,133800,84,2,639,805,710,871,Aug30_1/84-20190824133800-snapshot.jpg
3,1,20190824,133830,85,2,451,385,511,462,Aug30_1/84-20190824133830-snapshot.jpg
3,1,20190824,133900,82,2,965,679,1022,742,Aug30_1/84-20190824133900-snapshot.jpg
3,1,20190824,133930,86,2,849,845,941,896,Aug30_1/84-20190824133930-snapshot.jpg
3,1,20190824,133930,86,2,1571,112,1655,183,Aug30_1/84-20190824133930-snapshot.jpg
3,1,20190824,134000,85,2,554,301,609,371,Aug30_1/84-20190824134000-snapshot.jpg
3,1,20190824,134030,37,2,679,476,731,532,Aug30_1/84-20190824134030-snapshot.jpg
3,1,20190824,134100,76,2,494,260,553,332,Aug30_1/84-20190824134100-snapshot.jpg
3,1,20190824,134130,81,2,432,989,511,1029,Aug30_1/84-20190824134130-snapshot.jpg
3,1,20190824,134130,82,2,672,345,748,405,Aug30_1/84-20190824134130-snapshot.jpg
3,1,20190824,134200,85,2,698,566,761,641,Aug30_1/84-20190824134200-snapshot.jpg
3,1,20190824,134230,84,2,662,703,719,784,Aug30_1/84-20190824134230-snapshot.jpg
3,1,20190824,134300,68,2,463,1012,551,1074,Aug30_1/84-20190824134300-snapshot.jpg
3,1,20190824,134400,79,2,82,139,162,217,Aug30_1/84-20190824134400-snapshot.jpg
3,1,20190824,134400,81,2,786,793,845,868,Aug30_1/84-20190824134400-snapshot.jpg
3,1,20190824,134430,81,2,1799,152,1889,215,Aug30_1/84-20190824134430-snapshot.jpg
3,1,20190824,134500,68,2,375,436,454,507,Aug30_1/84-20190824134500-snapshot.jpg
3,1,20190824,134600,32,2,226,871,279,936,Aug30_1/84-20190824134600-snapshot.jpg
3,1,20190824,134630,81,2,960,643,1016,703,Aug30_1/84-20190824134630-snapshot.jpg
3,1,20190824,134900,49,2,113,2,186,66,Aug30_1/84-20190824134900-snapshot.jpg
3,1,20190824,134930,82,2,901,579,969,658,Aug30_1/84-20190824134930-snapshot.jpg
3,1,20190824,134930,88,4,512,558,600,626,Aug30_1/84-20190824134930-snapshot.jpg
3,1,20190824,135000,77,2,1302,129,1389,180,Aug30_1/84-20190824135000-snapshot.jpg
3,1,20190824,135030,72,2,1813,186,1876,254,Aug30_1/84-20190824135030-snapshot.jpg
3,1,20190824,135100,83,2,418,836,518,885,Aug30_1/84-20190824135100-snapshot.jpg
3,1,20190824,135330,83,2,201,402,298,488,Aug30_1/84-20190824135330-snapshot.jpg
3,1,20190824,135400,73,2,1879,171,1920,234,Aug30_1/84-20190824135400-snapshot.jpg
3,1,20190824,135500,84,2,1817,235,1899,306,Aug30_1/84-20190824135500-snapshot.jpg
3,1,20190824,135630,75,2,820,460,893,543,Aug30_1/84-20190824135630-snapshot.jpg
3,1,20190824,135730,82,2,1746,224,1808,291,Aug30_1/84-20190824135730-snapshot.jpg
3,1,20190824,135800,81,2,369,418,427,483,Aug30_1/84-20190824135800-snapshot.jpg
3,1,20190824,140000,86,2,1761,306,1822,377,Aug30_1/84-20190824140000-snapshot.jpg
3,1,20190824,140030,84,2,651,304,709,368,Aug30_1/84-20190824140030-snapshot.jpg
3,1,20190824,140100,86,2,731,408,792,480,Aug30_1/84-20190824140100-snapshot.jpg
3,1,20190824,140130,83,2,835,846,915,902,Aug30_1/84-20190824140130-snapshot.jpg
3,1,20190824,140130,84,2,298,256,354,330,Aug30_1/84-20190824140130-snapshot.jpg
3,1,20190824,140200,75,2,389,979,474,1025,Aug30_1/84-20190824140200-snapshot.jpg
3,1,20190824,140200,79,2,272,881,337,951,Aug30_1/84-20190824140200-snapshot.jpg
3,1,20190824,140200,85,2,532,318,581,384,Aug30_1/84-20190824140200-snapshot.jpg
3,1,20190824,140300,88,2,830,681,912,744,Aug30_1/84-20190824140300-snapshot.jpg
3,1,20190824,140330,85,2,31,327,95,413,Aug30_1/84-20190824140330-snapshot.jpg
3,1,20190824,140600,49,7,304,1028,412,1080,Aug30_1/84-20190824140600-snapshot.jpg
3,1,20190824,140600,75,4,305,1029,411,1080,Aug30_1/84-20190824140600-snapshot.jpg
3,1,20190824,140630,72,2,626,801,704,866,Aug30_1/84-20190824140630-snapshot.jpg
3,1,20190824,140630,76,2,600,333,675,394,Aug30_1/84-20190824140630-snapshot.jpg
3,1,20190824,140630,79,2,148,134,209,203,Aug30_1/84-20190824140630-snapshot.jpg
3,1,20190824,140700,82,2,801,325,854,396,Aug30_1/84-20190824140700-snapshot.jpg
3,1,20190824,140800,89,7,1717,0,1863,170,Aug30_1/84-20190824140800-snapshot.jpg
3,1,20190824,140830,87,7,404,273,549,401,Aug30_1/84-20190824140830-snapshot.jpg
3,1,20190824,140900,85,2,1483,52,1543,127,Aug30_1/84-20190824140900-snapshot.jpg
3,1,20190824,140900,90,7,161,861,304,1009,Aug30_1/84-20190824140900-snapshot.jpg
3,1,20190824,141000,88,7,784,739,895,893,Aug30_1/84-20190824141000-snapshot.jpg
3,1,20190824,141030,89,7,708,374,849,560,Aug30_1/84-20190824141030-snapshot.jpg
3,1,20190824,141100,88,7,1222,25,1364,202,Aug30_1/84-20190824141100-snapshot.jpg
3,1,20190824,141130,83,8,1089,575,1159,632,Aug30_1/84-20190824141130-snapshot.jpg
3,1,20190824,141400,77,2,672,336,727,405,Aug30_1/84-20190824141400-snapshot.jpg
3,1,20190824,141400,82,2,687,649,769,701,Aug30_1/84-20190824141400-snapshot.jpg
3,1,20190824,141400,83,2,1831,212,1909,278,Aug30_1/84-20190824141400-snapshot.jpg
3,1,20190824,141430,72,2,494,260,549,332,Aug30_1/84-20190824141430-snapshot.jpg
3,1,20190824,141430,85,2,1585,19,1668,75,Aug30_1/84-20190824141430-snapshot.jpg
3,1,20190824,141500,70,2,506,322,571,390,Aug30_1/84-20190824141500-snapshot.jpg
3,1,20190824,141500,78,2,654,643,731,691,Aug30_1/84-20190824141500-snapshot.jpg
3,1,20190824,141530,78,2,799,769,883,833,Aug30_1/84-20190824141530-snapshot.jpg
3,1,20190824,141730,84,2,266,240,325,321,Aug30_1/84-20190824141730-snapshot.jpg
3,1,20190824,141800,85,2,646,104,725,170,Aug30_1/84-20190824141800-snapshot.jpg
3,1,20190824,141830,83,2,418,956,480,1013,Aug30_1/84-20190824141830-snapshot.jpg
3,1,20190824,141930,66,2,775,1021,841,1080,Aug30_1/84-20190824141930-snapshot.jpg
3,1,20190824,142130,81,2,378,974,440,1039,Aug30_1/84-20190824142130-snapshot.jpg
3,1,20190824,142130,82,2,727,544,784,617,Aug30_1/84-20190824142130-snapshot.jpg
3,1,20190824,142200,28,2,311,972,362,1030,Aug30_1/84-20190824142200-snapshot.jpg
3,1,20190824,142330,89,2,1189,72,1274,137,Aug30_1/84-20190824142330-snapshot.jpg
3,1,20190824,142400,46,2,494,328,555,398,Aug30_1/84-20190824142400-snapshot.jpg
3,1,20190824,142500,64,2,230,885,290,944,Aug30_1/84-20190824142500-snapshot.jpg
3,1,20190824,142530,72,2,1428,634,1531,709,Aug30_1/84-20190824142530-snapshot.jpg
3,1,20190824,142530,77,2,459,556,551,617,Aug30_1/84-20190824142530-snapshot.jpg
3,1,20190824,142530,87,3,827,639,890,723,Aug30_1/84-20190824142530-snapshot.jpg
3,1,20190824,142600,74,2,359,433,436,497,Aug30_1/84-20190824142600-snapshot.jpg
3,1,20190824,142600,85,2,698,812,771,880,Aug30_1/84-20190824142600-snapshot.jpg
3,1,20190824,142700,84,8,1755,657,1818,727,Aug30_1/84-20190824142700-snapshot.jpg
3,1,20190824,142700,85,2,1824,231,1899,301,Aug30_1/84-20190824142700-snapshot.jpg
3,1,20190824,142730,84,2,582,855,664,923,Aug30_1/84-20190824142730-snapshot.jpg
3,1,20190824,142800,42,2,408,563,466,615,Aug30_1/84-20190824142800-snapshot.jpg
3,1,20190824,142800,84,8,1064,268,1150,319,Aug30_1/84-20190824142800-snapshot.jpg
3,1,20190824,142830,84,2,1854,231,1919,304,Aug30_1/84-20190824142830-snapshot.jpg
3,1,20190824,142900,86,2,1776,56,1853,122,Aug30_1/84-20190824142900-snapshot.jpg
3,1,20190824,142930,86,2,1661,814,1740,886,Aug30_1/84-20190824142930-snapshot.jpg
3,1,20190824,142930,86,2,677,283,732,362,Aug30_1/84-20190824142930-snapshot.jpg
3,1,20190824,143000,87,2,1778,239,1855,306,Aug30_1/84-20190824143000-snapshot.jpg
3,1,20190824,143030,79,2,445,315,530,396,Aug30_1/84-20190824143030-snapshot.jpg
3,1,20190824,143030,84,2,540,208,603,279,Aug30_1/84-20190824143030-snapshot.jpg
3,1,20190824,143030,85,2,725,559,782,635,Aug30_1/84-20190824143030-snapshot.jpg
3,1,20190824,143100,71,2,376,973,440,1042,Aug30_1/84-20190824143100-snapshot.jpg
3,1,20190824,143130,88,2,488,539,575,602,Aug30_1/84-20190824143130-snapshot.jpg
3,1,20190824,143400,69,2,276,914,358,984,Aug30_1/84-20190824143400-snapshot.jpg
3,1,20190824,143430,84,2,807,671,868,745,Aug30_1/84-20190824143430-snapshot.jpg
3,1,20190824,143700,69,2,317,431,386,495,Aug30_1/84-20190824143700-snapshot.jpg
3,1,20190824,143700,81,2,783,1014,861,1077,Aug30_1/84-20190824143700-snapshot.jpg
3,1,20190824,143700,88,2,235,259,326,325,Aug30_1/84-20190824143700-snapshot.jpg
3,1,20190824,143730,75,2,455,452,528,518,Aug30_1/84-20190824143730-snapshot.jpg
3,1,20190824,143730,76,2,1668,732,1752,788,Aug30_1/84-20190824143730-snapshot.jpg
3,1,20190824,143730,83,2,846,655,932,707,Aug30_1/84-20190824143730-snapshot.jpg
3,1,20190824,143730,86,3,594,766,676,824,Aug30_1/84-20190824143730-snapshot.jpg
3,1,20190824,143800,35,2,1892,141,1920,214,Aug30_1/84-20190824143800-snapshot.jpg
3,1,20190824,143800,88,2,1819,85,1903,160,Aug30_1/84-20190824143800-snapshot.jpg
3,1,20190824,143830,81,2,1811,242,1892,308,Aug30_1/84-20190824143830-snapshot.jpg
3,1,20190824,143900,80,2,656,98,731,176,Aug30_1/84-20190824143900-snapshot.jpg
3,1,20190824,143930,55,2,296,978,364,1048,Aug30_1/84-20190824143930-snapshot.jpg
3,1,20190824,143930,86,2,198,303,289,370,Aug30_1/84-20190824143930-snapshot.jpg
3,1,20190824,144000,82,2,136,220,195,297,Aug30_1/84-20190824144000-snapshot.jpg
3,1,20190824,144030,78,2,620,796,697,847,Aug30_1/84-20190824144030-snapshot.jpg
3,1,20190824,144130,84,2,107,236,169,317,Aug30_1/84-20190824144130-snapshot.jpg
3,1,20190824,144300,78,2,1796,191,1862,265,Aug30_1/84-20190824144300-snapshot.jpg
3,1,20190824,144330,81,2,2,400,80,460,Aug30_1/84-20190824144330-snapshot.jpg
3,1,20190824,144400,81,2,735,384,810,436,Aug30_1/84-20190824144400-snapshot.jpg
3,1,20190824,144500,68,2,1704,0,1762,48,Aug30_1/84-20190824144500-snapshot.jpg
3,1,20190824,144530,80,2,767,780,852,833,Aug30_1/84-20190824144530-snapshot.jpg
3,1,20190824,144600,85,9,406,512,479,579,Aug30_1/84-20190824144600-snapshot.jpg
3,1,20190824,144600,86,2,226,230,312,312,Aug30_1/84-20190824144600-snapshot.jpg
3,1,20190824,144630,82,2,700,420,773,481,Aug30_1/84-20190824144630-snapshot.jpg
3,1,20190824,144630,82,2,548,242,616,310,Aug30_1/84-20190824144630-snapshot.jpg
3,1,20190824,144630,87,2,1304,585,1391,644,Aug30_1/84-20190824144630-snapshot.jpg
3,1,20190824,144700,85,2,962,658,1022,728,Aug30_1/84-20190824144700-snapshot.jpg
3,1,20190824,144730,66,2,131,129,204,200,Aug30_1/84-20190824144730-snapshot.jpg
3,1,20190824,144730,74,2,1830,178,1917,232,Aug30_1/84-20190824144730-snapshot.jpg
3,1,20190824,144730,85,2,595,893,693,945,Aug30_1/84-20190824144730-snapshot.jpg
3,1,20190824,144800,59,2,229,870,295,931,Aug30_1/84-20190824144800-snapshot.jpg
3,1,20190824,144830,86,2,1445,411,1504,482,Aug30_1/84-20190824144830-snapshot.jpg
3,1,20190824,145030,75,2,447,321,521,396,Aug30_1/84-20190824145030-snapshot.jpg
3,1,20190824,145200,87,2,688,715,771,771,Aug30_1/84-20190824145200-snapshot.jpg
3,1,20190824,145230,77,2,757,1001,831,1062,Aug30_1/84-20190824145230-snapshot.jpg
3,1,20190824,145230,80,2,0,391,69,439,Aug30_1/84-20190824145230-snapshot.jpg
3,1,20190824,145300,76,2,1820,202,1885,276,Aug30_1/84-20190824145300-snapshot.jpg
3,1,20190824,145330,73,2,823,460,880,526,Aug30_1/84-20190824145330-snapshot.jpg
3,1,20190824,145400,76,2,143,411,233,468,Aug30_1/84-20190824145400-snapshot.jpg
3,1,20190824,145400,85,2,134,305,238,361,Aug30_1/84-20190824145400-snapshot.jpg
3,1,20190824,145700,72,8,292,339,388,405,Aug30_1/84-20190824145700-snapshot.jpg
3,1,20190824,145730,80,2,748,464,806,534,Aug30_1/84-20190824145730-snapshot.jpg
3,1,20190824,145730,85,2,544,552,599,623,Aug30_1/84-20190824145730-snapshot.jpg
3,1,20190824,145800,80,2,627,895,709,947,Aug30_1/84-20190824145800-snapshot.jpg
3,1,20190824,145830,65,2,386,424,444,487,Aug30_1/84-20190824145830-snapshot.jpg
3,1,20190824,145830,86,2,940,645,1002,715,Aug30_1/84-20190824145830-snapshot.jpg
3,1,20190824,145900,53,2,118,408,209,485,Aug30_1/84-20190824145900-snapshot.jpg
3,1,20190824,145930,73,2,817,878,914,929,Aug30_1/84-20190824145930-snapshot.jpg
3,1,20190824,150000,31,2,609,884,705,939,Aug30_1/84-20190824150000-snapshot.jpg
3,1,20190824,150000,66,9,609,884,707,939,Aug30_1/84-20190824150000-snapshot.jpg
3,1,20190824,150000,84,2,614,647,700,706,Aug30_1/84-20190824150000-snapshot.jpg
3,1,20190824,150000,88,2,541,329,596,403,Aug30_1/84-20190824150000-snapshot.jpg
3,1,20190824,150100,83,2,687,608,767,660,Aug30_1/84-20190824150100-snapshot.jpg
3,1,20190824,150130,74,2,964,641,1020,693,Aug30_1/84-20190824150130-snapshot.jpg
3,1,20190824,150300,79,2,774,993,833,1061,Aug30_1/84-20190824150300-snapshot.jpg
3,1,20190824,150330,80,2,1832,170,1913,229,Aug30_1/84-20190824150330-snapshot.jpg
3,1,20190824,150330,80,2,645,644,715,701,Aug30_1/84-20190824150330-snapshot.jpg
3,1,20190824,150400,83,2,1733,277,1818,342,Aug30_1/84-20190824150400-snapshot.jpg
3,1,20190824,150430,86,2,544,612,607,697,Aug30_1/84-20190824150430-snapshot.jpg
3,1,20190824,150830,76,2,1793,231,1872,282,Aug30_1/84-20190824150830-snapshot.jpg
3,1,20190824,150900,88,2,814,650,899,704,Aug30_1/84-20190824150900-snapshot.jpg
3,1,20190824,150930,73,2,1691,729,1776,797,Aug30_1/84-20190824150930-snapshot.jpg
3,1,20190824,151030,88,7,711,771,874,908,Aug30_1/84-20190824151030-snapshot.jpg
3,1,20190824,151100,76,2,486,374,569,423,Aug30_1/84-20190824151100-snapshot.jpg
3,1,20190824,151100,85,7,562,654,741,813,Aug30_1/84-20190824151100-snapshot.jpg
3,1,20190824,151130,89,7,399,499,521,604,Aug30_1/84-20190824151130-snapshot.jpg
3,1,20190824,151200,77,2,699,889,779,946,Aug30_1/84-20190824151200-snapshot.jpg
3,1,20190824,151200,78,2,1804,180,1895,234,Aug30_1/84-20190824151200-snapshot.jpg
3,1,20190824,151230,85,2,1850,186,1920,249,Aug30_1/84-20190824151230-snapshot.jpg
3,1,20190824,151300,83,2,262,254,320,331,Aug30_1/84-20190824151300-snapshot.jpg
3,1,20190824,151330,82,2,720,790,775,865,Aug30_1/84-20190824151330-snapshot.jpg
3,1,20190824,151330,87,2,726,310,781,383,Aug30_1/84-20190824151330-snapshot.jpg
3,1,20190824,151400,84,2,490,239,549,312,Aug30_1/84-20190824151400-snapshot.jpg
3,1,20190824,151400,91,7,725,725,881,900,Aug30_1/84-20190824151400-snapshot.jpg
3,1,20190824,151500,83,2,408,969,473,1031,Aug30_1/84-20190824151500-snapshot.jpg
3,1,20190824,151630,79,2,1309,577,1380,644,Aug30_1/84-20190824151630-snapshot.jpg
3,1,20190824,151700,73,2,586,892,676,955,Aug30_1/84-20190824151700-snapshot.jpg
3,1,20190824,151800,82,2,648,693,701,760,Aug30_1/84-20190824151800-snapshot.jpg
3,1,20190824,151900,26,2,92,3,160,83,Aug30_1/84-20190824151900-snapshot.jpg
3,1,20190824,151900,80,2,761,1021,835,1080,Aug30_1/84-20190824151900-snapshot.jpg
3,1,20190824,152030,80,2,522,93,603,163,Aug30_1/84-20190824152030-snapshot.jpg
3,1,20190824,152030,89,2,786,689,883,742,Aug30_1/84-20190824152030-snapshot.jpg
3,1,20190824,152100,77,2,730,310,805,383,Aug30_1/84-20190824152100-snapshot.jpg
3,1,20190824,152100,81,2,32,329,125,380,Aug30_1/84-20190824152100-snapshot.jpg
3,1,20190824,152200,77,2,465,327,554,379,Aug30_1/84-20190824152200-snapshot.jpg
3,1,20190824,152430,84,2,612,822,709,872,Aug30_1/84-20190824152430-snapshot.jpg
3,1,20190824,152500,81,2,740,381,795,453,Aug30_1/84-20190824152500-snapshot.jpg
3,1,20190824,152530,83,2,316,340,403,416,Aug30_1/84-20190824152530-snapshot.jpg
3,1,20190824,152630,85,2,737,347,816,404,Aug30_1/84-20190824152630-snapshot.jpg
3,1,20190824,152700,81,2,376,475,467,538,Aug30_1/84-20190824152700-snapshot.jpg
3,1,20190824,152700,87,2,716,738,802,795,Aug30_1/84-20190824152700-snapshot.jpg
3,1,20190824,152830,83,2,1806,165,1895,228,Aug30_1/84-20190824152830-snapshot.jpg
3,1,20190824,152930,31,2,218,878,287,944,Aug30_1/84-20190824152930-snapshot.jpg
3,1,20190824,153030,86,2,657,642,709,716,Aug30_1/84-20190824153030-snapshot.jpg
3,1,20190824,153130,74,2,779,1016,863,1075,Aug30_1/84-20190824153130-snapshot.jpg
3,1,20190824,153230,44,2,63,0,144,56,Aug30_1/84-20190824153230-snapshot.jpg
3,1,20190824,153300,81,2,40,312,130,374,Aug30_1/84-20190824153300-snapshot.jpg
3,1,20190824,153300,81,2,1796,222,1882,281,Aug30_1/84-20190824153300-snapshot.jpg
3,1,20190824,153530,84,2,0,393,71,458,Aug30_1/84-20190824153530-snapshot.jpg
3,1,20190824,153730,77,2,62,134,144,201,Aug30_1/84-20190824153730-snapshot.jpg
3,1,20190824,153730,86,2,885,842,964,910,Aug30_1/84-20190824153730-snapshot.jpg
3,1,20190824,153800,75,3,710,278,802,369,Aug30_1/84-20190824153800-snapshot.jpg
3,1,20190824,153800,88,2,685,581,761,655,Aug30_1/84-20190824153800-snapshot.jpg
3,1,20190824,153830,83,7,567,759,706,859,Aug30_1/84-20190824153830-snapshot.jpg
3,1,20190824,153830,88,7,621,876,798,994,Aug30_1/84-20190824153830-snapshot.jpg
3,1,20190824,153900,87,7,330,1011,419,1080,Aug30_1/84-20190824153900-snapshot.jpg
3,1,20190824,153930,78,2,768,453,845,523,Aug30_1/84-20190824153930-snapshot.jpg
3,1,20190824,154000,78,2,65,126,147,199,Aug30_1/84-20190824154000-snapshot.jpg
3,1,20190824,154000,86,2,697,382,803,481,Aug30_1/84-20190824154000-snapshot.jpg
3,1,20190824,154030,67,2,600,892,676,952,Aug30_1/84-20190824154030-snapshot.jpg
3,1,20190824,154100,80,2,684,771,743,834,Aug30_1/84-20190824154100-snapshot.jpg
3,1,20190824,154100,84,2,1575,131,1652,201,Aug30_1/84-20190824154100-snapshot.jpg
3,1,20190824,154130,78,2,286,479,346,568,Aug30_1/84-20190824154130-snapshot.jpg
3,1,20190824,154130,88,3,1698,271,1789,357,Aug30_1/84-20190824154130-snapshot.jpg
3,1,20190824,154200,76,2,58,140,145,220,Aug30_1/84-20190824154200-snapshot.jpg
3,1,20190824,154200,86,2,648,110,712,195,Aug30_1/84-20190824154200-snapshot.jpg
3,1,20190824,154400,77,2,0,380,63,452,Aug30_1/84-20190824154400-snapshot.jpg
3,1,20190824,154400,83,2,1839,153,1920,207,Aug30_1/84-20190824154400-snapshot.jpg
3,1,20190824,154430,83,2,691,394,753,459,Aug30_1/84-20190824154430-snapshot.jpg
3,1,20190824,154600,78,2,763,363,817,437,Aug30_1/84-20190824154600-snapshot.jpg
3,1,20190824,154630,81,2,566,337,622,408,Aug30_1/84-20190824154630-snapshot.jpg
3,1,20190824,154700,62,2,629,822,714,888,Aug30_1/84-20190824154700-snapshot.jpg
3,1,20190824,154700,83,2,433,313,517,378,Aug30_1/84-20190824154700-snapshot.jpg
3,1,20190824,154730,85,2,742,467,800,542,Aug30_1/84-20190824154730-snapshot.jpg
3,1,20190824,154730,86,2,236,254,304,338,Aug30_1/84-20190824154730-snapshot.jpg
3,1,20190824,154800,79,2,1695,734,1752,806,Aug30_1/84-20190824154800-snapshot.jpg
3,1,20190824,154830,82,2,278,891,367,938,Aug30_1/84-20190824154830-snapshot.jpg
3,1,20190824,154930,68,2,370,959,452,1022,Aug30_1/84-20190824154930-snapshot.jpg
3,1,20190824,155000,84,2,641,649,694,729,Aug30_1/84-20190824155000-snapshot.jpg
3,1,20190824,155030,82,2,585,794,671,845,Aug30_1/84-20190824155030-snapshot.jpg
3,1,20190824,155030,83,2,1678,716,1742,782,Aug30_1/84-20190824155030-snapshot.jpg
3,1,20190824,155100,81,2,405,544,459,614,Aug30_1/84-20190824155100-snapshot.jpg
3,1,20190824,155130,84,2,461,516,538,571,Aug30_1/84-20190824155130-snapshot.jpg
3,1,20190824,155200,77,2,625,408,703,468,Aug30_1/84-20190824155200-snapshot.jpg
3,1,20190824,155230,86,2,1288,108,1354,185,Aug30_1/84-20190824155230-snapshot.jpg
3,1,20190824,155300,85,2,1738,108,1797,179,Aug30_1/84-20190824155300-snapshot.jpg
3,1,20190824,155300,86,2,1612,149,1695,219,Aug30_1/84-20190824155300-snapshot.jpg
3,1,20190824,155600,81,2,527,328,581,394,Aug30_1/84-20190824155600-snapshot.jpg
3,1,20190824,155630,74,2,911,831,981,882,Aug30_1/84-20190824155630-snapshot.jpg
3,1,20190824,155700,85,2,847,554,936,613,Aug30_1/84-20190824155700-snapshot.jpg
3,1,20190824,155730,70,2,576,882,636,936,Aug30_1/84-20190824155730-snapshot.jpg
3,1,20190824,155730,89,2,699,381,753,464,Aug30_1/84-20190824155730-snapshot.jpg
3,1,20190824,155800,55,2,549,296,617,356,Aug30_1/84-20190824155800-snapshot.jpg
3,1,20190824,155930,70,2,392,979,477,1029,Aug30_1/84-20190824155930-snapshot.jpg
3,1,20190824,160030,82,2,1769,149,1852,220,Aug30_1/84-20190824160030-snapshot.jpg
3,1,20190824,160030,86,2,1104,103,1186,167,Aug30_1/84-20190824160030-snapshot.jpg
3,1,20190824,160100,72,2,513,298,594,348,Aug30_1/84-20190824160100-snapshot.jpg
3,1,20190824,160200,83,2,1287,599,1357,669,Aug30_1/84-20190824160200-snapshot.jpg
3,1,20190824,160230,59,2,803,770,881,826,Aug30_1/84-20190824160230-snapshot.jpg
3,1,20190824,160330,76,2,191,283,280,368,Aug30_1/84-20190824160330-snapshot.jpg
3,1,20190824,160330,84,2,709,324,780,389,Aug30_1/84-20190824160330-snapshot.jpg
3,1,20190824,160400,76,2,731,428,794,511,Aug30_1/84-20190824160400-snapshot.jpg
3,1,20190824,160430,63,2,807,344,855,397,Aug30_1/84-20190824160430-snapshot.jpg
3,1,20190824,160500,85,2,485,75,559,161,Aug30_1/84-20190824160500-snapshot.jpg
3,1,20190824,160500,87,2,660,478,719,552,Aug30_1/84-20190824160500-snapshot.jpg
3,1,20190824,160530,38,2,1,413,61,473,Aug30_1/84-20190824160530-snapshot.jpg
3,1,20190824,160530,76,2,899,855,974,925,Aug30_1/84-20190824160530-snapshot.jpg
3,1,20190824,160600,76,2,1140,677,1225,729,Aug30_1/84-20190824160600-snapshot.jpg
3,1,20190824,160600,83,2,1828,309,1918,362,Aug30_1/84-20190824160600-snapshot.jpg
3,1,20190824,160830,89,3,494,321,592,383,Aug30_1/84-20190824160830-snapshot.jpg
3,1,20190824,161000,87,2,1697,278,1782,356,Aug30_1/84-20190824161000-snapshot.jpg
3,1,20190824,161030,81,2,824,741,884,826,Aug30_1/84-20190824161030-snapshot.jpg
3,1,20190824,161300,69,2,100,129,197,181,Aug30_1/84-20190824161300-snapshot.jpg
3,1,20190824,161300,78,2,0,358,53,427,Aug30_1/84-20190824161300-snapshot.jpg
3,1,20190824,161300,84,2,766,1000,841,1070,Aug30_1/84-20190824161300-snapshot.jpg
3,1,20190824,161330,55,2,1710,0,1774,37,Aug30_1/84-20190824161330-snapshot.jpg
3,1,20190824,161400,86,2,805,744,863,824,Aug30_1/84-20190824161400-snapshot.jpg
3,1,20190824,161400,86,2,1585,123,1645,199,Aug30_1/84-20190824161400-snapshot.jpg
3,1,20190824,161430,68,2,642,821,725,892,Aug30_1/84-20190824161430-snapshot.jpg
3,1,20190824,161500,73,2,776,848,837,909,Aug30_1/84-20190824161500-snapshot.jpg
3,1,20190824,161500,85,2,502,570,583,633,Aug30_1/84-20190824161500-snapshot.jpg
3,1,20190824,161500,87,2,891,566,948,642,Aug30_1/84-20190824161500-snapshot.jpg
3,1,20190824,161530,86,2,605,451,693,511,Aug30_1/84-20190824161530-snapshot.jpg
3,1,20190824,161600,88,2,1796,77,1886,148,Aug30_1/84-20190824161600-snapshot.jpg
3,1,20190824,161630,83,2,1842,214,1920,269,Aug30_1/84-20190824161630-snapshot.jpg
3,1,20190824,161700,80,2,373,976,451,1041,Aug30_1/84-20190824161700-snapshot.jpg
3,1,20190824,161800,80,2,391,543,449,609,Aug30_1/84-20190824161800-snapshot.jpg
3,1,20190824,162030,75,2,367,987,437,1049,Aug30_1/84-20190824162030-snapshot.jpg
3,1,20190824,162030,85,2,1152,78,1217,146,Aug30_1/84-20190824162030-snapshot.jpg
3,1,20190824,162100,84,2,398,405,454,482,Aug30_1/84-20190824162100-snapshot.jpg
3,1,20190824,162100,85,2,1395,751,1475,831,Aug30_1/84-20190824162100-snapshot.jpg
3,1,20190824,162130,86,2,1417,326,1484,389,Aug30_1/84-20190824162130-snapshot.jpg
3,1,20190824,162130,87,2,520,669,607,746,Aug30_1/84-20190824162130-snapshot.jpg
3,1,20190824,162200,84,2,818,710,903,759,Aug30_1/84-20190824162200-snapshot.jpg
3,1,20190824,162230,72,2,541,843,628,916,Aug30_1/84-20190824162230-snapshot.jpg
3,1,20190824,162230,78,2,701,911,758,970,Aug30_1/84-20190824162230-snapshot.jpg
3,1,20190824,162230,88,3,1709,195,1806,262,Aug30_1/84-20190824162230-snapshot.jpg
3,1,20190824,162300,88,3,27,297,125,376,Aug30_1/84-20190824162300-snapshot.jpg
3,1,20190824,162500,82,2,535,266,587,333,Aug30_1/84-20190824162500-snapshot.jpg
3,1,20190824,162530,73,2,790,481,871,534,Aug30_1/84-20190824162530-snapshot.jpg
3,1,20190824,162600,84,2,400,373,452,447,Aug30_1/84-20190824162600-snapshot.jpg
3,1,20190824,162630,79,2,850,759,933,827,Aug30_1/84-20190824162630-snapshot.jpg
3,1,20190824,162730,43,2,928,842,987,901,Aug30_1/84-20190824162730-snapshot.jpg
3,1,20190824,162800,85,2,693,723,749,796,Aug30_1/84-20190824162800-snapshot.jpg
3,1,20190824,162800,86,2,387,386,442,465,Aug30_1/84-20190824162800-snapshot.jpg
3,1,20190824,162830,76,2,192,315,283,372,Aug30_1/84-20190824162830-snapshot.jpg
3,1,20190824,162830,77,2,1802,173,1885,235,Aug30_1/84-20190824162830-snapshot.jpg
3,1,20190824,162830,82,2,397,422,471,479,Aug30_1/84-20190824162830-snapshot.jpg
3,1,20190824,162830,83,2,531,289,602,345,Aug30_1/84-20190824162830-snapshot.jpg
3,1,20190824,162830,84,2,1709,822,1771,897,Aug30_1/84-20190824162830-snapshot.jpg
3,1,20190824,162900,78,2,409,362,466,436,Aug30_1/84-20190824162900-snapshot.jpg
3,1,20190824,162930,87,2,816,671,890,741,Aug30_1/84-20190824162930-snapshot.jpg
3,1,20190824,163000,79,8,1479,636,1570,694,Aug30_1/84-20190824163000-snapshot.jpg
3,1,20190824,163000,79,2,290,944,349,1019,Aug30_1/84-20190824163000-snapshot.jpg
3,1,20190824,163130,69,2,525,318,596,368,Aug30_1/84-20190824163130-snapshot.jpg
3,1,20190824,163230,72,2,1742,343,1818,394,Aug30_1/84-20190824163230-snapshot.jpg
3,1,20190824,163400,81,2,49,211,110,290,Aug30_1/84-20190824163400-snapshot.jpg
3,1,20190824,163400,84,2,437,353,518,427,Aug30_1/84-20190824163400-snapshot.jpg
3,1,20190824,163430,82,2,616,440,690,490,Aug30_1/84-20190824163430-snapshot.jpg
3,1,20190824,163430,82,2,1755,149,1839,212,Aug30_1/84-20190824163430-snapshot.jpg
3,1,20190824,163500,87,2,649,450,726,524,Aug30_1/84-20190824163500-snapshot.jpg
3,1,20190824,163530,86,2,1314,744,1391,820,Aug30_1/84-20190824163530-snapshot.jpg
3,1,20190824,163600,85,2,506,529,584,586,Aug30_1/84-20190824163600-snapshot.jpg
3,1,20190824,163900,84,3,55,162,167,229,Aug30_1/84-20190824163900-snapshot.jpg
3,1,20190824,163900,85,2,1736,693,1798,761,Aug30_1/84-20190824163900-snapshot.jpg
3,1,20190824,164000,85,2,128,92,183,170,Aug30_1/84-20190824164000-snapshot.jpg
3,1,20190824,164100,86,2,1658,235,1755,289,Aug30_1/84-20190824164100-snapshot.jpg
3,1,20190824,164130,58,2,1889,156,1920,223,Aug30_1/84-20190824164130-snapshot.jpg
3,1,20190824,164200,84,2,543,263,596,342,Aug30_1/84-20190824164200-snapshot.jpg
3,1,20190824,164200,84,2,691,564,745,630,Aug30_1/84-20190824164200-snapshot.jpg
3,1,20190824,164200,87,2,721,356,801,404,Aug30_1/84-20190824164200-snapshot.jpg
3,1,20190824,164230,74,2,657,316,710,372,Aug30_1/84-20190824164230-snapshot.jpg
3,1,20190824,164300,75,2,0,415,74,473,Aug30_1/84-20190824164300-snapshot.jpg
3,1,20190824,164300,76,2,569,837,625,908,Aug30_1/84-20190824164300-snapshot.jpg
3,1,20190824,164430,81,2,424,363,484,441,Aug30_1/84-20190824164430-snapshot.jpg
3,1,20190824,164430,89,7,720,793,877,962,Aug30_1/84-20190824164430-snapshot.jpg
3,1,20190824,164500,85,2,1698,786,1775,857,Aug30_1/84-20190824164500-snapshot.jpg
3,1,20190824,164500,89,7,685,590,869,761,Aug30_1/84-20190824164500-snapshot.jpg
3,1,20190824,164600,87,2,484,504,551,586,Aug30_1/84-20190824164600-snapshot.jpg
3,1,20190824,164800,89,4,573,762,666,826,Aug30_1/84-20190824164800-snapshot.jpg
3,1,20190824,165130,84,2,531,313,584,379,Aug30_1/84-20190824165130-snapshot.jpg
3,1,20190824,165230,82,2,333,415,392,496,Aug30_1/84-20190824165230-snapshot.jpg
3,1,20190824,165300,87,2,807,747,867,833,Aug30_1/84-20190824165300-snapshot.jpg
3,1,20190824,165330,64,2,647,311,711,377,Aug30_1/84-20190824165330-snapshot.jpg
3,1,20190824,165400,73,2,166,400,267,470,Aug30_1/84-20190824165400-snapshot.jpg
3,1,20190824,165600,76,2,58,141,146,213,Aug30_1/84-20190824165600-snapshot.jpg
3,1,20190824,165600,82,2,179,16,245,105,Aug30_1/84-20190824165600-snapshot.jpg
3,1,20190824,165600,83,2,656,885,738,942,Aug30_1/84-20190824165600-snapshot.jpg
3,1,20190824,165630,86,2,137,254,198,333,Aug30_1/84-20190824165630-snapshot.jpg
3,1,20190824,165630,86,2,656,627,717,712,Aug30_1/84-20190824165630-snapshot.jpg
3,1,20190824,165700,86,2,569,76,629,154,Aug30_1/84-20190824165700-snapshot.jpg
3,1,20190824,165730,73,2,569,751,628,822,Aug30_1/84-20190824165730-snapshot.jpg
3,1,20190824,165930,82,2,1741,42,1801,119,Aug30_1/84-20190824165930-snapshot.jpg
3,1,20190824,165930,85,2,638,661,694,742,Aug30_1/84-20190824165930-snapshot.jpg
3,1,20190824,170030,84,2,412,981,473,1056,Aug30_1/84-20190824170030-snapshot.jpg
3,1,20190824,170030,84,2,787,666,850,738,Aug30_1/84-20190824170030-snapshot.jpg
3,1,20190824,170100,71,2,752,390,802,459,Aug30_1/84-20190824170100-snapshot.jpg
3,1,20190824,170100,79,2,455,473,516,541,Aug30_1/84-20190824170100-snapshot.jpg
3,1,20190824,170100,86,2,813,604,873,679,Aug30_1/84-20190824170100-snapshot.jpg
3,1,20190824,170230,86,2,678,379,726,452,Aug30_1/84-20190824170230-snapshot.jpg
3,1,20190824,170300,80,2,626,367,688,431,Aug30_1/84-20190824170300-snapshot.jpg
3,1,20190824,170330,86,2,497,537,582,598,Aug30_1/84-20190824170330-snapshot.jpg
3,1,20190824,170430,77,2,282,903,342,970,Aug30_1/84-20190824170430-snapshot.jpg
3,1,20190824,170530,86,2,561,752,620,832,Aug30_1/84-20190824170530-snapshot.jpg
3,1,20190824,170630,56,2,203,856,272,905,Aug30_1/84-20190824170630-snapshot.jpg
3,1,20190824,170830,79,2,0,387,54,435,Aug30_1/84-20190824170830-snapshot.jpg
3,1,20190824,170900,85,2,725,839,817,887,Aug30_1/84-20190824170900-snapshot.jpg
3,1,20190824,170930,84,2,521,335,610,390,Aug30_1/84-20190824170930-snapshot.jpg
3,1,20190824,170930,85,2,440,338,499,413,Aug30_1/84-20190824170930-snapshot.jpg
3,1,20190824,171000,86,2,658,645,710,727,Aug30_1/84-20190824171000-snapshot.jpg
3,1,20190824,171030,67,2,803,765,865,834,Aug30_1/84-20190824171030-snapshot.jpg
3,1,20190824,171100,69,2,423,980,491,1019,Aug30_1/84-20190824171100-snapshot.jpg
3,1,20190824,171130,83,2,674,898,760,945,Aug30_1/84-20190824171130-snapshot.jpg
3,1,20190824,171200,85,2,260,258,344,324,Aug30_1/84-20190824171200-snapshot.jpg
3,1,20190824,171400,85,2,703,435,777,490,Aug30_1/84-20190824171400-snapshot.jpg
3,1,20190824,171430,57,2,797,859,870,931,Aug30_1/84-20190824171430-snapshot.jpg
3,1,20190824,171500,85,2,692,292,752,372,Aug30_1/84-20190824171500-snapshot.jpg
3,1,20190824,171600,86,2,1713,227,1772,306,Aug30_1/84-20190824171600-snapshot.jpg
3,1,20190824,171630,81,2,610,891,703,951,Aug30_1/84-20190824171630-snapshot.jpg
3,1,20190824,171900,82,2,1734,89,1816,156,Aug30_1/84-20190824171900-snapshot.jpg
3,1,20190824,171900,84,2,455,371,547,426,Aug30_1/84-20190824171900-snapshot.jpg
3,1,20190824,171900,88,4,830,560,916,643,Aug30_1/84-20190824171900-snapshot.jpg
3,1,20190824,171930,76,2,684,749,766,805,Aug30_1/84-20190824171930-snapshot.jpg
3,1,20190824,172130,85,2,283,250,346,318,Aug30_1/84-20190824172130-snapshot.jpg
3,1,20190824,172330,83,2,784,997,863,1072,Aug30_1/84-20190824172330-snapshot.jpg
3,1,20190824,172330,84,2,686,390,745,448,Aug30_1/84-20190824172330-snapshot.jpg
3,1,20190824,172500,43,2,89,123,183,178,Aug30_1/84-20190824172500-snapshot.jpg
3,1,20190824,172530,84,2,557,546,607,619,Aug30_1/84-20190824172530-snapshot.jpg
3,1,20190824,172630,87,2,627,95,698,177,Aug30_1/84-20190824172630-snapshot.jpg
3,1,20190824,172700,75,2,411,956,467,1024,Aug30_1/84-20190824172700-snapshot.jpg
3,1,20190824,172700,76,2,0,387,47,435,Aug30_1/84-20190824172700-snapshot.jpg
3,1,20190824,172900,77,2,70,130,136,205,Aug30_1/84-20190824172900-snapshot.jpg
3,1,20190824,172900,82,2,728,437,806,486,Aug30_1/84-20190824172900-snapshot.jpg
3,1,20190824,173100,81,7,771,499,936,776,Aug30_1/84-20190824173100-snapshot.jpg
3,1,20190824,173100,81,2,309,393,367,472,Aug30_1/84-20190824173100-snapshot.jpg
3,1,20190824,173230,81,4,0,237,92,321,Aug30_1/84-20190824173230-snapshot.jpg
3,1,20190824,173230,84,8,1515,158,1605,227,Aug30_1/84-20190824173230-snapshot.jpg
3,1,20190824,173230,85,4,825,640,884,716,Aug30_1/84-20190824173230-snapshot.jpg
3,1,20190824,173300,79,2,534,371,615,427,Aug30_1/84-20190824173300-snapshot.jpg
3,1,20190824,173500,81,2,939,819,998,875,Aug30_1/84-20190824173500-snapshot.jpg
3,1,20190824,173530,88,2,1763,136,1825,220,Aug30_1/84-20190824173530-snapshot.jpg
3,1,20190824,173600,66,2,680,887,749,960,Aug30_1/84-20190824173600-snapshot.jpg
3,1,20190824,173600,82,2,705,291,782,363,Aug30_1/84-20190824173600-snapshot.jpg
3,1,20190824,174000,80,2,782,1015,862,1080,Aug30_1/84-20190824174000-snapshot.jpg
3,1,20190824,174100,87,2,23,266,106,345,Aug30_1/84-20190824174100-snapshot.jpg
3,1,20190824,174130,85,2,903,853,962,928,Aug30_1/84-20190824174130-snapshot.jpg
3,1,20190824,174130,86,2,737,732,817,802,Aug30_1/84-20190824174130-snapshot.jpg
3,1,20190824,174700,86,2,779,782,875,833,Aug30_1/84-20190824174700-snapshot.jpg
3,1,20190824,174730,74,2,375,980,448,1061,Aug30_1/84-20190824174730-snapshot.jpg
3,1,20190824,174730,86,2,1706,118,1803,171,Aug30_1/84-20190824174730-snapshot.jpg
3,1,20190824,174830,88,4,766,646,831,735,Aug30_1/84-20190824174830-snapshot.jpg
3,1,20190824,174900,85,2,1718,23,1801,100,Aug30_1/84-20190824174900-snapshot.jpg
3,1,20190824,174900,85,4,641,746,709,827,Aug30_1/84-20190824174900-snapshot.jpg
3,1,20190824,175000,86,2,611,888,703,942,Aug30_1/84-20190824175000-snapshot.jpg
3,1,20190824,175100,82,2,676,852,758,909,Aug30_1/84-20190824175100-snapshot.jpg
3,1,20190824,175200,66,2,640,667,694,744,Aug30_1/84-20190824175200-snapshot.jpg
3,1,20190824,175330,83,2,1285,92,1374,147,Aug30_1/84-20190824175330-snapshot.jpg
3,1,20190824,175400,77,2,1887,184,1920,261,Aug30_1/84-20190824175400-snapshot.jpg
3,1,20190824,175430,74,2,81,143,150,221,Aug30_1/84-20190824175430-snapshot.jpg
3,1,20190824,175500,83,2,440,324,518,393,Aug30_1/84-20190824175500-snapshot.jpg
3,1,20190824,175530,87,2,613,402,696,461,Aug30_1/84-20190824175530-snapshot.jpg
3,1,20190824,175600,79,2,652,757,726,810,Aug30_1/84-20190824175600-snapshot.jpg
3,1,20190824,175630,86,2,43,328,134,389,Aug30_1/84-20190824175630-snapshot.jpg
3,1,20190824,175630,86,2,1321,581,1410,632,Aug30_1/84-20190824175630-snapshot.jpg
3,1,20190824,175700,86,2,1752,10,1807,94,Aug30_1/84-20190824175700-snapshot.jpg
3,1,20190824,175830,88,2,710,527,764,616,Aug30_1/84-20190824175830-snapshot.jpg
3,1,20190824,180030,61,2,1813,2,1887,48,Aug30_1/84-20190824180030-snapshot.jpg
3,1,20190824,180130,85,2,859,859,941,913,Aug30_1/84-20190824180130-snapshot.jpg
3,1,20190824,180200,89,3,1782,109,1873,195,Aug30_1/84-20190824180200-snapshot.jpg
3,1,20190824,180230,80,3,638,608,716,688,Aug30_1/84-20190824180230-snapshot.jpg
3,1,20190824,180230,86,2,645,89,724,157,Aug30_1/84-20190824180230-snapshot.jpg
3,1,20190824,180630,55,2,708,300,780,362,Aug30_1/84-20190824180630-snapshot.jpg
3,1,20190824,180630,78,2,515,294,597,353,Aug30_1/84-20190824180630-snapshot.jpg
3,1,20190824,180700,86,2,650,702,702,769,Aug30_1/84-20190824180700-snapshot.jpg
3,1,20190824,181030,79,2,0,386,64,450,Aug30_1/84-20190824181030-snapshot.jpg
3,1,20190824,181100,83,2,56,185,135,260,Aug30_1/84-20190824181100-snapshot.jpg
3,1,20190824,181100,84,2,1810,173,1889,244,Aug30_1/84-20190824181100-snapshot.jpg
3,1,20190824,181130,81,2,1689,726,1756,787,Aug30_1/84-20190824181130-snapshot.jpg
3,1,20190824,181130,85,2,1310,87,1385,168,Aug30_1/84-20190824181130-snapshot.jpg
3,1,20190824,181200,74,2,1566,878,1636,931,Aug30_1/84-20190824181200-snapshot.jpg
3,1,20190824,181230,59,2,133,152,193,213,Aug30_1/84-20190824181230-snapshot.jpg
3,1,20190824,181230,83,2,1760,25,1839,87,Aug30_1/84-20190824181230-snapshot.jpg
3,1,20190824,181600,86,2,617,334,694,390,Aug30_1/84-20190824181600-snapshot.jpg
3,1,20190824,181630,72,2,0,335,44,410,Aug30_1/84-20190824181630-snapshot.jpg
3,1,20190824,181800,84,2,1405,251,1467,325,Aug30_1/84-20190824181800-snapshot.jpg
3,1,20190824,181830,69,2,1873,155,1920,225,Aug30_1/84-20190824181830-snapshot.jpg
3,1,20190824,181830,78,2,1700,718,1757,788,Aug30_1/84-20190824181830-snapshot.jpg
3,1,20190824,181900,86,2,810,525,880,603,Aug30_1/84-20190824181900-snapshot.jpg
3,1,20190824,181930,84,2,391,415,440,484,Aug30_1/84-20190824181930-snapshot.jpg
3,1,20190824,181930,86,3,524,321,618,382,Aug30_1/84-20190824181930-snapshot.jpg
3,1,20190824,182000,87,4,670,889,767,948,Aug30_1/84-20190824182000-snapshot.jpg
3,1,20190824,182100,71,2,97,161,191,210,Aug30_1/84-20190824182100-snapshot.jpg
3,1,20190824,182200,80,2,966,622,1020,673,Aug30_1/84-20190824182200-snapshot.jpg
3,1,20190824,182230,69,2,230,887,295,948,Aug30_1/84-20190824182230-snapshot.jpg
3,1,20190824,182300,84,2,789,856,867,920,Aug30_1/84-20190824182300-snapshot.jpg
3,1,20190824,182500,85,2,671,886,752,947,Aug30_1/84-20190824182500-snapshot.jpg
3,1,20190824,182530,84,2,121,401,207,458,Aug30_1/84-20190824182530-snapshot.jpg
3,1,20190824,182600,83,2,0,392,64,461,Aug30_1/84-20190824182600-snapshot.jpg
3,1,20190824,182700,74,2,478,105,561,190,Aug30_1/84-20190824182700-snapshot.jpg
3,1,20190824,182700,77,2,670,664,724,751,Aug30_1/84-20190824182700-snapshot.jpg
3,1,20190824,182730,76,2,0,354,42,419,Aug30_1/84-20190824182730-snapshot.jpg
3,1,20190824,182900,84,2,1411,275,1500,335,Aug30_1/84-20190824182900-snapshot.jpg
3,1,20190824,182900,87,3,778,544,883,621,Aug30_1/84-20190824182900-snapshot.jpg
3,1,20190824,183030,83,2,1819,225,1901,302,Aug30_1/84-20190824183030-snapshot.jpg
3,1,20190824,183100,79,2,530,544,600,598,Aug30_1/84-20190824183100-snapshot.jpg
3,1,20190824,183130,84,2,1665,810,1747,874,Aug30_1/84-20190824183130-snapshot.jpg
3,1,20190824,183200,68,2,798,853,882,918,Aug30_1/84-20190824183200-snapshot.jpg
3,1,20190824,183300,74,2,283,928,347,996,Aug30_1/84-20190824183300-snapshot.jpg
3,1,20190824,183330,69,2,1729,1,1798,43,Aug30_1/84-20190824183330-snapshot.jpg
3,1,20190824,183600,87,2,509,544,606,597,Aug30_1/84-20190824183600-snapshot.jpg
3,1,20190824,183730,85,2,1649,351,1740,411,Aug30_1/84-20190824183730-snapshot.jpg
3,1,20190824,184030,79,2,0,333,44,412,Aug30_1/84-20190824184030-snapshot.jpg
3,1,20190824,184400,83,2,505,550,584,607,Aug30_1/84-20190824184400-snapshot.jpg
3,1,20190824,184430,81,2,890,849,954,921,Aug30_1/84-20190824184430-snapshot.jpg
3,1,20190824,184600,80,2,1424,262,1506,321,Aug30_1/84-20190824184600-snapshot.jpg
3,1,20190824,184930,76,2,104,152,183,196,Aug30_1/84-20190824184930-snapshot.jpg
3,1,20190824,184930,84,2,613,806,692,868,Aug30_1/84-20190824184930-snapshot.jpg
3,1,20190824,185000,89,2,778,707,864,784,Aug30_1/84-20190824185000-snapshot.jpg
3,1,20190824,185100,72,2,588,808,665,853,Aug30_1/84-20190824185100-snapshot.jpg
3,1,20190824,185200,83,2,1331,638,1421,722,Aug30_1/84-20190824185200-snapshot.jpg
3,1,20190824,185230,85,2,256,199,342,262,Aug30_1/84-20190824185230-snapshot.jpg
3,1,20190824,185300,83,2,669,726,742,801,Aug30_1/84-20190824185300-snapshot.jpg
3,1,20190824,185530,87,2,808,625,858,712,Aug30_1/84-20190824185530-snapshot.jpg
3,1,20190824,185600,61,2,633,900,724,982,Aug30_1/84-20190824185600-snapshot.jpg
3,1,20190824,185600,85,2,650,706,708,786,Aug30_1/84-20190824185600-snapshot.jpg
3,1,20190824,185700,78,8,624,370,688,447,Aug30_1/84-20190824185700-snapshot.jpg
3,1,20190824,185830,86,2,618,726,701,783,Aug30_1/84-20190824185830-snapshot.jpg
3,1,20190824,185930,83,2,563,878,647,930,Aug30_1/84-20190824185930-snapshot.jpg
3,1,20190824,190000,84,2,1791,155,1857,227,Aug30_1/84-20190824190000-snapshot.jpg
3,1,20190824,190100,83,2,1674,176,1772,264,Aug30_1/84-20190824190100-snapshot.jpg
3,1,20190824,190130,81,2,548,251,607,316,Aug30_1/84-20190824190130-snapshot.jpg
3,1,20190824,190230,86,2,1670,333,1756,381,Aug30_1/84-20190824190230-snapshot.jpg
3,1,20190824,190300,87,2,725,420,785,490,Aug30_1/84-20190824190300-snapshot.jpg
3,1,20190824,190330,84,2,1723,209,1783,287,Aug30_1/84-20190824190330-snapshot.jpg
3,1,20190824,190400,85,2,606,343,661,414,Aug30_1/84-20190824190400-snapshot.jpg
3,1,20190824,190630,73,2,389,962,448,1029,Aug30_1/84-20190824190630-snapshot.jpg
3,1,20190824,190730,87,2,766,765,851,842,Aug30_1/84-20190824190730-snapshot.jpg
3,1,20190824,191100,73,2,1813,157,1873,220,Aug30_1/84-20190824191100-snapshot.jpg
3,1,20190824,191300,85,2,827,629,882,712,Aug30_1/84-20190824191300-snapshot.jpg
3,1,20190824,191400,88,3,445,308,529,376,Aug30_1/84-20190824191400-snapshot.jpg
3,1,20190824,191830,82,2,139,136,195,207,Aug30_1/84-20190824191830-snapshot.jpg
3,1,20190824,191930,86,2,796,854,892,907,Aug30_1/84-20190824191930-snapshot.jpg
3,1,20190824,192000,89,3,602,612,700,695,Aug30_1/84-20190824192000-snapshot.jpg
3,1,20190824,193400,46,2,189,11,277,85,Aug30_1/84-20190824193400-snapshot.jpg
3,1,20190824,193430,85,2,627,812,691,891,Aug30_1/84-20190824193430-snapshot.jpg
3,1,20190824,193530,70,2,596,888,657,962,Aug30_1/84-20190824193530-snapshot.jpg
3,1,20190824,193700,84,2,231,243,291,319,Aug30_1/84-20190824193700-snapshot.jpg
3,1,20190824,193730,88,2,626,618,714,685,Aug30_1/84-20190824193730-snapshot.jpg
3,1,20190824,193930,86,2,842,561,903,642,Aug30_1/84-20190824193930-snapshot.jpg
3,1,20190824,194000,86,2,497,637,585,709,Aug30_1/84-20190824194000-snapshot.jpg
3,1,20190824,194230,80,2,373,972,432,1047,Aug30_1/84-20190824194230-snapshot.jpg
3,1,20190824,194230,87,2,1763,114,1847,175,Aug30_1/84-20190824194230-snapshot.jpg
3,1,20190824,194330,86,2,1713,247,1771,315,Aug30_1/84-20190824194330-snapshot.jpg
3,1,20190824,194430,78,2,759,1035,844,1080,Aug30_1/84-20190824194430-snapshot.jpg
3,1,20190824,194500,86,2,649,640,704,715,Aug30_1/84-20190824194500-snapshot.jpg
3,1,20190824,194800,86,2,918,813,1003,866,Aug30_1/84-20190824194800-snapshot.jpg
3,1,20190824,194830,85,2,560,330,611,401,Aug30_1/84-20190824194830-snapshot.jpg
3,1,20190824,194930,85,2,469,370,553,424,Aug30_1/84-20190824194930-snapshot.jpg
3,1,20190824,195200,78,2,951,604,1016,663,Aug30_1/84-20190824195200-snapshot.jpg
3,1,20190824,195430,48,8,1207,616,1274,686,Aug30_1/84-20190824195430-snapshot.jpg
3,1,20190824,202630,85,2,598,772,677,838,Aug30_1/87-20190824202630-snapshot.jpg
3,1,20190824,202700,85,2,1308,85,1384,154,Aug30_1/87-20190824202700-snapshot.jpg
3,1,20190824,203030,74,1,197,1000,235,1032,Aug30_1/87-20190824203030-snapshot.jpg
3,1,20190824,203100,78,1,17,778,58,817,Aug30_1/87-20190824203100-snapshot.jpg
3,1,20190824,203130,74,1,21,457,62,490,Aug30_1/87-20190824203130-snapshot.jpg
3,1,20190825,054930,33,1,1414,880,1462,922,Aug30_1/97-20190825054930-snapshot.jpg
