4,0,20190708,102230,82,5,717,40,769,100,Jul15_0/01-20190708102230-snapshot.jpg
4,0,20190708,102400,79,5,574,98,630,163,Jul15_0/01-20190708102400-snapshot.jpg
4,0,20190708,102430,79,5,1178,369,1231,420,Jul15_0/01-20190708102430-snapshot.jpg
4,0,20190708,102700,44,6,1494,141,1544,194,Jul15_0/01-20190708102700-snapshot.jpg
4,0,20190708,102800,57,6,1454,210,1528,252,Jul15_0/01-20190708102800-snapshot.jpg
4,0,20190708,102900,79,5,1198,453,1244,509,Jul15_0/01-20190708102900-snapshot.jpg
4,0,20190708,103030,79,5,769,41,822,92,Jul15_0/01-20190708103030-snapshot.jpg
4,0,20190708,103100,80,5,1258,24,1300,73,Jul15_0/01-20190708103100-snapshot.jpg
4,0,20190708,103900,51,5,286,729,331,768,Jul15_0/01-20190708103900-snapshot.jpg
4,0,20190708,104430,75,6,715,658,793,707,Jul15_0/01-20190708104430-snapshot.jpg
4,0,20190708,104500,74,6,436,520,490,577,Jul15_0/01-20190708104500-snapshot.jpg
4,0,20190708,104530,87,6,257,149,340,218,Jul15_0/01-20190708104530-snapshot.jpg
4,0,20190708,105700,32,8,789,489,865,538,Jul15_0/01-20190708105700-snapshot.jpg
4,0,20190708,105830,54,5,20,684,68,733,Jul15_0/01-20190708105830-snapshot.jpg
4,0,20190708,105930,57,5,574,282,624,340,Jul15_0/01-20190708105930-snapshot.jpg
4,0,20190708,110100,77,5,628,221,672,273,Jul15_0/01-20190708110100-snapshot.jpg
4,0,20190708,110130,71,5,1300,62,1351,91,Jul15_0/01-20190708110130-snapshot.jpg
4,0,20190708,110200,42,5,1603,295,1652,351,Jul15_0/01-20190708110200-snapshot.jpg
4,0,20190708,110830,74,2,312,734,390,786,Jul15_0/01-20190708110830-snapshot.jpg
4,0,20190708,111000,65,1,0,915,29,952,Jul15_0/01-20190708111000-snapshot.jpg
4,0,20190708,111230,87,3,1761,333,1858,396,Jul15_0/01-20190708111230-snapshot.jpg
4,0,20190708,111630,81,1,1473,99,1516,141,Jul15_0/01-20190708111630-snapshot.jpg
4,0,20190708,111700,83,1,1479,138,1523,180,Jul15_0/01-20190708111700-snapshot.jpg
4,0,20190708,111830,86,1,1652,731,1693,767,Jul15_0/01-20190708111830-snapshot.jpg
4,0,20190708,111900,27,6,258,648,319,703,Jul15_0/01-20190708111900-snapshot.jpg
4,0,20190708,112400,36,5,145,51,214,94,Jul15_0/01-20190708112400-snapshot.jpg
4,0,20190708,112830,53,5,522,196,575,231,Jul15_0/01-20190708112830-snapshot.jpg
4,0,20190708,114000,78,5,588,292,643,349,Jul15_0/01-20190708114000-snapshot.jpg
4,0,20190708,114030,79,5,626,151,682,192,Jul15_0/01-20190708114030-snapshot.jpg
4,0,20190708,114130,84,5,203,217,260,282,Jul15_0/01-20190708114130-snapshot.jpg
4,0,20190708,114300,55,5,622,280,676,328,Jul15_0/01-20190708114300-snapshot.jpg
4,0,20190708,114430,73,1,1440,379,1478,413,Jul15_0/01-20190708114430-snapshot.jpg
4,0,20190708,114500,46,1,1440,379,1477,413,Jul15_0/01-20190708114500-snapshot.jpg
4,0,20190708,114630,82,6,772,587,827,648,Jul15_0/01-20190708114630-snapshot.jpg
4,0,20190708,114730,25,5,326,507,377,547,Jul15_0/01-20190708114730-snapshot.jpg
4,0,20190708,115400,73,6,36,551,109,617,Jul15_0/01-20190708115400-snapshot.jpg
4,0,20190708,115600,60,5,1585,310,1632,354,Jul15_0/01-20190708115600-snapshot.jpg
4,0,20190708,115830,77,6,819,594,876,654,Jul15_0/01-20190708115830-snapshot.jpg
4,0,20190708,115900,42,5,1115,408,1163,444,Jul15_0/01-20190708115900-snapshot.jpg
4,0,20190708,115900,74,6,1035,573,1081,629,Jul15_0/01-20190708115900-snapshot.jpg
4,0,20190708,115900,88,6,199,142,286,208,Jul15_0/01-20190708115900-snapshot.jpg
4,0,20190708,120100,55,5,1021,397,1063,437,Jul15_0/01-20190708120100-snapshot.jpg
4,0,20190708,120130,70,5,69,895,119,924,Jul15_0/01-20190708120130-snapshot.jpg
4,0,20190708,120400,48,5,964,603,1018,638,Jul15_0/01-20190708120400-snapshot.jpg
4,0,20190708,120400,65,5,636,260,685,297,Jul15_0/01-20190708120400-snapshot.jpg
4,0,20190708,120400,79,5,228,350,287,406,Jul15_0/01-20190708120400-snapshot.jpg
4,0,20190708,120530,74,5,1303,458,1351,502,Jul15_0/01-20190708120530-snapshot.jpg
4,0,20190708,120730,52,5,943,1000,982,1040,Jul15_0/01-20190708120730-snapshot.jpg
4,0,20190708,120800,75,5,914,634,954,678,Jul15_0/01-20190708120800-snapshot.jpg
4,0,20190708,120830,73,5,1028,483,1073,529,Jul15_0/01-20190708120830-snapshot.jpg
4,0,20190708,121000,69,5,1526,264,1570,305,Jul15_0/01-20190708121000-snapshot.jpg
4,0,20190708,121030,49,5,1766,428,1808,464,Jul15_0/01-20190708121030-snapshot.jpg
4,0,20190708,121100,80,6,1450,416,1496,477,Jul15_0/01-20190708121100-snapshot.jpg
4,0,20190708,121130,71,6,1606,591,1680,639,Jul15_0/01-20190708121130-snapshot.jpg
4,0,20190708,121500,62,6,1691,5,1734,55,Jul15_0/01-20190708121500-snapshot.jpg
4,0,20190708,121530,46,6,352,686,406,746,Jul15_0/01-20190708121530-snapshot.jpg
4,0,20190708,121600,56,6,1247,47,1306,80,Jul15_0/01-20190708121600-snapshot.jpg
4,0,20190708,121730,67,6,1080,332,1138,373,Jul15_0/01-20190708121730-snapshot.jpg
4,0,20190708,121800,63,6,1254,740,1308,798,Jul15_0/01-20190708121800-snapshot.jpg
4,0,20190708,121900,73,6,672,987,725,1025,Jul15_0/01-20190708121900-snapshot.jpg
4,0,20190708,121930,67,6,1829,780,1891,842,Jul15_0/01-20190708121930-snapshot.jpg
4,0,20190708,121930,70,6,917,1002,981,1041,Jul15_0/01-20190708121930-snapshot.jpg
4,0,20190708,122000,71,6,1160,738,1219,803,Jul15_0/01-20190708122000-snapshot.jpg
4,0,20190708,122000,79,6,19,734,98,796,Jul15_0/01-20190708122000-snapshot.jpg
4,0,20190708,122030,72,6,2,689,82,747,Jul15_0/01-20190708122030-snapshot.jpg
4,0,20190708,122030,79,6,1171,682,1216,738,Jul15_0/01-20190708122030-snapshot.jpg
4,0,20190708,122100,41,6,1267,735,1334,780,Jul15_0/01-20190708122100-snapshot.jpg
4,0,20190708,122200,59,6,1796,612,1886,669,Jul15_0/01-20190708122200-snapshot.jpg
4,0,20190708,122230,81,6,1247,731,1316,792,Jul15_0/01-20190708122230-snapshot.jpg
4,0,20190708,122330,39,8,792,485,864,538,Jul15_0/01-20190708122330-snapshot.jpg
4,0,20190708,122530,74,6,32,710,96,772,Jul15_0/01-20190708122530-snapshot.jpg
4,0,20190708,122600,76,6,103,712,187,776,Jul15_0/01-20190708122600-snapshot.jpg
4,0,20190708,122630,59,6,409,471,463,534,Jul15_0/01-20190708122630-snapshot.jpg
4,0,20190708,122630,69,6,336,701,386,765,Jul15_0/01-20190708122630-snapshot.jpg
4,0,20190708,122800,46,5,1361,172,1403,219,Jul15_0/01-20190708122800-snapshot.jpg
4,0,20190708,122800,61,5,644,877,694,907,Jul15_0/01-20190708122800-snapshot.jpg
4,0,20190708,122830,82,6,68,143,149,211,Jul15_0/01-20190708122830-snapshot.jpg
4,0,20190708,122900,59,5,1553,310,1610,350,Jul15_0/01-20190708122900-snapshot.jpg
4,0,20190708,122900,80,6,598,271,677,338,Jul15_0/01-20190708122900-snapshot.jpg
4,0,20190708,122930,64,5,1590,242,1632,280,Jul15_0/01-20190708122930-snapshot.jpg
4,0,20190708,123000,61,6,1085,605,1139,665,Jul15_0/01-20190708123000-snapshot.jpg
4,0,20190708,123100,42,5,1437,1035,1486,1068,Jul15_0/01-20190708123100-snapshot.jpg
4,0,20190708,123230,39,6,1750,1039,1822,1080,Jul15_0/01-20190708123230-snapshot.jpg
4,0,20190708,123300,83,3,1699,146,1762,209,Jul15_0/01-20190708123300-snapshot.jpg
4,0,20190708,123500,84,5,531,306,603,376,Jul15_0/01-20190708123500-snapshot.jpg
4,0,20190708,123530,69,5,867,789,919,837,Jul15_0/01-20190708123530-snapshot.jpg
4,0,20190708,123700,82,5,554,867,614,940,Jul15_0/01-20190708123700-snapshot.jpg
4,0,20190708,123830,73,5,1765,830,1814,886,Jul15_0/01-20190708123830-snapshot.jpg
4,0,20190708,123830,88,6,521,340,602,408,Jul15_0/01-20190708123830-snapshot.jpg
4,0,20190708,123900,74,5,1296,533,1345,580,Jul15_0/01-20190708123900-snapshot.jpg
4,0,20190708,123900,85,6,469,320,548,381,Jul15_0/01-20190708123900-snapshot.jpg
4,0,20190708,123930,32,6,381,181,462,244,Jul15_0/01-20190708123930-snapshot.jpg
4,0,20190708,123930,64,5,1067,658,1116,695,Jul15_0/01-20190708123930-snapshot.jpg
4,0,20190708,124000,42,8,730,291,777,352,Jul15_0/01-20190708124000-snapshot.jpg
4,0,20190708,124330,87,3,1597,332,1677,402,Jul15_0/01-20190708124330-snapshot.jpg
4,0,20190708,124730,70,6,440,344,517,404,Jul15_0/01-20190708124730-snapshot.jpg
4,0,20190708,125200,74,6,752,710,810,773,Jul15_0/01-20190708125200-snapshot.jpg
4,0,20190708,125600,73,6,218,0,298,49,Jul15_0/01-20190708125600-snapshot.jpg
4,0,20190708,125700,86,6,173,135,263,203,Jul15_0/01-20190708125700-snapshot.jpg
4,0,20190708,125730,86,6,110,136,190,194,Jul15_0/01-20190708125730-snapshot.jpg
4,0,20190708,125800,82,2,1287,489,1370,560,Jul15_0/01-20190708125800-snapshot.jpg
4,0,20190708,125800,86,6,176,13,269,69,Jul15_0/01-20190708125800-snapshot.jpg
4,0,20190708,125900,40,5,1040,468,1093,507,Jul15_0/01-20190708125900-snapshot.jpg
4,0,20190708,130030,70,6,727,418,775,471,Jul15_0/01-20190708130030-snapshot.jpg
4,0,20190708,130600,51,6,964,52,1046,102,Jul15_0/01-20190708130600-snapshot.jpg
4,0,20190708,131130,82,6,355,15,440,75,Jul15_0/01-20190708131130-snapshot.jpg
4,0,20190708,131930,54,6,226,986,285,1049,Jul15_0/01-20190708131930-snapshot.jpg
4,0,20190708,132200,81,6,675,464,732,530,Jul15_0/01-20190708132200-snapshot.jpg
4,0,20190708,132230,84,6,685,539,744,610,Jul15_0/01-20190708132230-snapshot.jpg
4,0,20190708,132500,65,6,1277,61,1331,103,Jul15_0/01-20190708132500-snapshot.jpg
4,0,20190708,132530,81,6,1307,69,1362,131,Jul15_0/01-20190708132530-snapshot.jpg
4,0,20190708,132600,70,6,1305,126,1387,183,Jul15_0/01-20190708132600-snapshot.jpg
4,0,20190708,132700,73,6,1285,188,1355,239,Jul15_0/01-20190708132700-snapshot.jpg
4,0,20190708,132830,79,6,1870,946,1919,1013,Jul15_0/01-20190708132830-snapshot.jpg
4,0,20190708,132900,75,6,1,719,74,775,Jul15_0/01-20190708132900-snapshot.jpg
4,0,20190708,133300,75,6,592,241,657,282,Jul15_0/01-20190708133300-snapshot.jpg
4,0,20190708,133330,84,6,484,240,563,308,Jul15_0/01-20190708133330-snapshot.jpg
4,0,20190708,133500,77,6,1857,464,1920,525,Jul15_0/01-20190708133500-snapshot.jpg
4,0,20190708,133630,37,6,1571,999,1637,1036,Jul15_0/01-20190708133630-snapshot.jpg
4,0,20190708,133630,47,6,693,1028,738,1075,Jul15_0/01-20190708133630-snapshot.jpg
4,0,20190708,133730,83,8,577,536,661,580,Jul15_0/01-20190708133730-snapshot.jpg
4,0,20190708,134100,66,6,349,68,431,131,Jul15_0/01-20190708134100-snapshot.jpg
4,0,20190708,135430,76,5,1586,982,1645,1015,Jul15_0/01-20190708135430-snapshot.jpg
4,0,20190708,135630,27,5,624,628,670,661,Jul15_0/01-20190708135630-snapshot.jpg
4,0,20190708,135800,40,5,1718,133,1752,178,Jul15_0/01-20190708135800-snapshot.jpg
4,0,20190708,144130,40,6,304,228,390,288,Jul15_0/02-20190708144130-snapshot.jpg
4,0,20190708,144200,26,6,303,229,390,288,Jul15_0/02-20190708144200-snapshot.jpg
4,0,20190708,144300,35,6,303,228,389,288,Jul15_0/02-20190708144300-snapshot.jpg
4,0,20190708,144430,31,6,303,228,391,289,Jul15_0/02-20190708144430-snapshot.jpg
4,0,20190708,144730,46,6,304,228,388,288,Jul15_0/02-20190708144730-snapshot.jpg
4,0,20190708,145200,35,6,303,229,386,286,Jul15_0/02-20190708145200-snapshot.jpg
4,0,20190708,145330,40,6,301,228,387,287,Jul15_0/02-20190708145330-snapshot.jpg
4,0,20190708,145630,47,6,297,227,387,290,Jul15_0/02-20190708145630-snapshot.jpg
4,0,20190708,145730,27,6,300,229,387,289,Jul15_0/02-20190708145730-snapshot.jpg
4,0,20190708,145800,52,6,298,229,386,290,Jul15_0/02-20190708145800-snapshot.jpg
4,0,20190708,145830,55,8,307,233,386,285,Jul15_0/02-20190708145830-snapshot.jpg
4,0,20190708,150000,43,6,301,230,385,287,Jul15_0/02-20190708150000-snapshot.jpg
4,0,20190708,150130,61,6,300,230,385,290,Jul15_0/02-20190708150130-snapshot.jpg
4,0,20190708,151900,37,6,300,229,385,289,Jul15_0/02-20190708151900-snapshot.jpg
4,0,20190708,153230,58,6,295,228,384,291,Jul15_0/02-20190708153230-snapshot.jpg
4,0,20190708,153630,36,6,296,229,383,289,Jul15_0/02-20190708153630-snapshot.jpg
4,0,20190708,154030,66,4,1374,789,1455,852,Jul15_0/02-20190708154030-snapshot.jpg
4,0,20190708,154100,31,6,295,229,383,291,Jul15_0/02-20190708154100-snapshot.jpg
4,0,20190708,154900,38,6,296,229,383,291,Jul15_0/02-20190708154900-snapshot.jpg
4,0,20190708,155500,85,8,345,779,400,854,Jul15_0/02-20190708155500-snapshot.jpg
4,0,20190708,160100,82,1,1359,513,1401,554,Jul15_0/02-20190708160100-snapshot.jpg
4,0,20190708,163130,37,6,301,233,383,290,Jul15_0/05-20190708163130-snapshot.jpg
4,0,20190708,163430,33,6,295,229,383,293,Jul15_0/05-20190708163430-snapshot.jpg
4,0,20190708,165330,48,6,295,231,383,293,Jul15_0/08-20190708165330-snapshot.jpg
4,0,20190714,082830,33,1,601,824,644,863,Jul15_0/124-20190714082830-snapshot.jpg
4,0,20190714,104100,87,3,1843,261,1919,335,Jul15_0/145-20190714104100-snapshot.jpg
4,0,20190714,115000,84,3,1078,719,1157,794,Jul15_0/146-20190714115000-snapshot.jpg
4,0,20190714,115030,86,3,1839,356,1919,431,Jul15_0/146-20190714115030-snapshot.jpg
4,0,20190714,115530,52,6,316,644,388,704,Jul15_0/146-20190714115530-snapshot.jpg
4,0,20190714,120030,86,2,205,134,290,202,Jul15_0/146-20190714120030-snapshot.jpg
4,0,20190714,120630,84,6,425,413,514,480,Jul15_0/146-20190714120630-snapshot.jpg
4,0,20190714,120800,62,2,1860,327,1920,386,Jul15_0/146-20190714120800-snapshot.jpg
4,0,20190714,121030,79,1,1259,758,1298,794,Jul15_0/146-20190714121030-snapshot.jpg
4,0,20190714,121100,83,1,1403,596,1446,634,Jul15_0/146-20190714121100-snapshot.jpg
4,0,20190714,121130,84,1,1145,602,1190,644,Jul15_0/146-20190714121130-snapshot.jpg
4,0,20190714,121230,87,1,692,446,741,487,Jul15_0/146-20190714121230-snapshot.jpg
4,0,20190714,121330,73,1,570,161,613,203,Jul15_0/146-20190714121330-snapshot.jpg
4,0,20190714,121430,55,2,1847,288,1907,360,Jul15_0/146-20190714121430-snapshot.jpg
4,0,20190714,121600,85,1,595,941,639,984,Jul15_0/146-20190714121600-snapshot.jpg
4,0,20190714,121630,87,1,510,811,553,859,Jul15_0/146-20190714121630-snapshot.jpg
4,0,20190714,121730,82,1,218,778,263,820,Jul15_0/146-20190714121730-snapshot.jpg
4,0,20190714,121800,82,1,181,808,226,845,Jul15_0/146-20190714121800-snapshot.jpg
4,0,20190714,123030,50,6,602,394,663,455,Jul15_0/146-20190714123030-snapshot.jpg
4,0,20190714,123700,74,3,1879,309,1920,374,Jul15_0/146-20190714123700-snapshot.jpg
4,0,20190714,124000,79,2,874,455,942,521,Jul15_0/146-20190714124000-snapshot.jpg
4,0,20190714,124130,25,2,1870,305,1919,379,Jul15_0/146-20190714124130-snapshot.jpg
4,0,20190714,125630,82,3,1064,709,1147,760,Jul15_0/146-20190714125630-snapshot.jpg
4,0,20190714,125730,76,2,1325,131,1392,177,Jul15_0/146-20190714125730-snapshot.jpg
4,0,20190714,130030,72,5,734,57,788,104,Jul15_0/146-20190714130030-snapshot.jpg
4,0,20190714,130130,84,2,248,257,316,338,Jul15_0/146-20190714130130-snapshot.jpg
4,0,20190714,130630,87,3,1834,350,1918,423,Jul15_0/146-20190714130630-snapshot.jpg
4,0,20190714,131600,59,5,1566,269,1609,321,Jul15_0/146-20190714131600-snapshot.jpg
4,0,20190714,131900,81,2,1824,323,1881,400,Jul15_0/146-20190714131900-snapshot.jpg
4,0,20190714,132030,83,5,20,67,79,129,Jul15_0/146-20190714132030-snapshot.jpg
4,0,20190714,132630,85,1,1758,100,1800,138,Jul15_0/146-20190714132630-snapshot.jpg
4,0,20190714,132900,81,5,1332,645,1381,700,Jul15_0/146-20190714132900-snapshot.jpg
4,0,20190714,133630,89,8,671,294,733,388,Jul15_0/146-20190714133630-snapshot.jpg
4,0,20190714,134300,63,6,855,242,923,293,Jul15_0/146-20190714134300-snapshot.jpg
4,0,20190714,134530,67,6,466,404,553,471,Jul15_0/146-20190714134530-snapshot.jpg
4,0,20190714,134730,88,3,1426,104,1508,178,Jul15_0/146-20190714134730-snapshot.jpg
4,0,20190714,134930,61,5,24,612,77,663,Jul15_0/146-20190714134930-snapshot.jpg
4,0,20190714,135030,67,5,267,500,317,543,Jul15_0/146-20190714135030-snapshot.jpg
4,0,20190714,135130,59,5,414,542,465,582,Jul15_0/146-20190714135130-snapshot.jpg
4,0,20190714,135400,30,5,463,482,515,517,Jul15_0/146-20190714135400-snapshot.jpg
4,0,20190714,135500,67,6,1569,152,1619,209,Jul15_0/146-20190714135500-snapshot.jpg
4,0,20190714,135500,82,2,327,557,407,628,Jul15_0/146-20190714135500-snapshot.jpg
4,0,20190714,135630,78,6,225,766,310,823,Jul15_0/146-20190714135630-snapshot.jpg
4,0,20190714,140400,71,5,430,800,488,847,Jul15_0/146-20190714140400-snapshot.jpg
4,0,20190714,140500,72,5,777,425,833,465,Jul15_0/146-20190714140500-snapshot.jpg
4,0,20190714,142000,88,2,504,563,585,624,Jul15_0/146-20190714142000-snapshot.jpg
4,0,20190714,143000,84,3,1103,707,1173,767,Jul15_0/146-20190714143000-snapshot.jpg
4,0,20190714,143330,81,5,1284,203,1346,257,Jul15_0/146-20190714143330-snapshot.jpg
4,0,20190714,143430,84,5,1098,826,1185,885,Jul15_0/146-20190714143430-snapshot.jpg
4,0,20190714,144030,82,5,909,511,969,573,Jul15_0/146-20190714144030-snapshot.jpg
4,0,20190714,144330,29,5,63,986,115,1025,Jul15_0/146-20190714144330-snapshot.jpg
4,0,20190714,144430,88,3,1565,181,1643,247,Jul15_0/146-20190714144430-snapshot.jpg
4,0,20190714,145030,86,2,1517,460,1571,539,Jul15_0/146-20190714145030-snapshot.jpg
4,0,20190714,145130,83,5,1261,767,1342,822,Jul15_0/146-20190714145130-snapshot.jpg
4,0,20190714,145200,84,5,1065,659,1124,722,Jul15_0/146-20190714145200-snapshot.jpg
4,0,20190714,145230,79,5,513,556,568,610,Jul15_0/146-20190714145230-snapshot.jpg
4,0,20190714,145300,85,5,161,313,249,373,Jul15_0/146-20190714145300-snapshot.jpg
4,0,20190714,145500,69,2,9,232,92,295,Jul15_0/146-20190714145500-snapshot.jpg
4,0,20190714,145530,86,3,1086,765,1156,838,Jul15_0/146-20190714145530-snapshot.jpg
4,0,20190714,145630,49,5,619,596,670,651,Jul15_0/146-20190714145630-snapshot.jpg
4,0,20190714,145800,88,3,1810,344,1894,430,Jul15_0/146-20190714145800-snapshot.jpg
4,0,20190714,150230,83,3,1180,486,1258,544,Jul15_0/146-20190714150230-snapshot.jpg
4,0,20190714,150330,82,3,1864,347,1919,416,Jul15_0/146-20190714150330-snapshot.jpg
4,0,20190714,150430,78,6,61,344,152,405,Jul15_0/146-20190714150430-snapshot.jpg
4,0,20190714,150500,62,6,0,304,49,366,Jul15_0/146-20190714150500-snapshot.jpg
4,0,20190714,150500,86,2,1317,976,1379,1053,Jul15_0/146-20190714150500-snapshot.jpg
4,0,20190714,150800,79,5,23,574,79,630,Jul15_0/146-20190714150800-snapshot.jpg
4,0,20190714,151030,80,1,662,943,707,981,Jul15_0/146-20190714151030-snapshot.jpg
4,0,20190714,151200,81,2,1026,465,1086,534,Jul15_0/146-20190714151200-snapshot.jpg
4,0,20190714,151230,84,2,366,628,423,700,Jul15_0/146-20190714151230-snapshot.jpg
4,0,20190714,151500,81,2,1701,904,1778,979,Jul15_0/146-20190714151500-snapshot.jpg
4,0,20190714,152100,67,2,1,584,57,658,Jul15_0/146-20190714152100-snapshot.jpg
4,0,20190714,152130,72,2,93,268,175,338,Jul15_0/146-20190714152130-snapshot.jpg
4,0,20190714,152200,61,2,63,70,140,136,Jul15_0/146-20190714152200-snapshot.jpg
4,0,20190714,152230,82,2,347,193,434,267,Jul15_0/146-20190714152230-snapshot.jpg
4,0,20190714,152300,81,2,459,548,545,608,Jul15_0/146-20190714152300-snapshot.jpg
4,0,20190714,152330,31,2,294,367,370,430,Jul15_0/146-20190714152330-snapshot.jpg
4,0,20190714,152600,79,2,244,272,305,348,Jul15_0/146-20190714152600-snapshot.jpg
4,0,20190714,154800,87,3,1805,339,1890,423,Jul15_0/146-20190714154800-snapshot.jpg
4,0,20190714,155200,83,8,712,321,799,381,Jul15_0/146-20190714155200-snapshot.jpg
4,0,20190714,155430,75,6,669,55,732,96,Jul15_0/146-20190714155430-snapshot.jpg
4,0,20190714,155500,82,6,568,283,651,342,Jul15_0/146-20190714155500-snapshot.jpg
4,0,20190714,155530,75,6,216,370,299,437,Jul15_0/146-20190714155530-snapshot.jpg
4,0,20190714,155600,82,6,249,541,314,607,Jul15_0/146-20190714155600-snapshot.jpg
4,0,20190714,155630,74,4,631,868,692,924,Jul15_0/146-20190714155630-snapshot.jpg
4,0,20190714,155630,79,6,45,604,130,665,Jul15_0/146-20190714155630-snapshot.jpg
4,0,20190714,155700,58,6,1,284,64,345,Jul15_0/146-20190714155700-snapshot.jpg
4,0,20190714,155700,81,4,628,864,687,923,Jul15_0/146-20190714155700-snapshot.jpg
4,0,20190714,155730,40,4,629,867,683,920,Jul15_0/146-20190714155730-snapshot.jpg
4,0,20190714,155800,56,4,626,866,684,922,Jul15_0/146-20190714155800-snapshot.jpg
4,0,20190714,155800,83,4,1586,153,1643,225,Jul15_0/146-20190714155800-snapshot.jpg
4,0,20190714,155830,72,4,629,869,686,923,Jul15_0/146-20190714155830-snapshot.jpg
4,0,20190714,155900,42,4,605,718,660,776,Jul15_0/146-20190714155900-snapshot.jpg
4,0,20190714,155900,51,3,605,717,661,776,Jul15_0/146-20190714155900-snapshot.jpg
4,0,20190714,160000,77,4,1091,706,1159,762,Jul15_0/146-20190714160000-snapshot.jpg
4,0,20190714,160030,35,6,234,769,302,829,Jul15_0/146-20190714160030-snapshot.jpg
4,0,20190714,160030,77,4,1583,462,1643,526,Jul15_0/146-20190714160030-snapshot.jpg
4,0,20190714,160300,83,4,13,311,88,387,Jul15_0/146-20190714160300-snapshot.jpg
4,0,20190714,160430,86,2,332,659,391,736,Jul15_0/146-20190714160430-snapshot.jpg
4,0,20190714,160500,75,6,60,584,148,640,Jul15_0/146-20190714160500-snapshot.jpg
4,0,20190714,160530,79,2,59,72,140,146,Jul15_0/146-20190714160530-snapshot.jpg
4,0,20190714,160600,73,2,1371,590,1450,637,Jul15_0/146-20190714160600-snapshot.jpg
4,0,20190714,161030,69,6,0,907,45,970,Jul15_0/146-20190714161030-snapshot.jpg
4,0,20190714,161100,46,6,1829,803,1913,852,Jul15_0/146-20190714161100-snapshot.jpg
4,0,20190714,161130,75,6,1856,788,1920,847,Jul15_0/146-20190714161130-snapshot.jpg
4,0,20190714,161130,83,2,752,226,810,299,Jul15_0/146-20190714161130-snapshot.jpg
4,0,20190714,161130,83,8,166,804,220,867,Jul15_0/146-20190714161130-snapshot.jpg
4,0,20190714,161330,76,5,1243,574,1288,627,Jul15_0/146-20190714161330-snapshot.jpg
4,0,20190714,161500,62,5,217,778,263,823,Jul15_0/146-20190714161500-snapshot.jpg
4,0,20190714,161530,68,5,208,811,259,849,Jul15_0/146-20190714161530-snapshot.jpg
4,0,20190714,161600,32,5,796,568,852,617,Jul15_0/146-20190714161600-snapshot.jpg
4,0,20190714,161630,51,5,918,378,959,421,Jul15_0/146-20190714161630-snapshot.jpg
4,0,20190714,161630,68,5,963,754,1013,801,Jul15_0/146-20190714161630-snapshot.jpg
4,0,20190714,161730,30,2,227,774,299,828,Jul15_0/146-20190714161730-snapshot.jpg
4,0,20190714,161800,67,2,277,477,357,534,Jul15_0/146-20190714161800-snapshot.jpg
4,0,20190714,161830,32,2,1,342,69,399,Jul15_0/146-20190714161830-snapshot.jpg
4,0,20190714,161830,50,6,0,343,71,401,Jul15_0/146-20190714161830-snapshot.jpg
4,0,20190714,161900,70,2,1071,253,1131,322,Jul15_0/146-20190714161900-snapshot.jpg
4,0,20190714,161930,83,2,563,303,649,374,Jul15_0/146-20190714161930-snapshot.jpg
4,0,20190714,162000,86,3,1322,192,1395,274,Jul15_0/146-20190714162000-snapshot.jpg
4,0,20190714,162100,71,5,1351,162,1394,209,Jul15_0/146-20190714162100-snapshot.jpg
4,0,20190714,162330,90,3,1794,260,1891,328,Jul15_0/146-20190714162330-snapshot.jpg
4,0,20190714,162630,81,2,1820,331,1885,404,Jul15_0/146-20190714162630-snapshot.jpg
4,0,20190714,163030,80,5,336,704,391,755,Jul15_0/146-20190714163030-snapshot.jpg
4,0,20190714,163700,88,3,1547,168,1634,230,Jul15_0/146-20190714163700-snapshot.jpg
4,0,20190714,164030,61,6,296,519,370,571,Jul15_0/146-20190714164030-snapshot.jpg
4,0,20190714,164200,86,2,42,277,130,354,Jul15_0/146-20190714164200-snapshot.jpg
4,0,20190714,164300,74,2,920,287,1001,341,Jul15_0/146-20190714164300-snapshot.jpg
4,0,20190714,164800,73,6,231,625,313,684,Jul15_0/146-20190714164800-snapshot.jpg
4,0,20190714,164900,40,6,558,315,626,371,Jul15_0/146-20190714164900-snapshot.jpg
4,0,20190714,165000,72,6,868,886,939,933,Jul15_0/146-20190714165000-snapshot.jpg
4,0,20190714,165100,45,6,1218,548,1277,590,Jul15_0/146-20190714165100-snapshot.jpg
4,0,20190714,165130,73,8,1429,572,1487,642,Jul15_0/146-20190714165130-snapshot.jpg
4,0,20190714,165130,83,2,40,128,126,180,Jul15_0/146-20190714165130-snapshot.jpg
4,0,20190714,165730,56,6,661,56,716,93,Jul15_0/146-20190714165730-snapshot.jpg
4,0,20190714,165830,51,2,104,282,194,367,Jul15_0/146-20190714165830-snapshot.jpg
4,0,20190714,165930,83,2,1339,751,1422,799,Jul15_0/146-20190714165930-snapshot.jpg
4,0,20190714,170130,51,6,1260,441,1312,506,Jul15_0/146-20190714170130-snapshot.jpg
4,0,20190714,170230,81,3,1830,273,1918,333,Jul15_0/146-20190714170230-snapshot.jpg
4,0,20190714,170330,76,2,1041,742,1119,803,Jul15_0/146-20190714170330-snapshot.jpg
4,0,20190714,170600,60,6,903,491,978,548,Jul15_0/146-20190714170600-snapshot.jpg
4,0,20190714,170630,79,6,1127,348,1179,408,Jul15_0/146-20190714170630-snapshot.jpg
4,0,20190714,171000,26,5,212,450,271,502,Jul15_0/146-20190714171000-snapshot.jpg
4,0,20190714,171000,46,6,213,447,273,504,Jul15_0/146-20190714171000-snapshot.jpg
4,0,20190714,171130,86,3,111,586,210,644,Jul15_0/146-20190714171130-snapshot.jpg
4,0,20190714,171330,88,2,890,427,972,498,Jul15_0/146-20190714171330-snapshot.jpg
4,0,20190714,171800,70,6,390,65,470,129,Jul15_0/146-20190714171800-snapshot.jpg
4,0,20190714,171830,57,6,164,155,244,226,Jul15_0/146-20190714171830-snapshot.jpg
4,0,20190714,172100,41,5,644,1,687,32,Jul15_0/146-20190714172100-snapshot.jpg
4,0,20190714,172500,53,2,1573,157,1649,211,Jul15_0/146-20190714172500-snapshot.jpg
4,0,20190714,172700,61,2,250,770,313,844,Jul15_0/146-20190714172700-snapshot.jpg
4,0,20190714,172730,85,2,322,359,406,428,Jul15_0/146-20190714172730-snapshot.jpg
4,0,20190714,172800,55,5,1592,49,1645,79,Jul15_0/146-20190714172800-snapshot.jpg
4,0,20190714,172800,84,2,174,188,262,252,Jul15_0/146-20190714172800-snapshot.jpg
4,0,20190714,172830,82,2,414,49,473,128,Jul15_0/146-20190714172830-snapshot.jpg
4,0,20190714,173730,27,5,205,439,266,478,Jul15_0/146-20190714173730-snapshot.jpg
4,0,20190714,173730,34,6,204,437,273,483,Jul15_0/146-20190714173730-snapshot.jpg
4,0,20190714,173930,66,5,1579,251,1636,305,Jul15_0/146-20190714173930-snapshot.jpg
4,0,20190714,174330,56,2,8,527,97,600,Jul15_0/146-20190714174330-snapshot.jpg
4,0,20190714,175200,39,6,103,99,195,159,Jul15_0/146-20190714175200-snapshot.jpg
4,0,20190714,175330,45,5,1052,303,1100,355,Jul15_0/146-20190714175330-snapshot.jpg
4,0,20190714,175800,35,6,1333,549,1392,596,Jul15_0/146-20190714175800-snapshot.jpg
4,0,20190714,180030,77,2,590,541,670,586,Jul15_0/146-20190714180030-snapshot.jpg
4,0,20190714,180330,88,3,1830,367,1919,435,Jul15_0/146-20190714180330-snapshot.jpg
4,0,20190714,180530,59,5,328,394,382,451,Jul15_0/146-20190714180530-snapshot.jpg
4,0,20190714,180800,70,2,1876,714,1920,802,Jul15_0/146-20190714180800-snapshot.jpg
4,0,20190714,181000,26,5,1657,284,1703,330,Jul15_0/146-20190714181000-snapshot.jpg
4,0,20190714,181000,73,6,562,426,621,483,Jul15_0/146-20190714181000-snapshot.jpg
4,0,20190714,181430,58,5,1555,274,1605,325,Jul15_0/146-20190714181430-snapshot.jpg
4,0,20190714,181500,81,5,1416,445,1458,498,Jul15_0/146-20190714181500-snapshot.jpg
4,0,20190714,181530,69,5,1289,611,1331,660,Jul15_0/146-20190714181530-snapshot.jpg
4,0,20190714,181700,69,5,869,392,909,438,Jul15_0/146-20190714181700-snapshot.jpg
4,0,20190714,181730,79,5,862,424,905,477,Jul15_0/146-20190714181730-snapshot.jpg
4,0,20190714,182200,79,5,887,359,930,409,Jul15_0/146-20190714182200-snapshot.jpg
4,0,20190714,183130,34,5,824,124,865,166,Jul15_0/146-20190714183130-snapshot.jpg
4,0,20190714,183330,38,5,1473,509,1536,550,Jul15_0/146-20190714183330-snapshot.jpg
4,0,20190714,183400,39,5,1563,268,1609,322,Jul15_0/146-20190714183400-snapshot.jpg
4,0,20190714,190300,68,5,373,675,421,729,Jul15_0/146-20190714190300-snapshot.jpg
4,0,20190714,202030,74,5,1570,189,1616,240,Jul15_0/146-20190714202030-snapshot.jpg
4,0,20190715,063330,34,1,600,831,640,865,Jul15_0/154-20190715063330-snapshot.jpg
4,0,20190715,064630,32,1,599,831,640,866,Jul15_0/154-20190715064630-snapshot.jpg
4,0,20190715,065900,26,1,599,831,640,866,Jul15_0/154-20190715065900-snapshot.jpg
4,0,20190715,070130,27,1,599,830,640,865,Jul15_0/154-20190715070130-snapshot.jpg
4,0,20190715,070800,28,1,598,832,638,867,Jul15_0/154-20190715070800-snapshot.jpg
4,0,20190715,070930,55,1,600,831,639,865,Jul15_0/154-20190715070930-snapshot.jpg
4,0,20190715,071000,56,1,601,830,639,865,Jul15_0/154-20190715071000-snapshot.jpg
4,0,20190715,071930,25,1,597,834,637,870,Jul15_0/154-20190715071930-snapshot.jpg
4,0,20190715,072700,36,1,600,831,638,865,Jul15_0/154-20190715072700-snapshot.jpg
4,0,20190715,072730,27,1,600,830,640,865,Jul15_0/154-20190715072730-snapshot.jpg
4,0,20190715,072830,45,1,601,831,639,865,Jul15_0/154-20190715072830-snapshot.jpg
4,0,20190715,072900,43,1,600,830,640,866,Jul15_0/154-20190715072900-snapshot.jpg
4,0,20190715,072930,47,1,600,830,639,864,Jul15_0/154-20190715072930-snapshot.jpg
4,0,20190715,073000,45,1,600,831,639,865,Jul15_0/154-20190715073000-snapshot.jpg
4,0,20190715,073030,48,1,601,830,639,865,Jul15_0/154-20190715073030-snapshot.jpg
4,0,20190715,073100,35,1,600,830,640,865,Jul15_0/154-20190715073100-snapshot.jpg
4,0,20190708,185130,49,1,1294,74,1334,107,Jul15_0/18-20190708185130-snapshot.jpg
4,0,20190708,185230,30,4,342,891,393,945,Jul15_0/18-20190708185230-snapshot.jpg
4,0,20190708,185430,50,1,1210,671,1244,700,Jul15_0/18-20190708185430-snapshot.jpg
4,0,20190708,185700,85,1,1608,783,1649,818,Jul15_0/18-20190708185700-snapshot.jpg
4,0,20190708,185900,75,1,1708,968,1749,1007,Jul15_0/18-20190708185900-snapshot.jpg
4,0,20190708,190800,38,4,342,892,391,941,Jul15_0/18-20190708190800-snapshot.jpg
4,0,20190708,192130,39,5,903,478,950,522,Jul15_0/18-20190708192130-snapshot.jpg
4,0,20190708,195300,44,6,298,230,389,294,Jul15_0/18-20190708195300-snapshot.jpg
4,0,20190708,204500,36,6,296,227,386,291,Jul15_0/18-20190708204500-snapshot.jpg
4,0,20190709,061500,29,1,315,20,379,82,Jul15_0/26-20190709061500-snapshot.jpg
4,0,20190709,061630,30,1,315,15,380,83,Jul15_0/26-20190709061630-snapshot.jpg
4,0,20190709,061930,67,1,314,16,381,82,Jul15_0/26-20190709061930-snapshot.jpg
4,0,20190709,062030,57,1,313,21,379,84,Jul15_0/26-20190709062030-snapshot.jpg
4,0,20190709,073330,46,6,991,699,1071,748,Jul15_0/26-20190709073330-snapshot.jpg
4,0,20190709,080330,87,8,1094,446,1177,508,Jul15_0/26-20190709080330-snapshot.jpg
4,0,20190709,080400,62,5,552,139,605,177,Jul15_0/26-20190709080400-snapshot.jpg
4,0,20190709,080430,51,5,275,174,346,227,Jul15_0/26-20190709080430-snapshot.jpg
4,0,20190709,081000,83,8,1392,482,1470,530,Jul15_0/26-20190709081000-snapshot.jpg
4,0,20190709,082530,80,6,319,711,373,783,Jul15_0/26-20190709082530-snapshot.jpg
4,0,20190709,082600,29,1,1446,672,1477,701,Jul15_0/26-20190709082600-snapshot.jpg
4,0,20190709,082600,77,6,260,718,342,773,Jul15_0/26-20190709082600-snapshot.jpg
4,0,20190709,082700,82,6,1066,697,1120,757,Jul15_0/26-20190709082700-snapshot.jpg
4,0,20190709,082730,74,6,1153,745,1208,792,Jul15_0/26-20190709082730-snapshot.jpg
4,0,20190709,083030,86,1,1151,19,1198,57,Jul15_0/26-20190709083030-snapshot.jpg
4,0,20190709,083130,70,1,1308,76,1348,104,Jul15_0/26-20190709083130-snapshot.jpg
4,0,20190709,083900,41,6,1868,655,1919,697,Jul15_0/26-20190709083900-snapshot.jpg
4,0,20190709,084230,73,6,1032,436,1082,491,Jul15_0/26-20190709084230-snapshot.jpg
4,0,20190709,084300,48,6,685,262,767,317,Jul15_0/26-20190709084300-snapshot.jpg
4,0,20190709,084600,88,1,1069,40,1111,73,Jul15_0/26-20190709084600-snapshot.jpg
4,0,20190709,084630,71,1,774,125,814,157,Jul15_0/26-20190709084630-snapshot.jpg
4,0,20190709,085900,49,1,1191,1036,1228,1068,Jul15_0/26-20190709085900-snapshot.jpg
4,0,20190709,090000,63,1,1196,1037,1235,1070,Jul15_0/26-20190709090000-snapshot.jpg
4,0,20190709,090430,32,1,1187,1034,1225,1065,Jul15_0/26-20190709090430-snapshot.jpg
4,0,20190709,090700,48,8,3,23,85,88,Jul15_0/26-20190709090700-snapshot.jpg
4,0,20190709,090730,79,6,125,263,215,335,Jul15_0/26-20190709090730-snapshot.jpg
4,0,20190709,090930,88,1,696,123,739,157,Jul15_0/26-20190709090930-snapshot.jpg
4,0,20190709,091030,66,6,992,412,1041,470,Jul15_0/26-20190709091030-snapshot.jpg
4,0,20190709,091100,69,6,605,314,655,364,Jul15_0/26-20190709091100-snapshot.jpg
4,0,20190709,091130,82,6,568,239,618,303,Jul15_0/26-20190709091130-snapshot.jpg
4,0,20190709,091200,51,6,532,163,613,216,Jul15_0/26-20190709091200-snapshot.jpg
4,0,20190709,091230,71,5,441,161,497,223,Jul15_0/26-20190709091230-snapshot.jpg
4,0,20190709,091300,29,6,329,129,416,191,Jul15_0/26-20190709091300-snapshot.jpg
4,0,20190709,091330,67,6,1032,855,1102,896,Jul15_0/26-20190709091330-snapshot.jpg
4,0,20190709,091330,79,6,168,202,251,253,Jul15_0/26-20190709091330-snapshot.jpg
4,0,20190709,091500,70,1,1186,1031,1223,1063,Jul15_0/26-20190709091500-snapshot.jpg
4,0,20190709,091500,73,6,388,266,472,326,Jul15_0/26-20190709091500-snapshot.jpg
4,0,20190709,091530,75,6,433,264,515,318,Jul15_0/26-20190709091530-snapshot.jpg
4,0,20190709,091600,63,6,784,76,836,138,Jul15_0/26-20190709091600-snapshot.jpg
4,0,20190709,091600,85,1,1199,1022,1241,1060,Jul15_0/26-20190709091600-snapshot.jpg
4,0,20190709,091630,85,1,1199,1022,1241,1060,Jul15_0/26-20190709091630-snapshot.jpg
4,0,20190709,091700,75,6,697,574,746,617,Jul15_0/26-20190709091700-snapshot.jpg
4,0,20190709,091700,84,1,1199,1023,1241,1060,Jul15_0/26-20190709091700-snapshot.jpg
4,0,20190709,091730,66,6,687,594,740,641,Jul15_0/26-20190709091730-snapshot.jpg
4,0,20190709,091730,85,1,1199,1023,1241,1061,Jul15_0/26-20190709091730-snapshot.jpg
4,0,20190709,091800,84,1,1197,1020,1239,1057,Jul15_0/26-20190709091800-snapshot.jpg
4,0,20190709,091800,87,8,2,628,86,686,Jul15_0/26-20190709091800-snapshot.jpg
4,0,20190709,093030,82,8,463,1012,514,1075,Jul15_0/26-20190709093030-snapshot.jpg
4,0,20190709,093030,86,1,121,1011,169,1051,Jul15_0/26-20190709093030-snapshot.jpg
4,0,20190709,093100,84,1,95,1045,138,1077,Jul15_0/26-20190709093100-snapshot.jpg
4,0,20190709,093200,73,1,1529,405,1567,437,Jul15_0/26-20190709093200-snapshot.jpg
4,0,20190709,094600,54,6,186,742,280,818,Jul15_0/26-20190709094600-snapshot.jpg
4,0,20190709,094600,69,5,42,372,100,429,Jul15_0/26-20190709094600-snapshot.jpg
4,0,20190709,094630,54,5,37,347,105,391,Jul15_0/26-20190709094630-snapshot.jpg
4,0,20190709,094630,74,6,468,581,522,635,Jul15_0/26-20190709094630-snapshot.jpg
4,0,20190709,094700,59,5,19,242,73,292,Jul15_0/26-20190709094700-snapshot.jpg
4,0,20190709,094800,87,1,618,934,662,968,Jul15_0/26-20190709094800-snapshot.jpg
4,0,20190709,094830,87,1,619,934,662,968,Jul15_0/26-20190709094830-snapshot.jpg
4,0,20190709,094900,87,1,618,934,661,967,Jul15_0/26-20190709094900-snapshot.jpg
4,0,20190709,094930,82,1,622,330,666,365,Jul15_0/26-20190709094930-snapshot.jpg
4,0,20190709,094930,87,1,619,934,662,968,Jul15_0/26-20190709094930-snapshot.jpg
4,0,20190709,095000,88,1,620,934,663,967,Jul15_0/26-20190709095000-snapshot.jpg
4,0,20190709,095030,87,1,620,934,663,967,Jul15_0/26-20190709095030-snapshot.jpg
4,0,20190709,095100,87,1,617,930,660,964,Jul15_0/26-20190709095100-snapshot.jpg
4,0,20190709,095130,82,1,238,914,279,952,Jul15_0/26-20190709095130-snapshot.jpg
4,0,20190709,095130,87,1,617,930,660,963,Jul15_0/26-20190709095130-snapshot.jpg
4,0,20190709,095200,82,1,240,914,281,951,Jul15_0/26-20190709095200-snapshot.jpg
4,0,20190709,095200,87,1,617,929,660,963,Jul15_0/26-20190709095200-snapshot.jpg
4,0,20190709,095230,82,1,240,916,281,954,Jul15_0/26-20190709095230-snapshot.jpg
4,0,20190709,095230,87,1,618,930,660,963,Jul15_0/26-20190709095230-snapshot.jpg
4,0,20190709,095300,83,1,191,977,234,1015,Jul15_0/26-20190709095300-snapshot.jpg
4,0,20190709,095300,86,1,617,930,660,964,Jul15_0/26-20190709095300-snapshot.jpg
4,0,20190709,095330,85,1,617,930,660,964,Jul15_0/26-20190709095330-snapshot.jpg
4,0,20190709,095400,84,1,25,1035,67,1068,Jul15_0/26-20190709095400-snapshot.jpg
4,0,20190709,095400,86,1,618,930,660,963,Jul15_0/26-20190709095400-snapshot.jpg
4,0,20190709,095430,86,1,617,930,660,963,Jul15_0/26-20190709095430-snapshot.jpg
4,0,20190709,095500,85,1,617,930,660,964,Jul15_0/26-20190709095500-snapshot.jpg
4,0,20190709,095530,86,1,617,930,660,964,Jul15_0/26-20190709095530-snapshot.jpg
4,0,20190709,095600,86,1,617,930,660,964,Jul15_0/26-20190709095600-snapshot.jpg
4,0,20190709,095630,85,1,617,930,659,963,Jul15_0/26-20190709095630-snapshot.jpg
4,0,20190709,095700,85,1,617,930,660,964,Jul15_0/26-20190709095700-snapshot.jpg
4,0,20190709,095730,85,1,617,930,660,964,Jul15_0/26-20190709095730-snapshot.jpg
4,0,20190709,095800,85,1,617,930,660,963,Jul15_0/26-20190709095800-snapshot.jpg
4,0,20190709,095830,85,1,616,930,660,963,Jul15_0/26-20190709095830-snapshot.jpg
4,0,20190709,095900,86,1,616,930,660,963,Jul15_0/26-20190709095900-snapshot.jpg
4,0,20190709,095930,86,1,617,930,660,963,Jul15_0/26-20190709095930-snapshot.jpg
4,0,20190709,100000,86,1,617,930,660,964,Jul15_0/26-20190709100000-snapshot.jpg
4,0,20190709,100030,85,3,66,193,152,288,Jul15_0/26-20190709100030-snapshot.jpg
4,0,20190709,100030,87,1,618,929,662,963,Jul15_0/26-20190709100030-snapshot.jpg
4,0,20190709,100100,87,1,618,929,661,963,Jul15_0/26-20190709100100-snapshot.jpg
4,0,20190709,100130,87,1,617,927,661,962,Jul15_0/26-20190709100130-snapshot.jpg
4,0,20190709,100200,87,1,617,925,660,958,Jul15_0/26-20190709100200-snapshot.jpg
4,0,20190709,101730,74,5,1200,1007,1258,1044,Jul15_0/26-20190709101730-snapshot.jpg
4,0,20190709,101730,78,5,309,716,363,758,Jul15_0/26-20190709101730-snapshot.jpg
4,0,20190709,101830,51,5,772,128,811,168,Jul15_0/26-20190709101830-snapshot.jpg
4,0,20190709,102030,84,8,847,111,937,180,Jul15_0/26-20190709102030-snapshot.jpg
4,0,20190709,103230,38,5,38,605,88,657,Jul15_0/26-20190709103230-snapshot.jpg
4,0,20190709,103400,60,5,932,493,981,532,Jul15_0/26-20190709103400-snapshot.jpg
4,0,20190709,103830,63,5,444,988,497,1017,Jul15_0/26-20190709103830-snapshot.jpg
4,0,20190709,104000,42,6,1315,436,1367,495,Jul15_0/26-20190709104000-snapshot.jpg
4,0,20190709,104030,46,5,343,125,406,166,Jul15_0/26-20190709104030-snapshot.jpg
4,0,20190709,104030,81,8,1343,744,1401,819,Jul15_0/26-20190709104030-snapshot.jpg
4,0,20190709,104130,54,5,938,660,981,705,Jul15_0/26-20190709104130-snapshot.jpg
4,0,20190709,104130,64,5,357,727,416,771,Jul15_0/26-20190709104130-snapshot.jpg
4,0,20190709,104130,73,5,1283,67,1330,120,Jul15_0/26-20190709104130-snapshot.jpg
4,0,20190709,104200,25,5,169,123,248,170,Jul15_0/26-20190709104200-snapshot.jpg
4,0,20190709,104230,73,5,87,338,150,395,Jul15_0/26-20190709104230-snapshot.jpg
4,0,20190709,104300,74,6,346,641,424,702,Jul15_0/26-20190709104300-snapshot.jpg
4,0,20190709,104330,39,8,0,632,58,688,Jul15_0/26-20190709104330-snapshot.jpg
4,0,20190709,104400,77,5,311,695,374,751,Jul15_0/26-20190709104400-snapshot.jpg
4,0,20190709,104530,40,6,340,349,424,402,Jul15_0/26-20190709104530-snapshot.jpg
4,0,20190709,104800,36,5,21,162,76,214,Jul15_0/26-20190709104800-snapshot.jpg
4,0,20190709,104900,44,5,1333,565,1391,609,Jul15_0/26-20190709104900-snapshot.jpg
4,0,20190709,104900,76,5,106,273,169,335,Jul15_0/26-20190709104900-snapshot.jpg
4,0,20190709,104930,68,5,280,320,346,370,Jul15_0/26-20190709104930-snapshot.jpg
4,0,20190709,105000,49,5,1280,761,1333,822,Jul15_0/26-20190709105000-snapshot.jpg
4,0,20190709,105000,53,5,491,602,538,654,Jul15_0/26-20190709105000-snapshot.jpg
4,0,20190709,105000,77,5,451,356,505,412,Jul15_0/26-20190709105000-snapshot.jpg
4,0,20190709,105030,71,5,594,269,638,311,Jul15_0/26-20190709105030-snapshot.jpg
4,0,20190709,105100,71,5,1119,734,1171,772,Jul15_0/26-20190709105100-snapshot.jpg
4,0,20190709,105100,73,5,479,71,527,120,Jul15_0/26-20190709105100-snapshot.jpg
4,0,20190709,105130,67,5,1041,574,1085,609,Jul15_0/26-20190709105130-snapshot.jpg
4,0,20190709,105200,68,5,940,691,984,721,Jul15_0/26-20190709105200-snapshot.jpg
4,0,20190709,105330,69,5,1073,675,1116,717,Jul15_0/26-20190709105330-snapshot.jpg
4,0,20190709,105630,72,5,886,803,930,851,Jul15_0/26-20190709105630-snapshot.jpg
4,0,20190709,105700,75,5,771,1050,816,1080,Jul15_0/26-20190709105700-snapshot.jpg
4,0,20190709,105830,71,5,56,107,114,164,Jul15_0/26-20190709105830-snapshot.jpg
4,0,20190709,110130,35,5,1284,188,1329,227,Jul15_0/26-20190709110130-snapshot.jpg
4,0,20190709,110330,68,5,227,1,280,40,Jul15_0/26-20190709110330-snapshot.jpg
4,0,20190709,110600,74,5,1507,240,1561,276,Jul15_0/26-20190709110600-snapshot.jpg
4,0,20190709,110600,76,6,653,151,704,208,Jul15_0/26-20190709110600-snapshot.jpg
4,0,20190709,110730,46,6,0,545,71,601,Jul15_0/26-20190709110730-snapshot.jpg
4,0,20190709,110830,69,6,1,386,78,446,Jul15_0/26-20190709110830-snapshot.jpg
4,0,20190709,110830,69,6,1710,589,1789,640,Jul15_0/26-20190709110830-snapshot.jpg
4,0,20190709,110900,39,6,1268,634,1326,672,Jul15_0/26-20190709110900-snapshot.jpg
4,0,20190709,110900,72,6,339,705,392,769,Jul15_0/26-20190709110900-snapshot.jpg
4,0,20190709,110900,77,5,1035,651,1083,686,Jul15_0/26-20190709110900-snapshot.jpg
4,0,20190709,110930,74,6,199,571,258,640,Jul15_0/26-20190709110930-snapshot.jpg
4,0,20190709,110930,75,6,477,33,543,84,Jul15_0/26-20190709110930-snapshot.jpg
4,0,20190709,111000,35,5,226,400,272,447,Jul15_0/26-20190709111000-snapshot.jpg
4,0,20190709,111030,35,5,390,714,441,750,Jul15_0/26-20190709111030-snapshot.jpg
4,0,20190709,111100,55,5,37,264,120,318,Jul15_0/26-20190709111100-snapshot.jpg
4,0,20190709,111130,75,5,990,700,1037,751,Jul15_0/26-20190709111130-snapshot.jpg
4,0,20190709,111200,49,5,942,342,989,375,Jul15_0/26-20190709111200-snapshot.jpg
4,0,20190709,111230,78,5,974,477,1031,509,Jul15_0/26-20190709111230-snapshot.jpg
4,0,20190709,111430,71,5,1039,663,1080,709,Jul15_0/26-20190709111430-snapshot.jpg
4,0,20190709,111700,51,5,1083,650,1132,688,Jul15_0/26-20190709111700-snapshot.jpg
4,0,20190709,111700,75,5,635,184,683,235,Jul15_0/26-20190709111700-snapshot.jpg
4,0,20190709,111730,81,5,499,168,549,221,Jul15_0/26-20190709111730-snapshot.jpg
4,0,20190709,111830,74,5,1533,289,1572,338,Jul15_0/26-20190709111830-snapshot.jpg
4,0,20190709,111930,52,5,1781,480,1831,537,Jul15_0/26-20190709111930-snapshot.jpg
4,0,20190709,112000,60,5,1835,478,1889,540,Jul15_0/26-20190709112000-snapshot.jpg
4,0,20190709,112030,44,5,1559,312,1607,347,Jul15_0/26-20190709112030-snapshot.jpg
4,0,20190709,112030,45,5,7,235,60,286,Jul15_0/26-20190709112030-snapshot.jpg
4,0,20190709,112030,62,5,229,360,285,401,Jul15_0/26-20190709112030-snapshot.jpg
4,0,20190709,112030,72,5,1621,621,1682,673,Jul15_0/26-20190709112030-snapshot.jpg
4,0,20190709,112100,67,5,1263,431,1309,475,Jul15_0/26-20190709112100-snapshot.jpg
4,0,20190709,112200,48,5,1873,743,1912,792,Jul15_0/26-20190709112200-snapshot.jpg
4,0,20190709,112200,71,6,1222,315,1290,357,Jul15_0/26-20190709112200-snapshot.jpg
4,0,20190709,112300,74,6,120,105,203,173,Jul15_0/26-20190709112300-snapshot.jpg
4,0,20190709,112330,65,5,543,325,598,367,Jul15_0/26-20190709112330-snapshot.jpg
4,0,20190709,112330,74,6,160,225,242,280,Jul15_0/26-20190709112330-snapshot.jpg
4,0,20190709,112400,61,5,1201,423,1247,468,Jul15_0/26-20190709112400-snapshot.jpg
4,0,20190709,112400,81,5,244,353,303,413,Jul15_0/26-20190709112400-snapshot.jpg
4,0,20190709,112430,39,5,1267,630,1321,668,Jul15_0/26-20190709112430-snapshot.jpg
4,0,20190709,112430,76,5,1222,382,1281,419,Jul15_0/26-20190709112430-snapshot.jpg
4,0,20190709,112430,79,5,905,766,965,806,Jul15_0/26-20190709112430-snapshot.jpg
4,0,20190709,112500,67,5,35,350,104,400,Jul15_0/26-20190709112500-snapshot.jpg
4,0,20190709,112500,76,5,894,780,947,819,Jul15_0/26-20190709112500-snapshot.jpg
4,0,20190709,112530,53,5,643,337,689,376,Jul15_0/26-20190709112530-snapshot.jpg
4,0,20190709,112600,44,5,1201,438,1244,474,Jul15_0/26-20190709112600-snapshot.jpg
4,0,20190709,112600,71,5,86,374,143,431,Jul15_0/26-20190709112600-snapshot.jpg
4,0,20190709,112700,70,5,352,332,409,378,Jul15_0/26-20190709112700-snapshot.jpg
4,0,20190709,112700,80,5,1506,218,1555,271,Jul15_0/26-20190709112700-snapshot.jpg
4,0,20190709,112730,76,5,512,231,561,290,Jul15_0/26-20190709112730-snapshot.jpg
4,0,20190709,112800,65,5,777,952,822,986,Jul15_0/26-20190709112800-snapshot.jpg
4,0,20190709,112830,42,5,1041,687,1098,723,Jul15_0/26-20190709112830-snapshot.jpg
4,0,20190709,112830,75,5,703,829,753,882,Jul15_0/26-20190709112830-snapshot.jpg
4,0,20190709,112900,71,5,1268,737,1312,782,Jul15_0/26-20190709112900-snapshot.jpg
4,0,20190709,112900,76,5,965,435,1024,471,Jul15_0/26-20190709112900-snapshot.jpg
4,0,20190709,113000,27,5,1109,1050,1148,1080,Jul15_0/26-20190709113000-snapshot.jpg
4,0,20190709,113030,72,5,364,169,430,212,Jul15_0/26-20190709113030-snapshot.jpg
4,0,20190709,113100,75,5,1015,1005,1061,1046,Jul15_0/26-20190709113100-snapshot.jpg
4,0,20190709,113130,71,5,553,345,603,401,Jul15_0/26-20190709113130-snapshot.jpg
4,0,20190709,113130,74,5,47,374,107,444,Jul15_0/26-20190709113130-snapshot.jpg
4,0,20190709,113200,79,5,386,202,459,253,Jul15_0/26-20190709113200-snapshot.jpg
4,0,20190709,113430,61,5,1422,214,1472,252,Jul15_0/26-20190709113430-snapshot.jpg
4,0,20190709,113500,71,6,469,58,546,101,Jul15_0/26-20190709113500-snapshot.jpg
4,0,20190709,113530,70,5,741,162,787,212,Jul15_0/26-20190709113530-snapshot.jpg
4,0,20190709,113630,81,6,95,89,184,158,Jul15_0/26-20190709113630-snapshot.jpg
4,0,20190709,113830,71,6,670,654,717,712,Jul15_0/26-20190709113830-snapshot.jpg
4,0,20190709,113900,39,6,961,899,1041,953,Jul15_0/26-20190709113900-snapshot.jpg
4,0,20190709,114000,26,5,1584,328,1628,358,Jul15_0/26-20190709114000-snapshot.jpg
4,0,20190709,114100,64,5,572,346,627,388,Jul15_0/26-20190709114100-snapshot.jpg
4,0,20190709,114200,44,5,1013,509,1069,542,Jul15_0/26-20190709114200-snapshot.jpg
4,0,20190709,114300,74,5,489,241,536,296,Jul15_0/26-20190709114300-snapshot.jpg
4,0,20190709,114330,45,5,749,827,792,871,Jul15_0/26-20190709114330-snapshot.jpg
4,0,20190709,114330,72,5,1835,635,1916,680,Jul15_0/26-20190709114330-snapshot.jpg
4,0,20190709,114400,46,6,582,239,632,289,Jul15_0/26-20190709114400-snapshot.jpg
4,0,20190709,114430,51,5,1,176,57,236,Jul15_0/26-20190709114430-snapshot.jpg
4,0,20190709,114500,37,5,1846,140,1896,208,Jul15_0/26-20190709114500-snapshot.jpg
4,0,20190709,114500,66,5,377,719,431,763,Jul15_0/26-20190709114500-snapshot.jpg
4,0,20190709,114630,76,5,801,1033,842,1077,Jul15_0/26-20190709114630-snapshot.jpg
4,0,20190709,114700,45,5,669,1046,708,1080,Jul15_0/26-20190709114700-snapshot.jpg
4,0,20190709,114730,73,5,311,730,357,779,Jul15_0/26-20190709114730-snapshot.jpg
4,0,20190709,114730,75,5,776,521,821,558,Jul15_0/26-20190709114730-snapshot.jpg
4,0,20190709,114800,47,6,667,547,724,605,Jul15_0/26-20190709114800-snapshot.jpg
4,0,20190709,114830,77,5,1104,642,1150,687,Jul15_0/26-20190709114830-snapshot.jpg
4,0,20190709,114900,29,5,135,103,207,158,Jul15_0/26-20190709114900-snapshot.jpg
4,0,20190709,114930,81,5,1279,597,1314,642,Jul15_0/26-20190709114930-snapshot.jpg
4,0,20190709,115000,35,5,1166,714,1216,758,Jul15_0/26-20190709115000-snapshot.jpg
4,0,20190709,115000,56,5,936,309,984,356,Jul15_0/26-20190709115000-snapshot.jpg
4,0,20190709,115030,69,6,995,597,1044,647,Jul15_0/26-20190709115030-snapshot.jpg
4,0,20190709,115130,54,5,1273,550,1310,594,Jul15_0/26-20190709115130-snapshot.jpg
4,0,20190709,115200,60,5,1270,618,1308,656,Jul15_0/26-20190709115200-snapshot.jpg
4,0,20190709,115230,50,5,1184,698,1227,750,Jul15_0/26-20190709115230-snapshot.jpg
4,0,20190709,115230,60,5,292,711,340,759,Jul15_0/26-20190709115230-snapshot.jpg
4,0,20190709,115300,70,5,719,4,766,43,Jul15_0/26-20190709115300-snapshot.jpg
4,0,20190709,115330,64,5,200,88,277,143,Jul15_0/26-20190709115330-snapshot.jpg
4,0,20190709,115330,80,6,635,619,689,686,Jul15_0/26-20190709115330-snapshot.jpg
4,0,20190709,115400,78,6,535,319,592,379,Jul15_0/26-20190709115400-snapshot.jpg
4,0,20190709,115430,51,5,266,143,340,205,Jul15_0/26-20190709115430-snapshot.jpg
4,0,20190709,115500,38,5,491,39,550,75,Jul15_0/26-20190709115500-snapshot.jpg
4,0,20190709,115500,65,5,607,78,660,112,Jul15_0/26-20190709115500-snapshot.jpg
4,0,20190709,115530,40,5,61,76,116,135,Jul15_0/26-20190709115530-snapshot.jpg
4,0,20190709,115530,47,5,698,519,749,553,Jul15_0/26-20190709115530-snapshot.jpg
4,0,20190709,115630,36,5,1886,865,1920,927,Jul15_0/26-20190709115630-snapshot.jpg
4,0,20190709,115700,67,5,1130,772,1180,810,Jul15_0/26-20190709115700-snapshot.jpg
4,0,20190709,115800,31,2,742,1023,797,1076,Jul15_0/26-20190709115800-snapshot.jpg
4,0,20190709,115900,68,5,614,152,672,187,Jul15_0/26-20190709115900-snapshot.jpg
4,0,20190709,120000,52,5,905,819,950,862,Jul15_0/26-20190709120000-snapshot.jpg
4,0,20190709,120030,65,5,453,18,496,67,Jul15_0/26-20190709120030-snapshot.jpg
4,0,20190709,120100,78,5,298,647,353,708,Jul15_0/26-20190709120100-snapshot.jpg
4,0,20190709,120130,56,6,1807,751,1878,803,Jul15_0/26-20190709120130-snapshot.jpg
4,0,20190709,120130,63,5,1288,368,1342,406,Jul15_0/26-20190709120130-snapshot.jpg
4,0,20190709,120300,68,5,1207,425,1253,478,Jul15_0/26-20190709120300-snapshot.jpg
4,0,20190709,120330,64,5,1058,661,1101,710,Jul15_0/26-20190709120330-snapshot.jpg
4,0,20190709,120400,29,6,1746,829,1806,893,Jul15_0/26-20190709120400-snapshot.jpg
4,0,20190709,120430,64,6,152,205,237,273,Jul15_0/26-20190709120430-snapshot.jpg
4,0,20190709,120430,81,6,1617,594,1698,650,Jul15_0/26-20190709120430-snapshot.jpg
4,0,20190709,120530,72,6,189,743,277,809,Jul15_0/26-20190709120530-snapshot.jpg
4,0,20190709,120600,50,5,110,185,173,251,Jul15_0/26-20190709120600-snapshot.jpg
4,0,20190709,120600,72,5,1873,585,1915,638,Jul15_0/26-20190709120600-snapshot.jpg
4,0,20190709,120630,76,6,560,130,612,189,Jul15_0/26-20190709120630-snapshot.jpg
4,0,20190709,120700,66,6,290,317,379,372,Jul15_0/26-20190709120700-snapshot.jpg
4,0,20190709,120730,64,6,133,101,224,163,Jul15_0/26-20190709120730-snapshot.jpg
4,0,20190709,120830,36,5,1317,130,1372,168,Jul15_0/26-20190709120830-snapshot.jpg
4,0,20190709,120830,69,6,709,693,784,756,Jul15_0/26-20190709120830-snapshot.jpg
4,0,20190709,120830,72,6,1039,561,1100,611,Jul15_0/26-20190709120830-snapshot.jpg
4,0,20190709,121000,45,6,875,305,936,358,Jul15_0/26-20190709121000-snapshot.jpg
4,0,20190709,121000,67,6,1253,372,1332,424,Jul15_0/26-20190709121000-snapshot.jpg
4,0,20190709,121100,54,6,121,257,195,322,Jul15_0/26-20190709121100-snapshot.jpg
4,0,20190709,121100,73,5,762,527,813,569,Jul15_0/26-20190709121100-snapshot.jpg
4,0,20190709,121130,77,5,916,787,975,842,Jul15_0/26-20190709121130-snapshot.jpg
4,0,20190709,121200,69,5,827,838,874,886,Jul15_0/26-20190709121200-snapshot.jpg
4,0,20190709,121300,82,6,496,282,577,344,Jul15_0/26-20190709121300-snapshot.jpg
4,0,20190709,121530,67,6,301,640,381,700,Jul15_0/26-20190709121530-snapshot.jpg
4,0,20190709,121530,80,5,179,115,253,161,Jul15_0/26-20190709121530-snapshot.jpg
4,0,20190709,121600,43,5,5,648,65,691,Jul15_0/26-20190709121600-snapshot.jpg
4,0,20190709,121600,67,5,526,55,578,94,Jul15_0/26-20190709121600-snapshot.jpg
4,0,20190709,121630,29,5,1024,389,1062,435,Jul15_0/26-20190709121630-snapshot.jpg
4,0,20190709,121700,75,5,978,511,1022,562,Jul15_0/26-20190709121700-snapshot.jpg
4,0,20190709,121730,30,5,406,554,461,588,Jul15_0/26-20190709121730-snapshot.jpg
4,0,20190709,121730,42,5,681,513,724,563,Jul15_0/26-20190709121730-snapshot.jpg
4,0,20190709,121830,68,5,677,224,731,274,Jul15_0/26-20190709121830-snapshot.jpg
4,0,20190709,121830,75,5,296,756,338,808,Jul15_0/26-20190709121830-snapshot.jpg
4,0,20190709,121900,34,6,1077,618,1137,680,Jul15_0/26-20190709121900-snapshot.jpg
4,0,20190709,121900,63,5,1026,547,1071,605,Jul15_0/26-20190709121900-snapshot.jpg
4,0,20190709,121900,69,5,761,1016,815,1052,Jul15_0/26-20190709121900-snapshot.jpg
4,0,20190709,122000,78,1,769,326,807,362,Jul15_0/26-20190709122000-snapshot.jpg
4,0,20190709,122000,83,6,877,832,956,903,Jul15_0/26-20190709122000-snapshot.jpg
4,0,20190709,122030,40,5,314,722,376,764,Jul15_0/26-20190709122030-snapshot.jpg
4,0,20190709,122030,76,5,1093,675,1145,718,Jul15_0/26-20190709122030-snapshot.jpg
4,0,20190709,122130,35,5,38,228,95,288,Jul15_0/26-20190709122130-snapshot.jpg
4,0,20190709,122200,47,5,1,291,72,337,Jul15_0/26-20190709122200-snapshot.jpg
4,0,20190709,122300,50,6,70,632,161,706,Jul15_0/26-20190709122300-snapshot.jpg
4,0,20190709,122300,70,5,965,446,1012,501,Jul15_0/26-20190709122300-snapshot.jpg
4,0,20190709,122300,72,5,612,228,664,276,Jul15_0/26-20190709122300-snapshot.jpg
4,0,20190709,122330,56,6,1135,413,1201,486,Jul15_0/26-20190709122330-snapshot.jpg
4,0,20190709,122400,69,5,1326,569,1366,617,Jul15_0/26-20190709122400-snapshot.jpg
4,0,20190709,122430,37,5,40,189,98,247,Jul15_0/26-20190709122430-snapshot.jpg
4,0,20190709,122430,84,6,625,141,704,193,Jul15_0/26-20190709122430-snapshot.jpg
4,0,20190709,122530,26,6,450,346,507,407,Jul15_0/26-20190709122530-snapshot.jpg
4,0,20190709,122530,43,5,101,278,160,341,Jul15_0/26-20190709122530-snapshot.jpg
4,0,20190709,122600,73,6,190,658,283,725,Jul15_0/26-20190709122600-snapshot.jpg
4,0,20190709,122630,60,1,835,1007,875,1044,Jul15_0/26-20190709122630-snapshot.jpg
4,0,20190709,122630,78,5,512,253,559,307,Jul15_0/26-20190709122630-snapshot.jpg
4,0,20190709,122630,86,1,566,640,607,674,Jul15_0/26-20190709122630-snapshot.jpg
4,0,20190709,122700,53,3,588,513,652,580,Jul15_0/26-20190709122700-snapshot.jpg
4,0,20190709,122700,58,5,1155,284,1214,330,Jul15_0/26-20190709122700-snapshot.jpg
4,0,20190709,122730,53,1,975,831,1020,872,Jul15_0/26-20190709122730-snapshot.jpg
4,0,20190709,122800,45,5,997,485,1047,524,Jul15_0/26-20190709122800-snapshot.jpg
4,0,20190709,122800,71,5,473,173,532,215,Jul15_0/26-20190709122800-snapshot.jpg
4,0,20190709,122830,35,2,932,969,1013,1039,Jul15_0/26-20190709122830-snapshot.jpg
4,0,20190709,122900,40,6,0,548,56,610,Jul15_0/26-20190709122900-snapshot.jpg
4,0,20190709,122900,73,6,558,345,632,407,Jul15_0/26-20190709122900-snapshot.jpg
4,0,20190709,122930,27,2,869,905,944,980,Jul15_0/26-20190709122930-snapshot.jpg
4,0,20190709,122930,67,1,1753,527,1789,555,Jul15_0/26-20190709122930-snapshot.jpg
4,0,20190709,123000,63,1,1736,524,1776,554,Jul15_0/26-20190709123000-snapshot.jpg
4,0,20190709,123000,83,6,601,283,677,342,Jul15_0/26-20190709123000-snapshot.jpg
4,0,20190709,123030,81,1,1742,529,1780,560,Jul15_0/26-20190709123030-snapshot.jpg
4,0,20190709,123030,82,5,1061,479,1113,535,Jul15_0/26-20190709123030-snapshot.jpg
4,0,20190709,123100,76,1,1743,528,1781,559,Jul15_0/26-20190709123100-snapshot.jpg
4,0,20190709,123100,79,6,844,570,916,620,Jul15_0/26-20190709123100-snapshot.jpg
4,0,20190709,123100,79,6,222,318,282,381,Jul15_0/26-20190709123100-snapshot.jpg
4,0,20190709,123130,73,1,1744,529,1782,559,Jul15_0/26-20190709123130-snapshot.jpg
4,0,20190709,123130,75,5,1278,729,1322,763,Jul15_0/26-20190709123130-snapshot.jpg
4,0,20190709,123200,70,5,1279,152,1321,194,Jul15_0/26-20190709123200-snapshot.jpg
4,0,20190709,123200,71,5,1128,725,1178,764,Jul15_0/26-20190709123200-snapshot.jpg
4,0,20190709,123200,79,1,1742,528,1780,559,Jul15_0/26-20190709123200-snapshot.jpg
4,0,20190709,123300,56,5,34,570,88,611,Jul15_0/26-20190709123300-snapshot.jpg
4,0,20190709,123300,74,6,1180,766,1231,828,Jul15_0/26-20190709123300-snapshot.jpg
4,0,20190709,123300,74,5,592,299,644,353,Jul15_0/26-20190709123300-snapshot.jpg
4,0,20190709,123300,76,5,868,496,914,543,Jul15_0/26-20190709123300-snapshot.jpg
4,0,20190709,123330,33,5,5,139,55,197,Jul15_0/26-20190709123330-snapshot.jpg
4,0,20190709,123330,57,5,497,557,545,591,Jul15_0/26-20190709123330-snapshot.jpg
4,0,20190709,123330,75,5,547,45,600,85,Jul15_0/26-20190709123330-snapshot.jpg
4,0,20190709,123430,36,5,511,953,565,1013,Jul15_0/26-20190709123430-snapshot.jpg
4,0,20190709,123430,43,1,1633,438,1670,471,Jul15_0/26-20190709123430-snapshot.jpg
4,0,20190709,123430,78,5,996,596,1043,644,Jul15_0/26-20190709123430-snapshot.jpg
4,0,20190709,123530,62,5,1526,272,1566,324,Jul15_0/26-20190709123530-snapshot.jpg
4,0,20190709,123530,69,5,808,581,863,630,Jul15_0/26-20190709123530-snapshot.jpg
4,0,20190709,123730,38,5,975,212,1026,265,Jul15_0/26-20190709123730-snapshot.jpg
4,0,20190709,123800,63,5,1320,755,1368,797,Jul15_0/26-20190709123800-snapshot.jpg
4,0,20190709,123800,79,5,610,226,659,281,Jul15_0/26-20190709123800-snapshot.jpg
4,0,20190709,123830,73,5,1524,305,1574,339,Jul15_0/26-20190709123830-snapshot.jpg
4,0,20190709,123900,58,5,1047,870,1092,913,Jul15_0/26-20190709123900-snapshot.jpg
4,0,20190709,123900,74,5,1107,632,1151,685,Jul15_0/26-20190709123900-snapshot.jpg
4,0,20190709,123930,55,6,1517,305,1562,356,Jul15_0/26-20190709123930-snapshot.jpg
4,0,20190709,124000,58,5,27,567,84,605,Jul15_0/26-20190709124000-snapshot.jpg
4,0,20190709,124000,71,5,654,592,706,643,Jul15_0/26-20190709124000-snapshot.jpg
4,0,20190709,124030,74,6,185,687,285,767,Jul15_0/26-20190709124030-snapshot.jpg
4,0,20190709,124030,79,5,591,294,648,358,Jul15_0/26-20190709124030-snapshot.jpg
4,0,20190709,124200,77,5,720,693,770,739,Jul15_0/26-20190709124200-snapshot.jpg
4,0,20190709,124300,39,5,645,117,692,169,Jul15_0/26-20190709124300-snapshot.jpg
4,0,20190709,124330,73,5,308,785,353,829,Jul15_0/26-20190709124330-snapshot.jpg
4,0,20190709,124400,28,6,564,278,631,334,Jul15_0/26-20190709124400-snapshot.jpg
4,0,20190709,124400,49,5,332,705,374,755,Jul15_0/26-20190709124400-snapshot.jpg
4,0,20190709,124430,41,5,1484,273,1528,322,Jul15_0/26-20190709124430-snapshot.jpg
4,0,20190709,124500,29,5,809,567,864,618,Jul15_0/26-20190709124500-snapshot.jpg
4,0,20190709,124500,77,5,674,668,719,721,Jul15_0/26-20190709124500-snapshot.jpg
4,0,20190709,124530,30,5,834,160,876,210,Jul15_0/26-20190709124530-snapshot.jpg
4,0,20190709,124530,48,2,971,981,1023,1040,Jul15_0/26-20190709124530-snapshot.jpg
4,0,20190709,124600,80,8,0,637,53,715,Jul15_0/26-20190709124600-snapshot.jpg
4,0,20190709,124630,65,5,500,553,549,608,Jul15_0/26-20190709124630-snapshot.jpg
4,0,20190709,124630,69,5,525,164,585,223,Jul15_0/26-20190709124630-snapshot.jpg
4,0,20190709,124700,80,5,487,156,542,218,Jul15_0/26-20190709124700-snapshot.jpg
4,0,20190709,124730,61,5,540,48,604,103,Jul15_0/26-20190709124730-snapshot.jpg
4,0,20190709,124730,81,5,1041,453,1089,503,Jul15_0/26-20190709124730-snapshot.jpg
4,0,20190709,124800,60,5,1174,53,1217,96,Jul15_0/26-20190709124800-snapshot.jpg
4,0,20190709,124800,67,6,798,171,880,233,Jul15_0/26-20190709124800-snapshot.jpg
4,0,20190709,124900,48,5,1332,733,1374,780,Jul15_0/26-20190709124900-snapshot.jpg
4,0,20190709,124900,65,5,166,641,225,692,Jul15_0/26-20190709124900-snapshot.jpg
4,0,20190709,124900,75,5,1825,594,1875,656,Jul15_0/26-20190709124900-snapshot.jpg
4,0,20190709,124930,59,6,1153,77,1224,129,Jul15_0/26-20190709124930-snapshot.jpg
4,0,20190709,125000,71,5,1348,243,1395,287,Jul15_0/26-20190709125000-snapshot.jpg
4,0,20190709,125030,28,6,1858,562,1905,620,Jul15_0/26-20190709125030-snapshot.jpg
4,0,20190709,125030,35,5,1862,9,1919,58,Jul15_0/26-20190709125030-snapshot.jpg
4,0,20190709,125030,46,6,1861,8,1919,58,Jul15_0/26-20190709125030-snapshot.jpg
4,0,20190709,125030,50,6,1301,657,1344,697,Jul15_0/26-20190709125030-snapshot.jpg
4,0,20190709,125030,58,5,1858,562,1906,619,Jul15_0/26-20190709125030-snapshot.jpg
4,0,20190709,125030,70,5,700,800,751,846,Jul15_0/26-20190709125030-snapshot.jpg
4,0,20190709,125030,78,5,882,583,932,634,Jul15_0/26-20190709125030-snapshot.jpg
4,0,20190709,125100,37,5,12,559,60,611,Jul15_0/26-20190709125100-snapshot.jpg
4,0,20190709,125100,68,5,1037,862,1081,905,Jul15_0/26-20190709125100-snapshot.jpg
4,0,20190709,125100,71,6,342,662,428,736,Jul15_0/26-20190709125100-snapshot.jpg
4,0,20190709,125130,37,5,740,523,788,567,Jul15_0/26-20190709125130-snapshot.jpg
4,0,20190709,125130,58,5,1154,437,1205,496,Jul15_0/26-20190709125130-snapshot.jpg
4,0,20190709,125200,71,5,650,103,700,151,Jul15_0/26-20190709125200-snapshot.jpg
4,0,20190709,125230,60,5,673,207,727,243,Jul15_0/26-20190709125230-snapshot.jpg
4,0,20190709,125300,52,5,388,182,442,237,Jul15_0/26-20190709125300-snapshot.jpg
4,0,20190709,125300,80,6,940,483,1014,541,Jul15_0/26-20190709125300-snapshot.jpg
4,0,20190709,125330,27,5,333,340,404,406,Jul15_0/26-20190709125330-snapshot.jpg
4,0,20190709,125330,31,6,618,557,671,618,Jul15_0/26-20190709125330-snapshot.jpg
4,0,20190709,125330,48,5,708,1040,776,1078,Jul15_0/26-20190709125330-snapshot.jpg
4,0,20190709,125330,65,5,1217,402,1267,447,Jul15_0/26-20190709125330-snapshot.jpg
4,0,20190709,125400,54,5,884,963,930,1009,Jul15_0/26-20190709125400-snapshot.jpg
4,0,20190709,125400,70,6,763,512,840,555,Jul15_0/26-20190709125400-snapshot.jpg
4,0,20190709,125430,27,2,1297,501,1348,555,Jul15_0/26-20190709125430-snapshot.jpg
4,0,20190709,125430,40,6,309,674,391,739,Jul15_0/26-20190709125430-snapshot.jpg
4,0,20190709,125430,62,5,632,80,674,127,Jul15_0/26-20190709125430-snapshot.jpg
4,0,20190709,125430,63,5,1856,966,1913,1019,Jul15_0/26-20190709125430-snapshot.jpg
4,0,20190709,125500,42,2,514,285,576,348,Jul15_0/26-20190709125500-snapshot.jpg
4,0,20190709,125500,48,5,1190,445,1239,485,Jul15_0/26-20190709125500-snapshot.jpg
4,0,20190709,125500,64,5,1853,41,1920,96,Jul15_0/26-20190709125500-snapshot.jpg
4,0,20190709,125530,48,5,611,196,668,245,Jul15_0/26-20190709125530-snapshot.jpg
4,0,20190709,125600,51,6,259,555,339,617,Jul15_0/26-20190709125600-snapshot.jpg
4,0,20190709,125630,75,6,809,490,866,553,Jul15_0/26-20190709125630-snapshot.jpg
4,0,20190709,125700,51,6,1613,586,1699,646,Jul15_0/26-20190709125700-snapshot.jpg
4,0,20190709,125700,65,5,888,757,941,796,Jul15_0/26-20190709125700-snapshot.jpg
4,0,20190709,125730,32,5,69,367,151,430,Jul15_0/26-20190709125730-snapshot.jpg
4,0,20190709,125730,38,6,67,366,152,431,Jul15_0/26-20190709125730-snapshot.jpg
4,0,20190709,125730,74,5,1857,26,1918,69,Jul15_0/26-20190709125730-snapshot.jpg
4,0,20190709,125730,79,6,341,652,411,729,Jul15_0/26-20190709125730-snapshot.jpg
4,0,20190709,125800,35,6,1288,424,1343,469,Jul15_0/26-20190709125800-snapshot.jpg
4,0,20190709,125800,66,5,869,224,921,284,Jul15_0/26-20190709125800-snapshot.jpg
4,0,20190709,125900,49,5,1274,470,1313,514,Jul15_0/26-20190709125900-snapshot.jpg
4,0,20190709,125900,63,5,252,553,303,599,Jul15_0/26-20190709125900-snapshot.jpg
4,0,20190709,125900,69,6,572,156,637,217,Jul15_0/26-20190709125900-snapshot.jpg
4,0,20190709,125930,54,5,839,48,887,83,Jul15_0/26-20190709125930-snapshot.jpg
4,0,20190709,130030,78,6,1044,637,1094,700,Jul15_0/26-20190709130030-snapshot.jpg
4,0,20190709,130030,80,5,605,220,655,274,Jul15_0/26-20190709130030-snapshot.jpg
4,0,20190709,130200,76,5,663,558,710,609,Jul15_0/26-20190709130200-snapshot.jpg
4,0,20190709,130230,67,6,147,252,234,312,Jul15_0/26-20190709130230-snapshot.jpg
4,0,20190709,130300,56,5,911,654,965,702,Jul15_0/26-20190709130300-snapshot.jpg
4,0,20190709,130330,45,5,70,255,125,311,Jul15_0/26-20190709130330-snapshot.jpg
4,0,20190709,130400,58,6,1326,499,1379,560,Jul15_0/26-20190709130400-snapshot.jpg
4,0,20190709,130400,71,6,1039,467,1096,522,Jul15_0/26-20190709130400-snapshot.jpg
4,0,20190709,130430,27,8,941,360,1011,404,Jul15_0/26-20190709130430-snapshot.jpg
4,0,20190709,130430,36,5,940,361,1012,405,Jul15_0/26-20190709130430-snapshot.jpg
4,0,20190709,130430,68,6,0,302,83,359,Jul15_0/26-20190709130430-snapshot.jpg
4,0,20190709,130500,61,5,939,677,989,710,Jul15_0/26-20190709130500-snapshot.jpg
4,0,20190709,130500,78,5,531,884,585,930,Jul15_0/26-20190709130500-snapshot.jpg
4,0,20190709,130500,80,6,882,826,961,905,Jul15_0/26-20190709130500-snapshot.jpg
4,0,20190709,130530,45,6,1266,420,1317,470,Jul15_0/26-20190709130530-snapshot.jpg
4,0,20190709,130530,61,5,1268,421,1314,468,Jul15_0/26-20190709130530-snapshot.jpg
4,0,20190709,130600,68,5,351,356,408,417,Jul15_0/26-20190709130600-snapshot.jpg
4,0,20190709,130600,74,5,1387,150,1441,186,Jul15_0/26-20190709130600-snapshot.jpg
4,0,20190709,130600,79,5,1035,437,1074,483,Jul15_0/26-20190709130600-snapshot.jpg
4,0,20190709,130630,82,6,545,333,625,401,Jul15_0/26-20190709130630-snapshot.jpg
4,0,20190709,130700,74,5,1881,957,1920,1007,Jul15_0/26-20190709130700-snapshot.jpg
4,0,20190709,130800,26,5,1,554,51,602,Jul15_0/26-20190709130800-snapshot.jpg
4,0,20190709,130900,71,6,688,730,771,804,Jul15_0/26-20190709130900-snapshot.jpg
4,0,20190709,130930,31,6,253,325,339,386,Jul15_0/26-20190709130930-snapshot.jpg
4,0,20190709,130930,58,6,219,673,306,743,Jul15_0/26-20190709130930-snapshot.jpg
4,0,20190709,130930,74,5,1499,207,1555,248,Jul15_0/26-20190709130930-snapshot.jpg
4,0,20190709,131000,61,5,1414,863,1461,913,Jul15_0/26-20190709131000-snapshot.jpg
4,0,20190709,131030,75,6,908,167,988,218,Jul15_0/26-20190709131030-snapshot.jpg
4,0,20190709,131100,67,5,627,186,681,245,Jul15_0/26-20190709131100-snapshot.jpg
4,0,20190709,131130,63,6,214,611,273,678,Jul15_0/26-20190709131130-snapshot.jpg
4,0,20190709,131200,62,6,982,770,1033,832,Jul15_0/26-20190709131200-snapshot.jpg
4,0,20190709,131300,78,5,910,285,951,331,Jul15_0/26-20190709131300-snapshot.jpg
4,0,20190709,131430,69,5,420,475,468,520,Jul15_0/26-20190709131430-snapshot.jpg
4,0,20190709,131530,64,5,638,490,683,540,Jul15_0/26-20190709131530-snapshot.jpg
4,0,20190709,131600,79,5,999,715,1050,766,Jul15_0/26-20190709131600-snapshot.jpg
4,0,20190709,131630,26,4,325,170,409,234,Jul15_0/26-20190709131630-snapshot.jpg
4,0,20190709,131630,67,5,941,181,985,237,Jul15_0/26-20190709131630-snapshot.jpg
4,0,20190709,131700,61,6,1606,302,1671,349,Jul15_0/26-20190709131700-snapshot.jpg
4,0,20190709,131700,81,5,649,213,720,266,Jul15_0/26-20190709131700-snapshot.jpg
4,0,20190709,131730,56,5,13,735,60,787,Jul15_0/26-20190709131730-snapshot.jpg
4,0,20190709,131730,66,5,223,636,274,697,Jul15_0/26-20190709131730-snapshot.jpg
4,0,20190709,131800,53,6,1845,785,1920,850,Jul15_0/26-20190709131800-snapshot.jpg
4,0,20190709,131800,70,5,664,657,711,710,Jul15_0/26-20190709131800-snapshot.jpg
4,0,20190709,131830,50,6,838,511,909,557,Jul15_0/26-20190709131830-snapshot.jpg
4,0,20190709,131900,69,5,503,927,577,992,Jul15_0/26-20190709131900-snapshot.jpg
4,0,20190709,131930,66,5,1046,644,1087,689,Jul15_0/26-20190709131930-snapshot.jpg
4,0,20190709,131930,77,5,1283,605,1325,650,Jul15_0/26-20190709131930-snapshot.jpg
4,0,20190709,131930,82,6,28,307,114,363,Jul15_0/26-20190709131930-snapshot.jpg
4,0,20190709,132000,48,6,32,303,117,363,Jul15_0/26-20190709132000-snapshot.jpg
4,0,20190709,132000,74,5,877,333,921,379,Jul15_0/26-20190709132000-snapshot.jpg
4,0,20190709,132030,40,5,137,118,199,154,Jul15_0/26-20190709132030-snapshot.jpg
4,0,20190709,132030,69,6,1120,422,1195,479,Jul15_0/26-20190709132030-snapshot.jpg
4,0,20190709,132100,37,6,1222,390,1302,441,Jul15_0/26-20190709132100-snapshot.jpg
4,0,20190709,132130,28,5,1095,608,1142,655,Jul15_0/26-20190709132130-snapshot.jpg
4,0,20190709,132130,86,8,939,711,1015,771,Jul15_0/26-20190709132130-snapshot.jpg
4,0,20190709,132330,76,5,415,156,473,211,Jul15_0/26-20190709132330-snapshot.jpg
4,0,20190709,132400,74,5,213,545,263,596,Jul15_0/26-20190709132400-snapshot.jpg
4,0,20190709,132500,35,5,1008,218,1045,253,Jul15_0/26-20190709132500-snapshot.jpg
4,0,20190709,132600,67,6,691,824,741,888,Jul15_0/26-20190709132600-snapshot.jpg
4,0,20190709,132630,48,5,522,288,571,341,Jul15_0/26-20190709132630-snapshot.jpg
4,0,20190709,132630,48,5,897,876,938,926,Jul15_0/26-20190709132630-snapshot.jpg
4,0,20190709,132700,74,5,1229,421,1274,474,Jul15_0/26-20190709132700-snapshot.jpg
4,0,20190709,132700,81,5,391,196,446,264,Jul15_0/26-20190709132700-snapshot.jpg
4,0,20190709,132730,53,5,1304,105,1353,158,Jul15_0/26-20190709132730-snapshot.jpg
4,0,20190709,132800,37,5,64,74,143,120,Jul15_0/26-20190709132800-snapshot.jpg
4,0,20190709,132800,64,5,1548,272,1593,316,Jul15_0/26-20190709132800-snapshot.jpg
4,0,20190709,132800,78,5,839,550,883,604,Jul15_0/26-20190709132800-snapshot.jpg
4,0,20190709,132830,30,6,1277,140,1338,183,Jul15_0/26-20190709132830-snapshot.jpg
4,0,20190709,132830,38,5,523,120,574,165,Jul15_0/26-20190709132830-snapshot.jpg
4,0,20190709,132900,69,5,502,147,556,183,Jul15_0/26-20190709132900-snapshot.jpg
4,0,20190709,132900,74,5,592,635,645,685,Jul15_0/26-20190709132900-snapshot.jpg
4,0,20190709,132900,75,5,605,246,644,301,Jul15_0/26-20190709132900-snapshot.jpg
4,0,20190709,132900,75,6,847,155,898,214,Jul15_0/26-20190709132900-snapshot.jpg
4,0,20190709,132930,31,6,709,741,769,804,Jul15_0/26-20190709132930-snapshot.jpg
4,0,20190709,133000,75,5,203,223,272,273,Jul15_0/26-20190709133000-snapshot.jpg
4,0,20190709,133000,77,5,1318,261,1363,295,Jul15_0/26-20190709133000-snapshot.jpg
4,0,20190709,133030,33,5,173,155,246,203,Jul15_0/26-20190709133030-snapshot.jpg
4,0,20190709,133030,46,5,462,999,510,1039,Jul15_0/26-20190709133030-snapshot.jpg
4,0,20190709,133100,66,5,263,141,333,188,Jul15_0/26-20190709133100-snapshot.jpg
4,0,20190709,133130,70,5,1250,736,1298,773,Jul15_0/26-20190709133130-snapshot.jpg
4,0,20190709,133130,74,5,538,303,593,358,Jul15_0/26-20190709133130-snapshot.jpg
4,0,20190709,133200,62,5,181,635,236,688,Jul15_0/26-20190709133200-snapshot.jpg
4,0,20190709,133230,59,6,1002,160,1079,220,Jul15_0/26-20190709133230-snapshot.jpg
4,0,20190709,133230,83,5,1019,583,1060,633,Jul15_0/26-20190709133230-snapshot.jpg
4,0,20190709,133300,60,6,857,375,911,437,Jul15_0/26-20190709133300-snapshot.jpg
4,0,20190709,133300,73,5,1255,429,1299,478,Jul15_0/26-20190709133300-snapshot.jpg
4,0,20190709,133330,30,6,849,221,935,283,Jul15_0/26-20190709133330-snapshot.jpg
4,0,20190709,133400,39,5,1059,353,1108,409,Jul15_0/26-20190709133400-snapshot.jpg
4,0,20190709,133400,53,5,808,238,855,282,Jul15_0/26-20190709133400-snapshot.jpg
4,0,20190709,133400,59,6,1058,353,1108,410,Jul15_0/26-20190709133400-snapshot.jpg
4,0,20190709,133430,76,5,631,133,684,179,Jul15_0/26-20190709133430-snapshot.jpg
4,0,20190709,133500,55,6,1183,27,1247,73,Jul15_0/26-20190709133500-snapshot.jpg
4,0,20190709,133500,66,6,167,707,262,767,Jul15_0/26-20190709133500-snapshot.jpg
4,0,20190709,133630,71,5,1012,574,1056,623,Jul15_0/26-20190709133630-snapshot.jpg
4,0,20190709,133700,51,5,29,202,81,259,Jul15_0/26-20190709133700-snapshot.jpg
4,0,20190709,133700,62,5,1649,987,1702,1024,Jul15_0/26-20190709133700-snapshot.jpg
4,0,20190709,133700,71,6,887,827,945,877,Jul15_0/26-20190709133700-snapshot.jpg
4,0,20190709,133830,67,5,219,345,277,393,Jul15_0/26-20190709133830-snapshot.jpg
4,0,20190709,133900,27,6,167,216,247,271,Jul15_0/26-20190709133900-snapshot.jpg
4,0,20190709,133900,45,5,167,215,245,271,Jul15_0/26-20190709133900-snapshot.jpg
4,0,20190709,133900,52,6,1159,419,1214,463,Jul15_0/26-20190709133900-snapshot.jpg
4,0,20190709,133900,80,5,1016,415,1055,462,Jul15_0/26-20190709133900-snapshot.jpg
4,0,20190709,133930,67,6,495,142,572,191,Jul15_0/26-20190709133930-snapshot.jpg
4,0,20190709,133930,70,5,1538,270,1584,317,Jul15_0/26-20190709133930-snapshot.jpg
4,0,20190709,133930,78,5,99,71,177,123,Jul15_0/26-20190709133930-snapshot.jpg
4,0,20190709,134000,49,6,354,689,423,743,Jul15_0/26-20190709134000-snapshot.jpg
4,0,20190709,134100,78,5,481,167,539,219,Jul15_0/26-20190709134100-snapshot.jpg
4,0,20190709,134130,30,6,1300,459,1351,514,Jul15_0/26-20190709134130-snapshot.jpg
4,0,20190709,134130,69,5,527,50,579,91,Jul15_0/26-20190709134130-snapshot.jpg
4,0,20190709,134200,26,6,318,35,401,103,Jul15_0/26-20190709134200-snapshot.jpg
4,0,20190709,134200,37,5,33,142,88,202,Jul15_0/26-20190709134200-snapshot.jpg
4,0,20190709,134200,51,5,1622,421,1663,465,Jul15_0/26-20190709134200-snapshot.jpg
4,0,20190709,134300,68,5,199,51,276,107,Jul15_0/26-20190709134300-snapshot.jpg
4,0,20190709,134300,71,5,911,1027,958,1067,Jul15_0/26-20190709134300-snapshot.jpg
4,0,20190709,134330,25,5,286,698,337,746,Jul15_0/26-20190709134330-snapshot.jpg
4,0,20190709,134330,71,5,1263,632,1306,687,Jul15_0/26-20190709134330-snapshot.jpg
4,0,20190709,134330,77,5,858,881,909,911,Jul15_0/26-20190709134330-snapshot.jpg
4,0,20190709,134400,28,5,500,1047,549,1076,Jul15_0/26-20190709134400-snapshot.jpg
4,0,20190709,134400,40,5,165,552,220,594,Jul15_0/26-20190709134400-snapshot.jpg
4,0,20190709,134400,40,5,201,85,278,148,Jul15_0/26-20190709134400-snapshot.jpg
4,0,20190709,134400,65,6,1318,543,1373,609,Jul15_0/26-20190709134400-snapshot.jpg
4,0,20190709,134400,69,5,776,829,822,865,Jul15_0/26-20190709134400-snapshot.jpg
4,0,20190709,134430,36,5,9,743,64,780,Jul15_0/26-20190709134430-snapshot.jpg
4,0,20190709,134430,62,5,161,547,215,583,Jul15_0/26-20190709134430-snapshot.jpg
4,0,20190709,134430,64,5,833,545,880,584,Jul15_0/26-20190709134430-snapshot.jpg
4,0,20190709,134530,50,5,1265,629,1304,675,Jul15_0/26-20190709134530-snapshot.jpg
4,0,20190709,134530,73,5,434,252,493,301,Jul15_0/26-20190709134530-snapshot.jpg
4,0,20190709,134600,25,6,280,752,356,812,Jul15_0/26-20190709134600-snapshot.jpg
4,0,20190709,134600,45,6,839,7,889,45,Jul15_0/26-20190709134600-snapshot.jpg
4,0,20190709,134600,81,5,827,798,878,848,Jul15_0/26-20190709134600-snapshot.jpg
4,0,20190709,134630,34,5,691,208,740,246,Jul15_0/26-20190709134630-snapshot.jpg
4,0,20190709,134800,73,5,386,114,445,169,Jul15_0/26-20190709134800-snapshot.jpg
4,0,20190709,134900,36,5,786,570,846,610,Jul15_0/26-20190709134900-snapshot.jpg
4,0,20190709,134900,69,5,466,314,532,360,Jul15_0/26-20190709134900-snapshot.jpg
4,0,20190709,134930,77,5,293,199,367,266,Jul15_0/26-20190709134930-snapshot.jpg
4,0,20190709,134930,79,5,1000,1042,1057,1072,Jul15_0/26-20190709134930-snapshot.jpg
4,0,20190709,134930,80,5,1007,631,1056,683,Jul15_0/26-20190709134930-snapshot.jpg
4,0,20190709,135000,45,5,149,119,211,177,Jul15_0/26-20190709135000-snapshot.jpg
4,0,20190709,135000,61,5,1126,715,1177,747,Jul15_0/26-20190709135000-snapshot.jpg
4,0,20190709,135030,68,5,1125,713,1174,746,Jul15_0/26-20190709135030-snapshot.jpg
4,0,20190709,135100,55,5,1127,748,1172,797,Jul15_0/26-20190709135100-snapshot.jpg
4,0,20190709,135130,65,5,883,958,929,1007,Jul15_0/26-20190709135130-snapshot.jpg
4,0,20190709,135200,77,5,984,627,1039,668,Jul15_0/26-20190709135200-snapshot.jpg
4,0,20190709,135230,74,5,1263,622,1305,665,Jul15_0/26-20190709135230-snapshot.jpg
4,0,20190709,135300,42,6,3,235,84,294,Jul15_0/26-20190709135300-snapshot.jpg
4,0,20190709,135330,34,6,0,286,74,344,Jul15_0/26-20190709135330-snapshot.jpg
4,0,20190709,135330,53,5,523,483,577,517,Jul15_0/26-20190709135330-snapshot.jpg
4,0,20190709,135400,63,5,1627,812,1670,859,Jul15_0/26-20190709135400-snapshot.jpg
4,0,20190709,135430,57,5,761,583,807,629,Jul15_0/26-20190709135430-snapshot.jpg
4,0,20190709,135430,76,6,837,178,894,243,Jul15_0/26-20190709135430-snapshot.jpg
4,0,20190709,135500,56,5,1374,134,1420,168,Jul15_0/26-20190709135500-snapshot.jpg
4,0,20190709,135530,82,5,641,30,685,82,Jul15_0/26-20190709135530-snapshot.jpg
4,0,20190709,135600,53,5,694,868,748,916,Jul15_0/26-20190709135600-snapshot.jpg
4,0,20190709,135600,55,5,574,485,634,526,Jul15_0/26-20190709135600-snapshot.jpg
4,0,20190709,135630,50,5,856,44,921,86,Jul15_0/26-20190709135630-snapshot.jpg
4,0,20190709,135630,50,5,28,251,84,313,Jul15_0/26-20190709135630-snapshot.jpg
4,0,20190709,135700,42,5,422,154,479,204,Jul15_0/26-20190709135700-snapshot.jpg
4,0,20190709,135700,57,5,539,931,596,982,Jul15_0/26-20190709135700-snapshot.jpg
4,0,20190709,135730,32,6,383,406,463,456,Jul15_0/26-20190709135730-snapshot.jpg
4,0,20190709,135730,73,5,711,697,756,747,Jul15_0/26-20190709135730-snapshot.jpg
4,0,20190709,135730,80,5,28,144,84,203,Jul15_0/26-20190709135730-snapshot.jpg
4,0,20190709,135800,62,5,665,24,719,55,Jul15_0/26-20190709135800-snapshot.jpg
4,0,20190709,135830,60,5,90,371,158,416,Jul15_0/26-20190709135830-snapshot.jpg
4,0,20190709,135830,78,5,277,162,349,217,Jul15_0/26-20190709135830-snapshot.jpg
4,0,20190709,135900,34,5,402,54,455,114,Jul15_0/26-20190709135900-snapshot.jpg
4,0,20190709,135900,49,5,1339,82,1400,117,Jul15_0/26-20190709135900-snapshot.jpg
4,0,20190709,135900,76,5,597,546,647,598,Jul15_0/26-20190709135900-snapshot.jpg
4,0,20190709,135930,78,5,1875,529,1919,584,Jul15_0/26-20190709135930-snapshot.jpg
4,0,20190709,135930,83,5,668,508,708,557,Jul15_0/26-20190709135930-snapshot.jpg
4,0,20190709,140000,75,5,1837,577,1886,635,Jul15_0/26-20190709140000-snapshot.jpg
4,0,20190709,140030,54,6,1279,332,1329,383,Jul15_0/26-20190709140030-snapshot.jpg
4,0,20190709,140030,75,5,700,592,754,649,Jul15_0/26-20190709140030-snapshot.jpg
4,0,20190709,140230,42,5,1078,609,1122,647,Jul15_0/26-20190709140230-snapshot.jpg
4,0,20190709,140230,54,5,1856,782,1901,831,Jul15_0/26-20190709140230-snapshot.jpg
4,0,20190709,140300,29,5,1223,529,1259,571,Jul15_0/26-20190709140300-snapshot.jpg
4,0,20190709,140330,53,5,384,140,454,189,Jul15_0/26-20190709140330-snapshot.jpg
4,0,20190709,140330,77,5,966,496,1023,543,Jul15_0/26-20190709140330-snapshot.jpg
4,0,20190709,140500,63,5,344,238,412,284,Jul15_0/26-20190709140500-snapshot.jpg
4,0,20190709,140530,65,5,1359,669,1403,705,Jul15_0/26-20190709140530-snapshot.jpg
4,0,20190709,140530,70,5,591,254,639,303,Jul15_0/26-20190709140530-snapshot.jpg
4,0,20190709,140630,78,5,1516,210,1559,259,Jul15_0/26-20190709140630-snapshot.jpg
4,0,20190709,140930,56,6,210,674,296,743,Jul15_0/26-20190709140930-snapshot.jpg
4,0,20190709,141000,78,5,332,699,380,751,Jul15_0/26-20190709141000-snapshot.jpg
4,0,20190709,141100,79,5,125,203,180,269,Jul15_0/26-20190709141100-snapshot.jpg
4,0,20190709,141230,51,5,1334,709,1376,753,Jul15_0/26-20190709141230-snapshot.jpg
4,0,20190709,141230,61,5,776,870,825,909,Jul15_0/26-20190709141230-snapshot.jpg
4,0,20190709,141230,78,6,1064,382,1115,429,Jul15_0/26-20190709141230-snapshot.jpg
4,0,20190709,141300,85,6,929,333,1007,398,Jul15_0/26-20190709141300-snapshot.jpg
4,0,20190709,141330,75,5,850,546,898,601,Jul15_0/26-20190709141330-snapshot.jpg
4,0,20190709,141330,79,5,1292,595,1327,640,Jul15_0/26-20190709141330-snapshot.jpg
4,0,20190709,141330,84,6,1044,447,1098,504,Jul15_0/26-20190709141330-snapshot.jpg
4,0,20190709,141400,30,5,1356,572,1396,621,Jul15_0/26-20190709141400-snapshot.jpg
4,0,20190709,141400,36,6,438,266,511,328,Jul15_0/26-20190709141400-snapshot.jpg
4,0,20190709,141400,39,5,439,265,512,328,Jul15_0/26-20190709141400-snapshot.jpg
4,0,20190709,141400,61,5,54,280,106,335,Jul15_0/26-20190709141400-snapshot.jpg
4,0,20190709,141400,61,6,1269,786,1328,836,Jul15_0/26-20190709141400-snapshot.jpg
4,0,20190709,141430,54,5,608,556,653,607,Jul15_0/26-20190709141430-snapshot.jpg
4,0,20190709,141430,72,5,729,811,778,856,Jul15_0/26-20190709141430-snapshot.jpg
4,0,20190709,141430,74,6,1249,72,1324,122,Jul15_0/26-20190709141430-snapshot.jpg
4,0,20190709,141500,39,5,927,993,967,1032,Jul15_0/26-20190709141500-snapshot.jpg
4,0,20190709,141530,74,5,716,683,761,734,Jul15_0/26-20190709141530-snapshot.jpg
4,0,20190709,141700,75,5,1306,661,1344,707,Jul15_0/26-20190709141700-snapshot.jpg
4,0,20190709,141700,77,5,603,336,661,395,Jul15_0/26-20190709141700-snapshot.jpg
4,0,20190709,141830,76,5,427,245,484,301,Jul15_0/26-20190709141830-snapshot.jpg
4,0,20190709,142100,42,5,1607,679,1664,740,Jul15_0/26-20190709142100-snapshot.jpg
4,0,20190709,142130,69,5,857,1041,896,1079,Jul15_0/26-20190709142130-snapshot.jpg
4,0,20190709,142430,40,5,970,433,1017,488,Jul15_0/26-20190709142430-snapshot.jpg
4,0,20190709,142430,47,6,507,277,590,336,Jul15_0/26-20190709142430-snapshot.jpg
4,0,20190709,142430,60,5,551,985,641,1044,Jul15_0/26-20190709142430-snapshot.jpg
4,0,20190709,142500,59,5,928,573,972,622,Jul15_0/26-20190709142500-snapshot.jpg
4,0,20190709,142530,27,5,948,321,996,361,Jul15_0/26-20190709142530-snapshot.jpg
4,0,20190709,142530,69,5,108,388,171,432,Jul15_0/26-20190709142530-snapshot.jpg
4,0,20190709,142600,71,5,341,668,390,721,Jul15_0/26-20190709142600-snapshot.jpg
4,0,20190709,142630,30,5,1502,275,1547,326,Jul15_0/26-20190709142630-snapshot.jpg
4,0,20190709,142800,65,5,338,704,385,747,Jul15_0/26-20190709142800-snapshot.jpg
4,0,20190709,142900,37,5,281,170,350,232,Jul15_0/26-20190709142900-snapshot.jpg
4,0,20190709,142930,35,6,789,538,840,591,Jul15_0/26-20190709142930-snapshot.jpg
4,0,20190709,142930,47,5,1325,739,1366,781,Jul15_0/26-20190709142930-snapshot.jpg
4,0,20190709,143030,30,6,298,640,353,699,Jul15_0/26-20190709143030-snapshot.jpg
4,0,20190709,143030,80,5,623,181,670,236,Jul15_0/26-20190709143030-snapshot.jpg
4,0,20190709,143100,55,5,731,1026,774,1069,Jul15_0/26-20190709143100-snapshot.jpg
4,0,20190709,143130,54,5,793,587,839,624,Jul15_0/26-20190709143130-snapshot.jpg
4,0,20190709,143130,67,5,1298,616,1335,653,Jul15_0/26-20190709143130-snapshot.jpg
4,0,20190709,143200,78,5,1037,866,1080,911,Jul15_0/26-20190709143200-snapshot.jpg
4,0,20190709,143300,67,5,882,904,936,938,Jul15_0/26-20190709143300-snapshot.jpg
4,0,20190709,143330,77,5,749,980,799,1020,Jul15_0/26-20190709143330-snapshot.jpg
4,0,20190709,143430,49,5,1259,737,1301,774,Jul15_0/26-20190709143430-snapshot.jpg
4,0,20190709,143530,63,5,1283,131,1333,169,Jul15_0/26-20190709143530-snapshot.jpg
4,0,20190709,143530,73,5,776,818,827,862,Jul15_0/26-20190709143530-snapshot.jpg
4,0,20190709,143530,74,5,740,1036,784,1072,Jul15_0/26-20190709143530-snapshot.jpg
4,0,20190709,143600,63,5,948,678,996,721,Jul15_0/26-20190709143600-snapshot.jpg
4,0,20190709,143700,48,5,312,109,386,158,Jul15_0/26-20190709143700-snapshot.jpg
4,0,20190709,143700,50,5,908,1052,951,1080,Jul15_0/26-20190709143700-snapshot.jpg
4,0,20190709,143830,26,5,558,120,611,165,Jul15_0/26-20190709143830-snapshot.jpg
4,0,20190709,143900,78,5,620,182,666,235,Jul15_0/26-20190709143900-snapshot.jpg
4,0,20190709,144030,62,5,1156,310,1205,352,Jul15_0/26-20190709144030-snapshot.jpg
4,0,20190709,144030,69,5,26,568,84,604,Jul15_0/26-20190709144030-snapshot.jpg
4,0,20190709,144100,81,5,161,162,216,222,Jul15_0/26-20190709144100-snapshot.jpg
4,0,20190709,144130,70,5,108,86,167,140,Jul15_0/26-20190709144130-snapshot.jpg
4,0,20190709,144130,72,5,1597,1027,1648,1065,Jul15_0/26-20190709144130-snapshot.jpg
4,0,20190709,144200,76,5,406,61,455,114,Jul15_0/26-20190709144200-snapshot.jpg
4,0,20190709,144300,36,5,536,714,581,742,Jul15_0/26-20190709144300-snapshot.jpg
4,0,20190709,144300,49,5,236,7,312,59,Jul15_0/26-20190709144300-snapshot.jpg
4,0,20190709,144330,67,5,1832,711,1879,768,Jul15_0/26-20190709144330-snapshot.jpg
4,0,20190709,144400,75,6,1266,86,1314,141,Jul15_0/26-20190709144400-snapshot.jpg
4,0,20190709,144400,75,5,13,142,68,199,Jul15_0/26-20190709144400-snapshot.jpg
4,0,20190709,144430,73,5,1552,284,1591,331,Jul15_0/26-20190709144430-snapshot.jpg
4,0,20190709,144600,72,5,1054,606,1093,648,Jul15_0/26-20190709144600-snapshot.jpg
4,0,20190709,144630,71,5,1614,383,1659,430,Jul15_0/26-20190709144630-snapshot.jpg
4,0,20190709,144630,74,5,849,556,898,610,Jul15_0/26-20190709144630-snapshot.jpg
4,0,20190709,144700,29,6,983,117,1055,167,Jul15_0/26-20190709144700-snapshot.jpg
4,0,20190709,144800,47,5,179,233,233,288,Jul15_0/26-20190709144800-snapshot.jpg
4,0,20190709,144930,55,5,347,251,401,306,Jul15_0/26-20190709144930-snapshot.jpg
4,0,20190709,145000,64,5,540,933,599,995,Jul15_0/26-20190709145000-snapshot.jpg
4,0,20190709,145000,66,5,404,127,452,180,Jul15_0/26-20190709145000-snapshot.jpg
4,0,20190709,145030,38,6,0,697,65,763,Jul15_0/26-20190709145030-snapshot.jpg
4,0,20190709,145030,57,5,300,158,366,200,Jul15_0/26-20190709145030-snapshot.jpg
4,0,20190709,145030,76,6,661,188,725,239,Jul15_0/26-20190709145030-snapshot.jpg
4,0,20190709,145100,31,6,850,333,907,393,Jul15_0/26-20190709145100-snapshot.jpg
4,0,20190709,145130,69,6,1025,563,1077,608,Jul15_0/26-20190709145130-snapshot.jpg
4,0,20190709,145200,63,5,742,956,795,990,Jul15_0/26-20190709145200-snapshot.jpg
4,0,20190709,145230,34,5,1879,857,1919,904,Jul15_0/26-20190709145230-snapshot.jpg
4,0,20190709,145300,84,6,399,389,479,452,Jul15_0/26-20190709145300-snapshot.jpg
4,0,20190709,145330,53,5,1370,1024,1422,1060,Jul15_0/26-20190709145330-snapshot.jpg
4,0,20190709,145330,80,6,517,265,592,322,Jul15_0/26-20190709145330-snapshot.jpg
4,0,20190709,145400,61,6,43,699,113,767,Jul15_0/26-20190709145400-snapshot.jpg
4,0,20190709,145400,74,6,534,338,616,406,Jul15_0/26-20190709145400-snapshot.jpg
4,0,20190709,145430,54,5,964,1039,1014,1068,Jul15_0/26-20190709145430-snapshot.jpg
4,0,20190709,145430,82,6,514,283,568,353,Jul15_0/26-20190709145430-snapshot.jpg
4,0,20190709,145500,76,6,644,103,699,167,Jul15_0/26-20190709145500-snapshot.jpg
4,0,20190709,145700,77,6,507,306,588,360,Jul15_0/26-20190709145700-snapshot.jpg
4,0,20190709,145730,76,6,0,271,58,337,Jul15_0/26-20190709145730-snapshot.jpg
4,0,20190709,145800,28,5,285,218,353,264,Jul15_0/26-20190709145800-snapshot.jpg
4,0,20190709,145800,56,5,1510,230,1551,262,Jul15_0/26-20190709145800-snapshot.jpg
4,0,20190709,145900,77,5,522,102,575,160,Jul15_0/26-20190709145900-snapshot.jpg
4,0,20190709,145930,69,5,741,822,791,866,Jul15_0/26-20190709145930-snapshot.jpg
4,0,20190709,145930,78,6,513,324,590,379,Jul15_0/26-20190709145930-snapshot.jpg
4,0,20190709,150000,71,6,1155,429,1210,480,Jul15_0/26-20190709150000-snapshot.jpg
4,0,20190709,150030,58,5,1845,985,1892,1025,Jul15_0/26-20190709150030-snapshot.jpg
4,0,20190709,150030,79,6,1194,383,1250,438,Jul15_0/26-20190709150030-snapshot.jpg
4,0,20190709,150100,34,5,1766,771,1817,819,Jul15_0/26-20190709150100-snapshot.jpg
4,0,20190709,150100,81,5,1050,588,1098,636,Jul15_0/26-20190709150100-snapshot.jpg
4,0,20190709,150130,35,5,1163,98,1203,149,Jul15_0/26-20190709150130-snapshot.jpg
4,0,20190709,150130,44,5,189,651,263,698,Jul15_0/26-20190709150130-snapshot.jpg
4,0,20190709,150130,76,5,829,552,881,593,Jul15_0/26-20190709150130-snapshot.jpg
4,0,20190709,150200,71,5,808,904,851,953,Jul15_0/26-20190709150200-snapshot.jpg
4,0,20190709,150230,78,5,741,98,789,151,Jul15_0/26-20190709150230-snapshot.jpg
4,0,20190709,150300,25,5,1221,445,1270,479,Jul15_0/26-20190709150300-snapshot.jpg
4,0,20190709,150330,36,5,1853,985,1910,1023,Jul15_0/26-20190709150330-snapshot.jpg
4,0,20190709,150500,53,5,509,314,563,357,Jul15_0/26-20190709150500-snapshot.jpg
4,0,20190709,150530,72,5,256,136,328,185,Jul15_0/26-20190709150530-snapshot.jpg
4,0,20190709,150800,40,6,876,337,935,398,Jul15_0/26-20190709150800-snapshot.jpg
4,0,20190709,150830,70,5,867,439,919,478,Jul15_0/26-20190709150830-snapshot.jpg
4,0,20190709,150930,60,6,180,708,260,770,Jul15_0/26-20190709150930-snapshot.jpg
4,0,20190709,151000,41,5,366,623,409,669,Jul15_0/26-20190709151000-snapshot.jpg
4,0,20190709,151030,59,6,197,339,271,392,Jul15_0/26-20190709151030-snapshot.jpg
4,0,20190709,151030,65,5,555,269,602,308,Jul15_0/26-20190709151030-snapshot.jpg
4,0,20190709,151200,37,5,1415,136,1462,175,Jul15_0/26-20190709151200-snapshot.jpg
4,0,20190709,151230,65,5,325,707,374,749,Jul15_0/26-20190709151230-snapshot.jpg
4,0,20190709,151330,71,5,1854,983,1911,1020,Jul15_0/26-20190709151330-snapshot.jpg
4,0,20190709,151400,50,5,1371,147,1411,184,Jul15_0/26-20190709151400-snapshot.jpg
4,0,20190709,151400,70,6,1195,751,1246,807,Jul15_0/26-20190709151400-snapshot.jpg
4,0,20190709,151430,57,5,1533,275,1569,321,Jul15_0/26-20190709151430-snapshot.jpg
4,0,20190709,151430,71,6,1332,992,1409,1036,Jul15_0/26-20190709151430-snapshot.jpg
4,0,20190709,151500,69,5,1072,476,1112,518,Jul15_0/26-20190709151500-snapshot.jpg
4,0,20190709,151530,72,5,1663,59,1715,111,Jul15_0/26-20190709151530-snapshot.jpg
4,0,20190709,151600,82,5,1765,311,1815,373,Jul15_0/26-20190709151600-snapshot.jpg
4,0,20190709,151630,58,6,1769,314,1819,381,Jul15_0/26-20190709151630-snapshot.jpg
4,0,20190709,151700,37,5,1766,874,1838,924,Jul15_0/26-20190709151700-snapshot.jpg
4,0,20190709,151700,41,8,1765,873,1838,924,Jul15_0/26-20190709151700-snapshot.jpg
4,0,20190709,151730,56,5,1031,432,1071,474,Jul15_0/26-20190709151730-snapshot.jpg
4,0,20190709,151830,72,5,1333,145,1381,196,Jul15_0/26-20190709151830-snapshot.jpg
4,0,20190709,151930,25,6,283,771,347,818,Jul15_0/26-20190709151930-snapshot.jpg
4,0,20190709,151930,35,5,286,773,346,818,Jul15_0/26-20190709151930-snapshot.jpg
4,0,20190709,151930,37,5,1801,661,1863,699,Jul15_0/26-20190709151930-snapshot.jpg
4,0,20190709,152000,34,5,330,637,383,676,Jul15_0/26-20190709152000-snapshot.jpg
4,0,20190709,152000,35,6,328,633,388,679,Jul15_0/26-20190709152000-snapshot.jpg
4,0,20190709,152000,40,5,1871,60,1919,123,Jul15_0/26-20190709152000-snapshot.jpg
4,0,20190709,152000,69,6,0,224,39,290,Jul15_0/26-20190709152000-snapshot.jpg
4,0,20190709,152030,71,5,660,531,711,565,Jul15_0/26-20190709152030-snapshot.jpg
4,0,20190709,152130,45,5,541,888,586,940,Jul15_0/26-20190709152130-snapshot.jpg
4,0,20190709,152230,58,5,1515,309,1560,355,Jul15_0/26-20190709152230-snapshot.jpg
4,0,20190709,152230,74,5,1640,988,1694,1022,Jul15_0/26-20190709152230-snapshot.jpg
4,0,20190709,152330,49,5,627,923,680,953,Jul15_0/26-20190709152330-snapshot.jpg
4,0,20190709,152400,76,5,619,188,664,234,Jul15_0/26-20190709152400-snapshot.jpg
4,0,20190709,152430,59,5,359,251,414,297,Jul15_0/26-20190709152430-snapshot.jpg
4,0,20190709,152430,70,5,66,64,127,118,Jul15_0/26-20190709152430-snapshot.jpg
4,0,20190709,152500,81,5,181,54,257,107,Jul15_0/26-20190709152500-snapshot.jpg
4,0,20190709,152700,29,5,1036,412,1079,443,Jul15_0/26-20190709152700-snapshot.jpg
4,0,20190709,152730,74,5,1038,417,1077,459,Jul15_0/26-20190709152730-snapshot.jpg
4,0,20190709,152830,78,6,1126,962,1175,1017,Jul15_0/26-20190709152830-snapshot.jpg
4,0,20190709,152900,73,6,985,986,1035,1040,Jul15_0/26-20190709152900-snapshot.jpg
4,0,20190709,152930,81,6,728,938,781,998,Jul15_0/26-20190709152930-snapshot.jpg
4,0,20190709,153000,61,5,1052,856,1095,891,Jul15_0/26-20190709153000-snapshot.jpg
4,0,20190709,153100,72,5,894,698,938,745,Jul15_0/26-20190709153100-snapshot.jpg
4,0,20190709,153100,78,5,916,320,962,358,Jul15_0/26-20190709153100-snapshot.jpg
4,0,20190709,153500,55,6,905,302,975,353,Jul15_0/26-20190709153500-snapshot.jpg
4,0,20190709,153900,54,6,203,77,291,141,Jul15_0/26-20190709153900-snapshot.jpg
4,0,20190709,155100,53,6,79,354,160,411,Jul15_0/26-20190709155100-snapshot.jpg
4,0,20190709,155130,62,5,579,567,626,615,Jul15_0/26-20190709155130-snapshot.jpg
4,0,20190709,155200,69,5,859,500,913,536,Jul15_0/26-20190709155200-snapshot.jpg
4,0,20190709,160200,31,6,529,35,588,81,Jul15_0/26-20190709160200-snapshot.jpg
4,0,20190709,160200,38,5,529,36,588,82,Jul15_0/26-20190709160200-snapshot.jpg
4,0,20190709,160230,50,5,557,28,605,79,Jul15_0/26-20190709160230-snapshot.jpg
4,0,20190709,160300,63,5,560,19,609,47,Jul15_0/26-20190709160300-snapshot.jpg
4,0,20190709,160330,39,6,503,59,581,127,Jul15_0/26-20190709160330-snapshot.jpg
4,0,20190709,160700,81,6,632,126,690,195,Jul15_0/26-20190709160700-snapshot.jpg
4,0,20190709,160730,37,5,918,451,967,489,Jul15_0/26-20190709160730-snapshot.jpg
4,0,20190709,161700,71,6,1283,70,1343,110,Jul15_0/26-20190709161700-snapshot.jpg
4,0,20190709,161730,79,6,1313,70,1372,136,Jul15_0/26-20190709161730-snapshot.jpg
4,0,20190709,161800,74,6,1279,82,1353,132,Jul15_0/26-20190709161800-snapshot.jpg
4,0,20190709,161900,49,5,913,457,961,495,Jul15_0/26-20190709161900-snapshot.jpg
4,0,20190709,162030,29,5,912,456,963,494,Jul15_0/26-20190709162030-snapshot.jpg
4,0,20190709,162030,36,6,275,691,345,750,Jul15_0/26-20190709162030-snapshot.jpg
4,0,20190709,162100,75,6,304,663,356,724,Jul15_0/26-20190709162100-snapshot.jpg
4,0,20190709,162130,77,6,313,632,389,690,Jul15_0/26-20190709162130-snapshot.jpg
4,0,20190709,162200,77,6,347,620,400,680,Jul15_0/26-20190709162200-snapshot.jpg
4,0,20190709,162230,54,6,635,590,710,645,Jul15_0/26-20190709162230-snapshot.jpg
4,0,20190709,162330,71,6,219,663,302,724,Jul15_0/26-20190709162330-snapshot.jpg
4,0,20190709,162430,33,6,61,630,151,691,Jul15_0/26-20190709162430-snapshot.jpg
4,0,20190709,162530,28,6,466,587,525,650,Jul15_0/26-20190709162530-snapshot.jpg
4,0,20190709,162600,72,6,563,562,615,620,Jul15_0/26-20190709162600-snapshot.jpg
4,0,20190709,162630,55,6,823,503,891,552,Jul15_0/26-20190709162630-snapshot.jpg
4,0,20190709,162700,69,6,813,499,888,556,Jul15_0/26-20190709162700-snapshot.jpg
4,0,20190709,162830,39,5,912,458,960,494,Jul15_0/26-20190709162830-snapshot.jpg
4,0,20190709,162930,27,5,911,458,959,495,Jul15_0/26-20190709162930-snapshot.jpg
4,0,20190709,163230,35,5,911,458,960,494,Jul15_0/26-20190709163230-snapshot.jpg
4,0,20190709,163300,45,5,911,457,960,496,Jul15_0/26-20190709163300-snapshot.jpg
4,0,20190709,163530,41,5,911,458,960,495,Jul15_0/26-20190709163530-snapshot.jpg
4,0,20190709,163600,38,5,911,458,961,495,Jul15_0/26-20190709163600-snapshot.jpg
4,0,20190709,163830,29,5,910,459,960,495,Jul15_0/26-20190709163830-snapshot.jpg
4,0,20190709,164000,79,6,1299,656,1347,712,Jul15_0/26-20190709164000-snapshot.jpg
4,0,20190709,164130,59,6,1,97,83,163,Jul15_0/26-20190709164130-snapshot.jpg
4,0,20190709,164200,65,6,1859,492,1917,566,Jul15_0/26-20190709164200-snapshot.jpg
4,0,20190709,164330,82,6,740,950,795,1010,Jul15_0/26-20190709164330-snapshot.jpg
4,0,20190709,164700,52,5,1526,259,1578,311,Jul15_0/26-20190709164700-snapshot.jpg
4,0,20190709,164730,55,5,1548,228,1595,281,Jul15_0/26-20190709164730-snapshot.jpg
4,0,20190709,164930,67,6,1681,778,1754,822,Jul15_0/26-20190709164930-snapshot.jpg
4,0,20190709,170330,50,6,199,335,282,398,Jul15_0/26-20190709170330-snapshot.jpg
4,0,20190709,170600,80,6,60,44,149,103,Jul15_0/26-20190709170600-snapshot.jpg
4,0,20190709,170700,72,6,1197,406,1247,462,Jul15_0/26-20190709170700-snapshot.jpg
4,0,20190709,171100,72,6,520,896,594,941,Jul15_0/26-20190709171100-snapshot.jpg
4,0,20190709,171630,59,6,1645,984,1712,1022,Jul15_0/26-20190709171630-snapshot.jpg
4,0,20190709,171900,36,5,1466,462,1515,524,Jul15_0/26-20190709171900-snapshot.jpg
4,0,20190709,171930,53,5,1857,578,1899,626,Jul15_0/26-20190709171930-snapshot.jpg
4,0,20190709,172430,70,6,0,231,39,302,Jul15_0/26-20190709172430-snapshot.jpg
4,0,20190709,172500,76,6,188,224,266,291,Jul15_0/26-20190709172500-snapshot.jpg
4,0,20190709,172830,67,6,1872,946,1920,1013,Jul15_0/26-20190709172830-snapshot.jpg
4,0,20190709,172930,47,6,359,757,457,836,Jul15_0/26-20190709172930-snapshot.jpg
4,0,20190709,173030,75,6,1213,385,1271,443,Jul15_0/26-20190709173030-snapshot.jpg
4,0,20190709,173130,77,6,509,252,567,322,Jul15_0/26-20190709173130-snapshot.jpg
4,0,20190709,173200,57,6,240,111,327,175,Jul15_0/26-20190709173200-snapshot.jpg
4,0,20190709,173230,74,6,48,110,124,179,Jul15_0/26-20190709173230-snapshot.jpg
4,0,20190709,173300,59,6,1812,752,1868,819,Jul15_0/26-20190709173300-snapshot.jpg
4,0,20190709,173300,71,6,869,444,931,475,Jul15_0/26-20190709173300-snapshot.jpg
4,0,20190709,173330,44,6,883,313,943,366,Jul15_0/26-20190709173330-snapshot.jpg
4,0,20190709,173400,79,6,1857,572,1914,639,Jul15_0/26-20190709173400-snapshot.jpg
4,0,20190709,173430,63,6,756,891,820,928,Jul15_0/26-20190709173430-snapshot.jpg
4,0,20190709,173700,69,5,659,555,704,602,Jul15_0/26-20190709173700-snapshot.jpg
4,0,20190709,174030,61,8,392,688,471,746,Jul15_0/26-20190709174030-snapshot.jpg
4,0,20190709,174430,64,6,1289,430,1337,487,Jul15_0/26-20190709174430-snapshot.jpg
4,0,20190709,174900,26,6,267,273,343,329,Jul15_0/26-20190709174900-snapshot.jpg
4,0,20190709,180300,43,6,0,283,38,353,Jul15_0/26-20190709180300-snapshot.jpg
4,0,20190709,180330,30,6,1097,944,1146,990,Jul15_0/26-20190709180330-snapshot.jpg
4,0,20190709,180400,72,6,739,971,793,1031,Jul15_0/26-20190709180400-snapshot.jpg
4,0,20190709,180430,64,6,881,149,937,211,Jul15_0/26-20190709180430-snapshot.jpg
4,0,20190709,180500,67,6,1872,881,1919,950,Jul15_0/26-20190709180500-snapshot.jpg
4,0,20190709,180530,80,6,16,270,105,340,Jul15_0/26-20190709180530-snapshot.jpg
4,0,20190709,180600,47,6,154,215,245,279,Jul15_0/26-20190709180600-snapshot.jpg
4,0,20190709,181530,71,6,8,556,87,606,Jul15_0/26-20190709181530-snapshot.jpg
4,0,20190709,181700,55,6,522,532,595,581,Jul15_0/26-20190709181700-snapshot.jpg
4,0,20190709,182200,64,6,763,893,830,933,Jul15_0/26-20190709182200-snapshot.jpg
4,0,20190709,183100,64,6,107,186,191,252,Jul15_0/26-20190709183100-snapshot.jpg
4,0,20190709,183800,26,8,324,277,413,328,Jul15_0/26-20190709183800-snapshot.jpg
4,0,20190709,183830,80,6,1052,457,1123,522,Jul15_0/26-20190709183830-snapshot.jpg
4,0,20190709,183900,44,8,1567,3,1632,35,Jul15_0/26-20190709183900-snapshot.jpg
4,0,20190709,183900,76,6,1174,376,1248,438,Jul15_0/26-20190709183900-snapshot.jpg
4,0,20190709,184430,43,6,1010,420,1061,475,Jul15_0/26-20190709184430-snapshot.jpg
4,0,20190709,184430,60,5,1009,420,1060,474,Jul15_0/26-20190709184430-snapshot.jpg
4,0,20190709,184730,60,6,1499,201,1582,256,Jul15_0/26-20190709184730-snapshot.jpg
4,0,20190709,184830,66,6,1327,545,1399,590,Jul15_0/26-20190709184830-snapshot.jpg
4,0,20190709,184930,73,6,1271,541,1327,608,Jul15_0/26-20190709184930-snapshot.jpg
4,0,20190709,185100,83,6,544,295,639,373,Jul15_0/26-20190709185100-snapshot.jpg
4,0,20190709,185130,66,6,309,240,401,314,Jul15_0/26-20190709185130-snapshot.jpg
4,0,20190709,185130,76,6,1205,382,1264,449,Jul15_0/26-20190709185130-snapshot.jpg
4,0,20190709,185200,49,6,578,253,650,327,Jul15_0/26-20190709185200-snapshot.jpg
4,0,20190709,185230,31,6,1322,370,1388,414,Jul15_0/26-20190709185230-snapshot.jpg
4,0,20190709,185300,71,6,1229,393,1287,458,Jul15_0/26-20190709185300-snapshot.jpg
4,0,20190709,191500,60,5,772,1018,818,1050,Jul15_0/26-20190709191500-snapshot.jpg
4,0,20190709,191630,69,5,519,906,574,963,Jul15_0/26-20190709191630-snapshot.jpg
4,0,20190709,191700,64,6,257,763,339,823,Jul15_0/26-20190709191700-snapshot.jpg
4,0,20190709,204700,26,6,691,975,749,1026,Jul15_0/26-20190709204700-snapshot.jpg
4,0,20190710,071600,81,8,728,720,805,772,Jul15_0/32-20190710071600-snapshot.jpg
4,0,20190710,073230,28,1,956,434,999,471,Jul15_0/32-20190710073230-snapshot.jpg
4,0,20190710,073300,33,1,957,432,1002,471,Jul15_0/32-20190710073300-snapshot.jpg
4,0,20190710,081500,73,6,1610,234,1664,287,Jul15_0/32-20190710081500-snapshot.jpg
4,0,20190710,081530,27,6,1600,232,1660,292,Jul15_0/32-20190710081530-snapshot.jpg
4,0,20190710,082200,74,3,178,666,258,717,Jul15_0/32-20190710082200-snapshot.jpg
4,0,20190710,083800,84,1,347,34,399,84,Jul15_0/32-20190710083800-snapshot.jpg
4,0,20190710,085500,49,6,318,630,383,703,Jul15_0/32-20190710085500-snapshot.jpg
4,0,20190710,085530,49,6,137,237,212,302,Jul15_0/32-20190710085530-snapshot.jpg
4,0,20190710,092230,27,6,305,539,373,589,Jul15_0/32-20190710092230-snapshot.jpg
4,0,20190710,092300,35,6,214,524,297,592,Jul15_0/32-20190710092300-snapshot.jpg
4,0,20190710,092400,75,5,931,661,976,699,Jul15_0/32-20190710092400-snapshot.jpg
4,0,20190710,092830,76,1,1584,1040,1622,1073,Jul15_0/32-20190710092830-snapshot.jpg
4,0,20190710,093300,73,1,1893,470,1920,497,Jul15_0/32-20190710093300-snapshot.jpg
4,0,20190710,093330,26,6,1520,408,1584,458,Jul15_0/32-20190710093330-snapshot.jpg
4,0,20190710,093730,83,5,1060,672,1116,737,Jul15_0/32-20190710093730-snapshot.jpg
4,0,20190710,093800,69,6,309,555,384,616,Jul15_0/32-20190710093800-snapshot.jpg
4,0,20190710,093800,77,5,533,29,588,66,Jul15_0/32-20190710093800-snapshot.jpg
4,0,20190710,093830,53,6,307,164,394,216,Jul15_0/32-20190710093830-snapshot.jpg
4,0,20190710,093830,84,5,1108,135,1190,195,Jul15_0/32-20190710093830-snapshot.jpg
4,0,20190710,093900,76,5,657,99,708,154,Jul15_0/32-20190710093900-snapshot.jpg
4,0,20190710,093930,76,5,1054,386,1103,421,Jul15_0/32-20190710093930-snapshot.jpg
4,0,20190710,093930,77,6,1600,370,1647,424,Jul15_0/32-20190710093930-snapshot.jpg
4,0,20190710,094000,78,6,1499,219,1568,272,Jul15_0/32-20190710094000-snapshot.jpg
4,0,20190710,094000,78,5,834,624,882,674,Jul15_0/32-20190710094000-snapshot.jpg
4,0,20190710,094000,80,1,1105,282,1146,320,Jul15_0/32-20190710094000-snapshot.jpg
4,0,20190710,094030,72,6,1281,415,1340,477,Jul15_0/32-20190710094030-snapshot.jpg
4,0,20190710,094030,83,1,1075,285,1120,327,Jul15_0/32-20190710094030-snapshot.jpg
4,0,20190710,094100,40,6,1131,409,1189,453,Jul15_0/32-20190710094100-snapshot.jpg
4,0,20190710,094200,50,6,723,506,779,540,Jul15_0/32-20190710094200-snapshot.jpg
4,0,20190710,094300,67,1,1105,449,1144,481,Jul15_0/32-20190710094300-snapshot.jpg
4,0,20190710,094300,75,5,854,950,909,999,Jul15_0/32-20190710094300-snapshot.jpg
4,0,20190710,094400,59,5,892,971,941,1007,Jul15_0/32-20190710094400-snapshot.jpg
4,0,20190710,094400,86,1,675,359,719,400,Jul15_0/32-20190710094400-snapshot.jpg
4,0,20190710,094500,74,5,548,901,608,953,Jul15_0/32-20190710094500-snapshot.jpg
4,0,20190710,094530,77,5,196,658,250,709,Jul15_0/32-20190710094530-snapshot.jpg
4,0,20190710,095000,83,6,730,949,808,1005,Jul15_0/32-20190710095000-snapshot.jpg
4,0,20190710,095130,82,6,482,281,551,346,Jul15_0/32-20190710095130-snapshot.jpg
4,0,20190710,095200,27,5,1024,725,1070,771,Jul15_0/32-20190710095200-snapshot.jpg
4,0,20190710,095530,57,5,515,425,587,466,Jul15_0/32-20190710095530-snapshot.jpg
4,0,20190710,095830,86,1,420,786,463,825,Jul15_0/32-20190710095830-snapshot.jpg
4,0,20190710,095900,85,1,521,769,561,805,Jul15_0/32-20190710095900-snapshot.jpg
4,0,20190710,100030,86,1,9,854,55,889,Jul15_0/32-20190710100030-snapshot.jpg
4,0,20190710,100100,81,5,486,487,536,543,Jul15_0/32-20190710100100-snapshot.jpg
4,0,20190710,100130,27,5,1222,377,1270,413,Jul15_0/32-20190710100130-snapshot.jpg
4,0,20190710,100130,39,6,1223,376,1272,414,Jul15_0/32-20190710100130-snapshot.jpg
4,0,20190710,100130,81,1,665,520,707,557,Jul15_0/32-20190710100130-snapshot.jpg
4,0,20190710,100230,30,6,1593,428,1649,476,Jul15_0/32-20190710100230-snapshot.jpg
4,0,20190710,101400,40,5,562,408,623,457,Jul15_0/32-20190710101400-snapshot.jpg
4,0,20190710,101800,43,6,1521,407,1587,457,Jul15_0/32-20190710101800-snapshot.jpg
4,0,20190710,102600,73,5,0,359,50,420,Jul15_0/32-20190710102600-snapshot.jpg
4,0,20190710,103200,43,5,217,328,269,370,Jul15_0/32-20190710103200-snapshot.jpg
4,0,20190710,103230,74,5,148,16,205,66,Jul15_0/32-20190710103230-snapshot.jpg
4,0,20190710,103400,35,5,271,219,335,271,Jul15_0/32-20190710103400-snapshot.jpg
4,0,20190710,103400,86,8,1026,398,1101,455,Jul15_0/32-20190710103400-snapshot.jpg
4,0,20190710,103500,50,5,586,63,627,114,Jul15_0/32-20190710103500-snapshot.jpg
4,0,20190710,103530,77,6,125,36,220,108,Jul15_0/32-20190710103530-snapshot.jpg
4,0,20190710,103600,66,6,1302,566,1352,619,Jul15_0/32-20190710103600-snapshot.jpg
4,0,20190710,103700,46,6,1325,653,1368,701,Jul15_0/32-20190710103700-snapshot.jpg
4,0,20190710,103830,47,6,1310,429,1360,488,Jul15_0/32-20190710103830-snapshot.jpg
4,0,20190710,104000,35,5,306,626,355,678,Jul15_0/32-20190710104000-snapshot.jpg
4,0,20190710,104030,32,5,335,561,385,610,Jul15_0/32-20190710104030-snapshot.jpg
4,0,20190710,104130,65,5,1334,728,1387,765,Jul15_0/32-20190710104130-snapshot.jpg
4,0,20190710,104130,67,5,861,1013,904,1054,Jul15_0/32-20190710104130-snapshot.jpg
4,0,20190710,104200,38,5,1336,709,1381,757,Jul15_0/32-20190710104200-snapshot.jpg
4,0,20190710,104230,28,5,74,192,133,243,Jul15_0/32-20190710104230-snapshot.jpg
4,0,20190710,104300,71,5,962,548,1003,600,Jul15_0/32-20190710104300-snapshot.jpg
4,0,20190710,104530,36,2,1801,326,1852,390,Jul15_0/32-20190710104530-snapshot.jpg
4,0,20190710,104800,70,5,1031,619,1080,661,Jul15_0/32-20190710104800-snapshot.jpg
4,0,20190710,104800,79,6,988,192,1047,261,Jul15_0/32-20190710104800-snapshot.jpg
4,0,20190710,104830,66,6,958,228,1012,281,Jul15_0/32-20190710104830-snapshot.jpg
4,0,20190710,104900,82,6,872,396,925,462,Jul15_0/32-20190710104900-snapshot.jpg
4,0,20190710,104930,82,6,12,305,99,374,Jul15_0/32-20190710104930-snapshot.jpg
4,0,20190710,105000,87,6,162,39,257,100,Jul15_0/32-20190710105000-snapshot.jpg
4,0,20190710,105130,69,6,294,6,389,68,Jul15_0/32-20190710105130-snapshot.jpg
4,0,20190710,105130,82,5,568,334,624,392,Jul15_0/32-20190710105130-snapshot.jpg
4,0,20190710,105200,28,6,175,688,248,743,Jul15_0/32-20190710105200-snapshot.jpg
4,0,20190710,105200,44,5,177,688,247,743,Jul15_0/32-20190710105200-snapshot.jpg
4,0,20190710,105200,75,5,563,482,609,524,Jul15_0/32-20190710105200-snapshot.jpg
4,0,20190710,105230,74,5,535,277,592,327,Jul15_0/32-20190710105230-snapshot.jpg
4,0,20190710,105300,75,5,496,239,546,301,Jul15_0/32-20190710105300-snapshot.jpg
4,0,20190710,105330,75,5,581,25,629,63,Jul15_0/32-20190710105330-snapshot.jpg
4,0,20190710,105330,84,6,554,307,636,371,Jul15_0/32-20190710105330-snapshot.jpg
4,0,20190710,105400,55,6,1348,517,1405,578,Jul15_0/32-20190710105400-snapshot.jpg
4,0,20190710,105430,80,5,452,235,508,293,Jul15_0/32-20190710105430-snapshot.jpg
4,0,20190710,105500,81,5,303,148,379,208,Jul15_0/32-20190710105500-snapshot.jpg
4,0,20190710,105530,76,6,18,260,88,326,Jul15_0/32-20190710105530-snapshot.jpg
4,0,20190710,105600,45,5,1000,417,1046,453,Jul15_0/32-20190710105600-snapshot.jpg
4,0,20190710,105600,62,5,599,538,651,588,Jul15_0/32-20190710105600-snapshot.jpg
4,0,20190710,105630,80,5,774,623,823,677,Jul15_0/32-20190710105630-snapshot.jpg
4,0,20190710,105800,78,5,1289,251,1341,287,Jul15_0/32-20190710105800-snapshot.jpg
4,0,20190710,105830,64,6,338,568,409,637,Jul15_0/32-20190710105830-snapshot.jpg
4,0,20190710,105830,66,6,1580,407,1644,456,Jul15_0/32-20190710105830-snapshot.jpg
4,0,20190710,105830,83,5,404,335,480,388,Jul15_0/32-20190710105830-snapshot.jpg
4,0,20190710,105900,40,5,1541,275,1582,314,Jul15_0/32-20190710105900-snapshot.jpg
4,0,20190710,105900,78,6,209,489,295,551,Jul15_0/32-20190710105900-snapshot.jpg
4,0,20190710,105900,81,5,330,228,390,294,Jul15_0/32-20190710105900-snapshot.jpg
4,0,20190710,110000,76,5,1306,666,1348,705,Jul15_0/32-20190710110000-snapshot.jpg
4,0,20190710,110200,71,5,1181,422,1235,460,Jul15_0/32-20190710110200-snapshot.jpg
4,0,20190710,110530,57,5,197,182,250,241,Jul15_0/32-20190710110530-snapshot.jpg
4,0,20190710,110630,68,5,628,318,686,360,Jul15_0/32-20190710110630-snapshot.jpg
4,0,20190710,110630,86,1,83,453,124,487,Jul15_0/32-20190710110630-snapshot.jpg
4,0,20190710,111230,76,5,1288,683,1333,731,Jul15_0/32-20190710111230-snapshot.jpg
4,0,20190710,111300,51,5,1055,938,1095,985,Jul15_0/32-20190710111300-snapshot.jpg
4,0,20190710,111330,37,5,896,251,948,307,Jul15_0/32-20190710111330-snapshot.jpg
4,0,20190710,111330,46,6,896,249,950,309,Jul15_0/32-20190710111330-snapshot.jpg
4,0,20190710,111400,52,5,1339,662,1386,694,Jul15_0/32-20190710111400-snapshot.jpg
4,0,20190710,111430,35,5,1331,494,1382,536,Jul15_0/32-20190710111430-snapshot.jpg
4,0,20190710,112230,33,6,679,979,758,1030,Jul15_0/32-20190710112230-snapshot.jpg
4,0,20190710,112300,50,6,675,979,757,1032,Jul15_0/32-20190710112300-snapshot.jpg
4,0,20190710,112400,64,6,675,980,755,1029,Jul15_0/32-20190710112400-snapshot.jpg
4,0,20190710,112800,86,1,65,11,115,50,Jul15_0/32-20190710112800-snapshot.jpg
4,0,20190710,113500,66,6,319,190,387,256,Jul15_0/32-20190710113500-snapshot.jpg
4,0,20190710,113530,58,6,170,2,260,51,Jul15_0/32-20190710113530-snapshot.jpg
4,0,20190710,113600,79,6,545,173,599,236,Jul15_0/32-20190710113600-snapshot.jpg
4,0,20190710,113700,81,5,833,794,879,845,Jul15_0/32-20190710113700-snapshot.jpg
4,0,20190710,113730,75,8,125,69,209,145,Jul15_0/32-20190710113730-snapshot.jpg
4,0,20190710,113830,61,5,947,611,989,659,Jul15_0/32-20190710113830-snapshot.jpg
4,0,20190710,113900,66,5,846,564,899,605,Jul15_0/32-20190710113900-snapshot.jpg
4,0,20190710,114100,71,5,1109,614,1154,657,Jul15_0/32-20190710114100-snapshot.jpg
4,0,20190710,114300,26,5,59,300,123,362,Jul15_0/32-20190710114300-snapshot.jpg
4,0,20190710,114400,85,2,111,253,203,306,Jul15_0/32-20190710114400-snapshot.jpg
4,0,20190710,114500,68,6,304,732,384,786,Jul15_0/32-20190710114500-snapshot.jpg
4,0,20190710,114530,65,5,1252,725,1306,775,Jul15_0/32-20190710114530-snapshot.jpg
4,0,20190710,114600,34,6,299,540,376,613,Jul15_0/32-20190710114600-snapshot.jpg
4,0,20190710,114600,71,5,851,402,896,452,Jul15_0/32-20190710114600-snapshot.jpg
4,0,20190710,115000,78,5,624,169,675,227,Jul15_0/32-20190710115000-snapshot.jpg
4,0,20190710,115100,72,6,897,777,964,848,Jul15_0/32-20190710115100-snapshot.jpg
4,0,20190710,115230,67,5,587,248,641,300,Jul15_0/32-20190710115230-snapshot.jpg
4,0,20190710,115300,33,6,502,457,559,501,Jul15_0/32-20190710115300-snapshot.jpg
4,0,20190710,115330,71,6,932,482,1010,534,Jul15_0/32-20190710115330-snapshot.jpg
4,0,20190710,115400,41,8,1385,262,1463,312,Jul15_0/32-20190710115400-snapshot.jpg
4,0,20190710,115400,44,5,19,795,73,834,Jul15_0/32-20190710115400-snapshot.jpg
4,0,20190710,115400,69,5,560,173,616,232,Jul15_0/32-20190710115400-snapshot.jpg
4,0,20190710,115430,45,5,1091,697,1138,744,Jul15_0/32-20190710115430-snapshot.jpg
4,0,20190710,115530,39,6,107,121,175,188,Jul15_0/32-20190710115530-snapshot.jpg
4,0,20190710,115830,79,5,1012,397,1064,458,Jul15_0/32-20190710115830-snapshot.jpg
4,0,20190710,120300,33,5,1877,965,1920,1014,Jul15_0/32-20190710120300-snapshot.jpg
4,0,20190710,120300,52,5,853,570,901,623,Jul15_0/32-20190710120300-snapshot.jpg
4,0,20190710,120630,71,5,639,114,690,162,Jul15_0/32-20190710120630-snapshot.jpg
4,0,20190710,120700,65,5,720,547,779,587,Jul15_0/32-20190710120700-snapshot.jpg
4,0,20190710,120830,35,6,1251,537,1308,592,Jul15_0/32-20190710120830-snapshot.jpg
4,0,20190710,120900,79,5,827,535,883,589,Jul15_0/32-20190710120900-snapshot.jpg
4,0,20190710,121230,78,6,986,193,1063,258,Jul15_0/32-20190710121230-snapshot.jpg
4,0,20190710,121630,55,5,880,378,927,423,Jul15_0/32-20190710121630-snapshot.jpg
4,0,20190710,121630,65,1,655,695,696,728,Jul15_0/32-20190710121630-snapshot.jpg
4,0,20190710,121900,39,5,975,592,1030,631,Jul15_0/32-20190710121900-snapshot.jpg
4,0,20190710,121930,62,5,683,526,736,573,Jul15_0/32-20190710121930-snapshot.jpg
4,0,20190710,122000,34,6,1294,73,1378,118,Jul15_0/32-20190710122000-snapshot.jpg
4,0,20190710,122500,58,5,1156,348,1220,396,Jul15_0/32-20190710122500-snapshot.jpg
4,0,20190710,122600,66,5,1857,555,1908,593,Jul15_0/32-20190710122600-snapshot.jpg
4,0,20190710,122630,61,6,1278,449,1344,492,Jul15_0/32-20190710122630-snapshot.jpg
4,0,20190710,123000,55,6,711,954,778,1007,Jul15_0/32-20190710123000-snapshot.jpg
4,0,20190710,123100,57,5,801,751,851,806,Jul15_0/32-20190710123100-snapshot.jpg
4,0,20190710,123230,74,5,528,294,581,353,Jul15_0/32-20190710123230-snapshot.jpg
4,0,20190710,123330,75,5,537,29,591,65,Jul15_0/32-20190710123330-snapshot.jpg
4,0,20190710,123400,41,5,738,138,787,181,Jul15_0/32-20190710123400-snapshot.jpg
4,0,20190710,123430,72,5,659,49,707,86,Jul15_0/32-20190710123430-snapshot.jpg
4,0,20190710,123630,63,5,180,642,235,690,Jul15_0/32-20190710123630-snapshot.jpg
4,0,20190710,124000,73,5,510,589,562,633,Jul15_0/32-20190710124000-snapshot.jpg
4,0,20190710,124100,80,5,639,131,693,188,Jul15_0/32-20190710124100-snapshot.jpg
4,0,20190710,124200,75,5,776,1018,828,1049,Jul15_0/32-20190710124200-snapshot.jpg
4,0,20190710,124330,56,6,726,971,778,1028,Jul15_0/32-20190710124330-snapshot.jpg
4,0,20190710,124330,79,5,561,146,609,204,Jul15_0/32-20190710124330-snapshot.jpg
4,0,20190710,124400,71,5,1061,647,1108,685,Jul15_0/32-20190710124400-snapshot.jpg
4,0,20190710,124430,29,5,1187,89,1227,133,Jul15_0/32-20190710124430-snapshot.jpg
4,0,20190710,124530,71,5,1212,568,1269,608,Jul15_0/32-20190710124530-snapshot.jpg
4,0,20190710,124600,60,6,101,364,180,434,Jul15_0/32-20190710124600-snapshot.jpg
4,0,20190710,124600,69,5,269,563,323,617,Jul15_0/32-20190710124600-snapshot.jpg
4,0,20190710,124600,74,5,1035,815,1083,862,Jul15_0/32-20190710124600-snapshot.jpg
4,0,20190710,124630,39,6,1176,354,1241,400,Jul15_0/32-20190710124630-snapshot.jpg
4,0,20190710,124730,83,5,1564,189,1619,252,Jul15_0/32-20190710124730-snapshot.jpg
4,0,20190710,124800,80,5,874,99,931,164,Jul15_0/32-20190710124800-snapshot.jpg
4,0,20190710,125000,63,5,1887,535,1920,588,Jul15_0/32-20190710125000-snapshot.jpg
4,0,20190710,125300,30,5,1847,618,1892,673,Jul15_0/32-20190710125300-snapshot.jpg
4,0,20190710,125430,60,5,323,555,379,607,Jul15_0/32-20190710125430-snapshot.jpg
4,0,20190710,125800,69,6,1192,334,1240,387,Jul15_0/32-20190710125800-snapshot.jpg
4,0,20190710,125930,73,5,1035,465,1088,507,Jul15_0/32-20190710125930-snapshot.jpg
4,0,20190710,130000,31,6,760,690,815,749,Jul15_0/32-20190710130000-snapshot.jpg
4,0,20190710,130130,25,6,0,507,32,561,Jul15_0/32-20190710130130-snapshot.jpg
4,0,20190710,130200,46,5,241,553,308,596,Jul15_0/32-20190710130200-snapshot.jpg
4,0,20190710,130200,73,5,1011,465,1059,509,Jul15_0/32-20190710130200-snapshot.jpg
4,0,20190710,130200,81,5,825,577,876,631,Jul15_0/32-20190710130200-snapshot.jpg
4,0,20190710,130230,76,5,324,581,393,628,Jul15_0/32-20190710130230-snapshot.jpg
4,0,20190710,130330,53,5,510,462,557,500,Jul15_0/32-20190710130330-snapshot.jpg
4,0,20190710,130500,72,5,533,253,592,292,Jul15_0/32-20190710130500-snapshot.jpg
4,0,20190710,130600,57,5,319,332,375,393,Jul15_0/32-20190710130600-snapshot.jpg
4,0,20190710,130630,59,5,0,508,35,558,Jul15_0/32-20190710130630-snapshot.jpg
4,0,20190710,130630,82,5,583,559,641,627,Jul15_0/32-20190710130630-snapshot.jpg
4,0,20190710,130800,57,2,737,1036,796,1080,Jul15_0/32-20190710130800-snapshot.jpg
4,0,20190710,130930,55,5,463,244,517,295,Jul15_0/32-20190710130930-snapshot.jpg
4,0,20190710,131000,75,2,336,243,409,308,Jul15_0/32-20190710131000-snapshot.jpg
4,0,20190710,131000,79,5,1628,248,1675,303,Jul15_0/32-20190710131000-snapshot.jpg
4,0,20190710,131030,82,5,939,547,993,607,Jul15_0/32-20190710131030-snapshot.jpg
4,0,20190710,131100,80,5,550,169,613,236,Jul15_0/32-20190710131100-snapshot.jpg
4,0,20190710,131200,64,5,955,359,1002,403,Jul15_0/32-20190710131200-snapshot.jpg
4,0,20190710,131200,78,2,917,913,983,1001,Jul15_0/32-20190710131200-snapshot.jpg
4,0,20190710,131200,80,5,233,618,314,679,Jul15_0/32-20190710131200-snapshot.jpg
4,0,20190710,131230,82,5,20,388,104,451,Jul15_0/32-20190710131230-snapshot.jpg
4,0,20190710,131300,34,5,129,14,178,65,Jul15_0/32-20190710131300-snapshot.jpg
4,0,20190710,131300,61,5,987,1041,1034,1075,Jul15_0/32-20190710131300-snapshot.jpg
4,0,20190710,131430,54,5,501,249,552,297,Jul15_0/32-20190710131430-snapshot.jpg
4,0,20190710,131430,72,5,1082,596,1131,639,Jul15_0/32-20190710131430-snapshot.jpg
4,0,20190710,131530,68,5,1282,95,1323,137,Jul15_0/32-20190710131530-snapshot.jpg
4,0,20190710,131600,56,5,45,351,107,409,Jul15_0/32-20190710131600-snapshot.jpg
4,0,20190710,131730,83,1,235,196,281,239,Jul15_0/32-20190710131730-snapshot.jpg
4,0,20190710,132130,76,5,786,92,840,144,Jul15_0/32-20190710132130-snapshot.jpg
4,0,20190710,132330,55,5,1007,170,1055,202,Jul15_0/32-20190710132330-snapshot.jpg
4,0,20190710,132400,40,5,136,103,200,149,Jul15_0/32-20190710132400-snapshot.jpg
4,0,20190710,132530,48,6,1297,534,1353,590,Jul15_0/32-20190710132530-snapshot.jpg
4,0,20190710,132700,64,5,1276,657,1313,697,Jul15_0/32-20190710132700-snapshot.jpg
4,0,20190710,132730,29,5,14,248,86,303,Jul15_0/32-20190710132730-snapshot.jpg
4,0,20190710,132730,54,5,1164,47,1206,92,Jul15_0/32-20190710132730-snapshot.jpg
4,0,20190710,132730,61,5,1293,688,1332,732,Jul15_0/32-20190710132730-snapshot.jpg
4,0,20190710,132830,64,5,970,266,1020,319,Jul15_0/32-20190710132830-snapshot.jpg
4,0,20190710,133000,43,5,1292,367,1340,414,Jul15_0/32-20190710133000-snapshot.jpg
4,0,20190710,133000,77,5,536,530,595,580,Jul15_0/32-20190710133000-snapshot.jpg
4,0,20190710,133000,77,5,2,715,51,763,Jul15_0/32-20190710133000-snapshot.jpg
4,0,20190710,133230,74,5,696,521,744,564,Jul15_0/32-20190710133230-snapshot.jpg
4,0,20190710,133300,78,2,144,192,225,267,Jul15_0/32-20190710133300-snapshot.jpg
4,0,20190710,133300,78,5,573,52,618,100,Jul15_0/32-20190710133300-snapshot.jpg
4,0,20190710,133500,30,5,531,550,585,595,Jul15_0/32-20190710133500-snapshot.jpg
4,0,20190710,133530,74,5,1282,688,1323,733,Jul15_0/32-20190710133530-snapshot.jpg
4,0,20190710,133530,76,5,530,259,579,315,Jul15_0/32-20190710133530-snapshot.jpg
4,0,20190710,133600,69,5,590,137,644,192,Jul15_0/32-20190710133600-snapshot.jpg
4,0,20190710,133630,47,5,630,230,682,281,Jul15_0/32-20190710133630-snapshot.jpg
4,0,20190710,133730,62,5,1425,511,1470,549,Jul15_0/32-20190710133730-snapshot.jpg
4,0,20190710,133800,55,5,291,541,343,590,Jul15_0/32-20190710133800-snapshot.jpg
4,0,20190710,133800,70,6,1265,368,1332,420,Jul15_0/32-20190710133800-snapshot.jpg
4,0,20190710,133900,67,6,932,591,988,649,Jul15_0/32-20190710133900-snapshot.jpg
4,0,20190710,134030,46,5,66,636,120,686,Jul15_0/32-20190710134030-snapshot.jpg
4,0,20190710,134030,63,5,661,467,700,513,Jul15_0/32-20190710134030-snapshot.jpg
4,0,20190710,134100,45,5,1877,0,1919,41,Jul15_0/32-20190710134100-snapshot.jpg
4,0,20190710,134100,79,5,579,236,624,288,Jul15_0/32-20190710134100-snapshot.jpg
4,0,20190710,134130,32,1,516,652,557,684,Jul15_0/32-20190710134130-snapshot.jpg
4,0,20190710,134130,34,5,283,204,360,258,Jul15_0/32-20190710134130-snapshot.jpg
4,0,20190710,134130,52,5,751,643,813,682,Jul15_0/32-20190710134130-snapshot.jpg
4,0,20190710,134200,51,2,26,253,101,313,Jul15_0/32-20190710134200-snapshot.jpg
4,0,20190710,134200,75,2,516,134,592,218,Jul15_0/32-20190710134200-snapshot.jpg
4,0,20190710,134200,83,1,161,519,207,554,Jul15_0/32-20190710134200-snapshot.jpg
4,0,20190710,134230,79,1,310,540,357,579,Jul15_0/32-20190710134230-snapshot.jpg
4,0,20190710,134330,75,5,274,318,336,374,Jul15_0/32-20190710134330-snapshot.jpg
4,0,20190710,134500,67,5,1069,634,1111,684,Jul15_0/32-20190710134500-snapshot.jpg
4,0,20190710,134530,58,6,690,40,761,82,Jul15_0/32-20190710134530-snapshot.jpg
4,0,20190710,134800,85,8,360,440,435,508,Jul15_0/32-20190710134800-snapshot.jpg
4,0,20190710,134930,81,5,512,115,568,160,Jul15_0/32-20190710134930-snapshot.jpg
4,0,20190710,135000,30,5,1210,29,1256,59,Jul15_0/32-20190710135000-snapshot.jpg
4,0,20190710,135000,49,5,1860,783,1909,836,Jul15_0/32-20190710135000-snapshot.jpg
4,0,20190710,135030,34,5,923,272,978,328,Jul15_0/32-20190710135030-snapshot.jpg
4,0,20190710,135030,50,6,921,270,977,328,Jul15_0/32-20190710135030-snapshot.jpg
4,0,20190710,135130,26,6,263,779,324,834,Jul15_0/32-20190710135130-snapshot.jpg
4,0,20190710,135130,56,5,267,779,324,833,Jul15_0/32-20190710135130-snapshot.jpg
4,0,20190710,135200,28,5,818,928,881,977,Jul15_0/32-20190710135200-snapshot.jpg
4,0,20190710,135200,43,6,815,928,884,978,Jul15_0/32-20190710135200-snapshot.jpg
4,0,20190710,135200,59,8,1753,322,1831,372,Jul15_0/32-20190710135200-snapshot.jpg
4,0,20190710,135330,88,3,140,739,227,800,Jul15_0/32-20190710135330-snapshot.jpg
4,0,20190710,135600,71,5,1368,184,1412,218,Jul15_0/32-20190710135600-snapshot.jpg
4,0,20190710,135630,63,5,1263,663,1307,709,Jul15_0/32-20190710135630-snapshot.jpg
4,0,20190710,135700,49,5,286,506,336,544,Jul15_0/32-20190710135700-snapshot.jpg
4,0,20190710,135700,75,5,1061,408,1102,463,Jul15_0/32-20190710135700-snapshot.jpg
4,0,20190710,135730,42,5,1016,562,1059,608,Jul15_0/32-20190710135730-snapshot.jpg
4,0,20190710,135900,26,5,434,541,485,579,Jul15_0/32-20190710135900-snapshot.jpg
4,0,20190710,135900,51,5,602,280,650,329,Jul15_0/32-20190710135900-snapshot.jpg
4,0,20190710,140030,50,8,0,210,49,266,Jul15_0/32-20190710140030-snapshot.jpg
4,0,20190710,140130,74,8,172,1035,243,1079,Jul15_0/32-20190710140130-snapshot.jpg
4,0,20190710,140130,83,8,0,727,62,797,Jul15_0/32-20190710140130-snapshot.jpg
4,0,20190710,140200,29,5,1280,469,1339,508,Jul15_0/32-20190710140200-snapshot.jpg
4,0,20190710,140200,77,5,334,215,393,272,Jul15_0/32-20190710140200-snapshot.jpg
4,0,20190710,140230,74,5,587,250,639,286,Jul15_0/32-20190710140230-snapshot.jpg
4,0,20190710,140330,62,6,1166,757,1219,816,Jul15_0/32-20190710140330-snapshot.jpg
4,0,20190710,140430,55,5,671,1026,708,1068,Jul15_0/32-20190710140430-snapshot.jpg
4,0,20190710,140530,46,5,997,963,1046,1004,Jul15_0/32-20190710140530-snapshot.jpg
4,0,20190710,140600,77,5,1099,609,1144,657,Jul15_0/32-20190710140600-snapshot.jpg
4,0,20190710,140800,69,5,520,289,568,342,Jul15_0/32-20190710140800-snapshot.jpg
4,0,20190710,140900,83,8,435,577,529,633,Jul15_0/32-20190710140900-snapshot.jpg
4,0,20190710,141230,69,5,767,142,821,181,Jul15_0/32-20190710141230-snapshot.jpg
4,0,20190710,141230,84,2,1549,477,1629,526,Jul15_0/32-20190710141230-snapshot.jpg
4,0,20190710,141300,71,5,868,160,923,210,Jul15_0/32-20190710141300-snapshot.jpg
4,0,20190710,141330,75,5,853,395,903,443,Jul15_0/32-20190710141330-snapshot.jpg
4,0,20190710,141600,87,1,545,604,590,642,Jul15_0/32-20190710141600-snapshot.jpg
4,0,20190710,141730,65,5,540,77,595,136,Jul15_0/32-20190710141730-snapshot.jpg
4,0,20190710,141830,68,6,1322,494,1374,560,Jul15_0/32-20190710141830-snapshot.jpg
4,0,20190710,142100,25,5,1292,118,1344,152,Jul15_0/32-20190710142100-snapshot.jpg
4,0,20190710,142130,62,6,1283,377,1355,427,Jul15_0/32-20190710142130-snapshot.jpg
4,0,20190710,142230,76,6,1612,263,1679,307,Jul15_0/32-20190710142230-snapshot.jpg
4,0,20190710,142300,61,2,1059,629,1123,690,Jul15_0/32-20190710142300-snapshot.jpg
4,0,20190710,142330,78,2,597,515,677,574,Jul15_0/32-20190710142330-snapshot.jpg
4,0,20190710,142400,31,2,230,638,317,702,Jul15_0/32-20190710142400-snapshot.jpg
4,0,20190710,142530,42,5,452,551,500,596,Jul15_0/32-20190710142530-snapshot.jpg
4,0,20190710,142600,50,2,107,53,193,117,Jul15_0/32-20190710142600-snapshot.jpg
4,0,20190710,142900,76,5,546,299,599,361,Jul15_0/32-20190710142900-snapshot.jpg
4,0,20190710,143230,61,5,462,498,516,546,Jul15_0/32-20190710143230-snapshot.jpg
4,0,20190710,143300,67,5,495,153,561,193,Jul15_0/32-20190710143300-snapshot.jpg
4,0,20190710,143400,40,5,929,578,986,618,Jul15_0/32-20190710143400-snapshot.jpg
4,0,20190710,143500,52,6,614,253,673,315,Jul15_0/32-20190710143500-snapshot.jpg
4,0,20190710,143530,54,6,510,152,584,199,Jul15_0/32-20190710143530-snapshot.jpg
4,0,20190710,144300,50,5,552,576,604,615,Jul15_0/32-20190710144300-snapshot.jpg
4,0,20190710,144400,61,6,1302,967,1387,1029,Jul15_0/32-20190710144400-snapshot.jpg
4,0,20190710,144400,67,5,507,283,561,339,Jul15_0/32-20190710144400-snapshot.jpg
4,0,20190710,144430,41,6,1097,901,1173,947,Jul15_0/32-20190710144430-snapshot.jpg
4,0,20190710,144500,59,6,1147,762,1218,823,Jul15_0/32-20190710144500-snapshot.jpg
4,0,20190710,144600,49,6,1331,664,1382,731,Jul15_0/32-20190710144600-snapshot.jpg
4,0,20190710,144630,80,6,1193,347,1246,413,Jul15_0/32-20190710144630-snapshot.jpg
4,0,20190710,144700,72,6,1303,471,1364,537,Jul15_0/32-20190710144700-snapshot.jpg
4,0,20190710,144730,75,6,1072,678,1126,739,Jul15_0/32-20190710144730-snapshot.jpg
4,0,20190710,144830,81,5,540,208,600,259,Jul15_0/32-20190710144830-snapshot.jpg
4,0,20190710,144930,25,5,327,419,381,472,Jul15_0/32-20190710144930-snapshot.jpg
4,0,20190710,145030,79,6,1626,595,1690,658,Jul15_0/32-20190710145030-snapshot.jpg
4,0,20190710,145200,80,6,1653,548,1737,601,Jul15_0/32-20190710145200-snapshot.jpg
4,0,20190710,145330,34,6,787,707,850,769,Jul15_0/32-20190710145330-snapshot.jpg
4,0,20190710,145330,44,5,787,706,851,769,Jul15_0/32-20190710145330-snapshot.jpg
4,0,20190710,145400,56,5,774,178,827,232,Jul15_0/32-20190710145400-snapshot.jpg
4,0,20190710,145430,62,6,137,90,219,157,Jul15_0/32-20190710145430-snapshot.jpg
4,0,20190710,145900,37,6,220,294,304,346,Jul15_0/32-20190710145900-snapshot.jpg
4,0,20190710,150100,30,5,998,1042,1043,1078,Jul15_0/32-20190710150100-snapshot.jpg
4,0,20190710,150200,69,5,80,48,157,95,Jul15_0/32-20190710150200-snapshot.jpg
4,0,20190710,150230,69,2,1800,336,1863,387,Jul15_0/32-20190710150230-snapshot.jpg
4,0,20190710,150300,66,5,1071,427,1125,478,Jul15_0/32-20190710150300-snapshot.jpg
4,0,20190710,150330,40,5,906,603,954,647,Jul15_0/32-20190710150330-snapshot.jpg
4,0,20190710,150530,31,6,288,591,371,659,Jul15_0/32-20190710150530-snapshot.jpg
4,0,20190710,150600,25,6,285,558,360,602,Jul15_0/32-20190710150600-snapshot.jpg
4,0,20190710,150600,37,5,285,558,360,604,Jul15_0/32-20190710150600-snapshot.jpg
4,0,20190710,150700,55,6,222,476,307,540,Jul15_0/32-20190710150700-snapshot.jpg
4,0,20190710,150800,73,6,579,210,639,273,Jul15_0/32-20190710150800-snapshot.jpg
4,0,20190710,150830,79,5,348,360,406,422,Jul15_0/32-20190710150830-snapshot.jpg
4,0,20190710,151130,63,5,1206,717,1255,768,Jul15_0/32-20190710151130-snapshot.jpg
4,0,20190710,151200,47,5,542,512,594,556,Jul15_0/32-20190710151200-snapshot.jpg
4,0,20190710,151200,79,5,1869,612,1911,672,Jul15_0/32-20190710151200-snapshot.jpg
4,0,20190710,151230,35,6,1078,665,1139,715,Jul15_0/32-20190710151230-snapshot.jpg
4,0,20190710,151600,66,5,529,21,577,76,Jul15_0/32-20190710151600-snapshot.jpg
4,0,20190710,151900,65,5,894,625,940,678,Jul15_0/32-20190710151900-snapshot.jpg
4,0,20190710,152000,52,2,45,101,132,156,Jul15_0/32-20190710152000-snapshot.jpg
4,0,20190710,152030,36,5,1001,57,1052,94,Jul15_0/32-20190710152030-snapshot.jpg
4,0,20190710,152030,56,5,1099,1050,1143,1078,Jul15_0/32-20190710152030-snapshot.jpg
4,0,20190710,152100,27,5,840,91,900,144,Jul15_0/32-20190710152100-snapshot.jpg
4,0,20190710,152200,59,6,1038,791,1114,837,Jul15_0/32-20190710152200-snapshot.jpg
4,0,20190710,152230,27,6,307,714,382,777,Jul15_0/32-20190710152230-snapshot.jpg
4,0,20190710,152400,45,6,640,653,709,718,Jul15_0/32-20190710152400-snapshot.jpg
4,0,20190710,152400,78,6,627,163,686,226,Jul15_0/32-20190710152400-snapshot.jpg
4,0,20190710,152530,71,5,1145,349,1203,414,Jul15_0/32-20190710152530-snapshot.jpg
4,0,20190710,152700,74,5,611,493,654,537,Jul15_0/32-20190710152700-snapshot.jpg
4,0,20190710,152700,79,6,247,50,338,118,Jul15_0/32-20190710152700-snapshot.jpg
4,0,20190710,152730,63,5,358,156,435,217,Jul15_0/32-20190710152730-snapshot.jpg
4,0,20190710,152730,71,5,634,563,683,619,Jul15_0/32-20190710152730-snapshot.jpg
4,0,20190710,152800,61,5,967,457,1028,494,Jul15_0/32-20190710152800-snapshot.jpg
4,0,20190710,152800,69,5,672,544,718,589,Jul15_0/32-20190710152800-snapshot.jpg
4,0,20190710,152930,63,5,810,78,856,125,Jul15_0/32-20190710152930-snapshot.jpg
4,0,20190710,153030,70,3,1808,307,1886,377,Jul15_0/32-20190710153030-snapshot.jpg
4,0,20190710,153030,81,5,306,171,381,232,Jul15_0/32-20190710153030-snapshot.jpg
4,0,20190710,153100,80,5,662,46,735,90,Jul15_0/32-20190710153100-snapshot.jpg
4,0,20190710,153130,69,5,444,91,517,140,Jul15_0/32-20190710153130-snapshot.jpg
4,0,20190710,153200,69,5,265,538,331,589,Jul15_0/32-20190710153200-snapshot.jpg
4,0,20190710,153230,73,5,86,124,156,180,Jul15_0/32-20190710153230-snapshot.jpg
4,0,20190710,153500,69,6,176,36,271,102,Jul15_0/32-20190710153500-snapshot.jpg
4,0,20190710,153500,81,1,735,1036,777,1068,Jul15_0/32-20190710153500-snapshot.jpg
4,0,20190710,153530,79,1,996,641,1042,689,Jul15_0/32-20190710153530-snapshot.jpg
4,0,20190710,153630,69,5,1668,511,1742,562,Jul15_0/32-20190710153630-snapshot.jpg
4,0,20190710,153730,40,6,578,45,630,102,Jul15_0/32-20190710153730-snapshot.jpg
4,0,20190710,153730,79,1,1486,956,1529,997,Jul15_0/32-20190710153730-snapshot.jpg
4,0,20190710,153800,63,5,458,234,517,274,Jul15_0/32-20190710153800-snapshot.jpg
4,0,20190710,153830,61,2,75,593,169,646,Jul15_0/32-20190710153830-snapshot.jpg
4,0,20190710,153830,73,6,586,230,660,295,Jul15_0/32-20190710153830-snapshot.jpg
4,0,20190710,153830,82,1,1538,566,1579,603,Jul15_0/32-20190710153830-snapshot.jpg
4,0,20190710,153900,41,5,488,179,539,232,Jul15_0/32-20190710153900-snapshot.jpg
4,0,20190710,153900,62,6,495,48,585,120,Jul15_0/32-20190710153900-snapshot.jpg
4,0,20190710,153900,83,1,1456,450,1497,482,Jul15_0/32-20190710153900-snapshot.jpg
4,0,20190710,153930,69,5,541,14,593,55,Jul15_0/32-20190710153930-snapshot.jpg
4,0,20190710,154000,65,5,1501,221,1567,266,Jul15_0/32-20190710154000-snapshot.jpg
4,0,20190710,154130,76,5,917,264,969,317,Jul15_0/32-20190710154130-snapshot.jpg
4,0,20190710,154200,62,5,885,172,951,213,Jul15_0/32-20190710154200-snapshot.jpg
4,0,20190710,154230,74,5,369,83,423,137,Jul15_0/32-20190710154230-snapshot.jpg
4,0,20190710,154300,64,5,1303,76,1356,107,Jul15_0/32-20190710154300-snapshot.jpg
4,0,20190710,154300,68,5,157,532,210,576,Jul15_0/32-20190710154300-snapshot.jpg
4,0,20190710,154330,42,5,985,236,1034,275,Jul15_0/32-20190710154330-snapshot.jpg
4,0,20190710,154330,68,6,429,572,500,641,Jul15_0/32-20190710154330-snapshot.jpg
4,0,20190710,154430,33,5,476,165,548,227,Jul15_0/32-20190710154430-snapshot.jpg
4,0,20190710,154430,73,5,835,585,887,634,Jul15_0/32-20190710154430-snapshot.jpg
4,0,20190710,154430,81,5,596,498,642,555,Jul15_0/32-20190710154430-snapshot.jpg
4,0,20190710,154500,73,5,953,665,1002,709,Jul15_0/32-20190710154500-snapshot.jpg
4,0,20190710,154500,78,5,671,480,712,527,Jul15_0/32-20190710154500-snapshot.jpg
4,0,20190710,154530,38,5,1217,1036,1266,1080,Jul15_0/32-20190710154530-snapshot.jpg
4,0,20190710,154530,52,5,853,381,898,427,Jul15_0/32-20190710154530-snapshot.jpg
4,0,20190710,154530,68,5,1303,670,1339,718,Jul15_0/32-20190710154530-snapshot.jpg
4,0,20190710,154600,50,5,308,195,387,260,Jul15_0/32-20190710154600-snapshot.jpg
4,0,20190710,154600,72,5,1036,534,1086,576,Jul15_0/32-20190710154600-snapshot.jpg
4,0,20190710,154600,74,5,1072,415,1129,466,Jul15_0/32-20190710154600-snapshot.jpg
4,0,20190710,154630,30,5,1161,398,1217,439,Jul15_0/32-20190710154630-snapshot.jpg
4,0,20190710,154700,48,5,1259,37,1300,72,Jul15_0/32-20190710154700-snapshot.jpg
4,0,20190710,154800,87,4,249,210,339,281,Jul15_0/32-20190710154800-snapshot.jpg
4,0,20190710,154930,33,6,314,605,401,680,Jul15_0/32-20190710154930-snapshot.jpg
4,0,20190710,155030,73,5,475,533,530,585,Jul15_0/32-20190710155030-snapshot.jpg
4,0,20190710,155100,46,5,904,590,957,631,Jul15_0/32-20190710155100-snapshot.jpg
4,0,20190710,155330,69,5,851,193,900,246,Jul15_0/32-20190710155330-snapshot.jpg
4,0,20190710,155400,70,5,627,141,678,179,Jul15_0/32-20190710155400-snapshot.jpg
4,0,20190710,155400,83,5,1034,413,1085,470,Jul15_0/32-20190710155400-snapshot.jpg
4,0,20190710,155430,59,5,524,297,584,343,Jul15_0/32-20190710155430-snapshot.jpg
4,0,20190710,155430,71,5,178,215,249,259,Jul15_0/32-20190710155430-snapshot.jpg
4,0,20190710,155530,28,5,158,214,215,273,Jul15_0/32-20190710155530-snapshot.jpg
4,0,20190710,155600,73,5,342,169,395,230,Jul15_0/32-20190710155600-snapshot.jpg
4,0,20190710,155630,77,5,284,127,357,173,Jul15_0/32-20190710155630-snapshot.jpg
4,0,20190710,155700,29,5,99,295,159,356,Jul15_0/32-20190710155700-snapshot.jpg
4,0,20190710,155730,65,5,35,530,88,582,Jul15_0/32-20190710155730-snapshot.jpg
4,0,20190710,155730,70,6,1279,597,1352,659,Jul15_0/32-20190710155730-snapshot.jpg
4,0,20190710,155830,34,5,261,618,314,670,Jul15_0/32-20190710155830-snapshot.jpg
4,0,20190710,155900,40,5,56,352,113,408,Jul15_0/32-20190710155900-snapshot.jpg
4,0,20190710,155930,72,6,28,253,112,314,Jul15_0/32-20190710155930-snapshot.jpg
4,0,20190710,160000,58,6,97,370,181,439,Jul15_0/32-20190710160000-snapshot.jpg
4,0,20190710,160300,60,6,779,143,844,200,Jul15_0/32-20190710160300-snapshot.jpg
4,0,20190710,160300,60,5,456,120,515,158,Jul15_0/32-20190710160300-snapshot.jpg
4,0,20190710,160430,83,8,0,463,68,542,Jul15_0/32-20190710160430-snapshot.jpg
4,0,20190710,160530,27,5,221,19,276,62,Jul15_0/32-20190710160530-snapshot.jpg
4,0,20190710,161830,44,6,42,41,122,86,Jul15_0/32-20190710161830-snapshot.jpg
4,0,20190710,162230,77,6,832,126,886,187,Jul15_0/32-20190710162230-snapshot.jpg
4,0,20190710,162300,62,6,1120,388,1181,454,Jul15_0/32-20190710162300-snapshot.jpg
4,0,20190710,162400,86,4,947,307,1007,381,Jul15_0/32-20190710162400-snapshot.jpg
4,0,20190710,162730,86,3,1535,218,1591,294,Jul15_0/32-20190710162730-snapshot.jpg
4,0,20190710,163630,35,5,961,645,1005,694,Jul15_0/32-20190710163630-snapshot.jpg
4,0,20190710,164200,66,4,496,258,577,334,Jul15_0/32-20190710164200-snapshot.jpg
4,0,20190710,164330,54,5,1459,498,1503,543,Jul15_0/32-20190710164330-snapshot.jpg
4,0,20190710,164330,55,2,361,398,437,448,Jul15_0/32-20190710164330-snapshot.jpg
4,0,20190710,164400,37,5,1562,284,1609,323,Jul15_0/32-20190710164400-snapshot.jpg
4,0,20190710,165130,77,6,508,362,583,408,Jul15_0/32-20190710165130-snapshot.jpg
4,0,20190710,165530,79,6,1628,247,1676,304,Jul15_0/32-20190710165530-snapshot.jpg
4,0,20190710,165730,63,5,249,14,308,43,Jul15_0/32-20190710165730-snapshot.jpg
4,0,20190710,170000,73,5,1012,406,1075,446,Jul15_0/32-20190710170000-snapshot.jpg
4,0,20190710,170030,76,5,933,293,989,347,Jul15_0/32-20190710170030-snapshot.jpg
4,0,20190710,170100,79,5,902,290,954,340,Jul15_0/32-20190710170100-snapshot.jpg
4,0,20190710,170130,80,5,565,293,621,352,Jul15_0/32-20190710170130-snapshot.jpg
4,0,20190710,170600,83,8,833,545,893,607,Jul15_0/32-20190710170600-snapshot.jpg
4,0,20190710,170730,46,6,1200,354,1251,394,Jul15_0/32-20190710170730-snapshot.jpg
4,0,20190710,170730,52,5,1202,355,1251,394,Jul15_0/32-20190710170730-snapshot.jpg
4,0,20190710,171230,31,6,564,188,629,246,Jul15_0/32-20190710171230-snapshot.jpg
4,0,20190710,171530,58,2,1752,307,1825,382,Jul15_0/32-20190710171530-snapshot.jpg
4,0,20190710,172430,80,6,1281,632,1325,691,Jul15_0/32-20190710172430-snapshot.jpg
4,0,20190710,180400,86,8,577,180,658,244,Jul15_0/32-20190710180400-snapshot.jpg
4,0,20190710,183100,80,2,287,509,372,570,Jul15_0/32-20190710183100-snapshot.jpg
4,0,20190710,190930,40,6,237,611,312,657,Jul15_0/32-20190710190930-snapshot.jpg
4,0,20190710,203100,33,6,490,56,575,123,Jul15_0/32-20190710203100-snapshot.jpg
4,0,20190711,034330,33,8,1322,287,1370,361,Jul15_0/43-20190711034330-snapshot.jpg
4,0,20190711,035300,40,8,1322,288,1374,373,Jul15_0/45-20190711035300-snapshot.jpg
4,0,20190711,035600,28,8,1321,289,1374,375,Jul15_0/45-20190711035600-snapshot.jpg
4,0,20190711,061330,59,1,1427,890,1467,923,Jul15_0/62-20190711061330-snapshot.jpg
4,0,20190711,073330,66,6,924,285,981,347,Jul15_0/62-20190711073330-snapshot.jpg
4,0,20190711,073430,59,5,738,962,789,1005,Jul15_0/62-20190711073430-snapshot.jpg
4,0,20190711,074030,42,6,929,45,1008,98,Jul15_0/62-20190711074030-snapshot.jpg
4,0,20190711,074100,47,5,641,80,690,132,Jul15_0/62-20190711074100-snapshot.jpg
4,0,20190711,080730,85,8,1245,999,1294,1076,Jul15_0/62-20190711080730-snapshot.jpg
4,0,20190711,081400,55,8,0,372,36,440,Jul15_0/62-20190711081400-snapshot.jpg
4,0,20190711,084430,73,5,1879,753,1919,808,Jul15_0/62-20190711084430-snapshot.jpg
4,0,20190711,084730,89,3,1762,320,1847,381,Jul15_0/62-20190711084730-snapshot.jpg
4,0,20190711,100100,63,6,1308,94,1355,156,Jul15_0/62-20190711100100-snapshot.jpg
4,0,20190711,100130,86,8,454,1,535,58,Jul15_0/62-20190711100130-snapshot.jpg
4,0,20190711,103630,33,5,183,145,236,205,Jul15_0/62-20190711103630-snapshot.jpg
4,0,20190711,105530,56,5,0,709,33,766,Jul15_0/62-20190711105530-snapshot.jpg
4,0,20190711,110200,52,6,862,235,944,296,Jul15_0/62-20190711110200-snapshot.jpg
4,0,20190711,110230,78,5,1677,416,1723,464,Jul15_0/62-20190711110230-snapshot.jpg
4,0,20190711,112200,40,6,1308,51,1350,103,Jul15_0/62-20190711112200-snapshot.jpg
4,0,20190711,114830,84,8,51,40,141,105,Jul15_0/62-20190711114830-snapshot.jpg
4,0,20190711,121500,85,8,39,123,132,200,Jul15_0/62-20190711121500-snapshot.jpg
4,0,20190711,122430,84,8,1368,1001,1423,1076,Jul15_0/62-20190711122430-snapshot.jpg
4,0,20190711,123700,83,8,207,236,287,282,Jul15_0/62-20190711123700-snapshot.jpg
4,0,20190711,124000,86,8,1242,612,1297,692,Jul15_0/62-20190711124000-snapshot.jpg
4,0,20190711,130330,32,6,1776,324,1849,386,Jul15_0/62-20190711130330-snapshot.jpg
4,0,20190711,130400,62,2,1834,351,1910,408,Jul15_0/62-20190711130400-snapshot.jpg
4,0,20190711,130430,71,2,1824,359,1880,418,Jul15_0/62-20190711130430-snapshot.jpg
4,0,20190711,130900,55,5,1252,14,1292,54,Jul15_0/62-20190711130900-snapshot.jpg
4,0,20190711,131500,28,5,556,532,602,574,Jul15_0/62-20190711131500-snapshot.jpg
4,0,20190711,131530,29,6,599,491,645,545,Jul15_0/62-20190711131530-snapshot.jpg
4,0,20190711,131530,30,5,599,491,645,543,Jul15_0/62-20190711131530-snapshot.jpg
4,0,20190711,131630,49,5,572,185,628,229,Jul15_0/62-20190711131630-snapshot.jpg
4,0,20190711,131700,64,6,477,148,563,207,Jul15_0/62-20190711131700-snapshot.jpg
4,0,20190711,131830,63,5,1033,331,1075,375,Jul15_0/62-20190711131830-snapshot.jpg
4,0,20190711,135600,34,8,0,424,56,491,Jul15_0/62-20190711135600-snapshot.jpg
4,0,20190711,140200,84,8,0,377,77,448,Jul15_0/62-20190711140200-snapshot.jpg
4,0,20190711,141030,74,8,1455,78,1529,122,Jul15_0/62-20190711141030-snapshot.jpg
4,0,20190711,141330,42,6,13,343,100,414,Jul15_0/62-20190711141330-snapshot.jpg
4,0,20190711,145200,73,5,607,241,662,281,Jul15_0/62-20190711145200-snapshot.jpg
4,0,20190711,145630,85,8,1764,942,1844,1020,Jul15_0/62-20190711145630-snapshot.jpg
4,0,20190711,150300,79,6,262,132,348,186,Jul15_0/62-20190711150300-snapshot.jpg
4,0,20190711,150600,84,8,487,418,569,493,Jul15_0/62-20190711150600-snapshot.jpg
4,0,20190711,150700,76,6,1765,746,1851,815,Jul15_0/62-20190711150700-snapshot.jpg
4,0,20190711,151000,82,6,1788,438,1843,510,Jul15_0/62-20190711151000-snapshot.jpg
4,0,20190711,151330,52,6,898,272,970,321,Jul15_0/62-20190711151330-snapshot.jpg
4,0,20190711,151400,49,6,1120,880,1186,921,Jul15_0/62-20190711151400-snapshot.jpg
4,0,20190711,153900,75,6,1588,695,1640,762,Jul15_0/62-20190711153900-snapshot.jpg
4,0,20190711,153930,85,6,1764,729,1848,779,Jul15_0/62-20190711153930-snapshot.jpg
4,0,20190711,154000,30,6,1214,904,1290,958,Jul15_0/62-20190711154000-snapshot.jpg
4,0,20190711,154000,83,8,619,869,705,920,Jul15_0/62-20190711154000-snapshot.jpg
4,0,20190711,160300,79,6,569,191,651,248,Jul15_0/62-20190711160300-snapshot.jpg
4,0,20190711,160330,80,6,0,359,66,427,Jul15_0/62-20190711160330-snapshot.jpg
4,0,20190711,164000,50,6,1302,5,1346,37,Jul15_0/62-20190711164000-snapshot.jpg
4,0,20190711,164030,64,6,918,4,1001,65,Jul15_0/62-20190711164030-snapshot.jpg
4,0,20190711,171300,72,6,186,310,277,377,Jul15_0/62-20190711171300-snapshot.jpg
4,0,20190711,173130,61,6,521,495,578,547,Jul15_0/62-20190711173130-snapshot.jpg
4,0,20190711,174030,85,8,374,184,468,251,Jul15_0/62-20190711174030-snapshot.jpg
4,0,20190711,180300,83,8,1489,149,1564,211,Jul15_0/62-20190711180300-snapshot.jpg
4,0,20190711,185100,82,8,23,212,100,258,Jul15_0/62-20190711185100-snapshot.jpg
4,0,20190711,190330,80,6,23,444,109,518,Jul15_0/62-20190711190330-snapshot.jpg
4,0,20190711,190430,52,8,271,317,362,387,Jul15_0/62-20190711190430-snapshot.jpg
4,0,20190711,190430,66,6,270,317,362,386,Jul15_0/62-20190711190430-snapshot.jpg
4,0,20190711,194800,82,2,1290,760,1344,830,Jul15_0/62-20190711194800-snapshot.jpg
4,0,20190711,202230,84,8,342,346,431,414,Jul15_0/63-20190711202230-snapshot.jpg
4,0,20190711,205100,36,8,1311,294,1365,361,Jul15_0/63-20190711205100-snapshot.jpg
4,0,20190711,205830,53,8,1313,294,1364,362,Jul15_0/63-20190711205830-snapshot.jpg
4,0,20190712,035830,33,8,1310,297,1374,372,Jul15_0/70-20190712035830-snapshot.jpg
4,0,20190712,062630,25,5,964,599,1027,635,Jul15_0/70-20190712062630-snapshot.jpg
4,0,20190712,062930,33,5,961,599,1028,636,Jul15_0/70-20190712062930-snapshot.jpg
4,0,20190712,080930,81,6,553,946,612,1019,Jul15_0/70-20190712080930-snapshot.jpg
4,0,20190712,091530,81,6,926,539,1007,589,Jul15_0/70-20190712091530-snapshot.jpg
4,0,20190712,091530,84,8,756,853,831,916,Jul15_0/70-20190712091530-snapshot.jpg
4,0,20190712,093030,81,8,804,131,890,182,Jul15_0/70-20190712093030-snapshot.jpg
4,0,20190712,093730,85,2,663,853,768,912,Jul15_0/70-20190712093730-snapshot.jpg
4,0,20190712,095200,61,2,1821,305,1877,386,Jul15_0/70-20190712095200-snapshot.jpg
4,0,20190712,095630,83,8,263,605,356,652,Jul15_0/70-20190712095630-snapshot.jpg
4,0,20190712,101400,33,5,741,1001,785,1055,Jul15_0/70-20190712101400-snapshot.jpg
4,0,20190712,101830,88,8,1166,637,1219,715,Jul15_0/70-20190712101830-snapshot.jpg
4,0,20190712,104600,54,6,77,174,155,225,Jul15_0/70-20190712104600-snapshot.jpg
4,0,20190712,104630,67,6,141,162,212,231,Jul15_0/70-20190712104630-snapshot.jpg
4,0,20190712,111030,85,8,1258,575,1308,640,Jul15_0/70-20190712111030-snapshot.jpg
4,0,20190712,112000,70,5,905,48,957,105,Jul15_0/70-20190712112000-snapshot.jpg
4,0,20190712,112030,74,5,396,162,482,221,Jul15_0/70-20190712112030-snapshot.jpg
4,0,20190712,114300,53,5,1424,533,1468,571,Jul15_0/70-20190712114300-snapshot.jpg
4,0,20190712,115600,35,6,191,776,282,850,Jul15_0/70-20190712115600-snapshot.jpg
4,0,20190712,115630,74,6,242,761,304,827,Jul15_0/70-20190712115630-snapshot.jpg
4,0,20190712,120500,80,1,625,785,668,826,Jul15_0/70-20190712120500-snapshot.jpg
4,0,20190712,120530,74,1,410,559,454,598,Jul15_0/70-20190712120530-snapshot.jpg
4,0,20190712,120600,82,1,248,400,292,438,Jul15_0/70-20190712120600-snapshot.jpg
4,0,20190712,121800,58,5,1358,571,1405,622,Jul15_0/70-20190712121800-snapshot.jpg
4,0,20190712,122130,70,5,1265,27,1316,60,Jul15_0/70-20190712122130-snapshot.jpg
4,0,20190712,122200,77,6,1333,41,1379,102,Jul15_0/70-20190712122200-snapshot.jpg
4,0,20190712,122300,53,5,1194,350,1265,403,Jul15_0/70-20190712122300-snapshot.jpg
4,0,20190712,122300,60,8,1194,350,1265,403,Jul15_0/70-20190712122300-snapshot.jpg
4,0,20190712,122330,69,5,1313,646,1361,688,Jul15_0/70-20190712122330-snapshot.jpg
4,0,20190712,122400,46,5,1836,776,1896,836,Jul15_0/70-20190712122400-snapshot.jpg
4,0,20190712,124730,88,3,793,190,887,256,Jul15_0/70-20190712124730-snapshot.jpg
4,0,20190712,130800,79,5,1280,661,1322,714,Jul15_0/70-20190712130800-snapshot.jpg
4,0,20190712,130900,84,8,1547,236,1622,300,Jul15_0/70-20190712130900-snapshot.jpg
4,0,20190712,133700,86,8,520,359,609,428,Jul15_0/70-20190712133700-snapshot.jpg
4,0,20190712,135230,85,3,1189,7,1252,83,Jul15_0/70-20190712135230-snapshot.jpg
4,0,20190712,140930,75,6,124,380,205,435,Jul15_0/70-20190712140930-snapshot.jpg
4,0,20190712,142730,26,5,1356,164,1400,209,Jul15_0/70-20190712142730-snapshot.jpg
4,0,20190712,142900,81,8,1725,979,1814,1030,Jul15_0/70-20190712142900-snapshot.jpg
4,0,20190712,143430,39,5,1355,164,1400,209,Jul15_0/70-20190712143430-snapshot.jpg
4,0,20190712,143500,34,5,1350,161,1400,208,Jul15_0/70-20190712143500-snapshot.jpg
4,0,20190712,144430,80,8,286,870,370,924,Jul15_0/70-20190712144430-snapshot.jpg
4,0,20190712,144600,86,3,268,575,345,638,Jul15_0/70-20190712144600-snapshot.jpg
4,0,20190712,145030,42,5,1347,161,1401,208,Jul15_0/70-20190712145030-snapshot.jpg
4,0,20190712,151000,85,4,1802,307,1882,373,Jul15_0/70-20190712151000-snapshot.jpg
4,0,20190712,151630,28,5,1343,160,1396,208,Jul15_0/70-20190712151630-snapshot.jpg
4,0,20190712,151800,73,1,575,462,619,492,Jul15_0/70-20190712151800-snapshot.jpg
4,0,20190712,151900,86,1,820,46,866,82,Jul15_0/70-20190712151900-snapshot.jpg
4,0,20190712,152300,58,1,642,369,682,401,Jul15_0/70-20190712152300-snapshot.jpg
4,0,20190712,152330,82,1,537,512,580,547,Jul15_0/70-20190712152330-snapshot.jpg
4,0,20190712,152430,83,6,1038,459,1115,513,Jul15_0/70-20190712152430-snapshot.jpg
4,0,20190712,152500,87,1,591,744,635,777,Jul15_0/70-20190712152500-snapshot.jpg
4,0,20190712,152600,80,1,1017,576,1060,616,Jul15_0/70-20190712152600-snapshot.jpg
4,0,20190712,152730,80,1,932,188,974,227,Jul15_0/70-20190712152730-snapshot.jpg
4,0,20190712,153630,84,8,1482,34,1530,102,Jul15_0/70-20190712153630-snapshot.jpg
4,0,20190712,154800,85,3,310,6,404,81,Jul15_0/70-20190712154800-snapshot.jpg
4,0,20190712,155230,76,1,957,85,1002,122,Jul15_0/70-20190712155230-snapshot.jpg
4,0,20190712,155600,75,4,1795,324,1865,393,Jul15_0/70-20190712155600-snapshot.jpg
4,0,20190712,155630,30,6,1260,560,1340,611,Jul15_0/70-20190712155630-snapshot.jpg
4,0,20190712,160430,82,8,7,171,91,219,Jul15_0/70-20190712160430-snapshot.jpg
4,0,20190712,160930,87,4,829,446,909,513,Jul15_0/70-20190712160930-snapshot.jpg
4,0,20190712,161500,85,3,499,292,576,358,Jul15_0/70-20190712161500-snapshot.jpg
4,0,20190712,162200,68,5,499,481,550,525,Jul15_0/70-20190712162200-snapshot.jpg
4,0,20190712,162230,76,5,883,719,939,767,Jul15_0/70-20190712162230-snapshot.jpg
4,0,20190712,163430,87,4,379,41,462,131,Jul15_0/70-20190712163430-snapshot.jpg
4,0,20190712,163630,86,1,1071,158,1118,199,Jul15_0/70-20190712163630-snapshot.jpg
4,0,20190712,163800,35,5,355,419,414,480,Jul15_0/70-20190712163800-snapshot.jpg
4,0,20190712,163830,85,5,227,270,285,338,Jul15_0/70-20190712163830-snapshot.jpg
4,0,20190712,164430,80,1,1444,1,1486,34,Jul15_0/70-20190712164430-snapshot.jpg
4,0,20190712,164530,84,1,1132,379,1176,417,Jul15_0/70-20190712164530-snapshot.jpg
4,0,20190712,164600,84,1,1148,202,1192,243,Jul15_0/70-20190712164600-snapshot.jpg
4,0,20190712,164630,80,1,1273,230,1316,269,Jul15_0/70-20190712164630-snapshot.jpg
4,0,20190712,164800,80,1,1243,692,1285,728,Jul15_0/70-20190712164800-snapshot.jpg
4,0,20190712,164930,81,1,668,605,711,645,Jul15_0/70-20190712164930-snapshot.jpg
4,0,20190712,165100,80,1,429,544,470,576,Jul15_0/70-20190712165100-snapshot.jpg
4,0,20190712,165500,77,1,11,446,60,488,Jul15_0/70-20190712165500-snapshot.jpg
4,0,20190712,170430,33,2,151,308,242,374,Jul15_0/70-20190712170430-snapshot.jpg
4,0,20190712,170630,86,4,1752,298,1841,369,Jul15_0/70-20190712170630-snapshot.jpg
4,0,20190712,173630,65,2,1279,15,1353,65,Jul15_0/70-20190712173630-snapshot.jpg
4,0,20190712,173700,87,2,201,62,292,137,Jul15_0/70-20190712173700-snapshot.jpg
4,0,20190712,174030,85,2,421,28,511,84,Jul15_0/70-20190712174030-snapshot.jpg
4,0,20190712,180000,76,2,813,526,891,580,Jul15_0/70-20190712180000-snapshot.jpg
4,0,20190712,181000,81,4,1827,293,1900,365,Jul15_0/70-20190712181000-snapshot.jpg
4,0,20190712,182830,84,8,1608,341,1664,421,Jul15_0/70-20190712182830-snapshot.jpg
4,0,20190712,190200,79,6,266,493,345,547,Jul15_0/70-20190712190200-snapshot.jpg
4,0,20190712,190300,69,5,552,910,658,990,Jul15_0/70-20190712190300-snapshot.jpg
4,0,20190712,190400,86,5,529,908,638,997,Jul15_0/70-20190712190400-snapshot.jpg
4,0,20190712,201530,88,4,999,523,1080,593,Jul15_0/70-20190712201530-snapshot.jpg
4,0,20190713,050730,31,1,603,812,645,851,Jul15_0/76-20190713050730-snapshot.jpg
4,0,20190713,053030,32,1,603,812,646,851,Jul15_0/76-20190713053030-snapshot.jpg
4,0,20190713,054000,30,1,600,813,643,853,Jul15_0/76-20190713054000-snapshot.jpg
4,0,20190713,054030,33,1,600,813,643,853,Jul15_0/76-20190713054030-snapshot.jpg
4,0,20190713,054200,58,1,601,814,643,853,Jul15_0/76-20190713054200-snapshot.jpg
4,0,20190713,054300,28,1,600,814,643,853,Jul15_0/76-20190713054300-snapshot.jpg
4,0,20190713,054430,29,1,600,813,643,853,Jul15_0/76-20190713054430-snapshot.jpg
4,0,20190713,054500,40,1,601,813,644,852,Jul15_0/76-20190713054500-snapshot.jpg
4,0,20190713,054530,29,1,600,813,643,853,Jul15_0/76-20190713054530-snapshot.jpg
4,0,20190713,054600,62,1,600,814,643,854,Jul15_0/76-20190713054600-snapshot.jpg
4,0,20190713,054630,68,1,600,813,643,853,Jul15_0/76-20190713054630-snapshot.jpg
4,0,20190713,054730,58,1,600,813,643,853,Jul15_0/76-20190713054730-snapshot.jpg
4,0,20190713,054800,45,1,600,814,643,854,Jul15_0/76-20190713054800-snapshot.jpg
4,0,20190713,054830,64,1,601,813,643,853,Jul15_0/76-20190713054830-snapshot.jpg
4,0,20190713,054900,40,1,601,814,643,853,Jul15_0/76-20190713054900-snapshot.jpg
4,0,20190713,054930,28,1,600,814,642,854,Jul15_0/76-20190713054930-snapshot.jpg
4,0,20190713,055000,53,1,600,814,643,854,Jul15_0/76-20190713055000-snapshot.jpg
4,0,20190713,055030,39,1,599,814,642,855,Jul15_0/76-20190713055030-snapshot.jpg
4,0,20190713,055100,53,1,600,815,643,854,Jul15_0/76-20190713055100-snapshot.jpg
4,0,20190713,055200,50,1,600,814,643,854,Jul15_0/76-20190713055200-snapshot.jpg
4,0,20190713,055230,57,1,601,813,643,853,Jul15_0/76-20190713055230-snapshot.jpg
4,0,20190713,055300,48,1,601,813,644,853,Jul15_0/76-20190713055300-snapshot.jpg
4,0,20190713,055330,30,1,600,814,642,854,Jul15_0/76-20190713055330-snapshot.jpg
4,0,20190713,055400,32,1,601,814,643,853,Jul15_0/76-20190713055400-snapshot.jpg
4,0,20190713,055430,42,1,600,814,643,854,Jul15_0/76-20190713055430-snapshot.jpg
4,0,20190713,055500,48,1,600,814,642,854,Jul15_0/76-20190713055500-snapshot.jpg
4,0,20190713,055700,50,1,600,815,643,855,Jul15_0/76-20190713055700-snapshot.jpg
4,0,20190713,055730,40,1,600,815,643,855,Jul15_0/76-20190713055730-snapshot.jpg
4,0,20190713,055800,28,1,600,814,643,853,Jul15_0/76-20190713055800-snapshot.jpg
4,0,20190713,055830,39,1,600,814,643,854,Jul15_0/76-20190713055830-snapshot.jpg
4,0,20190713,055900,41,1,600,814,643,854,Jul15_0/76-20190713055900-snapshot.jpg
4,0,20190713,055930,38,1,600,814,643,854,Jul15_0/76-20190713055930-snapshot.jpg
4,0,20190713,060100,46,1,600,814,642,854,Jul15_0/76-20190713060100-snapshot.jpg
4,0,20190713,060130,35,1,600,814,642,853,Jul15_0/76-20190713060130-snapshot.jpg
4,0,20190713,060200,35,1,600,815,642,854,Jul15_0/76-20190713060200-snapshot.jpg
4,0,20190713,060230,51,1,600,814,643,854,Jul15_0/76-20190713060230-snapshot.jpg
4,0,20190713,060300,62,1,600,813,644,853,Jul15_0/76-20190713060300-snapshot.jpg
4,0,20190713,060330,68,1,601,812,644,852,Jul15_0/76-20190713060330-snapshot.jpg
4,0,20190713,060400,72,1,601,812,644,853,Jul15_0/76-20190713060400-snapshot.jpg
4,0,20190713,060430,38,1,600,814,642,854,Jul15_0/76-20190713060430-snapshot.jpg
4,0,20190713,060500,61,1,600,814,643,855,Jul15_0/76-20190713060500-snapshot.jpg
4,0,20190713,060530,58,1,601,812,645,853,Jul15_0/76-20190713060530-snapshot.jpg
4,0,20190713,060600,58,1,600,813,643,854,Jul15_0/76-20190713060600-snapshot.jpg
4,0,20190713,060630,59,1,600,814,643,854,Jul15_0/76-20190713060630-snapshot.jpg
4,0,20190713,060700,53,1,601,812,645,853,Jul15_0/76-20190713060700-snapshot.jpg
4,0,20190713,060730,50,1,601,812,644,853,Jul15_0/76-20190713060730-snapshot.jpg
4,0,20190713,060800,41,1,602,812,645,852,Jul15_0/76-20190713060800-snapshot.jpg
4,0,20190713,060830,29,1,600,812,643,853,Jul15_0/76-20190713060830-snapshot.jpg
4,0,20190713,060900,56,1,600,813,643,853,Jul15_0/76-20190713060900-snapshot.jpg
4,0,20190713,060930,64,1,600,813,643,854,Jul15_0/76-20190713060930-snapshot.jpg
4,0,20190713,061000,65,1,600,813,643,854,Jul15_0/76-20190713061000-snapshot.jpg
4,0,20190713,061030,68,1,600,813,643,854,Jul15_0/76-20190713061030-snapshot.jpg
4,0,20190713,061100,65,1,601,812,644,854,Jul15_0/76-20190713061100-snapshot.jpg
4,0,20190713,061130,43,1,601,812,644,853,Jul15_0/76-20190713061130-snapshot.jpg
4,0,20190713,061200,73,1,600,813,643,854,Jul15_0/76-20190713061200-snapshot.jpg
4,0,20190713,061230,53,1,600,813,643,854,Jul15_0/76-20190713061230-snapshot.jpg
4,0,20190713,061300,37,1,599,815,642,855,Jul15_0/76-20190713061300-snapshot.jpg
4,0,20190713,061330,46,1,600,814,643,854,Jul15_0/76-20190713061330-snapshot.jpg
4,0,20190713,061400,58,1,600,813,644,853,Jul15_0/76-20190713061400-snapshot.jpg
4,0,20190713,061430,64,1,599,814,643,855,Jul15_0/76-20190713061430-snapshot.jpg
4,0,20190713,061500,61,1,600,813,643,854,Jul15_0/76-20190713061500-snapshot.jpg
4,0,20190713,061530,60,1,600,813,643,854,Jul15_0/76-20190713061530-snapshot.jpg
4,0,20190713,061600,52,1,599,815,643,855,Jul15_0/76-20190713061600-snapshot.jpg
4,0,20190713,061630,36,1,599,815,643,854,Jul15_0/76-20190713061630-snapshot.jpg
4,0,20190713,061700,27,1,599,814,642,854,Jul15_0/76-20190713061700-snapshot.jpg
4,0,20190713,061730,63,1,599,814,643,854,Jul15_0/76-20190713061730-snapshot.jpg
4,0,20190713,061800,39,1,600,813,644,854,Jul15_0/76-20190713061800-snapshot.jpg
4,0,20190713,061830,56,1,599,814,643,854,Jul15_0/76-20190713061830-snapshot.jpg
4,0,20190713,061900,66,1,600,814,643,854,Jul15_0/76-20190713061900-snapshot.jpg
4,0,20190713,061930,34,1,601,813,643,853,Jul15_0/76-20190713061930-snapshot.jpg
4,0,20190713,062000,28,1,601,813,644,853,Jul15_0/76-20190713062000-snapshot.jpg
4,0,20190713,062030,57,1,602,812,645,852,Jul15_0/76-20190713062030-snapshot.jpg
4,0,20190713,062100,67,1,601,812,644,853,Jul15_0/76-20190713062100-snapshot.jpg
4,0,20190713,062130,71,1,602,812,645,853,Jul15_0/76-20190713062130-snapshot.jpg
4,0,20190713,062200,28,1,600,815,643,855,Jul15_0/76-20190713062200-snapshot.jpg
4,0,20190713,062230,57,1,600,814,644,854,Jul15_0/76-20190713062230-snapshot.jpg
4,0,20190713,062300,59,1,600,813,643,854,Jul15_0/76-20190713062300-snapshot.jpg
4,0,20190713,062330,60,1,600,813,644,854,Jul15_0/76-20190713062330-snapshot.jpg
4,0,20190713,062400,56,1,600,814,643,855,Jul15_0/76-20190713062400-snapshot.jpg
4,0,20190713,062430,43,1,600,814,643,855,Jul15_0/76-20190713062430-snapshot.jpg
4,0,20190713,062500,59,1,600,813,643,854,Jul15_0/76-20190713062500-snapshot.jpg
4,0,20190713,062530,60,1,600,813,643,854,Jul15_0/76-20190713062530-snapshot.jpg
4,0,20190713,062600,47,1,601,813,645,854,Jul15_0/76-20190713062600-snapshot.jpg
4,0,20190713,062630,73,1,601,813,644,854,Jul15_0/76-20190713062630-snapshot.jpg
4,0,20190713,062700,50,1,599,814,643,855,Jul15_0/76-20190713062700-snapshot.jpg
4,0,20190713,062730,64,1,599,814,643,855,Jul15_0/76-20190713062730-snapshot.jpg
4,0,20190713,062800,65,1,599,813,643,854,Jul15_0/76-20190713062800-snapshot.jpg
4,0,20190713,062830,63,1,599,814,643,854,Jul15_0/76-20190713062830-snapshot.jpg
4,0,20190713,062900,51,1,600,813,644,854,Jul15_0/76-20190713062900-snapshot.jpg
4,0,20190713,063000,65,1,599,814,643,856,Jul15_0/76-20190713063000-snapshot.jpg
4,0,20190713,063030,55,1,600,814,643,855,Jul15_0/76-20190713063030-snapshot.jpg
4,0,20190713,063100,54,1,601,813,644,853,Jul15_0/76-20190713063100-snapshot.jpg
4,0,20190713,063130,61,1,600,814,643,855,Jul15_0/76-20190713063130-snapshot.jpg
4,0,20190713,063200,64,1,600,813,644,854,Jul15_0/76-20190713063200-snapshot.jpg
4,0,20190713,063230,54,1,601,813,644,853,Jul15_0/76-20190713063230-snapshot.jpg
4,0,20190713,063300,52,1,600,814,643,855,Jul15_0/76-20190713063300-snapshot.jpg
4,0,20190713,063330,51,1,601,813,644,854,Jul15_0/76-20190713063330-snapshot.jpg
4,0,20190713,063400,61,1,602,812,645,853,Jul15_0/76-20190713063400-snapshot.jpg
4,0,20190713,063500,26,1,600,813,644,854,Jul15_0/76-20190713063500-snapshot.jpg
4,0,20190713,063600,34,1,600,814,644,854,Jul15_0/76-20190713063600-snapshot.jpg
4,0,20190713,063630,50,1,604,810,647,850,Jul15_0/76-20190713063630-snapshot.jpg
4,0,20190713,063700,41,1,602,813,645,852,Jul15_0/76-20190713063700-snapshot.jpg
4,0,20190713,063730,50,1,604,811,647,851,Jul15_0/76-20190713063730-snapshot.jpg
4,0,20190713,063800,27,1,602,812,645,852,Jul15_0/76-20190713063800-snapshot.jpg
4,0,20190713,063830,72,8,5,456,101,525,Jul15_0/76-20190713063830-snapshot.jpg
4,0,20190713,080630,71,5,144,521,193,569,Jul15_0/76-20190713080630-snapshot.jpg
4,0,20190713,083130,80,5,991,559,1038,604,Jul15_0/76-20190713083130-snapshot.jpg
4,0,20190713,083630,26,5,1003,299,1054,346,Jul15_0/76-20190713083630-snapshot.jpg
4,0,20190713,083700,55,5,790,478,842,517,Jul15_0/76-20190713083700-snapshot.jpg
4,0,20190713,083730,67,5,502,489,551,541,Jul15_0/76-20190713083730-snapshot.jpg
4,0,20190713,093500,87,3,188,117,292,185,Jul15_0/76-20190713093500-snapshot.jpg
4,0,20190713,094000,87,2,525,448,610,500,Jul15_0/76-20190713094000-snapshot.jpg
4,0,20190713,101430,71,5,1248,197,1292,248,Jul15_0/76-20190713101430-snapshot.jpg
4,0,20190713,101500,77,5,389,60,450,115,Jul15_0/76-20190713101500-snapshot.jpg
4,0,20190713,101500,82,3,1856,333,1920,394,Jul15_0/76-20190713101500-snapshot.jpg
4,0,20190713,101530,65,5,1116,407,1177,452,Jul15_0/76-20190713101530-snapshot.jpg
4,0,20190713,101600,55,5,907,725,968,762,Jul15_0/76-20190713101600-snapshot.jpg
4,0,20190713,101930,86,2,381,170,471,238,Jul15_0/76-20190713101930-snapshot.jpg
4,0,20190713,102230,85,4,974,371,1034,444,Jul15_0/76-20190713102230-snapshot.jpg
4,0,20190713,103430,86,2,988,761,1076,824,Jul15_0/76-20190713103430-snapshot.jpg
4,0,20190713,103600,66,6,464,566,518,626,Jul15_0/76-20190713103600-snapshot.jpg
4,0,20190713,103630,78,6,259,528,342,575,Jul15_0/76-20190713103630-snapshot.jpg
4,0,20190713,104030,65,6,1297,708,1366,751,Jul15_0/76-20190713104030-snapshot.jpg
4,0,20190713,110400,66,5,148,51,236,108,Jul15_0/76-20190713110400-snapshot.jpg
4,0,20190713,110700,88,6,171,20,251,86,Jul15_0/76-20190713110700-snapshot.jpg
4,0,20190713,111130,44,6,184,632,260,698,Jul15_0/76-20190713111130-snapshot.jpg
4,0,20190713,111200,82,8,930,564,983,617,Jul15_0/76-20190713111200-snapshot.jpg
4,0,20190713,111300,28,5,889,784,957,834,Jul15_0/76-20190713111300-snapshot.jpg
4,0,20190713,111330,34,8,290,808,370,877,Jul15_0/76-20190713111330-snapshot.jpg
4,0,20190713,111500,81,2,433,225,523,278,Jul15_0/76-20190713111500-snapshot.jpg
4,0,20190713,111730,84,8,502,664,555,733,Jul15_0/76-20190713111730-snapshot.jpg
4,0,20190713,112030,53,6,582,489,633,534,Jul15_0/76-20190713112030-snapshot.jpg
4,0,20190713,112030,86,2,0,203,67,267,Jul15_0/76-20190713112030-snapshot.jpg
4,0,20190713,112100,85,6,320,386,408,450,Jul15_0/76-20190713112100-snapshot.jpg
4,0,20190713,112130,47,2,557,285,647,338,Jul15_0/76-20190713112130-snapshot.jpg
4,0,20190713,112600,42,5,1102,297,1157,349,Jul15_0/76-20190713112600-snapshot.jpg
4,0,20190713,112700,32,8,404,879,476,923,Jul15_0/76-20190713112700-snapshot.jpg
4,0,20190713,112900,80,6,596,57,676,104,Jul15_0/76-20190713112900-snapshot.jpg
4,0,20190713,112930,83,6,1306,521,1359,590,Jul15_0/76-20190713112930-snapshot.jpg
4,0,20190713,113000,76,6,879,400,958,452,Jul15_0/76-20190713113000-snapshot.jpg
4,0,20190713,113030,77,6,1460,223,1532,283,Jul15_0/76-20190713113030-snapshot.jpg
4,0,20190713,113830,65,6,568,492,624,547,Jul15_0/76-20190713113830-snapshot.jpg
4,0,20190713,114400,83,6,288,585,372,646,Jul15_0/76-20190713114400-snapshot.jpg
4,0,20190713,114430,84,6,163,72,254,141,Jul15_0/76-20190713114430-snapshot.jpg
4,0,20190713,114530,75,6,207,220,294,297,Jul15_0/76-20190713114530-snapshot.jpg
4,0,20190713,114800,60,6,838,700,910,757,Jul15_0/76-20190713114800-snapshot.jpg
4,0,20190713,114830,80,6,332,80,416,145,Jul15_0/76-20190713114830-snapshot.jpg
4,0,20190713,114900,75,6,860,286,925,331,Jul15_0/76-20190713114900-snapshot.jpg
4,0,20190713,114930,67,6,575,290,664,359,Jul15_0/76-20190713114930-snapshot.jpg
4,0,20190713,115000,36,6,830,268,897,320,Jul15_0/76-20190713115000-snapshot.jpg
4,0,20190713,115030,27,6,916,284,968,343,Jul15_0/76-20190713115030-snapshot.jpg
4,0,20190713,115500,87,1,583,387,633,433,Jul15_0/76-20190713115500-snapshot.jpg
4,0,20190713,115530,49,1,773,418,813,449,Jul15_0/76-20190713115530-snapshot.jpg
4,0,20190713,120100,51,6,1065,351,1122,411,Jul15_0/76-20190713120100-snapshot.jpg
4,0,20190713,120200,80,1,994,558,1036,596,Jul15_0/76-20190713120200-snapshot.jpg
4,0,20190713,120830,33,5,152,101,234,161,Jul15_0/76-20190713120830-snapshot.jpg
4,0,20190713,121130,33,5,285,636,346,697,Jul15_0/76-20190713121130-snapshot.jpg
4,0,20190713,121400,81,6,95,144,163,206,Jul15_0/76-20190713121400-snapshot.jpg
4,0,20190713,121700,27,6,299,641,366,709,Jul15_0/76-20190713121700-snapshot.jpg
4,0,20190713,121700,65,5,1166,59,1211,112,Jul15_0/76-20190713121700-snapshot.jpg
4,0,20190713,121730,68,5,897,313,944,364,Jul15_0/76-20190713121730-snapshot.jpg
4,0,20190713,121830,63,6,1607,401,1659,459,Jul15_0/76-20190713121830-snapshot.jpg
4,0,20190713,122500,77,3,1836,352,1909,430,Jul15_0/76-20190713122500-snapshot.jpg
4,0,20190713,122830,83,2,170,1025,254,1078,Jul15_0/76-20190713122830-snapshot.jpg
4,0,20190713,123700,84,8,577,764,650,834,Jul15_0/76-20190713123700-snapshot.jpg
4,0,20190713,123800,28,6,947,506,1003,569,Jul15_0/76-20190713123800-snapshot.jpg
4,0,20190713,123830,66,6,450,166,512,227,Jul15_0/76-20190713123830-snapshot.jpg
4,0,20190713,124200,75,6,567,13,617,71,Jul15_0/76-20190713124200-snapshot.jpg
4,0,20190713,124230,48,5,826,56,876,95,Jul15_0/76-20190713124230-snapshot.jpg
4,0,20190713,124400,72,8,995,564,1044,625,Jul15_0/76-20190713124400-snapshot.jpg
4,0,20190713,124600,73,6,797,476,869,526,Jul15_0/76-20190713124600-snapshot.jpg
4,0,20190713,124900,76,2,109,514,195,569,Jul15_0/76-20190713124900-snapshot.jpg
4,0,20190713,125030,71,6,767,696,847,757,Jul15_0/76-20190713125030-snapshot.jpg
4,0,20190713,125130,48,5,265,523,309,574,Jul15_0/76-20190713125130-snapshot.jpg
4,0,20190713,125200,82,6,898,294,959,352,Jul15_0/76-20190713125200-snapshot.jpg
4,0,20190713,125600,61,6,816,266,882,305,Jul15_0/76-20190713125600-snapshot.jpg
4,0,20190713,125630,85,8,318,310,390,382,Jul15_0/76-20190713125630-snapshot.jpg
4,0,20190713,125830,82,5,859,479,910,536,Jul15_0/76-20190713125830-snapshot.jpg
4,0,20190713,125900,41,5,921,652,970,708,Jul15_0/76-20190713125900-snapshot.jpg
4,0,20190713,130000,56,5,918,286,968,340,Jul15_0/76-20190713130000-snapshot.jpg
4,0,20190713,130130,54,5,1010,639,1060,694,Jul15_0/76-20190713130130-snapshot.jpg
4,0,20190713,131100,25,6,894,98,944,160,Jul15_0/76-20190713131100-snapshot.jpg
4,0,20190713,131100,86,8,394,206,484,286,Jul15_0/76-20190713131100-snapshot.jpg
4,0,20190713,131330,68,6,213,209,300,275,Jul15_0/76-20190713131330-snapshot.jpg
4,0,20190713,131400,62,5,842,368,887,410,Jul15_0/76-20190713131400-snapshot.jpg
4,0,20190713,131430,66,5,1580,320,1631,362,Jul15_0/76-20190713131430-snapshot.jpg
4,0,20190713,131500,85,3,1835,321,1920,391,Jul15_0/76-20190713131500-snapshot.jpg
4,0,20190713,131600,35,5,1097,672,1144,719,Jul15_0/76-20190713131600-snapshot.jpg
4,0,20190713,131600,52,5,1273,717,1324,761,Jul15_0/76-20190713131600-snapshot.jpg
4,0,20190713,131900,60,6,314,603,401,671,Jul15_0/76-20190713131900-snapshot.jpg
4,0,20190713,131930,31,5,263,565,314,617,Jul15_0/76-20190713131930-snapshot.jpg
4,0,20190713,132300,67,5,1373,45,1426,77,Jul15_0/76-20190713132300-snapshot.jpg
4,0,20190713,132430,88,3,344,44,440,105,Jul15_0/76-20190713132430-snapshot.jpg
4,0,20190713,132900,65,2,1295,459,1377,514,Jul15_0/76-20190713132900-snapshot.jpg
4,0,20190713,132930,79,2,926,623,985,690,Jul15_0/76-20190713132930-snapshot.jpg
4,0,20190713,132930,82,2,953,403,1036,480,Jul15_0/76-20190713132930-snapshot.jpg
4,0,20190713,133000,36,2,1346,39,1397,107,Jul15_0/76-20190713133000-snapshot.jpg
4,0,20190713,133630,83,8,0,47,68,119,Jul15_0/76-20190713133630-snapshot.jpg
4,0,20190713,133700,63,8,898,937,984,992,Jul15_0/76-20190713133700-snapshot.jpg
4,0,20190713,134030,34,5,121,6,189,39,Jul15_0/76-20190713134030-snapshot.jpg
4,0,20190713,134130,84,8,1090,785,1185,840,Jul15_0/76-20190713134130-snapshot.jpg
4,0,20190713,134330,76,2,0,303,53,384,Jul15_0/76-20190713134330-snapshot.jpg
4,0,20190713,134400,83,2,72,85,158,144,Jul15_0/76-20190713134400-snapshot.jpg
4,0,20190713,134430,87,2,564,178,651,245,Jul15_0/76-20190713134430-snapshot.jpg
4,0,20190713,134500,83,2,137,84,229,135,Jul15_0/76-20190713134500-snapshot.jpg
4,0,20190713,135000,33,2,6,396,89,451,Jul15_0/76-20190713135000-snapshot.jpg
4,0,20190713,135000,85,8,90,128,181,207,Jul15_0/76-20190713135000-snapshot.jpg
4,0,20190713,135100,67,5,1261,220,1316,254,Jul15_0/76-20190713135100-snapshot.jpg
4,0,20190713,135700,85,8,1440,125,1525,175,Jul15_0/76-20190713135700-snapshot.jpg
4,0,20190713,140200,78,2,5,589,97,638,Jul15_0/76-20190713140200-snapshot.jpg
4,0,20190713,140230,86,2,123,156,204,228,Jul15_0/76-20190713140230-snapshot.jpg
4,0,20190713,140300,84,8,256,656,349,708,Jul15_0/76-20190713140300-snapshot.jpg
4,0,20190713,140630,71,2,1862,362,1920,424,Jul15_0/76-20190713140630-snapshot.jpg
4,0,20190713,141030,83,2,389,512,446,587,Jul15_0/76-20190713141030-snapshot.jpg
4,0,20190713,141430,88,2,977,434,1063,502,Jul15_0/76-20190713141430-snapshot.jpg
4,0,20190713,141930,33,5,814,728,872,783,Jul15_0/76-20190713141930-snapshot.jpg
4,0,20190713,142000,68,5,566,506,621,558,Jul15_0/76-20190713142000-snapshot.jpg
4,0,20190713,142230,69,5,97,226,150,284,Jul15_0/76-20190713142230-snapshot.jpg
4,0,20190713,142630,34,5,1598,397,1639,441,Jul15_0/76-20190713142630-snapshot.jpg
4,0,20190713,142830,75,2,1325,525,1382,597,Jul15_0/76-20190713142830-snapshot.jpg
4,0,20190713,142900,82,2,839,363,897,435,Jul15_0/76-20190713142900-snapshot.jpg
4,0,20190713,142930,80,8,634,768,704,840,Jul15_0/76-20190713142930-snapshot.jpg
4,0,20190713,142930,86,2,331,228,424,287,Jul15_0/76-20190713142930-snapshot.jpg
4,0,20190713,143000,84,2,896,14,960,105,Jul15_0/76-20190713143000-snapshot.jpg
4,0,20190713,143130,76,5,60,692,115,739,Jul15_0/76-20190713143130-snapshot.jpg
4,0,20190713,143330,82,3,1549,441,1631,508,Jul15_0/76-20190713143330-snapshot.jpg
4,0,20190713,143430,74,5,1225,451,1283,490,Jul15_0/76-20190713143430-snapshot.jpg
4,0,20190713,143700,55,2,437,31,493,100,Jul15_0/76-20190713143700-snapshot.jpg
4,0,20190713,143730,82,2,533,334,612,404,Jul15_0/76-20190713143730-snapshot.jpg
4,0,20190713,143800,84,2,3,748,84,808,Jul15_0/76-20190713143800-snapshot.jpg
4,0,20190713,143900,76,3,1858,333,1920,401,Jul15_0/76-20190713143900-snapshot.jpg
4,0,20190713,144430,78,5,1283,735,1336,795,Jul15_0/76-20190713144430-snapshot.jpg
4,0,20190713,144600,27,8,126,1032,201,1080,Jul15_0/76-20190713144600-snapshot.jpg
4,0,20190713,144600,48,2,391,435,471,500,Jul15_0/76-20190713144600-snapshot.jpg
4,0,20190713,144600,79,2,1429,475,1490,543,Jul15_0/76-20190713144600-snapshot.jpg
4,0,20190713,145130,84,8,393,59,473,136,Jul15_0/76-20190713145130-snapshot.jpg
4,0,20190713,145230,62,5,1079,717,1133,756,Jul15_0/76-20190713145230-snapshot.jpg
4,0,20190713,145330,76,5,862,779,932,826,Jul15_0/76-20190713145330-snapshot.jpg
4,0,20190713,150430,57,2,605,32,656,113,Jul15_0/76-20190713150430-snapshot.jpg
4,0,20190713,150600,62,5,41,491,92,526,Jul15_0/76-20190713150600-snapshot.jpg
4,0,20190713,150630,73,2,743,481,816,524,Jul15_0/76-20190713150630-snapshot.jpg
4,0,20190713,150830,82,6,590,969,677,1021,Jul15_0/76-20190713150830-snapshot.jpg
4,0,20190713,151530,60,5,411,403,489,462,Jul15_0/76-20190713151530-snapshot.jpg
4,0,20190713,151800,82,2,1331,27,1388,85,Jul15_0/76-20190713151800-snapshot.jpg
4,0,20190713,152030,81,2,298,162,376,217,Jul15_0/76-20190713152030-snapshot.jpg
4,0,20190713,152130,60,5,1753,185,1806,230,Jul15_0/76-20190713152130-snapshot.jpg
4,0,20190713,152200,51,5,1184,52,1241,89,Jul15_0/76-20190713152200-snapshot.jpg
4,0,20190713,152400,80,2,0,111,81,162,Jul15_0/76-20190713152400-snapshot.jpg
4,0,20190713,152430,66,2,0,254,43,329,Jul15_0/76-20190713152430-snapshot.jpg
4,0,20190713,152530,57,2,157,336,235,405,Jul15_0/76-20190713152530-snapshot.jpg
4,0,20190713,153030,47,6,340,718,392,780,Jul15_0/76-20190713153030-snapshot.jpg
4,0,20190713,153130,78,6,475,213,532,276,Jul15_0/76-20190713153130-snapshot.jpg
4,0,20190713,153230,72,5,1099,693,1151,747,Jul15_0/76-20190713153230-snapshot.jpg
4,0,20190713,153230,82,2,332,372,411,448,Jul15_0/76-20190713153230-snapshot.jpg
4,0,20190713,153300,45,8,381,1002,460,1045,Jul15_0/76-20190713153300-snapshot.jpg
4,0,20190713,153300,86,2,538,8,597,96,Jul15_0/76-20190713153300-snapshot.jpg
4,0,20190713,153630,75,5,192,627,254,689,Jul15_0/76-20190713153630-snapshot.jpg
4,0,20190713,154100,75,8,544,512,599,553,Jul15_0/76-20190713154100-snapshot.jpg
4,0,20190713,154430,80,6,858,372,912,433,Jul15_0/76-20190713154430-snapshot.jpg
4,0,20190713,154700,48,1,1082,768,1125,801,Jul15_0/76-20190713154700-snapshot.jpg
4,0,20190713,154900,36,5,802,42,849,72,Jul15_0/76-20190713154900-snapshot.jpg
4,0,20190713,155000,31,2,74,272,166,332,Jul15_0/76-20190713155000-snapshot.jpg
4,0,20190713,155000,66,1,914,798,953,833,Jul15_0/76-20190713155000-snapshot.jpg
4,0,20190713,155030,63,1,915,797,953,831,Jul15_0/76-20190713155030-snapshot.jpg
4,0,20190713,155100,83,2,1154,311,1219,386,Jul15_0/76-20190713155100-snapshot.jpg
4,0,20190713,155230,40,1,916,799,953,832,Jul15_0/76-20190713155230-snapshot.jpg
4,0,20190713,155300,61,1,913,796,952,831,Jul15_0/76-20190713155300-snapshot.jpg
4,0,20190713,155330,62,5,1153,258,1210,288,Jul15_0/76-20190713155330-snapshot.jpg
4,0,20190713,155400,71,5,1421,90,1473,130,Jul15_0/76-20190713155400-snapshot.jpg
4,0,20190713,155430,63,5,1344,166,1389,215,Jul15_0/76-20190713155430-snapshot.jpg
4,0,20190713,155830,73,5,989,591,1042,639,Jul15_0/76-20190713155830-snapshot.jpg
4,0,20190713,160300,72,5,142,529,189,580,Jul15_0/76-20190713160300-snapshot.jpg
4,0,20190713,160430,85,2,229,100,318,176,Jul15_0/76-20190713160430-snapshot.jpg
4,0,20190713,160600,87,2,818,348,896,415,Jul15_0/76-20190713160600-snapshot.jpg
4,0,20190713,160730,30,5,245,514,296,554,Jul15_0/76-20190713160730-snapshot.jpg
4,0,20190713,160800,69,5,238,572,291,616,Jul15_0/76-20190713160800-snapshot.jpg
4,0,20190713,160900,76,1,894,767,936,806,Jul15_0/76-20190713160900-snapshot.jpg
4,0,20190713,161200,63,2,230,759,313,823,Jul15_0/76-20190713161200-snapshot.jpg
4,0,20190713,161500,59,6,869,747,932,816,Jul15_0/76-20190713161500-snapshot.jpg
4,0,20190713,161530,46,6,828,303,897,351,Jul15_0/76-20190713161530-snapshot.jpg
4,0,20190713,161730,39,5,1282,449,1342,495,Jul15_0/76-20190713161730-snapshot.jpg
4,0,20190713,161930,87,4,315,126,401,195,Jul15_0/76-20190713161930-snapshot.jpg
4,0,20190713,162330,80,2,1530,428,1608,478,Jul15_0/76-20190713162330-snapshot.jpg
4,0,20190713,162400,26,5,1815,659,1868,704,Jul15_0/76-20190713162400-snapshot.jpg
4,0,20190713,163100,70,2,290,561,362,623,Jul15_0/76-20190713163100-snapshot.jpg
4,0,20190713,163130,86,3,1791,373,1880,444,Jul15_0/76-20190713163130-snapshot.jpg
4,0,20190713,163400,81,3,445,362,507,428,Jul15_0/76-20190713163400-snapshot.jpg
4,0,20190713,164130,80,3,1806,361,1897,429,Jul15_0/76-20190713164130-snapshot.jpg
4,0,20190713,164230,41,2,64,156,145,215,Jul15_0/76-20190713164230-snapshot.jpg
4,0,20190713,164300,81,2,1147,373,1232,420,Jul15_0/76-20190713164300-snapshot.jpg
4,0,20190713,164430,68,6,957,73,1047,136,Jul15_0/76-20190713164430-snapshot.jpg
4,0,20190713,164500,58,6,944,45,1030,112,Jul15_0/76-20190713164500-snapshot.jpg
4,0,20190713,164530,81,6,864,352,939,403,Jul15_0/76-20190713164530-snapshot.jpg
4,0,20190713,164600,80,6,978,563,1047,615,Jul15_0/76-20190713164600-snapshot.jpg
4,0,20190713,164730,72,5,1551,208,1599,264,Jul15_0/76-20190713164730-snapshot.jpg
4,0,20190713,164830,65,5,804,36,851,71,Jul15_0/76-20190713164830-snapshot.jpg
4,0,20190713,165130,77,6,844,373,897,436,Jul15_0/76-20190713165130-snapshot.jpg
4,0,20190713,165300,61,4,1095,695,1164,754,Jul15_0/76-20190713165300-snapshot.jpg
4,0,20190713,165800,33,5,355,727,431,778,Jul15_0/76-20190713165800-snapshot.jpg
4,0,20190713,165830,51,5,1632,869,1686,928,Jul15_0/76-20190713165830-snapshot.jpg
4,0,20190713,165830,83,8,874,744,952,808,Jul15_0/76-20190713165830-snapshot.jpg
4,0,20190713,165900,41,5,925,257,979,304,Jul15_0/76-20190713165900-snapshot.jpg
4,0,20190713,170600,84,3,1301,786,1366,846,Jul15_0/76-20190713170600-snapshot.jpg
4,0,20190713,170700,84,8,416,815,492,883,Jul15_0/76-20190713170700-snapshot.jpg
4,0,20190713,170700,87,3,815,448,872,521,Jul15_0/76-20190713170700-snapshot.jpg
4,0,20190713,170930,84,2,569,490,623,560,Jul15_0/76-20190713170930-snapshot.jpg
4,0,20190713,171430,67,2,1169,253,1257,300,Jul15_0/76-20190713171430-snapshot.jpg
4,0,20190713,172030,44,2,1820,352,1906,399,Jul15_0/76-20190713172030-snapshot.jpg
4,0,20190713,173730,75,3,1857,331,1919,399,Jul15_0/76-20190713173730-snapshot.jpg
4,0,20190713,174100,42,5,1546,214,1595,274,Jul15_0/76-20190713174100-snapshot.jpg
4,0,20190713,174700,26,5,901,895,959,951,Jul15_0/76-20190713174700-snapshot.jpg
4,0,20190713,180530,59,5,0,624,51,684,Jul15_0/76-20190713180530-snapshot.jpg
4,0,20190713,181430,46,5,815,386,869,421,Jul15_0/76-20190713181430-snapshot.jpg
4,0,20190713,181630,78,1,424,882,467,917,Jul15_0/76-20190713181630-snapshot.jpg
4,0,20190713,181700,84,1,432,725,476,761,Jul15_0/76-20190713181700-snapshot.jpg
4,0,20190713,181800,50,1,321,499,363,533,Jul15_0/76-20190713181800-snapshot.jpg
4,0,20190713,182030,85,2,1014,816,1097,866,Jul15_0/76-20190713182030-snapshot.jpg
4,0,20190713,182200,33,5,1166,126,1212,169,Jul15_0/76-20190713182200-snapshot.jpg
4,0,20190713,182600,62,6,683,291,746,355,Jul15_0/76-20190713182600-snapshot.jpg
4,0,20190713,182700,73,8,3,418,87,494,Jul15_0/76-20190713182700-snapshot.jpg
4,0,20190713,183830,26,5,1631,264,1678,317,Jul15_0/76-20190713183830-snapshot.jpg
4,0,20190713,184000,81,3,1864,307,1920,387,Jul15_0/76-20190713184000-snapshot.jpg
4,0,20190713,184930,77,1,1578,145,1623,183,Jul15_0/76-20190713184930-snapshot.jpg
