4,0,20190624,141630,45,2,535,827,586,876,Jun24_0/01-20190624141630-snapshot.jpg
4,0,20190624,141630,75,4,1356,180,1409,235,Jun24_0/01-20190624141630-snapshot.jpg
4,0,20190624,141700,33,2,552,1013,612,1056,Jun24_0/01-20190624141700-snapshot.jpg
4,0,20190624,141700,71,4,297,898,347,942,Jun24_0/01-20190624141700-snapshot.jpg
4,0,20190624,141700,77,4,1190,285,1239,336,Jun24_0/01-20190624141700-snapshot.jpg
4,0,20190624,141730,30,2,1454,690,1491,723,Jun24_0/01-20190624141730-snapshot.jpg
4,0,20190624,141730,71,4,440,899,483,939,Jun24_0/01-20190624141730-snapshot.jpg
4,0,20190624,141730,76,4,1118,324,1184,366,Jun24_0/01-20190624141730-snapshot.jpg
4,0,20190624,141800,43,2,390,948,437,997,Jun24_0/01-20190624141800-snapshot.jpg
4,0,20190624,142400,36,2,784,588,827,637,Jun24_0/01-20190624142400-snapshot.jpg
4,0,20190624,142400,42,4,111,308,151,346,Jun24_0/01-20190624142400-snapshot.jpg
4,0,20190624,142430,79,4,818,598,874,638,Jun24_0/01-20190624142430-snapshot.jpg
4,0,20190624,143000,39,2,581,1039,640,1080,Jun24_0/01-20190624143000-snapshot.jpg
4,0,20190624,143930,77,4,1432,449,1482,492,Jun24_0/01-20190624143930-snapshot.jpg
4,0,20190624,144030,58,2,1351,279,1396,332,Jun24_0/01-20190624144030-snapshot.jpg
4,0,20190624,144230,54,2,417,781,464,826,Jun24_0/01-20190624144230-snapshot.jpg
4,0,20190624,144430,76,2,504,712,544,760,Jun24_0/01-20190624144430-snapshot.jpg
4,0,20190624,144530,50,2,633,923,683,964,Jun24_0/01-20190624144530-snapshot.jpg
4,0,20190624,144600,48,2,542,866,590,904,Jun24_0/01-20190624144600-snapshot.jpg
4,0,20190624,144800,66,4,686,898,731,937,Jun24_0/01-20190624144800-snapshot.jpg
4,0,20190624,144830,76,4,60,578,105,622,Jun24_0/01-20190624144830-snapshot.jpg
4,0,20190624,144900,70,2,465,851,525,901,Jun24_0/01-20190624144900-snapshot.jpg
4,0,20190624,145030,77,3,0,585,49,628,Jun24_0/01-20190624145030-snapshot.jpg
4,0,20190624,145230,80,2,1077,915,1129,963,Jun24_0/01-20190624145230-snapshot.jpg
4,0,20190624,145430,36,2,1386,339,1436,379,Jun24_0/01-20190624145430-snapshot.jpg
4,0,20190624,145430,75,2,596,941,645,994,Jun24_0/01-20190624145430-snapshot.jpg
4,0,20190624,145500,45,2,1838,266,1898,300,Jun24_0/01-20190624145500-snapshot.jpg
4,0,20190624,145730,35,2,730,944,777,972,Jun24_0/01-20190624145730-snapshot.jpg
4,0,20190627,104330,43,4,699,785,750,827,Jun24_0/01-20190627104330-snapshot.jpg
4,0,20190627,104830,81,4,464,884,512,931,Jun24_0/01-20190627104830-snapshot.jpg
4,0,20190627,104900,74,4,558,677,605,716,Jun24_0/01-20190627104900-snapshot.jpg
4,0,20190627,104930,83,4,896,412,949,468,Jun24_0/01-20190627104930-snapshot.jpg
4,0,20190627,105800,61,2,278,628,340,705,Jun24_0/01-20190627105800-snapshot.jpg
4,0,20190627,105830,63,2,346,344,396,408,Jun24_0/01-20190627105830-snapshot.jpg
4,0,20190627,105900,81,2,714,953,771,1008,Jun24_0/01-20190627105900-snapshot.jpg
4,0,20190627,111900,84,4,480,885,528,943,Jun24_0/01-20190627111900-snapshot.jpg
4,0,20190627,112030,72,2,1484,708,1532,763,Jun24_0/01-20190627112030-snapshot.jpg
4,0,20190627,113730,79,1,1753,175,1799,213,Jun24_0/01-20190627113730-snapshot.jpg
4,0,20190627,113800,82,1,1751,180,1797,218,Jun24_0/01-20190627113800-snapshot.jpg
4,0,20190627,113900,79,1,1283,405,1320,434,Jun24_0/01-20190627113900-snapshot.jpg
4,0,20190627,114330,62,2,1400,780,1451,829,Jun24_0/01-20190627114330-snapshot.jpg
4,0,20190627,114900,53,2,422,753,488,795,Jun24_0/01-20190627114900-snapshot.jpg
4,0,20190627,115000,70,2,639,831,701,874,Jun24_0/01-20190627115000-snapshot.jpg
4,0,20190627,115030,57,2,440,780,490,842,Jun24_0/01-20190627115030-snapshot.jpg
4,0,20190627,115100,38,2,1294,652,1363,692,Jun24_0/01-20190627115100-snapshot.jpg
4,0,20190627,115100,73,2,408,891,481,926,Jun24_0/01-20190627115100-snapshot.jpg
4,0,20190627,120600,80,2,582,907,632,961,Jun24_0/01-20190627120600-snapshot.jpg
4,0,20190627,121400,68,2,1003,384,1070,432,Jun24_0/01-20190627121400-snapshot.jpg
4,0,20190627,121630,76,4,928,721,982,768,Jun24_0/01-20190627121630-snapshot.jpg
4,0,20190627,121700,27,2,377,383,426,443,Jun24_0/01-20190627121700-snapshot.jpg
4,0,20190627,121800,81,4,392,710,445,760,Jun24_0/01-20190627121800-snapshot.jpg
4,0,20190627,121830,73,2,618,700,684,736,Jun24_0/01-20190627121830-snapshot.jpg
4,0,20190627,122030,82,4,458,960,520,1008,Jun24_0/01-20190627122030-snapshot.jpg
4,0,20190627,122200,69,2,653,871,710,906,Jun24_0/01-20190627122200-snapshot.jpg
4,0,20190627,122400,84,4,625,957,686,1007,Jun24_0/01-20190627122400-snapshot.jpg
4,0,20190627,122700,77,4,1282,91,1338,145,Jun24_0/01-20190627122700-snapshot.jpg
4,0,20190627,122730,86,4,1638,903,1710,950,Jun24_0/01-20190627122730-snapshot.jpg
4,0,20190627,123000,49,4,689,966,735,1014,Jun24_0/01-20190627123000-snapshot.jpg
4,0,20190627,123530,66,2,382,732,431,784,Jun24_0/01-20190627123530-snapshot.jpg
4,0,20190627,123600,73,2,667,770,719,809,Jun24_0/01-20190627123600-snapshot.jpg
4,0,20190627,123900,78,4,370,884,421,927,Jun24_0/01-20190627123900-snapshot.jpg
4,0,20190627,123930,74,4,645,162,688,203,Jun24_0/01-20190627123930-snapshot.jpg
4,0,20190627,124030,79,2,405,375,458,439,Jun24_0/01-20190627124030-snapshot.jpg
4,0,20190627,124300,58,2,1259,985,1312,1044,Jun24_0/01-20190627124300-snapshot.jpg
4,0,20190627,124430,38,2,924,739,975,773,Jun24_0/01-20190627124430-snapshot.jpg
4,0,20190627,124500,57,2,493,765,544,805,Jun24_0/01-20190627124500-snapshot.jpg
4,0,20190627,125130,73,3,595,879,640,920,Jun24_0/01-20190627125130-snapshot.jpg
4,0,20190627,125400,80,2,490,631,537,688,Jun24_0/01-20190627125400-snapshot.jpg
4,0,20190627,125430,63,2,631,851,681,905,Jun24_0/01-20190627125430-snapshot.jpg
4,0,20190627,125600,70,2,512,487,563,531,Jun24_0/01-20190627125600-snapshot.jpg
4,0,20190627,125630,39,2,208,592,264,634,Jun24_0/01-20190627125630-snapshot.jpg
4,0,20190627,130100,74,4,1679,965,1739,1016,Jun24_0/01-20190627130100-snapshot.jpg
4,0,20190627,130200,80,4,0,29,55,83,Jun24_0/01-20190627130200-snapshot.jpg
4,0,20190627,130330,69,2,310,804,354,856,Jun24_0/01-20190627130330-snapshot.jpg
4,0,20190627,130400,65,2,478,424,533,473,Jun24_0/01-20190627130400-snapshot.jpg
4,0,20190627,130900,73,3,1414,60,1461,112,Jun24_0/01-20190627130900-snapshot.jpg
4,0,20190627,131000,54,2,444,927,516,964,Jun24_0/01-20190627131000-snapshot.jpg
4,0,20190627,131100,40,4,1490,3,1554,43,Jun24_0/01-20190627131100-snapshot.jpg
4,0,20190627,131230,57,4,1761,544,1808,587,Jun24_0/01-20190627131230-snapshot.jpg
4,0,20190627,131230,62,2,1576,122,1638,165,Jun24_0/01-20190627131230-snapshot.jpg
4,0,20190627,131400,83,4,643,819,691,868,Jun24_0/01-20190627131400-snapshot.jpg
4,0,20190627,131600,43,3,1329,877,1389,915,Jun24_0/01-20190627131600-snapshot.jpg
4,0,20190627,131630,33,2,1708,348,1779,397,Jun24_0/01-20190627131630-snapshot.jpg
4,0,20190627,132200,74,3,1571,138,1618,176,Jun24_0/01-20190627132200-snapshot.jpg
4,0,20190627,132200,79,2,734,919,794,987,Jun24_0/01-20190627132200-snapshot.jpg
4,0,20190627,132230,68,2,223,219,272,278,Jun24_0/01-20190627132230-snapshot.jpg
4,0,20190627,132230,75,2,1690,609,1740,664,Jun24_0/01-20190627132230-snapshot.jpg
4,0,20190627,132330,77,2,1254,963,1311,1032,Jun24_0/01-20190627132330-snapshot.jpg
4,0,20190627,132430,42,2,1652,936,1701,988,Jun24_0/01-20190627132430-snapshot.jpg
4,0,20190627,132630,77,4,2,163,64,204,Jun24_0/01-20190627132630-snapshot.jpg
4,0,20190627,132730,81,2,1380,812,1431,857,Jun24_0/01-20190627132730-snapshot.jpg
4,0,20190627,132800,68,4,670,714,717,757,Jun24_0/01-20190627132800-snapshot.jpg
4,0,20190627,132830,68,3,604,936,653,973,Jun24_0/01-20190627132830-snapshot.jpg
4,0,20190627,132830,78,2,1441,696,1490,762,Jun24_0/01-20190627132830-snapshot.jpg
4,0,20190627,132900,62,2,412,498,465,565,Jun24_0/01-20190627132900-snapshot.jpg
4,0,20190627,132930,30,2,383,73,433,131,Jun24_0/01-20190627132930-snapshot.jpg
4,0,20190627,133000,64,2,656,366,711,432,Jun24_0/01-20190627133000-snapshot.jpg
4,0,20190627,133800,68,4,529,794,575,840,Jun24_0/01-20190627133800-snapshot.jpg
4,0,20190627,133830,81,4,355,739,407,792,Jun24_0/01-20190627133830-snapshot.jpg
4,0,20190627,133900,75,4,393,727,437,759,Jun24_0/01-20190627133900-snapshot.jpg
4,0,20190627,134030,66,2,1564,637,1620,686,Jun24_0/01-20190627134030-snapshot.jpg
4,0,20190627,134300,77,2,418,412,467,474,Jun24_0/01-20190627134300-snapshot.jpg
4,0,20190627,134900,74,2,834,560,911,602,Jun24_0/01-20190627134900-snapshot.jpg
4,0,20190627,135000,60,2,705,965,761,1022,Jun24_0/01-20190627135000-snapshot.jpg
4,0,20190627,135030,76,4,1692,552,1744,588,Jun24_0/01-20190627135030-snapshot.jpg
4,0,20190627,135100,44,4,1525,885,1574,927,Jun24_0/01-20190627135100-snapshot.jpg
4,0,20190627,135130,64,2,224,240,271,294,Jun24_0/01-20190627135130-snapshot.jpg
4,0,20190627,135200,51,4,612,738,661,777,Jun24_0/01-20190627135200-snapshot.jpg
4,0,20190627,135330,50,2,531,787,579,843,Jun24_0/01-20190627135330-snapshot.jpg
4,0,20190627,135400,62,2,139,261,187,317,Jun24_0/01-20190627135400-snapshot.jpg
4,0,20190627,135430,76,2,244,526,295,581,Jun24_0/01-20190627135430-snapshot.jpg
4,0,20190627,135530,79,2,189,637,238,703,Jun24_0/01-20190627135530-snapshot.jpg
4,0,20190627,135600,80,1,330,911,368,939,Jun24_0/01-20190627135600-snapshot.jpg
4,0,20190627,140130,75,2,634,395,683,463,Jun24_0/01-20190627140130-snapshot.jpg
4,0,20190627,140700,77,1,1770,7,1811,37,Jun24_0/01-20190627140700-snapshot.jpg
4,0,20190627,141400,53,2,0,197,39,242,Jun24_0/01-20190627141400-snapshot.jpg
4,0,20190627,141430,69,2,889,385,936,433,Jun24_0/01-20190627141430-snapshot.jpg
4,0,20190627,141500,32,2,551,843,602,894,Jun24_0/01-20190627141500-snapshot.jpg
4,0,20190627,141900,81,2,1584,610,1652,654,Jun24_0/01-20190627141900-snapshot.jpg
4,0,20190627,142100,66,3,1614,959,1655,1004,Jun24_0/01-20190627142100-snapshot.jpg
4,0,20190627,142130,82,1,706,1041,745,1071,Jun24_0/01-20190627142130-snapshot.jpg
4,0,20190627,142200,64,1,548,1055,585,1078,Jun24_0/01-20190627142200-snapshot.jpg
4,0,20190627,142230,71,1,442,1054,482,1076,Jun24_0/01-20190627142230-snapshot.jpg
4,0,20190627,142230,72,2,1414,513,1474,556,Jun24_0/01-20190627142230-snapshot.jpg
4,0,20190627,142300,84,1,188,760,227,789,Jun24_0/01-20190627142300-snapshot.jpg
4,0,20190627,142400,50,2,342,760,395,812,Jun24_0/01-20190627142400-snapshot.jpg
4,0,20190627,142430,45,2,370,831,426,895,Jun24_0/01-20190627142430-snapshot.jpg
4,0,20190627,142500,25,2,398,325,463,375,Jun24_0/01-20190627142500-snapshot.jpg
4,0,20190627,142500,83,1,261,938,301,969,Jun24_0/01-20190627142500-snapshot.jpg
4,0,20190627,142530,82,1,443,890,480,922,Jun24_0/01-20190627142530-snapshot.jpg
4,0,20190627,142700,83,1,897,381,935,410,Jun24_0/01-20190627142700-snapshot.jpg
4,0,20190627,142730,86,1,1068,19,1109,53,Jun24_0/01-20190627142730-snapshot.jpg
4,0,20190627,142830,78,1,1358,121,1391,150,Jun24_0/01-20190627142830-snapshot.jpg
4,0,20190627,143000,74,1,728,203,765,232,Jun24_0/01-20190627143000-snapshot.jpg
4,0,20190627,143030,78,2,406,391,460,461,Jun24_0/01-20190627143030-snapshot.jpg
4,0,20190627,143530,48,4,1298,167,1347,210,Jun24_0/01-20190627143530-snapshot.jpg
4,0,20190627,143630,61,4,1510,835,1558,879,Jun24_0/01-20190627143630-snapshot.jpg
4,0,20190627,143730,81,1,1051,557,1090,587,Jun24_0/01-20190627143730-snapshot.jpg
4,0,20190627,143800,65,2,848,779,896,826,Jun24_0/01-20190627143800-snapshot.jpg
4,0,20190627,143830,73,4,113,740,163,786,Jun24_0/01-20190627143830-snapshot.jpg
4,0,20190627,144030,73,2,1008,957,1074,999,Jun24_0/01-20190627144030-snapshot.jpg
4,0,20190627,144200,38,4,1455,776,1503,827,Jun24_0/01-20190627144200-snapshot.jpg
4,0,20190627,144530,75,2,293,119,339,172,Jun24_0/01-20190627144530-snapshot.jpg
4,0,20190627,144600,62,2,1290,194,1335,231,Jun24_0/01-20190627144600-snapshot.jpg
4,0,20190627,144900,83,3,154,524,224,577,Jun24_0/01-20190627144900-snapshot.jpg
4,0,20190627,145530,67,2,281,575,347,614,Jun24_0/01-20190627145530-snapshot.jpg
4,0,20190627,150300,68,2,1188,418,1239,472,Jun24_0/01-20190627150300-snapshot.jpg
4,0,20190627,150430,48,2,1231,988,1281,1042,Jun24_0/01-20190627150430-snapshot.jpg
4,0,20190627,150530,77,4,107,579,152,621,Jun24_0/01-20190627150530-snapshot.jpg
4,0,20190627,151030,82,2,1196,666,1265,729,Jun24_0/01-20190627151030-snapshot.jpg
4,0,20190627,151300,78,1,911,754,945,781,Jun24_0/01-20190627151300-snapshot.jpg
4,0,20190627,151330,71,1,392,285,427,313,Jun24_0/01-20190627151330-snapshot.jpg
4,0,20190627,151830,35,2,67,876,136,929,Jun24_0/01-20190627151830-snapshot.jpg
4,0,20190627,151830,53,2,308,955,383,998,Jun24_0/01-20190627151830-snapshot.jpg
4,0,20190627,152000,68,2,137,1002,232,1080,Jun24_0/01-20190627152000-snapshot.jpg
4,0,20190627,152000,85,1,707,307,747,345,Jun24_0/01-20190627152000-snapshot.jpg
4,0,20190627,152700,76,2,1656,332,1744,380,Jun24_0/01-20190627152700-snapshot.jpg
4,0,20190627,152930,85,4,1322,872,1391,936,Jun24_0/01-20190627152930-snapshot.jpg
4,0,20190627,153000,74,4,804,788,858,826,Jun24_0/01-20190627153000-snapshot.jpg
4,0,20190627,153130,65,3,431,972,507,1035,Jun24_0/01-20190627153130-snapshot.jpg
4,0,20190627,153200,57,5,772,99,837,143,Jun24_0/01-20190627153200-snapshot.jpg
4,0,20190627,153230,83,1,990,267,1030,300,Jun24_0/01-20190627153230-snapshot.jpg
4,0,20190627,153300,84,1,1136,38,1176,74,Jun24_0/01-20190627153300-snapshot.jpg
4,0,20190627,153700,77,2,1621,792,1705,842,Jun24_0/01-20190627153700-snapshot.jpg
4,0,20190627,153800,46,2,55,462,112,522,Jun24_0/01-20190627153800-snapshot.jpg
4,0,20190627,154000,66,2,250,1013,314,1080,Jun24_0/01-20190627154000-snapshot.jpg
4,0,20190627,154530,28,2,1022,496,1077,560,Jun24_0/01-20190627154530-snapshot.jpg
4,0,20190627,154530,83,2,1745,625,1799,690,Jun24_0/01-20190627154530-snapshot.jpg
4,0,20190627,154730,46,2,20,299,70,358,Jun24_0/01-20190627154730-snapshot.jpg
4,0,20190627,154730,71,2,1465,815,1530,887,Jun24_0/01-20190627154730-snapshot.jpg
4,0,20190627,155700,71,1,364,307,405,341,Jun24_0/01-20190627155700-snapshot.jpg
4,0,20190627,155730,67,1,697,233,742,273,Jun24_0/01-20190627155730-snapshot.jpg
4,0,20190627,160130,84,2,1182,707,1239,780,Jun24_0/01-20190627160130-snapshot.jpg
4,0,20190627,160400,57,2,0,425,43,485,Jun24_0/01-20190627160400-snapshot.jpg
4,0,20190627,161130,53,2,1525,891,1587,943,Jun24_0/01-20190627161130-snapshot.jpg
4,0,20190627,161230,66,2,1165,324,1228,370,Jun24_0/01-20190627161230-snapshot.jpg
4,0,20190627,161400,86,3,1851,160,1920,225,Jun24_0/01-20190627161400-snapshot.jpg
4,0,20190627,161600,42,2,1068,340,1123,406,Jun24_0/01-20190627161600-snapshot.jpg
4,0,20190627,161800,66,2,310,924,368,984,Jun24_0/01-20190627161800-snapshot.jpg
4,0,20190627,162030,45,2,1237,715,1296,785,Jun24_0/01-20190627162030-snapshot.jpg
4,0,20190627,162100,60,2,927,423,1009,475,Jun24_0/01-20190627162100-snapshot.jpg
4,0,20190627,162530,77,2,1179,29,1232,100,Jun24_0/01-20190627162530-snapshot.jpg
4,0,20190627,162730,85,1,1449,2,1492,37,Jun24_0/01-20190627162730-snapshot.jpg
4,0,20190627,162800,83,1,1093,654,1132,686,Jun24_0/01-20190627162800-snapshot.jpg
4,0,20190627,162830,71,1,1353,767,1390,802,Jun24_0/01-20190627162830-snapshot.jpg
4,0,20190627,162830,82,2,438,769,497,836,Jun24_0/01-20190627162830-snapshot.jpg
4,0,20190627,163100,62,2,906,267,960,333,Jun24_0/01-20190627163100-snapshot.jpg
4,0,20190627,163830,84,2,1528,406,1585,468,Jun24_0/01-20190627163830-snapshot.jpg
4,0,20190627,164030,79,2,1410,210,1479,275,Jun24_0/01-20190627164030-snapshot.jpg
4,0,20190627,165830,80,1,1593,517,1631,547,Jun24_0/01-20190627165830-snapshot.jpg
4,0,20190627,170030,73,2,1134,637,1186,704,Jun24_0/01-20190627170030-snapshot.jpg
4,0,20190627,170400,73,2,867,454,948,501,Jun24_0/01-20190627170400-snapshot.jpg
4,0,20190627,170430,33,2,333,343,382,420,Jun24_0/01-20190627170430-snapshot.jpg
4,0,20190627,170730,34,2,1494,775,1548,843,Jun24_0/01-20190627170730-snapshot.jpg
4,0,20190627,171100,80,1,1474,828,1514,865,Jun24_0/01-20190627171100-snapshot.jpg
4,0,20190627,171200,79,1,1790,631,1833,666,Jun24_0/01-20190627171200-snapshot.jpg
4,0,20190627,171700,81,2,722,566,776,638,Jun24_0/01-20190627171700-snapshot.jpg
4,0,20190627,172030,52,1,870,208,906,239,Jun24_0/01-20190627172030-snapshot.jpg
4,0,20190627,172100,50,1,866,526,903,555,Jun24_0/01-20190627172100-snapshot.jpg
4,0,20190627,172500,55,1,1514,659,1549,688,Jun24_0/01-20190627172500-snapshot.jpg
4,0,20190627,172700,27,1,1136,555,1177,588,Jun24_0/01-20190627172700-snapshot.jpg
4,0,20190627,172830,85,2,1011,397,1072,466,Jun24_0/01-20190627172830-snapshot.jpg
4,0,20190627,173100,29,1,1137,553,1178,586,Jun24_0/01-20190627173100-snapshot.jpg
4,0,20190627,173130,25,1,1137,554,1178,587,Jun24_0/01-20190627173130-snapshot.jpg
4,0,20190627,173400,70,1,1615,834,1652,863,Jun24_0/01-20190627173400-snapshot.jpg
4,0,20190627,174900,75,3,1220,746,1310,824,Jun24_0/01-20190627174900-snapshot.jpg
4,0,20190627,180400,60,2,915,497,986,556,Jun24_0/01-20190627180400-snapshot.jpg
4,0,20190627,184800,41,1,1222,696,1262,732,Jun24_0/01-20190627184800-snapshot.jpg
4,0,20190627,184930,65,2,852,363,923,436,Jun24_0/01-20190627184930-snapshot.jpg
4,0,20190627,185500,31,1,1223,698,1262,733,Jun24_0/01-20190627185500-snapshot.jpg
4,0,20190627,192330,36,5,1193,857,1236,890,Jun24_0/01-20190627192330-snapshot.jpg
4,0,20190627,195030,76,1,1418,428,1458,463,Jun24_0/01-20190627195030-snapshot.jpg
4,0,20190627,210700,79,1,412,758,449,790,Jun24_0/01-20190627210700-snapshot.jpg
4,0,20190627,211300,75,1,247,834,285,869,Jun24_0/01-20190627211300-snapshot.jpg
4,0,20190624,150700,47,2,458,712,505,744,Jun24_0/03-20190624150700-snapshot.jpg
4,0,20190624,150730,48,2,664,956,706,999,Jun24_0/03-20190624150730-snapshot.jpg
4,0,20190624,150900,76,4,1088,245,1128,289,Jun24_0/03-20190624150900-snapshot.jpg
4,0,20190624,151330,63,3,1856,1001,1909,1045,Jun24_0/03-20190624151330-snapshot.jpg
4,0,20190624,151400,42,2,467,903,525,952,Jun24_0/03-20190624151400-snapshot.jpg
4,0,20190624,151700,70,2,1410,406,1457,455,Jun24_0/03-20190624151700-snapshot.jpg
4,0,20190624,152300,36,1,42,78,82,109,Jun24_0/03-20190624152300-snapshot.jpg
4,0,20190624,152500,43,2,372,839,417,883,Jun24_0/03-20190624152500-snapshot.jpg
4,0,20190624,152600,58,2,1064,328,1122,386,Jun24_0/03-20190624152600-snapshot.jpg
4,0,20190624,152730,54,2,470,751,516,792,Jun24_0/03-20190624152730-snapshot.jpg
4,0,20190624,152930,37,2,1309,222,1357,279,Jun24_0/03-20190624152930-snapshot.jpg
4,0,20190624,153400,25,2,1373,375,1417,422,Jun24_0/03-20190624153400-snapshot.jpg
4,0,20190624,153430,35,2,789,646,843,694,Jun24_0/03-20190624153430-snapshot.jpg
4,0,20190624,153500,33,2,602,943,650,985,Jun24_0/03-20190624153500-snapshot.jpg
4,0,20190624,153600,69,2,1285,34,1333,76,Jun24_0/03-20190624153600-snapshot.jpg
4,0,20190624,153730,70,3,211,775,258,816,Jun24_0/03-20190624153730-snapshot.jpg
4,0,20190628,041230,80,1,786,999,827,1037,Jun24_0/03-20190628041230-snapshot.jpg
4,0,20190628,041630,81,1,1137,741,1174,774,Jun24_0/03-20190628041630-snapshot.jpg
4,0,20190628,043530,58,1,1815,177,1856,215,Jun24_0/03-20190628043530-snapshot.jpg
4,0,20190628,045930,84,8,841,216,896,286,Jun24_0/03-20190628045930-snapshot.jpg
4,0,20190628,051130,84,1,249,922,288,962,Jun24_0/03-20190628051130-snapshot.jpg
4,0,20190628,051530,46,1,643,252,685,286,Jun24_0/03-20190628051530-snapshot.jpg
4,0,20190628,051600,81,1,756,261,797,297,Jun24_0/03-20190628051600-snapshot.jpg
4,0,20190628,051630,80,1,885,160,926,198,Jun24_0/03-20190628051630-snapshot.jpg
4,0,20190628,051700,84,1,844,95,890,140,Jun24_0/03-20190628051700-snapshot.jpg
4,0,20190628,051730,45,1,1002,0,1045,24,Jun24_0/03-20190628051730-snapshot.jpg
4,0,20190624,154530,60,2,468,893,516,945,Jun24_0/04-20190624154530-snapshot.jpg
4,0,20190624,155100,49,2,544,907,595,956,Jun24_0/04-20190624155100-snapshot.jpg
4,0,20190624,155200,52,2,1370,380,1415,419,Jun24_0/04-20190624155200-snapshot.jpg
4,0,20190624,155230,63,2,1384,96,1432,147,Jun24_0/04-20190624155230-snapshot.jpg
4,0,20190624,155400,59,2,1304,242,1363,283,Jun24_0/04-20190624155400-snapshot.jpg
4,0,20190624,155430,57,2,1323,776,1372,824,Jun24_0/04-20190624155430-snapshot.jpg
4,0,20190624,155530,40,2,1709,446,1758,501,Jun24_0/04-20190624155530-snapshot.jpg
4,0,20190624,155600,45,2,1258,203,1325,247,Jun24_0/04-20190624155600-snapshot.jpg
4,0,20190624,155930,30,2,541,885,600,926,Jun24_0/04-20190624155930-snapshot.jpg
4,0,20190624,160200,73,2,1311,247,1359,301,Jun24_0/04-20190624160200-snapshot.jpg
4,0,20190624,160500,54,2,806,1004,878,1047,Jun24_0/04-20190624160500-snapshot.jpg
4,0,20190624,160530,57,2,563,672,606,717,Jun24_0/04-20190624160530-snapshot.jpg
4,0,20190624,160530,72,2,51,364,111,398,Jun24_0/04-20190624160530-snapshot.jpg
4,0,20190624,161000,80,2,1391,113,1434,164,Jun24_0/04-20190624161000-snapshot.jpg
4,0,20190624,161030,59,2,1332,302,1385,342,Jun24_0/04-20190624161030-snapshot.jpg
4,0,20190624,161400,60,2,1391,455,1435,509,Jun24_0/04-20190624161400-snapshot.jpg
4,0,20190624,161430,52,2,658,1,707,36,Jun24_0/04-20190624161430-snapshot.jpg
4,0,20190624,161730,45,2,565,802,621,851,Jun24_0/04-20190624161730-snapshot.jpg
4,0,20190624,162100,27,2,521,852,575,899,Jun24_0/04-20190624162100-snapshot.jpg
4,0,20190624,162200,77,2,505,731,546,776,Jun24_0/04-20190624162200-snapshot.jpg
4,0,20190624,162300,57,2,150,284,223,330,Jun24_0/04-20190624162300-snapshot.jpg
4,0,20190624,162730,70,2,1274,642,1331,682,Jun24_0/04-20190624162730-snapshot.jpg
4,0,20190624,162830,66,2,446,933,488,975,Jun24_0/04-20190624162830-snapshot.jpg
4,0,20190624,163200,30,2,218,782,266,823,Jun24_0/05-20190624163200-snapshot.jpg
4,0,20190624,163330,75,2,769,566,808,616,Jun24_0/05-20190624163330-snapshot.jpg
4,0,20190624,163430,48,2,1392,600,1448,635,Jun24_0/05-20190624163430-snapshot.jpg
4,0,20190624,163500,57,2,1332,421,1383,457,Jun24_0/05-20190624163500-snapshot.jpg
4,0,20190624,163500,67,4,554,713,609,757,Jun24_0/05-20190624163500-snapshot.jpg
4,0,20190624,163500,68,4,1461,176,1510,219,Jun24_0/05-20190624163500-snapshot.jpg
4,0,20190624,163530,65,4,1101,365,1137,400,Jun24_0/05-20190624163530-snapshot.jpg
4,0,20190624,163600,74,4,1316,781,1360,829,Jun24_0/05-20190624163600-snapshot.jpg
4,0,20190628,062630,82,8,599,221,658,282,Jun24_0/05-20190628062630-snapshot.jpg
4,0,20190628,081530,47,1,821,556,859,587,Jun24_0/06-20190628081530-snapshot.jpg
4,0,20190628,082330,41,1,822,557,859,586,Jun24_0/06-20190628082330-snapshot.jpg
4,0,20190628,082400,27,1,822,557,859,586,Jun24_0/06-20190628082400-snapshot.jpg
4,0,20190628,082430,39,1,821,557,859,587,Jun24_0/06-20190628082430-snapshot.jpg
4,0,20190628,083800,31,1,822,556,858,586,Jun24_0/06-20190628083800-snapshot.jpg
4,0,20190628,084000,33,1,821,556,859,585,Jun24_0/06-20190628084000-snapshot.jpg
4,0,20190628,084700,35,1,822,556,861,586,Jun24_0/06-20190628084700-snapshot.jpg
4,0,20190628,084800,60,1,821,556,860,586,Jun24_0/06-20190628084800-snapshot.jpg
4,0,20190628,084830,61,1,821,555,860,586,Jun24_0/06-20190628084830-snapshot.jpg
4,0,20190628,084900,67,1,821,556,860,587,Jun24_0/06-20190628084900-snapshot.jpg
4,0,20190628,084930,53,1,821,556,859,586,Jun24_0/06-20190628084930-snapshot.jpg
4,0,20190628,085000,32,1,822,555,859,585,Jun24_0/06-20190628085000-snapshot.jpg
4,0,20190628,085030,39,1,822,556,859,585,Jun24_0/06-20190628085030-snapshot.jpg
4,0,20190628,085130,26,1,822,556,860,586,Jun24_0/06-20190628085130-snapshot.jpg
4,0,20190628,085200,27,1,821,556,859,586,Jun24_0/06-20190628085200-snapshot.jpg
4,0,20190628,085230,66,1,820,556,859,586,Jun24_0/06-20190628085230-snapshot.jpg
4,0,20190628,085300,47,1,821,555,859,586,Jun24_0/06-20190628085300-snapshot.jpg
4,0,20190628,085430,25,1,820,555,858,585,Jun24_0/06-20190628085430-snapshot.jpg
4,0,20190628,085500,43,1,820,555,858,585,Jun24_0/06-20190628085500-snapshot.jpg
4,0,20190628,085600,26,1,819,556,858,585,Jun24_0/06-20190628085600-snapshot.jpg
4,0,20190628,085700,81,1,207,1001,251,1043,Jun24_0/06-20190628085700-snapshot.jpg
4,0,20190628,085730,81,1,395,575,430,604,Jun24_0/06-20190628085730-snapshot.jpg
4,0,20190628,085800,79,1,877,383,922,424,Jun24_0/06-20190628085800-snapshot.jpg
4,0,20190628,085830,77,1,1066,292,1111,336,Jun24_0/06-20190628085830-snapshot.jpg
4,0,20190628,090700,54,4,194,1040,270,1079,Jun24_0/06-20190628090700-snapshot.jpg
4,0,20190628,091330,56,1,1719,925,1762,955,Jun24_0/06-20190628091330-snapshot.jpg
4,0,20190628,091400,74,1,1480,831,1521,865,Jun24_0/06-20190628091400-snapshot.jpg
4,0,20190628,092130,84,1,1330,619,1375,658,Jun24_0/06-20190628092130-snapshot.jpg
4,0,20190628,093530,84,2,1427,29,1485,108,Jun24_0/06-20190628093530-snapshot.jpg
4,0,20190628,093700,83,1,1697,685,1739,719,Jun24_0/06-20190628093700-snapshot.jpg
4,0,20190628,095000,82,4,367,831,426,899,Jun24_0/06-20190628095000-snapshot.jpg
4,0,20190628,095100,83,4,1677,368,1736,441,Jun24_0/06-20190628095100-snapshot.jpg
4,0,20190628,095800,88,4,433,969,490,1033,Jun24_0/06-20190628095800-snapshot.jpg
4,0,20190628,095830,69,4,1580,909,1626,957,Jun24_0/06-20190628095830-snapshot.jpg
4,0,20190628,095930,86,3,240,680,317,735,Jun24_0/06-20190628095930-snapshot.jpg
4,0,20190628,100300,82,4,308,891,383,943,Jun24_0/06-20190628100300-snapshot.jpg
4,0,20190628,101330,77,2,1398,746,1463,807,Jun24_0/06-20190628101330-snapshot.jpg
4,0,20190628,101400,80,2,1400,838,1464,912,Jun24_0/06-20190628101400-snapshot.jpg
4,0,20190628,101430,88,2,1427,745,1489,827,Jun24_0/06-20190628101430-snapshot.jpg
4,0,20190628,101500,41,2,1343,810,1392,864,Jun24_0/06-20190628101500-snapshot.jpg
4,0,20190628,101600,74,2,1018,327,1075,386,Jun24_0/06-20190628101600-snapshot.jpg
4,0,20190628,101900,73,2,1727,636,1775,700,Jun24_0/06-20190628101900-snapshot.jpg
4,0,20190628,103230,79,3,127,957,187,1014,Jun24_0/06-20190628103230-snapshot.jpg
4,0,20190628,103300,88,4,422,947,498,1020,Jun24_0/06-20190628103300-snapshot.jpg
4,0,20190628,103330,48,3,129,966,201,1022,Jun24_0/06-20190628103330-snapshot.jpg
4,0,20190628,103600,87,4,392,968,476,1030,Jun24_0/06-20190628103600-snapshot.jpg
4,0,20190628,103630,33,4,520,1003,588,1055,Jun24_0/06-20190628103630-snapshot.jpg
4,0,20190628,103900,88,4,471,964,529,1039,Jun24_0/06-20190628103900-snapshot.jpg
4,0,20190628,103930,60,2,1288,716,1342,792,Jun24_0/06-20190628103930-snapshot.jpg
4,0,20190628,104330,37,4,312,139,368,189,Jun24_0/06-20190628104330-snapshot.jpg
4,0,20190628,104330,75,3,1499,878,1570,922,Jun24_0/06-20190628104330-snapshot.jpg
4,0,20190628,104430,76,2,144,219,216,262,Jun24_0/06-20190628104430-snapshot.jpg
4,0,20190628,104730,73,1,874,1,916,30,Jun24_0/06-20190628104730-snapshot.jpg
4,0,20190628,105130,83,2,1049,351,1105,420,Jun24_0/06-20190628105130-snapshot.jpg
4,0,20190628,105300,84,4,1687,456,1775,519,Jun24_0/06-20190628105300-snapshot.jpg
4,0,20190628,105330,46,2,475,1034,537,1080,Jun24_0/06-20190628105330-snapshot.jpg
4,0,20190628,105400,76,2,981,321,1040,378,Jun24_0/06-20190628105400-snapshot.jpg
4,0,20190628,105630,74,4,134,383,182,432,Jun24_0/06-20190628105630-snapshot.jpg
4,0,20190628,110100,39,3,1660,928,1749,977,Jun24_0/06-20190628110100-snapshot.jpg
4,0,20190628,110430,86,4,396,225,465,291,Jun24_0/06-20190628110430-snapshot.jpg
4,0,20190628,110900,57,2,523,768,597,840,Jun24_0/06-20190628110900-snapshot.jpg
4,0,20190628,111100,74,2,1053,354,1105,420,Jun24_0/06-20190628111100-snapshot.jpg
4,0,20190628,111530,72,2,1671,985,1747,1047,Jun24_0/06-20190628111530-snapshot.jpg
4,0,20190628,111630,79,2,929,465,1011,528,Jun24_0/06-20190628111630-snapshot.jpg
4,0,20190628,111700,77,2,179,1000,236,1072,Jun24_0/06-20190628111700-snapshot.jpg
4,0,20190628,111730,47,2,615,345,686,395,Jun24_0/06-20190628111730-snapshot.jpg
4,0,20190628,112130,75,4,1819,479,1871,544,Jun24_0/06-20190628112130-snapshot.jpg
4,0,20190628,112230,85,3,866,717,944,779,Jun24_0/06-20190628112230-snapshot.jpg
4,0,20190628,112500,30,2,413,917,460,960,Jun24_0/06-20190628112500-snapshot.jpg
4,0,20190628,112730,86,2,1281,691,1344,762,Jun24_0/06-20190628112730-snapshot.jpg
4,0,20190628,112930,83,2,526,445,593,503,Jun24_0/06-20190628112930-snapshot.jpg
4,0,20190628,113030,85,4,1486,518,1544,579,Jun24_0/06-20190628113030-snapshot.jpg
4,0,20190628,113100,78,4,1255,945,1339,1002,Jun24_0/06-20190628113100-snapshot.jpg
4,0,20190628,114000,81,2,868,314,927,390,Jun24_0/06-20190628114000-snapshot.jpg
4,0,20190628,114030,60,2,1022,831,1101,884,Jun24_0/06-20190628114030-snapshot.jpg
4,0,20190628,114130,65,2,232,945,301,986,Jun24_0/06-20190628114130-snapshot.jpg
4,0,20190628,114200,65,2,1736,640,1792,689,Jun24_0/06-20190628114200-snapshot.jpg
4,0,20190628,114730,55,2,864,859,932,912,Jun24_0/06-20190628114730-snapshot.jpg
4,0,20190628,115330,87,4,843,679,891,746,Jun24_0/06-20190628115330-snapshot.jpg
4,0,20190628,115400,75,2,1428,742,1503,798,Jun24_0/06-20190628115400-snapshot.jpg
4,0,20190628,115430,74,2,1166,716,1220,787,Jun24_0/06-20190628115430-snapshot.jpg
4,0,20190628,115900,78,2,1223,871,1275,927,Jun24_0/06-20190628115900-snapshot.jpg
4,0,20190628,115930,67,2,284,905,347,953,Jun24_0/06-20190628115930-snapshot.jpg
4,0,20190628,120200,84,1,1005,597,1045,631,Jun24_0/06-20190628120200-snapshot.jpg
4,0,20190628,120330,80,2,888,18,943,95,Jun24_0/06-20190628120330-snapshot.jpg
4,0,20190628,120400,83,2,1454,105,1540,169,Jun24_0/06-20190628120400-snapshot.jpg
4,0,20190628,120930,75,2,1087,236,1142,300,Jun24_0/06-20190628120930-snapshot.jpg
4,0,20190628,120930,86,3,1555,282,1645,356,Jun24_0/06-20190628120930-snapshot.jpg
4,0,20190628,121400,32,2,277,938,334,985,Jun24_0/06-20190628121400-snapshot.jpg
4,0,20190628,121400,84,2,1011,744,1071,821,Jun24_0/06-20190628121400-snapshot.jpg
4,0,20190628,122030,71,5,1122,625,1173,677,Jun24_0/06-20190628122030-snapshot.jpg
4,0,20190628,122030,85,2,476,674,532,755,Jun24_0/06-20190628122030-snapshot.jpg
4,0,20190628,122330,75,2,1317,844,1369,909,Jun24_0/06-20190628122330-snapshot.jpg
4,0,20190628,122400,68,2,438,141,509,197,Jun24_0/06-20190628122400-snapshot.jpg
4,0,20190628,122600,83,2,1427,130,1519,186,Jun24_0/06-20190628122600-snapshot.jpg
4,0,20190628,122700,67,2,1792,311,1884,373,Jun24_0/06-20190628122700-snapshot.jpg
4,0,20190628,122800,78,1,1090,424,1132,462,Jun24_0/06-20190628122800-snapshot.jpg
4,0,20190628,123000,45,1,632,102,673,137,Jun24_0/06-20190628123000-snapshot.jpg
4,0,20190628,123000,78,2,1363,869,1430,930,Jun24_0/06-20190628123000-snapshot.jpg
4,0,20190628,123030,72,2,1864,609,1917,664,Jun24_0/06-20190628123030-snapshot.jpg
4,0,20190628,124230,61,2,1662,1001,1729,1067,Jun24_0/06-20190628124230-snapshot.jpg
4,0,20190628,124530,39,2,224,946,287,1003,Jun24_0/06-20190628124530-snapshot.jpg
4,0,20190628,125130,85,2,1357,826,1417,907,Jun24_0/06-20190628125130-snapshot.jpg
4,0,20190628,125200,33,2,0,280,31,350,Jun24_0/06-20190628125200-snapshot.jpg
4,0,20190628,125200,78,2,1746,538,1802,601,Jun24_0/06-20190628125200-snapshot.jpg
4,0,20190628,125300,68,2,1795,495,1866,546,Jun24_0/06-20190628125300-snapshot.jpg
4,0,20190628,125400,79,2,1607,640,1685,688,Jun24_0/06-20190628125400-snapshot.jpg
4,0,20190628,125430,85,2,499,594,552,667,Jun24_0/06-20190628125430-snapshot.jpg
4,0,20190628,125500,82,2,100,474,155,544,Jun24_0/06-20190628125500-snapshot.jpg
4,0,20190628,125800,84,2,1053,335,1132,397,Jun24_0/06-20190628125800-snapshot.jpg
4,0,20190628,130300,81,2,1161,627,1242,685,Jun24_0/06-20190628130300-snapshot.jpg
4,0,20190628,130430,81,2,1787,627,1869,672,Jun24_0/06-20190628130430-snapshot.jpg
4,0,20190628,130900,81,2,1615,616,1696,662,Jun24_0/06-20190628130900-snapshot.jpg
4,0,20190628,130900,86,3,510,113,575,190,Jun24_0/06-20190628130900-snapshot.jpg
4,0,20190628,131400,88,2,1089,373,1170,433,Jun24_0/06-20190628131400-snapshot.jpg
4,0,20190628,131600,86,2,1040,752,1096,835,Jun24_0/06-20190628131600-snapshot.jpg
4,0,20190628,131630,74,2,529,655,591,711,Jun24_0/06-20190628131630-snapshot.jpg
4,0,20190628,131930,85,2,808,23,889,88,Jun24_0/06-20190628131930-snapshot.jpg
4,0,20190628,132000,76,2,1220,650,1279,722,Jun24_0/06-20190628132000-snapshot.jpg
4,0,20190628,132200,79,2,173,926,227,984,Jun24_0/06-20190628132200-snapshot.jpg
4,0,20190628,132400,73,2,1880,632,1920,691,Jun24_0/06-20190628132400-snapshot.jpg
4,0,20190628,132500,71,2,513,763,591,822,Jun24_0/06-20190628132500-snapshot.jpg
4,0,20190628,132530,58,2,356,638,435,681,Jun24_0/06-20190628132530-snapshot.jpg
4,0,20190628,132530,81,2,1223,334,1288,392,Jun24_0/06-20190628132530-snapshot.jpg
4,0,20190628,132900,86,1,1245,310,1291,352,Jun24_0/06-20190628132900-snapshot.jpg
4,0,20190628,132930,84,1,648,290,687,321,Jun24_0/06-20190628132930-snapshot.jpg
4,0,20190628,133000,38,2,1424,688,1477,752,Jun24_0/06-20190628133000-snapshot.jpg
4,0,20190628,133030,65,2,27,615,82,684,Jun24_0/06-20190628133030-snapshot.jpg
4,0,20190628,133030,76,2,300,997,383,1040,Jun24_0/06-20190628133030-snapshot.jpg
4,0,20190628,133100,82,2,329,250,384,333,Jun24_0/06-20190628133100-snapshot.jpg
4,0,20190628,133200,76,2,506,1025,595,1068,Jun24_0/06-20190628133200-snapshot.jpg
4,0,20190628,133800,75,2,1768,653,1844,699,Jun24_0/06-20190628133800-snapshot.jpg
4,0,20190628,134130,71,4,1522,583,1575,627,Jun24_0/06-20190628134130-snapshot.jpg
4,0,20190628,134400,67,4,425,987,490,1043,Jun24_0/06-20190628134400-snapshot.jpg
4,0,20190628,134400,70,2,1481,726,1532,790,Jun24_0/06-20190628134400-snapshot.jpg
4,0,20190628,134530,82,2,1067,321,1136,387,Jun24_0/06-20190628134530-snapshot.jpg
4,0,20190628,134600,85,2,1155,567,1208,644,Jun24_0/06-20190628134600-snapshot.jpg
4,0,20190628,134630,49,1,81,698,116,730,Jun24_0/06-20190628134630-snapshot.jpg
4,0,20190628,134630,64,4,80,697,117,731,Jun24_0/06-20190628134630-snapshot.jpg
4,0,20190628,135030,81,2,1005,485,1084,535,Jun24_0/06-20190628135030-snapshot.jpg
4,0,20190628,135800,83,2,1809,582,1865,652,Jun24_0/06-20190628135800-snapshot.jpg
4,0,20190628,140230,81,2,403,570,453,632,Jun24_0/06-20190628140230-snapshot.jpg
4,0,20190628,140300,79,2,1013,716,1092,760,Jun24_0/06-20190628140300-snapshot.jpg
4,0,20190628,140630,85,1,1137,641,1179,680,Jun24_0/06-20190628140630-snapshot.jpg
4,0,20190628,140730,84,2,1762,673,1840,719,Jun24_0/06-20190628140730-snapshot.jpg
4,0,20190628,141100,48,5,1157,307,1199,352,Jun24_0/06-20190628141100-snapshot.jpg
4,0,20190628,141230,84,4,1535,631,1595,698,Jun24_0/06-20190628141230-snapshot.jpg
4,0,20190628,141700,53,2,1205,402,1281,455,Jun24_0/06-20190628141700-snapshot.jpg
4,0,20190628,141930,82,2,344,463,398,530,Jun24_0/06-20190628141930-snapshot.jpg
4,0,20190628,141930,82,2,871,104,926,176,Jun24_0/06-20190628141930-snapshot.jpg
4,0,20190628,142130,82,2,1110,288,1169,353,Jun24_0/06-20190628142130-snapshot.jpg
4,0,20190628,142300,78,2,1585,182,1657,244,Jun24_0/06-20190628142300-snapshot.jpg
4,0,20190628,142300,87,2,508,597,558,671,Jun24_0/06-20190628142300-snapshot.jpg
4,0,20190628,142330,81,2,1354,719,1435,777,Jun24_0/06-20190628142330-snapshot.jpg
4,0,20190628,142400,41,2,194,952,274,1002,Jun24_0/06-20190628142400-snapshot.jpg
4,0,20190628,142530,30,2,405,592,456,653,Jun24_0/06-20190628142530-snapshot.jpg
4,0,20190628,142530,33,2,1037,839,1092,897,Jun24_0/06-20190628142530-snapshot.jpg
4,0,20190628,142600,84,2,514,752,565,820,Jun24_0/06-20190628142600-snapshot.jpg
4,0,20190628,142700,54,2,7,884,88,932,Jun24_0/06-20190628142700-snapshot.jpg
4,0,20190628,142830,84,1,252,754,294,787,Jun24_0/06-20190628142830-snapshot.jpg
4,0,20190628,142900,72,2,347,446,401,524,Jun24_0/06-20190628142900-snapshot.jpg
4,0,20190628,143500,77,2,739,906,800,965,Jun24_0/06-20190628143500-snapshot.jpg
4,0,20190628,143830,71,2,627,254,689,315,Jun24_0/06-20190628143830-snapshot.jpg
4,0,20190628,144500,85,2,1184,484,1234,557,Jun24_0/06-20190628144500-snapshot.jpg
4,0,20190628,144630,74,1,370,694,406,726,Jun24_0/06-20190628144630-snapshot.jpg
4,0,20190628,144830,77,2,1779,625,1831,684,Jun24_0/06-20190628144830-snapshot.jpg
4,0,20190628,145130,84,1,189,500,230,533,Jun24_0/06-20190628145130-snapshot.jpg
4,0,20190628,145430,83,2,1108,256,1165,322,Jun24_0/06-20190628145430-snapshot.jpg
4,0,20190628,145530,84,1,271,192,311,225,Jun24_0/06-20190628145530-snapshot.jpg
4,0,20190628,145600,67,3,319,967,385,1032,Jun24_0/06-20190628145600-snapshot.jpg
4,0,20190628,145630,86,1,285,344,328,378,Jun24_0/06-20190628145630-snapshot.jpg
4,0,20190628,145730,78,1,300,255,340,287,Jun24_0/06-20190628145730-snapshot.jpg
4,0,20190628,145830,70,4,224,990,305,1044,Jun24_0/06-20190628145830-snapshot.jpg
4,0,20190628,145830,78,2,422,221,476,283,Jun24_0/06-20190628145830-snapshot.jpg
4,0,20190628,150030,83,1,1381,194,1423,231,Jun24_0/06-20190628150030-snapshot.jpg
4,0,20190628,150330,84,2,1068,768,1122,839,Jun24_0/06-20190628150330-snapshot.jpg
4,0,20190628,150330,84,2,1111,582,1165,654,Jun24_0/06-20190628150330-snapshot.jpg
4,0,20190628,150400,71,2,1232,634,1289,700,Jun24_0/06-20190628150400-snapshot.jpg
4,0,20190628,150500,84,2,1514,599,1578,656,Jun24_0/06-20190628150500-snapshot.jpg
4,0,20190628,150600,48,2,81,838,167,887,Jun24_0/06-20190628150600-snapshot.jpg
4,0,20190628,150600,82,2,1441,779,1520,843,Jun24_0/06-20190628150600-snapshot.jpg
4,0,20190628,150700,31,2,352,723,411,782,Jun24_0/06-20190628150700-snapshot.jpg
4,0,20190628,150700,75,2,1722,994,1822,1080,Jun24_0/06-20190628150700-snapshot.jpg
4,0,20190628,150700,85,2,389,591,447,658,Jun24_0/06-20190628150700-snapshot.jpg
4,0,20190628,150730,82,2,1073,407,1153,452,Jun24_0/06-20190628150730-snapshot.jpg
4,0,20190628,151500,56,4,185,851,248,898,Jun24_0/06-20190628151500-snapshot.jpg
4,0,20190628,151630,75,2,129,842,202,892,Jun24_0/06-20190628151630-snapshot.jpg
4,0,20190628,151800,80,2,1179,708,1239,782,Jun24_0/06-20190628151800-snapshot.jpg
4,0,20190628,152230,71,2,1394,146,1462,197,Jun24_0/06-20190628152230-snapshot.jpg
4,0,20190628,152330,37,2,132,515,213,570,Jun24_0/06-20190628152330-snapshot.jpg
4,0,20190628,152330,79,2,1255,348,1309,410,Jun24_0/06-20190628152330-snapshot.jpg
4,0,20190628,152500,43,2,1705,688,1774,741,Jun24_0/06-20190628152500-snapshot.jpg
4,0,20190628,152600,70,2,1372,907,1457,969,Jun24_0/06-20190628152600-snapshot.jpg
4,0,20190628,153300,79,2,980,457,1052,508,Jun24_0/06-20190628153300-snapshot.jpg
4,0,20190628,153530,53,2,341,703,410,754,Jun24_0/06-20190628153530-snapshot.jpg
4,0,20190628,153730,72,2,1268,693,1338,743,Jun24_0/06-20190628153730-snapshot.jpg
4,0,20190628,153800,77,2,1002,404,1058,484,Jun24_0/06-20190628153800-snapshot.jpg
4,0,20190628,154400,74,4,1743,481,1797,542,Jun24_0/06-20190628154400-snapshot.jpg
4,0,20190628,154430,41,4,1493,911,1580,969,Jun24_0/06-20190628154430-snapshot.jpg
4,0,20190628,154530,77,2,107,499,181,548,Jun24_0/06-20190628154530-snapshot.jpg
4,0,20190628,154530,81,2,1458,767,1528,830,Jun24_0/06-20190628154530-snapshot.jpg
4,0,20190628,154530,87,2,1752,487,1803,560,Jun24_0/06-20190628154530-snapshot.jpg
4,0,20190628,154600,65,2,849,552,932,617,Jun24_0/06-20190628154600-snapshot.jpg
4,0,20190628,154600,81,2,1084,406,1165,459,Jun24_0/06-20190628154600-snapshot.jpg
4,0,20190628,154830,81,2,1081,339,1157,382,Jun24_0/06-20190628154830-snapshot.jpg
4,0,20190628,154930,79,2,1718,681,1791,731,Jun24_0/06-20190628154930-snapshot.jpg
4,0,20190628,155900,26,4,328,451,379,503,Jun24_0/06-20190628155900-snapshot.jpg
4,0,20190628,155930,71,2,368,663,421,728,Jun24_0/06-20190628155930-snapshot.jpg
4,0,20190628,160130,70,2,486,752,546,821,Jun24_0/06-20190628160130-snapshot.jpg
4,0,20190628,160800,56,2,1050,279,1102,337,Jun24_0/06-20190628160800-snapshot.jpg
4,0,20190628,161030,85,4,308,979,380,1043,Jun24_0/06-20190628161030-snapshot.jpg
4,0,20190628,161130,78,2,956,482,1010,546,Jun24_0/06-20190628161130-snapshot.jpg
4,0,20190628,161200,35,2,1662,817,1717,886,Jun24_0/06-20190628161200-snapshot.jpg
4,0,20190628,161400,58,2,449,653,503,717,Jun24_0/06-20190628161400-snapshot.jpg
4,0,20190628,161630,73,2,1186,752,1271,809,Jun24_0/06-20190628161630-snapshot.jpg
4,0,20190628,162030,40,5,924,24,985,58,Jun24_0/06-20190628162030-snapshot.jpg
4,0,20190628,162100,84,2,1347,837,1407,910,Jun24_0/06-20190628162100-snapshot.jpg
4,0,20190628,162200,76,2,319,852,400,893,Jun24_0/06-20190628162200-snapshot.jpg
4,0,20190628,162430,25,5,925,23,985,58,Jun24_0/06-20190628162430-snapshot.jpg
4,0,20190628,162530,80,2,1089,434,1165,488,Jun24_0/06-20190628162530-snapshot.jpg
4,0,20190628,162630,54,5,926,23,987,58,Jun24_0/06-20190628162630-snapshot.jpg
4,0,20190628,162700,56,5,927,23,987,57,Jun24_0/06-20190628162700-snapshot.jpg
4,0,20190628,162730,25,5,928,23,988,57,Jun24_0/06-20190628162730-snapshot.jpg
4,0,20190628,162730,61,2,871,437,927,501,Jun24_0/06-20190628162730-snapshot.jpg
4,0,20190628,162730,63,1,1412,715,1452,748,Jun24_0/06-20190628162730-snapshot.jpg
4,0,20190628,162830,76,2,1413,921,1474,989,Jun24_0/06-20190628162830-snapshot.jpg
4,0,20190628,163000,36,5,928,22,989,58,Jun24_0/06-20190628163000-snapshot.jpg
4,0,20190628,163000,56,2,361,682,423,732,Jun24_0/06-20190628163000-snapshot.jpg
4,0,20190628,163130,41,5,931,21,988,59,Jun24_0/06-20190628163130-snapshot.jpg
4,0,20190628,163130,85,2,1438,781,1496,857,Jun24_0/06-20190628163130-snapshot.jpg
4,0,20190628,163230,36,5,931,22,989,59,Jun24_0/06-20190628163230-snapshot.jpg
4,0,20190628,163300,27,5,934,22,987,58,Jun24_0/06-20190628163300-snapshot.jpg
4,0,20190628,163300,70,2,26,584,84,659,Jun24_0/06-20190628163300-snapshot.jpg
4,0,20190628,163430,79,2,890,278,947,346,Jun24_0/06-20190628163430-snapshot.jpg
4,0,20190628,163500,29,2,352,432,426,490,Jun24_0/06-20190628163500-snapshot.jpg
4,0,20190628,163600,74,2,390,689,444,749,Jun24_0/06-20190628163600-snapshot.jpg
4,0,20190628,163630,85,2,1572,605,1620,679,Jun24_0/06-20190628163630-snapshot.jpg
4,0,20190628,163730,35,2,400,912,453,964,Jun24_0/06-20190628163730-snapshot.jpg
4,0,20190628,163930,72,2,1024,839,1080,901,Jun24_0/06-20190628163930-snapshot.jpg
4,0,20190628,165100,52,2,865,106,925,177,Jun24_0/06-20190628165100-snapshot.jpg
4,0,20190628,165130,79,2,1650,449,1709,520,Jun24_0/06-20190628165130-snapshot.jpg
4,0,20190628,165300,33,5,929,25,984,57,Jun24_0/06-20190628165300-snapshot.jpg
4,0,20190628,165330,33,5,930,24,984,56,Jun24_0/06-20190628165330-snapshot.jpg
4,0,20190628,165430,44,5,931,24,986,56,Jun24_0/06-20190628165430-snapshot.jpg
4,0,20190628,165530,31,5,929,23,984,59,Jun24_0/06-20190628165530-snapshot.jpg
4,0,20190628,165630,83,4,1686,974,1771,1028,Jun24_0/06-20190628165630-snapshot.jpg
4,0,20190628,170100,83,2,1705,406,1760,480,Jun24_0/06-20190628170100-snapshot.jpg
4,0,20190628,170200,86,1,1631,67,1670,103,Jun24_0/06-20190628170200-snapshot.jpg
4,0,20190628,170330,64,2,1349,878,1420,948,Jun24_0/06-20190628170330-snapshot.jpg
4,0,20190628,171100,80,2,1131,324,1205,371,Jun24_0/06-20190628171100-snapshot.jpg
4,0,20190628,171330,76,2,548,728,598,794,Jun24_0/06-20190628171330-snapshot.jpg
4,0,20190628,172130,74,2,298,543,376,584,Jun24_0/06-20190628172130-snapshot.jpg
4,0,20190628,172900,68,2,1038,238,1111,295,Jun24_0/06-20190628172900-snapshot.jpg
4,0,20190628,173130,84,2,691,59,757,137,Jun24_0/06-20190628173130-snapshot.jpg
4,0,20190628,173330,79,2,1220,423,1298,471,Jun24_0/06-20190628173330-snapshot.jpg
4,0,20190628,173430,81,2,1176,418,1237,485,Jun24_0/06-20190628173430-snapshot.jpg
4,0,20190628,173930,81,1,572,634,610,667,Jun24_0/06-20190628173930-snapshot.jpg
4,0,20190628,174000,87,4,471,156,558,235,Jun24_0/06-20190628174000-snapshot.jpg
4,0,20190628,174130,65,2,1179,758,1252,817,Jun24_0/06-20190628174130-snapshot.jpg
4,0,20190628,174230,68,1,141,883,177,913,Jun24_0/06-20190628174230-snapshot.jpg
4,0,20190628,181100,60,2,1424,830,1498,883,Jun24_0/06-20190628181100-snapshot.jpg
4,0,20190628,181430,81,2,383,407,465,455,Jun24_0/06-20190628181430-snapshot.jpg
4,0,20190628,181530,84,2,986,405,1062,475,Jun24_0/06-20190628181530-snapshot.jpg
4,0,20190628,182730,79,2,859,903,914,971,Jun24_0/06-20190628182730-snapshot.jpg
4,0,20190628,183200,66,2,1426,879,1511,950,Jun24_0/06-20190628183200-snapshot.jpg
4,0,20190628,183830,52,1,1144,229,1184,266,Jun24_0/06-20190628183830-snapshot.jpg
4,0,20190628,184000,26,1,1146,228,1187,267,Jun24_0/06-20190628184000-snapshot.jpg
4,0,20190628,184300,35,1,1145,229,1186,266,Jun24_0/06-20190628184300-snapshot.jpg
4,0,20190628,184400,37,1,1145,231,1185,267,Jun24_0/06-20190628184400-snapshot.jpg
4,0,20190628,184430,35,1,1145,231,1185,267,Jun24_0/06-20190628184430-snapshot.jpg
4,0,20190628,184530,42,1,1144,231,1185,268,Jun24_0/06-20190628184530-snapshot.jpg
4,0,20190628,184600,44,1,1145,228,1187,268,Jun24_0/06-20190628184600-snapshot.jpg
4,0,20190628,184700,47,1,1145,230,1183,267,Jun24_0/06-20190628184700-snapshot.jpg
4,0,20190628,184800,27,1,1143,229,1184,267,Jun24_0/06-20190628184800-snapshot.jpg
4,0,20190628,185030,76,2,370,435,448,481,Jun24_0/06-20190628185030-snapshot.jpg
4,0,20190628,185430,31,1,1142,221,1185,268,Jun24_0/06-20190628185430-snapshot.jpg
4,0,20190628,185500,56,1,1143,222,1186,267,Jun24_0/06-20190628185500-snapshot.jpg
4,0,20190628,185530,53,1,1143,223,1186,267,Jun24_0/06-20190628185530-snapshot.jpg
4,0,20190628,185600,39,1,1143,222,1187,268,Jun24_0/06-20190628185600-snapshot.jpg
4,0,20190628,185630,51,1,1143,224,1186,268,Jun24_0/06-20190628185630-snapshot.jpg
4,0,20190628,185700,52,1,1144,223,1187,268,Jun24_0/06-20190628185700-snapshot.jpg
4,0,20190628,185730,53,1,1144,224,1187,267,Jun24_0/06-20190628185730-snapshot.jpg
4,0,20190628,185800,48,1,1144,224,1186,267,Jun24_0/06-20190628185800-snapshot.jpg
4,0,20190628,185830,56,1,1144,225,1186,267,Jun24_0/06-20190628185830-snapshot.jpg
4,0,20190628,185900,48,1,1145,224,1187,266,Jun24_0/06-20190628185900-snapshot.jpg
4,0,20190628,185930,42,1,1144,222,1187,267,Jun24_0/06-20190628185930-snapshot.jpg
4,0,20190628,190000,71,1,1144,222,1188,268,Jun24_0/06-20190628190000-snapshot.jpg
4,0,20190628,190030,68,1,1143,222,1188,267,Jun24_0/06-20190628190030-snapshot.jpg
4,0,20190628,190100,59,1,1144,223,1187,267,Jun24_0/06-20190628190100-snapshot.jpg
4,0,20190628,190130,69,1,1144,224,1187,267,Jun24_0/06-20190628190130-snapshot.jpg
4,0,20190628,190200,66,1,1145,222,1188,266,Jun24_0/06-20190628190200-snapshot.jpg
4,0,20190628,190230,66,1,1145,225,1186,266,Jun24_0/06-20190628190230-snapshot.jpg
4,0,20190628,190300,57,1,1145,222,1188,266,Jun24_0/06-20190628190300-snapshot.jpg
4,0,20190628,190330,51,1,1146,222,1187,266,Jun24_0/06-20190628190330-snapshot.jpg
4,0,20190628,190400,68,1,1144,223,1185,266,Jun24_0/06-20190628190400-snapshot.jpg
4,0,20190628,190430,66,1,1145,222,1186,265,Jun24_0/06-20190628190430-snapshot.jpg
4,0,20190628,190500,54,1,1146,221,1188,266,Jun24_0/06-20190628190500-snapshot.jpg
4,0,20190628,190530,55,1,1146,221,1189,266,Jun24_0/06-20190628190530-snapshot.jpg
4,0,20190628,190600,67,1,1146,219,1188,266,Jun24_0/06-20190628190600-snapshot.jpg
4,0,20190628,190630,66,1,1146,221,1187,266,Jun24_0/06-20190628190630-snapshot.jpg
4,0,20190628,190700,65,1,1144,220,1188,267,Jun24_0/06-20190628190700-snapshot.jpg
4,0,20190628,190730,48,1,1146,221,1188,266,Jun24_0/06-20190628190730-snapshot.jpg
4,0,20190628,190800,52,1,1146,222,1188,266,Jun24_0/06-20190628190800-snapshot.jpg
4,0,20190628,190830,36,1,1146,223,1188,266,Jun24_0/06-20190628190830-snapshot.jpg
4,0,20190628,190900,53,1,1148,222,1190,265,Jun24_0/06-20190628190900-snapshot.jpg
4,0,20190628,191930,82,1,30,773,69,806,Jun24_0/06-20190628191930-snapshot.jpg
4,0,20190628,192230,73,1,405,872,441,906,Jun24_0/06-20190628192230-snapshot.jpg
4,0,20190628,213030,84,1,1792,34,1837,74,Jun24_0/06-20190628213030-snapshot.jpg
4,0,20190628,213100,79,1,1614,104,1656,144,Jun24_0/06-20190628213100-snapshot.jpg
4,0,20190628,213530,62,1,881,584,920,623,Jun24_0/06-20190628213530-snapshot.jpg
4,0,20190624,164430,75,4,1130,866,1177,908,Jun24_0/07-20190624164430-snapshot.jpg
4,0,20190624,165100,50,2,218,777,263,821,Jun24_0/10-20190624165100-snapshot.jpg
4,0,20190624,165200,71,2,454,695,505,734,Jun24_0/10-20190624165200-snapshot.jpg
4,0,20190624,165230,38,2,249,732,296,778,Jun24_0/10-20190624165230-snapshot.jpg
4,0,20190629,033300,75,1,1717,1013,1764,1061,Jun24_0/11-20190629033300-snapshot.jpg
4,0,20190629,040100,72,1,1669,934,1714,971,Jun24_0/11-20190629040100-snapshot.jpg
4,0,20190629,040800,80,1,1856,398,1894,433,Jun24_0/11-20190629040800-snapshot.jpg
4,0,20190629,041030,79,1,1578,377,1616,411,Jun24_0/11-20190629041030-snapshot.jpg
4,0,20190629,041230,81,1,912,605,952,644,Jun24_0/11-20190629041230-snapshot.jpg
4,0,20190629,041300,77,1,788,651,824,686,Jun24_0/11-20190629041300-snapshot.jpg
4,0,20190629,041330,84,1,805,553,844,590,Jun24_0/11-20190629041330-snapshot.jpg
4,0,20190629,041400,83,1,612,498,651,534,Jun24_0/11-20190629041400-snapshot.jpg
4,0,20190629,041530,74,1,206,481,245,515,Jun24_0/11-20190629041530-snapshot.jpg
4,0,20190629,053200,85,1,696,807,730,841,Jun24_0/11-20190629053200-snapshot.jpg
4,0,20190629,053230,81,1,700,823,735,855,Jun24_0/11-20190629053230-snapshot.jpg
4,0,20190629,053300,86,1,647,763,683,801,Jun24_0/11-20190629053300-snapshot.jpg
4,0,20190629,053600,84,1,369,742,406,779,Jun24_0/11-20190629053600-snapshot.jpg
4,0,20190629,054730,54,1,4,1025,47,1062,Jun24_0/11-20190629054730-snapshot.jpg
4,0,20190629,055530,86,1,931,15,979,55,Jun24_0/11-20190629055530-snapshot.jpg
4,0,20190629,062330,66,1,479,1042,520,1077,Jun24_0/11-20190629062330-snapshot.jpg
4,0,20190629,062900,55,1,1009,716,1050,752,Jun24_0/11-20190629062900-snapshot.jpg
4,0,20190629,063100,33,1,1308,615,1345,653,Jun24_0/11-20190629063100-snapshot.jpg
4,0,20190629,063130,49,1,1471,513,1508,541,Jun24_0/11-20190629063130-snapshot.jpg
4,0,20190629,063200,84,1,1687,432,1731,479,Jun24_0/11-20190629063200-snapshot.jpg
4,0,20190629,063430,27,1,1888,140,1920,181,Jun24_0/11-20190629063430-snapshot.jpg
4,0,20190629,065330,31,1,78,911,116,948,Jun24_0/11-20190629065330-snapshot.jpg
4,0,20190629,070530,86,1,581,387,622,423,Jun24_0/11-20190629070530-snapshot.jpg
4,0,20190629,070600,83,1,678,427,718,465,Jun24_0/11-20190629070600-snapshot.jpg
4,0,20190629,070630,86,1,822,477,864,518,Jun24_0/11-20190629070630-snapshot.jpg
4,0,20190629,070700,84,1,1080,541,1120,580,Jun24_0/11-20190629070700-snapshot.jpg
4,0,20190629,070900,79,1,1613,924,1656,961,Jun24_0/11-20190629070900-snapshot.jpg
4,0,20190629,075000,80,1,440,668,478,700,Jun24_0/11-20190629075000-snapshot.jpg
4,0,20190629,075030,78,1,587,642,621,670,Jun24_0/11-20190629075030-snapshot.jpg
4,0,20190629,075100,82,1,689,691,722,719,Jun24_0/11-20190629075100-snapshot.jpg
4,0,20190629,075130,81,1,613,923,649,955,Jun24_0/11-20190629075130-snapshot.jpg
4,0,20190629,075300,82,1,420,953,459,985,Jun24_0/11-20190629075300-snapshot.jpg
4,0,20190629,075330,83,1,375,782,414,812,Jun24_0/11-20190629075330-snapshot.jpg
4,0,20190629,075500,83,1,1246,866,1283,894,Jun24_0/11-20190629075500-snapshot.jpg
4,0,20190629,080000,70,1,1718,987,1758,1021,Jun24_0/11-20190629080000-snapshot.jpg
4,0,20190629,080100,82,1,1556,746,1592,777,Jun24_0/11-20190629080100-snapshot.jpg
4,0,20190629,080130,64,1,1556,745,1592,776,Jun24_0/11-20190629080130-snapshot.jpg
4,0,20190629,080200,72,1,1555,746,1591,776,Jun24_0/11-20190629080200-snapshot.jpg
4,0,20190629,080230,80,1,1554,746,1591,776,Jun24_0/11-20190629080230-snapshot.jpg
4,0,20190629,080300,83,1,1554,746,1592,777,Jun24_0/11-20190629080300-snapshot.jpg
4,0,20190629,080330,52,1,1550,744,1587,774,Jun24_0/11-20190629080330-snapshot.jpg
4,0,20190629,080400,54,1,1550,745,1587,775,Jun24_0/11-20190629080400-snapshot.jpg
4,0,20190629,080430,54,1,1550,744,1587,774,Jun24_0/11-20190629080430-snapshot.jpg
4,0,20190629,080500,82,1,1554,746,1591,776,Jun24_0/11-20190629080500-snapshot.jpg
4,0,20190629,080530,84,1,1553,745,1591,775,Jun24_0/11-20190629080530-snapshot.jpg
4,0,20190629,080600,85,1,1554,746,1592,776,Jun24_0/11-20190629080600-snapshot.jpg
4,0,20190629,080630,85,1,1554,746,1592,776,Jun24_0/11-20190629080630-snapshot.jpg
4,0,20190629,080700,48,1,1550,744,1586,774,Jun24_0/11-20190629080700-snapshot.jpg
4,0,20190629,081100,76,1,1601,898,1638,926,Jun24_0/11-20190629081100-snapshot.jpg
4,0,20190629,081130,80,1,1601,898,1635,924,Jun24_0/11-20190629081130-snapshot.jpg
4,0,20190629,081200,81,1,1600,897,1637,925,Jun24_0/11-20190629081200-snapshot.jpg
4,0,20190629,081230,81,1,1600,897,1637,926,Jun24_0/11-20190629081230-snapshot.jpg
4,0,20190629,081300,80,1,1600,897,1637,926,Jun24_0/11-20190629081300-snapshot.jpg
4,0,20190629,081330,81,1,1600,897,1636,926,Jun24_0/11-20190629081330-snapshot.jpg
4,0,20190629,081400,81,1,1600,898,1636,925,Jun24_0/11-20190629081400-snapshot.jpg
4,0,20190629,081430,80,1,1600,897,1637,926,Jun24_0/11-20190629081430-snapshot.jpg
4,0,20190629,081500,80,1,1600,898,1636,926,Jun24_0/11-20190629081500-snapshot.jpg
4,0,20190629,081530,81,1,1600,897,1637,925,Jun24_0/11-20190629081530-snapshot.jpg
4,0,20190629,081530,81,1,829,562,872,600,Jun24_0/11-20190629081530-snapshot.jpg
4,0,20190629,081600,72,1,786,523,824,555,Jun24_0/11-20190629081600-snapshot.jpg
4,0,20190629,081600,81,1,1600,897,1637,925,Jun24_0/11-20190629081600-snapshot.jpg
4,0,20190629,081630,82,1,1600,897,1636,925,Jun24_0/11-20190629081630-snapshot.jpg
4,0,20190629,081700,80,1,1600,897,1637,926,Jun24_0/11-20190629081700-snapshot.jpg
4,0,20190629,081730,81,1,1600,897,1637,925,Jun24_0/11-20190629081730-snapshot.jpg
4,0,20190629,081800,78,1,1600,897,1637,926,Jun24_0/11-20190629081800-snapshot.jpg
4,0,20190629,081830,78,1,1600,898,1639,927,Jun24_0/11-20190629081830-snapshot.jpg
4,0,20190629,090030,84,1,1593,862,1630,892,Jun24_0/11-20190629090030-snapshot.jpg
4,0,20190629,090230,39,1,356,584,395,617,Jun24_0/11-20190629090230-snapshot.jpg
4,0,20190629,091730,84,1,24,841,65,872,Jun24_0/11-20190629091730-snapshot.jpg
4,0,20190629,093300,83,1,1493,553,1532,589,Jun24_0/11-20190629093300-snapshot.jpg
4,0,20190629,093400,81,1,1119,113,1162,151,Jun24_0/11-20190629093400-snapshot.jpg
4,0,20190629,093800,83,1,365,396,409,441,Jun24_0/11-20190629093800-snapshot.jpg
4,0,20190629,094000,45,1,210,372,251,406,Jun24_0/11-20190629094000-snapshot.jpg
4,0,20190629,095130,88,4,277,686,360,741,Jun24_0/11-20190629095130-snapshot.jpg
4,0,20190629,095730,79,4,66,861,135,917,Jun24_0/11-20190629095730-snapshot.jpg
4,0,20190629,102000,84,2,1354,839,1433,899,Jun24_0/11-20190629102000-snapshot.jpg
4,0,20190629,102030,87,2,1240,691,1297,783,Jun24_0/11-20190629102030-snapshot.jpg
4,0,20190629,102330,81,2,59,562,108,640,Jun24_0/11-20190629102330-snapshot.jpg
4,0,20190629,103500,70,4,1597,927,1651,984,Jun24_0/11-20190629103500-snapshot.jpg
4,0,20190629,103500,84,4,292,931,349,986,Jun24_0/11-20190629103500-snapshot.jpg
4,0,20190629,103930,80,1,170,438,210,472,Jun24_0/11-20190629103930-snapshot.jpg
4,0,20190629,104730,83,2,951,525,1019,579,Jun24_0/11-20190629104730-snapshot.jpg
4,0,20190629,104930,67,5,810,589,854,637,Jun24_0/11-20190629104930-snapshot.jpg
4,0,20190629,105130,85,1,1695,600,1735,634,Jun24_0/11-20190629105130-snapshot.jpg
4,0,20190629,105600,76,4,217,234,264,283,Jun24_0/11-20190629105600-snapshot.jpg
4,0,20190629,111100,85,2,1207,674,1266,761,Jun24_0/11-20190629111100-snapshot.jpg
4,0,20190629,111400,86,4,297,934,371,990,Jun24_0/11-20190629111400-snapshot.jpg
4,0,20190629,112000,61,2,822,597,898,657,Jun24_0/11-20190629112000-snapshot.jpg
4,0,20190629,112030,58,2,330,363,382,432,Jun24_0/11-20190629112030-snapshot.jpg
4,0,20190629,112130,60,4,859,824,897,862,Jun24_0/11-20190629112130-snapshot.jpg
4,0,20190629,112500,82,2,983,955,1034,1019,Jun24_0/11-20190629112500-snapshot.jpg
4,0,20190629,113300,31,2,541,0,619,40,Jun24_0/11-20190629113300-snapshot.jpg
4,0,20190629,113700,74,1,192,937,233,975,Jun24_0/11-20190629113700-snapshot.jpg
4,0,20190629,113730,26,1,413,848,449,877,Jun24_0/11-20190629113730-snapshot.jpg
4,0,20190629,113730,58,2,211,578,281,621,Jun24_0/11-20190629113730-snapshot.jpg
4,0,20190629,113800,82,4,1496,877,1570,932,Jun24_0/11-20190629113800-snapshot.jpg
4,0,20190629,113930,80,2,1021,380,1088,445,Jun24_0/11-20190629113930-snapshot.jpg
4,0,20190629,114000,54,2,521,20,627,84,Jun24_0/11-20190629114000-snapshot.jpg
4,0,20190629,114130,85,2,957,379,1019,465,Jun24_0/11-20190629114130-snapshot.jpg
4,0,20190629,114630,75,2,1173,753,1239,798,Jun24_0/11-20190629114630-snapshot.jpg
4,0,20190629,120300,71,3,1701,515,1771,568,Jun24_0/11-20190629120300-snapshot.jpg
4,0,20190629,120600,51,2,400,715,461,772,Jun24_0/11-20190629120600-snapshot.jpg
4,0,20190629,121030,25,1,191,536,233,573,Jun24_0/11-20190629121030-snapshot.jpg
4,0,20190629,122100,34,5,991,1016,1035,1065,Jun24_0/11-20190629122100-snapshot.jpg
4,0,20190629,122200,82,2,883,322,949,380,Jun24_0/11-20190629122200-snapshot.jpg
4,0,20190629,122230,57,2,1833,328,1917,390,Jun24_0/11-20190629122230-snapshot.jpg
4,0,20190629,122430,83,2,321,311,403,375,Jun24_0/11-20190629122430-snapshot.jpg
4,0,20190629,122800,53,2,93,499,151,574,Jun24_0/11-20190629122800-snapshot.jpg
4,0,20190629,123230,81,2,837,968,894,1035,Jun24_0/11-20190629123230-snapshot.jpg
4,0,20190629,123330,85,2,1344,1017,1426,1079,Jun24_0/11-20190629123330-snapshot.jpg
4,0,20190629,123830,32,2,684,46,741,108,Jun24_0/11-20190629123830-snapshot.jpg
4,0,20190629,123900,82,2,1615,148,1673,219,Jun24_0/11-20190629123900-snapshot.jpg
4,0,20190629,124030,79,2,213,507,291,550,Jun24_0/11-20190629124030-snapshot.jpg
4,0,20190629,124130,82,4,357,856,422,910,Jun24_0/11-20190629124130-snapshot.jpg
4,0,20190629,124430,85,4,113,907,170,976,Jun24_0/11-20190629124430-snapshot.jpg
4,0,20190629,124630,79,2,1394,495,1467,550,Jun24_0/11-20190629124630-snapshot.jpg
4,0,20190629,125330,91,4,300,937,382,998,Jun24_0/11-20190629125330-snapshot.jpg
4,0,20190629,125400,87,4,1205,0,1305,49,Jun24_0/11-20190629125400-snapshot.jpg
4,0,20190629,125600,85,2,1359,796,1415,878,Jun24_0/11-20190629125600-snapshot.jpg
4,0,20190629,125700,65,2,1172,761,1232,814,Jun24_0/11-20190629125700-snapshot.jpg
4,0,20190629,125800,80,1,413,383,454,428,Jun24_0/11-20190629125800-snapshot.jpg
4,0,20190629,125830,84,1,315,428,358,470,Jun24_0/11-20190629125830-snapshot.jpg
4,0,20190629,125930,81,2,1129,314,1185,384,Jun24_0/11-20190629125930-snapshot.jpg
4,0,20190629,125930,84,2,391,486,474,536,Jun24_0/11-20190629125930-snapshot.jpg
4,0,20190629,130230,73,2,60,445,127,501,Jun24_0/11-20190629130230-snapshot.jpg
4,0,20190629,130230,82,2,1119,730,1172,800,Jun24_0/11-20190629130230-snapshot.jpg
4,0,20190629,130330,67,2,1817,261,1878,328,Jun24_0/11-20190629130330-snapshot.jpg
4,0,20190629,130500,77,2,1640,105,1716,156,Jun24_0/11-20190629130500-snapshot.jpg
4,0,20190629,130730,79,2,1713,636,1776,684,Jun24_0/11-20190629130730-snapshot.jpg
4,0,20190629,130900,82,2,1098,702,1168,746,Jun24_0/11-20190629130900-snapshot.jpg
4,0,20190629,131130,74,2,1086,296,1151,351,Jun24_0/11-20190629131130-snapshot.jpg
4,0,20190629,131230,85,2,1176,408,1255,466,Jun24_0/11-20190629131230-snapshot.jpg
4,0,20190629,131300,80,4,1699,1026,1787,1080,Jun24_0/11-20190629131300-snapshot.jpg
4,0,20190629,131400,43,2,1626,961,1682,1016,Jun24_0/11-20190629131400-snapshot.jpg
4,0,20190629,131600,74,2,667,182,719,239,Jun24_0/11-20190629131600-snapshot.jpg
4,0,20190629,131630,55,2,708,626,776,678,Jun24_0/11-20190629131630-snapshot.jpg
4,0,20190629,131700,79,2,0,245,53,315,Jun24_0/11-20190629131700-snapshot.jpg
4,0,20190629,131830,85,2,1077,330,1160,377,Jun24_0/11-20190629131830-snapshot.jpg
4,0,20190629,132000,48,2,18,697,97,743,Jun24_0/11-20190629132000-snapshot.jpg
4,0,20190629,132100,75,2,865,884,917,961,Jun24_0/11-20190629132100-snapshot.jpg
4,0,20190629,132100,82,2,1463,955,1517,1030,Jun24_0/11-20190629132100-snapshot.jpg
4,0,20190629,132200,87,2,1062,339,1145,392,Jun24_0/11-20190629132200-snapshot.jpg
4,0,20190629,132300,71,2,405,576,463,647,Jun24_0/11-20190629132300-snapshot.jpg
4,0,20190629,132330,81,1,385,637,425,671,Jun24_0/11-20190629132330-snapshot.jpg
4,0,20190629,132600,38,2,1083,314,1151,362,Jun24_0/11-20190629132600-snapshot.jpg
4,0,20190629,132630,84,2,1149,668,1228,722,Jun24_0/11-20190629132630-snapshot.jpg
4,0,20190629,132700,84,2,1650,562,1722,624,Jun24_0/11-20190629132700-snapshot.jpg
4,0,20190629,132800,82,2,1032,605,1110,659,Jun24_0/11-20190629132800-snapshot.jpg
4,0,20190629,133000,77,4,0,921,62,996,Jun24_0/11-20190629133000-snapshot.jpg
4,0,20190629,133000,83,2,1010,384,1070,468,Jun24_0/11-20190629133000-snapshot.jpg
4,0,20190629,133030,77,2,1444,920,1515,969,Jun24_0/11-20190629133030-snapshot.jpg
4,0,20190629,133830,79,2,818,615,872,678,Jun24_0/11-20190629133830-snapshot.jpg
4,0,20190629,133900,85,2,475,597,527,668,Jun24_0/11-20190629133900-snapshot.jpg
4,0,20190629,133930,86,2,1061,328,1141,389,Jun24_0/11-20190629133930-snapshot.jpg
4,0,20190629,134200,76,2,1630,975,1689,1027,Jun24_0/11-20190629134200-snapshot.jpg
4,0,20190629,134200,84,2,95,477,156,548,Jun24_0/11-20190629134200-snapshot.jpg
4,0,20190629,134500,87,2,1442,820,1509,897,Jun24_0/11-20190629134500-snapshot.jpg
4,0,20190629,134700,82,2,0,278,78,330,Jun24_0/11-20190629134700-snapshot.jpg
4,0,20190629,134900,69,1,904,987,944,1023,Jun24_0/11-20190629134900-snapshot.jpg
4,0,20190629,135000,84,1,1151,259,1196,301,Jun24_0/11-20190629135000-snapshot.jpg
4,0,20190629,135030,87,1,1336,96,1378,130,Jun24_0/11-20190629135030-snapshot.jpg
4,0,20190629,135230,39,2,631,85,682,157,Jun24_0/11-20190629135230-snapshot.jpg
4,0,20190629,135300,83,2,102,702,160,767,Jun24_0/11-20190629135300-snapshot.jpg
4,0,20190629,135330,60,2,1234,384,1286,455,Jun24_0/11-20190629135330-snapshot.jpg
4,0,20190629,135530,63,2,1363,504,1435,559,Jun24_0/11-20190629135530-snapshot.jpg
4,0,20190629,140030,77,2,478,1028,566,1078,Jun24_0/11-20190629140030-snapshot.jpg
4,0,20190629,140400,81,2,425,596,493,653,Jun24_0/11-20190629140400-snapshot.jpg
4,0,20190629,140500,63,2,1367,868,1443,934,Jun24_0/11-20190629140500-snapshot.jpg
4,0,20190629,140500,76,2,1199,773,1287,820,Jun24_0/11-20190629140500-snapshot.jpg
4,0,20190629,140600,77,2,676,0,731,71,Jun24_0/11-20190629140600-snapshot.jpg
4,0,20190629,140700,88,2,949,414,1034,467,Jun24_0/11-20190629140700-snapshot.jpg
4,0,20190629,140930,86,2,1044,804,1101,867,Jun24_0/11-20190629140930-snapshot.jpg
4,0,20190629,141000,78,2,1401,656,1458,722,Jun24_0/11-20190629141000-snapshot.jpg
4,0,20190629,141400,80,2,1538,183,1614,233,Jun24_0/11-20190629141400-snapshot.jpg
4,0,20190629,141500,56,3,1512,919,1592,977,Jun24_0/11-20190629141500-snapshot.jpg
4,0,20190629,142030,59,2,895,319,948,382,Jun24_0/11-20190629142030-snapshot.jpg
4,0,20190629,142130,70,2,811,917,867,970,Jun24_0/11-20190629142130-snapshot.jpg
4,0,20190629,142400,69,2,1595,782,1666,822,Jun24_0/11-20190629142400-snapshot.jpg
4,0,20190629,142600,62,2,1,254,54,321,Jun24_0/11-20190629142600-snapshot.jpg
4,0,20190629,142630,48,2,693,0,768,53,Jun24_0/11-20190629142630-snapshot.jpg
4,0,20190629,142700,83,2,1080,697,1155,750,Jun24_0/11-20190629142700-snapshot.jpg
4,0,20190629,142900,74,2,768,642,821,700,Jun24_0/11-20190629142900-snapshot.jpg
4,0,20190629,143030,74,2,114,507,170,581,Jun24_0/11-20190629143030-snapshot.jpg
4,0,20190629,143330,80,4,1780,378,1845,453,Jun24_0/11-20190629143330-snapshot.jpg
4,0,20190629,143400,74,4,48,986,109,1042,Jun24_0/11-20190629143400-snapshot.jpg
4,0,20190629,143530,72,2,1128,725,1210,766,Jun24_0/11-20190629143530-snapshot.jpg
4,0,20190629,143600,44,4,255,132,308,184,Jun24_0/11-20190629143600-snapshot.jpg
4,0,20190629,143730,79,2,1021,714,1100,763,Jun24_0/11-20190629143730-snapshot.jpg
4,0,20190629,143730,86,3,584,253,654,309,Jun24_0/11-20190629143730-snapshot.jpg
4,0,20190629,143900,81,2,941,730,1000,771,Jun24_0/11-20190629143900-snapshot.jpg
4,0,20190629,144430,54,2,1331,878,1398,950,Jun24_0/11-20190629144430-snapshot.jpg
4,0,20190629,144500,63,2,1630,879,1720,924,Jun24_0/11-20190629144500-snapshot.jpg
4,0,20190629,144900,70,2,986,906,1060,955,Jun24_0/11-20190629144900-snapshot.jpg
4,0,20190629,145130,85,2,1028,371,1081,444,Jun24_0/11-20190629145130-snapshot.jpg
4,0,20190629,145200,84,2,517,733,571,805,Jun24_0/11-20190629145200-snapshot.jpg
4,0,20190629,145330,86,2,1658,832,1716,910,Jun24_0/11-20190629145330-snapshot.jpg
4,0,20190629,150130,27,2,1667,877,1751,923,Jun24_0/11-20190629150130-snapshot.jpg
4,0,20190629,150130,36,6,1669,877,1748,923,Jun24_0/11-20190629150130-snapshot.jpg
4,0,20190629,150130,43,1,240,863,276,894,Jun24_0/11-20190629150130-snapshot.jpg
4,0,20190629,150130,73,2,1612,120,1667,199,Jun24_0/11-20190629150130-snapshot.jpg
4,0,20190629,150630,86,2,1173,667,1233,748,Jun24_0/11-20190629150630-snapshot.jpg
4,0,20190629,150700,84,2,1070,267,1128,335,Jun24_0/11-20190629150700-snapshot.jpg
4,0,20190629,150700,85,2,433,396,488,471,Jun24_0/11-20190629150700-snapshot.jpg
4,0,20190629,151200,75,2,1570,56,1625,125,Jun24_0/11-20190629151200-snapshot.jpg
4,0,20190629,151330,33,1,637,106,674,138,Jun24_0/11-20190629151330-snapshot.jpg
4,0,20190629,151430,53,1,637,105,674,139,Jun24_0/11-20190629151430-snapshot.jpg
4,0,20190629,151600,40,2,1455,1021,1539,1079,Jun24_0/11-20190629151600-snapshot.jpg
4,0,20190629,151630,62,2,373,752,425,807,Jun24_0/11-20190629151630-snapshot.jpg
4,0,20190629,151730,83,2,950,482,1024,541,Jun24_0/11-20190629151730-snapshot.jpg
4,0,20190629,152000,70,5,1248,671,1297,726,Jun24_0/11-20190629152000-snapshot.jpg
4,0,20190629,152030,46,2,461,284,523,336,Jun24_0/11-20190629152030-snapshot.jpg
4,0,20190629,152200,83,2,987,537,1038,608,Jun24_0/11-20190629152200-snapshot.jpg
4,0,20190629,152330,54,5,1774,688,1825,731,Jun24_0/11-20190629152330-snapshot.jpg
4,0,20190629,152530,79,2,460,621,534,665,Jun24_0/11-20190629152530-snapshot.jpg
4,0,20190629,152600,52,4,470,911,524,962,Jun24_0/11-20190629152600-snapshot.jpg
4,0,20190629,153130,48,2,1207,779,1267,835,Jun24_0/11-20190629153130-snapshot.jpg
4,0,20190629,153130,57,2,360,510,414,590,Jun24_0/11-20190629153130-snapshot.jpg
4,0,20190629,153200,74,2,1179,419,1265,466,Jun24_0/11-20190629153200-snapshot.jpg
4,0,20190629,153300,46,2,1220,757,1304,831,Jun24_0/11-20190629153300-snapshot.jpg
4,0,20190629,153600,31,1,637,105,674,138,Jun24_0/11-20190629153600-snapshot.jpg
4,0,20190629,153730,65,2,524,650,582,699,Jun24_0/11-20190629153730-snapshot.jpg
4,0,20190629,153830,84,2,406,632,459,710,Jun24_0/11-20190629153830-snapshot.jpg
4,0,20190629,154000,67,2,1447,710,1493,766,Jun24_0/11-20190629154000-snapshot.jpg
4,0,20190629,154000,85,3,652,431,699,484,Jun24_0/11-20190629154000-snapshot.jpg
4,0,20190629,154130,77,2,1632,118,1699,182,Jun24_0/11-20190629154130-snapshot.jpg
4,0,20190629,154200,45,2,94,286,154,338,Jun24_0/11-20190629154200-snapshot.jpg
4,0,20190629,154300,77,2,1164,224,1223,274,Jun24_0/11-20190629154300-snapshot.jpg
4,0,20190629,154400,78,2,797,85,861,153,Jun24_0/11-20190629154400-snapshot.jpg
4,0,20190629,155230,57,2,869,946,916,1004,Jun24_0/11-20190629155230-snapshot.jpg
4,0,20190629,155630,76,2,1024,759,1083,820,Jun24_0/11-20190629155630-snapshot.jpg
4,0,20190629,155800,51,2,1229,1032,1302,1080,Jun24_0/11-20190629155800-snapshot.jpg
4,0,20190629,160530,50,2,440,416,516,465,Jun24_0/11-20190629160530-snapshot.jpg
4,0,20190629,160600,82,2,1313,481,1366,557,Jun24_0/11-20190629160600-snapshot.jpg
4,0,20190629,161200,57,5,1406,207,1456,245,Jun24_0/11-20190629161200-snapshot.jpg
4,0,20190629,161600,42,5,470,717,511,752,Jun24_0/11-20190629161600-snapshot.jpg
4,0,20190629,161600,85,2,1106,786,1156,853,Jun24_0/11-20190629161600-snapshot.jpg
4,0,20190629,162030,79,2,280,477,334,529,Jun24_0/11-20190629162030-snapshot.jpg
4,0,20190629,162130,80,2,975,355,1058,425,Jun24_0/11-20190629162130-snapshot.jpg
4,0,20190629,162330,69,4,363,701,417,755,Jun24_0/11-20190629162330-snapshot.jpg
4,0,20190629,162830,73,2,1536,242,1602,300,Jun24_0/11-20190629162830-snapshot.jpg
4,0,20190629,162900,72,2,1820,676,1904,725,Jun24_0/11-20190629162900-snapshot.jpg
4,0,20190629,162930,82,2,1501,167,1575,217,Jun24_0/11-20190629162930-snapshot.jpg
4,0,20190629,163000,40,2,1661,676,1721,737,Jun24_0/11-20190629163000-snapshot.jpg
4,0,20190629,164000,79,2,768,904,835,951,Jun24_0/11-20190629164000-snapshot.jpg
4,0,20190629,164100,83,2,1451,258,1506,332,Jun24_0/11-20190629164100-snapshot.jpg
4,0,20190629,164230,27,2,1742,1025,1825,1080,Jun24_0/11-20190629164230-snapshot.jpg
4,0,20190629,164300,74,2,544,834,594,892,Jun24_0/11-20190629164300-snapshot.jpg
4,0,20190629,164300,82,2,1219,429,1299,480,Jun24_0/11-20190629164300-snapshot.jpg
4,0,20190629,164600,76,1,1497,900,1532,931,Jun24_0/11-20190629164600-snapshot.jpg
4,0,20190629,164800,78,2,807,648,859,716,Jun24_0/11-20190629164800-snapshot.jpg
4,0,20190629,164930,28,2,1153,738,1206,800,Jun24_0/11-20190629164930-snapshot.jpg
4,0,20190629,165100,63,2,1446,844,1506,916,Jun24_0/11-20190629165100-snapshot.jpg
4,0,20190629,165130,65,4,69,676,134,741,Jun24_0/11-20190629165130-snapshot.jpg
4,0,20190629,165400,83,2,1070,337,1143,402,Jun24_0/11-20190629165400-snapshot.jpg
4,0,20190629,165800,37,2,1057,422,1118,486,Jun24_0/11-20190629165800-snapshot.jpg
4,0,20190629,170330,62,2,522,25,580,101,Jun24_0/11-20190629170330-snapshot.jpg
4,0,20190629,170430,73,2,436,699,514,747,Jun24_0/11-20190629170430-snapshot.jpg
4,0,20190629,170700,83,2,1621,136,1686,204,Jun24_0/11-20190629170700-snapshot.jpg
4,0,20190629,171030,86,1,609,140,657,183,Jun24_0/11-20190629171030-snapshot.jpg
4,0,20190629,171100,28,2,624,99,702,154,Jun24_0/11-20190629171100-snapshot.jpg
4,0,20190629,171130,48,1,1282,65,1324,102,Jun24_0/11-20190629171130-snapshot.jpg
4,0,20190629,171200,81,2,1067,451,1131,515,Jun24_0/11-20190629171200-snapshot.jpg
4,0,20190629,171230,79,2,1317,803,1367,870,Jun24_0/11-20190629171230-snapshot.jpg
4,0,20190629,171300,78,1,1292,782,1331,815,Jun24_0/11-20190629171300-snapshot.jpg
4,0,20190629,171700,45,2,1343,769,1417,818,Jun24_0/11-20190629171700-snapshot.jpg
4,0,20190629,171730,83,2,1650,597,1729,639,Jun24_0/11-20190629171730-snapshot.jpg
4,0,20190629,171800,69,2,293,133,380,195,Jun24_0/11-20190629171800-snapshot.jpg
4,0,20190629,171830,65,2,420,757,493,816,Jun24_0/11-20190629171830-snapshot.jpg
4,0,20190629,172200,69,2,932,612,998,647,Jun24_0/11-20190629172200-snapshot.jpg
4,0,20190629,172300,52,2,1386,950,1442,1023,Jun24_0/11-20190629172300-snapshot.jpg
4,0,20190629,172430,56,2,1004,831,1058,892,Jun24_0/11-20190629172430-snapshot.jpg
4,0,20190629,172430,86,2,1441,793,1497,867,Jun24_0/11-20190629172430-snapshot.jpg
4,0,20190629,172500,86,2,1545,293,1623,363,Jun24_0/11-20190629172500-snapshot.jpg
4,0,20190629,173130,82,2,431,100,489,169,Jun24_0/11-20190629173130-snapshot.jpg
4,0,20190629,173500,83,1,791,739,826,771,Jun24_0/11-20190629173500-snapshot.jpg
4,0,20190629,173530,40,2,1076,427,1157,478,Jun24_0/11-20190629173530-snapshot.jpg
4,0,20190629,173530,74,2,108,802,182,872,Jun24_0/11-20190629173530-snapshot.jpg
4,0,20190629,173600,73,2,1111,295,1167,360,Jun24_0/11-20190629173600-snapshot.jpg
4,0,20190629,173630,73,2,795,683,850,747,Jun24_0/11-20190629173630-snapshot.jpg
4,0,20190629,174300,41,6,1199,228,1273,272,Jun24_0/11-20190629174300-snapshot.jpg
4,0,20190629,175430,76,2,903,120,959,195,Jun24_0/11-20190629175430-snapshot.jpg
4,0,20190629,180430,48,2,1528,231,1600,287,Jun24_0/11-20190629180430-snapshot.jpg
4,0,20190629,181500,82,2,1019,421,1102,465,Jun24_0/11-20190629181500-snapshot.jpg
4,0,20190629,181700,81,2,591,291,644,348,Jun24_0/11-20190629181700-snapshot.jpg
4,0,20190629,181800,86,2,1455,761,1511,836,Jun24_0/11-20190629181800-snapshot.jpg
4,0,20190629,182000,83,2,866,388,922,469,Jun24_0/11-20190629182000-snapshot.jpg
4,0,20190629,182130,76,2,411,319,486,360,Jun24_0/11-20190629182130-snapshot.jpg
4,0,20190629,182500,41,2,469,678,552,722,Jun24_0/11-20190629182500-snapshot.jpg
4,0,20190629,183200,35,1,1143,235,1185,277,Jun24_0/11-20190629183200-snapshot.jpg
4,0,20190629,183230,31,1,1144,238,1185,278,Jun24_0/11-20190629183230-snapshot.jpg
4,0,20190629,183300,28,1,1144,233,1185,276,Jun24_0/11-20190629183300-snapshot.jpg
4,0,20190629,183330,34,1,1143,235,1184,276,Jun24_0/11-20190629183330-snapshot.jpg
4,0,20190629,183330,76,2,1181,636,1235,701,Jun24_0/11-20190629183330-snapshot.jpg
4,0,20190629,183500,49,1,1144,232,1185,275,Jun24_0/11-20190629183500-snapshot.jpg
4,0,20190629,183530,57,1,1144,232,1186,275,Jun24_0/11-20190629183530-snapshot.jpg
4,0,20190629,183600,47,1,1143,226,1187,273,Jun24_0/11-20190629183600-snapshot.jpg
4,0,20190629,183630,65,1,1144,225,1189,274,Jun24_0/11-20190629183630-snapshot.jpg
4,0,20190629,183700,49,1,1144,229,1186,275,Jun24_0/11-20190629183700-snapshot.jpg
4,0,20190629,183730,43,1,1143,230,1186,274,Jun24_0/11-20190629183730-snapshot.jpg
4,0,20190629,183800,59,1,1146,226,1191,274,Jun24_0/11-20190629183800-snapshot.jpg
4,0,20190629,183830,55,1,1146,227,1189,273,Jun24_0/11-20190629183830-snapshot.jpg
4,0,20190629,183900,63,1,1143,231,1186,273,Jun24_0/11-20190629183900-snapshot.jpg
4,0,20190629,183930,62,1,1144,229,1187,274,Jun24_0/11-20190629183930-snapshot.jpg
4,0,20190629,184000,67,1,1140,232,1183,275,Jun24_0/11-20190629184000-snapshot.jpg
4,0,20190629,184030,53,1,1143,231,1186,275,Jun24_0/11-20190629184030-snapshot.jpg
4,0,20190629,184100,66,1,1145,229,1188,274,Jun24_0/11-20190629184100-snapshot.jpg
4,0,20190629,184130,65,1,1143,231,1186,276,Jun24_0/11-20190629184130-snapshot.jpg
4,0,20190629,184200,64,1,1143,233,1186,276,Jun24_0/11-20190629184200-snapshot.jpg
4,0,20190629,184230,70,1,1144,233,1186,277,Jun24_0/11-20190629184230-snapshot.jpg
4,0,20190629,184300,70,1,1145,232,1188,277,Jun24_0/11-20190629184300-snapshot.jpg
4,0,20190629,184330,70,1,1144,234,1186,276,Jun24_0/11-20190629184330-snapshot.jpg
4,0,20190629,184400,39,2,983,791,1040,862,Jun24_0/11-20190629184400-snapshot.jpg
4,0,20190629,184400,53,1,1143,233,1186,276,Jun24_0/11-20190629184400-snapshot.jpg
4,0,20190629,184430,74,1,1145,233,1187,277,Jun24_0/11-20190629184430-snapshot.jpg
4,0,20190629,184500,70,1,1144,229,1188,276,Jun24_0/11-20190629184500-snapshot.jpg
4,0,20190629,184530,73,1,1143,233,1186,277,Jun24_0/11-20190629184530-snapshot.jpg
4,0,20190629,184600,71,1,1144,232,1187,276,Jun24_0/11-20190629184600-snapshot.jpg
4,0,20190629,184630,76,1,1144,233,1187,277,Jun24_0/11-20190629184630-snapshot.jpg
4,0,20190629,184700,73,1,1145,231,1189,277,Jun24_0/11-20190629184700-snapshot.jpg
4,0,20190629,184730,77,1,1144,234,1187,278,Jun24_0/11-20190629184730-snapshot.jpg
4,0,20190629,184800,72,1,1145,233,1189,278,Jun24_0/11-20190629184800-snapshot.jpg
4,0,20190629,184830,77,1,1145,234,1189,278,Jun24_0/11-20190629184830-snapshot.jpg
4,0,20190629,184900,76,1,1145,234,1187,277,Jun24_0/11-20190629184900-snapshot.jpg
4,0,20190629,184930,67,1,1146,234,1188,278,Jun24_0/11-20190629184930-snapshot.jpg
4,0,20190629,185000,63,1,1148,235,1190,277,Jun24_0/11-20190629185000-snapshot.jpg
4,0,20190629,185330,46,1,1142,229,1186,277,Jun24_0/11-20190629185330-snapshot.jpg
4,0,20190629,185400,70,1,1144,229,1187,277,Jun24_0/11-20190629185400-snapshot.jpg
4,0,20190629,185430,73,1,1145,226,1189,276,Jun24_0/11-20190629185430-snapshot.jpg
4,0,20190629,185500,71,1,1145,227,1189,276,Jun24_0/11-20190629185500-snapshot.jpg
4,0,20190629,185530,79,1,1145,226,1190,276,Jun24_0/11-20190629185530-snapshot.jpg
4,0,20190629,185600,78,1,1144,231,1188,277,Jun24_0/11-20190629185600-snapshot.jpg
4,0,20190629,185630,78,1,1146,225,1192,276,Jun24_0/11-20190629185630-snapshot.jpg
4,0,20190629,185700,78,1,1146,226,1191,275,Jun24_0/11-20190629185700-snapshot.jpg
4,0,20190629,185730,74,1,1146,229,1189,275,Jun24_0/11-20190629185730-snapshot.jpg
4,0,20190629,185800,74,1,1146,229,1190,275,Jun24_0/11-20190629185800-snapshot.jpg
4,0,20190629,185830,68,1,1145,226,1190,272,Jun24_0/11-20190629185830-snapshot.jpg
4,0,20190629,185900,57,1,1147,227,1191,274,Jun24_0/11-20190629185900-snapshot.jpg
4,0,20190629,185930,42,1,1147,224,1192,272,Jun24_0/11-20190629185930-snapshot.jpg
4,0,20190629,190000,69,1,1148,225,1193,274,Jun24_0/11-20190629190000-snapshot.jpg
4,0,20190629,190030,26,1,702,679,744,715,Jun24_0/11-20190629190030-snapshot.jpg
4,0,20190629,190030,70,1,1148,222,1194,274,Jun24_0/11-20190629190030-snapshot.jpg
4,0,20190629,190100,34,1,702,679,744,715,Jun24_0/11-20190629190100-snapshot.jpg
4,0,20190629,190100,59,1,1148,223,1192,273,Jun24_0/11-20190629190100-snapshot.jpg
4,0,20190629,190130,45,1,1148,224,1191,272,Jun24_0/11-20190629190130-snapshot.jpg
4,0,20190629,190200,71,1,1148,223,1192,272,Jun24_0/11-20190629190200-snapshot.jpg
4,0,20190629,190230,54,1,703,679,745,715,Jun24_0/11-20190629190230-snapshot.jpg
4,0,20190629,190230,60,1,1148,223,1191,272,Jun24_0/11-20190629190230-snapshot.jpg
4,0,20190629,190300,57,1,702,680,744,716,Jun24_0/11-20190629190300-snapshot.jpg
4,0,20190629,190300,73,1,1148,223,1192,272,Jun24_0/11-20190629190300-snapshot.jpg
4,0,20190629,190330,54,1,702,679,745,716,Jun24_0/11-20190629190330-snapshot.jpg
4,0,20190629,190330,72,1,1150,220,1192,271,Jun24_0/11-20190629190330-snapshot.jpg
4,0,20190629,190400,79,1,702,679,744,716,Jun24_0/11-20190629190400-snapshot.jpg
4,0,20190629,190400,81,1,1149,220,1193,273,Jun24_0/11-20190629190400-snapshot.jpg
4,0,20190629,190430,57,1,703,679,745,716,Jun24_0/11-20190629190430-snapshot.jpg
4,0,20190629,190430,78,1,1148,223,1192,274,Jun24_0/11-20190629190430-snapshot.jpg
4,0,20190629,190500,70,1,703,679,745,716,Jun24_0/11-20190629190500-snapshot.jpg
4,0,20190629,190500,75,1,1148,225,1191,274,Jun24_0/11-20190629190500-snapshot.jpg
4,0,20190629,190530,26,1,704,680,745,716,Jun24_0/11-20190629190530-snapshot.jpg
4,0,20190629,190530,78,1,1148,226,1190,274,Jun24_0/11-20190629190530-snapshot.jpg
4,0,20190629,190600,64,1,705,681,745,716,Jun24_0/11-20190629190600-snapshot.jpg
4,0,20190629,190600,77,1,1148,224,1192,274,Jun24_0/11-20190629190600-snapshot.jpg
4,0,20190629,190630,78,1,1148,226,1191,275,Jun24_0/11-20190629190630-snapshot.jpg
4,0,20190629,190700,78,1,1149,222,1193,276,Jun24_0/11-20190629190700-snapshot.jpg
4,0,20190629,190730,78,1,1148,225,1192,276,Jun24_0/11-20190629190730-snapshot.jpg
4,0,20190629,190800,80,1,1149,222,1193,276,Jun24_0/11-20190629190800-snapshot.jpg
4,0,20190629,190830,79,1,1149,222,1194,276,Jun24_0/11-20190629190830-snapshot.jpg
4,0,20190629,190900,79,1,1148,226,1192,275,Jun24_0/11-20190629190900-snapshot.jpg
4,0,20190629,190930,77,1,1149,227,1192,276,Jun24_0/11-20190629190930-snapshot.jpg
4,0,20190629,191000,75,1,1150,227,1193,276,Jun24_0/11-20190629191000-snapshot.jpg
4,0,20190629,191030,57,1,1150,229,1192,277,Jun24_0/11-20190629191030-snapshot.jpg
4,0,20190629,191230,86,4,1238,709,1296,796,Jun24_0/11-20190629191230-snapshot.jpg
4,0,20190629,192600,73,1,469,991,507,1023,Jun24_0/11-20190629192600-snapshot.jpg
4,0,20190629,195700,75,1,84,899,119,927,Jun24_0/11-20190629195700-snapshot.jpg
4,0,20190629,195830,79,1,122,966,160,999,Jun24_0/11-20190629195830-snapshot.jpg
4,0,20190629,195900,61,1,227,965,266,998,Jun24_0/11-20190629195900-snapshot.jpg
4,0,20190629,195930,49,1,353,1036,390,1070,Jun24_0/11-20190629195930-snapshot.jpg
4,0,20190629,205600,83,1,791,28,833,66,Jun24_0/11-20190629205600-snapshot.jpg
4,0,20190629,205700,84,1,884,274,926,315,Jun24_0/11-20190629205700-snapshot.jpg
4,0,20190629,205800,80,1,979,621,1017,660,Jun24_0/11-20190629205800-snapshot.jpg
4,0,20190624,165700,56,4,1852,401,1898,439,Jun24_0/12-20190624165700-snapshot.jpg
4,0,20190625,080300,61,3,474,820,514,866,Jun24_0/120-20190625080300-snapshot.jpg
4,0,20190625,093930,84,4,1409,55,1474,102,Jun24_0/130-20190625093930-snapshot.jpg
4,0,20190625,094000,55,4,1282,670,1327,715,Jun24_0/130-20190625094000-snapshot.jpg
4,0,20190625,100300,75,4,363,961,406,999,Jun24_0/131-20190625100300-snapshot.jpg
4,0,20190625,100430,76,4,344,958,387,999,Jun24_0/131-20190625100430-snapshot.jpg
4,0,20190625,100630,75,4,704,960,745,999,Jun24_0/131-20190625100630-snapshot.jpg
4,0,20190625,100730,43,3,1414,27,1454,71,Jun24_0/131-20190625100730-snapshot.jpg
4,0,20190625,100900,36,2,323,673,369,716,Jun24_0/131-20190625100900-snapshot.jpg
4,0,20190625,100900,79,2,834,973,908,1045,Jun24_0/131-20190625100900-snapshot.jpg
4,0,20190625,100930,30,2,661,853,705,905,Jun24_0/131-20190625100930-snapshot.jpg
4,0,20190625,101100,57,2,361,960,413,989,Jun24_0/131-20190625101100-snapshot.jpg
4,0,20190625,101100,78,4,1202,306,1246,358,Jun24_0/131-20190625101100-snapshot.jpg
4,0,20190625,101300,80,4,1029,485,1085,532,Jun24_0/131-20190625101300-snapshot.jpg
4,0,20190625,101600,69,4,468,540,510,582,Jun24_0/131-20190625101600-snapshot.jpg
4,0,20190625,101630,35,2,416,1022,477,1079,Jun24_0/131-20190625101630-snapshot.jpg
4,0,20190625,101630,36,3,1348,324,1392,367,Jun24_0/131-20190625101630-snapshot.jpg
4,0,20190625,101700,72,2,373,939,432,971,Jun24_0/131-20190625101700-snapshot.jpg
4,0,20190625,102200,71,4,642,419,686,460,Jun24_0/131-20190625102200-snapshot.jpg
4,0,20190625,102430,81,4,185,750,247,788,Jun24_0/131-20190625102430-snapshot.jpg
4,0,20190625,102930,78,4,1471,506,1521,555,Jun24_0/131-20190625102930-snapshot.jpg
4,0,20190625,103000,31,2,1317,706,1365,746,Jun24_0/131-20190625103000-snapshot.jpg
4,0,20190625,103130,56,2,276,33,317,86,Jun24_0/131-20190625103130-snapshot.jpg
4,0,20190625,103230,83,4,1346,620,1407,664,Jun24_0/131-20190625103230-snapshot.jpg
4,0,20190625,103300,81,4,428,1026,478,1079,Jun24_0/131-20190625103300-snapshot.jpg
4,0,20190625,103530,54,2,610,1021,672,1077,Jun24_0/131-20190625103530-snapshot.jpg
4,0,20190625,104730,46,2,379,856,421,900,Jun24_0/132-20190625104730-snapshot.jpg
4,0,20190625,104730,83,4,20,516,63,565,Jun24_0/132-20190625104730-snapshot.jpg
4,0,20190625,104930,82,4,0,249,53,295,Jun24_0/132-20190625104930-snapshot.jpg
4,0,20190625,105000,25,3,1402,259,1452,306,Jun24_0/132-20190625105000-snapshot.jpg
4,0,20190625,105030,71,4,1439,1018,1509,1068,Jun24_0/132-20190625105030-snapshot.jpg
4,0,20190625,105300,78,2,461,556,509,611,Jun24_0/132-20190625105300-snapshot.jpg
4,0,20190625,105400,66,2,364,967,411,1014,Jun24_0/132-20190625105400-snapshot.jpg
4,0,20190625,105500,82,4,457,906,517,951,Jun24_0/132-20190625105500-snapshot.jpg
4,0,20190625,105530,73,4,574,1023,625,1074,Jun24_0/132-20190625105530-snapshot.jpg
4,0,20190625,105700,77,4,657,400,700,442,Jun24_0/132-20190625105700-snapshot.jpg
4,0,20190625,105800,62,2,1214,929,1260,955,Jun24_0/132-20190625105800-snapshot.jpg
4,0,20190625,110030,30,2,486,796,529,842,Jun24_0/132-20190625110030-snapshot.jpg
4,0,20190625,110130,49,2,689,900,734,948,Jun24_0/132-20190625110130-snapshot.jpg
4,0,20190625,110330,39,2,1450,463,1493,504,Jun24_0/132-20190625110330-snapshot.jpg
4,0,20190625,110330,68,3,450,1029,492,1071,Jun24_0/132-20190625110330-snapshot.jpg
4,0,20190625,110430,25,4,1197,329,1247,382,Jun24_0/132-20190625110430-snapshot.jpg
4,0,20190625,110500,81,4,395,850,447,900,Jun24_0/132-20190625110500-snapshot.jpg
4,0,20190625,111030,25,2,332,902,378,938,Jun24_0/132-20190625111030-snapshot.jpg
4,0,20190625,111600,51,4,585,975,629,1013,Jun24_0/132-20190625111600-snapshot.jpg
4,0,20190625,111830,54,2,442,921,488,963,Jun24_0/132-20190625111830-snapshot.jpg
4,0,20190625,111830,57,4,1457,612,1510,656,Jun24_0/132-20190625111830-snapshot.jpg
4,0,20190625,112800,73,2,438,842,486,884,Jun24_0/132-20190625112800-snapshot.jpg
4,0,20190625,113130,64,4,1131,301,1178,349,Jun24_0/132-20190625113130-snapshot.jpg
4,0,20190625,113200,82,4,476,402,517,448,Jun24_0/132-20190625113200-snapshot.jpg
4,0,20190625,113400,61,3,1777,722,1825,773,Jun24_0/132-20190625113400-snapshot.jpg
4,0,20190625,113430,46,2,526,947,572,984,Jun24_0/132-20190625113430-snapshot.jpg
4,0,20190625,113700,40,2,1419,590,1463,642,Jun24_0/132-20190625113700-snapshot.jpg
4,0,20190625,113730,46,2,1369,703,1411,752,Jun24_0/132-20190625113730-snapshot.jpg
4,0,20190625,113800,40,2,704,367,750,405,Jun24_0/132-20190625113800-snapshot.jpg
4,0,20190625,114930,56,2,557,845,600,894,Jun24_0/132-20190625114930-snapshot.jpg
4,0,20190625,115000,39,2,305,5,347,49,Jun24_0/132-20190625115000-snapshot.jpg
4,0,20190625,115900,61,2,562,877,609,914,Jun24_0/134-20190625115900-snapshot.jpg
4,0,20190625,115930,34,2,433,918,489,949,Jun24_0/134-20190625115930-snapshot.jpg
4,0,20190625,120000,67,2,8,788,50,828,Jun24_0/134-20190625120000-snapshot.jpg
4,0,20190625,120600,65,2,1356,670,1398,718,Jun24_0/134-20190625120600-snapshot.jpg
4,0,20190625,121030,72,4,215,759,254,792,Jun24_0/134-20190625121030-snapshot.jpg
4,0,20190625,121030,73,4,1230,270,1278,326,Jun24_0/134-20190625121030-snapshot.jpg
4,0,20190625,121030,74,4,1130,850,1179,897,Jun24_0/134-20190625121030-snapshot.jpg
4,0,20190625,121100,67,4,483,978,522,1014,Jun24_0/134-20190625121100-snapshot.jpg
4,0,20190625,121200,75,4,1147,972,1197,1014,Jun24_0/134-20190625121200-snapshot.jpg
4,0,20190625,121230,45,4,1363,997,1416,1047,Jun24_0/134-20190625121230-snapshot.jpg
4,0,20190625,121300,78,4,1290,229,1341,282,Jun24_0/134-20190625121300-snapshot.jpg
4,0,20190625,121430,65,2,480,728,523,762,Jun24_0/134-20190625121430-snapshot.jpg
4,0,20190625,121600,54,2,874,895,915,943,Jun24_0/134-20190625121600-snapshot.jpg
4,0,20190625,121930,71,2,1080,324,1121,368,Jun24_0/134-20190625121930-snapshot.jpg
4,0,20190625,122000,68,4,1313,101,1357,144,Jun24_0/134-20190625122000-snapshot.jpg
4,0,20190625,122000,79,4,582,961,626,1004,Jun24_0/134-20190625122000-snapshot.jpg
4,0,20190625,122030,80,4,409,959,459,1003,Jun24_0/134-20190625122030-snapshot.jpg
4,0,20190625,122200,81,2,1350,208,1397,263,Jun24_0/134-20190625122200-snapshot.jpg
4,0,20190625,122430,27,2,1482,684,1525,724,Jun24_0/134-20190625122430-snapshot.jpg
4,0,20190625,123030,87,3,40,481,105,523,Jun24_0/134-20190625123030-snapshot.jpg
4,0,20190625,123200,30,4,1240,290,1291,332,Jun24_0/134-20190625123200-snapshot.jpg
4,0,20190625,123330,57,2,332,845,377,886,Jun24_0/134-20190625123330-snapshot.jpg
4,0,20190625,123430,68,4,310,690,373,740,Jun24_0/134-20190625123430-snapshot.jpg
4,0,20190625,123530,85,3,365,1006,414,1055,Jun24_0/134-20190625123530-snapshot.jpg
4,0,20190625,123730,46,2,1155,365,1197,411,Jun24_0/134-20190625123730-snapshot.jpg
4,0,20190625,124030,83,2,1373,316,1417,368,Jun24_0/134-20190625124030-snapshot.jpg
4,0,20190625,124130,76,4,1716,159,1774,204,Jun24_0/134-20190625124130-snapshot.jpg
4,0,20190625,124300,43,2,1169,821,1219,876,Jun24_0/134-20190625124300-snapshot.jpg
4,0,20190625,124530,44,4,1822,403,1880,458,Jun24_0/134-20190625124530-snapshot.jpg
4,0,20190625,124730,77,3,390,1018,448,1073,Jun24_0/134-20190625124730-snapshot.jpg
4,0,20190625,125000,75,3,44,284,105,324,Jun24_0/134-20190625125000-snapshot.jpg
4,0,20190625,125030,63,2,1363,640,1409,679,Jun24_0/134-20190625125030-snapshot.jpg
4,0,20190625,125030,84,2,518,748,560,802,Jun24_0/134-20190625125030-snapshot.jpg
4,0,20190625,125830,70,2,359,871,411,906,Jun24_0/134-20190625125830-snapshot.jpg
4,0,20190625,130000,29,2,1484,656,1522,681,Jun24_0/134-20190625130000-snapshot.jpg
4,0,20190625,130000,65,4,1365,986,1411,1024,Jun24_0/134-20190625130000-snapshot.jpg
4,0,20190625,130500,38,2,600,988,644,1041,Jun24_0/134-20190625130500-snapshot.jpg
4,0,20190625,130500,75,2,1293,279,1336,333,Jun24_0/134-20190625130500-snapshot.jpg
4,0,20190625,130530,69,2,557,883,598,932,Jun24_0/134-20190625130530-snapshot.jpg
4,0,20190625,130630,55,2,1147,351,1194,382,Jun24_0/134-20190625130630-snapshot.jpg
4,0,20190625,130630,77,4,1477,522,1546,576,Jun24_0/134-20190625130630-snapshot.jpg
4,0,20190625,130700,69,4,1328,339,1375,391,Jun24_0/134-20190625130700-snapshot.jpg
4,0,20190625,130930,63,2,1310,937,1356,985,Jun24_0/134-20190625130930-snapshot.jpg
4,0,20190625,132330,50,4,647,694,685,728,Jun24_0/134-20190625132330-snapshot.jpg
4,0,20190625,132500,66,2,489,978,541,1017,Jun24_0/134-20190625132500-snapshot.jpg
4,0,20190625,132600,70,3,357,1002,405,1043,Jun24_0/134-20190625132600-snapshot.jpg
4,0,20190625,133430,58,4,1530,378,1571,412,Jun24_0/134-20190625133430-snapshot.jpg
4,0,20190625,133500,76,4,585,898,629,941,Jun24_0/134-20190625133500-snapshot.jpg
4,0,20190625,133600,87,4,1256,716,1327,763,Jun24_0/134-20190625133600-snapshot.jpg
4,0,20190625,133830,37,2,592,929,640,974,Jun24_0/134-20190625133830-snapshot.jpg
4,0,20190625,134800,71,2,1366,172,1410,227,Jun24_0/134-20190625134800-snapshot.jpg
4,0,20190625,135230,42,2,477,718,525,748,Jun24_0/134-20190625135230-snapshot.jpg
4,0,20190625,135530,32,2,526,593,577,639,Jun24_0/134-20190625135530-snapshot.jpg
4,0,20190625,135530,63,2,1101,924,1147,965,Jun24_0/134-20190625135530-snapshot.jpg
4,0,20190625,135900,66,2,572,621,618,678,Jun24_0/134-20190625135900-snapshot.jpg
4,0,20190625,135930,53,2,408,769,454,821,Jun24_0/134-20190625135930-snapshot.jpg
4,0,20190625,140030,40,2,0,800,30,843,Jun24_0/134-20190625140030-snapshot.jpg
4,0,20190625,140330,66,2,604,959,654,988,Jun24_0/134-20190625140330-snapshot.jpg
4,0,20190625,140800,28,2,656,754,705,802,Jun24_0/135-20190625140800-snapshot.jpg
4,0,20190625,140900,77,3,1810,663,1881,712,Jun24_0/135-20190625140900-snapshot.jpg
4,0,20190625,141000,42,2,1406,981,1452,1025,Jun24_0/135-20190625141000-snapshot.jpg
4,0,20190625,141130,77,4,1374,633,1425,680,Jun24_0/135-20190625141130-snapshot.jpg
4,0,20190625,141200,83,3,389,565,460,613,Jun24_0/135-20190625141200-snapshot.jpg
4,0,20190625,141800,66,2,1416,714,1471,742,Jun24_0/135-20190625141800-snapshot.jpg
4,0,20190625,141900,81,4,511,618,575,661,Jun24_0/135-20190625141900-snapshot.jpg
4,0,20190625,143000,39,2,1154,365,1197,404,Jun24_0/136-20190625143000-snapshot.jpg
4,0,20190625,143500,83,4,521,942,565,991,Jun24_0/137-20190625143500-snapshot.jpg
4,0,20190625,143600,72,4,560,1038,599,1077,Jun24_0/137-20190625143600-snapshot.jpg
4,0,20190625,143800,38,4,1337,127,1382,173,Jun24_0/137-20190625143800-snapshot.jpg
4,0,20190625,143830,32,4,583,976,621,1007,Jun24_0/137-20190625143830-snapshot.jpg
4,0,20190625,144200,81,4,1200,268,1269,318,Jun24_0/137-20190625144200-snapshot.jpg
4,0,20190625,144230,65,2,86,386,130,437,Jun24_0/137-20190625144230-snapshot.jpg
4,0,20190625,144630,63,2,1186,928,1232,971,Jun24_0/137-20190625144630-snapshot.jpg
4,0,20190625,144730,34,4,518,662,566,698,Jun24_0/137-20190625144730-snapshot.jpg
4,0,20190625,144800,71,2,1397,341,1442,392,Jun24_0/137-20190625144800-snapshot.jpg
4,0,20190625,144930,42,2,391,940,432,984,Jun24_0/137-20190625144930-snapshot.jpg
4,0,20190625,145130,59,2,541,850,583,895,Jun24_0/137-20190625145130-snapshot.jpg
4,0,20190625,145200,63,2,1408,406,1455,451,Jun24_0/137-20190625145200-snapshot.jpg
4,0,20190625,145230,79,3,582,870,627,907,Jun24_0/137-20190625145230-snapshot.jpg
4,0,20190625,145330,68,2,683,1030,729,1079,Jun24_0/137-20190625145330-snapshot.jpg
4,0,20190625,145630,51,2,1176,870,1234,914,Jun24_0/137-20190625145630-snapshot.jpg
4,0,20190625,145830,67,2,1172,13,1219,69,Jun24_0/137-20190625145830-snapshot.jpg
4,0,20190625,145900,72,2,476,871,520,916,Jun24_0/137-20190625145900-snapshot.jpg
4,0,20190625,145930,76,2,451,695,495,745,Jun24_0/137-20190625145930-snapshot.jpg
4,0,20190625,150230,34,2,1200,1044,1256,1076,Jun24_0/138-20190625150230-snapshot.jpg
4,0,20190625,150530,83,4,392,967,437,1016,Jun24_0/138-20190625150530-snapshot.jpg
4,0,20190625,150600,82,4,1162,842,1221,895,Jun24_0/138-20190625150600-snapshot.jpg
4,0,20190625,150630,70,4,293,2,348,39,Jun24_0/138-20190625150630-snapshot.jpg
4,0,20190625,151200,48,2,399,796,453,829,Jun24_0/138-20190625151200-snapshot.jpg
4,0,20190625,151230,55,2,456,770,502,805,Jun24_0/138-20190625151230-snapshot.jpg
4,0,20190625,152330,60,2,1004,837,1075,879,Jun24_0/138-20190625152330-snapshot.jpg
4,0,20190625,152600,65,2,1280,790,1327,846,Jun24_0/138-20190625152600-snapshot.jpg
4,0,20190625,152830,83,4,510,748,565,803,Jun24_0/138-20190625152830-snapshot.jpg
4,0,20190625,152930,28,2,1224,320,1264,370,Jun24_0/138-20190625152930-snapshot.jpg
4,0,20190625,153030,59,4,540,807,591,847,Jun24_0/138-20190625153030-snapshot.jpg
4,0,20190625,153230,40,2,554,850,598,898,Jun24_0/138-20190625153230-snapshot.jpg
4,0,20190625,153330,73,4,0,804,32,853,Jun24_0/138-20190625153330-snapshot.jpg
4,0,20190625,153600,42,2,548,695,610,732,Jun24_0/138-20190625153600-snapshot.jpg
4,0,20190625,154000,59,2,1215,352,1269,382,Jun24_0/138-20190625154000-snapshot.jpg
4,0,20190625,154200,42,2,1200,1038,1249,1080,Jun24_0/138-20190625154200-snapshot.jpg
4,0,20190625,155300,28,2,1313,322,1359,358,Jun24_0/139-20190625155300-snapshot.jpg
4,0,20190625,160330,35,2,1109,304,1156,344,Jun24_0/140-20190625160330-snapshot.jpg
4,0,20190625,160930,80,4,903,797,953,843,Jun24_0/140-20190625160930-snapshot.jpg
4,0,20190625,161730,71,4,1464,435,1511,474,Jun24_0/141-20190625161730-snapshot.jpg
4,0,20190625,161800,76,4,350,967,397,1018,Jun24_0/141-20190625161800-snapshot.jpg
4,0,20190625,161830,78,4,733,982,799,1031,Jun24_0/141-20190625161830-snapshot.jpg
4,0,20190625,161930,49,2,439,931,483,971,Jun24_0/141-20190625161930-snapshot.jpg
4,0,20190625,162100,65,3,1182,924,1233,968,Jun24_0/141-20190625162100-snapshot.jpg
4,0,20190625,162130,67,2,1348,217,1395,262,Jun24_0/141-20190625162130-snapshot.jpg
4,0,20190625,162700,81,4,1458,717,1507,769,Jun24_0/141-20190625162700-snapshot.jpg
4,0,20190625,162730,80,4,1357,130,1408,188,Jun24_0/141-20190625162730-snapshot.jpg
4,0,20190625,163530,58,3,1728,852,1776,894,Jun24_0/141-20190625163530-snapshot.jpg
4,0,20190625,163930,41,8,880,584,937,635,Jun24_0/141-20190625163930-snapshot.jpg
4,0,20190625,164130,45,2,1374,638,1417,666,Jun24_0/141-20190625164130-snapshot.jpg
4,0,20190625,164200,53,2,1402,319,1444,366,Jun24_0/141-20190625164200-snapshot.jpg
4,0,20190625,164330,26,2,1151,814,1204,871,Jun24_0/141-20190625164330-snapshot.jpg
4,0,20190625,164730,52,2,1395,419,1438,475,Jun24_0/141-20190625164730-snapshot.jpg
4,0,20190625,164830,51,2,510,741,561,778,Jun24_0/141-20190625164830-snapshot.jpg
4,0,20190625,165800,70,2,503,663,544,705,Jun24_0/141-20190625165800-snapshot.jpg
4,0,20190625,170030,35,3,618,837,668,887,Jun24_0/141-20190625170030-snapshot.jpg
4,0,20190625,170030,47,4,618,838,668,886,Jun24_0/141-20190625170030-snapshot.jpg
4,0,20190625,170130,66,2,1354,765,1402,818,Jun24_0/141-20190625170130-snapshot.jpg
4,0,20190625,170630,65,2,549,891,594,940,Jun24_0/141-20190625170630-snapshot.jpg
4,0,20190625,170900,65,4,643,2,689,41,Jun24_0/141-20190625170900-snapshot.jpg
4,0,20190625,171200,33,2,1411,398,1464,437,Jun24_0/141-20190625171200-snapshot.jpg
4,0,20190625,171230,68,2,1386,331,1431,384,Jun24_0/141-20190625171230-snapshot.jpg
4,0,20190625,171430,48,2,117,107,162,155,Jun24_0/141-20190625171430-snapshot.jpg
4,0,20190625,171800,54,4,347,845,388,881,Jun24_0/141-20190625171800-snapshot.jpg
4,0,20190625,171900,34,2,570,942,617,988,Jun24_0/141-20190625171900-snapshot.jpg
4,0,20190625,172200,73,4,1313,708,1359,751,Jun24_0/141-20190625172200-snapshot.jpg
4,0,20190625,173430,66,2,1366,634,1411,667,Jun24_0/142-20190625173430-snapshot.jpg
4,0,20190625,174030,67,2,452,882,515,927,Jun24_0/142-20190625174030-snapshot.jpg
4,0,20190625,181330,51,4,660,760,717,807,Jun24_0/144-20190625181330-snapshot.jpg
4,0,20190625,181400,32,4,661,759,721,807,Jun24_0/144-20190625181400-snapshot.jpg
4,0,20190625,181430,43,4,659,758,717,807,Jun24_0/144-20190625181430-snapshot.jpg
4,0,20190625,181630,47,4,667,758,718,806,Jun24_0/144-20190625181630-snapshot.jpg
4,0,20190625,181900,57,4,665,757,720,808,Jun24_0/144-20190625181900-snapshot.jpg
4,0,20190625,181930,32,4,667,758,718,806,Jun24_0/144-20190625181930-snapshot.jpg
4,0,20190625,182100,35,4,666,760,718,806,Jun24_0/144-20190625182100-snapshot.jpg
4,0,20190625,182200,32,4,660,757,722,809,Jun24_0/144-20190625182200-snapshot.jpg
4,0,20190625,182300,47,4,664,760,718,806,Jun24_0/144-20190625182300-snapshot.jpg
4,0,20190625,182530,35,4,661,760,718,808,Jun24_0/144-20190625182530-snapshot.jpg
4,0,20190625,182630,39,4,663,759,721,807,Jun24_0/144-20190625182630-snapshot.jpg
4,0,20190625,182700,44,2,1178,974,1227,1005,Jun24_0/144-20190625182700-snapshot.jpg
4,0,20190625,183130,33,4,651,760,721,808,Jun24_0/144-20190625183130-snapshot.jpg
4,0,20190625,183200,43,4,659,758,727,807,Jun24_0/144-20190625183200-snapshot.jpg
4,0,20190625,183230,38,4,657,758,724,807,Jun24_0/144-20190625183230-snapshot.jpg
4,0,20190625,183300,64,4,655,759,724,806,Jun24_0/144-20190625183300-snapshot.jpg
4,0,20190625,183330,57,4,662,759,722,807,Jun24_0/144-20190625183330-snapshot.jpg
4,0,20190625,183430,79,4,653,760,720,805,Jun24_0/144-20190625183430-snapshot.jpg
4,0,20190625,183700,32,1,1880,284,1914,312,Jun24_0/144-20190625183700-snapshot.jpg
4,0,20190625,183700,41,4,660,758,720,806,Jun24_0/144-20190625183700-snapshot.jpg
4,0,20190625,183700,76,4,944,13,992,54,Jun24_0/144-20190625183700-snapshot.jpg
4,0,20190625,183830,35,4,659,759,721,806,Jun24_0/145-20190625183830-snapshot.jpg
4,0,20190625,184000,60,4,657,759,721,805,Jun24_0/145-20190625184000-snapshot.jpg
4,0,20190625,184230,28,2,1443,999,1499,1033,Jun24_0/145-20190625184230-snapshot.jpg
4,0,20190625,184230,55,4,660,758,724,807,Jun24_0/145-20190625184230-snapshot.jpg
4,0,20190625,184430,37,4,663,759,721,805,Jun24_0/145-20190625184430-snapshot.jpg
4,0,20190625,184500,55,4,662,758,721,805,Jun24_0/146-20190625184500-snapshot.jpg
4,0,20190625,184600,59,4,661,758,722,805,Jun24_0/146-20190625184600-snapshot.jpg
4,0,20190625,184630,57,4,659,758,724,805,Jun24_0/146-20190625184630-snapshot.jpg
4,0,20190625,184730,57,4,658,758,724,805,Jun24_0/146-20190625184730-snapshot.jpg
4,0,20190625,184800,53,4,660,758,721,803,Jun24_0/146-20190625184800-snapshot.jpg
4,0,20190625,184900,71,4,657,758,725,804,Jun24_0/147-20190625184900-snapshot.jpg
4,0,20190625,184930,45,4,658,759,722,804,Jun24_0/147-20190625184930-snapshot.jpg
4,0,20190625,185000,73,4,658,760,720,803,Jun24_0/147-20190625185000-snapshot.jpg
4,0,20190625,185130,45,4,658,758,722,803,Jun24_0/147-20190625185130-snapshot.jpg
4,0,20190625,185300,69,4,653,758,725,804,Jun24_0/147-20190625185300-snapshot.jpg
4,0,20190625,185330,59,4,662,759,720,804,Jun24_0/148-20190625185330-snapshot.jpg
4,0,20190625,185400,64,4,651,759,724,804,Jun24_0/148-20190625185400-snapshot.jpg
4,0,20190625,185430,72,4,657,758,724,803,Jun24_0/148-20190625185430-snapshot.jpg
4,0,20190625,185530,65,4,655,758,726,804,Jun24_0/148-20190625185530-snapshot.jpg
4,0,20190625,185630,45,4,659,755,729,803,Jun24_0/148-20190625185630-snapshot.jpg
4,0,20190625,185730,43,4,655,760,723,805,Jun24_0/148-20190625185730-snapshot.jpg
4,0,20190625,185900,30,1,1880,282,1914,311,Jun24_0/149-20190625185900-snapshot.jpg
4,0,20190624,170830,76,4,444,938,491,975,Jun24_0/15-20190624170830-snapshot.jpg
4,0,20190625,190230,26,4,664,756,721,805,Jun24_0/150-20190625190230-snapshot.jpg
4,0,20190625,190400,26,1,1880,282,1914,311,Jun24_0/150-20190625190400-snapshot.jpg
4,0,20190625,190600,26,1,1881,284,1915,312,Jun24_0/151-20190625190600-snapshot.jpg
4,0,20190625,192330,77,4,1078,663,1124,702,Jun24_0/152-20190625192330-snapshot.jpg
4,0,20190625,202500,33,1,152,140,184,165,Jun24_0/167-20190625202500-snapshot.jpg
4,0,20190626,073430,60,4,522,973,560,1007,Jun24_0/264-20190626073430-snapshot.jpg
4,0,20190626,075000,79,2,306,310,373,354,Jun24_0/264-20190626075000-snapshot.jpg
4,0,20190626,075200,79,4,143,613,200,659,Jun24_0/264-20190626075200-snapshot.jpg
4,0,20190626,075300,79,4,372,843,422,889,Jun24_0/264-20190626075300-snapshot.jpg
4,0,20190626,075530,81,3,388,840,435,883,Jun24_0/264-20190626075530-snapshot.jpg
4,0,20190626,080100,75,2,1086,799,1143,841,Jun24_0/265-20190626080100-snapshot.jpg
4,0,20190626,080500,28,2,696,1022,742,1072,Jun24_0/266-20190626080500-snapshot.jpg
4,0,20190626,082200,75,4,1134,618,1180,662,Jun24_0/269-20190626082200-snapshot.jpg
4,0,20190626,083800,59,1,877,78,916,115,Jun24_0/270-20190626083800-snapshot.jpg
4,0,20190626,084030,31,1,877,78,916,115,Jun24_0/270-20190626084030-snapshot.jpg
4,0,20190626,084800,40,1,876,78,915,114,Jun24_0/270-20190626084800-snapshot.jpg
4,0,20190626,085430,81,4,1776,502,1834,558,Jun24_0/270-20190626085430-snapshot.jpg
4,0,20190626,085730,31,1,877,79,917,114,Jun24_0/270-20190626085730-snapshot.jpg
4,0,20190626,085900,75,4,630,807,677,856,Jun24_0/270-20190626085900-snapshot.jpg
4,0,20190626,090430,75,4,1565,855,1613,894,Jun24_0/270-20190626090430-snapshot.jpg
4,0,20190626,090500,72,4,583,566,623,607,Jun24_0/270-20190626090500-snapshot.jpg
4,0,20190626,090500,81,4,1381,697,1455,748,Jun24_0/270-20190626090500-snapshot.jpg
4,0,20190626,090830,78,4,735,973,788,1028,Jun24_0/270-20190626090830-snapshot.jpg
4,0,20190626,090930,82,4,1725,520,1775,578,Jun24_0/270-20190626090930-snapshot.jpg
4,0,20190626,091130,74,4,1441,817,1488,869,Jun24_0/270-20190626091130-snapshot.jpg
4,0,20190626,091230,71,4,1822,676,1865,726,Jun24_0/270-20190626091230-snapshot.jpg
4,0,20190626,091900,34,4,297,529,338,560,Jun24_0/270-20190626091900-snapshot.jpg
4,0,20190626,091930,76,4,21,38,82,84,Jun24_0/270-20190626091930-snapshot.jpg
4,0,20190626,092430,33,1,878,77,916,114,Jun24_0/270-20190626092430-snapshot.jpg
4,0,20190626,092530,81,4,1233,778,1276,819,Jun24_0/270-20190626092530-snapshot.jpg
4,0,20190626,092530,82,4,1584,6,1664,78,Jun24_0/270-20190626092530-snapshot.jpg
4,0,20190626,092630,84,4,206,588,262,637,Jun24_0/270-20190626092630-snapshot.jpg
4,0,20190626,092700,82,4,1672,508,1720,555,Jun24_0/270-20190626092700-snapshot.jpg
4,0,20190626,092800,38,1,876,78,915,115,Jun24_0/270-20190626092800-snapshot.jpg
4,0,20190626,093600,78,4,1311,935,1370,984,Jun24_0/270-20190626093600-snapshot.jpg
4,0,20190626,094230,77,2,466,875,522,926,Jun24_0/270-20190626094230-snapshot.jpg
4,0,20190626,094330,71,2,590,675,652,711,Jun24_0/270-20190626094330-snapshot.jpg
4,0,20190626,094400,73,2,567,553,614,596,Jun24_0/270-20190626094400-snapshot.jpg
4,0,20190626,095200,76,2,671,606,716,659,Jun24_0/270-20190626095200-snapshot.jpg
4,0,20190626,095300,85,4,212,575,269,634,Jun24_0/270-20190626095300-snapshot.jpg
4,0,20190626,095800,54,4,659,869,699,915,Jun24_0/270-20190626095800-snapshot.jpg
4,0,20190626,101500,86,4,1250,808,1305,860,Jun24_0/270-20190626101500-snapshot.jpg
4,0,20190626,101530,56,4,1501,783,1544,825,Jun24_0/270-20190626101530-snapshot.jpg
4,0,20190626,101700,57,2,421,819,469,866,Jun24_0/270-20190626101700-snapshot.jpg
4,0,20190626,101800,77,2,329,471,376,522,Jun24_0/270-20190626101800-snapshot.jpg
4,0,20190626,101830,37,1,503,335,538,366,Jun24_0/270-20190626101830-snapshot.jpg
4,0,20190626,102430,65,2,197,585,257,630,Jun24_0/270-20190626102430-snapshot.jpg
4,0,20190626,102430,66,4,734,978,785,1023,Jun24_0/270-20190626102430-snapshot.jpg
4,0,20190626,102500,76,2,506,796,556,840,Jun24_0/270-20190626102500-snapshot.jpg
4,0,20190626,102530,42,2,346,722,394,761,Jun24_0/270-20190626102530-snapshot.jpg
4,0,20190626,102530,52,2,610,370,661,429,Jun24_0/270-20190626102530-snapshot.jpg
4,0,20190626,102600,61,2,454,734,508,773,Jun24_0/270-20190626102600-snapshot.jpg
4,0,20190626,102630,75,2,663,797,710,851,Jun24_0/270-20190626102630-snapshot.jpg
4,0,20190626,102700,58,2,1590,5,1657,69,Jun24_0/270-20190626102700-snapshot.jpg
4,0,20190626,102730,69,2,1259,36,1314,93,Jun24_0/270-20190626102730-snapshot.jpg
4,0,20190626,103000,26,4,925,746,978,787,Jun24_0/270-20190626103000-snapshot.jpg
4,0,20190626,103000,44,3,925,745,978,787,Jun24_0/270-20190626103000-snapshot.jpg
4,0,20190626,103230,69,2,467,912,534,957,Jun24_0/270-20190626103230-snapshot.jpg
4,0,20190626,103300,84,4,459,845,509,902,Jun24_0/270-20190626103300-snapshot.jpg
4,0,20190626,103530,62,2,1548,91,1597,142,Jun24_0/270-20190626103530-snapshot.jpg
4,0,20190626,103700,75,2,551,891,620,928,Jun24_0/270-20190626103700-snapshot.jpg
4,0,20190626,104200,76,2,514,807,569,840,Jun24_0/270-20190626104200-snapshot.jpg
4,0,20190626,105200,28,4,229,523,270,561,Jun24_0/270-20190626105200-snapshot.jpg
4,0,20190626,105230,65,2,447,967,500,1018,Jun24_0/270-20190626105230-snapshot.jpg
4,0,20190626,105300,76,2,560,550,615,585,Jun24_0/270-20190626105300-snapshot.jpg
4,0,20190626,105330,45,2,677,542,725,598,Jun24_0/270-20190626105330-snapshot.jpg
4,0,20190626,105400,78,4,737,223,789,273,Jun24_0/270-20190626105400-snapshot.jpg
4,0,20190626,105500,73,2,1074,345,1121,397,Jun24_0/270-20190626105500-snapshot.jpg
4,0,20190626,105700,50,2,105,45,152,102,Jun24_0/270-20190626105700-snapshot.jpg
4,0,20190626,105730,54,4,694,919,746,973,Jun24_0/270-20190626105730-snapshot.jpg
4,0,20190626,105800,83,4,523,502,570,551,Jun24_0/270-20190626105800-snapshot.jpg
4,0,20190626,105830,72,4,1759,458,1805,503,Jun24_0/270-20190626105830-snapshot.jpg
4,0,20190626,110130,43,4,1619,310,1684,357,Jun24_0/270-20190626110130-snapshot.jpg
4,0,20190626,110200,76,4,757,661,797,714,Jun24_0/270-20190626110200-snapshot.jpg
4,0,20190626,110330,34,2,1438,1,1506,33,Jun24_0/270-20190626110330-snapshot.jpg
4,0,20190626,110330,48,2,626,602,674,639,Jun24_0/270-20190626110330-snapshot.jpg
4,0,20190626,110400,66,2,648,735,710,773,Jun24_0/270-20190626110400-snapshot.jpg
4,0,20190626,110500,77,3,766,708,813,763,Jun24_0/270-20190626110500-snapshot.jpg
4,0,20190626,111730,72,2,606,905,661,952,Jun24_0/270-20190626111730-snapshot.jpg
4,0,20190626,111800,59,2,200,590,250,640,Jun24_0/270-20190626111800-snapshot.jpg
4,0,20190626,111830,77,2,9,74,75,114,Jun24_0/270-20190626111830-snapshot.jpg
4,0,20190626,111900,85,3,606,757,671,808,Jun24_0/270-20190626111900-snapshot.jpg
4,0,20190626,111930,55,1,1584,849,1623,882,Jun24_0/270-20190626111930-snapshot.jpg
4,0,20190626,112000,37,2,612,971,668,1020,Jun24_0/270-20190626112000-snapshot.jpg
4,0,20190626,112000,46,2,1582,403,1625,446,Jun24_0/270-20190626112000-snapshot.jpg
4,0,20190626,112030,76,2,449,807,513,844,Jun24_0/270-20190626112030-snapshot.jpg
4,0,20190626,112100,74,1,1274,315,1313,350,Jun24_0/270-20190626112100-snapshot.jpg
4,0,20190626,112130,53,2,377,763,442,796,Jun24_0/270-20190626112130-snapshot.jpg
4,0,20190626,112200,55,1,518,368,550,396,Jun24_0/270-20190626112200-snapshot.jpg
4,0,20190626,112230,25,2,7,252,67,292,Jun24_0/270-20190626112230-snapshot.jpg
4,0,20190626,112230,77,1,367,271,401,301,Jun24_0/270-20190626112230-snapshot.jpg
4,0,20190626,112330,56,3,1757,639,1807,690,Jun24_0/270-20190626112330-snapshot.jpg
4,0,20190626,112330,70,2,496,925,542,974,Jun24_0/270-20190626112330-snapshot.jpg
4,0,20190626,112400,79,2,624,619,668,669,Jun24_0/270-20190626112400-snapshot.jpg
4,0,20190626,112430,69,2,601,352,665,393,Jun24_0/270-20190626112430-snapshot.jpg
4,0,20190626,112600,72,2,542,177,587,216,Jun24_0/270-20190626112600-snapshot.jpg
4,0,20190626,112700,74,2,464,874,532,910,Jun24_0/270-20190626112700-snapshot.jpg
4,0,20190626,112930,80,4,1364,682,1415,737,Jun24_0/270-20190626112930-snapshot.jpg
4,0,20190626,113430,71,2,666,762,719,792,Jun24_0/270-20190626113430-snapshot.jpg
4,0,20190626,113530,71,2,1604,442,1652,497,Jun24_0/270-20190626113530-snapshot.jpg
4,0,20190626,113730,83,4,1682,545,1734,607,Jun24_0/270-20190626113730-snapshot.jpg
4,0,20190626,113730,84,1,448,747,491,792,Jun24_0/270-20190626113730-snapshot.jpg
4,0,20190626,113930,78,4,617,172,660,218,Jun24_0/270-20190626113930-snapshot.jpg
4,0,20190626,114000,27,2,1056,959,1107,1015,Jun24_0/270-20190626114000-snapshot.jpg
4,0,20190626,114100,73,2,365,845,412,901,Jun24_0/270-20190626114100-snapshot.jpg
4,0,20190626,114230,77,2,413,464,480,513,Jun24_0/270-20190626114230-snapshot.jpg
4,0,20190626,114300,78,2,712,911,769,974,Jun24_0/270-20190626114300-snapshot.jpg
4,0,20190626,115000,52,2,766,859,823,898,Jun24_0/270-20190626115000-snapshot.jpg
4,0,20190626,115100,58,2,813,139,862,182,Jun24_0/270-20190626115100-snapshot.jpg
4,0,20190626,115100,69,2,429,774,482,817,Jun24_0/270-20190626115100-snapshot.jpg
4,0,20190626,115600,77,2,648,358,694,417,Jun24_0/270-20190626115600-snapshot.jpg
4,0,20190626,115630,72,2,700,893,755,965,Jun24_0/270-20190626115630-snapshot.jpg
4,0,20190626,115700,65,2,1328,159,1392,194,Jun24_0/270-20190626115700-snapshot.jpg
4,0,20190626,115830,82,3,191,603,250,649,Jun24_0/270-20190626115830-snapshot.jpg
4,0,20190626,120500,63,2,690,382,749,449,Jun24_0/270-20190626120500-snapshot.jpg
4,0,20190626,120830,71,2,225,540,277,579,Jun24_0/270-20190626120830-snapshot.jpg
4,0,20190626,122430,61,2,809,224,857,282,Jun24_0/270-20190626122430-snapshot.jpg
4,0,20190626,122700,55,2,1235,783,1284,823,Jun24_0/270-20190626122700-snapshot.jpg
4,0,20190626,123030,73,4,1602,124,1673,181,Jun24_0/270-20190626123030-snapshot.jpg
4,0,20190626,123100,78,2,570,722,618,774,Jun24_0/270-20190626123100-snapshot.jpg
4,0,20190626,123800,40,2,1476,825,1527,876,Jun24_0/270-20190626123800-snapshot.jpg
4,0,20190626,124000,50,2,668,962,722,1011,Jun24_0/270-20190626124000-snapshot.jpg
4,0,20190626,124300,66,2,555,741,606,795,Jun24_0/270-20190626124300-snapshot.jpg
4,0,20190626,124400,30,2,565,815,614,861,Jun24_0/270-20190626124400-snapshot.jpg
4,0,20190626,124500,39,2,1265,683,1313,734,Jun24_0/270-20190626124500-snapshot.jpg
4,0,20190626,124930,82,4,417,588,470,628,Jun24_0/270-20190626124930-snapshot.jpg
4,0,20190626,125000,59,2,1391,761,1450,799,Jun24_0/270-20190626125000-snapshot.jpg
4,0,20190626,125000,74,4,524,885,587,939,Jun24_0/270-20190626125000-snapshot.jpg
4,0,20190626,125300,73,3,459,857,507,898,Jun24_0/270-20190626125300-snapshot.jpg
4,0,20190626,125530,70,2,447,598,492,644,Jun24_0/270-20190626125530-snapshot.jpg
4,0,20190626,125800,86,4,569,715,645,768,Jun24_0/270-20190626125800-snapshot.jpg
4,0,20190626,125830,72,2,802,155,866,204,Jun24_0/270-20190626125830-snapshot.jpg
4,0,20190626,125930,27,3,1821,591,1869,638,Jun24_0/270-20190626125930-snapshot.jpg
4,0,20190626,125930,39,4,1821,591,1868,636,Jun24_0/270-20190626125930-snapshot.jpg
4,0,20190626,130530,80,4,633,829,689,873,Jun24_0/270-20190626130530-snapshot.jpg
4,0,20190626,130630,26,2,137,88,182,148,Jun24_0/270-20190626130630-snapshot.jpg
4,0,20190626,130630,65,3,1386,692,1429,739,Jun24_0/270-20190626130630-snapshot.jpg
4,0,20190626,130830,32,2,1768,632,1834,676,Jun24_0/270-20190626130830-snapshot.jpg
4,0,20190626,131400,79,2,1264,669,1314,723,Jun24_0/270-20190626131400-snapshot.jpg
4,0,20190626,131830,82,2,375,359,423,425,Jun24_0/270-20190626131830-snapshot.jpg
4,0,20190626,132000,67,4,1763,503,1813,555,Jun24_0/270-20190626132000-snapshot.jpg
4,0,20190626,132430,66,2,231,182,276,226,Jun24_0/270-20190626132430-snapshot.jpg
4,0,20190626,132500,83,2,709,933,791,985,Jun24_0/270-20190626132500-snapshot.jpg
4,0,20190626,132600,61,2,470,771,519,807,Jun24_0/270-20190626132600-snapshot.jpg
4,0,20190626,132600,77,2,1618,548,1662,595,Jun24_0/270-20190626132600-snapshot.jpg
4,0,20190626,132630,64,2,857,384,910,427,Jun24_0/270-20190626132630-snapshot.jpg
4,0,20190626,133030,75,2,547,562,590,604,Jun24_0/270-20190626133030-snapshot.jpg
4,0,20190626,133130,29,2,1018,302,1078,342,Jun24_0/270-20190626133130-snapshot.jpg
4,0,20190626,133330,60,2,571,740,622,790,Jun24_0/270-20190626133330-snapshot.jpg
4,0,20190626,133430,71,2,804,388,860,421,Jun24_0/270-20190626133430-snapshot.jpg
4,0,20190626,133930,36,4,705,195,742,232,Jun24_0/270-20190626133930-snapshot.jpg
4,0,20190626,134130,66,4,326,689,361,723,Jun24_0/270-20190626134130-snapshot.jpg
4,0,20190626,134230,50,2,1325,647,1381,700,Jun24_0/270-20190626134230-snapshot.jpg
4,0,20190626,134900,26,2,1505,812,1552,862,Jun24_0/270-20190626134900-snapshot.jpg
4,0,20190626,135100,66,2,394,322,458,373,Jun24_0/270-20190626135100-snapshot.jpg
4,0,20190626,135100,77,3,1232,80,1276,124,Jun24_0/270-20190626135100-snapshot.jpg
4,0,20190626,135530,52,2,638,433,687,480,Jun24_0/270-20190626135530-snapshot.jpg
4,0,20190626,135830,29,2,1680,325,1738,368,Jun24_0/270-20190626135830-snapshot.jpg
4,0,20190626,135900,76,2,18,72,78,128,Jun24_0/270-20190626135900-snapshot.jpg
4,0,20190626,135900,78,3,389,734,452,775,Jun24_0/270-20190626135900-snapshot.jpg
4,0,20190626,135900,83,4,684,1011,745,1060,Jun24_0/270-20190626135900-snapshot.jpg
4,0,20190626,140200,74,3,446,766,490,816,Jun24_0/270-20190626140200-snapshot.jpg
4,0,20190626,140230,77,2,970,406,1046,453,Jun24_0/270-20190626140230-snapshot.jpg
4,0,20190626,140330,50,2,902,428,948,485,Jun24_0/270-20190626140330-snapshot.jpg
4,0,20190626,140630,68,2,611,177,660,227,Jun24_0/270-20190626140630-snapshot.jpg
4,0,20190626,141100,62,2,638,736,690,773,Jun24_0/270-20190626141100-snapshot.jpg
4,0,20190626,141630,74,4,540,505,579,547,Jun24_0/270-20190626141630-snapshot.jpg
4,0,20190626,141730,82,2,557,698,608,749,Jun24_0/270-20190626141730-snapshot.jpg
4,0,20190626,141800,63,4,1065,328,1112,380,Jun24_0/270-20190626141800-snapshot.jpg
4,0,20190626,141800,77,2,348,505,393,557,Jun24_0/270-20190626141800-snapshot.jpg
4,0,20190626,142030,68,2,1252,788,1296,829,Jun24_0/270-20190626142030-snapshot.jpg
4,0,20190626,142200,43,2,350,345,398,398,Jun24_0/270-20190626142200-snapshot.jpg
4,0,20190626,142230,60,2,1249,978,1310,1039,Jun24_0/270-20190626142230-snapshot.jpg
4,0,20190626,142400,55,2,54,382,102,435,Jun24_0/270-20190626142400-snapshot.jpg
4,0,20190626,142500,78,2,103,100,150,158,Jun24_0/270-20190626142500-snapshot.jpg
4,0,20190626,142530,75,2,471,391,524,439,Jun24_0/270-20190626142530-snapshot.jpg
4,0,20190626,142830,75,2,709,969,772,1018,Jun24_0/270-20190626142830-snapshot.jpg
4,0,20190626,142930,63,2,682,544,732,599,Jun24_0/270-20190626142930-snapshot.jpg
4,0,20190626,143100,67,2,1613,649,1674,692,Jun24_0/270-20190626143100-snapshot.jpg
4,0,20190626,143600,85,2,137,747,185,807,Jun24_0/270-20190626143600-snapshot.jpg
4,0,20190626,143730,78,2,1704,352,1753,416,Jun24_0/270-20190626143730-snapshot.jpg
4,0,20190626,143800,65,2,1729,595,1778,655,Jun24_0/270-20190626143800-snapshot.jpg
4,0,20190626,144030,83,2,1467,765,1520,827,Jun24_0/270-20190626144030-snapshot.jpg
4,0,20190626,144230,57,2,45,352,89,405,Jun24_0/270-20190626144230-snapshot.jpg
4,0,20190626,144330,31,3,668,901,710,935,Jun24_0/270-20190626144330-snapshot.jpg
4,0,20190626,144630,49,2,1198,592,1257,632,Jun24_0/270-20190626144630-snapshot.jpg
4,0,20190626,144700,81,2,1275,683,1333,731,Jun24_0/270-20190626144700-snapshot.jpg
4,0,20190626,144830,77,4,462,773,512,815,Jun24_0/270-20190626144830-snapshot.jpg
4,0,20190626,144900,79,4,404,737,458,784,Jun24_0/270-20190626144900-snapshot.jpg
4,0,20190626,153100,75,2,704,407,772,444,Jun24_0/270-20190626153100-snapshot.jpg
4,0,20190626,153230,60,2,1138,441,1186,500,Jun24_0/270-20190626153230-snapshot.jpg
4,0,20190626,154030,62,4,1499,645,1545,704,Jun24_0/270-20190626154030-snapshot.jpg
4,0,20190626,154100,59,4,1395,73,1443,133,Jun24_0/270-20190626154100-snapshot.jpg
4,0,20190626,154130,68,4,581,169,622,212,Jun24_0/270-20190626154130-snapshot.jpg
4,0,20190626,154200,80,4,643,560,717,612,Jun24_0/270-20190626154200-snapshot.jpg
4,0,20190626,155000,83,4,1194,844,1245,899,Jun24_0/270-20190626155000-snapshot.jpg
4,0,20190626,155230,63,2,1313,200,1367,234,Jun24_0/270-20190626155230-snapshot.jpg
4,0,20190626,155300,26,2,1504,85,1554,125,Jun24_0/270-20190626155300-snapshot.jpg
4,0,20190626,160200,54,4,685,918,741,972,Jun24_0/270-20190626160200-snapshot.jpg
4,0,20190626,162200,85,4,1622,549,1687,594,Jun24_0/270-20190626162200-snapshot.jpg
4,0,20190626,163130,83,1,170,687,207,721,Jun24_0/270-20190626163130-snapshot.jpg
4,0,20190626,163500,80,1,113,612,146,640,Jun24_0/270-20190626163500-snapshot.jpg
4,0,20190626,163530,81,1,111,609,145,637,Jun24_0/270-20190626163530-snapshot.jpg
4,0,20190626,163600,79,1,112,609,145,637,Jun24_0/270-20190626163600-snapshot.jpg
4,0,20190626,163630,85,1,178,739,215,773,Jun24_0/270-20190626163630-snapshot.jpg
4,0,20190626,172030,81,1,1546,673,1582,701,Jun24_0/270-20190626172030-snapshot.jpg
4,0,20190626,172100,85,1,1367,882,1404,916,Jun24_0/270-20190626172100-snapshot.jpg
4,0,20190626,172200,84,1,1362,761,1396,791,Jun24_0/270-20190626172200-snapshot.jpg
4,0,20190626,185630,32,1,1253,290,1293,330,Jun24_0/270-20190626185630-snapshot.jpg
4,0,20190626,185800,41,1,1252,292,1293,332,Jun24_0/270-20190626185800-snapshot.jpg
4,0,20190626,185830,68,1,1251,290,1293,330,Jun24_0/270-20190626185830-snapshot.jpg
4,0,20190626,185930,57,1,1252,292,1293,333,Jun24_0/270-20190626185930-snapshot.jpg
4,0,20190626,190100,65,1,1250,292,1291,331,Jun24_0/270-20190626190100-snapshot.jpg
4,0,20190626,190130,73,1,1251,290,1292,331,Jun24_0/270-20190626190130-snapshot.jpg
4,0,20190626,190200,67,1,1252,293,1293,331,Jun24_0/270-20190626190200-snapshot.jpg
4,0,20190626,190230,72,1,1254,292,1294,329,Jun24_0/270-20190626190230-snapshot.jpg
4,0,20190626,190300,66,1,1253,291,1293,329,Jun24_0/270-20190626190300-snapshot.jpg
4,0,20190626,190330,63,1,1255,292,1295,329,Jun24_0/270-20190626190330-snapshot.jpg
4,0,20190626,190400,30,1,1256,297,1294,330,Jun24_0/270-20190626190400-snapshot.jpg
4,0,20190626,194830,32,2,971,540,1020,588,Jun24_0/270-20190626194830-snapshot.jpg
4,0,20190626,201030,46,4,1240,951,1286,995,Jun24_0/270-20190626201030-snapshot.jpg
4,0,20190626,205700,81,1,1326,987,1358,1012,Jun24_0/270-20190626205700-snapshot.jpg
4,0,20190626,211130,79,1,537,1043,577,1074,Jun24_0/270-20190626211130-snapshot.jpg
4,0,20190627,040830,30,4,1242,956,1283,997,Jun24_0/271-20190627040830-snapshot.jpg
4,0,20190627,062530,61,1,337,1013,378,1050,Jun24_0/271-20190627062530-snapshot.jpg
4,0,20190627,062600,77,1,311,1002,349,1037,Jun24_0/271-20190627062600-snapshot.jpg
4,0,20190627,062700,85,1,127,772,167,803,Jun24_0/271-20190627062700-snapshot.jpg
4,0,20190627,062930,35,2,1535,151,1588,224,Jun24_0/271-20190627062930-snapshot.jpg
4,0,20190627,064330,81,1,1075,86,1115,120,Jun24_0/271-20190627064330-snapshot.jpg
4,0,20190627,064400,82,1,935,183,977,226,Jun24_0/271-20190627064400-snapshot.jpg
4,0,20190627,064430,83,1,841,253,880,288,Jun24_0/271-20190627064430-snapshot.jpg
4,0,20190627,064530,85,1,779,429,814,462,Jun24_0/271-20190627064530-snapshot.jpg
4,0,20190627,064830,45,1,123,636,153,660,Jun24_0/271-20190627064830-snapshot.jpg
4,0,20190627,064900,86,1,20,628,58,662,Jun24_0/271-20190627064900-snapshot.jpg
4,0,20190627,071030,34,1,1192,1051,1227,1078,Jun24_0/271-20190627071030-snapshot.jpg
4,0,20190627,074200,84,1,549,1015,590,1051,Jun24_0/271-20190627074200-snapshot.jpg
4,0,20190627,074400,85,1,1675,839,1716,873,Jun24_0/271-20190627074400-snapshot.jpg
4,0,20190627,082900,83,1,311,991,353,1027,Jun24_0/271-20190627082900-snapshot.jpg
4,0,20190627,082930,81,1,248,650,287,682,Jun24_0/271-20190627082930-snapshot.jpg
4,0,20190627,083400,86,1,226,728,267,760,Jun24_0/271-20190627083400-snapshot.jpg
4,0,20190627,083430,87,1,227,728,267,760,Jun24_0/271-20190627083430-snapshot.jpg
4,0,20190627,083500,87,1,226,727,267,759,Jun24_0/271-20190627083500-snapshot.jpg
4,0,20190627,083630,78,1,293,838,334,867,Jun24_0/271-20190627083630-snapshot.jpg
4,0,20190627,083700,82,1,203,869,241,897,Jun24_0/271-20190627083700-snapshot.jpg
4,0,20190627,083730,79,1,289,872,326,898,Jun24_0/271-20190627083730-snapshot.jpg
4,0,20190627,083800,86,1,309,859,349,889,Jun24_0/271-20190627083800-snapshot.jpg
4,0,20190627,084130,82,4,423,908,490,966,Jun24_0/271-20190627084130-snapshot.jpg
4,0,20190627,085100,85,4,411,815,460,869,Jun24_0/271-20190627085100-snapshot.jpg
4,0,20190627,085530,83,4,453,751,518,796,Jun24_0/271-20190627085530-snapshot.jpg
4,0,20190627,090200,72,4,432,708,487,747,Jun24_0/271-20190627090200-snapshot.jpg
4,0,20190627,093600,78,1,40,836,79,864,Jun24_0/271-20190627093600-snapshot.jpg
4,0,20190627,093700,86,1,131,869,172,900,Jun24_0/271-20190627093700-snapshot.jpg
4,0,20190627,093730,79,1,290,839,331,868,Jun24_0/271-20190627093730-snapshot.jpg
4,0,20190627,093800,66,1,311,888,348,916,Jun24_0/271-20190627093800-snapshot.jpg
4,0,20190627,093830,85,1,317,877,355,907,Jun24_0/271-20190627093830-snapshot.jpg
4,0,20190627,095930,76,4,244,638,291,694,Jun24_0/271-20190627095930-snapshot.jpg
4,0,20190627,100830,84,4,478,804,549,850,Jun24_0/271-20190627100830-snapshot.jpg
4,0,20190627,100900,78,3,654,875,700,925,Jun24_0/271-20190627100900-snapshot.jpg
4,0,20190627,103300,56,2,1446,754,1510,808,Jun24_0/271-20190627103300-snapshot.jpg
4,0,20190627,103300,56,1,131,0,168,24,Jun24_0/271-20190627103300-snapshot.jpg
4,0,20190630,050430,83,1,759,623,799,657,Jun24_0/52-20190630050430-snapshot.jpg
4,0,20190630,050500,80,1,759,626,798,660,Jun24_0/52-20190630050500-snapshot.jpg
4,0,20190630,050530,84,1,752,636,792,672,Jun24_0/52-20190630050530-snapshot.jpg
4,0,20190630,050600,86,1,744,656,782,688,Jun24_0/52-20190630050600-snapshot.jpg
4,0,20190630,050630,87,1,737,663,776,697,Jun24_0/52-20190630050630-snapshot.jpg
4,0,20190630,050700,76,1,736,667,775,702,Jun24_0/52-20190630050700-snapshot.jpg
4,0,20190630,050730,84,1,738,681,776,718,Jun24_0/52-20190630050730-snapshot.jpg
4,0,20190630,050800,86,1,747,699,785,733,Jun24_0/52-20190630050800-snapshot.jpg
4,0,20190630,050830,86,1,751,724,787,758,Jun24_0/52-20190630050830-snapshot.jpg
4,0,20190630,050900,85,1,742,754,777,785,Jun24_0/52-20190630050900-snapshot.jpg
4,0,20190630,050930,82,1,737,762,773,796,Jun24_0/52-20190630050930-snapshot.jpg
4,0,20190630,051000,84,1,733,768,770,802,Jun24_0/52-20190630051000-snapshot.jpg
4,0,20190630,051030,80,1,726,765,762,799,Jun24_0/52-20190630051030-snapshot.jpg
4,0,20190630,051100,86,1,709,760,744,794,Jun24_0/52-20190630051100-snapshot.jpg
4,0,20190630,051130,83,1,705,763,740,797,Jun24_0/52-20190630051130-snapshot.jpg
4,0,20190630,051200,85,1,711,752,748,788,Jun24_0/52-20190630051200-snapshot.jpg
4,0,20190630,051230,86,1,704,735,740,770,Jun24_0/52-20190630051230-snapshot.jpg
4,0,20190630,051300,86,1,686,711,722,743,Jun24_0/52-20190630051300-snapshot.jpg
4,0,20190630,051400,83,1,701,706,734,740,Jun24_0/52-20190630051400-snapshot.jpg
4,0,20190630,051430,74,1,699,697,731,728,Jun24_0/52-20190630051430-snapshot.jpg
4,0,20190630,051500,82,1,700,679,737,715,Jun24_0/52-20190630051500-snapshot.jpg
4,0,20190630,051530,84,1,622,650,658,682,Jun24_0/52-20190630051530-snapshot.jpg
4,0,20190630,051700,79,1,560,637,596,668,Jun24_0/52-20190630051700-snapshot.jpg
4,0,20190630,051930,78,1,620,687,653,718,Jun24_0/52-20190630051930-snapshot.jpg
4,0,20190630,052000,85,1,631,684,670,720,Jun24_0/52-20190630052000-snapshot.jpg
4,0,20190630,052030,86,1,644,688,683,724,Jun24_0/52-20190630052030-snapshot.jpg
4,0,20190630,052100,85,1,682,676,718,710,Jun24_0/52-20190630052100-snapshot.jpg
4,0,20190630,052130,85,1,695,699,728,730,Jun24_0/52-20190630052130-snapshot.jpg
4,0,20190630,052200,85,1,696,733,730,764,Jun24_0/52-20190630052200-snapshot.jpg
4,0,20190630,052230,83,1,721,730,756,761,Jun24_0/52-20190630052230-snapshot.jpg
4,0,20190630,052300,86,1,757,714,794,749,Jun24_0/52-20190630052300-snapshot.jpg
4,0,20190630,052330,86,1,749,697,786,732,Jun24_0/52-20190630052330-snapshot.jpg
4,0,20190630,052400,84,1,747,680,785,715,Jun24_0/52-20190630052400-snapshot.jpg
4,0,20190630,052430,86,1,736,658,776,693,Jun24_0/52-20190630052430-snapshot.jpg
4,0,20190630,052500,85,1,712,669,752,706,Jun24_0/52-20190630052500-snapshot.jpg
4,0,20190630,052530,86,1,722,721,758,756,Jun24_0/52-20190630052530-snapshot.jpg
4,0,20190630,052600,83,1,740,802,780,841,Jun24_0/52-20190630052600-snapshot.jpg
4,0,20190630,052630,83,1,811,776,848,812,Jun24_0/52-20190630052630-snapshot.jpg
4,0,20190630,052700,82,1,811,724,848,762,Jun24_0/52-20190630052700-snapshot.jpg
4,0,20190630,052730,81,1,831,680,866,713,Jun24_0/52-20190630052730-snapshot.jpg
4,0,20190630,052800,85,1,938,654,976,692,Jun24_0/52-20190630052800-snapshot.jpg
4,0,20190630,052900,85,1,850,773,888,808,Jun24_0/52-20190630052900-snapshot.jpg
4,0,20190630,052930,82,1,831,762,869,799,Jun24_0/52-20190630052930-snapshot.jpg
4,0,20190630,053000,85,1,829,772,867,809,Jun24_0/52-20190630053000-snapshot.jpg
4,0,20190630,053030,85,1,794,740,832,778,Jun24_0/52-20190630053030-snapshot.jpg
4,0,20190630,053100,86,1,783,744,822,784,Jun24_0/52-20190630053100-snapshot.jpg
4,0,20190630,053130,86,1,770,746,807,780,Jun24_0/52-20190630053130-snapshot.jpg
4,0,20190630,053200,87,1,754,750,790,784,Jun24_0/52-20190630053200-snapshot.jpg
4,0,20190630,053230,75,1,725,787,762,823,Jun24_0/52-20190630053230-snapshot.jpg
4,0,20190630,053300,82,1,719,821,752,854,Jun24_0/52-20190630053300-snapshot.jpg
4,0,20190630,053330,85,1,734,845,771,881,Jun24_0/52-20190630053330-snapshot.jpg
4,0,20190630,053430,79,1,658,873,695,908,Jun24_0/52-20190630053430-snapshot.jpg
4,0,20190630,053500,60,1,656,884,691,916,Jun24_0/52-20190630053500-snapshot.jpg
4,0,20190630,053600,81,1,689,814,721,846,Jun24_0/52-20190630053600-snapshot.jpg
4,0,20190630,053630,79,1,697,794,729,828,Jun24_0/52-20190630053630-snapshot.jpg
4,0,20190630,053700,84,1,686,772,720,806,Jun24_0/52-20190630053700-snapshot.jpg
4,0,20190630,053730,87,1,648,765,682,799,Jun24_0/52-20190630053730-snapshot.jpg
4,0,20190630,053800,86,1,643,768,677,801,Jun24_0/52-20190630053800-snapshot.jpg
4,0,20190630,053830,79,1,653,763,689,798,Jun24_0/52-20190630053830-snapshot.jpg
4,0,20190630,053900,74,1,665,751,701,786,Jun24_0/52-20190630053900-snapshot.jpg
4,0,20190630,053930,85,1,688,746,723,783,Jun24_0/53-20190630053930-snapshot.jpg
4,0,20190630,054000,85,1,681,698,718,735,Jun24_0/53-20190630054000-snapshot.jpg
4,0,20190630,054100,85,1,672,691,706,721,Jun24_0/53-20190630054100-snapshot.jpg
4,0,20190630,054600,86,1,656,758,690,794,Jun24_0/53-20190630054600-snapshot.jpg
4,0,20190630,054630,80,1,656,803,691,837,Jun24_0/53-20190630054630-snapshot.jpg
4,0,20190630,054700,86,1,643,789,680,826,Jun24_0/53-20190630054700-snapshot.jpg
4,0,20190630,054730,81,1,608,836,644,868,Jun24_0/53-20190630054730-snapshot.jpg
4,0,20190630,054830,69,1,570,834,606,869,Jun24_0/53-20190630054830-snapshot.jpg
4,0,20190630,054930,84,1,644,1048,684,1079,Jun24_0/53-20190630054930-snapshot.jpg
4,0,20190630,061430,68,1,351,900,390,934,Jun24_0/53-20190630061430-snapshot.jpg
4,0,20190630,061730,86,1,640,729,678,766,Jun24_0/53-20190630061730-snapshot.jpg
4,0,20190630,061800,85,1,706,731,740,762,Jun24_0/53-20190630061800-snapshot.jpg
4,0,20190630,061830,86,1,719,732,753,767,Jun24_0/53-20190630061830-snapshot.jpg
4,0,20190630,061900,85,1,699,754,731,785,Jun24_0/53-20190630061900-snapshot.jpg
4,0,20190630,061930,87,1,719,741,754,773,Jun24_0/53-20190630061930-snapshot.jpg
4,0,20190630,062000,85,1,731,733,763,764,Jun24_0/53-20190630062000-snapshot.jpg
4,0,20190630,062030,85,1,788,761,826,796,Jun24_0/53-20190630062030-snapshot.jpg
4,0,20190630,062100,86,1,752,711,789,746,Jun24_0/53-20190630062100-snapshot.jpg
4,0,20190630,062130,83,1,735,705,767,734,Jun24_0/53-20190630062130-snapshot.jpg
4,0,20190630,062200,79,1,678,657,714,691,Jun24_0/53-20190630062200-snapshot.jpg
4,0,20190630,062330,64,1,732,951,767,983,Jun24_0/53-20190630062330-snapshot.jpg
4,0,20190630,062500,82,1,1081,954,1120,987,Jun24_0/53-20190630062500-snapshot.jpg
4,0,20190630,062530,84,1,1106,812,1144,846,Jun24_0/53-20190630062530-snapshot.jpg
4,0,20190630,062800,62,1,1233,768,1269,799,Jun24_0/53-20190630062800-snapshot.jpg
4,0,20190630,062930,81,1,909,563,947,606,Jun24_0/53-20190630062930-snapshot.jpg
4,0,20190630,063000,86,1,778,423,820,462,Jun24_0/53-20190630063000-snapshot.jpg
4,0,20190630,063030,83,1,837,339,877,376,Jun24_0/53-20190630063030-snapshot.jpg
4,0,20190630,063100,62,1,731,323,771,359,Jun24_0/53-20190630063100-snapshot.jpg
4,0,20190630,063200,83,1,816,141,858,177,Jun24_0/53-20190630063200-snapshot.jpg
4,0,20190630,063300,88,1,1095,45,1139,87,Jun24_0/53-20190630063300-snapshot.jpg
4,0,20190630,063400,81,1,1280,108,1320,143,Jun24_0/53-20190630063400-snapshot.jpg
4,0,20190630,063730,74,1,1471,809,1506,843,Jun24_0/53-20190630063730-snapshot.jpg
4,0,20190630,064530,83,1,1292,145,1336,184,Jun24_0/53-20190630064530-snapshot.jpg
4,0,20190630,064600,78,1,1377,191,1418,231,Jun24_0/53-20190630064600-snapshot.jpg
4,0,20190630,072330,65,2,794,624,861,686,Jun24_0/53-20190630072330-snapshot.jpg
4,0,20190630,072630,80,1,1877,691,1918,720,Jun24_0/53-20190630072630-snapshot.jpg
4,0,20190630,073100,49,1,1700,653,1735,684,Jun24_0/53-20190630073100-snapshot.jpg
4,0,20190630,073500,86,1,1655,401,1695,440,Jun24_0/53-20190630073500-snapshot.jpg
4,0,20190630,073530,86,1,1655,401,1695,440,Jun24_0/53-20190630073530-snapshot.jpg
4,0,20190630,073600,86,1,1655,401,1695,440,Jun24_0/53-20190630073600-snapshot.jpg
4,0,20190630,073630,78,1,1662,402,1699,441,Jun24_0/53-20190630073630-snapshot.jpg
4,0,20190630,074300,84,1,220,82,265,122,Jun24_0/53-20190630074300-snapshot.jpg
4,0,20190630,074730,80,1,492,753,530,786,Jun24_0/53-20190630074730-snapshot.jpg
4,0,20190630,074800,83,1,486,716,527,753,Jun24_0/53-20190630074800-snapshot.jpg
4,0,20190630,074830,84,1,486,718,527,754,Jun24_0/53-20190630074830-snapshot.jpg
4,0,20190630,074900,83,1,487,717,527,753,Jun24_0/53-20190630074900-snapshot.jpg
4,0,20190630,074930,84,1,485,718,526,754,Jun24_0/53-20190630074930-snapshot.jpg
4,0,20190630,075000,82,1,485,716,526,752,Jun24_0/53-20190630075000-snapshot.jpg
4,0,20190630,075030,81,1,389,718,430,756,Jun24_0/53-20190630075030-snapshot.jpg
4,0,20190630,075330,78,1,98,1025,141,1067,Jun24_0/53-20190630075330-snapshot.jpg
4,0,20190630,082100,42,1,752,1042,791,1073,Jun24_0/53-20190630082100-snapshot.jpg
4,0,20190630,083930,84,2,249,459,336,510,Jun24_0/53-20190630083930-snapshot.jpg
4,0,20190630,085230,81,1,1740,579,1781,615,Jun24_0/53-20190630085230-snapshot.jpg
4,0,20190630,085300,82,1,1758,573,1799,614,Jun24_0/53-20190630085300-snapshot.jpg
4,0,20190630,085330,77,1,1744,609,1783,645,Jun24_0/53-20190630085330-snapshot.jpg
4,0,20190630,085400,78,1,1692,615,1730,652,Jun24_0/53-20190630085400-snapshot.jpg
4,0,20190630,090130,86,2,1026,545,1080,615,Jun24_0/53-20190630090130-snapshot.jpg
4,0,20190630,091030,89,4,1484,853,1571,921,Jun24_0/53-20190630091030-snapshot.jpg
4,0,20190630,091800,67,2,1097,223,1152,283,Jun24_0/53-20190630091800-snapshot.jpg
4,0,20190630,091930,82,2,72,254,151,306,Jun24_0/53-20190630091930-snapshot.jpg
4,0,20190630,092000,82,2,323,415,408,473,Jun24_0/53-20190630092000-snapshot.jpg
4,0,20190630,092100,78,2,1042,802,1122,851,Jun24_0/53-20190630092100-snapshot.jpg
4,0,20190630,092130,85,2,935,921,1013,978,Jun24_0/53-20190630092130-snapshot.jpg
4,0,20190630,093130,83,1,551,653,588,683,Jun24_0/53-20190630093130-snapshot.jpg
4,0,20190630,093230,83,1,165,441,207,476,Jun24_0/53-20190630093230-snapshot.jpg
4,0,20190630,093300,84,1,0,540,38,585,Jun24_0/53-20190630093300-snapshot.jpg
4,0,20190630,093900,41,2,1501,66,1551,141,Jun24_0/53-20190630093900-snapshot.jpg
4,0,20190630,094100,76,2,343,673,411,742,Jun24_0/53-20190630094100-snapshot.jpg
4,0,20190630,094330,30,4,1445,780,1503,846,Jun24_0/53-20190630094330-snapshot.jpg
4,0,20190630,094530,83,4,317,922,394,975,Jun24_0/53-20190630094530-snapshot.jpg
4,0,20190630,094630,71,2,853,987,912,1037,Jun24_0/53-20190630094630-snapshot.jpg
4,0,20190630,094700,81,2,483,733,536,797,Jun24_0/53-20190630094700-snapshot.jpg
4,0,20190630,095200,79,2,456,469,532,523,Jun24_0/53-20190630095200-snapshot.jpg
4,0,20190630,095230,72,2,221,370,297,413,Jun24_0/53-20190630095230-snapshot.jpg
4,0,20190630,100030,83,2,401,407,457,482,Jun24_0/53-20190630100030-snapshot.jpg
4,0,20190630,100600,51,2,1434,702,1506,750,Jun24_0/53-20190630100600-snapshot.jpg
4,0,20190630,100730,55,4,1231,791,1287,838,Jun24_0/53-20190630100730-snapshot.jpg
4,0,20190630,101030,83,2,1245,340,1298,411,Jun24_0/53-20190630101030-snapshot.jpg
4,0,20190630,101100,77,2,50,262,132,311,Jun24_0/53-20190630101100-snapshot.jpg
4,0,20190630,101100,88,2,965,445,1039,511,Jun24_0/53-20190630101100-snapshot.jpg
4,0,20190630,101200,77,2,1047,626,1098,694,Jun24_0/53-20190630101200-snapshot.jpg
4,0,20190630,101630,76,2,1268,970,1322,1031,Jun24_0/53-20190630101630-snapshot.jpg
4,0,20190630,101700,84,2,505,744,581,795,Jun24_0/53-20190630101700-snapshot.jpg
4,0,20190630,101730,28,2,2,321,53,397,Jun24_0/53-20190630101730-snapshot.jpg
4,0,20190630,101730,88,4,1563,604,1649,700,Jun24_0/53-20190630101730-snapshot.jpg
4,0,20190630,101800,78,4,303,925,373,965,Jun24_0/53-20190630101800-snapshot.jpg
4,0,20190630,102130,81,2,1354,524,1419,579,Jun24_0/53-20190630102130-snapshot.jpg
4,0,20190630,102200,73,2,1322,10,1414,60,Jun24_0/53-20190630102200-snapshot.jpg
4,0,20190630,103030,37,2,608,57,692,122,Jun24_0/53-20190630103030-snapshot.jpg
4,0,20190630,103030,68,4,162,1022,235,1074,Jun24_0/53-20190630103030-snapshot.jpg
4,0,20190630,103100,77,4,1147,45,1199,102,Jun24_0/53-20190630103100-snapshot.jpg
4,0,20190630,103800,85,2,771,521,844,589,Jun24_0/53-20190630103800-snapshot.jpg
4,0,20190630,103900,75,2,1866,827,1918,896,Jun24_0/53-20190630103900-snapshot.jpg
4,0,20190630,104200,40,2,1190,1054,1263,1080,Jun24_0/53-20190630104200-snapshot.jpg
4,0,20190630,104400,82,2,1169,431,1249,483,Jun24_0/53-20190630104400-snapshot.jpg
4,0,20190630,104700,79,2,50,254,123,300,Jun24_0/53-20190630104700-snapshot.jpg
4,0,20190630,104830,83,2,1394,815,1472,866,Jun24_0/53-20190630104830-snapshot.jpg
4,0,20190630,105130,80,2,510,622,572,669,Jun24_0/53-20190630105130-snapshot.jpg
4,0,20190630,110300,83,2,1343,455,1396,535,Jun24_0/53-20190630110300-snapshot.jpg
4,0,20190630,110400,79,2,774,1006,851,1055,Jun24_0/53-20190630110400-snapshot.jpg
4,0,20190630,110500,84,2,1144,333,1225,380,Jun24_0/53-20190630110500-snapshot.jpg
4,0,20190630,110530,82,2,1028,377,1103,441,Jun24_0/53-20190630110530-snapshot.jpg
4,0,20190630,110600,73,2,1404,879,1485,943,Jun24_0/53-20190630110600-snapshot.jpg
4,0,20190630,110630,80,2,945,525,1019,570,Jun24_0/53-20190630110630-snapshot.jpg
4,0,20190630,110800,81,2,1428,522,1505,566,Jun24_0/53-20190630110800-snapshot.jpg
4,0,20190630,110830,75,2,50,509,111,556,Jun24_0/53-20190630110830-snapshot.jpg
4,0,20190630,110900,86,2,499,696,547,763,Jun24_0/53-20190630110900-snapshot.jpg
4,0,20190630,111130,78,2,1204,332,1275,384,Jun24_0/53-20190630111130-snapshot.jpg
4,0,20190630,111830,86,2,1345,864,1407,940,Jun24_0/53-20190630111830-snapshot.jpg
4,0,20190630,111900,84,2,127,176,182,258,Jun24_0/53-20190630111900-snapshot.jpg
4,0,20190630,111930,76,2,1539,46,1596,116,Jun24_0/53-20190630111930-snapshot.jpg
4,0,20190630,112230,77,2,1036,829,1086,893,Jun24_0/53-20190630112230-snapshot.jpg
4,0,20190630,112500,86,2,84,640,137,713,Jun24_0/53-20190630112500-snapshot.jpg
4,0,20190630,112630,83,2,0,560,32,632,Jun24_0/53-20190630112630-snapshot.jpg
4,0,20190630,113130,84,2,348,383,402,455,Jun24_0/53-20190630113130-snapshot.jpg
4,0,20190630,113200,84,2,1151,500,1222,565,Jun24_0/53-20190630113200-snapshot.jpg
4,0,20190630,113200,85,2,28,623,84,692,Jun24_0/53-20190630113200-snapshot.jpg
4,0,20190630,113730,81,2,705,252,784,314,Jun24_0/53-20190630113730-snapshot.jpg
4,0,20190630,113730,86,2,1097,409,1175,480,Jun24_0/53-20190630113730-snapshot.jpg
4,0,20190630,113800,72,2,352,397,425,445,Jun24_0/53-20190630113800-snapshot.jpg
4,0,20190630,113800,86,2,1634,107,1687,185,Jun24_0/53-20190630113800-snapshot.jpg
4,0,20190630,113830,82,2,1573,566,1628,629,Jun24_0/53-20190630113830-snapshot.jpg
4,0,20190630,114200,78,2,482,1026,569,1072,Jun24_0/53-20190630114200-snapshot.jpg
4,0,20190630,114330,84,2,132,875,191,945,Jun24_0/53-20190630114330-snapshot.jpg
4,0,20190630,114430,30,2,0,256,60,304,Jun24_0/53-20190630114430-snapshot.jpg
4,0,20190630,114500,75,2,48,596,130,658,Jun24_0/53-20190630114500-snapshot.jpg
4,0,20190630,114530,60,2,12,263,95,310,Jun24_0/53-20190630114530-snapshot.jpg
4,0,20190630,114530,85,2,1448,704,1499,785,Jun24_0/53-20190630114530-snapshot.jpg
4,0,20190630,114600,83,2,1181,415,1268,461,Jun24_0/53-20190630114600-snapshot.jpg
4,0,20190630,114730,77,2,525,569,575,622,Jun24_0/53-20190630114730-snapshot.jpg
4,0,20190630,115000,81,2,1166,1009,1236,1067,Jun24_0/53-20190630115000-snapshot.jpg
4,0,20190630,115030,78,2,1624,210,1681,286,Jun24_0/53-20190630115030-snapshot.jpg
4,0,20190630,115130,74,2,800,930,863,975,Jun24_0/53-20190630115130-snapshot.jpg
4,0,20190630,115500,81,4,871,969,925,1029,Jun24_0/53-20190630115500-snapshot.jpg
4,0,20190630,115530,84,2,1065,669,1123,735,Jun24_0/53-20190630115530-snapshot.jpg
4,0,20190630,115630,83,2,425,597,512,647,Jun24_0/53-20190630115630-snapshot.jpg
4,0,20190630,115800,79,2,1209,699,1284,763,Jun24_0/53-20190630115800-snapshot.jpg
4,0,20190630,115930,83,2,1237,957,1288,1022,Jun24_0/53-20190630115930-snapshot.jpg
4,0,20190630,115930,83,2,445,373,497,448,Jun24_0/53-20190630115930-snapshot.jpg
4,0,20190630,120030,87,2,1576,551,1666,616,Jun24_0/53-20190630120030-snapshot.jpg
4,0,20190630,120130,56,2,1798,658,1876,714,Jun24_0/53-20190630120130-snapshot.jpg
4,0,20190630,120200,30,2,79,325,155,382,Jun24_0/53-20190630120200-snapshot.jpg
4,0,20190630,120300,44,2,1883,112,1920,174,Jun24_0/53-20190630120300-snapshot.jpg
4,0,20190630,120630,63,2,1263,899,1336,951,Jun24_0/53-20190630120630-snapshot.jpg
4,0,20190630,120700,87,2,1080,481,1161,559,Jun24_0/53-20190630120700-snapshot.jpg
4,0,20190630,121300,83,2,964,163,1058,247,Jun24_0/53-20190630121300-snapshot.jpg
4,0,20190630,121730,83,2,813,616,872,684,Jun24_0/53-20190630121730-snapshot.jpg
4,0,20190630,121730,84,2,2,479,57,547,Jun24_0/53-20190630121730-snapshot.jpg
4,0,20190630,122100,77,2,1799,532,1854,601,Jun24_0/53-20190630122100-snapshot.jpg
4,0,20190630,122300,55,2,1801,672,1883,717,Jun24_0/53-20190630122300-snapshot.jpg
4,0,20190630,122400,81,2,915,895,976,952,Jun24_0/53-20190630122400-snapshot.jpg
4,0,20190630,122400,85,2,986,741,1045,823,Jun24_0/53-20190630122400-snapshot.jpg
4,0,20190630,122430,61,2,1194,735,1279,793,Jun24_0/53-20190630122430-snapshot.jpg
4,0,20190630,122600,80,2,1451,970,1507,1039,Jun24_0/53-20190630122600-snapshot.jpg
4,0,20190630,122600,81,2,829,24,895,101,Jun24_0/53-20190630122600-snapshot.jpg
4,0,20190630,122700,84,2,1427,459,1479,527,Jun24_0/53-20190630122700-snapshot.jpg
4,0,20190630,123000,70,2,1327,871,1410,926,Jun24_0/53-20190630123000-snapshot.jpg
4,0,20190630,124000,78,2,845,928,900,983,Jun24_0/53-20190630124000-snapshot.jpg
4,0,20190630,124200,87,2,1082,53,1138,128,Jun24_0/53-20190630124200-snapshot.jpg
4,0,20190630,124330,81,2,13,215,67,285,Jun24_0/53-20190630124330-snapshot.jpg
4,0,20190630,124400,75,2,862,786,913,845,Jun24_0/53-20190630124400-snapshot.jpg
4,0,20190630,124400,79,2,284,515,356,565,Jun24_0/53-20190630124400-snapshot.jpg
4,0,20190630,124830,27,2,1101,999,1189,1071,Jun24_0/53-20190630124830-snapshot.jpg
4,0,20190630,124830,73,2,146,250,228,302,Jun24_0/53-20190630124830-snapshot.jpg
4,0,20190630,124900,86,2,1600,331,1680,384,Jun24_0/53-20190630124900-snapshot.jpg
4,0,20190630,124930,72,2,0,723,42,787,Jun24_0/53-20190630124930-snapshot.jpg
4,0,20190630,125200,78,2,1802,628,1880,696,Jun24_0/53-20190630125200-snapshot.jpg
4,0,20190630,125400,77,2,1548,215,1627,280,Jun24_0/53-20190630125400-snapshot.jpg
4,0,20190630,125500,77,2,837,513,938,599,Jun24_0/53-20190630125500-snapshot.jpg
4,0,20190630,125500,80,2,207,456,264,513,Jun24_0/53-20190630125500-snapshot.jpg
4,0,20190630,125500,81,2,1433,787,1489,868,Jun24_0/53-20190630125500-snapshot.jpg
4,0,20190630,125530,81,2,1070,628,1129,696,Jun24_0/53-20190630125530-snapshot.jpg
4,0,20190630,125700,83,2,205,387,261,458,Jun24_0/53-20190630125700-snapshot.jpg
4,0,20190630,125900,80,2,1271,737,1330,816,Jun24_0/53-20190630125900-snapshot.jpg
4,0,20190630,130500,79,2,140,201,197,281,Jun24_0/53-20190630130500-snapshot.jpg
4,0,20190630,131000,73,2,805,117,888,190,Jun24_0/53-20190630131000-snapshot.jpg
4,0,20190630,131000,85,2,864,36,948,93,Jun24_0/53-20190630131000-snapshot.jpg
4,0,20190630,131030,86,2,1343,480,1399,559,Jun24_0/53-20190630131030-snapshot.jpg
4,0,20190630,131930,48,2,349,368,427,427,Jun24_0/53-20190630131930-snapshot.jpg
4,0,20190630,131930,81,2,1702,611,1773,656,Jun24_0/53-20190630131930-snapshot.jpg
4,0,20190630,132030,84,2,1175,305,1235,376,Jun24_0/53-20190630132030-snapshot.jpg
4,0,20190630,132130,74,2,1577,136,1654,184,Jun24_0/53-20190630132130-snapshot.jpg
4,0,20190630,132400,71,2,188,102,276,151,Jun24_0/53-20190630132400-snapshot.jpg
4,0,20190630,132430,56,2,1341,534,1394,595,Jun24_0/53-20190630132430-snapshot.jpg
4,0,20190630,133030,78,2,1176,355,1230,418,Jun24_0/53-20190630133030-snapshot.jpg
4,0,20190630,133400,80,2,454,406,529,462,Jun24_0/53-20190630133400-snapshot.jpg
4,0,20190630,133700,66,2,1202,246,1259,309,Jun24_0/53-20190630133700-snapshot.jpg
4,0,20190630,133700,77,2,476,645,537,691,Jun24_0/53-20190630133700-snapshot.jpg
4,0,20190630,133700,81,2,909,912,986,954,Jun24_0/53-20190630133700-snapshot.jpg
4,0,20190630,133730,75,2,1613,657,1696,705,Jun24_0/53-20190630133730-snapshot.jpg
4,0,20190630,134430,33,2,1562,812,1634,861,Jun24_0/53-20190630134430-snapshot.jpg
4,0,20190630,134430,74,2,833,606,892,658,Jun24_0/53-20190630134430-snapshot.jpg
4,0,20190630,134500,85,2,491,652,546,710,Jun24_0/53-20190630134500-snapshot.jpg
4,0,20190630,134530,69,2,1229,770,1308,825,Jun24_0/53-20190630134530-snapshot.jpg
4,0,20190630,134600,32,2,1094,990,1161,1042,Jun24_0/53-20190630134600-snapshot.jpg
4,0,20190630,135100,46,2,1556,663,1617,718,Jun24_0/53-20190630135100-snapshot.jpg
4,0,20190630,135500,49,4,1168,745,1225,796,Jun24_0/53-20190630135500-snapshot.jpg
4,0,20190630,135530,84,2,964,356,1045,413,Jun24_0/53-20190630135530-snapshot.jpg
4,0,20190630,135600,78,2,131,352,212,397,Jun24_0/53-20190630135600-snapshot.jpg
4,0,20190630,135900,83,2,843,112,922,181,Jun24_0/53-20190630135900-snapshot.jpg
4,0,20190630,135930,43,2,750,255,803,328,Jun24_0/53-20190630135930-snapshot.jpg
4,0,20190630,140000,69,2,78,177,136,227,Jun24_0/53-20190630140000-snapshot.jpg
4,0,20190630,140200,74,2,1106,694,1168,746,Jun24_0/53-20190630140200-snapshot.jpg
4,0,20190630,140230,84,2,1868,492,1919,565,Jun24_0/53-20190630140230-snapshot.jpg
4,0,20190630,140300,68,2,647,1032,720,1075,Jun24_0/53-20190630140300-snapshot.jpg
4,0,20190630,140300,78,2,1143,1016,1196,1066,Jun24_0/53-20190630140300-snapshot.jpg
4,0,20190630,140530,50,2,143,697,199,748,Jun24_0/53-20190630140530-snapshot.jpg
4,0,20190630,140600,84,2,321,554,375,621,Jun24_0/53-20190630140600-snapshot.jpg
4,0,20190630,140630,83,2,44,268,125,318,Jun24_0/53-20190630140630-snapshot.jpg
4,0,20190630,140830,86,2,1515,60,1570,128,Jun24_0/53-20190630140830-snapshot.jpg
4,0,20190630,141730,56,2,854,869,902,930,Jun24_0/53-20190630141730-snapshot.jpg
4,0,20190630,141900,80,2,844,618,897,686,Jun24_0/53-20190630141900-snapshot.jpg
4,0,20190630,142000,62,2,977,562,1054,607,Jun24_0/53-20190630142000-snapshot.jpg
4,0,20190630,142000,78,2,1047,399,1104,470,Jun24_0/53-20190630142000-snapshot.jpg
4,0,20190630,142000,83,2,1308,437,1382,482,Jun24_0/53-20190630142000-snapshot.jpg
4,0,20190630,142030,58,2,1020,718,1073,790,Jun24_0/53-20190630142030-snapshot.jpg
4,0,20190630,142100,74,2,1406,478,1474,522,Jun24_0/53-20190630142100-snapshot.jpg
4,0,20190630,142330,72,2,1070,343,1123,409,Jun24_0/53-20190630142330-snapshot.jpg
4,0,20190630,142600,54,2,993,888,1048,942,Jun24_0/53-20190630142600-snapshot.jpg
4,0,20190630,142800,56,2,1864,89,1919,149,Jun24_0/53-20190630142800-snapshot.jpg
4,0,20190630,143330,54,2,422,748,500,804,Jun24_0/53-20190630143330-snapshot.jpg
4,0,20190630,143430,78,2,1543,637,1617,681,Jun24_0/53-20190630143430-snapshot.jpg
4,0,20190630,143630,39,2,726,5,786,70,Jun24_0/53-20190630143630-snapshot.jpg
4,0,20190630,144300,55,2,184,1,255,72,Jun24_0/53-20190630144300-snapshot.jpg
4,0,20190630,144300,84,2,1544,176,1602,251,Jun24_0/53-20190630144300-snapshot.jpg
4,0,20190630,144430,44,2,1413,509,1470,575,Jun24_0/53-20190630144430-snapshot.jpg
4,0,20190630,144500,46,2,1117,783,1175,835,Jun24_0/53-20190630144500-snapshot.jpg
4,0,20190630,144700,73,2,189,301,243,357,Jun24_0/53-20190630144700-snapshot.jpg
4,0,20190630,145700,90,4,747,451,825,526,Jun24_0/53-20190630145700-snapshot.jpg
4,0,20190630,145730,82,2,1229,1012,1308,1055,Jun24_0/53-20190630145730-snapshot.jpg
4,0,20190630,150400,82,2,430,318,504,371,Jun24_0/53-20190630150400-snapshot.jpg
4,0,20190630,150500,41,2,720,272,773,333,Jun24_0/53-20190630150500-snapshot.jpg
4,0,20190630,150530,87,2,1148,340,1230,401,Jun24_0/53-20190630150530-snapshot.jpg
4,0,20190630,150600,36,2,1731,741,1799,809,Jun24_0/53-20190630150600-snapshot.jpg
4,0,20190630,150630,73,2,1331,524,1396,579,Jun24_0/53-20190630150630-snapshot.jpg
4,0,20190630,150730,70,2,822,203,900,258,Jun24_0/53-20190630150730-snapshot.jpg
4,0,20190630,150900,80,1,353,222,396,257,Jun24_0/53-20190630150900-snapshot.jpg
4,0,20190630,151430,85,1,822,228,871,273,Jun24_0/53-20190630151430-snapshot.jpg
4,0,20190630,151500,41,2,1588,2,1663,38,Jun24_0/53-20190630151500-snapshot.jpg
4,0,20190630,151630,81,1,812,221,858,261,Jun24_0/53-20190630151630-snapshot.jpg
4,0,20190630,151730,50,3,866,900,952,960,Jun24_0/53-20190630151730-snapshot.jpg
4,0,20190630,151730,51,4,865,899,954,961,Jun24_0/53-20190630151730-snapshot.jpg
4,0,20190630,151730,68,2,1590,629,1664,682,Jun24_0/53-20190630151730-snapshot.jpg
4,0,20190630,152130,77,2,1233,704,1319,759,Jun24_0/53-20190630152130-snapshot.jpg
4,0,20190630,152200,83,2,1197,525,1253,594,Jun24_0/53-20190630152200-snapshot.jpg
4,0,20190630,152500,83,2,438,654,511,701,Jun24_0/53-20190630152500-snapshot.jpg
4,0,20190630,152600,29,5,1886,226,1920,276,Jun24_0/53-20190630152600-snapshot.jpg
4,0,20190630,152830,57,5,429,559,471,601,Jun24_0/53-20190630152830-snapshot.jpg
4,0,20190630,153030,85,2,832,71,919,130,Jun24_0/53-20190630153030-snapshot.jpg
4,0,20190630,153100,75,2,902,343,974,396,Jun24_0/53-20190630153100-snapshot.jpg
4,0,20190630,153330,89,2,1153,420,1231,476,Jun24_0/53-20190630153330-snapshot.jpg
4,0,20190630,153630,62,4,1805,420,1886,487,Jun24_0/53-20190630153630-snapshot.jpg
4,0,20190630,153700,63,3,1537,933,1603,989,Jun24_0/53-20190630153700-snapshot.jpg
4,0,20190630,154330,59,4,1433,887,1486,955,Jun24_0/53-20190630154330-snapshot.jpg
4,0,20190630,154500,62,5,1664,356,1713,388,Jun24_0/53-20190630154500-snapshot.jpg
4,0,20190630,154530,80,2,930,477,990,549,Jun24_0/53-20190630154530-snapshot.jpg
4,0,20190630,154800,84,2,1797,640,1852,712,Jun24_0/53-20190630154800-snapshot.jpg
4,0,20190630,154830,79,2,1460,781,1539,833,Jun24_0/53-20190630154830-snapshot.jpg
4,0,20190630,154930,37,2,400,591,463,652,Jun24_0/53-20190630154930-snapshot.jpg
4,0,20190630,155100,83,3,767,714,837,758,Jun24_0/53-20190630155100-snapshot.jpg
4,0,20190630,155300,55,2,1332,317,1384,383,Jun24_0/53-20190630155300-snapshot.jpg
4,0,20190630,155330,76,2,1078,379,1134,442,Jun24_0/53-20190630155330-snapshot.jpg
4,0,20190630,155400,85,2,565,5,623,85,Jun24_0/53-20190630155400-snapshot.jpg
4,0,20190630,155530,72,2,946,717,1002,766,Jun24_0/53-20190630155530-snapshot.jpg
4,0,20190630,155830,31,2,722,243,781,307,Jun24_0/53-20190630155830-snapshot.jpg
4,0,20190630,155900,67,2,1271,501,1343,555,Jun24_0/53-20190630155900-snapshot.jpg
4,0,20190630,160930,80,1,760,488,799,517,Jun24_0/53-20190630160930-snapshot.jpg
4,0,20190630,161030,84,1,828,393,869,427,Jun24_0/53-20190630161030-snapshot.jpg
4,0,20190630,161100,31,1,364,703,402,733,Jun24_0/53-20190630161100-snapshot.jpg
4,0,20190630,161130,74,1,798,516,834,544,Jun24_0/53-20190630161130-snapshot.jpg
4,0,20190630,161330,61,5,58,598,107,647,Jun24_0/53-20190630161330-snapshot.jpg
4,0,20190630,161530,72,2,822,497,874,554,Jun24_0/53-20190630161530-snapshot.jpg
4,0,20190630,161830,77,1,218,550,259,581,Jun24_0/53-20190630161830-snapshot.jpg
4,0,20190630,161900,69,1,278,284,317,314,Jun24_0/53-20190630161900-snapshot.jpg
4,0,20190630,161930,75,2,359,647,413,705,Jun24_0/53-20190630161930-snapshot.jpg
4,0,20190630,162030,79,2,980,602,1047,654,Jun24_0/53-20190630162030-snapshot.jpg
4,0,20190630,163100,80,2,461,354,543,403,Jun24_0/53-20190630163100-snapshot.jpg
4,0,20190630,163500,84,2,1427,871,1488,948,Jun24_0/53-20190630163500-snapshot.jpg
4,0,20190630,163530,82,2,941,496,1027,543,Jun24_0/53-20190630163530-snapshot.jpg
4,0,20190630,163830,80,2,1158,433,1241,488,Jun24_0/53-20190630163830-snapshot.jpg
4,0,20190630,164130,80,2,1056,574,1110,644,Jun24_0/53-20190630164130-snapshot.jpg
4,0,20190630,164800,68,2,1769,619,1822,682,Jun24_0/53-20190630164800-snapshot.jpg
4,0,20190630,165330,52,2,1448,891,1534,961,Jun24_0/53-20190630165330-snapshot.jpg
4,0,20190630,165600,68,2,1121,760,1194,811,Jun24_0/53-20190630165600-snapshot.jpg
4,0,20190630,165630,36,2,971,568,1032,629,Jun24_0/53-20190630165630-snapshot.jpg
4,0,20190630,165700,78,2,1245,462,1323,516,Jun24_0/53-20190630165700-snapshot.jpg
4,0,20190630,170100,84,2,679,128,735,206,Jun24_0/53-20190630170100-snapshot.jpg
4,0,20190630,170300,84,2,858,101,933,174,Jun24_0/53-20190630170300-snapshot.jpg
4,0,20190630,170400,51,2,191,46,277,103,Jun24_0/53-20190630170400-snapshot.jpg
4,0,20190630,170800,75,2,272,586,322,640,Jun24_0/53-20190630170800-snapshot.jpg
4,0,20190630,170830,73,2,1792,913,1845,979,Jun24_0/53-20190630170830-snapshot.jpg
4,0,20190630,174000,59,2,1352,557,1404,622,Jun24_0/53-20190630174000-snapshot.jpg
4,0,20190630,174930,59,2,583,705,638,773,Jun24_0/53-20190630174930-snapshot.jpg
4,0,20190630,175330,41,1,1730,549,1763,576,Jun24_0/53-20190630175330-snapshot.jpg
4,0,20190630,175430,82,1,372,121,415,161,Jun24_0/53-20190630175430-snapshot.jpg
4,0,20190630,181600,60,1,1729,550,1762,578,Jun24_0/53-20190630181600-snapshot.jpg
4,0,20190630,181800,48,1,1730,551,1763,580,Jun24_0/53-20190630181800-snapshot.jpg
4,0,20190630,181900,27,1,1730,551,1762,579,Jun24_0/53-20190630181900-snapshot.jpg
4,0,20190630,182730,32,1,1729,551,1762,578,Jun24_0/53-20190630182730-snapshot.jpg
4,0,20190630,182930,44,1,1730,550,1763,578,Jun24_0/53-20190630182930-snapshot.jpg
4,0,20190630,183000,32,1,1730,550,1763,577,Jun24_0/53-20190630183000-snapshot.jpg
4,0,20190630,184030,60,1,1139,248,1186,301,Jun24_0/53-20190630184030-snapshot.jpg
4,0,20190630,184130,41,1,1140,254,1183,300,Jun24_0/53-20190630184130-snapshot.jpg
4,0,20190630,184400,27,1,1140,254,1185,301,Jun24_0/53-20190630184400-snapshot.jpg
4,0,20190630,184500,52,1,1139,253,1184,301,Jun24_0/53-20190630184500-snapshot.jpg
4,0,20190630,184600,42,1,1140,255,1184,302,Jun24_0/53-20190630184600-snapshot.jpg
4,0,20190630,184700,34,1,1139,252,1185,301,Jun24_0/53-20190630184700-snapshot.jpg
4,0,20190630,185600,41,1,1139,252,1182,299,Jun24_0/53-20190630185600-snapshot.jpg
4,0,20190630,185630,51,1,1139,251,1183,298,Jun24_0/53-20190630185630-snapshot.jpg
4,0,20190630,185700,63,1,1140,247,1184,298,Jun24_0/53-20190630185700-snapshot.jpg
4,0,20190630,185730,56,1,1139,250,1182,298,Jun24_0/53-20190630185730-snapshot.jpg
4,0,20190630,185800,60,1,1140,247,1183,298,Jun24_0/53-20190630185800-snapshot.jpg
4,0,20190630,185830,46,1,1139,250,1182,298,Jun24_0/53-20190630185830-snapshot.jpg
4,0,20190630,185900,65,1,1141,242,1187,300,Jun24_0/53-20190630185900-snapshot.jpg
4,0,20190630,185930,45,1,1142,246,1187,299,Jun24_0/53-20190630185930-snapshot.jpg
4,0,20190630,190000,62,1,1140,244,1186,300,Jun24_0/53-20190630190000-snapshot.jpg
4,0,20190630,190030,28,1,703,679,745,713,Jun24_0/53-20190630190030-snapshot.jpg
4,0,20190630,190030,59,1,1141,247,1186,299,Jun24_0/53-20190630190030-snapshot.jpg
4,0,20190630,190100,53,1,1140,248,1184,299,Jun24_0/53-20190630190100-snapshot.jpg
4,0,20190630,190130,47,1,1140,255,1182,300,Jun24_0/53-20190630190130-snapshot.jpg
4,0,20190630,190200,46,1,1140,253,1182,299,Jun24_0/53-20190630190200-snapshot.jpg
4,0,20190630,190200,63,1,704,680,744,713,Jun24_0/53-20190630190200-snapshot.jpg
4,0,20190630,190230,61,1,1143,248,1188,299,Jun24_0/53-20190630190230-snapshot.jpg
4,0,20190630,190300,66,1,1140,256,1183,302,Jun24_0/53-20190630190300-snapshot.jpg
4,0,20190630,190330,58,1,1140,257,1181,300,Jun24_0/53-20190630190330-snapshot.jpg
4,0,20190630,190400,70,1,1139,259,1180,301,Jun24_0/53-20190630190400-snapshot.jpg
4,0,20190630,190430,71,1,1140,254,1182,300,Jun24_0/53-20190630190430-snapshot.jpg
4,0,20190630,190430,78,1,707,682,746,714,Jun24_0/53-20190630190430-snapshot.jpg
4,0,20190630,190500,66,1,1139,254,1181,300,Jun24_0/53-20190630190500-snapshot.jpg
4,0,20190630,190530,67,1,1140,255,1181,299,Jun24_0/53-20190630190530-snapshot.jpg
4,0,20190630,190600,69,1,1141,251,1184,299,Jun24_0/53-20190630190600-snapshot.jpg
4,0,20190630,190630,59,1,1140,250,1183,298,Jun24_0/53-20190630190630-snapshot.jpg
4,0,20190630,190700,65,1,1140,251,1182,297,Jun24_0/53-20190630190700-snapshot.jpg
4,0,20190630,190730,63,1,1140,255,1181,298,Jun24_0/53-20190630190730-snapshot.jpg
4,0,20190630,190800,56,1,1140,256,1181,299,Jun24_0/53-20190630190800-snapshot.jpg
4,0,20190701,032430,31,1,0,888,18,923,Jun24_0/61-20190701032430-snapshot.jpg
4,0,20190701,032500,29,1,22,875,64,909,Jun24_0/61-20190701032500-snapshot.jpg
4,0,20190701,032600,77,1,39,846,78,881,Jun24_0/61-20190701032600-snapshot.jpg
4,0,20190701,032630,34,1,79,829,119,864,Jun24_0/61-20190701032630-snapshot.jpg
4,0,20190701,032700,83,1,80,808,119,845,Jun24_0/61-20190701032700-snapshot.jpg
4,0,20190701,033000,83,1,278,568,316,602,Jun24_0/61-20190701033000-snapshot.jpg
4,0,20190701,034330,78,1,220,566,261,602,Jun24_0/61-20190701034330-snapshot.jpg
4,0,20190701,034900,76,1,0,649,23,686,Jun24_0/61-20190701034900-snapshot.jpg
4,0,20190701,054730,41,1,1268,182,1316,222,Jun24_0/61-20190701054730-snapshot.jpg
4,0,20190701,054800,35,1,974,337,1022,383,Jun24_0/61-20190701054800-snapshot.jpg
4,0,20190701,054800,75,1,1270,178,1320,221,Jun24_0/61-20190701054800-snapshot.jpg
4,0,20190701,054830,36,1,1267,181,1316,221,Jun24_0/61-20190701054830-snapshot.jpg
4,0,20190701,054900,66,1,1266,181,1317,223,Jun24_0/61-20190701054900-snapshot.jpg
4,0,20190701,055000,29,1,1267,182,1315,221,Jun24_0/61-20190701055000-snapshot.jpg
4,0,20190701,055030,40,1,1268,182,1316,223,Jun24_0/61-20190701055030-snapshot.jpg
4,0,20190701,055130,30,1,1266,182,1315,222,Jun24_0/61-20190701055130-snapshot.jpg
4,0,20190701,055200,53,1,1267,181,1315,222,Jun24_0/61-20190701055200-snapshot.jpg
4,0,20190701,055230,55,1,1267,181,1316,222,Jun24_0/61-20190701055230-snapshot.jpg
4,0,20190701,055300,46,1,1268,182,1316,222,Jun24_0/61-20190701055300-snapshot.jpg
4,0,20190701,055330,27,1,1267,182,1318,223,Jun24_0/61-20190701055330-snapshot.jpg
4,0,20190701,055530,43,1,1266,181,1316,222,Jun24_0/61-20190701055530-snapshot.jpg
4,0,20190701,055600,49,1,1267,181,1316,222,Jun24_0/61-20190701055600-snapshot.jpg
4,0,20190701,055630,39,1,1268,182,1316,221,Jun24_0/61-20190701055630-snapshot.jpg
4,0,20190701,055700,69,1,1267,181,1316,222,Jun24_0/61-20190701055700-snapshot.jpg
4,0,20190701,055730,56,1,1267,182,1317,223,Jun24_0/61-20190701055730-snapshot.jpg
4,0,20190701,055900,52,1,1267,181,1316,221,Jun24_0/61-20190701055900-snapshot.jpg
4,0,20190701,055930,32,1,1269,182,1318,222,Jun24_0/61-20190701055930-snapshot.jpg
4,0,20190701,060530,27,1,1266,181,1315,221,Jun24_0/61-20190701060530-snapshot.jpg
4,0,20190701,060530,79,4,1449,909,1537,968,Jun24_0/61-20190701060530-snapshot.jpg
4,0,20190701,060800,32,1,1267,181,1314,222,Jun24_0/61-20190701060800-snapshot.jpg
4,0,20190701,060830,49,1,1266,181,1314,221,Jun24_0/61-20190701060830-snapshot.jpg
4,0,20190701,060900,39,1,1268,181,1317,221,Jun24_0/61-20190701060900-snapshot.jpg
4,0,20190701,060930,51,1,1267,180,1315,222,Jun24_0/61-20190701060930-snapshot.jpg
4,0,20190701,061100,70,1,1268,181,1317,222,Jun24_0/61-20190701061100-snapshot.jpg
4,0,20190701,061130,45,1,1267,181,1316,221,Jun24_0/61-20190701061130-snapshot.jpg
4,0,20190701,061400,53,1,1267,181,1314,221,Jun24_0/61-20190701061400-snapshot.jpg
4,0,20190701,061430,64,1,1268,181,1317,223,Jun24_0/61-20190701061430-snapshot.jpg
4,0,20190701,061500,55,1,1268,182,1318,223,Jun24_0/61-20190701061500-snapshot.jpg
4,0,20190701,061530,32,1,1267,181,1318,222,Jun24_0/61-20190701061530-snapshot.jpg
4,0,20190701,061600,46,1,1268,181,1317,222,Jun24_0/61-20190701061600-snapshot.jpg
4,0,20190701,075800,71,1,34,474,74,513,Jun24_0/61-20190701075800-snapshot.jpg
4,0,20190701,080000,83,1,637,813,676,849,Jun24_0/61-20190701080000-snapshot.jpg
4,0,20190701,092300,86,1,1202,96,1243,136,Jun24_0/61-20190701092300-snapshot.jpg
4,0,20190701,095430,37,5,807,952,849,988,Jun24_0/61-20190701095430-snapshot.jpg
4,0,20190701,102330,52,1,202,543,242,576,Jun24_0/61-20190701102330-snapshot.jpg
4,0,20190701,111700,79,1,654,1023,694,1057,Jun24_0/61-20190701111700-snapshot.jpg
4,0,20190701,112400,84,1,1367,951,1405,981,Jun24_0/61-20190701112400-snapshot.jpg
4,0,20190701,112530,76,1,1376,794,1417,829,Jun24_0/61-20190701112530-snapshot.jpg
4,0,20190701,114630,38,5,1399,249,1442,284,Jun24_0/61-20190701114630-snapshot.jpg
4,0,20190701,115030,41,5,1001,804,1054,837,Jun24_0/61-20190701115030-snapshot.jpg
4,0,20190701,115200,27,5,8,919,55,969,Jun24_0/61-20190701115200-snapshot.jpg
4,0,20190701,115630,76,1,607,1032,651,1068,Jun24_0/61-20190701115630-snapshot.jpg
4,0,20190701,115900,78,1,978,1032,1021,1072,Jun24_0/61-20190701115900-snapshot.jpg
4,0,20190701,115930,73,1,1014,857,1054,892,Jun24_0/61-20190701115930-snapshot.jpg
4,0,20190701,120400,74,1,1158,785,1193,817,Jun24_0/61-20190701120400-snapshot.jpg
4,0,20190701,121100,78,4,1623,42,1675,110,Jun24_0/61-20190701121100-snapshot.jpg
4,0,20190701,121400,80,1,1582,856,1618,886,Jun24_0/61-20190701121400-snapshot.jpg
4,0,20190701,121430,44,2,438,150,481,191,Jun24_0/61-20190701121430-snapshot.jpg
4,0,20190701,121530,25,1,199,540,241,577,Jun24_0/61-20190701121530-snapshot.jpg
4,0,20190701,121530,37,5,585,33,643,75,Jun24_0/61-20190701121530-snapshot.jpg
4,0,20190701,121630,63,5,1163,160,1215,194,Jun24_0/61-20190701121630-snapshot.jpg
4,0,20190701,123700,82,1,1438,818,1478,851,Jun24_0/61-20190701123700-snapshot.jpg
4,0,20190701,125430,73,1,1807,580,1846,610,Jun24_0/61-20190701125430-snapshot.jpg
4,0,20190701,125730,78,2,231,386,282,441,Jun24_0/61-20190701125730-snapshot.jpg
4,0,20190701,125900,83,3,101,1031,172,1079,Jun24_0/61-20190701125900-snapshot.jpg
4,0,20190701,125930,79,2,1148,263,1205,328,Jun24_0/61-20190701125930-snapshot.jpg
4,0,20190701,130000,78,2,387,377,467,424,Jun24_0/61-20190701130000-snapshot.jpg
4,0,20190701,130030,74,2,157,291,215,358,Jun24_0/61-20190701130030-snapshot.jpg
4,0,20190701,130030,78,2,502,761,562,813,Jun24_0/61-20190701130030-snapshot.jpg
4,0,20190701,130200,77,2,1405,309,1486,372,Jun24_0/61-20190701130200-snapshot.jpg
4,0,20190701,130230,84,2,419,570,470,648,Jun24_0/61-20190701130230-snapshot.jpg
4,0,20190701,132630,85,2,1014,628,1066,699,Jun24_0/61-20190701132630-snapshot.jpg
4,0,20190701,133330,84,2,1215,699,1296,752,Jun24_0/61-20190701133330-snapshot.jpg
4,0,20190701,133400,82,2,1093,894,1146,953,Jun24_0/61-20190701133400-snapshot.jpg
4,0,20190701,134530,72,2,1161,1000,1242,1042,Jun24_0/61-20190701134530-snapshot.jpg
4,0,20190701,134830,65,2,1546,897,1621,946,Jun24_0/61-20190701134830-snapshot.jpg
4,0,20190701,135400,65,6,1670,905,1754,956,Jun24_0/61-20190701135400-snapshot.jpg
4,0,20190701,142930,83,2,1056,286,1133,355,Jun24_0/61-20190701142930-snapshot.jpg
4,0,20190701,143330,69,2,1587,933,1664,987,Jun24_0/61-20190701143330-snapshot.jpg
4,0,20190701,143600,76,2,465,284,537,330,Jun24_0/61-20190701143600-snapshot.jpg
4,0,20190701,144100,42,5,122,248,170,298,Jun24_0/61-20190701144100-snapshot.jpg
4,0,20190701,144300,63,5,1607,204,1655,260,Jun24_0/61-20190701144300-snapshot.jpg
4,0,20190701,144730,70,2,953,37,1033,85,Jun24_0/61-20190701144730-snapshot.jpg
4,0,20190701,144830,82,2,985,710,1038,785,Jun24_0/61-20190701144830-snapshot.jpg
4,0,20190701,144900,86,2,1088,492,1159,557,Jun24_0/61-20190701144900-snapshot.jpg
4,0,20190701,144930,84,2,584,752,638,821,Jun24_0/61-20190701144930-snapshot.jpg
4,0,20190701,145130,78,2,1122,697,1176,758,Jun24_0/61-20190701145130-snapshot.jpg
4,0,20190701,145200,41,6,264,35,350,82,Jun24_0/61-20190701145200-snapshot.jpg
4,0,20190701,145230,81,2,535,992,586,1054,Jun24_0/61-20190701145230-snapshot.jpg
4,0,20190701,151030,41,2,898,449,960,505,Jun24_0/61-20190701151030-snapshot.jpg
4,0,20190701,151100,83,2,1148,966,1202,1032,Jun24_0/61-20190701151100-snapshot.jpg
4,0,20190701,152630,84,2,1304,648,1362,719,Jun24_0/61-20190701152630-snapshot.jpg
4,0,20190701,153300,65,2,1857,618,1920,672,Jun24_0/61-20190701153300-snapshot.jpg
4,0,20190701,170100,67,4,893,788,954,839,Jun24_0/61-20190701170100-snapshot.jpg
4,0,20190701,175000,41,4,893,782,948,835,Jun24_0/61-20190701175000-snapshot.jpg
4,0,20190624,205000,51,8,952,449,1021,496,Jun24_0/62-20190624205000-snapshot.jpg
4,0,20190702,061430,43,1,1242,164,1291,207,Jun24_0/62-20190702061430-snapshot.jpg
4,0,20190702,061500,39,1,1243,164,1295,207,Jun24_0/62-20190702061500-snapshot.jpg
4,0,20190702,061530,57,1,1244,165,1295,208,Jun24_0/62-20190702061530-snapshot.jpg
4,0,20190702,061630,26,1,1243,164,1293,208,Jun24_0/62-20190702061630-snapshot.jpg
4,0,20190702,062200,26,1,1242,166,1292,209,Jun24_0/62-20190702062200-snapshot.jpg
4,0,20190702,062230,76,1,1242,164,1295,210,Jun24_0/62-20190702062230-snapshot.jpg
4,0,20190702,095600,29,1,195,547,235,581,Jun24_0/62-20190702095600-snapshot.jpg
4,0,20190702,101430,84,1,382,956,421,990,Jun24_0/62-20190702101430-snapshot.jpg
4,0,20190702,132230,75,1,297,127,343,166,Jun24_0/62-20190702132230-snapshot.jpg
4,0,20190702,132330,86,1,396,100,443,140,Jun24_0/62-20190702132330-snapshot.jpg
4,0,20190702,132500,83,1,569,177,614,218,Jun24_0/62-20190702132500-snapshot.jpg
4,0,20190702,132530,83,1,569,177,615,217,Jun24_0/62-20190702132530-snapshot.jpg
4,0,20190702,132600,84,1,568,176,615,218,Jun24_0/62-20190702132600-snapshot.jpg
4,0,20190702,132800,81,1,696,68,744,114,Jun24_0/62-20190702132800-snapshot.jpg
4,0,20190702,132930,25,1,984,161,1029,196,Jun24_0/62-20190702132930-snapshot.jpg
4,0,20190702,133000,84,1,1145,202,1190,247,Jun24_0/62-20190702133000-snapshot.jpg
4,0,20190702,134030,82,1,1355,497,1392,533,Jun24_0/62-20190702134030-snapshot.jpg
4,0,20190702,134330,80,1,1332,653,1370,686,Jun24_0/62-20190702134330-snapshot.jpg
4,0,20190702,134500,85,1,1432,839,1472,875,Jun24_0/62-20190702134500-snapshot.jpg
4,0,20190702,134530,85,1,1474,902,1513,936,Jun24_0/62-20190702134530-snapshot.jpg
4,0,20190702,134600,83,1,1474,899,1513,933,Jun24_0/62-20190702134600-snapshot.jpg
4,0,20190702,134630,63,4,1505,923,1545,954,Jun24_0/62-20190702134630-snapshot.jpg
4,0,20190702,134700,80,1,1459,927,1499,961,Jun24_0/62-20190702134700-snapshot.jpg
4,0,20190702,134930,41,5,1125,915,1168,960,Jun24_0/62-20190702134930-snapshot.jpg
4,0,20190702,135200,79,2,577,815,661,874,Jun24_0/62-20190702135200-snapshot.jpg
4,0,20190702,135230,81,2,984,362,1066,417,Jun24_0/62-20190702135230-snapshot.jpg
4,0,20190702,142130,59,2,822,857,890,905,Jun24_0/62-20190702142130-snapshot.jpg
4,0,20190702,143300,88,4,1051,711,1136,773,Jun24_0/62-20190702143300-snapshot.jpg
4,0,20190702,143400,82,4,1755,921,1842,991,Jun24_0/62-20190702143400-snapshot.jpg
4,0,20190702,144930,34,6,950,509,1033,562,Jun24_0/62-20190702144930-snapshot.jpg
4,0,20190702,144930,55,2,950,510,1034,562,Jun24_0/62-20190702144930-snapshot.jpg
4,0,20190702,151230,77,2,115,786,194,836,Jun24_0/62-20190702151230-snapshot.jpg
4,0,20190702,154800,86,2,1161,946,1243,991,Jun24_0/62-20190702154800-snapshot.jpg
4,0,20190702,161830,32,1,192,547,233,578,Jun24_0/62-20190702161830-snapshot.jpg
4,0,20190702,162230,82,1,1830,286,1872,320,Jun24_0/62-20190702162230-snapshot.jpg
4,0,20190702,162400,55,6,1154,344,1235,405,Jun24_0/62-20190702162400-snapshot.jpg
4,0,20190702,162530,69,1,1759,381,1798,413,Jun24_0/62-20190702162530-snapshot.jpg
4,0,20190702,162600,79,1,1698,592,1737,623,Jun24_0/62-20190702162600-snapshot.jpg
4,0,20190702,162630,74,6,1165,477,1237,536,Jun24_0/62-20190702162630-snapshot.jpg
4,0,20190702,162630,78,1,1711,679,1752,712,Jun24_0/62-20190702162630-snapshot.jpg
4,0,20190702,162700,80,1,1574,649,1614,685,Jun24_0/62-20190702162700-snapshot.jpg
4,0,20190702,162730,73,1,1611,705,1650,741,Jun24_0/62-20190702162730-snapshot.jpg
4,0,20190702,170600,79,1,1002,878,1044,921,Jun24_0/62-20190702170600-snapshot.jpg
4,0,20190702,170930,84,1,871,328,912,363,Jun24_0/62-20190702170930-snapshot.jpg
4,0,20190702,171000,86,1,970,174,1024,224,Jun24_0/62-20190702171000-snapshot.jpg
4,0,20190702,171030,81,1,907,204,961,257,Jun24_0/62-20190702171030-snapshot.jpg
4,0,20190702,171130,84,1,821,42,867,90,Jun24_0/62-20190702171130-snapshot.jpg
4,0,20190702,174100,29,6,1866,101,1920,147,Jun24_0/62-20190702174100-snapshot.jpg
4,0,20190702,174300,33,6,1866,101,1920,146,Jun24_0/62-20190702174300-snapshot.jpg
4,0,20190703,073730,86,8,256,419,330,483,Jun24_0/67-20190703073730-snapshot.jpg
