4,1,20190624,141700,64,4,166,264,213,307,Jun24_1/01-20190624141700-snapshot.jpg
4,1,20190624,142700,49,2,844,516,894,557,Jun24_1/01-20190624142700-snapshot.jpg
4,1,20190624,143230,72,3,190,94,243,133,Jun24_1/01-20190624143230-snapshot.jpg
4,1,20190627,105500,85,1,898,754,936,793,Jun24_1/01-20190627105500-snapshot.jpg
4,1,20190627,105700,83,1,439,999,482,1040,Jun24_1/01-20190627105700-snapshot.jpg
4,1,20190627,105930,81,1,86,940,123,972,Jun24_1/01-20190627105930-snapshot.jpg
4,1,20190627,114230,78,1,1584,496,1620,527,Jun24_1/01-20190627114230-snapshot.jpg
4,1,20190627,115830,71,2,1183,144,1236,209,Jun24_1/01-20190627115830-snapshot.jpg
4,1,20190627,120900,28,4,980,875,1036,923,Jun24_1/01-20190627120900-snapshot.jpg
4,1,20190627,121330,77,4,1364,216,1406,260,Jun24_1/01-20190627121330-snapshot.jpg
4,1,20190627,121400,62,4,1613,117,1659,156,Jun24_1/01-20190627121400-snapshot.jpg
4,1,20190627,121930,73,4,923,934,990,984,Jun24_1/01-20190627121930-snapshot.jpg
4,1,20190627,122000,76,4,957,855,1007,906,Jun24_1/01-20190627122000-snapshot.jpg
4,1,20190627,122030,73,4,1363,150,1409,192,Jun24_1/01-20190627122030-snapshot.jpg
4,1,20190627,122130,35,1,1832,70,1872,103,Jun24_1/01-20190627122130-snapshot.jpg
4,1,20190627,122300,86,1,510,745,550,780,Jun24_1/01-20190627122300-snapshot.jpg
4,1,20190627,122330,74,1,1784,213,1822,245,Jun24_1/01-20190627122330-snapshot.jpg
4,1,20190627,123030,64,3,1448,991,1497,1035,Jun24_1/01-20190627123030-snapshot.jpg
4,1,20190627,125830,80,4,119,868,173,913,Jun24_1/01-20190627125830-snapshot.jpg
4,1,20190627,130630,78,4,560,593,611,641,Jun24_1/01-20190627130630-snapshot.jpg
4,1,20190627,131630,68,2,1629,159,1698,196,Jun24_1/01-20190627131630-snapshot.jpg
4,1,20190627,131930,83,4,1542,1003,1597,1056,Jun24_1/01-20190627131930-snapshot.jpg
4,1,20190627,132130,77,4,179,97,225,140,Jun24_1/01-20190627132130-snapshot.jpg
4,1,20190627,133100,84,3,1395,171,1454,217,Jun24_1/01-20190627133100-snapshot.jpg
4,1,20190627,134530,72,2,776,3,847,51,Jun24_1/01-20190627134530-snapshot.jpg
4,1,20190627,134600,75,2,1627,137,1689,167,Jun24_1/01-20190627134600-snapshot.jpg
4,1,20190627,135000,71,1,1173,752,1209,786,Jun24_1/01-20190627135000-snapshot.jpg
4,1,20190627,135130,84,1,213,94,252,124,Jun24_1/01-20190627135130-snapshot.jpg
4,1,20190627,135230,87,3,364,34,415,97,Jun24_1/01-20190627135230-snapshot.jpg
4,1,20190627,135330,27,1,510,244,550,278,Jun24_1/01-20190627135330-snapshot.jpg
4,1,20190627,135800,59,1,509,246,549,279,Jun24_1/01-20190627135800-snapshot.jpg
4,1,20190627,140230,76,4,1629,134,1684,173,Jun24_1/01-20190627140230-snapshot.jpg
4,1,20190627,142030,72,2,1646,993,1710,1050,Jun24_1/01-20190627142030-snapshot.jpg
4,1,20190627,142330,81,4,930,871,989,920,Jun24_1/01-20190627142330-snapshot.jpg
4,1,20190627,142630,76,2,1292,497,1341,549,Jun24_1/01-20190627142630-snapshot.jpg
4,1,20190627,142700,66,2,1303,439,1351,490,Jun24_1/01-20190627142700-snapshot.jpg
4,1,20190627,143130,77,4,1447,727,1491,778,Jun24_1/01-20190627143130-snapshot.jpg
4,1,20190627,143300,61,4,1460,953,1509,993,Jun24_1/01-20190627143300-snapshot.jpg
4,1,20190627,143400,61,4,1282,408,1326,445,Jun24_1/01-20190627143400-snapshot.jpg
4,1,20190627,143430,75,4,1328,510,1373,560,Jun24_1/01-20190627143430-snapshot.jpg
4,1,20190627,144000,76,4,953,842,1000,887,Jun24_1/01-20190627144000-snapshot.jpg
4,1,20190627,144330,79,4,188,108,238,151,Jun24_1/01-20190627144330-snapshot.jpg
4,1,20190627,144500,58,2,1466,274,1520,334,Jun24_1/01-20190627144500-snapshot.jpg
4,1,20190627,144900,76,4,206,82,262,124,Jun24_1/01-20190627144900-snapshot.jpg
4,1,20190627,145600,68,2,468,279,520,334,Jun24_1/01-20190627145600-snapshot.jpg
4,1,20190627,145600,71,2,1320,343,1371,403,Jun24_1/01-20190627145600-snapshot.jpg
4,1,20190627,150500,30,2,946,883,998,931,Jun24_1/01-20190627150500-snapshot.jpg
4,1,20190627,150530,70,4,1636,923,1700,965,Jun24_1/01-20190627150530-snapshot.jpg
4,1,20190627,151100,34,2,811,992,870,1060,Jun24_1/01-20190627151100-snapshot.jpg
4,1,20190627,152530,41,2,1023,681,1079,739,Jun24_1/01-20190627152530-snapshot.jpg
4,1,20190627,153400,83,3,1417,981,1506,1038,Jun24_1/01-20190627153400-snapshot.jpg
4,1,20190627,153530,29,2,1705,937,1782,994,Jun24_1/01-20190627153530-snapshot.jpg
4,1,20190627,153600,69,2,1629,765,1683,834,Jun24_1/01-20190627153600-snapshot.jpg
4,1,20190627,153700,71,2,828,489,904,539,Jun24_1/01-20190627153700-snapshot.jpg
4,1,20190627,153800,43,2,1509,750,1593,822,Jun24_1/01-20190627153800-snapshot.jpg
4,1,20190627,154200,49,2,1196,892,1289,943,Jun24_1/01-20190627154200-snapshot.jpg
4,1,20190627,155600,67,2,1079,746,1159,795,Jun24_1/01-20190627155600-snapshot.jpg
4,1,20190627,160400,85,1,1446,39,1491,75,Jun24_1/01-20190627160400-snapshot.jpg
4,1,20190627,160500,80,1,1413,855,1450,890,Jun24_1/01-20190627160500-snapshot.jpg
4,1,20190627,160600,72,1,1784,1045,1824,1073,Jun24_1/01-20190627160600-snapshot.jpg
4,1,20190627,160930,85,2,1480,854,1539,928,Jun24_1/01-20190627160930-snapshot.jpg
4,1,20190627,161930,82,2,1248,885,1315,951,Jun24_1/01-20190627161930-snapshot.jpg
4,1,20190627,162730,65,1,1538,1013,1578,1050,Jun24_1/01-20190627162730-snapshot.jpg
4,1,20190627,162800,50,1,1534,1008,1573,1046,Jun24_1/01-20190627162800-snapshot.jpg
4,1,20190627,162830,68,1,1534,1005,1573,1043,Jun24_1/01-20190627162830-snapshot.jpg
4,1,20190627,162900,63,1,1533,1005,1573,1043,Jun24_1/01-20190627162900-snapshot.jpg
4,1,20190627,162930,60,1,1534,1005,1573,1043,Jun24_1/01-20190627162930-snapshot.jpg
4,1,20190627,163000,62,1,1533,1005,1573,1043,Jun24_1/01-20190627163000-snapshot.jpg
4,1,20190627,163030,62,1,1533,1005,1574,1043,Jun24_1/01-20190627163030-snapshot.jpg
4,1,20190627,163100,59,1,1533,1005,1574,1043,Jun24_1/01-20190627163100-snapshot.jpg
4,1,20190627,163130,64,1,1534,1005,1574,1043,Jun24_1/01-20190627163130-snapshot.jpg
4,1,20190627,163200,61,1,1534,1005,1574,1043,Jun24_1/01-20190627163200-snapshot.jpg
4,1,20190627,163230,68,1,1534,1005,1573,1043,Jun24_1/01-20190627163230-snapshot.jpg
4,1,20190627,163300,43,1,1533,1005,1573,1043,Jun24_1/01-20190627163300-snapshot.jpg
4,1,20190627,163330,57,1,1533,1005,1573,1042,Jun24_1/01-20190627163330-snapshot.jpg
4,1,20190627,163400,55,1,1534,1005,1574,1043,Jun24_1/01-20190627163400-snapshot.jpg
4,1,20190627,163430,55,1,1533,1005,1573,1043,Jun24_1/01-20190627163430-snapshot.jpg
4,1,20190627,163500,38,1,1535,1005,1573,1042,Jun24_1/01-20190627163500-snapshot.jpg
4,1,20190627,163530,58,1,1534,1005,1574,1042,Jun24_1/01-20190627163530-snapshot.jpg
4,1,20190627,163600,59,1,1533,1005,1573,1042,Jun24_1/01-20190627163600-snapshot.jpg
4,1,20190627,163630,31,1,1534,1006,1574,1042,Jun24_1/01-20190627163630-snapshot.jpg
4,1,20190627,163700,51,1,1534,1005,1574,1042,Jun24_1/01-20190627163700-snapshot.jpg
4,1,20190627,163730,50,1,1533,1006,1573,1042,Jun24_1/01-20190627163730-snapshot.jpg
4,1,20190627,163800,64,1,1533,1006,1573,1043,Jun24_1/01-20190627163800-snapshot.jpg
4,1,20190627,163830,48,1,1534,1005,1574,1044,Jun24_1/01-20190627163830-snapshot.jpg
4,1,20190627,163900,57,1,1534,1006,1574,1044,Jun24_1/01-20190627163900-snapshot.jpg
4,1,20190627,163930,39,1,1531,1005,1571,1044,Jun24_1/01-20190627163930-snapshot.jpg
4,1,20190627,164000,39,1,1532,1006,1570,1044,Jun24_1/01-20190627164000-snapshot.jpg
4,1,20190627,164030,54,1,1532,1005,1571,1044,Jun24_1/01-20190627164030-snapshot.jpg
4,1,20190627,164100,45,1,1532,1006,1570,1044,Jun24_1/01-20190627164100-snapshot.jpg
4,1,20190627,164130,56,1,1532,1006,1571,1044,Jun24_1/01-20190627164130-snapshot.jpg
4,1,20190627,164200,57,1,1532,1005,1571,1044,Jun24_1/01-20190627164200-snapshot.jpg
4,1,20190627,164230,57,1,1532,1005,1571,1043,Jun24_1/01-20190627164230-snapshot.jpg
4,1,20190627,164300,53,1,1532,1006,1571,1044,Jun24_1/01-20190627164300-snapshot.jpg
4,1,20190627,164330,34,1,1532,1006,1571,1044,Jun24_1/01-20190627164330-snapshot.jpg
4,1,20190627,164400,41,1,1532,1005,1571,1044,Jun24_1/01-20190627164400-snapshot.jpg
4,1,20190627,165500,33,1,1796,475,1838,510,Jun24_1/01-20190627165500-snapshot.jpg
4,1,20190627,165600,62,1,1539,1010,1580,1048,Jun24_1/01-20190627165600-snapshot.jpg
4,1,20190627,165630,26,2,804,962,879,1020,Jun24_1/01-20190627165630-snapshot.jpg
4,1,20190627,165630,71,1,1536,1008,1579,1049,Jun24_1/01-20190627165630-snapshot.jpg
4,1,20190627,165700,67,1,1537,1010,1579,1049,Jun24_1/01-20190627165700-snapshot.jpg
4,1,20190627,165700,85,1,1670,771,1710,809,Jun24_1/01-20190627165700-snapshot.jpg
4,1,20190627,165730,82,1,1554,1014,1598,1056,Jun24_1/01-20190627165730-snapshot.jpg
4,1,20190627,165800,66,1,1539,1011,1580,1050,Jun24_1/01-20190627165800-snapshot.jpg
4,1,20190627,165830,77,1,1536,1009,1579,1050,Jun24_1/01-20190627165830-snapshot.jpg
4,1,20190627,165900,72,1,1538,1010,1581,1051,Jun24_1/01-20190627165900-snapshot.jpg
4,1,20190627,165930,67,1,1537,1008,1579,1048,Jun24_1/01-20190627165930-snapshot.jpg
4,1,20190627,170000,75,1,1537,1009,1579,1049,Jun24_1/01-20190627170000-snapshot.jpg
4,1,20190627,170030,72,1,1539,1010,1581,1050,Jun24_1/01-20190627170030-snapshot.jpg
4,1,20190627,170100,74,1,1538,1009,1581,1049,Jun24_1/01-20190627170100-snapshot.jpg
4,1,20190627,170130,75,1,1539,1010,1581,1049,Jun24_1/01-20190627170130-snapshot.jpg
4,1,20190627,170200,63,1,1541,1012,1582,1049,Jun24_1/01-20190627170200-snapshot.jpg
4,1,20190627,170230,58,1,1540,1012,1582,1049,Jun24_1/01-20190627170230-snapshot.jpg
4,1,20190627,170300,64,1,1540,1011,1582,1049,Jun24_1/01-20190627170300-snapshot.jpg
4,1,20190627,170330,63,1,1538,1010,1581,1048,Jun24_1/01-20190627170330-snapshot.jpg
4,1,20190627,170400,36,1,1539,1012,1580,1049,Jun24_1/01-20190627170400-snapshot.jpg
4,1,20190627,170430,61,1,1538,1010,1579,1048,Jun24_1/01-20190627170430-snapshot.jpg
4,1,20190627,170500,62,1,1538,1010,1580,1048,Jun24_1/01-20190627170500-snapshot.jpg
4,1,20190627,170530,71,1,1538,1010,1582,1049,Jun24_1/01-20190627170530-snapshot.jpg
4,1,20190627,170600,69,1,1539,1010,1582,1048,Jun24_1/01-20190627170600-snapshot.jpg
4,1,20190627,170630,67,1,1539,1010,1582,1049,Jun24_1/01-20190627170630-snapshot.jpg
4,1,20190627,170700,61,1,1539,1011,1583,1050,Jun24_1/01-20190627170700-snapshot.jpg
4,1,20190627,170730,55,1,1536,1009,1578,1048,Jun24_1/01-20190627170730-snapshot.jpg
4,1,20190627,170800,40,1,1536,1009,1577,1047,Jun24_1/01-20190627170800-snapshot.jpg
4,1,20190627,171100,85,1,1420,15,1465,53,Jun24_1/01-20190627171100-snapshot.jpg
4,1,20190627,171130,42,1,1429,9,1471,41,Jun24_1/01-20190627171130-snapshot.jpg
4,1,20190627,171500,84,4,849,520,906,580,Jun24_1/01-20190627171500-snapshot.jpg
4,1,20190627,171530,82,4,1745,796,1816,869,Jun24_1/01-20190627171530-snapshot.jpg
4,1,20190627,172330,46,2,1495,888,1571,952,Jun24_1/01-20190627172330-snapshot.jpg
4,1,20190627,172900,66,1,1556,969,1595,1008,Jun24_1/01-20190627172900-snapshot.jpg
4,1,20190627,174930,86,1,1101,227,1146,270,Jun24_1/01-20190627174930-snapshot.jpg
4,1,20190627,180300,76,1,600,825,641,861,Jun24_1/01-20190627180300-snapshot.jpg
4,1,20190627,180630,82,1,109,694,151,734,Jun24_1/01-20190627180630-snapshot.jpg
4,1,20190627,180630,84,1,815,182,858,221,Jun24_1/01-20190627180630-snapshot.jpg
4,1,20190627,180700,86,1,822,175,868,217,Jun24_1/01-20190627180700-snapshot.jpg
4,1,20190627,194600,81,1,1146,909,1187,942,Jun24_1/01-20190627194600-snapshot.jpg
4,1,20190627,194630,76,1,968,932,1003,959,Jun24_1/01-20190627194630-snapshot.jpg
4,1,20190627,194930,83,1,871,1045,911,1078,Jun24_1/01-20190627194930-snapshot.jpg
4,1,20190627,195900,85,1,1070,119,1116,165,Jun24_1/01-20190627195900-snapshot.jpg
4,1,20190627,204030,85,1,651,34,695,78,Jun24_1/01-20190627204030-snapshot.jpg
4,1,20190627,204330,84,1,648,100,689,139,Jun24_1/01-20190627204330-snapshot.jpg
4,1,20190627,204430,89,1,930,62,976,109,Jun24_1/01-20190627204430-snapshot.jpg
4,1,20190627,204530,86,1,945,140,990,192,Jun24_1/01-20190627204530-snapshot.jpg
4,1,20190627,204730,83,1,979,388,1020,430,Jun24_1/01-20190627204730-snapshot.jpg
4,1,20190627,205100,83,1,1071,594,1114,638,Jun24_1/01-20190627205100-snapshot.jpg
4,1,20190627,205130,78,1,1079,397,1119,435,Jun24_1/01-20190627205130-snapshot.jpg
4,1,20190627,205300,78,1,755,592,791,627,Jun24_1/01-20190627205300-snapshot.jpg
4,1,20190627,205430,85,1,729,336,769,380,Jun24_1/01-20190627205430-snapshot.jpg
4,1,20190627,215000,38,1,951,227,995,269,Jun24_1/01-20190627215000-snapshot.jpg
4,1,20190624,145130,31,2,555,582,601,628,Jun24_1/03-20190624145130-snapshot.jpg
4,1,20190624,145300,81,3,1193,424,1237,472,Jun24_1/03-20190624145300-snapshot.jpg
4,1,20190624,145700,55,2,242,676,293,715,Jun24_1/03-20190624145700-snapshot.jpg
4,1,20190624,150200,68,2,48,274,107,311,Jun24_1/03-20190624150200-snapshot.jpg
4,1,20190624,151000,64,2,399,24,446,74,Jun24_1/03-20190624151000-snapshot.jpg
4,1,20190624,151430,44,2,1540,677,1599,729,Jun24_1/03-20190624151430-snapshot.jpg
4,1,20190624,151630,68,2,522,757,568,805,Jun24_1/03-20190624151630-snapshot.jpg
4,1,20190624,151700,42,3,426,68,472,107,Jun24_1/03-20190624151700-snapshot.jpg
4,1,20190624,151730,71,2,1495,1010,1549,1075,Jun24_1/03-20190624151730-snapshot.jpg
4,1,20190624,152800,58,2,473,635,522,677,Jun24_1/03-20190624152800-snapshot.jpg
4,1,20190624,153030,82,1,1137,1054,1172,1080,Jun24_1/03-20190624153030-snapshot.jpg
4,1,20190624,153130,74,2,1434,339,1487,373,Jun24_1/03-20190624153130-snapshot.jpg
4,1,20190624,153200,78,3,1868,860,1919,899,Jun24_1/03-20190624153200-snapshot.jpg
4,1,20190624,153800,77,3,1786,829,1836,870,Jun24_1/03-20190624153800-snapshot.jpg
4,1,20190624,154800,74,2,337,611,386,672,Jun24_1/05-20190624154800-snapshot.jpg
4,1,20190624,155030,66,3,1405,344,1452,377,Jun24_1/05-20190624155030-snapshot.jpg
4,1,20190624,155300,39,2,1467,356,1514,394,Jun24_1/05-20190624155300-snapshot.jpg
4,1,20190624,155500,47,2,499,761,543,802,Jun24_1/05-20190624155500-snapshot.jpg
4,1,20190624,155730,69,2,1127,624,1170,676,Jun24_1/05-20190624155730-snapshot.jpg
4,1,20190624,161130,47,2,708,454,765,492,Jun24_1/05-20190624161130-snapshot.jpg
4,1,20190624,161800,67,2,413,51,463,101,Jun24_1/05-20190624161800-snapshot.jpg
4,1,20190624,162330,30,1,1703,118,1737,147,Jun24_1/05-20190624162330-snapshot.jpg
4,1,20190624,164130,48,3,540,169,593,223,Jun24_1/06-20190624164130-snapshot.jpg
4,1,20190624,164230,41,4,815,916,854,954,Jun24_1/06-20190624164230-snapshot.jpg
4,1,20190624,164500,79,3,557,436,607,482,Jun24_1/06-20190624164500-snapshot.jpg
4,1,20190624,164530,36,3,123,944,169,983,Jun24_1/06-20190624164530-snapshot.jpg
4,1,20190624,164630,65,4,829,948,873,988,Jun24_1/06-20190624164630-snapshot.jpg
4,1,20190624,170330,42,4,30,515,74,554,Jun24_1/06-20190624170330-snapshot.jpg
4,1,20190624,171800,29,4,1855,782,1904,824,Jun24_1/06-20190624171800-snapshot.jpg
4,1,20190624,172330,36,1,1504,228,1543,259,Jun24_1/06-20190624172330-snapshot.jpg
4,1,20190624,180430,81,4,366,93,427,139,Jun24_1/06-20190624180430-snapshot.jpg
4,1,20190624,193100,26,8,146,164,219,220,Jun24_1/08-20190624193100-snapshot.jpg
4,1,20190628,045400,85,1,1039,58,1083,101,Jun24_1/08-20190628045400-snapshot.jpg
4,1,20190628,045430,88,1,1017,281,1063,336,Jun24_1/08-20190628045430-snapshot.jpg
4,1,20190628,045730,51,1,1095,642,1134,676,Jun24_1/08-20190628045730-snapshot.jpg
4,1,20190628,050030,80,1,1456,806,1497,846,Jun24_1/08-20190628050030-snapshot.jpg
4,1,20190628,050100,84,1,1552,852,1593,890,Jun24_1/08-20190628050100-snapshot.jpg
4,1,20190628,061330,80,1,67,786,112,822,Jun24_1/11-20190628061330-snapshot.jpg
4,1,20190628,062200,79,1,341,461,387,500,Jun24_1/11-20190628062200-snapshot.jpg
4,1,20190628,063230,37,1,1113,114,1154,152,Jun24_1/12-20190628063230-snapshot.jpg
4,1,20190628,063300,85,1,1171,150,1216,196,Jun24_1/12-20190628063300-snapshot.jpg
4,1,20190628,064830,80,1,1118,898,1161,936,Jun24_1/13-20190628064830-snapshot.jpg
4,1,20190628,065330,81,1,830,364,867,401,Jun24_1/13-20190628065330-snapshot.jpg
4,1,20190628,065400,86,1,823,192,864,236,Jun24_1/13-20190628065400-snapshot.jpg
4,1,20190628,065600,51,1,1166,1,1208,37,Jun24_1/13-20190628065600-snapshot.jpg
4,1,20190628,065630,53,1,1167,4,1208,41,Jun24_1/13-20190628065630-snapshot.jpg
4,1,20190628,065700,42,1,1166,3,1209,40,Jun24_1/13-20190628065700-snapshot.jpg
4,1,20190628,065730,72,1,1167,2,1208,39,Jun24_1/13-20190628065730-snapshot.jpg
4,1,20190628,065800,66,1,1167,2,1208,40,Jun24_1/13-20190628065800-snapshot.jpg
4,1,20190628,065830,73,1,1167,2,1208,40,Jun24_1/13-20190628065830-snapshot.jpg
4,1,20190628,065900,59,1,1166,4,1209,41,Jun24_1/13-20190628065900-snapshot.jpg
4,1,20190628,065930,76,1,1167,3,1207,39,Jun24_1/13-20190628065930-snapshot.jpg
4,1,20190628,070000,76,1,1167,3,1206,39,Jun24_1/13-20190628070000-snapshot.jpg
4,1,20190628,070100,63,1,1168,2,1207,37,Jun24_1/13-20190628070100-snapshot.jpg
4,1,20190628,072200,30,1,631,684,672,718,Jun24_1/13-20190628072200-snapshot.jpg
4,1,20190628,072230,73,1,630,683,670,716,Jun24_1/13-20190628072230-snapshot.jpg
4,1,20190628,072300,76,1,629,682,671,717,Jun24_1/13-20190628072300-snapshot.jpg
4,1,20190628,072330,78,1,630,682,671,717,Jun24_1/13-20190628072330-snapshot.jpg
4,1,20190628,072400,74,1,630,682,672,717,Jun24_1/13-20190628072400-snapshot.jpg
4,1,20190628,072430,75,1,630,682,671,717,Jun24_1/13-20190628072430-snapshot.jpg
4,1,20190628,072500,66,1,630,683,672,718,Jun24_1/13-20190628072500-snapshot.jpg
4,1,20190628,072530,74,1,630,682,672,717,Jun24_1/13-20190628072530-snapshot.jpg
4,1,20190628,072600,57,1,631,682,672,717,Jun24_1/13-20190628072600-snapshot.jpg
4,1,20190628,072630,74,1,630,682,671,716,Jun24_1/13-20190628072630-snapshot.jpg
4,1,20190628,072700,63,1,630,681,671,715,Jun24_1/13-20190628072700-snapshot.jpg
4,1,20190628,072730,71,1,630,682,671,716,Jun24_1/13-20190628072730-snapshot.jpg
4,1,20190628,072800,69,1,630,681,671,715,Jun24_1/13-20190628072800-snapshot.jpg
4,1,20190628,072830,71,1,630,681,671,715,Jun24_1/13-20190628072830-snapshot.jpg
4,1,20190628,072900,72,1,630,681,671,715,Jun24_1/13-20190628072900-snapshot.jpg
4,1,20190628,072930,70,1,630,681,671,715,Jun24_1/13-20190628072930-snapshot.jpg
4,1,20190628,073000,69,1,630,682,671,716,Jun24_1/13-20190628073000-snapshot.jpg
4,1,20190628,073030,72,1,630,681,671,715,Jun24_1/13-20190628073030-snapshot.jpg
4,1,20190628,073100,63,1,631,682,670,715,Jun24_1/13-20190628073100-snapshot.jpg
4,1,20190628,073130,66,1,630,681,670,715,Jun24_1/13-20190628073130-snapshot.jpg
4,1,20190628,073200,68,1,630,682,671,715,Jun24_1/13-20190628073200-snapshot.jpg
4,1,20190628,073230,70,1,630,681,671,715,Jun24_1/13-20190628073230-snapshot.jpg
4,1,20190628,073300,70,1,629,682,671,716,Jun24_1/13-20190628073300-snapshot.jpg
4,1,20190628,073330,62,1,630,681,670,715,Jun24_1/13-20190628073330-snapshot.jpg
4,1,20190628,073400,66,1,630,682,670,716,Jun24_1/13-20190628073400-snapshot.jpg
4,1,20190628,073430,73,1,630,682,671,716,Jun24_1/13-20190628073430-snapshot.jpg
4,1,20190628,073500,69,1,630,682,672,716,Jun24_1/13-20190628073500-snapshot.jpg
4,1,20190628,073530,71,1,631,682,674,718,Jun24_1/13-20190628073530-snapshot.jpg
4,1,20190628,073600,78,1,629,683,672,719,Jun24_1/13-20190628073600-snapshot.jpg
4,1,20190628,073630,60,1,632,684,675,720,Jun24_1/13-20190628073630-snapshot.jpg
4,1,20190628,073700,68,1,633,684,675,719,Jun24_1/13-20190628073700-snapshot.jpg
4,1,20190628,073730,55,1,632,684,675,719,Jun24_1/13-20190628073730-snapshot.jpg
4,1,20190628,073800,62,1,632,684,675,720,Jun24_1/13-20190628073800-snapshot.jpg
4,1,20190628,073830,71,1,632,684,675,719,Jun24_1/13-20190628073830-snapshot.jpg
4,1,20190628,073900,66,1,632,684,675,719,Jun24_1/13-20190628073900-snapshot.jpg
4,1,20190628,073930,52,1,632,684,674,719,Jun24_1/13-20190628073930-snapshot.jpg
4,1,20190628,074000,25,1,632,685,674,720,Jun24_1/13-20190628074000-snapshot.jpg
4,1,20190628,074130,45,1,631,684,674,720,Jun24_1/13-20190628074130-snapshot.jpg
4,1,20190628,074230,25,1,631,685,673,719,Jun24_1/13-20190628074230-snapshot.jpg
4,1,20190628,074300,44,1,632,684,675,719,Jun24_1/13-20190628074300-snapshot.jpg
4,1,20190628,074300,81,1,1600,298,1638,334,Jun24_1/13-20190628074300-snapshot.jpg
4,1,20190628,074430,27,1,633,684,675,719,Jun24_1/13-20190628074430-snapshot.jpg
4,1,20190628,074530,84,1,729,398,773,438,Jun24_1/13-20190628074530-snapshot.jpg
4,1,20190628,074730,78,1,628,671,673,712,Jun24_1/13-20190628074730-snapshot.jpg
4,1,20190628,074930,25,1,181,652,225,687,Jun24_1/13-20190628074930-snapshot.jpg
4,1,20190628,074930,76,1,1501,431,1544,468,Jun24_1/13-20190628074930-snapshot.jpg
4,1,20190628,074930,81,1,711,0,756,30,Jun24_1/13-20190628074930-snapshot.jpg
4,1,20190628,075000,75,1,1502,431,1544,469,Jun24_1/13-20190628075000-snapshot.jpg
4,1,20190628,075100,87,1,1695,281,1735,313,Jun24_1/13-20190628075100-snapshot.jpg
4,1,20190628,075130,87,1,1687,256,1727,289,Jun24_1/13-20190628075130-snapshot.jpg
4,1,20190628,080200,76,1,664,690,708,734,Jun24_1/13-20190628080200-snapshot.jpg
4,1,20190628,080600,83,1,1099,249,1144,288,Jun24_1/13-20190628080600-snapshot.jpg
4,1,20190628,080730,79,1,1473,445,1517,484,Jun24_1/13-20190628080730-snapshot.jpg
4,1,20190628,080800,80,1,1474,445,1516,485,Jun24_1/13-20190628080800-snapshot.jpg
4,1,20190628,080830,84,1,1570,500,1612,537,Jun24_1/13-20190628080830-snapshot.jpg
4,1,20190628,081630,83,4,1578,511,1654,566,Jun24_1/13-20190628081630-snapshot.jpg
4,1,20190628,085130,77,4,1411,710,1472,763,Jun24_1/13-20190628085130-snapshot.jpg
4,1,20190628,092230,82,1,715,396,757,433,Jun24_1/13-20190628092230-snapshot.jpg
4,1,20190628,092300,40,1,666,379,702,410,Jun24_1/13-20190628092300-snapshot.jpg
4,1,20190628,092500,87,4,1786,747,1848,825,Jun24_1/13-20190628092500-snapshot.jpg
4,1,20190628,092930,87,1,86,178,131,217,Jun24_1/13-20190628092930-snapshot.jpg
4,1,20190628,093230,80,1,620,389,659,422,Jun24_1/13-20190628093230-snapshot.jpg
4,1,20190628,095200,80,4,1534,860,1593,906,Jun24_1/13-20190628095200-snapshot.jpg
4,1,20190628,095230,86,4,1707,840,1795,897,Jun24_1/13-20190628095230-snapshot.jpg
4,1,20190628,095300,85,4,1511,584,1593,637,Jun24_1/13-20190628095300-snapshot.jpg
4,1,20190628,100530,75,4,1766,941,1818,989,Jun24_1/13-20190628100530-snapshot.jpg
4,1,20190628,100830,87,4,1551,812,1603,880,Jun24_1/13-20190628100830-snapshot.jpg
4,1,20190628,101900,86,4,1610,789,1693,855,Jun24_1/13-20190628101900-snapshot.jpg
4,1,20190628,101930,62,3,1522,566,1579,613,Jun24_1/13-20190628101930-snapshot.jpg
4,1,20190628,102030,84,1,1407,718,1450,759,Jun24_1/13-20190628102030-snapshot.jpg
4,1,20190628,102400,85,2,1368,637,1438,715,Jun24_1/13-20190628102400-snapshot.jpg
4,1,20190628,102430,47,1,1257,887,1301,929,Jun24_1/13-20190628102430-snapshot.jpg
4,1,20190628,102600,36,1,734,836,784,881,Jun24_1/13-20190628102600-snapshot.jpg
4,1,20190628,102800,88,1,328,533,376,577,Jun24_1/13-20190628102800-snapshot.jpg
4,1,20190628,102900,83,3,1493,554,1567,610,Jun24_1/13-20190628102900-snapshot.jpg
4,1,20190628,103200,67,4,815,628,873,688,Jun24_1/13-20190628103200-snapshot.jpg
4,1,20190628,103230,87,1,37,126,84,165,Jun24_1/13-20190628103230-snapshot.jpg
4,1,20190628,103700,55,2,1853,637,1920,700,Jun24_1/13-20190628103700-snapshot.jpg
4,1,20190628,103930,82,4,1319,702,1377,769,Jun24_1/13-20190628103930-snapshot.jpg
4,1,20190628,104000,59,4,1802,1011,1868,1065,Jun24_1/13-20190628104000-snapshot.jpg
4,1,20190628,104030,70,4,734,585,787,633,Jun24_1/13-20190628104030-snapshot.jpg
4,1,20190628,104100,67,3,1627,929,1685,981,Jun24_1/13-20190628104100-snapshot.jpg
4,1,20190628,104430,81,4,1346,1030,1427,1079,Jun24_1/13-20190628104430-snapshot.jpg
4,1,20190628,104430,86,4,1335,794,1397,882,Jun24_1/13-20190628104430-snapshot.jpg
4,1,20190628,104530,84,4,867,665,946,733,Jun24_1/13-20190628104530-snapshot.jpg
4,1,20190628,104730,81,2,1075,500,1132,586,Jun24_1/13-20190628104730-snapshot.jpg
4,1,20190628,105630,88,4,1636,705,1714,765,Jun24_1/13-20190628105630-snapshot.jpg
4,1,20190628,110130,83,3,1599,551,1683,607,Jun24_1/13-20190628110130-snapshot.jpg
4,1,20190628,110200,79,3,1256,706,1333,766,Jun24_1/13-20190628110200-snapshot.jpg
4,1,20190628,111600,85,3,279,123,378,183,Jun24_1/13-20190628111600-snapshot.jpg
4,1,20190628,112000,61,2,1601,871,1657,924,Jun24_1/13-20190628112000-snapshot.jpg
4,1,20190628,112030,73,2,1635,605,1706,648,Jun24_1/13-20190628112030-snapshot.jpg
4,1,20190628,113000,31,3,1435,1008,1526,1073,Jun24_1/13-20190628113000-snapshot.jpg
4,1,20190628,113000,79,2,1210,416,1298,478,Jun24_1/13-20190628113000-snapshot.jpg
4,1,20190628,113100,68,4,1340,902,1426,981,Jun24_1/13-20190628113100-snapshot.jpg
4,1,20190628,113130,84,4,1195,926,1261,989,Jun24_1/13-20190628113130-snapshot.jpg
4,1,20190628,113200,83,4,1759,828,1843,897,Jun24_1/13-20190628113200-snapshot.jpg
4,1,20190628,113600,87,4,1318,950,1402,1018,Jun24_1/13-20190628113600-snapshot.jpg
4,1,20190628,114230,83,2,1406,662,1500,736,Jun24_1/13-20190628114230-snapshot.jpg
4,1,20190628,114300,69,1,1493,22,1534,56,Jun24_1/13-20190628114300-snapshot.jpg
4,1,20190628,114330,87,1,1466,121,1516,164,Jun24_1/13-20190628114330-snapshot.jpg
4,1,20190628,114400,86,1,1356,284,1404,327,Jun24_1/13-20190628114400-snapshot.jpg
4,1,20190628,114530,81,1,297,193,339,231,Jun24_1/13-20190628114530-snapshot.jpg
4,1,20190628,115200,82,4,852,520,910,573,Jun24_1/13-20190628115200-snapshot.jpg
4,1,20190628,115230,64,2,1418,194,1504,250,Jun24_1/13-20190628115230-snapshot.jpg
4,1,20190628,115300,84,4,417,205,498,261,Jun24_1/13-20190628115300-snapshot.jpg
4,1,20190628,115800,70,2,678,448,735,517,Jun24_1/13-20190628115800-snapshot.jpg
4,1,20190628,120100,86,4,1401,905,1463,989,Jun24_1/13-20190628120100-snapshot.jpg
4,1,20190628,120130,86,4,1266,893,1360,948,Jun24_1/13-20190628120130-snapshot.jpg
4,1,20190628,120330,44,4,1037,566,1088,624,Jun24_1/13-20190628120330-snapshot.jpg
4,1,20190628,120500,85,1,283,576,330,622,Jun24_1/13-20190628120500-snapshot.jpg
4,1,20190628,120530,83,1,274,577,321,625,Jun24_1/13-20190628120530-snapshot.jpg
4,1,20190628,120700,25,1,533,858,577,900,Jun24_1/13-20190628120700-snapshot.jpg
4,1,20190628,121100,34,2,1031,737,1115,806,Jun24_1/13-20190628121100-snapshot.jpg
4,1,20190628,121230,56,1,1169,981,1210,1015,Jun24_1/13-20190628121230-snapshot.jpg
4,1,20190628,121430,69,2,1302,519,1370,582,Jun24_1/13-20190628121430-snapshot.jpg
4,1,20190628,121800,52,4,1731,1013,1822,1080,Jun24_1/13-20190628121800-snapshot.jpg
4,1,20190628,121800,86,3,673,297,728,367,Jun24_1/13-20190628121800-snapshot.jpg
4,1,20190628,122030,79,2,1166,402,1245,457,Jun24_1/13-20190628122030-snapshot.jpg
4,1,20190628,123300,84,4,829,656,883,716,Jun24_1/13-20190628123300-snapshot.jpg
4,1,20190628,124030,83,4,1854,681,1919,770,Jun24_1/13-20190628124030-snapshot.jpg
4,1,20190628,124830,87,3,1361,775,1441,840,Jun24_1/13-20190628124830-snapshot.jpg
4,1,20190628,125100,51,1,1271,96,1317,136,Jun24_1/13-20190628125100-snapshot.jpg
4,1,20190628,125200,83,1,1046,74,1089,115,Jun24_1/13-20190628125200-snapshot.jpg
4,1,20190628,125930,34,2,1816,722,1891,795,Jun24_1/13-20190628125930-snapshot.jpg
4,1,20190628,130030,42,2,1503,550,1591,612,Jun24_1/13-20190628130030-snapshot.jpg
4,1,20190628,130030,86,4,795,460,890,527,Jun24_1/13-20190628130030-snapshot.jpg
4,1,20190628,130330,82,1,1741,691,1782,725,Jun24_1/13-20190628130330-snapshot.jpg
4,1,20190628,130630,63,2,1287,577,1364,639,Jun24_1/13-20190628130630-snapshot.jpg
4,1,20190628,132230,82,1,1788,693,1833,727,Jun24_1/13-20190628132230-snapshot.jpg
4,1,20190628,132400,43,2,1220,439,1280,516,Jun24_1/13-20190628132400-snapshot.jpg
4,1,20190628,132500,62,4,1360,840,1415,889,Jun24_1/13-20190628132500-snapshot.jpg
4,1,20190628,132830,48,3,1723,764,1775,815,Jun24_1/13-20190628132830-snapshot.jpg
4,1,20190628,133000,54,2,1265,997,1348,1073,Jun24_1/13-20190628133000-snapshot.jpg
4,1,20190628,133030,70,2,1075,599,1133,664,Jun24_1/13-20190628133030-snapshot.jpg
4,1,20190628,133430,87,1,956,219,1002,266,Jun24_1/13-20190628133430-snapshot.jpg
4,1,20190628,133500,86,1,935,200,979,242,Jun24_1/13-20190628133500-snapshot.jpg
4,1,20190628,134200,85,1,1189,167,1237,207,Jun24_1/13-20190628134200-snapshot.jpg
4,1,20190628,134500,80,1,729,709,769,744,Jun24_1/13-20190628134500-snapshot.jpg
4,1,20190628,134530,61,1,1017,318,1060,356,Jun24_1/13-20190628134530-snapshot.jpg
4,1,20190628,134600,80,1,1039,111,1082,153,Jun24_1/13-20190628134600-snapshot.jpg
4,1,20190628,135130,75,1,145,281,187,321,Jun24_1/13-20190628135130-snapshot.jpg
4,1,20190628,135330,64,2,875,912,940,977,Jun24_1/13-20190628135330-snapshot.jpg
4,1,20190628,135830,75,2,823,501,871,570,Jun24_1/13-20190628135830-snapshot.jpg
4,1,20190628,140030,39,1,1627,949,1666,981,Jun24_1/13-20190628140030-snapshot.jpg
4,1,20190628,140030,79,1,87,318,128,350,Jun24_1/13-20190628140030-snapshot.jpg
4,1,20190628,140100,70,1,1063,1047,1099,1077,Jun24_1/13-20190628140100-snapshot.jpg
4,1,20190628,140130,32,1,1467,522,1510,562,Jun24_1/13-20190628140130-snapshot.jpg
4,1,20190628,140200,41,1,1093,110,1132,147,Jun24_1/13-20190628140200-snapshot.jpg
4,1,20190628,140330,73,2,1075,780,1130,846,Jun24_1/13-20190628140330-snapshot.jpg
4,1,20190628,140330,78,2,1170,438,1255,501,Jun24_1/13-20190628140330-snapshot.jpg
4,1,20190628,140430,33,2,1374,432,1431,497,Jun24_1/13-20190628140430-snapshot.jpg
4,1,20190628,140700,86,4,1504,897,1560,966,Jun24_1/13-20190628140700-snapshot.jpg
4,1,20190628,140730,83,1,896,584,935,621,Jun24_1/13-20190628140730-snapshot.jpg
4,1,20190628,140800,79,2,1638,903,1691,969,Jun24_1/13-20190628140800-snapshot.jpg
4,1,20190628,140830,65,2,978,1027,1038,1080,Jun24_1/13-20190628140830-snapshot.jpg
4,1,20190628,141200,87,2,1129,550,1187,638,Jun24_1/13-20190628141200-snapshot.jpg
4,1,20190628,141400,72,2,1686,768,1768,817,Jun24_1/13-20190628141400-snapshot.jpg
4,1,20190628,141600,74,2,1055,302,1130,355,Jun24_1/13-20190628141600-snapshot.jpg
4,1,20190628,143900,77,1,1090,688,1131,727,Jun24_1/13-20190628143900-snapshot.jpg
4,1,20190628,145030,66,2,1447,416,1500,487,Jun24_1/13-20190628145030-snapshot.jpg
4,1,20190628,145300,86,1,1211,341,1257,392,Jun24_1/13-20190628145300-snapshot.jpg
4,1,20190628,145900,67,4,704,815,806,890,Jun24_1/13-20190628145900-snapshot.jpg
4,1,20190628,150030,76,2,1138,377,1212,438,Jun24_1/13-20190628150030-snapshot.jpg
4,1,20190628,150330,55,4,711,815,808,888,Jun24_1/13-20190628150330-snapshot.jpg
4,1,20190628,150400,61,4,706,815,806,888,Jun24_1/13-20190628150400-snapshot.jpg
4,1,20190628,150500,79,4,1038,584,1105,644,Jun24_1/13-20190628150500-snapshot.jpg
4,1,20190628,150530,40,2,1705,770,1778,831,Jun24_1/13-20190628150530-snapshot.jpg
4,1,20190628,150600,66,2,645,127,715,179,Jun24_1/13-20190628150600-snapshot.jpg
4,1,20190628,150700,49,4,705,816,808,893,Jun24_1/13-20190628150700-snapshot.jpg
4,1,20190628,151100,69,4,711,815,808,887,Jun24_1/13-20190628151100-snapshot.jpg
4,1,20190628,152530,81,2,1472,657,1531,735,Jun24_1/13-20190628152530-snapshot.jpg
4,1,20190628,152900,34,2,1259,457,1352,518,Jun24_1/13-20190628152900-snapshot.jpg
4,1,20190628,153230,84,1,1622,561,1666,598,Jun24_1/13-20190628153230-snapshot.jpg
4,1,20190628,153630,71,1,1720,1049,1762,1078,Jun24_1/13-20190628153630-snapshot.jpg
4,1,20190628,153800,76,2,852,504,921,543,Jun24_1/13-20190628153800-snapshot.jpg
4,1,20190628,153800,85,1,1558,31,1607,71,Jun24_1/13-20190628153800-snapshot.jpg
4,1,20190628,153830,79,2,848,534,899,603,Jun24_1/13-20190628153830-snapshot.jpg
4,1,20190628,153930,75,2,937,629,998,680,Jun24_1/13-20190628153930-snapshot.jpg
4,1,20190628,154300,55,4,1493,856,1566,918,Jun24_1/13-20190628154300-snapshot.jpg
4,1,20190628,154300,72,2,810,983,885,1033,Jun24_1/13-20190628154300-snapshot.jpg
4,1,20190628,155130,82,1,1800,646,1837,680,Jun24_1/13-20190628155130-snapshot.jpg
4,1,20190628,155830,85,2,1497,762,1555,830,Jun24_1/13-20190628155830-snapshot.jpg
4,1,20190628,155900,64,2,1241,903,1323,954,Jun24_1/13-20190628155900-snapshot.jpg
4,1,20190628,160030,83,2,1134,660,1200,733,Jun24_1/13-20190628160030-snapshot.jpg
4,1,20190628,160800,82,4,803,752,859,816,Jun24_1/13-20190628160800-snapshot.jpg
4,1,20190628,161630,32,1,577,615,618,653,Jun24_1/13-20190628161630-snapshot.jpg
4,1,20190628,161700,47,1,577,615,618,654,Jun24_1/13-20190628161700-snapshot.jpg
4,1,20190628,161800,47,1,577,615,617,654,Jun24_1/13-20190628161800-snapshot.jpg
4,1,20190628,162000,27,1,578,615,619,654,Jun24_1/13-20190628162000-snapshot.jpg
4,1,20190628,162400,47,2,1057,580,1111,649,Jun24_1/13-20190628162400-snapshot.jpg
4,1,20190628,162530,85,2,1143,403,1202,491,Jun24_1/13-20190628162530-snapshot.jpg
4,1,20190628,162730,81,1,80,365,119,398,Jun24_1/13-20190628162730-snapshot.jpg
4,1,20190628,163100,69,2,1464,995,1535,1069,Jun24_1/13-20190628163100-snapshot.jpg
4,1,20190628,163300,69,2,1109,329,1162,401,Jun24_1/13-20190628163300-snapshot.jpg
4,1,20190628,164230,74,2,1315,591,1373,661,Jun24_1/13-20190628164230-snapshot.jpg
4,1,20190628,170000,78,2,1120,270,1199,350,Jun24_1/13-20190628170000-snapshot.jpg
4,1,20190628,170200,76,2,356,1,423,76,Jun24_1/13-20190628170200-snapshot.jpg
4,1,20190628,170400,85,2,1458,726,1538,788,Jun24_1/13-20190628170400-snapshot.jpg
4,1,20190628,170600,71,2,774,275,851,331,Jun24_1/13-20190628170600-snapshot.jpg
4,1,20190628,170730,41,2,1137,792,1212,856,Jun24_1/13-20190628170730-snapshot.jpg
4,1,20190628,171600,39,5,1673,343,1727,393,Jun24_1/13-20190628171600-snapshot.jpg
4,1,20190628,171800,77,2,1290,903,1347,970,Jun24_1/13-20190628171800-snapshot.jpg
4,1,20190628,172030,30,1,160,948,203,980,Jun24_1/13-20190628172030-snapshot.jpg
4,1,20190628,172600,36,1,592,136,634,170,Jun24_1/13-20190628172600-snapshot.jpg
4,1,20190628,174530,89,7,1156,892,1301,1043,Jun24_1/13-20190628174530-snapshot.jpg
4,1,20190628,174600,90,7,1220,845,1361,1014,Jun24_1/13-20190628174600-snapshot.jpg
4,1,20190628,174630,78,1,170,960,215,999,Jun24_1/13-20190628174630-snapshot.jpg
4,1,20190628,174630,89,7,1336,587,1534,749,Jun24_1/13-20190628174630-snapshot.jpg
4,1,20190628,174700,79,7,1370,669,1507,794,Jun24_1/13-20190628174700-snapshot.jpg
4,1,20190628,174700,82,1,418,838,459,874,Jun24_1/13-20190628174700-snapshot.jpg
4,1,20190628,174730,87,7,822,966,946,1080,Jun24_1/13-20190628174730-snapshot.jpg
4,1,20190628,174800,85,7,780,933,924,1020,Jun24_1/13-20190628174800-snapshot.jpg
4,1,20190628,175400,80,1,1747,847,1789,882,Jun24_1/13-20190628175400-snapshot.jpg
4,1,20190628,175500,77,1,1352,834,1390,873,Jun24_1/13-20190628175500-snapshot.jpg
4,1,20190628,175530,81,1,1242,589,1284,631,Jun24_1/13-20190628175530-snapshot.jpg
4,1,20190628,175600,83,1,1070,372,1110,407,Jun24_1/13-20190628175600-snapshot.jpg
4,1,20190628,175630,87,1,1021,283,1065,329,Jun24_1/13-20190628175630-snapshot.jpg
4,1,20190628,175700,75,2,1337,914,1420,963,Jun24_1/13-20190628175700-snapshot.jpg
4,1,20190628,175700,85,1,1111,109,1154,148,Jun24_1/13-20190628175700-snapshot.jpg
4,1,20190628,175800,84,1,1236,591,1279,636,Jun24_1/13-20190628175800-snapshot.jpg
4,1,20190628,175900,49,2,1053,573,1121,633,Jun24_1/13-20190628175900-snapshot.jpg
4,1,20190628,180630,87,1,907,723,945,757,Jun24_1/13-20190628180630-snapshot.jpg
4,1,20190628,180830,79,1,1848,67,1893,102,Jun24_1/13-20190628180830-snapshot.jpg
4,1,20190628,184130,79,1,819,310,858,345,Jun24_1/13-20190628184130-snapshot.jpg
4,1,20190628,184530,83,1,1326,591,1371,630,Jun24_1/13-20190628184530-snapshot.jpg
4,1,20190628,185600,27,1,634,902,670,933,Jun24_1/13-20190628185600-snapshot.jpg
4,1,20190628,185930,53,2,1084,264,1146,325,Jun24_1/13-20190628185930-snapshot.jpg
4,1,20190628,191100,61,1,1718,88,1759,123,Jun24_1/13-20190628191100-snapshot.jpg
4,1,20190628,192430,79,1,1456,1041,1499,1079,Jun24_1/13-20190628192430-snapshot.jpg
4,1,20190628,192530,86,1,1047,922,1089,962,Jun24_1/13-20190628192530-snapshot.jpg
4,1,20190628,192730,77,1,1122,957,1163,996,Jun24_1/13-20190628192730-snapshot.jpg
4,1,20190628,192800,77,1,1195,932,1236,972,Jun24_1/13-20190628192800-snapshot.jpg
4,1,20190628,192900,68,1,1361,850,1402,886,Jun24_1/13-20190628192900-snapshot.jpg
4,1,20190628,192930,51,1,1206,789,1247,834,Jun24_1/13-20190628192930-snapshot.jpg
4,1,20190628,193030,83,1,1226,727,1269,769,Jun24_1/13-20190628193030-snapshot.jpg
4,1,20190628,193130,83,1,1029,453,1072,496,Jun24_1/13-20190628193130-snapshot.jpg
4,1,20190628,193300,83,1,996,195,1036,233,Jun24_1/13-20190628193300-snapshot.jpg
4,1,20190628,193330,84,1,994,194,1034,232,Jun24_1/13-20190628193330-snapshot.jpg
4,1,20190628,193400,84,1,995,193,1034,232,Jun24_1/13-20190628193400-snapshot.jpg
4,1,20190628,193430,82,1,983,204,1022,242,Jun24_1/13-20190628193430-snapshot.jpg
4,1,20190628,193500,82,1,955,129,996,170,Jun24_1/13-20190628193500-snapshot.jpg
4,1,20190628,193530,82,1,959,149,997,189,Jun24_1/13-20190628193530-snapshot.jpg
4,1,20190628,193600,85,1,1004,240,1043,277,Jun24_1/13-20190628193600-snapshot.jpg
4,1,20190628,193630,79,1,991,236,1028,271,Jun24_1/13-20190628193630-snapshot.jpg
4,1,20190628,193700,83,1,993,236,1031,272,Jun24_1/13-20190628193700-snapshot.jpg
4,1,20190628,193730,84,1,988,238,1027,275,Jun24_1/13-20190628193730-snapshot.jpg
4,1,20190628,193800,83,1,993,238,1032,276,Jun24_1/13-20190628193800-snapshot.jpg
4,1,20190628,193830,82,1,996,238,1034,275,Jun24_1/13-20190628193830-snapshot.jpg
4,1,20190628,193900,85,1,993,238,1033,275,Jun24_1/13-20190628193900-snapshot.jpg
4,1,20190628,193930,82,1,993,238,1031,274,Jun24_1/13-20190628193930-snapshot.jpg
4,1,20190628,194030,84,1,1280,162,1317,197,Jun24_1/13-20190628194030-snapshot.jpg
4,1,20190628,194100,84,1,1332,157,1376,200,Jun24_1/13-20190628194100-snapshot.jpg
4,1,20190628,194330,71,1,1094,749,1133,792,Jun24_1/13-20190628194330-snapshot.jpg
4,1,20190628,194430,84,1,1209,1003,1250,1038,Jun24_1/13-20190628194430-snapshot.jpg
4,1,20190628,194530,68,1,1240,707,1279,746,Jun24_1/13-20190628194530-snapshot.jpg
4,1,20190628,194700,34,1,1480,926,1521,961,Jun24_1/13-20190628194700-snapshot.jpg
4,1,20190628,195000,79,1,1250,1048,1288,1078,Jun24_1/13-20190628195000-snapshot.jpg
4,1,20190628,195100,61,1,1224,1050,1262,1079,Jun24_1/13-20190628195100-snapshot.jpg
4,1,20190628,195130,83,1,1169,929,1210,968,Jun24_1/13-20190628195130-snapshot.jpg
4,1,20190628,195300,80,1,1066,965,1101,1000,Jun24_1/13-20190628195300-snapshot.jpg
4,1,20190628,195430,54,1,1278,774,1320,825,Jun24_1/13-20190628195430-snapshot.jpg
4,1,20190628,195530,73,1,1328,836,1370,875,Jun24_1/13-20190628195530-snapshot.jpg
4,1,20190628,195630,66,1,1336,560,1373,598,Jun24_1/13-20190628195630-snapshot.jpg
4,1,20190628,195700,80,1,1836,574,1875,610,Jun24_1/13-20190628195700-snapshot.jpg
4,1,20190628,195730,80,1,1756,571,1795,602,Jun24_1/13-20190628195730-snapshot.jpg
4,1,20190628,195800,82,1,1686,635,1725,667,Jun24_1/13-20190628195800-snapshot.jpg
4,1,20190628,195830,25,1,1508,532,1545,565,Jun24_1/13-20190628195830-snapshot.jpg
4,1,20190628,201200,79,1,235,1011,277,1053,Jun24_1/13-20190628201200-snapshot.jpg
4,1,20190628,201230,80,1,415,865,459,905,Jun24_1/13-20190628201230-snapshot.jpg
4,1,20190628,201300,77,1,577,901,620,944,Jun24_1/13-20190628201300-snapshot.jpg
4,1,20190628,201330,79,1,590,748,632,786,Jun24_1/13-20190628201330-snapshot.jpg
4,1,20190628,201800,84,1,1276,86,1315,122,Jun24_1/13-20190628201800-snapshot.jpg
4,1,20190628,201900,82,1,730,95,775,137,Jun24_1/13-20190628201900-snapshot.jpg
4,1,20190628,202000,85,1,609,19,657,68,Jun24_1/13-20190628202000-snapshot.jpg
4,1,20190628,205200,83,1,304,892,348,932,Jun24_1/13-20190628205200-snapshot.jpg
4,1,20190628,205330,77,1,520,658,559,696,Jun24_1/13-20190628205330-snapshot.jpg
4,1,20190628,205430,31,1,303,367,342,403,Jun24_1/13-20190628205430-snapshot.jpg
4,1,20190628,211430,44,1,1407,0,1450,36,Jun24_1/13-20190628211430-snapshot.jpg
4,1,20190628,213200,39,1,1152,251,1196,299,Jun24_1/13-20190628213200-snapshot.jpg
4,1,20190625,085630,69,2,1875,941,1920,987,Jun24_1/143-20190625085630-snapshot.jpg
4,1,20190625,090600,44,2,1758,961,1814,994,Jun24_1/147-20190625090600-snapshot.jpg
4,1,20190625,091700,79,4,0,819,33,877,Jun24_1/148-20190625091700-snapshot.jpg
4,1,20190625,091730,79,4,585,739,630,786,Jun24_1/148-20190625091730-snapshot.jpg
4,1,20190625,092930,70,4,67,258,111,305,Jun24_1/150-20190625092930-snapshot.jpg
4,1,20190625,093000,74,4,48,449,97,496,Jun24_1/150-20190625093000-snapshot.jpg
4,1,20190625,093230,63,4,1825,971,1868,1017,Jun24_1/150-20190625093230-snapshot.jpg
4,1,20190625,093300,77,4,1160,656,1204,705,Jun24_1/150-20190625093300-snapshot.jpg
4,1,20190625,093500,63,4,0,399,42,456,Jun24_1/150-20190625093500-snapshot.jpg
4,1,20190625,093530,69,4,192,368,250,415,Jun24_1/150-20190625093530-snapshot.jpg
4,1,20190625,093800,81,4,1862,825,1920,878,Jun24_1/151-20190625093800-snapshot.jpg
4,1,20190625,094830,79,4,74,456,124,506,Jun24_1/152-20190625094830-snapshot.jpg
4,1,20190625,095230,79,4,69,420,116,471,Jun24_1/152-20190625095230-snapshot.jpg
4,1,20190625,100900,27,2,1853,744,1917,788,Jun24_1/156-20190625100900-snapshot.jpg
4,1,20190625,101830,28,2,869,886,922,938,Jun24_1/159-20190625101830-snapshot.jpg
4,1,20190625,101930,45,2,883,1024,942,1078,Jun24_1/159-20190625101930-snapshot.jpg
4,1,20190625,102000,40,2,1876,943,1920,989,Jun24_1/159-20190625102000-snapshot.jpg
4,1,20190625,102000,76,3,1151,652,1194,696,Jun24_1/159-20190625102000-snapshot.jpg
4,1,20190625,102800,79,4,47,417,95,459,Jun24_1/159-20190625102800-snapshot.jpg
4,1,20190625,103130,76,4,116,542,164,582,Jun24_1/159-20190625103130-snapshot.jpg
4,1,20190625,103230,79,4,592,623,638,672,Jun24_1/159-20190625103230-snapshot.jpg
4,1,20190625,103430,70,4,35,495,87,539,Jun24_1/159-20190625103430-snapshot.jpg
4,1,20190625,103600,63,3,1883,913,1920,970,Jun24_1/159-20190625103600-snapshot.jpg
4,1,20190625,103700,63,4,0,889,33,935,Jun24_1/159-20190625103700-snapshot.jpg
4,1,20190625,103700,72,4,1141,568,1184,622,Jun24_1/159-20190625103700-snapshot.jpg
4,1,20190625,103800,68,4,1867,836,1918,879,Jun24_1/159-20190625103800-snapshot.jpg
4,1,20190625,104200,75,4,1150,606,1197,654,Jun24_1/159-20190625104200-snapshot.jpg
4,1,20190625,105430,54,4,309,530,355,579,Jun24_1/159-20190625105430-snapshot.jpg
4,1,20190625,105730,45,3,1842,926,1885,960,Jun24_1/159-20190625105730-snapshot.jpg
4,1,20190625,105900,75,3,1636,689,1682,724,Jun24_1/159-20190625105900-snapshot.jpg
4,1,20190625,110230,72,4,1156,591,1198,640,Jun24_1/159-20190625110230-snapshot.jpg
4,1,20190625,110300,84,4,700,601,746,664,Jun24_1/159-20190625110300-snapshot.jpg
4,1,20190625,110330,75,4,562,699,614,754,Jun24_1/159-20190625110330-snapshot.jpg
4,1,20190625,112100,81,3,210,57,271,101,Jun24_1/159-20190625112100-snapshot.jpg
4,1,20190625,112230,67,3,180,959,224,1001,Jun24_1/159-20190625112230-snapshot.jpg
4,1,20190625,112530,40,2,263,721,338,757,Jun24_1/159-20190625112530-snapshot.jpg
4,1,20190625,112900,78,4,847,977,897,1025,Jun24_1/159-20190625112900-snapshot.jpg
4,1,20190625,113330,66,2,475,725,518,777,Jun24_1/159-20190625113330-snapshot.jpg
4,1,20190625,113330,75,4,149,541,205,596,Jun24_1/159-20190625113330-snapshot.jpg
4,1,20190625,113700,36,4,0,483,22,538,Jun24_1/159-20190625113700-snapshot.jpg
4,1,20190625,113700,77,4,186,252,229,293,Jun24_1/159-20190625113700-snapshot.jpg
4,1,20190625,114000,73,4,72,302,114,347,Jun24_1/159-20190625114000-snapshot.jpg
4,1,20190625,114130,51,4,623,750,664,789,Jun24_1/159-20190625114130-snapshot.jpg
4,1,20190625,114130,64,4,678,717,730,761,Jun24_1/159-20190625114130-snapshot.jpg
4,1,20190625,114330,79,2,1100,646,1149,700,Jun24_1/159-20190625114330-snapshot.jpg
4,1,20190625,115100,38,2,115,333,166,367,Jun24_1/159-20190625115100-snapshot.jpg
4,1,20190625,115530,71,2,559,687,606,747,Jun24_1/159-20190625115530-snapshot.jpg
4,1,20190625,115800,51,2,102,572,162,609,Jun24_1/159-20190625115800-snapshot.jpg
4,1,20190625,115830,76,2,0,872,42,921,Jun24_1/159-20190625115830-snapshot.jpg
4,1,20190625,120730,76,3,845,978,889,1023,Jun24_1/160-20190625120730-snapshot.jpg
4,1,20190625,120800,64,3,1672,1022,1732,1068,Jun24_1/160-20190625120800-snapshot.jpg
4,1,20190625,120800,66,2,180,65,236,103,Jun24_1/160-20190625120800-snapshot.jpg
4,1,20190625,121100,67,4,478,820,519,862,Jun24_1/160-20190625121100-snapshot.jpg
4,1,20190625,121330,33,2,547,597,595,652,Jun24_1/160-20190625121330-snapshot.jpg
4,1,20190625,121400,66,3,540,642,584,688,Jun24_1/160-20190625121400-snapshot.jpg
4,1,20190625,121500,73,2,704,694,751,742,Jun24_1/160-20190625121500-snapshot.jpg
4,1,20190625,121830,71,4,198,265,237,305,Jun24_1/160-20190625121830-snapshot.jpg
4,1,20190625,121930,47,4,1720,985,1775,1023,Jun24_1/160-20190625121930-snapshot.jpg
4,1,20190625,121930,73,3,68,421,109,465,Jun24_1/160-20190625121930-snapshot.jpg
4,1,20190625,121930,77,4,1792,949,1840,995,Jun24_1/160-20190625121930-snapshot.jpg
4,1,20190625,122830,33,2,264,89,307,138,Jun24_1/160-20190625122830-snapshot.jpg
4,1,20190625,123000,78,4,1192,415,1234,459,Jun24_1/160-20190625123000-snapshot.jpg
4,1,20190625,123130,78,3,184,1003,235,1039,Jun24_1/160-20190625123130-snapshot.jpg
4,1,20190625,123200,59,4,53,929,99,968,Jun24_1/160-20190625123200-snapshot.jpg
4,1,20190625,123330,63,4,489,15,540,70,Jun24_1/160-20190625123330-snapshot.jpg
4,1,20190625,123600,28,4,168,269,213,318,Jun24_1/160-20190625123600-snapshot.jpg
4,1,20190625,123600,68,4,1119,643,1159,685,Jun24_1/160-20190625123600-snapshot.jpg
4,1,20190625,123630,75,4,1850,749,1913,796,Jun24_1/160-20190625123630-snapshot.jpg
4,1,20190625,123830,29,2,1423,324,1462,368,Jun24_1/160-20190625123830-snapshot.jpg
4,1,20190625,124130,52,2,355,165,406,196,Jun24_1/161-20190625124130-snapshot.jpg
4,1,20190625,124300,32,2,1854,949,1898,1001,Jun24_1/161-20190625124300-snapshot.jpg
4,1,20190625,124500,59,2,830,989,884,1024,Jun24_1/161-20190625124500-snapshot.jpg
4,1,20190625,124600,28,2,534,18,585,56,Jun24_1/161-20190625124600-snapshot.jpg
4,1,20190625,130030,74,2,182,259,229,313,Jun24_1/161-20190625130030-snapshot.jpg
4,1,20190625,130100,72,4,247,110,294,151,Jun24_1/161-20190625130100-snapshot.jpg
4,1,20190625,130130,58,2,422,713,471,771,Jun24_1/161-20190625130130-snapshot.jpg
4,1,20190625,130230,75,4,613,146,658,186,Jun24_1/161-20190625130230-snapshot.jpg
4,1,20190625,130330,81,4,1107,644,1161,690,Jun24_1/161-20190625130330-snapshot.jpg
4,1,20190625,132200,85,3,253,85,315,121,Jun24_1/161-20190625132200-snapshot.jpg
4,1,20190625,132530,42,2,572,685,617,738,Jun24_1/161-20190625132530-snapshot.jpg
4,1,20190625,133030,60,2,535,586,584,627,Jun24_1/161-20190625133030-snapshot.jpg
4,1,20190625,134030,63,2,707,722,758,762,Jun24_1/162-20190625134030-snapshot.jpg
4,1,20190625,140400,63,2,1198,398,1244,448,Jun24_1/164-20190625140400-snapshot.jpg
4,1,20190625,141300,36,2,49,530,97,573,Jun24_1/164-20190625141300-snapshot.jpg
4,1,20190625,141900,55,4,1699,977,1754,1016,Jun24_1/164-20190625141900-snapshot.jpg
4,1,20190625,143230,61,2,770,979,822,1011,Jun24_1/165-20190625143230-snapshot.jpg
4,1,20190625,144030,43,2,483,759,528,792,Jun24_1/165-20190625144030-snapshot.jpg
4,1,20190625,144230,80,4,729,458,779,505,Jun24_1/165-20190625144230-snapshot.jpg
4,1,20190625,144430,75,4,1668,687,1713,732,Jun24_1/165-20190625144430-snapshot.jpg
4,1,20190625,144730,58,2,735,485,783,535,Jun24_1/165-20190625144730-snapshot.jpg
4,1,20190625,144800,78,4,1838,971,1900,1013,Jun24_1/165-20190625144800-snapshot.jpg
4,1,20190625,150130,66,4,1204,369,1239,403,Jun24_1/166-20190625150130-snapshot.jpg
4,1,20190625,150230,54,2,1175,406,1218,453,Jun24_1/166-20190625150230-snapshot.jpg
4,1,20190625,150230,73,4,135,940,186,981,Jun24_1/166-20190625150230-snapshot.jpg
4,1,20190625,150430,49,4,115,554,167,599,Jun24_1/166-20190625150430-snapshot.jpg
4,1,20190625,151900,29,2,206,651,261,690,Jun24_1/166-20190625151900-snapshot.jpg
4,1,20190625,152000,49,2,1514,385,1566,431,Jun24_1/166-20190625152000-snapshot.jpg
4,1,20190625,152930,61,2,480,719,524,763,Jun24_1/167-20190625152930-snapshot.jpg
4,1,20190625,153200,62,2,410,712,467,747,Jun24_1/167-20190625153200-snapshot.jpg
4,1,20190625,154230,34,1,1156,627,1193,673,Jun24_1/167-20190625154230-snapshot.jpg
4,1,20190625,154230,35,3,1156,627,1194,675,Jun24_1/167-20190625154230-snapshot.jpg
4,1,20190625,154530,59,2,550,614,598,670,Jun24_1/168-20190625154530-snapshot.jpg
4,1,20190625,160230,30,2,651,712,705,756,Jun24_1/169-20190625160230-snapshot.jpg
4,1,20190625,160300,68,4,26,854,77,893,Jun24_1/169-20190625160300-snapshot.jpg
4,1,20190625,161530,70,3,129,417,174,465,Jun24_1/169-20190625161530-snapshot.jpg
4,1,20190625,162100,69,2,634,690,686,740,Jun24_1/170-20190625162100-snapshot.jpg
4,1,20190625,162300,44,1,309,417,344,443,Jun24_1/170-20190625162300-snapshot.jpg
4,1,20190625,162430,30,4,69,302,110,339,Jun24_1/170-20190625162430-snapshot.jpg
4,1,20190625,162900,70,3,1605,669,1655,703,Jun24_1/170-20190625162900-snapshot.jpg
4,1,20190625,162930,29,1,311,415,344,441,Jun24_1/170-20190625162930-snapshot.jpg
4,1,20190625,164000,49,2,1495,651,1541,692,Jun24_1/170-20190625164000-snapshot.jpg
4,1,20190625,165100,76,4,1588,502,1634,546,Jun24_1/172-20190625165100-snapshot.jpg
4,1,20190625,165130,69,4,372,524,413,564,Jun24_1/172-20190625165130-snapshot.jpg
4,1,20190625,165200,27,1,312,417,347,442,Jun24_1/172-20190625165200-snapshot.jpg
4,1,20190625,165200,70,4,1844,813,1893,862,Jun24_1/172-20190625165200-snapshot.jpg
4,1,20190625,165230,82,4,262,173,322,214,Jun24_1/172-20190625165230-snapshot.jpg
4,1,20190625,165300,79,2,1032,389,1082,441,Jun24_1/172-20190625165300-snapshot.jpg
4,1,20190625,165330,40,1,309,415,344,441,Jun24_1/172-20190625165330-snapshot.jpg
4,1,20190625,165330,79,4,1159,604,1198,650,Jun24_1/172-20190625165330-snapshot.jpg
4,1,20190625,165500,28,1,311,415,345,442,Jun24_1/172-20190625165500-snapshot.jpg
4,1,20190625,165630,47,1,312,417,346,443,Jun24_1/172-20190625165630-snapshot.jpg
4,1,20190625,170500,53,1,311,415,345,442,Jun24_1/172-20190625170500-snapshot.jpg
4,1,20190625,170700,29,2,165,36,233,82,Jun24_1/172-20190625170700-snapshot.jpg
4,1,20190625,173600,41,1,312,418,345,443,Jun24_1/177-20190625173600-snapshot.jpg
4,1,20190625,174030,41,1,313,418,347,444,Jun24_1/177-20190625174030-snapshot.jpg
4,1,20190625,174530,57,1,313,418,346,444,Jun24_1/178-20190625174530-snapshot.jpg
4,1,20190625,174730,52,1,311,418,344,443,Jun24_1/178-20190625174730-snapshot.jpg
4,1,20190625,174930,51,1,311,417,344,444,Jun24_1/179-20190625174930-snapshot.jpg
4,1,20190629,030000,81,1,1192,26,1242,72,Jun24_1/19-20190629030000-snapshot.jpg
4,1,20190629,033130,40,1,1174,486,1216,536,Jun24_1/19-20190629033130-snapshot.jpg
4,1,20190629,033200,80,1,1231,540,1273,582,Jun24_1/19-20190629033200-snapshot.jpg
4,1,20190629,033230,80,1,1131,563,1172,604,Jun24_1/19-20190629033230-snapshot.jpg
4,1,20190629,033300,75,1,1213,616,1250,651,Jun24_1/19-20190629033300-snapshot.jpg
4,1,20190629,033330,50,1,1195,662,1233,700,Jun24_1/19-20190629033330-snapshot.jpg
4,1,20190629,033400,65,1,1236,569,1276,608,Jun24_1/19-20190629033400-snapshot.jpg
4,1,20190629,033500,37,1,1411,546,1452,591,Jun24_1/19-20190629033500-snapshot.jpg
4,1,20190629,033800,56,1,1410,736,1450,774,Jun24_1/19-20190629033800-snapshot.jpg
4,1,20190629,034000,75,1,1391,926,1432,964,Jun24_1/19-20190629034000-snapshot.jpg
4,1,20190629,034330,73,1,1524,1025,1567,1067,Jun24_1/19-20190629034330-snapshot.jpg
4,1,20190629,035700,74,1,1564,866,1602,904,Jun24_1/19-20190629035700-snapshot.jpg
4,1,20190629,035900,85,1,1582,824,1623,867,Jun24_1/19-20190629035900-snapshot.jpg
4,1,20190629,035930,81,1,1610,813,1652,853,Jun24_1/19-20190629035930-snapshot.jpg
4,1,20190629,040000,84,1,1629,793,1671,836,Jun24_1/19-20190629040000-snapshot.jpg
4,1,20190629,040030,62,1,1653,751,1695,791,Jun24_1/19-20190629040030-snapshot.jpg
4,1,20190629,040100,86,1,1713,786,1755,830,Jun24_1/19-20190629040100-snapshot.jpg
4,1,20190629,040430,67,1,1516,803,1556,841,Jun24_1/19-20190629040430-snapshot.jpg
4,1,20190629,040500,84,1,1506,854,1547,893,Jun24_1/19-20190629040500-snapshot.jpg
4,1,20190629,040530,85,1,1527,871,1569,914,Jun24_1/19-20190629040530-snapshot.jpg
4,1,20190629,040600,47,1,1528,913,1570,951,Jun24_1/19-20190629040600-snapshot.jpg
4,1,20190629,040630,55,1,1588,928,1630,963,Jun24_1/19-20190629040630-snapshot.jpg
4,1,20190629,040700,71,1,1531,920,1573,958,Jun24_1/19-20190629040700-snapshot.jpg
4,1,20190629,040730,71,1,1880,484,1919,521,Jun24_1/19-20190629040730-snapshot.jpg
4,1,20190629,040730,83,1,117,600,161,640,Jun24_1/19-20190629040730-snapshot.jpg
4,1,20190629,040930,78,1,1805,659,1845,698,Jun24_1/19-20190629040930-snapshot.jpg
4,1,20190629,041100,39,1,1603,861,1643,904,Jun24_1/19-20190629041100-snapshot.jpg
4,1,20190629,041230,83,1,1550,896,1592,935,Jun24_1/19-20190629041230-snapshot.jpg
4,1,20190629,041330,79,1,1528,879,1568,921,Jun24_1/19-20190629041330-snapshot.jpg
4,1,20190629,041400,50,1,248,475,287,513,Jun24_1/19-20190629041400-snapshot.jpg
4,1,20190629,041430,40,1,242,484,283,522,Jun24_1/19-20190629041430-snapshot.jpg
4,1,20190629,044600,81,1,652,187,690,225,Jun24_1/19-20190629044600-snapshot.jpg
4,1,20190629,055130,84,1,458,794,504,839,Jun24_1/19-20190629055130-snapshot.jpg
4,1,20190629,055200,56,1,490,828,532,865,Jun24_1/19-20190629055200-snapshot.jpg
4,1,20190629,055300,70,1,443,734,483,772,Jun24_1/19-20190629055300-snapshot.jpg
4,1,20190629,055400,79,1,751,751,788,786,Jun24_1/19-20190629055400-snapshot.jpg
4,1,20190629,055600,48,1,1094,650,1133,688,Jun24_1/19-20190629055600-snapshot.jpg
4,1,20190629,055630,82,1,1055,679,1097,722,Jun24_1/19-20190629055630-snapshot.jpg
4,1,20190629,055700,63,1,1875,976,1917,1013,Jun24_1/19-20190629055700-snapshot.jpg
4,1,20190629,055700,79,1,1300,652,1342,691,Jun24_1/19-20190629055700-snapshot.jpg
4,1,20190629,055900,82,1,1823,774,1866,813,Jun24_1/19-20190629055900-snapshot.jpg
4,1,20190629,060000,79,1,1724,875,1768,921,Jun24_1/19-20190629060000-snapshot.jpg
4,1,20190629,060300,45,1,1047,549,1090,592,Jun24_1/19-20190629060300-snapshot.jpg
4,1,20190629,060700,70,1,273,731,323,783,Jun24_1/19-20190629060700-snapshot.jpg
4,1,20190629,060730,89,1,90,513,140,567,Jun24_1/19-20190629060730-snapshot.jpg
4,1,20190629,065000,55,8,1718,623,1778,703,Jun24_1/19-20190629065000-snapshot.jpg
4,1,20190629,065400,41,8,1788,266,1842,334,Jun24_1/19-20190629065400-snapshot.jpg
4,1,20190629,071930,84,1,1668,688,1708,722,Jun24_1/19-20190629071930-snapshot.jpg
4,1,20190629,072030,87,1,341,469,384,506,Jun24_1/19-20190629072030-snapshot.jpg
4,1,20190629,072130,83,1,1362,475,1405,521,Jun24_1/19-20190629072130-snapshot.jpg
4,1,20190629,072200,77,1,1365,477,1408,522,Jun24_1/19-20190629072200-snapshot.jpg
4,1,20190629,072230,82,1,1363,475,1406,522,Jun24_1/19-20190629072230-snapshot.jpg
4,1,20190629,072300,68,1,1366,476,1410,524,Jun24_1/19-20190629072300-snapshot.jpg
4,1,20190629,072330,79,1,619,392,657,424,Jun24_1/19-20190629072330-snapshot.jpg
4,1,20190629,072330,84,1,1321,462,1365,509,Jun24_1/19-20190629072330-snapshot.jpg
4,1,20190629,072400,79,1,1304,488,1345,531,Jun24_1/19-20190629072400-snapshot.jpg
4,1,20190629,072400,82,1,728,419,765,451,Jun24_1/19-20190629072400-snapshot.jpg
4,1,20190629,072530,84,1,1154,175,1194,215,Jun24_1/19-20190629072530-snapshot.jpg
4,1,20190629,072600,87,1,1076,353,1116,394,Jun24_1/19-20190629072600-snapshot.jpg
4,1,20190629,072630,70,1,1544,232,1590,279,Jun24_1/19-20190629072630-snapshot.jpg
4,1,20190629,072800,68,1,1616,347,1657,385,Jun24_1/19-20190629072800-snapshot.jpg
4,1,20190629,073430,77,1,1675,639,1715,673,Jun24_1/19-20190629073430-snapshot.jpg
4,1,20190629,073500,51,1,1675,638,1716,673,Jun24_1/19-20190629073500-snapshot.jpg
4,1,20190629,073530,68,1,1678,642,1715,672,Jun24_1/19-20190629073530-snapshot.jpg
4,1,20190629,073600,82,1,1679,641,1715,672,Jun24_1/19-20190629073600-snapshot.jpg
4,1,20190629,073630,84,1,1679,642,1716,672,Jun24_1/19-20190629073630-snapshot.jpg
4,1,20190629,073700,81,1,1679,642,1715,672,Jun24_1/19-20190629073700-snapshot.jpg
4,1,20190629,073730,78,1,1679,643,1716,673,Jun24_1/19-20190629073730-snapshot.jpg
4,1,20190629,073800,83,1,1679,643,1715,673,Jun24_1/19-20190629073800-snapshot.jpg
4,1,20190629,073830,74,1,1680,643,1716,673,Jun24_1/19-20190629073830-snapshot.jpg
4,1,20190629,073900,79,1,1680,643,1716,673,Jun24_1/19-20190629073900-snapshot.jpg
4,1,20190629,073930,79,1,1680,643,1717,673,Jun24_1/19-20190629073930-snapshot.jpg
4,1,20190629,074000,58,1,1679,642,1717,673,Jun24_1/19-20190629074000-snapshot.jpg
4,1,20190629,074030,75,1,1680,643,1716,672,Jun24_1/19-20190629074030-snapshot.jpg
4,1,20190629,074100,81,1,1680,644,1717,673,Jun24_1/19-20190629074100-snapshot.jpg
4,1,20190629,074130,81,1,1680,643,1717,672,Jun24_1/19-20190629074130-snapshot.jpg
4,1,20190629,074200,84,1,1678,641,1717,674,Jun24_1/19-20190629074200-snapshot.jpg
4,1,20190629,074230,81,1,1679,641,1718,673,Jun24_1/19-20190629074230-snapshot.jpg
4,1,20190629,074300,82,1,1680,641,1717,672,Jun24_1/19-20190629074300-snapshot.jpg
4,1,20190629,074330,84,1,1680,641,1717,672,Jun24_1/19-20190629074330-snapshot.jpg
4,1,20190629,074400,82,1,1681,642,1717,671,Jun24_1/19-20190629074400-snapshot.jpg
4,1,20190629,074430,85,1,1682,638,1719,670,Jun24_1/19-20190629074430-snapshot.jpg
4,1,20190629,074500,85,1,1680,645,1719,677,Jun24_1/19-20190629074500-snapshot.jpg
4,1,20190629,074530,85,1,1688,638,1726,670,Jun24_1/19-20190629074530-snapshot.jpg
4,1,20190629,074600,85,1,1691,646,1729,676,Jun24_1/19-20190629074600-snapshot.jpg
4,1,20190629,074630,87,1,1690,644,1729,676,Jun24_1/19-20190629074630-snapshot.jpg
4,1,20190629,074700,75,1,1684,643,1724,675,Jun24_1/19-20190629074700-snapshot.jpg
4,1,20190629,074730,84,1,1687,643,1725,675,Jun24_1/19-20190629074730-snapshot.jpg
4,1,20190629,074800,86,1,1687,642,1725,673,Jun24_1/19-20190629074800-snapshot.jpg
4,1,20190629,074830,78,1,1686,644,1723,674,Jun24_1/19-20190629074830-snapshot.jpg
4,1,20190629,074900,83,1,1685,642,1724,675,Jun24_1/19-20190629074900-snapshot.jpg
4,1,20190629,074930,83,1,1685,643,1724,674,Jun24_1/19-20190629074930-snapshot.jpg
4,1,20190629,075000,84,1,1685,642,1724,674,Jun24_1/19-20190629075000-snapshot.jpg
4,1,20190629,075030,82,1,1684,643,1723,674,Jun24_1/19-20190629075030-snapshot.jpg
4,1,20190629,075100,84,1,1685,642,1724,674,Jun24_1/19-20190629075100-snapshot.jpg
4,1,20190629,075130,83,1,1684,643,1724,674,Jun24_1/19-20190629075130-snapshot.jpg
4,1,20190629,075200,84,1,1684,642,1724,674,Jun24_1/19-20190629075200-snapshot.jpg
4,1,20190629,075230,83,1,1684,643,1724,674,Jun24_1/19-20190629075230-snapshot.jpg
4,1,20190629,075300,85,1,1685,642,1724,674,Jun24_1/19-20190629075300-snapshot.jpg
4,1,20190629,075330,84,1,1685,642,1724,674,Jun24_1/19-20190629075330-snapshot.jpg
4,1,20190629,075400,86,1,1685,641,1724,673,Jun24_1/19-20190629075400-snapshot.jpg
4,1,20190629,075430,83,1,1694,656,1733,687,Jun24_1/19-20190629075430-snapshot.jpg
4,1,20190629,075500,83,1,1778,794,1820,833,Jun24_1/19-20190629075500-snapshot.jpg
4,1,20190629,075530,82,1,1751,869,1790,906,Jun24_1/19-20190629075530-snapshot.jpg
4,1,20190629,080600,82,1,1770,725,1809,761,Jun24_1/19-20190629080600-snapshot.jpg
4,1,20190629,080630,82,1,1780,646,1820,679,Jun24_1/19-20190629080630-snapshot.jpg
4,1,20190629,080900,77,1,1853,265,1897,304,Jun24_1/19-20190629080900-snapshot.jpg
4,1,20190629,080930,79,1,1646,237,1685,273,Jun24_1/19-20190629080930-snapshot.jpg
4,1,20190629,081000,82,1,1648,302,1691,342,Jun24_1/19-20190629081000-snapshot.jpg
4,1,20190629,081330,27,1,1243,847,1290,898,Jun24_1/19-20190629081330-snapshot.jpg
4,1,20190629,081330,83,1,1471,397,1512,438,Jun24_1/19-20190629081330-snapshot.jpg
4,1,20190629,081400,78,1,1366,558,1406,597,Jun24_1/19-20190629081400-snapshot.jpg
4,1,20190629,081530,77,1,1485,560,1526,601,Jun24_1/19-20190629081530-snapshot.jpg
4,1,20190629,081830,87,1,1541,765,1583,804,Jun24_1/19-20190629081830-snapshot.jpg
4,1,20190629,081900,87,1,1545,766,1587,806,Jun24_1/19-20190629081900-snapshot.jpg
4,1,20190629,081930,86,1,1544,765,1586,804,Jun24_1/19-20190629081930-snapshot.jpg
4,1,20190629,082130,86,1,968,66,1011,107,Jun24_1/19-20190629082130-snapshot.jpg
4,1,20190629,082200,87,1,992,52,1037,93,Jun24_1/19-20190629082200-snapshot.jpg
4,1,20190629,082230,87,1,993,52,1038,93,Jun24_1/19-20190629082230-snapshot.jpg
4,1,20190629,082300,87,1,993,52,1038,93,Jun24_1/19-20190629082300-snapshot.jpg
4,1,20190629,082400,87,1,1146,139,1191,183,Jun24_1/19-20190629082400-snapshot.jpg
4,1,20190629,082800,65,1,0,73,25,117,Jun24_1/19-20190629082800-snapshot.jpg
4,1,20190629,082900,85,1,0,343,35,388,Jun24_1/19-20190629082900-snapshot.jpg
4,1,20190629,083130,80,1,1763,521,1801,551,Jun24_1/19-20190629083130-snapshot.jpg
4,1,20190629,084830,80,1,1726,232,1764,263,Jun24_1/19-20190629084830-snapshot.jpg
4,1,20190629,085530,83,1,1771,577,1810,607,Jun24_1/19-20190629085530-snapshot.jpg
4,1,20190629,091630,53,3,1566,861,1622,910,Jun24_1/19-20190629091630-snapshot.jpg
4,1,20190629,091830,43,1,1361,1011,1402,1048,Jun24_1/19-20190629091830-snapshot.jpg
4,1,20190629,093500,86,1,1416,751,1458,794,Jun24_1/19-20190629093500-snapshot.jpg
4,1,20190629,100930,88,4,1780,837,1879,901,Jun24_1/19-20190629100930-snapshot.jpg
4,1,20190629,102300,87,4,1784,848,1873,934,Jun24_1/19-20190629102300-snapshot.jpg
4,1,20190629,102530,76,1,700,423,741,460,Jun24_1/19-20190629102530-snapshot.jpg
4,1,20190629,103830,70,4,1482,527,1543,590,Jun24_1/19-20190629103830-snapshot.jpg
4,1,20190629,104300,83,3,1600,821,1679,873,Jun24_1/19-20190629104300-snapshot.jpg
4,1,20190629,104400,42,2,1243,866,1323,931,Jun24_1/19-20190629104400-snapshot.jpg
4,1,20190629,104400,76,2,1105,569,1166,641,Jun24_1/19-20190629104400-snapshot.jpg
4,1,20190629,104430,33,2,1489,794,1543,852,Jun24_1/19-20190629104430-snapshot.jpg
4,1,20190629,111900,69,2,868,943,936,1006,Jun24_1/19-20190629111900-snapshot.jpg
4,1,20190629,112830,81,2,1356,651,1429,728,Jun24_1/19-20190629112830-snapshot.jpg
4,1,20190629,114030,82,2,1212,369,1272,446,Jun24_1/19-20190629114030-snapshot.jpg
4,1,20190629,114630,87,3,1785,684,1880,755,Jun24_1/19-20190629114630-snapshot.jpg
4,1,20190629,114700,57,1,1608,809,1655,855,Jun24_1/19-20190629114700-snapshot.jpg
4,1,20190629,114700,69,4,1608,808,1655,855,Jun24_1/19-20190629114700-snapshot.jpg
4,1,20190629,114700,85,4,833,557,894,627,Jun24_1/19-20190629114700-snapshot.jpg
4,1,20190629,120630,81,2,1416,474,1475,555,Jun24_1/19-20190629120630-snapshot.jpg
4,1,20190629,120700,83,2,1421,555,1510,609,Jun24_1/19-20190629120700-snapshot.jpg
4,1,20190629,121800,77,2,1109,534,1169,616,Jun24_1/19-20190629121800-snapshot.jpg
4,1,20190629,122330,77,1,522,119,561,159,Jun24_1/19-20190629122330-snapshot.jpg
4,1,20190629,122900,67,4,1550,589,1603,629,Jun24_1/19-20190629122900-snapshot.jpg
4,1,20190629,123230,77,1,1515,465,1555,503,Jun24_1/19-20190629123230-snapshot.jpg
4,1,20190629,123300,85,1,1375,293,1426,339,Jun24_1/19-20190629123300-snapshot.jpg
4,1,20190629,123400,30,2,849,865,905,938,Jun24_1/19-20190629123400-snapshot.jpg
4,1,20190629,123630,78,1,1797,828,1841,861,Jun24_1/19-20190629123630-snapshot.jpg
4,1,20190629,124230,88,4,1797,827,1886,892,Jun24_1/19-20190629124230-snapshot.jpg
4,1,20190629,124800,52,1,1203,125,1247,162,Jun24_1/19-20190629124800-snapshot.jpg
4,1,20190629,124900,82,1,1483,679,1526,724,Jun24_1/19-20190629124900-snapshot.jpg
4,1,20190629,125130,81,2,990,707,1072,768,Jun24_1/19-20190629125130-snapshot.jpg
4,1,20190629,125300,69,2,489,579,561,639,Jun24_1/19-20190629125300-snapshot.jpg
4,1,20190629,130030,83,2,1500,896,1556,962,Jun24_1/19-20190629130030-snapshot.jpg
4,1,20190629,130100,81,2,829,894,886,968,Jun24_1/19-20190629130100-snapshot.jpg
4,1,20190629,130600,82,1,1476,747,1519,786,Jun24_1/19-20190629130600-snapshot.jpg
4,1,20190629,130700,67,2,1659,323,1740,375,Jun24_1/19-20190629130700-snapshot.jpg
4,1,20190629,130900,60,2,1278,848,1351,910,Jun24_1/19-20190629130900-snapshot.jpg
4,1,20190629,131700,85,1,508,469,552,506,Jun24_1/19-20190629131700-snapshot.jpg
4,1,20190629,132200,82,2,1478,408,1536,480,Jun24_1/19-20190629132200-snapshot.jpg
4,1,20190629,132230,75,2,1075,388,1148,455,Jun24_1/19-20190629132230-snapshot.jpg
4,1,20190629,133100,86,4,1350,960,1410,1037,Jun24_1/19-20190629133100-snapshot.jpg
4,1,20190629,133530,79,4,1795,677,1857,737,Jun24_1/19-20190629133530-snapshot.jpg
4,1,20190629,133630,84,1,1206,330,1254,385,Jun24_1/19-20190629133630-snapshot.jpg
4,1,20190629,133700,89,1,1173,91,1223,142,Jun24_1/19-20190629133700-snapshot.jpg
4,1,20190629,133730,89,1,950,212,996,261,Jun24_1/19-20190629133730-snapshot.jpg
4,1,20190629,135030,83,2,1201,190,1267,273,Jun24_1/19-20190629135030-snapshot.jpg
4,1,20190629,135400,85,3,1405,561,1492,625,Jun24_1/19-20190629135400-snapshot.jpg
4,1,20190629,135800,81,3,1561,625,1644,681,Jun24_1/19-20190629135800-snapshot.jpg
4,1,20190629,140800,87,1,961,78,1008,123,Jun24_1/19-20190629140800-snapshot.jpg
4,1,20190629,140830,80,1,986,240,1026,274,Jun24_1/19-20190629140830-snapshot.jpg
4,1,20190629,141100,59,2,1469,558,1541,609,Jun24_1/19-20190629141100-snapshot.jpg
4,1,20190629,141130,46,2,973,818,1042,875,Jun24_1/19-20190629141130-snapshot.jpg
4,1,20190629,141500,85,2,50,253,107,337,Jun24_1/19-20190629141500-snapshot.jpg
4,1,20190629,141730,31,2,783,713,839,775,Jun24_1/19-20190629141730-snapshot.jpg
4,1,20190629,142330,61,2,1691,352,1751,432,Jun24_1/19-20190629142330-snapshot.jpg
4,1,20190629,142600,79,2,1150,294,1214,373,Jun24_1/19-20190629142600-snapshot.jpg
4,1,20190629,142730,54,2,1626,704,1683,781,Jun24_1/19-20190629142730-snapshot.jpg
4,1,20190629,143130,68,2,0,409,48,466,Jun24_1/19-20190629143130-snapshot.jpg
4,1,20190629,145930,29,5,1431,625,1480,676,Jun24_1/19-20190629145930-snapshot.jpg
4,1,20190629,150030,83,2,1504,649,1563,731,Jun24_1/19-20190629150030-snapshot.jpg
4,1,20190629,150330,57,2,1477,676,1535,756,Jun24_1/19-20190629150330-snapshot.jpg
4,1,20190629,151030,82,2,1478,207,1569,274,Jun24_1/19-20190629151030-snapshot.jpg
4,1,20190629,152300,34,1,741,822,803,880,Jun24_1/19-20190629152300-snapshot.jpg
4,1,20190629,152430,53,1,742,821,802,879,Jun24_1/19-20190629152430-snapshot.jpg
4,1,20190629,152600,78,2,1215,410,1288,465,Jun24_1/19-20190629152600-snapshot.jpg
4,1,20190629,152830,81,2,1380,410,1439,484,Jun24_1/19-20190629152830-snapshot.jpg
4,1,20190629,152930,38,4,719,816,807,887,Jun24_1/19-20190629152930-snapshot.jpg
4,1,20190629,153000,31,4,720,815,804,884,Jun24_1/19-20190629153000-snapshot.jpg
4,1,20190629,153230,59,4,722,815,806,885,Jun24_1/19-20190629153230-snapshot.jpg
4,1,20190629,153400,60,4,718,815,805,883,Jun24_1/19-20190629153400-snapshot.jpg
4,1,20190629,153530,78,4,726,815,805,880,Jun24_1/19-20190629153530-snapshot.jpg
4,1,20190629,154130,56,4,725,815,805,883,Jun24_1/19-20190629154130-snapshot.jpg
4,1,20190629,160330,26,2,1384,733,1456,799,Jun24_1/19-20190629160330-snapshot.jpg
4,1,20190629,162600,57,2,33,724,125,791,Jun24_1/19-20190629162600-snapshot.jpg
4,1,20190629,162830,58,2,48,981,122,1043,Jun24_1/19-20190629162830-snapshot.jpg
4,1,20190629,163630,29,2,297,438,367,490,Jun24_1/19-20190629163630-snapshot.jpg
4,1,20190629,164230,34,2,1614,729,1682,804,Jun24_1/19-20190629164230-snapshot.jpg
4,1,20190629,165030,79,2,1148,431,1208,509,Jun24_1/19-20190629165030-snapshot.jpg
4,1,20190629,170700,66,1,729,286,766,317,Jun24_1/19-20190629170700-snapshot.jpg
4,1,20190629,171000,87,1,1131,367,1181,423,Jun24_1/19-20190629171000-snapshot.jpg
4,1,20190629,171100,76,1,733,584,770,618,Jun24_1/19-20190629171100-snapshot.jpg
4,1,20190629,171130,72,1,875,653,915,689,Jun24_1/19-20190629171130-snapshot.jpg
4,1,20190629,171230,82,1,1453,1042,1496,1079,Jun24_1/19-20190629171230-snapshot.jpg
4,1,20190629,171500,71,2,1480,235,1567,283,Jun24_1/19-20190629171500-snapshot.jpg
4,1,20190629,172200,36,4,1159,768,1222,832,Jun24_1/19-20190629172200-snapshot.jpg
4,1,20190629,172200,79,1,1754,763,1794,798,Jun24_1/19-20190629172200-snapshot.jpg
4,1,20190629,173230,64,2,965,675,1019,731,Jun24_1/19-20190629173230-snapshot.jpg
4,1,20190629,174100,77,4,990,1003,1057,1065,Jun24_1/19-20190629174100-snapshot.jpg
4,1,20190629,174600,89,4,1256,974,1345,1047,Jun24_1/19-20190629174600-snapshot.jpg
4,1,20190629,175100,61,3,1637,618,1717,669,Jun24_1/19-20190629175100-snapshot.jpg
4,1,20190629,175830,86,1,1055,899,1098,940,Jun24_1/19-20190629175830-snapshot.jpg
4,1,20190629,175930,82,1,1438,886,1480,926,Jun24_1/19-20190629175930-snapshot.jpg
4,1,20190629,180400,84,1,1887,761,1920,798,Jun24_1/19-20190629180400-snapshot.jpg
4,1,20190629,180600,68,2,1488,182,1565,250,Jun24_1/19-20190629180600-snapshot.jpg
4,1,20190629,181330,81,1,1394,827,1435,863,Jun24_1/19-20190629181330-snapshot.jpg
4,1,20190629,181430,54,1,1010,79,1053,119,Jun24_1/19-20190629181430-snapshot.jpg
4,1,20190629,181430,76,2,1486,586,1572,633,Jun24_1/19-20190629181430-snapshot.jpg
4,1,20190629,182100,55,4,1863,861,1919,934,Jun24_1/19-20190629182100-snapshot.jpg
4,1,20190629,183830,85,2,1550,783,1610,862,Jun24_1/19-20190629183830-snapshot.jpg
4,1,20190629,184730,57,2,195,431,276,497,Jun24_1/19-20190629184730-snapshot.jpg
4,1,20190629,192200,76,1,401,591,441,628,Jun24_1/19-20190629192200-snapshot.jpg
4,1,20190629,192400,84,1,125,334,168,375,Jun24_1/19-20190629192400-snapshot.jpg
4,1,20190629,192430,44,1,0,426,18,467,Jun24_1/19-20190629192430-snapshot.jpg
4,1,20190629,192500,70,1,0,421,18,466,Jun24_1/19-20190629192500-snapshot.jpg
4,1,20190629,192900,79,1,2,471,41,508,Jun24_1/19-20190629192900-snapshot.jpg
4,1,20190629,194000,78,1,436,971,474,1008,Jun24_1/19-20190629194000-snapshot.jpg
4,1,20190629,194030,83,1,453,663,491,701,Jun24_1/19-20190629194030-snapshot.jpg
4,1,20190629,195330,83,1,1438,766,1478,804,Jun24_1/19-20190629195330-snapshot.jpg
4,1,20190629,195730,70,1,1513,503,1552,541,Jun24_1/19-20190629195730-snapshot.jpg
4,1,20190629,195930,86,1,899,132,944,180,Jun24_1/19-20190629195930-snapshot.jpg
4,1,20190629,200030,83,1,983,298,1028,348,Jun24_1/19-20190629200030-snapshot.jpg
4,1,20190629,200100,86,1,970,300,1015,351,Jun24_1/19-20190629200100-snapshot.jpg
4,1,20190629,200130,85,1,997,270,1038,309,Jun24_1/19-20190629200130-snapshot.jpg
4,1,20190629,200200,87,1,1001,247,1049,303,Jun24_1/19-20190629200200-snapshot.jpg
4,1,20190629,200300,87,1,944,303,985,350,Jun24_1/19-20190629200300-snapshot.jpg
4,1,20190629,200430,86,1,994,226,1039,277,Jun24_1/19-20190629200430-snapshot.jpg
4,1,20190629,200500,76,1,895,333,932,369,Jun24_1/19-20190629200500-snapshot.jpg
4,1,20190629,200530,82,1,949,482,990,527,Jun24_1/19-20190629200530-snapshot.jpg
4,1,20190629,200730,84,1,1319,919,1362,960,Jun24_1/19-20190629200730-snapshot.jpg
4,1,20190629,200800,84,1,1389,790,1432,831,Jun24_1/19-20190629200800-snapshot.jpg
4,1,20190629,201030,53,1,1617,630,1654,662,Jun24_1/19-20190629201030-snapshot.jpg
4,1,20190629,201230,70,1,1365,848,1403,886,Jun24_1/19-20190629201230-snapshot.jpg
4,1,20190626,073000,81,4,1589,396,1649,435,Jun24_1/322-20190626073000-snapshot.jpg
4,1,20190626,081530,81,4,925,915,978,978,Jun24_1/331-20190626081530-snapshot.jpg
4,1,20190626,083100,77,3,1377,342,1448,392,Jun24_1/334-20190626083100-snapshot.jpg
4,1,20190626,084600,74,4,546,488,593,536,Jun24_1/335-20190626084600-snapshot.jpg
4,1,20190626,085300,62,4,1370,158,1408,192,Jun24_1/335-20190626085300-snapshot.jpg
4,1,20190626,085630,60,4,1060,950,1103,991,Jun24_1/335-20190626085630-snapshot.jpg
4,1,20190626,085830,79,4,1689,984,1731,1031,Jun24_1/335-20190626085830-snapshot.jpg
4,1,20190626,090800,60,4,589,533,648,583,Jun24_1/335-20190626090800-snapshot.jpg
4,1,20190626,091730,78,4,610,582,661,623,Jun24_1/335-20190626091730-snapshot.jpg
4,1,20190626,092400,78,4,937,881,990,935,Jun24_1/335-20190626092400-snapshot.jpg
4,1,20190626,093700,82,4,1684,183,1738,243,Jun24_1/335-20190626093700-snapshot.jpg
4,1,20190626,095000,80,4,1328,396,1373,450,Jun24_1/335-20190626095000-snapshot.jpg
4,1,20190626,095230,74,4,1482,993,1532,1041,Jun24_1/335-20190626095230-snapshot.jpg
4,1,20190626,100000,73,4,1726,176,1775,232,Jun24_1/335-20190626100000-snapshot.jpg
4,1,20190626,100230,50,4,0,363,31,424,Jun24_1/335-20190626100230-snapshot.jpg
4,1,20190626,100900,80,4,556,654,607,705,Jun24_1/335-20190626100900-snapshot.jpg
4,1,20190626,101700,47,2,672,825,725,866,Jun24_1/335-20190626101700-snapshot.jpg
4,1,20190626,101700,70,4,1689,922,1737,962,Jun24_1/335-20190626101700-snapshot.jpg
4,1,20190626,101800,65,2,1334,174,1383,211,Jun24_1/335-20190626101800-snapshot.jpg
4,1,20190626,102300,61,4,462,822,509,878,Jun24_1/335-20190626102300-snapshot.jpg
4,1,20190626,103100,80,4,1427,330,1475,382,Jun24_1/335-20190626103100-snapshot.jpg
4,1,20190626,104130,32,2,859,197,908,240,Jun24_1/335-20190626104130-snapshot.jpg
4,1,20190626,104400,79,4,1001,974,1046,1026,Jun24_1/335-20190626104400-snapshot.jpg
4,1,20190626,104500,72,4,276,509,322,558,Jun24_1/335-20190626104500-snapshot.jpg
4,1,20190626,104900,65,4,1735,941,1782,982,Jun24_1/335-20190626104900-snapshot.jpg
4,1,20190626,105000,59,2,863,809,914,864,Jun24_1/335-20190626105000-snapshot.jpg
4,1,20190626,105000,83,4,1315,680,1367,742,Jun24_1/335-20190626105000-snapshot.jpg
4,1,20190626,105100,81,4,727,406,775,457,Jun24_1/335-20190626105100-snapshot.jpg
4,1,20190626,105130,85,4,1440,213,1491,275,Jun24_1/335-20190626105130-snapshot.jpg
4,1,20190626,105800,63,1,129,1001,169,1041,Jun24_1/335-20190626105800-snapshot.jpg
4,1,20190626,110000,42,3,14,728,83,780,Jun24_1/335-20190626110000-snapshot.jpg
4,1,20190626,110000,73,4,1433,924,1484,976,Jun24_1/335-20190626110000-snapshot.jpg
4,1,20190626,110130,61,4,1621,924,1664,960,Jun24_1/335-20190626110130-snapshot.jpg
4,1,20190626,110200,85,4,1373,227,1421,290,Jun24_1/335-20190626110200-snapshot.jpg
4,1,20190626,110630,78,3,1383,347,1430,395,Jun24_1/335-20190626110630-snapshot.jpg
4,1,20190626,110900,78,4,1480,1002,1532,1060,Jun24_1/335-20190626110900-snapshot.jpg
4,1,20190626,110930,83,4,1268,401,1323,457,Jun24_1/335-20190626110930-snapshot.jpg
4,1,20190626,111330,81,2,451,517,506,575,Jun24_1/335-20190626111330-snapshot.jpg
4,1,20190626,111530,81,4,1562,994,1618,1038,Jun24_1/335-20190626111530-snapshot.jpg
4,1,20190626,111600,75,4,668,821,720,864,Jun24_1/335-20190626111600-snapshot.jpg
4,1,20190626,111800,69,4,171,806,229,851,Jun24_1/335-20190626111800-snapshot.jpg
4,1,20190626,111830,80,3,578,482,619,533,Jun24_1/335-20190626111830-snapshot.jpg
4,1,20190626,114400,46,2,1878,528,1920,570,Jun24_1/335-20190626114400-snapshot.jpg
4,1,20190626,114930,36,1,1807,615,1846,648,Jun24_1/335-20190626114930-snapshot.jpg
4,1,20190626,115500,44,4,93,0,151,41,Jun24_1/335-20190626115500-snapshot.jpg
4,1,20190626,115600,47,1,0,1007,36,1047,Jun24_1/335-20190626115600-snapshot.jpg
4,1,20190626,115600,61,1,1897,739,1920,769,Jun24_1/335-20190626115600-snapshot.jpg
4,1,20190626,120000,64,2,1439,981,1488,1031,Jun24_1/335-20190626120000-snapshot.jpg
4,1,20190626,120230,68,2,1341,448,1400,487,Jun24_1/335-20190626120230-snapshot.jpg
4,1,20190626,120430,80,2,585,470,636,530,Jun24_1/335-20190626120430-snapshot.jpg
4,1,20190626,120730,73,4,587,617,634,660,Jun24_1/335-20190626120730-snapshot.jpg
4,1,20190626,121400,76,2,495,585,544,634,Jun24_1/335-20190626121400-snapshot.jpg
4,1,20190626,122530,74,3,14,190,68,239,Jun24_1/335-20190626122530-snapshot.jpg
4,1,20190626,122600,59,1,1881,432,1917,465,Jun24_1/335-20190626122600-snapshot.jpg
4,1,20190626,123730,61,1,1095,686,1130,720,Jun24_1/335-20190626123730-snapshot.jpg
4,1,20190626,123800,79,1,1133,719,1173,756,Jun24_1/335-20190626123800-snapshot.jpg
4,1,20190626,123830,63,1,1130,721,1169,759,Jun24_1/335-20190626123830-snapshot.jpg
4,1,20190626,123900,76,1,1129,721,1168,758,Jun24_1/335-20190626123900-snapshot.jpg
4,1,20190626,123930,84,1,1129,720,1168,759,Jun24_1/335-20190626123930-snapshot.jpg
4,1,20190626,124000,80,1,1163,732,1201,765,Jun24_1/335-20190626124000-snapshot.jpg
4,1,20190626,124030,68,1,1216,911,1253,945,Jun24_1/335-20190626124030-snapshot.jpg
4,1,20190626,124400,40,2,0,800,59,854,Jun24_1/335-20190626124400-snapshot.jpg
4,1,20190626,125830,44,3,1634,134,1675,171,Jun24_1/335-20190626125830-snapshot.jpg
4,1,20190626,130330,79,3,1297,420,1336,469,Jun24_1/335-20190626130330-snapshot.jpg
4,1,20190626,130400,29,4,1251,1018,1300,1070,Jun24_1/335-20190626130400-snapshot.jpg
4,1,20190626,130430,75,4,951,873,1000,924,Jun24_1/335-20190626130430-snapshot.jpg
4,1,20190626,130530,69,2,1421,210,1482,251,Jun24_1/335-20190626130530-snapshot.jpg
4,1,20190626,130630,80,4,1629,111,1693,151,Jun24_1/335-20190626130630-snapshot.jpg
4,1,20190626,131200,86,4,1579,1013,1653,1067,Jun24_1/335-20190626131200-snapshot.jpg
4,1,20190626,131330,76,4,952,895,1007,940,Jun24_1/335-20190626131330-snapshot.jpg
4,1,20190626,131400,72,1,1660,947,1696,978,Jun24_1/335-20190626131400-snapshot.jpg
4,1,20190626,132300,73,2,19,176,86,217,Jun24_1/335-20190626132300-snapshot.jpg
4,1,20190626,132530,78,2,1183,138,1234,200,Jun24_1/335-20190626132530-snapshot.jpg
4,1,20190626,133000,36,2,656,780,707,833,Jun24_1/335-20190626133000-snapshot.jpg
4,1,20190626,133930,77,2,0,900,48,960,Jun24_1/335-20190626133930-snapshot.jpg
4,1,20190626,134200,45,4,938,893,988,936,Jun24_1/335-20190626134200-snapshot.jpg
4,1,20190626,134530,83,1,1495,254,1533,285,Jun24_1/335-20190626134530-snapshot.jpg
4,1,20190626,134900,77,4,1459,956,1510,1005,Jun24_1/335-20190626134900-snapshot.jpg
4,1,20190626,135030,81,1,675,845,711,878,Jun24_1/335-20190626135030-snapshot.jpg
4,1,20190626,135100,87,1,1019,412,1057,448,Jun24_1/335-20190626135100-snapshot.jpg
4,1,20190626,135230,38,3,1885,191,1920,257,Jun24_1/335-20190626135230-snapshot.jpg
4,1,20190626,135300,44,1,688,564,721,596,Jun24_1/335-20190626135300-snapshot.jpg
4,1,20190626,135300,80,4,905,870,959,918,Jun24_1/335-20190626135300-snapshot.jpg
4,1,20190626,135400,67,3,1680,976,1731,1020,Jun24_1/335-20190626135400-snapshot.jpg
4,1,20190626,135430,84,4,1730,170,1805,218,Jun24_1/335-20190626135430-snapshot.jpg
4,1,20190626,135500,85,1,1208,218,1246,253,Jun24_1/335-20190626135500-snapshot.jpg
4,1,20190626,135600,36,2,965,978,1022,1013,Jun24_1/335-20190626135600-snapshot.jpg
4,1,20190626,140100,31,1,17,291,50,323,Jun24_1/335-20190626140100-snapshot.jpg
4,1,20190626,140930,68,3,1296,444,1342,492,Jun24_1/335-20190626140930-snapshot.jpg
4,1,20190626,141430,83,1,1709,259,1750,298,Jun24_1/335-20190626141430-snapshot.jpg
4,1,20190626,141630,84,1,1811,545,1848,575,Jun24_1/335-20190626141630-snapshot.jpg
4,1,20190626,141700,81,1,1768,610,1803,638,Jun24_1/335-20190626141700-snapshot.jpg
4,1,20190626,141730,40,1,1582,537,1615,565,Jun24_1/335-20190626141730-snapshot.jpg
4,1,20190626,141830,79,1,1257,739,1295,776,Jun24_1/335-20190626141830-snapshot.jpg
4,1,20190626,141900,69,4,193,20,240,61,Jun24_1/335-20190626141900-snapshot.jpg
4,1,20190626,142830,83,1,1663,238,1705,274,Jun24_1/335-20190626142830-snapshot.jpg
4,1,20190626,142930,83,1,1716,392,1757,424,Jun24_1/335-20190626142930-snapshot.jpg
4,1,20190626,143030,82,1,1538,422,1580,461,Jun24_1/335-20190626143030-snapshot.jpg
4,1,20190626,143100,46,1,1392,404,1427,435,Jun24_1/335-20190626143100-snapshot.jpg
4,1,20190626,143200,48,2,70,200,117,254,Jun24_1/335-20190626143200-snapshot.jpg
4,1,20190626,143200,82,1,1069,66,1107,101,Jun24_1/335-20190626143200-snapshot.jpg
4,1,20190626,143430,76,1,1345,209,1382,244,Jun24_1/335-20190626143430-snapshot.jpg
4,1,20190626,143530,83,1,984,190,1025,227,Jun24_1/335-20190626143530-snapshot.jpg
4,1,20190626,144400,77,4,1620,988,1668,1030,Jun24_1/335-20190626144400-snapshot.jpg
4,1,20190626,153500,40,1,171,78,204,107,Jun24_1/335-20190626153500-snapshot.jpg
4,1,20190626,153530,33,1,20,291,54,323,Jun24_1/335-20190626153530-snapshot.jpg
4,1,20190626,154630,79,1,71,559,107,587,Jun24_1/336-20190626154630-snapshot.jpg
4,1,20190626,154900,32,1,63,718,97,749,Jun24_1/336-20190626154900-snapshot.jpg
4,1,20190626,155130,70,4,98,761,150,812,Jun24_1/336-20190626155130-snapshot.jpg
4,1,20190626,160030,56,1,184,1054,220,1079,Jun24_1/336-20190626160030-snapshot.jpg
4,1,20190626,160130,80,1,289,816,328,852,Jun24_1/336-20190626160130-snapshot.jpg
4,1,20190626,160230,83,1,363,639,400,671,Jun24_1/336-20190626160230-snapshot.jpg
4,1,20190626,160330,85,1,304,688,341,722,Jun24_1/336-20190626160330-snapshot.jpg
4,1,20190626,160400,82,1,368,740,407,774,Jun24_1/336-20190626160400-snapshot.jpg
4,1,20190626,160500,49,1,382,722,419,753,Jun24_1/336-20190626160500-snapshot.jpg
4,1,20190626,160530,81,1,334,780,372,815,Jun24_1/336-20190626160530-snapshot.jpg
4,1,20190626,160630,86,1,384,813,422,846,Jun24_1/336-20190626160630-snapshot.jpg
4,1,20190626,160830,81,1,406,817,447,854,Jun24_1/336-20190626160830-snapshot.jpg
4,1,20190626,160900,30,1,545,888,582,921,Jun24_1/336-20190626160900-snapshot.jpg
4,1,20190626,161000,79,1,543,878,583,917,Jun24_1/336-20190626161000-snapshot.jpg
4,1,20190626,161030,83,1,491,776,531,812,Jun24_1/336-20190626161030-snapshot.jpg
4,1,20190626,161100,37,1,621,879,661,914,Jun24_1/336-20190626161100-snapshot.jpg
4,1,20190626,161130,74,1,570,928,613,972,Jun24_1/336-20190626161130-snapshot.jpg
4,1,20190626,161130,77,4,1540,985,1587,1030,Jun24_1/336-20190626161130-snapshot.jpg
4,1,20190626,161200,79,1,714,927,754,972,Jun24_1/336-20190626161200-snapshot.jpg
4,1,20190626,161230,80,1,717,929,758,975,Jun24_1/336-20190626161230-snapshot.jpg
4,1,20190626,161300,82,1,726,844,768,883,Jun24_1/336-20190626161300-snapshot.jpg
4,1,20190626,161330,83,1,775,766,813,804,Jun24_1/336-20190626161330-snapshot.jpg
4,1,20190626,161430,84,1,734,719,773,761,Jun24_1/336-20190626161430-snapshot.jpg
4,1,20190626,161500,62,1,812,630,849,662,Jun24_1/336-20190626161500-snapshot.jpg
4,1,20190626,161530,55,1,832,558,867,589,Jun24_1/336-20190626161530-snapshot.jpg
4,1,20190626,161600,70,1,890,492,925,526,Jun24_1/336-20190626161600-snapshot.jpg
4,1,20190626,161630,84,1,947,421,985,460,Jun24_1/336-20190626161630-snapshot.jpg
4,1,20190626,161700,75,1,878,344,914,377,Jun24_1/336-20190626161700-snapshot.jpg
4,1,20190626,161730,85,1,991,368,1030,406,Jun24_1/336-20190626161730-snapshot.jpg
4,1,20190626,161800,84,1,1152,267,1191,304,Jun24_1/336-20190626161800-snapshot.jpg
4,1,20190626,161830,69,1,1192,161,1227,190,Jun24_1/336-20190626161830-snapshot.jpg
4,1,20190626,162000,80,1,1434,67,1472,99,Jun24_1/336-20190626162000-snapshot.jpg
4,1,20190626,162430,86,1,1728,28,1769,62,Jun24_1/336-20190626162430-snapshot.jpg
4,1,20190626,163200,80,1,1803,99,1845,136,Jun24_1/336-20190626163200-snapshot.jpg
4,1,20190626,165530,63,1,1413,887,1452,922,Jun24_1/336-20190626165530-snapshot.jpg
4,1,20190626,165600,53,1,1392,882,1433,917,Jun24_1/336-20190626165600-snapshot.jpg
4,1,20190626,165630,80,1,1307,801,1344,839,Jun24_1/336-20190626165630-snapshot.jpg
4,1,20190626,165730,74,1,1277,587,1314,619,Jun24_1/336-20190626165730-snapshot.jpg
4,1,20190626,165800,82,1,1173,450,1212,488,Jun24_1/336-20190626165800-snapshot.jpg
4,1,20190626,165830,84,1,1000,339,1038,375,Jun24_1/336-20190626165830-snapshot.jpg
4,1,20190626,165900,84,1,934,318,971,356,Jun24_1/336-20190626165900-snapshot.jpg
4,1,20190626,165930,75,1,953,342,989,377,Jun24_1/336-20190626165930-snapshot.jpg
4,1,20190626,170000,81,1,925,332,962,366,Jun24_1/336-20190626170000-snapshot.jpg
4,1,20190626,170030,85,1,958,279,1001,322,Jun24_1/336-20190626170030-snapshot.jpg
4,1,20190626,170100,80,1,956,302,997,341,Jun24_1/336-20190626170100-snapshot.jpg
4,1,20190626,170130,39,1,951,259,987,290,Jun24_1/336-20190626170130-snapshot.jpg
4,1,20190626,170200,79,1,938,286,975,321,Jun24_1/336-20190626170200-snapshot.jpg
4,1,20190626,170300,73,1,937,285,974,320,Jun24_1/336-20190626170300-snapshot.jpg
4,1,20190626,170330,68,1,923,270,959,303,Jun24_1/336-20190626170330-snapshot.jpg
4,1,20190626,170800,57,1,206,266,240,297,Jun24_1/336-20190626170800-snapshot.jpg
4,1,20190626,171330,80,1,1652,98,1690,128,Jun24_1/336-20190626171330-snapshot.jpg
4,1,20190626,171430,84,1,1435,131,1478,173,Jun24_1/336-20190626171430-snapshot.jpg
4,1,20190626,171500,68,1,1324,138,1365,176,Jun24_1/336-20190626171500-snapshot.jpg
4,1,20190626,171530,82,1,1322,186,1362,222,Jun24_1/336-20190626171530-snapshot.jpg
4,1,20190626,171630,84,1,1056,492,1097,532,Jun24_1/336-20190626171630-snapshot.jpg
4,1,20190626,171730,85,1,1073,503,1115,545,Jun24_1/336-20190626171730-snapshot.jpg
4,1,20190626,171830,85,1,1061,510,1104,552,Jun24_1/336-20190626171830-snapshot.jpg
4,1,20190626,171900,82,1,1048,647,1085,685,Jun24_1/336-20190626171900-snapshot.jpg
4,1,20190626,171930,75,1,1159,727,1197,763,Jun24_1/336-20190626171930-snapshot.jpg
4,1,20190626,172000,75,1,1129,733,1168,772,Jun24_1/336-20190626172000-snapshot.jpg
4,1,20190626,172030,80,1,1127,733,1168,774,Jun24_1/336-20190626172030-snapshot.jpg
4,1,20190626,172100,78,1,1118,733,1157,772,Jun24_1/336-20190626172100-snapshot.jpg
4,1,20190626,172130,34,1,1110,736,1147,774,Jun24_1/336-20190626172130-snapshot.jpg
4,1,20190626,172200,72,1,1108,733,1146,771,Jun24_1/336-20190626172200-snapshot.jpg
4,1,20190626,172200,80,1,1426,759,1467,800,Jun24_1/336-20190626172200-snapshot.jpg
4,1,20190626,172230,82,1,1112,732,1151,772,Jun24_1/336-20190626172230-snapshot.jpg
4,1,20190626,172300,83,1,1115,709,1155,751,Jun24_1/336-20190626172300-snapshot.jpg
4,1,20190626,172330,82,1,1463,598,1503,637,Jun24_1/336-20190626172330-snapshot.jpg
4,1,20190626,172400,84,1,1459,606,1500,645,Jun24_1/336-20190626172400-snapshot.jpg
4,1,20190626,172400,84,1,1146,692,1185,734,Jun24_1/336-20190626172400-snapshot.jpg
4,1,20190626,172430,80,1,1171,695,1208,731,Jun24_1/336-20190626172430-snapshot.jpg
4,1,20190626,172500,71,1,1445,596,1486,631,Jun24_1/336-20190626172500-snapshot.jpg
4,1,20190626,172600,83,1,1129,759,1169,802,Jun24_1/336-20190626172600-snapshot.jpg
4,1,20190626,172600,85,1,1335,527,1373,564,Jun24_1/336-20190626172600-snapshot.jpg
4,1,20190626,172630,26,1,1300,396,1334,426,Jun24_1/336-20190626172630-snapshot.jpg
4,1,20190626,172630,47,1,1229,868,1269,904,Jun24_1/336-20190626172630-snapshot.jpg
4,1,20190626,172700,68,1,1168,980,1207,1017,Jun24_1/336-20190626172700-snapshot.jpg
4,1,20190626,172700,83,1,1255,315,1293,351,Jun24_1/336-20190626172700-snapshot.jpg
4,1,20190626,172730,62,1,1124,1037,1163,1074,Jun24_1/336-20190626172730-snapshot.jpg
4,1,20190626,172730,76,1,1252,331,1291,369,Jun24_1/336-20190626172730-snapshot.jpg
4,1,20190626,172800,80,1,1251,342,1289,378,Jun24_1/336-20190626172800-snapshot.jpg
4,1,20190626,172830,82,1,1257,330,1294,367,Jun24_1/336-20190626172830-snapshot.jpg
4,1,20190626,172900,79,1,1255,330,1291,363,Jun24_1/336-20190626172900-snapshot.jpg
4,1,20190626,172930,79,1,1248,325,1284,357,Jun24_1/336-20190626172930-snapshot.jpg
4,1,20190626,173030,80,1,1253,327,1290,361,Jun24_1/336-20190626173030-snapshot.jpg
4,1,20190626,173100,79,1,1247,321,1284,356,Jun24_1/336-20190626173100-snapshot.jpg
4,1,20190626,173200,83,1,1210,359,1249,396,Jun24_1/336-20190626173200-snapshot.jpg
4,1,20190626,173230,84,1,1256,316,1295,354,Jun24_1/336-20190626173230-snapshot.jpg
4,1,20190626,173300,82,1,1231,240,1269,277,Jun24_1/336-20190626173300-snapshot.jpg
4,1,20190626,173700,79,1,407,85,447,120,Jun24_1/336-20190626173700-snapshot.jpg
4,1,20190626,173730,84,1,425,146,463,178,Jun24_1/336-20190626173730-snapshot.jpg
4,1,20190626,173800,81,1,530,220,575,266,Jun24_1/336-20190626173800-snapshot.jpg
4,1,20190626,173930,69,1,773,419,811,453,Jun24_1/336-20190626173930-snapshot.jpg
4,1,20190626,174000,81,1,862,608,899,645,Jun24_1/336-20190626174000-snapshot.jpg
4,1,20190626,181300,84,1,1772,437,1810,468,Jun24_1/336-20190626181300-snapshot.jpg
4,1,20190626,181400,84,1,1812,552,1850,584,Jun24_1/336-20190626181400-snapshot.jpg
4,1,20190626,181500,76,1,1548,605,1587,636,Jun24_1/336-20190626181500-snapshot.jpg
4,1,20190626,181530,67,1,1509,621,1550,657,Jun24_1/336-20190626181530-snapshot.jpg
4,1,20190626,181700,84,1,1470,456,1509,496,Jun24_1/336-20190626181700-snapshot.jpg
4,1,20190626,181800,84,1,1715,367,1759,406,Jun24_1/336-20190626181800-snapshot.jpg
4,1,20190626,181830,82,1,1693,432,1731,465,Jun24_1/336-20190626181830-snapshot.jpg
4,1,20190626,181900,85,1,1680,416,1721,452,Jun24_1/336-20190626181900-snapshot.jpg
4,1,20190626,182000,76,1,1742,366,1782,398,Jun24_1/336-20190626182000-snapshot.jpg
4,1,20190626,182030,77,1,1734,377,1775,410,Jun24_1/336-20190626182030-snapshot.jpg
4,1,20190626,182100,74,1,1677,418,1715,450,Jun24_1/336-20190626182100-snapshot.jpg
4,1,20190626,182230,71,1,1720,411,1758,444,Jun24_1/336-20190626182230-snapshot.jpg
4,1,20190626,182330,83,1,1596,433,1639,475,Jun24_1/336-20190626182330-snapshot.jpg
4,1,20190626,182430,81,1,1564,668,1600,699,Jun24_1/336-20190626182430-snapshot.jpg
4,1,20190626,182530,51,1,1606,877,1645,911,Jun24_1/336-20190626182530-snapshot.jpg
4,1,20190626,182600,72,1,1492,944,1528,976,Jun24_1/336-20190626182600-snapshot.jpg
4,1,20190626,185000,79,1,162,1021,205,1060,Jun24_1/336-20190626185000-snapshot.jpg
4,1,20190626,185100,72,1,266,835,306,870,Jun24_1/336-20190626185100-snapshot.jpg
4,1,20190626,185230,69,1,329,415,366,447,Jun24_1/336-20190626185230-snapshot.jpg
4,1,20190626,185330,73,1,615,222,657,258,Jun24_1/336-20190626185330-snapshot.jpg
4,1,20190626,185500,77,1,631,72,673,111,Jun24_1/336-20190626185500-snapshot.jpg
4,1,20190626,185730,77,1,646,153,686,191,Jun24_1/336-20190626185730-snapshot.jpg
4,1,20190626,185800,77,1,550,208,592,246,Jun24_1/336-20190626185800-snapshot.jpg
4,1,20190626,185930,84,1,927,399,965,435,Jun24_1/336-20190626185930-snapshot.jpg
4,1,20190626,190000,86,1,1014,434,1052,470,Jun24_1/336-20190626190000-snapshot.jpg
4,1,20190626,190100,35,1,1272,163,1309,195,Jun24_1/336-20190626190100-snapshot.jpg
4,1,20190626,190230,83,1,1208,190,1245,226,Jun24_1/336-20190626190230-snapshot.jpg
4,1,20190626,190300,84,1,1310,185,1347,218,Jun24_1/336-20190626190300-snapshot.jpg
4,1,20190626,190330,83,1,1473,238,1514,277,Jun24_1/336-20190626190330-snapshot.jpg
4,1,20190627,053600,75,1,1874,497,1908,527,Jun24_1/340-20190627053600-snapshot.jpg
4,1,20190627,054030,72,1,1672,260,1710,291,Jun24_1/340-20190627054030-snapshot.jpg
4,1,20190627,054100,83,1,1585,290,1620,323,Jun24_1/340-20190627054100-snapshot.jpg
4,1,20190627,054130,84,1,1523,352,1562,391,Jun24_1/340-20190627054130-snapshot.jpg
4,1,20190627,054200,85,1,1436,372,1475,408,Jun24_1/340-20190627054200-snapshot.jpg
4,1,20190627,054400,79,1,1299,267,1334,299,Jun24_1/340-20190627054400-snapshot.jpg
4,1,20190627,054700,84,1,1205,247,1246,288,Jun24_1/340-20190627054700-snapshot.jpg
4,1,20190627,054800,82,1,1256,307,1295,346,Jun24_1/340-20190627054800-snapshot.jpg
4,1,20190627,055630,71,1,1110,165,1148,196,Jun24_1/340-20190627055630-snapshot.jpg
4,1,20190627,055730,83,1,158,695,199,732,Jun24_1/340-20190627055730-snapshot.jpg
4,1,20190627,055800,81,1,193,655,232,690,Jun24_1/340-20190627055800-snapshot.jpg
4,1,20190627,060030,57,1,748,186,787,219,Jun24_1/340-20190627060030-snapshot.jpg
4,1,20190627,060100,85,1,727,198,768,235,Jun24_1/340-20190627060100-snapshot.jpg
4,1,20190627,074730,35,1,19,285,55,316,Jun24_1/340-20190627074730-snapshot.jpg
4,1,20190627,074800,26,1,21,285,52,313,Jun24_1/340-20190627074800-snapshot.jpg
4,1,20190627,075300,46,1,22,286,54,315,Jun24_1/340-20190627075300-snapshot.jpg
4,1,20190627,075600,37,8,1693,575,1765,627,Jun24_1/340-20190627075600-snapshot.jpg
4,1,20190627,075800,82,1,87,495,124,525,Jun24_1/340-20190627075800-snapshot.jpg
4,1,20190627,081400,27,1,21,286,54,318,Jun24_1/340-20190627081400-snapshot.jpg
4,1,20190627,081500,54,1,21,287,55,318,Jun24_1/340-20190627081500-snapshot.jpg
4,1,20190627,083630,60,1,20,287,54,318,Jun24_1/340-20190627083630-snapshot.jpg
4,1,20190627,083900,45,1,20,287,53,317,Jun24_1/340-20190627083900-snapshot.jpg
4,1,20190627,083930,29,1,21,288,53,317,Jun24_1/340-20190627083930-snapshot.jpg
4,1,20190627,084000,39,1,21,287,55,318,Jun24_1/340-20190627084000-snapshot.jpg
4,1,20190627,084030,28,1,20,287,54,318,Jun24_1/340-20190627084030-snapshot.jpg
4,1,20190627,084100,38,1,21,287,54,318,Jun24_1/340-20190627084100-snapshot.jpg
4,1,20190627,084230,34,1,21,288,53,318,Jun24_1/340-20190627084230-snapshot.jpg
4,1,20190627,084330,29,1,21,287,53,318,Jun24_1/340-20190627084330-snapshot.jpg
4,1,20190627,084400,57,1,20,286,54,318,Jun24_1/340-20190627084400-snapshot.jpg
4,1,20190627,084530,41,1,19,287,54,319,Jun24_1/340-20190627084530-snapshot.jpg
4,1,20190627,084600,54,1,21,287,54,318,Jun24_1/340-20190627084600-snapshot.jpg
4,1,20190627,084630,56,1,20,286,54,318,Jun24_1/340-20190627084630-snapshot.jpg
4,1,20190627,084800,42,1,21,287,54,318,Jun24_1/340-20190627084800-snapshot.jpg
4,1,20190627,085900,68,4,876,586,922,624,Jun24_1/340-20190627085900-snapshot.jpg
4,1,20190627,090000,26,1,21,288,56,318,Jun24_1/340-20190627090000-snapshot.jpg
4,1,20190627,090100,58,1,20,288,54,319,Jun24_1/340-20190627090100-snapshot.jpg
4,1,20190627,090400,47,1,21,286,56,318,Jun24_1/340-20190627090400-snapshot.jpg
4,1,20190627,091800,31,1,1558,375,1594,406,Jun24_1/340-20190627091800-snapshot.jpg
4,1,20190627,092600,32,1,363,167,397,196,Jun24_1/340-20190627092600-snapshot.jpg
4,1,20190627,102100,36,3,803,280,866,340,Jun24_1/340-20190627102100-snapshot.jpg
4,1,20190627,102330,82,1,1891,525,1920,558,Jun24_1/340-20190627102330-snapshot.jpg
4,1,20190627,102930,80,4,1023,923,1104,975,Jun24_1/340-20190627102930-snapshot.jpg
4,1,20190627,103000,79,1,861,1029,900,1065,Jun24_1/340-20190627103000-snapshot.jpg
4,1,20190627,103030,72,4,1688,978,1729,1019,Jun24_1/340-20190627103030-snapshot.jpg
4,1,20190627,103100,70,4,908,936,957,991,Jun24_1/340-20190627103100-snapshot.jpg
4,1,20190630,043200,76,1,1893,59,1920,97,Jun24_1/45-20190630043200-snapshot.jpg
4,1,20190630,043230,86,1,1830,46,1878,89,Jun24_1/45-20190630043230-snapshot.jpg
4,1,20190630,043300,86,1,1844,74,1888,114,Jun24_1/45-20190630043300-snapshot.jpg
4,1,20190630,043330,84,1,1849,68,1894,108,Jun24_1/45-20190630043330-snapshot.jpg
4,1,20190630,043400,86,1,1861,61,1909,105,Jun24_1/45-20190630043400-snapshot.jpg
4,1,20190630,043430,83,1,1857,20,1899,57,Jun24_1/45-20190630043430-snapshot.jpg
4,1,20190630,043500,83,1,1842,7,1890,52,Jun24_1/45-20190630043500-snapshot.jpg
4,1,20190630,043530,86,1,1844,27,1891,71,Jun24_1/45-20190630043530-snapshot.jpg
4,1,20190630,043600,25,1,1860,6,1902,41,Jun24_1/45-20190630043600-snapshot.jpg
4,1,20190630,043630,87,1,1867,44,1916,89,Jun24_1/45-20190630043630-snapshot.jpg
4,1,20190630,043730,74,1,1897,30,1920,71,Jun24_1/45-20190630043730-snapshot.jpg
4,1,20190630,044200,30,1,1903,178,1920,216,Jun24_1/46-20190630044200-snapshot.jpg
4,1,20190630,044230,84,1,1884,157,1920,200,Jun24_1/46-20190630044230-snapshot.jpg
4,1,20190630,044330,79,1,1892,120,1920,162,Jun24_1/46-20190630044330-snapshot.jpg
4,1,20190630,044430,85,1,1887,204,1920,241,Jun24_1/46-20190630044430-snapshot.jpg
4,1,20190630,044500,83,1,1852,227,1898,268,Jun24_1/46-20190630044500-snapshot.jpg
4,1,20190630,044530,85,1,1846,249,1894,294,Jun24_1/46-20190630044530-snapshot.jpg
4,1,20190630,044600,86,1,1843,288,1888,332,Jun24_1/46-20190630044600-snapshot.jpg
4,1,20190630,044630,82,1,1862,256,1906,298,Jun24_1/46-20190630044630-snapshot.jpg
4,1,20190630,044700,80,1,1847,253,1895,295,Jun24_1/46-20190630044700-snapshot.jpg
4,1,20190630,044730,83,1,1815,268,1862,316,Jun24_1/46-20190630044730-snapshot.jpg
4,1,20190630,044800,87,1,1815,302,1862,353,Jun24_1/46-20190630044800-snapshot.jpg
4,1,20190630,044830,87,1,1806,325,1852,375,Jun24_1/46-20190630044830-snapshot.jpg
4,1,20190630,044900,83,1,1790,348,1835,392,Jun24_1/46-20190630044900-snapshot.jpg
4,1,20190630,044930,82,1,1795,375,1836,413,Jun24_1/46-20190630044930-snapshot.jpg
4,1,20190630,045000,83,1,1821,360,1861,397,Jun24_1/46-20190630045000-snapshot.jpg
4,1,20190630,045030,86,1,1809,325,1856,375,Jun24_1/46-20190630045030-snapshot.jpg
4,1,20190630,045100,85,1,1801,345,1846,392,Jun24_1/46-20190630045100-snapshot.jpg
4,1,20190630,045130,84,1,1773,347,1817,390,Jun24_1/46-20190630045130-snapshot.jpg
4,1,20190630,045200,86,1,1773,317,1818,366,Jun24_1/46-20190630045200-snapshot.jpg
4,1,20190630,045230,87,1,1771,287,1820,339,Jun24_1/46-20190630045230-snapshot.jpg
4,1,20190630,045300,86,1,1775,256,1825,312,Jun24_1/46-20190630045300-snapshot.jpg
4,1,20190630,045330,87,1,1774,233,1820,283,Jun24_1/46-20190630045330-snapshot.jpg
4,1,20190630,045400,82,1,1751,206,1798,253,Jun24_1/46-20190630045400-snapshot.jpg
4,1,20190630,045430,81,1,1730,218,1772,255,Jun24_1/46-20190630045430-snapshot.jpg
4,1,20190630,045500,84,1,1751,230,1795,272,Jun24_1/46-20190630045500-snapshot.jpg
4,1,20190630,045530,77,1,1746,247,1788,285,Jun24_1/46-20190630045530-snapshot.jpg
4,1,20190630,045600,84,1,1740,265,1785,310,Jun24_1/46-20190630045600-snapshot.jpg
4,1,20190630,045630,82,1,1709,310,1748,345,Jun24_1/46-20190630045630-snapshot.jpg
4,1,20190630,045730,26,1,1643,281,1681,314,Jun24_1/46-20190630045730-snapshot.jpg
4,1,20190630,045830,76,1,1675,262,1714,300,Jun24_1/46-20190630045830-snapshot.jpg
4,1,20190630,045900,85,1,1690,227,1734,266,Jun24_1/46-20190630045900-snapshot.jpg
4,1,20190630,045930,83,1,1717,232,1758,272,Jun24_1/46-20190630045930-snapshot.jpg
4,1,20190630,050000,83,1,1712,212,1756,251,Jun24_1/46-20190630050000-snapshot.jpg
4,1,20190630,050030,85,1,1736,206,1781,247,Jun24_1/46-20190630050030-snapshot.jpg
4,1,20190630,050100,86,1,1746,189,1793,234,Jun24_1/46-20190630050100-snapshot.jpg
4,1,20190630,050130,85,1,1768,170,1816,215,Jun24_1/46-20190630050130-snapshot.jpg
4,1,20190630,050200,84,1,1749,171,1793,213,Jun24_1/46-20190630050200-snapshot.jpg
4,1,20190630,050230,86,1,1734,185,1782,232,Jun24_1/46-20190630050230-snapshot.jpg
4,1,20190630,050300,84,1,1745,210,1792,255,Jun24_1/46-20190630050300-snapshot.jpg
4,1,20190630,050330,84,1,1748,231,1792,272,Jun24_1/46-20190630050330-snapshot.jpg
4,1,20190630,050400,85,1,1723,257,1765,294,Jun24_1/46-20190630050400-snapshot.jpg
4,1,20190630,050430,82,1,1697,255,1741,295,Jun24_1/46-20190630050430-snapshot.jpg
4,1,20190630,050500,83,1,1674,181,1716,220,Jun24_1/46-20190630050500-snapshot.jpg
4,1,20190630,050930,84,1,165,182,205,218,Jun24_1/46-20190630050930-snapshot.jpg
4,1,20190630,051300,30,1,1682,259,1720,294,Jun24_1/46-20190630051300-snapshot.jpg
4,1,20190630,051400,77,1,1546,138,1586,173,Jun24_1/46-20190630051400-snapshot.jpg
4,1,20190630,051830,55,1,1649,214,1688,248,Jun24_1/46-20190630051830-snapshot.jpg
4,1,20190630,052000,83,1,1499,475,1543,519,Jun24_1/46-20190630052000-snapshot.jpg
4,1,20190630,052700,77,1,41,978,86,1026,Jun24_1/46-20190630052700-snapshot.jpg
4,1,20190630,052730,71,1,16,982,59,1031,Jun24_1/46-20190630052730-snapshot.jpg
4,1,20190630,054330,64,1,285,402,327,441,Jun24_1/46-20190630054330-snapshot.jpg
4,1,20190630,054530,82,1,1754,458,1798,500,Jun24_1/46-20190630054530-snapshot.jpg
4,1,20190630,054630,85,1,707,145,745,180,Jun24_1/46-20190630054630-snapshot.jpg
4,1,20190630,054800,85,1,732,329,770,368,Jun24_1/46-20190630054800-snapshot.jpg
4,1,20190630,054830,86,1,801,236,843,282,Jun24_1/46-20190630054830-snapshot.jpg
4,1,20190630,054900,82,1,795,315,835,354,Jun24_1/46-20190630054900-snapshot.jpg
4,1,20190630,054930,86,1,756,398,796,439,Jun24_1/46-20190630054930-snapshot.jpg
4,1,20190630,055030,85,1,717,378,756,419,Jun24_1/46-20190630055030-snapshot.jpg
4,1,20190630,055130,85,1,758,349,798,388,Jun24_1/46-20190630055130-snapshot.jpg
4,1,20190630,055130,88,1,101,518,152,571,Jun24_1/46-20190630055130-snapshot.jpg
4,1,20190630,055200,86,1,155,563,202,604,Jun24_1/46-20190630055200-snapshot.jpg
4,1,20190630,055230,81,1,402,508,444,545,Jun24_1/46-20190630055230-snapshot.jpg
4,1,20190630,055300,40,1,1803,734,1847,777,Jun24_1/46-20190630055300-snapshot.jpg
4,1,20190630,055300,76,1,573,266,610,304,Jun24_1/46-20190630055300-snapshot.jpg
4,1,20190630,055300,87,1,809,382,849,422,Jun24_1/46-20190630055300-snapshot.jpg
4,1,20190630,055400,82,1,728,786,768,825,Jun24_1/46-20190630055400-snapshot.jpg
4,1,20190630,055400,85,1,1729,815,1774,854,Jun24_1/46-20190630055400-snapshot.jpg
4,1,20190630,055500,81,1,719,1041,762,1078,Jun24_1/46-20190630055500-snapshot.jpg
4,1,20190630,055600,83,1,725,1050,766,1080,Jun24_1/46-20190630055600-snapshot.jpg
4,1,20190630,055700,36,1,975,146,1013,184,Jun24_1/46-20190630055700-snapshot.jpg
4,1,20190630,055700,79,1,726,1049,765,1078,Jun24_1/46-20190630055700-snapshot.jpg
4,1,20190630,055730,79,1,1861,994,1906,1035,Jun24_1/46-20190630055730-snapshot.jpg
4,1,20190630,055800,71,1,1657,934,1698,969,Jun24_1/46-20190630055800-snapshot.jpg
4,1,20190630,055830,47,1,1623,998,1668,1042,Jun24_1/46-20190630055830-snapshot.jpg
4,1,20190630,055900,78,1,720,979,760,1018,Jun24_1/46-20190630055900-snapshot.jpg
4,1,20190630,055900,79,1,353,276,392,315,Jun24_1/46-20190630055900-snapshot.jpg
4,1,20190630,055930,79,1,110,158,154,195,Jun24_1/46-20190630055930-snapshot.jpg
4,1,20190630,060030,33,1,1478,1027,1522,1068,Jun24_1/46-20190630060030-snapshot.jpg
4,1,20190630,060130,78,1,729,1052,772,1080,Jun24_1/46-20190630060130-snapshot.jpg
4,1,20190630,060500,79,1,1273,83,1318,125,Jun24_1/46-20190630060500-snapshot.jpg
4,1,20190630,060630,78,1,1518,524,1558,559,Jun24_1/46-20190630060630-snapshot.jpg
4,1,20190630,061900,82,1,769,993,811,1030,Jun24_1/46-20190630061900-snapshot.jpg
4,1,20190630,062100,68,1,712,843,761,892,Jun24_1/46-20190630062100-snapshot.jpg
4,1,20190630,062330,81,1,742,915,781,949,Jun24_1/46-20190630062330-snapshot.jpg
4,1,20190630,062500,82,1,727,726,768,766,Jun24_1/46-20190630062500-snapshot.jpg
4,1,20190630,062530,26,1,513,674,553,712,Jun24_1/46-20190630062530-snapshot.jpg
4,1,20190630,062630,76,1,575,693,616,732,Jun24_1/46-20190630062630-snapshot.jpg
4,1,20190630,065030,85,1,1787,322,1833,368,Jun24_1/46-20190630065030-snapshot.jpg
4,1,20190630,065300,39,1,143,217,187,255,Jun24_1/46-20190630065300-snapshot.jpg
4,1,20190630,065330,76,1,157,57,200,97,Jun24_1/46-20190630065330-snapshot.jpg
4,1,20190630,070400,82,1,1639,270,1681,313,Jun24_1/46-20190630070400-snapshot.jpg
4,1,20190630,071330,48,1,1697,558,1735,587,Jun24_1/46-20190630071330-snapshot.jpg
4,1,20190630,071900,69,1,910,439,949,474,Jun24_1/46-20190630071900-snapshot.jpg
4,1,20190630,072030,74,1,639,592,682,631,Jun24_1/46-20190630072030-snapshot.jpg
4,1,20190630,073330,84,1,1551,663,1589,699,Jun24_1/46-20190630073330-snapshot.jpg
4,1,20190630,081730,78,1,1849,854,1894,891,Jun24_1/46-20190630081730-snapshot.jpg
4,1,20190630,082030,68,3,1548,584,1601,631,Jun24_1/46-20190630082030-snapshot.jpg
4,1,20190630,083030,89,4,1739,728,1831,793,Jun24_1/46-20190630083030-snapshot.jpg
4,1,20190630,090830,83,4,1511,935,1565,995,Jun24_1/46-20190630090830-snapshot.jpg
4,1,20190630,092730,86,1,1184,1041,1227,1079,Jun24_1/46-20190630092730-snapshot.jpg
4,1,20190630,093400,35,3,1035,892,1098,953,Jun24_1/46-20190630093400-snapshot.jpg
4,1,20190630,093400,49,4,1037,892,1098,954,Jun24_1/46-20190630093400-snapshot.jpg
4,1,20190630,094430,80,1,1644,771,1686,811,Jun24_1/46-20190630094430-snapshot.jpg
4,1,20190630,095730,79,1,723,954,762,988,Jun24_1/46-20190630095730-snapshot.jpg
4,1,20190630,100530,68,2,795,952,878,1012,Jun24_1/46-20190630100530-snapshot.jpg
4,1,20190630,103700,30,1,1571,632,1611,671,Jun24_1/46-20190630103700-snapshot.jpg
4,1,20190630,103700,55,4,1572,633,1610,670,Jun24_1/46-20190630103700-snapshot.jpg
4,1,20190630,104800,84,3,817,1028,876,1079,Jun24_1/46-20190630104800-snapshot.jpg
4,1,20190630,105000,70,2,1430,146,1503,194,Jun24_1/46-20190630105000-snapshot.jpg
4,1,20190630,105930,78,2,1506,383,1566,463,Jun24_1/46-20190630105930-snapshot.jpg
4,1,20190630,110000,80,4,1026,909,1078,965,Jun24_1/46-20190630110000-snapshot.jpg
4,1,20190630,110000,82,2,1252,692,1341,745,Jun24_1/46-20190630110000-snapshot.jpg
4,1,20190630,111730,82,1,1341,982,1382,1019,Jun24_1/46-20190630111730-snapshot.jpg
4,1,20190630,112530,84,2,1324,293,1384,365,Jun24_1/46-20190630112530-snapshot.jpg
4,1,20190630,113100,34,2,1621,710,1684,786,Jun24_1/46-20190630113100-snapshot.jpg
4,1,20190630,113130,72,2,1694,369,1776,425,Jun24_1/46-20190630113130-snapshot.jpg
4,1,20190630,113930,85,4,1352,964,1426,1033,Jun24_1/46-20190630113930-snapshot.jpg
4,1,20190630,114330,72,2,1271,548,1347,592,Jun24_1/46-20190630114330-snapshot.jpg
4,1,20190630,115200,62,2,1874,939,1920,1012,Jun24_1/46-20190630115200-snapshot.jpg
4,1,20190630,115830,73,2,1447,456,1520,505,Jun24_1/46-20190630115830-snapshot.jpg
4,1,20190630,120600,66,2,672,553,729,618,Jun24_1/46-20190630120600-snapshot.jpg
4,1,20190630,120700,26,2,78,232,162,285,Jun24_1/46-20190630120700-snapshot.jpg
4,1,20190630,120900,81,2,1256,428,1317,505,Jun24_1/46-20190630120900-snapshot.jpg
4,1,20190630,121330,25,6,833,889,890,968,Jun24_1/46-20190630121330-snapshot.jpg
4,1,20190630,121530,84,2,1180,346,1236,427,Jun24_1/46-20190630121530-snapshot.jpg
4,1,20190630,121730,78,2,839,987,916,1044,Jun24_1/46-20190630121730-snapshot.jpg
4,1,20190630,121800,79,2,173,423,233,504,Jun24_1/46-20190630121800-snapshot.jpg
4,1,20190630,123530,88,4,1290,869,1377,933,Jun24_1/46-20190630123530-snapshot.jpg
4,1,20190630,123600,74,2,1822,42,1909,128,Jun24_1/46-20190630123600-snapshot.jpg
4,1,20190630,123730,72,4,1283,598,1336,652,Jun24_1/46-20190630123730-snapshot.jpg
4,1,20190630,124600,82,2,1443,210,1534,269,Jun24_1/46-20190630124600-snapshot.jpg
4,1,20190630,124600,83,2,1310,865,1366,933,Jun24_1/46-20190630124600-snapshot.jpg
4,1,20190630,125200,69,2,1005,905,1063,968,Jun24_1/46-20190630125200-snapshot.jpg
4,1,20190630,130200,72,2,1292,337,1370,407,Jun24_1/46-20190630130200-snapshot.jpg
4,1,20190630,132430,63,2,1680,360,1764,427,Jun24_1/46-20190630132430-snapshot.jpg
4,1,20190630,132930,84,2,1467,561,1537,633,Jun24_1/46-20190630132930-snapshot.jpg
4,1,20190630,133000,73,2,1301,336,1380,387,Jun24_1/46-20190630133000-snapshot.jpg
4,1,20190630,133430,46,5,1521,88,1562,125,Jun24_1/46-20190630133430-snapshot.jpg
4,1,20190630,134000,74,5,1487,194,1540,235,Jun24_1/46-20190630134000-snapshot.jpg
4,1,20190630,134030,44,5,1476,261,1521,309,Jun24_1/46-20190630134030-snapshot.jpg
4,1,20190630,134530,58,2,1548,212,1625,283,Jun24_1/46-20190630134530-snapshot.jpg
4,1,20190630,135700,36,2,708,706,777,775,Jun24_1/46-20190630135700-snapshot.jpg
4,1,20190630,135700,73,2,1242,492,1300,566,Jun24_1/46-20190630135700-snapshot.jpg
4,1,20190630,140100,74,1,944,971,983,1007,Jun24_1/46-20190630140100-snapshot.jpg
4,1,20190630,140630,82,2,1656,428,1747,485,Jun24_1/46-20190630140630-snapshot.jpg
4,1,20190630,141130,46,2,1081,443,1133,524,Jun24_1/46-20190630141130-snapshot.jpg
4,1,20190630,141530,79,4,1463,730,1522,796,Jun24_1/46-20190630141530-snapshot.jpg
4,1,20190630,141800,88,4,722,327,776,400,Jun24_1/46-20190630141800-snapshot.jpg
4,1,20190630,141830,84,4,1538,568,1587,632,Jun24_1/46-20190630141830-snapshot.jpg
4,1,20190630,142730,84,4,725,366,796,428,Jun24_1/46-20190630142730-snapshot.jpg
4,1,20190630,142830,82,4,1291,888,1378,948,Jun24_1/46-20190630142830-snapshot.jpg
4,1,20190630,143900,35,2,832,999,890,1060,Jun24_1/46-20190630143900-snapshot.jpg
4,1,20190630,143900,79,2,1264,240,1319,307,Jun24_1/46-20190630143900-snapshot.jpg
4,1,20190630,145430,50,2,1678,428,1752,491,Jun24_1/46-20190630145430-snapshot.jpg
4,1,20190630,145700,66,4,1492,922,1556,980,Jun24_1/46-20190630145700-snapshot.jpg
4,1,20190630,150200,71,1,1225,174,1265,211,Jun24_1/46-20190630150200-snapshot.jpg
4,1,20190630,150300,30,3,0,679,31,754,Jun24_1/46-20190630150300-snapshot.jpg
4,1,20190630,150930,85,4,1434,807,1524,878,Jun24_1/46-20190630150930-snapshot.jpg
4,1,20190630,151030,78,2,1445,755,1500,824,Jun24_1/46-20190630151030-snapshot.jpg
4,1,20190630,151100,32,4,732,820,803,881,Jun24_1/46-20190630151100-snapshot.jpg
4,1,20190630,151400,25,4,732,820,806,880,Jun24_1/46-20190630151400-snapshot.jpg
4,1,20190630,151430,80,2,1222,496,1305,548,Jun24_1/46-20190630151430-snapshot.jpg
4,1,20190630,151530,32,4,734,821,804,880,Jun24_1/46-20190630151530-snapshot.jpg
4,1,20190630,151630,58,4,1060,570,1118,624,Jun24_1/46-20190630151630-snapshot.jpg
4,1,20190630,152830,37,4,734,819,804,881,Jun24_1/46-20190630152830-snapshot.jpg
4,1,20190630,153000,75,2,1435,869,1491,940,Jun24_1/46-20190630153000-snapshot.jpg
4,1,20190630,153130,84,2,1381,473,1439,556,Jun24_1/46-20190630153130-snapshot.jpg
4,1,20190630,154300,74,2,1623,909,1697,966,Jun24_1/46-20190630154300-snapshot.jpg
4,1,20190630,154630,78,2,827,997,894,1055,Jun24_1/46-20190630154630-snapshot.jpg
4,1,20190630,154700,73,2,1096,502,1163,573,Jun24_1/46-20190630154700-snapshot.jpg
4,1,20190630,155300,80,2,1088,809,1140,881,Jun24_1/46-20190630155300-snapshot.jpg
4,1,20190630,160030,73,2,1339,981,1418,1045,Jun24_1/46-20190630160030-snapshot.jpg
4,1,20190630,162200,74,2,1257,797,1318,873,Jun24_1/46-20190630162200-snapshot.jpg
4,1,20190630,164700,70,2,1304,391,1365,454,Jun24_1/46-20190630164700-snapshot.jpg
4,1,20190630,165800,75,2,1223,120,1286,196,Jun24_1/46-20190630165800-snapshot.jpg
4,1,20190630,170000,47,2,1419,260,1498,320,Jun24_1/46-20190630170000-snapshot.jpg
4,1,20190630,173400,76,2,1259,435,1318,519,Jun24_1/46-20190630173400-snapshot.jpg
4,1,20190630,183230,36,2,1370,455,1424,528,Jun24_1/46-20190630183230-snapshot.jpg
4,1,20190630,191600,38,1,565,254,603,288,Jun24_1/46-20190630191600-snapshot.jpg
4,1,20190630,191630,28,1,565,254,603,288,Jun24_1/46-20190630191630-snapshot.jpg
4,1,20190630,191700,38,1,565,253,603,288,Jun24_1/46-20190630191700-snapshot.jpg
4,1,20190701,031500,54,1,316,571,366,619,Jun24_1/50-20190701031500-snapshot.jpg
4,1,20190701,034400,74,1,292,130,335,169,Jun24_1/50-20190701034400-snapshot.jpg
4,1,20190701,034500,50,1,396,191,435,226,Jun24_1/50-20190701034500-snapshot.jpg
4,1,20190701,034530,35,1,546,197,582,232,Jun24_1/50-20190701034530-snapshot.jpg
4,1,20190701,042930,81,1,1809,155,1847,188,Jun24_1/50-20190701042930-snapshot.jpg
4,1,20190701,061200,87,1,894,0,942,36,Jun24_1/50-20190701061200-snapshot.jpg
4,1,20190701,061330,81,1,754,25,801,64,Jun24_1/50-20190701061330-snapshot.jpg
4,1,20190701,061400,54,1,867,146,908,182,Jun24_1/50-20190701061400-snapshot.jpg
4,1,20190701,061500,84,1,867,219,910,266,Jun24_1/50-20190701061500-snapshot.jpg
4,1,20190701,061600,80,1,977,277,1015,316,Jun24_1/50-20190701061600-snapshot.jpg
4,1,20190701,061800,86,1,957,476,1000,523,Jun24_1/50-20190701061800-snapshot.jpg
4,1,20190701,061900,83,1,856,505,897,546,Jun24_1/50-20190701061900-snapshot.jpg
4,1,20190701,061930,81,1,939,472,980,515,Jun24_1/50-20190701061930-snapshot.jpg
4,1,20190701,062000,85,1,1076,417,1120,456,Jun24_1/50-20190701062000-snapshot.jpg
4,1,20190701,062400,66,1,1111,411,1153,447,Jun24_1/50-20190701062400-snapshot.jpg
4,1,20190701,062400,76,1,1316,132,1358,172,Jun24_1/50-20190701062400-snapshot.jpg
4,1,20190701,062930,77,1,1346,88,1393,128,Jun24_1/50-20190701062930-snapshot.jpg
4,1,20190701,063030,86,1,1249,167,1294,209,Jun24_1/50-20190701063030-snapshot.jpg
4,1,20190701,063230,87,1,943,188,987,239,Jun24_1/50-20190701063230-snapshot.jpg
4,1,20190701,063300,82,1,767,177,809,216,Jun24_1/50-20190701063300-snapshot.jpg
4,1,20190701,063430,87,1,690,43,738,95,Jun24_1/50-20190701063430-snapshot.jpg
4,1,20190701,063500,85,1,657,29,704,75,Jun24_1/50-20190701063500-snapshot.jpg
4,1,20190701,063530,84,1,668,11,717,59,Jun24_1/50-20190701063530-snapshot.jpg
4,1,20190701,063600,71,1,657,16,701,56,Jun24_1/50-20190701063600-snapshot.jpg
4,1,20190701,063630,84,1,573,188,612,230,Jun24_1/50-20190701063630-snapshot.jpg
4,1,20190701,063700,83,1,538,258,578,300,Jun24_1/50-20190701063700-snapshot.jpg
4,1,20190701,063730,74,1,585,280,623,318,Jun24_1/50-20190701063730-snapshot.jpg
4,1,20190701,063800,82,1,534,267,570,303,Jun24_1/50-20190701063800-snapshot.jpg
4,1,20190701,063830,81,1,485,249,522,285,Jun24_1/50-20190701063830-snapshot.jpg
4,1,20190701,063900,80,1,447,243,486,283,Jun24_1/50-20190701063900-snapshot.jpg
4,1,20190701,063930,80,1,424,267,464,309,Jun24_1/50-20190701063930-snapshot.jpg
4,1,20190701,064030,83,1,387,243,425,279,Jun24_1/50-20190701064030-snapshot.jpg
4,1,20190701,064130,83,1,336,193,378,230,Jun24_1/50-20190701064130-snapshot.jpg
4,1,20190701,064200,86,1,368,346,413,395,Jun24_1/50-20190701064200-snapshot.jpg
4,1,20190701,083600,82,1,1038,225,1078,264,Jun24_1/50-20190701083600-snapshot.jpg
4,1,20190701,083630,88,1,932,57,977,106,Jun24_1/50-20190701083630-snapshot.jpg
4,1,20190701,095200,76,2,1532,747,1615,801,Jun24_1/50-20190701095200-snapshot.jpg
4,1,20190701,095230,38,2,1538,733,1599,799,Jun24_1/50-20190701095230-snapshot.jpg
4,1,20190701,104300,82,1,506,465,546,502,Jun24_1/50-20190701104300-snapshot.jpg
4,1,20190701,112200,43,1,983,648,1033,694,Jun24_1/50-20190701112200-snapshot.jpg
4,1,20190701,112330,70,1,984,647,1032,691,Jun24_1/50-20190701112330-snapshot.jpg
4,1,20190701,112400,51,1,982,648,1033,694,Jun24_1/50-20190701112400-snapshot.jpg
4,1,20190701,112500,60,1,982,647,1033,693,Jun24_1/50-20190701112500-snapshot.jpg
4,1,20190701,112600,68,1,983,646,1033,692,Jun24_1/50-20190701112600-snapshot.jpg
4,1,20190701,112700,39,1,984,645,1034,692,Jun24_1/50-20190701112700-snapshot.jpg
4,1,20190701,115430,64,1,198,812,241,848,Jun24_1/50-20190701115430-snapshot.jpg
4,1,20190701,120200,56,1,135,906,178,940,Jun24_1/50-20190701120200-snapshot.jpg
4,1,20190701,120400,46,1,135,907,177,941,Jun24_1/50-20190701120400-snapshot.jpg
4,1,20190701,120430,49,1,135,907,178,941,Jun24_1/50-20190701120430-snapshot.jpg
4,1,20190701,121500,66,5,1565,369,1612,420,Jun24_1/50-20190701121500-snapshot.jpg
4,1,20190701,124930,86,1,731,32,778,74,Jun24_1/50-20190701124930-snapshot.jpg
4,1,20190701,125000,80,1,1203,147,1244,183,Jun24_1/50-20190701125000-snapshot.jpg
4,1,20190701,130230,88,4,1072,209,1167,289,Jun24_1/50-20190701130230-snapshot.jpg
4,1,20190701,130400,62,3,1649,701,1704,761,Jun24_1/50-20190701130400-snapshot.jpg
4,1,20190701,132700,60,2,179,589,253,662,Jun24_1/50-20190701132700-snapshot.jpg
4,1,20190701,135330,48,2,0,920,64,986,Jun24_1/50-20190701135330-snapshot.jpg
4,1,20190701,144100,47,2,1589,360,1641,425,Jun24_1/50-20190701144100-snapshot.jpg
4,1,20190701,152800,52,1,1104,312,1146,346,Jun24_1/50-20190701152800-snapshot.jpg
4,1,20190701,152830,43,1,1104,312,1145,346,Jun24_1/50-20190701152830-snapshot.jpg
4,1,20190701,153000,26,1,1104,310,1146,346,Jun24_1/50-20190701153000-snapshot.jpg
4,1,20190701,153230,64,2,233,409,287,476,Jun24_1/50-20190701153230-snapshot.jpg
4,1,20190701,154530,28,1,1104,312,1145,347,Jun24_1/50-20190701154530-snapshot.jpg
4,1,20190701,160130,30,1,1104,311,1145,347,Jun24_1/50-20190701160130-snapshot.jpg
4,1,20190701,164330,26,1,1104,312,1145,347,Jun24_1/50-20190701164330-snapshot.jpg
4,1,20190701,174400,82,2,1044,902,1126,959,Jun24_1/50-20190701174400-snapshot.jpg
4,1,20190701,174600,57,1,1104,311,1146,348,Jun24_1/50-20190701174600-snapshot.jpg
4,1,20190701,174630,27,1,1104,312,1146,347,Jun24_1/50-20190701174630-snapshot.jpg
4,1,20190701,174700,27,1,1104,312,1146,348,Jun24_1/50-20190701174700-snapshot.jpg
4,1,20190701,174800,26,1,1104,312,1145,347,Jun24_1/50-20190701174800-snapshot.jpg
4,1,20190701,184030,26,1,1104,312,1146,347,Jun24_1/50-20190701184030-snapshot.jpg
4,1,20190701,184400,30,1,1104,311,1146,346,Jun24_1/50-20190701184400-snapshot.jpg
4,1,20190702,070200,61,1,1495,813,1535,852,Jun24_1/51-20190702070200-snapshot.jpg
4,1,20190702,070300,62,1,1495,813,1534,850,Jun24_1/51-20190702070300-snapshot.jpg
4,1,20190702,070330,27,1,1496,813,1535,850,Jun24_1/51-20190702070330-snapshot.jpg
4,1,20190702,070930,36,1,990,726,1032,763,Jun24_1/51-20190702070930-snapshot.jpg
4,1,20190702,071130,50,1,987,725,1031,764,Jun24_1/51-20190702071130-snapshot.jpg
4,1,20190702,071800,26,1,982,725,1027,764,Jun24_1/51-20190702071800-snapshot.jpg
4,1,20190702,090730,80,1,670,969,713,1006,Jun24_1/51-20190702090730-snapshot.jpg
4,1,20190702,090800,85,1,622,700,667,737,Jun24_1/51-20190702090800-snapshot.jpg
4,1,20190702,091430,85,1,174,295,214,337,Jun24_1/51-20190702091430-snapshot.jpg
4,1,20190702,092600,80,1,112,53,156,93,Jun24_1/51-20190702092600-snapshot.jpg
4,1,20190702,093300,72,1,172,8,218,52,Jun24_1/51-20190702093300-snapshot.jpg
4,1,20190702,093400,84,1,151,203,192,248,Jun24_1/51-20190702093400-snapshot.jpg
4,1,20190702,093500,82,1,134,355,172,395,Jun24_1/51-20190702093500-snapshot.jpg
4,1,20190702,093530,79,1,91,324,131,369,Jun24_1/51-20190702093530-snapshot.jpg
4,1,20190702,093630,83,1,164,485,207,527,Jun24_1/51-20190702093630-snapshot.jpg
4,1,20190702,093730,78,1,194,760,235,798,Jun24_1/51-20190702093730-snapshot.jpg
4,1,20190702,094000,54,1,652,1059,691,1080,Jun24_1/51-20190702094000-snapshot.jpg
4,1,20190702,094030,81,1,677,1018,722,1061,Jun24_1/51-20190702094030-snapshot.jpg
4,1,20190702,094100,87,1,680,1021,726,1068,Jun24_1/51-20190702094100-snapshot.jpg
4,1,20190702,094500,83,1,1062,937,1107,978,Jun24_1/51-20190702094500-snapshot.jpg
4,1,20190702,094630,82,1,1245,740,1290,782,Jun24_1/51-20190702094630-snapshot.jpg
4,1,20190702,094800,89,1,1166,57,1217,105,Jun24_1/51-20190702094800-snapshot.jpg
4,1,20190702,095630,87,1,669,51,718,106,Jun24_1/51-20190702095630-snapshot.jpg
4,1,20190702,100030,88,1,905,7,959,67,Jun24_1/51-20190702100030-snapshot.jpg
4,1,20190702,100100,81,1,915,197,959,244,Jun24_1/51-20190702100100-snapshot.jpg
4,1,20190702,100230,80,1,1000,161,1042,197,Jun24_1/51-20190702100230-snapshot.jpg
4,1,20190702,100430,74,1,1458,183,1500,221,Jun24_1/51-20190702100430-snapshot.jpg
4,1,20190702,100500,76,1,1553,452,1594,490,Jun24_1/51-20190702100500-snapshot.jpg
4,1,20190702,100600,85,1,1520,587,1562,628,Jun24_1/51-20190702100600-snapshot.jpg
4,1,20190702,100700,76,1,1673,724,1710,759,Jun24_1/51-20190702100700-snapshot.jpg
4,1,20190702,100730,87,1,1808,938,1853,987,Jun24_1/51-20190702100730-snapshot.jpg
4,1,20190702,114530,50,1,630,316,669,355,Jun24_1/51-20190702114530-snapshot.jpg
4,1,20190702,115200,82,1,1193,39,1238,73,Jun24_1/51-20190702115200-snapshot.jpg
4,1,20190702,115230,82,1,1216,329,1261,374,Jun24_1/51-20190702115230-snapshot.jpg
4,1,20190702,115430,87,1,1814,129,1864,174,Jun24_1/51-20190702115430-snapshot.jpg
4,1,20190702,115700,84,1,1624,503,1668,541,Jun24_1/51-20190702115700-snapshot.jpg
4,1,20190702,115730,83,1,1770,157,1815,199,Jun24_1/51-20190702115730-snapshot.jpg
4,1,20190702,115800,79,1,1820,31,1864,72,Jun24_1/51-20190702115800-snapshot.jpg
4,1,20190702,120600,85,1,1856,539,1899,583,Jun24_1/51-20190702120600-snapshot.jpg
4,1,20190702,120630,84,1,1639,493,1683,528,Jun24_1/51-20190702120630-snapshot.jpg
4,1,20190702,120700,86,1,1533,553,1572,589,Jun24_1/51-20190702120700-snapshot.jpg
4,1,20190702,120730,84,1,1434,600,1470,632,Jun24_1/51-20190702120730-snapshot.jpg
4,1,20190702,121000,71,1,401,783,443,824,Jun24_1/51-20190702121000-snapshot.jpg
4,1,20190702,121030,84,1,182,658,223,698,Jun24_1/51-20190702121030-snapshot.jpg
4,1,20190702,121630,87,1,80,251,122,297,Jun24_1/51-20190702121630-snapshot.jpg
4,1,20190702,121700,75,1,4,206,46,247,Jun24_1/51-20190702121700-snapshot.jpg
4,1,20190702,122430,78,1,0,246,30,280,Jun24_1/51-20190702122430-snapshot.jpg
4,1,20190702,122500,77,1,0,272,33,303,Jun24_1/51-20190702122500-snapshot.jpg
4,1,20190702,133530,85,1,788,176,837,229,Jun24_1/51-20190702133530-snapshot.jpg
4,1,20190702,133630,87,1,639,25,688,84,Jun24_1/51-20190702133630-snapshot.jpg
4,1,20190702,133700,87,1,648,6,695,60,Jun24_1/51-20190702133700-snapshot.jpg
4,1,20190702,135900,84,1,78,1043,119,1077,Jun24_1/51-20190702135900-snapshot.jpg
4,1,20190702,140900,78,1,2,185,43,221,Jun24_1/51-20190702140900-snapshot.jpg
4,1,20190702,141000,83,1,258,633,299,668,Jun24_1/51-20190702141000-snapshot.jpg
4,1,20190702,141030,83,1,257,632,299,668,Jun24_1/51-20190702141030-snapshot.jpg
4,1,20190702,141100,82,1,268,623,309,657,Jun24_1/51-20190702141100-snapshot.jpg
4,1,20190702,141130,84,1,314,843,357,877,Jun24_1/51-20190702141130-snapshot.jpg
4,1,20190702,141800,82,1,1619,275,1663,315,Jun24_1/51-20190702141800-snapshot.jpg
4,1,20190702,141830,51,1,78,984,115,1019,Jun24_1/51-20190702141830-snapshot.jpg
4,1,20190702,142330,79,1,192,1008,234,1045,Jun24_1/51-20190702142330-snapshot.jpg
4,1,20190702,163900,78,4,1138,1026,1214,1080,Jun24_1/51-20190702163900-snapshot.jpg
4,1,20190702,163930,86,1,295,212,332,252,Jun24_1/51-20190702163930-snapshot.jpg
4,1,20190702,164000,77,4,619,818,711,900,Jun24_1/51-20190702164000-snapshot.jpg
4,1,20190702,164000,85,1,309,213,344,254,Jun24_1/51-20190702164000-snapshot.jpg
4,1,20190702,164030,82,4,309,702,389,772,Jun24_1/51-20190702164030-snapshot.jpg
4,1,20190702,164030,85,1,309,213,344,254,Jun24_1/51-20190702164030-snapshot.jpg
4,1,20190702,164100,85,1,308,213,344,254,Jun24_1/51-20190702164100-snapshot.jpg
4,1,20190702,164130,82,1,309,213,345,253,Jun24_1/51-20190702164130-snapshot.jpg
4,1,20190702,164200,83,1,309,213,345,253,Jun24_1/51-20190702164200-snapshot.jpg
4,1,20190702,164230,85,1,308,213,343,254,Jun24_1/51-20190702164230-snapshot.jpg
4,1,20190702,164300,85,1,308,214,345,255,Jun24_1/51-20190702164300-snapshot.jpg
4,1,20190702,164330,86,1,309,213,344,254,Jun24_1/51-20190702164330-snapshot.jpg
4,1,20190702,164400,85,1,309,213,344,254,Jun24_1/51-20190702164400-snapshot.jpg
4,1,20190702,164430,85,1,309,213,344,254,Jun24_1/51-20190702164430-snapshot.jpg
4,1,20190702,164500,85,1,308,212,344,254,Jun24_1/51-20190702164500-snapshot.jpg
4,1,20190702,164530,86,1,308,212,343,254,Jun24_1/51-20190702164530-snapshot.jpg
4,1,20190702,164600,84,1,308,212,344,254,Jun24_1/51-20190702164600-snapshot.jpg
4,1,20190702,164630,85,1,309,213,344,254,Jun24_1/51-20190702164630-snapshot.jpg
4,1,20190702,164700,85,1,309,213,344,254,Jun24_1/51-20190702164700-snapshot.jpg
4,1,20190702,164730,86,1,308,213,343,254,Jun24_1/51-20190702164730-snapshot.jpg
4,1,20190702,164800,85,1,308,213,343,254,Jun24_1/51-20190702164800-snapshot.jpg
4,1,20190702,164830,86,1,308,213,343,255,Jun24_1/51-20190702164830-snapshot.jpg
4,1,20190702,164900,85,1,308,213,344,254,Jun24_1/51-20190702164900-snapshot.jpg
4,1,20190702,164930,86,1,308,213,344,254,Jun24_1/51-20190702164930-snapshot.jpg
4,1,20190702,165000,86,1,308,213,344,255,Jun24_1/51-20190702165000-snapshot.jpg
4,1,20190702,165030,85,1,308,213,343,255,Jun24_1/51-20190702165030-snapshot.jpg
4,1,20190702,165100,86,1,308,213,344,255,Jun24_1/51-20190702165100-snapshot.jpg
4,1,20190702,165130,86,1,308,212,344,255,Jun24_1/51-20190702165130-snapshot.jpg
4,1,20190702,165200,86,1,308,213,344,255,Jun24_1/51-20190702165200-snapshot.jpg
4,1,20190702,165230,86,1,308,214,344,256,Jun24_1/51-20190702165230-snapshot.jpg
4,1,20190702,165300,86,1,308,212,344,255,Jun24_1/51-20190702165300-snapshot.jpg
4,1,20190702,165330,86,1,308,213,343,254,Jun24_1/51-20190702165330-snapshot.jpg
4,1,20190702,165400,86,1,308,213,343,254,Jun24_1/51-20190702165400-snapshot.jpg
4,1,20190702,165530,68,1,390,177,427,210,Jun24_1/51-20190702165530-snapshot.jpg
4,1,20190702,165630,86,1,423,387,461,423,Jun24_1/51-20190702165630-snapshot.jpg
4,1,20190702,165700,84,1,465,297,503,336,Jun24_1/51-20190702165700-snapshot.jpg
4,1,20190702,175400,83,1,684,1034,726,1073,Jun24_1/51-20190702175400-snapshot.jpg
4,1,20190702,175430,82,1,687,932,728,968,Jun24_1/51-20190702175430-snapshot.jpg
4,1,20190702,175800,48,1,535,794,574,833,Jun24_1/51-20190702175800-snapshot.jpg
4,1,20190702,175830,71,1,541,763,580,802,Jun24_1/51-20190702175830-snapshot.jpg
4,1,20190702,175900,79,1,573,735,612,771,Jun24_1/51-20190702175900-snapshot.jpg
4,1,20190702,180030,60,1,729,813,767,851,Jun24_1/51-20190702180030-snapshot.jpg
4,1,20190702,180200,80,1,938,677,978,719,Jun24_1/51-20190702180200-snapshot.jpg
4,1,20190702,182900,31,1,1452,283,1494,322,Jun24_1/51-20190702182900-snapshot.jpg
4,1,20190702,182930,61,1,1451,283,1494,320,Jun24_1/51-20190702182930-snapshot.jpg
4,1,20190702,183000,30,1,1451,282,1494,321,Jun24_1/51-20190702183000-snapshot.jpg
4,1,20190702,183200,59,1,1453,283,1495,321,Jun24_1/51-20190702183200-snapshot.jpg
4,1,20190702,183700,40,4,593,806,692,895,Jun24_1/51-20190702183700-snapshot.jpg
4,1,20190702,183730,58,4,599,814,692,896,Jun24_1/51-20190702183730-snapshot.jpg
4,1,20190702,183800,27,4,590,809,693,898,Jun24_1/51-20190702183800-snapshot.jpg
4,1,20190702,183830,33,4,590,806,693,896,Jun24_1/51-20190702183830-snapshot.jpg
4,1,20190702,190900,80,1,727,308,767,342,Jun24_1/51-20190702190900-snapshot.jpg
4,1,20190703,050030,78,1,1702,281,1745,321,Jun24_1/54-20190703050030-snapshot.jpg
4,1,20190703,050300,65,1,1735,342,1774,375,Jun24_1/54-20190703050300-snapshot.jpg
4,1,20190703,050400,83,1,1826,491,1870,534,Jun24_1/54-20190703050400-snapshot.jpg
4,1,20190703,050430,83,1,1869,536,1913,579,Jun24_1/54-20190703050430-snapshot.jpg
4,1,20190703,050500,83,1,1766,562,1808,598,Jun24_1/54-20190703050500-snapshot.jpg
4,1,20190703,050530,76,1,1680,531,1721,566,Jun24_1/54-20190703050530-snapshot.jpg
4,1,20190703,050630,82,1,1584,587,1622,622,Jun24_1/54-20190703050630-snapshot.jpg
4,1,20190703,050730,72,1,1575,673,1617,707,Jun24_1/54-20190703050730-snapshot.jpg
4,1,20190703,050800,79,1,1527,702,1569,738,Jun24_1/54-20190703050800-snapshot.jpg
4,1,20190703,050900,83,1,1493,828,1537,864,Jun24_1/54-20190703050900-snapshot.jpg
4,1,20190703,050930,55,1,1531,858,1571,890,Jun24_1/54-20190703050930-snapshot.jpg
4,1,20190703,051100,81,1,1554,983,1597,1019,Jun24_1/54-20190703051100-snapshot.jpg
4,1,20190703,070830,35,4,592,796,690,888,Jun24_1/54-20190703070830-snapshot.jpg
4,1,20190703,071200,29,4,0,671,66,744,Jun24_1/54-20190703071200-snapshot.jpg
4,1,20190703,072130,59,1,1189,67,1230,102,Jun24_1/54-20190703072130-snapshot.jpg
4,1,20190703,072300,53,1,1110,0,1154,29,Jun24_1/54-20190703072300-snapshot.jpg
4,1,20190703,072700,76,1,909,213,953,247,Jun24_1/54-20190703072700-snapshot.jpg
4,1,20190703,073000,82,1,251,243,297,282,Jun24_1/54-20190703073000-snapshot.jpg
4,1,20190703,073030,78,1,250,276,293,315,Jun24_1/54-20190703073030-snapshot.jpg
4,1,20190703,075600,87,1,81,558,123,592,Jun24_1/54-20190703075600-snapshot.jpg
4,1,20190703,075730,77,1,359,416,396,448,Jun24_1/54-20190703075730-snapshot.jpg
4,1,20190703,075800,72,1,541,462,583,500,Jun24_1/54-20190703075800-snapshot.jpg
4,1,20190703,075830,75,1,729,446,773,480,Jun24_1/54-20190703075830-snapshot.jpg
4,1,20190703,080200,84,1,732,443,780,482,Jun24_1/54-20190703080200-snapshot.jpg
4,1,20190703,080200,84,1,168,690,209,729,Jun24_1/54-20190703080200-snapshot.jpg
4,1,20190703,080230,83,1,733,441,781,480,Jun24_1/54-20190703080230-snapshot.jpg
4,1,20190703,080300,84,1,732,440,780,479,Jun24_1/54-20190703080300-snapshot.jpg
4,1,20190703,080330,79,1,732,439,778,479,Jun24_1/54-20190703080330-snapshot.jpg
4,1,20190703,080400,85,1,732,439,780,479,Jun24_1/54-20190703080400-snapshot.jpg
4,1,20190703,080430,84,1,730,442,777,480,Jun24_1/54-20190703080430-snapshot.jpg
4,1,20190703,080530,84,1,939,260,986,312,Jun24_1/54-20190703080530-snapshot.jpg
4,1,20190703,080600,84,1,1014,261,1059,305,Jun24_1/54-20190703080600-snapshot.jpg
4,1,20190703,080730,85,1,1377,297,1419,333,Jun24_1/54-20190703080730-snapshot.jpg
4,1,20190703,081030,84,1,669,464,715,503,Jun24_1/54-20190703081030-snapshot.jpg
