4,1,20190708,101700,71,5,312,215,357,266,Jul15_1/01-20190708101700-snapshot.jpg
4,1,20190708,103700,82,5,279,28,329,78,Jul15_1/01-20190708103700-snapshot.jpg
4,1,20190708,104400,62,6,449,674,532,739,Jul15_1/01-20190708104400-snapshot.jpg
4,1,20190708,104430,56,6,171,791,239,838,Jul15_1/01-20190708104430-snapshot.jpg
4,1,20190708,104500,59,6,92,788,167,834,Jul15_1/01-20190708104500-snapshot.jpg
4,1,20190708,104530,77,6,398,654,469,704,Jul15_1/01-20190708104530-snapshot.jpg
4,1,20190708,104600,73,6,862,591,917,625,Jul15_1/01-20190708104600-snapshot.jpg
4,1,20190708,105130,85,1,298,777,339,817,Jul15_1/01-20190708105130-snapshot.jpg
4,1,20190708,105300,65,1,67,888,108,926,Jul15_1/01-20190708105300-snapshot.jpg
4,1,20190708,105700,81,6,1316,306,1370,373,Jul15_1/01-20190708105700-snapshot.jpg
4,1,20190708,105730,84,6,935,588,1001,625,Jul15_1/01-20190708105730-snapshot.jpg
4,1,20190708,105930,48,6,1767,432,1825,501,Jul15_1/01-20190708105930-snapshot.jpg
4,1,20190708,110030,76,5,560,350,611,384,Jul15_1/01-20190708110030-snapshot.jpg
4,1,20190708,110200,69,5,984,740,1021,790,Jul15_1/01-20190708110200-snapshot.jpg
4,1,20190708,110230,80,5,932,532,987,564,Jul15_1/01-20190708110230-snapshot.jpg
4,1,20190708,110300,82,5,971,712,1007,759,Jul15_1/01-20190708110300-snapshot.jpg
4,1,20190708,110330,66,5,1170,651,1214,681,Jul15_1/01-20190708110330-snapshot.jpg
4,1,20190708,110400,76,5,1280,463,1328,501,Jul15_1/01-20190708110400-snapshot.jpg
4,1,20190708,110630,62,5,1,743,44,785,Jul15_1/01-20190708110630-snapshot.jpg
4,1,20190708,110800,81,5,1033,564,1069,609,Jul15_1/01-20190708110800-snapshot.jpg
4,1,20190708,110830,68,5,923,549,958,593,Jul15_1/01-20190708110830-snapshot.jpg
4,1,20190708,111130,83,8,1465,376,1542,424,Jul15_1/01-20190708111130-snapshot.jpg
4,1,20190708,111630,66,6,120,810,199,863,Jul15_1/01-20190708111630-snapshot.jpg
4,1,20190708,111730,56,6,637,1025,682,1073,Jul15_1/01-20190708111730-snapshot.jpg
4,1,20190708,111800,57,6,718,951,776,999,Jul15_1/01-20190708111800-snapshot.jpg
4,1,20190708,111800,62,6,146,56,212,102,Jul15_1/01-20190708111800-snapshot.jpg
4,1,20190708,111830,65,6,1418,406,1497,481,Jul15_1/01-20190708111830-snapshot.jpg
4,1,20190708,112000,64,6,565,245,606,297,Jul15_1/01-20190708112000-snapshot.jpg
4,1,20190708,112330,30,5,1078,253,1140,300,Jul15_1/01-20190708112330-snapshot.jpg
4,1,20190708,112330,31,6,1079,253,1140,299,Jul15_1/01-20190708112330-snapshot.jpg
4,1,20190708,112730,86,1,475,539,518,578,Jul15_1/01-20190708112730-snapshot.jpg
4,1,20190708,112830,83,1,273,937,317,978,Jul15_1/01-20190708112830-snapshot.jpg
4,1,20190708,113000,79,1,150,992,196,1030,Jul15_1/01-20190708113000-snapshot.jpg
4,1,20190708,113430,88,4,625,181,713,246,Jul15_1/01-20190708113430-snapshot.jpg
4,1,20190708,114300,77,6,1422,31,1500,78,Jul15_1/01-20190708114300-snapshot.jpg
4,1,20190708,114400,42,2,836,998,923,1068,Jul15_1/01-20190708114400-snapshot.jpg
4,1,20190708,114430,29,5,57,339,102,385,Jul15_1/01-20190708114430-snapshot.jpg
4,1,20190708,114500,46,6,405,666,464,730,Jul15_1/01-20190708114500-snapshot.jpg
4,1,20190708,114700,56,6,5,338,80,382,Jul15_1/01-20190708114700-snapshot.jpg
4,1,20190708,114830,67,5,287,188,331,229,Jul15_1/01-20190708114830-snapshot.jpg
4,1,20190708,114930,58,5,28,427,75,467,Jul15_1/01-20190708114930-snapshot.jpg
4,1,20190708,115300,69,6,1362,463,1445,536,Jul15_1/01-20190708115300-snapshot.jpg
4,1,20190708,115330,82,5,1070,219,1128,280,Jul15_1/01-20190708115330-snapshot.jpg
4,1,20190708,115930,28,5,591,608,627,647,Jul15_1/01-20190708115930-snapshot.jpg
4,1,20190708,120000,62,6,666,919,734,982,Jul15_1/01-20190708120000-snapshot.jpg
4,1,20190708,120030,78,6,22,713,79,768,Jul15_1/01-20190708120030-snapshot.jpg
4,1,20190708,120100,28,5,967,176,1017,222,Jul15_1/01-20190708120100-snapshot.jpg
4,1,20190708,120330,45,6,1607,0,1663,51,Jul15_1/01-20190708120330-snapshot.jpg
4,1,20190708,120530,66,6,433,701,501,740,Jul15_1/01-20190708120530-snapshot.jpg
4,1,20190708,120600,72,6,589,331,650,366,Jul15_1/01-20190708120600-snapshot.jpg
4,1,20190708,120630,76,6,5,323,61,380,Jul15_1/01-20190708120630-snapshot.jpg
4,1,20190708,120730,78,6,111,647,188,688,Jul15_1/01-20190708120730-snapshot.jpg
4,1,20190708,120800,58,6,840,617,889,675,Jul15_1/01-20190708120800-snapshot.jpg
4,1,20190708,120830,63,6,980,761,1047,802,Jul15_1/01-20190708120830-snapshot.jpg
4,1,20190708,120900,73,6,978,896,1061,965,Jul15_1/01-20190708120900-snapshot.jpg
4,1,20190708,120930,67,6,960,918,1050,987,Jul15_1/01-20190708120930-snapshot.jpg
4,1,20190708,121100,54,6,1261,977,1345,1042,Jul15_1/01-20190708121100-snapshot.jpg
4,1,20190708,121130,85,2,1309,303,1368,370,Jul15_1/01-20190708121130-snapshot.jpg
4,1,20190708,121300,66,5,932,425,972,471,Jul15_1/01-20190708121300-snapshot.jpg
4,1,20190708,121330,81,6,1442,10,1495,73,Jul15_1/01-20190708121330-snapshot.jpg
4,1,20190708,121400,37,5,1113,215,1161,251,Jul15_1/01-20190708121400-snapshot.jpg
4,1,20190708,121430,67,6,1322,175,1372,234,Jul15_1/01-20190708121430-snapshot.jpg
4,1,20190708,121500,66,5,1008,530,1049,571,Jul15_1/01-20190708121500-snapshot.jpg
4,1,20190708,121530,25,5,1120,347,1158,390,Jul15_1/01-20190708121530-snapshot.jpg
4,1,20190708,121730,51,6,513,792,568,856,Jul15_1/01-20190708121730-snapshot.jpg
4,1,20190708,121800,34,6,452,783,533,837,Jul15_1/01-20190708121800-snapshot.jpg
4,1,20190708,121830,85,6,181,86,263,151,Jul15_1/01-20190708121830-snapshot.jpg
4,1,20190708,121900,81,6,145,28,212,95,Jul15_1/01-20190708121900-snapshot.jpg
4,1,20190708,121930,71,6,358,612,421,660,Jul15_1/01-20190708121930-snapshot.jpg
4,1,20190708,121930,73,6,186,6,236,70,Jul15_1/01-20190708121930-snapshot.jpg
4,1,20190708,122000,69,6,764,429,819,503,Jul15_1/01-20190708122000-snapshot.jpg
4,1,20190708,122030,83,6,196,170,275,223,Jul15_1/01-20190708122030-snapshot.jpg
4,1,20190708,122130,34,6,1299,373,1348,435,Jul15_1/01-20190708122130-snapshot.jpg
4,1,20190708,122200,83,6,932,433,995,482,Jul15_1/01-20190708122200-snapshot.jpg
4,1,20190708,122300,80,6,195,28,271,78,Jul15_1/01-20190708122300-snapshot.jpg
4,1,20190708,122400,71,6,238,376,284,440,Jul15_1/01-20190708122400-snapshot.jpg
4,1,20190708,122730,73,6,116,817,186,861,Jul15_1/01-20190708122730-snapshot.jpg
4,1,20190708,122800,84,1,1255,664,1290,696,Jul15_1/01-20190708122800-snapshot.jpg
4,1,20190708,122800,85,6,911,662,964,721,Jul15_1/01-20190708122800-snapshot.jpg
4,1,20190708,122830,42,6,136,589,194,645,Jul15_1/01-20190708122830-snapshot.jpg
4,1,20190708,122830,64,6,659,913,746,981,Jul15_1/01-20190708122830-snapshot.jpg
4,1,20190708,122900,67,6,1303,287,1356,325,Jul15_1/01-20190708122900-snapshot.jpg
4,1,20190708,122930,61,6,1121,575,1192,624,Jul15_1/01-20190708122930-snapshot.jpg
4,1,20190708,123000,50,5,229,99,278,151,Jul15_1/01-20190708123000-snapshot.jpg
4,1,20190708,123000,75,6,1200,426,1259,473,Jul15_1/01-20190708123000-snapshot.jpg
4,1,20190708,123000,80,6,22,580,79,648,Jul15_1/01-20190708123000-snapshot.jpg
4,1,20190708,123030,67,5,81,5,136,33,Jul15_1/01-20190708123030-snapshot.jpg
4,1,20190708,123030,71,6,1319,337,1371,388,Jul15_1/01-20190708123030-snapshot.jpg
4,1,20190708,123030,78,6,132,649,199,703,Jul15_1/01-20190708123030-snapshot.jpg
4,1,20190708,123100,71,6,1264,146,1319,193,Jul15_1/01-20190708123100-snapshot.jpg
4,1,20190708,123130,74,5,872,637,926,667,Jul15_1/01-20190708123130-snapshot.jpg
4,1,20190708,123200,68,6,1183,576,1250,623,Jul15_1/01-20190708123200-snapshot.jpg
4,1,20190708,123230,43,6,1276,802,1327,855,Jul15_1/01-20190708123230-snapshot.jpg
4,1,20190708,123230,84,6,893,640,940,694,Jul15_1/01-20190708123230-snapshot.jpg
4,1,20190708,123300,55,6,1038,658,1076,708,Jul15_1/01-20190708123300-snapshot.jpg
4,1,20190708,123430,75,6,137,813,206,876,Jul15_1/01-20190708123430-snapshot.jpg
4,1,20190708,123430,83,6,1320,62,1411,139,Jul15_1/01-20190708123430-snapshot.jpg
4,1,20190708,123500,54,6,1336,770,1402,828,Jul15_1/01-20190708123500-snapshot.jpg
4,1,20190708,123530,62,5,1183,563,1222,607,Jul15_1/01-20190708123530-snapshot.jpg
4,1,20190708,123530,74,5,46,872,89,918,Jul15_1/01-20190708123530-snapshot.jpg
4,1,20190708,123530,75,6,1321,757,1383,810,Jul15_1/01-20190708123530-snapshot.jpg
4,1,20190708,123600,85,8,262,266,345,318,Jul15_1/01-20190708123600-snapshot.jpg
4,1,20190708,123700,45,6,1264,975,1340,1039,Jul15_1/01-20190708123700-snapshot.jpg
4,1,20190708,123700,71,6,402,550,452,602,Jul15_1/01-20190708123700-snapshot.jpg
4,1,20190708,123730,77,6,531,739,585,798,Jul15_1/01-20190708123730-snapshot.jpg
4,1,20190708,123800,39,6,57,1034,119,1080,Jul15_1/01-20190708123800-snapshot.jpg
4,1,20190708,123800,83,5,881,549,928,601,Jul15_1/01-20190708123800-snapshot.jpg
4,1,20190708,123830,77,6,132,695,204,738,Jul15_1/01-20190708123830-snapshot.jpg
4,1,20190708,123900,73,6,20,707,75,767,Jul15_1/01-20190708123900-snapshot.jpg
4,1,20190708,123930,82,6,1317,273,1395,329,Jul15_1/01-20190708123930-snapshot.jpg
4,1,20190708,124000,83,6,1084,239,1163,302,Jul15_1/01-20190708124000-snapshot.jpg
4,1,20190708,124030,76,6,1,355,66,398,Jul15_1/01-20190708124030-snapshot.jpg
4,1,20190708,124030,81,6,1301,354,1355,406,Jul15_1/01-20190708124030-snapshot.jpg
4,1,20190708,124330,79,6,136,668,206,714,Jul15_1/01-20190708124330-snapshot.jpg
4,1,20190708,124730,63,6,1736,310,1792,369,Jul15_1/01-20190708124730-snapshot.jpg
4,1,20190708,125030,37,6,471,651,545,704,Jul15_1/01-20190708125030-snapshot.jpg
4,1,20190708,125200,59,6,709,936,773,996,Jul15_1/01-20190708125200-snapshot.jpg
4,1,20190708,125300,59,6,150,826,230,880,Jul15_1/01-20190708125300-snapshot.jpg
4,1,20190708,125300,75,6,1411,481,1496,550,Jul15_1/01-20190708125300-snapshot.jpg
4,1,20190708,125330,48,5,1724,662,1773,715,Jul15_1/01-20190708125330-snapshot.jpg
4,1,20190708,125330,73,5,1383,2,1430,29,Jul15_1/01-20190708125330-snapshot.jpg
4,1,20190708,125330,75,6,126,813,207,875,Jul15_1/01-20190708125330-snapshot.jpg
4,1,20190708,125400,71,6,33,772,91,832,Jul15_1/01-20190708125400-snapshot.jpg
4,1,20190708,125400,79,5,1307,480,1362,545,Jul15_1/01-20190708125400-snapshot.jpg
4,1,20190708,125430,80,6,37,794,92,855,Jul15_1/01-20190708125430-snapshot.jpg
4,1,20190708,125430,80,6,1270,37,1328,97,Jul15_1/01-20190708125430-snapshot.jpg
4,1,20190708,125500,63,6,0,909,87,976,Jul15_1/01-20190708125500-snapshot.jpg
4,1,20190708,125530,72,6,2,385,75,433,Jul15_1/01-20190708125530-snapshot.jpg
4,1,20190708,125600,64,6,1749,97,1833,156,Jul15_1/01-20190708125600-snapshot.jpg
4,1,20190708,125600,79,6,1402,645,1473,700,Jul15_1/01-20190708125600-snapshot.jpg
4,1,20190708,125700,69,6,382,622,460,671,Jul15_1/01-20190708125700-snapshot.jpg
4,1,20190708,125700,79,6,851,490,899,550,Jul15_1/01-20190708125700-snapshot.jpg
4,1,20190708,125730,83,6,1063,259,1122,329,Jul15_1/01-20190708125730-snapshot.jpg
4,1,20190708,125800,74,6,857,104,911,163,Jul15_1/01-20190708125800-snapshot.jpg
4,1,20190708,125900,40,6,45,577,97,634,Jul15_1/01-20190708125900-snapshot.jpg
4,1,20190708,125930,69,6,503,357,551,410,Jul15_1/01-20190708125930-snapshot.jpg
4,1,20190708,130000,69,6,539,328,589,367,Jul15_1/01-20190708130000-snapshot.jpg
4,1,20190708,130430,62,5,547,386,590,439,Jul15_1/01-20190708130430-snapshot.jpg
4,1,20190708,130500,69,6,1330,395,1390,446,Jul15_1/01-20190708130500-snapshot.jpg
4,1,20190708,131000,81,6,1247,85,1309,148,Jul15_1/01-20190708131000-snapshot.jpg
4,1,20190708,131600,35,5,886,909,944,949,Jul15_1/01-20190708131600-snapshot.jpg
4,1,20190708,131630,71,6,1296,324,1356,366,Jul15_1/01-20190708131630-snapshot.jpg
4,1,20190708,131700,64,6,1315,252,1388,310,Jul15_1/01-20190708131700-snapshot.jpg
4,1,20190708,131730,37,8,1132,727,1208,785,Jul15_1/01-20190708131730-snapshot.jpg
4,1,20190708,131800,69,6,1131,556,1179,612,Jul15_1/01-20190708131800-snapshot.jpg
4,1,20190708,131900,78,6,1251,462,1297,524,Jul15_1/01-20190708131900-snapshot.jpg
4,1,20190708,131930,75,6,1264,425,1309,480,Jul15_1/01-20190708131930-snapshot.jpg
4,1,20190708,131930,79,6,1034,632,1083,685,Jul15_1/01-20190708131930-snapshot.jpg
4,1,20190708,132000,72,6,1267,415,1312,470,Jul15_1/01-20190708132000-snapshot.jpg
4,1,20190708,132700,43,6,11,920,90,965,Jul15_1/01-20190708132700-snapshot.jpg
4,1,20190708,132800,66,6,1111,248,1178,298,Jul15_1/01-20190708132800-snapshot.jpg
4,1,20190708,132830,82,6,1129,382,1175,444,Jul15_1/01-20190708132830-snapshot.jpg
4,1,20190708,133030,76,6,1023,618,1071,667,Jul15_1/01-20190708133030-snapshot.jpg
4,1,20190708,133430,63,6,371,619,437,663,Jul15_1/01-20190708133430-snapshot.jpg
4,1,20190708,135530,82,6,101,64,183,120,Jul15_1/02-20190708135530-snapshot.jpg
4,1,20190708,135600,83,6,103,85,184,150,Jul15_1/02-20190708135600-snapshot.jpg
4,1,20190708,135630,82,6,109,45,189,111,Jul15_1/02-20190708135630-snapshot.jpg
4,1,20190708,135700,80,6,3,13,72,78,Jul15_1/02-20190708135700-snapshot.jpg
4,1,20190708,162700,54,8,541,984,617,1038,Jul15_1/05-20190708162700-snapshot.jpg
4,1,20190708,162730,76,8,812,694,877,735,Jul15_1/05-20190708162730-snapshot.jpg
4,1,20190708,162730,84,8,944,243,998,321,Jul15_1/05-20190708162730-snapshot.jpg
4,1,20190708,162900,32,6,855,498,910,555,Jul15_1/05-20190708162900-snapshot.jpg
4,1,20190708,163530,84,8,775,523,846,577,Jul15_1/07-20190708163530-snapshot.jpg
4,1,20190708,164700,84,8,809,465,885,515,Jul15_1/10-20190708164700-snapshot.jpg
4,1,20190708,164900,85,8,1016,623,1063,680,Jul15_1/11-20190708164900-snapshot.jpg
4,1,20190711,044600,35,1,1337,432,1376,469,Jul15_1/117-20190711044600-snapshot.jpg
4,1,20190711,045330,32,1,1337,432,1377,469,Jul15_1/119-20190711045330-snapshot.jpg
4,1,20190711,050030,39,5,886,606,925,650,Jul15_1/122-20190711050030-snapshot.jpg
4,1,20190708,165800,79,8,464,847,544,894,Jul15_1/14-20190708165800-snapshot.jpg
4,1,20190711,080830,61,6,254,180,306,222,Jul15_1/162-20190711080830-snapshot.jpg
4,1,20190711,081830,74,6,129,561,177,618,Jul15_1/162-20190711081830-snapshot.jpg
4,1,20190711,081900,37,6,543,721,600,785,Jul15_1/162-20190711081900-snapshot.jpg
4,1,20190711,091900,25,6,937,890,1020,949,Jul15_1/162-20190711091900-snapshot.jpg
4,1,20190711,091930,38,6,935,891,1017,944,Jul15_1/162-20190711091930-snapshot.jpg
4,1,20190711,092130,72,5,1046,427,1092,464,Jul15_1/162-20190711092130-snapshot.jpg
4,1,20190711,092500,88,8,722,536,777,617,Jul15_1/162-20190711092500-snapshot.jpg
4,1,20190711,092530,64,5,1284,396,1322,438,Jul15_1/162-20190711092530-snapshot.jpg
4,1,20190711,093130,34,6,1168,468,1219,519,Jul15_1/162-20190711093130-snapshot.jpg
4,1,20190711,093300,43,5,1244,418,1293,453,Jul15_1/162-20190711093300-snapshot.jpg
4,1,20190711,093830,35,5,1039,247,1078,293,Jul15_1/162-20190711093830-snapshot.jpg
4,1,20190711,093930,61,5,1045,419,1088,464,Jul15_1/162-20190711093930-snapshot.jpg
4,1,20190711,094030,28,6,1141,393,1180,439,Jul15_1/162-20190711094030-snapshot.jpg
4,1,20190711,094130,31,6,906,444,970,500,Jul15_1/162-20190711094130-snapshot.jpg
4,1,20190711,094300,84,2,1391,485,1445,564,Jul15_1/162-20190711094300-snapshot.jpg
4,1,20190711,094600,66,5,890,688,930,730,Jul15_1/162-20190711094600-snapshot.jpg
4,1,20190711,094900,64,6,1052,493,1101,548,Jul15_1/162-20190711094900-snapshot.jpg
4,1,20190711,094930,28,6,959,521,1011,560,Jul15_1/162-20190711094930-snapshot.jpg
4,1,20190711,094930,44,5,957,523,1007,559,Jul15_1/162-20190711094930-snapshot.jpg
4,1,20190711,095000,78,5,1216,427,1275,458,Jul15_1/162-20190711095000-snapshot.jpg
4,1,20190711,095200,30,5,953,748,990,789,Jul15_1/162-20190711095200-snapshot.jpg
4,1,20190711,095230,50,6,934,755,1012,807,Jul15_1/162-20190711095230-snapshot.jpg
4,1,20190711,095430,52,5,961,516,1007,553,Jul15_1/162-20190711095430-snapshot.jpg
4,1,20190711,095600,57,5,1048,682,1086,723,Jul15_1/162-20190711095600-snapshot.jpg
4,1,20190711,095700,62,5,17,394,67,429,Jul15_1/162-20190711095700-snapshot.jpg
4,1,20190711,095900,44,6,1076,903,1165,972,Jul15_1/162-20190711095900-snapshot.jpg
4,1,20190711,100500,75,5,1315,396,1361,429,Jul15_1/162-20190711100500-snapshot.jpg
4,1,20190711,100530,66,6,1226,217,1288,252,Jul15_1/162-20190711100530-snapshot.jpg
4,1,20190711,100530,82,8,1113,373,1163,440,Jul15_1/162-20190711100530-snapshot.jpg
4,1,20190711,102300,87,1,1499,788,1536,821,Jul15_1/162-20190711102300-snapshot.jpg
4,1,20190711,102400,84,1,1410,830,1448,863,Jul15_1/162-20190711102400-snapshot.jpg
4,1,20190711,102500,61,5,1214,279,1258,330,Jul15_1/162-20190711102500-snapshot.jpg
4,1,20190711,102630,27,5,1215,277,1259,326,Jul15_1/162-20190711102630-snapshot.jpg
4,1,20190711,104000,50,5,1551,930,1597,970,Jul15_1/162-20190711104000-snapshot.jpg
4,1,20190711,110130,78,2,1594,500,1673,544,Jul15_1/162-20190711110130-snapshot.jpg
4,1,20190711,110330,85,8,1148,579,1205,632,Jul15_1/162-20190711110330-snapshot.jpg
4,1,20190711,110900,84,8,806,283,890,341,Jul15_1/162-20190711110900-snapshot.jpg
4,1,20190711,112930,73,5,1007,617,1043,659,Jul15_1/162-20190711112930-snapshot.jpg
4,1,20190711,113030,77,5,1103,761,1145,806,Jul15_1/162-20190711113030-snapshot.jpg
4,1,20190711,113130,84,1,551,725,586,755,Jul15_1/162-20190711113130-snapshot.jpg
4,1,20190711,113200,84,1,372,844,414,881,Jul15_1/162-20190711113200-snapshot.jpg
4,1,20190711,115130,28,5,1139,728,1183,758,Jul15_1/162-20190711115130-snapshot.jpg
4,1,20190711,115230,65,5,1232,401,1271,452,Jul15_1/162-20190711115230-snapshot.jpg
4,1,20190711,115300,50,5,1329,314,1367,358,Jul15_1/162-20190711115300-snapshot.jpg
4,1,20190711,122800,47,6,687,901,771,967,Jul15_1/162-20190711122800-snapshot.jpg
4,1,20190711,125000,36,5,1374,12,1417,51,Jul15_1/162-20190711125000-snapshot.jpg
4,1,20190711,125100,50,5,1309,281,1348,322,Jul15_1/162-20190711125100-snapshot.jpg
4,1,20190711,125200,25,5,1302,376,1348,413,Jul15_1/162-20190711125200-snapshot.jpg
4,1,20190711,125400,68,5,1270,453,1313,498,Jul15_1/162-20190711125400-snapshot.jpg
4,1,20190711,130030,40,6,939,715,995,760,Jul15_1/162-20190711130030-snapshot.jpg
4,1,20190711,130100,35,5,939,743,983,785,Jul15_1/162-20190711130100-snapshot.jpg
4,1,20190711,132230,78,5,226,655,267,687,Jul15_1/162-20190711132230-snapshot.jpg
4,1,20190711,141400,85,4,1122,263,1173,321,Jul15_1/162-20190711141400-snapshot.jpg
4,1,20190711,144130,58,1,1874,0,1916,31,Jul15_1/162-20190711144130-snapshot.jpg
4,1,20190711,144700,84,8,748,544,799,615,Jul15_1/162-20190711144700-snapshot.jpg
4,1,20190711,151200,52,6,886,783,945,842,Jul15_1/162-20190711151200-snapshot.jpg
4,1,20190711,152330,66,6,289,21,364,60,Jul15_1/162-20190711152330-snapshot.jpg
4,1,20190711,154730,44,6,228,733,280,773,Jul15_1/162-20190711154730-snapshot.jpg
4,1,20190711,154800,34,6,188,684,254,728,Jul15_1/162-20190711154800-snapshot.jpg
4,1,20190711,155730,84,8,17,510,96,598,Jul15_1/163-20190711155730-snapshot.jpg
4,1,20190711,155900,48,6,591,289,639,342,Jul15_1/163-20190711155900-snapshot.jpg
4,1,20190711,160100,68,6,679,795,731,854,Jul15_1/163-20190711160100-snapshot.jpg
4,1,20190711,160530,72,6,614,249,652,296,Jul15_1/163-20190711160530-snapshot.jpg
4,1,20190711,160600,77,6,561,272,608,316,Jul15_1/163-20190711160600-snapshot.jpg
4,1,20190711,160630,79,6,516,467,567,532,Jul15_1/163-20190711160630-snapshot.jpg
4,1,20190711,160730,85,6,1277,191,1353,244,Jul15_1/163-20190711160730-snapshot.jpg
4,1,20190711,160800,81,6,1049,282,1127,333,Jul15_1/163-20190711160800-snapshot.jpg
4,1,20190711,160830,81,6,923,351,976,418,Jul15_1/163-20190711160830-snapshot.jpg
4,1,20190711,163930,76,6,432,600,497,646,Jul15_1/163-20190711163930-snapshot.jpg
4,1,20190711,164000,59,6,618,760,673,825,Jul15_1/163-20190711164000-snapshot.jpg
4,1,20190711,164030,69,6,0,1024,52,1076,Jul15_1/163-20190711164030-snapshot.jpg
4,1,20190711,164430,67,6,190,196,258,245,Jul15_1/163-20190711164430-snapshot.jpg
4,1,20190711,180400,70,5,1154,986,1204,1042,Jul15_1/166-20190711180400-snapshot.jpg
4,1,20190711,180900,33,5,955,391,997,429,Jul15_1/167-20190711180900-snapshot.jpg
4,1,20190711,182030,34,6,1026,542,1102,598,Jul15_1/168-20190711182030-snapshot.jpg
4,1,20190711,185630,83,6,1310,247,1386,306,Jul15_1/173-20190711185630-snapshot.jpg
4,1,20190711,192200,47,6,1835,4,1908,42,Jul15_1/178-20190711192200-snapshot.jpg
4,1,20190711,192430,63,6,79,831,150,875,Jul15_1/178-20190711192430-snapshot.jpg
4,1,20190711,203500,83,8,1020,311,1108,364,Jul15_1/202-20190711203500-snapshot.jpg
4,1,20190712,054830,41,6,220,95,280,170,Jul15_1/263-20190712054830-snapshot.jpg
4,1,20190712,064930,28,2,1889,485,1920,566,Jul15_1/280-20190712064930-snapshot.jpg
4,1,20190712,065000,44,2,1888,486,1920,565,Jul15_1/281-20190712065000-snapshot.jpg
4,1,20190712,101130,89,8,1206,474,1259,545,Jul15_1/320-20190712101130-snapshot.jpg
4,1,20190712,101600,71,8,1758,990,1839,1045,Jul15_1/321-20190712101600-snapshot.jpg
4,1,20190712,104400,75,5,1493,26,1558,63,Jul15_1/324-20190712104400-snapshot.jpg
4,1,20190712,111630,67,5,474,637,520,684,Jul15_1/325-20190712111630-snapshot.jpg
4,1,20190712,111700,64,8,412,652,463,711,Jul15_1/325-20190712111700-snapshot.jpg
4,1,20190712,111800,30,6,194,752,241,804,Jul15_1/325-20190712111800-snapshot.jpg
4,1,20190712,111830,26,6,168,787,242,831,Jul15_1/325-20190712111830-snapshot.jpg
4,1,20190712,111900,26,8,55,825,107,874,Jul15_1/325-20190712111900-snapshot.jpg
4,1,20190712,111930,31,6,444,695,505,734,Jul15_1/325-20190712111930-snapshot.jpg
4,1,20190712,112200,75,5,1647,871,1701,926,Jul15_1/325-20190712112200-snapshot.jpg
4,1,20190712,112830,30,1,657,431,693,466,Jul15_1/326-20190712112830-snapshot.jpg
4,1,20190712,113000,84,5,1380,35,1435,101,Jul15_1/326-20190712113000-snapshot.jpg
4,1,20190712,115430,81,8,742,555,823,602,Jul15_1/328-20190712115430-snapshot.jpg
4,1,20190712,120400,31,5,51,768,105,808,Jul15_1/328-20190712120400-snapshot.jpg
4,1,20190712,120630,85,3,1304,270,1370,337,Jul15_1/328-20190712120630-snapshot.jpg
4,1,20190712,122030,30,6,801,593,886,643,Jul15_1/328-20190712122030-snapshot.jpg
4,1,20190712,122100,86,3,167,725,256,782,Jul15_1/328-20190712122100-snapshot.jpg
4,1,20190712,122200,72,6,1547,195,1600,258,Jul15_1/328-20190712122200-snapshot.jpg
4,1,20190712,122500,80,1,1810,847,1852,886,Jul15_1/328-20190712122500-snapshot.jpg
4,1,20190712,122530,82,1,1772,826,1815,862,Jul15_1/328-20190712122530-snapshot.jpg
4,1,20190712,122600,82,1,1772,827,1814,863,Jul15_1/328-20190712122600-snapshot.jpg
4,1,20190712,122630,82,1,1770,828,1811,862,Jul15_1/328-20190712122630-snapshot.jpg
4,1,20190712,122700,62,1,1607,813,1645,845,Jul15_1/328-20190712122700-snapshot.jpg
4,1,20190712,122730,75,1,1387,667,1423,699,Jul15_1/328-20190712122730-snapshot.jpg
4,1,20190712,122830,83,1,1344,743,1379,773,Jul15_1/328-20190712122830-snapshot.jpg
4,1,20190712,122900,71,1,1173,734,1213,769,Jul15_1/328-20190712122900-snapshot.jpg
4,1,20190712,123230,69,1,695,513,732,544,Jul15_1/328-20190712123230-snapshot.jpg
4,1,20190712,124900,79,6,1739,551,1794,623,Jul15_1/328-20190712124900-snapshot.jpg
4,1,20190712,125300,82,6,1065,454,1128,511,Jul15_1/328-20190712125300-snapshot.jpg
4,1,20190712,125330,73,6,1253,201,1326,240,Jul15_1/328-20190712125330-snapshot.jpg
4,1,20190712,125430,53,6,85,819,150,866,Jul15_1/328-20190712125430-snapshot.jpg
4,1,20190712,125500,56,6,120,807,188,869,Jul15_1/328-20190712125500-snapshot.jpg
4,1,20190712,125500,76,6,1556,185,1611,250,Jul15_1/328-20190712125500-snapshot.jpg
4,1,20190712,125530,67,5,107,762,161,798,Jul15_1/328-20190712125530-snapshot.jpg
4,1,20190712,125630,26,2,1646,526,1700,609,Jul15_1/328-20190712125630-snapshot.jpg
4,1,20190712,125700,27,5,211,182,245,230,Jul15_1/328-20190712125700-snapshot.jpg
4,1,20190712,125700,29,6,1085,904,1178,977,Jul15_1/328-20190712125700-snapshot.jpg
4,1,20190712,131630,44,2,1569,183,1616,250,Jul15_1/328-20190712131630-snapshot.jpg
4,1,20190712,132100,70,5,1341,203,1399,243,Jul15_1/328-20190712132100-snapshot.jpg
4,1,20190712,133200,66,5,471,356,523,421,Jul15_1/328-20190712133200-snapshot.jpg
4,1,20190712,134400,84,3,1561,177,1653,249,Jul15_1/328-20190712134400-snapshot.jpg
4,1,20190712,135600,77,1,1515,670,1551,699,Jul15_1/328-20190712135600-snapshot.jpg
4,1,20190712,140200,66,6,1253,436,1337,489,Jul15_1/328-20190712140200-snapshot.jpg
4,1,20190712,140200,77,2,1254,435,1338,490,Jul15_1/328-20190712140200-snapshot.jpg
4,1,20190712,141300,45,5,441,594,484,635,Jul15_1/328-20190712141300-snapshot.jpg
4,1,20190712,143730,29,2,1339,359,1416,413,Jul15_1/328-20190712143730-snapshot.jpg
4,1,20190712,145900,86,5,1286,529,1370,588,Jul15_1/328-20190712145900-snapshot.jpg
4,1,20190712,150230,77,2,1272,465,1329,538,Jul15_1/328-20190712150230-snapshot.jpg
4,1,20190712,150300,83,2,1261,355,1313,432,Jul15_1/328-20190712150300-snapshot.jpg
4,1,20190712,150330,62,2,924,343,985,389,Jul15_1/328-20190712150330-snapshot.jpg
4,1,20190712,151000,26,6,556,281,606,324,Jul15_1/328-20190712151000-snapshot.jpg
4,1,20190712,151430,26,5,935,501,979,544,Jul15_1/328-20190712151430-snapshot.jpg
4,1,20190712,151430,83,8,1150,561,1230,606,Jul15_1/328-20190712151430-snapshot.jpg
4,1,20190712,151500,59,6,196,240,248,282,Jul15_1/328-20190712151500-snapshot.jpg
4,1,20190712,151530,84,4,0,0,64,55,Jul15_1/328-20190712151530-snapshot.jpg
4,1,20190712,151600,83,4,1041,331,1091,390,Jul15_1/328-20190712151600-snapshot.jpg
4,1,20190712,151900,28,5,1223,327,1267,367,Jul15_1/328-20190712151900-snapshot.jpg
4,1,20190712,152000,37,6,1251,398,1314,445,Jul15_1/328-20190712152000-snapshot.jpg
4,1,20190712,152030,77,5,940,352,984,401,Jul15_1/328-20190712152030-snapshot.jpg
4,1,20190712,153800,79,8,733,605,802,653,Jul15_1/328-20190712153800-snapshot.jpg
4,1,20190712,154530,83,4,932,716,985,784,Jul15_1/328-20190712154530-snapshot.jpg
4,1,20190712,154630,30,1,765,397,806,436,Jul15_1/328-20190712154630-snapshot.jpg
4,1,20190712,154700,35,1,765,397,807,437,Jul15_1/328-20190712154700-snapshot.jpg
4,1,20190712,154800,67,2,804,635,875,697,Jul15_1/328-20190712154800-snapshot.jpg
4,1,20190712,154800,87,4,613,255,694,319,Jul15_1/328-20190712154800-snapshot.jpg
4,1,20190712,154830,32,1,765,398,806,435,Jul15_1/328-20190712154830-snapshot.jpg
4,1,20190712,154830,75,8,345,461,414,520,Jul15_1/328-20190712154830-snapshot.jpg
4,1,20190712,155130,32,1,765,398,806,438,Jul15_1/328-20190712155130-snapshot.jpg
4,1,20190712,155230,27,1,765,399,806,438,Jul15_1/328-20190712155230-snapshot.jpg
4,1,20190712,155230,61,5,933,500,981,547,Jul15_1/328-20190712155230-snapshot.jpg
4,1,20190712,160100,39,1,766,399,807,438,Jul15_1/329-20190712160100-snapshot.jpg
4,1,20190712,160300,31,1,766,400,807,438,Jul15_1/329-20190712160300-snapshot.jpg
4,1,20190712,160530,38,1,765,399,807,439,Jul15_1/329-20190712160530-snapshot.jpg
4,1,20190712,162130,47,1,766,400,808,440,Jul15_1/329-20190712162130-snapshot.jpg
4,1,20190712,162330,25,1,765,402,807,442,Jul15_1/329-20190712162330-snapshot.jpg
4,1,20190712,162500,83,3,935,725,1017,783,Jul15_1/329-20190712162500-snapshot.jpg
4,1,20190712,162630,34,1,766,403,807,443,Jul15_1/329-20190712162630-snapshot.jpg
4,1,20190712,162730,45,1,767,402,807,441,Jul15_1/329-20190712162730-snapshot.jpg
4,1,20190712,171300,37,5,446,599,491,635,Jul15_1/329-20190712171300-snapshot.jpg
4,1,20190712,171400,26,5,447,598,490,632,Jul15_1/329-20190712171400-snapshot.jpg
4,1,20190712,171800,82,3,443,643,501,702,Jul15_1/329-20190712171800-snapshot.jpg
4,1,20190712,173200,84,2,1112,503,1190,564,Jul15_1/329-20190712173200-snapshot.jpg
4,1,20190712,174330,66,5,449,598,492,635,Jul15_1/329-20190712174330-snapshot.jpg
4,1,20190712,175900,39,5,934,504,981,549,Jul15_1/330-20190712175900-snapshot.jpg
4,1,20190712,182430,50,2,1172,207,1246,278,Jul15_1/331-20190712182430-snapshot.jpg
4,1,20190712,182930,58,2,788,653,846,704,Jul15_1/331-20190712182930-snapshot.jpg
4,1,20190712,185500,84,2,1179,238,1237,313,Jul15_1/331-20190712185500-snapshot.jpg
4,1,20190712,190800,83,4,75,791,162,854,Jul15_1/332-20190712190800-snapshot.jpg
4,1,20190712,194130,78,4,1,101,93,193,Jul15_1/335-20190712194130-snapshot.jpg
4,1,20190708,183300,76,8,410,638,489,682,Jul15_1/35-20190708183300-snapshot.jpg
4,1,20190708,203000,36,6,1188,394,1242,438,Jul15_1/36-20190708203000-snapshot.jpg
4,1,20190708,203100,26,6,1189,396,1239,436,Jul15_1/36-20190708203100-snapshot.jpg
4,1,20190708,203200,26,6,1190,396,1239,436,Jul15_1/36-20190708203200-snapshot.jpg
4,1,20190708,203600,32,6,1190,396,1238,436,Jul15_1/36-20190708203600-snapshot.jpg
4,1,20190708,203700,33,6,1188,394,1240,437,Jul15_1/36-20190708203700-snapshot.jpg
4,1,20190708,203800,29,6,1188,394,1241,437,Jul15_1/36-20190708203800-snapshot.jpg
4,1,20190708,203830,41,6,1187,393,1243,438,Jul15_1/36-20190708203830-snapshot.jpg
4,1,20190708,204130,28,6,1189,395,1240,437,Jul15_1/36-20190708204130-snapshot.jpg
4,1,20190708,204200,25,6,1188,394,1242,437,Jul15_1/36-20190708204200-snapshot.jpg
4,1,20190708,204700,39,6,1185,391,1246,439,Jul15_1/36-20190708204700-snapshot.jpg
4,1,20190708,204900,25,6,1187,392,1243,438,Jul15_1/36-20190708204900-snapshot.jpg
4,1,20190712,213900,35,1,708,411,760,458,Jul15_1/363-20190712213900-snapshot.jpg
4,1,20190713,091830,87,8,1569,286,1630,375,Jul15_1/429-20190713091830-snapshot.jpg
4,1,20190713,094200,72,6,486,365,537,409,Jul15_1/430-20190713094200-snapshot.jpg
4,1,20190713,094230,81,6,505,391,560,455,Jul15_1/430-20190713094230-snapshot.jpg
4,1,20190713,094330,57,6,454,409,513,454,Jul15_1/430-20190713094330-snapshot.jpg
4,1,20190713,094400,70,6,743,620,793,663,Jul15_1/430-20190713094400-snapshot.jpg
4,1,20190713,094730,70,6,1010,290,1064,329,Jul15_1/430-20190713094730-snapshot.jpg
4,1,20190713,094800,34,5,809,587,851,633,Jul15_1/430-20190713094800-snapshot.jpg
4,1,20190713,101230,67,6,109,608,184,646,Jul15_1/430-20190713101230-snapshot.jpg
4,1,20190713,101730,79,5,1257,1008,1323,1046,Jul15_1/430-20190713101730-snapshot.jpg
4,1,20190713,101900,79,5,1068,912,1116,962,Jul15_1/430-20190713101900-snapshot.jpg
4,1,20190713,101930,69,5,1434,86,1486,148,Jul15_1/430-20190713101930-snapshot.jpg
4,1,20190713,102400,50,5,1869,7,1915,57,Jul15_1/430-20190713102400-snapshot.jpg
4,1,20190713,102500,77,5,977,351,1026,398,Jul15_1/430-20190713102500-snapshot.jpg
4,1,20190713,102830,83,5,935,348,981,407,Jul15_1/430-20190713102830-snapshot.jpg
4,1,20190713,102900,63,8,1535,434,1628,496,Jul15_1/430-20190713102900-snapshot.jpg
4,1,20190713,103200,74,6,1371,203,1429,268,Jul15_1/430-20190713103200-snapshot.jpg
4,1,20190713,103230,83,6,1349,113,1405,184,Jul15_1/430-20190713103230-snapshot.jpg
4,1,20190713,103300,83,6,1290,139,1365,198,Jul15_1/430-20190713103300-snapshot.jpg
4,1,20190713,103400,43,6,1640,3,1702,64,Jul15_1/430-20190713103400-snapshot.jpg
4,1,20190713,103430,74,6,1861,3,1910,45,Jul15_1/430-20190713103430-snapshot.jpg
4,1,20190713,103700,84,6,941,837,1013,893,Jul15_1/430-20190713103700-snapshot.jpg
4,1,20190713,103730,77,6,951,324,1001,383,Jul15_1/430-20190713103730-snapshot.jpg
4,1,20190713,104230,49,6,206,646,260,689,Jul15_1/430-20190713104230-snapshot.jpg
4,1,20190713,104800,71,3,0,693,41,749,Jul15_1/430-20190713104800-snapshot.jpg
4,1,20190713,105330,78,5,1321,429,1375,470,Jul15_1/430-20190713105330-snapshot.jpg
4,1,20190713,110230,36,6,1393,148,1449,207,Jul15_1/430-20190713110230-snapshot.jpg
4,1,20190713,110830,28,6,773,892,826,955,Jul15_1/430-20190713110830-snapshot.jpg
4,1,20190713,111430,79,6,1335,19,1414,66,Jul15_1/430-20190713111430-snapshot.jpg
4,1,20190713,111600,85,8,2,421,85,474,Jul15_1/430-20190713111600-snapshot.jpg
4,1,20190713,112130,61,2,894,906,974,973,Jul15_1/430-20190713112130-snapshot.jpg
4,1,20190713,112500,55,2,1872,0,1919,65,Jul15_1/430-20190713112500-snapshot.jpg
4,1,20190713,112900,70,6,1060,463,1125,513,Jul15_1/430-20190713112900-snapshot.jpg
4,1,20190713,112930,81,8,804,207,893,252,Jul15_1/430-20190713112930-snapshot.jpg
4,1,20190713,113130,78,6,297,90,358,145,Jul15_1/430-20190713113130-snapshot.jpg
4,1,20190713,113500,61,6,1145,326,1216,372,Jul15_1/430-20190713113500-snapshot.jpg
4,1,20190713,113530,67,6,584,226,634,279,Jul15_1/430-20190713113530-snapshot.jpg
4,1,20190713,114030,40,5,761,802,798,843,Jul15_1/430-20190713114030-snapshot.jpg
4,1,20190713,114200,66,6,147,578,200,639,Jul15_1/430-20190713114200-snapshot.jpg
4,1,20190713,114530,86,8,1500,45,1560,118,Jul15_1/430-20190713114530-snapshot.jpg
4,1,20190713,114600,80,1,130,1001,166,1029,Jul15_1/430-20190713114600-snapshot.jpg
4,1,20190713,114700,79,1,92,850,137,892,Jul15_1/430-20190713114700-snapshot.jpg
4,1,20190713,114900,74,2,1334,427,1404,492,Jul15_1/430-20190713114900-snapshot.jpg
4,1,20190713,115100,65,5,1747,588,1802,634,Jul15_1/430-20190713115100-snapshot.jpg
4,1,20190713,115130,82,5,943,373,988,434,Jul15_1/430-20190713115130-snapshot.jpg
4,1,20190713,115200,66,5,1011,307,1064,351,Jul15_1/430-20190713115200-snapshot.jpg
4,1,20190713,115230,81,5,248,47,296,109,Jul15_1/430-20190713115230-snapshot.jpg
4,1,20190713,115900,85,8,671,651,727,725,Jul15_1/430-20190713115900-snapshot.jpg
4,1,20190713,120330,81,6,1798,44,1878,98,Jul15_1/430-20190713120330-snapshot.jpg
4,1,20190713,120430,36,6,723,786,782,827,Jul15_1/430-20190713120430-snapshot.jpg
4,1,20190713,120430,52,6,1555,140,1599,192,Jul15_1/430-20190713120430-snapshot.jpg
4,1,20190713,120530,72,6,1340,302,1390,360,Jul15_1/430-20190713120530-snapshot.jpg
4,1,20190713,121100,82,8,555,288,635,343,Jul15_1/430-20190713121100-snapshot.jpg
4,1,20190713,121700,52,2,1089,429,1143,503,Jul15_1/430-20190713121700-snapshot.jpg
4,1,20190713,121730,69,2,1302,289,1365,347,Jul15_1/430-20190713121730-snapshot.jpg
4,1,20190713,121900,71,6,1770,327,1844,389,Jul15_1/430-20190713121900-snapshot.jpg
4,1,20190713,121900,87,8,466,447,523,528,Jul15_1/430-20190713121900-snapshot.jpg
4,1,20190713,122530,63,6,476,418,528,479,Jul15_1/430-20190713122530-snapshot.jpg
4,1,20190713,122600,67,5,590,341,633,383,Jul15_1/430-20190713122600-snapshot.jpg
4,1,20190713,123200,77,6,1802,81,1884,144,Jul15_1/430-20190713123200-snapshot.jpg
4,1,20190713,123330,62,6,444,685,517,728,Jul15_1/430-20190713123330-snapshot.jpg
4,1,20190713,123500,84,8,383,359,439,424,Jul15_1/430-20190713123500-snapshot.jpg
4,1,20190713,123730,41,6,25,885,106,945,Jul15_1/430-20190713123730-snapshot.jpg
4,1,20190713,123730,86,2,1043,295,1100,364,Jul15_1/430-20190713123730-snapshot.jpg
4,1,20190713,124000,28,6,734,676,809,730,Jul15_1/430-20190713124000-snapshot.jpg
4,1,20190713,124330,36,6,816,784,867,839,Jul15_1/430-20190713124330-snapshot.jpg
4,1,20190713,124330,66,5,1326,26,1372,79,Jul15_1/430-20190713124330-snapshot.jpg
4,1,20190713,125100,39,5,1810,59,1865,99,Jul15_1/430-20190713125100-snapshot.jpg
4,1,20190713,125100,79,5,925,401,975,456,Jul15_1/430-20190713125100-snapshot.jpg
4,1,20190713,125130,69,6,1096,22,1152,70,Jul15_1/430-20190713125130-snapshot.jpg
4,1,20190713,125400,35,6,1441,224,1512,271,Jul15_1/430-20190713125400-snapshot.jpg
4,1,20190713,125530,54,6,566,254,613,280,Jul15_1/430-20190713125530-snapshot.jpg
4,1,20190713,125600,71,5,575,393,620,440,Jul15_1/430-20190713125600-snapshot.jpg
4,1,20190713,125730,79,2,1348,269,1425,324,Jul15_1/430-20190713125730-snapshot.jpg
4,1,20190713,130530,33,5,759,810,795,851,Jul15_1/430-20190713130530-snapshot.jpg
4,1,20190713,130700,27,6,0,519,65,564,Jul15_1/430-20190713130700-snapshot.jpg
4,1,20190713,131000,72,5,875,670,915,713,Jul15_1/430-20190713131000-snapshot.jpg
4,1,20190713,131030,61,5,986,437,1034,492,Jul15_1/430-20190713131030-snapshot.jpg
4,1,20190713,131100,75,2,875,705,947,771,Jul15_1/430-20190713131100-snapshot.jpg
4,1,20190713,131630,72,6,1232,512,1306,569,Jul15_1/430-20190713131630-snapshot.jpg
4,1,20190713,131700,68,6,1000,436,1058,496,Jul15_1/430-20190713131700-snapshot.jpg
4,1,20190713,131800,77,5,1787,19,1842,53,Jul15_1/430-20190713131800-snapshot.jpg
4,1,20190713,131900,74,6,1452,27,1504,91,Jul15_1/430-20190713131900-snapshot.jpg
4,1,20190713,131930,73,5,1867,1,1914,53,Jul15_1/430-20190713131930-snapshot.jpg
4,1,20190713,132230,81,6,895,371,949,436,Jul15_1/430-20190713132230-snapshot.jpg
4,1,20190713,132800,80,5,1356,555,1408,611,Jul15_1/430-20190713132800-snapshot.jpg
4,1,20190713,132830,76,5,578,343,632,381,Jul15_1/430-20190713132830-snapshot.jpg
4,1,20190713,133130,86,3,305,10,383,81,Jul15_1/430-20190713133130-snapshot.jpg
4,1,20190713,133330,85,8,883,232,966,321,Jul15_1/430-20190713133330-snapshot.jpg
4,1,20190713,133400,81,8,527,509,581,572,Jul15_1/430-20190713133400-snapshot.jpg
4,1,20190713,133500,80,4,1075,457,1148,515,Jul15_1/430-20190713133500-snapshot.jpg
4,1,20190713,133530,65,6,486,418,534,475,Jul15_1/430-20190713133530-snapshot.jpg
4,1,20190713,133600,87,3,1148,252,1247,317,Jul15_1/430-20190713133600-snapshot.jpg
4,1,20190713,134200,73,2,1268,703,1318,769,Jul15_1/430-20190713134200-snapshot.jpg
4,1,20190713,134330,44,6,439,2,497,38,Jul15_1/430-20190713134330-snapshot.jpg
4,1,20190713,134430,85,8,229,365,287,434,Jul15_1/430-20190713134430-snapshot.jpg
4,1,20190713,134600,83,2,1323,380,1382,455,Jul15_1/430-20190713134600-snapshot.jpg
4,1,20190713,134630,85,2,1337,128,1393,208,Jul15_1/430-20190713134630-snapshot.jpg
4,1,20190713,134700,82,2,151,615,243,665,Jul15_1/430-20190713134700-snapshot.jpg
4,1,20190713,134900,76,6,83,56,142,124,Jul15_1/430-20190713134900-snapshot.jpg
4,1,20190713,135000,79,2,238,67,318,131,Jul15_1/430-20190713135000-snapshot.jpg
4,1,20190713,135300,85,3,461,376,531,438,Jul15_1/430-20190713135300-snapshot.jpg
4,1,20190713,135500,48,5,1230,497,1292,536,Jul15_1/430-20190713135500-snapshot.jpg
4,1,20190713,135600,85,8,1063,114,1143,181,Jul15_1/430-20190713135600-snapshot.jpg
4,1,20190713,140030,85,2,1835,15,1897,100,Jul15_1/430-20190713140030-snapshot.jpg
4,1,20190713,140830,41,6,849,781,893,829,Jul15_1/430-20190713140830-snapshot.jpg
4,1,20190713,140900,53,6,755,604,804,640,Jul15_1/430-20190713140900-snapshot.jpg
4,1,20190713,141000,32,2,238,0,290,55,Jul15_1/430-20190713141000-snapshot.jpg
4,1,20190713,141130,39,5,977,383,1026,424,Jul15_1/430-20190713141130-snapshot.jpg
4,1,20190713,141130,73,2,727,664,800,721,Jul15_1/430-20190713141130-snapshot.jpg
4,1,20190713,141330,86,3,1048,363,1133,417,Jul15_1/430-20190713141330-snapshot.jpg
4,1,20190713,141600,61,2,380,0,455,57,Jul15_1/430-20190713141600-snapshot.jpg
4,1,20190713,141930,37,6,1236,998,1314,1058,Jul15_1/430-20190713141930-snapshot.jpg
4,1,20190713,142600,27,6,1632,25,1687,88,Jul15_1/430-20190713142600-snapshot.jpg
4,1,20190713,142600,83,3,482,365,543,424,Jul15_1/430-20190713142600-snapshot.jpg
4,1,20190713,143130,81,5,565,271,603,317,Jul15_1/430-20190713143130-snapshot.jpg
4,1,20190713,143200,50,5,896,395,947,442,Jul15_1/430-20190713143200-snapshot.jpg
4,1,20190713,143330,80,2,1733,88,1797,158,Jul15_1/430-20190713143330-snapshot.jpg
4,1,20190713,143600,61,2,1131,724,1193,799,Jul15_1/430-20190713143600-snapshot.jpg
4,1,20190713,143900,25,1,751,446,794,488,Jul15_1/430-20190713143900-snapshot.jpg
4,1,20190713,144100,44,5,1009,701,1050,746,Jul15_1/430-20190713144100-snapshot.jpg
4,1,20190713,144200,46,2,817,563,873,626,Jul15_1/430-20190713144200-snapshot.jpg
4,1,20190713,144430,31,1,752,448,794,488,Jul15_1/430-20190713144430-snapshot.jpg
4,1,20190713,145030,86,3,576,535,659,593,Jul15_1/430-20190713145030-snapshot.jpg
4,1,20190713,145530,26,1,753,446,796,487,Jul15_1/430-20190713145530-snapshot.jpg
4,1,20190713,145530,77,5,1800,273,1842,321,Jul15_1/430-20190713145530-snapshot.jpg
4,1,20190713,145630,63,5,1871,6,1917,44,Jul15_1/430-20190713145630-snapshot.jpg
4,1,20190713,145630,64,6,959,815,1008,864,Jul15_1/430-20190713145630-snapshot.jpg
4,1,20190713,145730,50,5,854,722,909,764,Jul15_1/430-20190713145730-snapshot.jpg
4,1,20190713,145830,35,1,753,445,795,487,Jul15_1/430-20190713145830-snapshot.jpg
4,1,20190713,145830,45,5,536,421,582,472,Jul15_1/430-20190713145830-snapshot.jpg
4,1,20190713,145830,52,6,535,420,583,473,Jul15_1/430-20190713145830-snapshot.jpg
4,1,20190713,145900,70,1,753,443,795,486,Jul15_1/430-20190713145900-snapshot.jpg
4,1,20190713,145930,35,1,752,443,795,486,Jul15_1/430-20190713145930-snapshot.jpg
4,1,20190713,150000,62,1,752,445,795,486,Jul15_1/430-20190713150000-snapshot.jpg
4,1,20190713,150030,57,1,753,445,795,487,Jul15_1/430-20190713150030-snapshot.jpg
4,1,20190713,150130,60,1,752,445,794,487,Jul15_1/430-20190713150130-snapshot.jpg
4,1,20190713,150200,37,5,1011,775,1055,814,Jul15_1/430-20190713150200-snapshot.jpg
4,1,20190713,150330,66,5,1663,366,1716,423,Jul15_1/430-20190713150330-snapshot.jpg
4,1,20190713,150430,50,1,753,446,796,488,Jul15_1/430-20190713150430-snapshot.jpg
4,1,20190713,150530,55,1,753,444,795,485,Jul15_1/430-20190713150530-snapshot.jpg
4,1,20190713,150600,62,1,753,444,796,486,Jul15_1/430-20190713150600-snapshot.jpg
4,1,20190713,150630,44,1,753,444,797,486,Jul15_1/430-20190713150630-snapshot.jpg
4,1,20190713,150700,33,1,752,444,796,486,Jul15_1/430-20190713150700-snapshot.jpg
4,1,20190713,150730,37,1,753,445,796,487,Jul15_1/430-20190713150730-snapshot.jpg
4,1,20190713,150800,60,1,753,443,796,485,Jul15_1/430-20190713150800-snapshot.jpg
4,1,20190713,150830,50,1,753,444,796,486,Jul15_1/430-20190713150830-snapshot.jpg
4,1,20190713,150900,58,1,754,444,796,485,Jul15_1/430-20190713150900-snapshot.jpg
4,1,20190713,150930,84,1,1175,214,1221,255,Jul15_1/430-20190713150930-snapshot.jpg
4,1,20190713,151030,29,1,753,443,796,486,Jul15_1/430-20190713151030-snapshot.jpg
4,1,20190713,151100,33,1,753,445,796,487,Jul15_1/430-20190713151100-snapshot.jpg
4,1,20190713,151100,76,2,457,587,525,627,Jul15_1/430-20190713151100-snapshot.jpg
4,1,20190713,151130,69,1,753,444,796,487,Jul15_1/430-20190713151130-snapshot.jpg
4,1,20190713,151200,64,1,753,444,797,486,Jul15_1/430-20190713151200-snapshot.jpg
4,1,20190713,151230,53,5,752,616,793,647,Jul15_1/430-20190713151230-snapshot.jpg
4,1,20190713,151230,58,2,492,436,549,491,Jul15_1/430-20190713151230-snapshot.jpg
4,1,20190713,151230,59,1,753,445,797,488,Jul15_1/430-20190713151230-snapshot.jpg
4,1,20190713,151300,54,1,753,445,797,487,Jul15_1/430-20190713151300-snapshot.jpg
4,1,20190713,151300,84,2,1077,305,1156,383,Jul15_1/430-20190713151300-snapshot.jpg
4,1,20190713,151330,59,1,754,444,797,486,Jul15_1/430-20190713151330-snapshot.jpg
4,1,20190713,151330,85,2,1522,194,1577,263,Jul15_1/430-20190713151330-snapshot.jpg
4,1,20190713,151400,62,1,753,445,797,487,Jul15_1/430-20190713151400-snapshot.jpg
4,1,20190713,151430,63,1,753,445,797,487,Jul15_1/430-20190713151430-snapshot.jpg
4,1,20190713,151500,29,1,753,445,797,488,Jul15_1/430-20190713151500-snapshot.jpg
4,1,20190713,151530,43,1,753,446,796,488,Jul15_1/430-20190713151530-snapshot.jpg
4,1,20190713,151600,67,1,753,446,797,488,Jul15_1/430-20190713151600-snapshot.jpg
4,1,20190713,151630,79,1,753,445,796,487,Jul15_1/430-20190713151630-snapshot.jpg
4,1,20190713,151800,53,2,0,709,49,771,Jul15_1/430-20190713151800-snapshot.jpg
4,1,20190713,151830,67,1,753,445,796,487,Jul15_1/430-20190713151830-snapshot.jpg
4,1,20190713,151900,33,2,412,22,502,75,Jul15_1/430-20190713151900-snapshot.jpg
4,1,20190713,151930,33,1,753,446,796,488,Jul15_1/430-20190713151930-snapshot.jpg
4,1,20190713,152000,28,1,753,444,797,488,Jul15_1/430-20190713152000-snapshot.jpg
4,1,20190713,152100,54,1,753,445,797,487,Jul15_1/430-20190713152100-snapshot.jpg
4,1,20190713,152130,41,1,755,445,798,488,Jul15_1/430-20190713152130-snapshot.jpg
4,1,20190713,152200,43,1,753,445,796,488,Jul15_1/430-20190713152200-snapshot.jpg
4,1,20190713,152300,33,1,753,446,797,488,Jul15_1/430-20190713152300-snapshot.jpg
4,1,20190713,152400,44,1,753,445,796,487,Jul15_1/430-20190713152400-snapshot.jpg
4,1,20190713,152430,48,1,753,444,796,487,Jul15_1/430-20190713152430-snapshot.jpg
4,1,20190713,152500,33,1,754,444,798,488,Jul15_1/430-20190713152500-snapshot.jpg
4,1,20190713,152600,62,1,754,444,798,487,Jul15_1/430-20190713152600-snapshot.jpg
4,1,20190713,152630,32,1,753,444,797,488,Jul15_1/430-20190713152630-snapshot.jpg
4,1,20190713,152630,76,6,1656,507,1723,568,Jul15_1/430-20190713152630-snapshot.jpg
4,1,20190713,152700,40,1,754,446,797,488,Jul15_1/430-20190713152700-snapshot.jpg
4,1,20190713,152730,37,1,755,444,799,488,Jul15_1/430-20190713152730-snapshot.jpg
4,1,20190713,152800,47,5,97,101,144,147,Jul15_1/430-20190713152800-snapshot.jpg
4,1,20190713,152900,47,1,753,443,797,486,Jul15_1/430-20190713152900-snapshot.jpg
4,1,20190713,152930,29,1,755,443,798,487,Jul15_1/430-20190713152930-snapshot.jpg
4,1,20190713,153030,35,1,755,447,798,489,Jul15_1/430-20190713153030-snapshot.jpg
4,1,20190713,153100,57,5,911,985,960,1026,Jul15_1/430-20190713153100-snapshot.jpg
4,1,20190713,153200,51,1,755,444,798,487,Jul15_1/430-20190713153200-snapshot.jpg
4,1,20190713,153330,66,6,1821,73,1881,142,Jul15_1/430-20190713153330-snapshot.jpg
4,1,20190713,153400,67,6,1279,162,1330,215,Jul15_1/430-20190713153400-snapshot.jpg
4,1,20190713,153530,73,5,834,614,878,662,Jul15_1/430-20190713153530-snapshot.jpg
4,1,20190713,153600,74,5,427,590,468,632,Jul15_1/430-20190713153600-snapshot.jpg
4,1,20190713,153700,62,5,1082,343,1133,376,Jul15_1/430-20190713153700-snapshot.jpg
4,1,20190713,153730,79,5,1239,343,1283,394,Jul15_1/430-20190713153730-snapshot.jpg
4,1,20190713,153800,72,5,60,1009,107,1046,Jul15_1/430-20190713153800-snapshot.jpg
4,1,20190713,153800,72,5,1099,492,1145,537,Jul15_1/430-20190713153800-snapshot.jpg
4,1,20190713,153830,71,5,1056,403,1104,454,Jul15_1/430-20190713153830-snapshot.jpg
4,1,20190713,153900,74,5,948,353,993,398,Jul15_1/430-20190713153900-snapshot.jpg
4,1,20190713,153930,53,5,927,667,983,698,Jul15_1/430-20190713153930-snapshot.jpg
4,1,20190713,154000,75,5,1035,717,1075,763,Jul15_1/430-20190713154000-snapshot.jpg
4,1,20190713,154030,34,1,755,445,798,488,Jul15_1/430-20190713154030-snapshot.jpg
4,1,20190713,154100,30,1,754,442,797,486,Jul15_1/430-20190713154100-snapshot.jpg
4,1,20190713,154200,34,1,753,442,797,485,Jul15_1/430-20190713154200-snapshot.jpg
4,1,20190713,154330,81,4,1219,489,1276,556,Jul15_1/430-20190713154330-snapshot.jpg
4,1,20190713,154500,76,2,273,43,358,89,Jul15_1/430-20190713154500-snapshot.jpg
4,1,20190713,154600,64,5,987,402,1032,449,Jul15_1/430-20190713154600-snapshot.jpg
4,1,20190713,154800,76,2,1015,347,1093,395,Jul15_1/430-20190713154800-snapshot.jpg
4,1,20190713,154830,30,1,754,444,798,488,Jul15_1/430-20190713154830-snapshot.jpg
4,1,20190713,155200,38,2,835,1000,918,1074,Jul15_1/430-20190713155200-snapshot.jpg
4,1,20190713,155400,77,2,630,954,711,1001,Jul15_1/430-20190713155400-snapshot.jpg
4,1,20190713,155530,31,6,0,349,37,407,Jul15_1/430-20190713155530-snapshot.jpg
4,1,20190713,155900,65,5,1371,194,1424,239,Jul15_1/430-20190713155900-snapshot.jpg
4,1,20190713,160200,27,1,755,444,797,485,Jul15_1/430-20190713160200-snapshot.jpg
4,1,20190713,160330,30,1,754,443,798,488,Jul15_1/430-20190713160330-snapshot.jpg
4,1,20190713,160630,76,5,222,685,267,715,Jul15_1/430-20190713160630-snapshot.jpg
4,1,20190713,160700,31,5,209,653,255,691,Jul15_1/430-20190713160700-snapshot.jpg
4,1,20190713,160900,76,5,993,645,1041,685,Jul15_1/430-20190713160900-snapshot.jpg
4,1,20190713,161630,25,6,1711,278,1769,322,Jul15_1/430-20190713161630-snapshot.jpg
4,1,20190713,161800,46,5,753,738,798,779,Jul15_1/430-20190713161800-snapshot.jpg
4,1,20190713,161900,72,5,1285,476,1334,539,Jul15_1/430-20190713161900-snapshot.jpg
4,1,20190713,162030,77,6,1384,502,1484,576,Jul15_1/430-20190713162030-snapshot.jpg
4,1,20190713,162030,87,2,521,387,571,451,Jul15_1/430-20190713162030-snapshot.jpg
4,1,20190713,162100,29,2,251,133,327,191,Jul15_1/430-20190713162100-snapshot.jpg
4,1,20190713,162100,71,5,774,658,818,708,Jul15_1/430-20190713162100-snapshot.jpg
4,1,20190713,162630,79,5,1379,9,1427,53,Jul15_1/430-20190713162630-snapshot.jpg
4,1,20190713,162730,83,2,838,659,916,704,Jul15_1/430-20190713162730-snapshot.jpg
4,1,20190713,162900,83,2,37,53,125,107,Jul15_1/430-20190713162900-snapshot.jpg
4,1,20190713,163130,79,6,1625,20,1685,81,Jul15_1/430-20190713163130-snapshot.jpg
4,1,20190713,164030,78,2,223,155,280,227,Jul15_1/430-20190713164030-snapshot.jpg
4,1,20190713,164100,48,5,1358,70,1408,112,Jul15_1/430-20190713164100-snapshot.jpg
4,1,20190713,164530,79,5,221,4,275,33,Jul15_1/430-20190713164530-snapshot.jpg
4,1,20190713,164830,50,2,664,987,741,1054,Jul15_1/430-20190713164830-snapshot.jpg
4,1,20190713,165400,59,5,207,177,262,213,Jul15_1/430-20190713165400-snapshot.jpg
4,1,20190713,165730,84,5,1737,577,1811,628,Jul15_1/430-20190713165730-snapshot.jpg
4,1,20190713,165800,76,2,1710,639,1779,709,Jul15_1/430-20190713165800-snapshot.jpg
4,1,20190713,170030,67,5,458,603,501,643,Jul15_1/430-20190713170030-snapshot.jpg
4,1,20190713,170530,68,2,1057,690,1138,734,Jul15_1/430-20190713170530-snapshot.jpg
4,1,20190713,170930,53,3,163,990,259,1049,Jul15_1/430-20190713170930-snapshot.jpg
4,1,20190713,171130,51,5,611,352,648,396,Jul15_1/430-20190713171130-snapshot.jpg
4,1,20190713,171530,26,2,1829,31,1917,103,Jul15_1/430-20190713171530-snapshot.jpg
4,1,20190713,171700,37,6,1817,9,1877,76,Jul15_1/430-20190713171700-snapshot.jpg
4,1,20190713,172100,50,2,958,437,1029,496,Jul15_1/430-20190713172100-snapshot.jpg
4,1,20190713,172200,77,6,471,414,546,479,Jul15_1/430-20190713172200-snapshot.jpg
4,1,20190713,173030,28,6,176,2,245,27,Jul15_1/430-20190713173030-snapshot.jpg
4,1,20190713,173200,86,1,1015,956,1057,996,Jul15_1/430-20190713173200-snapshot.jpg
4,1,20190713,174600,26,5,1160,315,1206,349,Jul15_1/430-20190713174600-snapshot.jpg
4,1,20190713,174800,36,5,1157,315,1207,350,Jul15_1/430-20190713174800-snapshot.jpg
4,1,20190713,175000,44,1,756,449,798,491,Jul15_1/430-20190713175000-snapshot.jpg
4,1,20190713,175330,34,5,1227,363,1274,403,Jul15_1/430-20190713175330-snapshot.jpg
4,1,20190713,175530,34,5,1228,364,1274,403,Jul15_1/430-20190713175530-snapshot.jpg
4,1,20190713,175800,39,5,322,480,370,529,Jul15_1/430-20190713175800-snapshot.jpg
4,1,20190713,180130,60,3,198,976,283,1032,Jul15_1/430-20190713180130-snapshot.jpg
4,1,20190713,180830,50,5,607,816,651,857,Jul15_1/430-20190713180830-snapshot.jpg
4,1,20190713,181000,57,6,777,646,822,702,Jul15_1/430-20190713181000-snapshot.jpg
4,1,20190713,181030,60,5,555,293,599,334,Jul15_1/430-20190713181030-snapshot.jpg
4,1,20190713,181100,69,6,491,383,542,414,Jul15_1/430-20190713181100-snapshot.jpg
4,1,20190713,190830,56,5,263,200,304,241,Jul15_1/430-20190713190830-snapshot.jpg
4,1,20190713,192630,84,8,1241,383,1297,455,Jul15_1/430-20190713192630-snapshot.jpg
4,1,20190713,194330,79,6,529,345,582,407,Jul15_1/431-20190713194330-snapshot.jpg
4,1,20190713,194400,76,6,538,303,580,354,Jul15_1/431-20190713194400-snapshot.jpg
4,1,20190713,195730,73,8,690,467,736,521,Jul15_1/431-20190713195730-snapshot.jpg
4,1,20190713,200630,69,6,120,822,194,867,Jul15_1/431-20190713200630-snapshot.jpg
4,1,20190713,201530,36,6,0,397,48,456,Jul15_1/431-20190713201530-snapshot.jpg
4,1,20190713,202030,26,6,0,401,40,453,Jul15_1/431-20190713202030-snapshot.jpg
4,1,20190713,202100,25,6,0,396,47,457,Jul15_1/431-20190713202100-snapshot.jpg
4,1,20190713,202130,31,6,0,401,39,455,Jul15_1/431-20190713202130-snapshot.jpg
4,1,20190713,202400,48,6,0,403,40,453,Jul15_1/431-20190713202400-snapshot.jpg
4,1,20190714,052530,72,8,156,381,210,445,Jul15_1/459-20190714052530-snapshot.jpg
4,1,20190714,092230,86,2,1327,28,1418,105,Jul15_1/529-20190714092230-snapshot.jpg
4,1,20190714,092300,36,2,1334,42,1393,121,Jul15_1/529-20190714092300-snapshot.jpg
4,1,20190714,092330,83,2,1332,48,1394,130,Jul15_1/529-20190714092330-snapshot.jpg
4,1,20190714,092430,69,2,1330,43,1390,135,Jul15_1/529-20190714092430-snapshot.jpg
4,1,20190714,092500,57,2,1329,44,1389,137,Jul15_1/529-20190714092500-snapshot.jpg
4,1,20190714,092530,71,2,1329,45,1388,133,Jul15_1/529-20190714092530-snapshot.jpg
4,1,20190714,092630,55,2,1330,45,1389,134,Jul15_1/529-20190714092630-snapshot.jpg
4,1,20190714,092700,33,2,1329,48,1388,134,Jul15_1/529-20190714092700-snapshot.jpg
4,1,20190714,092730,70,2,1335,41,1398,127,Jul15_1/529-20190714092730-snapshot.jpg
4,1,20190714,092800,66,2,1334,41,1395,130,Jul15_1/529-20190714092800-snapshot.jpg
4,1,20190714,092830,75,2,1332,41,1395,131,Jul15_1/529-20190714092830-snapshot.jpg
4,1,20190714,092900,59,2,1332,42,1394,133,Jul15_1/530-20190714092900-snapshot.jpg
4,1,20190714,092930,71,2,1332,43,1394,132,Jul15_1/530-20190714092930-snapshot.jpg
4,1,20190714,093000,75,2,1333,41,1394,129,Jul15_1/530-20190714093000-snapshot.jpg
4,1,20190714,093030,76,2,1332,40,1393,128,Jul15_1/530-20190714093030-snapshot.jpg
4,1,20190714,093100,79,2,1332,39,1392,129,Jul15_1/530-20190714093100-snapshot.jpg
4,1,20190714,093130,72,2,1332,39,1391,131,Jul15_1/530-20190714093130-snapshot.jpg
4,1,20190714,093200,58,2,1332,39,1391,129,Jul15_1/531-20190714093200-snapshot.jpg
4,1,20190714,093230,75,2,1331,40,1391,133,Jul15_1/531-20190714093230-snapshot.jpg
4,1,20190714,093300,68,2,1331,40,1390,129,Jul15_1/531-20190714093300-snapshot.jpg
4,1,20190714,093330,74,2,1331,39,1390,131,Jul15_1/531-20190714093330-snapshot.jpg
4,1,20190714,093400,76,2,1331,40,1389,130,Jul15_1/531-20190714093400-snapshot.jpg
4,1,20190714,093430,39,2,1332,39,1390,127,Jul15_1/531-20190714093430-snapshot.jpg
4,1,20190714,093500,70,2,1331,39,1389,128,Jul15_1/531-20190714093500-snapshot.jpg
4,1,20190714,093530,37,2,1331,40,1389,129,Jul15_1/531-20190714093530-snapshot.jpg
4,1,20190714,093630,87,2,1333,41,1391,124,Jul15_1/531-20190714093630-snapshot.jpg
4,1,20190714,093700,86,2,1333,42,1390,125,Jul15_1/531-20190714093700-snapshot.jpg
4,1,20190714,093730,86,2,1334,42,1391,124,Jul15_1/531-20190714093730-snapshot.jpg
4,1,20190714,093800,85,2,1331,32,1386,116,Jul15_1/531-20190714093800-snapshot.jpg
4,1,20190714,093830,86,2,1332,32,1387,116,Jul15_1/531-20190714093830-snapshot.jpg
4,1,20190714,093900,87,2,1336,37,1392,118,Jul15_1/531-20190714093900-snapshot.jpg
4,1,20190714,093930,83,2,1326,57,1402,111,Jul15_1/531-20190714093930-snapshot.jpg
4,1,20190714,094000,84,2,1324,57,1402,112,Jul15_1/531-20190714094000-snapshot.jpg
4,1,20190714,094030,84,2,1330,48,1392,121,Jul15_1/531-20190714094030-snapshot.jpg
4,1,20190714,094100,83,2,1324,51,1395,121,Jul15_1/531-20190714094100-snapshot.jpg
4,1,20190714,094130,83,2,1331,51,1392,123,Jul15_1/531-20190714094130-snapshot.jpg
4,1,20190714,094200,82,2,1329,50,1393,122,Jul15_1/531-20190714094200-snapshot.jpg
4,1,20190714,094230,86,2,1331,22,1384,108,Jul15_1/531-20190714094230-snapshot.jpg
4,1,20190714,094300,82,2,1319,26,1378,102,Jul15_1/531-20190714094300-snapshot.jpg
4,1,20190714,094330,81,2,1316,37,1388,99,Jul15_1/531-20190714094330-snapshot.jpg
4,1,20190714,094400,86,2,1334,41,1417,95,Jul15_1/531-20190714094400-snapshot.jpg
4,1,20190714,094430,81,2,1346,41,1427,84,Jul15_1/531-20190714094430-snapshot.jpg
4,1,20190714,094500,84,2,1340,41,1421,88,Jul15_1/531-20190714094500-snapshot.jpg
4,1,20190714,094530,84,2,1341,42,1421,89,Jul15_1/531-20190714094530-snapshot.jpg
4,1,20190714,094600,84,2,1341,42,1421,88,Jul15_1/531-20190714094600-snapshot.jpg
4,1,20190714,094630,82,2,1340,43,1420,90,Jul15_1/531-20190714094630-snapshot.jpg
4,1,20190714,094700,84,2,1341,42,1422,90,Jul15_1/531-20190714094700-snapshot.jpg
4,1,20190714,094730,83,2,1342,42,1421,89,Jul15_1/531-20190714094730-snapshot.jpg
4,1,20190714,094800,82,2,1343,44,1421,90,Jul15_1/532-20190714094800-snapshot.jpg
4,1,20190714,094830,84,2,1341,42,1421,89,Jul15_1/532-20190714094830-snapshot.jpg
4,1,20190714,094900,84,2,1341,43,1421,90,Jul15_1/532-20190714094900-snapshot.jpg
4,1,20190714,094930,84,2,1340,42,1421,89,Jul15_1/532-20190714094930-snapshot.jpg
4,1,20190714,095000,84,2,1340,42,1420,88,Jul15_1/533-20190714095000-snapshot.jpg
4,1,20190714,095030,82,2,1342,43,1421,89,Jul15_1/533-20190714095030-snapshot.jpg
4,1,20190714,095100,82,2,1341,43,1421,89,Jul15_1/533-20190714095100-snapshot.jpg
4,1,20190714,095130,82,2,1342,42,1421,89,Jul15_1/533-20190714095130-snapshot.jpg
4,1,20190714,095200,84,2,1342,41,1424,88,Jul15_1/533-20190714095200-snapshot.jpg
4,1,20190714,095230,83,2,1341,42,1424,91,Jul15_1/533-20190714095230-snapshot.jpg
4,1,20190714,095300,83,2,1342,41,1424,89,Jul15_1/533-20190714095300-snapshot.jpg
4,1,20190714,095330,83,2,1343,40,1425,87,Jul15_1/534-20190714095330-snapshot.jpg
4,1,20190714,095400,84,2,1343,40,1425,87,Jul15_1/534-20190714095400-snapshot.jpg
4,1,20190714,095430,84,2,1341,40,1425,86,Jul15_1/534-20190714095430-snapshot.jpg
4,1,20190714,095500,83,2,1326,51,1409,104,Jul15_1/534-20190714095500-snapshot.jpg
4,1,20190714,095530,86,2,1372,6,1430,77,Jul15_1/534-20190714095530-snapshot.jpg
4,1,20190714,095600,81,2,1368,5,1452,53,Jul15_1/534-20190714095600-snapshot.jpg
4,1,20190714,095630,84,2,1407,49,1490,116,Jul15_1/534-20190714095630-snapshot.jpg
4,1,20190714,095700,78,2,1407,69,1494,125,Jul15_1/534-20190714095700-snapshot.jpg
4,1,20190714,100430,61,6,226,986,295,1030,Jul15_1/534-20190714100430-snapshot.jpg
4,1,20190714,100500,62,6,205,986,273,1022,Jul15_1/534-20190714100500-snapshot.jpg
4,1,20190714,102530,68,6,1363,521,1443,586,Jul15_1/539-20190714102530-snapshot.jpg
4,1,20190714,102600,81,6,1177,305,1247,358,Jul15_1/539-20190714102600-snapshot.jpg
4,1,20190714,102700,62,6,778,586,837,626,Jul15_1/539-20190714102700-snapshot.jpg
4,1,20190714,110300,35,6,1381,201,1459,251,Jul15_1/545-20190714110300-snapshot.jpg
4,1,20190714,114200,84,6,1340,71,1419,138,Jul15_1/550-20190714114200-snapshot.jpg
4,1,20190714,114300,82,2,645,888,725,957,Jul15_1/550-20190714114300-snapshot.jpg
4,1,20190714,114900,77,2,1829,24,1912,92,Jul15_1/550-20190714114900-snapshot.jpg
4,1,20190714,121300,67,6,1594,530,1648,590,Jul15_1/553-20190714121300-snapshot.jpg
4,1,20190714,121630,67,6,1611,30,1676,97,Jul15_1/553-20190714121630-snapshot.jpg
4,1,20190714,121700,29,6,262,72,320,120,Jul15_1/553-20190714121700-snapshot.jpg
4,1,20190714,121730,71,6,163,556,223,606,Jul15_1/553-20190714121730-snapshot.jpg
4,1,20190714,122030,77,6,1608,26,1684,95,Jul15_1/553-20190714122030-snapshot.jpg
4,1,20190714,122030,81,6,747,630,801,693,Jul15_1/553-20190714122030-snapshot.jpg
4,1,20190714,122130,84,1,1786,208,1831,250,Jul15_1/553-20190714122130-snapshot.jpg
4,1,20190714,122230,85,1,791,453,835,491,Jul15_1/553-20190714122230-snapshot.jpg
4,1,20190714,122330,80,1,690,319,731,355,Jul15_1/553-20190714122330-snapshot.jpg
4,1,20190714,122400,72,1,676,173,714,211,Jul15_1/553-20190714122400-snapshot.jpg
4,1,20190714,122500,80,6,930,344,980,403,Jul15_1/553-20190714122500-snapshot.jpg
4,1,20190714,122630,79,1,1770,1054,1812,1080,Jul15_1/553-20190714122630-snapshot.jpg
4,1,20190714,123400,64,6,1263,158,1328,200,Jul15_1/553-20190714123400-snapshot.jpg
4,1,20190714,124130,51,6,743,614,797,655,Jul15_1/553-20190714124130-snapshot.jpg
4,1,20190714,124500,28,2,1658,554,1707,630,Jul15_1/553-20190714124500-snapshot.jpg
4,1,20190714,125330,76,5,550,256,586,300,Jul15_1/553-20190714125330-snapshot.jpg
4,1,20190714,130330,54,6,1770,61,1857,136,Jul15_1/553-20190714130330-snapshot.jpg
4,1,20190714,130400,65,2,1608,19,1686,75,Jul15_1/553-20190714130400-snapshot.jpg
4,1,20190714,131900,75,5,495,656,541,699,Jul15_1/553-20190714131900-snapshot.jpg
4,1,20190714,132730,73,3,442,386,495,441,Jul15_1/553-20190714132730-snapshot.jpg
4,1,20190714,133230,34,6,1540,180,1585,225,Jul15_1/553-20190714133230-snapshot.jpg
4,1,20190714,133630,76,5,211,63,262,123,Jul15_1/553-20190714133630-snapshot.jpg
4,1,20190714,133700,53,5,465,739,521,777,Jul15_1/553-20190714133700-snapshot.jpg
4,1,20190714,133730,70,5,404,808,460,845,Jul15_1/553-20190714133730-snapshot.jpg
4,1,20190714,133830,75,5,712,877,765,909,Jul15_1/553-20190714133830-snapshot.jpg
4,1,20190714,134000,77,6,163,25,241,83,Jul15_1/553-20190714134000-snapshot.jpg
4,1,20190714,134030,69,6,169,785,244,831,Jul15_1/553-20190714134030-snapshot.jpg
4,1,20190714,134100,63,6,162,782,221,841,Jul15_1/553-20190714134100-snapshot.jpg
4,1,20190714,134130,54,6,0,1006,40,1059,Jul15_1/553-20190714134130-snapshot.jpg
4,1,20190714,134630,61,6,228,1006,301,1051,Jul15_1/553-20190714134630-snapshot.jpg
4,1,20190714,135600,82,2,1861,734,1920,803,Jul15_1/555-20190714135600-snapshot.jpg
4,1,20190714,141000,65,5,769,628,815,683,Jul15_1/555-20190714141000-snapshot.jpg
4,1,20190714,141400,59,6,1116,492,1169,556,Jul15_1/555-20190714141400-snapshot.jpg
4,1,20190714,141500,82,2,1250,544,1313,602,Jul15_1/555-20190714141500-snapshot.jpg
4,1,20190714,141730,68,5,835,294,884,322,Jul15_1/555-20190714141730-snapshot.jpg
4,1,20190714,142100,39,6,1674,609,1752,659,Jul15_1/555-20190714142100-snapshot.jpg
4,1,20190714,142700,79,2,252,111,305,175,Jul15_1/555-20190714142700-snapshot.jpg
4,1,20190714,142730,72,5,367,657,414,690,Jul15_1/555-20190714142730-snapshot.jpg
4,1,20190714,143430,83,8,1080,284,1159,338,Jul15_1/555-20190714143430-snapshot.jpg
4,1,20190714,144200,83,2,378,619,454,674,Jul15_1/555-20190714144200-snapshot.jpg
4,1,20190714,144300,69,5,928,341,970,376,Jul15_1/555-20190714144300-snapshot.jpg
4,1,20190714,144330,80,5,127,605,173,654,Jul15_1/555-20190714144330-snapshot.jpg
4,1,20190714,145800,79,5,1262,431,1308,485,Jul15_1/555-20190714145800-snapshot.jpg
4,1,20190714,145900,27,5,911,707,952,754,Jul15_1/555-20190714145900-snapshot.jpg
4,1,20190714,145930,80,5,907,790,952,836,Jul15_1/555-20190714145930-snapshot.jpg
4,1,20190714,150000,69,5,926,829,987,867,Jul15_1/555-20190714150000-snapshot.jpg
4,1,20190714,150030,73,5,927,830,986,867,Jul15_1/555-20190714150030-snapshot.jpg
4,1,20190714,150100,58,5,931,836,984,871,Jul15_1/555-20190714150100-snapshot.jpg
4,1,20190714,150330,88,2,1220,53,1303,119,Jul15_1/555-20190714150330-snapshot.jpg
4,1,20190714,150430,55,2,1656,561,1715,638,Jul15_1/555-20190714150430-snapshot.jpg
4,1,20190714,150830,71,6,446,720,535,775,Jul15_1/555-20190714150830-snapshot.jpg
4,1,20190714,150900,65,6,596,839,660,876,Jul15_1/555-20190714150900-snapshot.jpg
4,1,20190714,150930,72,2,848,1017,923,1070,Jul15_1/555-20190714150930-snapshot.jpg
4,1,20190714,151700,28,2,1493,4,1565,46,Jul15_1/555-20190714151700-snapshot.jpg
4,1,20190714,151830,60,2,1770,733,1848,795,Jul15_1/555-20190714151830-snapshot.jpg
4,1,20190714,151900,80,2,1392,9,1478,51,Jul15_1/555-20190714151900-snapshot.jpg
4,1,20190714,152000,31,2,1319,268,1373,336,Jul15_1/555-20190714152000-snapshot.jpg
4,1,20190714,152300,60,6,783,537,835,589,Jul15_1/555-20190714152300-snapshot.jpg
4,1,20190714,152400,66,6,1567,2,1617,54,Jul15_1/555-20190714152400-snapshot.jpg
4,1,20190714,152700,46,6,1649,596,1709,665,Jul15_1/555-20190714152700-snapshot.jpg
4,1,20190714,152830,77,6,1597,4,1654,56,Jul15_1/555-20190714152830-snapshot.jpg
4,1,20190714,153230,60,2,756,618,830,663,Jul15_1/555-20190714153230-snapshot.jpg
4,1,20190714,153230,73,6,1241,1012,1310,1047,Jul15_1/555-20190714153230-snapshot.jpg
4,1,20190714,153400,74,6,1401,556,1479,628,Jul15_1/555-20190714153400-snapshot.jpg
4,1,20190714,153430,49,6,612,841,671,898,Jul15_1/555-20190714153430-snapshot.jpg
4,1,20190714,153500,72,6,484,440,539,501,Jul15_1/555-20190714153500-snapshot.jpg
4,1,20190714,153530,82,6,556,387,610,454,Jul15_1/555-20190714153530-snapshot.jpg
4,1,20190714,153600,79,6,805,647,858,710,Jul15_1/555-20190714153600-snapshot.jpg
4,1,20190714,153900,27,5,261,150,300,191,Jul15_1/555-20190714153900-snapshot.jpg
4,1,20190714,154000,89,1,374,0,419,35,Jul15_1/555-20190714154000-snapshot.jpg
4,1,20190714,154330,86,1,1180,191,1225,229,Jul15_1/555-20190714154330-snapshot.jpg
4,1,20190714,154800,47,5,1702,268,1757,306,Jul15_1/555-20190714154800-snapshot.jpg
4,1,20190714,155030,68,6,482,406,533,463,Jul15_1/555-20190714155030-snapshot.jpg
4,1,20190714,155100,80,5,549,334,590,380,Jul15_1/555-20190714155100-snapshot.jpg
4,1,20190714,155330,86,2,714,634,768,713,Jul15_1/555-20190714155330-snapshot.jpg
4,1,20190714,155400,63,2,23,802,101,853,Jul15_1/555-20190714155400-snapshot.jpg
4,1,20190714,161100,70,2,1825,10,1902,59,Jul15_1/556-20190714161100-snapshot.jpg
4,1,20190714,162330,78,6,1626,41,1683,117,Jul15_1/556-20190714162330-snapshot.jpg
4,1,20190714,162600,71,6,233,56,291,119,Jul15_1/556-20190714162600-snapshot.jpg
4,1,20190714,162630,28,6,255,150,311,212,Jul15_1/556-20190714162630-snapshot.jpg
4,1,20190714,162900,60,2,1292,268,1340,335,Jul15_1/556-20190714162900-snapshot.jpg
4,1,20190714,163100,82,2,533,389,591,448,Jul15_1/556-20190714163100-snapshot.jpg
4,1,20190714,163400,77,2,774,631,827,702,Jul15_1/556-20190714163400-snapshot.jpg
4,1,20190714,163500,26,6,914,695,964,748,Jul15_1/556-20190714163500-snapshot.jpg
4,1,20190714,163730,77,6,130,589,185,656,Jul15_1/556-20190714163730-snapshot.jpg
4,1,20190714,163800,36,6,264,148,313,204,Jul15_1/556-20190714163800-snapshot.jpg
4,1,20190714,164330,84,1,1295,548,1338,585,Jul15_1/556-20190714164330-snapshot.jpg
4,1,20190714,164430,79,1,1176,537,1222,582,Jul15_1/556-20190714164430-snapshot.jpg
4,1,20190714,164630,69,6,619,840,675,897,Jul15_1/556-20190714164630-snapshot.jpg
4,1,20190714,164700,80,5,1261,180,1305,235,Jul15_1/556-20190714164700-snapshot.jpg
4,1,20190714,165130,75,5,939,536,986,584,Jul15_1/556-20190714165130-snapshot.jpg
4,1,20190714,165200,26,6,1105,397,1177,449,Jul15_1/556-20190714165200-snapshot.jpg
4,1,20190714,165230,37,6,1311,506,1391,572,Jul15_1/556-20190714165230-snapshot.jpg
4,1,20190714,165300,71,5,1359,390,1409,430,Jul15_1/556-20190714165300-snapshot.jpg
4,1,20190714,165500,80,2,1027,359,1105,403,Jul15_1/556-20190714165500-snapshot.jpg
4,1,20190714,165530,38,6,1255,474,1336,524,Jul15_1/556-20190714165530-snapshot.jpg
4,1,20190714,165600,71,2,1195,341,1248,409,Jul15_1/556-20190714165600-snapshot.jpg
4,1,20190714,165630,49,5,801,576,837,618,Jul15_1/556-20190714165630-snapshot.jpg
4,1,20190714,165700,47,5,827,585,863,619,Jul15_1/556-20190714165700-snapshot.jpg
4,1,20190714,165730,56,5,804,499,846,543,Jul15_1/556-20190714165730-snapshot.jpg
4,1,20190714,165930,26,6,517,408,579,450,Jul15_1/556-20190714165930-snapshot.jpg
4,1,20190714,170100,80,1,1473,395,1514,428,Jul15_1/556-20190714170100-snapshot.jpg
4,1,20190714,170200,55,1,1762,154,1798,184,Jul15_1/556-20190714170200-snapshot.jpg
4,1,20190714,170230,57,1,1564,3,1605,35,Jul15_1/556-20190714170230-snapshot.jpg
4,1,20190714,170330,81,2,1041,699,1095,766,Jul15_1/556-20190714170330-snapshot.jpg
4,1,20190714,171000,85,2,125,832,222,903,Jul15_1/556-20190714171000-snapshot.jpg
4,1,20190714,171100,53,6,1,720,50,780,Jul15_1/556-20190714171100-snapshot.jpg
4,1,20190714,171330,74,5,583,405,628,446,Jul15_1/556-20190714171330-snapshot.jpg
4,1,20190714,171430,43,5,460,712,512,759,Jul15_1/556-20190714171430-snapshot.jpg
4,1,20190714,171500,75,5,445,630,491,671,Jul15_1/556-20190714171500-snapshot.jpg
4,1,20190714,171530,52,5,361,735,415,794,Jul15_1/556-20190714171530-snapshot.jpg
4,1,20190714,171530,56,5,1331,450,1379,498,Jul15_1/556-20190714171530-snapshot.jpg
4,1,20190714,171600,81,2,1143,516,1219,576,Jul15_1/556-20190714171600-snapshot.jpg
4,1,20190714,171800,54,6,102,671,148,724,Jul15_1/556-20190714171800-snapshot.jpg
4,1,20190714,171930,86,2,1037,402,1088,483,Jul15_1/556-20190714171930-snapshot.jpg
4,1,20190714,172000,53,5,1255,379,1300,429,Jul15_1/556-20190714172000-snapshot.jpg
4,1,20190714,172030,34,5,1178,409,1227,454,Jul15_1/556-20190714172030-snapshot.jpg
4,1,20190714,172300,38,2,112,13,200,73,Jul15_1/556-20190714172300-snapshot.jpg
4,1,20190714,172330,84,2,1647,141,1706,220,Jul15_1/556-20190714172330-snapshot.jpg
4,1,20190714,173330,73,2,749,683,816,739,Jul15_1/556-20190714173330-snapshot.jpg
4,1,20190714,173900,73,6,1041,347,1103,397,Jul15_1/556-20190714173900-snapshot.jpg
4,1,20190714,174430,71,5,231,656,273,700,Jul15_1/556-20190714174430-snapshot.jpg
4,1,20190714,174530,47,2,1709,563,1781,612,Jul15_1/556-20190714174530-snapshot.jpg
4,1,20190714,175030,49,5,1382,54,1426,90,Jul15_1/556-20190714175030-snapshot.jpg
4,1,20190714,175030,80,6,1079,478,1125,541,Jul15_1/556-20190714175030-snapshot.jpg
4,1,20190714,175100,65,6,1703,575,1778,629,Jul15_1/556-20190714175100-snapshot.jpg
4,1,20190714,175100,77,5,583,363,627,408,Jul15_1/556-20190714175100-snapshot.jpg
4,1,20190714,175400,71,6,1131,509,1207,565,Jul15_1/556-20190714175400-snapshot.jpg
4,1,20190714,175500,62,5,62,563,110,613,Jul15_1/556-20190714175500-snapshot.jpg
4,1,20190714,175900,64,5,970,737,1016,777,Jul15_1/556-20190714175900-snapshot.jpg
4,1,20190714,175930,64,5,856,715,896,752,Jul15_1/556-20190714175930-snapshot.jpg
4,1,20190714,180030,65,8,895,324,944,388,Jul15_1/556-20190714180030-snapshot.jpg
4,1,20190714,180300,80,6,971,377,1024,440,Jul15_1/556-20190714180300-snapshot.jpg
4,1,20190714,182400,63,5,399,711,454,765,Jul15_1/556-20190714182400-snapshot.jpg
4,1,20190714,182600,81,5,825,584,865,628,Jul15_1/556-20190714182600-snapshot.jpg
4,1,20190714,182630,82,3,906,711,978,766,Jul15_1/556-20190714182630-snapshot.jpg
4,1,20190714,182800,63,5,568,365,609,412,Jul15_1/556-20190714182800-snapshot.jpg
4,1,20190714,183430,74,5,553,383,596,431,Jul15_1/556-20190714183430-snapshot.jpg
4,1,20190714,183630,56,5,1022,593,1066,636,Jul15_1/556-20190714183630-snapshot.jpg
4,1,20190714,183900,60,5,265,218,309,256,Jul15_1/556-20190714183900-snapshot.jpg
4,1,20190714,184500,47,5,463,601,502,633,Jul15_1/556-20190714184500-snapshot.jpg
4,1,20190714,184730,68,6,554,297,596,349,Jul15_1/556-20190714184730-snapshot.jpg
4,1,20190714,184800,80,6,562,336,614,388,Jul15_1/556-20190714184800-snapshot.jpg
4,1,20190714,185600,81,6,35,1015,112,1057,Jul15_1/556-20190714185600-snapshot.jpg
4,1,20190714,185830,82,6,1782,57,1865,125,Jul15_1/556-20190714185830-snapshot.jpg
4,1,20190714,190000,37,6,914,403,959,459,Jul15_1/556-20190714190000-snapshot.jpg
4,1,20190714,190130,39,5,17,23,60,61,Jul15_1/556-20190714190130-snapshot.jpg
4,1,20190714,190430,84,8,482,578,535,636,Jul15_1/556-20190714190430-snapshot.jpg
4,1,20190714,192000,36,8,783,726,830,787,Jul15_1/556-20190714192000-snapshot.jpg
4,1,20190714,201700,62,5,1854,12,1903,40,Jul15_1/556-20190714201700-snapshot.jpg
4,1,20190715,042530,26,5,1093,968,1152,1022,Jul15_1/569-20190715042530-snapshot.jpg
4,1,20190715,042930,62,5,1092,967,1155,1024,Jul15_1/569-20190715042930-snapshot.jpg
4,1,20190715,043300,64,5,1090,963,1163,1020,Jul15_1/569-20190715043300-snapshot.jpg
4,1,20190715,053800,81,8,1597,213,1677,266,Jul15_1/569-20190715053800-snapshot.jpg
4,1,20190709,060900,35,1,1140,446,1181,485,Jul15_1/66-20190709060900-snapshot.jpg
4,1,20190709,060930,40,1,1141,446,1182,485,Jul15_1/66-20190709060930-snapshot.jpg
4,1,20190709,061230,30,1,1140,445,1180,485,Jul15_1/67-20190709061230-snapshot.jpg
4,1,20190709,061400,30,1,1141,445,1181,484,Jul15_1/68-20190709061400-snapshot.jpg
4,1,20190709,061500,29,1,1140,445,1181,485,Jul15_1/69-20190709061500-snapshot.jpg
4,1,20190709,061530,25,1,1140,445,1181,485,Jul15_1/69-20190709061530-snapshot.jpg
4,1,20190709,061730,31,1,1140,445,1181,485,Jul15_1/69-20190709061730-snapshot.jpg
4,1,20190709,061830,34,1,1140,446,1181,485,Jul15_1/69-20190709061830-snapshot.jpg
4,1,20190709,061900,50,1,1140,444,1182,486,Jul15_1/69-20190709061900-snapshot.jpg
4,1,20190709,061930,55,1,1141,445,1182,486,Jul15_1/69-20190709061930-snapshot.jpg
4,1,20190709,062000,48,1,1139,445,1181,486,Jul15_1/69-20190709062000-snapshot.jpg
4,1,20190709,062030,41,1,1139,445,1181,486,Jul15_1/69-20190709062030-snapshot.jpg
4,1,20190709,062100,40,1,1141,444,1182,485,Jul15_1/69-20190709062100-snapshot.jpg
4,1,20190709,062130,41,1,1140,444,1182,484,Jul15_1/69-20190709062130-snapshot.jpg
4,1,20190709,062230,28,1,1140,445,1181,485,Jul15_1/69-20190709062230-snapshot.jpg
4,1,20190709,062300,32,1,1139,444,1181,485,Jul15_1/69-20190709062300-snapshot.jpg
4,1,20190709,062330,47,1,1140,444,1181,485,Jul15_1/69-20190709062330-snapshot.jpg
4,1,20190709,062400,32,1,1140,444,1181,485,Jul15_1/69-20190709062400-snapshot.jpg
4,1,20190709,062430,47,1,1140,445,1181,486,Jul15_1/69-20190709062430-snapshot.jpg
4,1,20190709,062500,53,1,1139,445,1182,486,Jul15_1/69-20190709062500-snapshot.jpg
4,1,20190709,062530,44,1,1140,445,1182,486,Jul15_1/69-20190709062530-snapshot.jpg
4,1,20190709,062730,29,1,1140,446,1180,485,Jul15_1/69-20190709062730-snapshot.jpg
4,1,20190709,062800,26,1,1140,445,1180,484,Jul15_1/69-20190709062800-snapshot.jpg
4,1,20190709,062900,30,1,1140,445,1181,485,Jul15_1/69-20190709062900-snapshot.jpg
4,1,20190709,062930,47,1,1140,445,1181,485,Jul15_1/69-20190709062930-snapshot.jpg
4,1,20190709,063000,26,1,1139,445,1180,485,Jul15_1/69-20190709063000-snapshot.jpg
4,1,20190709,063030,38,1,1140,445,1181,485,Jul15_1/69-20190709063030-snapshot.jpg
4,1,20190709,063100,26,1,1140,445,1180,484,Jul15_1/69-20190709063100-snapshot.jpg
4,1,20190709,063200,31,1,1139,444,1181,484,Jul15_1/69-20190709063200-snapshot.jpg
4,1,20190709,063230,40,1,1140,445,1181,485,Jul15_1/69-20190709063230-snapshot.jpg
4,1,20190709,063300,47,1,1140,444,1181,485,Jul15_1/69-20190709063300-snapshot.jpg
4,1,20190709,063330,46,4,1426,454,1485,516,Jul15_1/69-20190709063330-snapshot.jpg
4,1,20190709,063400,38,4,1428,451,1486,515,Jul15_1/69-20190709063400-snapshot.jpg
4,1,20190709,063400,47,1,1141,444,1182,485,Jul15_1/69-20190709063400-snapshot.jpg
4,1,20190709,063430,45,1,1140,443,1182,485,Jul15_1/69-20190709063430-snapshot.jpg
4,1,20190709,063500,41,4,1425,449,1485,517,Jul15_1/69-20190709063500-snapshot.jpg
4,1,20190709,063500,45,1,1141,444,1181,484,Jul15_1/69-20190709063500-snapshot.jpg
4,1,20190709,063530,45,4,1427,448,1485,517,Jul15_1/69-20190709063530-snapshot.jpg
4,1,20190709,063530,61,1,1139,444,1180,484,Jul15_1/69-20190709063530-snapshot.jpg
4,1,20190709,063600,52,1,1140,444,1182,485,Jul15_1/69-20190709063600-snapshot.jpg
4,1,20190709,063630,57,1,1139,445,1182,486,Jul15_1/69-20190709063630-snapshot.jpg
4,1,20190709,063730,42,4,1431,454,1484,512,Jul15_1/69-20190709063730-snapshot.jpg
4,1,20190709,063730,49,1,1141,444,1183,485,Jul15_1/69-20190709063730-snapshot.jpg
4,1,20190709,063830,48,1,1140,445,1183,485,Jul15_1/69-20190709063830-snapshot.jpg
4,1,20190709,063900,36,1,1141,444,1183,485,Jul15_1/69-20190709063900-snapshot.jpg
4,1,20190709,063930,27,1,1141,444,1181,484,Jul15_1/70-20190709063930-snapshot.jpg
4,1,20190709,064000,37,1,1141,444,1182,485,Jul15_1/70-20190709064000-snapshot.jpg
4,1,20190709,064030,40,4,1423,451,1485,520,Jul15_1/70-20190709064030-snapshot.jpg
4,1,20190709,064030,45,1,1140,445,1181,485,Jul15_1/70-20190709064030-snapshot.jpg
4,1,20190709,064100,50,1,1139,445,1180,485,Jul15_1/70-20190709064100-snapshot.jpg
4,1,20190709,064130,54,4,1426,450,1485,517,Jul15_1/70-20190709064130-snapshot.jpg
4,1,20190709,064130,60,1,1139,445,1181,485,Jul15_1/70-20190709064130-snapshot.jpg
4,1,20190709,064200,50,4,1428,450,1485,517,Jul15_1/70-20190709064200-snapshot.jpg
4,1,20190709,064230,74,4,1428,449,1486,516,Jul15_1/70-20190709064230-snapshot.jpg
4,1,20190709,064300,61,4,1429,449,1485,515,Jul15_1/70-20190709064300-snapshot.jpg
4,1,20190709,064330,25,4,1426,450,1484,517,Jul15_1/70-20190709064330-snapshot.jpg
4,1,20190709,064330,48,1,1139,444,1181,484,Jul15_1/70-20190709064330-snapshot.jpg
4,1,20190709,064400,64,1,1140,444,1182,485,Jul15_1/71-20190709064400-snapshot.jpg
4,1,20190709,064430,62,1,1139,444,1182,485,Jul15_1/71-20190709064430-snapshot.jpg
4,1,20190709,064500,59,4,1428,451,1486,514,Jul15_1/71-20190709064500-snapshot.jpg
4,1,20190709,064500,62,1,1139,444,1181,485,Jul15_1/71-20190709064500-snapshot.jpg
4,1,20190709,064530,42,1,1141,444,1181,484,Jul15_1/71-20190709064530-snapshot.jpg
4,1,20190709,064530,46,4,1430,450,1485,513,Jul15_1/71-20190709064530-snapshot.jpg
4,1,20190709,064600,54,4,1430,451,1485,512,Jul15_1/71-20190709064600-snapshot.jpg
4,1,20190709,064600,65,1,1140,445,1182,486,Jul15_1/71-20190709064600-snapshot.jpg
4,1,20190709,064630,70,1,1139,444,1182,486,Jul15_1/71-20190709064630-snapshot.jpg
4,1,20190709,064700,59,1,1140,444,1183,486,Jul15_1/71-20190709064700-snapshot.jpg
4,1,20190709,064730,54,1,1140,444,1182,485,Jul15_1/71-20190709064730-snapshot.jpg
4,1,20190709,064800,50,1,1140,444,1182,485,Jul15_1/71-20190709064800-snapshot.jpg
4,1,20190709,064830,70,1,1140,445,1182,485,Jul15_1/71-20190709064830-snapshot.jpg
4,1,20190709,064900,67,1,1140,445,1182,485,Jul15_1/71-20190709064900-snapshot.jpg
4,1,20190709,064930,56,1,1140,444,1181,485,Jul15_1/71-20190709064930-snapshot.jpg
4,1,20190709,065000,36,4,1425,452,1484,516,Jul15_1/71-20190709065000-snapshot.jpg
4,1,20190709,065000,55,1,1140,444,1182,485,Jul15_1/71-20190709065000-snapshot.jpg
4,1,20190709,065030,66,1,1139,445,1181,485,Jul15_1/71-20190709065030-snapshot.jpg
4,1,20190709,065100,44,1,1139,444,1181,485,Jul15_1/71-20190709065100-snapshot.jpg
4,1,20190709,065800,34,1,1140,445,1181,485,Jul15_1/71-20190709065800-snapshot.jpg
4,1,20190709,065830,37,1,1140,444,1182,484,Jul15_1/71-20190709065830-snapshot.jpg
4,1,20190709,065900,57,1,1140,444,1182,485,Jul15_1/71-20190709065900-snapshot.jpg
4,1,20190709,065930,56,1,1139,444,1182,485,Jul15_1/71-20190709065930-snapshot.jpg
4,1,20190709,065930,65,4,1427,454,1485,518,Jul15_1/71-20190709065930-snapshot.jpg
4,1,20190709,070030,29,1,1141,445,1182,484,Jul15_1/71-20190709070030-snapshot.jpg
4,1,20190709,070100,26,1,1140,445,1182,486,Jul15_1/71-20190709070100-snapshot.jpg
4,1,20190709,070130,28,1,1141,444,1182,485,Jul15_1/71-20190709070130-snapshot.jpg
4,1,20190709,070200,27,1,1139,445,1180,485,Jul15_1/71-20190709070200-snapshot.jpg
4,1,20190709,070230,52,1,1139,445,1182,486,Jul15_1/71-20190709070230-snapshot.jpg
4,1,20190709,070300,47,1,1139,445,1181,486,Jul15_1/71-20190709070300-snapshot.jpg
4,1,20190709,070330,35,1,1140,443,1182,484,Jul15_1/71-20190709070330-snapshot.jpg
4,1,20190709,070400,35,1,1139,443,1182,485,Jul15_1/71-20190709070400-snapshot.jpg
4,1,20190709,070400,36,4,1426,452,1484,517,Jul15_1/71-20190709070400-snapshot.jpg
4,1,20190709,070430,47,1,1140,444,1182,484,Jul15_1/71-20190709070430-snapshot.jpg
4,1,20190709,070500,29,1,1140,443,1182,484,Jul15_1/71-20190709070500-snapshot.jpg
4,1,20190709,070530,49,1,1141,443,1182,484,Jul15_1/71-20190709070530-snapshot.jpg
4,1,20190709,070600,41,1,1139,443,1182,484,Jul15_1/71-20190709070600-snapshot.jpg
4,1,20190709,070700,46,4,1426,455,1486,517,Jul15_1/71-20190709070700-snapshot.jpg
4,1,20190709,070730,41,4,1426,453,1485,519,Jul15_1/71-20190709070730-snapshot.jpg
4,1,20190709,070730,62,1,1140,443,1183,485,Jul15_1/71-20190709070730-snapshot.jpg
4,1,20190709,070800,47,4,1430,449,1486,515,Jul15_1/71-20190709070800-snapshot.jpg
4,1,20190709,070800,47,1,1140,444,1181,484,Jul15_1/71-20190709070800-snapshot.jpg
4,1,20190709,071130,29,6,1300,501,1352,564,Jul15_1/71-20190709071130-snapshot.jpg
4,1,20190709,071400,25,2,1040,570,1120,635,Jul15_1/71-20190709071400-snapshot.jpg
4,1,20190709,071530,36,6,1300,499,1354,564,Jul15_1/71-20190709071530-snapshot.jpg
4,1,20190709,072100,41,6,1300,499,1353,565,Jul15_1/71-20190709072100-snapshot.jpg
4,1,20190709,074100,77,5,0,858,48,889,Jul15_1/71-20190709074100-snapshot.jpg
4,1,20190709,075300,72,6,740,898,794,960,Jul15_1/71-20190709075300-snapshot.jpg
4,1,20190709,075300,84,8,150,256,200,338,Jul15_1/71-20190709075300-snapshot.jpg
4,1,20190709,080330,83,8,1537,335,1589,399,Jul15_1/71-20190709080330-snapshot.jpg
4,1,20190709,081430,65,6,1401,442,1468,488,Jul15_1/71-20190709081430-snapshot.jpg
4,1,20190709,082000,68,5,898,973,955,1009,Jul15_1/71-20190709082000-snapshot.jpg
4,1,20190709,083600,81,6,1184,336,1233,397,Jul15_1/71-20190709083600-snapshot.jpg
4,1,20190709,083630,77,6,202,4,271,68,Jul15_1/71-20190709083630-snapshot.jpg
4,1,20190709,083800,74,5,209,125,269,177,Jul15_1/71-20190709083800-snapshot.jpg
4,1,20190709,083830,59,5,158,9,212,58,Jul15_1/71-20190709083830-snapshot.jpg
4,1,20190709,084600,74,5,50,867,101,901,Jul15_1/71-20190709084600-snapshot.jpg
4,1,20190709,084600,85,1,1342,835,1383,873,Jul15_1/71-20190709084600-snapshot.jpg
4,1,20190709,084730,42,1,1501,893,1543,929,Jul15_1/71-20190709084730-snapshot.jpg
4,1,20190709,084800,43,1,1502,896,1543,933,Jul15_1/71-20190709084800-snapshot.jpg
4,1,20190709,084830,46,1,1501,894,1543,931,Jul15_1/71-20190709084830-snapshot.jpg
4,1,20190709,084830,70,6,487,790,557,834,Jul15_1/71-20190709084830-snapshot.jpg
4,1,20190709,084900,63,1,1501,895,1544,932,Jul15_1/71-20190709084900-snapshot.jpg
4,1,20190709,084900,79,6,853,704,907,762,Jul15_1/71-20190709084900-snapshot.jpg
4,1,20190709,084930,76,6,809,767,862,810,Jul15_1/71-20190709084930-snapshot.jpg
4,1,20190709,084930,76,1,1503,896,1545,933,Jul15_1/71-20190709084930-snapshot.jpg
4,1,20190709,085000,25,5,1152,501,1208,544,Jul15_1/71-20190709085000-snapshot.jpg
4,1,20190709,085000,61,1,1501,897,1543,933,Jul15_1/71-20190709085000-snapshot.jpg
4,1,20190709,085030,66,1,1502,898,1544,933,Jul15_1/71-20190709085030-snapshot.jpg
4,1,20190709,085100,60,1,1502,897,1544,934,Jul15_1/71-20190709085100-snapshot.jpg
4,1,20190709,085130,67,1,1502,897,1544,933,Jul15_1/71-20190709085130-snapshot.jpg
4,1,20190709,085200,66,1,1502,898,1545,933,Jul15_1/71-20190709085200-snapshot.jpg
4,1,20190709,085230,65,1,1503,898,1545,934,Jul15_1/71-20190709085230-snapshot.jpg
4,1,20190709,085300,69,1,1503,898,1545,934,Jul15_1/71-20190709085300-snapshot.jpg
4,1,20190709,085330,37,5,1151,501,1210,544,Jul15_1/71-20190709085330-snapshot.jpg
4,1,20190709,085330,74,1,1511,901,1554,937,Jul15_1/71-20190709085330-snapshot.jpg
4,1,20190709,085400,70,1,1509,896,1552,932,Jul15_1/71-20190709085400-snapshot.jpg
4,1,20190709,085430,73,1,1509,895,1551,929,Jul15_1/71-20190709085430-snapshot.jpg
4,1,20190709,085600,68,1,1524,899,1566,933,Jul15_1/71-20190709085600-snapshot.jpg
4,1,20190709,085630,28,5,177,19,231,80,Jul15_1/71-20190709085630-snapshot.jpg
4,1,20190709,085630,31,5,1151,500,1204,543,Jul15_1/71-20190709085630-snapshot.jpg
4,1,20190709,085630,64,1,1523,899,1565,934,Jul15_1/71-20190709085630-snapshot.jpg
4,1,20190709,085700,65,1,1523,899,1564,933,Jul15_1/71-20190709085700-snapshot.jpg
4,1,20190709,085730,50,1,1522,899,1564,934,Jul15_1/71-20190709085730-snapshot.jpg
4,1,20190709,085830,29,1,1523,898,1564,933,Jul15_1/71-20190709085830-snapshot.jpg
4,1,20190709,090100,72,1,1523,898,1565,933,Jul15_1/71-20190709090100-snapshot.jpg
4,1,20190709,090200,84,1,1708,1047,1751,1078,Jul15_1/71-20190709090200-snapshot.jpg
4,1,20190709,090330,73,1,1522,931,1567,970,Jul15_1/71-20190709090330-snapshot.jpg
4,1,20190709,090400,62,1,1522,929,1566,967,Jul15_1/71-20190709090400-snapshot.jpg
4,1,20190709,090430,80,1,1521,923,1567,962,Jul15_1/71-20190709090430-snapshot.jpg
4,1,20190709,090500,80,1,1520,924,1566,963,Jul15_1/71-20190709090500-snapshot.jpg
4,1,20190709,090530,79,1,1520,923,1567,963,Jul15_1/71-20190709090530-snapshot.jpg
4,1,20190709,090600,75,1,1525,928,1569,966,Jul15_1/71-20190709090600-snapshot.jpg
4,1,20190709,090630,83,1,1525,925,1570,963,Jul15_1/71-20190709090630-snapshot.jpg
4,1,20190709,090730,84,1,821,356,862,392,Jul15_1/71-20190709090730-snapshot.jpg
4,1,20190709,090800,79,1,447,51,493,95,Jul15_1/71-20190709090800-snapshot.jpg
4,1,20190709,091200,26,5,174,15,229,73,Jul15_1/71-20190709091200-snapshot.jpg
4,1,20190709,091200,41,6,228,664,274,718,Jul15_1/71-20190709091200-snapshot.jpg
4,1,20190709,091430,38,5,174,15,229,74,Jul15_1/71-20190709091430-snapshot.jpg
4,1,20190709,091500,61,5,644,309,690,356,Jul15_1/71-20190709091500-snapshot.jpg
4,1,20190709,091700,26,5,984,444,1034,479,Jul15_1/71-20190709091700-snapshot.jpg
4,1,20190709,091730,70,1,1426,814,1460,843,Jul15_1/71-20190709091730-snapshot.jpg
4,1,20190709,091830,35,5,1282,393,1334,428,Jul15_1/71-20190709091830-snapshot.jpg
4,1,20190709,091830,50,6,1281,392,1333,427,Jul15_1/71-20190709091830-snapshot.jpg
4,1,20190709,092930,72,6,1047,364,1096,411,Jul15_1/71-20190709092930-snapshot.jpg
4,1,20190709,093230,27,6,1022,464,1085,520,Jul15_1/71-20190709093230-snapshot.jpg
4,1,20190709,093230,43,6,1081,682,1144,738,Jul15_1/71-20190709093230-snapshot.jpg
4,1,20190709,093430,80,5,577,343,614,388,Jul15_1/71-20190709093430-snapshot.jpg
4,1,20190709,093600,31,2,1155,948,1223,1011,Jul15_1/71-20190709093600-snapshot.jpg
4,1,20190709,093600,31,6,1157,950,1223,1009,Jul15_1/71-20190709093600-snapshot.jpg
4,1,20190709,093700,69,5,1273,476,1323,539,Jul15_1/71-20190709093700-snapshot.jpg
4,1,20190709,093730,72,6,1222,530,1275,589,Jul15_1/71-20190709093730-snapshot.jpg
4,1,20190709,093800,65,5,1358,71,1414,130,Jul15_1/71-20190709093800-snapshot.jpg
4,1,20190709,093800,69,6,990,526,1062,573,Jul15_1/71-20190709093800-snapshot.jpg
4,1,20190709,094100,30,5,130,554,166,591,Jul15_1/71-20190709094100-snapshot.jpg
4,1,20190709,094530,51,8,4,188,79,245,Jul15_1/71-20190709094530-snapshot.jpg
4,1,20190709,094530,60,6,532,870,607,924,Jul15_1/71-20190709094530-snapshot.jpg
4,1,20190709,095200,76,6,235,118,290,185,Jul15_1/71-20190709095200-snapshot.jpg
4,1,20190709,095330,79,3,1060,711,1126,761,Jul15_1/71-20190709095330-snapshot.jpg
4,1,20190709,100030,62,5,384,595,429,627,Jul15_1/71-20190709100030-snapshot.jpg
4,1,20190709,100100,54,5,12,381,50,431,Jul15_1/71-20190709100100-snapshot.jpg
4,1,20190709,100200,29,2,509,829,584,895,Jul15_1/71-20190709100200-snapshot.jpg
4,1,20190709,100200,75,6,1299,411,1352,462,Jul15_1/71-20190709100200-snapshot.jpg
4,1,20190709,100230,54,6,233,652,299,686,Jul15_1/71-20190709100230-snapshot.jpg
4,1,20190709,100600,40,5,369,649,414,686,Jul15_1/71-20190709100600-snapshot.jpg
4,1,20190709,100630,86,8,745,642,799,713,Jul15_1/71-20190709100630-snapshot.jpg
4,1,20190709,100700,82,8,1545,29,1603,103,Jul15_1/71-20190709100700-snapshot.jpg
4,1,20190709,100830,77,1,1238,989,1280,1027,Jul15_1/71-20190709100830-snapshot.jpg
4,1,20190709,100900,86,1,1292,882,1331,918,Jul15_1/71-20190709100900-snapshot.jpg
4,1,20190709,101000,84,1,1596,504,1635,538,Jul15_1/71-20190709101000-snapshot.jpg
4,1,20190709,101200,31,5,1021,581,1062,618,Jul15_1/71-20190709101200-snapshot.jpg
4,1,20190709,101500,47,5,1713,275,1760,311,Jul15_1/71-20190709101500-snapshot.jpg
4,1,20190709,101530,73,5,1111,269,1155,302,Jul15_1/71-20190709101530-snapshot.jpg
4,1,20190709,101530,76,8,152,1030,232,1077,Jul15_1/71-20190709101530-snapshot.jpg
4,1,20190709,102000,42,6,1135,762,1187,828,Jul15_1/71-20190709102000-snapshot.jpg
4,1,20190709,102030,64,6,1205,959,1271,1025,Jul15_1/71-20190709102030-snapshot.jpg
4,1,20190709,102130,56,6,1471,9,1527,50,Jul15_1/71-20190709102130-snapshot.jpg
4,1,20190709,102130,63,6,1191,945,1254,1006,Jul15_1/71-20190709102130-snapshot.jpg
4,1,20190709,102330,33,6,1100,537,1159,606,Jul15_1/71-20190709102330-snapshot.jpg
4,1,20190709,102500,77,5,1049,609,1087,656,Jul15_1/71-20190709102500-snapshot.jpg
4,1,20190709,102700,41,6,909,708,981,767,Jul15_1/71-20190709102700-snapshot.jpg
4,1,20190709,103000,76,6,1278,153,1336,214,Jul15_1/71-20190709103000-snapshot.jpg
4,1,20190709,103030,67,6,1076,515,1140,575,Jul15_1/71-20190709103030-snapshot.jpg
4,1,20190709,103300,55,3,1635,309,1702,373,Jul15_1/71-20190709103300-snapshot.jpg
4,1,20190709,104030,63,5,320,170,369,218,Jul15_1/71-20190709104030-snapshot.jpg
4,1,20190709,104100,49,5,249,206,301,238,Jul15_1/71-20190709104100-snapshot.jpg
4,1,20190709,104130,61,5,88,334,130,369,Jul15_1/71-20190709104130-snapshot.jpg
4,1,20190709,104200,65,5,0,355,34,384,Jul15_1/71-20190709104200-snapshot.jpg
4,1,20190709,104400,30,6,171,814,249,866,Jul15_1/71-20190709104400-snapshot.jpg
4,1,20190709,104600,82,5,157,111,221,181,Jul15_1/71-20190709104600-snapshot.jpg
4,1,20190709,104800,67,5,935,677,988,709,Jul15_1/71-20190709104800-snapshot.jpg
4,1,20190709,104830,67,6,956,893,1023,958,Jul15_1/71-20190709104830-snapshot.jpg
4,1,20190709,104830,81,5,980,687,1020,732,Jul15_1/71-20190709104830-snapshot.jpg
4,1,20190709,104900,52,5,946,747,987,794,Jul15_1/71-20190709104900-snapshot.jpg
4,1,20190709,104930,28,5,986,724,1037,760,Jul15_1/71-20190709104930-snapshot.jpg
4,1,20190709,104930,44,6,985,723,1038,760,Jul15_1/71-20190709104930-snapshot.jpg
4,1,20190709,105030,77,5,1029,643,1072,679,Jul15_1/71-20190709105030-snapshot.jpg
4,1,20190709,105200,68,5,1257,43,1300,87,Jul15_1/71-20190709105200-snapshot.jpg
4,1,20190709,105230,61,5,626,307,666,352,Jul15_1/71-20190709105230-snapshot.jpg
4,1,20190709,105300,70,5,569,366,611,413,Jul15_1/71-20190709105300-snapshot.jpg
4,1,20190709,105800,69,5,916,699,949,745,Jul15_1/71-20190709105800-snapshot.jpg
4,1,20190709,105830,32,2,457,805,520,871,Jul15_1/71-20190709105830-snapshot.jpg
4,1,20190709,110130,27,5,1100,760,1142,805,Jul15_1/71-20190709110130-snapshot.jpg
4,1,20190709,110130,72,5,898,752,949,786,Jul15_1/71-20190709110130-snapshot.jpg
4,1,20190709,110200,58,6,1067,706,1126,746,Jul15_1/71-20190709110200-snapshot.jpg
4,1,20190709,110230,34,6,978,789,1027,834,Jul15_1/71-20190709110230-snapshot.jpg
4,1,20190709,110230,45,5,980,789,1026,833,Jul15_1/71-20190709110230-snapshot.jpg
4,1,20190709,110230,60,2,1190,942,1249,1012,Jul15_1/71-20190709110230-snapshot.jpg
4,1,20190709,110230,61,6,1188,941,1247,1008,Jul15_1/71-20190709110230-snapshot.jpg
4,1,20190709,110330,77,6,616,425,677,469,Jul15_1/71-20190709110330-snapshot.jpg
4,1,20190709,110400,69,2,905,1009,954,1065,Jul15_1/71-20190709110400-snapshot.jpg
4,1,20190709,110430,34,5,251,148,298,178,Jul15_1/71-20190709110430-snapshot.jpg
4,1,20190709,110430,41,5,1248,581,1293,632,Jul15_1/71-20190709110430-snapshot.jpg
4,1,20190709,110430,47,2,1247,580,1294,632,Jul15_1/71-20190709110430-snapshot.jpg
4,1,20190709,110500,79,5,1222,497,1262,541,Jul15_1/71-20190709110500-snapshot.jpg
4,1,20190709,110530,61,5,1170,427,1214,476,Jul15_1/71-20190709110530-snapshot.jpg
4,1,20190709,110630,66,5,1294,440,1339,478,Jul15_1/71-20190709110630-snapshot.jpg
4,1,20190709,110700,61,8,1409,768,1458,810,Jul15_1/71-20190709110700-snapshot.jpg
4,1,20190709,110700,70,5,1127,521,1181,572,Jul15_1/71-20190709110700-snapshot.jpg
4,1,20190709,110700,70,6,253,650,308,682,Jul15_1/71-20190709110700-snapshot.jpg
4,1,20190709,110730,32,6,766,938,839,983,Jul15_1/71-20190709110730-snapshot.jpg
4,1,20190709,110800,37,5,1352,341,1385,384,Jul15_1/71-20190709110800-snapshot.jpg
4,1,20190709,110800,70,5,1096,235,1141,276,Jul15_1/71-20190709110800-snapshot.jpg
4,1,20190709,110830,72,5,1148,378,1199,415,Jul15_1/71-20190709110830-snapshot.jpg
4,1,20190709,110900,46,6,1071,558,1146,607,Jul15_1/71-20190709110900-snapshot.jpg
4,1,20190709,110930,50,5,513,249,565,289,Jul15_1/71-20190709110930-snapshot.jpg
4,1,20190709,110930,76,5,1033,646,1071,694,Jul15_1/71-20190709110930-snapshot.jpg
4,1,20190709,111100,78,5,571,336,613,382,Jul15_1/71-20190709111100-snapshot.jpg
4,1,20190709,111130,26,5,0,367,21,410,Jul15_1/71-20190709111130-snapshot.jpg
4,1,20190709,111130,68,5,560,402,604,441,Jul15_1/71-20190709111130-snapshot.jpg
4,1,20190709,111200,79,6,584,826,635,893,Jul15_1/71-20190709111200-snapshot.jpg
4,1,20190709,111230,81,6,915,675,962,726,Jul15_1/71-20190709111230-snapshot.jpg
4,1,20190709,111300,76,6,930,721,995,756,Jul15_1/71-20190709111300-snapshot.jpg
4,1,20190709,111330,36,6,771,816,837,885,Jul15_1/71-20190709111330-snapshot.jpg
4,1,20190709,111330,48,5,434,799,491,838,Jul15_1/71-20190709111330-snapshot.jpg
4,1,20190709,111330,49,6,867,687,926,734,Jul15_1/71-20190709111330-snapshot.jpg
4,1,20190709,111400,61,6,920,708,989,749,Jul15_1/71-20190709111400-snapshot.jpg
4,1,20190709,111430,50,6,869,715,927,756,Jul15_1/71-20190709111430-snapshot.jpg
4,1,20190709,111430,74,5,420,590,465,627,Jul15_1/71-20190709111430-snapshot.jpg
4,1,20190709,111500,62,6,1028,660,1087,695,Jul15_1/71-20190709111500-snapshot.jpg
4,1,20190709,111630,30,8,442,552,483,592,Jul15_1/71-20190709111630-snapshot.jpg
4,1,20190709,111630,38,5,442,552,483,593,Jul15_1/71-20190709111630-snapshot.jpg
4,1,20190709,111630,51,6,1263,357,1321,403,Jul15_1/71-20190709111630-snapshot.jpg
4,1,20190709,111700,76,5,1163,646,1206,680,Jul15_1/71-20190709111700-snapshot.jpg
4,1,20190709,111730,27,5,114,1047,157,1079,Jul15_1/71-20190709111730-snapshot.jpg
4,1,20190709,111730,64,5,611,285,656,324,Jul15_1/71-20190709111730-snapshot.jpg
4,1,20190709,111730,78,5,934,549,975,592,Jul15_1/71-20190709111730-snapshot.jpg
4,1,20190709,111800,28,6,767,815,838,883,Jul15_1/71-20190709111800-snapshot.jpg
4,1,20190709,111800,73,5,986,437,1040,471,Jul15_1/71-20190709111800-snapshot.jpg
4,1,20190709,111800,73,5,1353,359,1394,395,Jul15_1/71-20190709111800-snapshot.jpg
4,1,20190709,111830,45,6,430,591,474,638,Jul15_1/71-20190709111830-snapshot.jpg
4,1,20190709,111830,45,5,621,328,667,367,Jul15_1/71-20190709111830-snapshot.jpg
4,1,20190709,111830,49,5,1160,617,1196,657,Jul15_1/71-20190709111830-snapshot.jpg
4,1,20190709,111900,60,6,1054,893,1122,953,Jul15_1/71-20190709111900-snapshot.jpg
4,1,20190709,112230,47,5,431,661,469,704,Jul15_1/71-20190709112230-snapshot.jpg
4,1,20190709,112330,67,5,66,282,117,324,Jul15_1/71-20190709112330-snapshot.jpg
4,1,20190709,112430,69,6,420,683,477,733,Jul15_1/71-20190709112430-snapshot.jpg
4,1,20190709,112430,81,5,1231,535,1271,584,Jul15_1/71-20190709112430-snapshot.jpg
4,1,20190709,112500,80,5,1249,282,1303,317,Jul15_1/71-20190709112500-snapshot.jpg
4,1,20190709,112530,63,5,1196,446,1232,495,Jul15_1/71-20190709112530-snapshot.jpg
4,1,20190709,112530,67,5,145,105,204,154,Jul15_1/71-20190709112530-snapshot.jpg
4,1,20190709,112530,74,5,1203,52,1247,101,Jul15_1/71-20190709112530-snapshot.jpg
4,1,20190709,112600,40,5,1120,272,1157,311,Jul15_1/71-20190709112600-snapshot.jpg
4,1,20190709,112630,73,5,1224,439,1272,472,Jul15_1/71-20190709112630-snapshot.jpg
4,1,20190709,112700,69,5,1165,665,1206,704,Jul15_1/71-20190709112700-snapshot.jpg
4,1,20190709,112730,37,5,1114,681,1157,721,Jul15_1/71-20190709112730-snapshot.jpg
4,1,20190709,112800,76,5,925,762,970,804,Jul15_1/71-20190709112800-snapshot.jpg
4,1,20190709,112900,76,6,1089,267,1147,308,Jul15_1/71-20190709112900-snapshot.jpg
4,1,20190709,113000,80,5,946,743,984,789,Jul15_1/71-20190709113000-snapshot.jpg
4,1,20190709,113030,45,5,1306,468,1349,516,Jul15_1/71-20190709113030-snapshot.jpg
4,1,20190709,113030,48,6,1831,7,1882,64,Jul15_1/71-20190709113030-snapshot.jpg
4,1,20190709,113030,55,6,961,720,1019,760,Jul15_1/71-20190709113030-snapshot.jpg
4,1,20190709,113100,29,6,1290,404,1341,443,Jul15_1/71-20190709113100-snapshot.jpg
4,1,20190709,113100,33,5,1291,404,1340,442,Jul15_1/71-20190709113100-snapshot.jpg
4,1,20190709,113100,43,6,1785,88,1871,157,Jul15_1/71-20190709113100-snapshot.jpg
4,1,20190709,113130,79,6,1366,80,1422,148,Jul15_1/71-20190709113130-snapshot.jpg
4,1,20190709,113200,40,6,775,814,835,878,Jul15_1/71-20190709113200-snapshot.jpg
4,1,20190709,113200,63,5,63,44,109,100,Jul15_1/71-20190709113200-snapshot.jpg
4,1,20190709,113200,63,6,1080,513,1169,577,Jul15_1/71-20190709113200-snapshot.jpg
4,1,20190709,113300,27,2,1082,557,1132,609,Jul15_1/71-20190709113300-snapshot.jpg
4,1,20190709,113330,30,6,774,814,835,877,Jul15_1/71-20190709113330-snapshot.jpg
4,1,20190709,113400,31,6,776,815,833,875,Jul15_1/71-20190709113400-snapshot.jpg
4,1,20190709,113400,75,5,1281,448,1323,493,Jul15_1/71-20190709113400-snapshot.jpg
4,1,20190709,113430,67,5,1297,422,1340,459,Jul15_1/71-20190709113430-snapshot.jpg
4,1,20190709,113500,65,6,1435,518,1517,591,Jul15_1/71-20190709113500-snapshot.jpg
4,1,20190709,113530,48,6,1705,703,1773,754,Jul15_1/71-20190709113530-snapshot.jpg
4,1,20190709,113530,78,6,188,55,241,120,Jul15_1/71-20190709113530-snapshot.jpg
4,1,20190709,113600,62,5,1268,67,1311,116,Jul15_1/71-20190709113600-snapshot.jpg
4,1,20190709,113630,65,5,1192,308,1236,355,Jul15_1/71-20190709113630-snapshot.jpg
4,1,20190709,113700,64,5,1078,322,1120,370,Jul15_1/71-20190709113700-snapshot.jpg
4,1,20190709,113700,70,5,264,206,318,238,Jul15_1/71-20190709113700-snapshot.jpg
4,1,20190709,113730,61,5,51,20,102,51,Jul15_1/71-20190709113730-snapshot.jpg
4,1,20190709,113800,77,5,933,527,970,573,Jul15_1/71-20190709113800-snapshot.jpg
4,1,20190709,113830,48,5,1092,672,1137,710,Jul15_1/71-20190709113830-snapshot.jpg
4,1,20190709,113830,65,5,5,776,58,825,Jul15_1/71-20190709113830-snapshot.jpg
4,1,20190709,114000,67,6,66,794,142,848,Jul15_1/71-20190709114000-snapshot.jpg
4,1,20190709,114030,30,6,61,768,143,841,Jul15_1/71-20190709114030-snapshot.jpg
4,1,20190709,114100,75,6,1358,59,1438,113,Jul15_1/71-20190709114100-snapshot.jpg
4,1,20190709,114130,43,5,1166,244,1217,277,Jul15_1/71-20190709114130-snapshot.jpg
4,1,20190709,114130,74,6,1306,207,1363,272,Jul15_1/71-20190709114130-snapshot.jpg
4,1,20190709,114200,78,6,1327,564,1400,625,Jul15_1/71-20190709114200-snapshot.jpg
4,1,20190709,114230,38,6,1403,427,1493,503,Jul15_1/71-20190709114230-snapshot.jpg
4,1,20190709,114230,64,5,635,307,678,347,Jul15_1/71-20190709114230-snapshot.jpg
4,1,20190709,114230,78,1,1760,240,1800,277,Jul15_1/71-20190709114230-snapshot.jpg
4,1,20190709,114300,57,5,1197,261,1244,303,Jul15_1/71-20190709114300-snapshot.jpg
4,1,20190709,114300,78,6,1296,419,1349,481,Jul15_1/71-20190709114300-snapshot.jpg
4,1,20190709,114330,28,6,1538,175,1586,231,Jul15_1/71-20190709114330-snapshot.jpg
4,1,20190709,114330,80,6,1368,443,1415,502,Jul15_1/71-20190709114330-snapshot.jpg
4,1,20190709,114400,55,6,1375,506,1465,569,Jul15_1/71-20190709114400-snapshot.jpg
4,1,20190709,114400,77,6,1321,333,1369,395,Jul15_1/71-20190709114400-snapshot.jpg
4,1,20190709,114400,78,5,1388,12,1434,67,Jul15_1/71-20190709114400-snapshot.jpg
4,1,20190709,114500,25,5,943,506,980,552,Jul15_1/71-20190709114500-snapshot.jpg
4,1,20190709,114500,76,5,1021,267,1070,315,Jul15_1/71-20190709114500-snapshot.jpg
4,1,20190709,114500,81,6,896,794,951,852,Jul15_1/71-20190709114500-snapshot.jpg
4,1,20190709,114530,26,5,1145,359,1178,400,Jul15_1/71-20190709114530-snapshot.jpg
4,1,20190709,114600,46,5,1225,490,1263,534,Jul15_1/71-20190709114600-snapshot.jpg
4,1,20190709,114630,56,5,1177,426,1217,467,Jul15_1/71-20190709114630-snapshot.jpg
4,1,20190709,114630,61,6,1601,4,1661,65,Jul15_1/71-20190709114630-snapshot.jpg
4,1,20190709,114730,25,6,1056,599,1109,637,Jul15_1/71-20190709114730-snapshot.jpg
4,1,20190709,114730,28,5,842,571,880,619,Jul15_1/71-20190709114730-snapshot.jpg
4,1,20190709,114730,66,5,614,869,659,914,Jul15_1/71-20190709114730-snapshot.jpg
4,1,20190709,114900,61,5,1258,413,1294,457,Jul15_1/71-20190709114900-snapshot.jpg
4,1,20190709,114930,83,8,860,43,934,104,Jul15_1/71-20190709114930-snapshot.jpg
4,1,20190709,115030,81,5,1307,292,1344,341,Jul15_1/71-20190709115030-snapshot.jpg
4,1,20190709,115100,27,5,537,765,584,805,Jul15_1/71-20190709115100-snapshot.jpg
4,1,20190709,115130,75,5,538,398,585,450,Jul15_1/71-20190709115130-snapshot.jpg
4,1,20190709,115400,57,5,114,6,158,51,Jul15_1/71-20190709115400-snapshot.jpg
4,1,20190709,115500,51,6,1044,276,1086,315,Jul15_1/71-20190709115500-snapshot.jpg
4,1,20190709,115500,65,6,165,711,240,750,Jul15_1/71-20190709115500-snapshot.jpg
4,1,20190709,115530,29,6,11,368,93,419,Jul15_1/71-20190709115530-snapshot.jpg
4,1,20190709,115600,82,8,4,1005,79,1050,Jul15_1/71-20190709115600-snapshot.jpg
4,1,20190709,115600,86,6,1412,496,1500,577,Jul15_1/71-20190709115600-snapshot.jpg
4,1,20190709,115700,81,6,544,122,607,204,Jul15_1/71-20190709115700-snapshot.jpg
4,1,20190709,115730,58,6,447,547,497,599,Jul15_1/71-20190709115730-snapshot.jpg
4,1,20190709,115800,46,5,1842,22,1889,67,Jul15_1/71-20190709115800-snapshot.jpg
4,1,20190709,120000,64,6,1307,229,1365,288,Jul15_1/71-20190709120000-snapshot.jpg
4,1,20190709,120030,53,6,444,690,507,757,Jul15_1/71-20190709120030-snapshot.jpg
4,1,20190709,120100,81,6,1260,24,1315,79,Jul15_1/71-20190709120100-snapshot.jpg
4,1,20190709,120130,73,6,536,409,583,463,Jul15_1/71-20190709120130-snapshot.jpg
4,1,20190709,120200,38,6,1750,285,1806,342,Jul15_1/71-20190709120200-snapshot.jpg
4,1,20190709,120230,66,6,66,701,126,761,Jul15_1/71-20190709120230-snapshot.jpg
4,1,20190709,120230,67,6,572,357,615,409,Jul15_1/71-20190709120230-snapshot.jpg
4,1,20190709,120430,75,5,1325,342,1369,382,Jul15_1/71-20190709120430-snapshot.jpg
4,1,20190709,120630,28,6,112,819,192,877,Jul15_1/71-20190709120630-snapshot.jpg
4,1,20190709,120730,36,5,931,676,986,710,Jul15_1/71-20190709120730-snapshot.jpg
4,1,20190709,120730,50,6,930,676,986,711,Jul15_1/71-20190709120730-snapshot.jpg
4,1,20190709,120830,76,5,1244,1013,1294,1056,Jul15_1/71-20190709120830-snapshot.jpg
4,1,20190709,120900,62,5,1704,261,1743,301,Jul15_1/71-20190709120900-snapshot.jpg
4,1,20190709,120900,68,5,1216,566,1264,599,Jul15_1/71-20190709120900-snapshot.jpg
4,1,20190709,120930,70,6,127,813,212,869,Jul15_1/71-20190709120930-snapshot.jpg
4,1,20190709,121000,47,5,176,601,220,643,Jul15_1/71-20190709121000-snapshot.jpg
4,1,20190709,121000,66,6,833,985,888,1037,Jul15_1/71-20190709121000-snapshot.jpg
4,1,20190709,121030,36,5,279,191,320,233,Jul15_1/71-20190709121030-snapshot.jpg
4,1,20190709,121100,75,6,428,637,482,696,Jul15_1/71-20190709121100-snapshot.jpg
4,1,20190709,121130,76,6,575,336,628,375,Jul15_1/71-20190709121130-snapshot.jpg
4,1,20190709,121200,61,6,1285,189,1359,237,Jul15_1/71-20190709121200-snapshot.jpg
4,1,20190709,121230,55,5,581,353,623,384,Jul15_1/71-20190709121230-snapshot.jpg
4,1,20190709,121330,32,6,988,842,1060,896,Jul15_1/71-20190709121330-snapshot.jpg
4,1,20190709,121400,64,5,1360,401,1395,449,Jul15_1/71-20190709121400-snapshot.jpg
4,1,20190709,121400,77,5,1005,432,1052,470,Jul15_1/71-20190709121400-snapshot.jpg
4,1,20190709,121430,36,6,27,1033,89,1076,Jul15_1/71-20190709121430-snapshot.jpg
4,1,20190709,121500,62,5,108,701,157,746,Jul15_1/71-20190709121500-snapshot.jpg
4,1,20190709,121500,68,5,1179,344,1232,380,Jul15_1/71-20190709121500-snapshot.jpg
4,1,20190709,121530,69,5,1068,299,1118,336,Jul15_1/71-20190709121530-snapshot.jpg
4,1,20190709,121600,50,5,451,563,490,591,Jul15_1/71-20190709121600-snapshot.jpg
4,1,20190709,121700,83,5,894,486,939,531,Jul15_1/71-20190709121700-snapshot.jpg
4,1,20190709,121730,63,5,117,567,160,610,Jul15_1/71-20190709121730-snapshot.jpg
4,1,20190709,121800,77,6,1253,22,1309,71,Jul15_1/71-20190709121800-snapshot.jpg
4,1,20190709,121830,82,6,1321,302,1375,370,Jul15_1/71-20190709121830-snapshot.jpg
4,1,20190709,121900,72,6,1029,506,1108,549,Jul15_1/71-20190709121900-snapshot.jpg
4,1,20190709,121930,61,2,1204,956,1265,1024,Jul15_1/71-20190709121930-snapshot.jpg
4,1,20190709,122000,61,5,1178,684,1213,725,Jul15_1/71-20190709122000-snapshot.jpg
4,1,20190709,122000,66,5,752,766,798,812,Jul15_1/71-20190709122000-snapshot.jpg
4,1,20190709,122030,31,6,1020,648,1058,694,Jul15_1/71-20190709122030-snapshot.jpg
4,1,20190709,122030,36,5,521,359,561,399,Jul15_1/71-20190709122030-snapshot.jpg
4,1,20190709,122100,69,5,603,353,646,400,Jul15_1/71-20190709122100-snapshot.jpg
4,1,20190709,122130,38,5,1302,504,1345,545,Jul15_1/71-20190709122130-snapshot.jpg
4,1,20190709,122200,76,6,1371,354,1424,414,Jul15_1/71-20190709122200-snapshot.jpg
4,1,20190709,122230,69,6,274,81,327,147,Jul15_1/71-20190709122230-snapshot.jpg
4,1,20190709,122230,78,6,947,914,1021,968,Jul15_1/71-20190709122230-snapshot.jpg
4,1,20190709,122300,57,5,1343,74,1394,130,Jul15_1/71-20190709122300-snapshot.jpg
4,1,20190709,122330,50,6,1179,895,1252,947,Jul15_1/71-20190709122330-snapshot.jpg
4,1,20190709,122330,63,2,870,1034,944,1079,Jul15_1/71-20190709122330-snapshot.jpg
4,1,20190709,122400,41,5,62,633,111,684,Jul15_1/71-20190709122400-snapshot.jpg
4,1,20190709,122400,55,6,841,529,887,592,Jul15_1/71-20190709122400-snapshot.jpg
4,1,20190709,122400,75,6,948,913,1027,979,Jul15_1/71-20190709122400-snapshot.jpg
4,1,20190709,122400,83,3,1076,553,1152,610,Jul15_1/71-20190709122400-snapshot.jpg
4,1,20190709,122430,77,6,593,271,649,331,Jul15_1/71-20190709122430-snapshot.jpg
4,1,20190709,122430,77,6,1369,468,1456,531,Jul15_1/71-20190709122430-snapshot.jpg
4,1,20190709,122500,63,5,932,844,979,885,Jul15_1/71-20190709122500-snapshot.jpg
4,1,20190709,122500,79,6,1293,429,1347,483,Jul15_1/71-20190709122500-snapshot.jpg
4,1,20190709,122530,34,6,1463,17,1506,62,Jul15_1/71-20190709122530-snapshot.jpg
4,1,20190709,122600,76,6,1353,7,1421,39,Jul15_1/71-20190709122600-snapshot.jpg
4,1,20190709,122630,45,6,1329,17,1386,77,Jul15_1/71-20190709122630-snapshot.jpg
4,1,20190709,122630,64,6,1068,690,1127,736,Jul15_1/71-20190709122630-snapshot.jpg
4,1,20190709,122630,73,5,1278,425,1313,472,Jul15_1/71-20190709122630-snapshot.jpg
4,1,20190709,122630,77,5,1302,302,1345,337,Jul15_1/71-20190709122630-snapshot.jpg
4,1,20190709,122700,30,6,1029,682,1086,725,Jul15_1/71-20190709122700-snapshot.jpg
4,1,20190709,122730,54,6,1205,926,1265,990,Jul15_1/71-20190709122730-snapshot.jpg
4,1,20190709,122800,43,5,1167,664,1209,697,Jul15_1/71-20190709122800-snapshot.jpg
4,1,20190709,122800,62,6,147,831,226,893,Jul15_1/71-20190709122800-snapshot.jpg
4,1,20190709,122800,65,5,1001,625,1049,662,Jul15_1/71-20190709122800-snapshot.jpg
4,1,20190709,122800,75,5,1133,793,1176,843,Jul15_1/71-20190709122800-snapshot.jpg
4,1,20190709,122900,62,5,0,699,39,748,Jul15_1/71-20190709122900-snapshot.jpg
4,1,20190709,122900,73,5,1203,596,1244,643,Jul15_1/71-20190709122900-snapshot.jpg
4,1,20190709,122930,60,5,282,122,339,165,Jul15_1/71-20190709122930-snapshot.jpg
4,1,20190709,123130,58,6,1363,509,1433,570,Jul15_1/71-20190709123130-snapshot.jpg
4,1,20190709,123130,72,5,1185,30,1230,70,Jul15_1/71-20190709123130-snapshot.jpg
4,1,20190709,123200,26,2,489,789,545,835,Jul15_1/71-20190709123200-snapshot.jpg
4,1,20190709,123230,31,5,1171,552,1216,587,Jul15_1/71-20190709123230-snapshot.jpg
4,1,20190709,123230,47,6,898,224,946,281,Jul15_1/71-20190709123230-snapshot.jpg
4,1,20190709,123300,44,5,1250,534,1287,578,Jul15_1/71-20190709123300-snapshot.jpg
4,1,20190709,123330,31,5,1748,594,1792,627,Jul15_1/71-20190709123330-snapshot.jpg
4,1,20190709,123330,57,5,74,787,120,836,Jul15_1/71-20190709123330-snapshot.jpg
4,1,20190709,123430,44,2,889,1031,962,1080,Jul15_1/71-20190709123430-snapshot.jpg
4,1,20190709,123430,75,5,1208,561,1246,607,Jul15_1/71-20190709123430-snapshot.jpg
4,1,20190709,123500,81,5,1211,470,1254,523,Jul15_1/71-20190709123500-snapshot.jpg
4,1,20190709,123530,26,6,1031,892,1112,954,Jul15_1/71-20190709123530-snapshot.jpg
4,1,20190709,123530,35,6,1415,441,1476,501,Jul15_1/71-20190709123530-snapshot.jpg
4,1,20190709,123530,69,5,1354,348,1395,385,Jul15_1/71-20190709123530-snapshot.jpg
4,1,20190709,123600,81,5,1268,310,1309,356,Jul15_1/71-20190709123600-snapshot.jpg
4,1,20190709,123630,34,5,878,603,934,635,Jul15_1/71-20190709123630-snapshot.jpg
4,1,20190709,123630,66,5,1126,265,1166,306,Jul15_1/71-20190709123630-snapshot.jpg
4,1,20190709,123700,57,5,574,304,613,340,Jul15_1/71-20190709123700-snapshot.jpg
4,1,20190709,123700,76,5,1160,444,1205,483,Jul15_1/71-20190709123700-snapshot.jpg
4,1,20190709,123730,57,2,473,773,549,838,Jul15_1/71-20190709123730-snapshot.jpg
4,1,20190709,123800,32,6,1079,701,1131,736,Jul15_1/71-20190709123800-snapshot.jpg
4,1,20190709,123800,46,6,1228,56,1282,115,Jul15_1/71-20190709123800-snapshot.jpg
4,1,20190709,123830,64,5,1880,145,1920,185,Jul15_1/71-20190709123830-snapshot.jpg
4,1,20190709,123830,75,5,1059,606,1096,644,Jul15_1/71-20190709123830-snapshot.jpg
4,1,20190709,123900,59,5,979,702,1020,742,Jul15_1/71-20190709123900-snapshot.jpg
4,1,20190709,123900,71,2,877,1031,956,1080,Jul15_1/71-20190709123900-snapshot.jpg
4,1,20190709,123930,69,5,0,383,41,434,Jul15_1/71-20190709123930-snapshot.jpg
4,1,20190709,123930,75,5,1071,566,1117,614,Jul15_1/71-20190709123930-snapshot.jpg
4,1,20190709,124000,66,5,1278,95,1328,152,Jul15_1/71-20190709124000-snapshot.jpg
4,1,20190709,124030,47,2,1211,964,1271,1041,Jul15_1/71-20190709124030-snapshot.jpg
4,1,20190709,124030,78,5,1054,283,1100,336,Jul15_1/71-20190709124030-snapshot.jpg
4,1,20190709,124100,30,6,467,660,550,739,Jul15_1/71-20190709124100-snapshot.jpg
4,1,20190709,124130,50,5,59,1019,101,1065,Jul15_1/71-20190709124130-snapshot.jpg
4,1,20190709,124130,62,2,464,780,542,841,Jul15_1/71-20190709124130-snapshot.jpg
4,1,20190709,124200,52,6,133,788,209,838,Jul15_1/71-20190709124200-snapshot.jpg
4,1,20190709,124200,77,5,110,564,159,606,Jul15_1/71-20190709124200-snapshot.jpg
4,1,20190709,124230,41,5,227,17,274,46,Jul15_1/71-20190709124230-snapshot.jpg
4,1,20190709,124230,46,6,116,819,183,880,Jul15_1/71-20190709124230-snapshot.jpg
4,1,20190709,124230,62,5,130,562,179,599,Jul15_1/71-20190709124230-snapshot.jpg
4,1,20190709,124300,77,5,1108,738,1145,786,Jul15_1/71-20190709124300-snapshot.jpg
4,1,20190709,124330,45,6,855,510,907,546,Jul15_1/71-20190709124330-snapshot.jpg
4,1,20190709,124330,52,6,197,805,256,857,Jul15_1/71-20190709124330-snapshot.jpg
4,1,20190709,124330,62,5,200,807,254,857,Jul15_1/71-20190709124330-snapshot.jpg
4,1,20190709,124330,69,6,1324,236,1387,299,Jul15_1/71-20190709124330-snapshot.jpg
4,1,20190709,124400,58,6,959,930,1031,993,Jul15_1/71-20190709124400-snapshot.jpg
4,1,20190709,124500,77,5,879,199,933,258,Jul15_1/71-20190709124500-snapshot.jpg
4,1,20190709,124530,51,5,596,391,641,427,Jul15_1/71-20190709124530-snapshot.jpg
4,1,20190709,124530,58,5,883,112,924,155,Jul15_1/71-20190709124530-snapshot.jpg
4,1,20190709,124530,67,6,1022,782,1090,843,Jul15_1/71-20190709124530-snapshot.jpg
4,1,20190709,124530,77,5,1361,38,1411,97,Jul15_1/71-20190709124530-snapshot.jpg
4,1,20190709,124530,81,6,1125,328,1178,392,Jul15_1/71-20190709124530-snapshot.jpg
4,1,20190709,124600,44,5,874,142,926,192,Jul15_1/71-20190709124600-snapshot.jpg
4,1,20190709,124600,67,6,1060,582,1132,633,Jul15_1/71-20190709124600-snapshot.jpg
4,1,20190709,124600,74,5,606,257,653,299,Jul15_1/71-20190709124600-snapshot.jpg
4,1,20190709,124700,45,5,952,859,993,905,Jul15_1/71-20190709124700-snapshot.jpg
4,1,20190709,124730,35,5,860,132,903,169,Jul15_1/71-20190709124730-snapshot.jpg
4,1,20190709,124800,55,5,672,840,716,883,Jul15_1/71-20190709124800-snapshot.jpg
4,1,20190709,124800,56,5,1244,506,1286,553,Jul15_1/71-20190709124800-snapshot.jpg
4,1,20190709,124800,56,6,1050,396,1110,453,Jul15_1/71-20190709124800-snapshot.jpg
4,1,20190709,124830,50,5,875,870,926,917,Jul15_1/71-20190709124830-snapshot.jpg
4,1,20190709,124900,43,5,191,66,243,107,Jul15_1/71-20190709124900-snapshot.jpg
4,1,20190709,124900,68,5,328,549,370,590,Jul15_1/71-20190709124900-snapshot.jpg
4,1,20190709,124930,50,5,322,247,365,287,Jul15_1/71-20190709124930-snapshot.jpg
4,1,20190709,124930,70,5,129,597,179,642,Jul15_1/71-20190709124930-snapshot.jpg
4,1,20190709,124930,71,6,1031,400,1082,449,Jul15_1/71-20190709124930-snapshot.jpg
4,1,20190709,125000,28,5,1072,738,1124,773,Jul15_1/71-20190709125000-snapshot.jpg
4,1,20190709,125000,42,6,1071,736,1126,773,Jul15_1/71-20190709125000-snapshot.jpg
4,1,20190709,125030,58,5,934,625,975,667,Jul15_1/71-20190709125030-snapshot.jpg
4,1,20190709,125030,81,6,1230,239,1289,280,Jul15_1/71-20190709125030-snapshot.jpg
4,1,20190709,125130,38,6,1274,100,1328,161,Jul15_1/71-20190709125130-snapshot.jpg
4,1,20190709,125130,61,5,950,770,990,818,Jul15_1/71-20190709125130-snapshot.jpg
4,1,20190709,125130,61,2,891,1028,969,1080,Jul15_1/71-20190709125130-snapshot.jpg
4,1,20190709,125230,70,5,1100,378,1152,416,Jul15_1/71-20190709125230-snapshot.jpg
4,1,20190709,125230,73,5,1282,387,1323,432,Jul15_1/71-20190709125230-snapshot.jpg
4,1,20190709,125300,64,5,925,533,972,575,Jul15_1/71-20190709125300-snapshot.jpg
4,1,20190709,125400,31,5,1725,323,1776,363,Jul15_1/71-20190709125400-snapshot.jpg
4,1,20190709,125400,40,6,1099,535,1169,600,Jul15_1/71-20190709125400-snapshot.jpg
4,1,20190709,125400,59,5,1079,736,1125,773,Jul15_1/71-20190709125400-snapshot.jpg
4,1,20190709,125400,77,5,933,628,976,670,Jul15_1/71-20190709125400-snapshot.jpg
4,1,20190709,125430,50,5,785,552,835,589,Jul15_1/71-20190709125430-snapshot.jpg
4,1,20190709,125430,63,5,974,103,1028,151,Jul15_1/71-20190709125430-snapshot.jpg
4,1,20190709,125500,43,6,478,664,547,732,Jul15_1/71-20190709125500-snapshot.jpg
4,1,20190709,125500,66,5,1213,313,1266,356,Jul15_1/71-20190709125500-snapshot.jpg
4,1,20190709,125500,73,5,82,828,127,876,Jul15_1/71-20190709125500-snapshot.jpg
4,1,20190709,125530,34,6,162,839,230,895,Jul15_1/71-20190709125530-snapshot.jpg
4,1,20190709,125530,37,5,1226,299,1266,345,Jul15_1/71-20190709125530-snapshot.jpg
4,1,20190709,125530,47,5,1784,89,1842,144,Jul15_1/71-20190709125530-snapshot.jpg
4,1,20190709,125530,60,5,154,618,204,655,Jul15_1/71-20190709125530-snapshot.jpg
4,1,20190709,125600,63,5,1070,584,1130,618,Jul15_1/71-20190709125600-snapshot.jpg
4,1,20190709,125630,28,2,72,847,122,899,Jul15_1/71-20190709125630-snapshot.jpg
4,1,20190709,125630,29,6,964,957,1026,1014,Jul15_1/71-20190709125630-snapshot.jpg
4,1,20190709,125700,41,2,710,918,776,979,Jul15_1/71-20190709125700-snapshot.jpg
4,1,20190709,125700,58,5,1205,98,1253,134,Jul15_1/71-20190709125700-snapshot.jpg
4,1,20190709,125730,34,5,819,579,862,620,Jul15_1/71-20190709125730-snapshot.jpg
4,1,20190709,125800,43,2,168,638,250,709,Jul15_1/71-20190709125800-snapshot.jpg
4,1,20190709,125800,53,5,518,402,560,444,Jul15_1/71-20190709125800-snapshot.jpg
4,1,20190709,125800,58,5,437,589,480,631,Jul15_1/71-20190709125800-snapshot.jpg
4,1,20190709,125800,74,2,453,781,528,849,Jul15_1/71-20190709125800-snapshot.jpg
4,1,20190709,125830,26,6,51,905,135,974,Jul15_1/71-20190709125830-snapshot.jpg
4,1,20190709,125830,63,6,901,773,985,836,Jul15_1/71-20190709125830-snapshot.jpg
4,1,20190709,125830,70,2,1214,417,1282,459,Jul15_1/71-20190709125830-snapshot.jpg
4,1,20190709,125830,75,6,428,592,480,644,Jul15_1/71-20190709125830-snapshot.jpg
4,1,20190709,125830,82,2,642,286,709,339,Jul15_1/71-20190709125830-snapshot.jpg
4,1,20190709,125900,26,5,72,15,121,48,Jul15_1/71-20190709125900-snapshot.jpg
4,1,20190709,125900,63,6,1195,918,1257,982,Jul15_1/71-20190709125900-snapshot.jpg
4,1,20190709,125900,66,6,45,682,110,721,Jul15_1/71-20190709125900-snapshot.jpg
4,1,20190709,125900,77,5,1233,397,1282,438,Jul15_1/71-20190709125900-snapshot.jpg
4,1,20190709,125900,79,5,1103,263,1149,309,Jul15_1/71-20190709125900-snapshot.jpg
4,1,20190709,125930,75,5,135,32,202,67,Jul15_1/71-20190709125930-snapshot.jpg
4,1,20190709,130030,27,2,77,838,149,884,Jul15_1/71-20190709130030-snapshot.jpg
4,1,20190709,130030,58,5,1544,170,1592,209,Jul15_1/71-20190709130030-snapshot.jpg
4,1,20190709,130030,81,5,1226,61,1275,117,Jul15_1/71-20190709130030-snapshot.jpg
4,1,20190709,130100,31,6,1719,335,1770,386,Jul15_1/71-20190709130100-snapshot.jpg
4,1,20190709,130100,32,6,1012,429,1057,474,Jul15_1/71-20190709130100-snapshot.jpg
4,1,20190709,130100,45,5,371,629,421,671,Jul15_1/71-20190709130100-snapshot.jpg
4,1,20190709,130100,60,5,1011,430,1055,473,Jul15_1/71-20190709130100-snapshot.jpg
4,1,20190709,130130,51,6,1177,1014,1229,1073,Jul15_1/71-20190709130130-snapshot.jpg
4,1,20190709,130130,76,5,1042,287,1091,329,Jul15_1/71-20190709130130-snapshot.jpg
4,1,20190709,130200,68,5,1338,286,1386,336,Jul15_1/71-20190709130200-snapshot.jpg
4,1,20190709,130230,40,5,959,461,1002,497,Jul15_1/71-20190709130230-snapshot.jpg
4,1,20190709,130300,79,5,1152,338,1194,386,Jul15_1/71-20190709130300-snapshot.jpg
4,1,20190709,130400,83,5,1256,352,1300,403,Jul15_1/71-20190709130400-snapshot.jpg
4,1,20190709,130430,72,5,1265,352,1306,395,Jul15_1/71-20190709130430-snapshot.jpg
4,1,20190709,130500,50,2,868,1005,942,1069,Jul15_1/71-20190709130500-snapshot.jpg
4,1,20190709,130500,55,6,946,686,1019,728,Jul15_1/71-20190709130500-snapshot.jpg
4,1,20190709,130500,78,5,1310,453,1357,513,Jul15_1/71-20190709130500-snapshot.jpg
4,1,20190709,130500,80,2,450,779,529,854,Jul15_1/71-20190709130500-snapshot.jpg
4,1,20190709,130500,83,8,1584,132,1664,187,Jul15_1/71-20190709130500-snapshot.jpg
4,1,20190709,130530,64,5,1364,376,1414,408,Jul15_1/71-20190709130530-snapshot.jpg
4,1,20190709,130600,84,5,1310,490,1364,553,Jul15_1/71-20190709130600-snapshot.jpg
4,1,20190709,130630,33,5,1479,29,1527,75,Jul15_1/71-20190709130630-snapshot.jpg
4,1,20190709,130700,26,2,834,784,919,869,Jul15_1/71-20190709130700-snapshot.jpg
4,1,20190709,130730,33,6,1821,4,1882,33,Jul15_1/71-20190709130730-snapshot.jpg
4,1,20190709,130730,74,1,1697,6,1741,43,Jul15_1/71-20190709130730-snapshot.jpg
4,1,20190709,130730,77,6,185,241,264,306,Jul15_1/71-20190709130730-snapshot.jpg
4,1,20190709,130730,77,2,903,1017,961,1076,Jul15_1/71-20190709130730-snapshot.jpg
4,1,20190709,130730,87,6,1377,516,1457,595,Jul15_1/71-20190709130730-snapshot.jpg
4,1,20190709,130800,57,6,1080,584,1144,627,Jul15_1/71-20190709130800-snapshot.jpg
4,1,20190709,130800,70,6,1023,407,1089,460,Jul15_1/71-20190709130800-snapshot.jpg
4,1,20190709,130800,77,2,1,904,85,973,Jul15_1/71-20190709130800-snapshot.jpg
4,1,20190709,130800,86,1,1732,184,1779,225,Jul15_1/71-20190709130800-snapshot.jpg
4,1,20190709,130830,25,6,710,901,781,960,Jul15_1/71-20190709130830-snapshot.jpg
4,1,20190709,130830,51,2,708,903,778,960,Jul15_1/71-20190709130830-snapshot.jpg
4,1,20190709,130900,76,1,1409,942,1449,975,Jul15_1/71-20190709130900-snapshot.jpg
4,1,20190709,131000,51,6,811,666,859,708,Jul15_1/71-20190709131000-snapshot.jpg
4,1,20190709,131030,68,6,1277,740,1331,775,Jul15_1/71-20190709131030-snapshot.jpg
4,1,20190709,131030,82,6,1299,208,1350,272,Jul15_1/71-20190709131030-snapshot.jpg
4,1,20190709,131100,57,6,1020,903,1099,968,Jul15_1/71-20190709131100-snapshot.jpg
4,1,20190709,131130,52,5,621,315,665,353,Jul15_1/71-20190709131130-snapshot.jpg
4,1,20190709,131130,62,5,274,199,315,242,Jul15_1/71-20190709131130-snapshot.jpg
4,1,20190709,131200,34,6,987,815,1053,863,Jul15_1/71-20190709131200-snapshot.jpg
4,1,20190709,131300,49,6,488,740,562,793,Jul15_1/71-20190709131300-snapshot.jpg
4,1,20190709,131300,72,5,41,835,88,880,Jul15_1/71-20190709131300-snapshot.jpg
4,1,20190709,131330,72,5,1018,712,1062,761,Jul15_1/71-20190709131330-snapshot.jpg
4,1,20190709,131330,74,5,77,769,131,807,Jul15_1/71-20190709131330-snapshot.jpg
4,1,20190709,131400,37,6,1236,385,1277,438,Jul15_1/71-20190709131400-snapshot.jpg
4,1,20190709,131400,74,5,1080,299,1122,351,Jul15_1/71-20190709131400-snapshot.jpg
4,1,20190709,131400,77,5,586,298,630,346,Jul15_1/71-20190709131400-snapshot.jpg
4,1,20190709,131400,78,5,1401,31,1447,86,Jul15_1/71-20190709131400-snapshot.jpg
4,1,20190709,131430,36,6,42,914,115,978,Jul15_1/71-20190709131430-snapshot.jpg
4,1,20190709,131430,37,6,1323,191,1372,252,Jul15_1/71-20190709131430-snapshot.jpg
4,1,20190709,131430,41,2,40,913,115,977,Jul15_1/71-20190709131430-snapshot.jpg
4,1,20190709,131430,69,5,1,241,46,293,Jul15_1/71-20190709131430-snapshot.jpg
4,1,20190709,131430,74,5,953,771,989,821,Jul15_1/71-20190709131430-snapshot.jpg
4,1,20190709,131500,39,6,428,560,472,595,Jul15_1/71-20190709131500-snapshot.jpg
4,1,20190709,131500,72,5,1100,228,1145,276,Jul15_1/71-20190709131500-snapshot.jpg
4,1,20190709,131500,78,6,297,205,354,272,Jul15_1/71-20190709131500-snapshot.jpg
4,1,20190709,131530,40,6,769,761,837,815,Jul15_1/71-20190709131530-snapshot.jpg
4,1,20190709,131600,55,5,1320,36,1382,89,Jul15_1/71-20190709131600-snapshot.jpg
4,1,20190709,131600,61,5,1354,334,1395,369,Jul15_1/71-20190709131600-snapshot.jpg
4,1,20190709,131630,61,5,1191,276,1247,319,Jul15_1/71-20190709131630-snapshot.jpg
4,1,20190709,131700,49,6,988,420,1037,459,Jul15_1/71-20190709131700-snapshot.jpg
4,1,20190709,131700,56,6,885,744,947,782,Jul15_1/71-20190709131700-snapshot.jpg
4,1,20190709,131730,47,2,1207,603,1252,649,Jul15_1/71-20190709131730-snapshot.jpg
4,1,20190709,131730,78,5,1259,322,1299,366,Jul15_1/71-20190709131730-snapshot.jpg
4,1,20190709,131730,82,2,838,790,930,871,Jul15_1/71-20190709131730-snapshot.jpg
4,1,20190709,131800,48,6,302,224,354,287,Jul15_1/71-20190709131800-snapshot.jpg
4,1,20190709,131800,63,5,302,226,350,285,Jul15_1/71-20190709131800-snapshot.jpg
4,1,20190709,131830,32,6,506,368,550,417,Jul15_1/71-20190709131830-snapshot.jpg
4,1,20190709,131900,27,6,994,679,1063,732,Jul15_1/71-20190709131900-snapshot.jpg
4,1,20190709,131900,36,5,756,856,808,908,Jul15_1/71-20190709131900-snapshot.jpg
4,1,20190709,131900,43,6,755,854,810,908,Jul15_1/71-20190709131900-snapshot.jpg
4,1,20190709,131900,51,5,1821,10,1865,54,Jul15_1/71-20190709131900-snapshot.jpg
4,1,20190709,131930,49,6,1278,770,1346,816,Jul15_1/71-20190709131930-snapshot.jpg
4,1,20190709,131930,70,5,131,774,176,817,Jul15_1/71-20190709131930-snapshot.jpg
4,1,20190709,131930,81,5,1262,251,1306,291,Jul15_1/71-20190709131930-snapshot.jpg
4,1,20190709,132030,60,6,1468,2,1527,30,Jul15_1/71-20190709132030-snapshot.jpg
4,1,20190709,132030,61,5,1743,263,1788,300,Jul15_1/71-20190709132030-snapshot.jpg
4,1,20190709,132200,55,5,1108,612,1159,647,Jul15_1/71-20190709132200-snapshot.jpg
4,1,20190709,132300,76,5,1079,806,1123,860,Jul15_1/71-20190709132300-snapshot.jpg
4,1,20190709,132330,43,6,1016,817,1073,859,Jul15_1/71-20190709132330-snapshot.jpg
4,1,20190709,132400,65,2,873,1023,948,1080,Jul15_1/71-20190709132400-snapshot.jpg
4,1,20190709,132400,70,6,196,232,253,294,Jul15_1/71-20190709132400-snapshot.jpg
4,1,20190709,132400,81,6,1345,63,1414,122,Jul15_1/71-20190709132400-snapshot.jpg
4,1,20190709,132430,54,6,304,207,371,270,Jul15_1/71-20190709132430-snapshot.jpg
4,1,20190709,132430,69,5,1249,23,1294,59,Jul15_1/71-20190709132430-snapshot.jpg
4,1,20190709,132500,26,2,487,769,539,823,Jul15_1/71-20190709132500-snapshot.jpg
4,1,20190709,132500,42,5,489,770,539,822,Jul15_1/71-20190709132500-snapshot.jpg
4,1,20190709,132500,44,5,404,561,441,588,Jul15_1/71-20190709132500-snapshot.jpg
4,1,20190709,132500,69,6,1233,482,1291,524,Jul15_1/71-20190709132500-snapshot.jpg
4,1,20190709,132530,61,1,1631,559,1672,595,Jul15_1/71-20190709132530-snapshot.jpg
4,1,20190709,132600,76,2,732,886,810,950,Jul15_1/71-20190709132600-snapshot.jpg
4,1,20190709,132600,77,2,1171,952,1256,1031,Jul15_1/71-20190709132600-snapshot.jpg
4,1,20190709,132600,84,1,1374,303,1413,338,Jul15_1/71-20190709132600-snapshot.jpg
4,1,20190709,132630,34,6,745,877,828,933,Jul15_1/71-20190709132630-snapshot.jpg
4,1,20190709,132630,41,5,70,39,119,89,Jul15_1/71-20190709132630-snapshot.jpg
4,1,20190709,132630,44,2,745,877,830,937,Jul15_1/71-20190709132630-snapshot.jpg
4,1,20190709,132630,76,6,1055,497,1121,559,Jul15_1/71-20190709132630-snapshot.jpg
4,1,20190709,132700,60,5,147,99,199,139,Jul15_1/71-20190709132700-snapshot.jpg
4,1,20190709,132700,76,2,1550,178,1604,242,Jul15_1/71-20190709132700-snapshot.jpg
4,1,20190709,132730,36,5,811,722,853,753,Jul15_1/71-20190709132730-snapshot.jpg
4,1,20190709,132800,64,6,1299,770,1372,830,Jul15_1/71-20190709132800-snapshot.jpg
4,1,20190709,132830,72,5,395,581,440,620,Jul15_1/71-20190709132830-snapshot.jpg
4,1,20190709,132900,51,2,1564,166,1614,229,Jul15_1/71-20190709132900-snapshot.jpg
4,1,20190709,132900,70,5,1221,171,1263,208,Jul15_1/71-20190709132900-snapshot.jpg
4,1,20190709,132930,53,5,819,718,866,750,Jul15_1/71-20190709132930-snapshot.jpg
4,1,20190709,132930,65,6,1268,553,1326,608,Jul15_1/71-20190709132930-snapshot.jpg
4,1,20190709,132930,68,5,1076,285,1119,330,Jul15_1/71-20190709132930-snapshot.jpg
4,1,20190709,133130,45,6,1011,773,1075,818,Jul15_1/71-20190709133130-snapshot.jpg
4,1,20190709,133130,47,2,50,981,103,1044,Jul15_1/71-20190709133130-snapshot.jpg
4,1,20190709,133130,61,5,1009,436,1052,477,Jul15_1/71-20190709133130-snapshot.jpg
4,1,20190709,133200,76,5,918,679,970,709,Jul15_1/71-20190709133200-snapshot.jpg
4,1,20190709,133230,48,5,1149,275,1190,320,Jul15_1/71-20190709133230-snapshot.jpg
4,1,20190709,133230,64,5,65,757,110,807,Jul15_1/71-20190709133230-snapshot.jpg
4,1,20190709,133230,74,5,1261,501,1302,549,Jul15_1/71-20190709133230-snapshot.jpg
4,1,20190709,133300,43,6,1267,746,1321,790,Jul15_1/71-20190709133300-snapshot.jpg
4,1,20190709,133300,45,5,1268,749,1316,788,Jul15_1/71-20190709133300-snapshot.jpg
4,1,20190709,133330,49,5,1278,810,1323,844,Jul15_1/71-20190709133330-snapshot.jpg
4,1,20190709,133330,57,6,1061,534,1129,583,Jul15_1/71-20190709133330-snapshot.jpg
4,1,20190709,133400,32,2,532,766,590,823,Jul15_1/71-20190709133400-snapshot.jpg
4,1,20190709,133400,73,5,997,764,1042,798,Jul15_1/71-20190709133400-snapshot.jpg
4,1,20190709,133400,78,5,582,281,635,320,Jul15_1/71-20190709133400-snapshot.jpg
4,1,20190709,133400,81,6,1341,323,1392,388,Jul15_1/71-20190709133400-snapshot.jpg
4,1,20190709,133400,83,6,1375,510,1456,579,Jul15_1/71-20190709133400-snapshot.jpg
4,1,20190709,133430,50,5,1040,659,1078,696,Jul15_1/71-20190709133430-snapshot.jpg
4,1,20190709,133500,51,5,1841,109,1887,156,Jul15_1/71-20190709133500-snapshot.jpg
4,1,20190709,133500,64,5,529,262,578,297,Jul15_1/71-20190709133500-snapshot.jpg
4,1,20190709,133600,30,5,1676,247,1724,285,Jul15_1/71-20190709133600-snapshot.jpg
4,1,20190709,133600,74,5,1091,611,1139,652,Jul15_1/71-20190709133600-snapshot.jpg
4,1,20190709,133630,85,6,1270,46,1324,112,Jul15_1/71-20190709133630-snapshot.jpg
4,1,20190709,133700,57,5,279,217,328,258,Jul15_1/71-20190709133700-snapshot.jpg
4,1,20190709,133730,46,5,1008,592,1047,631,Jul15_1/71-20190709133730-snapshot.jpg
4,1,20190709,133730,70,5,886,511,933,548,Jul15_1/71-20190709133730-snapshot.jpg
4,1,20190709,133800,72,5,266,132,312,175,Jul15_1/71-20190709133800-snapshot.jpg
4,1,20190709,133800,85,6,1353,516,1439,588,Jul15_1/71-20190709133800-snapshot.jpg
4,1,20190709,133830,26,6,598,389,650,432,Jul15_1/71-20190709133830-snapshot.jpg
4,1,20190709,133830,30,5,598,389,649,432,Jul15_1/71-20190709133830-snapshot.jpg
4,1,20190709,133930,26,6,1096,545,1143,601,Jul15_1/71-20190709133930-snapshot.jpg
4,1,20190709,133930,45,5,1096,546,1140,599,Jul15_1/71-20190709133930-snapshot.jpg
4,1,20190709,134000,40,5,1111,541,1153,590,Jul15_1/71-20190709134000-snapshot.jpg
4,1,20190709,134000,63,6,1333,782,1406,833,Jul15_1/71-20190709134000-snapshot.jpg
4,1,20190709,134100,66,6,565,315,612,359,Jul15_1/71-20190709134100-snapshot.jpg
4,1,20190709,134130,59,6,297,196,363,241,Jul15_1/71-20190709134130-snapshot.jpg
4,1,20190709,134230,49,5,778,78,823,111,Jul15_1/71-20190709134230-snapshot.jpg
4,1,20190709,134230,75,5,882,469,923,516,Jul15_1/71-20190709134230-snapshot.jpg
4,1,20190709,134300,66,5,1078,623,1119,665,Jul15_1/71-20190709134300-snapshot.jpg
4,1,20190709,134330,45,5,1297,401,1350,438,Jul15_1/71-20190709134330-snapshot.jpg
4,1,20190709,134330,47,6,1296,401,1351,438,Jul15_1/71-20190709134330-snapshot.jpg
4,1,20190709,134330,47,6,925,890,985,939,Jul15_1/71-20190709134330-snapshot.jpg
4,1,20190709,134330,48,6,1307,780,1384,842,Jul15_1/71-20190709134330-snapshot.jpg
4,1,20190709,134330,78,1,816,800,857,837,Jul15_1/71-20190709134330-snapshot.jpg
4,1,20190709,134400,74,2,1072,552,1124,608,Jul15_1/71-20190709134400-snapshot.jpg
4,1,20190709,134400,75,5,1074,282,1125,329,Jul15_1/71-20190709134400-snapshot.jpg
4,1,20190709,134430,37,6,0,959,50,1003,Jul15_1/71-20190709134430-snapshot.jpg
4,1,20190709,134430,69,6,503,341,551,394,Jul15_1/71-20190709134430-snapshot.jpg
4,1,20190709,134430,77,5,437,584,472,628,Jul15_1/71-20190709134430-snapshot.jpg
4,1,20190709,134430,78,2,865,1033,943,1080,Jul15_1/71-20190709134430-snapshot.jpg
4,1,20190709,134500,69,6,863,664,919,706,Jul15_1/71-20190709134500-snapshot.jpg
4,1,20190709,134600,67,5,580,286,617,325,Jul15_1/71-20190709134600-snapshot.jpg
4,1,20190709,134700,53,5,237,725,273,770,Jul15_1/71-20190709134700-snapshot.jpg
4,1,20190709,134700,70,5,1327,444,1371,491,Jul15_1/71-20190709134700-snapshot.jpg
4,1,20190709,134730,46,5,20,988,64,1036,Jul15_1/71-20190709134730-snapshot.jpg
4,1,20190709,134830,75,5,1200,263,1250,306,Jul15_1/71-20190709134830-snapshot.jpg
4,1,20190709,134900,38,5,907,1009,962,1056,Jul15_1/71-20190709134900-snapshot.jpg
4,1,20190709,134900,41,2,909,1006,964,1057,Jul15_1/71-20190709134900-snapshot.jpg
4,1,20190709,134930,59,5,964,736,998,777,Jul15_1/71-20190709134930-snapshot.jpg
4,1,20190709,135000,39,5,1028,781,1065,824,Jul15_1/71-20190709135000-snapshot.jpg
4,1,20190709,135200,45,6,1402,510,1486,575,Jul15_1/71-20190709135200-snapshot.jpg
4,1,20190709,135230,40,5,84,345,134,377,Jul15_1/71-20190709135230-snapshot.jpg
4,1,20190709,135330,41,6,1295,206,1352,242,Jul15_1/71-20190709135330-snapshot.jpg
4,1,20190709,135330,57,5,1295,207,1350,242,Jul15_1/71-20190709135330-snapshot.jpg
4,1,20190709,135400,75,6,1278,966,1366,1035,Jul15_1/71-20190709135400-snapshot.jpg
4,1,20190709,135400,75,5,1251,250,1297,294,Jul15_1/71-20190709135400-snapshot.jpg
4,1,20190709,135430,36,5,1140,658,1174,701,Jul15_1/71-20190709135430-snapshot.jpg
4,1,20190709,135530,32,5,1139,657,1173,700,Jul15_1/71-20190709135530-snapshot.jpg
4,1,20190709,135600,64,6,51,922,137,989,Jul15_1/71-20190709135600-snapshot.jpg
4,1,20190709,135600,73,5,827,589,870,630,Jul15_1/71-20190709135600-snapshot.jpg
4,1,20190709,135630,34,5,1139,657,1173,701,Jul15_1/71-20190709135630-snapshot.jpg
4,1,20190709,135700,56,6,52,948,137,1002,Jul15_1/71-20190709135700-snapshot.jpg
4,1,20190709,135730,37,5,1140,657,1174,699,Jul15_1/71-20190709135730-snapshot.jpg
4,1,20190709,135730,44,5,1161,624,1199,662,Jul15_1/71-20190709135730-snapshot.jpg
4,1,20190709,135730,53,5,865,709,910,748,Jul15_1/71-20190709135730-snapshot.jpg
4,1,20190709,135730,61,5,87,826,128,869,Jul15_1/71-20190709135730-snapshot.jpg
4,1,20190709,135800,32,6,1409,507,1489,576,Jul15_1/71-20190709135800-snapshot.jpg
4,1,20190709,135830,70,5,1002,799,1039,842,Jul15_1/71-20190709135830-snapshot.jpg
4,1,20190709,135900,46,5,1206,938,1254,992,Jul15_1/71-20190709135900-snapshot.jpg
4,1,20190709,135900,54,2,1206,938,1254,995,Jul15_1/71-20190709135900-snapshot.jpg
4,1,20190709,135900,66,5,421,568,467,599,Jul15_1/71-20190709135900-snapshot.jpg
4,1,20190709,135930,36,5,2,999,53,1034,Jul15_1/71-20190709135930-snapshot.jpg
4,1,20190709,135930,67,5,639,334,683,383,Jul15_1/71-20190709135930-snapshot.jpg
4,1,20190709,140030,41,6,176,49,263,113,Jul15_1/71-20190709140030-snapshot.jpg
4,1,20190709,140100,29,6,1410,507,1487,576,Jul15_1/71-20190709140100-snapshot.jpg
4,1,20190709,140100,71,5,196,6,246,49,Jul15_1/71-20190709140100-snapshot.jpg
4,1,20190709,140100,79,6,1333,50,1414,102,Jul15_1/71-20190709140100-snapshot.jpg
4,1,20190709,140130,34,6,1410,511,1487,578,Jul15_1/71-20190709140130-snapshot.jpg
4,1,20190709,140230,42,6,1407,507,1486,577,Jul15_1/71-20190709140230-snapshot.jpg
4,1,20190709,140230,45,6,962,529,1006,578,Jul15_1/71-20190709140230-snapshot.jpg
4,1,20190709,140230,50,5,962,530,1004,578,Jul15_1/71-20190709140230-snapshot.jpg
4,1,20190709,140230,58,5,1316,778,1364,812,Jul15_1/71-20190709140230-snapshot.jpg
4,1,20190709,140300,50,6,1112,538,1174,598,Jul15_1/71-20190709140300-snapshot.jpg
4,1,20190709,140330,74,5,392,565,431,606,Jul15_1/71-20190709140330-snapshot.jpg
4,1,20190709,140400,47,5,337,913,378,956,Jul15_1/71-20190709140400-snapshot.jpg
4,1,20190709,140400,61,6,1410,510,1493,574,Jul15_1/71-20190709140400-snapshot.jpg
4,1,20190709,140500,33,6,995,407,1039,447,Jul15_1/71-20190709140500-snapshot.jpg
4,1,20190709,140500,68,5,614,336,654,377,Jul15_1/71-20190709140500-snapshot.jpg
4,1,20190709,140600,37,2,935,976,1013,1044,Jul15_1/71-20190709140600-snapshot.jpg
4,1,20190709,140600,50,5,1131,542,1173,583,Jul15_1/71-20190709140600-snapshot.jpg
4,1,20190709,140830,34,6,1088,651,1141,691,Jul15_1/71-20190709140830-snapshot.jpg
4,1,20190709,140900,40,6,1041,687,1110,737,Jul15_1/71-20190709140900-snapshot.jpg
4,1,20190709,140930,33,6,1047,686,1096,727,Jul15_1/71-20190709140930-snapshot.jpg
4,1,20190709,140930,37,5,1048,685,1096,725,Jul15_1/71-20190709140930-snapshot.jpg
4,1,20190709,141000,37,5,1245,488,1286,529,Jul15_1/71-20190709141000-snapshot.jpg
4,1,20190709,141030,52,5,1138,294,1188,335,Jul15_1/71-20190709141030-snapshot.jpg
4,1,20190709,141130,86,1,547,682,586,714,Jul15_1/71-20190709141130-snapshot.jpg
4,1,20190709,141200,82,1,546,714,584,747,Jul15_1/71-20190709141200-snapshot.jpg
4,1,20190709,141230,71,5,1528,191,1571,242,Jul15_1/71-20190709141230-snapshot.jpg
4,1,20190709,141230,85,1,547,713,584,746,Jul15_1/71-20190709141230-snapshot.jpg
4,1,20190709,141300,30,5,587,394,627,434,Jul15_1/71-20190709141300-snapshot.jpg
4,1,20190709,141400,78,5,380,573,426,615,Jul15_1/71-20190709141400-snapshot.jpg
4,1,20190709,141530,73,2,738,882,813,943,Jul15_1/71-20190709141530-snapshot.jpg
4,1,20190709,141700,65,5,1197,602,1237,646,Jul15_1/71-20190709141700-snapshot.jpg
4,1,20190709,141700,71,6,665,921,735,986,Jul15_1/71-20190709141700-snapshot.jpg
4,1,20190709,141800,28,6,952,967,1034,1028,Jul15_1/71-20190709141800-snapshot.jpg
4,1,20190709,141800,35,5,1502,149,1549,185,Jul15_1/71-20190709141800-snapshot.jpg
4,1,20190709,141830,72,5,1361,0,1408,31,Jul15_1/71-20190709141830-snapshot.jpg
4,1,20190709,142000,74,2,837,789,920,866,Jul15_1/71-20190709142000-snapshot.jpg
4,1,20190709,142030,77,5,46,1016,88,1054,Jul15_1/71-20190709142030-snapshot.jpg
4,1,20190709,142100,52,6,1074,691,1130,732,Jul15_1/71-20190709142100-snapshot.jpg
4,1,20190709,142100,66,6,692,931,759,997,Jul15_1/71-20190709142100-snapshot.jpg
4,1,20190709,142130,43,5,1338,389,1382,426,Jul15_1/71-20190709142130-snapshot.jpg
4,1,20190709,142130,65,5,628,306,673,344,Jul15_1/71-20190709142130-snapshot.jpg
4,1,20190709,142200,64,5,393,545,427,583,Jul15_1/71-20190709142200-snapshot.jpg
4,1,20190709,142230,64,5,440,734,481,779,Jul15_1/71-20190709142230-snapshot.jpg
4,1,20190709,142230,74,5,1185,88,1235,125,Jul15_1/71-20190709142230-snapshot.jpg
4,1,20190709,142230,76,5,1363,69,1415,126,Jul15_1/71-20190709142230-snapshot.jpg
4,1,20190709,142430,83,5,1245,504,1286,556,Jul15_1/71-20190709142430-snapshot.jpg
4,1,20190709,142500,27,6,1333,776,1391,827,Jul15_1/71-20190709142500-snapshot.jpg
4,1,20190709,142530,60,5,301,210,352,247,Jul15_1/71-20190709142530-snapshot.jpg
4,1,20190709,142600,78,5,79,818,124,864,Jul15_1/71-20190709142600-snapshot.jpg
4,1,20190709,142600,81,6,310,192,387,275,Jul15_1/71-20190709142600-snapshot.jpg
4,1,20190709,142630,49,5,622,269,669,302,Jul15_1/71-20190709142630-snapshot.jpg
4,1,20190709,142700,26,6,1057,693,1113,742,Jul15_1/71-20190709142700-snapshot.jpg
4,1,20190709,142700,33,1,559,694,592,721,Jul15_1/71-20190709142700-snapshot.jpg
4,1,20190709,142800,46,5,1311,414,1359,456,Jul15_1/71-20190709142800-snapshot.jpg
4,1,20190709,142830,68,5,1306,506,1354,551,Jul15_1/71-20190709142830-snapshot.jpg
4,1,20190709,142830,75,5,1,347,54,385,Jul15_1/71-20190709142830-snapshot.jpg
4,1,20190709,142900,31,6,267,33,314,92,Jul15_1/71-20190709142900-snapshot.jpg
4,1,20190709,142900,73,5,1375,360,1423,403,Jul15_1/71-20190709142900-snapshot.jpg
4,1,20190709,142930,38,5,1477,27,1519,70,Jul15_1/71-20190709142930-snapshot.jpg
4,1,20190709,142930,54,5,72,756,126,795,Jul15_1/71-20190709142930-snapshot.jpg
4,1,20190709,142930,68,5,1196,193,1245,233,Jul15_1/71-20190709142930-snapshot.jpg
4,1,20190709,142930,79,5,1038,597,1080,646,Jul15_1/71-20190709142930-snapshot.jpg
4,1,20190709,143000,33,6,927,890,991,942,Jul15_1/71-20190709143000-snapshot.jpg
4,1,20190709,143100,60,5,1574,107,1619,161,Jul15_1/71-20190709143100-snapshot.jpg
4,1,20190709,143100,86,1,549,468,584,499,Jul15_1/71-20190709143100-snapshot.jpg
4,1,20190709,143130,77,5,1270,40,1321,90,Jul15_1/71-20190709143130-snapshot.jpg
4,1,20190709,143200,58,6,55,931,110,991,Jul15_1/71-20190709143200-snapshot.jpg
4,1,20190709,143200,80,1,1162,889,1202,925,Jul15_1/71-20190709143200-snapshot.jpg
4,1,20190709,143230,42,6,46,917,97,975,Jul15_1/71-20190709143230-snapshot.jpg
4,1,20190709,143300,64,5,1,788,46,837,Jul15_1/71-20190709143300-snapshot.jpg
4,1,20190709,143330,27,6,0,688,40,737,Jul15_1/71-20190709143330-snapshot.jpg
4,1,20190709,143430,67,5,291,219,338,271,Jul15_1/71-20190709143430-snapshot.jpg
4,1,20190709,143500,70,5,594,812,637,859,Jul15_1/71-20190709143500-snapshot.jpg
4,1,20190709,143530,81,6,1239,509,1306,555,Jul15_1/71-20190709143530-snapshot.jpg
4,1,20190709,143600,32,6,759,956,824,1012,Jul15_1/71-20190709143600-snapshot.jpg
4,1,20190709,143600,87,1,820,191,862,227,Jul15_1/71-20190709143600-snapshot.jpg
4,1,20190709,143630,38,5,1268,452,1310,493,Jul15_1/71-20190709143630-snapshot.jpg
4,1,20190709,143630,70,5,881,797,927,835,Jul15_1/71-20190709143630-snapshot.jpg
4,1,20190709,143700,48,6,951,938,1024,1000,Jul15_1/71-20190709143700-snapshot.jpg
4,1,20190709,143700,87,1,527,67,572,111,Jul15_1/71-20190709143700-snapshot.jpg
4,1,20190709,143830,72,5,209,91,259,144,Jul15_1/71-20190709143830-snapshot.jpg
4,1,20190709,144400,31,5,33,808,79,851,Jul15_1/71-20190709144400-snapshot.jpg
4,1,20190709,144500,30,2,730,882,809,949,Jul15_1/71-20190709144500-snapshot.jpg
4,1,20190709,144600,46,5,938,665,979,699,Jul15_1/71-20190709144600-snapshot.jpg
4,1,20190709,144630,31,5,1195,1034,1245,1077,Jul15_1/71-20190709144630-snapshot.jpg
4,1,20190709,144630,33,2,1194,1032,1245,1078,Jul15_1/71-20190709144630-snapshot.jpg
4,1,20190709,144700,67,5,893,504,939,536,Jul15_1/71-20190709144700-snapshot.jpg
4,1,20190709,144800,50,5,843,568,875,606,Jul15_1/71-20190709144800-snapshot.jpg
4,1,20190709,144800,56,6,939,878,1014,933,Jul15_1/71-20190709144800-snapshot.jpg
4,1,20190709,144800,61,2,1196,954,1243,1017,Jul15_1/71-20190709144800-snapshot.jpg
4,1,20190709,144800,62,5,1197,957,1243,1014,Jul15_1/71-20190709144800-snapshot.jpg
4,1,20190709,144830,54,5,145,616,195,651,Jul15_1/71-20190709144830-snapshot.jpg
4,1,20190709,144830,74,5,945,563,983,599,Jul15_1/71-20190709144830-snapshot.jpg
4,1,20190709,144900,33,6,751,803,805,861,Jul15_1/71-20190709144900-snapshot.jpg
4,1,20190709,144930,62,6,812,930,876,993,Jul15_1/71-20190709144930-snapshot.jpg
4,1,20190709,145000,65,5,973,452,1015,490,Jul15_1/71-20190709145000-snapshot.jpg
4,1,20190709,145030,71,5,1071,695,1108,738,Jul15_1/71-20190709145030-snapshot.jpg
4,1,20190709,145100,66,5,893,765,933,811,Jul15_1/71-20190709145100-snapshot.jpg
4,1,20190709,145230,49,5,462,683,511,724,Jul15_1/71-20190709145230-snapshot.jpg
4,1,20190709,145230,51,5,1035,416,1073,459,Jul15_1/71-20190709145230-snapshot.jpg
4,1,20190709,145230,69,5,1243,51,1287,90,Jul15_1/71-20190709145230-snapshot.jpg
4,1,20190709,145330,69,5,978,482,1020,526,Jul15_1/71-20190709145330-snapshot.jpg
4,1,20190709,145400,42,5,896,197,945,243,Jul15_1/71-20190709145400-snapshot.jpg
4,1,20190709,145400,75,5,1094,535,1137,580,Jul15_1/71-20190709145400-snapshot.jpg
4,1,20190709,145500,74,5,1371,424,1415,473,Jul15_1/71-20190709145500-snapshot.jpg
4,1,20190709,145500,80,5,934,595,973,639,Jul15_1/71-20190709145500-snapshot.jpg
4,1,20190709,145530,52,5,1339,310,1381,365,Jul15_1/71-20190709145530-snapshot.jpg
4,1,20190709,145530,77,5,946,503,996,540,Jul15_1/71-20190709145530-snapshot.jpg
4,1,20190709,145630,80,5,1146,356,1188,393,Jul15_1/71-20190709145630-snapshot.jpg
4,1,20190709,145700,77,5,350,249,392,301,Jul15_1/71-20190709145700-snapshot.jpg
4,1,20190709,145700,78,5,1105,260,1152,304,Jul15_1/71-20190709145700-snapshot.jpg
4,1,20190709,145730,76,5,1050,236,1099,283,Jul15_1/71-20190709145730-snapshot.jpg
4,1,20190709,145800,66,5,1064,656,1108,696,Jul15_1/71-20190709145800-snapshot.jpg
4,1,20190709,145800,77,5,1161,326,1204,369,Jul15_1/71-20190709145800-snapshot.jpg
4,1,20190709,145830,73,5,1027,387,1067,425,Jul15_1/71-20190709145830-snapshot.jpg
4,1,20190709,145830,77,5,879,701,928,743,Jul15_1/71-20190709145830-snapshot.jpg
4,1,20190709,145830,80,5,1309,292,1346,340,Jul15_1/71-20190709145830-snapshot.jpg
4,1,20190709,145930,57,6,672,898,754,959,Jul15_1/71-20190709145930-snapshot.jpg
4,1,20190709,145930,74,5,295,219,342,265,Jul15_1/71-20190709145930-snapshot.jpg
4,1,20190709,150000,39,2,475,777,535,840,Jul15_1/71-20190709150000-snapshot.jpg
4,1,20190709,150030,54,5,398,664,446,716,Jul15_1/71-20190709150030-snapshot.jpg
4,1,20190709,150030,67,5,1354,351,1394,386,Jul15_1/71-20190709150030-snapshot.jpg
4,1,20190709,150100,65,6,253,102,301,159,Jul15_1/71-20190709150100-snapshot.jpg
4,1,20190709,150130,28,5,335,192,383,235,Jul15_1/71-20190709150130-snapshot.jpg
4,1,20190709,150130,64,6,998,810,1058,862,Jul15_1/71-20190709150130-snapshot.jpg
4,1,20190709,150130,81,5,1206,269,1259,330,Jul15_1/71-20190709150130-snapshot.jpg
4,1,20190709,150200,33,2,926,806,993,858,Jul15_1/71-20190709150200-snapshot.jpg
4,1,20190709,150200,44,6,928,806,993,857,Jul15_1/71-20190709150200-snapshot.jpg
4,1,20190709,150200,60,5,1029,457,1073,509,Jul15_1/71-20190709150200-snapshot.jpg
4,1,20190709,150230,58,1,1365,820,1401,853,Jul15_1/71-20190709150230-snapshot.jpg
4,1,20190709,150400,76,5,269,157,313,204,Jul15_1/71-20190709150400-snapshot.jpg
4,1,20190709,150500,37,6,297,218,348,278,Jul15_1/71-20190709150500-snapshot.jpg
4,1,20190709,150530,59,6,10,393,94,442,Jul15_1/71-20190709150530-snapshot.jpg
4,1,20190709,150530,76,5,574,343,609,389,Jul15_1/71-20190709150530-snapshot.jpg
4,1,20190709,150600,55,6,524,778,593,825,Jul15_1/71-20190709150600-snapshot.jpg
4,1,20190709,150600,57,6,1094,897,1167,966,Jul15_1/71-20190709150600-snapshot.jpg
4,1,20190709,150630,33,5,1040,800,1078,840,Jul15_1/71-20190709150630-snapshot.jpg
4,1,20190709,150630,58,5,904,107,941,143,Jul15_1/71-20190709150630-snapshot.jpg
4,1,20190709,150700,35,2,1051,511,1114,572,Jul15_1/71-20190709150700-snapshot.jpg
4,1,20190709,150700,53,6,1050,510,1114,569,Jul15_1/71-20190709150700-snapshot.jpg
4,1,20190709,150700,67,6,107,588,157,641,Jul15_1/71-20190709150700-snapshot.jpg
4,1,20190709,150730,73,5,1247,56,1294,110,Jul15_1/71-20190709150730-snapshot.jpg
4,1,20190709,151030,33,6,1863,512,1919,556,Jul15_1/71-20190709151030-snapshot.jpg
4,1,20190709,151100,60,5,921,525,958,569,Jul15_1/71-20190709151100-snapshot.jpg
4,1,20190709,151130,57,5,1249,388,1295,422,Jul15_1/71-20190709151130-snapshot.jpg
4,1,20190709,151130,79,2,388,604,443,668,Jul15_1/71-20190709151130-snapshot.jpg
4,1,20190709,151200,25,5,1322,249,1362,294,Jul15_1/71-20190709151200-snapshot.jpg
4,1,20190709,151230,27,6,1303,148,1349,195,Jul15_1/71-20190709151230-snapshot.jpg
4,1,20190709,151230,33,6,1509,184,1562,246,Jul15_1/71-20190709151230-snapshot.jpg
4,1,20190709,151230,77,2,346,688,427,752,Jul15_1/71-20190709151230-snapshot.jpg
4,1,20190709,151300,80,2,328,651,402,698,Jul15_1/71-20190709151300-snapshot.jpg
4,1,20190709,151330,80,2,299,216,376,272,Jul15_1/71-20190709151330-snapshot.jpg
4,1,20190709,151400,60,5,79,792,121,838,Jul15_1/71-20190709151400-snapshot.jpg
4,1,20190709,151430,68,5,86,780,152,815,Jul15_1/71-20190709151430-snapshot.jpg
4,1,20190709,151500,55,5,301,214,350,247,Jul15_1/71-20190709151500-snapshot.jpg
4,1,20190709,151600,38,5,1071,693,1110,735,Jul15_1/71-20190709151600-snapshot.jpg
4,1,20190709,151600,44,6,1068,692,1110,737,Jul15_1/71-20190709151600-snapshot.jpg
4,1,20190709,151600,68,5,225,675,265,718,Jul15_1/71-20190709151600-snapshot.jpg
4,1,20190709,151630,27,6,9,943,67,986,Jul15_1/71-20190709151630-snapshot.jpg
4,1,20190709,151630,36,6,982,708,1046,753,Jul15_1/71-20190709151630-snapshot.jpg
4,1,20190709,151630,38,5,1806,7,1851,41,Jul15_1/71-20190709151630-snapshot.jpg
4,1,20190709,151630,38,5,11,943,65,987,Jul15_1/71-20190709151630-snapshot.jpg
4,1,20190709,151700,28,2,1198,1041,1245,1080,Jul15_1/71-20190709151700-snapshot.jpg
4,1,20190709,151700,37,5,1200,1043,1245,1080,Jul15_1/71-20190709151700-snapshot.jpg
4,1,20190709,151730,57,5,915,626,959,658,Jul15_1/71-20190709151730-snapshot.jpg
4,1,20190709,151800,75,5,1112,269,1158,307,Jul15_1/71-20190709151800-snapshot.jpg
4,1,20190709,151830,50,5,1259,168,1307,203,Jul15_1/71-20190709151830-snapshot.jpg
4,1,20190709,151830,69,5,1321,441,1368,493,Jul15_1/71-20190709151830-snapshot.jpg
4,1,20190709,151930,55,2,751,893,800,938,Jul15_1/71-20190709151930-snapshot.jpg
4,1,20190709,152330,36,6,15,898,102,966,Jul15_1/71-20190709152330-snapshot.jpg
4,1,20190709,152400,66,5,1323,785,1369,836,Jul15_1/71-20190709152400-snapshot.jpg
4,1,20190709,152430,73,5,312,162,355,208,Jul15_1/71-20190709152430-snapshot.jpg
4,1,20190709,152500,31,6,36,895,100,960,Jul15_1/71-20190709152500-snapshot.jpg
4,1,20190709,152900,27,1,947,376,985,412,Jul15_1/71-20190709152900-snapshot.jpg
4,1,20190709,153200,58,5,520,355,561,389,Jul15_1/71-20190709153200-snapshot.jpg
4,1,20190709,153230,54,6,131,854,212,920,Jul15_1/71-20190709153230-snapshot.jpg
4,1,20190709,153230,57,5,1038,320,1085,356,Jul15_1/71-20190709153230-snapshot.jpg
4,1,20190709,153300,71,6,1063,506,1117,561,Jul15_1/71-20190709153300-snapshot.jpg
4,1,20190709,153300,75,5,595,266,638,310,Jul15_1/71-20190709153300-snapshot.jpg
4,1,20190709,153330,32,5,1087,302,1124,348,Jul15_1/71-20190709153330-snapshot.jpg
4,1,20190709,153330,80,5,1096,719,1130,765,Jul15_1/71-20190709153330-snapshot.jpg
4,1,20190709,153400,58,5,1113,799,1155,836,Jul15_1/71-20190709153400-snapshot.jpg
4,1,20190709,153400,71,6,1308,213,1354,269,Jul15_1/71-20190709153400-snapshot.jpg
4,1,20190709,153430,57,5,1825,39,1873,95,Jul15_1/71-20190709153430-snapshot.jpg
4,1,20190709,153500,74,5,1284,345,1325,386,Jul15_1/71-20190709153500-snapshot.jpg
4,1,20190709,153600,41,5,1146,362,1187,407,Jul15_1/71-20190709153600-snapshot.jpg
4,1,20190709,153600,47,2,876,1031,950,1080,Jul15_1/71-20190709153600-snapshot.jpg
4,1,20190709,153630,47,6,1088,374,1138,424,Jul15_1/71-20190709153630-snapshot.jpg
4,1,20190709,153700,30,8,369,553,411,599,Jul15_1/71-20190709153700-snapshot.jpg
4,1,20190709,153700,32,6,806,971,887,1033,Jul15_1/71-20190709153700-snapshot.jpg
4,1,20190709,153700,50,6,1121,373,1169,414,Jul15_1/71-20190709153700-snapshot.jpg
4,1,20190709,153800,77,5,1003,453,1044,502,Jul15_1/71-20190709153800-snapshot.jpg
4,1,20190709,153830,32,5,882,517,923,564,Jul15_1/71-20190709153830-snapshot.jpg
4,1,20190709,153830,34,6,881,517,925,565,Jul15_1/71-20190709153830-snapshot.jpg
4,1,20190709,153930,79,5,1047,798,1087,842,Jul15_1/71-20190709153930-snapshot.jpg
4,1,20190709,154100,58,6,152,822,225,883,Jul15_1/71-20190709154100-snapshot.jpg
4,1,20190709,154130,33,5,8,849,68,890,Jul15_1/71-20190709154130-snapshot.jpg
4,1,20190709,154130,42,6,6,849,69,889,Jul15_1/71-20190709154130-snapshot.jpg
4,1,20190709,154500,36,5,1333,280,1379,328,Jul15_1/71-20190709154500-snapshot.jpg
4,1,20190709,154600,64,5,1355,66,1406,118,Jul15_1/71-20190709154600-snapshot.jpg
4,1,20190709,154630,76,5,821,626,868,659,Jul15_1/71-20190709154630-snapshot.jpg
4,1,20190709,154700,77,5,892,202,945,262,Jul15_1/71-20190709154700-snapshot.jpg
4,1,20190709,155230,27,6,918,728,975,772,Jul15_1/71-20190709155230-snapshot.jpg
4,1,20190709,155430,81,5,912,502,953,546,Jul15_1/71-20190709155430-snapshot.jpg
4,1,20190709,160330,30,6,1036,887,1107,938,Jul15_1/71-20190709160330-snapshot.jpg
4,1,20190709,160400,63,6,1009,897,1076,957,Jul15_1/71-20190709160400-snapshot.jpg
4,1,20190709,160500,26,5,1109,803,1154,840,Jul15_1/71-20190709160500-snapshot.jpg
4,1,20190709,160500,32,6,1046,500,1115,559,Jul15_1/71-20190709160500-snapshot.jpg
4,1,20190709,160530,75,2,1205,952,1264,1020,Jul15_1/71-20190709160530-snapshot.jpg
4,1,20190709,161800,39,6,1244,377,1299,425,Jul15_1/71-20190709161800-snapshot.jpg
4,1,20190709,162330,79,6,134,858,210,917,Jul15_1/71-20190709162330-snapshot.jpg
4,1,20190709,162630,43,5,200,40,240,91,Jul15_1/71-20190709162630-snapshot.jpg
4,1,20190709,162930,29,6,1302,49,1378,96,Jul15_1/71-20190709162930-snapshot.jpg
4,1,20190709,163200,69,8,375,540,420,583,Jul15_1/71-20190709163200-snapshot.jpg
4,1,20190709,164500,71,5,1274,765,1313,811,Jul15_1/71-20190709164500-snapshot.jpg
4,1,20190709,164530,29,6,1295,461,1344,512,Jul15_1/71-20190709164530-snapshot.jpg
4,1,20190709,164830,47,5,1344,65,1396,104,Jul15_1/71-20190709164830-snapshot.jpg
4,1,20190709,164900,75,5,1388,38,1433,87,Jul15_1/71-20190709164900-snapshot.jpg
4,1,20190709,165230,41,5,201,613,251,649,Jul15_1/71-20190709165230-snapshot.jpg
4,1,20190709,165330,85,8,159,462,217,540,Jul15_1/71-20190709165330-snapshot.jpg
4,1,20190709,165530,59,5,1822,37,1872,89,Jul15_1/71-20190709165530-snapshot.jpg
4,1,20190709,165730,33,1,674,422,710,455,Jul15_1/71-20190709165730-snapshot.jpg
4,1,20190709,165930,82,8,590,421,664,471,Jul15_1/71-20190709165930-snapshot.jpg
4,1,20190709,170030,65,6,1011,890,1085,947,Jul15_1/71-20190709170030-snapshot.jpg
4,1,20190709,170500,42,6,1007,846,1066,904,Jul15_1/71-20190709170500-snapshot.jpg
4,1,20190709,170530,39,6,1022,726,1094,786,Jul15_1/71-20190709170530-snapshot.jpg
4,1,20190709,170830,62,5,137,106,197,142,Jul15_1/71-20190709170830-snapshot.jpg
4,1,20190709,171700,44,6,935,737,1000,777,Jul15_1/71-20190709171700-snapshot.jpg
4,1,20190709,172000,47,5,875,722,927,759,Jul15_1/71-20190709172000-snapshot.jpg
4,1,20190709,172200,83,8,1136,124,1189,195,Jul15_1/71-20190709172200-snapshot.jpg
4,1,20190709,172300,63,6,1438,54,1496,118,Jul15_1/71-20190709172300-snapshot.jpg
4,1,20190709,172530,75,6,1208,241,1270,297,Jul15_1/71-20190709172530-snapshot.jpg
4,1,20190709,172630,54,6,1064,695,1139,747,Jul15_1/71-20190709172630-snapshot.jpg
4,1,20190709,173400,76,5,34,773,76,820,Jul15_1/71-20190709173400-snapshot.jpg
4,1,20190709,173630,37,6,239,134,281,181,Jul15_1/71-20190709173630-snapshot.jpg
4,1,20190709,173700,31,6,1206,961,1273,1027,Jul15_1/71-20190709173700-snapshot.jpg
4,1,20190709,173700,68,2,1204,961,1271,1028,Jul15_1/71-20190709173700-snapshot.jpg
4,1,20190709,173930,79,2,905,1019,968,1079,Jul15_1/71-20190709173930-snapshot.jpg
4,1,20190709,174230,62,2,827,796,914,870,Jul15_1/71-20190709174230-snapshot.jpg
4,1,20190709,174500,41,6,0,944,54,1014,Jul15_1/71-20190709174500-snapshot.jpg
4,1,20190709,174500,43,2,895,774,975,837,Jul15_1/71-20190709174500-snapshot.jpg
4,1,20190709,174600,64,5,1144,416,1180,457,Jul15_1/71-20190709174600-snapshot.jpg
4,1,20190709,174700,32,6,134,131,189,192,Jul15_1/71-20190709174700-snapshot.jpg
4,1,20190709,174700,66,2,912,991,988,1056,Jul15_1/71-20190709174700-snapshot.jpg
4,1,20190709,175030,74,6,1269,741,1321,796,Jul15_1/71-20190709175030-snapshot.jpg
4,1,20190709,175100,69,6,879,674,952,726,Jul15_1/71-20190709175100-snapshot.jpg
4,1,20190709,175200,82,6,1218,527,1273,594,Jul15_1/71-20190709175200-snapshot.jpg
4,1,20190709,175230,79,6,1074,279,1149,329,Jul15_1/71-20190709175230-snapshot.jpg
4,1,20190709,175300,68,6,453,637,519,674,Jul15_1/71-20190709175300-snapshot.jpg
4,1,20190709,175900,60,5,285,217,334,247,Jul15_1/71-20190709175900-snapshot.jpg
4,1,20190709,175900,69,6,1362,458,1416,521,Jul15_1/71-20190709175900-snapshot.jpg
4,1,20190709,175930,60,6,1413,440,1469,483,Jul15_1/71-20190709175930-snapshot.jpg
4,1,20190709,180000,82,6,1374,48,1434,119,Jul15_1/71-20190709180000-snapshot.jpg
4,1,20190709,180030,64,6,1809,30,1881,105,Jul15_1/71-20190709180030-snapshot.jpg
4,1,20190709,180130,64,1,775,386,815,421,Jul15_1/71-20190709180130-snapshot.jpg
4,1,20190709,180330,40,1,776,386,816,420,Jul15_1/71-20190709180330-snapshot.jpg
4,1,20190709,180400,62,1,776,386,816,421,Jul15_1/71-20190709180400-snapshot.jpg
4,1,20190709,180400,63,6,609,369,661,404,Jul15_1/71-20190709180400-snapshot.jpg
4,1,20190709,180430,45,5,508,357,546,396,Jul15_1/71-20190709180430-snapshot.jpg
4,1,20190709,181030,50,5,100,704,153,736,Jul15_1/71-20190709181030-snapshot.jpg
4,1,20190709,181530,39,6,1021,832,1076,867,Jul15_1/71-20190709181530-snapshot.jpg
4,1,20190709,181530,57,5,1024,833,1074,866,Jul15_1/71-20190709181530-snapshot.jpg
4,1,20190709,181630,73,1,107,902,148,935,Jul15_1/71-20190709181630-snapshot.jpg
4,1,20190709,182030,75,6,192,767,237,823,Jul15_1/71-20190709182030-snapshot.jpg
4,1,20190709,182100,71,6,74,838,123,880,Jul15_1/71-20190709182100-snapshot.jpg
4,1,20190709,182130,61,6,14,909,79,958,Jul15_1/71-20190709182130-snapshot.jpg
4,1,20190709,182200,71,6,6,928,50,981,Jul15_1/71-20190709182200-snapshot.jpg
4,1,20190709,183430,56,5,762,136,817,196,Jul15_1/71-20190709183430-snapshot.jpg
4,1,20190709,184030,32,1,206,607,247,644,Jul15_1/71-20190709184030-snapshot.jpg
4,1,20190709,184100,32,6,0,50,41,102,Jul15_1/71-20190709184100-snapshot.jpg
4,1,20190709,184100,52,1,96,590,138,627,Jul15_1/71-20190709184100-snapshot.jpg
4,1,20190709,184630,44,6,133,806,223,879,Jul15_1/71-20190709184630-snapshot.jpg
4,1,20190709,184700,32,6,71,767,163,825,Jul15_1/71-20190709184700-snapshot.jpg
4,1,20190709,184900,65,6,741,926,825,988,Jul15_1/71-20190709184900-snapshot.jpg
4,1,20190709,184930,66,6,802,955,895,1009,Jul15_1/71-20190709184930-snapshot.jpg
4,1,20190709,185000,79,6,1212,153,1269,210,Jul15_1/71-20190709185000-snapshot.jpg
4,1,20190709,185000,80,6,930,875,1009,937,Jul15_1/71-20190709185000-snapshot.jpg
4,1,20190709,185030,72,6,915,810,988,855,Jul15_1/71-20190709185030-snapshot.jpg
4,1,20190709,185030,81,6,1194,252,1256,313,Jul15_1/71-20190709185030-snapshot.jpg
4,1,20190709,185100,82,6,1089,348,1153,404,Jul15_1/71-20190709185100-snapshot.jpg
4,1,20190709,185130,72,6,1343,417,1395,478,Jul15_1/71-20190709185130-snapshot.jpg
4,1,20190709,185200,79,1,553,232,597,268,Jul15_1/71-20190709185200-snapshot.jpg
4,1,20190709,185230,67,6,923,504,998,554,Jul15_1/71-20190709185230-snapshot.jpg
4,1,20190709,185230,79,1,374,235,416,267,Jul15_1/71-20190709185230-snapshot.jpg
4,1,20190709,185330,79,6,827,626,873,681,Jul15_1/71-20190709185330-snapshot.jpg
4,1,20190709,185400,30,6,814,616,858,667,Jul15_1/71-20190709185400-snapshot.jpg
4,1,20190709,190430,76,5,1266,31,1315,85,Jul15_1/71-20190709190430-snapshot.jpg
4,1,20190709,190500,68,5,1366,11,1413,44,Jul15_1/71-20190709190500-snapshot.jpg
4,1,20190709,190530,38,6,0,964,54,1020,Jul15_1/71-20190709190530-snapshot.jpg
4,1,20190709,190630,67,5,1309,358,1350,403,Jul15_1/71-20190709190630-snapshot.jpg
4,1,20190709,190700,63,5,1295,229,1340,272,Jul15_1/71-20190709190700-snapshot.jpg
4,1,20190709,190730,44,5,1380,35,1427,84,Jul15_1/71-20190709190730-snapshot.jpg
4,1,20190709,190800,70,5,1369,14,1415,44,Jul15_1/71-20190709190800-snapshot.jpg
4,1,20190709,192000,49,5,1223,557,1261,599,Jul15_1/71-20190709192000-snapshot.jpg
4,1,20190709,192630,35,6,0,964,49,1020,Jul15_1/71-20190709192630-snapshot.jpg
4,1,20190709,192700,32,6,0,964,49,1019,Jul15_1/71-20190709192700-snapshot.jpg
4,1,20190709,192930,27,6,0,964,49,1018,Jul15_1/71-20190709192930-snapshot.jpg
4,1,20190709,195430,83,1,737,60,776,97,Jul15_1/72-20190709195430-snapshot.jpg
4,1,20190710,073030,52,6,1204,418,1268,459,Jul15_1/90-20190710073030-snapshot.jpg
4,1,20190710,074500,78,6,25,378,78,429,Jul15_1/90-20190710074500-snapshot.jpg
4,1,20190710,074630,37,6,651,963,734,1025,Jul15_1/90-20190710074630-snapshot.jpg
4,1,20190710,080600,85,1,273,711,310,740,Jul15_1/90-20190710080600-snapshot.jpg
4,1,20190710,080630,83,1,279,729,314,756,Jul15_1/90-20190710080630-snapshot.jpg
4,1,20190710,080700,86,1,266,731,304,764,Jul15_1/90-20190710080700-snapshot.jpg
4,1,20190710,080730,86,1,260,738,297,769,Jul15_1/90-20190710080730-snapshot.jpg
4,1,20190710,080800,86,1,260,738,297,771,Jul15_1/90-20190710080800-snapshot.jpg
4,1,20190710,080830,86,1,260,739,297,770,Jul15_1/90-20190710080830-snapshot.jpg
4,1,20190710,080900,85,1,262,740,298,772,Jul15_1/90-20190710080900-snapshot.jpg
4,1,20190710,081800,47,6,1219,301,1273,359,Jul15_1/90-20190710081800-snapshot.jpg
4,1,20190710,083130,29,6,1164,1057,1217,1080,Jul15_1/90-20190710083130-snapshot.jpg
4,1,20190710,083500,31,6,1254,345,1317,394,Jul15_1/90-20190710083500-snapshot.jpg
4,1,20190710,083700,46,6,1251,344,1322,396,Jul15_1/90-20190710083700-snapshot.jpg
4,1,20190710,084200,31,6,1250,345,1321,397,Jul15_1/90-20190710084200-snapshot.jpg
4,1,20190710,084500,41,6,1252,347,1318,395,Jul15_1/90-20190710084500-snapshot.jpg
4,1,20190710,084900,50,6,1254,346,1320,395,Jul15_1/90-20190710084900-snapshot.jpg
4,1,20190710,085530,37,6,1772,286,1822,347,Jul15_1/90-20190710085530-snapshot.jpg
4,1,20190710,085630,83,1,44,930,87,968,Jul15_1/90-20190710085630-snapshot.jpg
4,1,20190710,085830,38,6,1249,346,1318,398,Jul15_1/90-20190710085830-snapshot.jpg
4,1,20190710,090400,56,6,1137,369,1183,412,Jul15_1/90-20190710090400-snapshot.jpg
4,1,20190710,090430,80,1,226,779,264,814,Jul15_1/90-20190710090430-snapshot.jpg
4,1,20190710,090500,85,1,246,686,288,720,Jul15_1/90-20190710090500-snapshot.jpg
4,1,20190710,090600,81,1,189,740,230,781,Jul15_1/90-20190710090600-snapshot.jpg
4,1,20190710,090630,84,1,151,872,196,909,Jul15_1/90-20190710090630-snapshot.jpg
4,1,20190710,090930,87,1,654,19,700,63,Jul15_1/90-20190710090930-snapshot.jpg
4,1,20190710,091000,86,1,652,22,700,64,Jul15_1/90-20190710091000-snapshot.jpg
4,1,20190710,091030,83,1,660,16,705,54,Jul15_1/90-20190710091030-snapshot.jpg
4,1,20190710,091100,83,1,649,7,695,45,Jul15_1/90-20190710091100-snapshot.jpg
4,1,20190710,091130,77,1,659,13,705,52,Jul15_1/90-20190710091130-snapshot.jpg
4,1,20190710,091200,87,1,652,27,699,71,Jul15_1/90-20190710091200-snapshot.jpg
4,1,20190710,091230,86,1,654,15,702,58,Jul15_1/90-20190710091230-snapshot.jpg
4,1,20190710,091330,87,1,649,21,699,67,Jul15_1/90-20190710091330-snapshot.jpg
4,1,20190710,091530,55,6,1280,955,1357,1022,Jul15_1/90-20190710091530-snapshot.jpg
4,1,20190710,091730,63,8,252,280,336,336,Jul15_1/90-20190710091730-snapshot.jpg
4,1,20190710,091830,52,6,1572,5,1627,69,Jul15_1/90-20190710091830-snapshot.jpg
4,1,20190710,091930,78,6,1233,189,1286,239,Jul15_1/90-20190710091930-snapshot.jpg
4,1,20190710,092000,51,6,1180,324,1248,373,Jul15_1/90-20190710092000-snapshot.jpg
4,1,20190710,092030,70,6,937,547,997,590,Jul15_1/90-20190710092030-snapshot.jpg
4,1,20190710,092130,34,6,1250,343,1319,397,Jul15_1/90-20190710092130-snapshot.jpg
4,1,20190710,092830,69,5,32,356,73,406,Jul15_1/90-20190710092830-snapshot.jpg
4,1,20190710,093400,26,6,1253,347,1319,398,Jul15_1/90-20190710093400-snapshot.jpg
4,1,20190710,093500,74,8,1675,454,1729,532,Jul15_1/90-20190710093500-snapshot.jpg
4,1,20190710,093530,30,6,1251,346,1317,397,Jul15_1/90-20190710093530-snapshot.jpg
4,1,20190710,093700,34,6,457,674,537,745,Jul15_1/90-20190710093700-snapshot.jpg
4,1,20190710,093730,78,5,433,575,471,618,Jul15_1/90-20190710093730-snapshot.jpg
4,1,20190710,093900,58,5,128,397,180,458,Jul15_1/90-20190710093900-snapshot.jpg
4,1,20190710,094000,36,2,563,958,626,1026,Jul15_1/90-20190710094000-snapshot.jpg
4,1,20190710,094100,55,6,174,667,239,722,Jul15_1/90-20190710094100-snapshot.jpg
4,1,20190710,094930,84,8,648,934,726,989,Jul15_1/90-20190710094930-snapshot.jpg
4,1,20190710,095130,65,6,273,29,328,78,Jul15_1/90-20190710095130-snapshot.jpg
4,1,20190710,095200,55,6,563,302,599,352,Jul15_1/90-20190710095200-snapshot.jpg
4,1,20190710,095200,72,5,958,715,995,762,Jul15_1/90-20190710095200-snapshot.jpg
4,1,20190710,095300,58,6,1508,174,1564,241,Jul15_1/90-20190710095300-snapshot.jpg
4,1,20190710,095430,71,6,1356,367,1410,415,Jul15_1/90-20190710095430-snapshot.jpg
4,1,20190710,095930,83,8,1352,654,1423,712,Jul15_1/90-20190710095930-snapshot.jpg
4,1,20190710,100000,83,6,1308,159,1366,227,Jul15_1/90-20190710100000-snapshot.jpg
4,1,20190710,100130,79,5,227,122,276,180,Jul15_1/90-20190710100130-snapshot.jpg
4,1,20190710,100230,59,6,1255,349,1322,397,Jul15_1/90-20190710100230-snapshot.jpg
4,1,20190710,100300,63,6,1255,348,1322,396,Jul15_1/90-20190710100300-snapshot.jpg
4,1,20190710,100330,56,6,1257,349,1320,396,Jul15_1/90-20190710100330-snapshot.jpg
4,1,20190710,100400,36,5,256,0,297,36,Jul15_1/90-20190710100400-snapshot.jpg
4,1,20190710,100400,60,6,1256,349,1322,396,Jul15_1/90-20190710100400-snapshot.jpg
4,1,20190710,100430,45,6,1253,346,1323,397,Jul15_1/90-20190710100430-snapshot.jpg
4,1,20190710,100500,49,6,1250,347,1321,398,Jul15_1/90-20190710100500-snapshot.jpg
4,1,20190710,100530,46,6,1251,346,1323,397,Jul15_1/90-20190710100530-snapshot.jpg
4,1,20190710,100600,45,6,1250,347,1322,399,Jul15_1/90-20190710100600-snapshot.jpg
4,1,20190710,100600,81,8,1357,804,1440,855,Jul15_1/90-20190710100600-snapshot.jpg
4,1,20190710,100630,57,6,1254,347,1324,398,Jul15_1/90-20190710100630-snapshot.jpg
4,1,20190710,101400,48,5,634,912,689,954,Jul15_1/90-20190710101400-snapshot.jpg
4,1,20190710,102430,42,5,31,840,81,888,Jul15_1/90-20190710102430-snapshot.jpg
4,1,20190710,102730,57,6,1235,83,1294,127,Jul15_1/90-20190710102730-snapshot.jpg
4,1,20190710,102900,45,2,842,794,927,867,Jul15_1/90-20190710102900-snapshot.jpg
4,1,20190710,103030,65,6,1702,316,1771,369,Jul15_1/90-20190710103030-snapshot.jpg
4,1,20190710,103730,83,1,1411,172,1456,210,Jul15_1/90-20190710103730-snapshot.jpg
4,1,20190710,104730,37,6,643,954,712,1021,Jul15_1/90-20190710104730-snapshot.jpg
4,1,20190710,104830,69,6,1269,477,1326,519,Jul15_1/90-20190710104830-snapshot.jpg
4,1,20190710,105000,63,5,1028,657,1070,697,Jul15_1/90-20190710105000-snapshot.jpg
4,1,20190710,105100,46,5,1295,814,1350,849,Jul15_1/90-20190710105100-snapshot.jpg
4,1,20190710,105300,52,5,232,0,276,48,Jul15_1/90-20190710105300-snapshot.jpg
4,1,20190710,105430,72,6,553,267,601,318,Jul15_1/90-20190710105430-snapshot.jpg
4,1,20190710,105500,81,2,620,350,671,409,Jul15_1/90-20190710105500-snapshot.jpg
4,1,20190710,105530,72,6,900,479,951,536,Jul15_1/90-20190710105530-snapshot.jpg
4,1,20190710,105600,73,6,1077,267,1128,327,Jul15_1/90-20190710105600-snapshot.jpg
4,1,20190710,105630,72,5,1255,533,1302,566,Jul15_1/90-20190710105630-snapshot.jpg
4,1,20190710,110100,26,6,907,964,971,1016,Jul15_1/90-20190710110100-snapshot.jpg
4,1,20190710,110100,42,5,908,967,964,1013,Jul15_1/90-20190710110100-snapshot.jpg
4,1,20190710,110130,36,6,919,818,995,872,Jul15_1/90-20190710110130-snapshot.jpg
4,1,20190710,110330,62,5,1315,465,1365,504,Jul15_1/90-20190710110330-snapshot.jpg
4,1,20190710,110400,78,5,1347,462,1397,496,Jul15_1/90-20190710110400-snapshot.jpg
4,1,20190710,110430,66,5,1296,263,1340,307,Jul15_1/90-20190710110430-snapshot.jpg
4,1,20190710,110500,74,6,1304,196,1365,253,Jul15_1/90-20190710110500-snapshot.jpg
4,1,20190710,110530,61,5,1297,122,1341,171,Jul15_1/90-20190710110530-snapshot.jpg
4,1,20190710,110530,81,6,1303,463,1356,536,Jul15_1/90-20190710110530-snapshot.jpg
4,1,20190710,110600,68,6,1322,228,1376,290,Jul15_1/90-20190710110600-snapshot.jpg
4,1,20190710,110630,61,6,1325,517,1415,582,Jul15_1/90-20190710110630-snapshot.jpg
4,1,20190710,110730,68,6,437,639,493,698,Jul15_1/90-20190710110730-snapshot.jpg
4,1,20190710,110800,66,6,202,691,272,736,Jul15_1/90-20190710110800-snapshot.jpg
4,1,20190710,111130,83,8,123,806,188,876,Jul15_1/90-20190710111130-snapshot.jpg
4,1,20190710,111200,43,6,1356,4,1431,41,Jul15_1/90-20190710111200-snapshot.jpg
4,1,20190710,111330,72,5,886,698,934,729,Jul15_1/90-20190710111330-snapshot.jpg
4,1,20190710,111430,60,5,1193,538,1236,574,Jul15_1/90-20190710111430-snapshot.jpg
4,1,20190710,111500,69,5,949,731,991,770,Jul15_1/90-20190710111500-snapshot.jpg
4,1,20190710,111600,45,6,966,895,1026,952,Jul15_1/90-20190710111600-snapshot.jpg
4,1,20190710,111630,69,5,1038,804,1076,849,Jul15_1/90-20190710111630-snapshot.jpg
4,1,20190710,111700,42,6,1004,668,1054,715,Jul15_1/90-20190710111700-snapshot.jpg
4,1,20190710,111800,64,5,953,614,991,657,Jul15_1/90-20190710111800-snapshot.jpg
4,1,20190710,111830,26,2,925,506,983,563,Jul15_1/90-20190710111830-snapshot.jpg
4,1,20190710,111830,36,6,925,506,985,562,Jul15_1/90-20190710111830-snapshot.jpg
4,1,20190710,111900,60,6,976,685,1043,731,Jul15_1/90-20190710111900-snapshot.jpg
4,1,20190710,111900,73,5,1124,511,1171,552,Jul15_1/90-20190710111900-snapshot.jpg
4,1,20190710,111930,40,5,695,670,745,702,Jul15_1/90-20190710111930-snapshot.jpg
4,1,20190710,112000,60,5,1016,99,1069,161,Jul15_1/90-20190710112000-snapshot.jpg
4,1,20190710,112030,27,5,1007,496,1054,546,Jul15_1/90-20190710112030-snapshot.jpg
4,1,20190710,112100,74,5,1187,281,1229,330,Jul15_1/90-20190710112100-snapshot.jpg
4,1,20190710,112130,73,5,1497,165,1545,221,Jul15_1/90-20190710112130-snapshot.jpg
4,1,20190710,112330,33,5,222,148,266,185,Jul15_1/90-20190710112330-snapshot.jpg
4,1,20190710,112400,27,5,283,31,323,74,Jul15_1/90-20190710112400-snapshot.jpg
4,1,20190710,112700,86,8,43,286,119,353,Jul15_1/90-20190710112700-snapshot.jpg
4,1,20190710,113130,55,6,793,764,848,800,Jul15_1/90-20190710113130-snapshot.jpg
4,1,20190710,113330,73,5,136,49,182,104,Jul15_1/90-20190710113330-snapshot.jpg
4,1,20190710,113330,87,3,1335,152,1398,235,Jul15_1/90-20190710113330-snapshot.jpg
4,1,20190710,113500,69,5,1317,51,1374,93,Jul15_1/90-20190710113500-snapshot.jpg
4,1,20190710,113500,77,6,1274,484,1326,542,Jul15_1/90-20190710113500-snapshot.jpg
4,1,20190710,113530,38,5,721,559,772,602,Jul15_1/90-20190710113530-snapshot.jpg
4,1,20190710,113530,66,6,1270,137,1344,187,Jul15_1/90-20190710113530-snapshot.jpg
4,1,20190710,113530,72,5,462,363,507,401,Jul15_1/90-20190710113530-snapshot.jpg
4,1,20190710,113630,65,5,46,11,94,41,Jul15_1/90-20190710113630-snapshot.jpg
4,1,20190710,113630,70,5,144,110,196,164,Jul15_1/90-20190710113630-snapshot.jpg
4,1,20190710,113830,63,6,444,796,498,854,Jul15_1/90-20190710113830-snapshot.jpg
4,1,20190710,113830,74,5,51,982,109,1020,Jul15_1/90-20190710113830-snapshot.jpg
4,1,20190710,113900,27,5,5,955,71,1000,Jul15_1/90-20190710113900-snapshot.jpg
4,1,20190710,113900,40,6,5,951,80,1002,Jul15_1/90-20190710113900-snapshot.jpg
4,1,20190710,114000,38,5,1042,369,1084,411,Jul15_1/90-20190710114000-snapshot.jpg
4,1,20190710,114030,81,5,1339,32,1387,83,Jul15_1/90-20190710114030-snapshot.jpg
4,1,20190710,114130,26,5,1081,585,1134,627,Jul15_1/90-20190710114130-snapshot.jpg
4,1,20190710,114130,82,6,568,322,618,382,Jul15_1/90-20190710114130-snapshot.jpg
4,1,20190710,114400,29,6,39,894,112,962,Jul15_1/90-20190710114400-snapshot.jpg
4,1,20190710,114430,39,5,72,890,116,941,Jul15_1/90-20190710114430-snapshot.jpg
4,1,20190710,114430,74,5,1352,481,1404,533,Jul15_1/90-20190710114430-snapshot.jpg
4,1,20190710,114500,85,3,1338,798,1396,870,Jul15_1/90-20190710114500-snapshot.jpg
4,1,20190710,114600,25,5,1119,520,1174,581,Jul15_1/90-20190710114600-snapshot.jpg
4,1,20190710,114600,28,6,1119,520,1174,581,Jul15_1/90-20190710114600-snapshot.jpg
4,1,20190710,114630,66,5,1044,550,1091,611,Jul15_1/90-20190710114630-snapshot.jpg
4,1,20190710,114700,79,5,1044,685,1100,720,Jul15_1/90-20190710114700-snapshot.jpg
4,1,20190710,114730,81,5,887,697,946,737,Jul15_1/90-20190710114730-snapshot.jpg
4,1,20190710,114800,53,5,524,760,581,803,Jul15_1/90-20190710114800-snapshot.jpg
4,1,20190710,114900,72,6,1046,289,1107,328,Jul15_1/90-20190710114900-snapshot.jpg
4,1,20190710,114900,80,6,1260,190,1346,249,Jul15_1/90-20190710114900-snapshot.jpg
4,1,20190710,114930,32,5,1003,409,1074,469,Jul15_1/90-20190710114930-snapshot.jpg
4,1,20190710,114930,51,6,1001,408,1075,468,Jul15_1/90-20190710114930-snapshot.jpg
4,1,20190710,115100,41,5,5,955,55,1008,Jul15_1/90-20190710115100-snapshot.jpg
4,1,20190710,115100,47,6,4,955,56,1010,Jul15_1/90-20190710115100-snapshot.jpg
4,1,20190710,115100,64,6,459,695,548,764,Jul15_1/90-20190710115100-snapshot.jpg
4,1,20190710,115130,78,5,578,293,627,332,Jul15_1/90-20190710115130-snapshot.jpg
4,1,20190710,115200,34,5,985,675,1036,711,Jul15_1/90-20190710115200-snapshot.jpg
4,1,20190710,115200,40,6,984,675,1036,712,Jul15_1/90-20190710115200-snapshot.jpg
4,1,20190710,115230,77,5,805,558,860,594,Jul15_1/90-20190710115230-snapshot.jpg
4,1,20190710,115530,28,5,1085,585,1132,623,Jul15_1/90-20190710115530-snapshot.jpg
4,1,20190710,115600,71,5,0,1012,34,1058,Jul15_1/90-20190710115600-snapshot.jpg
4,1,20190710,115630,46,6,548,417,605,456,Jul15_1/90-20190710115630-snapshot.jpg
4,1,20190710,115730,42,6,956,889,1009,945,Jul15_1/90-20190710115730-snapshot.jpg
4,1,20190710,120000,34,6,659,912,730,974,Jul15_1/90-20190710120000-snapshot.jpg
4,1,20190710,120030,66,1,401,1033,441,1071,Jul15_1/90-20190710120030-snapshot.jpg
4,1,20190710,120200,28,5,1522,156,1561,204,Jul15_1/90-20190710120200-snapshot.jpg
4,1,20190710,120230,56,5,664,271,706,310,Jul15_1/90-20190710120230-snapshot.jpg
4,1,20190710,120500,45,5,1294,501,1344,545,Jul15_1/90-20190710120500-snapshot.jpg
4,1,20190710,120530,38,8,212,67,276,141,Jul15_1/90-20190710120530-snapshot.jpg
4,1,20190710,120530,42,6,211,67,276,141,Jul15_1/90-20190710120530-snapshot.jpg
4,1,20190710,120900,48,5,76,998,128,1036,Jul15_1/90-20190710120900-snapshot.jpg
4,1,20190710,121330,51,6,1063,497,1118,551,Jul15_1/90-20190710121330-snapshot.jpg
4,1,20190710,121400,60,5,549,349,594,386,Jul15_1/90-20190710121400-snapshot.jpg
4,1,20190710,121830,35,2,737,883,809,942,Jul15_1/90-20190710121830-snapshot.jpg
4,1,20190710,121900,38,5,247,597,293,627,Jul15_1/90-20190710121900-snapshot.jpg
4,1,20190710,122100,30,6,1102,587,1178,641,Jul15_1/90-20190710122100-snapshot.jpg
4,1,20190710,122130,67,6,1031,635,1097,672,Jul15_1/90-20190710122130-snapshot.jpg
4,1,20190710,122130,85,3,501,834,559,898,Jul15_1/90-20190710122130-snapshot.jpg
4,1,20190710,122300,43,6,362,562,410,612,Jul15_1/90-20190710122300-snapshot.jpg
4,1,20190710,122400,52,5,663,266,706,308,Jul15_1/90-20190710122400-snapshot.jpg
4,1,20190710,122430,78,5,1298,475,1346,526,Jul15_1/90-20190710122430-snapshot.jpg
4,1,20190710,122500,74,6,517,697,594,759,Jul15_1/90-20190710122500-snapshot.jpg
4,1,20190710,122600,54,6,0,897,49,957,Jul15_1/90-20190710122600-snapshot.jpg
4,1,20190710,122600,84,6,955,699,1030,750,Jul15_1/90-20190710122600-snapshot.jpg
4,1,20190710,122630,43,5,1159,329,1220,367,Jul15_1/90-20190710122630-snapshot.jpg
4,1,20190710,122630,79,6,1212,525,1263,583,Jul15_1/90-20190710122630-snapshot.jpg
4,1,20190710,122700,62,5,1521,209,1567,249,Jul15_1/90-20190710122700-snapshot.jpg
4,1,20190710,122800,32,5,1279,448,1319,495,Jul15_1/90-20190710122800-snapshot.jpg
4,1,20190710,123030,78,6,474,676,562,756,Jul15_1/90-20190710123030-snapshot.jpg
4,1,20190710,123030,84,3,1348,264,1407,332,Jul15_1/90-20190710123030-snapshot.jpg
4,1,20190710,123100,82,6,1455,30,1508,97,Jul15_1/90-20190710123100-snapshot.jpg
4,1,20190710,123130,80,6,990,345,1065,395,Jul15_1/90-20190710123130-snapshot.jpg
4,1,20190710,123200,78,2,1263,483,1334,532,Jul15_1/90-20190710123200-snapshot.jpg
4,1,20190710,123230,83,2,1331,189,1384,255,Jul15_1/90-20190710123230-snapshot.jpg
4,1,20190710,123400,31,6,8,694,71,737,Jul15_1/90-20190710123400-snapshot.jpg
4,1,20190710,123400,39,6,664,906,732,967,Jul15_1/90-20190710123400-snapshot.jpg
4,1,20190710,123630,69,5,1546,157,1588,204,Jul15_1/90-20190710123630-snapshot.jpg
4,1,20190710,123830,64,5,322,573,364,616,Jul15_1/90-20190710123830-snapshot.jpg
4,1,20190710,123930,34,5,1624,170,1680,230,Jul15_1/90-20190710123930-snapshot.jpg
4,1,20190710,123930,38,6,1154,453,1196,504,Jul15_1/90-20190710123930-snapshot.jpg
4,1,20190710,123930,40,5,1154,454,1194,502,Jul15_1/90-20190710123930-snapshot.jpg
4,1,20190710,124100,48,5,239,713,275,758,Jul15_1/90-20190710124100-snapshot.jpg
4,1,20190710,124300,28,6,1261,110,1310,168,Jul15_1/90-20190710124300-snapshot.jpg
4,1,20190710,124330,39,5,1259,18,1300,49,Jul15_1/90-20190710124330-snapshot.jpg
4,1,20190710,124600,34,6,913,936,987,998,Jul15_1/90-20190710124600-snapshot.jpg
4,1,20190710,124930,79,5,928,689,975,723,Jul15_1/90-20190710124930-snapshot.jpg
4,1,20190710,125100,36,5,503,357,544,398,Jul15_1/90-20190710125100-snapshot.jpg
4,1,20190710,125100,63,5,1726,255,1769,292,Jul15_1/90-20190710125100-snapshot.jpg
4,1,20190710,125200,46,6,1245,234,1292,271,Jul15_1/90-20190710125200-snapshot.jpg
4,1,20190710,125200,52,5,1245,234,1293,273,Jul15_1/90-20190710125200-snapshot.jpg
4,1,20190710,125200,69,6,172,625,244,682,Jul15_1/90-20190710125200-snapshot.jpg
4,1,20190710,125730,28,5,1204,305,1244,347,Jul15_1/90-20190710125730-snapshot.jpg
4,1,20190710,125730,67,5,967,685,1020,723,Jul15_1/90-20190710125730-snapshot.jpg
4,1,20190710,125930,31,6,970,877,1039,935,Jul15_1/90-20190710125930-snapshot.jpg
4,1,20190710,125930,34,5,970,878,1033,933,Jul15_1/90-20190710125930-snapshot.jpg
4,1,20190710,130000,38,6,1701,281,1752,321,Jul15_1/90-20190710130000-snapshot.jpg
4,1,20190710,130000,57,6,521,742,582,799,Jul15_1/90-20190710130000-snapshot.jpg
4,1,20190710,130000,68,5,4,384,60,424,Jul15_1/90-20190710130000-snapshot.jpg
4,1,20190710,130100,44,5,1075,482,1122,523,Jul15_1/90-20190710130100-snapshot.jpg
4,1,20190710,130330,42,6,1121,839,1213,915,Jul15_1/90-20190710130330-snapshot.jpg
4,1,20190710,130330,44,5,1237,413,1285,448,Jul15_1/90-20190710130330-snapshot.jpg
4,1,20190710,130630,68,5,880,849,925,896,Jul15_1/90-20190710130630-snapshot.jpg
4,1,20190710,130630,77,5,540,366,591,398,Jul15_1/90-20190710130630-snapshot.jpg
4,1,20190710,130700,78,5,1062,287,1111,324,Jul15_1/90-20190710130700-snapshot.jpg
4,1,20190710,130730,69,5,1198,324,1240,375,Jul15_1/90-20190710130730-snapshot.jpg
4,1,20190710,130800,28,2,513,779,578,841,Jul15_1/90-20190710130800-snapshot.jpg
4,1,20190710,130930,34,5,806,624,850,666,Jul15_1/90-20190710130930-snapshot.jpg
4,1,20190710,131000,69,2,899,1026,953,1080,Jul15_1/90-20190710131000-snapshot.jpg
4,1,20190710,131100,74,6,446,651,517,708,Jul15_1/90-20190710131100-snapshot.jpg
4,1,20190710,131200,50,6,925,879,1015,940,Jul15_1/90-20190710131200-snapshot.jpg
4,1,20190710,131230,50,5,299,225,357,273,Jul15_1/90-20190710131230-snapshot.jpg
4,1,20190710,131230,69,5,569,835,619,874,Jul15_1/90-20190710131230-snapshot.jpg
4,1,20190710,131230,80,5,1203,572,1248,616,Jul15_1/90-20190710131230-snapshot.jpg
4,1,20190710,131300,66,6,1281,217,1327,262,Jul15_1/90-20190710131300-snapshot.jpg
4,1,20190710,131400,53,6,0,199,43,252,Jul15_1/90-20190710131400-snapshot.jpg
4,1,20190710,131430,70,6,386,827,465,894,Jul15_1/90-20190710131430-snapshot.jpg
4,1,20190710,131500,68,5,31,638,81,681,Jul15_1/90-20190710131500-snapshot.jpg
4,1,20190710,131600,71,5,222,118,273,160,Jul15_1/90-20190710131600-snapshot.jpg
4,1,20190710,131630,46,5,532,380,576,429,Jul15_1/90-20190710131630-snapshot.jpg
4,1,20190710,131700,27,8,609,375,656,416,Jul15_1/90-20190710131700-snapshot.jpg
4,1,20190710,131700,29,6,56,984,126,1035,Jul15_1/90-20190710131700-snapshot.jpg
4,1,20190710,131700,38,5,610,376,656,416,Jul15_1/90-20190710131700-snapshot.jpg
4,1,20190710,131800,37,6,844,949,914,1007,Jul15_1/90-20190710131800-snapshot.jpg
4,1,20190710,131830,53,5,832,842,903,881,Jul15_1/90-20190710131830-snapshot.jpg
4,1,20190710,131830,70,5,259,233,309,281,Jul15_1/90-20190710131830-snapshot.jpg
4,1,20190710,131930,58,5,1217,7,1258,50,Jul15_1/90-20190710131930-snapshot.jpg
4,1,20190710,132000,67,5,511,318,553,357,Jul15_1/90-20190710132000-snapshot.jpg
4,1,20190710,132000,78,1,1215,209,1256,247,Jul15_1/90-20190710132000-snapshot.jpg
4,1,20190710,132030,34,5,17,784,63,827,Jul15_1/90-20190710132030-snapshot.jpg
4,1,20190710,132130,61,6,90,670,155,710,Jul15_1/90-20190710132130-snapshot.jpg
4,1,20190710,132400,30,5,1510,154,1552,194,Jul15_1/90-20190710132400-snapshot.jpg
4,1,20190710,132400,76,5,974,787,1015,833,Jul15_1/90-20190710132400-snapshot.jpg
4,1,20190710,132600,74,5,589,247,623,288,Jul15_1/90-20190710132600-snapshot.jpg
4,1,20190710,132730,35,5,14,770,63,816,Jul15_1/90-20190710132730-snapshot.jpg
4,1,20190710,132830,62,6,485,737,547,798,Jul15_1/90-20190710132830-snapshot.jpg
4,1,20190710,132900,69,6,630,266,681,300,Jul15_1/90-20190710132900-snapshot.jpg
4,1,20190710,133030,63,5,1386,28,1428,79,Jul15_1/90-20190710133030-snapshot.jpg
4,1,20190710,133130,44,5,989,823,1042,866,Jul15_1/90-20190710133130-snapshot.jpg
4,1,20190710,133200,63,5,1029,411,1083,453,Jul15_1/90-20190710133200-snapshot.jpg
4,1,20190710,133200,72,5,9,745,53,795,Jul15_1/90-20190710133200-snapshot.jpg
4,1,20190710,133300,54,5,947,772,989,818,Jul15_1/90-20190710133300-snapshot.jpg
4,1,20190710,133300,76,5,315,86,367,138,Jul15_1/90-20190710133300-snapshot.jpg
4,1,20190710,133400,44,5,913,686,951,724,Jul15_1/90-20190710133400-snapshot.jpg
4,1,20190710,133430,41,5,926,619,961,658,Jul15_1/90-20190710133430-snapshot.jpg
4,1,20190710,133530,74,5,252,143,295,192,Jul15_1/90-20190710133530-snapshot.jpg
4,1,20190710,133700,30,6,923,734,995,785,Jul15_1/90-20190710133700-snapshot.jpg
4,1,20190710,133800,59,5,288,8,330,52,Jul15_1/90-20190710133800-snapshot.jpg
4,1,20190710,133830,39,6,210,741,270,789,Jul15_1/90-20190710133830-snapshot.jpg
4,1,20190710,133830,57,5,1308,131,1360,187,Jul15_1/90-20190710133830-snapshot.jpg
4,1,20190710,134030,40,6,1393,517,1478,583,Jul15_1/90-20190710134030-snapshot.jpg
4,1,20190710,134100,64,6,1182,1037,1228,1080,Jul15_1/90-20190710134100-snapshot.jpg
4,1,20190710,134200,45,5,1090,685,1131,715,Jul15_1/90-20190710134200-snapshot.jpg
4,1,20190710,134400,34,6,454,698,533,766,Jul15_1/90-20190710134400-snapshot.jpg
4,1,20190710,134500,34,5,443,665,487,715,Jul15_1/90-20190710134500-snapshot.jpg
4,1,20190710,134500,42,6,1389,514,1473,586,Jul15_1/90-20190710134500-snapshot.jpg
4,1,20190710,134600,75,5,182,584,228,622,Jul15_1/90-20190710134600-snapshot.jpg
4,1,20190710,134630,74,5,53,635,113,666,Jul15_1/90-20190710134630-snapshot.jpg
4,1,20190710,134700,64,5,0,361,33,406,Jul15_1/90-20190710134700-snapshot.jpg
4,1,20190710,134730,76,5,898,706,937,749,Jul15_1/90-20190710134730-snapshot.jpg
4,1,20190710,134830,71,5,25,390,77,440,Jul15_1/90-20190710134830-snapshot.jpg
4,1,20190710,134900,46,6,452,696,532,768,Jul15_1/90-20190710134900-snapshot.jpg
4,1,20190710,134930,79,2,1242,207,1319,272,Jul15_1/90-20190710134930-snapshot.jpg
4,1,20190710,135000,80,5,408,552,451,586,Jul15_1/90-20190710135000-snapshot.jpg
4,1,20190710,135030,26,6,1387,519,1466,587,Jul15_1/90-20190710135030-snapshot.jpg
4,1,20190710,135030,41,6,36,847,99,901,Jul15_1/90-20190710135030-snapshot.jpg
4,1,20190710,135030,66,5,888,439,925,484,Jul15_1/90-20190710135030-snapshot.jpg
4,1,20190710,135030,78,5,599,267,642,301,Jul15_1/90-20190710135030-snapshot.jpg
4,1,20190710,135100,69,5,578,264,614,307,Jul15_1/90-20190710135100-snapshot.jpg
4,1,20190710,135100,72,5,155,124,206,173,Jul15_1/90-20190710135100-snapshot.jpg
4,1,20190710,135130,60,5,781,591,827,632,Jul15_1/90-20190710135130-snapshot.jpg
4,1,20190710,135130,64,6,450,737,516,798,Jul15_1/90-20190710135130-snapshot.jpg
4,1,20190710,135200,52,5,360,645,412,684,Jul15_1/90-20190710135200-snapshot.jpg
4,1,20190710,135230,68,6,871,539,918,597,Jul15_1/90-20190710135230-snapshot.jpg
4,1,20190710,135230,86,8,158,63,218,139,Jul15_1/90-20190710135230-snapshot.jpg
4,1,20190710,135300,39,6,887,189,940,257,Jul15_1/90-20190710135300-snapshot.jpg
4,1,20190710,135500,38,2,1148,1038,1197,1080,Jul15_1/90-20190710135500-snapshot.jpg
4,1,20190710,135600,35,6,946,885,1015,942,Jul15_1/90-20190710135600-snapshot.jpg
4,1,20190710,135630,39,5,733,900,783,951,Jul15_1/90-20190710135630-snapshot.jpg
4,1,20190710,135630,74,5,153,56,198,107,Jul15_1/90-20190710135630-snapshot.jpg
4,1,20190710,135700,74,5,1534,151,1582,197,Jul15_1/90-20190710135700-snapshot.jpg
4,1,20190710,135700,75,5,574,807,628,841,Jul15_1/90-20190710135700-snapshot.jpg
4,1,20190710,135730,79,5,589,242,625,278,Jul15_1/90-20190710135730-snapshot.jpg
4,1,20190710,135730,80,8,1212,284,1295,328,Jul15_1/90-20190710135730-snapshot.jpg
4,1,20190710,140130,44,6,183,751,236,807,Jul15_1/90-20190710140130-snapshot.jpg
4,1,20190710,140300,76,6,247,100,296,164,Jul15_1/90-20190710140300-snapshot.jpg
4,1,20190710,140330,29,5,1842,36,1892,94,Jul15_1/90-20190710140330-snapshot.jpg
4,1,20190710,140330,79,8,608,485,683,547,Jul15_1/90-20190710140330-snapshot.jpg
4,1,20190710,140400,38,5,1771,248,1814,281,Jul15_1/90-20190710140400-snapshot.jpg
4,1,20190710,141000,43,8,1202,807,1257,844,Jul15_1/90-20190710141000-snapshot.jpg
4,1,20190710,141030,66,5,168,569,220,608,Jul15_1/90-20190710141030-snapshot.jpg
4,1,20190710,141200,76,5,1102,739,1138,784,Jul15_1/90-20190710141200-snapshot.jpg
4,1,20190710,141300,37,6,970,876,1038,925,Jul15_1/90-20190710141300-snapshot.jpg
4,1,20190710,141300,43,5,970,877,1036,924,Jul15_1/90-20190710141300-snapshot.jpg
4,1,20190710,141530,50,8,1175,729,1241,780,Jul15_1/90-20190710141530-snapshot.jpg
4,1,20190710,141630,74,5,1219,318,1281,359,Jul15_1/90-20190710141630-snapshot.jpg
4,1,20190710,141630,74,5,1235,440,1279,494,Jul15_1/90-20190710141630-snapshot.jpg
4,1,20190710,141800,76,6,1603,16,1666,88,Jul15_1/90-20190710141800-snapshot.jpg
4,1,20190710,142100,60,6,1226,942,1306,1010,Jul15_1/90-20190710142100-snapshot.jpg
4,1,20190710,142230,57,6,773,927,864,988,Jul15_1/90-20190710142230-snapshot.jpg
4,1,20190710,142500,75,6,270,200,347,272,Jul15_1/90-20190710142500-snapshot.jpg
4,1,20190710,142530,75,5,1256,267,1299,308,Jul15_1/90-20190710142530-snapshot.jpg
4,1,20190710,142800,75,5,196,159,233,210,Jul15_1/90-20190710142800-snapshot.jpg
4,1,20190710,143200,65,6,414,712,465,771,Jul15_1/90-20190710143200-snapshot.jpg
4,1,20190710,143200,78,5,1405,50,1462,105,Jul15_1/90-20190710143200-snapshot.jpg
4,1,20190710,143230,71,5,1157,34,1209,63,Jul15_1/90-20190710143230-snapshot.jpg
4,1,20190710,143330,53,5,1073,667,1119,705,Jul15_1/90-20190710143330-snapshot.jpg
4,1,20190710,143330,71,6,1254,958,1341,1022,Jul15_1/90-20190710143330-snapshot.jpg
4,1,20190710,143430,56,2,1251,1015,1300,1067,Jul15_1/90-20190710143430-snapshot.jpg
4,1,20190710,143430,59,5,1252,1018,1299,1065,Jul15_1/90-20190710143430-snapshot.jpg
4,1,20190710,143430,73,6,845,850,922,905,Jul15_1/90-20190710143430-snapshot.jpg
4,1,20190710,143500,61,5,12,358,62,401,Jul15_1/90-20190710143500-snapshot.jpg
4,1,20190710,143530,57,5,140,596,184,645,Jul15_1/90-20190710143530-snapshot.jpg
4,1,20190710,143530,68,6,689,951,768,1009,Jul15_1/90-20190710143530-snapshot.jpg
4,1,20190710,143630,81,1,112,949,149,977,Jul15_1/90-20190710143630-snapshot.jpg
4,1,20190710,143700,82,1,383,785,422,814,Jul15_1/90-20190710143700-snapshot.jpg
4,1,20190710,143800,76,6,682,947,769,1013,Jul15_1/90-20190710143800-snapshot.jpg
4,1,20190710,143800,85,1,295,545,336,579,Jul15_1/90-20190710143800-snapshot.jpg
4,1,20190710,143830,86,1,327,556,366,589,Jul15_1/90-20190710143830-snapshot.jpg
4,1,20190710,143930,76,5,1040,393,1084,440,Jul15_1/90-20190710143930-snapshot.jpg
4,1,20190710,143930,77,1,420,348,458,383,Jul15_1/90-20190710143930-snapshot.jpg
4,1,20190710,144000,85,1,363,151,409,192,Jul15_1/90-20190710144000-snapshot.jpg
4,1,20190710,144030,83,6,855,38,906,106,Jul15_1/90-20190710144030-snapshot.jpg
4,1,20190710,144130,38,6,1084,348,1148,397,Jul15_1/90-20190710144130-snapshot.jpg
4,1,20190710,144200,54,5,1554,156,1597,196,Jul15_1/90-20190710144200-snapshot.jpg
4,1,20190710,144230,52,2,759,1017,841,1078,Jul15_1/90-20190710144230-snapshot.jpg
4,1,20190710,144430,45,5,192,143,229,185,Jul15_1/90-20190710144430-snapshot.jpg
4,1,20190710,144530,68,2,1011,483,1076,549,Jul15_1/90-20190710144530-snapshot.jpg
4,1,20190710,144600,76,2,1257,283,1338,330,Jul15_1/90-20190710144600-snapshot.jpg
4,1,20190710,144700,53,5,1225,451,1276,490,Jul15_1/90-20190710144700-snapshot.jpg
4,1,20190710,144900,72,6,152,551,202,607,Jul15_1/90-20190710144900-snapshot.jpg
4,1,20190710,145100,49,6,701,937,779,998,Jul15_1/90-20190710145100-snapshot.jpg
4,1,20190710,145230,36,5,1029,680,1073,717,Jul15_1/90-20190710145230-snapshot.jpg
4,1,20190710,145300,72,6,1279,143,1334,205,Jul15_1/90-20190710145300-snapshot.jpg
4,1,20190710,145300,72,5,1019,710,1058,753,Jul15_1/90-20190710145300-snapshot.jpg
4,1,20190710,145400,65,6,1053,525,1131,581,Jul15_1/90-20190710145400-snapshot.jpg
4,1,20190710,145500,66,6,16,689,82,745,Jul15_1/90-20190710145500-snapshot.jpg
4,1,20190710,145530,70,6,1425,146,1486,218,Jul15_1/90-20190710145530-snapshot.jpg
4,1,20190710,145600,43,6,1280,100,1332,142,Jul15_1/90-20190710145600-snapshot.jpg
4,1,20190710,145730,29,5,1659,1,1709,34,Jul15_1/90-20190710145730-snapshot.jpg
4,1,20190710,145930,54,6,1185,375,1258,427,Jul15_1/90-20190710145930-snapshot.jpg
4,1,20190710,150000,81,5,1301,318,1340,369,Jul15_1/90-20190710150000-snapshot.jpg
4,1,20190710,150130,75,5,1047,710,1086,756,Jul15_1/90-20190710150130-snapshot.jpg
4,1,20190710,150130,76,5,1199,89,1245,144,Jul15_1/90-20190710150130-snapshot.jpg
4,1,20190710,150430,47,6,185,614,238,678,Jul15_1/90-20190710150430-snapshot.jpg
4,1,20190710,150430,57,5,945,488,988,539,Jul15_1/90-20190710150430-snapshot.jpg
4,1,20190710,150430,65,5,195,191,243,227,Jul15_1/90-20190710150430-snapshot.jpg
4,1,20190710,150500,72,5,952,719,990,766,Jul15_1/90-20190710150500-snapshot.jpg
4,1,20190710,150600,41,5,399,679,447,720,Jul15_1/90-20190710150600-snapshot.jpg
4,1,20190710,150630,66,5,1328,255,1378,291,Jul15_1/90-20190710150630-snapshot.jpg
4,1,20190710,150630,67,5,1174,35,1224,70,Jul15_1/90-20190710150630-snapshot.jpg
4,1,20190710,150630,77,5,173,125,216,172,Jul15_1/90-20190710150630-snapshot.jpg
4,1,20190710,150700,47,5,1046,335,1088,380,Jul15_1/90-20190710150700-snapshot.jpg
4,1,20190710,150700,72,5,1091,761,1138,795,Jul15_1/90-20190710150700-snapshot.jpg
4,1,20190710,150830,39,2,815,1033,887,1080,Jul15_1/90-20190710150830-snapshot.jpg
4,1,20190710,150900,58,5,868,551,904,595,Jul15_1/90-20190710150900-snapshot.jpg
4,1,20190710,150930,69,5,1205,317,1257,350,Jul15_1/90-20190710150930-snapshot.jpg
4,1,20190710,151000,74,5,216,221,262,266,Jul15_1/90-20190710151000-snapshot.jpg
4,1,20190710,151130,41,6,984,340,1047,393,Jul15_1/90-20190710151130-snapshot.jpg
4,1,20190710,151200,37,6,1008,899,1084,956,Jul15_1/90-20190710151200-snapshot.jpg
4,1,20190710,151200,67,5,664,1036,728,1071,Jul15_1/90-20190710151200-snapshot.jpg
4,1,20190710,151230,36,5,1172,801,1218,838,Jul15_1/90-20190710151230-snapshot.jpg
4,1,20190710,151500,27,5,1113,272,1160,308,Jul15_1/90-20190710151500-snapshot.jpg
4,1,20190710,151530,80,5,1143,331,1188,377,Jul15_1/90-20190710151530-snapshot.jpg
4,1,20190710,151600,36,5,1262,100,1319,133,Jul15_1/90-20190710151600-snapshot.jpg
4,1,20190710,151600,66,5,611,371,655,403,Jul15_1/90-20190710151600-snapshot.jpg
4,1,20190710,151630,82,3,1288,437,1353,491,Jul15_1/90-20190710151630-snapshot.jpg
4,1,20190710,151700,35,1,802,404,841,440,Jul15_1/90-20190710151700-snapshot.jpg
4,1,20190710,151830,79,5,1179,420,1230,462,Jul15_1/90-20190710151830-snapshot.jpg
4,1,20190710,151930,38,5,1218,465,1260,517,Jul15_1/90-20190710151930-snapshot.jpg
4,1,20190710,151930,45,6,1217,465,1261,517,Jul15_1/90-20190710151930-snapshot.jpg
4,1,20190710,152000,69,5,597,382,639,421,Jul15_1/90-20190710152000-snapshot.jpg
4,1,20190710,152030,38,1,803,407,841,443,Jul15_1/90-20190710152030-snapshot.jpg
4,1,20190710,152030,51,5,1221,469,1262,520,Jul15_1/90-20190710152030-snapshot.jpg
4,1,20190710,152100,52,5,1235,238,1280,284,Jul15_1/90-20190710152100-snapshot.jpg
4,1,20190710,152130,84,8,925,698,975,762,Jul15_1/90-20190710152130-snapshot.jpg
4,1,20190710,152230,33,6,137,826,212,883,Jul15_1/90-20190710152230-snapshot.jpg
4,1,20190710,152330,40,6,1363,77,1419,128,Jul15_1/90-20190710152330-snapshot.jpg
4,1,20190710,152400,53,8,1050,631,1121,686,Jul15_1/90-20190710152400-snapshot.jpg
4,1,20190710,152430,40,5,14,1011,53,1050,Jul15_1/90-20190710152430-snapshot.jpg
4,1,20190710,152500,72,2,473,795,539,861,Jul15_1/90-20190710152500-snapshot.jpg
4,1,20190710,152600,78,5,191,51,249,86,Jul15_1/90-20190710152600-snapshot.jpg
4,1,20190710,152830,50,5,256,67,302,109,Jul15_1/90-20190710152830-snapshot.jpg
4,1,20190710,153130,26,5,874,674,914,716,Jul15_1/90-20190710153130-snapshot.jpg
4,1,20190710,153130,82,5,1332,119,1409,176,Jul15_1/90-20190710153130-snapshot.jpg
4,1,20190710,153200,29,5,875,674,915,715,Jul15_1/90-20190710153200-snapshot.jpg
4,1,20190710,153200,77,3,572,422,616,479,Jul15_1/90-20190710153200-snapshot.jpg
4,1,20190710,153230,37,6,883,849,964,901,Jul15_1/90-20190710153230-snapshot.jpg
4,1,20190710,153230,72,5,129,564,188,604,Jul15_1/90-20190710153230-snapshot.jpg
4,1,20190710,153230,73,5,1065,298,1118,331,Jul15_1/90-20190710153230-snapshot.jpg
4,1,20190710,153300,63,5,52,852,98,903,Jul15_1/90-20190710153300-snapshot.jpg
4,1,20190710,153300,74,5,649,296,687,342,Jul15_1/90-20190710153300-snapshot.jpg
4,1,20190710,153330,62,6,1030,335,1077,386,Jul15_1/90-20190710153330-snapshot.jpg
4,1,20190710,153330,78,5,582,253,618,290,Jul15_1/90-20190710153330-snapshot.jpg
4,1,20190710,153700,70,5,1068,309,1114,341,Jul15_1/90-20190710153700-snapshot.jpg
4,1,20190710,153730,80,6,1206,463,1278,519,Jul15_1/90-20190710153730-snapshot.jpg
4,1,20190710,153900,40,6,1831,6,1878,43,Jul15_1/90-20190710153900-snapshot.jpg
4,1,20190710,153930,57,5,1122,488,1161,534,Jul15_1/90-20190710153930-snapshot.jpg
4,1,20190710,154000,68,5,1145,282,1192,329,Jul15_1/90-20190710154000-snapshot.jpg
4,1,20190710,154530,75,5,503,292,549,339,Jul15_1/90-20190710154530-snapshot.jpg
4,1,20190710,154600,26,5,883,646,925,679,Jul15_1/90-20190710154600-snapshot.jpg
4,1,20190710,154630,80,6,1416,38,1474,106,Jul15_1/90-20190710154630-snapshot.jpg
4,1,20190710,154700,70,5,595,382,640,417,Jul15_1/90-20190710154700-snapshot.jpg
4,1,20190710,154800,76,5,580,237,616,277,Jul15_1/90-20190710154800-snapshot.jpg
4,1,20190710,154830,63,6,620,265,670,294,Jul15_1/90-20190710154830-snapshot.jpg
4,1,20190710,154900,57,5,640,277,681,330,Jul15_1/90-20190710154900-snapshot.jpg
4,1,20190710,155030,67,8,379,883,435,949,Jul15_1/90-20190710155030-snapshot.jpg
4,1,20190710,155100,76,5,1086,720,1132,762,Jul15_1/90-20190710155100-snapshot.jpg
4,1,20190710,155230,66,5,207,203,246,245,Jul15_1/90-20190710155230-snapshot.jpg
4,1,20190710,155300,52,5,234,197,275,231,Jul15_1/90-20190710155300-snapshot.jpg
4,1,20190710,155300,68,2,699,917,764,978,Jul15_1/90-20190710155300-snapshot.jpg
4,1,20190710,155500,34,6,728,961,796,1012,Jul15_1/90-20190710155500-snapshot.jpg
4,1,20190710,155600,77,5,217,754,266,796,Jul15_1/90-20190710155600-snapshot.jpg
4,1,20190710,155730,33,5,1878,185,1919,226,Jul15_1/90-20190710155730-snapshot.jpg
4,1,20190710,155800,84,4,841,473,897,534,Jul15_1/90-20190710155800-snapshot.jpg
4,1,20190710,160030,38,2,1196,1038,1248,1080,Jul15_1/90-20190710160030-snapshot.jpg
4,1,20190710,160500,72,6,1243,216,1298,250,Jul15_1/90-20190710160500-snapshot.jpg
4,1,20190710,160530,42,5,102,700,163,739,Jul15_1/90-20190710160530-snapshot.jpg
4,1,20190710,160530,52,5,6,956,53,1003,Jul15_1/90-20190710160530-snapshot.jpg
4,1,20190710,160530,56,6,756,930,828,983,Jul15_1/90-20190710160530-snapshot.jpg
4,1,20190710,160600,80,6,1274,185,1326,231,Jul15_1/90-20190710160600-snapshot.jpg
4,1,20190710,160630,86,3,264,59,337,133,Jul15_1/90-20190710160630-snapshot.jpg
4,1,20190710,160700,36,1,810,423,849,457,Jul15_1/90-20190710160700-snapshot.jpg
4,1,20190710,160700,73,3,133,0,221,41,Jul15_1/90-20190710160700-snapshot.jpg
4,1,20190710,160800,44,5,1628,2,1675,43,Jul15_1/90-20190710160800-snapshot.jpg
4,1,20190710,160800,70,6,678,921,760,984,Jul15_1/90-20190710160800-snapshot.jpg
4,1,20190710,160900,41,6,951,854,1014,908,Jul15_1/90-20190710160900-snapshot.jpg
4,1,20190710,160930,72,5,844,837,896,868,Jul15_1/90-20190710160930-snapshot.jpg
4,1,20190710,161000,84,4,824,556,880,620,Jul15_1/90-20190710161000-snapshot.jpg
4,1,20190710,161030,60,5,175,667,221,710,Jul15_1/90-20190710161030-snapshot.jpg
4,1,20190710,161130,45,6,732,964,797,1017,Jul15_1/90-20190710161130-snapshot.jpg
4,1,20190710,161230,65,5,865,485,908,525,Jul15_1/90-20190710161230-snapshot.jpg
4,1,20190710,161500,68,5,601,325,642,367,Jul15_1/90-20190710161500-snapshot.jpg
4,1,20190710,161630,60,5,1230,426,1295,462,Jul15_1/90-20190710161630-snapshot.jpg
4,1,20190710,161700,35,6,1256,359,1306,408,Jul15_1/90-20190710161700-snapshot.jpg
4,1,20190710,161930,59,5,499,400,550,447,Jul15_1/90-20190710161930-snapshot.jpg
4,1,20190710,162000,81,1,884,153,927,188,Jul15_1/90-20190710162000-snapshot.jpg
4,1,20190710,162030,77,5,102,15,154,50,Jul15_1/90-20190710162030-snapshot.jpg
4,1,20190710,162030,79,6,1074,475,1123,534,Jul15_1/90-20190710162030-snapshot.jpg
4,1,20190710,162130,59,1,812,424,851,459,Jul15_1/90-20190710162130-snapshot.jpg
4,1,20190710,162130,61,5,1265,160,1314,192,Jul15_1/90-20190710162130-snapshot.jpg
4,1,20190710,162200,46,6,1040,489,1093,534,Jul15_1/90-20190710162200-snapshot.jpg
4,1,20190710,162230,63,5,541,304,576,346,Jul15_1/90-20190710162230-snapshot.jpg
4,1,20190710,162430,78,6,1244,463,1297,533,Jul15_1/90-20190710162430-snapshot.jpg
4,1,20190710,162500,48,6,1234,1014,1293,1068,Jul15_1/90-20190710162500-snapshot.jpg
4,1,20190710,162530,78,6,1279,479,1333,548,Jul15_1/90-20190710162530-snapshot.jpg
4,1,20190710,162600,35,6,966,698,1023,751,Jul15_1/90-20190710162600-snapshot.jpg
4,1,20190710,162600,63,6,943,933,1020,993,Jul15_1/90-20190710162600-snapshot.jpg
4,1,20190710,162630,76,5,1209,542,1259,588,Jul15_1/90-20190710162630-snapshot.jpg
4,1,20190710,162630,78,5,270,186,316,235,Jul15_1/90-20190710162630-snapshot.jpg
4,1,20190710,162730,34,1,810,423,850,459,Jul15_1/90-20190710162730-snapshot.jpg
4,1,20190710,162800,53,5,185,153,226,195,Jul15_1/90-20190710162800-snapshot.jpg
4,1,20190710,162830,62,5,1232,394,1276,447,Jul15_1/90-20190710162830-snapshot.jpg
4,1,20190710,162830,63,5,538,381,575,409,Jul15_1/90-20190710162830-snapshot.jpg
4,1,20190710,162930,36,2,810,1030,877,1080,Jul15_1/90-20190710162930-snapshot.jpg
4,1,20190710,163300,66,5,801,500,855,537,Jul15_1/90-20190710163300-snapshot.jpg
4,1,20190710,163330,69,6,1096,343,1174,397,Jul15_1/90-20190710163330-snapshot.jpg
4,1,20190710,163330,80,5,230,112,277,164,Jul15_1/90-20190710163330-snapshot.jpg
4,1,20190710,163630,71,5,286,171,332,217,Jul15_1/90-20190710163630-snapshot.jpg
4,1,20190710,163700,72,5,647,283,692,323,Jul15_1/90-20190710163700-snapshot.jpg
4,1,20190710,163930,67,5,1099,730,1147,766,Jul15_1/90-20190710163930-snapshot.jpg
4,1,20190710,164030,72,5,1372,76,1429,121,Jul15_1/90-20190710164030-snapshot.jpg
4,1,20190710,164100,67,6,1251,956,1335,1023,Jul15_1/90-20190710164100-snapshot.jpg
4,1,20190710,164330,62,1,1634,64,1672,98,Jul15_1/90-20190710164330-snapshot.jpg
4,1,20190710,164530,86,1,1122,16,1168,55,Jul15_1/90-20190710164530-snapshot.jpg
4,1,20190710,164700,41,1,848,24,885,58,Jul15_1/90-20190710164700-snapshot.jpg
4,1,20190710,164730,80,1,509,178,548,210,Jul15_1/90-20190710164730-snapshot.jpg
4,1,20190710,164800,51,1,363,225,403,254,Jul15_1/90-20190710164800-snapshot.jpg
4,1,20190710,164900,60,5,569,257,610,293,Jul15_1/90-20190710164900-snapshot.jpg
4,1,20190710,164930,84,1,381,254,420,288,Jul15_1/90-20190710164930-snapshot.jpg
4,1,20190710,165000,87,1,354,273,397,315,Jul15_1/90-20190710165000-snapshot.jpg
4,1,20190710,165030,68,5,1098,285,1145,324,Jul15_1/90-20190710165030-snapshot.jpg
4,1,20190710,165100,69,5,1384,431,1440,476,Jul15_1/90-20190710165100-snapshot.jpg
4,1,20190710,165100,77,6,82,791,152,842,Jul15_1/90-20190710165100-snapshot.jpg
4,1,20190710,165100,79,1,305,447,346,487,Jul15_1/90-20190710165100-snapshot.jpg
4,1,20190710,165130,83,1,153,460,196,498,Jul15_1/90-20190710165130-snapshot.jpg
4,1,20190710,165130,86,3,1835,32,1919,101,Jul15_1/90-20190710165130-snapshot.jpg
4,1,20190710,165230,85,6,1767,90,1854,168,Jul15_1/90-20190710165230-snapshot.jpg
4,1,20190710,165300,45,5,75,659,122,689,Jul15_1/90-20190710165300-snapshot.jpg
4,1,20190710,165430,52,6,1322,51,1379,103,Jul15_1/90-20190710165430-snapshot.jpg
4,1,20190710,170130,83,6,98,810,178,859,Jul15_1/90-20190710170130-snapshot.jpg
4,1,20190710,170200,75,6,55,635,108,683,Jul15_1/90-20190710170200-snapshot.jpg
4,1,20190710,170630,42,8,0,412,41,464,Jul15_1/90-20190710170630-snapshot.jpg
4,1,20190710,171000,50,5,1155,446,1201,489,Jul15_1/90-20190710171000-snapshot.jpg
4,1,20190710,171130,69,5,1046,307,1087,351,Jul15_1/90-20190710171130-snapshot.jpg
4,1,20190710,171200,77,2,1410,843,1462,915,Jul15_1/90-20190710171200-snapshot.jpg
4,1,20190710,171230,75,5,149,14,196,79,Jul15_1/90-20190710171230-snapshot.jpg
4,1,20190710,171430,33,5,45,40,93,82,Jul15_1/90-20190710171430-snapshot.jpg
4,1,20190710,171530,35,5,1446,21,1492,65,Jul15_1/90-20190710171530-snapshot.jpg
4,1,20190710,171600,54,5,1289,143,1341,185,Jul15_1/90-20190710171600-snapshot.jpg
4,1,20190710,171630,34,6,1083,362,1139,413,Jul15_1/90-20190710171630-snapshot.jpg
4,1,20190710,172130,76,5,1220,216,1268,260,Jul15_1/90-20190710172130-snapshot.jpg
4,1,20190710,172230,34,5,836,706,880,745,Jul15_1/90-20190710172230-snapshot.jpg
4,1,20190710,172430,26,5,1656,7,1710,37,Jul15_1/90-20190710172430-snapshot.jpg
4,1,20190710,172630,29,6,1496,212,1548,255,Jul15_1/90-20190710172630-snapshot.jpg
4,1,20190710,172800,46,6,955,860,1016,920,Jul15_1/90-20190710172800-snapshot.jpg
4,1,20190710,173630,50,1,395,619,438,657,Jul15_1/90-20190710173630-snapshot.jpg
4,1,20190710,174030,28,5,1291,424,1336,469,Jul15_1/90-20190710174030-snapshot.jpg
4,1,20190710,174030,36,6,1292,424,1336,468,Jul15_1/90-20190710174030-snapshot.jpg
4,1,20190710,174630,80,1,581,163,623,199,Jul15_1/90-20190710174630-snapshot.jpg
4,1,20190710,174730,84,1,632,500,672,532,Jul15_1/90-20190710174730-snapshot.jpg
4,1,20190710,174800,78,1,651,523,690,555,Jul15_1/90-20190710174800-snapshot.jpg
4,1,20190710,174900,87,1,666,433,706,465,Jul15_1/90-20190710174900-snapshot.jpg
4,1,20190710,175100,41,1,646,367,681,397,Jul15_1/90-20190710175100-snapshot.jpg
4,1,20190710,175130,78,1,830,458,868,490,Jul15_1/90-20190710175130-snapshot.jpg
4,1,20190710,175230,30,1,398,621,440,658,Jul15_1/90-20190710175230-snapshot.jpg
4,1,20190710,180200,87,1,1324,962,1361,993,Jul15_1/90-20190710180200-snapshot.jpg
4,1,20190710,180330,48,1,975,1055,1013,1079,Jul15_1/90-20190710180330-snapshot.jpg
4,1,20190710,180800,29,6,675,899,763,970,Jul15_1/90-20190710180800-snapshot.jpg
4,1,20190710,182100,42,6,697,947,770,1011,Jul15_1/90-20190710182100-snapshot.jpg
4,1,20190710,182230,45,5,1032,305,1077,357,Jul15_1/90-20190710182230-snapshot.jpg
4,1,20190710,183300,46,1,724,1024,764,1058,Jul15_1/90-20190710183300-snapshot.jpg
4,1,20190710,184730,79,6,1028,314,1080,372,Jul15_1/90-20190710184730-snapshot.jpg
4,1,20190710,184800,69,6,841,557,906,607,Jul15_1/90-20190710184800-snapshot.jpg
4,1,20190710,185530,32,5,1302,312,1343,350,Jul15_1/90-20190710185530-snapshot.jpg
4,1,20190710,190130,83,2,291,172,368,212,Jul15_1/90-20190710190130-snapshot.jpg
