4,0,20190809,083100,36,1,200,287,237,318,Aug16_0/01-20190809083100-snapshot.jpg
4,0,20190809,083330,49,1,202,287,238,317,Aug16_0/01-20190809083330-snapshot.jpg
4,0,20190809,083400,43,1,201,287,237,317,Aug16_0/01-20190809083400-snapshot.jpg
4,0,20190809,083430,46,1,202,287,238,318,Aug16_0/01-20190809083430-snapshot.jpg
4,0,20190809,083500,37,1,202,287,239,318,Aug16_0/01-20190809083500-snapshot.jpg
4,0,20190809,083600,48,1,202,287,238,318,Aug16_0/01-20190809083600-snapshot.jpg
4,0,20190809,083630,27,1,202,287,238,318,Aug16_0/01-20190809083630-snapshot.jpg
4,0,20190809,083700,67,1,202,287,237,318,Aug16_0/01-20190809083700-snapshot.jpg
4,0,20190809,083730,49,1,203,287,238,318,Aug16_0/01-20190809083730-snapshot.jpg
4,0,20190809,083900,54,1,203,287,239,318,Aug16_0/01-20190809083900-snapshot.jpg
4,0,20190809,083930,49,1,203,288,239,319,Aug16_0/01-20190809083930-snapshot.jpg
4,0,20190809,101900,63,8,1428,734,1510,802,Aug16_0/04-20190809101900-snapshot.jpg
4,0,20190809,102700,82,8,1578,1011,1663,1060,Aug16_0/04-20190809102700-snapshot.jpg
4,0,20190809,104500,83,8,885,998,968,1067,Aug16_0/04-20190809104500-snapshot.jpg
4,0,20190809,110430,88,4,1144,694,1228,776,Aug16_0/04-20190809110430-snapshot.jpg
4,0,20190809,114900,77,4,613,547,685,625,Aug16_0/06-20190809114900-snapshot.jpg
4,0,20190809,121400,86,2,353,563,435,624,Aug16_0/06-20190809121400-snapshot.jpg
4,0,20190809,121630,84,2,767,819,845,893,Aug16_0/06-20190809121630-snapshot.jpg
4,0,20190809,121700,58,2,1136,743,1194,818,Aug16_0/06-20190809121700-snapshot.jpg
4,0,20190809,121730,86,2,892,741,974,800,Aug16_0/06-20190809121730-snapshot.jpg
4,0,20190809,121800,87,2,952,638,1006,718,Aug16_0/06-20190809121800-snapshot.jpg
4,0,20190809,122600,80,2,1072,802,1137,871,Aug16_0/06-20190809122600-snapshot.jpg
4,0,20190809,122730,64,2,833,882,914,966,Aug16_0/06-20190809122730-snapshot.jpg
4,0,20190809,123130,86,7,1034,753,1165,879,Aug16_0/06-20190809123130-snapshot.jpg
4,0,20190809,123200,86,7,915,708,1058,847,Aug16_0/06-20190809123200-snapshot.jpg
4,0,20190809,123230,85,7,572,631,693,704,Aug16_0/06-20190809123230-snapshot.jpg
4,0,20190809,123300,85,7,396,642,552,773,Aug16_0/06-20190809123300-snapshot.jpg
4,0,20190809,123830,86,8,998,84,1053,154,Aug16_0/06-20190809123830-snapshot.jpg
4,0,20190809,125200,90,7,1014,702,1174,920,Aug16_0/06-20190809125200-snapshot.jpg
4,0,20190809,125230,89,7,1130,741,1258,852,Aug16_0/06-20190809125230-snapshot.jpg
4,0,20190809,125300,79,7,860,656,1062,812,Aug16_0/06-20190809125300-snapshot.jpg
4,0,20190809,125330,85,7,825,791,1053,924,Aug16_0/06-20190809125330-snapshot.jpg
4,0,20190809,125400,83,7,840,682,1067,831,Aug16_0/06-20190809125400-snapshot.jpg
4,0,20190809,125430,80,7,1083,716,1272,906,Aug16_0/06-20190809125430-snapshot.jpg
4,0,20190809,125500,87,7,1047,664,1191,883,Aug16_0/06-20190809125500-snapshot.jpg
4,0,20190809,125530,90,7,1105,693,1231,852,Aug16_0/06-20190809125530-snapshot.jpg
4,0,20190809,125600,80,7,1331,790,1586,1003,Aug16_0/06-20190809125600-snapshot.jpg
4,0,20190809,130300,75,2,943,775,1024,829,Aug16_0/06-20190809130300-snapshot.jpg
4,0,20190809,131000,27,2,248,708,320,764,Aug16_0/06-20190809131000-snapshot.jpg
4,0,20190809,131200,83,2,872,809,950,862,Aug16_0/06-20190809131200-snapshot.jpg
4,0,20190809,131300,86,4,1083,784,1160,840,Aug16_0/06-20190809131300-snapshot.jpg
4,0,20190809,131700,79,2,1134,673,1213,742,Aug16_0/06-20190809131700-snapshot.jpg
4,0,20190809,132300,30,1,1894,341,1920,390,Aug16_0/06-20190809132300-snapshot.jpg
4,0,20190809,133000,83,4,788,699,841,750,Aug16_0/06-20190809133000-snapshot.jpg
4,0,20190809,133030,86,4,1085,769,1155,840,Aug16_0/06-20190809133030-snapshot.jpg
4,0,20190809,133600,50,1,113,598,150,630,Aug16_0/06-20190809133600-snapshot.jpg
4,0,20190809,133700,89,4,558,596,630,708,Aug16_0/06-20190809133700-snapshot.jpg
4,0,20190809,133730,51,2,175,66,253,123,Aug16_0/06-20190809133730-snapshot.jpg
4,0,20190809,135200,90,4,825,784,917,843,Aug16_0/06-20190809135200-snapshot.jpg
4,0,20190809,135230,87,4,1821,626,1909,689,Aug16_0/06-20190809135230-snapshot.jpg
4,0,20190809,135400,79,2,1033,782,1121,838,Aug16_0/06-20190809135400-snapshot.jpg
4,0,20190809,140300,87,8,721,956,777,1048,Aug16_0/06-20190809140300-snapshot.jpg
4,0,20190809,140400,81,8,572,1017,643,1065,Aug16_0/06-20190809140400-snapshot.jpg
4,0,20190809,141030,84,2,963,871,1027,939,Aug16_0/06-20190809141030-snapshot.jpg
4,0,20190809,141130,82,2,929,706,980,773,Aug16_0/06-20190809141130-snapshot.jpg
4,0,20190809,141200,87,2,982,701,1060,769,Aug16_0/06-20190809141200-snapshot.jpg
4,0,20190809,141600,88,4,933,752,1015,830,Aug16_0/06-20190809141600-snapshot.jpg
4,0,20190809,142530,89,4,140,38,234,119,Aug16_0/06-20190809142530-snapshot.jpg
4,0,20190809,142600,86,4,1047,616,1141,687,Aug16_0/06-20190809142600-snapshot.jpg
4,0,20190809,142630,78,8,1636,52,1730,116,Aug16_0/06-20190809142630-snapshot.jpg
4,0,20190809,142800,88,4,790,731,852,810,Aug16_0/06-20190809142800-snapshot.jpg
4,0,20190809,143830,86,4,844,691,904,750,Aug16_0/07-20190809143830-snapshot.jpg
4,0,20190809,144000,78,1,986,962,1025,994,Aug16_0/07-20190809144000-snapshot.jpg
4,0,20190809,145000,89,4,889,821,973,896,Aug16_0/07-20190809145000-snapshot.jpg
4,0,20190809,145030,84,4,1086,648,1168,726,Aug16_0/07-20190809145030-snapshot.jpg
4,0,20190809,145100,87,4,806,807,891,878,Aug16_0/07-20190809145100-snapshot.jpg
4,0,20190809,150000,86,4,1028,665,1088,731,Aug16_0/07-20190809150000-snapshot.jpg
4,0,20190809,151400,85,4,1085,774,1162,843,Aug16_0/08-20190809151400-snapshot.jpg
4,0,20190809,152430,81,8,1074,189,1134,260,Aug16_0/08-20190809152430-snapshot.jpg
4,0,20190809,153430,87,4,848,822,940,885,Aug16_0/08-20190809153430-snapshot.jpg
4,0,20190809,153500,91,4,188,63,279,142,Aug16_0/08-20190809153500-snapshot.jpg
4,0,20190809,153600,83,4,973,711,1038,798,Aug16_0/08-20190809153600-snapshot.jpg
4,0,20190809,154730,86,9,990,756,1082,809,Aug16_0/08-20190809154730-snapshot.jpg
4,0,20190809,155630,81,2,1147,645,1206,712,Aug16_0/08-20190809155630-snapshot.jpg
4,0,20190809,160700,87,4,138,72,214,145,Aug16_0/08-20190809160700-snapshot.jpg
4,0,20190809,160730,90,4,908,661,999,723,Aug16_0/08-20190809160730-snapshot.jpg
4,0,20190809,160900,87,4,792,726,873,795,Aug16_0/08-20190809160900-snapshot.jpg
4,0,20190809,160930,89,4,928,761,1015,828,Aug16_0/08-20190809160930-snapshot.jpg
4,0,20190809,162030,79,2,500,632,593,715,Aug16_0/08-20190809162030-snapshot.jpg
4,0,20190809,162830,88,4,315,242,416,321,Aug16_0/08-20190809162830-snapshot.jpg
4,0,20190809,163330,87,4,1058,778,1131,853,Aug16_0/08-20190809163330-snapshot.jpg
4,0,20190809,170130,87,4,846,736,906,812,Aug16_0/08-20190809170130-snapshot.jpg
4,0,20190809,172100,86,4,945,674,999,741,Aug16_0/08-20190809172100-snapshot.jpg
4,0,20190809,172130,81,4,762,921,812,977,Aug16_0/08-20190809172130-snapshot.jpg
4,0,20190809,172330,82,2,1099,752,1157,818,Aug16_0/08-20190809172330-snapshot.jpg
4,0,20190809,173030,88,4,961,740,1046,823,Aug16_0/08-20190809173030-snapshot.jpg
4,0,20190809,175230,87,2,862,730,946,784,Aug16_0/08-20190809175230-snapshot.jpg
4,0,20190809,181000,88,4,812,769,895,844,Aug16_0/08-20190809181000-snapshot.jpg
4,0,20190809,181030,74,4,1883,363,1920,446,Aug16_0/08-20190809181030-snapshot.jpg
4,0,20190809,181500,80,2,1001,787,1082,850,Aug16_0/08-20190809181500-snapshot.jpg
4,0,20190809,181530,80,2,794,693,848,753,Aug16_0/08-20190809181530-snapshot.jpg
4,0,20190809,181700,82,8,1561,385,1642,437,Aug16_0/08-20190809181700-snapshot.jpg
4,0,20190809,182330,76,2,1081,676,1164,727,Aug16_0/08-20190809182330-snapshot.jpg
4,0,20190809,182400,75,2,871,819,943,882,Aug16_0/08-20190809182400-snapshot.jpg
4,0,20190809,182430,88,2,885,665,942,741,Aug16_0/08-20190809182430-snapshot.jpg
4,0,20190809,182500,85,2,140,100,225,149,Aug16_0/08-20190809182500-snapshot.jpg
4,0,20190809,183700,87,2,389,137,468,203,Aug16_0/08-20190809183700-snapshot.jpg
4,0,20190809,184600,79,8,1834,804,1912,874,Aug16_0/08-20190809184600-snapshot.jpg
4,0,20190809,191130,84,4,763,708,824,795,Aug16_0/08-20190809191130-snapshot.jpg
4,0,20190809,193400,80,8,1114,177,1172,243,Aug16_0/08-20190809193400-snapshot.jpg
4,0,20190809,193630,88,4,892,800,969,867,Aug16_0/08-20190809193630-snapshot.jpg
4,0,20190809,193700,59,4,870,651,943,699,Aug16_0/08-20190809193700-snapshot.jpg
4,0,20190809,195800,81,4,1013,750,1102,813,Aug16_0/08-20190809195800-snapshot.jpg
4,0,20190809,195830,85,4,156,54,232,119,Aug16_0/08-20190809195830-snapshot.jpg
4,0,20190809,204100,58,2,1155,707,1211,775,Aug16_0/08-20190809204100-snapshot.jpg
4,0,20190809,204400,84,4,1064,624,1135,692,Aug16_0/08-20190809204400-snapshot.jpg
4,0,20190809,210000,80,2,788,695,868,758,Aug16_0/08-20190809210000-snapshot.jpg
4,0,20190812,073830,77,8,1564,481,1640,533,Aug16_0/119-20190812073830-snapshot.jpg
4,0,20190812,082230,74,8,1521,221,1587,283,Aug16_0/128-20190812082230-snapshot.jpg
4,0,20190812,103130,34,4,1889,461,1920,538,Aug16_0/128-20190812103130-snapshot.jpg
4,0,20190812,103530,84,4,513,467,566,534,Aug16_0/128-20190812103530-snapshot.jpg
4,0,20190812,103600,83,4,441,290,519,366,Aug16_0/128-20190812103600-snapshot.jpg
4,0,20190812,103730,25,1,109,378,145,412,Aug16_0/128-20190812103730-snapshot.jpg
4,0,20190812,104300,46,1,1358,359,1397,397,Aug16_0/128-20190812104300-snapshot.jpg
4,0,20190812,104630,56,1,180,687,219,717,Aug16_0/128-20190812104630-snapshot.jpg
4,0,20190812,104730,78,1,1246,680,1285,716,Aug16_0/128-20190812104730-snapshot.jpg
4,0,20190812,104800,74,1,584,213,622,248,Aug16_0/128-20190812104800-snapshot.jpg
4,0,20190812,104830,76,1,662,90,702,126,Aug16_0/128-20190812104830-snapshot.jpg
4,0,20190812,111430,88,4,873,814,970,872,Aug16_0/128-20190812111430-snapshot.jpg
4,0,20190812,111800,81,2,386,173,461,218,Aug16_0/128-20190812111800-snapshot.jpg
4,0,20190812,111830,85,2,395,710,454,779,Aug16_0/128-20190812111830-snapshot.jpg
4,0,20190812,114030,86,4,970,507,1025,579,Aug16_0/128-20190812114030-snapshot.jpg
4,0,20190812,114430,81,2,308,604,368,677,Aug16_0/128-20190812114430-snapshot.jpg
4,0,20190812,114730,85,2,531,574,606,628,Aug16_0/128-20190812114730-snapshot.jpg
4,0,20190812,114800,83,2,455,154,519,216,Aug16_0/128-20190812114800-snapshot.jpg
4,0,20190812,114930,82,2,850,429,922,488,Aug16_0/128-20190812114930-snapshot.jpg
4,0,20190812,115130,84,2,782,372,857,428,Aug16_0/128-20190812115130-snapshot.jpg
4,0,20190812,115200,91,7,1033,684,1206,814,Aug16_0/128-20190812115200-snapshot.jpg
4,0,20190812,115230,89,7,1024,676,1153,864,Aug16_0/128-20190812115230-snapshot.jpg
4,0,20190812,115300,88,7,929,664,1058,846,Aug16_0/128-20190812115300-snapshot.jpg
4,0,20190812,115330,88,7,755,756,967,880,Aug16_0/128-20190812115330-snapshot.jpg
4,0,20190812,115530,85,8,924,85,1017,154,Aug16_0/128-20190812115530-snapshot.jpg
4,0,20190812,115930,82,2,408,609,481,682,Aug16_0/128-20190812115930-snapshot.jpg
4,0,20190812,120100,88,4,1026,284,1108,346,Aug16_0/128-20190812120100-snapshot.jpg
4,0,20190812,120200,81,2,989,787,1053,852,Aug16_0/128-20190812120200-snapshot.jpg
4,0,20190812,120300,72,8,1730,194,1792,266,Aug16_0/128-20190812120300-snapshot.jpg
4,0,20190812,121530,82,2,829,316,903,379,Aug16_0/128-20190812121530-snapshot.jpg
4,0,20190812,121600,88,2,976,615,1030,697,Aug16_0/128-20190812121600-snapshot.jpg
4,0,20190812,122330,86,9,801,722,888,787,Aug16_0/128-20190812122330-snapshot.jpg
4,0,20190812,122400,85,9,949,661,1016,732,Aug16_0/128-20190812122400-snapshot.jpg
4,0,20190812,122500,82,4,1026,219,1088,290,Aug16_0/128-20190812122500-snapshot.jpg
4,0,20190812,122630,85,2,684,862,740,923,Aug16_0/128-20190812122630-snapshot.jpg
4,0,20190812,122700,86,2,853,679,910,748,Aug16_0/128-20190812122700-snapshot.jpg
4,0,20190812,122730,85,2,1026,759,1087,829,Aug16_0/128-20190812122730-snapshot.jpg
4,0,20190812,122800,81,2,839,384,892,459,Aug16_0/128-20190812122800-snapshot.jpg
4,0,20190812,122830,86,2,460,510,528,578,Aug16_0/128-20190812122830-snapshot.jpg
4,0,20190812,122900,86,2,1070,773,1165,827,Aug16_0/128-20190812122900-snapshot.jpg
4,0,20190812,123030,88,7,80,185,286,327,Aug16_0/128-20190812123030-snapshot.jpg
4,0,20190812,123700,84,1,202,915,245,955,Aug16_0/128-20190812123700-snapshot.jpg
4,0,20190812,123900,48,1,675,352,713,387,Aug16_0/128-20190812123900-snapshot.jpg
4,0,20190812,123930,40,1,678,350,717,386,Aug16_0/128-20190812123930-snapshot.jpg
4,0,20190812,124000,72,1,677,349,714,387,Aug16_0/128-20190812124000-snapshot.jpg
4,0,20190812,124130,81,1,571,196,609,229,Aug16_0/128-20190812124130-snapshot.jpg
4,0,20190812,124230,82,1,1302,164,1343,197,Aug16_0/128-20190812124230-snapshot.jpg
4,0,20190812,124300,84,2,1049,623,1104,698,Aug16_0/128-20190812124300-snapshot.jpg
4,0,20190812,124330,82,2,1117,753,1182,813,Aug16_0/128-20190812124330-snapshot.jpg
4,0,20190812,124500,85,2,18,928,106,977,Aug16_0/128-20190812124500-snapshot.jpg
4,0,20190812,124600,77,2,155,211,230,270,Aug16_0/128-20190812124600-snapshot.jpg
4,0,20190812,124630,66,2,420,744,479,803,Aug16_0/128-20190812124630-snapshot.jpg
4,0,20190812,124630,85,2,949,654,1031,702,Aug16_0/128-20190812124630-snapshot.jpg
4,0,20190812,125030,88,4,420,207,498,274,Aug16_0/128-20190812125030-snapshot.jpg
4,0,20190812,125330,60,2,1134,671,1190,732,Aug16_0/128-20190812125330-snapshot.jpg
4,0,20190812,125430,84,2,349,615,428,686,Aug16_0/128-20190812125430-snapshot.jpg
4,0,20190812,125500,86,2,807,718,892,772,Aug16_0/128-20190812125500-snapshot.jpg
4,0,20190812,125530,86,2,1003,502,1083,568,Aug16_0/128-20190812125530-snapshot.jpg
4,0,20190812,125600,86,2,947,706,998,779,Aug16_0/128-20190812125600-snapshot.jpg
4,0,20190812,125630,87,2,894,819,975,872,Aug16_0/128-20190812125630-snapshot.jpg
4,0,20190812,125700,89,2,490,706,578,765,Aug16_0/128-20190812125700-snapshot.jpg
4,0,20190812,125730,76,2,831,348,892,419,Aug16_0/128-20190812125730-snapshot.jpg
4,0,20190812,125800,58,8,801,94,871,143,Aug16_0/128-20190812125800-snapshot.jpg
4,0,20190812,125830,87,2,732,924,819,988,Aug16_0/128-20190812125830-snapshot.jpg
4,0,20190812,130030,83,8,670,130,726,198,Aug16_0/128-20190812130030-snapshot.jpg
4,0,20190812,130300,84,2,841,818,928,869,Aug16_0/128-20190812130300-snapshot.jpg
4,0,20190812,130400,86,2,450,131,525,195,Aug16_0/128-20190812130400-snapshot.jpg
4,0,20190812,130400,86,2,845,380,911,447,Aug16_0/128-20190812130400-snapshot.jpg
4,0,20190812,130430,85,2,667,580,739,649,Aug16_0/128-20190812130430-snapshot.jpg
4,0,20190812,130530,88,4,643,359,733,425,Aug16_0/128-20190812130530-snapshot.jpg
4,0,20190812,130730,29,2,1336,799,1400,865,Aug16_0/128-20190812130730-snapshot.jpg
4,0,20190812,130730,83,2,812,791,900,841,Aug16_0/128-20190812130730-snapshot.jpg
4,0,20190812,131000,82,2,856,411,915,481,Aug16_0/128-20190812131000-snapshot.jpg
4,0,20190812,131030,84,2,465,437,539,505,Aug16_0/128-20190812131030-snapshot.jpg
4,0,20190812,131330,84,2,419,244,496,302,Aug16_0/128-20190812131330-snapshot.jpg
4,0,20190812,131400,85,8,528,955,587,1034,Aug16_0/128-20190812131400-snapshot.jpg
4,0,20190812,131400,86,2,1052,655,1128,723,Aug16_0/128-20190812131400-snapshot.jpg
4,0,20190812,131630,77,2,976,728,1057,781,Aug16_0/128-20190812131630-snapshot.jpg
4,0,20190812,131700,85,2,24,907,121,957,Aug16_0/128-20190812131700-snapshot.jpg
4,0,20190812,131900,85,2,403,208,458,284,Aug16_0/128-20190812131900-snapshot.jpg
4,0,20190812,132000,84,2,510,735,608,789,Aug16_0/128-20190812132000-snapshot.jpg
4,0,20190812,132030,71,2,830,338,882,408,Aug16_0/128-20190812132030-snapshot.jpg
4,0,20190812,132100,85,2,988,263,1040,337,Aug16_0/128-20190812132100-snapshot.jpg
4,0,20190812,132100,87,2,323,652,382,734,Aug16_0/128-20190812132100-snapshot.jpg
4,0,20190812,132200,88,7,1011,606,1120,726,Aug16_0/128-20190812132200-snapshot.jpg
4,0,20190812,132230,77,7,829,91,949,223,Aug16_0/128-20190812132230-snapshot.jpg
4,0,20190812,132230,85,2,92,227,148,300,Aug16_0/128-20190812132230-snapshot.jpg
4,0,20190812,132230,91,7,952,604,1084,790,Aug16_0/128-20190812132230-snapshot.jpg
4,0,20190812,132900,84,2,410,219,500,275,Aug16_0/128-20190812132900-snapshot.jpg
4,0,20190812,133000,86,4,767,750,823,819,Aug16_0/128-20190812133000-snapshot.jpg
4,0,20190812,133030,85,2,291,475,350,556,Aug16_0/128-20190812133030-snapshot.jpg
4,0,20190812,133400,70,2,1126,736,1200,780,Aug16_0/128-20190812133400-snapshot.jpg
4,0,20190812,133430,78,2,831,670,914,719,Aug16_0/128-20190812133430-snapshot.jpg
4,0,20190812,133700,86,2,454,632,525,695,Aug16_0/128-20190812133700-snapshot.jpg
4,0,20190812,133800,26,2,989,773,1058,826,Aug16_0/128-20190812133800-snapshot.jpg
4,0,20190812,133830,68,2,0,905,62,970,Aug16_0/128-20190812133830-snapshot.jpg
4,0,20190812,133830,75,2,850,742,919,799,Aug16_0/128-20190812133830-snapshot.jpg
4,0,20190812,133900,82,2,863,786,916,848,Aug16_0/128-20190812133900-snapshot.jpg
4,0,20190812,133930,57,2,987,733,1044,807,Aug16_0/128-20190812133930-snapshot.jpg
4,0,20190812,134000,66,1,340,1057,382,1079,Aug16_0/128-20190812134000-snapshot.jpg
4,0,20190812,134000,68,2,952,657,1007,713,Aug16_0/128-20190812134000-snapshot.jpg
4,0,20190812,134030,64,1,340,1057,382,1079,Aug16_0/128-20190812134030-snapshot.jpg
4,0,20190812,134030,86,2,1023,308,1101,361,Aug16_0/128-20190812134030-snapshot.jpg
4,0,20190812,134100,62,1,340,1057,381,1079,Aug16_0/128-20190812134100-snapshot.jpg
4,0,20190812,134100,85,2,991,512,1071,558,Aug16_0/128-20190812134100-snapshot.jpg
4,0,20190812,134130,87,2,1054,675,1125,746,Aug16_0/128-20190812134130-snapshot.jpg
4,0,20190812,134200,47,2,1154,649,1228,718,Aug16_0/128-20190812134200-snapshot.jpg
4,0,20190812,134200,60,2,1099,831,1146,881,Aug16_0/128-20190812134200-snapshot.jpg
4,0,20190812,134200,87,1,569,48,610,84,Aug16_0/128-20190812134200-snapshot.jpg
4,0,20190812,134230,81,2,884,833,956,893,Aug16_0/128-20190812134230-snapshot.jpg
4,0,20190812,134300,75,2,972,729,1031,783,Aug16_0/128-20190812134300-snapshot.jpg
4,0,20190812,134300,81,1,320,249,361,282,Aug16_0/128-20190812134300-snapshot.jpg
4,0,20190812,134330,68,2,924,182,991,238,Aug16_0/128-20190812134330-snapshot.jpg
4,0,20190812,134400,76,2,402,196,462,263,Aug16_0/128-20190812134400-snapshot.jpg
4,0,20190812,134600,80,2,1203,887,1284,954,Aug16_0/128-20190812134600-snapshot.jpg
4,0,20190812,134700,84,2,856,414,932,468,Aug16_0/128-20190812134700-snapshot.jpg
4,0,20190812,134730,73,2,521,718,608,788,Aug16_0/128-20190812134730-snapshot.jpg
4,0,20190812,134800,85,2,1002,478,1060,548,Aug16_0/128-20190812134800-snapshot.jpg
4,0,20190812,134800,86,2,361,616,416,688,Aug16_0/128-20190812134800-snapshot.jpg
4,0,20190812,134830,45,1,1679,406,1719,442,Aug16_0/128-20190812134830-snapshot.jpg
4,0,20190812,134830,81,2,868,803,926,858,Aug16_0/128-20190812134830-snapshot.jpg
4,0,20190812,134930,86,2,339,595,415,651,Aug16_0/128-20190812134930-snapshot.jpg
4,0,20190812,135030,64,2,900,852,956,910,Aug16_0/128-20190812135030-snapshot.jpg
4,0,20190812,135300,84,8,1394,745,1483,805,Aug16_0/128-20190812135300-snapshot.jpg
4,0,20190812,140000,85,2,386,636,440,704,Aug16_0/128-20190812140000-snapshot.jpg
4,0,20190812,140000,89,2,975,484,1056,540,Aug16_0/128-20190812140000-snapshot.jpg
4,0,20190812,140030,82,2,714,841,780,911,Aug16_0/128-20190812140030-snapshot.jpg
4,0,20190812,140030,84,2,885,796,973,839,Aug16_0/128-20190812140030-snapshot.jpg
4,0,20190812,140330,74,2,1036,802,1109,861,Aug16_0/128-20190812140330-snapshot.jpg
4,0,20190812,140400,62,2,956,744,1036,798,Aug16_0/128-20190812140400-snapshot.jpg
4,0,20190812,140430,80,2,922,842,999,897,Aug16_0/128-20190812140430-snapshot.jpg
4,0,20190812,140530,89,3,881,140,970,206,Aug16_0/128-20190812140530-snapshot.jpg
4,0,20190812,140600,88,3,181,218,275,278,Aug16_0/128-20190812140600-snapshot.jpg
4,0,20190812,140700,86,2,874,213,928,280,Aug16_0/128-20190812140700-snapshot.jpg
4,0,20190812,140730,84,8,750,668,840,725,Aug16_0/128-20190812140730-snapshot.jpg
4,0,20190812,140900,89,7,847,663,987,772,Aug16_0/128-20190812140900-snapshot.jpg
4,0,20190812,140930,90,7,802,770,936,910,Aug16_0/128-20190812140930-snapshot.jpg
4,0,20190812,141000,89,7,801,791,933,943,Aug16_0/128-20190812141000-snapshot.jpg
4,0,20190812,141030,89,7,760,674,912,843,Aug16_0/128-20190812141030-snapshot.jpg
4,0,20190812,141100,82,2,980,769,1055,828,Aug16_0/128-20190812141100-snapshot.jpg
4,0,20190812,141400,83,2,1051,783,1135,836,Aug16_0/128-20190812141400-snapshot.jpg
4,0,20190812,142000,84,2,796,797,876,848,Aug16_0/128-20190812142000-snapshot.jpg
4,0,20190812,142030,83,2,993,714,1051,779,Aug16_0/128-20190812142030-snapshot.jpg
4,0,20190812,142100,88,7,111,66,348,211,Aug16_0/128-20190812142100-snapshot.jpg
4,0,20190812,142330,83,4,1178,830,1253,887,Aug16_0/128-20190812142330-snapshot.jpg
4,0,20190812,142330,83,2,68,229,140,293,Aug16_0/128-20190812142330-snapshot.jpg
4,0,20190812,142400,81,8,1254,916,1341,961,Aug16_0/128-20190812142400-snapshot.jpg
4,0,20190812,142830,85,2,347,614,405,684,Aug16_0/128-20190812142830-snapshot.jpg
4,0,20190812,143130,77,2,806,437,879,503,Aug16_0/128-20190812143130-snapshot.jpg
4,0,20190812,143600,73,8,657,19,707,82,Aug16_0/128-20190812143600-snapshot.jpg
4,0,20190812,143700,84,1,1570,818,1609,850,Aug16_0/128-20190812143700-snapshot.jpg
4,0,20190812,143800,80,1,1254,533,1296,569,Aug16_0/128-20190812143800-snapshot.jpg
4,0,20190812,143830,80,2,875,201,954,259,Aug16_0/128-20190812143830-snapshot.jpg
4,0,20190812,143830,84,1,1546,165,1587,204,Aug16_0/128-20190812143830-snapshot.jpg
4,0,20190812,143900,85,2,962,641,1018,713,Aug16_0/128-20190812143900-snapshot.jpg
4,0,20190812,144030,83,1,529,919,573,957,Aug16_0/128-20190812144030-snapshot.jpg
4,0,20190812,144100,85,3,986,788,1065,860,Aug16_0/128-20190812144100-snapshot.jpg
4,0,20190812,144400,71,2,901,842,964,904,Aug16_0/128-20190812144400-snapshot.jpg
4,0,20190812,144500,81,2,1172,639,1245,706,Aug16_0/128-20190812144500-snapshot.jpg
4,0,20190812,144730,80,2,1219,501,1289,594,Aug16_0/128-20190812144730-snapshot.jpg
4,0,20190812,145000,57,2,900,848,975,908,Aug16_0/128-20190812145000-snapshot.jpg
4,0,20190812,145230,82,8,564,265,637,313,Aug16_0/128-20190812145230-snapshot.jpg
4,0,20190812,145400,83,2,986,673,1060,732,Aug16_0/128-20190812145400-snapshot.jpg
4,0,20190812,145730,84,2,540,393,600,457,Aug16_0/128-20190812145730-snapshot.jpg
4,0,20190812,145800,75,2,933,712,1004,754,Aug16_0/128-20190812145800-snapshot.jpg
4,0,20190812,150130,87,3,1062,613,1153,691,Aug16_0/128-20190812150130-snapshot.jpg
4,0,20190812,150200,87,3,406,154,464,234,Aug16_0/128-20190812150200-snapshot.jpg
4,0,20190812,150300,81,4,772,740,832,812,Aug16_0/128-20190812150300-snapshot.jpg
4,0,20190812,150600,87,3,856,153,948,209,Aug16_0/128-20190812150600-snapshot.jpg
4,0,20190812,150730,76,2,868,846,939,908,Aug16_0/128-20190812150730-snapshot.jpg
4,0,20190812,150730,84,2,953,698,1012,759,Aug16_0/128-20190812150730-snapshot.jpg
4,0,20190812,150830,78,2,1289,605,1351,678,Aug16_0/128-20190812150830-snapshot.jpg
4,0,20190812,150900,82,2,198,221,281,266,Aug16_0/128-20190812150900-snapshot.jpg
4,0,20190812,151400,79,9,801,793,873,846,Aug16_0/128-20190812151400-snapshot.jpg
4,0,20190812,151400,88,7,876,692,1020,925,Aug16_0/128-20190812151400-snapshot.jpg
4,0,20190812,151430,89,7,841,814,971,941,Aug16_0/128-20190812151430-snapshot.jpg
4,0,20190812,151500,84,7,372,750,567,857,Aug16_0/128-20190812151500-snapshot.jpg
4,0,20190812,151900,76,2,84,213,159,261,Aug16_0/128-20190812151900-snapshot.jpg
4,0,20190812,152030,88,7,384,141,578,296,Aug16_0/128-20190812152030-snapshot.jpg
4,0,20190812,152100,86,7,337,540,556,688,Aug16_0/128-20190812152100-snapshot.jpg
4,0,20190812,152130,82,7,410,662,652,810,Aug16_0/128-20190812152130-snapshot.jpg
4,0,20190812,152200,89,7,787,818,924,964,Aug16_0/128-20190812152200-snapshot.jpg
4,0,20190812,152230,89,7,895,735,1052,865,Aug16_0/128-20190812152230-snapshot.jpg
4,0,20190812,152300,90,7,1095,738,1228,894,Aug16_0/128-20190812152300-snapshot.jpg
4,0,20190812,152600,89,3,787,275,850,359,Aug16_0/128-20190812152600-snapshot.jpg
4,0,20190812,152730,81,2,462,159,516,233,Aug16_0/128-20190812152730-snapshot.jpg
4,0,20190812,152800,86,2,1028,518,1085,592,Aug16_0/128-20190812152800-snapshot.jpg
4,0,20190812,152830,80,2,787,806,871,870,Aug16_0/128-20190812152830-snapshot.jpg
4,0,20190812,152900,82,2,504,727,566,799,Aug16_0/128-20190812152900-snapshot.jpg
4,0,20190812,153000,88,3,1554,564,1659,635,Aug16_0/128-20190812153000-snapshot.jpg
4,0,20190812,153100,83,2,970,825,1036,894,Aug16_0/128-20190812153100-snapshot.jpg
4,0,20190812,153330,85,2,945,674,1014,737,Aug16_0/128-20190812153330-snapshot.jpg
4,0,20190812,153630,84,2,351,620,409,695,Aug16_0/128-20190812153630-snapshot.jpg
4,0,20190812,153800,26,2,670,771,754,814,Aug16_0/128-20190812153800-snapshot.jpg
4,0,20190812,153800,82,4,780,746,857,815,Aug16_0/128-20190812153800-snapshot.jpg
4,0,20190812,154400,85,2,953,688,1009,751,Aug16_0/128-20190812154400-snapshot.jpg
4,0,20190812,154430,85,2,446,591,492,664,Aug16_0/128-20190812154430-snapshot.jpg
4,0,20190812,154500,82,2,79,225,155,278,Aug16_0/128-20190812154500-snapshot.jpg
4,0,20190812,154500,86,2,892,141,969,215,Aug16_0/128-20190812154500-snapshot.jpg
4,0,20190812,154530,68,2,1116,809,1175,855,Aug16_0/128-20190812154530-snapshot.jpg
4,0,20190812,154530,80,2,1854,408,1920,461,Aug16_0/128-20190812154530-snapshot.jpg
4,0,20190812,154530,85,2,850,819,934,877,Aug16_0/128-20190812154530-snapshot.jpg
4,0,20190812,154700,75,2,783,701,850,752,Aug16_0/128-20190812154700-snapshot.jpg
4,0,20190812,154730,72,7,1876,721,1920,818,Aug16_0/128-20190812154730-snapshot.jpg
4,0,20190812,154730,85,2,1051,630,1110,705,Aug16_0/128-20190812154730-snapshot.jpg
4,0,20190812,154930,84,2,441,745,530,792,Aug16_0/128-20190812154930-snapshot.jpg
4,0,20190812,155100,80,2,1712,761,1800,806,Aug16_0/128-20190812155100-snapshot.jpg
4,0,20190812,155430,84,8,544,247,626,297,Aug16_0/128-20190812155430-snapshot.jpg
4,0,20190812,155600,80,2,72,213,147,269,Aug16_0/128-20190812155600-snapshot.jpg
4,0,20190812,155800,87,3,8,916,79,983,Aug16_0/128-20190812155800-snapshot.jpg
4,0,20190812,160330,87,2,800,733,885,790,Aug16_0/128-20190812160330-snapshot.jpg
4,0,20190812,160930,58,2,443,732,501,792,Aug16_0/128-20190812160930-snapshot.jpg
4,0,20190812,160930,80,2,867,667,946,720,Aug16_0/128-20190812160930-snapshot.jpg
4,0,20190812,161000,84,2,812,723,892,781,Aug16_0/128-20190812161000-snapshot.jpg
4,0,20190812,161000,85,2,859,808,918,876,Aug16_0/128-20190812161000-snapshot.jpg
4,0,20190812,161030,81,2,877,797,940,866,Aug16_0/128-20190812161030-snapshot.jpg
4,0,20190812,161330,82,2,800,353,847,425,Aug16_0/128-20190812161330-snapshot.jpg
4,0,20190812,161400,73,2,473,750,545,802,Aug16_0/128-20190812161400-snapshot.jpg
4,0,20190812,161700,72,2,441,767,518,826,Aug16_0/128-20190812161700-snapshot.jpg
4,0,20190812,161730,69,2,1156,748,1227,802,Aug16_0/128-20190812161730-snapshot.jpg
4,0,20190812,161730,82,2,1266,448,1339,513,Aug16_0/128-20190812161730-snapshot.jpg
4,0,20190812,161830,88,2,998,324,1081,378,Aug16_0/128-20190812161830-snapshot.jpg
4,0,20190812,161900,74,2,786,728,841,780,Aug16_0/128-20190812161900-snapshot.jpg
4,0,20190812,161930,78,2,1881,456,1920,519,Aug16_0/128-20190812161930-snapshot.jpg
4,0,20190812,162100,68,2,949,662,1018,710,Aug16_0/128-20190812162100-snapshot.jpg
4,0,20190812,162130,87,2,1035,662,1110,722,Aug16_0/128-20190812162130-snapshot.jpg
4,0,20190812,162200,65,2,899,848,965,908,Aug16_0/128-20190812162200-snapshot.jpg
4,0,20190812,162230,86,2,903,676,985,720,Aug16_0/128-20190812162230-snapshot.jpg
4,0,20190812,162730,85,3,432,731,493,794,Aug16_0/128-20190812162730-snapshot.jpg
4,0,20190812,162930,70,2,1127,755,1187,808,Aug16_0/128-20190812162930-snapshot.jpg
4,0,20190812,163000,76,1,708,997,747,1029,Aug16_0/128-20190812163000-snapshot.jpg
4,0,20190812,163130,42,2,1869,336,1920,401,Aug16_0/128-20190812163130-snapshot.jpg
4,0,20190812,163200,81,2,981,782,1047,851,Aug16_0/128-20190812163200-snapshot.jpg
4,0,20190812,163230,62,2,1128,770,1193,815,Aug16_0/128-20190812163230-snapshot.jpg
4,0,20190812,163330,89,7,796,804,910,939,Aug16_0/128-20190812163330-snapshot.jpg
4,0,20190812,163400,77,2,849,452,919,511,Aug16_0/128-20190812163400-snapshot.jpg
4,0,20190812,163700,83,8,1583,612,1659,681,Aug16_0/128-20190812163700-snapshot.jpg
4,0,20190812,163730,88,3,445,729,546,789,Aug16_0/128-20190812163730-snapshot.jpg
4,0,20190812,164130,79,2,0,272,39,347,Aug16_0/128-20190812164130-snapshot.jpg
4,0,20190812,164530,77,2,237,93,322,151,Aug16_0/128-20190812164530-snapshot.jpg
4,0,20190812,164600,74,2,57,227,121,287,Aug16_0/128-20190812164600-snapshot.jpg
4,0,20190812,164600,83,2,829,812,886,877,Aug16_0/128-20190812164600-snapshot.jpg
4,0,20190812,164930,87,3,431,176,490,249,Aug16_0/128-20190812164930-snapshot.jpg
4,0,20190812,165330,80,2,134,119,190,184,Aug16_0/128-20190812165330-snapshot.jpg
4,0,20190812,165400,67,2,415,656,475,718,Aug16_0/128-20190812165400-snapshot.jpg
4,0,20190812,165430,78,2,436,739,507,798,Aug16_0/128-20190812165430-snapshot.jpg
4,0,20190812,165500,80,2,850,771,929,816,Aug16_0/128-20190812165500-snapshot.jpg
4,0,20190812,165630,83,2,1004,237,1059,310,Aug16_0/128-20190812165630-snapshot.jpg
4,0,20190812,165700,67,2,990,796,1066,845,Aug16_0/128-20190812165700-snapshot.jpg
4,0,20190812,165700,81,2,810,373,865,434,Aug16_0/128-20190812165700-snapshot.jpg
4,0,20190812,165730,79,2,961,728,1039,775,Aug16_0/128-20190812165730-snapshot.jpg
4,0,20190812,165800,81,2,972,246,1046,303,Aug16_0/128-20190812165800-snapshot.jpg
4,0,20190812,170230,83,2,885,212,937,285,Aug16_0/128-20190812170230-snapshot.jpg
4,0,20190812,170300,72,2,1867,820,1920,899,Aug16_0/128-20190812170300-snapshot.jpg
4,0,20190812,170530,79,2,836,837,919,900,Aug16_0/128-20190812170530-snapshot.jpg
4,0,20190812,170600,84,2,1052,666,1107,743,Aug16_0/128-20190812170600-snapshot.jpg
4,0,20190812,170830,83,2,351,656,406,719,Aug16_0/128-20190812170830-snapshot.jpg
4,0,20190812,171800,80,2,99,259,189,306,Aug16_0/128-20190812171800-snapshot.jpg
4,0,20190812,171930,76,2,1050,790,1111,860,Aug16_0/128-20190812171930-snapshot.jpg
4,0,20190812,172030,75,2,1140,740,1217,787,Aug16_0/128-20190812172030-snapshot.jpg
4,0,20190812,172030,86,4,448,760,523,818,Aug16_0/128-20190812172030-snapshot.jpg
4,0,20190812,172100,82,2,1250,460,1308,536,Aug16_0/128-20190812172100-snapshot.jpg
4,0,20190812,172100,88,3,945,712,1019,782,Aug16_0/128-20190812172100-snapshot.jpg
4,0,20190812,172130,89,3,906,669,986,731,Aug16_0/128-20190812172130-snapshot.jpg
4,0,20190812,172330,67,2,897,852,960,911,Aug16_0/128-20190812172330-snapshot.jpg
4,0,20190812,172530,88,3,1027,293,1088,376,Aug16_0/128-20190812172530-snapshot.jpg
4,0,20190812,172600,85,2,588,523,655,584,Aug16_0/128-20190812172600-snapshot.jpg
4,0,20190812,173130,80,4,81,218,143,264,Aug16_0/128-20190812173130-snapshot.jpg
4,0,20190812,173300,67,2,64,300,132,372,Aug16_0/128-20190812173300-snapshot.jpg
4,0,20190812,173330,85,4,839,435,915,490,Aug16_0/128-20190812173330-snapshot.jpg
4,0,20190812,173930,78,2,5,951,83,1011,Aug16_0/128-20190812173930-snapshot.jpg
4,0,20190812,174200,27,1,0,2,21,32,Aug16_0/128-20190812174200-snapshot.jpg
4,0,20190812,174300,65,1,284,196,326,228,Aug16_0/128-20190812174300-snapshot.jpg
4,0,20190812,174400,70,1,707,572,744,610,Aug16_0/128-20190812174400-snapshot.jpg
4,0,20190812,174400,86,3,883,661,974,714,Aug16_0/128-20190812174400-snapshot.jpg
4,0,20190812,174430,88,3,829,809,924,882,Aug16_0/128-20190812174430-snapshot.jpg
4,0,20190812,174600,77,4,819,247,894,314,Aug16_0/128-20190812174600-snapshot.jpg
4,0,20190812,174630,86,3,857,745,915,820,Aug16_0/128-20190812174630-snapshot.jpg
4,0,20190812,174800,73,1,1408,386,1448,422,Aug16_0/128-20190812174800-snapshot.jpg
4,0,20190812,174930,81,2,15,930,93,979,Aug16_0/128-20190812174930-snapshot.jpg
4,0,20190812,175030,68,1,1411,620,1448,651,Aug16_0/128-20190812175030-snapshot.jpg
4,0,20190812,180000,77,2,353,618,414,697,Aug16_0/128-20190812180000-snapshot.jpg
4,0,20190812,180300,87,2,817,346,871,420,Aug16_0/128-20190812180300-snapshot.jpg
4,0,20190812,180530,32,3,1891,378,1920,456,Aug16_0/128-20190812180530-snapshot.jpg
4,0,20190812,180700,87,3,385,222,450,289,Aug16_0/128-20190812180700-snapshot.jpg
4,0,20190812,180730,87,3,354,686,428,760,Aug16_0/128-20190812180730-snapshot.jpg
4,0,20190812,181000,85,2,981,492,1041,557,Aug16_0/128-20190812181000-snapshot.jpg
4,0,20190812,181130,77,1,1130,694,1170,729,Aug16_0/128-20190812181130-snapshot.jpg
4,0,20190812,181730,64,2,621,577,682,647,Aug16_0/128-20190812181730-snapshot.jpg
4,0,20190812,182200,68,2,449,735,528,777,Aug16_0/128-20190812182200-snapshot.jpg
4,0,20190812,182330,89,4,953,746,1032,803,Aug16_0/128-20190812182330-snapshot.jpg
4,0,20190812,182400,89,4,905,359,985,419,Aug16_0/128-20190812182400-snapshot.jpg
4,0,20190812,182930,75,2,360,635,440,691,Aug16_0/128-20190812182930-snapshot.jpg
4,0,20190812,183700,73,2,1883,467,1920,531,Aug16_0/128-20190812183700-snapshot.jpg
4,0,20190812,183730,59,2,0,883,58,942,Aug16_0/128-20190812183730-snapshot.jpg
4,0,20190812,184230,85,4,777,791,854,854,Aug16_0/128-20190812184230-snapshot.jpg
4,0,20190812,184600,88,4,857,447,944,517,Aug16_0/128-20190812184600-snapshot.jpg
4,0,20190812,185030,84,2,354,633,440,686,Aug16_0/128-20190812185030-snapshot.jpg
4,0,20190812,185200,81,2,902,769,967,827,Aug16_0/128-20190812185200-snapshot.jpg
4,0,20190812,185530,84,2,1129,709,1212,770,Aug16_0/128-20190812185530-snapshot.jpg
4,0,20190812,185630,88,2,1067,235,1123,320,Aug16_0/128-20190812185630-snapshot.jpg
4,0,20190812,190230,64,2,1880,460,1920,528,Aug16_0/128-20190812190230-snapshot.jpg
4,0,20190812,190630,37,2,913,678,973,729,Aug16_0/128-20190812190630-snapshot.jpg
4,0,20190812,190830,83,2,241,189,317,239,Aug16_0/128-20190812190830-snapshot.jpg
4,0,20190812,190900,84,2,217,120,273,189,Aug16_0/128-20190812190900-snapshot.jpg
4,0,20190812,190930,81,2,420,594,494,645,Aug16_0/128-20190812190930-snapshot.jpg
4,0,20190812,191000,61,2,532,747,597,792,Aug16_0/128-20190812191000-snapshot.jpg
4,0,20190812,191030,81,2,631,588,704,647,Aug16_0/128-20190812191030-snapshot.jpg
4,0,20190812,191100,53,2,461,758,543,811,Aug16_0/128-20190812191100-snapshot.jpg
4,0,20190812,191130,78,2,332,645,407,713,Aug16_0/128-20190812191130-snapshot.jpg
4,0,20190812,191330,84,4,1863,420,1920,482,Aug16_0/128-20190812191330-snapshot.jpg
4,0,20190812,191500,82,4,777,761,838,812,Aug16_0/128-20190812191500-snapshot.jpg
4,0,20190812,191500,86,4,899,849,998,919,Aug16_0/128-20190812191500-snapshot.jpg
4,0,20190812,191530,88,4,233,141,330,211,Aug16_0/128-20190812191530-snapshot.jpg
4,0,20190812,192400,81,3,513,413,596,482,Aug16_0/128-20190812192400-snapshot.jpg
4,0,20190812,193430,80,2,0,909,68,970,Aug16_0/128-20190812193430-snapshot.jpg
4,0,20190812,193600,83,2,530,620,593,679,Aug16_0/128-20190812193600-snapshot.jpg
4,0,20190812,194300,85,4,487,739,552,796,Aug16_0/128-20190812194300-snapshot.jpg
4,0,20190812,194330,87,4,1053,772,1132,838,Aug16_0/128-20190812194330-snapshot.jpg
4,0,20190812,194430,80,2,131,163,209,222,Aug16_0/128-20190812194430-snapshot.jpg
4,0,20190812,201400,86,4,282,652,348,727,Aug16_0/128-20190812201400-snapshot.jpg
4,0,20190812,201430,87,4,1116,663,1195,735,Aug16_0/128-20190812201430-snapshot.jpg
4,0,20190812,201930,79,1,1787,829,1825,864,Aug16_0/128-20190812201930-snapshot.jpg
4,0,20190812,202000,83,1,1691,831,1729,862,Aug16_0/128-20190812202000-snapshot.jpg
4,0,20190812,202030,84,1,1556,785,1596,824,Aug16_0/128-20190812202030-snapshot.jpg
4,0,20190812,202100,85,1,1516,827,1559,865,Aug16_0/128-20190812202100-snapshot.jpg
4,0,20190812,202130,81,1,1439,695,1479,732,Aug16_0/128-20190812202130-snapshot.jpg
4,0,20190812,202200,74,1,1368,610,1406,646,Aug16_0/128-20190812202200-snapshot.jpg
4,0,20190812,202230,82,1,1307,566,1347,601,Aug16_0/128-20190812202230-snapshot.jpg
4,0,20190812,202300,83,1,1392,604,1432,639,Aug16_0/128-20190812202300-snapshot.jpg
4,0,20190812,202330,79,1,1384,592,1427,632,Aug16_0/128-20190812202330-snapshot.jpg
4,0,20190812,202430,81,1,1213,384,1255,426,Aug16_0/128-20190812202430-snapshot.jpg
4,0,20190812,202500,43,1,1255,433,1298,475,Aug16_0/128-20190812202500-snapshot.jpg
4,0,20190812,202600,72,1,1465,378,1504,414,Aug16_0/128-20190812202600-snapshot.jpg
4,0,20190812,202730,28,1,1464,377,1503,412,Aug16_0/128-20190812202730-snapshot.jpg
4,0,20190812,202800,67,1,1464,377,1503,413,Aug16_0/128-20190812202800-snapshot.jpg
4,0,20190812,202830,77,1,1463,378,1503,415,Aug16_0/128-20190812202830-snapshot.jpg
4,0,20190812,202900,76,1,1462,379,1502,415,Aug16_0/128-20190812202900-snapshot.jpg
4,0,20190812,202930,77,1,1464,379,1504,416,Aug16_0/128-20190812202930-snapshot.jpg
4,0,20190812,203000,73,1,1464,378,1503,413,Aug16_0/128-20190812203000-snapshot.jpg
4,0,20190812,203030,70,1,1463,377,1501,411,Aug16_0/128-20190812203030-snapshot.jpg
4,0,20190812,203100,78,1,1464,378,1502,413,Aug16_0/128-20190812203100-snapshot.jpg
4,0,20190812,203130,61,1,1451,395,1489,432,Aug16_0/128-20190812203130-snapshot.jpg
4,0,20190812,203230,77,1,1496,380,1535,415,Aug16_0/128-20190812203230-snapshot.jpg
4,0,20190812,203500,78,8,1299,826,1384,873,Aug16_0/128-20190812203500-snapshot.jpg
4,0,20190812,204930,75,2,881,173,936,229,Aug16_0/128-20190812204930-snapshot.jpg
4,0,20190812,205000,85,2,923,663,1006,728,Aug16_0/128-20190812205000-snapshot.jpg
4,0,20190812,205030,86,2,818,720,878,797,Aug16_0/128-20190812205030-snapshot.jpg
4,0,20190812,205100,65,2,907,859,964,911,Aug16_0/128-20190812205100-snapshot.jpg
4,0,20190812,205300,74,2,0,944,50,993,Aug16_0/128-20190812205300-snapshot.jpg
4,0,20190813,052630,50,1,1435,392,1477,428,Aug16_0/140-20190813052630-snapshot.jpg
4,0,20190813,052700,34,1,1435,392,1476,428,Aug16_0/140-20190813052700-snapshot.jpg
4,0,20190813,052730,30,1,1435,392,1477,428,Aug16_0/140-20190813052730-snapshot.jpg
4,0,20190813,052800,35,1,1436,392,1476,427,Aug16_0/140-20190813052800-snapshot.jpg
4,0,20190813,052930,71,1,1435,392,1476,428,Aug16_0/141-20190813052930-snapshot.jpg
4,0,20190813,053000,31,1,1436,393,1476,428,Aug16_0/141-20190813053000-snapshot.jpg
4,0,20190813,053030,33,1,1436,392,1476,428,Aug16_0/142-20190813053030-snapshot.jpg
4,0,20190813,053100,58,1,1435,392,1476,428,Aug16_0/142-20190813053100-snapshot.jpg
4,0,20190813,053130,31,1,1436,392,1476,427,Aug16_0/142-20190813053130-snapshot.jpg
4,0,20190813,053200,46,1,1435,392,1475,428,Aug16_0/142-20190813053200-snapshot.jpg
4,0,20190813,053230,59,1,1435,393,1476,429,Aug16_0/142-20190813053230-snapshot.jpg
4,0,20190813,053400,46,1,1436,393,1475,428,Aug16_0/143-20190813053400-snapshot.jpg
4,0,20190813,053430,40,1,1436,392,1476,428,Aug16_0/144-20190813053430-snapshot.jpg
4,0,20190813,053500,54,1,1435,392,1476,429,Aug16_0/144-20190813053500-snapshot.jpg
4,0,20190813,053530,38,1,1436,393,1477,429,Aug16_0/144-20190813053530-snapshot.jpg
4,0,20190813,053600,70,1,1436,392,1476,428,Aug16_0/144-20190813053600-snapshot.jpg
4,0,20190813,053730,47,1,1435,392,1476,428,Aug16_0/145-20190813053730-snapshot.jpg
4,0,20190813,053800,31,1,1434,392,1475,428,Aug16_0/145-20190813053800-snapshot.jpg
4,0,20190813,053830,51,1,1436,393,1476,429,Aug16_0/145-20190813053830-snapshot.jpg
4,0,20190813,054000,62,1,1436,393,1476,428,Aug16_0/145-20190813054000-snapshot.jpg
4,0,20190813,054030,78,1,1435,393,1475,429,Aug16_0/145-20190813054030-snapshot.jpg
4,0,20190813,054100,83,1,1435,392,1475,428,Aug16_0/145-20190813054100-snapshot.jpg
4,0,20190813,054130,71,1,1435,393,1475,429,Aug16_0/145-20190813054130-snapshot.jpg
4,0,20190813,054200,63,1,1435,393,1475,428,Aug16_0/145-20190813054200-snapshot.jpg
4,0,20190813,054230,61,1,1436,394,1475,428,Aug16_0/145-20190813054230-snapshot.jpg
4,0,20190813,054330,62,1,1435,393,1475,428,Aug16_0/146-20190813054330-snapshot.jpg
4,0,20190813,054400,37,1,1435,393,1475,428,Aug16_0/146-20190813054400-snapshot.jpg
4,0,20190813,054430,58,1,1435,393,1475,428,Aug16_0/147-20190813054430-snapshot.jpg
4,0,20190813,054500,38,1,1435,393,1475,428,Aug16_0/147-20190813054500-snapshot.jpg
4,0,20190813,054530,81,1,1435,393,1475,428,Aug16_0/147-20190813054530-snapshot.jpg
4,0,20190813,054600,76,1,1435,392,1475,428,Aug16_0/147-20190813054600-snapshot.jpg
4,0,20190813,054630,63,1,1435,393,1475,428,Aug16_0/147-20190813054630-snapshot.jpg
4,0,20190813,054700,34,1,1436,393,1475,427,Aug16_0/147-20190813054700-snapshot.jpg
4,0,20190813,054730,51,1,1435,392,1475,427,Aug16_0/147-20190813054730-snapshot.jpg
4,0,20190813,054830,59,1,1436,393,1475,427,Aug16_0/148-20190813054830-snapshot.jpg
4,0,20190813,054900,59,1,1436,392,1475,427,Aug16_0/148-20190813054900-snapshot.jpg
4,0,20190813,054930,68,1,1435,392,1475,428,Aug16_0/148-20190813054930-snapshot.jpg
4,0,20190813,055000,75,1,1435,392,1475,428,Aug16_0/148-20190813055000-snapshot.jpg
4,0,20190813,055030,71,1,1436,392,1475,428,Aug16_0/148-20190813055030-snapshot.jpg
4,0,20190813,055100,54,1,1436,392,1475,427,Aug16_0/148-20190813055100-snapshot.jpg
4,0,20190813,055130,64,1,1436,392,1475,428,Aug16_0/148-20190813055130-snapshot.jpg
4,0,20190813,055200,37,1,1436,392,1475,428,Aug16_0/149-20190813055200-snapshot.jpg
4,0,20190813,055230,73,1,1435,392,1475,428,Aug16_0/149-20190813055230-snapshot.jpg
4,0,20190813,055300,60,1,1436,392,1475,427,Aug16_0/149-20190813055300-snapshot.jpg
4,0,20190813,055330,31,1,1435,392,1475,428,Aug16_0/149-20190813055330-snapshot.jpg
4,0,20190813,055400,76,1,1436,392,1475,428,Aug16_0/149-20190813055400-snapshot.jpg
4,0,20190813,055430,79,1,1436,392,1475,426,Aug16_0/149-20190813055430-snapshot.jpg
4,0,20190813,055530,80,1,1436,392,1475,427,Aug16_0/149-20190813055530-snapshot.jpg
4,0,20190813,055600,73,1,1436,392,1474,426,Aug16_0/150-20190813055600-snapshot.jpg
4,0,20190813,055630,66,1,1436,391,1475,426,Aug16_0/150-20190813055630-snapshot.jpg
4,0,20190813,055700,66,1,1436,392,1475,428,Aug16_0/150-20190813055700-snapshot.jpg
4,0,20190813,055730,78,1,1436,392,1475,427,Aug16_0/150-20190813055730-snapshot.jpg
4,0,20190813,055800,70,1,1436,392,1475,426,Aug16_0/150-20190813055800-snapshot.jpg
4,0,20190813,055830,76,1,1436,393,1476,429,Aug16_0/150-20190813055830-snapshot.jpg
4,0,20190813,055900,72,1,1436,392,1475,427,Aug16_0/150-20190813055900-snapshot.jpg
4,0,20190813,055930,77,1,1436,392,1475,428,Aug16_0/151-20190813055930-snapshot.jpg
4,0,20190813,060000,54,1,1436,392,1475,427,Aug16_0/151-20190813060000-snapshot.jpg
4,0,20190813,060030,71,1,1436,392,1475,428,Aug16_0/151-20190813060030-snapshot.jpg
4,0,20190813,060100,64,1,1436,392,1474,426,Aug16_0/151-20190813060100-snapshot.jpg
4,0,20190813,060130,76,1,1435,391,1474,427,Aug16_0/151-20190813060130-snapshot.jpg
4,0,20190813,060200,73,1,1436,392,1474,427,Aug16_0/151-20190813060200-snapshot.jpg
4,0,20190813,060230,77,1,1436,391,1474,426,Aug16_0/151-20190813060230-snapshot.jpg
4,0,20190813,060300,70,1,1436,391,1474,426,Aug16_0/151-20190813060300-snapshot.jpg
4,0,20190813,060330,57,1,1436,392,1475,427,Aug16_0/151-20190813060330-snapshot.jpg
4,0,20190813,060400,76,1,1436,392,1475,427,Aug16_0/152-20190813060400-snapshot.jpg
4,0,20190813,060430,67,1,1436,392,1474,426,Aug16_0/152-20190813060430-snapshot.jpg
4,0,20190813,060500,76,1,1436,392,1474,427,Aug16_0/153-20190813060500-snapshot.jpg
4,0,20190813,060530,74,1,1436,392,1475,427,Aug16_0/153-20190813060530-snapshot.jpg
4,0,20190813,060600,76,1,1435,392,1474,426,Aug16_0/153-20190813060600-snapshot.jpg
4,0,20190813,060630,53,1,1436,392,1474,426,Aug16_0/153-20190813060630-snapshot.jpg
4,0,20190813,060700,73,1,1436,392,1474,426,Aug16_0/153-20190813060700-snapshot.jpg
4,0,20190813,060730,47,1,1437,391,1475,425,Aug16_0/153-20190813060730-snapshot.jpg
4,0,20190813,060800,59,1,1436,392,1475,427,Aug16_0/153-20190813060800-snapshot.jpg
4,0,20190813,060930,67,1,1436,392,1475,427,Aug16_0/154-20190813060930-snapshot.jpg
4,0,20190813,061000,54,1,1436,392,1475,427,Aug16_0/154-20190813061000-snapshot.jpg
4,0,20190813,061030,33,1,1436,391,1475,427,Aug16_0/155-20190813061030-snapshot.jpg
4,0,20190813,061100,70,1,1436,391,1475,427,Aug16_0/155-20190813061100-snapshot.jpg
4,0,20190813,061130,44,1,1437,391,1475,426,Aug16_0/155-20190813061130-snapshot.jpg
4,0,20190813,061200,60,1,1436,392,1474,426,Aug16_0/155-20190813061200-snapshot.jpg
4,0,20190813,061230,66,1,1436,392,1474,427,Aug16_0/155-20190813061230-snapshot.jpg
4,0,20190813,061300,63,1,1437,392,1474,426,Aug16_0/155-20190813061300-snapshot.jpg
4,0,20190813,061330,71,1,1436,392,1474,426,Aug16_0/156-20190813061330-snapshot.jpg
4,0,20190813,061400,74,1,1436,392,1475,426,Aug16_0/156-20190813061400-snapshot.jpg
4,0,20190813,061430,28,1,1437,391,1475,426,Aug16_0/156-20190813061430-snapshot.jpg
4,0,20190813,061500,25,1,1436,392,1474,426,Aug16_0/156-20190813061500-snapshot.jpg
4,0,20190813,061530,69,1,1436,391,1474,426,Aug16_0/156-20190813061530-snapshot.jpg
4,0,20190813,061630,68,1,1437,392,1475,427,Aug16_0/157-20190813061630-snapshot.jpg
4,0,20190813,061700,74,1,1437,392,1475,427,Aug16_0/157-20190813061700-snapshot.jpg
4,0,20190813,061730,74,1,1437,392,1475,426,Aug16_0/157-20190813061730-snapshot.jpg
4,0,20190813,061800,74,1,1437,392,1475,426,Aug16_0/158-20190813061800-snapshot.jpg
4,0,20190813,061830,73,1,1436,392,1475,426,Aug16_0/158-20190813061830-snapshot.jpg
4,0,20190813,061900,77,1,1437,392,1475,427,Aug16_0/159-20190813061900-snapshot.jpg
4,0,20190813,061930,40,1,1437,391,1475,426,Aug16_0/159-20190813061930-snapshot.jpg
4,0,20190813,062000,75,1,1437,392,1475,426,Aug16_0/159-20190813062000-snapshot.jpg
4,0,20190813,062030,71,8,827,827,913,873,Aug16_0/159-20190813062030-snapshot.jpg
4,0,20190813,062030,73,1,1437,391,1475,426,Aug16_0/159-20190813062030-snapshot.jpg
4,0,20190813,062100,37,1,1437,391,1475,425,Aug16_0/159-20190813062100-snapshot.jpg
4,0,20190813,062130,64,1,1437,392,1475,426,Aug16_0/159-20190813062130-snapshot.jpg
4,0,20190813,062200,72,1,1437,392,1475,426,Aug16_0/159-20190813062200-snapshot.jpg
4,0,20190813,062230,71,1,1438,393,1475,426,Aug16_0/160-20190813062230-snapshot.jpg
4,0,20190813,062300,44,1,1438,392,1475,425,Aug16_0/160-20190813062300-snapshot.jpg
4,0,20190813,062330,80,1,1438,392,1475,425,Aug16_0/160-20190813062330-snapshot.jpg
4,0,20190813,062400,78,1,1438,392,1475,425,Aug16_0/160-20190813062400-snapshot.jpg
4,0,20190813,062430,79,1,1438,392,1475,425,Aug16_0/161-20190813062430-snapshot.jpg
4,0,20190813,062500,80,1,1438,392,1475,426,Aug16_0/161-20190813062500-snapshot.jpg
4,0,20190813,062530,80,1,1438,392,1474,425,Aug16_0/161-20190813062530-snapshot.jpg
4,0,20190813,062600,73,1,1438,392,1474,424,Aug16_0/161-20190813062600-snapshot.jpg
4,0,20190813,062630,64,1,1438,392,1475,424,Aug16_0/162-20190813062630-snapshot.jpg
4,0,20190813,062730,77,1,1424,376,1461,412,Aug16_0/162-20190813062730-snapshot.jpg
4,0,20190813,062800,83,1,1466,373,1508,409,Aug16_0/162-20190813062800-snapshot.jpg
4,0,20190813,062930,85,1,1376,314,1416,353,Aug16_0/162-20190813062930-snapshot.jpg
4,0,20190813,063000,68,1,1325,279,1364,314,Aug16_0/162-20190813063000-snapshot.jpg
4,0,20190813,063030,35,1,1295,268,1336,306,Aug16_0/162-20190813063030-snapshot.jpg
4,0,20190813,063230,77,1,1308,234,1350,272,Aug16_0/162-20190813063230-snapshot.jpg
4,0,20190813,063300,81,1,1307,249,1350,291,Aug16_0/162-20190813063300-snapshot.jpg
4,0,20190813,063330,75,1,1310,230,1351,269,Aug16_0/162-20190813063330-snapshot.jpg
4,0,20190813,063400,85,1,1357,218,1399,259,Aug16_0/162-20190813063400-snapshot.jpg
4,0,20190813,063500,82,1,1347,243,1391,287,Aug16_0/162-20190813063500-snapshot.jpg
4,0,20190813,063530,78,1,1334,273,1375,314,Aug16_0/162-20190813063530-snapshot.jpg
4,0,20190813,063600,67,1,1333,272,1376,313,Aug16_0/162-20190813063600-snapshot.jpg
4,0,20190813,063630,67,1,1334,272,1376,313,Aug16_0/162-20190813063630-snapshot.jpg
4,0,20190813,063700,73,1,1333,272,1376,314,Aug16_0/162-20190813063700-snapshot.jpg
4,0,20190813,063800,82,1,1266,270,1308,308,Aug16_0/162-20190813063800-snapshot.jpg
4,0,20190813,063830,84,1,1243,258,1285,301,Aug16_0/162-20190813063830-snapshot.jpg
4,0,20190813,063900,80,1,1224,253,1265,290,Aug16_0/162-20190813063900-snapshot.jpg
4,0,20190813,063930,78,1,1227,261,1266,294,Aug16_0/162-20190813063930-snapshot.jpg
4,0,20190813,064000,74,1,1217,262,1257,294,Aug16_0/162-20190813064000-snapshot.jpg
4,0,20190813,064000,82,4,1117,840,1172,901,Aug16_0/162-20190813064000-snapshot.jpg
4,0,20190813,064030,86,1,1185,277,1227,321,Aug16_0/162-20190813064030-snapshot.jpg
4,0,20190813,064100,86,1,1184,276,1226,321,Aug16_0/162-20190813064100-snapshot.jpg
4,0,20190813,064130,86,1,1161,278,1204,326,Aug16_0/163-20190813064130-snapshot.jpg
4,0,20190813,074130,88,4,749,715,830,784,Aug16_0/180-20190813074130-snapshot.jpg
4,0,20190813,083300,77,1,1260,345,1304,381,Aug16_0/194-20190813083300-snapshot.jpg
4,0,20190813,083300,83,8,1769,436,1859,494,Aug16_0/194-20190813083300-snapshot.jpg
4,0,20190813,083330,62,1,1320,311,1361,348,Aug16_0/194-20190813083330-snapshot.jpg
4,0,20190813,083400,83,1,1327,305,1371,348,Aug16_0/194-20190813083400-snapshot.jpg
4,0,20190813,083900,78,1,1381,304,1419,343,Aug16_0/194-20190813083900-snapshot.jpg
4,0,20190813,084830,63,1,1238,519,1287,571,Aug16_0/194-20190813084830-snapshot.jpg
4,0,20190813,085200,89,3,502,424,593,481,Aug16_0/194-20190813085200-snapshot.jpg
4,0,20190813,085700,28,1,721,450,758,481,Aug16_0/194-20190813085700-snapshot.jpg
4,0,20190813,085730,85,1,686,455,727,500,Aug16_0/194-20190813085730-snapshot.jpg
4,0,20190813,090130,85,1,662,218,705,257,Aug16_0/194-20190813090130-snapshot.jpg
4,0,20190813,090200,85,1,697,78,737,111,Aug16_0/194-20190813090200-snapshot.jpg
4,0,20190813,090230,85,1,697,79,737,112,Aug16_0/194-20190813090230-snapshot.jpg
4,0,20190813,090300,80,1,700,81,739,114,Aug16_0/194-20190813090300-snapshot.jpg
4,0,20190813,090330,84,1,699,76,739,111,Aug16_0/194-20190813090330-snapshot.jpg
4,0,20190813,100600,66,2,1132,751,1182,803,Aug16_0/194-20190813100600-snapshot.jpg
4,0,20190813,100630,82,2,926,699,1005,743,Aug16_0/194-20190813100630-snapshot.jpg
4,0,20190813,102500,75,1,1854,92,1898,129,Aug16_0/194-20190813102500-snapshot.jpg
4,0,20190813,102530,74,1,1684,184,1724,217,Aug16_0/194-20190813102530-snapshot.jpg
4,0,20190813,102530,88,4,66,253,165,328,Aug16_0/194-20190813102530-snapshot.jpg
4,0,20190813,102730,73,1,1309,115,1345,147,Aug16_0/194-20190813102730-snapshot.jpg
4,0,20190813,102830,84,1,1171,235,1212,275,Aug16_0/194-20190813102830-snapshot.jpg
4,0,20190813,103100,76,5,1196,262,1256,336,Aug16_0/194-20190813103100-snapshot.jpg
4,0,20190813,104730,87,2,1012,250,1066,322,Aug16_0/194-20190813104730-snapshot.jpg
4,0,20190813,104930,90,7,170,127,343,308,Aug16_0/194-20190813104930-snapshot.jpg
4,0,20190813,105500,86,2,644,559,697,628,Aug16_0/194-20190813105500-snapshot.jpg
4,0,20190813,105530,74,2,924,844,995,889,Aug16_0/194-20190813105530-snapshot.jpg
4,0,20190813,105600,85,2,956,512,1020,577,Aug16_0/194-20190813105600-snapshot.jpg
4,0,20190813,105630,88,2,880,192,963,248,Aug16_0/194-20190813105630-snapshot.jpg
4,0,20190813,110630,84,4,1067,867,1123,938,Aug16_0/194-20190813110630-snapshot.jpg
4,0,20190813,111100,90,7,921,619,1104,775,Aug16_0/194-20190813111100-snapshot.jpg
4,0,20190813,111130,90,7,862,773,1028,905,Aug16_0/194-20190813111130-snapshot.jpg
4,0,20190813,111200,87,7,919,842,1055,944,Aug16_0/194-20190813111200-snapshot.jpg
4,0,20190813,111400,79,2,1147,691,1223,738,Aug16_0/194-20190813111400-snapshot.jpg
4,0,20190813,111600,81,2,151,152,215,219,Aug16_0/194-20190813111600-snapshot.jpg
4,0,20190813,112530,85,3,23,999,120,1056,Aug16_0/194-20190813112530-snapshot.jpg
4,0,20190813,112730,87,7,825,769,1050,905,Aug16_0/194-20190813112730-snapshot.jpg
4,0,20190813,112900,88,2,1006,482,1087,541,Aug16_0/194-20190813112900-snapshot.jpg
4,0,20190813,113100,48,2,1833,523,1910,589,Aug16_0/194-20190813113100-snapshot.jpg
4,0,20190813,113400,78,2,1170,645,1265,737,Aug16_0/194-20190813113400-snapshot.jpg
4,0,20190813,113400,86,2,511,739,572,809,Aug16_0/194-20190813113400-snapshot.jpg
4,0,20190813,113430,80,2,884,608,966,673,Aug16_0/194-20190813113430-snapshot.jpg
4,0,20190813,113930,87,3,554,602,622,676,Aug16_0/194-20190813113930-snapshot.jpg
4,0,20190813,113930,87,2,851,156,908,231,Aug16_0/194-20190813113930-snapshot.jpg
4,0,20190813,114200,84,2,893,675,970,739,Aug16_0/194-20190813114200-snapshot.jpg
4,0,20190813,115630,88,3,143,155,234,226,Aug16_0/194-20190813115630-snapshot.jpg
4,0,20190813,115700,88,3,840,834,933,904,Aug16_0/194-20190813115700-snapshot.jpg
4,0,20190813,120030,87,4,807,681,882,760,Aug16_0/194-20190813120030-snapshot.jpg
4,0,20190813,120600,87,2,855,204,907,276,Aug16_0/194-20190813120600-snapshot.jpg
4,0,20190813,120630,81,2,1255,455,1346,544,Aug16_0/194-20190813120630-snapshot.jpg
4,0,20190813,120630,83,1,1105,136,1144,172,Aug16_0/194-20190813120630-snapshot.jpg
4,0,20190813,120730,73,1,1036,267,1077,308,Aug16_0/194-20190813120730-snapshot.jpg
4,0,20190813,121630,85,2,1671,751,1749,799,Aug16_0/195-20190813121630-snapshot.jpg
4,0,20190813,121700,73,2,0,912,46,978,Aug16_0/195-20190813121700-snapshot.jpg
4,0,20190813,121700,81,2,275,585,346,646,Aug16_0/195-20190813121700-snapshot.jpg
4,0,20190813,122700,78,4,1153,769,1229,831,Aug16_0/195-20190813122700-snapshot.jpg
4,0,20190813,123430,84,2,718,876,777,947,Aug16_0/195-20190813123430-snapshot.jpg
4,0,20190813,123500,88,2,1026,267,1101,337,Aug16_0/195-20190813123500-snapshot.jpg
4,0,20190813,123530,86,2,526,641,581,709,Aug16_0/195-20190813123530-snapshot.jpg
4,0,20190813,123630,65,2,973,738,1023,797,Aug16_0/195-20190813123630-snapshot.jpg
4,0,20190813,123700,85,2,838,496,897,580,Aug16_0/195-20190813123700-snapshot.jpg
4,0,20190813,124230,83,2,264,50,323,124,Aug16_0/195-20190813124230-snapshot.jpg
4,0,20190813,124300,81,2,909,872,967,937,Aug16_0/195-20190813124300-snapshot.jpg
4,0,20190813,124800,85,1,1019,937,1057,968,Aug16_0/195-20190813124800-snapshot.jpg
4,0,20190813,124830,82,1,1040,955,1077,985,Aug16_0/195-20190813124830-snapshot.jpg
4,0,20190813,124900,81,1,1040,955,1077,985,Aug16_0/195-20190813124900-snapshot.jpg
4,0,20190813,124930,53,2,796,717,857,761,Aug16_0/195-20190813124930-snapshot.jpg
4,0,20190813,124930,81,1,1040,956,1076,985,Aug16_0/195-20190813124930-snapshot.jpg
4,0,20190813,125000,44,1,1078,968,1116,1006,Aug16_0/195-20190813125000-snapshot.jpg
4,0,20190813,125000,84,2,892,849,961,911,Aug16_0/195-20190813125000-snapshot.jpg
4,0,20190813,125030,80,1,1127,1000,1165,1038,Aug16_0/195-20190813125030-snapshot.jpg
4,0,20190813,125030,86,2,987,511,1071,567,Aug16_0/195-20190813125030-snapshot.jpg
4,0,20190813,125200,85,1,876,990,916,1024,Aug16_0/195-20190813125200-snapshot.jpg
4,0,20190813,125330,84,1,741,709,778,744,Aug16_0/195-20190813125330-snapshot.jpg
4,0,20190813,125400,74,1,437,639,477,679,Aug16_0/195-20190813125400-snapshot.jpg
4,0,20190813,125430,79,1,499,364,535,400,Aug16_0/195-20190813125430-snapshot.jpg
4,0,20190813,125600,84,1,482,22,525,61,Aug16_0/195-20190813125600-snapshot.jpg
4,0,20190813,125830,89,2,46,936,129,996,Aug16_0/195-20190813125830-snapshot.jpg
4,0,20190813,125900,87,2,206,163,275,230,Aug16_0/195-20190813125900-snapshot.jpg
4,0,20190813,130030,87,2,118,416,217,498,Aug16_0/195-20190813130030-snapshot.jpg
4,0,20190813,130300,84,8,1269,833,1359,883,Aug16_0/195-20190813130300-snapshot.jpg
4,0,20190813,130900,83,2,727,853,808,923,Aug16_0/195-20190813130900-snapshot.jpg
4,0,20190813,133700,87,4,526,641,605,700,Aug16_0/195-20190813133700-snapshot.jpg
4,0,20190813,133730,88,4,1287,427,1369,509,Aug16_0/195-20190813133730-snapshot.jpg
4,0,20190813,133800,85,2,1008,724,1067,795,Aug16_0/195-20190813133800-snapshot.jpg
4,0,20190813,133830,87,2,947,646,1001,724,Aug16_0/195-20190813133830-snapshot.jpg
4,0,20190813,134100,84,2,796,737,876,800,Aug16_0/195-20190813134100-snapshot.jpg
4,0,20190813,134700,87,4,352,511,430,578,Aug16_0/195-20190813134700-snapshot.jpg
4,0,20190813,134730,86,4,983,621,1039,690,Aug16_0/195-20190813134730-snapshot.jpg
4,0,20190813,135200,79,4,810,222,869,286,Aug16_0/195-20190813135200-snapshot.jpg
4,0,20190813,135430,80,2,45,300,130,366,Aug16_0/195-20190813135430-snapshot.jpg
4,0,20190813,135830,31,2,1070,846,1160,932,Aug16_0/195-20190813135830-snapshot.jpg
4,0,20190813,140200,87,4,346,200,423,266,Aug16_0/195-20190813140200-snapshot.jpg
4,0,20190813,140830,65,2,796,807,857,864,Aug16_0/195-20190813140830-snapshot.jpg
4,0,20190813,140900,86,2,964,724,1021,794,Aug16_0/195-20190813140900-snapshot.jpg
4,0,20190813,140930,80,2,1253,449,1323,540,Aug16_0/195-20190813140930-snapshot.jpg
4,0,20190813,141030,79,2,129,96,180,155,Aug16_0/195-20190813141030-snapshot.jpg
4,0,20190813,141030,80,2,850,853,929,913,Aug16_0/195-20190813141030-snapshot.jpg
4,0,20190813,141100,79,2,95,278,163,321,Aug16_0/195-20190813141100-snapshot.jpg
4,0,20190813,141130,76,2,344,644,426,703,Aug16_0/195-20190813141130-snapshot.jpg
4,0,20190813,141200,88,2,523,601,576,681,Aug16_0/195-20190813141200-snapshot.jpg
4,0,20190813,141300,82,2,194,133,246,201,Aug16_0/195-20190813141300-snapshot.jpg
4,0,20190813,141330,81,2,614,565,688,638,Aug16_0/195-20190813141330-snapshot.jpg
4,0,20190813,141400,85,2,306,125,393,181,Aug16_0/195-20190813141400-snapshot.jpg
4,0,20190813,141400,87,2,1068,294,1140,373,Aug16_0/195-20190813141400-snapshot.jpg
4,0,20190813,141900,84,2,446,257,499,316,Aug16_0/195-20190813141900-snapshot.jpg
4,0,20190813,141930,76,2,903,849,972,900,Aug16_0/195-20190813141930-snapshot.jpg
4,0,20190813,142000,84,2,162,569,220,637,Aug16_0/195-20190813142000-snapshot.jpg
4,0,20190813,142030,80,2,810,697,870,762,Aug16_0/195-20190813142030-snapshot.jpg
4,0,20190813,142100,72,2,917,682,969,737,Aug16_0/195-20190813142100-snapshot.jpg
4,0,20190813,142130,64,2,807,822,863,886,Aug16_0/195-20190813142130-snapshot.jpg
4,0,20190813,142600,81,2,89,196,146,260,Aug16_0/195-20190813142600-snapshot.jpg
4,0,20190813,142630,87,2,982,536,1043,612,Aug16_0/195-20190813142630-snapshot.jpg
4,0,20190813,142700,90,2,824,813,911,879,Aug16_0/195-20190813142700-snapshot.jpg
4,0,20190813,142730,82,2,864,403,937,466,Aug16_0/195-20190813142730-snapshot.jpg
4,0,20190813,142730,86,2,254,135,316,206,Aug16_0/195-20190813142730-snapshot.jpg
4,0,20190813,142830,88,2,860,358,933,416,Aug16_0/195-20190813142830-snapshot.jpg
4,0,20190813,142900,89,2,446,730,527,790,Aug16_0/195-20190813142900-snapshot.jpg
4,0,20190813,142930,83,2,416,754,491,813,Aug16_0/195-20190813142930-snapshot.jpg
4,0,20190813,143600,41,2,1139,807,1202,865,Aug16_0/195-20190813143600-snapshot.jpg
4,0,20190813,143700,35,2,1891,408,1920,464,Aug16_0/195-20190813143700-snapshot.jpg
4,0,20190813,143730,84,2,735,851,817,914,Aug16_0/195-20190813143730-snapshot.jpg
4,0,20190813,144600,67,2,1169,737,1231,794,Aug16_0/195-20190813144600-snapshot.jpg
4,0,20190813,144900,82,2,233,83,316,138,Aug16_0/195-20190813144900-snapshot.jpg
4,0,20190813,144930,66,2,912,859,989,920,Aug16_0/195-20190813144930-snapshot.jpg
4,0,20190813,144930,75,2,306,655,391,714,Aug16_0/195-20190813144930-snapshot.jpg
4,0,20190813,145000,88,3,1416,469,1516,532,Aug16_0/195-20190813145000-snapshot.jpg
4,0,20190813,145330,83,2,1145,694,1203,765,Aug16_0/195-20190813145330-snapshot.jpg
4,0,20190813,145400,85,2,903,801,959,863,Aug16_0/195-20190813145400-snapshot.jpg
4,0,20190813,145600,55,2,1088,832,1160,894,Aug16_0/195-20190813145600-snapshot.jpg
4,0,20190813,145800,86,2,813,158,868,225,Aug16_0/195-20190813145800-snapshot.jpg
4,0,20190813,145830,85,2,855,829,934,888,Aug16_0/195-20190813145830-snapshot.jpg
4,0,20190813,150000,82,2,563,805,640,879,Aug16_0/195-20190813150000-snapshot.jpg
4,0,20190813,150030,83,2,499,447,570,508,Aug16_0/195-20190813150030-snapshot.jpg
4,0,20190813,150100,84,2,231,80,315,143,Aug16_0/195-20190813150100-snapshot.jpg
4,0,20190813,150230,83,2,266,84,346,149,Aug16_0/195-20190813150230-snapshot.jpg
4,0,20190813,150300,87,2,412,215,466,288,Aug16_0/195-20190813150300-snapshot.jpg
4,0,20190813,150800,77,2,733,858,812,910,Aug16_0/195-20190813150800-snapshot.jpg
4,0,20190813,150830,71,2,906,848,964,896,Aug16_0/195-20190813150830-snapshot.jpg
4,0,20190813,150900,75,2,880,851,967,897,Aug16_0/195-20190813150900-snapshot.jpg
4,0,20190813,150930,84,2,846,802,921,866,Aug16_0/195-20190813150930-snapshot.jpg
4,0,20190813,151000,86,2,970,526,1024,605,Aug16_0/195-20190813151000-snapshot.jpg
4,0,20190813,151000,87,7,895,848,1078,987,Aug16_0/195-20190813151000-snapshot.jpg
4,0,20190813,151100,70,2,1262,450,1327,531,Aug16_0/195-20190813151100-snapshot.jpg
4,0,20190813,151130,77,2,851,248,928,300,Aug16_0/195-20190813151130-snapshot.jpg
4,0,20190813,151230,77,9,164,92,221,167,Aug16_0/195-20190813151230-snapshot.jpg
4,0,20190813,151400,82,2,431,266,489,331,Aug16_0/195-20190813151400-snapshot.jpg
4,0,20190813,151900,85,2,896,694,974,740,Aug16_0/195-20190813151900-snapshot.jpg
4,0,20190813,151930,80,1,519,5,558,36,Aug16_0/195-20190813151930-snapshot.jpg
4,0,20190813,151930,82,9,1041,783,1129,842,Aug16_0/195-20190813151930-snapshot.jpg
4,0,20190813,152000,59,2,800,824,856,878,Aug16_0/195-20190813152000-snapshot.jpg
4,0,20190813,152030,83,4,809,837,881,913,Aug16_0/195-20190813152030-snapshot.jpg
4,0,20190813,152200,84,1,1231,896,1269,925,Aug16_0/195-20190813152200-snapshot.jpg
4,0,20190813,152200,84,2,776,782,860,842,Aug16_0/195-20190813152200-snapshot.jpg
4,0,20190813,152330,86,2,960,699,1022,763,Aug16_0/195-20190813152330-snapshot.jpg
4,0,20190813,152430,86,2,747,808,829,859,Aug16_0/195-20190813152430-snapshot.jpg
4,0,20190813,152700,83,2,518,761,598,823,Aug16_0/195-20190813152700-snapshot.jpg
4,0,20190813,152730,78,2,1021,794,1081,861,Aug16_0/195-20190813152730-snapshot.jpg
4,0,20190813,152800,86,2,351,694,405,765,Aug16_0/195-20190813152800-snapshot.jpg
4,0,20190813,152830,83,2,773,346,855,400,Aug16_0/195-20190813152830-snapshot.jpg
4,0,20190813,153900,87,3,142,108,217,195,Aug16_0/196-20190813153900-snapshot.jpg
4,0,20190813,153930,90,3,1028,310,1120,370,Aug16_0/196-20190813153930-snapshot.jpg
4,0,20190813,154830,57,2,863,847,930,908,Aug16_0/196-20190813154830-snapshot.jpg
4,0,20190813,154900,85,2,508,397,579,455,Aug16_0/196-20190813154900-snapshot.jpg
4,0,20190813,155030,83,2,7,928,89,985,Aug16_0/196-20190813155030-snapshot.jpg
4,0,20190813,155100,75,2,785,747,850,799,Aug16_0/196-20190813155100-snapshot.jpg
4,0,20190813,155130,71,2,883,846,945,894,Aug16_0/196-20190813155130-snapshot.jpg
4,0,20190813,155200,87,2,973,670,1032,750,Aug16_0/196-20190813155200-snapshot.jpg
4,0,20190813,155730,85,2,861,813,938,877,Aug16_0/196-20190813155730-snapshot.jpg
4,0,20190813,155800,87,3,334,221,416,292,Aug16_0/196-20190813155800-snapshot.jpg
4,0,20190813,160230,82,2,1280,446,1349,512,Aug16_0/196-20190813160230-snapshot.jpg
4,0,20190813,160300,87,2,1051,673,1130,744,Aug16_0/196-20190813160300-snapshot.jpg
4,0,20190813,160330,61,2,894,858,955,910,Aug16_0/196-20190813160330-snapshot.jpg
4,0,20190813,160530,83,2,631,586,685,655,Aug16_0/196-20190813160530-snapshot.jpg
4,0,20190813,160830,88,2,945,165,1026,229,Aug16_0/196-20190813160830-snapshot.jpg
4,0,20190813,162030,78,2,280,601,353,655,Aug16_0/196-20190813162030-snapshot.jpg
4,0,20190813,162030,86,2,135,295,223,359,Aug16_0/196-20190813162030-snapshot.jpg
4,0,20190813,162100,81,2,565,679,639,740,Aug16_0/196-20190813162100-snapshot.jpg
4,0,20190813,162100,83,2,747,398,797,462,Aug16_0/196-20190813162100-snapshot.jpg
4,0,20190813,162130,49,2,975,852,1030,912,Aug16_0/196-20190813162130-snapshot.jpg
4,0,20190813,162130,66,2,1145,775,1215,837,Aug16_0/196-20190813162130-snapshot.jpg
4,0,20190813,162230,78,2,833,845,901,909,Aug16_0/196-20190813162230-snapshot.jpg
4,0,20190813,162830,84,2,830,803,915,858,Aug16_0/196-20190813162830-snapshot.jpg
4,0,20190813,162900,32,3,0,884,33,939,Aug16_0/196-20190813162900-snapshot.jpg
4,0,20190813,162930,28,3,0,881,33,939,Aug16_0/196-20190813162930-snapshot.jpg
4,0,20190813,163230,84,2,522,443,606,492,Aug16_0/196-20190813163230-snapshot.jpg
4,0,20190813,163300,87,4,1036,290,1089,355,Aug16_0/196-20190813163300-snapshot.jpg
4,0,20190813,163330,36,3,0,881,31,938,Aug16_0/196-20190813163330-snapshot.jpg
4,0,20190813,163430,41,3,0,882,32,939,Aug16_0/196-20190813163430-snapshot.jpg
4,0,20190813,163500,30,3,0,882,32,938,Aug16_0/196-20190813163500-snapshot.jpg
4,0,20190813,163500,78,2,1850,443,1909,511,Aug16_0/196-20190813163500-snapshot.jpg
4,0,20190813,163530,33,3,0,881,31,938,Aug16_0/196-20190813163530-snapshot.jpg
4,0,20190813,163530,58,2,1114,990,1196,1039,Aug16_0/196-20190813163530-snapshot.jpg
4,0,20190813,163800,58,3,0,881,34,942,Aug16_0/196-20190813163800-snapshot.jpg
4,0,20190813,163830,28,3,0,883,32,938,Aug16_0/196-20190813163830-snapshot.jpg
4,0,20190813,163900,46,3,0,883,32,938,Aug16_0/196-20190813163900-snapshot.jpg
4,0,20190813,164000,26,3,0,882,33,939,Aug16_0/196-20190813164000-snapshot.jpg
4,0,20190813,164030,31,3,0,882,32,940,Aug16_0/196-20190813164030-snapshot.jpg
4,0,20190813,164100,25,3,0,881,33,940,Aug16_0/196-20190813164100-snapshot.jpg
4,0,20190813,164230,77,2,76,276,153,328,Aug16_0/196-20190813164230-snapshot.jpg
4,0,20190813,164330,81,2,1115,775,1192,823,Aug16_0/196-20190813164330-snapshot.jpg
4,0,20190813,164830,81,2,347,174,421,238,Aug16_0/196-20190813164830-snapshot.jpg
4,0,20190813,164900,86,2,826,447,890,516,Aug16_0/196-20190813164900-snapshot.jpg
4,0,20190813,165200,36,3,0,882,33,940,Aug16_0/196-20190813165200-snapshot.jpg
4,0,20190813,165200,86,2,1108,463,1164,541,Aug16_0/196-20190813165200-snapshot.jpg
4,0,20190813,165230,86,2,536,648,592,716,Aug16_0/196-20190813165230-snapshot.jpg
4,0,20190813,165300,80,2,145,152,218,192,Aug16_0/196-20190813165300-snapshot.jpg
4,0,20190813,165600,50,3,0,881,33,940,Aug16_0/196-20190813165600-snapshot.jpg
4,0,20190813,165630,46,3,0,881,34,939,Aug16_0/196-20190813165630-snapshot.jpg
4,0,20190813,165700,35,3,0,882,33,939,Aug16_0/196-20190813165700-snapshot.jpg
4,0,20190813,165730,30,3,0,883,33,939,Aug16_0/196-20190813165730-snapshot.jpg
4,0,20190813,165800,41,3,0,881,32,939,Aug16_0/196-20190813165800-snapshot.jpg
4,0,20190813,165830,25,3,0,883,32,939,Aug16_0/196-20190813165830-snapshot.jpg
4,0,20190813,165900,49,3,0,884,33,942,Aug16_0/196-20190813165900-snapshot.jpg
4,0,20190813,165900,85,2,78,256,155,324,Aug16_0/196-20190813165900-snapshot.jpg
4,0,20190813,165930,44,3,0,883,32,939,Aug16_0/196-20190813165930-snapshot.jpg
4,0,20190813,165930,87,2,948,692,999,764,Aug16_0/196-20190813165930-snapshot.jpg
4,0,20190813,170030,37,3,0,883,33,939,Aug16_0/196-20190813170030-snapshot.jpg
4,0,20190813,170400,85,2,868,849,955,894,Aug16_0/196-20190813170400-snapshot.jpg
4,0,20190813,170630,83,2,340,180,396,252,Aug16_0/196-20190813170630-snapshot.jpg
4,0,20190813,170700,72,2,0,944,35,1005,Aug16_0/196-20190813170700-snapshot.jpg
4,0,20190813,170700,85,2,812,767,889,822,Aug16_0/196-20190813170700-snapshot.jpg
4,0,20190813,171300,84,2,907,687,983,736,Aug16_0/196-20190813171300-snapshot.jpg
4,0,20190813,171300,84,2,76,271,148,340,Aug16_0/196-20190813171300-snapshot.jpg
4,0,20190813,171430,28,3,0,882,31,940,Aug16_0/196-20190813171430-snapshot.jpg
4,0,20190813,171600,87,2,855,186,911,261,Aug16_0/196-20190813171600-snapshot.jpg
4,0,20190813,171630,80,2,828,843,888,908,Aug16_0/196-20190813171630-snapshot.jpg
4,0,20190813,171800,50,3,0,883,31,939,Aug16_0/196-20190813171800-snapshot.jpg
4,0,20190813,171830,87,2,895,155,971,230,Aug16_0/196-20190813171830-snapshot.jpg
4,0,20190813,171900,38,3,0,882,31,938,Aug16_0/196-20190813171900-snapshot.jpg
4,0,20190813,171900,83,2,973,853,1033,914,Aug16_0/196-20190813171900-snapshot.jpg
4,0,20190813,172000,51,3,0,882,31,939,Aug16_0/196-20190813172000-snapshot.jpg
4,0,20190813,172100,35,3,0,883,31,939,Aug16_0/196-20190813172100-snapshot.jpg
4,0,20190813,172130,42,3,0,883,33,939,Aug16_0/196-20190813172130-snapshot.jpg
4,0,20190813,172200,41,3,0,882,31,939,Aug16_0/196-20190813172200-snapshot.jpg
4,0,20190813,172230,28,3,0,885,32,938,Aug16_0/196-20190813172230-snapshot.jpg
4,0,20190813,172330,48,3,0,885,33,941,Aug16_0/196-20190813172330-snapshot.jpg
4,0,20190813,172400,25,3,0,881,32,939,Aug16_0/196-20190813172400-snapshot.jpg
4,0,20190813,172430,41,3,0,881,31,939,Aug16_0/196-20190813172430-snapshot.jpg
4,0,20190813,172530,42,3,0,880,32,939,Aug16_0/196-20190813172530-snapshot.jpg
4,0,20190813,173000,32,3,0,882,32,939,Aug16_0/196-20190813173000-snapshot.jpg
4,0,20190813,173300,79,2,261,84,326,154,Aug16_0/196-20190813173300-snapshot.jpg
4,0,20190813,173330,84,2,0,938,71,987,Aug16_0/196-20190813173330-snapshot.jpg
4,0,20190813,174100,30,3,0,884,30,938,Aug16_0/196-20190813174100-snapshot.jpg
4,0,20190813,174100,87,4,866,802,930,871,Aug16_0/196-20190813174100-snapshot.jpg
4,0,20190813,174130,27,3,0,885,30,939,Aug16_0/196-20190813174130-snapshot.jpg
4,0,20190813,174130,86,4,1060,386,1122,463,Aug16_0/196-20190813174130-snapshot.jpg
4,0,20190813,174230,88,4,123,140,202,203,Aug16_0/196-20190813174230-snapshot.jpg
4,0,20190813,174300,84,4,784,803,846,866,Aug16_0/196-20190813174300-snapshot.jpg
4,0,20190813,174530,27,3,0,885,31,939,Aug16_0/196-20190813174530-snapshot.jpg
4,0,20190813,174730,37,3,0,884,32,938,Aug16_0/196-20190813174730-snapshot.jpg
4,0,20190813,174830,50,3,0,882,32,940,Aug16_0/196-20190813174830-snapshot.jpg
4,0,20190813,174900,35,3,0,883,32,938,Aug16_0/196-20190813174900-snapshot.jpg
4,0,20190813,174930,33,3,0,881,31,939,Aug16_0/196-20190813174930-snapshot.jpg
4,0,20190813,175030,34,3,0,883,32,939,Aug16_0/196-20190813175030-snapshot.jpg
4,0,20190813,175100,29,3,0,881,31,939,Aug16_0/196-20190813175100-snapshot.jpg
4,0,20190813,175130,43,3,0,883,31,939,Aug16_0/196-20190813175130-snapshot.jpg
4,0,20190813,175200,53,3,0,881,31,940,Aug16_0/196-20190813175200-snapshot.jpg
4,0,20190813,175230,47,3,0,881,32,940,Aug16_0/196-20190813175230-snapshot.jpg
4,0,20190813,175300,29,3,0,882,31,938,Aug16_0/196-20190813175300-snapshot.jpg
4,0,20190813,175330,37,3,0,880,31,941,Aug16_0/196-20190813175330-snapshot.jpg
4,0,20190813,175400,35,3,0,883,32,940,Aug16_0/196-20190813175400-snapshot.jpg
4,0,20190813,175430,33,3,0,881,32,940,Aug16_0/196-20190813175430-snapshot.jpg
4,0,20190813,175500,36,3,0,882,32,940,Aug16_0/196-20190813175500-snapshot.jpg
4,0,20190813,175630,37,3,0,883,32,940,Aug16_0/196-20190813175630-snapshot.jpg
4,0,20190813,175700,55,3,0,881,32,940,Aug16_0/196-20190813175700-snapshot.jpg
4,0,20190813,175730,31,3,0,882,31,940,Aug16_0/196-20190813175730-snapshot.jpg
4,0,20190813,175800,53,3,0,881,32,942,Aug16_0/196-20190813175800-snapshot.jpg
4,0,20190813,175800,85,4,1128,746,1191,802,Aug16_0/196-20190813175800-snapshot.jpg
4,0,20190813,175830,35,3,0,881,34,941,Aug16_0/196-20190813175830-snapshot.jpg
4,0,20190813,175830,87,4,865,824,944,890,Aug16_0/196-20190813175830-snapshot.jpg
4,0,20190813,175900,32,3,0,882,31,940,Aug16_0/196-20190813175900-snapshot.jpg
4,0,20190813,175900,86,4,233,100,311,159,Aug16_0/196-20190813175900-snapshot.jpg
4,0,20190813,175930,43,3,0,881,31,939,Aug16_0/196-20190813175930-snapshot.jpg
4,0,20190813,180030,32,3,0,883,31,940,Aug16_0/196-20190813180030-snapshot.jpg
4,0,20190813,180100,30,3,0,883,32,941,Aug16_0/196-20190813180100-snapshot.jpg
4,0,20190813,180130,42,3,0,883,31,940,Aug16_0/196-20190813180130-snapshot.jpg
4,0,20190813,180200,45,3,0,886,34,943,Aug16_0/196-20190813180200-snapshot.jpg
4,0,20190813,180230,33,3,0,883,32,941,Aug16_0/196-20190813180230-snapshot.jpg
4,0,20190813,180300,47,3,0,883,31,941,Aug16_0/196-20190813180300-snapshot.jpg
4,0,20190813,180330,42,3,0,881,33,941,Aug16_0/196-20190813180330-snapshot.jpg
4,0,20190813,180400,44,3,0,880,33,942,Aug16_0/196-20190813180400-snapshot.jpg
4,0,20190813,180430,40,3,0,882,31,941,Aug16_0/196-20190813180430-snapshot.jpg
4,0,20190813,180500,53,3,0,881,31,941,Aug16_0/196-20190813180500-snapshot.jpg
4,0,20190813,180530,53,3,0,882,31,941,Aug16_0/196-20190813180530-snapshot.jpg
4,0,20190813,180600,43,3,0,880,31,941,Aug16_0/196-20190813180600-snapshot.jpg
4,0,20190813,180630,37,3,0,881,32,942,Aug16_0/196-20190813180630-snapshot.jpg
4,0,20190813,180700,47,3,0,885,33,943,Aug16_0/196-20190813180700-snapshot.jpg
4,0,20190813,180730,43,3,0,880,32,942,Aug16_0/196-20190813180730-snapshot.jpg
4,0,20190813,180730,79,1,1775,389,1813,420,Aug16_0/196-20190813180730-snapshot.jpg
4,0,20190813,180730,82,2,791,341,861,393,Aug16_0/196-20190813180730-snapshot.jpg
4,0,20190813,180800,33,3,0,881,31,942,Aug16_0/196-20190813180800-snapshot.jpg
4,0,20190813,180800,78,1,1774,388,1813,420,Aug16_0/196-20190813180800-snapshot.jpg
4,0,20190813,180830,41,3,0,882,32,942,Aug16_0/196-20190813180830-snapshot.jpg
4,0,20190813,180830,85,1,1742,371,1785,408,Aug16_0/196-20190813180830-snapshot.jpg
4,0,20190813,180900,28,3,0,880,31,942,Aug16_0/196-20190813180900-snapshot.jpg
4,0,20190813,180930,50,3,0,881,32,941,Aug16_0/196-20190813180930-snapshot.jpg
4,0,20190813,181000,37,3,0,881,31,942,Aug16_0/196-20190813181000-snapshot.jpg
4,0,20190813,181030,48,3,0,881,31,941,Aug16_0/196-20190813181030-snapshot.jpg
4,0,20190813,181100,39,3,0,881,31,942,Aug16_0/196-20190813181100-snapshot.jpg
4,0,20190813,181130,27,3,0,883,31,941,Aug16_0/196-20190813181130-snapshot.jpg
4,0,20190813,181200,31,3,0,881,31,942,Aug16_0/196-20190813181200-snapshot.jpg
4,0,20190813,181230,27,3,0,882,32,943,Aug16_0/196-20190813181230-snapshot.jpg
4,0,20190813,181300,47,3,0,882,33,942,Aug16_0/196-20190813181300-snapshot.jpg
4,0,20190813,181330,32,3,0,882,32,942,Aug16_0/196-20190813181330-snapshot.jpg
4,0,20190813,181400,47,3,0,882,32,943,Aug16_0/196-20190813181400-snapshot.jpg
4,0,20190813,181430,26,3,0,881,32,941,Aug16_0/196-20190813181430-snapshot.jpg
4,0,20190813,181500,28,3,0,880,32,943,Aug16_0/196-20190813181500-snapshot.jpg
4,0,20190813,181530,32,3,0,882,32,942,Aug16_0/196-20190813181530-snapshot.jpg
4,0,20190813,181530,74,4,946,871,1030,928,Aug16_0/196-20190813181530-snapshot.jpg
4,0,20190813,181530,76,2,418,732,484,790,Aug16_0/196-20190813181530-snapshot.jpg
4,0,20190813,181600,36,3,0,883,32,943,Aug16_0/196-20190813181600-snapshot.jpg
4,0,20190813,181600,85,4,774,737,833,814,Aug16_0/196-20190813181600-snapshot.jpg
4,0,20190813,181600,87,4,487,410,558,477,Aug16_0/196-20190813181600-snapshot.jpg
4,0,20190813,181630,35,3,0,881,31,942,Aug16_0/196-20190813181630-snapshot.jpg
4,0,20190813,181630,85,4,564,640,618,705,Aug16_0/196-20190813181630-snapshot.jpg
4,0,20190813,181700,32,3,0,880,31,942,Aug16_0/196-20190813181700-snapshot.jpg
4,0,20190813,181730,34,3,0,880,32,939,Aug16_0/196-20190813181730-snapshot.jpg
4,0,20190813,181800,51,3,0,883,34,941,Aug16_0/196-20190813181800-snapshot.jpg
4,0,20190813,181830,34,3,0,882,33,939,Aug16_0/196-20190813181830-snapshot.jpg
4,0,20190813,181900,42,3,0,882,32,940,Aug16_0/196-20190813181900-snapshot.jpg
4,0,20190813,181900,74,2,1154,750,1203,814,Aug16_0/196-20190813181900-snapshot.jpg
4,0,20190813,182030,32,3,0,881,33,940,Aug16_0/196-20190813182030-snapshot.jpg
4,0,20190813,182100,28,3,0,883,31,940,Aug16_0/196-20190813182100-snapshot.jpg
4,0,20190813,182130,26,3,0,881,33,940,Aug16_0/196-20190813182130-snapshot.jpg
4,0,20190813,182200,36,3,0,879,31,941,Aug16_0/196-20190813182200-snapshot.jpg
4,0,20190813,182230,35,3,0,883,33,940,Aug16_0/196-20190813182230-snapshot.jpg
4,0,20190813,182330,81,2,56,247,109,311,Aug16_0/196-20190813182330-snapshot.jpg
4,0,20190813,182400,53,3,0,881,33,939,Aug16_0/196-20190813182400-snapshot.jpg
4,0,20190813,182430,30,3,0,881,32,939,Aug16_0/196-20190813182430-snapshot.jpg
4,0,20190813,182500,80,2,901,861,957,918,Aug16_0/196-20190813182500-snapshot.jpg
4,0,20190813,182530,40,3,0,882,32,939,Aug16_0/196-20190813182530-snapshot.jpg
4,0,20190813,182700,34,3,0,882,32,941,Aug16_0/196-20190813182700-snapshot.jpg
4,0,20190813,182730,26,3,0,881,33,939,Aug16_0/196-20190813182730-snapshot.jpg
4,0,20190813,182800,29,3,0,879,32,941,Aug16_0/196-20190813182800-snapshot.jpg
4,0,20190813,183030,25,3,0,883,33,939,Aug16_0/196-20190813183030-snapshot.jpg
4,0,20190813,183030,85,2,995,502,1076,551,Aug16_0/196-20190813183030-snapshot.jpg
4,0,20190813,183100,39,3,0,880,32,939,Aug16_0/196-20190813183100-snapshot.jpg
4,0,20190813,183100,84,2,378,634,436,705,Aug16_0/196-20190813183100-snapshot.jpg
4,0,20190813,183200,33,3,0,881,32,939,Aug16_0/196-20190813183200-snapshot.jpg
4,0,20190813,183230,38,3,0,882,33,940,Aug16_0/196-20190813183230-snapshot.jpg
4,0,20190813,183300,27,3,0,884,32,939,Aug16_0/196-20190813183300-snapshot.jpg
4,0,20190813,183430,37,3,0,883,33,940,Aug16_0/196-20190813183430-snapshot.jpg
4,0,20190813,183430,83,2,250,83,321,154,Aug16_0/196-20190813183430-snapshot.jpg
4,0,20190813,183500,86,2,1,921,78,992,Aug16_0/196-20190813183500-snapshot.jpg
4,0,20190813,183600,36,3,0,887,32,943,Aug16_0/196-20190813183600-snapshot.jpg
4,0,20190813,183600,68,2,1118,840,1179,906,Aug16_0/196-20190813183600-snapshot.jpg
4,0,20190813,183630,80,2,305,663,381,723,Aug16_0/196-20190813183630-snapshot.jpg
4,0,20190813,183630,86,4,832,753,890,829,Aug16_0/196-20190813183630-snapshot.jpg
4,0,20190813,183830,33,3,0,884,32,941,Aug16_0/196-20190813183830-snapshot.jpg
4,0,20190813,183900,26,3,0,883,33,942,Aug16_0/196-20190813183900-snapshot.jpg
4,0,20190813,184000,33,3,0,883,33,940,Aug16_0/196-20190813184000-snapshot.jpg
4,0,20190813,184030,39,3,0,883,33,942,Aug16_0/196-20190813184030-snapshot.jpg
4,0,20190813,184130,32,3,0,882,33,940,Aug16_0/196-20190813184130-snapshot.jpg
4,0,20190813,184200,30,3,0,882,33,940,Aug16_0/196-20190813184200-snapshot.jpg
4,0,20190813,184230,26,3,0,880,32,940,Aug16_0/196-20190813184230-snapshot.jpg
4,0,20190813,184230,84,8,275,253,361,342,Aug16_0/196-20190813184230-snapshot.jpg
4,0,20190813,184300,34,3,0,881,33,941,Aug16_0/196-20190813184300-snapshot.jpg
4,0,20190813,184330,40,3,0,882,33,940,Aug16_0/196-20190813184330-snapshot.jpg
4,0,20190813,184330,87,2,958,536,1014,619,Aug16_0/196-20190813184330-snapshot.jpg
4,0,20190813,184400,39,3,0,881,31,940,Aug16_0/196-20190813184400-snapshot.jpg
4,0,20190813,184430,87,2,34,954,116,1003,Aug16_0/196-20190813184430-snapshot.jpg
4,0,20190813,184430,87,2,418,760,501,811,Aug16_0/196-20190813184430-snapshot.jpg
4,0,20190813,184930,77,2,895,861,962,921,Aug16_0/196-20190813184930-snapshot.jpg
4,0,20190813,185030,31,3,0,884,31,940,Aug16_0/196-20190813185030-snapshot.jpg
4,0,20190813,185130,31,4,0,717,24,779,Aug16_0/196-20190813185130-snapshot.jpg
4,0,20190813,185230,26,3,0,885,32,940,Aug16_0/196-20190813185230-snapshot.jpg
4,0,20190813,185300,33,3,0,885,37,941,Aug16_0/196-20190813185300-snapshot.jpg
4,0,20190813,185300,51,4,0,718,27,777,Aug16_0/196-20190813185300-snapshot.jpg
4,0,20190813,185300,87,4,941,687,1008,774,Aug16_0/196-20190813185300-snapshot.jpg
4,0,20190813,185330,31,3,0,885,32,940,Aug16_0/196-20190813185330-snapshot.jpg
4,0,20190813,185330,79,4,889,867,988,931,Aug16_0/196-20190813185330-snapshot.jpg
4,0,20190813,185430,31,3,0,883,33,939,Aug16_0/196-20190813185430-snapshot.jpg
4,0,20190813,185630,25,3,0,881,34,940,Aug16_0/196-20190813185630-snapshot.jpg
4,0,20190813,185630,79,2,275,634,353,705,Aug16_0/196-20190813185630-snapshot.jpg
4,0,20190813,185700,41,3,0,883,34,940,Aug16_0/196-20190813185700-snapshot.jpg
4,0,20190813,185700,79,2,1209,482,1293,534,Aug16_0/196-20190813185700-snapshot.jpg
4,0,20190813,185730,39,3,0,883,35,941,Aug16_0/196-20190813185730-snapshot.jpg
4,0,20190813,185800,30,3,0,883,35,941,Aug16_0/196-20190813185800-snapshot.jpg
4,0,20190813,185830,27,3,0,883,33,940,Aug16_0/196-20190813185830-snapshot.jpg
4,0,20190813,185900,41,3,0,882,34,939,Aug16_0/196-20190813185900-snapshot.jpg
4,0,20190813,185930,86,2,590,152,675,211,Aug16_0/196-20190813185930-snapshot.jpg
4,0,20190813,190000,54,3,0,885,35,939,Aug16_0/196-20190813190000-snapshot.jpg
4,0,20190813,190030,50,3,0,886,34,939,Aug16_0/196-20190813190030-snapshot.jpg
4,0,20190813,190200,87,2,674,572,728,641,Aug16_0/196-20190813190200-snapshot.jpg
4,0,20190813,190230,83,2,0,948,76,1010,Aug16_0/196-20190813190230-snapshot.jpg
4,0,20190813,190330,79,2,53,296,122,374,Aug16_0/196-20190813190330-snapshot.jpg
4,0,20190813,190400,27,3,0,884,34,940,Aug16_0/196-20190813190400-snapshot.jpg
4,0,20190813,190500,40,3,0,883,33,939,Aug16_0/196-20190813190500-snapshot.jpg
4,0,20190813,190530,26,3,0,882,32,938,Aug16_0/196-20190813190530-snapshot.jpg
4,0,20190813,190530,88,2,861,197,917,273,Aug16_0/196-20190813190530-snapshot.jpg
4,0,20190813,190630,41,3,0,883,33,939,Aug16_0/196-20190813190630-snapshot.jpg
4,0,20190813,190700,32,3,0,883,34,939,Aug16_0/196-20190813190700-snapshot.jpg
4,0,20190813,190730,41,3,0,881,32,940,Aug16_0/196-20190813190730-snapshot.jpg
4,0,20190813,190800,37,3,0,883,33,941,Aug16_0/196-20190813190800-snapshot.jpg
4,0,20190813,190900,30,4,0,718,30,777,Aug16_0/196-20190813190900-snapshot.jpg
4,0,20190813,190900,33,3,0,881,32,940,Aug16_0/196-20190813190900-snapshot.jpg
4,0,20190813,190930,33,3,0,881,34,939,Aug16_0/196-20190813190930-snapshot.jpg
4,0,20190813,191000,35,3,0,884,34,941,Aug16_0/196-20190813191000-snapshot.jpg
4,0,20190813,191030,35,3,0,883,32,939,Aug16_0/196-20190813191030-snapshot.jpg
4,0,20190813,191100,31,3,0,882,33,940,Aug16_0/196-20190813191100-snapshot.jpg
4,0,20190813,191130,75,2,936,866,996,923,Aug16_0/196-20190813191130-snapshot.jpg
4,0,20190813,191200,81,2,611,577,686,624,Aug16_0/196-20190813191200-snapshot.jpg
4,0,20190813,191330,27,3,0,884,34,939,Aug16_0/196-20190813191330-snapshot.jpg
4,0,20190813,191400,28,3,0,884,33,939,Aug16_0/196-20190813191400-snapshot.jpg
4,0,20190813,191430,66,2,80,464,168,537,Aug16_0/196-20190813191430-snapshot.jpg
4,0,20190813,191600,36,3,0,882,33,940,Aug16_0/196-20190813191600-snapshot.jpg
4,0,20190813,191630,27,4,0,710,29,780,Aug16_0/196-20190813191630-snapshot.jpg
4,0,20190813,191630,31,3,0,879,31,941,Aug16_0/196-20190813191630-snapshot.jpg
4,0,20190813,191730,35,3,0,880,30,939,Aug16_0/196-20190813191730-snapshot.jpg
4,0,20190813,191800,42,3,0,881,32,941,Aug16_0/196-20190813191800-snapshot.jpg
4,0,20190813,191830,40,3,0,881,31,942,Aug16_0/196-20190813191830-snapshot.jpg
4,0,20190813,191900,30,3,0,880,31,941,Aug16_0/196-20190813191900-snapshot.jpg
4,0,20190813,191930,57,3,0,879,32,943,Aug16_0/196-20190813191930-snapshot.jpg
4,0,20190813,192000,26,3,0,880,31,941,Aug16_0/196-20190813192000-snapshot.jpg
4,0,20190813,192030,33,3,0,878,32,941,Aug16_0/196-20190813192030-snapshot.jpg
4,0,20190813,192100,37,3,0,879,32,940,Aug16_0/196-20190813192100-snapshot.jpg
4,0,20190813,192130,31,3,0,879,32,940,Aug16_0/196-20190813192130-snapshot.jpg
4,0,20190813,192200,25,3,0,879,30,940,Aug16_0/196-20190813192200-snapshot.jpg
4,0,20190813,192400,42,3,0,884,30,940,Aug16_0/196-20190813192400-snapshot.jpg
4,0,20190813,192530,39,3,0,881,31,941,Aug16_0/196-20190813192530-snapshot.jpg
4,0,20190813,192630,28,3,0,880,33,940,Aug16_0/196-20190813192630-snapshot.jpg
4,0,20190813,192700,33,3,0,883,33,940,Aug16_0/196-20190813192700-snapshot.jpg
4,0,20190813,192730,36,3,0,883,33,940,Aug16_0/196-20190813192730-snapshot.jpg
4,0,20190813,192800,44,3,0,882,33,939,Aug16_0/196-20190813192800-snapshot.jpg
4,0,20190813,192830,46,3,0,882,34,941,Aug16_0/196-20190813192830-snapshot.jpg
4,0,20190813,192900,27,3,0,882,32,939,Aug16_0/196-20190813192900-snapshot.jpg
4,0,20190813,193030,33,3,0,886,34,939,Aug16_0/196-20190813193030-snapshot.jpg
4,0,20190813,193200,27,3,0,886,33,939,Aug16_0/196-20190813193200-snapshot.jpg
4,0,20190813,193500,26,3,0,882,33,939,Aug16_0/196-20190813193500-snapshot.jpg
4,0,20190813,193530,37,3,0,883,34,939,Aug16_0/196-20190813193530-snapshot.jpg
4,0,20190813,193600,49,3,0,883,35,939,Aug16_0/196-20190813193600-snapshot.jpg
4,0,20190813,193630,39,3,0,882,35,939,Aug16_0/196-20190813193630-snapshot.jpg
4,0,20190813,193630,76,2,1265,459,1349,530,Aug16_0/196-20190813193630-snapshot.jpg
4,0,20190813,193730,34,3,0,881,33,940,Aug16_0/196-20190813193730-snapshot.jpg
4,0,20190813,194000,88,2,1091,132,1151,218,Aug16_0/196-20190813194000-snapshot.jpg
4,0,20190813,194100,39,3,0,885,33,938,Aug16_0/196-20190813194100-snapshot.jpg
4,0,20190813,194330,85,2,483,404,560,455,Aug16_0/196-20190813194330-snapshot.jpg
4,0,20190813,194400,86,2,489,832,576,895,Aug16_0/196-20190813194400-snapshot.jpg
4,0,20190813,195330,82,2,931,570,1012,615,Aug16_0/196-20190813195330-snapshot.jpg
4,0,20190813,195400,72,2,842,847,916,914,Aug16_0/196-20190813195400-snapshot.jpg
4,0,20190813,195930,26,3,0,884,32,940,Aug16_0/197-20190813195930-snapshot.jpg
4,0,20190813,200030,27,3,0,885,32,939,Aug16_0/197-20190813200030-snapshot.jpg
4,0,20190813,200700,32,3,0,884,34,940,Aug16_0/197-20190813200700-snapshot.jpg
4,0,20190813,200930,30,3,0,885,33,939,Aug16_0/197-20190813200930-snapshot.jpg
4,0,20190813,201030,27,3,0,886,32,939,Aug16_0/197-20190813201030-snapshot.jpg
4,0,20190813,201100,32,3,0,884,32,940,Aug16_0/197-20190813201100-snapshot.jpg
4,0,20190813,201130,27,3,0,886,31,939,Aug16_0/197-20190813201130-snapshot.jpg
4,0,20190813,201200,48,3,0,888,35,943,Aug16_0/197-20190813201200-snapshot.jpg
4,0,20190813,201330,28,3,0,884,32,940,Aug16_0/197-20190813201330-snapshot.jpg
4,0,20190813,201530,49,2,1885,465,1920,524,Aug16_0/197-20190813201530-snapshot.jpg
4,0,20190813,201900,32,3,0,885,33,939,Aug16_0/197-20190813201900-snapshot.jpg
4,0,20190813,202600,29,3,0,885,32,940,Aug16_0/197-20190813202600-snapshot.jpg
4,0,20190813,202830,28,3,0,884,32,940,Aug16_0/197-20190813202830-snapshot.jpg
4,0,20190813,202930,29,3,0,885,32,940,Aug16_0/197-20190813202930-snapshot.jpg
4,0,20190813,203300,31,3,0,885,32,940,Aug16_0/197-20190813203300-snapshot.jpg
4,0,20190813,205130,26,3,0,885,33,939,Aug16_0/197-20190813205130-snapshot.jpg
4,0,20190813,205730,55,8,1551,437,1610,511,Aug16_0/197-20190813205730-snapshot.jpg
4,0,20190814,051830,37,4,1003,781,1060,845,Aug16_0/208-20190814051830-snapshot.jpg
4,0,20190814,051900,29,4,1000,777,1059,843,Aug16_0/208-20190814051900-snapshot.jpg
4,0,20190814,051930,38,4,999,776,1059,843,Aug16_0/208-20190814051930-snapshot.jpg
4,0,20190814,052000,63,4,1002,778,1059,845,Aug16_0/208-20190814052000-snapshot.jpg
4,0,20190814,052030,45,4,1003,776,1062,847,Aug16_0/208-20190814052030-snapshot.jpg
4,0,20190814,052100,35,4,1003,776,1060,845,Aug16_0/208-20190814052100-snapshot.jpg
4,0,20190814,052130,40,4,1000,775,1059,844,Aug16_0/208-20190814052130-snapshot.jpg
4,0,20190814,075730,78,8,1577,442,1631,506,Aug16_0/236-20190814075730-snapshot.jpg
4,0,20190814,081000,88,2,987,300,1062,355,Aug16_0/236-20190814081000-snapshot.jpg
4,0,20190814,081030,87,2,1015,374,1073,442,Aug16_0/236-20190814081030-snapshot.jpg
4,0,20190814,081100,78,2,1080,383,1136,452,Aug16_0/236-20190814081100-snapshot.jpg
4,0,20190814,082600,87,2,603,562,664,641,Aug16_0/236-20190814082600-snapshot.jpg
4,0,20190814,082700,83,2,1191,450,1262,530,Aug16_0/236-20190814082700-snapshot.jpg
4,0,20190814,082800,87,3,682,62,776,164,Aug16_0/236-20190814082800-snapshot.jpg
4,0,20190814,092600,31,4,990,777,1064,844,Aug16_0/236-20190814092600-snapshot.jpg
4,0,20190814,093200,79,8,1518,718,1602,768,Aug16_0/236-20190814093200-snapshot.jpg
4,0,20190814,093730,73,8,1346,681,1425,729,Aug16_0/236-20190814093730-snapshot.jpg
4,0,20190814,093800,85,8,335,557,405,613,Aug16_0/236-20190814093800-snapshot.jpg
4,0,20190814,094600,77,3,788,233,871,315,Aug16_0/236-20190814094600-snapshot.jpg
4,0,20190814,095000,83,1,1713,251,1755,287,Aug16_0/236-20190814095000-snapshot.jpg
4,0,20190814,095430,89,3,797,233,893,304,Aug16_0/236-20190814095430-snapshot.jpg
4,0,20190814,095930,90,3,1014,518,1094,598,Aug16_0/236-20190814095930-snapshot.jpg
4,0,20190814,100000,82,3,784,226,864,291,Aug16_0/236-20190814100000-snapshot.jpg
4,0,20190814,100330,85,2,479,86,536,152,Aug16_0/236-20190814100330-snapshot.jpg
4,0,20190814,100600,80,2,1071,640,1143,695,Aug16_0/236-20190814100600-snapshot.jpg
4,0,20190814,101030,86,2,818,319,904,382,Aug16_0/236-20190814101030-snapshot.jpg
4,0,20190814,101600,86,2,647,520,706,586,Aug16_0/236-20190814101600-snapshot.jpg
4,0,20190814,101600,86,2,843,182,900,255,Aug16_0/236-20190814101600-snapshot.jpg
4,0,20190814,101900,81,2,944,531,996,600,Aug16_0/236-20190814101900-snapshot.jpg
4,0,20190814,102230,85,2,790,722,866,782,Aug16_0/236-20190814102230-snapshot.jpg
4,0,20190814,102300,83,2,204,130,259,197,Aug16_0/236-20190814102300-snapshot.jpg
4,0,20190814,102400,84,2,525,374,579,437,Aug16_0/236-20190814102400-snapshot.jpg
4,0,20190814,103030,72,2,1299,644,1354,719,Aug16_0/236-20190814103030-snapshot.jpg
4,0,20190814,103200,42,2,1839,442,1909,506,Aug16_0/236-20190814103200-snapshot.jpg
4,0,20190814,103600,35,6,1157,450,1230,511,Aug16_0/236-20190814103600-snapshot.jpg
4,0,20190814,103630,58,6,1156,452,1230,510,Aug16_0/236-20190814103630-snapshot.jpg
4,0,20190814,103630,83,2,879,828,953,883,Aug16_0/236-20190814103630-snapshot.jpg
4,0,20190814,103730,87,2,412,226,463,295,Aug16_0/236-20190814103730-snapshot.jpg
4,0,20190814,103800,85,2,687,549,760,614,Aug16_0/236-20190814103800-snapshot.jpg
4,0,20190814,104300,87,2,607,539,684,594,Aug16_0/236-20190814104300-snapshot.jpg
4,0,20190814,104330,90,2,565,338,648,396,Aug16_0/236-20190814104330-snapshot.jpg
4,0,20190814,104400,86,2,556,635,616,704,Aug16_0/236-20190814104400-snapshot.jpg
4,0,20190814,104900,86,2,499,644,558,715,Aug16_0/236-20190814104900-snapshot.jpg
4,0,20190814,105030,79,2,890,372,947,420,Aug16_0/236-20190814105030-snapshot.jpg
4,0,20190814,105430,90,4,525,418,611,478,Aug16_0/236-20190814105430-snapshot.jpg
4,0,20190814,105530,74,2,823,224,881,277,Aug16_0/236-20190814105530-snapshot.jpg
4,0,20190814,105700,83,4,844,249,905,309,Aug16_0/236-20190814105700-snapshot.jpg
4,0,20190814,110000,69,2,1211,856,1285,912,Aug16_0/236-20190814110000-snapshot.jpg
4,0,20190814,110100,88,4,826,169,915,246,Aug16_0/236-20190814110100-snapshot.jpg
4,0,20190814,110330,86,2,180,186,258,250,Aug16_0/236-20190814110330-snapshot.jpg
4,0,20190814,110400,86,2,1186,458,1242,534,Aug16_0/236-20190814110400-snapshot.jpg
4,0,20190814,110500,85,2,337,676,394,749,Aug16_0/236-20190814110500-snapshot.jpg
4,0,20190814,110530,80,2,833,246,888,310,Aug16_0/236-20190814110530-snapshot.jpg
4,0,20190814,110600,86,7,750,362,941,526,Aug16_0/236-20190814110600-snapshot.jpg
4,0,20190814,110630,89,7,891,712,1088,871,Aug16_0/236-20190814110630-snapshot.jpg
4,0,20190814,110700,84,7,958,848,1068,997,Aug16_0/236-20190814110700-snapshot.jpg
4,0,20190814,110900,66,2,871,857,935,925,Aug16_0/236-20190814110900-snapshot.jpg
4,0,20190814,110930,80,2,1104,668,1164,733,Aug16_0/236-20190814110930-snapshot.jpg
4,0,20190814,111000,72,2,768,453,836,506,Aug16_0/236-20190814111000-snapshot.jpg
4,0,20190814,111030,85,2,629,313,709,366,Aug16_0/236-20190814111030-snapshot.jpg
4,0,20190814,111100,86,2,434,654,490,733,Aug16_0/236-20190814111100-snapshot.jpg
4,0,20190814,111300,83,2,158,84,211,148,Aug16_0/236-20190814111300-snapshot.jpg
4,0,20190814,111330,81,2,1086,348,1159,407,Aug16_0/236-20190814111330-snapshot.jpg
4,0,20190814,111400,80,2,343,680,404,743,Aug16_0/236-20190814111400-snapshot.jpg
4,0,20190814,111630,84,2,955,653,1033,713,Aug16_0/236-20190814111630-snapshot.jpg
4,0,20190814,111900,87,4,1267,445,1348,523,Aug16_0/236-20190814111900-snapshot.jpg
4,0,20190814,111930,78,4,318,145,401,219,Aug16_0/236-20190814111930-snapshot.jpg
4,0,20190814,112200,84,2,733,862,789,934,Aug16_0/236-20190814112200-snapshot.jpg
4,0,20190814,112230,85,2,115,114,188,169,Aug16_0/236-20190814112230-snapshot.jpg
4,0,20190814,112400,89,7,154,26,302,249,Aug16_0/236-20190814112400-snapshot.jpg
4,0,20190814,112430,88,7,787,332,927,533,Aug16_0/236-20190814112430-snapshot.jpg
4,0,20190814,112500,85,2,0,949,63,1014,Aug16_0/236-20190814112500-snapshot.jpg
4,0,20190814,112500,87,7,785,347,940,524,Aug16_0/236-20190814112500-snapshot.jpg
4,0,20190814,112630,88,7,786,745,1028,897,Aug16_0/236-20190814112630-snapshot.jpg
4,0,20190814,113400,85,2,980,286,1056,339,Aug16_0/236-20190814113400-snapshot.jpg
4,0,20190814,113400,88,4,969,579,1026,654,Aug16_0/236-20190814113400-snapshot.jpg
4,0,20190814,113600,88,2,1022,519,1076,593,Aug16_0/236-20190814113600-snapshot.jpg
4,0,20190814,113630,88,2,974,758,1029,831,Aug16_0/236-20190814113630-snapshot.jpg
4,0,20190814,113730,83,2,638,297,714,356,Aug16_0/236-20190814113730-snapshot.jpg
4,0,20190814,114130,86,2,129,246,211,299,Aug16_0/236-20190814114130-snapshot.jpg
4,0,20190814,114700,70,2,2,946,67,1014,Aug16_0/236-20190814114700-snapshot.jpg
4,0,20190814,114730,86,2,132,107,214,170,Aug16_0/236-20190814114730-snapshot.jpg
4,0,20190814,114900,77,2,1034,614,1085,673,Aug16_0/236-20190814114900-snapshot.jpg
4,0,20190814,115200,87,4,827,164,901,230,Aug16_0/236-20190814115200-snapshot.jpg
4,0,20190814,115230,88,4,1223,453,1308,531,Aug16_0/236-20190814115230-snapshot.jpg
4,0,20190814,115300,87,2,517,625,574,698,Aug16_0/236-20190814115300-snapshot.jpg
4,0,20190814,115330,83,2,875,391,947,440,Aug16_0/236-20190814115330-snapshot.jpg
4,0,20190814,115600,86,2,1008,240,1060,306,Aug16_0/236-20190814115600-snapshot.jpg
4,0,20190814,115830,89,4,109,226,187,297,Aug16_0/236-20190814115830-snapshot.jpg
4,0,20190814,120130,86,2,1241,447,1328,518,Aug16_0/236-20190814120130-snapshot.jpg
4,0,20190814,120230,86,2,265,83,350,147,Aug16_0/236-20190814120230-snapshot.jpg
4,0,20190814,121000,88,2,1016,484,1078,557,Aug16_0/236-20190814121000-snapshot.jpg
4,0,20190814,121030,83,2,268,99,324,166,Aug16_0/236-20190814121030-snapshot.jpg
4,0,20190814,121100,80,2,402,752,482,800,Aug16_0/236-20190814121100-snapshot.jpg
4,0,20190814,121130,87,2,172,278,252,352,Aug16_0/236-20190814121130-snapshot.jpg
4,0,20190814,122300,87,4,741,367,801,450,Aug16_0/236-20190814122300-snapshot.jpg
4,0,20190814,122330,85,2,136,105,188,176,Aug16_0/236-20190814122330-snapshot.jpg
4,0,20190814,122400,88,4,976,806,1067,869,Aug16_0/236-20190814122400-snapshot.jpg
4,0,20190814,122700,88,4,323,624,388,709,Aug16_0/236-20190814122700-snapshot.jpg
4,0,20190814,122730,86,2,308,602,388,663,Aug16_0/236-20190814122730-snapshot.jpg
4,0,20190814,123030,49,1,1194,933,1233,965,Aug16_0/236-20190814123030-snapshot.jpg
4,0,20190814,123030,87,2,1018,628,1074,709,Aug16_0/236-20190814123030-snapshot.jpg
4,0,20190814,123230,81,2,994,851,1074,921,Aug16_0/236-20190814123230-snapshot.jpg
4,0,20190814,123400,82,2,1158,455,1240,517,Aug16_0/236-20190814123400-snapshot.jpg
4,0,20190814,123830,83,2,843,356,918,408,Aug16_0/236-20190814123830-snapshot.jpg
4,0,20190814,123900,84,2,1008,721,1062,801,Aug16_0/236-20190814123900-snapshot.jpg
4,0,20190814,123930,85,2,169,250,236,319,Aug16_0/236-20190814123930-snapshot.jpg
4,0,20190814,124130,89,7,488,579,632,802,Aug16_0/236-20190814124130-snapshot.jpg
4,0,20190814,124530,84,4,337,642,410,710,Aug16_0/236-20190814124530-snapshot.jpg
4,0,20190814,124800,84,2,787,737,854,795,Aug16_0/236-20190814124800-snapshot.jpg
4,0,20190814,124830,74,2,1861,453,1920,514,Aug16_0/236-20190814124830-snapshot.jpg
4,0,20190814,125400,78,1,1199,942,1235,973,Aug16_0/236-20190814125400-snapshot.jpg
4,0,20190814,125700,82,2,960,794,1049,842,Aug16_0/236-20190814125700-snapshot.jpg
4,0,20190814,125700,83,2,190,171,274,216,Aug16_0/236-20190814125700-snapshot.jpg
4,0,20190814,125730,84,2,1264,444,1325,525,Aug16_0/236-20190814125730-snapshot.jpg
4,0,20190814,130400,89,2,535,642,587,718,Aug16_0/236-20190814130400-snapshot.jpg
4,0,20190814,130430,43,1,1247,587,1284,620,Aug16_0/236-20190814130430-snapshot.jpg
4,0,20190814,130430,86,4,679,350,751,412,Aug16_0/236-20190814130430-snapshot.jpg
4,0,20190814,133100,76,1,1243,602,1279,633,Aug16_0/236-20190814133100-snapshot.jpg
4,0,20190814,133200,88,4,358,157,442,226,Aug16_0/236-20190814133200-snapshot.jpg
4,0,20190814,133330,69,1,860,350,899,390,Aug16_0/236-20190814133330-snapshot.jpg
4,0,20190814,134500,57,6,1047,536,1104,602,Aug16_0/236-20190814134500-snapshot.jpg
4,0,20190814,134500,60,2,1046,536,1103,603,Aug16_0/236-20190814134500-snapshot.jpg
4,0,20190814,134530,28,2,1013,510,1067,560,Aug16_0/236-20190814134530-snapshot.jpg
4,0,20190814,134600,60,2,989,508,1059,555,Aug16_0/236-20190814134600-snapshot.jpg
4,0,20190814,134630,29,6,774,440,841,509,Aug16_0/236-20190814134630-snapshot.jpg
4,0,20190814,134630,85,8,1556,605,1640,657,Aug16_0/236-20190814134630-snapshot.jpg
4,0,20190814,134800,65,6,762,411,813,473,Aug16_0/236-20190814134800-snapshot.jpg
4,0,20190814,134900,82,1,1308,781,1345,811,Aug16_0/236-20190814134900-snapshot.jpg
4,0,20190814,134930,75,1,1120,797,1162,830,Aug16_0/236-20190814134930-snapshot.jpg
4,0,20190814,135000,81,1,893,740,935,781,Aug16_0/236-20190814135000-snapshot.jpg
4,0,20190814,135200,80,1,488,560,529,596,Aug16_0/236-20190814135200-snapshot.jpg
4,0,20190814,135300,81,1,562,296,603,336,Aug16_0/236-20190814135300-snapshot.jpg
4,0,20190814,135330,85,1,365,376,408,416,Aug16_0/236-20190814135330-snapshot.jpg
4,0,20190814,135430,84,1,154,137,195,171,Aug16_0/236-20190814135430-snapshot.jpg
4,0,20190814,135500,78,1,144,187,189,228,Aug16_0/236-20190814135500-snapshot.jpg
4,0,20190814,135530,86,4,455,315,521,391,Aug16_0/236-20190814135530-snapshot.jpg
4,0,20190814,135800,32,8,345,188,394,237,Aug16_0/236-20190814135800-snapshot.jpg
4,0,20190814,140100,90,7,906,763,1043,951,Aug16_0/236-20190814140100-snapshot.jpg
4,0,20190814,140130,89,7,708,733,859,869,Aug16_0/236-20190814140130-snapshot.jpg
4,0,20190814,140200,85,7,928,874,1040,1011,Aug16_0/236-20190814140200-snapshot.jpg
4,0,20190814,140230,87,7,970,650,1169,775,Aug16_0/236-20190814140230-snapshot.jpg
4,0,20190814,140300,85,7,909,541,1116,683,Aug16_0/236-20190814140300-snapshot.jpg
4,0,20190814,141430,88,4,194,87,271,162,Aug16_0/236-20190814141430-snapshot.jpg
4,0,20190814,141500,73,4,776,629,858,689,Aug16_0/236-20190814141500-snapshot.jpg
4,0,20190814,143030,85,2,637,312,693,382,Aug16_0/236-20190814143030-snapshot.jpg
4,0,20190814,143100,68,2,12,974,94,1028,Aug16_0/236-20190814143100-snapshot.jpg
4,0,20190814,143400,84,2,1007,502,1089,552,Aug16_0/236-20190814143400-snapshot.jpg
4,0,20190814,143430,86,2,139,249,223,303,Aug16_0/236-20190814143430-snapshot.jpg
4,0,20190814,143730,88,2,674,570,756,622,Aug16_0/236-20190814143730-snapshot.jpg
4,0,20190814,143830,87,4,751,853,835,918,Aug16_0/236-20190814143830-snapshot.jpg
4,0,20190814,144830,80,2,57,315,121,386,Aug16_0/236-20190814144830-snapshot.jpg
4,0,20190814,144900,86,2,630,555,706,602,Aug16_0/236-20190814144900-snapshot.jpg
4,0,20190814,144930,82,2,953,668,1019,727,Aug16_0/236-20190814144930-snapshot.jpg
4,0,20190814,145100,86,2,1078,328,1137,402,Aug16_0/236-20190814145100-snapshot.jpg
4,0,20190814,150300,80,4,972,870,1025,921,Aug16_0/236-20190814150300-snapshot.jpg
4,0,20190814,150330,87,4,980,347,1066,413,Aug16_0/236-20190814150330-snapshot.jpg
4,0,20190814,150530,86,7,331,25,480,227,Aug16_0/236-20190814150530-snapshot.jpg
4,0,20190814,150530,86,2,453,648,544,701,Aug16_0/236-20190814150530-snapshot.jpg
4,0,20190814,150600,86,7,62,314,182,414,Aug16_0/236-20190814150600-snapshot.jpg
4,0,20190814,150630,89,7,222,584,420,706,Aug16_0/236-20190814150630-snapshot.jpg
4,0,20190814,150700,54,2,1849,448,1919,506,Aug16_0/236-20190814150700-snapshot.jpg
4,0,20190814,150700,86,7,0,883,105,1027,Aug16_0/236-20190814150700-snapshot.jpg
4,0,20190814,150800,85,2,1843,644,1920,719,Aug16_0/236-20190814150800-snapshot.jpg
4,0,20190814,150800,88,7,1,971,114,1080,Aug16_0/236-20190814150800-snapshot.jpg
4,0,20190814,150830,87,7,863,817,1015,950,Aug16_0/236-20190814150830-snapshot.jpg
4,0,20190814,151130,88,2,1011,278,1080,335,Aug16_0/236-20190814151130-snapshot.jpg
4,0,20190814,151200,75,2,1133,782,1195,822,Aug16_0/236-20190814151200-snapshot.jpg
4,0,20190814,151230,88,2,1030,290,1104,350,Aug16_0/236-20190814151230-snapshot.jpg
4,0,20190814,152000,83,3,322,698,393,772,Aug16_0/236-20190814152000-snapshot.jpg
4,0,20190814,152130,74,2,332,196,408,254,Aug16_0/236-20190814152130-snapshot.jpg
4,0,20190814,152430,86,2,430,714,485,791,Aug16_0/236-20190814152430-snapshot.jpg
4,0,20190814,152500,91,7,916,742,1042,891,Aug16_0/236-20190814152500-snapshot.jpg
4,0,20190814,152530,88,7,55,213,202,428,Aug16_0/236-20190814152530-snapshot.jpg
4,0,20190814,152600,85,7,365,606,558,730,Aug16_0/236-20190814152600-snapshot.jpg
4,0,20190814,152630,87,7,113,89,307,219,Aug16_0/236-20190814152630-snapshot.jpg
4,0,20190814,152700,79,7,1,943,57,1079,Aug16_0/236-20190814152700-snapshot.jpg
4,0,20190814,152800,86,2,915,202,970,271,Aug16_0/236-20190814152800-snapshot.jpg
4,0,20190814,152830,87,2,1050,263,1129,320,Aug16_0/236-20190814152830-snapshot.jpg
4,0,20190814,152900,83,2,344,676,400,748,Aug16_0/236-20190814152900-snapshot.jpg
4,0,20190814,153000,81,2,1029,841,1123,920,Aug16_0/236-20190814153000-snapshot.jpg
4,0,20190814,153030,83,2,775,879,838,944,Aug16_0/236-20190814153030-snapshot.jpg
4,0,20190814,153030,86,2,973,320,1035,388,Aug16_0/236-20190814153030-snapshot.jpg
4,0,20190814,153130,83,2,566,792,644,855,Aug16_0/236-20190814153130-snapshot.jpg
4,0,20190814,153330,81,2,890,864,944,922,Aug16_0/236-20190814153330-snapshot.jpg
4,0,20190814,153400,86,2,956,684,1030,749,Aug16_0/236-20190814153400-snapshot.jpg
4,0,20190814,153530,82,2,51,264,104,337,Aug16_0/236-20190814153530-snapshot.jpg
4,0,20190814,153600,86,2,1082,347,1138,418,Aug16_0/236-20190814153600-snapshot.jpg
4,0,20190814,154000,83,2,342,513,396,576,Aug16_0/236-20190814154000-snapshot.jpg
4,0,20190814,154030,82,2,133,167,187,233,Aug16_0/236-20190814154030-snapshot.jpg
4,0,20190814,154030,85,2,1296,423,1375,478,Aug16_0/236-20190814154030-snapshot.jpg
4,0,20190814,154100,81,2,831,464,890,525,Aug16_0/236-20190814154100-snapshot.jpg
4,0,20190814,154100,84,2,952,722,1004,789,Aug16_0/236-20190814154100-snapshot.jpg
4,0,20190814,154230,77,4,934,872,1018,929,Aug16_0/236-20190814154230-snapshot.jpg
4,0,20190814,154230,83,7,1034,275,1160,517,Aug16_0/236-20190814154230-snapshot.jpg
4,0,20190814,154300,83,4,329,736,392,794,Aug16_0/236-20190814154300-snapshot.jpg
4,0,20190814,154500,67,2,400,760,461,822,Aug16_0/236-20190814154500-snapshot.jpg
4,0,20190814,154630,73,2,1826,430,1894,498,Aug16_0/236-20190814154630-snapshot.jpg
4,0,20190814,154830,86,2,133,61,187,127,Aug16_0/236-20190814154830-snapshot.jpg
4,0,20190814,155030,79,2,1217,519,1300,602,Aug16_0/236-20190814155030-snapshot.jpg
4,0,20190814,155130,89,7,1199,456,1340,592,Aug16_0/236-20190814155130-snapshot.jpg
4,0,20190814,155200,84,7,910,206,1120,403,Aug16_0/236-20190814155200-snapshot.jpg
4,0,20190814,155230,36,2,793,239,858,327,Aug16_0/236-20190814155230-snapshot.jpg
4,0,20190814,160200,86,4,1178,466,1263,524,Aug16_0/236-20190814160200-snapshot.jpg
4,0,20190814,160200,88,7,1029,552,1180,688,Aug16_0/236-20190814160200-snapshot.jpg
4,0,20190814,160230,89,7,911,712,1041,846,Aug16_0/236-20190814160230-snapshot.jpg
4,0,20190814,160300,87,7,863,851,987,979,Aug16_0/236-20190814160300-snapshot.jpg
4,0,20190814,160330,86,2,1071,284,1134,347,Aug16_0/236-20190814160330-snapshot.jpg
4,0,20190814,160330,89,7,890,804,1005,928,Aug16_0/236-20190814160330-snapshot.jpg
4,0,20190814,160400,90,7,144,68,296,221,Aug16_0/236-20190814160400-snapshot.jpg
4,0,20190814,160430,90,7,55,90,226,249,Aug16_0/236-20190814160430-snapshot.jpg
4,0,20190814,160500,83,7,179,208,301,404,Aug16_0/236-20190814160500-snapshot.jpg
4,0,20190814,160500,85,7,775,323,907,546,Aug16_0/236-20190814160500-snapshot.jpg
4,0,20190814,160530,87,7,68,216,207,424,Aug16_0/236-20190814160530-snapshot.jpg
4,0,20190814,160530,88,7,718,384,928,500,Aug16_0/236-20190814160530-snapshot.jpg
4,0,20190814,160600,87,7,76,293,293,412,Aug16_0/236-20190814160600-snapshot.jpg
4,0,20190814,160600,90,7,762,379,942,525,Aug16_0/236-20190814160600-snapshot.jpg
4,0,20190814,160630,85,7,748,390,885,552,Aug16_0/236-20190814160630-snapshot.jpg
4,0,20190814,160630,89,7,421,448,571,625,Aug16_0/236-20190814160630-snapshot.jpg
4,0,20190814,160700,83,2,882,846,958,902,Aug16_0/236-20190814160700-snapshot.jpg
4,0,20190814,160700,85,2,976,307,1039,383,Aug16_0/236-20190814160700-snapshot.jpg
4,0,20190814,160700,88,7,311,520,460,635,Aug16_0/236-20190814160700-snapshot.jpg
4,0,20190814,160730,87,7,415,526,587,658,Aug16_0/236-20190814160730-snapshot.jpg
4,0,20190814,160800,89,7,543,525,698,687,Aug16_0/236-20190814160800-snapshot.jpg
4,0,20190814,160830,89,7,551,519,767,650,Aug16_0/236-20190814160830-snapshot.jpg
4,0,20190814,160900,90,7,545,510,761,648,Aug16_0/236-20190814160900-snapshot.jpg
4,0,20190814,161200,86,2,1021,618,1095,677,Aug16_0/236-20190814161200-snapshot.jpg
4,0,20190814,161230,51,9,1129,722,1216,772,Aug16_0/236-20190814161230-snapshot.jpg
4,0,20190814,161230,63,2,1130,722,1216,773,Aug16_0/236-20190814161230-snapshot.jpg
4,0,20190814,161230,84,2,1017,358,1070,434,Aug16_0/236-20190814161230-snapshot.jpg
4,0,20190814,161300,81,2,836,851,917,908,Aug16_0/236-20190814161300-snapshot.jpg
4,0,20190814,161300,83,2,759,432,834,485,Aug16_0/236-20190814161300-snapshot.jpg
4,0,20190814,161300,87,2,698,709,751,788,Aug16_0/236-20190814161300-snapshot.jpg
4,0,20190814,161330,79,2,945,868,1021,915,Aug16_0/236-20190814161330-snapshot.jpg
4,0,20190814,161400,77,2,796,822,868,870,Aug16_0/236-20190814161400-snapshot.jpg
4,0,20190814,161400,85,2,931,769,997,834,Aug16_0/236-20190814161400-snapshot.jpg
4,0,20190814,161430,86,2,1279,430,1355,486,Aug16_0/236-20190814161430-snapshot.jpg
4,0,20190814,161500,89,2,812,384,887,444,Aug16_0/236-20190814161500-snapshot.jpg
4,0,20190814,161530,81,2,433,298,513,360,Aug16_0/236-20190814161530-snapshot.jpg
4,0,20190814,161600,86,2,496,102,545,173,Aug16_0/236-20190814161600-snapshot.jpg
4,0,20190814,161630,88,2,886,436,968,498,Aug16_0/236-20190814161630-snapshot.jpg
4,0,20190814,161700,86,2,1205,428,1264,504,Aug16_0/236-20190814161700-snapshot.jpg
4,0,20190814,161730,62,2,1111,843,1190,909,Aug16_0/236-20190814161730-snapshot.jpg
4,0,20190814,161800,81,2,644,649,699,724,Aug16_0/236-20190814161800-snapshot.jpg
4,0,20190814,162000,75,2,393,2,466,67,Aug16_0/236-20190814162000-snapshot.jpg
4,0,20190814,162230,83,2,196,93,265,156,Aug16_0/236-20190814162230-snapshot.jpg
4,0,20190814,162230,84,2,402,581,486,630,Aug16_0/236-20190814162230-snapshot.jpg
4,0,20190814,162330,84,2,563,695,637,753,Aug16_0/236-20190814162330-snapshot.jpg
4,0,20190814,162930,84,2,526,658,606,704,Aug16_0/236-20190814162930-snapshot.jpg
4,0,20190814,162930,86,4,917,765,976,832,Aug16_0/236-20190814162930-snapshot.jpg
4,0,20190814,163100,87,2,363,567,441,623,Aug16_0/236-20190814163100-snapshot.jpg
4,0,20190814,163130,86,7,202,97,362,319,Aug16_0/236-20190814163130-snapshot.jpg
4,0,20190814,163200,88,7,133,60,257,241,Aug16_0/236-20190814163200-snapshot.jpg
4,0,20190814,163400,25,2,1324,847,1390,897,Aug16_0/236-20190814163400-snapshot.jpg
4,0,20190814,163430,78,2,1501,987,1636,1080,Aug16_0/236-20190814163430-snapshot.jpg
4,0,20190814,163430,84,7,783,825,943,939,Aug16_0/236-20190814163430-snapshot.jpg
4,0,20190814,163530,91,7,1024,321,1151,489,Aug16_0/236-20190814163530-snapshot.jpg
4,0,20190814,163600,85,7,944,295,1121,458,Aug16_0/236-20190814163600-snapshot.jpg
4,0,20190814,163630,90,7,763,380,906,512,Aug16_0/236-20190814163630-snapshot.jpg
4,0,20190814,163700,74,2,549,410,601,477,Aug16_0/236-20190814163700-snapshot.jpg
4,0,20190814,163700,88,7,777,386,897,564,Aug16_0/236-20190814163700-snapshot.jpg
4,0,20190814,163730,88,7,957,269,1101,435,Aug16_0/236-20190814163730-snapshot.jpg
4,0,20190814,163800,89,7,986,810,1110,920,Aug16_0/236-20190814163800-snapshot.jpg
4,0,20190814,163830,85,4,422,585,483,650,Aug16_0/236-20190814163830-snapshot.jpg
4,0,20190814,163830,91,7,806,794,938,942,Aug16_0/236-20190814163830-snapshot.jpg
4,0,20190814,164130,66,2,1162,758,1244,837,Aug16_0/236-20190814164130-snapshot.jpg
4,0,20190814,164130,84,7,0,975,87,1071,Aug16_0/236-20190814164130-snapshot.jpg
4,0,20190814,164200,87,7,357,671,450,781,Aug16_0/236-20190814164200-snapshot.jpg
4,0,20190814,164230,90,7,270,618,434,756,Aug16_0/236-20190814164230-snapshot.jpg
4,0,20190814,164300,90,7,360,201,488,327,Aug16_0/236-20190814164300-snapshot.jpg
4,0,20190814,164330,89,7,145,87,274,262,Aug16_0/236-20190814164330-snapshot.jpg
4,0,20190814,164400,81,2,1094,376,1169,430,Aug16_0/236-20190814164400-snapshot.jpg
4,0,20190814,164400,83,2,890,856,962,911,Aug16_0/236-20190814164400-snapshot.jpg
4,0,20190814,164430,82,2,857,846,916,916,Aug16_0/236-20190814164430-snapshot.jpg
4,0,20190814,164430,88,7,53,303,227,411,Aug16_0/236-20190814164430-snapshot.jpg
4,0,20190814,164500,46,8,658,711,714,780,Aug16_0/236-20190814164500-snapshot.jpg
4,0,20190814,164500,60,2,659,712,713,780,Aug16_0/236-20190814164500-snapshot.jpg
4,0,20190814,164500,88,7,34,281,223,412,Aug16_0/236-20190814164500-snapshot.jpg
4,0,20190814,164530,88,7,283,589,397,748,Aug16_0/236-20190814164530-snapshot.jpg
4,0,20190814,164600,90,7,500,780,636,865,Aug16_0/236-20190814164600-snapshot.jpg
4,0,20190814,164630,71,2,571,702,655,778,Aug16_0/236-20190814164630-snapshot.jpg
4,0,20190814,164730,87,2,951,248,1012,320,Aug16_0/236-20190814164730-snapshot.jpg
4,0,20190814,164800,90,7,860,771,1049,917,Aug16_0/236-20190814164800-snapshot.jpg
4,0,20190814,164830,84,7,0,954,145,1061,Aug16_0/236-20190814164830-snapshot.jpg
4,0,20190814,164900,85,2,512,122,573,187,Aug16_0/236-20190814164900-snapshot.jpg
4,0,20190814,164930,85,2,1289,399,1339,471,Aug16_0/236-20190814164930-snapshot.jpg
4,0,20190814,165000,79,2,989,821,1042,881,Aug16_0/236-20190814165000-snapshot.jpg
4,0,20190814,165200,74,2,421,754,501,819,Aug16_0/236-20190814165200-snapshot.jpg
4,0,20190814,165230,86,2,966,691,1023,761,Aug16_0/236-20190814165230-snapshot.jpg
4,0,20190814,165330,84,2,281,599,336,671,Aug16_0/236-20190814165330-snapshot.jpg
4,0,20190814,165500,71,2,369,760,441,815,Aug16_0/236-20190814165500-snapshot.jpg
4,0,20190814,165600,78,2,401,758,497,813,Aug16_0/236-20190814165600-snapshot.jpg
4,0,20190814,165630,88,7,566,613,737,733,Aug16_0/236-20190814165630-snapshot.jpg
4,0,20190814,165700,83,2,903,19,961,97,Aug16_0/236-20190814165700-snapshot.jpg
4,0,20190814,165700,85,2,862,216,943,272,Aug16_0/236-20190814165700-snapshot.jpg
4,0,20190814,165700,87,2,135,259,210,333,Aug16_0/236-20190814165700-snapshot.jpg
4,0,20190814,165700,89,7,741,453,888,559,Aug16_0/236-20190814165700-snapshot.jpg
4,0,20190814,165800,72,2,1832,457,1918,516,Aug16_0/236-20190814165800-snapshot.jpg
4,0,20190814,165830,85,2,932,612,1016,662,Aug16_0/236-20190814165830-snapshot.jpg
4,0,20190814,170000,87,4,979,350,1051,422,Aug16_0/236-20190814170000-snapshot.jpg
4,0,20190814,170100,87,2,622,535,675,610,Aug16_0/236-20190814170100-snapshot.jpg
4,0,20190814,170130,58,2,873,858,945,915,Aug16_0/236-20190814170130-snapshot.jpg
4,0,20190814,170230,85,2,476,314,548,388,Aug16_0/236-20190814170230-snapshot.jpg
4,0,20190814,170530,85,2,229,113,289,179,Aug16_0/236-20190814170530-snapshot.jpg
4,0,20190814,170600,83,2,336,177,404,237,Aug16_0/236-20190814170600-snapshot.jpg
4,0,20190814,170630,85,2,438,657,493,731,Aug16_0/236-20190814170630-snapshot.jpg
4,0,20190814,170730,88,4,1061,804,1148,870,Aug16_0/236-20190814170730-snapshot.jpg
4,0,20190814,170830,85,2,740,858,815,922,Aug16_0/236-20190814170830-snapshot.jpg
4,0,20190814,171000,82,2,400,687,461,756,Aug16_0/236-20190814171000-snapshot.jpg
4,0,20190814,171300,72,4,7,997,98,1063,Aug16_0/236-20190814171300-snapshot.jpg
4,0,20190814,171600,85,2,1037,309,1111,363,Aug16_0/236-20190814171600-snapshot.jpg
4,0,20190814,171630,84,2,386,566,442,633,Aug16_0/236-20190814171630-snapshot.jpg
4,0,20190814,171700,83,2,985,760,1047,832,Aug16_0/236-20190814171700-snapshot.jpg
4,0,20190814,171730,78,2,893,859,974,911,Aug16_0/236-20190814171730-snapshot.jpg
4,0,20190814,171800,83,2,606,861,659,925,Aug16_0/236-20190814171800-snapshot.jpg
4,0,20190814,172000,83,2,65,340,144,387,Aug16_0/236-20190814172000-snapshot.jpg
4,0,20190814,172900,86,2,310,676,386,736,Aug16_0/236-20190814172900-snapshot.jpg
4,0,20190814,172930,78,2,1,962,59,1018,Aug16_0/236-20190814172930-snapshot.jpg
4,0,20190814,173200,88,4,986,400,1075,476,Aug16_0/236-20190814173200-snapshot.jpg
4,0,20190814,173330,88,4,312,167,397,260,Aug16_0/236-20190814173330-snapshot.jpg
4,0,20190814,173400,86,4,883,0,967,64,Aug16_0/236-20190814173400-snapshot.jpg
4,0,20190814,173830,74,3,640,328,727,395,Aug16_0/236-20190814173830-snapshot.jpg
4,0,20190814,174300,80,2,587,800,657,863,Aug16_0/236-20190814174300-snapshot.jpg
4,0,20190814,174330,82,2,331,271,417,348,Aug16_0/236-20190814174330-snapshot.jpg
4,0,20190814,174600,86,2,1010,614,1064,687,Aug16_0/236-20190814174600-snapshot.jpg
4,0,20190814,174630,86,2,938,615,996,691,Aug16_0/236-20190814174630-snapshot.jpg
4,0,20190814,175230,84,2,1103,337,1159,414,Aug16_0/236-20190814175230-snapshot.jpg
4,0,20190814,175300,83,8,689,727,755,799,Aug16_0/236-20190814175300-snapshot.jpg
4,0,20190814,175530,62,2,789,733,846,789,Aug16_0/236-20190814175530-snapshot.jpg
4,0,20190814,175600,62,2,1158,771,1212,830,Aug16_0/236-20190814175600-snapshot.jpg
4,0,20190814,175700,83,2,382,267,443,335,Aug16_0/236-20190814175700-snapshot.jpg
4,0,20190814,175730,67,2,1834,458,1919,526,Aug16_0/236-20190814175730-snapshot.jpg
4,0,20190814,180000,70,2,875,862,955,919,Aug16_0/236-20190814180000-snapshot.jpg
4,0,20190814,180030,76,2,156,197,232,257,Aug16_0/236-20190814180030-snapshot.jpg
4,0,20190814,180030,84,2,603,70,694,132,Aug16_0/236-20190814180030-snapshot.jpg
4,0,20190814,180100,80,2,343,630,416,683,Aug16_0/236-20190814180100-snapshot.jpg
4,0,20190814,180600,70,2,1223,503,1314,577,Aug16_0/236-20190814180600-snapshot.jpg
4,0,20190814,180630,80,2,389,771,452,833,Aug16_0/236-20190814180630-snapshot.jpg
4,0,20190814,180700,74,2,566,705,652,777,Aug16_0/236-20190814180700-snapshot.jpg
4,0,20190814,180700,86,2,941,608,1034,660,Aug16_0/236-20190814180700-snapshot.jpg
4,0,20190814,180730,57,2,1070,833,1151,881,Aug16_0/236-20190814180730-snapshot.jpg
4,0,20190814,180730,79,2,976,357,1056,405,Aug16_0/236-20190814180730-snapshot.jpg
4,0,20190814,180800,84,2,316,677,382,746,Aug16_0/236-20190814180800-snapshot.jpg
4,0,20190814,180830,63,2,357,685,414,747,Aug16_0/236-20190814180830-snapshot.jpg
4,0,20190814,180900,86,2,543,448,603,516,Aug16_0/236-20190814180900-snapshot.jpg
4,0,20190814,181030,85,2,403,736,469,805,Aug16_0/236-20190814181030-snapshot.jpg
4,0,20190814,181100,82,2,984,836,1037,904,Aug16_0/236-20190814181100-snapshot.jpg
4,0,20190814,181100,90,4,900,765,986,849,Aug16_0/236-20190814181100-snapshot.jpg
4,0,20190814,181500,86,4,852,213,926,284,Aug16_0/236-20190814181500-snapshot.jpg
4,0,20190814,182600,86,2,859,514,939,574,Aug16_0/236-20190814182600-snapshot.jpg
4,0,20190814,182630,84,2,976,804,1036,868,Aug16_0/236-20190814182630-snapshot.jpg
4,0,20190814,182700,76,2,730,869,812,924,Aug16_0/236-20190814182700-snapshot.jpg
4,0,20190814,183200,89,2,1056,666,1143,737,Aug16_0/236-20190814183200-snapshot.jpg
4,0,20190814,183230,79,2,891,847,967,887,Aug16_0/236-20190814183230-snapshot.jpg
4,0,20190814,183300,87,2,751,387,817,452,Aug16_0/236-20190814183300-snapshot.jpg
4,0,20190814,183400,87,2,982,303,1054,372,Aug16_0/236-20190814183400-snapshot.jpg
4,0,20190814,183430,85,2,591,663,648,724,Aug16_0/236-20190814183430-snapshot.jpg
4,0,20190814,183500,62,2,263,597,335,649,Aug16_0/236-20190814183500-snapshot.jpg
4,0,20190814,183500,84,2,221,115,299,164,Aug16_0/236-20190814183500-snapshot.jpg
4,0,20190814,183530,66,2,537,779,614,846,Aug16_0/236-20190814183530-snapshot.jpg
4,0,20190814,183530,77,2,577,603,657,655,Aug16_0/236-20190814183530-snapshot.jpg
4,0,20190814,183600,45,2,1888,422,1920,482,Aug16_0/236-20190814183600-snapshot.jpg
4,0,20190814,183600,85,2,395,284,449,357,Aug16_0/236-20190814183600-snapshot.jpg
4,0,20190814,183600,86,2,1274,426,1338,491,Aug16_0/236-20190814183600-snapshot.jpg
4,0,20190814,184030,84,8,883,64,946,144,Aug16_0/236-20190814184030-snapshot.jpg
4,0,20190814,184300,86,4,418,781,501,846,Aug16_0/236-20190814184300-snapshot.jpg
4,0,20190814,185030,79,4,1051,831,1117,888,Aug16_0/236-20190814185030-snapshot.jpg
4,0,20190814,185200,87,2,853,239,929,303,Aug16_0/236-20190814185200-snapshot.jpg
4,0,20190814,185230,58,2,424,294,481,368,Aug16_0/236-20190814185230-snapshot.jpg
4,0,20190814,185230,80,2,985,782,1047,852,Aug16_0/236-20190814185230-snapshot.jpg
4,0,20190814,185330,86,2,849,712,910,785,Aug16_0/236-20190814185330-snapshot.jpg
4,0,20190814,185400,77,2,786,813,858,883,Aug16_0/236-20190814185400-snapshot.jpg
4,0,20190814,185930,87,2,370,715,434,797,Aug16_0/236-20190814185930-snapshot.jpg
4,0,20190814,190300,78,2,456,770,539,829,Aug16_0/236-20190814190300-snapshot.jpg
4,0,20190814,190300,84,2,347,118,422,179,Aug16_0/236-20190814190300-snapshot.jpg
4,0,20190814,190530,66,8,1607,634,1670,687,Aug16_0/236-20190814190530-snapshot.jpg
4,0,20190814,191230,86,4,108,132,192,194,Aug16_0/236-20190814191230-snapshot.jpg
4,0,20190814,191500,81,2,799,392,880,444,Aug16_0/236-20190814191500-snapshot.jpg
4,0,20190814,191530,87,2,1032,482,1082,562,Aug16_0/236-20190814191530-snapshot.jpg
4,0,20190814,191600,78,2,1187,474,1267,517,Aug16_0/236-20190814191600-snapshot.jpg
4,0,20190814,191630,83,2,945,673,1012,740,Aug16_0/236-20190814191630-snapshot.jpg
4,0,20190814,191700,80,2,344,694,399,765,Aug16_0/236-20190814191700-snapshot.jpg
4,0,20190814,191800,78,3,1312,393,1368,464,Aug16_0/236-20190814191800-snapshot.jpg
4,0,20190814,191900,32,8,1319,849,1390,898,Aug16_0/236-20190814191900-snapshot.jpg
4,0,20190814,191900,84,2,152,109,206,176,Aug16_0/236-20190814191900-snapshot.jpg
4,0,20190814,192530,55,2,381,267,440,336,Aug16_0/236-20190814192530-snapshot.jpg
4,0,20190814,192530,79,2,420,682,475,748,Aug16_0/236-20190814192530-snapshot.jpg
4,0,20190814,192600,63,2,1130,765,1201,814,Aug16_0/236-20190814192600-snapshot.jpg
4,0,20190814,192600,81,2,141,168,212,231,Aug16_0/236-20190814192600-snapshot.jpg
4,0,20190814,192630,80,2,1085,781,1174,825,Aug16_0/236-20190814192630-snapshot.jpg
4,0,20190814,192830,66,2,88,346,143,406,Aug16_0/236-20190814192830-snapshot.jpg
4,0,20190814,192930,34,2,543,786,619,868,Aug16_0/236-20190814192930-snapshot.jpg
4,0,20190814,193030,80,8,1253,274,1338,351,Aug16_0/236-20190814193030-snapshot.jpg
4,0,20190814,194500,85,4,289,630,367,690,Aug16_0/236-20190814194500-snapshot.jpg
4,0,20190814,194530,85,4,1029,294,1087,365,Aug16_0/236-20190814194530-snapshot.jpg
4,0,20190814,194900,85,4,668,879,733,941,Aug16_0/236-20190814194900-snapshot.jpg
4,0,20190814,195100,86,4,825,399,887,486,Aug16_0/236-20190814195100-snapshot.jpg
4,0,20190814,195400,35,8,1415,686,1469,750,Aug16_0/236-20190814195400-snapshot.jpg
4,0,20190814,200930,86,4,714,873,795,928,Aug16_0/236-20190814200930-snapshot.jpg
4,0,20190814,202600,86,4,1303,390,1362,461,Aug16_0/236-20190814202600-snapshot.jpg
4,0,20190814,202630,87,4,623,316,682,395,Aug16_0/236-20190814202630-snapshot.jpg
4,0,20190814,202900,82,2,1018,548,1090,601,Aug16_0/236-20190814202900-snapshot.jpg
4,0,20190814,202930,86,2,837,832,921,878,Aug16_0/236-20190814202930-snapshot.jpg
4,0,20190814,205300,87,4,230,83,315,146,Aug16_0/238-20190814205300-snapshot.jpg
4,0,20190814,212200,41,3,996,774,1067,859,Aug16_0/242-20190814212200-snapshot.jpg
4,0,20190814,212230,54,3,996,775,1067,860,Aug16_0/242-20190814212230-snapshot.jpg
4,0,20190814,212300,77,3,997,775,1067,859,Aug16_0/242-20190814212300-snapshot.jpg
4,0,20190814,212330,77,3,996,776,1065,856,Aug16_0/242-20190814212330-snapshot.jpg
4,0,20190814,212400,59,3,990,776,1067,853,Aug16_0/242-20190814212400-snapshot.jpg
4,0,20190814,212430,80,3,1000,776,1065,855,Aug16_0/243-20190814212430-snapshot.jpg
4,0,20190814,212500,71,3,996,776,1067,853,Aug16_0/243-20190814212500-snapshot.jpg
4,0,20190814,212530,77,3,996,775,1066,853,Aug16_0/243-20190814212530-snapshot.jpg
4,0,20190814,212600,80,3,999,778,1065,854,Aug16_0/243-20190814212600-snapshot.jpg
4,0,20190814,212630,70,3,997,781,1066,856,Aug16_0/244-20190814212630-snapshot.jpg
4,0,20190814,212700,62,3,999,777,1065,855,Aug16_0/244-20190814212700-snapshot.jpg
4,0,20190814,212730,73,3,997,776,1066,852,Aug16_0/244-20190814212730-snapshot.jpg
4,0,20190814,212800,67,3,1000,774,1066,854,Aug16_0/244-20190814212800-snapshot.jpg
4,0,20190814,212830,65,3,997,774,1066,853,Aug16_0/244-20190814212830-snapshot.jpg
4,0,20190814,212900,52,3,998,779,1067,851,Aug16_0/244-20190814212900-snapshot.jpg
4,0,20190815,055730,75,2,734,834,825,889,Aug16_0/256-20190815055730-snapshot.jpg
4,0,20190815,055800,82,8,1326,121,1380,183,Aug16_0/256-20190815055800-snapshot.jpg
4,0,20190815,060300,84,8,703,344,773,423,Aug16_0/257-20190815060300-snapshot.jpg
4,0,20190815,062800,82,2,1147,251,1223,308,Aug16_0/261-20190815062800-snapshot.jpg
4,0,20190815,062830,27,2,1201,281,1282,339,Aug16_0/261-20190815062830-snapshot.jpg
4,0,20190815,062930,27,2,1208,281,1284,338,Aug16_0/261-20190815062930-snapshot.jpg
4,0,20190815,063000,75,2,1205,277,1284,333,Aug16_0/261-20190815063000-snapshot.jpg
4,0,20190815,063130,66,8,1636,29,1727,90,Aug16_0/261-20190815063130-snapshot.jpg
4,0,20190815,073130,84,8,1652,419,1732,491,Aug16_0/275-20190815073130-snapshot.jpg
4,0,20190815,081230,82,8,1649,845,1732,907,Aug16_0/289-20190815081230-snapshot.jpg
4,0,20190815,095030,86,8,688,466,751,552,Aug16_0/305-20190815095030-snapshot.jpg
4,0,20190815,103700,85,8,1487,552,1566,630,Aug16_0/305-20190815103700-snapshot.jpg
4,0,20190815,103700,89,2,1045,374,1127,437,Aug16_0/305-20190815103700-snapshot.jpg
4,0,20190815,103930,81,8,611,814,681,860,Aug16_0/305-20190815103930-snapshot.jpg
4,0,20190815,105800,79,8,1873,619,1920,690,Aug16_0/305-20190815105800-snapshot.jpg
4,0,20190815,115900,86,2,951,727,1031,778,Aug16_0/305-20190815115900-snapshot.jpg
4,0,20190815,122030,91,3,756,346,841,414,Aug16_0/305-20190815122030-snapshot.jpg
4,0,20190815,122100,88,3,874,836,969,896,Aug16_0/305-20190815122100-snapshot.jpg
4,0,20190815,122130,89,3,777,322,857,409,Aug16_0/305-20190815122130-snapshot.jpg
4,0,20190815,124730,61,2,388,748,441,811,Aug16_0/305-20190815124730-snapshot.jpg
4,0,20190815,124930,81,2,958,869,1022,930,Aug16_0/305-20190815124930-snapshot.jpg
4,0,20190815,125300,83,2,162,182,241,229,Aug16_0/305-20190815125300-snapshot.jpg
4,0,20190815,125330,86,2,397,516,456,589,Aug16_0/305-20190815125330-snapshot.jpg
4,0,20190815,130200,87,8,1833,435,1895,518,Aug16_0/305-20190815130200-snapshot.jpg
4,0,20190815,130230,68,8,1343,832,1432,890,Aug16_0/305-20190815130230-snapshot.jpg
4,0,20190815,130300,78,2,531,800,597,868,Aug16_0/305-20190815130300-snapshot.jpg
4,0,20190815,130300,85,8,1347,998,1403,1075,Aug16_0/305-20190815130300-snapshot.jpg
4,0,20190815,130730,85,2,968,318,1045,372,Aug16_0/305-20190815130730-snapshot.jpg
4,0,20190815,130800,86,2,914,665,975,740,Aug16_0/305-20190815130800-snapshot.jpg
4,0,20190815,130830,80,2,1044,616,1119,668,Aug16_0/305-20190815130830-snapshot.jpg
4,0,20190815,130900,84,2,624,638,679,705,Aug16_0/305-20190815130900-snapshot.jpg
4,0,20190815,130900,87,2,1221,451,1309,519,Aug16_0/305-20190815130900-snapshot.jpg
4,0,20190815,130930,83,2,861,374,913,433,Aug16_0/305-20190815130930-snapshot.jpg
4,0,20190815,130930,83,2,175,216,231,278,Aug16_0/305-20190815130930-snapshot.jpg
4,0,20190815,134530,85,8,1569,420,1651,474,Aug16_0/305-20190815134530-snapshot.jpg
4,0,20190815,134930,72,4,1005,834,1065,891,Aug16_0/305-20190815134930-snapshot.jpg
4,0,20190815,135600,88,3,1044,342,1122,425,Aug16_0/305-20190815135600-snapshot.jpg
4,0,20190815,135630,83,3,1051,828,1143,894,Aug16_0/305-20190815135630-snapshot.jpg
4,0,20190815,135730,81,2,1849,436,1920,497,Aug16_0/305-20190815135730-snapshot.jpg
4,0,20190815,135800,60,2,897,867,962,922,Aug16_0/305-20190815135800-snapshot.jpg
4,0,20190815,135930,74,2,156,210,230,260,Aug16_0/305-20190815135930-snapshot.jpg
4,0,20190815,140200,88,3,1272,715,1370,777,Aug16_0/305-20190815140200-snapshot.jpg
4,0,20190815,143930,86,2,895,186,973,238,Aug16_0/305-20190815143930-snapshot.jpg
4,0,20190815,144200,88,3,738,393,821,460,Aug16_0/305-20190815144200-snapshot.jpg
4,0,20190815,153800,80,8,310,422,383,484,Aug16_0/309-20190815153800-snapshot.jpg
4,0,20190815,155000,86,2,956,281,1013,353,Aug16_0/309-20190815155000-snapshot.jpg
4,0,20190815,155030,82,2,1050,271,1129,325,Aug16_0/309-20190815155030-snapshot.jpg
4,0,20190815,155100,87,2,984,571,1036,647,Aug16_0/309-20190815155100-snapshot.jpg
4,0,20190815,155130,85,2,952,746,1007,816,Aug16_0/309-20190815155130-snapshot.jpg
4,0,20190815,155200,84,2,1054,613,1110,687,Aug16_0/309-20190815155200-snapshot.jpg
4,0,20190815,161300,86,8,1720,319,1818,384,Aug16_0/310-20190815161300-snapshot.jpg
4,0,20190815,165200,85,2,171,261,224,331,Aug16_0/310-20190815165200-snapshot.jpg
4,0,20190815,165430,88,2,942,288,1009,365,Aug16_0/310-20190815165430-snapshot.jpg
4,0,20190815,171530,82,2,241,52,298,120,Aug16_0/311-20190815171530-snapshot.jpg
4,0,20190815,171600,74,2,1859,450,1920,515,Aug16_0/311-20190815171600-snapshot.jpg
4,0,20190815,171730,84,8,944,137,1027,194,Aug16_0/311-20190815171730-snapshot.jpg
4,0,20190815,173100,71,8,1014,53,1097,117,Aug16_0/312-20190815173100-snapshot.jpg
4,0,20190815,173930,76,2,34,974,103,1033,Aug16_0/312-20190815173930-snapshot.jpg
4,0,20190815,174000,45,2,588,663,655,715,Aug16_0/312-20190815174000-snapshot.jpg
4,0,20190815,180730,73,8,1578,541,1657,616,Aug16_0/314-20190815180730-snapshot.jpg
4,0,20190815,182500,84,8,58,66,143,121,Aug16_0/317-20190815182500-snapshot.jpg
4,0,20190815,183400,79,2,342,103,402,173,Aug16_0/319-20190815183400-snapshot.jpg
4,0,20190815,191330,83,2,962,361,1038,419,Aug16_0/326-20190815191330-snapshot.jpg
4,0,20190815,191400,71,2,783,459,847,524,Aug16_0/326-20190815191400-snapshot.jpg
4,0,20190815,191830,84,8,514,48,610,128,Aug16_0/326-20190815191830-snapshot.jpg
4,0,20190815,195230,83,8,580,873,657,921,Aug16_0/332-20190815195230-snapshot.jpg
4,0,20190815,195430,68,8,1426,900,1503,950,Aug16_0/332-20190815195430-snapshot.jpg
4,0,20190815,205600,87,8,569,363,628,442,Aug16_0/344-20190815205600-snapshot.jpg
4,0,20190810,072730,75,8,1626,408,1706,459,Aug16_0/36-20190810072730-snapshot.jpg
4,0,20190816,071800,84,2,547,225,601,298,Aug16_0/388-20190816071800-snapshot.jpg
4,0,20190816,071830,82,2,545,223,600,295,Aug16_0/388-20190816071830-snapshot.jpg
4,0,20190816,071900,83,2,546,224,601,294,Aug16_0/388-20190816071900-snapshot.jpg
4,0,20190816,075230,37,1,767,813,803,841,Aug16_0/392-20190816075230-snapshot.jpg
4,0,20190816,100500,88,8,839,270,898,364,Aug16_0/405-20190816100500-snapshot.jpg
4,0,20190816,102930,77,8,1553,240,1611,314,Aug16_0/407-20190816102930-snapshot.jpg
4,0,20190816,114700,84,4,1252,496,1346,591,Aug16_0/411-20190816114700-snapshot.jpg
4,0,20190816,121600,83,2,1233,494,1319,576,Aug16_0/411-20190816121600-snapshot.jpg
4,0,20190816,121630,83,2,1767,584,1851,644,Aug16_0/411-20190816121630-snapshot.jpg
4,0,20190816,122530,85,2,1082,253,1134,326,Aug16_0/411-20190816122530-snapshot.jpg
4,0,20190816,122530,86,4,1096,779,1181,834,Aug16_0/411-20190816122530-snapshot.jpg
4,0,20190816,123800,87,3,513,528,586,616,Aug16_0/411-20190816123800-snapshot.jpg
4,0,20190816,131630,86,4,924,718,996,780,Aug16_0/411-20190816131630-snapshot.jpg
4,0,20190816,132500,85,3,893,382,951,463,Aug16_0/411-20190816132500-snapshot.jpg
4,0,20190816,132830,88,3,1012,644,1086,719,Aug16_0/411-20190816132830-snapshot.jpg
4,0,20190816,132900,88,3,1087,370,1161,453,Aug16_0/411-20190816132900-snapshot.jpg
4,0,20190816,133800,88,4,1045,382,1136,447,Aug16_0/411-20190816133800-snapshot.jpg
4,0,20190816,135230,88,2,485,111,542,186,Aug16_0/411-20190816135230-snapshot.jpg
4,0,20190816,135430,84,2,329,696,385,771,Aug16_0/411-20190816135430-snapshot.jpg
4,0,20190816,135500,86,2,1089,540,1144,606,Aug16_0/411-20190816135500-snapshot.jpg
4,0,20190816,135530,81,2,193,314,277,366,Aug16_0/411-20190816135530-snapshot.jpg
4,0,20190816,140130,89,3,1253,434,1332,518,Aug16_0/411-20190816140130-snapshot.jpg
4,0,20190816,140200,69,2,1262,500,1344,578,Aug16_0/411-20190816140200-snapshot.jpg
4,0,20190816,140400,89,3,366,657,460,718,Aug16_0/411-20190816140400-snapshot.jpg
4,0,20190816,140430,88,3,737,403,821,462,Aug16_0/411-20190816140430-snapshot.jpg
4,0,20190816,140500,86,3,427,794,515,850,Aug16_0/411-20190816140500-snapshot.jpg
4,0,20190816,140600,89,3,1022,831,1126,903,Aug16_0/411-20190816140600-snapshot.jpg
4,0,20190816,140830,76,2,837,458,892,523,Aug16_0/411-20190816140830-snapshot.jpg
4,0,20190816,141200,85,2,684,855,741,920,Aug16_0/411-20190816141200-snapshot.jpg
4,0,20190816,142030,68,3,351,152,422,212,Aug16_0/411-20190816142030-snapshot.jpg
4,0,20190816,142200,41,8,855,713,909,766,Aug16_0/411-20190816142200-snapshot.jpg
4,0,20190816,142530,80,2,146,183,213,233,Aug16_0/411-20190816142530-snapshot.jpg
4,0,20190816,142630,86,2,937,394,1025,453,Aug16_0/411-20190816142630-snapshot.jpg
4,0,20190816,142700,73,2,271,608,345,667,Aug16_0/411-20190816142700-snapshot.jpg
4,0,20190816,143600,86,4,756,447,821,525,Aug16_0/411-20190816143600-snapshot.jpg
4,0,20190816,143830,88,4,975,613,1058,686,Aug16_0/411-20190816143830-snapshot.jpg
4,0,20190816,144130,90,3,940,723,1017,797,Aug16_0/411-20190816144130-snapshot.jpg
4,0,20190816,144330,86,2,1084,585,1140,665,Aug16_0/411-20190816144330-snapshot.jpg
4,0,20190816,144430,78,2,948,900,1004,964,Aug16_0/411-20190816144430-snapshot.jpg
4,0,20190816,145130,86,7,663,793,870,978,Aug16_0/411-20190816145130-snapshot.jpg
4,0,20190816,145600,78,2,1038,845,1136,934,Aug16_0/411-20190816145600-snapshot.jpg
4,0,20190816,145630,86,2,1790,538,1854,616,Aug16_0/411-20190816145630-snapshot.jpg
4,0,20190816,150830,89,3,871,376,945,447,Aug16_0/411-20190816150830-snapshot.jpg
4,0,20190816,150900,88,3,1243,722,1321,793,Aug16_0/411-20190816150900-snapshot.jpg
4,0,20190816,151630,88,3,906,215,971,298,Aug16_0/411-20190816151630-snapshot.jpg
4,0,20190816,152330,90,4,926,743,1008,806,Aug16_0/411-20190816152330-snapshot.jpg
4,0,20190816,153030,82,8,1649,337,1745,413,Aug16_0/411-20190816153030-snapshot.jpg
4,0,20190816,153130,87,2,612,437,667,511,Aug16_0/411-20190816153130-snapshot.jpg
4,0,20190816,153200,61,2,918,882,994,941,Aug16_0/411-20190816153200-snapshot.jpg
4,0,20190810,085230,33,1,209,297,244,327,Aug16_0/45-20190810085230-snapshot.jpg
4,0,20190810,085300,45,1,209,297,245,327,Aug16_0/45-20190810085300-snapshot.jpg
4,0,20190810,085330,43,1,209,297,244,327,Aug16_0/45-20190810085330-snapshot.jpg
4,0,20190810,085430,29,1,209,297,244,327,Aug16_0/45-20190810085430-snapshot.jpg
4,0,20190810,085530,31,1,211,298,245,328,Aug16_0/45-20190810085530-snapshot.jpg
4,0,20190810,085600,43,1,209,297,244,327,Aug16_0/45-20190810085600-snapshot.jpg
4,0,20190810,093000,82,7,80,19,347,141,Aug16_0/46-20190810093000-snapshot.jpg
4,0,20190810,094700,84,8,1064,227,1121,301,Aug16_0/47-20190810094700-snapshot.jpg
4,0,20190810,113200,83,2,582,661,659,735,Aug16_0/54-20190810113200-snapshot.jpg
4,0,20190810,115600,86,4,1099,706,1160,784,Aug16_0/56-20190810115600-snapshot.jpg
4,0,20190810,121630,89,4,890,731,975,814,Aug16_0/56-20190810121630-snapshot.jpg
4,0,20190810,124300,87,4,506,485,586,549,Aug16_0/56-20190810124300-snapshot.jpg
4,0,20190810,125030,89,4,856,690,949,757,Aug16_0/56-20190810125030-snapshot.jpg
4,0,20190810,130330,84,4,1472,721,1557,787,Aug16_0/56-20190810130330-snapshot.jpg
4,0,20190810,130400,88,4,417,137,507,226,Aug16_0/56-20190810130400-snapshot.jpg
4,0,20190810,131230,90,4,553,569,640,647,Aug16_0/56-20190810131230-snapshot.jpg
4,0,20190810,141530,88,2,878,728,961,784,Aug16_0/57-20190810141530-snapshot.jpg
4,0,20190810,141600,74,2,811,709,875,757,Aug16_0/57-20190810141600-snapshot.jpg
4,0,20190810,141700,84,8,1390,234,1468,308,Aug16_0/57-20190810141700-snapshot.jpg
4,0,20190810,142830,85,4,973,656,1042,752,Aug16_0/57-20190810142830-snapshot.jpg
4,0,20190810,185830,81,8,252,225,328,274,Aug16_0/60-20190810185830-snapshot.jpg
4,0,20190810,193030,77,2,498,457,562,527,Aug16_0/60-20190810193030-snapshot.jpg
4,0,20190810,195330,79,8,844,601,913,666,Aug16_0/60-20190810195330-snapshot.jpg
4,0,20190810,200400,81,8,626,185,698,236,Aug16_0/60-20190810200400-snapshot.jpg
4,0,20190810,203100,86,2,824,374,891,450,Aug16_0/60-20190810203100-snapshot.jpg
4,0,20190810,205800,73,2,1110,764,1191,817,Aug16_0/60-20190810205800-snapshot.jpg
4,0,20190811,083700,85,8,1696,35,1788,118,Aug16_0/81-20190811083700-snapshot.jpg
4,0,20190811,090600,84,8,936,993,988,1061,Aug16_0/81-20190811090600-snapshot.jpg
4,0,20190811,092200,85,9,1014,782,1098,846,Aug16_0/81-20190811092200-snapshot.jpg
4,0,20190811,092230,87,9,909,696,997,773,Aug16_0/81-20190811092230-snapshot.jpg
4,0,20190811,102700,51,5,904,181,967,222,Aug16_0/81-20190811102700-snapshot.jpg
4,0,20190811,103230,88,4,451,96,537,160,Aug16_0/81-20190811103230-snapshot.jpg
4,0,20190811,110730,70,8,852,999,937,1045,Aug16_0/81-20190811110730-snapshot.jpg
4,0,20190811,110730,75,5,1576,901,1635,962,Aug16_0/81-20190811110730-snapshot.jpg
4,0,20190811,110900,49,2,941,840,1000,900,Aug16_0/81-20190811110900-snapshot.jpg
4,0,20190811,111330,46,5,875,128,934,190,Aug16_0/81-20190811111330-snapshot.jpg
4,0,20190811,111400,87,4,595,545,671,622,Aug16_0/81-20190811111400-snapshot.jpg
4,0,20190811,111430,88,4,876,125,968,193,Aug16_0/81-20190811111430-snapshot.jpg
4,0,20190811,111700,81,5,115,261,186,306,Aug16_0/81-20190811111700-snapshot.jpg
4,0,20190811,111730,76,4,327,656,402,715,Aug16_0/81-20190811111730-snapshot.jpg
4,0,20190811,114900,81,4,178,4,231,60,Aug16_0/81-20190811114900-snapshot.jpg
4,0,20190811,114930,75,4,319,676,401,742,Aug16_0/81-20190811114930-snapshot.jpg
4,0,20190811,115000,87,4,968,791,1064,857,Aug16_0/81-20190811115000-snapshot.jpg
4,0,20190811,115400,90,4,852,97,937,182,Aug16_0/81-20190811115400-snapshot.jpg
4,0,20190811,120500,89,4,92,287,181,350,Aug16_0/81-20190811120500-snapshot.jpg
4,0,20190811,121400,88,9,838,782,930,836,Aug16_0/81-20190811121400-snapshot.jpg
4,0,20190811,121830,89,4,878,136,969,199,Aug16_0/81-20190811121830-snapshot.jpg
4,0,20190811,123830,84,8,543,838,597,908,Aug16_0/81-20190811123830-snapshot.jpg
4,0,20190811,124230,86,4,965,808,1027,870,Aug16_0/81-20190811124230-snapshot.jpg
4,0,20190811,131330,88,4,1010,293,1066,360,Aug16_0/81-20190811131330-snapshot.jpg
4,0,20190811,131930,87,2,76,195,141,261,Aug16_0/81-20190811131930-snapshot.jpg
4,0,20190811,132400,61,2,1147,666,1205,719,Aug16_0/81-20190811132400-snapshot.jpg
4,0,20190811,132830,86,2,897,150,952,222,Aug16_0/81-20190811132830-snapshot.jpg
4,0,20190811,133630,88,4,395,496,486,579,Aug16_0/81-20190811133630-snapshot.jpg
4,0,20190811,133730,86,4,996,672,1063,764,Aug16_0/81-20190811133730-snapshot.jpg
4,0,20190811,134400,86,2,1076,683,1131,759,Aug16_0/81-20190811134400-snapshot.jpg
4,0,20190811,134430,83,2,352,655,408,729,Aug16_0/81-20190811134430-snapshot.jpg
4,0,20190811,134500,80,2,418,712,478,770,Aug16_0/81-20190811134500-snapshot.jpg
4,0,20190811,134530,85,2,549,597,612,661,Aug16_0/81-20190811134530-snapshot.jpg
4,0,20190811,134600,76,2,873,325,946,374,Aug16_0/81-20190811134600-snapshot.jpg
4,0,20190811,134600,86,2,537,312,622,366,Aug16_0/81-20190811134600-snapshot.jpg
4,0,20190811,134630,85,2,813,385,899,439,Aug16_0/81-20190811134630-snapshot.jpg
4,0,20190811,134700,87,2,783,752,863,812,Aug16_0/81-20190811134700-snapshot.jpg
4,0,20190811,135000,86,2,1013,649,1069,725,Aug16_0/81-20190811135000-snapshot.jpg
4,0,20190811,135030,84,2,833,656,891,725,Aug16_0/81-20190811135030-snapshot.jpg
4,0,20190811,135100,83,9,893,150,975,224,Aug16_0/81-20190811135100-snapshot.jpg
4,0,20190811,135230,78,2,953,828,1035,880,Aug16_0/81-20190811135230-snapshot.jpg
4,0,20190811,135400,73,2,833,779,896,836,Aug16_0/81-20190811135400-snapshot.jpg
4,0,20190811,141600,74,2,862,833,945,888,Aug16_0/81-20190811141600-snapshot.jpg
4,0,20190811,141630,84,2,924,736,991,804,Aug16_0/81-20190811141630-snapshot.jpg
4,0,20190811,141700,82,2,438,636,500,697,Aug16_0/81-20190811141700-snapshot.jpg
4,0,20190811,141830,89,4,482,394,565,479,Aug16_0/81-20190811141830-snapshot.jpg
4,0,20190811,142500,82,2,1036,670,1113,713,Aug16_0/81-20190811142500-snapshot.jpg
4,0,20190811,142900,85,2,455,642,531,691,Aug16_0/81-20190811142900-snapshot.jpg
4,0,20190811,142930,79,2,491,711,585,786,Aug16_0/81-20190811142930-snapshot.jpg
4,0,20190811,143000,84,2,815,721,876,780,Aug16_0/81-20190811143000-snapshot.jpg
4,0,20190811,143300,86,2,532,690,617,754,Aug16_0/81-20190811143300-snapshot.jpg
4,0,20190811,143330,83,2,950,820,1011,887,Aug16_0/81-20190811143330-snapshot.jpg
4,0,20190811,143400,80,2,472,665,548,710,Aug16_0/81-20190811143400-snapshot.jpg
4,0,20190811,143530,85,2,405,135,479,198,Aug16_0/81-20190811143530-snapshot.jpg
4,0,20190811,143600,75,2,797,363,871,413,Aug16_0/81-20190811143600-snapshot.jpg
4,0,20190811,143630,82,2,573,696,648,762,Aug16_0/81-20190811143630-snapshot.jpg
4,0,20190811,143700,83,2,1090,771,1153,832,Aug16_0/81-20190811143700-snapshot.jpg
4,0,20190811,143700,87,2,708,360,787,424,Aug16_0/81-20190811143700-snapshot.jpg
4,0,20190811,144730,86,2,810,744,868,823,Aug16_0/81-20190811144730-snapshot.jpg
4,0,20190811,145200,83,2,779,331,855,388,Aug16_0/81-20190811145200-snapshot.jpg
4,0,20190811,145230,61,2,546,675,609,744,Aug16_0/81-20190811145230-snapshot.jpg
4,0,20190811,145300,84,2,651,547,707,608,Aug16_0/81-20190811145300-snapshot.jpg
4,0,20190811,145430,71,2,1121,742,1172,801,Aug16_0/81-20190811145430-snapshot.jpg
4,0,20190811,145530,83,2,904,654,984,716,Aug16_0/81-20190811145530-snapshot.jpg
4,0,20190811,150130,77,2,777,833,839,898,Aug16_0/81-20190811150130-snapshot.jpg
4,0,20190811,150200,75,2,1010,761,1083,823,Aug16_0/81-20190811150200-snapshot.jpg
4,0,20190811,150230,86,2,544,617,615,679,Aug16_0/81-20190811150230-snapshot.jpg
4,0,20190811,150300,84,2,171,90,248,135,Aug16_0/81-20190811150300-snapshot.jpg
4,0,20190811,150330,80,2,409,103,479,163,Aug16_0/81-20190811150330-snapshot.jpg
4,0,20190811,150330,83,7,859,158,1009,298,Aug16_0/81-20190811150330-snapshot.jpg
4,0,20190811,150400,88,7,894,112,1013,291,Aug16_0/81-20190811150400-snapshot.jpg
4,0,20190811,150400,90,2,456,510,517,606,Aug16_0/81-20190811150400-snapshot.jpg
4,0,20190811,150430,89,7,859,146,1011,281,Aug16_0/81-20190811150430-snapshot.jpg
4,0,20190811,150500,86,2,536,571,590,648,Aug16_0/81-20190811150500-snapshot.jpg
4,0,20190811,150500,90,7,863,126,996,277,Aug16_0/81-20190811150500-snapshot.jpg
4,0,20190811,150530,91,7,859,140,1001,285,Aug16_0/81-20190811150530-snapshot.jpg
4,0,20190811,150600,90,7,855,139,995,285,Aug16_0/81-20190811150600-snapshot.jpg
4,0,20190811,150630,91,7,850,137,994,283,Aug16_0/81-20190811150630-snapshot.jpg
4,0,20190811,150700,92,7,843,136,993,281,Aug16_0/81-20190811150700-snapshot.jpg
4,0,20190811,150730,90,7,843,125,996,259,Aug16_0/81-20190811150730-snapshot.jpg
4,0,20190811,150800,83,7,841,130,991,281,Aug16_0/81-20190811150800-snapshot.jpg
4,0,20190811,150830,84,7,836,126,993,278,Aug16_0/81-20190811150830-snapshot.jpg
4,0,20190811,150900,81,7,835,128,995,282,Aug16_0/81-20190811150900-snapshot.jpg
4,0,20190811,150930,89,7,432,53,563,244,Aug16_0/81-20190811150930-snapshot.jpg
4,0,20190811,151000,88,7,0,202,176,318,Aug16_0/81-20190811151000-snapshot.jpg
4,0,20190811,151030,86,2,538,348,595,422,Aug16_0/81-20190811151030-snapshot.jpg
4,0,20190811,151100,54,2,441,736,500,772,Aug16_0/81-20190811151100-snapshot.jpg
4,0,20190811,151100,85,2,555,882,640,938,Aug16_0/81-20190811151100-snapshot.jpg
4,0,20190811,151200,82,2,781,825,853,894,Aug16_0/81-20190811151200-snapshot.jpg
4,0,20190811,151830,78,2,1150,756,1199,819,Aug16_0/81-20190811151830-snapshot.jpg
4,0,20190811,152130,82,4,411,745,486,810,Aug16_0/81-20190811152130-snapshot.jpg
4,0,20190811,152130,83,2,641,545,697,616,Aug16_0/81-20190811152130-snapshot.jpg
4,0,20190811,152200,85,4,823,765,903,837,Aug16_0/81-20190811152200-snapshot.jpg
4,0,20190811,152430,87,2,915,648,998,707,Aug16_0/81-20190811152430-snapshot.jpg
4,0,20190811,152700,84,2,914,162,972,234,Aug16_0/81-20190811152700-snapshot.jpg
4,0,20190811,152730,85,2,557,636,610,706,Aug16_0/81-20190811152730-snapshot.jpg
4,0,20190811,152730,86,2,919,574,1011,632,Aug16_0/81-20190811152730-snapshot.jpg
4,0,20190811,153130,80,2,176,101,246,152,Aug16_0/81-20190811153130-snapshot.jpg
4,0,20190811,153200,78,2,63,245,116,306,Aug16_0/81-20190811153200-snapshot.jpg
4,0,20190811,153230,70,2,411,738,468,781,Aug16_0/81-20190811153230-snapshot.jpg
4,0,20190811,153300,81,2,560,729,641,791,Aug16_0/81-20190811153300-snapshot.jpg
4,0,20190811,153330,71,2,1112,779,1171,828,Aug16_0/81-20190811153330-snapshot.jpg
4,0,20190811,153330,85,2,447,130,508,193,Aug16_0/81-20190811153330-snapshot.jpg
4,0,20190811,153530,74,2,1176,626,1230,697,Aug16_0/81-20190811153530-snapshot.jpg
4,0,20190811,154400,83,2,358,684,428,749,Aug16_0/81-20190811154400-snapshot.jpg
4,0,20190811,154430,83,2,819,708,890,760,Aug16_0/81-20190811154430-snapshot.jpg
4,0,20190811,154500,63,2,963,730,1018,789,Aug16_0/81-20190811154500-snapshot.jpg
4,0,20190811,155000,77,2,393,856,477,905,Aug16_0/81-20190811155000-snapshot.jpg
4,0,20190811,155130,59,2,1323,709,1401,763,Aug16_0/81-20190811155130-snapshot.jpg
4,0,20190811,155530,58,2,567,699,639,760,Aug16_0/81-20190811155530-snapshot.jpg
4,0,20190811,155600,84,2,906,725,993,783,Aug16_0/81-20190811155600-snapshot.jpg
4,0,20190811,155700,60,2,1135,799,1222,859,Aug16_0/81-20190811155700-snapshot.jpg
4,0,20190811,155730,63,2,971,727,1040,784,Aug16_0/81-20190811155730-snapshot.jpg
4,0,20190811,155800,85,2,858,187,914,262,Aug16_0/81-20190811155800-snapshot.jpg
4,0,20190811,160600,83,2,398,160,471,207,Aug16_0/81-20190811160600-snapshot.jpg
4,0,20190811,160630,85,2,563,639,614,708,Aug16_0/81-20190811160630-snapshot.jpg
4,0,20190811,160900,88,4,470,697,556,759,Aug16_0/81-20190811160900-snapshot.jpg
4,0,20190811,161000,88,2,914,658,993,722,Aug16_0/81-20190811161000-snapshot.jpg
4,0,20190811,161030,85,2,568,572,619,642,Aug16_0/81-20190811161030-snapshot.jpg
4,0,20190811,161030,86,2,997,295,1050,375,Aug16_0/81-20190811161030-snapshot.jpg
4,0,20190811,161100,82,2,1169,694,1225,762,Aug16_0/81-20190811161100-snapshot.jpg
4,0,20190811,161600,72,2,1138,781,1227,844,Aug16_0/81-20190811161600-snapshot.jpg
4,0,20190811,161630,50,2,1886,455,1920,510,Aug16_0/81-20190811161630-snapshot.jpg
4,0,20190811,161630,88,2,852,688,942,740,Aug16_0/81-20190811161630-snapshot.jpg
4,0,20190811,161700,80,2,957,812,1039,874,Aug16_0/81-20190811161700-snapshot.jpg
4,0,20190811,161700,87,2,1041,288,1124,344,Aug16_0/81-20190811161700-snapshot.jpg
4,0,20190811,161730,78,2,22,877,113,930,Aug16_0/81-20190811161730-snapshot.jpg
4,0,20190811,162030,89,7,947,766,1181,881,Aug16_0/81-20190811162030-snapshot.jpg
4,0,20190811,162130,86,7,767,738,938,875,Aug16_0/81-20190811162130-snapshot.jpg
4,0,20190811,162700,85,2,873,667,950,725,Aug16_0/81-20190811162700-snapshot.jpg
4,0,20190811,162730,81,2,475,661,529,733,Aug16_0/81-20190811162730-snapshot.jpg
4,0,20190811,163000,76,2,424,747,503,805,Aug16_0/81-20190811163000-snapshot.jpg
4,0,20190811,163230,77,2,457,508,529,559,Aug16_0/81-20190811163230-snapshot.jpg
4,0,20190811,163400,88,2,1039,266,1109,338,Aug16_0/81-20190811163400-snapshot.jpg
4,0,20190811,164100,87,2,870,589,925,666,Aug16_0/81-20190811164100-snapshot.jpg
4,0,20190811,164130,72,2,1878,385,1920,440,Aug16_0/81-20190811164130-snapshot.jpg
4,0,20190811,164300,79,2,837,802,894,869,Aug16_0/81-20190811164300-snapshot.jpg
4,0,20190811,164930,86,8,881,349,936,425,Aug16_0/81-20190811164930-snapshot.jpg
4,0,20190811,164930,88,2,429,554,487,635,Aug16_0/81-20190811164930-snapshot.jpg
4,0,20190811,165000,84,2,410,157,475,215,Aug16_0/81-20190811165000-snapshot.jpg
4,0,20190811,165200,80,2,9,883,93,951,Aug16_0/81-20190811165200-snapshot.jpg
4,0,20190811,165530,86,2,508,740,595,797,Aug16_0/81-20190811165530-snapshot.jpg
4,0,20190811,165600,74,2,816,729,870,784,Aug16_0/81-20190811165600-snapshot.jpg
4,0,20190811,165900,81,2,654,541,729,595,Aug16_0/81-20190811165900-snapshot.jpg
4,0,20190811,165900,84,2,348,634,430,681,Aug16_0/81-20190811165900-snapshot.jpg
4,0,20190811,165930,86,2,1006,681,1060,757,Aug16_0/81-20190811165930-snapshot.jpg
4,0,20190811,170000,83,2,1270,746,1356,791,Aug16_0/81-20190811170000-snapshot.jpg
4,0,20190811,170100,89,2,1043,262,1097,347,Aug16_0/81-20190811170100-snapshot.jpg
4,0,20190811,170500,30,2,755,847,832,905,Aug16_0/81-20190811170500-snapshot.jpg
4,0,20190811,170530,74,2,1035,781,1114,829,Aug16_0/81-20190811170530-snapshot.jpg
4,0,20190811,170530,82,2,354,114,426,179,Aug16_0/81-20190811170530-snapshot.jpg
4,0,20190811,170600,63,2,382,571,434,635,Aug16_0/81-20190811170600-snapshot.jpg
4,0,20190811,171030,88,2,1024,660,1101,722,Aug16_0/81-20190811171030-snapshot.jpg
4,0,20190811,171900,85,2,455,443,509,508,Aug16_0/81-20190811171900-snapshot.jpg
4,0,20190811,172230,37,2,388,121,457,178,Aug16_0/81-20190811172230-snapshot.jpg
4,0,20190811,172300,45,2,574,729,634,789,Aug16_0/81-20190811172300-snapshot.jpg
4,0,20190811,172330,87,2,886,678,974,724,Aug16_0/81-20190811172330-snapshot.jpg
4,0,20190811,172400,85,2,1012,316,1085,377,Aug16_0/81-20190811172400-snapshot.jpg
4,0,20190811,172430,79,2,665,574,742,632,Aug16_0/81-20190811172430-snapshot.jpg
4,0,20190811,172500,60,2,382,635,467,694,Aug16_0/81-20190811172500-snapshot.jpg
4,0,20190811,172530,85,2,492,138,552,199,Aug16_0/81-20190811172530-snapshot.jpg
4,0,20190811,173200,86,2,1146,652,1222,722,Aug16_0/81-20190811173200-snapshot.jpg
4,0,20190811,173430,84,2,848,651,903,716,Aug16_0/81-20190811173430-snapshot.jpg
4,0,20190811,173500,43,2,846,827,923,896,Aug16_0/81-20190811173500-snapshot.jpg
4,0,20190811,173600,82,2,1810,485,1898,551,Aug16_0/81-20190811173600-snapshot.jpg
4,0,20190811,173700,84,2,542,746,636,797,Aug16_0/81-20190811173700-snapshot.jpg
4,0,20190811,173730,84,2,339,660,393,730,Aug16_0/81-20190811173730-snapshot.jpg
4,0,20190811,174100,84,2,1040,743,1096,813,Aug16_0/81-20190811174100-snapshot.jpg
4,0,20190811,174130,84,2,451,473,512,543,Aug16_0/81-20190811174130-snapshot.jpg
4,0,20190811,174200,36,2,1890,410,1920,472,Aug16_0/81-20190811174200-snapshot.jpg
4,0,20190811,174600,79,2,566,682,648,734,Aug16_0/81-20190811174600-snapshot.jpg
4,0,20190811,174830,87,2,1012,268,1068,342,Aug16_0/81-20190811174830-snapshot.jpg
4,0,20190811,174900,78,2,1004,738,1061,812,Aug16_0/81-20190811174900-snapshot.jpg
4,0,20190811,175030,88,4,790,361,869,433,Aug16_0/81-20190811175030-snapshot.jpg
4,0,20190811,175130,84,2,384,158,440,229,Aug16_0/81-20190811175130-snapshot.jpg
4,0,20190811,175500,74,2,1250,479,1334,558,Aug16_0/81-20190811175500-snapshot.jpg
4,0,20190811,175500,80,2,953,815,1034,865,Aug16_0/81-20190811175500-snapshot.jpg
4,0,20190811,175530,27,2,470,752,556,821,Aug16_0/81-20190811175530-snapshot.jpg
4,0,20190811,175930,84,2,999,541,1079,593,Aug16_0/81-20190811175930-snapshot.jpg
4,0,20190811,180300,83,2,825,311,903,373,Aug16_0/81-20190811180300-snapshot.jpg
4,0,20190811,180330,82,2,1026,645,1102,692,Aug16_0/81-20190811180330-snapshot.jpg
4,0,20190811,180500,87,4,979,735,1061,808,Aug16_0/81-20190811180500-snapshot.jpg
4,0,20190811,180800,81,2,543,762,624,834,Aug16_0/81-20190811180800-snapshot.jpg
4,0,20190811,182000,82,2,421,748,475,814,Aug16_0/81-20190811182000-snapshot.jpg
4,0,20190811,182030,86,2,853,711,932,760,Aug16_0/81-20190811182030-snapshot.jpg
4,0,20190811,182100,74,2,1844,458,1919,522,Aug16_0/81-20190811182100-snapshot.jpg
4,0,20190811,182100,79,2,1840,379,1919,432,Aug16_0/81-20190811182100-snapshot.jpg
4,0,20190811,182130,77,2,297,25,364,113,Aug16_0/81-20190811182130-snapshot.jpg
4,0,20190811,182230,84,2,308,622,389,678,Aug16_0/81-20190811182230-snapshot.jpg
4,0,20190811,182330,57,2,974,814,1037,873,Aug16_0/81-20190811182330-snapshot.jpg
4,0,20190811,182900,85,4,781,382,836,448,Aug16_0/81-20190811182900-snapshot.jpg
4,0,20190811,182930,70,4,0,909,47,971,Aug16_0/81-20190811182930-snapshot.jpg
4,0,20190811,183000,55,2,1732,793,1815,855,Aug16_0/81-20190811183000-snapshot.jpg
4,0,20190811,183030,31,2,220,106,292,152,Aug16_0/81-20190811183030-snapshot.jpg
4,0,20190811,183130,88,1,1648,158,1689,194,Aug16_0/81-20190811183130-snapshot.jpg
4,0,20190811,183330,84,8,1333,210,1420,276,Aug16_0/81-20190811183330-snapshot.jpg
4,0,20190811,183900,87,2,988,524,1043,598,Aug16_0/81-20190811183900-snapshot.jpg
4,0,20190811,183930,81,2,779,753,839,819,Aug16_0/81-20190811183930-snapshot.jpg
4,0,20190811,184030,84,2,348,620,404,684,Aug16_0/81-20190811184030-snapshot.jpg
4,0,20190811,184400,83,2,981,694,1060,737,Aug16_0/81-20190811184400-snapshot.jpg
4,0,20190811,184400,86,2,867,380,922,450,Aug16_0/81-20190811184400-snapshot.jpg
4,0,20190811,184430,73,2,536,741,619,801,Aug16_0/81-20190811184430-snapshot.jpg
4,0,20190811,184530,81,2,829,787,908,842,Aug16_0/81-20190811184530-snapshot.jpg
4,0,20190811,184630,86,2,908,730,992,788,Aug16_0/81-20190811184630-snapshot.jpg
4,0,20190811,184700,80,2,0,903,58,978,Aug16_0/81-20190811184700-snapshot.jpg
4,0,20190811,184900,83,1,1531,888,1572,922,Aug16_0/81-20190811184900-snapshot.jpg
4,0,20190811,184930,85,1,1441,663,1482,698,Aug16_0/81-20190811184930-snapshot.jpg
4,0,20190811,185100,46,1,1254,416,1294,450,Aug16_0/81-20190811185100-snapshot.jpg
4,0,20190811,185600,77,2,443,493,502,553,Aug16_0/81-20190811185600-snapshot.jpg
4,0,20190811,185730,84,2,842,361,916,410,Aug16_0/81-20190811185730-snapshot.jpg
4,0,20190811,185800,66,1,470,672,507,702,Aug16_0/81-20190811185800-snapshot.jpg
4,0,20190811,185830,51,1,638,646,678,682,Aug16_0/81-20190811185830-snapshot.jpg
4,0,20190811,185930,69,2,418,726,489,787,Aug16_0/81-20190811185930-snapshot.jpg
4,0,20190811,190000,74,2,444,690,522,742,Aug16_0/81-20190811190000-snapshot.jpg
4,0,20190811,190100,61,2,980,795,1038,861,Aug16_0/81-20190811190100-snapshot.jpg
4,0,20190811,190200,70,4,821,724,878,800,Aug16_0/81-20190811190200-snapshot.jpg
4,0,20190811,190200,83,2,822,723,878,801,Aug16_0/81-20190811190200-snapshot.jpg
4,0,20190811,190430,68,2,216,102,275,168,Aug16_0/81-20190811190430-snapshot.jpg
4,0,20190811,190630,77,2,1010,733,1090,789,Aug16_0/81-20190811190630-snapshot.jpg
4,0,20190811,190630,86,2,831,372,892,439,Aug16_0/81-20190811190630-snapshot.jpg
4,0,20190811,190700,78,2,810,776,868,843,Aug16_0/81-20190811190700-snapshot.jpg
4,0,20190811,190830,83,2,449,131,524,182,Aug16_0/81-20190811190830-snapshot.jpg
4,0,20190811,191000,83,2,895,698,959,765,Aug16_0/81-20190811191000-snapshot.jpg
4,0,20190811,191230,46,2,797,588,878,669,Aug16_0/81-20190811191230-snapshot.jpg
4,0,20190811,191230,88,4,888,619,972,693,Aug16_0/81-20190811191230-snapshot.jpg
4,0,20190811,192300,83,8,624,108,705,158,Aug16_0/81-20190811192300-snapshot.jpg
4,0,20190811,192300,84,2,846,783,908,848,Aug16_0/81-20190811192300-snapshot.jpg
4,0,20190811,192500,88,2,567,612,619,687,Aug16_0/81-20190811192500-snapshot.jpg
4,0,20190811,193430,84,2,385,140,461,191,Aug16_0/81-20190811193430-snapshot.jpg
4,0,20190811,193500,44,2,668,554,733,600,Aug16_0/81-20190811193500-snapshot.jpg
4,0,20190811,194000,85,4,845,417,917,478,Aug16_0/81-20190811194000-snapshot.jpg
4,0,20190811,194500,78,2,815,447,892,508,Aug16_0/81-20190811194500-snapshot.jpg
4,0,20190811,200000,81,2,876,660,939,723,Aug16_0/81-20190811200000-snapshot.jpg
4,0,20190811,201100,88,4,469,519,559,583,Aug16_0/81-20190811201100-snapshot.jpg
4,0,20190811,202930,63,2,517,755,596,816,Aug16_0/81-20190811202930-snapshot.jpg
4,0,20190811,203000,73,2,814,443,878,510,Aug16_0/81-20190811203000-snapshot.jpg
4,0,20190811,203000,79,2,978,705,1034,765,Aug16_0/81-20190811203000-snapshot.jpg
4,0,20190811,203330,77,2,788,783,850,839,Aug16_0/81-20190811203330-snapshot.jpg
4,0,20190811,203400,81,2,481,142,535,213,Aug16_0/81-20190811203400-snapshot.jpg
4,0,20190811,204630,40,2,983,813,1049,874,Aug16_0/81-20190811204630-snapshot.jpg
4,0,20190811,204700,85,2,833,721,889,793,Aug16_0/81-20190811204700-snapshot.jpg
4,0,20190811,204730,84,2,342,646,422,700,Aug16_0/81-20190811204730-snapshot.jpg
4,0,20190811,204800,80,2,889,203,957,257,Aug16_0/81-20190811204800-snapshot.jpg
