4,0,20190715,111800,70,3,1040,261,1122,323,Jul25_0/01-20190715111800-snapshot.jpg
4,0,20190715,114030,82,2,1851,301,1910,385,Jul25_0/01-20190715114030-snapshot.jpg
4,0,20190715,114230,88,3,1829,269,1912,356,Jul25_0/01-20190715114230-snapshot.jpg
4,0,20190715,122200,41,2,1862,333,1918,392,Jul25_0/01-20190715122200-snapshot.jpg
4,0,20190715,122230,66,2,1798,378,1870,434,Jul25_0/01-20190715122230-snapshot.jpg
4,0,20190715,123930,59,5,775,36,826,68,Jul25_0/01-20190715123930-snapshot.jpg
4,0,20190715,124200,66,5,281,812,343,852,Jul25_0/01-20190715124200-snapshot.jpg
4,0,20190715,124230,83,5,273,596,359,651,Jul25_0/01-20190715124230-snapshot.jpg
4,0,20190715,124330,82,5,337,427,395,491,Jul25_0/01-20190715124330-snapshot.jpg
4,0,20190715,130700,85,3,1308,111,1363,181,Jul25_0/01-20190715130700-snapshot.jpg
4,0,20190715,133130,83,2,1837,280,1897,360,Jul25_0/01-20190715133130-snapshot.jpg
4,0,20190715,133330,77,5,967,1003,1035,1045,Jul25_0/01-20190715133330-snapshot.jpg
4,0,20190715,133430,62,5,285,571,343,627,Jul25_0/01-20190715133430-snapshot.jpg
4,0,20190715,133500,82,5,325,585,383,649,Jul25_0/01-20190715133500-snapshot.jpg
4,0,20190715,133530,72,6,270,494,325,556,Jul25_0/01-20190715133530-snapshot.jpg
4,0,20190715,133630,80,5,214,95,266,153,Jul25_0/01-20190715133630-snapshot.jpg
4,0,20190715,133800,74,5,180,482,242,527,Jul25_0/01-20190715133800-snapshot.jpg
4,0,20190715,133830,79,5,982,442,1038,491,Jul25_0/01-20190715133830-snapshot.jpg
4,0,20190715,134200,81,3,1864,295,1919,358,Jul25_0/01-20190715134200-snapshot.jpg
4,0,20190715,134630,81,6,139,339,227,403,Jul25_0/01-20190715134630-snapshot.jpg
4,0,20190715,134700,79,6,798,497,879,555,Jul25_0/01-20190715134700-snapshot.jpg
4,0,20190715,134730,35,6,265,771,327,831,Jul25_0/01-20190715134730-snapshot.jpg
4,0,20190715,135230,65,5,966,467,1018,516,Jul25_0/01-20190715135230-snapshot.jpg
4,0,20190715,135300,80,6,1299,491,1360,551,Jul25_0/01-20190715135300-snapshot.jpg
4,0,20190715,140700,86,3,1507,130,1587,208,Jul25_0/01-20190715140700-snapshot.jpg
4,0,20190715,140830,68,2,23,832,115,908,Jul25_0/01-20190715140830-snapshot.jpg
4,0,20190715,141030,66,6,34,106,113,161,Jul25_0/01-20190715141030-snapshot.jpg
4,0,20190715,141030,70,5,920,694,970,735,Jul25_0/01-20190715141030-snapshot.jpg
4,0,20190715,141130,72,5,1336,730,1385,778,Jul25_0/01-20190715141130-snapshot.jpg
4,0,20190715,141200,60,5,1338,703,1388,752,Jul25_0/01-20190715141200-snapshot.jpg
4,0,20190715,141230,59,5,1460,506,1513,546,Jul25_0/01-20190715141230-snapshot.jpg
4,0,20190715,141400,71,5,346,552,398,611,Jul25_0/01-20190715141400-snapshot.jpg
4,0,20190715,141430,29,5,363,416,419,467,Jul25_0/01-20190715141430-snapshot.jpg
4,0,20190715,141600,59,6,121,318,203,368,Jul25_0/01-20190715141600-snapshot.jpg
4,0,20190715,141630,67,5,425,286,481,347,Jul25_0/01-20190715141630-snapshot.jpg
4,0,20190715,142130,34,5,1014,596,1067,650,Jul25_0/01-20190715142130-snapshot.jpg
4,0,20190715,142130,76,6,285,503,338,561,Jul25_0/01-20190715142130-snapshot.jpg
4,0,20190715,142200,58,6,799,395,851,451,Jul25_0/01-20190715142200-snapshot.jpg
4,0,20190715,142230,51,1,318,45,364,85,Jul25_0/01-20190715142230-snapshot.jpg
4,0,20190715,142300,84,1,349,118,395,167,Jul25_0/01-20190715142300-snapshot.jpg
4,0,20190715,142700,71,5,332,565,389,615,Jul25_0/01-20190715142700-snapshot.jpg
4,0,20190715,143330,75,5,206,78,255,133,Jul25_0/01-20190715143330-snapshot.jpg
4,0,20190715,143730,85,1,1681,183,1725,219,Jul25_0/01-20190715143730-snapshot.jpg
4,0,20190715,143800,86,2,21,312,116,364,Jul25_0/01-20190715143800-snapshot.jpg
4,0,20190715,143800,87,1,1487,253,1534,292,Jul25_0/01-20190715143800-snapshot.jpg
4,0,20190715,143830,73,1,1416,232,1463,273,Jul25_0/01-20190715143830-snapshot.jpg
4,0,20190715,143900,72,1,1417,231,1463,272,Jul25_0/01-20190715143900-snapshot.jpg
4,0,20190715,143930,85,1,1415,230,1461,271,Jul25_0/01-20190715143930-snapshot.jpg
4,0,20190715,144000,85,1,1027,432,1074,481,Jul25_0/01-20190715144000-snapshot.jpg
4,0,20190715,144030,77,1,668,493,717,532,Jul25_0/01-20190715144030-snapshot.jpg
4,0,20190715,144100,77,1,729,485,774,522,Jul25_0/01-20190715144100-snapshot.jpg
4,0,20190715,144230,73,6,237,218,326,288,Jul25_0/01-20190715144230-snapshot.jpg
4,0,20190715,144230,79,1,562,526,603,560,Jul25_0/01-20190715144230-snapshot.jpg
4,0,20190715,144400,60,5,253,940,308,976,Jul25_0/01-20190715144400-snapshot.jpg
4,0,20190715,144430,75,5,276,767,323,818,Jul25_0/01-20190715144430-snapshot.jpg
4,0,20190715,144530,78,5,181,699,234,758,Jul25_0/01-20190715144530-snapshot.jpg
4,0,20190715,144630,79,5,265,564,313,621,Jul25_0/01-20190715144630-snapshot.jpg
4,0,20190715,145000,85,2,893,497,973,573,Jul25_0/01-20190715145000-snapshot.jpg
4,0,20190715,145130,76,5,949,672,999,720,Jul25_0/01-20190715145130-snapshot.jpg
4,0,20190715,145200,75,5,1163,295,1210,341,Jul25_0/01-20190715145200-snapshot.jpg
4,0,20190715,145600,87,3,1086,716,1168,782,Jul25_0/01-20190715145600-snapshot.jpg
4,0,20190715,150000,71,6,265,646,342,703,Jul25_0/01-20190715150000-snapshot.jpg
4,0,20190715,150200,84,4,1573,141,1636,220,Jul25_0/01-20190715150200-snapshot.jpg
4,0,20190715,150430,84,8,567,169,625,242,Jul25_0/01-20190715150430-snapshot.jpg
4,0,20190715,150900,63,2,1875,327,1920,393,Jul25_0/01-20190715150900-snapshot.jpg
4,0,20190715,151000,85,3,1521,963,1597,1039,Jul25_0/01-20190715151000-snapshot.jpg
4,0,20190715,152330,75,5,1870,855,1918,915,Jul25_0/01-20190715152330-snapshot.jpg
4,0,20190715,152430,83,5,1551,191,1623,249,Jul25_0/01-20190715152430-snapshot.jpg
4,0,20190715,152700,83,5,379,136,433,197,Jul25_0/01-20190715152700-snapshot.jpg
4,0,20190715,152730,59,5,1519,510,1570,543,Jul25_0/01-20190715152730-snapshot.jpg
4,0,20190715,153030,84,8,1630,818,1711,876,Jul25_0/01-20190715153030-snapshot.jpg
4,0,20190715,154100,31,5,1061,266,1106,316,Jul25_0/01-20190715154100-snapshot.jpg
4,0,20190715,154230,29,5,903,352,943,401,Jul25_0/01-20190715154230-snapshot.jpg
4,0,20190715,154630,87,2,229,15,285,100,Jul25_0/01-20190715154630-snapshot.jpg
4,0,20190715,154900,75,2,135,236,216,286,Jul25_0/01-20190715154900-snapshot.jpg
4,0,20190715,155030,85,5,1109,739,1192,809,Jul25_0/01-20190715155030-snapshot.jpg
4,0,20190715,155700,84,5,613,313,699,386,Jul25_0/01-20190715155700-snapshot.jpg
4,0,20190715,155730,81,5,1265,147,1322,199,Jul25_0/01-20190715155730-snapshot.jpg
4,0,20190715,155800,75,6,533,607,620,674,Jul25_0/01-20190715155800-snapshot.jpg
4,0,20190715,155930,83,2,1834,286,1892,364,Jul25_0/01-20190715155930-snapshot.jpg
4,0,20190715,160330,84,2,522,31,613,83,Jul25_0/01-20190715160330-snapshot.jpg
4,0,20190715,160430,86,3,1841,297,1920,378,Jul25_0/01-20190715160430-snapshot.jpg
4,0,20190715,161330,26,2,1251,1,1311,42,Jul25_0/01-20190715161330-snapshot.jpg
4,0,20190715,161900,86,3,21,227,100,306,Jul25_0/01-20190715161900-snapshot.jpg
4,0,20190715,162000,82,5,392,629,477,678,Jul25_0/01-20190715162000-snapshot.jpg
4,0,20190715,162030,86,5,229,646,309,694,Jul25_0/01-20190715162030-snapshot.jpg
4,0,20190715,162100,79,5,517,910,575,978,Jul25_0/01-20190715162100-snapshot.jpg
4,0,20190715,162300,69,5,386,355,451,413,Jul25_0/01-20190715162300-snapshot.jpg
4,0,20190715,162530,64,5,260,264,316,323,Jul25_0/01-20190715162530-snapshot.jpg
4,0,20190715,162900,34,5,1526,212,1569,252,Jul25_0/01-20190715162900-snapshot.jpg
4,0,20190715,162900,79,5,548,56,604,95,Jul25_0/01-20190715162900-snapshot.jpg
4,0,20190715,162930,73,5,1100,701,1156,754,Jul25_0/01-20190715162930-snapshot.jpg
4,0,20190715,163000,79,5,1156,735,1212,795,Jul25_0/01-20190715163000-snapshot.jpg
4,0,20190715,163330,76,5,1171,432,1220,484,Jul25_0/01-20190715163330-snapshot.jpg
4,0,20190715,163730,78,8,1337,960,1413,1003,Jul25_0/01-20190715163730-snapshot.jpg
4,0,20190715,163930,69,6,830,599,905,659,Jul25_0/01-20190715163930-snapshot.jpg
4,0,20190715,164000,44,6,1247,608,1298,661,Jul25_0/01-20190715164000-snapshot.jpg
4,0,20190715,164530,85,3,1058,721,1149,777,Jul25_0/01-20190715164530-snapshot.jpg
4,0,20190715,164630,77,5,1566,422,1618,458,Jul25_0/01-20190715164630-snapshot.jpg
4,0,20190715,165900,61,6,128,348,211,411,Jul25_0/01-20190715165900-snapshot.jpg
4,0,20190715,170400,33,6,1060,677,1111,736,Jul25_0/01-20190715170400-snapshot.jpg
4,0,20190715,170900,75,5,118,171,175,224,Jul25_0/01-20190715170900-snapshot.jpg
4,0,20190715,171230,70,5,1246,434,1301,468,Jul25_0/01-20190715171230-snapshot.jpg
4,0,20190715,171300,70,5,1131,346,1184,390,Jul25_0/01-20190715171300-snapshot.jpg
4,0,20190715,172300,88,3,1489,523,1568,587,Jul25_0/01-20190715172300-snapshot.jpg
4,0,20190715,172400,86,3,292,715,379,772,Jul25_0/01-20190715172400-snapshot.jpg
4,0,20190715,172500,76,5,368,217,427,274,Jul25_0/01-20190715172500-snapshot.jpg
4,0,20190715,172630,69,5,488,464,534,513,Jul25_0/01-20190715172630-snapshot.jpg
4,0,20190715,173830,85,2,1870,303,1919,380,Jul25_0/01-20190715173830-snapshot.jpg
4,0,20190715,174630,85,8,168,679,246,752,Jul25_0/01-20190715174630-snapshot.jpg
4,0,20190715,174700,68,5,1344,261,1389,300,Jul25_0/01-20190715174700-snapshot.jpg
4,0,20190715,175800,88,3,1107,687,1189,744,Jul25_0/01-20190715175800-snapshot.jpg
4,0,20190715,175900,78,5,413,261,464,315,Jul25_0/01-20190715175900-snapshot.jpg
4,0,20190715,175930,85,8,0,268,62,347,Jul25_0/01-20190715175930-snapshot.jpg
4,0,20190715,180130,46,5,338,108,394,153,Jul25_0/01-20190715180130-snapshot.jpg
4,0,20190715,180300,31,5,334,324,401,374,Jul25_0/01-20190715180300-snapshot.jpg
4,0,20190715,180330,29,2,1842,302,1904,374,Jul25_0/01-20190715180330-snapshot.jpg
4,0,20190715,180330,55,5,229,242,289,304,Jul25_0/01-20190715180330-snapshot.jpg
4,0,20190715,180400,81,2,1753,86,1806,156,Jul25_0/01-20190715180400-snapshot.jpg
4,0,20190715,180600,87,4,1551,392,1630,463,Jul25_0/01-20190715180600-snapshot.jpg
4,0,20190715,180630,87,4,452,532,548,601,Jul25_0/01-20190715180630-snapshot.jpg
4,0,20190715,181230,44,5,45,368,121,424,Jul25_0/01-20190715181230-snapshot.jpg
4,0,20190715,182100,80,3,1089,727,1146,790,Jul25_0/01-20190715182100-snapshot.jpg
4,0,20190715,182930,38,2,1798,345,1871,411,Jul25_0/01-20190715182930-snapshot.jpg
4,0,20190715,182930,53,6,1796,345,1872,411,Jul25_0/01-20190715182930-snapshot.jpg
4,0,20190715,182930,76,8,675,717,751,783,Jul25_0/01-20190715182930-snapshot.jpg
4,0,20190715,183400,38,5,1043,710,1097,742,Jul25_0/01-20190715183400-snapshot.jpg
4,0,20190715,184000,71,5,145,100,196,159,Jul25_0/01-20190715184000-snapshot.jpg
4,0,20190715,184100,29,6,791,384,849,433,Jul25_0/01-20190715184100-snapshot.jpg
4,0,20190715,184730,68,5,298,644,345,697,Jul25_0/01-20190715184730-snapshot.jpg
4,0,20190715,184930,86,8,267,159,352,212,Jul25_0/01-20190715184930-snapshot.jpg
4,0,20190715,185400,47,5,1292,428,1336,474,Jul25_0/01-20190715185400-snapshot.jpg
4,0,20190715,185930,85,2,332,599,403,669,Jul25_0/01-20190715185930-snapshot.jpg
4,0,20190715,190730,66,6,370,427,446,490,Jul25_0/01-20190715190730-snapshot.jpg
4,0,20190715,194300,76,6,816,363,873,432,Jul25_0/01-20190715194300-snapshot.jpg
4,0,20190715,194330,80,6,338,379,411,439,Jul25_0/01-20190715194330-snapshot.jpg
4,0,20190715,194530,76,6,295,493,376,544,Jul25_0/01-20190715194530-snapshot.jpg
4,0,20190715,194600,76,6,407,37,463,97,Jul25_0/01-20190715194600-snapshot.jpg
4,0,20190715,201200,86,4,1794,341,1859,420,Jul25_0/01-20190715201200-snapshot.jpg
4,0,20190715,201700,64,5,192,750,250,801,Jul25_0/01-20190715201700-snapshot.jpg
4,0,20190715,202430,58,8,1004,0,1050,60,Jul25_0/01-20190715202430-snapshot.jpg
4,0,20190715,213930,76,6,357,609,427,672,Jul25_0/01-20190715213930-snapshot.jpg
4,0,20190718,062430,82,8,1339,1005,1390,1069,Jul25_0/111-20190718062430-snapshot.jpg
4,0,20190718,084600,34,1,961,406,1006,442,Jul25_0/145-20190718084600-snapshot.jpg
4,0,20190718,100700,78,3,1778,286,1861,361,Jul25_0/152-20190718100700-snapshot.jpg
4,0,20190718,101330,70,3,1612,215,1699,281,Jul25_0/152-20190718101330-snapshot.jpg
4,0,20190718,103530,43,1,963,407,1007,444,Jul25_0/152-20190718103530-snapshot.jpg
4,0,20190718,105430,37,1,960,404,1006,442,Jul25_0/152-20190718105430-snapshot.jpg
4,0,20190718,113630,86,3,1788,317,1867,389,Jul25_0/152-20190718113630-snapshot.jpg
4,0,20190718,115100,59,1,1531,1029,1573,1066,Jul25_0/152-20190718115100-snapshot.jpg
4,0,20190718,115630,56,2,0,243,45,320,Jul25_0/152-20190718115630-snapshot.jpg
4,0,20190718,115700,86,3,1795,304,1888,371,Jul25_0/152-20190718115700-snapshot.jpg
4,0,20190718,120600,84,3,1797,364,1878,448,Jul25_0/152-20190718120600-snapshot.jpg
4,0,20190718,121100,81,3,1592,181,1675,270,Jul25_0/152-20190718121100-snapshot.jpg
4,0,20190718,122830,29,8,1494,656,1550,729,Jul25_0/152-20190718122830-snapshot.jpg
4,0,20190718,123300,86,3,1596,200,1683,286,Jul25_0/152-20190718123300-snapshot.jpg
4,0,20190718,123430,80,4,1463,486,1558,552,Jul25_0/152-20190718123430-snapshot.jpg
4,0,20190718,123600,38,8,114,726,207,783,Jul25_0/152-20190718123600-snapshot.jpg
4,0,20190718,130030,63,2,67,107,141,156,Jul25_0/152-20190718130030-snapshot.jpg
4,0,20190718,130530,85,3,331,424,394,518,Jul25_0/152-20190718130530-snapshot.jpg
4,0,20190718,131330,71,2,324,708,404,769,Jul25_0/152-20190718131330-snapshot.jpg
4,0,20190718,131400,27,3,1890,276,1920,358,Jul25_0/152-20190718131400-snapshot.jpg
4,0,20190718,131630,85,2,1469,456,1554,507,Jul25_0/152-20190718131630-snapshot.jpg
4,0,20190718,132630,85,3,1833,352,1918,436,Jul25_0/152-20190718132630-snapshot.jpg
4,0,20190718,133000,81,2,0,582,62,653,Jul25_0/152-20190718133000-snapshot.jpg
4,0,20190718,133030,85,2,501,589,580,649,Jul25_0/152-20190718133030-snapshot.jpg
4,0,20190718,134100,84,2,353,550,421,627,Jul25_0/152-20190718134100-snapshot.jpg
4,0,20190718,134430,84,8,473,659,535,723,Jul25_0/152-20190718134430-snapshot.jpg
4,0,20190718,134500,45,2,1080,257,1159,332,Jul25_0/152-20190718134500-snapshot.jpg
4,0,20190718,134600,84,2,326,670,412,721,Jul25_0/152-20190718134600-snapshot.jpg
4,0,20190718,135700,88,3,1791,300,1889,368,Jul25_0/152-20190718135700-snapshot.jpg
4,0,20190718,140900,84,4,1100,747,1166,816,Jul25_0/152-20190718140900-snapshot.jpg
4,0,20190718,141330,85,3,1147,774,1226,850,Jul25_0/152-20190718141330-snapshot.jpg
4,0,20190718,141800,53,5,1174,726,1222,784,Jul25_0/152-20190718141800-snapshot.jpg
4,0,20190718,142000,80,2,21,120,84,197,Jul25_0/152-20190718142000-snapshot.jpg
4,0,20190718,142130,87,3,1107,766,1175,841,Jul25_0/152-20190718142130-snapshot.jpg
4,0,20190718,142700,29,5,1228,901,1272,940,Jul25_0/152-20190718142700-snapshot.jpg
4,0,20190718,142830,64,8,1738,295,1815,369,Jul25_0/152-20190718142830-snapshot.jpg
4,0,20190718,143400,76,2,0,202,48,281,Jul25_0/152-20190718143400-snapshot.jpg
4,0,20190718,143430,82,2,507,567,574,640,Jul25_0/152-20190718143430-snapshot.jpg
4,0,20190718,143600,74,2,475,6,531,74,Jul25_0/152-20190718143600-snapshot.jpg
4,0,20190718,143830,34,4,1888,263,1920,336,Jul25_0/152-20190718143830-snapshot.jpg
4,0,20190718,143830,85,2,229,764,312,817,Jul25_0/152-20190718143830-snapshot.jpg
4,0,20190718,143930,84,2,300,574,384,630,Jul25_0/152-20190718143930-snapshot.jpg
4,0,20190718,144730,84,4,292,400,370,460,Jul25_0/152-20190718144730-snapshot.jpg
4,0,20190718,144800,84,4,1573,340,1651,395,Jul25_0/152-20190718144800-snapshot.jpg
4,0,20190718,145700,89,3,1838,272,1919,342,Jul25_0/152-20190718145700-snapshot.jpg
4,0,20190718,150200,80,2,1329,652,1385,721,Jul25_0/152-20190718150200-snapshot.jpg
4,0,20190718,150430,86,3,1112,755,1185,816,Jul25_0/152-20190718150430-snapshot.jpg
4,0,20190718,150800,77,2,1850,278,1919,331,Jul25_0/152-20190718150800-snapshot.jpg
4,0,20190718,151100,83,2,1177,416,1235,489,Jul25_0/152-20190718151100-snapshot.jpg
4,0,20190718,151630,83,2,370,632,428,704,Jul25_0/152-20190718151630-snapshot.jpg
4,0,20190718,151700,82,2,899,270,954,334,Jul25_0/152-20190718151700-snapshot.jpg
4,0,20190718,151730,56,2,1624,456,1691,504,Jul25_0/152-20190718151730-snapshot.jpg
4,0,20190718,153600,41,3,1883,283,1920,358,Jul25_0/152-20190718153600-snapshot.jpg
4,0,20190718,155500,86,2,131,288,219,352,Jul25_0/152-20190718155500-snapshot.jpg
4,0,20190718,155830,66,2,135,976,192,1037,Jul25_0/152-20190718155830-snapshot.jpg
4,0,20190718,161530,82,2,1257,159,1311,233,Jul25_0/152-20190718161530-snapshot.jpg
4,0,20190718,161630,84,2,1185,236,1266,301,Jul25_0/152-20190718161630-snapshot.jpg
4,0,20190718,162130,38,2,1165,771,1240,831,Jul25_0/152-20190718162130-snapshot.jpg
4,0,20190718,162400,82,2,1343,384,1396,462,Jul25_0/152-20190718162400-snapshot.jpg
4,0,20190718,163300,85,8,1120,726,1209,794,Jul25_0/152-20190718163300-snapshot.jpg
4,0,20190718,163630,86,2,354,521,433,588,Jul25_0/152-20190718163630-snapshot.jpg
4,0,20190718,163700,36,3,1616,239,1665,284,Jul25_0/152-20190718163700-snapshot.jpg
4,0,20190718,163700,61,1,1617,242,1664,282,Jul25_0/152-20190718163700-snapshot.jpg
4,0,20190718,163800,83,2,1172,633,1226,709,Jul25_0/152-20190718163800-snapshot.jpg
4,0,20190718,164230,84,3,513,556,587,616,Jul25_0/152-20190718164230-snapshot.jpg
4,0,20190718,165530,85,3,1596,142,1675,223,Jul25_0/152-20190718165530-snapshot.jpg
4,0,20190718,170000,63,2,1873,170,1920,232,Jul25_0/152-20190718170000-snapshot.jpg
4,0,20190718,170230,54,2,464,127,540,187,Jul25_0/152-20190718170230-snapshot.jpg
4,0,20190718,170300,73,2,134,6,212,54,Jul25_0/152-20190718170300-snapshot.jpg
4,0,20190718,170530,85,2,1035,734,1103,805,Jul25_0/152-20190718170530-snapshot.jpg
4,0,20190718,173130,83,2,540,2,596,76,Jul25_0/152-20190718173130-snapshot.jpg
4,0,20190718,175200,88,4,1149,678,1233,749,Jul25_0/152-20190718175200-snapshot.jpg
4,0,20190718,175730,87,3,1784,309,1877,369,Jul25_0/152-20190718175730-snapshot.jpg
4,0,20190718,180700,84,3,1618,207,1697,270,Jul25_0/152-20190718180700-snapshot.jpg
4,0,20190718,180830,88,4,1760,386,1857,458,Jul25_0/152-20190718180830-snapshot.jpg
4,0,20190718,184030,75,8,21,331,102,393,Jul25_0/152-20190718184030-snapshot.jpg
4,0,20190719,083100,79,8,1380,707,1466,775,Jul25_0/228-20190719083100-snapshot.jpg
4,0,20190716,062830,75,8,24,176,112,239,Jul25_0/24-20190716062830-snapshot.jpg
4,0,20190719,120230,88,8,480,382,562,464,Jul25_0/251-20190719120230-snapshot.jpg
4,0,20190719,120730,53,5,644,953,706,991,Jul25_0/251-20190719120730-snapshot.jpg
4,0,20190719,130430,35,5,303,571,348,618,Jul25_0/252-20190719130430-snapshot.jpg
4,0,20190719,132300,87,3,1655,181,1727,252,Jul25_0/252-20190719132300-snapshot.jpg
4,0,20190719,132730,80,1,1862,103,1902,138,Jul25_0/252-20190719132730-snapshot.jpg
4,0,20190719,133430,87,1,1783,113,1829,157,Jul25_0/252-20190719133430-snapshot.jpg
4,0,20190719,135930,81,3,1863,274,1920,332,Jul25_0/252-20190719135930-snapshot.jpg
4,0,20190719,140930,44,5,515,282,564,333,Jul25_0/252-20190719140930-snapshot.jpg
4,0,20190719,141000,70,5,510,261,558,317,Jul25_0/252-20190719141000-snapshot.jpg
4,0,20190719,141030,75,5,553,93,602,133,Jul25_0/252-20190719141030-snapshot.jpg
4,0,20190719,141100,78,5,410,171,480,215,Jul25_0/252-20190719141100-snapshot.jpg
4,0,20190719,141230,41,5,205,474,249,521,Jul25_0/252-20190719141230-snapshot.jpg
4,0,20190719,152600,83,8,546,963,601,1037,Jul25_0/253-20190719152600-snapshot.jpg
4,0,20190719,155530,82,8,1770,936,1850,988,Jul25_0/253-20190719155530-snapshot.jpg
4,0,20190719,170630,85,8,448,162,533,239,Jul25_0/254-20190719170630-snapshot.jpg
4,0,20190719,170700,71,3,1620,201,1697,254,Jul25_0/254-20190719170700-snapshot.jpg
4,0,20190719,172200,84,8,1150,810,1230,877,Jul25_0/254-20190719172200-snapshot.jpg
4,0,20190719,184000,87,3,1822,399,1913,473,Jul25_0/260-20190719184000-snapshot.jpg
4,0,20190719,184830,77,8,1128,699,1208,739,Jul25_0/261-20190719184830-snapshot.jpg
4,0,20190719,191430,89,3,996,262,1096,334,Jul25_0/264-20190719191430-snapshot.jpg
4,0,20190719,193300,68,8,914,249,997,310,Jul25_0/266-20190719193300-snapshot.jpg
4,0,20190719,193900,85,8,1719,393,1770,473,Jul25_0/266-20190719193900-snapshot.jpg
4,0,20190719,194330,75,5,379,554,440,593,Jul25_0/266-20190719194330-snapshot.jpg
4,0,20190719,194600,74,8,1489,218,1556,267,Jul25_0/266-20190719194600-snapshot.jpg
4,0,20190719,212430,62,8,784,230,868,285,Jul25_0/290-20190719212430-snapshot.jpg
4,0,20190716,083500,54,8,942,936,996,989,Jul25_0/34-20190716083500-snapshot.jpg
4,0,20190716,094500,89,3,1813,286,1908,369,Jul25_0/34-20190716094500-snapshot.jpg
4,0,20190716,103330,27,1,600,830,640,865,Jul25_0/34-20190716103330-snapshot.jpg
4,0,20190716,113900,69,5,801,42,847,78,Jul25_0/34-20190716113900-snapshot.jpg
4,0,20190716,114430,62,5,364,390,428,440,Jul25_0/34-20190716114430-snapshot.jpg
4,0,20190716,115000,78,5,1285,464,1333,518,Jul25_0/34-20190716115000-snapshot.jpg
4,0,20190716,115030,54,5,1158,376,1202,418,Jul25_0/34-20190716115030-snapshot.jpg
4,0,20190716,115030,59,5,568,569,616,624,Jul25_0/34-20190716115030-snapshot.jpg
4,0,20190716,115100,68,5,823,411,866,460,Jul25_0/34-20190716115100-snapshot.jpg
4,0,20190716,115100,78,5,597,503,641,553,Jul25_0/34-20190716115100-snapshot.jpg
4,0,20190716,115200,54,5,1228,65,1274,99,Jul25_0/34-20190716115200-snapshot.jpg
4,0,20190716,115230,29,5,1290,489,1337,531,Jul25_0/34-20190716115230-snapshot.jpg
4,0,20190716,115300,63,5,1123,399,1176,432,Jul25_0/34-20190716115300-snapshot.jpg
4,0,20190716,115330,61,5,1184,361,1237,399,Jul25_0/34-20190716115330-snapshot.jpg
4,0,20190716,115400,74,5,1164,388,1220,423,Jul25_0/34-20190716115400-snapshot.jpg
4,0,20190716,115430,31,5,1051,245,1091,290,Jul25_0/34-20190716115430-snapshot.jpg
4,0,20190716,115500,79,5,901,389,945,439,Jul25_0/34-20190716115500-snapshot.jpg
4,0,20190716,115530,53,5,532,558,577,609,Jul25_0/34-20190716115530-snapshot.jpg
4,0,20190716,121330,27,5,265,598,314,658,Jul25_0/34-20190716121330-snapshot.jpg
4,0,20190716,121400,74,5,523,540,573,592,Jul25_0/34-20190716121400-snapshot.jpg
4,0,20190716,121430,75,5,996,540,1042,592,Jul25_0/34-20190716121430-snapshot.jpg
4,0,20190716,123900,81,6,1099,410,1180,481,Jul25_0/34-20190716123900-snapshot.jpg
4,0,20190716,123930,74,6,746,845,822,896,Jul25_0/34-20190716123930-snapshot.jpg
4,0,20190716,124900,64,6,271,758,350,814,Jul25_0/34-20190716124900-snapshot.jpg
4,0,20190716,125000,82,6,354,545,414,617,Jul25_0/34-20190716125000-snapshot.jpg
4,0,20190716,125130,41,6,996,581,1054,642,Jul25_0/34-20190716125130-snapshot.jpg
4,0,20190716,125630,48,2,1872,330,1920,397,Jul25_0/34-20190716125630-snapshot.jpg
4,0,20190716,125630,59,6,0,148,50,218,Jul25_0/34-20190716125630-snapshot.jpg
4,0,20190716,125700,77,6,510,524,564,586,Jul25_0/34-20190716125700-snapshot.jpg
4,0,20190716,125700,84,2,1811,327,1867,411,Jul25_0/34-20190716125700-snapshot.jpg
4,0,20190716,130200,80,6,1491,418,1573,475,Jul25_0/34-20190716130200-snapshot.jpg
4,0,20190716,130800,73,5,1310,97,1353,139,Jul25_0/34-20190716130800-snapshot.jpg
4,0,20190716,131800,86,3,875,318,959,377,Jul25_0/34-20190716131800-snapshot.jpg
4,0,20190716,132600,79,5,1272,451,1321,507,Jul25_0/34-20190716132600-snapshot.jpg
4,0,20190716,132630,70,5,1485,455,1537,500,Jul25_0/34-20190716132630-snapshot.jpg
4,0,20190716,132700,83,5,1571,241,1618,299,Jul25_0/34-20190716132700-snapshot.jpg
4,0,20190716,133130,81,3,1867,352,1920,429,Jul25_0/34-20190716133130-snapshot.jpg
4,0,20190716,133200,88,3,1145,693,1232,761,Jul25_0/34-20190716133200-snapshot.jpg
4,0,20190716,135000,84,3,420,225,505,301,Jul25_0/34-20190716135000-snapshot.jpg
4,0,20190716,135030,83,3,1447,450,1506,514,Jul25_0/34-20190716135030-snapshot.jpg
4,0,20190716,135100,83,3,1095,406,1159,474,Jul25_0/34-20190716135100-snapshot.jpg
4,0,20190716,135230,79,6,160,78,233,135,Jul25_0/34-20190716135230-snapshot.jpg
4,0,20190716,135300,84,6,353,156,439,229,Jul25_0/34-20190716135300-snapshot.jpg
4,0,20190716,135330,84,6,473,296,554,347,Jul25_0/34-20190716135330-snapshot.jpg
4,0,20190716,135500,66,5,1236,360,1286,417,Jul25_0/34-20190716135500-snapshot.jpg
4,0,20190716,135530,45,5,842,28,886,55,Jul25_0/34-20190716135530-snapshot.jpg
4,0,20190716,135730,80,5,53,89,112,146,Jul25_0/34-20190716135730-snapshot.jpg
4,0,20190716,135900,75,5,902,373,945,419,Jul25_0/34-20190716135900-snapshot.jpg
4,0,20190716,140400,89,3,985,519,1069,578,Jul25_0/34-20190716140400-snapshot.jpg
4,0,20190716,140830,85,2,320,287,392,366,Jul25_0/34-20190716140830-snapshot.jpg
4,0,20190716,140900,75,2,1550,380,1626,429,Jul25_0/34-20190716140900-snapshot.jpg
4,0,20190716,141130,87,3,110,111,181,188,Jul25_0/34-20190716141130-snapshot.jpg
4,0,20190716,141900,81,4,262,710,351,774,Jul25_0/34-20190716141900-snapshot.jpg
4,0,20190716,141930,88,4,543,197,625,287,Jul25_0/34-20190716141930-snapshot.jpg
4,0,20190716,144030,69,5,702,548,755,584,Jul25_0/34-20190716144030-snapshot.jpg
4,0,20190716,144130,82,8,1121,919,1179,984,Jul25_0/34-20190716144130-snapshot.jpg
4,0,20190716,144800,38,2,41,150,125,224,Jul25_0/34-20190716144800-snapshot.jpg
4,0,20190716,144800,84,8,999,170,1056,243,Jul25_0/34-20190716144800-snapshot.jpg
4,0,20190716,145830,87,4,8,571,102,650,Jul25_0/34-20190716145830-snapshot.jpg
4,0,20190716,145930,78,4,1337,673,1396,744,Jul25_0/34-20190716145930-snapshot.jpg
4,0,20190716,150000,85,4,1594,317,1652,388,Jul25_0/34-20190716150000-snapshot.jpg
4,0,20190716,150400,79,4,68,26,124,88,Jul25_0/34-20190716150400-snapshot.jpg
4,0,20190716,150600,86,3,904,403,981,465,Jul25_0/34-20190716150600-snapshot.jpg
4,0,20190716,151000,72,8,1196,852,1252,910,Jul25_0/34-20190716151000-snapshot.jpg
4,0,20190716,152230,64,5,931,687,977,717,Jul25_0/34-20190716152230-snapshot.jpg
4,0,20190716,152830,40,5,244,870,292,912,Jul25_0/34-20190716152830-snapshot.jpg
4,0,20190716,153030,87,3,377,584,455,654,Jul25_0/34-20190716153030-snapshot.jpg
4,0,20190716,153600,54,5,916,422,959,469,Jul25_0/34-20190716153600-snapshot.jpg
4,0,20190716,154630,79,5,104,219,163,279,Jul25_0/34-20190716154630-snapshot.jpg
4,0,20190716,154700,72,5,278,511,341,560,Jul25_0/34-20190716154700-snapshot.jpg
4,0,20190716,155330,48,2,849,214,929,270,Jul25_0/34-20190716155330-snapshot.jpg
4,0,20190716,155400,44,5,1070,301,1143,355,Jul25_0/34-20190716155400-snapshot.jpg
4,0,20190716,155400,49,8,1069,300,1144,355,Jul25_0/34-20190716155400-snapshot.jpg
4,0,20190716,160400,83,8,537,720,619,781,Jul25_0/34-20190716160400-snapshot.jpg
4,0,20190716,161630,78,2,616,4,695,46,Jul25_0/34-20190716161630-snapshot.jpg
4,0,20190716,161700,87,4,403,406,484,487,Jul25_0/34-20190716161700-snapshot.jpg
4,0,20190716,162300,61,5,1609,310,1655,355,Jul25_0/34-20190716162300-snapshot.jpg
4,0,20190716,162330,40,5,1253,234,1305,265,Jul25_0/34-20190716162330-snapshot.jpg
4,0,20190716,162430,66,2,4,496,82,545,Jul25_0/34-20190716162430-snapshot.jpg
4,0,20190716,162530,71,2,333,358,412,416,Jul25_0/34-20190716162530-snapshot.jpg
4,0,20190716,162600,85,2,1569,405,1624,480,Jul25_0/34-20190716162600-snapshot.jpg
4,0,20190716,162700,52,5,826,448,875,496,Jul25_0/34-20190716162700-snapshot.jpg
4,0,20190716,162730,81,4,53,118,136,198,Jul25_0/34-20190716162730-snapshot.jpg
4,0,20190716,162900,72,2,35,228,97,304,Jul25_0/34-20190716162900-snapshot.jpg
4,0,20190716,163000,43,2,0,278,50,343,Jul25_0/34-20190716163000-snapshot.jpg
4,0,20190716,163400,62,5,898,407,943,453,Jul25_0/34-20190716163400-snapshot.jpg
4,0,20190716,164530,85,8,136,401,232,488,Jul25_0/34-20190716164530-snapshot.jpg
4,0,20190716,165730,60,8,1270,794,1324,853,Jul25_0/34-20190716165730-snapshot.jpg
4,0,20190716,165830,73,5,987,424,1036,479,Jul25_0/34-20190716165830-snapshot.jpg
4,0,20190716,170230,87,3,1845,283,1919,354,Jul25_0/34-20190716170230-snapshot.jpg
4,0,20190716,170300,89,3,1781,302,1883,372,Jul25_0/34-20190716170300-snapshot.jpg
4,0,20190716,170400,55,2,1577,365,1653,414,Jul25_0/34-20190716170400-snapshot.jpg
4,0,20190716,170530,58,5,205,786,257,841,Jul25_0/34-20190716170530-snapshot.jpg
4,0,20190716,170830,53,2,1790,288,1865,336,Jul25_0/34-20190716170830-snapshot.jpg
4,0,20190716,171030,84,3,504,485,585,545,Jul25_0/34-20190716171030-snapshot.jpg
4,0,20190716,171130,66,5,248,122,297,174,Jul25_0/34-20190716171130-snapshot.jpg
4,0,20190716,172430,84,2,366,584,433,657,Jul25_0/34-20190716172430-snapshot.jpg
4,0,20190716,172600,86,4,706,432,780,493,Jul25_0/34-20190716172600-snapshot.jpg
4,0,20190716,172630,82,4,1318,458,1374,530,Jul25_0/34-20190716172630-snapshot.jpg
4,0,20190716,172900,37,5,1239,960,1280,1004,Jul25_0/34-20190716172900-snapshot.jpg
4,0,20190716,174230,63,2,314,353,389,421,Jul25_0/34-20190716174230-snapshot.jpg
4,0,20190716,174330,33,5,1417,415,1462,450,Jul25_0/34-20190716174330-snapshot.jpg
4,0,20190716,175630,84,3,1161,698,1249,763,Jul25_0/34-20190716175630-snapshot.jpg
4,0,20190716,175730,85,2,345,52,431,96,Jul25_0/34-20190716175730-snapshot.jpg
4,0,20190716,175800,83,2,829,421,911,470,Jul25_0/34-20190716175800-snapshot.jpg
4,0,20190716,180800,60,5,924,408,970,453,Jul25_0/34-20190716180800-snapshot.jpg
4,0,20190716,180900,48,5,893,296,945,336,Jul25_0/34-20190716180900-snapshot.jpg
4,0,20190716,180930,31,5,909,374,956,407,Jul25_0/34-20190716180930-snapshot.jpg
4,0,20190716,181000,75,2,270,504,358,558,Jul25_0/34-20190716181000-snapshot.jpg
4,0,20190716,181030,42,2,247,750,325,796,Jul25_0/34-20190716181030-snapshot.jpg
4,0,20190716,181100,67,2,458,45,517,99,Jul25_0/34-20190716181100-snapshot.jpg
4,0,20190716,181130,87,2,1155,275,1212,355,Jul25_0/34-20190716181130-snapshot.jpg
4,0,20190716,181230,88,3,1055,732,1143,799,Jul25_0/34-20190716181230-snapshot.jpg
4,0,20190716,181530,84,3,1177,741,1248,810,Jul25_0/34-20190716181530-snapshot.jpg
4,0,20190716,185100,85,3,1774,359,1851,434,Jul25_0/34-20190716185100-snapshot.jpg
4,0,20190716,185700,81,8,1083,407,1171,456,Jul25_0/34-20190716185700-snapshot.jpg
4,0,20190716,193600,37,8,110,148,194,202,Jul25_0/34-20190716193600-snapshot.jpg
4,0,20190716,193630,62,2,16,264,96,336,Jul25_0/34-20190716193630-snapshot.jpg
4,0,20190716,193730,76,2,288,332,374,382,Jul25_0/34-20190716193730-snapshot.jpg
4,0,20190716,193800,86,2,1139,351,1195,425,Jul25_0/34-20190716193800-snapshot.jpg
4,0,20190716,195300,48,3,1745,295,1828,364,Jul25_0/34-20190716195300-snapshot.jpg
4,0,20190716,195530,31,1,91,358,134,391,Jul25_0/34-20190716195530-snapshot.jpg
4,0,20190716,195630,27,1,92,359,136,392,Jul25_0/34-20190716195630-snapshot.jpg
4,0,20190716,201730,59,5,1733,743,1796,778,Jul25_0/34-20190716201730-snapshot.jpg
4,0,20190720,080800,56,1,183,127,227,165,Jul25_0/349-20190720080800-snapshot.jpg
4,0,20190720,080830,74,1,230,126,279,174,Jul25_0/349-20190720080830-snapshot.jpg
4,0,20190720,080900,82,1,229,133,279,186,Jul25_0/349-20190720080900-snapshot.jpg
4,0,20190720,081030,79,1,199,198,247,247,Jul25_0/349-20190720081030-snapshot.jpg
4,0,20190720,081100,77,1,187,198,235,247,Jul25_0/349-20190720081100-snapshot.jpg
4,0,20190720,081130,45,1,188,165,229,202,Jul25_0/349-20190720081130-snapshot.jpg
4,0,20190720,083200,71,1,382,208,427,250,Jul25_0/349-20190720083200-snapshot.jpg
4,0,20190720,083330,27,1,504,294,546,332,Jul25_0/349-20190720083330-snapshot.jpg
4,0,20190720,092730,81,1,300,719,345,761,Jul25_0/349-20190720092730-snapshot.jpg
4,0,20190720,093230,77,1,492,621,534,662,Jul25_0/349-20190720093230-snapshot.jpg
4,0,20190720,093300,85,1,506,631,549,673,Jul25_0/349-20190720093300-snapshot.jpg
4,0,20190720,093330,79,1,504,625,548,670,Jul25_0/349-20190720093330-snapshot.jpg
4,0,20190720,093400,83,1,569,650,608,686,Jul25_0/349-20190720093400-snapshot.jpg
4,0,20190720,093430,87,1,558,605,601,646,Jul25_0/349-20190720093430-snapshot.jpg
4,0,20190720,093500,80,1,517,670,556,704,Jul25_0/349-20190720093500-snapshot.jpg
4,0,20190720,093530,87,1,579,711,626,758,Jul25_0/349-20190720093530-snapshot.jpg
4,0,20190720,093600,81,1,688,622,732,667,Jul25_0/349-20190720093600-snapshot.jpg
4,0,20190720,093900,32,1,965,630,1003,666,Jul25_0/349-20190720093900-snapshot.jpg
4,0,20190720,094130,85,1,1010,805,1051,842,Jul25_0/349-20190720094130-snapshot.jpg
4,0,20190720,094230,85,1,863,879,907,923,Jul25_0/349-20190720094230-snapshot.jpg
4,0,20190720,094300,85,1,886,928,930,970,Jul25_0/349-20190720094300-snapshot.jpg
4,0,20190720,094330,87,1,932,1039,976,1078,Jul25_0/349-20190720094330-snapshot.jpg
4,0,20190720,120100,82,8,1754,191,1845,254,Jul25_0/349-20190720120100-snapshot.jpg
4,0,20190720,124030,83,4,1853,334,1920,414,Jul25_0/350-20190720124030-snapshot.jpg
4,0,20190720,132330,55,5,1671,1024,1720,1074,Jul25_0/350-20190720132330-snapshot.jpg
4,0,20190720,144930,78,8,168,991,258,1050,Jul25_0/350-20190720144930-snapshot.jpg
4,0,20190720,150200,78,4,1874,249,1920,319,Jul25_0/350-20190720150200-snapshot.jpg
4,0,20190720,152900,82,2,651,528,731,584,Jul25_0/350-20190720152900-snapshot.jpg
4,0,20190720,162530,84,8,1046,448,1133,503,Jul25_0/350-20190720162530-snapshot.jpg
4,0,20190720,162700,66,2,1301,201,1363,263,Jul25_0/350-20190720162700-snapshot.jpg
4,0,20190720,163430,56,2,1753,382,1844,440,Jul25_0/350-20190720163430-snapshot.jpg
4,0,20190720,164000,76,4,1874,254,1920,332,Jul25_0/350-20190720164000-snapshot.jpg
4,0,20190720,165400,83,8,739,538,828,593,Jul25_0/350-20190720165400-snapshot.jpg
4,0,20190720,170030,83,8,290,4,375,71,Jul25_0/350-20190720170030-snapshot.jpg
4,0,20190720,172200,27,5,231,103,299,147,Jul25_0/350-20190720172200-snapshot.jpg
4,0,20190720,173630,25,5,230,103,301,149,Jul25_0/350-20190720173630-snapshot.jpg
4,0,20190720,175830,88,3,1358,564,1444,633,Jul25_0/350-20190720175830-snapshot.jpg
4,0,20190720,182030,49,1,1233,629,1270,661,Jul25_0/350-20190720182030-snapshot.jpg
4,0,20190720,182100,84,1,1288,626,1327,661,Jul25_0/350-20190720182100-snapshot.jpg
4,0,20190720,182200,73,1,1637,755,1674,791,Jul25_0/350-20190720182200-snapshot.jpg
4,0,20190720,182730,30,5,232,106,301,150,Jul25_0/350-20190720182730-snapshot.jpg
4,0,20190720,184330,42,5,229,104,302,151,Jul25_0/350-20190720184330-snapshot.jpg
4,0,20190720,184500,44,5,230,106,302,151,Jul25_0/350-20190720184500-snapshot.jpg
4,0,20190720,184730,47,5,231,104,303,151,Jul25_0/351-20190720184730-snapshot.jpg
4,0,20190720,185400,54,5,231,107,301,152,Jul25_0/351-20190720185400-snapshot.jpg
4,0,20190720,190730,36,5,229,104,302,151,Jul25_0/351-20190720190730-snapshot.jpg
4,0,20190720,193000,42,5,230,107,303,152,Jul25_0/351-20190720193000-snapshot.jpg
4,0,20190720,193030,26,5,232,108,303,152,Jul25_0/351-20190720193030-snapshot.jpg
4,0,20190720,193900,37,5,230,107,302,153,Jul25_0/351-20190720193900-snapshot.jpg
4,0,20190720,194100,29,5,227,107,301,153,Jul25_0/351-20190720194100-snapshot.jpg
4,0,20190720,205830,80,8,1,198,53,278,Jul25_0/358-20190720205830-snapshot.jpg
4,0,20190721,084330,46,1,260,460,313,508,Jul25_0/426-20190721084330-snapshot.jpg
4,0,20190721,101700,84,8,1470,827,1552,895,Jul25_0/439-20190721101700-snapshot.jpg
4,0,20190721,112830,54,1,262,458,313,503,Jul25_0/439-20190721112830-snapshot.jpg
4,0,20190721,115200,34,1,262,458,312,504,Jul25_0/440-20190721115200-snapshot.jpg
4,0,20190721,120130,54,1,262,457,312,504,Jul25_0/440-20190721120130-snapshot.jpg
4,0,20190721,120400,32,1,261,457,311,503,Jul25_0/440-20190721120400-snapshot.jpg
4,0,20190721,121230,25,1,261,458,313,504,Jul25_0/440-20190721121230-snapshot.jpg
4,0,20190721,122230,66,1,259,456,311,503,Jul25_0/440-20190721122230-snapshot.jpg
4,0,20190721,122300,50,1,260,458,311,503,Jul25_0/440-20190721122300-snapshot.jpg
4,0,20190721,122630,56,1,260,458,310,503,Jul25_0/440-20190721122630-snapshot.jpg
4,0,20190721,124000,84,8,291,827,375,901,Jul25_0/440-20190721124000-snapshot.jpg
4,0,20190721,124930,29,1,261,458,311,503,Jul25_0/440-20190721124930-snapshot.jpg
4,0,20190721,125100,39,1,259,459,310,503,Jul25_0/440-20190721125100-snapshot.jpg
4,0,20190721,125300,38,1,261,458,313,505,Jul25_0/440-20190721125300-snapshot.jpg
4,0,20190721,125800,35,1,261,457,313,504,Jul25_0/440-20190721125800-snapshot.jpg
4,0,20190721,130500,29,1,259,459,310,503,Jul25_0/440-20190721130500-snapshot.jpg
4,0,20190721,130900,62,1,260,459,311,504,Jul25_0/440-20190721130900-snapshot.jpg
4,0,20190721,131300,57,1,258,458,310,504,Jul25_0/440-20190721131300-snapshot.jpg
4,0,20190721,131800,28,1,260,458,312,503,Jul25_0/440-20190721131800-snapshot.jpg
4,0,20190721,131930,63,1,259,458,311,505,Jul25_0/440-20190721131930-snapshot.jpg
4,0,20190721,134930,83,3,1778,375,1861,443,Jul25_0/440-20190721134930-snapshot.jpg
4,0,20190721,160430,43,8,40,748,121,808,Jul25_0/440-20190721160430-snapshot.jpg
4,0,20190721,180100,28,1,1184,418,1238,463,Jul25_0/440-20190721180100-snapshot.jpg
4,0,20190721,182230,86,8,1038,789,1127,851,Jul25_0/440-20190721182230-snapshot.jpg
4,0,20190721,185130,82,1,433,738,474,773,Jul25_0/440-20190721185130-snapshot.jpg
4,0,20190721,185200,76,1,402,606,446,641,Jul25_0/440-20190721185200-snapshot.jpg
4,0,20190721,201230,44,5,1612,382,1653,423,Jul25_0/440-20190721201230-snapshot.jpg
4,0,20190722,082600,53,8,623,731,683,798,Jul25_0/450-20190722082600-snapshot.jpg
4,0,20190722,095930,80,8,596,293,682,345,Jul25_0/453-20190722095930-snapshot.jpg
4,0,20190722,113300,81,3,1788,396,1864,457,Jul25_0/454-20190722113300-snapshot.jpg
4,0,20190722,114730,73,5,1508,489,1554,538,Jul25_0/454-20190722114730-snapshot.jpg
4,0,20190722,123200,68,5,1655,433,1703,485,Jul25_0/454-20190722123200-snapshot.jpg
4,0,20190722,125500,63,5,696,554,765,595,Jul25_0/454-20190722125500-snapshot.jpg
4,0,20190722,130300,35,1,259,460,307,502,Jul25_0/454-20190722130300-snapshot.jpg
4,0,20190722,130430,29,1,260,461,307,502,Jul25_0/454-20190722130430-snapshot.jpg
4,0,20190722,132500,72,5,1528,422,1582,473,Jul25_0/455-20190722132500-snapshot.jpg
4,0,20190722,132530,60,5,1527,422,1581,470,Jul25_0/455-20190722132530-snapshot.jpg
4,0,20190722,132600,41,5,1524,422,1583,470,Jul25_0/455-20190722132600-snapshot.jpg
4,0,20190722,132630,27,5,1526,422,1580,470,Jul25_0/455-20190722132630-snapshot.jpg
4,0,20190722,133030,29,1,259,462,308,503,Jul25_0/455-20190722133030-snapshot.jpg
4,0,20190722,133900,70,1,260,459,308,502,Jul25_0/455-20190722133900-snapshot.jpg
4,0,20190722,134000,78,1,260,459,309,502,Jul25_0/455-20190722134000-snapshot.jpg
4,0,20190722,134130,78,1,259,458,308,502,Jul25_0/455-20190722134130-snapshot.jpg
4,0,20190722,134200,59,1,260,460,309,501,Jul25_0/455-20190722134200-snapshot.jpg
4,0,20190722,134230,76,1,261,460,310,502,Jul25_0/455-20190722134230-snapshot.jpg
4,0,20190722,134300,78,1,260,459,309,502,Jul25_0/455-20190722134300-snapshot.jpg
4,0,20190722,134500,71,1,260,459,309,502,Jul25_0/455-20190722134500-snapshot.jpg
4,0,20190722,134530,73,1,261,460,309,501,Jul25_0/455-20190722134530-snapshot.jpg
4,0,20190722,134600,50,1,261,459,309,501,Jul25_0/455-20190722134600-snapshot.jpg
4,0,20190722,134630,71,1,261,459,310,501,Jul25_0/455-20190722134630-snapshot.jpg
4,0,20190722,134700,51,1,262,459,310,501,Jul25_0/455-20190722134700-snapshot.jpg
4,0,20190722,134730,65,1,261,459,310,501,Jul25_0/455-20190722134730-snapshot.jpg
4,0,20190722,135000,56,1,261,459,309,501,Jul25_0/455-20190722135000-snapshot.jpg
4,0,20190722,135030,67,1,262,459,310,501,Jul25_0/455-20190722135030-snapshot.jpg
4,0,20190722,135100,52,1,261,460,309,500,Jul25_0/455-20190722135100-snapshot.jpg
4,0,20190722,135230,63,1,262,460,310,501,Jul25_0/455-20190722135230-snapshot.jpg
4,0,20190722,135300,62,1,261,459,309,502,Jul25_0/455-20190722135300-snapshot.jpg
4,0,20190722,135330,69,1,261,459,309,502,Jul25_0/455-20190722135330-snapshot.jpg
4,0,20190722,135430,69,1,261,460,309,501,Jul25_0/455-20190722135430-snapshot.jpg
4,0,20190722,135500,76,1,261,459,309,500,Jul25_0/455-20190722135500-snapshot.jpg
4,0,20190722,135600,69,1,262,459,310,501,Jul25_0/455-20190722135600-snapshot.jpg
4,0,20190722,135630,66,1,261,459,309,501,Jul25_0/455-20190722135630-snapshot.jpg
4,0,20190722,140100,26,1,260,461,308,501,Jul25_0/455-20190722140100-snapshot.jpg
4,0,20190722,140130,37,1,261,459,309,501,Jul25_0/455-20190722140130-snapshot.jpg
4,0,20190722,140200,25,1,261,460,309,501,Jul25_0/455-20190722140200-snapshot.jpg
4,0,20190722,140330,44,1,261,459,309,501,Jul25_0/455-20190722140330-snapshot.jpg
4,0,20190722,140330,82,5,1164,726,1249,787,Jul25_0/455-20190722140330-snapshot.jpg
4,0,20190722,140500,37,1,261,460,309,501,Jul25_0/455-20190722140500-snapshot.jpg
4,0,20190722,140530,52,1,261,460,308,501,Jul25_0/455-20190722140530-snapshot.jpg
4,0,20190722,140730,41,1,261,460,309,501,Jul25_0/455-20190722140730-snapshot.jpg
4,0,20190722,140900,36,1,260,459,308,501,Jul25_0/455-20190722140900-snapshot.jpg
4,0,20190722,141100,48,1,260,459,308,501,Jul25_0/455-20190722141100-snapshot.jpg
4,0,20190722,141600,72,1,260,459,309,501,Jul25_0/455-20190722141600-snapshot.jpg
4,0,20190722,142230,30,1,260,458,309,500,Jul25_0/455-20190722142230-snapshot.jpg
4,0,20190722,142500,40,1,261,457,309,500,Jul25_0/455-20190722142500-snapshot.jpg
4,0,20190722,142630,38,1,259,458,308,500,Jul25_0/455-20190722142630-snapshot.jpg
4,0,20190722,142700,31,1,261,458,310,500,Jul25_0/455-20190722142700-snapshot.jpg
4,0,20190722,142800,32,1,260,457,309,500,Jul25_0/455-20190722142800-snapshot.jpg
4,0,20190722,144330,53,1,260,456,309,498,Jul25_0/455-20190722144330-snapshot.jpg
4,0,20190722,144400,52,1,260,456,308,499,Jul25_0/455-20190722144400-snapshot.jpg
4,0,20190722,144430,42,1,259,455,308,498,Jul25_0/455-20190722144430-snapshot.jpg
4,0,20190722,144500,60,1,260,455,309,498,Jul25_0/455-20190722144500-snapshot.jpg
4,0,20190722,144600,52,1,260,455,309,497,Jul25_0/455-20190722144600-snapshot.jpg
4,0,20190722,144700,31,1,260,455,309,498,Jul25_0/455-20190722144700-snapshot.jpg
4,0,20190722,144800,73,1,262,455,309,498,Jul25_0/455-20190722144800-snapshot.jpg
4,0,20190722,144830,25,1,261,456,309,497,Jul25_0/455-20190722144830-snapshot.jpg
4,0,20190722,144900,33,1,260,456,308,498,Jul25_0/455-20190722144900-snapshot.jpg
4,0,20190722,145030,53,1,260,455,308,498,Jul25_0/455-20190722145030-snapshot.jpg
4,0,20190722,145100,49,1,260,455,308,498,Jul25_0/455-20190722145100-snapshot.jpg
4,0,20190722,145130,30,1,261,456,309,497,Jul25_0/455-20190722145130-snapshot.jpg
4,0,20190722,145230,66,1,260,455,307,498,Jul25_0/455-20190722145230-snapshot.jpg
4,0,20190722,145300,72,1,259,455,309,498,Jul25_0/455-20190722145300-snapshot.jpg
4,0,20190722,145400,72,1,261,455,309,497,Jul25_0/455-20190722145400-snapshot.jpg
4,0,20190722,145430,65,1,260,454,308,497,Jul25_0/455-20190722145430-snapshot.jpg
4,0,20190722,145500,68,1,259,455,307,497,Jul25_0/455-20190722145500-snapshot.jpg
4,0,20190722,145530,67,1,259,455,308,498,Jul25_0/455-20190722145530-snapshot.jpg
4,0,20190722,145600,51,1,259,455,308,498,Jul25_0/455-20190722145600-snapshot.jpg
4,0,20190722,145800,44,1,259,455,306,498,Jul25_0/455-20190722145800-snapshot.jpg
4,0,20190722,150000,53,1,259,456,307,498,Jul25_0/455-20190722150000-snapshot.jpg
4,0,20190722,150030,56,1,259,456,307,497,Jul25_0/455-20190722150030-snapshot.jpg
4,0,20190722,150100,36,1,260,456,307,498,Jul25_0/455-20190722150100-snapshot.jpg
4,0,20190722,150130,74,1,259,455,307,497,Jul25_0/455-20190722150130-snapshot.jpg
4,0,20190722,150530,36,1,259,454,306,496,Jul25_0/455-20190722150530-snapshot.jpg
4,0,20190722,150600,46,1,259,453,307,497,Jul25_0/455-20190722150600-snapshot.jpg
4,0,20190722,150800,37,1,258,454,306,497,Jul25_0/455-20190722150800-snapshot.jpg
4,0,20190722,151000,50,1,258,453,306,497,Jul25_0/455-20190722151000-snapshot.jpg
4,0,20190722,151900,47,1,256,453,305,496,Jul25_0/455-20190722151900-snapshot.jpg
4,0,20190722,152600,31,1,257,453,305,496,Jul25_0/455-20190722152600-snapshot.jpg
4,0,20190722,153200,61,1,257,452,305,496,Jul25_0/455-20190722153200-snapshot.jpg
4,0,20190722,153230,29,1,257,451,306,495,Jul25_0/455-20190722153230-snapshot.jpg
4,0,20190722,153330,68,1,257,451,305,495,Jul25_0/455-20190722153330-snapshot.jpg
4,0,20190722,154130,50,1,256,451,303,494,Jul25_0/455-20190722154130-snapshot.jpg
4,0,20190722,154900,42,1,255,451,303,495,Jul25_0/455-20190722154900-snapshot.jpg
4,0,20190722,160400,53,1,254,449,303,496,Jul25_0/455-20190722160400-snapshot.jpg
4,0,20190722,160600,34,1,955,399,995,434,Jul25_0/455-20190722160600-snapshot.jpg
4,0,20190722,160630,38,1,253,449,302,494,Jul25_0/455-20190722160630-snapshot.jpg
4,0,20190722,161330,51,1,253,449,302,493,Jul25_0/455-20190722161330-snapshot.jpg
4,0,20190722,161500,38,1,253,450,301,492,Jul25_0/455-20190722161500-snapshot.jpg
4,0,20190722,161530,71,1,254,449,302,494,Jul25_0/455-20190722161530-snapshot.jpg
4,0,20190722,161730,43,1,253,450,301,494,Jul25_0/455-20190722161730-snapshot.jpg
4,0,20190722,161800,36,1,253,450,302,493,Jul25_0/455-20190722161800-snapshot.jpg
4,0,20190722,161830,63,1,253,449,303,495,Jul25_0/455-20190722161830-snapshot.jpg
4,0,20190722,161900,63,1,253,448,302,494,Jul25_0/455-20190722161900-snapshot.jpg
4,0,20190722,161930,43,1,254,450,301,494,Jul25_0/455-20190722161930-snapshot.jpg
4,0,20190722,162100,58,1,254,451,301,494,Jul25_0/455-20190722162100-snapshot.jpg
4,0,20190722,162400,38,1,256,451,303,494,Jul25_0/455-20190722162400-snapshot.jpg
4,0,20190722,162430,69,1,253,450,301,493,Jul25_0/455-20190722162430-snapshot.jpg
4,0,20190722,162500,70,1,254,450,301,493,Jul25_0/455-20190722162500-snapshot.jpg
4,0,20190722,162600,47,1,253,449,301,493,Jul25_0/455-20190722162600-snapshot.jpg
4,0,20190722,162630,73,1,254,450,302,494,Jul25_0/455-20190722162630-snapshot.jpg
4,0,20190722,162700,78,1,254,449,302,494,Jul25_0/455-20190722162700-snapshot.jpg
4,0,20190722,162730,80,1,254,450,302,494,Jul25_0/455-20190722162730-snapshot.jpg
4,0,20190722,162800,82,1,254,449,301,494,Jul25_0/455-20190722162800-snapshot.jpg
4,0,20190722,162930,65,1,254,449,301,494,Jul25_0/455-20190722162930-snapshot.jpg
4,0,20190722,163000,53,1,254,449,303,494,Jul25_0/455-20190722163000-snapshot.jpg
4,0,20190722,163030,61,1,253,449,301,494,Jul25_0/455-20190722163030-snapshot.jpg
4,0,20190722,163100,67,1,254,449,303,494,Jul25_0/455-20190722163100-snapshot.jpg
4,0,20190722,163130,44,1,956,398,996,434,Jul25_0/455-20190722163130-snapshot.jpg
4,0,20190722,163130,51,1,254,449,301,493,Jul25_0/455-20190722163130-snapshot.jpg
4,0,20190722,163300,80,1,255,450,302,494,Jul25_0/455-20190722163300-snapshot.jpg
4,0,20190722,163330,67,1,255,448,303,494,Jul25_0/455-20190722163330-snapshot.jpg
4,0,20190722,163400,28,1,255,450,301,493,Jul25_0/455-20190722163400-snapshot.jpg
4,0,20190722,163430,53,1,255,450,302,493,Jul25_0/455-20190722163430-snapshot.jpg
4,0,20190722,163500,72,1,254,449,302,494,Jul25_0/455-20190722163500-snapshot.jpg
4,0,20190722,163530,61,1,254,449,301,493,Jul25_0/455-20190722163530-snapshot.jpg
4,0,20190722,163630,33,1,254,450,302,494,Jul25_0/455-20190722163630-snapshot.jpg
4,0,20190722,163800,44,1,255,449,302,494,Jul25_0/455-20190722163800-snapshot.jpg
4,0,20190722,163900,68,1,255,448,302,494,Jul25_0/455-20190722163900-snapshot.jpg
4,0,20190722,164030,76,1,254,449,302,494,Jul25_0/455-20190722164030-snapshot.jpg
4,0,20190722,164100,75,1,253,449,301,494,Jul25_0/455-20190722164100-snapshot.jpg
4,0,20190722,164330,50,1,254,450,301,493,Jul25_0/455-20190722164330-snapshot.jpg
4,0,20190722,164430,66,1,254,449,302,494,Jul25_0/455-20190722164430-snapshot.jpg
4,0,20190722,164500,43,1,255,449,302,493,Jul25_0/455-20190722164500-snapshot.jpg
4,0,20190722,164530,52,1,256,449,303,494,Jul25_0/455-20190722164530-snapshot.jpg
4,0,20190722,164700,58,1,255,450,302,493,Jul25_0/455-20190722164700-snapshot.jpg
4,0,20190722,164730,30,1,254,450,302,494,Jul25_0/455-20190722164730-snapshot.jpg
4,0,20190722,164800,68,1,255,450,302,493,Jul25_0/455-20190722164800-snapshot.jpg
4,0,20190722,164830,65,1,254,449,302,493,Jul25_0/455-20190722164830-snapshot.jpg
4,0,20190722,164930,35,1,254,449,302,494,Jul25_0/455-20190722164930-snapshot.jpg
4,0,20190722,165230,60,1,256,448,303,494,Jul25_0/455-20190722165230-snapshot.jpg
4,0,20190722,165300,77,1,255,447,302,495,Jul25_0/455-20190722165300-snapshot.jpg
4,0,20190722,165400,34,1,255,448,303,493,Jul25_0/455-20190722165400-snapshot.jpg
4,0,20190722,165430,37,1,254,449,302,493,Jul25_0/455-20190722165430-snapshot.jpg
4,0,20190722,165500,47,1,256,447,304,493,Jul25_0/455-20190722165500-snapshot.jpg
4,0,20190722,165630,30,1,256,448,303,493,Jul25_0/455-20190722165630-snapshot.jpg
4,0,20190722,165800,53,1,255,449,303,494,Jul25_0/455-20190722165800-snapshot.jpg
4,0,20190722,165830,51,1,256,448,303,494,Jul25_0/455-20190722165830-snapshot.jpg
4,0,20190722,165930,80,1,255,448,303,494,Jul25_0/455-20190722165930-snapshot.jpg
4,0,20190722,170000,40,1,256,448,304,494,Jul25_0/455-20190722170000-snapshot.jpg
4,0,20190722,170030,80,1,254,447,303,494,Jul25_0/455-20190722170030-snapshot.jpg
4,0,20190722,170100,75,1,254,447,302,495,Jul25_0/455-20190722170100-snapshot.jpg
4,0,20190722,170130,48,1,254,449,302,494,Jul25_0/455-20190722170130-snapshot.jpg
4,0,20190722,170200,26,1,256,450,303,493,Jul25_0/455-20190722170200-snapshot.jpg
4,0,20190722,170300,57,1,254,448,304,493,Jul25_0/455-20190722170300-snapshot.jpg
4,0,20190722,170330,77,1,254,448,303,494,Jul25_0/455-20190722170330-snapshot.jpg
4,0,20190722,170400,36,1,956,396,995,432,Jul25_0/455-20190722170400-snapshot.jpg
4,0,20190722,170400,39,1,254,450,302,493,Jul25_0/455-20190722170400-snapshot.jpg
4,0,20190722,170500,54,1,255,448,304,493,Jul25_0/455-20190722170500-snapshot.jpg
4,0,20190722,170530,63,1,255,448,304,494,Jul25_0/455-20190722170530-snapshot.jpg
4,0,20190722,170600,68,1,256,448,303,493,Jul25_0/455-20190722170600-snapshot.jpg
4,0,20190722,170630,70,1,255,450,303,494,Jul25_0/455-20190722170630-snapshot.jpg
4,0,20190722,170700,78,1,255,449,303,494,Jul25_0/455-20190722170700-snapshot.jpg
4,0,20190722,170730,62,1,255,448,304,494,Jul25_0/455-20190722170730-snapshot.jpg
4,0,20190722,170800,44,1,256,449,304,492,Jul25_0/455-20190722170800-snapshot.jpg
4,0,20190722,170830,37,1,254,450,303,493,Jul25_0/455-20190722170830-snapshot.jpg
4,0,20190722,170900,76,1,255,448,303,493,Jul25_0/455-20190722170900-snapshot.jpg
4,0,20190722,170930,64,1,255,449,302,494,Jul25_0/455-20190722170930-snapshot.jpg
4,0,20190722,171000,61,1,255,449,303,493,Jul25_0/455-20190722171000-snapshot.jpg
4,0,20190722,171030,79,1,254,448,302,494,Jul25_0/455-20190722171030-snapshot.jpg
4,0,20190722,171130,47,1,255,449,303,492,Jul25_0/455-20190722171130-snapshot.jpg
4,0,20190722,171330,77,1,255,447,303,493,Jul25_0/455-20190722171330-snapshot.jpg
4,0,20190722,171400,78,1,256,448,303,494,Jul25_0/455-20190722171400-snapshot.jpg
4,0,20190722,171430,80,1,255,447,304,494,Jul25_0/455-20190722171430-snapshot.jpg
4,0,20190722,171500,52,1,254,447,303,493,Jul25_0/455-20190722171500-snapshot.jpg
4,0,20190722,171530,80,1,256,448,303,494,Jul25_0/455-20190722171530-snapshot.jpg
4,0,20190722,171630,64,1,256,448,303,493,Jul25_0/455-20190722171630-snapshot.jpg
4,0,20190722,171700,76,1,255,449,303,493,Jul25_0/455-20190722171700-snapshot.jpg
4,0,20190722,171730,79,1,254,448,303,493,Jul25_0/455-20190722171730-snapshot.jpg
4,0,20190722,171830,47,1,254,448,304,493,Jul25_0/455-20190722171830-snapshot.jpg
4,0,20190722,171900,73,1,256,449,304,493,Jul25_0/455-20190722171900-snapshot.jpg
4,0,20190722,172000,54,1,256,449,305,495,Jul25_0/455-20190722172000-snapshot.jpg
4,0,20190722,172100,30,1,256,448,303,492,Jul25_0/455-20190722172100-snapshot.jpg
4,0,20190722,172130,58,1,255,448,304,492,Jul25_0/455-20190722172130-snapshot.jpg
4,0,20190722,172300,68,1,255,448,305,494,Jul25_0/455-20190722172300-snapshot.jpg
4,0,20190722,172330,47,1,256,449,303,493,Jul25_0/455-20190722172330-snapshot.jpg
4,0,20190722,172400,82,1,255,448,303,493,Jul25_0/455-20190722172400-snapshot.jpg
4,0,20190722,172500,84,1,256,448,304,494,Jul25_0/455-20190722172500-snapshot.jpg
4,0,20190722,172530,69,1,255,448,304,494,Jul25_0/455-20190722172530-snapshot.jpg
4,0,20190722,172600,79,1,256,448,304,494,Jul25_0/455-20190722172600-snapshot.jpg
4,0,20190722,172630,25,1,256,449,304,493,Jul25_0/455-20190722172630-snapshot.jpg
4,0,20190722,172730,76,1,256,448,304,495,Jul25_0/455-20190722172730-snapshot.jpg
4,0,20190722,172800,79,1,256,449,304,494,Jul25_0/455-20190722172800-snapshot.jpg
4,0,20190722,172830,29,1,256,450,304,493,Jul25_0/455-20190722172830-snapshot.jpg
4,0,20190722,172900,82,1,255,448,303,494,Jul25_0/455-20190722172900-snapshot.jpg
4,0,20190722,173000,43,1,256,449,304,494,Jul25_0/455-20190722173000-snapshot.jpg
4,0,20190722,173100,32,1,256,448,304,493,Jul25_0/455-20190722173100-snapshot.jpg
4,0,20190722,173130,36,1,257,447,304,494,Jul25_0/455-20190722173130-snapshot.jpg
4,0,20190722,173230,61,1,255,449,304,494,Jul25_0/455-20190722173230-snapshot.jpg
4,0,20190722,173330,69,1,255,448,304,493,Jul25_0/455-20190722173330-snapshot.jpg
4,0,20190722,173430,78,1,255,449,302,493,Jul25_0/455-20190722173430-snapshot.jpg
4,0,20190722,173530,82,1,255,447,304,494,Jul25_0/455-20190722173530-snapshot.jpg
4,0,20190722,173700,60,1,256,449,303,492,Jul25_0/455-20190722173700-snapshot.jpg
4,0,20190722,173730,29,1,255,449,303,493,Jul25_0/455-20190722173730-snapshot.jpg
4,0,20190722,173800,75,1,254,448,302,494,Jul25_0/456-20190722173800-snapshot.jpg
4,0,20190722,173830,49,1,256,450,303,493,Jul25_0/456-20190722173830-snapshot.jpg
4,0,20190722,173900,60,1,256,448,304,493,Jul25_0/456-20190722173900-snapshot.jpg
4,0,20190722,173930,56,1,257,449,305,493,Jul25_0/456-20190722173930-snapshot.jpg
4,0,20190722,174030,44,1,255,448,303,492,Jul25_0/456-20190722174030-snapshot.jpg
4,0,20190722,174130,67,1,256,448,304,493,Jul25_0/457-20190722174130-snapshot.jpg
4,0,20190722,174200,40,1,256,449,303,494,Jul25_0/457-20190722174200-snapshot.jpg
4,0,20190722,174330,45,1,256,448,304,494,Jul25_0/458-20190722174330-snapshot.jpg
4,0,20190722,174430,36,1,256,449,304,492,Jul25_0/458-20190722174430-snapshot.jpg
4,0,20190722,174500,80,1,255,448,303,493,Jul25_0/458-20190722174500-snapshot.jpg
4,0,20190722,174600,33,1,256,449,302,492,Jul25_0/458-20190722174600-snapshot.jpg
4,0,20190722,174630,51,1,256,449,304,493,Jul25_0/458-20190722174630-snapshot.jpg
4,0,20190722,174700,43,1,256,449,304,492,Jul25_0/458-20190722174700-snapshot.jpg
4,0,20190722,174730,66,1,256,448,305,494,Jul25_0/458-20190722174730-snapshot.jpg
4,0,20190722,174800,70,1,256,447,304,493,Jul25_0/458-20190722174800-snapshot.jpg
4,0,20190722,174830,48,1,256,448,303,492,Jul25_0/458-20190722174830-snapshot.jpg
4,0,20190722,174900,33,1,257,449,304,492,Jul25_0/458-20190722174900-snapshot.jpg
4,0,20190722,174930,76,1,256,449,304,493,Jul25_0/458-20190722174930-snapshot.jpg
4,0,20190722,175000,31,1,255,449,303,493,Jul25_0/458-20190722175000-snapshot.jpg
4,0,20190722,175030,60,1,255,448,303,493,Jul25_0/458-20190722175030-snapshot.jpg
4,0,20190722,175100,60,1,256,450,304,493,Jul25_0/458-20190722175100-snapshot.jpg
4,0,20190722,175130,66,1,256,448,304,493,Jul25_0/458-20190722175130-snapshot.jpg
4,0,20190722,175300,67,1,256,449,304,493,Jul25_0/458-20190722175300-snapshot.jpg
4,0,20190722,175430,44,1,257,448,305,493,Jul25_0/458-20190722175430-snapshot.jpg
4,0,20190722,175500,56,1,256,448,304,494,Jul25_0/458-20190722175500-snapshot.jpg
4,0,20190722,175530,77,1,255,448,304,494,Jul25_0/458-20190722175530-snapshot.jpg
4,0,20190722,175600,47,1,255,449,303,493,Jul25_0/458-20190722175600-snapshot.jpg
4,0,20190722,175630,66,1,256,449,303,493,Jul25_0/458-20190722175630-snapshot.jpg
4,0,20190722,175700,35,1,256,450,303,492,Jul25_0/458-20190722175700-snapshot.jpg
4,0,20190722,175830,26,1,257,450,304,492,Jul25_0/458-20190722175830-snapshot.jpg
4,0,20190722,175900,43,1,255,449,304,494,Jul25_0/458-20190722175900-snapshot.jpg
4,0,20190722,175930,48,1,257,449,304,492,Jul25_0/458-20190722175930-snapshot.jpg
4,0,20190722,180030,44,1,255,449,303,493,Jul25_0/458-20190722180030-snapshot.jpg
4,0,20190722,180230,67,1,256,449,304,493,Jul25_0/458-20190722180230-snapshot.jpg
4,0,20190722,180400,28,1,957,397,996,433,Jul25_0/459-20190722180400-snapshot.jpg
4,0,20190722,180530,43,1,256,449,303,493,Jul25_0/459-20190722180530-snapshot.jpg
4,0,20190722,180800,26,1,256,449,304,493,Jul25_0/459-20190722180800-snapshot.jpg
4,0,20190722,180830,54,1,255,449,304,494,Jul25_0/459-20190722180830-snapshot.jpg
4,0,20190722,180900,30,1,956,399,994,433,Jul25_0/459-20190722180900-snapshot.jpg
4,0,20190722,181030,78,1,255,448,303,494,Jul25_0/459-20190722181030-snapshot.jpg
4,0,20190722,181100,51,1,256,449,304,494,Jul25_0/459-20190722181100-snapshot.jpg
4,0,20190722,181130,42,1,256,450,303,493,Jul25_0/459-20190722181130-snapshot.jpg
4,0,20190722,181200,28,1,256,450,304,493,Jul25_0/459-20190722181200-snapshot.jpg
4,0,20190722,181230,36,1,255,448,304,493,Jul25_0/459-20190722181230-snapshot.jpg
4,0,20190722,181400,51,1,256,448,303,492,Jul25_0/459-20190722181400-snapshot.jpg
4,0,20190722,181430,33,1,257,449,304,493,Jul25_0/459-20190722181430-snapshot.jpg
4,0,20190722,181500,63,1,257,448,304,494,Jul25_0/459-20190722181500-snapshot.jpg
4,0,20190722,181630,51,1,256,449,304,493,Jul25_0/459-20190722181630-snapshot.jpg
4,0,20190722,181700,29,1,958,398,998,433,Jul25_0/459-20190722181700-snapshot.jpg
4,0,20190722,181700,75,1,256,449,303,493,Jul25_0/459-20190722181700-snapshot.jpg
4,0,20190722,181900,82,1,255,448,303,494,Jul25_0/459-20190722181900-snapshot.jpg
4,0,20190722,182030,74,1,256,449,303,493,Jul25_0/459-20190722182030-snapshot.jpg
4,0,20190722,182230,69,1,256,449,302,494,Jul25_0/459-20190722182230-snapshot.jpg
4,0,20190722,182300,38,1,255,449,304,494,Jul25_0/459-20190722182300-snapshot.jpg
4,0,20190722,182400,58,1,255,450,304,494,Jul25_0/459-20190722182400-snapshot.jpg
4,0,20190722,182430,28,1,255,449,302,493,Jul25_0/459-20190722182430-snapshot.jpg
4,0,20190722,182600,54,1,256,447,305,494,Jul25_0/459-20190722182600-snapshot.jpg
4,0,20190722,182730,69,1,256,448,303,494,Jul25_0/459-20190722182730-snapshot.jpg
4,0,20190722,182900,76,1,256,448,303,494,Jul25_0/460-20190722182900-snapshot.jpg
4,0,20190722,182930,78,1,255,448,303,494,Jul25_0/460-20190722182930-snapshot.jpg
4,0,20190722,183030,34,1,256,450,304,494,Jul25_0/460-20190722183030-snapshot.jpg
4,0,20190722,183200,34,1,956,399,995,433,Jul25_0/460-20190722183200-snapshot.jpg
4,0,20190722,183530,50,1,255,449,304,494,Jul25_0/460-20190722183530-snapshot.jpg
4,0,20190722,183600,48,1,256,449,304,494,Jul25_0/460-20190722183600-snapshot.jpg
4,0,20190722,183700,37,1,256,449,304,494,Jul25_0/460-20190722183700-snapshot.jpg
4,0,20190722,183730,54,1,256,448,305,494,Jul25_0/460-20190722183730-snapshot.jpg
4,0,20190722,183800,77,1,255,449,303,494,Jul25_0/460-20190722183800-snapshot.jpg
4,0,20190722,183830,68,1,255,447,303,494,Jul25_0/460-20190722183830-snapshot.jpg
4,0,20190722,183930,38,1,256,449,304,494,Jul25_0/460-20190722183930-snapshot.jpg
4,0,20190722,184000,79,1,255,447,304,494,Jul25_0/461-20190722184000-snapshot.jpg
4,0,20190722,184030,68,1,255,448,305,495,Jul25_0/461-20190722184030-snapshot.jpg
4,0,20190722,184100,80,1,255,449,303,494,Jul25_0/461-20190722184100-snapshot.jpg
4,0,20190722,184130,76,1,256,448,304,495,Jul25_0/461-20190722184130-snapshot.jpg
4,0,20190722,184230,38,1,256,449,304,494,Jul25_0/461-20190722184230-snapshot.jpg
4,0,20190722,184300,32,1,257,449,304,493,Jul25_0/461-20190722184300-snapshot.jpg
4,0,20190722,184500,57,1,256,448,304,494,Jul25_0/461-20190722184500-snapshot.jpg
4,0,20190722,184600,81,1,255,448,303,495,Jul25_0/461-20190722184600-snapshot.jpg
4,0,20190722,184630,81,1,255,448,303,495,Jul25_0/461-20190722184630-snapshot.jpg
4,0,20190722,184700,73,1,255,448,303,494,Jul25_0/461-20190722184700-snapshot.jpg
4,0,20190722,184730,77,1,256,449,304,495,Jul25_0/461-20190722184730-snapshot.jpg
4,0,20190722,184900,30,1,254,449,303,494,Jul25_0/461-20190722184900-snapshot.jpg
4,0,20190722,184930,46,1,257,447,304,493,Jul25_0/462-20190722184930-snapshot.jpg
4,0,20190722,185000,65,1,256,448,304,494,Jul25_0/462-20190722185000-snapshot.jpg
4,0,20190722,185100,50,1,255,448,304,493,Jul25_0/462-20190722185100-snapshot.jpg
4,0,20190722,185130,70,1,255,448,304,494,Jul25_0/462-20190722185130-snapshot.jpg
4,0,20190722,185200,27,1,955,397,994,432,Jul25_0/462-20190722185200-snapshot.jpg
4,0,20190722,185330,61,1,255,448,304,494,Jul25_0/462-20190722185330-snapshot.jpg
4,0,20190722,185400,78,1,255,448,304,495,Jul25_0/462-20190722185400-snapshot.jpg
4,0,20190722,185430,33,1,957,398,997,434,Jul25_0/462-20190722185430-snapshot.jpg
4,0,20190722,185500,61,1,255,448,303,494,Jul25_0/462-20190722185500-snapshot.jpg
4,0,20190722,185530,26,1,256,448,305,494,Jul25_0/462-20190722185530-snapshot.jpg
4,0,20190722,185630,51,1,255,448,303,495,Jul25_0/462-20190722185630-snapshot.jpg
4,0,20190722,190000,60,1,255,448,303,495,Jul25_0/462-20190722190000-snapshot.jpg
4,0,20190722,190100,68,1,255,449,304,495,Jul25_0/462-20190722190100-snapshot.jpg
4,0,20190722,190130,71,1,254,448,303,494,Jul25_0/462-20190722190130-snapshot.jpg
4,0,20190722,190230,45,1,256,449,304,494,Jul25_0/462-20190722190230-snapshot.jpg
4,0,20190722,190330,64,1,255,447,303,494,Jul25_0/463-20190722190330-snapshot.jpg
4,0,20190722,190400,35,1,956,398,994,432,Jul25_0/463-20190722190400-snapshot.jpg
4,0,20190722,190500,73,1,255,448,305,495,Jul25_0/463-20190722190500-snapshot.jpg
4,0,20190722,190530,74,1,254,448,304,495,Jul25_0/463-20190722190530-snapshot.jpg
4,0,20190722,190600,55,1,255,448,305,494,Jul25_0/463-20190722190600-snapshot.jpg
4,0,20190722,190630,66,1,254,449,304,495,Jul25_0/463-20190722190630-snapshot.jpg
4,0,20190722,190700,54,1,256,448,304,494,Jul25_0/463-20190722190700-snapshot.jpg
4,0,20190722,190830,57,1,254,448,304,495,Jul25_0/463-20190722190830-snapshot.jpg
4,0,20190722,190900,43,1,254,448,303,494,Jul25_0/464-20190722190900-snapshot.jpg
4,0,20190722,190930,74,1,255,447,304,494,Jul25_0/464-20190722190930-snapshot.jpg
4,0,20190722,191000,43,1,254,447,304,494,Jul25_0/464-20190722191000-snapshot.jpg
4,0,20190722,191030,69,1,255,448,303,493,Jul25_0/464-20190722191030-snapshot.jpg
4,0,20190722,191100,79,1,254,447,304,495,Jul25_0/465-20190722191100-snapshot.jpg
4,0,20190722,191200,74,1,255,448,304,494,Jul25_0/465-20190722191200-snapshot.jpg
4,0,20190722,191230,71,1,254,447,303,495,Jul25_0/465-20190722191230-snapshot.jpg
4,0,20190722,191300,51,1,255,447,303,495,Jul25_0/465-20190722191300-snapshot.jpg
4,0,20190722,191430,59,1,255,448,304,495,Jul25_0/466-20190722191430-snapshot.jpg
4,0,20190722,191530,51,1,253,447,304,494,Jul25_0/466-20190722191530-snapshot.jpg
4,0,20190722,192000,77,1,254,447,303,495,Jul25_0/467-20190722192000-snapshot.jpg
4,0,20190722,192200,58,1,254,448,303,494,Jul25_0/468-20190722192200-snapshot.jpg
4,0,20190722,192330,79,1,254,448,303,494,Jul25_0/468-20190722192330-snapshot.jpg
4,0,20190722,192530,57,1,255,447,303,494,Jul25_0/468-20190722192530-snapshot.jpg
4,0,20190722,192600,28,1,254,448,302,494,Jul25_0/468-20190722192600-snapshot.jpg
4,0,20190722,192630,59,1,957,399,995,433,Jul25_0/468-20190722192630-snapshot.jpg
4,0,20190722,192700,32,1,255,449,303,494,Jul25_0/468-20190722192700-snapshot.jpg
4,0,20190722,192730,70,1,253,447,303,494,Jul25_0/468-20190722192730-snapshot.jpg
4,0,20190722,192800,75,1,254,449,303,494,Jul25_0/468-20190722192800-snapshot.jpg
4,0,20190722,192900,31,1,255,448,303,494,Jul25_0/469-20190722192900-snapshot.jpg
4,0,20190722,192930,50,1,955,398,994,434,Jul25_0/469-20190722192930-snapshot.jpg
4,0,20190722,193000,72,1,253,448,302,494,Jul25_0/470-20190722193000-snapshot.jpg
4,0,20190722,193030,29,1,255,448,303,493,Jul25_0/470-20190722193030-snapshot.jpg
4,0,20190722,193100,36,1,255,448,303,494,Jul25_0/470-20190722193100-snapshot.jpg
4,0,20190722,193200,43,1,253,447,303,495,Jul25_0/470-20190722193200-snapshot.jpg
4,0,20190722,193230,29,1,956,398,995,433,Jul25_0/470-20190722193230-snapshot.jpg
4,0,20190722,193230,35,1,256,448,304,494,Jul25_0/470-20190722193230-snapshot.jpg
4,0,20190722,193330,50,1,255,448,304,495,Jul25_0/470-20190722193330-snapshot.jpg
4,0,20190722,193930,38,1,254,447,302,494,Jul25_0/472-20190722193930-snapshot.jpg
4,0,20190722,194030,32,1,956,399,993,433,Jul25_0/472-20190722194030-snapshot.jpg
4,0,20190722,194530,50,1,254,449,303,494,Jul25_0/472-20190722194530-snapshot.jpg
4,0,20190722,194630,50,1,255,449,304,494,Jul25_0/472-20190722194630-snapshot.jpg
4,0,20190722,194830,64,1,254,448,304,495,Jul25_0/472-20190722194830-snapshot.jpg
4,0,20190722,194900,28,1,254,448,303,495,Jul25_0/472-20190722194900-snapshot.jpg
4,0,20190722,194930,31,1,956,398,994,433,Jul25_0/472-20190722194930-snapshot.jpg
4,0,20190722,195000,31,1,255,448,303,494,Jul25_0/472-20190722195000-snapshot.jpg
4,0,20190722,195030,59,1,254,447,303,494,Jul25_0/472-20190722195030-snapshot.jpg
4,0,20190722,195200,28,1,253,447,302,494,Jul25_0/472-20190722195200-snapshot.jpg
4,0,20190722,195300,74,1,254,446,302,495,Jul25_0/472-20190722195300-snapshot.jpg
4,0,20190722,195330,35,1,956,399,994,433,Jul25_0/473-20190722195330-snapshot.jpg
4,0,20190722,195330,37,1,254,448,302,494,Jul25_0/473-20190722195330-snapshot.jpg
4,0,20190722,195800,33,1,255,447,303,495,Jul25_0/473-20190722195800-snapshot.jpg
4,0,20190722,195900,26,1,254,447,302,495,Jul25_0/474-20190722195900-snapshot.jpg
4,0,20190722,200100,75,1,254,447,302,494,Jul25_0/474-20190722200100-snapshot.jpg
4,0,20190722,200130,40,1,956,399,994,433,Jul25_0/474-20190722200130-snapshot.jpg
4,0,20190722,200130,65,1,254,449,301,494,Jul25_0/474-20190722200130-snapshot.jpg
4,0,20190722,200230,38,1,957,399,995,433,Jul25_0/474-20190722200230-snapshot.jpg
4,0,20190722,200230,40,1,253,448,302,495,Jul25_0/474-20190722200230-snapshot.jpg
4,0,20190722,200300,25,1,956,399,994,433,Jul25_0/474-20190722200300-snapshot.jpg
4,0,20190722,200400,35,1,957,399,994,433,Jul25_0/474-20190722200400-snapshot.jpg
4,0,20190722,200430,38,1,957,399,994,433,Jul25_0/474-20190722200430-snapshot.jpg
4,0,20190722,200630,67,1,956,398,995,433,Jul25_0/475-20190722200630-snapshot.jpg
4,0,20190722,201000,35,1,254,448,301,494,Jul25_0/475-20190722201000-snapshot.jpg
4,0,20190722,201030,28,1,955,399,994,434,Jul25_0/475-20190722201030-snapshot.jpg
4,0,20190722,201100,59,1,255,447,303,494,Jul25_0/475-20190722201100-snapshot.jpg
4,0,20190722,201130,25,1,956,399,994,434,Jul25_0/475-20190722201130-snapshot.jpg
4,0,20190722,201330,31,1,955,397,993,433,Jul25_0/475-20190722201330-snapshot.jpg
4,0,20190722,201430,78,1,252,446,302,494,Jul25_0/475-20190722201430-snapshot.jpg
4,0,20190722,202800,45,1,252,448,302,497,Jul25_0/479-20190722202800-snapshot.jpg
4,0,20190722,202930,48,1,253,448,302,495,Jul25_0/479-20190722202930-snapshot.jpg
4,0,20190722,203430,71,1,253,448,302,495,Jul25_0/479-20190722203430-snapshot.jpg
4,0,20190722,203600,31,1,955,399,993,433,Jul25_0/479-20190722203600-snapshot.jpg
4,0,20190722,205630,33,1,252,449,301,494,Jul25_0/481-20190722205630-snapshot.jpg
4,0,20190722,205700,30,1,956,399,994,433,Jul25_0/481-20190722205700-snapshot.jpg
4,0,20190722,210530,33,1,253,449,302,495,Jul25_0/481-20190722210530-snapshot.jpg
4,0,20190722,210800,26,1,955,398,993,433,Jul25_0/481-20190722210800-snapshot.jpg
4,0,20190722,211130,43,1,954,400,994,435,Jul25_0/481-20190722211130-snapshot.jpg
4,0,20190722,211200,49,1,253,449,302,494,Jul25_0/481-20190722211200-snapshot.jpg
4,0,20190722,211300,27,1,955,399,993,433,Jul25_0/481-20190722211300-snapshot.jpg
4,0,20190722,211630,56,1,252,449,301,495,Jul25_0/482-20190722211630-snapshot.jpg
4,0,20190722,211830,39,1,253,449,303,495,Jul25_0/482-20190722211830-snapshot.jpg
4,0,20190722,211900,41,1,955,399,994,433,Jul25_0/482-20190722211900-snapshot.jpg
4,0,20190722,212030,52,1,253,449,302,494,Jul25_0/482-20190722212030-snapshot.jpg
4,0,20190722,212500,76,1,253,449,302,494,Jul25_0/482-20190722212500-snapshot.jpg
4,0,20190722,212600,34,1,254,449,302,494,Jul25_0/482-20190722212600-snapshot.jpg
4,0,20190722,213400,30,1,953,398,993,434,Jul25_0/483-20190722213400-snapshot.jpg
4,0,20190722,213800,33,1,953,397,993,435,Jul25_0/484-20190722213800-snapshot.jpg
4,0,20190722,214030,38,1,953,397,993,434,Jul25_0/484-20190722214030-snapshot.jpg
4,0,20190722,214200,36,1,953,397,993,434,Jul25_0/484-20190722214200-snapshot.jpg
4,0,20190722,214430,36,1,955,397,995,434,Jul25_0/484-20190722214430-snapshot.jpg
4,0,20190722,214730,31,1,953,397,994,434,Jul25_0/484-20190722214730-snapshot.jpg
4,0,20190722,214730,79,1,251,448,301,496,Jul25_0/484-20190722214730-snapshot.jpg
4,0,20190722,214800,34,1,953,397,993,434,Jul25_0/484-20190722214800-snapshot.jpg
4,0,20190722,215100,39,1,953,397,993,434,Jul25_0/484-20190722215100-snapshot.jpg
4,0,20190722,220730,25,1,653,413,702,457,Jul25_0/484-20190722220730-snapshot.jpg
4,0,20190722,220900,71,1,653,412,702,458,Jul25_0/484-20190722220900-snapshot.jpg
4,0,20190722,221000,60,1,652,412,700,456,Jul25_0/484-20190722221000-snapshot.jpg
4,0,20190723,045100,51,1,953,398,995,437,Jul25_0/490-20190723045100-snapshot.jpg
4,0,20190723,080100,78,8,853,939,938,1007,Jul25_0/501-20190723080100-snapshot.jpg
4,0,20190723,083830,38,1,200,512,248,559,Jul25_0/501-20190723083830-snapshot.jpg
4,0,20190723,090300,29,1,951,400,991,433,Jul25_0/501-20190723090300-snapshot.jpg
4,0,20190723,090830,84,8,1050,893,1122,961,Jul25_0/501-20190723090830-snapshot.jpg
4,0,20190723,090930,36,1,952,401,993,434,Jul25_0/501-20190723090930-snapshot.jpg
4,0,20190723,091100,29,1,951,400,993,434,Jul25_0/501-20190723091100-snapshot.jpg
4,0,20190723,091130,26,1,951,400,992,434,Jul25_0/501-20190723091130-snapshot.jpg
4,0,20190723,092330,80,5,557,4,606,62,Jul25_0/501-20190723092330-snapshot.jpg
4,0,20190723,092430,68,5,145,335,228,383,Jul25_0/501-20190723092430-snapshot.jpg
4,0,20190723,094930,25,6,1520,23,1568,82,Jul25_0/501-20190723094930-snapshot.jpg
4,0,20190723,094930,35,8,1520,24,1568,82,Jul25_0/501-20190723094930-snapshot.jpg
4,0,20190723,095230,76,8,998,535,1079,607,Jul25_0/501-20190723095230-snapshot.jpg
4,0,20190723,101700,83,6,578,6,658,57,Jul25_0/501-20190723101700-snapshot.jpg
4,0,20190723,105200,30,5,310,417,359,466,Jul25_0/501-20190723105200-snapshot.jpg
4,0,20190723,105200,73,5,1088,724,1144,777,Jul25_0/501-20190723105200-snapshot.jpg
4,0,20190723,105230,63,5,1088,720,1143,780,Jul25_0/501-20190723105230-snapshot.jpg
4,0,20190723,105300,65,5,1085,721,1147,775,Jul25_0/501-20190723105300-snapshot.jpg
4,0,20190723,110700,74,1,720,1016,761,1055,Jul25_0/501-20190723110700-snapshot.jpg
4,0,20190723,110730,81,1,613,907,656,945,Jul25_0/501-20190723110730-snapshot.jpg
4,0,20190723,113000,28,4,1873,280,1919,350,Jul25_0/501-20190723113000-snapshot.jpg
4,0,20190723,113100,76,5,98,276,176,338,Jul25_0/501-20190723113100-snapshot.jpg
4,0,20190723,114900,77,4,1843,380,1920,447,Jul25_0/501-20190723114900-snapshot.jpg
4,0,20190723,115430,74,6,1608,440,1657,505,Jul25_0/501-20190723115430-snapshot.jpg
4,0,20190723,120700,54,6,1744,766,1822,816,Jul25_0/501-20190723120700-snapshot.jpg
4,0,20190723,121000,40,6,361,419,443,478,Jul25_0/501-20190723121000-snapshot.jpg
4,0,20190723,121600,33,5,316,214,391,265,Jul25_0/501-20190723121600-snapshot.jpg
4,0,20190723,121600,61,1,1675,811,1714,848,Jul25_0/501-20190723121600-snapshot.jpg
4,0,20190723,121630,29,6,676,232,730,290,Jul25_0/501-20190723121630-snapshot.jpg
4,0,20190723,122900,75,1,354,724,400,770,Jul25_0/501-20190723122900-snapshot.jpg
4,0,20190723,123500,27,5,310,212,388,268,Jul25_0/501-20190723123500-snapshot.jpg
4,0,20190723,124530,80,1,238,314,282,350,Jul25_0/501-20190723124530-snapshot.jpg
4,0,20190723,124800,60,1,554,72,595,107,Jul25_0/501-20190723124800-snapshot.jpg
4,0,20190723,125430,71,5,340,410,395,447,Jul25_0/501-20190723125430-snapshot.jpg
4,0,20190723,125500,54,5,115,140,168,179,Jul25_0/501-20190723125500-snapshot.jpg
4,0,20190723,125500,63,5,1609,59,1674,103,Jul25_0/501-20190723125500-snapshot.jpg
4,0,20190723,130630,67,5,1287,215,1338,255,Jul25_0/501-20190723130630-snapshot.jpg
4,0,20190723,132300,41,5,350,204,416,246,Jul25_0/501-20190723132300-snapshot.jpg
4,0,20190723,132700,78,5,518,31,573,72,Jul25_0/501-20190723132700-snapshot.jpg
4,0,20190723,133230,25,5,534,12,581,58,Jul25_0/501-20190723133230-snapshot.jpg
4,0,20190723,134200,77,5,1304,1001,1357,1061,Jul25_0/501-20190723134200-snapshot.jpg
4,0,20190723,134300,82,6,497,412,577,480,Jul25_0/501-20190723134300-snapshot.jpg
4,0,20190723,140730,49,5,827,729,883,785,Jul25_0/501-20190723140730-snapshot.jpg
4,0,20190723,141300,42,6,368,399,450,447,Jul25_0/501-20190723141300-snapshot.jpg
4,0,20190723,141300,50,5,302,128,349,182,Jul25_0/501-20190723141300-snapshot.jpg
4,0,20190723,141300,57,8,370,399,451,447,Jul25_0/501-20190723141300-snapshot.jpg
4,0,20190723,141330,88,3,214,996,323,1062,Jul25_0/501-20190723141330-snapshot.jpg
4,0,20190723,142200,68,5,613,149,666,200,Jul25_0/501-20190723142200-snapshot.jpg
4,0,20190723,142230,34,5,339,619,390,659,Jul25_0/501-20190723142230-snapshot.jpg
4,0,20190723,143900,71,5,1601,460,1650,508,Jul25_0/501-20190723143900-snapshot.jpg
4,0,20190723,145430,81,1,1770,617,1813,657,Jul25_0/501-20190723145430-snapshot.jpg
4,0,20190723,145530,82,1,1615,360,1656,393,Jul25_0/501-20190723145530-snapshot.jpg
4,0,20190723,145600,84,1,1161,619,1205,653,Jul25_0/501-20190723145600-snapshot.jpg
4,0,20190723,145630,81,1,608,462,655,497,Jul25_0/501-20190723145630-snapshot.jpg
4,0,20190723,150500,84,1,982,193,1027,243,Jul25_0/501-20190723150500-snapshot.jpg
4,0,20190723,150530,65,5,419,312,489,361,Jul25_0/501-20190723150530-snapshot.jpg
4,0,20190723,150530,86,1,977,197,1022,246,Jul25_0/501-20190723150530-snapshot.jpg
4,0,20190723,150600,85,1,979,192,1024,242,Jul25_0/501-20190723150600-snapshot.jpg
4,0,20190723,150700,74,1,612,0,654,27,Jul25_0/501-20190723150700-snapshot.jpg
4,0,20190723,150730,80,1,577,381,621,418,Jul25_0/501-20190723150730-snapshot.jpg
4,0,20190723,150930,84,1,514,187,562,227,Jul25_0/501-20190723150930-snapshot.jpg
4,0,20190723,151030,84,1,640,57,685,93,Jul25_0/501-20190723151030-snapshot.jpg
4,0,20190723,151300,81,5,278,585,335,649,Jul25_0/501-20190723151300-snapshot.jpg
4,0,20190723,151330,81,1,1076,101,1120,139,Jul25_0/501-20190723151330-snapshot.jpg
4,0,20190723,151400,86,1,967,66,1012,101,Jul25_0/501-20190723151400-snapshot.jpg
4,0,20190723,151630,79,1,1050,235,1094,274,Jul25_0/501-20190723151630-snapshot.jpg
4,0,20190723,151700,32,1,1049,237,1091,273,Jul25_0/501-20190723151700-snapshot.jpg
4,0,20190723,151730,36,1,1050,239,1090,273,Jul25_0/501-20190723151730-snapshot.jpg
4,0,20190723,151800,70,1,929,121,970,157,Jul25_0/501-20190723151800-snapshot.jpg
4,0,20190723,152700,85,1,959,99,1007,139,Jul25_0/501-20190723152700-snapshot.jpg
4,0,20190723,152800,85,1,858,148,902,188,Jul25_0/501-20190723152800-snapshot.jpg
4,0,20190723,152900,80,1,867,172,909,211,Jul25_0/501-20190723152900-snapshot.jpg
4,0,20190723,152930,46,1,1019,97,1059,129,Jul25_0/501-20190723152930-snapshot.jpg
4,0,20190723,153000,86,1,1139,287,1182,324,Jul25_0/501-20190723153000-snapshot.jpg
4,0,20190723,153130,82,1,146,313,197,356,Jul25_0/501-20190723153130-snapshot.jpg
4,0,20190723,153200,86,1,276,388,325,433,Jul25_0/501-20190723153200-snapshot.jpg
4,0,20190723,153200,86,1,780,97,823,129,Jul25_0/501-20190723153200-snapshot.jpg
4,0,20190723,153300,79,1,17,676,62,715,Jul25_0/501-20190723153300-snapshot.jpg
4,0,20190723,153430,81,1,240,65,281,97,Jul25_0/501-20190723153430-snapshot.jpg
4,0,20190723,153600,87,1,707,153,755,195,Jul25_0/501-20190723153600-snapshot.jpg
4,0,20190723,154100,82,1,467,93,508,128,Jul25_0/501-20190723154100-snapshot.jpg
4,0,20190723,154130,76,1,533,331,576,367,Jul25_0/501-20190723154130-snapshot.jpg
4,0,20190723,154200,86,1,327,454,373,493,Jul25_0/501-20190723154200-snapshot.jpg
4,0,20190723,154230,86,1,187,725,229,765,Jul25_0/501-20190723154230-snapshot.jpg
4,0,20190723,154300,52,1,193,683,237,716,Jul25_0/501-20190723154300-snapshot.jpg
4,0,20190723,154400,83,1,211,729,253,772,Jul25_0/501-20190723154400-snapshot.jpg
4,0,20190723,154430,80,1,228,591,276,629,Jul25_0/501-20190723154430-snapshot.jpg
4,0,20190723,154530,66,1,312,632,355,666,Jul25_0/501-20190723154530-snapshot.jpg
4,0,20190723,154600,87,1,79,680,127,727,Jul25_0/501-20190723154600-snapshot.jpg
4,0,20190723,154630,40,1,213,841,254,871,Jul25_0/501-20190723154630-snapshot.jpg
4,0,20190723,154730,77,1,194,784,237,822,Jul25_0/501-20190723154730-snapshot.jpg
4,0,20190723,155130,74,1,579,319,622,356,Jul25_0/501-20190723155130-snapshot.jpg
4,0,20190723,160830,78,1,971,935,1011,975,Jul25_0/501-20190723160830-snapshot.jpg
4,0,20190723,161000,35,5,364,416,418,464,Jul25_0/501-20190723161000-snapshot.jpg
4,0,20190723,161830,66,1,923,777,962,811,Jul25_0/501-20190723161830-snapshot.jpg
4,0,20190723,163130,74,5,106,271,174,336,Jul25_0/501-20190723163130-snapshot.jpg
4,0,20190723,163230,54,5,571,193,629,243,Jul25_0/501-20190723163230-snapshot.jpg
4,0,20190723,163700,58,1,1330,367,1372,401,Jul25_0/501-20190723163700-snapshot.jpg
4,0,20190723,163730,78,1,1047,687,1090,727,Jul25_0/501-20190723163730-snapshot.jpg
4,0,20190723,164000,80,1,767,971,808,1007,Jul25_0/501-20190723164000-snapshot.jpg
4,0,20190723,164400,80,1,1347,137,1392,175,Jul25_0/501-20190723164400-snapshot.jpg
4,0,20190723,164430,85,1,885,143,931,182,Jul25_0/501-20190723164430-snapshot.jpg
4,0,20190723,164500,78,1,629,148,674,187,Jul25_0/501-20190723164500-snapshot.jpg
4,0,20190723,164530,79,1,296,239,338,276,Jul25_0/501-20190723164530-snapshot.jpg
4,0,20190723,164700,85,1,572,390,618,427,Jul25_0/501-20190723164700-snapshot.jpg
4,0,20190723,165600,74,5,885,501,939,544,Jul25_0/501-20190723165600-snapshot.jpg
4,0,20190723,170230,71,5,857,359,905,392,Jul25_0/501-20190723170230-snapshot.jpg
4,0,20190723,171230,57,5,548,69,591,105,Jul25_0/501-20190723171230-snapshot.jpg
4,0,20190723,173130,68,1,637,199,681,237,Jul25_0/501-20190723173130-snapshot.jpg
4,0,20190723,173200,82,1,1137,224,1175,261,Jul25_0/501-20190723173200-snapshot.jpg
4,0,20190723,173300,57,1,855,438,895,471,Jul25_0/501-20190723173300-snapshot.jpg
4,0,20190723,173330,73,1,564,177,606,212,Jul25_0/501-20190723173330-snapshot.jpg
4,0,20190723,173430,35,1,1664,588,1701,621,Jul25_0/501-20190723173430-snapshot.jpg
4,0,20190723,173600,74,5,1867,297,1920,364,Jul25_0/501-20190723173600-snapshot.jpg
4,0,20190723,173600,74,1,1719,230,1765,273,Jul25_0/501-20190723173600-snapshot.jpg
4,0,20190723,173800,78,1,1772,369,1814,405,Jul25_0/501-20190723173800-snapshot.jpg
4,0,20190723,174830,86,1,469,696,513,728,Jul25_0/501-20190723174830-snapshot.jpg
4,0,20190723,175130,25,1,702,118,741,151,Jul25_0/501-20190723175130-snapshot.jpg
4,0,20190723,175200,86,1,1688,144,1733,181,Jul25_0/501-20190723175200-snapshot.jpg
4,0,20190723,175230,78,1,1157,192,1198,229,Jul25_0/501-20190723175230-snapshot.jpg
4,0,20190723,175230,80,1,929,528,969,565,Jul25_0/501-20190723175230-snapshot.jpg
4,0,20190723,175300,82,1,822,89,866,124,Jul25_0/501-20190723175300-snapshot.jpg
4,0,20190723,175500,41,5,1342,418,1391,475,Jul25_0/501-20190723175500-snapshot.jpg
4,0,20190723,175900,80,1,909,826,951,864,Jul25_0/501-20190723175900-snapshot.jpg
4,0,20190723,175930,80,1,485,803,525,836,Jul25_0/501-20190723175930-snapshot.jpg
4,0,20190723,180000,69,1,378,910,418,943,Jul25_0/501-20190723180000-snapshot.jpg
4,0,20190723,180200,80,1,1630,302,1668,333,Jul25_0/501-20190723180200-snapshot.jpg
4,0,20190723,181730,83,1,1236,803,1278,840,Jul25_0/501-20190723181730-snapshot.jpg
4,0,20190723,182600,38,1,1175,418,1223,464,Jul25_0/501-20190723182600-snapshot.jpg
4,0,20190723,182800,50,1,401,512,447,551,Jul25_0/501-20190723182800-snapshot.jpg
4,0,20190723,182900,79,1,1474,747,1513,786,Jul25_0/501-20190723182900-snapshot.jpg
4,0,20190723,183000,59,1,1901,137,1920,178,Jul25_0/501-20190723183000-snapshot.jpg
4,0,20190723,183030,88,1,1827,27,1870,60,Jul25_0/501-20190723183030-snapshot.jpg
4,0,20190723,183100,75,1,1786,131,1826,165,Jul25_0/501-20190723183100-snapshot.jpg
4,0,20190723,184100,43,1,852,1052,890,1078,Jul25_0/501-20190723184100-snapshot.jpg
4,0,20190723,184200,35,1,178,335,222,370,Jul25_0/501-20190723184200-snapshot.jpg
4,0,20190723,184200,78,1,1477,126,1521,162,Jul25_0/501-20190723184200-snapshot.jpg
4,0,20190723,184400,74,1,407,700,449,735,Jul25_0/501-20190723184400-snapshot.jpg
4,0,20190723,184800,73,1,1770,635,1809,669,Jul25_0/501-20190723184800-snapshot.jpg
4,0,20190723,184830,62,1,0,119,27,163,Jul25_0/501-20190723184830-snapshot.jpg
4,0,20190723,184930,71,1,1627,19,1664,48,Jul25_0/501-20190723184930-snapshot.jpg
4,0,20190723,184930,81,1,621,805,663,840,Jul25_0/501-20190723184930-snapshot.jpg
4,0,20190723,185000,79,1,414,652,453,685,Jul25_0/501-20190723185000-snapshot.jpg
4,0,20190723,185130,76,1,690,12,732,47,Jul25_0/501-20190723185130-snapshot.jpg
4,0,20190723,190500,85,1,793,287,836,320,Jul25_0/501-20190723190500-snapshot.jpg
4,0,20190723,190530,53,5,1091,719,1157,773,Jul25_0/501-20190723190530-snapshot.jpg
4,0,20190723,190600,77,5,1091,703,1167,767,Jul25_0/501-20190723190600-snapshot.jpg
4,0,20190723,190600,80,1,1445,603,1485,641,Jul25_0/501-20190723190600-snapshot.jpg
4,0,20190723,190700,35,5,1496,476,1554,515,Jul25_0/501-20190723190700-snapshot.jpg
4,0,20190723,190700,81,1,667,802,709,839,Jul25_0/501-20190723190700-snapshot.jpg
4,0,20190723,190730,63,1,636,932,673,963,Jul25_0/501-20190723190730-snapshot.jpg
4,0,20190723,191430,83,1,1754,587,1797,631,Jul25_0/501-20190723191430-snapshot.jpg
4,0,20190723,191530,83,1,1280,598,1319,634,Jul25_0/501-20190723191530-snapshot.jpg
4,0,20190723,191930,86,1,618,433,663,471,Jul25_0/501-20190723191930-snapshot.jpg
4,0,20190723,192630,85,1,1811,121,1855,163,Jul25_0/501-20190723192630-snapshot.jpg
4,0,20190723,192730,60,1,837,341,875,374,Jul25_0/501-20190723192730-snapshot.jpg
4,0,20190723,192830,80,1,1009,5,1055,39,Jul25_0/501-20190723192830-snapshot.jpg
4,0,20190723,192830,83,1,603,472,649,508,Jul25_0/501-20190723192830-snapshot.jpg
4,0,20190723,192900,80,1,423,382,469,419,Jul25_0/501-20190723192900-snapshot.jpg
4,0,20190723,193200,84,1,88,1036,131,1070,Jul25_0/501-20190723193200-snapshot.jpg
4,0,20190723,193600,84,8,387,383,485,434,Jul25_0/501-20190723193600-snapshot.jpg
4,0,20190723,193800,49,1,0,677,21,719,Jul25_0/501-20190723193800-snapshot.jpg
4,0,20190723,193930,84,1,420,835,460,869,Jul25_0/501-20190723193930-snapshot.jpg
4,0,20190723,194400,79,1,1455,1006,1497,1043,Jul25_0/501-20190723194400-snapshot.jpg
4,0,20190723,194400,82,1,70,348,118,392,Jul25_0/501-20190723194400-snapshot.jpg
4,0,20190723,194430,30,1,252,455,294,491,Jul25_0/501-20190723194430-snapshot.jpg
4,0,20190723,194430,47,1,822,130,863,164,Jul25_0/501-20190723194430-snapshot.jpg
4,0,20190723,194430,79,1,106,788,146,824,Jul25_0/501-20190723194430-snapshot.jpg
4,0,20190723,195030,72,1,896,488,936,526,Jul25_0/501-20190723195030-snapshot.jpg
4,0,20190723,195130,87,1,564,510,605,542,Jul25_0/501-20190723195130-snapshot.jpg
4,0,20190723,195500,77,1,1085,817,1124,852,Jul25_0/501-20190723195500-snapshot.jpg
4,0,20190723,195530,67,1,833,445,873,482,Jul25_0/501-20190723195530-snapshot.jpg
4,0,20190723,201330,65,6,327,428,402,487,Jul25_0/501-20190723201330-snapshot.jpg
4,0,20190723,201430,72,6,357,412,438,471,Jul25_0/501-20190723201430-snapshot.jpg
4,0,20190723,202930,68,1,321,470,360,505,Jul25_0/501-20190723202930-snapshot.jpg
4,0,20190723,203800,86,1,1483,1023,1523,1060,Jul25_0/501-20190723203800-snapshot.jpg
4,0,20190723,204200,52,1,675,456,719,496,Jul25_0/501-20190723204200-snapshot.jpg
4,0,20190723,204300,82,1,580,471,622,506,Jul25_0/501-20190723204300-snapshot.jpg
4,0,20190723,204330,46,1,677,457,721,497,Jul25_0/501-20190723204330-snapshot.jpg
4,0,20190723,204900,80,1,0,253,35,291,Jul25_0/501-20190723204900-snapshot.jpg
4,0,20190723,204930,85,1,177,324,225,367,Jul25_0/501-20190723204930-snapshot.jpg
4,0,20190723,205000,84,1,182,463,226,505,Jul25_0/501-20190723205000-snapshot.jpg
4,0,20190723,205500,58,1,0,637,24,679,Jul25_0/501-20190723205500-snapshot.jpg
4,0,20190723,210500,88,1,1716,990,1760,1037,Jul25_0/501-20190723210500-snapshot.jpg
4,0,20190723,210530,80,1,1778,634,1823,673,Jul25_0/501-20190723210530-snapshot.jpg
4,0,20190723,211700,60,1,247,734,286,770,Jul25_0/501-20190723211700-snapshot.jpg
4,0,20190723,212630,83,1,204,189,251,233,Jul25_0/501-20190723212630-snapshot.jpg
4,0,20190723,213830,47,1,0,313,37,354,Jul25_0/502-20190723213830-snapshot.jpg
4,0,20190723,213900,62,1,296,394,337,430,Jul25_0/502-20190723213900-snapshot.jpg
4,0,20190723,214030,67,1,487,712,526,745,Jul25_0/502-20190723214030-snapshot.jpg
4,0,20190723,214400,30,1,313,863,355,897,Jul25_0/502-20190723214400-snapshot.jpg
4,0,20190723,214630,25,1,809,905,851,944,Jul25_0/502-20190723214630-snapshot.jpg
4,0,20190723,214730,87,1,1438,21,1486,67,Jul25_0/502-20190723214730-snapshot.jpg
4,0,20190723,214830,29,1,1143,220,1185,260,Jul25_0/502-20190723214830-snapshot.jpg
4,0,20190723,215030,44,1,1143,222,1186,262,Jul25_0/502-20190723215030-snapshot.jpg
4,0,20190723,215130,75,1,1134,148,1180,190,Jul25_0/502-20190723215130-snapshot.jpg
4,0,20190723,215230,83,1,933,177,982,227,Jul25_0/502-20190723215230-snapshot.jpg
4,0,20190723,215300,81,1,904,210,947,253,Jul25_0/502-20190723215300-snapshot.jpg
4,0,20190723,215530,82,1,703,749,745,786,Jul25_0/502-20190723215530-snapshot.jpg
4,0,20190723,215600,73,1,566,939,608,979,Jul25_0/502-20190723215600-snapshot.jpg
4,0,20190723,215630,81,1,470,916,514,960,Jul25_0/502-20190723215630-snapshot.jpg
4,0,20190723,215930,81,1,363,1030,408,1072,Jul25_0/502-20190723215930-snapshot.jpg
4,0,20190723,220000,85,1,502,930,548,977,Jul25_0/502-20190723220000-snapshot.jpg
4,0,20190724,044100,27,1,552,752,596,791,Jul25_0/508-20190724044100-snapshot.jpg
4,0,20190724,070700,61,1,0,511,27,542,Jul25_0/551-20190724070700-snapshot.jpg
4,0,20190724,072200,79,1,1761,38,1800,72,Jul25_0/556-20190724072200-snapshot.jpg
4,0,20190724,072300,80,1,1834,262,1888,303,Jul25_0/556-20190724072300-snapshot.jpg
4,0,20190724,072430,83,1,1676,409,1721,452,Jul25_0/556-20190724072430-snapshot.jpg
4,0,20190724,072700,70,1,1743,663,1785,697,Jul25_0/556-20190724072700-snapshot.jpg
4,0,20190724,072800,47,1,1883,750,1919,792,Jul25_0/556-20190724072800-snapshot.jpg
4,0,20190724,072830,65,1,1882,750,1919,791,Jul25_0/556-20190724072830-snapshot.jpg
4,0,20190724,072900,38,1,1882,750,1919,791,Jul25_0/557-20190724072900-snapshot.jpg
4,0,20190724,072930,63,1,1880,752,1919,791,Jul25_0/557-20190724072930-snapshot.jpg
4,0,20190724,073000,56,1,1882,751,1919,793,Jul25_0/558-20190724073000-snapshot.jpg
4,0,20190724,073030,41,1,1880,752,1918,792,Jul25_0/558-20190724073030-snapshot.jpg
4,0,20190724,073130,47,1,1881,749,1919,790,Jul25_0/558-20190724073130-snapshot.jpg
4,0,20190724,073200,59,1,1879,748,1919,789,Jul25_0/559-20190724073200-snapshot.jpg
4,0,20190724,073230,55,1,1880,748,1919,790,Jul25_0/559-20190724073230-snapshot.jpg
4,0,20190724,073300,47,1,1878,750,1918,791,Jul25_0/559-20190724073300-snapshot.jpg
4,0,20190724,073330,71,1,1881,751,1919,791,Jul25_0/559-20190724073330-snapshot.jpg
4,0,20190724,073400,76,1,1881,753,1919,792,Jul25_0/560-20190724073400-snapshot.jpg
4,0,20190724,073430,75,1,1881,755,1920,793,Jul25_0/560-20190724073430-snapshot.jpg
4,0,20190724,075630,76,1,1806,1028,1848,1067,Jul25_0/571-20190724075630-snapshot.jpg
4,0,20190724,081800,69,1,317,901,357,936,Jul25_0/578-20190724081800-snapshot.jpg
4,0,20190724,082000,36,1,1381,97,1416,126,Jul25_0/579-20190724082000-snapshot.jpg
4,0,20190724,082030,79,1,1322,207,1363,242,Jul25_0/579-20190724082030-snapshot.jpg
4,0,20190724,082100,48,1,1293,231,1333,266,Jul25_0/579-20190724082100-snapshot.jpg
4,0,20190724,082230,79,1,1057,347,1098,382,Jul25_0/579-20190724082230-snapshot.jpg
4,0,20190724,082600,29,1,1099,318,1135,349,Jul25_0/579-20190724082600-snapshot.jpg
4,0,20190724,082700,28,1,1171,338,1213,377,Jul25_0/580-20190724082700-snapshot.jpg
4,0,20190724,082800,84,1,1110,440,1154,484,Jul25_0/580-20190724082800-snapshot.jpg
4,0,20190724,082900,80,1,934,450,975,487,Jul25_0/580-20190724082900-snapshot.jpg
4,0,20190724,082930,72,1,861,553,901,592,Jul25_0/580-20190724082930-snapshot.jpg
4,0,20190724,083000,28,1,722,698,760,735,Jul25_0/580-20190724083000-snapshot.jpg
4,0,20190724,083230,77,1,608,391,651,434,Jul25_0/580-20190724083230-snapshot.jpg
4,0,20190724,083300,46,1,482,208,523,243,Jul25_0/580-20190724083300-snapshot.jpg
4,0,20190724,083630,80,1,320,74,364,113,Jul25_0/580-20190724083630-snapshot.jpg
4,0,20190724,083700,68,1,242,61,283,95,Jul25_0/580-20190724083700-snapshot.jpg
4,0,20190724,083730,59,1,228,826,271,864,Jul25_0/580-20190724083730-snapshot.jpg
4,0,20190724,083900,53,1,275,723,317,762,Jul25_0/580-20190724083900-snapshot.jpg
4,0,20190724,084230,88,1,96,600,144,642,Jul25_0/580-20190724084230-snapshot.jpg
4,0,20190724,084300,88,1,98,599,145,641,Jul25_0/580-20190724084300-snapshot.jpg
4,0,20190724,084330,88,1,98,600,146,643,Jul25_0/580-20190724084330-snapshot.jpg
4,0,20190724,084400,88,1,99,598,146,641,Jul25_0/580-20190724084400-snapshot.jpg
4,0,20190724,084430,87,1,103,598,151,639,Jul25_0/580-20190724084430-snapshot.jpg
4,0,20190724,084500,87,1,102,597,149,637,Jul25_0/580-20190724084500-snapshot.jpg
4,0,20190724,084530,88,1,99,598,146,640,Jul25_0/580-20190724084530-snapshot.jpg
4,0,20190724,084600,71,1,71,333,116,371,Jul25_0/580-20190724084600-snapshot.jpg
4,0,20190724,084600,88,1,99,598,146,641,Jul25_0/580-20190724084600-snapshot.jpg
4,0,20190724,084630,88,1,99,598,146,641,Jul25_0/580-20190724084630-snapshot.jpg
4,0,20190724,084700,88,1,100,599,148,642,Jul25_0/580-20190724084700-snapshot.jpg
4,0,20190724,084730,87,1,103,601,149,643,Jul25_0/580-20190724084730-snapshot.jpg
4,0,20190724,084800,80,1,1628,370,1669,403,Jul25_0/580-20190724084800-snapshot.jpg
4,0,20190724,084800,88,1,100,599,149,641,Jul25_0/580-20190724084800-snapshot.jpg
4,0,20190724,084830,88,1,100,599,148,642,Jul25_0/580-20190724084830-snapshot.jpg
4,0,20190724,084900,42,1,1507,451,1547,488,Jul25_0/580-20190724084900-snapshot.jpg
4,0,20190724,084900,88,1,99,597,147,640,Jul25_0/580-20190724084900-snapshot.jpg
4,0,20190724,084930,87,1,101,598,148,641,Jul25_0/580-20190724084930-snapshot.jpg
4,0,20190724,085000,84,1,1348,670,1388,706,Jul25_0/580-20190724085000-snapshot.jpg
4,0,20190724,085000,88,1,101,598,148,641,Jul25_0/580-20190724085000-snapshot.jpg
4,0,20190724,085030,88,1,101,598,148,641,Jul25_0/580-20190724085030-snapshot.jpg
4,0,20190724,085100,80,1,1125,728,1169,773,Jul25_0/580-20190724085100-snapshot.jpg
4,0,20190724,085100,88,1,101,598,148,641,Jul25_0/580-20190724085100-snapshot.jpg
4,0,20190724,085130,31,1,396,86,437,121,Jul25_0/580-20190724085130-snapshot.jpg
4,0,20190724,085130,85,1,752,609,797,646,Jul25_0/580-20190724085130-snapshot.jpg
4,0,20190724,085130,88,1,101,598,148,641,Jul25_0/580-20190724085130-snapshot.jpg
4,0,20190724,085200,88,1,101,598,148,641,Jul25_0/580-20190724085200-snapshot.jpg
4,0,20190724,085230,88,1,101,598,148,641,Jul25_0/580-20190724085230-snapshot.jpg
4,0,20190724,085300,88,1,101,598,148,642,Jul25_0/580-20190724085300-snapshot.jpg
4,0,20190724,085330,88,1,101,598,148,641,Jul25_0/580-20190724085330-snapshot.jpg
4,0,20190724,085400,88,1,99,599,147,642,Jul25_0/580-20190724085400-snapshot.jpg
4,0,20190724,085430,84,1,8,97,53,128,Jul25_0/580-20190724085430-snapshot.jpg
4,0,20190724,085430,88,1,99,599,147,642,Jul25_0/580-20190724085430-snapshot.jpg
4,0,20190724,085500,87,1,99,599,146,641,Jul25_0/580-20190724085500-snapshot.jpg
4,0,20190724,085530,87,1,100,598,147,641,Jul25_0/580-20190724085530-snapshot.jpg
4,0,20190724,085600,87,1,99,598,146,641,Jul25_0/580-20190724085600-snapshot.jpg
4,0,20190724,085630,88,1,100,598,147,642,Jul25_0/580-20190724085630-snapshot.jpg
4,0,20190724,085700,38,1,47,568,88,603,Jul25_0/580-20190724085700-snapshot.jpg
4,0,20190724,085730,72,1,62,559,106,594,Jul25_0/580-20190724085730-snapshot.jpg
4,0,20190724,085800,81,1,0,307,38,346,Jul25_0/580-20190724085800-snapshot.jpg
4,0,20190724,085800,83,1,59,558,103,591,Jul25_0/580-20190724085800-snapshot.jpg
4,0,20190724,085830,85,1,56,556,99,590,Jul25_0/580-20190724085830-snapshot.jpg
4,0,20190724,085900,75,1,32,1054,75,1078,Jul25_0/580-20190724085900-snapshot.jpg
4,0,20190724,085900,85,1,55,553,100,590,Jul25_0/580-20190724085900-snapshot.jpg
4,0,20190724,085930,86,1,54,555,99,591,Jul25_0/580-20190724085930-snapshot.jpg
4,0,20190724,090000,86,1,56,552,101,590,Jul25_0/580-20190724090000-snapshot.jpg
4,0,20190724,090030,85,1,57,548,101,585,Jul25_0/580-20190724090030-snapshot.jpg
4,0,20190724,090100,71,1,63,546,105,579,Jul25_0/580-20190724090100-snapshot.jpg
4,0,20190724,090300,26,1,1730,1045,1772,1076,Jul25_0/580-20190724090300-snapshot.jpg
4,0,20190724,091900,81,5,348,205,427,260,Jul25_0/580-20190724091900-snapshot.jpg
4,0,20190724,092230,84,1,920,516,965,555,Jul25_0/580-20190724092230-snapshot.jpg
4,0,20190724,092300,84,1,965,215,1012,260,Jul25_0/580-20190724092300-snapshot.jpg
4,0,20190724,092330,85,1,1591,290,1633,323,Jul25_0/580-20190724092330-snapshot.jpg
4,0,20190724,093130,82,1,1018,72,1060,105,Jul25_0/580-20190724093130-snapshot.jpg
4,0,20190724,093200,76,1,899,209,940,250,Jul25_0/580-20190724093200-snapshot.jpg
4,0,20190724,093230,68,1,900,210,941,250,Jul25_0/580-20190724093230-snapshot.jpg
4,0,20190724,093300,70,1,899,212,940,251,Jul25_0/580-20190724093300-snapshot.jpg
4,0,20190724,093330,82,1,919,203,961,244,Jul25_0/580-20190724093330-snapshot.jpg
4,0,20190724,093400,81,1,919,203,961,243,Jul25_0/580-20190724093400-snapshot.jpg
4,0,20190724,093430,82,1,920,204,961,243,Jul25_0/580-20190724093430-snapshot.jpg
4,0,20190724,093500,82,1,920,203,961,242,Jul25_0/580-20190724093500-snapshot.jpg
4,0,20190724,093530,81,1,919,204,961,243,Jul25_0/580-20190724093530-snapshot.jpg
4,0,20190724,093600,81,1,920,203,961,243,Jul25_0/580-20190724093600-snapshot.jpg
4,0,20190724,093630,82,1,920,204,961,242,Jul25_0/580-20190724093630-snapshot.jpg
4,0,20190724,093700,76,1,922,208,962,244,Jul25_0/580-20190724093700-snapshot.jpg
4,0,20190724,093730,82,1,909,213,951,253,Jul25_0/580-20190724093730-snapshot.jpg
4,0,20190724,093800,74,1,895,210,937,249,Jul25_0/580-20190724093800-snapshot.jpg
4,0,20190724,093830,78,1,895,214,936,252,Jul25_0/580-20190724093830-snapshot.jpg
4,0,20190724,093900,68,1,900,213,939,248,Jul25_0/580-20190724093900-snapshot.jpg
4,0,20190724,093930,66,1,900,213,939,250,Jul25_0/580-20190724093930-snapshot.jpg
4,0,20190724,094100,81,1,495,295,541,338,Jul25_0/580-20190724094100-snapshot.jpg
4,0,20190724,094130,86,1,113,123,161,159,Jul25_0/580-20190724094130-snapshot.jpg
4,0,20190724,095300,80,1,1376,11,1418,46,Jul25_0/580-20190724095300-snapshot.jpg
4,0,20190724,095400,52,1,44,237,88,272,Jul25_0/580-20190724095400-snapshot.jpg
4,0,20190724,095500,80,1,866,79,907,112,Jul25_0/580-20190724095500-snapshot.jpg
4,0,20190724,102030,55,1,222,685,266,724,Jul25_0/580-20190724102030-snapshot.jpg
4,0,20190724,102100,30,4,1854,364,1920,418,Jul25_0/580-20190724102100-snapshot.jpg
4,0,20190724,102100,86,1,118,512,165,546,Jul25_0/580-20190724102100-snapshot.jpg
4,0,20190724,102130,32,5,72,982,121,1045,Jul25_0/580-20190724102130-snapshot.jpg
4,0,20190724,102430,35,5,73,984,122,1045,Jul25_0/580-20190724102430-snapshot.jpg
4,0,20190724,102930,50,5,213,165,284,224,Jul25_0/580-20190724102930-snapshot.jpg
4,0,20190724,103100,80,1,1605,997,1646,1036,Jul25_0/580-20190724103100-snapshot.jpg
4,0,20190724,103130,25,6,72,981,121,1045,Jul25_0/580-20190724103130-snapshot.jpg
4,0,20190724,103230,84,1,1475,10,1518,44,Jul25_0/580-20190724103230-snapshot.jpg
4,0,20190724,103300,80,1,1036,142,1076,180,Jul25_0/580-20190724103300-snapshot.jpg
4,0,20190724,103330,88,1,576,176,622,219,Jul25_0/580-20190724103330-snapshot.jpg
4,0,20190724,103730,37,5,72,982,119,1041,Jul25_0/580-20190724103730-snapshot.jpg
4,0,20190724,103800,26,5,73,982,121,1044,Jul25_0/580-20190724103800-snapshot.jpg
4,0,20190724,104430,27,6,71,980,121,1042,Jul25_0/580-20190724104430-snapshot.jpg
4,0,20190724,104500,84,1,1705,254,1748,290,Jul25_0/580-20190724104500-snapshot.jpg
4,0,20190724,104530,42,6,72,981,122,1043,Jul25_0/580-20190724104530-snapshot.jpg
4,0,20190724,105130,37,6,70,978,121,1042,Jul25_0/580-20190724105130-snapshot.jpg
4,0,20190724,105200,77,1,1259,742,1297,776,Jul25_0/580-20190724105200-snapshot.jpg
4,0,20190724,105230,85,1,1074,650,1116,687,Jul25_0/580-20190724105230-snapshot.jpg
4,0,20190724,105300,79,1,604,534,648,572,Jul25_0/580-20190724105300-snapshot.jpg
4,0,20190724,105330,85,1,632,791,676,833,Jul25_0/580-20190724105330-snapshot.jpg
4,0,20190724,105430,58,6,71,981,123,1044,Jul25_0/580-20190724105430-snapshot.jpg
4,0,20190724,105500,34,6,70,979,120,1042,Jul25_0/580-20190724105500-snapshot.jpg
4,0,20190724,105800,64,6,71,981,122,1045,Jul25_0/580-20190724105800-snapshot.jpg
4,0,20190724,105830,75,4,1606,125,1680,201,Jul25_0/580-20190724105830-snapshot.jpg
4,0,20190724,110830,78,1,671,399,716,434,Jul25_0/580-20190724110830-snapshot.jpg
4,0,20190724,111100,84,8,1576,430,1659,483,Jul25_0/580-20190724111100-snapshot.jpg
4,0,20190724,111200,81,1,0,672,30,707,Jul25_0/580-20190724111200-snapshot.jpg
4,0,20190724,113230,72,4,1637,139,1697,211,Jul25_0/580-20190724113230-snapshot.jpg
4,0,20190724,113430,59,5,1521,446,1560,487,Jul25_0/580-20190724113430-snapshot.jpg
4,0,20190724,115130,51,8,1543,408,1613,451,Jul25_0/580-20190724115130-snapshot.jpg
4,0,20190724,115530,58,5,0,329,53,378,Jul25_0/580-20190724115530-snapshot.jpg
4,0,20190724,121430,83,8,154,746,236,804,Jul25_0/580-20190724121430-snapshot.jpg
4,0,20190724,121700,73,5,1176,662,1223,720,Jul25_0/580-20190724121700-snapshot.jpg
4,0,20190724,121730,31,5,1179,650,1224,705,Jul25_0/580-20190724121730-snapshot.jpg
4,0,20190724,121800,68,5,1279,141,1332,177,Jul25_0/580-20190724121800-snapshot.jpg
4,0,20190724,122500,71,1,996,1038,1037,1073,Jul25_0/580-20190724122500-snapshot.jpg
4,0,20190724,123030,53,1,92,879,130,911,Jul25_0/580-20190724123030-snapshot.jpg
4,0,20190724,124430,87,4,1176,888,1273,954,Jul25_0/580-20190724124430-snapshot.jpg
4,0,20190724,124730,77,5,687,25,746,83,Jul25_0/580-20190724124730-snapshot.jpg
4,0,20190724,125600,84,1,521,160,564,194,Jul25_0/580-20190724125600-snapshot.jpg
4,0,20190724,125700,79,1,45,103,90,137,Jul25_0/580-20190724125700-snapshot.jpg
4,0,20190724,125730,65,1,50,104,94,138,Jul25_0/580-20190724125730-snapshot.jpg
4,0,20190724,125930,82,8,771,308,851,358,Jul25_0/580-20190724125930-snapshot.jpg
4,0,20190724,130330,31,5,993,975,1038,1022,Jul25_0/580-20190724130330-snapshot.jpg
4,0,20190724,130400,40,8,1582,134,1676,194,Jul25_0/580-20190724130400-snapshot.jpg
4,0,20190724,130430,44,8,1581,131,1673,194,Jul25_0/580-20190724130430-snapshot.jpg
4,0,20190724,132430,83,4,1647,150,1727,202,Jul25_0/580-20190724132430-snapshot.jpg
4,0,20190724,132630,81,1,923,935,963,970,Jul25_0/580-20190724132630-snapshot.jpg
4,0,20190724,133900,71,6,1587,145,1662,202,Jul25_0/580-20190724133900-snapshot.jpg
4,0,20190724,134100,85,4,1621,148,1690,229,Jul25_0/580-20190724134100-snapshot.jpg
4,0,20190724,135830,87,3,1182,637,1254,716,Jul25_0/580-20190724135830-snapshot.jpg
4,0,20190724,140330,79,1,160,680,207,718,Jul25_0/580-20190724140330-snapshot.jpg
4,0,20190724,140700,87,3,1810,227,1914,292,Jul25_0/580-20190724140700-snapshot.jpg
4,0,20190724,142100,81,1,1207,238,1246,273,Jul25_0/580-20190724142100-snapshot.jpg
4,0,20190724,143300,62,5,934,322,982,375,Jul25_0/580-20190724143300-snapshot.jpg
4,0,20190724,145730,84,3,1174,634,1255,716,Jul25_0/580-20190724145730-snapshot.jpg
4,0,20190724,152400,71,1,796,226,841,266,Jul25_0/580-20190724152400-snapshot.jpg
4,0,20190724,152430,77,4,1131,779,1175,836,Jul25_0/580-20190724152430-snapshot.jpg
4,0,20190724,152830,74,6,437,291,519,361,Jul25_0/580-20190724152830-snapshot.jpg
4,0,20190724,153930,64,1,1201,351,1240,383,Jul25_0/580-20190724153930-snapshot.jpg
4,0,20190724,155730,73,4,1360,345,1408,389,Jul25_0/580-20190724155730-snapshot.jpg
4,0,20190724,155800,83,4,1210,705,1287,766,Jul25_0/580-20190724155800-snapshot.jpg
4,0,20190724,155930,66,4,1618,146,1683,200,Jul25_0/580-20190724155930-snapshot.jpg
4,0,20190724,161030,74,4,1626,148,1692,210,Jul25_0/580-20190724161030-snapshot.jpg
4,0,20190724,161830,68,4,1618,164,1678,240,Jul25_0/580-20190724161830-snapshot.jpg
4,0,20190724,163230,75,4,1620,156,1694,224,Jul25_0/580-20190724163230-snapshot.jpg
4,0,20190724,163430,78,4,1112,754,1185,810,Jul25_0/580-20190724163430-snapshot.jpg
4,0,20190724,165800,86,1,277,422,325,464,Jul25_0/580-20190724165800-snapshot.jpg
4,0,20190724,165830,87,1,279,423,328,465,Jul25_0/580-20190724165830-snapshot.jpg
4,0,20190724,165900,87,1,280,424,330,466,Jul25_0/580-20190724165900-snapshot.jpg
4,0,20190724,165930,87,1,280,423,330,466,Jul25_0/580-20190724165930-snapshot.jpg
4,0,20190724,170000,87,1,280,423,329,466,Jul25_0/580-20190724170000-snapshot.jpg
4,0,20190724,170100,71,1,340,490,383,523,Jul25_0/580-20190724170100-snapshot.jpg
4,0,20190724,170230,84,1,77,858,120,894,Jul25_0/580-20190724170230-snapshot.jpg
4,0,20190724,171130,83,8,552,754,615,825,Jul25_0/580-20190724171130-snapshot.jpg
4,0,20190724,171700,86,4,1137,757,1211,824,Jul25_0/580-20190724171700-snapshot.jpg
4,0,20190724,174800,72,1,1624,131,1667,162,Jul25_0/580-20190724174800-snapshot.jpg
4,0,20190724,175000,46,1,699,117,741,154,Jul25_0/580-20190724175000-snapshot.jpg
4,0,20190724,175300,84,4,1616,151,1670,226,Jul25_0/580-20190724175300-snapshot.jpg
4,0,20190724,180100,87,3,1099,920,1183,1001,Jul25_0/580-20190724180100-snapshot.jpg
4,0,20190724,180500,83,4,1157,649,1239,721,Jul25_0/580-20190724180500-snapshot.jpg
4,0,20190724,182400,87,1,661,53,701,84,Jul25_0/580-20190724182400-snapshot.jpg
4,0,20190724,183130,76,5,506,266,563,325,Jul25_0/580-20190724183130-snapshot.jpg
4,0,20190724,183830,62,3,1614,146,1687,211,Jul25_0/580-20190724183830-snapshot.jpg
4,0,20190724,184100,86,1,1774,139,1818,178,Jul25_0/580-20190724184100-snapshot.jpg
4,0,20190724,185600,67,4,0,649,71,719,Jul25_0/580-20190724185600-snapshot.jpg
4,0,20190724,185600,87,3,1092,737,1147,819,Jul25_0/580-20190724185600-snapshot.jpg
4,0,20190724,185700,62,4,0,650,65,716,Jul25_0/580-20190724185700-snapshot.jpg
4,0,20190724,191100,25,4,0,649,66,721,Jul25_0/580-20190724191100-snapshot.jpg
4,0,20190724,191300,83,1,130,485,173,520,Jul25_0/580-20190724191300-snapshot.jpg
4,0,20190724,191400,37,1,1318,938,1360,972,Jul25_0/580-20190724191400-snapshot.jpg
4,0,20190724,191400,76,1,377,509,416,538,Jul25_0/580-20190724191400-snapshot.jpg
4,0,20190724,191400,78,4,1870,225,1918,286,Jul25_0/580-20190724191400-snapshot.jpg
4,0,20190724,191530,48,1,664,863,702,899,Jul25_0/580-20190724191530-snapshot.jpg
4,0,20190724,193230,85,4,1608,147,1684,213,Jul25_0/580-20190724193230-snapshot.jpg
4,0,20190724,194330,48,1,1086,445,1122,477,Jul25_0/580-20190724194330-snapshot.jpg
4,0,20190724,195500,30,8,101,733,200,785,Jul25_0/580-20190724195500-snapshot.jpg
4,0,20190724,195500,78,1,90,44,134,87,Jul25_0/580-20190724195500-snapshot.jpg
4,0,20190724,195730,80,1,581,720,621,759,Jul25_0/580-20190724195730-snapshot.jpg
4,0,20190724,195800,81,1,576,651,616,687,Jul25_0/580-20190724195800-snapshot.jpg
4,0,20190724,200130,77,1,469,598,508,634,Jul25_0/580-20190724200130-snapshot.jpg
4,0,20190724,200130,84,1,530,227,572,267,Jul25_0/580-20190724200130-snapshot.jpg
4,0,20190724,200300,28,1,608,889,648,928,Jul25_0/580-20190724200300-snapshot.jpg
4,0,20190724,200330,76,1,636,840,675,877,Jul25_0/580-20190724200330-snapshot.jpg
4,0,20190724,200530,71,1,628,872,663,905,Jul25_0/580-20190724200530-snapshot.jpg
4,0,20190724,200630,53,1,534,816,573,856,Jul25_0/580-20190724200630-snapshot.jpg
4,0,20190724,200800,70,1,118,1011,160,1048,Jul25_0/580-20190724200800-snapshot.jpg
4,0,20190724,201100,53,1,471,1049,512,1075,Jul25_0/580-20190724201100-snapshot.jpg
4,0,20190724,201300,31,1,1460,771,1496,804,Jul25_0/580-20190724201300-snapshot.jpg
4,0,20190724,202200,82,1,1513,70,1551,105,Jul25_0/580-20190724202200-snapshot.jpg
4,0,20190724,202230,70,1,1204,233,1243,269,Jul25_0/580-20190724202230-snapshot.jpg
4,0,20190724,202300,79,1,1046,296,1083,332,Jul25_0/580-20190724202300-snapshot.jpg
4,0,20190724,202330,84,1,1031,273,1073,314,Jul25_0/580-20190724202330-snapshot.jpg
4,0,20190724,202400,82,1,993,241,1039,286,Jul25_0/580-20190724202400-snapshot.jpg
4,0,20190724,202630,65,1,1057,126,1100,167,Jul25_0/580-20190724202630-snapshot.jpg
4,0,20190724,202700,74,1,1037,266,1078,304,Jul25_0/580-20190724202700-snapshot.jpg
4,0,20190724,202800,84,1,1181,351,1217,382,Jul25_0/580-20190724202800-snapshot.jpg
4,0,20190724,202900,82,1,924,84,971,122,Jul25_0/580-20190724202900-snapshot.jpg
4,0,20190724,202930,84,1,915,60,954,96,Jul25_0/580-20190724202930-snapshot.jpg
4,0,20190724,203000,72,1,920,60,957,97,Jul25_0/580-20190724203000-snapshot.jpg
4,0,20190724,203100,81,1,897,167,940,211,Jul25_0/580-20190724203100-snapshot.jpg
4,0,20190724,203200,75,1,930,181,971,218,Jul25_0/580-20190724203200-snapshot.jpg
4,0,20190724,203230,83,1,907,108,954,148,Jul25_0/580-20190724203230-snapshot.jpg
4,0,20190724,203300,84,1,1020,198,1064,240,Jul25_0/580-20190724203300-snapshot.jpg
4,0,20190724,203330,73,1,1021,140,1059,174,Jul25_0/580-20190724203330-snapshot.jpg
4,0,20190724,203500,84,1,1037,145,1076,179,Jul25_0/580-20190724203500-snapshot.jpg
4,0,20190724,203500,88,4,1105,670,1194,733,Jul25_0/580-20190724203500-snapshot.jpg
4,0,20190724,203530,78,1,1072,139,1114,179,Jul25_0/580-20190724203530-snapshot.jpg
4,0,20190724,203600,73,1,1044,117,1088,154,Jul25_0/580-20190724203600-snapshot.jpg
4,0,20190724,203630,85,1,1018,93,1060,125,Jul25_0/580-20190724203630-snapshot.jpg
4,0,20190724,203700,80,1,1026,9,1071,46,Jul25_0/580-20190724203700-snapshot.jpg
4,0,20190724,203900,82,1,1045,23,1087,58,Jul25_0/580-20190724203900-snapshot.jpg
4,0,20190724,203930,74,1,1023,228,1062,263,Jul25_0/580-20190724203930-snapshot.jpg
4,0,20190724,204000,80,1,1010,311,1047,345,Jul25_0/580-20190724204000-snapshot.jpg
4,0,20190724,204030,76,1,1021,276,1063,318,Jul25_0/580-20190724204030-snapshot.jpg
4,0,20190724,204100,86,1,1027,283,1072,324,Jul25_0/580-20190724204100-snapshot.jpg
4,0,20190724,204230,80,1,1118,392,1157,425,Jul25_0/580-20190724204230-snapshot.jpg
4,0,20190724,204430,82,1,982,207,1024,245,Jul25_0/580-20190724204430-snapshot.jpg
4,0,20190724,204530,62,1,931,52,973,90,Jul25_0/580-20190724204530-snapshot.jpg
4,0,20190724,204600,77,1,743,110,783,146,Jul25_0/580-20190724204600-snapshot.jpg
4,0,20190724,204630,85,1,726,171,771,214,Jul25_0/580-20190724204630-snapshot.jpg
4,0,20190724,204730,71,1,477,228,512,264,Jul25_0/580-20190724204730-snapshot.jpg
4,0,20190724,204900,78,1,509,16,549,50,Jul25_0/580-20190724204900-snapshot.jpg
4,0,20190724,204930,81,1,354,49,397,85,Jul25_0/580-20190724204930-snapshot.jpg
4,0,20190724,205030,74,1,0,127,33,167,Jul25_0/580-20190724205030-snapshot.jpg
4,0,20190724,205100,72,1,45,459,89,494,Jul25_0/580-20190724205100-snapshot.jpg
4,0,20190724,212600,51,1,219,290,261,326,Jul25_0/580-20190724212600-snapshot.jpg
4,0,20190724,215430,30,1,181,224,225,270,Jul25_0/580-20190724215430-snapshot.jpg
4,0,20190724,215500,31,1,180,229,227,276,Jul25_0/580-20190724215500-snapshot.jpg
4,0,20190724,220000,56,1,362,230,405,270,Jul25_0/580-20190724220000-snapshot.jpg
4,0,20190724,220130,74,1,371,229,416,270,Jul25_0/580-20190724220130-snapshot.jpg
4,0,20190724,220430,58,1,452,248,494,286,Jul25_0/580-20190724220430-snapshot.jpg
4,0,20190724,220600,73,1,394,397,443,441,Jul25_0/580-20190724220600-snapshot.jpg
4,0,20190725,051000,37,1,338,152,383,195,Jul25_0/589-20190725051000-snapshot.jpg
4,0,20190725,051030,87,1,436,217,484,257,Jul25_0/589-20190725051030-snapshot.jpg
4,0,20190725,051100,84,1,443,223,489,261,Jul25_0/589-20190725051100-snapshot.jpg
4,0,20190725,051130,85,1,444,222,489,261,Jul25_0/589-20190725051130-snapshot.jpg
4,0,20190725,051200,86,1,443,222,489,262,Jul25_0/589-20190725051200-snapshot.jpg
4,0,20190725,051230,85,1,444,222,489,261,Jul25_0/589-20190725051230-snapshot.jpg
4,0,20190725,051300,85,1,443,223,489,262,Jul25_0/589-20190725051300-snapshot.jpg
4,0,20190725,051330,85,1,443,223,489,261,Jul25_0/589-20190725051330-snapshot.jpg
4,0,20190725,051400,81,1,449,230,492,268,Jul25_0/590-20190725051400-snapshot.jpg
4,0,20190725,051430,77,1,359,222,404,265,Jul25_0/590-20190725051430-snapshot.jpg
4,0,20190725,052700,41,1,259,217,302,260,Jul25_0/594-20190725052700-snapshot.jpg
4,0,20190725,052730,38,1,261,214,304,256,Jul25_0/594-20190725052730-snapshot.jpg
4,0,20190725,054100,78,1,72,111,121,151,Jul25_0/597-20190725054100-snapshot.jpg
4,0,20190725,054130,86,1,75,117,124,158,Jul25_0/597-20190725054130-snapshot.jpg
4,0,20190725,054230,31,1,243,176,289,217,Jul25_0/597-20190725054230-snapshot.jpg
4,0,20190725,054300,73,1,166,17,215,56,Jul25_0/597-20190725054300-snapshot.jpg
4,0,20190725,054600,81,1,144,32,191,70,Jul25_0/597-20190725054600-snapshot.jpg
4,0,20190725,055000,28,1,1260,251,1300,286,Jul25_0/597-20190725055000-snapshot.jpg
4,0,20190725,060800,78,1,217,28,263,67,Jul25_0/599-20190725060800-snapshot.jpg
4,0,20190725,060830,67,1,219,150,261,191,Jul25_0/599-20190725060830-snapshot.jpg
4,0,20190725,061030,78,1,331,66,375,103,Jul25_0/599-20190725061030-snapshot.jpg
4,0,20190725,061200,86,1,542,225,585,268,Jul25_0/599-20190725061200-snapshot.jpg
4,0,20190725,061330,80,1,542,251,585,292,Jul25_0/599-20190725061330-snapshot.jpg
4,0,20190725,061600,71,1,255,274,298,316,Jul25_0/599-20190725061600-snapshot.jpg
4,0,20190725,061630,35,1,256,275,300,317,Jul25_0/599-20190725061630-snapshot.jpg
4,0,20190725,061700,68,1,255,273,299,316,Jul25_0/599-20190725061700-snapshot.jpg
4,0,20190725,061800,77,1,256,274,301,316,Jul25_0/599-20190725061800-snapshot.jpg
4,0,20190725,061830,42,1,257,277,300,317,Jul25_0/599-20190725061830-snapshot.jpg
4,0,20190725,061900,70,1,256,275,299,316,Jul25_0/599-20190725061900-snapshot.jpg
4,0,20190725,061930,68,1,256,275,299,316,Jul25_0/599-20190725061930-snapshot.jpg
4,0,20190725,062000,69,1,256,275,299,315,Jul25_0/599-20190725062000-snapshot.jpg
4,0,20190725,062030,71,1,256,276,299,317,Jul25_0/599-20190725062030-snapshot.jpg
4,0,20190725,062100,74,1,257,275,300,317,Jul25_0/599-20190725062100-snapshot.jpg
4,0,20190725,062130,74,1,257,276,300,317,Jul25_0/599-20190725062130-snapshot.jpg
4,0,20190725,062230,31,1,257,276,300,316,Jul25_0/599-20190725062230-snapshot.jpg
4,0,20190725,062300,70,1,256,276,299,317,Jul25_0/599-20190725062300-snapshot.jpg
4,0,20190725,062330,38,1,257,276,300,317,Jul25_0/600-20190725062330-snapshot.jpg
4,0,20190725,062400,68,1,256,276,300,317,Jul25_0/600-20190725062400-snapshot.jpg
4,0,20190725,062500,39,1,257,276,300,316,Jul25_0/600-20190725062500-snapshot.jpg
4,0,20190725,062530,31,1,257,277,299,317,Jul25_0/600-20190725062530-snapshot.jpg
4,0,20190725,062600,31,1,257,276,300,316,Jul25_0/600-20190725062600-snapshot.jpg
4,0,20190725,062630,63,1,256,276,298,316,Jul25_0/600-20190725062630-snapshot.jpg
4,0,20190725,062700,80,1,259,279,302,320,Jul25_0/600-20190725062700-snapshot.jpg
4,0,20190725,062730,69,1,568,65,611,104,Jul25_0/600-20190725062730-snapshot.jpg
4,0,20190725,062730,79,1,260,278,303,319,Jul25_0/600-20190725062730-snapshot.jpg
4,0,20190725,062800,59,1,652,118,696,162,Jul25_0/600-20190725062800-snapshot.jpg
4,0,20190725,062800,74,1,260,280,301,320,Jul25_0/600-20190725062800-snapshot.jpg
4,0,20190725,062830,58,1,261,279,303,319,Jul25_0/600-20190725062830-snapshot.jpg
4,0,20190725,062830,81,1,526,185,570,228,Jul25_0/600-20190725062830-snapshot.jpg
4,0,20190725,062900,64,1,259,279,302,319,Jul25_0/600-20190725062900-snapshot.jpg
4,0,20190725,062930,73,1,259,279,301,319,Jul25_0/600-20190725062930-snapshot.jpg
4,0,20190725,063000,62,1,260,279,303,319,Jul25_0/600-20190725063000-snapshot.jpg
4,0,20190725,063030,66,1,260,279,302,319,Jul25_0/600-20190725063030-snapshot.jpg
4,0,20190725,063100,76,1,259,278,302,319,Jul25_0/600-20190725063100-snapshot.jpg
4,0,20190725,063130,82,1,256,276,300,318,Jul25_0/600-20190725063130-snapshot.jpg
4,0,20190725,063200,83,1,259,278,302,320,Jul25_0/600-20190725063200-snapshot.jpg
4,0,20190725,063230,79,1,260,277,303,319,Jul25_0/600-20190725063230-snapshot.jpg
4,0,20190725,063300,78,1,261,279,303,320,Jul25_0/600-20190725063300-snapshot.jpg
4,0,20190725,063330,74,1,259,278,302,319,Jul25_0/600-20190725063330-snapshot.jpg
4,0,20190725,063400,77,1,260,277,303,318,Jul25_0/600-20190725063400-snapshot.jpg
4,0,20190725,063430,76,1,259,279,302,319,Jul25_0/600-20190725063430-snapshot.jpg
4,0,20190725,063500,72,1,259,279,302,319,Jul25_0/600-20190725063500-snapshot.jpg
4,0,20190725,063530,82,1,257,276,301,318,Jul25_0/600-20190725063530-snapshot.jpg
4,0,20190725,063600,77,1,257,278,300,319,Jul25_0/600-20190725063600-snapshot.jpg
4,0,20190725,063630,73,1,258,278,300,319,Jul25_0/600-20190725063630-snapshot.jpg
4,0,20190725,063630,76,1,369,2,414,44,Jul25_0/600-20190725063630-snapshot.jpg
4,0,20190725,063700,64,1,258,277,301,318,Jul25_0/600-20190725063700-snapshot.jpg
4,0,20190725,063730,66,1,257,277,301,318,Jul25_0/600-20190725063730-snapshot.jpg
4,0,20190725,063800,64,1,258,278,301,319,Jul25_0/600-20190725063800-snapshot.jpg
4,0,20190725,063830,68,1,258,278,301,318,Jul25_0/600-20190725063830-snapshot.jpg
4,0,20190725,063900,69,1,257,277,301,318,Jul25_0/600-20190725063900-snapshot.jpg
4,0,20190725,063930,83,1,256,276,301,319,Jul25_0/600-20190725063930-snapshot.jpg
4,0,20190725,064000,76,1,258,277,301,318,Jul25_0/600-20190725064000-snapshot.jpg
4,0,20190725,064000,80,1,283,73,327,110,Jul25_0/600-20190725064000-snapshot.jpg
4,0,20190725,064030,75,1,217,98,259,135,Jul25_0/600-20190725064030-snapshot.jpg
4,0,20190725,064030,78,1,257,276,301,318,Jul25_0/600-20190725064030-snapshot.jpg
4,0,20190725,064100,74,1,258,276,302,318,Jul25_0/600-20190725064100-snapshot.jpg
4,0,20190725,064130,64,1,258,277,301,318,Jul25_0/600-20190725064130-snapshot.jpg
4,0,20190725,064200,75,1,257,278,301,319,Jul25_0/600-20190725064200-snapshot.jpg
4,0,20190725,064200,86,1,305,959,350,1007,Jul25_0/600-20190725064200-snapshot.jpg
4,0,20190725,064230,60,1,257,276,300,318,Jul25_0/600-20190725064230-snapshot.jpg
4,0,20190725,064300,69,1,315,756,358,797,Jul25_0/600-20190725064300-snapshot.jpg
4,0,20190725,064300,70,1,258,278,301,318,Jul25_0/600-20190725064300-snapshot.jpg
4,0,20190725,064330,70,1,258,277,301,318,Jul25_0/600-20190725064330-snapshot.jpg
4,0,20190725,064400,68,1,257,729,298,763,Jul25_0/600-20190725064400-snapshot.jpg
4,0,20190725,064400,79,1,258,277,301,319,Jul25_0/600-20190725064400-snapshot.jpg
4,0,20190725,064430,69,1,244,705,285,742,Jul25_0/600-20190725064430-snapshot.jpg
4,0,20190725,064430,73,1,258,277,301,318,Jul25_0/600-20190725064430-snapshot.jpg
4,0,20190725,064500,76,1,258,278,301,319,Jul25_0/600-20190725064500-snapshot.jpg
4,0,20190725,064530,72,1,258,278,301,319,Jul25_0/600-20190725064530-snapshot.jpg
4,0,20190725,064530,85,1,250,590,298,627,Jul25_0/600-20190725064530-snapshot.jpg
4,0,20190725,064600,72,1,258,278,301,319,Jul25_0/600-20190725064600-snapshot.jpg
4,0,20190725,064600,85,1,251,103,299,147,Jul25_0/600-20190725064600-snapshot.jpg
4,0,20190725,064630,77,1,373,121,420,162,Jul25_0/600-20190725064630-snapshot.jpg
4,0,20190725,064630,85,1,24,588,72,629,Jul25_0/600-20190725064630-snapshot.jpg
4,0,20190725,064700,39,1,59,647,100,682,Jul25_0/600-20190725064700-snapshot.jpg
4,0,20190725,064700,64,1,257,276,300,318,Jul25_0/600-20190725064700-snapshot.jpg
4,0,20190725,064700,84,1,444,221,487,256,Jul25_0/600-20190725064700-snapshot.jpg
4,0,20190725,064730,52,1,258,276,301,317,Jul25_0/600-20190725064730-snapshot.jpg
4,0,20190725,064800,50,1,257,276,301,318,Jul25_0/600-20190725064800-snapshot.jpg
4,0,20190725,064800,86,1,553,353,600,403,Jul25_0/600-20190725064800-snapshot.jpg
4,0,20190725,064830,37,1,258,276,301,317,Jul25_0/600-20190725064830-snapshot.jpg
4,0,20190725,064900,55,1,257,276,301,317,Jul25_0/600-20190725064900-snapshot.jpg
4,0,20190725,064930,64,1,258,277,301,318,Jul25_0/600-20190725064930-snapshot.jpg
4,0,20190725,065000,51,1,258,277,301,318,Jul25_0/600-20190725065000-snapshot.jpg
4,0,20190725,065000,80,1,670,53,712,88,Jul25_0/600-20190725065000-snapshot.jpg
4,0,20190725,065030,67,1,257,276,300,318,Jul25_0/600-20190725065030-snapshot.jpg
4,0,20190725,065030,83,1,776,224,818,262,Jul25_0/600-20190725065030-snapshot.jpg
4,0,20190725,065100,65,1,257,276,300,318,Jul25_0/600-20190725065100-snapshot.jpg
4,0,20190725,065130,69,1,998,177,1035,214,Jul25_0/600-20190725065130-snapshot.jpg
4,0,20190725,065130,75,1,260,279,303,319,Jul25_0/600-20190725065130-snapshot.jpg
4,0,20190725,065200,78,1,1038,125,1081,165,Jul25_0/600-20190725065200-snapshot.jpg
4,0,20190725,065230,30,1,261,279,303,318,Jul25_0/600-20190725065230-snapshot.jpg
4,0,20190725,065230,82,1,1000,288,1042,327,Jul25_0/600-20190725065230-snapshot.jpg
4,0,20190725,065300,51,1,260,279,303,319,Jul25_0/600-20190725065300-snapshot.jpg
4,0,20190725,065300,82,1,1138,234,1183,274,Jul25_0/600-20190725065300-snapshot.jpg
4,0,20190725,065330,55,1,259,278,302,318,Jul25_0/600-20190725065330-snapshot.jpg
4,0,20190725,065530,35,1,1308,0,1352,26,Jul25_0/600-20190725065530-snapshot.jpg
4,0,20190725,065700,71,1,1246,92,1289,130,Jul25_0/600-20190725065700-snapshot.jpg
4,0,20190725,065730,78,1,1260,149,1301,186,Jul25_0/600-20190725065730-snapshot.jpg
4,0,20190725,065800,62,1,1261,205,1303,249,Jul25_0/600-20190725065800-snapshot.jpg
4,0,20190725,065830,83,1,1275,290,1316,327,Jul25_0/600-20190725065830-snapshot.jpg
4,0,20190725,065900,78,1,1195,395,1237,434,Jul25_0/600-20190725065900-snapshot.jpg
4,0,20190725,070000,76,1,1410,555,1451,594,Jul25_0/600-20190725070000-snapshot.jpg
4,0,20190725,070030,81,1,1388,700,1430,741,Jul25_0/600-20190725070030-snapshot.jpg
4,0,20190725,070100,81,1,1283,691,1320,727,Jul25_0/600-20190725070100-snapshot.jpg
4,0,20190725,070130,82,1,1235,791,1276,831,Jul25_0/600-20190725070130-snapshot.jpg
4,0,20190725,070200,78,1,1203,742,1244,780,Jul25_0/600-20190725070200-snapshot.jpg
4,0,20190725,070330,78,1,1094,654,1132,685,Jul25_0/600-20190725070330-snapshot.jpg
4,0,20190725,070400,83,1,895,527,940,567,Jul25_0/600-20190725070400-snapshot.jpg
4,0,20190725,070500,83,1,873,513,918,551,Jul25_0/600-20190725070500-snapshot.jpg
4,0,20190725,070700,81,1,701,499,749,535,Jul25_0/600-20190725070700-snapshot.jpg
4,0,20190725,070830,55,1,621,461,663,492,Jul25_0/600-20190725070830-snapshot.jpg
4,0,20190725,071000,84,1,475,205,517,245,Jul25_0/600-20190725071000-snapshot.jpg
4,0,20190725,082600,36,1,1898,768,1920,809,Jul25_0/604-20190725082600-snapshot.jpg
4,0,20190725,082900,75,1,1545,804,1588,843,Jul25_0/604-20190725082900-snapshot.jpg
4,0,20190725,083030,83,1,1256,783,1299,828,Jul25_0/604-20190725083030-snapshot.jpg
4,0,20190725,083230,68,1,539,536,576,571,Jul25_0/604-20190725083230-snapshot.jpg
4,0,20190725,092230,74,8,10,137,68,211,Jul25_0/604-20190725092230-snapshot.jpg
4,0,20190725,093730,82,8,1550,254,1608,322,Jul25_0/604-20190725093730-snapshot.jpg
4,0,20190725,094500,72,4,1594,202,1681,282,Jul25_0/604-20190725094500-snapshot.jpg
4,0,20190717,072230,82,1,477,355,522,395,Jul25_0/65-20190717072230-snapshot.jpg
4,0,20190717,072300,84,1,481,359,526,398,Jul25_0/65-20190717072300-snapshot.jpg
4,0,20190717,072330,84,1,478,352,525,395,Jul25_0/65-20190717072330-snapshot.jpg
4,0,20190717,072400,87,1,473,354,520,399,Jul25_0/65-20190717072400-snapshot.jpg
4,0,20190717,072430,80,1,492,376,532,413,Jul25_0/65-20190717072430-snapshot.jpg
4,0,20190717,072500,87,1,480,358,528,403,Jul25_0/65-20190717072500-snapshot.jpg
4,0,20190717,072530,85,1,479,356,524,397,Jul25_0/65-20190717072530-snapshot.jpg
4,0,20190717,072800,77,1,498,345,540,380,Jul25_0/65-20190717072800-snapshot.jpg
4,0,20190717,072830,80,1,546,340,587,381,Jul25_0/65-20190717072830-snapshot.jpg
4,0,20190717,072900,82,1,543,377,585,418,Jul25_0/65-20190717072900-snapshot.jpg
4,0,20190717,072930,81,1,529,383,569,419,Jul25_0/65-20190717072930-snapshot.jpg
4,0,20190717,073000,85,1,477,350,523,393,Jul25_0/65-20190717073000-snapshot.jpg
4,0,20190717,073400,65,1,417,537,461,574,Jul25_0/65-20190717073400-snapshot.jpg
4,0,20190717,074000,80,1,716,267,757,307,Jul25_0/65-20190717074000-snapshot.jpg
4,0,20190717,074700,86,1,619,355,665,404,Jul25_0/66-20190717074700-snapshot.jpg
4,0,20190717,074730,81,1,622,360,667,406,Jul25_0/66-20190717074730-snapshot.jpg
4,0,20190717,074800,86,1,626,367,669,411,Jul25_0/67-20190717074800-snapshot.jpg
4,0,20190717,074830,87,1,628,362,673,409,Jul25_0/67-20190717074830-snapshot.jpg
4,0,20190717,074900,86,1,636,363,681,408,Jul25_0/67-20190717074900-snapshot.jpg
4,0,20190717,080730,84,1,1049,731,1089,767,Jul25_0/72-20190717080730-snapshot.jpg
4,0,20190717,080830,87,1,880,922,928,969,Jul25_0/72-20190717080830-snapshot.jpg
4,0,20190717,080900,84,1,899,837,941,880,Jul25_0/72-20190717080900-snapshot.jpg
4,0,20190717,081330,74,1,1106,109,1155,154,Jul25_0/72-20190717081330-snapshot.jpg
4,0,20190717,084630,82,1,1085,218,1127,258,Jul25_0/75-20190717084630-snapshot.jpg
4,0,20190717,084730,85,1,717,226,763,262,Jul25_0/75-20190717084730-snapshot.jpg
4,0,20190717,092600,85,8,87,349,183,439,Jul25_0/77-20190717092600-snapshot.jpg
4,0,20190717,093500,76,6,853,292,906,354,Jul25_0/78-20190717093500-snapshot.jpg
4,0,20190717,093600,85,8,35,82,104,166,Jul25_0/78-20190717093600-snapshot.jpg
4,0,20190717,094800,81,8,1179,951,1263,997,Jul25_0/78-20190717094800-snapshot.jpg
4,0,20190717,104830,49,5,181,665,259,713,Jul25_0/80-20190717104830-snapshot.jpg
4,0,20190717,104900,88,2,274,531,361,594,Jul25_0/80-20190717104900-snapshot.jpg
4,0,20190717,104930,84,2,622,956,704,1013,Jul25_0/80-20190717104930-snapshot.jpg
4,0,20190717,110800,85,3,1850,289,1920,364,Jul25_0/81-20190717110800-snapshot.jpg
4,0,20190717,111630,84,8,187,350,279,440,Jul25_0/81-20190717111630-snapshot.jpg
4,0,20190717,112000,80,2,1746,248,1829,303,Jul25_0/81-20190717112000-snapshot.jpg
4,0,20190717,112800,48,5,622,417,681,472,Jul25_0/81-20190717112800-snapshot.jpg
4,0,20190717,113130,85,2,154,425,241,498,Jul25_0/81-20190717113130-snapshot.jpg
4,0,20190717,113700,84,5,342,778,408,852,Jul25_0/81-20190717113700-snapshot.jpg
4,0,20190717,113830,36,8,1799,314,1883,371,Jul25_0/81-20190717113830-snapshot.jpg
4,0,20190717,113830,39,2,1798,313,1883,371,Jul25_0/81-20190717113830-snapshot.jpg
4,0,20190717,114100,84,2,1183,647,1267,705,Jul25_0/81-20190717114100-snapshot.jpg
4,0,20190717,114730,84,8,581,806,670,866,Jul25_0/81-20190717114730-snapshot.jpg
4,0,20190717,114930,82,2,1608,153,1692,209,Jul25_0/81-20190717114930-snapshot.jpg
4,0,20190717,115700,84,8,757,296,854,358,Jul25_0/81-20190717115700-snapshot.jpg
4,0,20190717,120230,83,2,98,37,159,122,Jul25_0/81-20190717120230-snapshot.jpg
4,0,20190717,121330,65,5,12,106,67,157,Jul25_0/81-20190717121330-snapshot.jpg
4,0,20190717,121400,67,5,121,105,172,160,Jul25_0/81-20190717121400-snapshot.jpg
4,0,20190717,121430,85,2,50,301,131,354,Jul25_0/81-20190717121430-snapshot.jpg
4,0,20190717,121500,25,2,1818,276,1899,336,Jul25_0/81-20190717121500-snapshot.jpg
4,0,20190717,121700,46,5,1333,643,1379,685,Jul25_0/81-20190717121700-snapshot.jpg
4,0,20190717,122200,79,5,581,503,632,551,Jul25_0/81-20190717122200-snapshot.jpg
4,0,20190717,122230,85,5,1119,751,1196,803,Jul25_0/81-20190717122230-snapshot.jpg
4,0,20190717,122300,68,5,1019,510,1063,557,Jul25_0/81-20190717122300-snapshot.jpg
4,0,20190717,122600,81,3,1800,288,1880,356,Jul25_0/81-20190717122600-snapshot.jpg
4,0,20190717,123500,88,3,1248,233,1330,299,Jul25_0/81-20190717123500-snapshot.jpg
4,0,20190717,124200,42,6,1598,279,1682,324,Jul25_0/81-20190717124200-snapshot.jpg
4,0,20190717,124400,64,5,1275,228,1325,259,Jul25_0/81-20190717124400-snapshot.jpg
4,0,20190717,124700,83,8,407,309,506,363,Jul25_0/81-20190717124700-snapshot.jpg
4,0,20190717,124900,81,2,386,542,458,608,Jul25_0/81-20190717124900-snapshot.jpg
4,0,20190717,124930,81,2,139,42,228,91,Jul25_0/81-20190717124930-snapshot.jpg
4,0,20190717,125130,79,3,1464,434,1562,500,Jul25_0/81-20190717125130-snapshot.jpg
4,0,20190717,125130,85,8,207,406,290,482,Jul25_0/81-20190717125130-snapshot.jpg
4,0,20190717,131000,67,8,1097,65,1153,128,Jul25_0/81-20190717131000-snapshot.jpg
4,0,20190717,131630,75,2,1064,246,1149,298,Jul25_0/81-20190717131630-snapshot.jpg
4,0,20190717,132100,52,5,346,626,400,683,Jul25_0/81-20190717132100-snapshot.jpg
4,0,20190717,132630,62,3,774,560,847,629,Jul25_0/81-20190717132630-snapshot.jpg
4,0,20190717,133000,82,3,1831,289,1920,358,Jul25_0/81-20190717133000-snapshot.jpg
4,0,20190717,133500,86,3,995,377,1071,442,Jul25_0/81-20190717133500-snapshot.jpg
4,0,20190717,133800,81,3,1617,210,1695,270,Jul25_0/81-20190717133800-snapshot.jpg
4,0,20190717,134930,83,3,1609,199,1679,257,Jul25_0/81-20190717134930-snapshot.jpg
4,0,20190717,135300,64,2,1858,354,1919,427,Jul25_0/81-20190717135300-snapshot.jpg
4,0,20190717,140500,86,3,1815,267,1905,348,Jul25_0/81-20190717140500-snapshot.jpg
4,0,20190717,140800,73,3,89,64,192,148,Jul25_0/81-20190717140800-snapshot.jpg
4,0,20190717,140800,90,3,1760,406,1851,490,Jul25_0/81-20190717140800-snapshot.jpg
4,0,20190717,140830,88,3,1597,272,1650,344,Jul25_0/81-20190717140830-snapshot.jpg
4,0,20190717,142830,84,8,381,931,457,1000,Jul25_0/81-20190717142830-snapshot.jpg
4,0,20190717,143500,87,3,1801,277,1893,348,Jul25_0/81-20190717143500-snapshot.jpg
4,0,20190717,144400,75,2,159,322,245,385,Jul25_0/81-20190717144400-snapshot.jpg
4,0,20190717,144830,86,2,133,237,226,289,Jul25_0/81-20190717144830-snapshot.jpg
4,0,20190717,145530,86,3,353,610,429,676,Jul25_0/81-20190717145530-snapshot.jpg
4,0,20190717,145600,86,3,814,259,875,333,Jul25_0/81-20190717145600-snapshot.jpg
4,0,20190717,145630,76,2,1212,71,1267,152,Jul25_0/81-20190717145630-snapshot.jpg
4,0,20190717,150330,82,4,1554,350,1606,404,Jul25_0/81-20190717150330-snapshot.jpg
4,0,20190717,150400,84,4,1364,189,1446,252,Jul25_0/81-20190717150400-snapshot.jpg
4,0,20190717,151900,87,8,188,343,275,410,Jul25_0/81-20190717151900-snapshot.jpg
4,0,20190717,151930,56,5,1585,203,1634,260,Jul25_0/81-20190717151930-snapshot.jpg
4,0,20190717,152830,83,8,503,596,564,669,Jul25_0/81-20190717152830-snapshot.jpg
4,0,20190717,153030,47,2,244,650,327,714,Jul25_0/81-20190717153030-snapshot.jpg
4,0,20190717,154500,72,5,510,568,563,607,Jul25_0/81-20190717154500-snapshot.jpg
4,0,20190717,154630,64,4,1876,355,1920,428,Jul25_0/81-20190717154630-snapshot.jpg
4,0,20190717,155130,82,8,552,47,641,97,Jul25_0/81-20190717155130-snapshot.jpg
4,0,20190717,155200,70,6,1592,258,1680,323,Jul25_0/81-20190717155200-snapshot.jpg
4,0,20190717,155230,77,2,386,759,473,806,Jul25_0/81-20190717155230-snapshot.jpg
4,0,20190717,155630,76,8,1443,518,1517,569,Jul25_0/81-20190717155630-snapshot.jpg
4,0,20190717,155630,77,2,1325,614,1406,661,Jul25_0/81-20190717155630-snapshot.jpg
4,0,20190717,155700,64,3,1595,194,1671,268,Jul25_0/81-20190717155700-snapshot.jpg
4,0,20190717,161000,35,3,1760,279,1855,341,Jul25_0/81-20190717161000-snapshot.jpg
4,0,20190717,162000,84,2,292,331,378,383,Jul25_0/81-20190717162000-snapshot.jpg
4,0,20190717,162030,79,2,1341,403,1417,451,Jul25_0/81-20190717162030-snapshot.jpg
4,0,20190717,162130,85,2,559,299,644,367,Jul25_0/81-20190717162130-snapshot.jpg
4,0,20190717,162200,84,2,289,177,374,232,Jul25_0/81-20190717162200-snapshot.jpg
4,0,20190717,162630,86,3,325,639,384,709,Jul25_0/81-20190717162630-snapshot.jpg
4,0,20190717,163530,87,3,1745,384,1838,453,Jul25_0/81-20190717163530-snapshot.jpg
4,0,20190717,163600,88,3,374,656,459,732,Jul25_0/81-20190717163600-snapshot.jpg
4,0,20190717,164100,67,2,1005,283,1088,345,Jul25_0/81-20190717164100-snapshot.jpg
4,0,20190717,164130,46,2,2,865,82,916,Jul25_0/81-20190717164130-snapshot.jpg
4,0,20190717,164130,56,2,1209,327,1271,398,Jul25_0/81-20190717164130-snapshot.jpg
4,0,20190717,164230,85,2,1113,343,1182,416,Jul25_0/81-20190717164230-snapshot.jpg
4,0,20190717,164830,86,3,1580,488,1660,540,Jul25_0/81-20190717164830-snapshot.jpg
4,0,20190717,165330,45,2,204,273,278,348,Jul25_0/81-20190717165330-snapshot.jpg
4,0,20190717,165500,33,3,1214,36,1284,101,Jul25_0/81-20190717165500-snapshot.jpg
4,0,20190717,165800,36,8,117,717,216,775,Jul25_0/81-20190717165800-snapshot.jpg
4,0,20190717,170300,34,2,1131,224,1212,278,Jul25_0/81-20190717170300-snapshot.jpg
4,0,20190717,170600,71,3,1877,320,1920,380,Jul25_0/81-20190717170600-snapshot.jpg
4,0,20190717,171130,34,2,1578,294,1631,354,Jul25_0/81-20190717171130-snapshot.jpg
4,0,20190717,171300,72,2,176,40,232,107,Jul25_0/81-20190717171300-snapshot.jpg
4,0,20190717,172030,70,2,1443,558,1498,618,Jul25_0/81-20190717172030-snapshot.jpg
4,0,20190717,172100,76,2,500,59,585,101,Jul25_0/81-20190717172100-snapshot.jpg
4,0,20190717,172230,64,2,122,243,196,309,Jul25_0/81-20190717172230-snapshot.jpg
4,0,20190717,172830,36,2,1806,290,1886,338,Jul25_0/81-20190717172830-snapshot.jpg
4,0,20190717,173030,86,3,776,430,856,493,Jul25_0/81-20190717173030-snapshot.jpg
4,0,20190717,173230,83,2,380,139,468,193,Jul25_0/81-20190717173230-snapshot.jpg
4,0,20190717,173330,72,2,1106,273,1189,335,Jul25_0/81-20190717173330-snapshot.jpg
4,0,20190717,181130,78,3,1877,318,1920,403,Jul25_0/81-20190717181130-snapshot.jpg
4,0,20190717,182330,88,8,10,221,97,300,Jul25_0/81-20190717182330-snapshot.jpg
4,0,20190717,193530,87,3,1793,305,1874,370,Jul25_0/81-20190717193530-snapshot.jpg
4,0,20190717,195300,57,8,1882,182,1919,252,Jul25_0/81-20190717195300-snapshot.jpg
4,0,20190717,201730,83,8,1196,378,1254,447,Jul25_0/81-20190717201730-snapshot.jpg
