4,0,20190830,093900,86,2,436,689,513,746,Sep06_0/05-20190830093900-snapshot.jpg
4,0,20190830,101100,86,2,496,505,555,593,Sep06_0/10-20190830101100-snapshot.jpg
4,0,20190831,201330,54,2,731,214,790,293,Sep06_0/101-20190831201330-snapshot.jpg
4,0,20190831,201400,75,2,630,702,711,770,Sep06_0/101-20190831201400-snapshot.jpg
4,0,20190830,103530,83,8,700,24,754,95,Sep06_0/12-20190830103530-snapshot.jpg
4,0,20190901,064230,68,1,1665,633,1705,670,Sep06_0/128-20190901064230-snapshot.jpg
4,0,20190901,064300,85,1,1617,772,1663,821,Sep06_0/128-20190901064300-snapshot.jpg
4,0,20190901,064330,84,1,1612,790,1658,835,Sep06_0/128-20190901064330-snapshot.jpg
4,0,20190901,064400,87,1,1542,815,1592,867,Sep06_0/128-20190901064400-snapshot.jpg
4,0,20190901,064430,77,1,1602,949,1647,993,Sep06_0/128-20190901064430-snapshot.jpg
4,0,20190901,064500,80,1,1586,744,1627,785,Sep06_0/128-20190901064500-snapshot.jpg
4,0,20190901,064530,87,1,1576,860,1624,919,Sep06_0/128-20190901064530-snapshot.jpg
4,0,20190901,064600,78,1,1593,935,1634,977,Sep06_0/128-20190901064600-snapshot.jpg
4,0,20190901,064730,85,1,1704,601,1748,641,Sep06_0/128-20190901064730-snapshot.jpg
4,0,20190901,064830,80,1,1639,608,1677,639,Sep06_0/128-20190901064830-snapshot.jpg
4,0,20190901,064900,38,1,1634,648,1672,681,Sep06_0/128-20190901064900-snapshot.jpg
4,0,20190901,064930,85,1,1557,767,1603,812,Sep06_0/128-20190901064930-snapshot.jpg
4,0,20190901,065030,85,1,1557,863,1605,918,Sep06_0/128-20190901065030-snapshot.jpg
4,0,20190901,065100,66,1,1596,921,1637,963,Sep06_0/128-20190901065100-snapshot.jpg
4,0,20190901,065130,82,1,1541,750,1584,790,Sep06_0/128-20190901065130-snapshot.jpg
4,0,20190901,065200,86,1,1543,947,1590,995,Sep06_0/128-20190901065200-snapshot.jpg
4,0,20190830,104300,84,2,141,255,196,334,Sep06_0/13-20190830104300-snapshot.jpg
4,0,20190830,105600,83,8,66,315,125,390,Sep06_0/14-20190830105600-snapshot.jpg
4,0,20190901,073630,85,2,792,963,878,1029,Sep06_0/142-20190901073630-snapshot.jpg
4,0,20190901,073700,85,2,779,979,874,1032,Sep06_0/142-20190901073700-snapshot.jpg
4,0,20190830,110200,81,2,1485,362,1562,413,Sep06_0/16-20190830110200-snapshot.jpg
4,0,20190830,110600,51,2,326,1012,383,1074,Sep06_0/18-20190830110600-snapshot.jpg
4,0,20190901,101200,81,8,1231,759,1303,816,Sep06_0/189-20190901101200-snapshot.jpg
4,0,20190830,110830,70,2,249,717,328,796,Sep06_0/19-20190830110830-snapshot.jpg
4,0,20190830,111230,83,2,1160,727,1241,792,Sep06_0/19-20190830111230-snapshot.jpg
4,0,20190830,112800,76,2,336,587,416,637,Sep06_0/21-20190830112800-snapshot.jpg
4,0,20190830,112830,84,2,536,841,618,888,Sep06_0/21-20190830112830-snapshot.jpg
4,0,20190830,113030,58,2,1466,581,1557,651,Sep06_0/21-20190830113030-snapshot.jpg
4,0,20190830,113600,84,2,436,188,511,253,Sep06_0/21-20190830113600-snapshot.jpg
4,0,20190830,113630,88,2,547,313,612,396,Sep06_0/21-20190830113630-snapshot.jpg
4,0,20190830,113700,85,2,815,922,896,980,Sep06_0/21-20190830113700-snapshot.jpg
4,0,20190830,113800,79,2,1465,586,1554,638,Sep06_0/21-20190830113800-snapshot.jpg
4,0,20190830,113800,85,2,1208,415,1279,493,Sep06_0/21-20190830113800-snapshot.jpg
4,0,20190830,113830,87,2,641,721,694,798,Sep06_0/21-20190830113830-snapshot.jpg
4,0,20190830,114230,84,2,550,804,631,858,Sep06_0/22-20190830114230-snapshot.jpg
4,0,20190830,114830,86,2,811,224,860,289,Sep06_0/22-20190830114830-snapshot.jpg
4,0,20190830,114900,75,2,1461,134,1522,202,Sep06_0/22-20190830114900-snapshot.jpg
4,0,20190830,115130,89,2,503,503,559,587,Sep06_0/22-20190830115130-snapshot.jpg
4,0,20190830,115400,85,2,651,275,727,333,Sep06_0/22-20190830115400-snapshot.jpg
4,0,20190830,115430,70,2,1256,172,1339,238,Sep06_0/22-20190830115430-snapshot.jpg
4,0,20190830,115730,80,2,244,733,319,798,Sep06_0/22-20190830115730-snapshot.jpg
4,0,20190830,115830,73,2,1427,125,1510,179,Sep06_0/22-20190830115830-snapshot.jpg
4,0,20190830,115930,79,2,1161,853,1234,931,Sep06_0/22-20190830115930-snapshot.jpg
4,0,20190830,120000,75,2,832,30,898,110,Sep06_0/22-20190830120000-snapshot.jpg
4,0,20190830,120200,79,2,1014,733,1078,794,Sep06_0/22-20190830120200-snapshot.jpg
4,0,20190830,120230,46,8,123,452,198,522,Sep06_0/22-20190830120230-snapshot.jpg
4,0,20190830,120230,87,2,592,432,671,504,Sep06_0/22-20190830120230-snapshot.jpg
4,0,20190830,120900,86,2,582,93,643,165,Sep06_0/22-20190830120900-snapshot.jpg
4,0,20190901,122700,83,2,887,99,948,170,Sep06_0/223-20190901122700-snapshot.jpg
4,0,20190901,123100,85,2,451,168,536,225,Sep06_0/224-20190901123100-snapshot.jpg
4,0,20190901,123730,84,8,1078,953,1132,1025,Sep06_0/224-20190901123730-snapshot.jpg
4,0,20190901,124200,84,8,1765,891,1860,947,Sep06_0/225-20190901124200-snapshot.jpg
4,0,20190901,130330,76,2,1846,555,1918,622,Sep06_0/227-20190901130330-snapshot.jpg
4,0,20190901,130400,86,2,601,749,654,820,Sep06_0/227-20190901130400-snapshot.jpg
4,0,20190901,130430,87,2,819,228,873,299,Sep06_0/227-20190901130430-snapshot.jpg
4,0,20190901,131700,84,8,1472,751,1553,824,Sep06_0/227-20190901131700-snapshot.jpg
4,0,20190901,131800,57,2,1456,350,1510,399,Sep06_0/227-20190901131800-snapshot.jpg
4,0,20190901,132500,82,2,955,200,1022,264,Sep06_0/227-20190901132500-snapshot.jpg
4,0,20190901,132530,80,2,628,732,679,792,Sep06_0/227-20190901132530-snapshot.jpg
4,0,20190901,132530,83,2,332,830,417,886,Sep06_0/227-20190901132530-snapshot.jpg
4,0,20190901,132700,83,8,636,713,706,768,Sep06_0/227-20190901132700-snapshot.jpg
4,0,20190901,133500,83,2,1272,515,1329,587,Sep06_0/227-20190901133500-snapshot.jpg
4,0,20190901,133830,37,8,1875,730,1919,788,Sep06_0/227-20190901133830-snapshot.jpg
4,0,20190901,134030,81,2,275,110,344,185,Sep06_0/227-20190901134030-snapshot.jpg
4,0,20190901,134200,84,2,1235,305,1310,369,Sep06_0/227-20190901134200-snapshot.jpg
4,0,20190901,134230,84,2,524,971,580,1044,Sep06_0/227-20190901134230-snapshot.jpg
4,0,20190901,134300,45,2,1178,419,1231,480,Sep06_0/227-20190901134300-snapshot.jpg
4,0,20190901,134300,64,6,1179,420,1231,478,Sep06_0/227-20190901134300-snapshot.jpg
4,0,20190901,134630,85,2,488,575,559,645,Sep06_0/227-20190901134630-snapshot.jpg
4,0,20190901,134730,73,2,748,644,802,699,Sep06_0/227-20190901134730-snapshot.jpg
4,0,20190901,135130,86,2,1184,841,1261,904,Sep06_0/227-20190901135130-snapshot.jpg
4,0,20190901,135430,62,2,918,135,972,186,Sep06_0/227-20190901135430-snapshot.jpg
4,0,20190901,135500,81,2,188,110,275,161,Sep06_0/227-20190901135500-snapshot.jpg
4,0,20190901,135530,85,2,751,629,808,693,Sep06_0/227-20190901135530-snapshot.jpg
4,0,20190901,135600,68,2,1828,577,1909,637,Sep06_0/227-20190901135600-snapshot.jpg
4,0,20190901,140830,79,2,1363,2,1445,61,Sep06_0/227-20190901140830-snapshot.jpg
4,0,20190901,140930,86,2,797,213,872,274,Sep06_0/227-20190901140930-snapshot.jpg
4,0,20190901,141000,83,2,1351,636,1429,709,Sep06_0/227-20190901141000-snapshot.jpg
4,0,20190901,141800,79,2,1482,287,1542,352,Sep06_0/228-20190901141800-snapshot.jpg
4,0,20190901,141930,85,2,362,947,452,1008,Sep06_0/228-20190901141930-snapshot.jpg
4,0,20190901,142030,77,2,1475,349,1525,409,Sep06_0/228-20190901142030-snapshot.jpg
4,0,20190901,142100,85,2,794,241,863,297,Sep06_0/228-20190901142100-snapshot.jpg
4,0,20190901,142130,83,2,157,213,213,287,Sep06_0/228-20190901142130-snapshot.jpg
4,0,20190901,142130,86,2,1054,704,1130,763,Sep06_0/228-20190901142130-snapshot.jpg
4,0,20190901,142200,85,2,667,790,752,840,Sep06_0/228-20190901142200-snapshot.jpg
4,0,20190901,142230,86,2,809,975,896,1028,Sep06_0/228-20190901142230-snapshot.jpg
4,0,20190901,142600,83,2,1281,645,1362,704,Sep06_0/228-20190901142600-snapshot.jpg
4,0,20190901,143200,57,2,859,73,919,140,Sep06_0/228-20190901143200-snapshot.jpg
4,0,20190901,143230,85,2,1598,598,1683,651,Sep06_0/228-20190901143230-snapshot.jpg
4,0,20190901,143530,80,2,532,95,598,165,Sep06_0/228-20190901143530-snapshot.jpg
4,0,20190901,143600,80,2,501,709,577,759,Sep06_0/228-20190901143600-snapshot.jpg
4,0,20190901,143600,83,2,758,277,827,341,Sep06_0/228-20190901143600-snapshot.jpg
4,0,20190901,143630,86,2,970,202,1028,272,Sep06_0/228-20190901143630-snapshot.jpg
4,0,20190901,143700,50,2,1444,346,1519,417,Sep06_0/228-20190901143700-snapshot.jpg
4,0,20190901,143730,82,2,530,515,611,567,Sep06_0/228-20190901143730-snapshot.jpg
4,0,20190901,144030,80,2,1340,637,1424,713,Sep06_0/228-20190901144030-snapshot.jpg
4,0,20190901,144300,85,2,520,511,580,577,Sep06_0/228-20190901144300-snapshot.jpg
4,0,20190901,144900,80,2,392,929,499,1031,Sep06_0/228-20190901144900-snapshot.jpg
4,0,20190901,144900,84,2,967,207,1020,272,Sep06_0/228-20190901144900-snapshot.jpg
4,0,20190901,145200,81,2,735,643,792,705,Sep06_0/228-20190901145200-snapshot.jpg
4,0,20190901,145600,83,2,1157,839,1241,889,Sep06_0/228-20190901145600-snapshot.jpg
4,0,20190901,145730,72,2,515,1008,586,1066,Sep06_0/228-20190901145730-snapshot.jpg
4,0,20190901,145830,79,2,809,649,881,706,Sep06_0/228-20190901145830-snapshot.jpg
4,0,20190901,150030,78,2,1537,77,1621,157,Sep06_0/228-20190901150030-snapshot.jpg
4,0,20190901,150030,84,2,1186,430,1240,499,Sep06_0/228-20190901150030-snapshot.jpg
4,0,20190901,150200,86,2,1397,304,1478,359,Sep06_0/228-20190901150200-snapshot.jpg
4,0,20190901,150330,87,2,792,665,881,717,Sep06_0/228-20190901150330-snapshot.jpg
4,0,20190901,150500,84,2,605,776,671,838,Sep06_0/228-20190901150500-snapshot.jpg
4,0,20190901,150530,79,2,821,124,902,180,Sep06_0/228-20190901150530-snapshot.jpg
4,0,20190901,150700,82,2,354,970,430,1038,Sep06_0/228-20190901150700-snapshot.jpg
4,0,20190901,150700,85,2,337,327,422,385,Sep06_0/228-20190901150700-snapshot.jpg
4,0,20190901,150800,73,2,302,920,363,988,Sep06_0/228-20190901150800-snapshot.jpg
4,0,20190901,150830,85,2,1619,501,1694,543,Sep06_0/228-20190901150830-snapshot.jpg
4,0,20190901,150900,83,2,903,123,981,180,Sep06_0/228-20190901150900-snapshot.jpg
4,0,20190901,151130,73,2,1168,851,1233,918,Sep06_0/228-20190901151130-snapshot.jpg
4,0,20190901,151500,73,2,258,507,320,575,Sep06_0/228-20190901151500-snapshot.jpg
4,0,20190901,151600,79,2,521,997,583,1066,Sep06_0/228-20190901151600-snapshot.jpg
4,0,20190901,151630,80,2,322,286,403,362,Sep06_0/228-20190901151630-snapshot.jpg
4,0,20190901,152100,80,2,714,793,768,865,Sep06_0/228-20190901152100-snapshot.jpg
4,0,20190901,152200,84,2,344,823,411,890,Sep06_0/228-20190901152200-snapshot.jpg
4,0,20190901,152400,87,2,393,581,456,665,Sep06_0/228-20190901152400-snapshot.jpg
4,0,20190901,152600,84,2,812,245,871,313,Sep06_0/228-20190901152600-snapshot.jpg
4,0,20190901,153030,78,2,406,994,477,1061,Sep06_0/228-20190901153030-snapshot.jpg
4,0,20190901,153230,85,2,637,782,710,847,Sep06_0/228-20190901153230-snapshot.jpg
4,0,20190901,153300,86,2,317,263,376,343,Sep06_0/228-20190901153300-snapshot.jpg
4,0,20190901,153330,55,2,1428,1,1504,65,Sep06_0/228-20190901153330-snapshot.jpg
4,0,20190901,153330,82,2,532,446,602,526,Sep06_0/228-20190901153330-snapshot.jpg
4,0,20190901,153330,84,2,1690,518,1777,565,Sep06_0/228-20190901153330-snapshot.jpg
4,0,20190901,153400,83,2,1148,462,1222,516,Sep06_0/228-20190901153400-snapshot.jpg
4,0,20190901,153630,86,2,498,666,552,739,Sep06_0/228-20190901153630-snapshot.jpg
4,0,20190901,153700,70,2,906,510,974,568,Sep06_0/228-20190901153700-snapshot.jpg
4,0,20190901,153700,81,2,856,116,932,168,Sep06_0/228-20190901153700-snapshot.jpg
4,0,20190901,153800,86,2,823,751,905,829,Sep06_0/228-20190901153800-snapshot.jpg
4,0,20190901,153830,83,2,1373,646,1464,727,Sep06_0/228-20190901153830-snapshot.jpg
4,0,20190901,154400,87,2,779,449,839,523,Sep06_0/228-20190901154400-snapshot.jpg
4,0,20190901,154500,70,2,338,804,426,853,Sep06_0/228-20190901154500-snapshot.jpg
4,0,20190901,155100,84,2,1121,756,1199,807,Sep06_0/228-20190901155100-snapshot.jpg
4,0,20190901,155330,84,2,1211,593,1291,653,Sep06_0/228-20190901155330-snapshot.jpg
4,0,20190901,155400,81,2,406,985,490,1035,Sep06_0/228-20190901155400-snapshot.jpg
4,0,20190901,155400,82,2,708,791,763,853,Sep06_0/228-20190901155400-snapshot.jpg
4,0,20190901,155430,80,2,1350,607,1425,664,Sep06_0/228-20190901155430-snapshot.jpg
4,0,20190901,155600,87,2,570,540,634,618,Sep06_0/228-20190901155600-snapshot.jpg
4,0,20190901,160230,85,2,1291,541,1346,615,Sep06_0/228-20190901160230-snapshot.jpg
4,0,20190901,160330,66,2,1474,275,1541,343,Sep06_0/228-20190901160330-snapshot.jpg
4,0,20190901,160430,84,2,606,733,673,791,Sep06_0/228-20190901160430-snapshot.jpg
4,0,20190901,160730,59,2,1348,624,1418,680,Sep06_0/228-20190901160730-snapshot.jpg
4,0,20190901,160800,85,2,948,135,1005,202,Sep06_0/228-20190901160800-snapshot.jpg
4,0,20190901,160830,78,2,633,267,697,333,Sep06_0/228-20190901160830-snapshot.jpg
4,0,20190901,161130,86,2,302,813,387,865,Sep06_0/228-20190901161130-snapshot.jpg
4,0,20190901,161230,84,2,1615,549,1693,604,Sep06_0/228-20190901161230-snapshot.jpg
4,0,20190901,161330,86,2,815,254,868,327,Sep06_0/228-20190901161330-snapshot.jpg
4,0,20190901,161430,86,2,647,750,736,802,Sep06_0/228-20190901161430-snapshot.jpg
4,0,20190901,161700,82,2,6,37,65,108,Sep06_0/228-20190901161700-snapshot.jpg
4,0,20190901,162130,82,2,1457,318,1515,387,Sep06_0/228-20190901162130-snapshot.jpg
4,0,20190901,162230,79,2,523,1014,580,1079,Sep06_0/228-20190901162230-snapshot.jpg
4,0,20190901,162400,83,2,336,310,396,382,Sep06_0/228-20190901162400-snapshot.jpg
4,0,20190901,162600,66,2,596,443,661,504,Sep06_0/228-20190901162600-snapshot.jpg
4,0,20190901,162630,84,2,264,490,341,557,Sep06_0/228-20190901162630-snapshot.jpg
4,0,20190901,162630,86,2,517,515,576,587,Sep06_0/228-20190901162630-snapshot.jpg
4,0,20190901,162700,85,2,1270,516,1322,590,Sep06_0/228-20190901162700-snapshot.jpg
4,0,20190901,162900,82,2,794,243,866,297,Sep06_0/228-20190901162900-snapshot.jpg
4,0,20190901,163030,72,2,1561,580,1625,644,Sep06_0/228-20190901163030-snapshot.jpg
4,0,20190901,163030,81,2,521,890,590,955,Sep06_0/228-20190901163030-snapshot.jpg
4,0,20190901,163100,82,2,881,101,938,174,Sep06_0/228-20190901163100-snapshot.jpg
4,0,20190901,163200,87,2,499,509,562,586,Sep06_0/228-20190901163200-snapshot.jpg
4,0,20190901,163530,78,2,113,1005,192,1052,Sep06_0/228-20190901163530-snapshot.jpg
4,0,20190901,164030,78,2,1542,42,1605,117,Sep06_0/228-20190901164030-snapshot.jpg
4,0,20190901,164430,86,2,632,705,688,780,Sep06_0/228-20190901164430-snapshot.jpg
4,0,20190901,165600,85,2,722,639,778,706,Sep06_0/228-20190901165600-snapshot.jpg
4,0,20190901,165630,86,2,736,209,797,287,Sep06_0/228-20190901165630-snapshot.jpg
4,0,20190901,165700,83,2,1473,309,1529,379,Sep06_0/228-20190901165700-snapshot.jpg
4,0,20190901,165800,88,2,1586,439,1664,511,Sep06_0/228-20190901165800-snapshot.jpg
4,0,20190901,170500,84,2,724,423,798,497,Sep06_0/228-20190901170500-snapshot.jpg
4,0,20190901,170530,87,2,923,609,1015,663,Sep06_0/228-20190901170530-snapshot.jpg
4,0,20190901,171300,87,2,325,333,405,392,Sep06_0/228-20190901171300-snapshot.jpg
4,0,20190901,171630,85,2,734,634,801,705,Sep06_0/228-20190901171630-snapshot.jpg
4,0,20190901,171700,80,2,84,993,143,1060,Sep06_0/228-20190901171700-snapshot.jpg
4,0,20190901,171730,82,2,1270,523,1324,583,Sep06_0/228-20190901171730-snapshot.jpg
4,0,20190901,172700,80,2,420,638,482,716,Sep06_0/228-20190901172700-snapshot.jpg
4,0,20190901,173530,77,2,124,175,211,242,Sep06_0/229-20190901173530-snapshot.jpg
4,0,20190901,173530,78,2,354,471,426,527,Sep06_0/229-20190901173530-snapshot.jpg
4,0,20190901,173800,84,2,1182,415,1236,484,Sep06_0/229-20190901173800-snapshot.jpg
4,0,20190901,173830,79,2,927,127,983,188,Sep06_0/229-20190901173830-snapshot.jpg
4,0,20190901,173900,79,2,412,999,495,1056,Sep06_0/229-20190901173900-snapshot.jpg
4,0,20190901,173930,84,2,351,800,411,871,Sep06_0/229-20190901173930-snapshot.jpg
4,0,20190901,174100,88,2,526,506,615,559,Sep06_0/229-20190901174100-snapshot.jpg
4,0,20190901,174300,83,2,1058,715,1115,781,Sep06_0/229-20190901174300-snapshot.jpg
4,0,20190901,174300,87,2,327,327,420,383,Sep06_0/229-20190901174300-snapshot.jpg
4,0,20190901,175100,75,8,125,170,208,243,Sep06_0/229-20190901175100-snapshot.jpg
4,0,20190901,175130,85,2,817,227,880,292,Sep06_0/229-20190901175130-snapshot.jpg
4,0,20190901,175200,54,2,715,805,781,865,Sep06_0/229-20190901175200-snapshot.jpg
4,0,20190830,121400,67,2,574,320,655,398,Sep06_0/23-20190830121400-snapshot.jpg
4,0,20190830,121900,82,2,1133,540,1218,592,Sep06_0/23-20190830121900-snapshot.jpg
4,0,20190830,122130,84,8,656,693,707,768,Sep06_0/23-20190830122130-snapshot.jpg
4,0,20190830,122130,88,2,1249,493,1307,575,Sep06_0/23-20190830122130-snapshot.jpg
4,0,20190830,122230,67,8,451,846,529,893,Sep06_0/23-20190830122230-snapshot.jpg
4,0,20190901,175330,87,2,1186,306,1243,380,Sep06_0/230-20190901175330-snapshot.jpg
4,0,20190901,175400,84,2,521,92,588,161,Sep06_0/230-20190901175400-snapshot.jpg
4,0,20190901,180100,82,2,418,582,481,657,Sep06_0/231-20190901180100-snapshot.jpg
4,0,20190901,180730,83,2,818,116,899,181,Sep06_0/231-20190901180730-snapshot.jpg
4,0,20190901,181630,86,2,519,706,586,773,Sep06_0/231-20190901181630-snapshot.jpg
4,0,20190901,182100,84,2,557,111,615,187,Sep06_0/231-20190901182100-snapshot.jpg
4,0,20190901,182430,83,8,1095,590,1168,648,Sep06_0/232-20190901182430-snapshot.jpg
4,0,20190901,182700,80,8,1292,701,1369,763,Sep06_0/232-20190901182700-snapshot.jpg
4,0,20190901,182830,78,2,1475,313,1533,380,Sep06_0/232-20190901182830-snapshot.jpg
4,0,20190901,182900,52,2,496,545,554,613,Sep06_0/232-20190901182900-snapshot.jpg
4,0,20190901,183830,83,2,131,187,213,243,Sep06_0/234-20190901183830-snapshot.jpg
4,0,20190901,185100,64,2,229,0,306,61,Sep06_0/237-20190901185100-snapshot.jpg
4,0,20190901,185600,82,2,318,538,408,595,Sep06_0/237-20190901185600-snapshot.jpg
4,0,20190901,185700,76,2,146,143,232,216,Sep06_0/237-20190901185700-snapshot.jpg
4,0,20190901,185730,76,2,566,783,651,851,Sep06_0/237-20190901185730-snapshot.jpg
4,0,20190901,185830,77,2,394,627,475,696,Sep06_0/237-20190901185830-snapshot.jpg
4,0,20190901,191400,63,2,486,1029,557,1078,Sep06_0/238-20190901191400-snapshot.jpg
4,0,20190901,192630,81,2,580,728,675,780,Sep06_0/239-20190901192630-snapshot.jpg
4,0,20190901,192700,81,2,968,190,1047,262,Sep06_0/239-20190901192700-snapshot.jpg
4,0,20190901,192700,81,2,429,664,487,750,Sep06_0/239-20190901192700-snapshot.jpg
4,0,20190901,193400,81,2,849,92,906,165,Sep06_0/240-20190901193400-snapshot.jpg
4,0,20190901,193430,85,2,618,774,693,827,Sep06_0/240-20190901193430-snapshot.jpg
4,0,20190901,193500,86,2,583,178,669,243,Sep06_0/240-20190901193500-snapshot.jpg
4,0,20190901,193600,83,2,1383,637,1473,699,Sep06_0/240-20190901193600-snapshot.jpg
4,0,20190901,193630,74,2,565,882,614,939,Sep06_0/240-20190901193630-snapshot.jpg
4,0,20190901,193730,88,2,744,564,837,624,Sep06_0/240-20190901193730-snapshot.jpg
4,0,20190901,194100,84,8,1467,365,1514,434,Sep06_0/241-20190901194100-snapshot.jpg
4,0,20190901,194130,77,8,1299,757,1380,816,Sep06_0/241-20190901194130-snapshot.jpg
4,0,20190901,194200,27,2,1304,770,1364,830,Sep06_0/241-20190901194200-snapshot.jpg
4,0,20190901,194230,30,8,1309,794,1382,839,Sep06_0/241-20190901194230-snapshot.jpg
4,0,20190830,123230,85,2,424,633,512,695,Sep06_0/25-20190830123230-snapshot.jpg
4,0,20190830,123400,25,2,320,235,374,308,Sep06_0/25-20190830123400-snapshot.jpg
4,0,20190830,123630,87,2,572,823,623,893,Sep06_0/25-20190830123630-snapshot.jpg
4,0,20190830,123700,84,2,380,970,461,1039,Sep06_0/25-20190830123700-snapshot.jpg
4,0,20190830,123900,62,2,505,309,587,388,Sep06_0/25-20190830123900-snapshot.jpg
4,0,20190830,124000,85,2,734,781,810,851,Sep06_0/25-20190830124000-snapshot.jpg
4,0,20190830,124030,87,2,1105,399,1157,477,Sep06_0/25-20190830124030-snapshot.jpg
4,0,20190830,124100,86,2,548,847,628,901,Sep06_0/25-20190830124100-snapshot.jpg
4,0,20190830,124230,84,2,1574,558,1659,615,Sep06_0/25-20190830124230-snapshot.jpg
4,0,20190830,124330,78,2,1372,643,1461,731,Sep06_0/25-20190830124330-snapshot.jpg
4,0,20190830,124900,84,2,1466,321,1555,368,Sep06_0/25-20190830124900-snapshot.jpg
4,0,20190830,125100,85,2,800,630,851,703,Sep06_0/25-20190830125100-snapshot.jpg
4,0,20190830,125130,87,2,669,687,743,743,Sep06_0/25-20190830125130-snapshot.jpg
4,0,20190830,130000,75,2,1389,594,1457,659,Sep06_0/25-20190830130000-snapshot.jpg
4,0,20190830,130000,86,2,266,167,326,248,Sep06_0/25-20190830130000-snapshot.jpg
4,0,20190830,130100,84,2,1125,739,1204,783,Sep06_0/25-20190830130100-snapshot.jpg
4,0,20190830,130230,86,2,1583,444,1663,507,Sep06_0/25-20190830130230-snapshot.jpg
4,0,20190830,130300,81,2,1117,481,1170,550,Sep06_0/25-20190830130300-snapshot.jpg
4,0,20190830,130400,61,2,1470,248,1537,312,Sep06_0/25-20190830130400-snapshot.jpg
4,0,20190830,130700,71,2,1224,879,1311,963,Sep06_0/25-20190830130700-snapshot.jpg
4,0,20190830,130700,85,2,489,485,571,555,Sep06_0/25-20190830130700-snapshot.jpg
4,0,20190830,130730,84,8,801,481,886,543,Sep06_0/25-20190830130730-snapshot.jpg
4,0,20190830,130800,84,2,408,679,484,737,Sep06_0/25-20190830130800-snapshot.jpg
4,0,20190830,130930,81,2,1429,153,1493,221,Sep06_0/25-20190830130930-snapshot.jpg
4,0,20190830,131400,76,2,233,0,318,74,Sep06_0/25-20190830131400-snapshot.jpg
4,0,20190830,131400,84,2,310,978,399,1027,Sep06_0/25-20190830131400-snapshot.jpg
4,0,20190830,131530,84,2,390,1003,472,1054,Sep06_0/25-20190830131530-snapshot.jpg
4,0,20190830,132130,83,2,746,524,830,578,Sep06_0/25-20190830132130-snapshot.jpg
4,0,20190830,132200,84,2,1464,115,1522,182,Sep06_0/25-20190830132200-snapshot.jpg
4,0,20190830,132300,88,2,1131,532,1189,615,Sep06_0/25-20190830132300-snapshot.jpg
4,0,20190830,132330,84,2,1125,775,1202,834,Sep06_0/25-20190830132330-snapshot.jpg
4,0,20190830,132400,73,2,825,18,906,79,Sep06_0/25-20190830132400-snapshot.jpg
4,0,20190830,132430,86,2,547,386,626,442,Sep06_0/25-20190830132430-snapshot.jpg
4,0,20190830,132730,71,2,1267,867,1339,935,Sep06_0/25-20190830132730-snapshot.jpg
4,0,20190830,132800,81,2,471,515,547,583,Sep06_0/25-20190830132800-snapshot.jpg
4,0,20190830,132830,79,2,621,781,675,843,Sep06_0/25-20190830132830-snapshot.jpg
4,0,20190830,132930,70,2,818,21,897,93,Sep06_0/25-20190830132930-snapshot.jpg
4,0,20190830,133000,82,2,636,695,711,745,Sep06_0/25-20190830133000-snapshot.jpg
4,0,20190830,133030,71,2,466,915,533,961,Sep06_0/25-20190830133030-snapshot.jpg
4,0,20190830,133100,81,2,1605,450,1677,518,Sep06_0/25-20190830133100-snapshot.jpg
4,0,20190830,133130,79,2,1389,56,1459,130,Sep06_0/25-20190830133130-snapshot.jpg
4,0,20190830,133130,84,2,792,293,850,368,Sep06_0/25-20190830133130-snapshot.jpg
4,0,20190830,133200,75,2,1098,408,1157,475,Sep06_0/25-20190830133200-snapshot.jpg
4,0,20190830,133200,78,2,1186,722,1260,775,Sep06_0/25-20190830133200-snapshot.jpg
4,0,20190830,133300,80,2,473,180,530,245,Sep06_0/25-20190830133300-snapshot.jpg
4,0,20190830,133330,81,2,741,31,804,111,Sep06_0/25-20190830133330-snapshot.jpg
4,0,20190830,133500,88,2,1448,575,1542,633,Sep06_0/25-20190830133500-snapshot.jpg
4,0,20190830,133600,79,2,429,707,490,787,Sep06_0/25-20190830133600-snapshot.jpg
4,0,20190830,134000,81,2,603,353,681,407,Sep06_0/25-20190830134000-snapshot.jpg
4,0,20190830,134030,85,2,461,220,517,297,Sep06_0/25-20190830134030-snapshot.jpg
4,0,20190830,134100,72,2,1379,76,1448,146,Sep06_0/25-20190830134100-snapshot.jpg
4,0,20190830,134100,83,2,1693,499,1778,560,Sep06_0/25-20190830134100-snapshot.jpg
4,0,20190830,134100,88,2,1100,566,1162,642,Sep06_0/25-20190830134100-snapshot.jpg
4,0,20190830,134600,79,2,1450,116,1508,180,Sep06_0/25-20190830134600-snapshot.jpg
4,0,20190830,134730,66,2,1886,769,1920,815,Sep06_0/25-20190830134730-snapshot.jpg
4,0,20190830,134800,82,2,1301,574,1376,627,Sep06_0/25-20190830134800-snapshot.jpg
4,0,20190830,134830,83,2,469,736,535,793,Sep06_0/25-20190830134830-snapshot.jpg
4,0,20190830,134900,85,2,533,798,599,863,Sep06_0/25-20190830134900-snapshot.jpg
4,0,20190830,134930,87,2,128,263,190,339,Sep06_0/25-20190830134930-snapshot.jpg
4,0,20190830,135030,75,2,953,370,1013,431,Sep06_0/25-20190830135030-snapshot.jpg
4,0,20190830,135100,80,2,823,924,901,981,Sep06_0/25-20190830135100-snapshot.jpg
4,0,20190830,135630,70,2,1460,100,1524,162,Sep06_0/25-20190830135630-snapshot.jpg
4,0,20190830,135630,84,2,1568,443,1640,514,Sep06_0/25-20190830135630-snapshot.jpg
4,0,20190830,135700,86,2,1182,538,1240,613,Sep06_0/25-20190830135700-snapshot.jpg
4,0,20190830,135730,72,2,1217,871,1291,936,Sep06_0/25-20190830135730-snapshot.jpg
4,0,20190830,135730,84,2,517,891,591,942,Sep06_0/25-20190830135730-snapshot.jpg
4,0,20190830,135800,77,2,823,920,906,972,Sep06_0/25-20190830135800-snapshot.jpg
4,0,20190830,135830,64,2,1375,150,1455,209,Sep06_0/25-20190830135830-snapshot.jpg
4,0,20190830,135830,81,2,543,407,604,482,Sep06_0/25-20190830135830-snapshot.jpg
4,0,20190830,140000,44,2,1384,1,1459,51,Sep06_0/25-20190830140000-snapshot.jpg
4,0,20190830,140130,82,2,807,606,864,670,Sep06_0/25-20190830140130-snapshot.jpg
4,0,20190830,140300,67,2,331,989,391,1055,Sep06_0/25-20190830140300-snapshot.jpg
4,0,20190830,140530,85,2,347,567,406,638,Sep06_0/25-20190830140530-snapshot.jpg
4,0,20190830,140600,83,2,1011,541,1100,613,Sep06_0/25-20190830140600-snapshot.jpg
4,0,20190830,140630,75,2,821,34,913,111,Sep06_0/25-20190830140630-snapshot.jpg
4,0,20190830,140630,83,2,603,775,665,827,Sep06_0/25-20190830140630-snapshot.jpg
4,0,20190830,140830,86,2,813,248,869,319,Sep06_0/25-20190830140830-snapshot.jpg
4,0,20190830,140900,80,2,686,792,762,843,Sep06_0/25-20190830140900-snapshot.jpg
4,0,20190830,140930,85,2,395,194,480,248,Sep06_0/25-20190830140930-snapshot.jpg
4,0,20190830,140930,87,2,1501,554,1582,627,Sep06_0/25-20190830140930-snapshot.jpg
4,0,20190830,140930,87,2,643,602,694,680,Sep06_0/25-20190830140930-snapshot.jpg
4,0,20190830,141000,52,2,1699,4,1779,56,Sep06_0/25-20190830141000-snapshot.jpg
4,0,20190830,141200,87,2,1544,497,1620,575,Sep06_0/25-20190830141200-snapshot.jpg
4,0,20190830,141230,81,2,806,768,869,834,Sep06_0/25-20190830141230-snapshot.jpg
4,0,20190830,141230,86,2,557,108,616,181,Sep06_0/25-20190830141230-snapshot.jpg
4,0,20190830,141300,85,2,1232,413,1286,490,Sep06_0/25-20190830141300-snapshot.jpg
4,0,20190830,141330,84,2,1221,767,1293,831,Sep06_0/25-20190830141330-snapshot.jpg
4,0,20190830,141500,85,2,463,837,553,889,Sep06_0/25-20190830141500-snapshot.jpg
4,0,20190830,141630,82,2,872,934,928,1006,Sep06_0/25-20190830141630-snapshot.jpg
4,0,20190830,141730,86,2,809,615,876,685,Sep06_0/25-20190830141730-snapshot.jpg
4,0,20190830,141830,86,2,1149,702,1228,752,Sep06_0/25-20190830141830-snapshot.jpg
4,0,20190830,142000,77,2,1381,593,1460,656,Sep06_0/25-20190830142000-snapshot.jpg
4,0,20190830,142200,85,2,625,785,688,853,Sep06_0/25-20190830142200-snapshot.jpg
4,0,20190830,142230,89,2,461,662,514,742,Sep06_0/25-20190830142230-snapshot.jpg
4,0,20190830,142330,76,2,1477,340,1550,401,Sep06_0/25-20190830142330-snapshot.jpg
4,0,20190830,142400,87,2,556,88,618,169,Sep06_0/25-20190830142400-snapshot.jpg
4,0,20190830,142430,68,2,1786,821,1873,889,Sep06_0/25-20190830142430-snapshot.jpg
4,0,20190830,142500,83,2,481,191,534,258,Sep06_0/25-20190830142500-snapshot.jpg
4,0,20190830,142530,87,2,715,397,797,454,Sep06_0/25-20190830142530-snapshot.jpg
4,0,20190830,142600,73,2,1371,131,1464,185,Sep06_0/25-20190830142600-snapshot.jpg
4,0,20190830,142600,88,2,1671,732,1763,830,Sep06_0/25-20190830142600-snapshot.jpg
4,0,20190830,142830,61,2,934,1,1009,52,Sep06_0/26-20190830142830-snapshot.jpg
4,0,20190830,142930,80,2,1462,266,1534,319,Sep06_0/26-20190830142930-snapshot.jpg
4,0,20190830,143030,84,2,636,782,692,843,Sep06_0/26-20190830143030-snapshot.jpg
4,0,20190830,143100,74,2,1355,0,1449,86,Sep06_0/26-20190830143100-snapshot.jpg
4,0,20190830,143100,82,8,75,479,156,549,Sep06_0/26-20190830143100-snapshot.jpg
4,0,20190830,143300,82,2,915,475,995,534,Sep06_0/26-20190830143300-snapshot.jpg
4,0,20190830,143430,75,2,1475,98,1547,154,Sep06_0/26-20190830143430-snapshot.jpg
4,0,20190830,143800,86,8,800,376,872,438,Sep06_0/26-20190830143800-snapshot.jpg
4,0,20190830,143930,84,2,1042,443,1096,511,Sep06_0/26-20190830143930-snapshot.jpg
4,0,20190830,144030,72,2,1052,587,1122,647,Sep06_0/26-20190830144030-snapshot.jpg
4,0,20190830,144530,81,2,1356,76,1416,148,Sep06_0/26-20190830144530-snapshot.jpg
4,0,20190830,144630,82,8,1343,995,1427,1052,Sep06_0/26-20190830144630-snapshot.jpg
4,0,20190830,144630,83,2,608,172,666,242,Sep06_0/26-20190830144630-snapshot.jpg
4,0,20190830,145100,77,2,710,790,786,843,Sep06_0/26-20190830145100-snapshot.jpg
4,0,20190830,145130,84,2,652,75,736,133,Sep06_0/26-20190830145130-snapshot.jpg
4,0,20190830,145130,85,2,513,513,567,589,Sep06_0/26-20190830145130-snapshot.jpg
4,0,20190830,145200,86,2,581,825,634,896,Sep06_0/26-20190830145200-snapshot.jpg
4,0,20190830,145200,86,2,631,269,706,327,Sep06_0/26-20190830145200-snapshot.jpg
4,0,20190830,145230,71,2,304,1006,384,1056,Sep06_0/26-20190830145230-snapshot.jpg
4,0,20190830,145230,71,2,129,144,219,211,Sep06_0/26-20190830145230-snapshot.jpg
4,0,20190830,150030,42,2,829,943,901,996,Sep06_0/26-20190830150030-snapshot.jpg
4,0,20190830,150430,77,2,568,326,626,389,Sep06_0/26-20190830150430-snapshot.jpg
4,0,20190830,150500,81,2,653,623,707,687,Sep06_0/26-20190830150500-snapshot.jpg
4,0,20190830,150530,71,2,1432,601,1525,670,Sep06_0/26-20190830150530-snapshot.jpg
4,0,20190830,150600,84,2,1552,500,1637,555,Sep06_0/26-20190830150600-snapshot.jpg
4,0,20190830,150900,84,2,1347,816,1425,884,Sep06_0/26-20190830150900-snapshot.jpg
4,0,20190830,151400,87,2,494,134,559,212,Sep06_0/26-20190830151400-snapshot.jpg
4,0,20190830,151430,74,2,308,894,386,956,Sep06_0/26-20190830151430-snapshot.jpg
4,0,20190830,152230,82,2,133,184,192,254,Sep06_0/26-20190830152230-snapshot.jpg
4,0,20190830,152500,86,2,482,190,560,250,Sep06_0/26-20190830152500-snapshot.jpg
4,0,20190830,152530,81,2,505,877,583,935,Sep06_0/26-20190830152530-snapshot.jpg
4,0,20190830,152800,51,8,1725,168,1803,220,Sep06_0/26-20190830152800-snapshot.jpg
4,0,20190830,152830,38,8,1724,167,1803,219,Sep06_0/26-20190830152830-snapshot.jpg
4,0,20190830,153130,75,2,418,725,499,795,Sep06_0/26-20190830153130-snapshot.jpg
4,0,20190830,153200,76,2,843,17,911,87,Sep06_0/26-20190830153200-snapshot.jpg
4,0,20190830,153900,87,2,1250,799,1331,860,Sep06_0/26-20190830153900-snapshot.jpg
4,0,20190830,154000,85,2,1147,379,1201,455,Sep06_0/26-20190830154000-snapshot.jpg
4,0,20190830,154030,76,2,1157,465,1232,518,Sep06_0/26-20190830154030-snapshot.jpg
4,0,20190830,154100,53,2,843,581,907,645,Sep06_0/26-20190830154100-snapshot.jpg
4,0,20190830,154130,85,2,1636,472,1727,527,Sep06_0/26-20190830154130-snapshot.jpg
4,0,20190830,154230,79,2,1744,13,1833,88,Sep06_0/26-20190830154230-snapshot.jpg
4,0,20190830,154330,84,2,139,208,195,276,Sep06_0/26-20190830154330-snapshot.jpg
4,0,20190830,154700,86,2,449,784,508,855,Sep06_0/26-20190830154700-snapshot.jpg
4,0,20190830,155030,73,2,462,438,538,495,Sep06_0/26-20190830155030-snapshot.jpg
4,0,20190830,160030,57,2,1767,3,1846,60,Sep06_0/26-20190830160030-snapshot.jpg
4,0,20190830,160130,87,2,450,186,533,247,Sep06_0/26-20190830160130-snapshot.jpg
4,0,20190830,160230,82,2,1460,584,1545,654,Sep06_0/26-20190830160230-snapshot.jpg
4,0,20190830,160330,83,2,1161,796,1242,845,Sep06_0/26-20190830160330-snapshot.jpg
4,0,20190830,160330,84,2,1524,112,1583,189,Sep06_0/26-20190830160330-snapshot.jpg
4,0,20190830,160600,84,2,448,708,539,760,Sep06_0/26-20190830160600-snapshot.jpg
4,0,20190830,161100,84,2,776,544,832,616,Sep06_0/27-20190830161100-snapshot.jpg
4,0,20190830,161200,73,2,812,19,892,77,Sep06_0/27-20190830161200-snapshot.jpg
4,0,20190830,161330,85,2,1567,436,1665,499,Sep06_0/27-20190830161330-snapshot.jpg
4,0,20190830,161700,79,2,714,790,789,843,Sep06_0/27-20190830161700-snapshot.jpg
4,0,20190830,161700,86,2,843,824,937,897,Sep06_0/27-20190830161700-snapshot.jpg
4,0,20190830,162030,85,2,727,782,792,849,Sep06_0/27-20190830162030-snapshot.jpg
4,0,20190830,162100,84,2,993,754,1062,812,Sep06_0/27-20190830162100-snapshot.jpg
4,0,20190830,162100,86,2,1298,505,1354,576,Sep06_0/27-20190830162100-snapshot.jpg
4,0,20190830,162130,87,2,986,573,1042,646,Sep06_0/27-20190830162130-snapshot.jpg
4,0,20190830,162200,85,2,623,281,697,342,Sep06_0/27-20190830162200-snapshot.jpg
4,0,20190830,162530,85,2,176,103,236,177,Sep06_0/27-20190830162530-snapshot.jpg
4,0,20190830,162600,86,2,587,425,663,491,Sep06_0/27-20190830162600-snapshot.jpg
4,0,20190830,162830,77,2,1396,144,1475,209,Sep06_0/27-20190830162830-snapshot.jpg
4,0,20190830,162900,73,2,1198,701,1269,763,Sep06_0/27-20190830162900-snapshot.jpg
4,0,20190830,163330,70,4,1604,461,1662,519,Sep06_0/27-20190830163330-snapshot.jpg
4,0,20190830,163400,87,4,1100,747,1189,810,Sep06_0/27-20190830163400-snapshot.jpg
4,0,20190830,163600,86,2,520,343,582,420,Sep06_0/27-20190830163600-snapshot.jpg
4,0,20190830,163930,85,2,63,947,142,1008,Sep06_0/27-20190830163930-snapshot.jpg
4,0,20190830,164030,82,2,459,649,514,710,Sep06_0/27-20190830164030-snapshot.jpg
4,0,20190830,164230,87,2,948,934,1041,988,Sep06_0/27-20190830164230-snapshot.jpg
4,0,20190830,164430,85,2,533,809,612,857,Sep06_0/27-20190830164430-snapshot.jpg
4,0,20190830,165330,76,2,440,1025,515,1078,Sep06_0/27-20190830165330-snapshot.jpg
4,0,20190830,165600,87,4,580,450,667,526,Sep06_0/27-20190830165600-snapshot.jpg
4,0,20190830,165800,76,2,705,788,785,855,Sep06_0/27-20190830165800-snapshot.jpg
4,0,20190830,165830,85,2,12,900,98,968,Sep06_0/27-20190830165830-snapshot.jpg
4,0,20190830,170030,83,2,433,395,490,465,Sep06_0/27-20190830170030-snapshot.jpg
4,0,20190830,170430,88,2,1346,269,1399,345,Sep06_0/28-20190830170430-snapshot.jpg
4,0,20190830,170500,83,2,1274,621,1337,686,Sep06_0/28-20190830170500-snapshot.jpg
4,0,20190830,170500,84,2,109,236,176,310,Sep06_0/28-20190830170500-snapshot.jpg
4,0,20190830,170530,80,2,815,778,881,840,Sep06_0/28-20190830170530-snapshot.jpg
4,0,20190830,170530,80,2,1451,122,1515,186,Sep06_0/28-20190830170530-snapshot.jpg
4,0,20190830,170530,84,2,645,683,699,752,Sep06_0/28-20190830170530-snapshot.jpg
4,0,20190830,170900,67,2,375,261,437,315,Sep06_0/28-20190830170900-snapshot.jpg
4,0,20190830,171500,83,2,1217,617,1292,667,Sep06_0/28-20190830171500-snapshot.jpg
4,0,20190830,171530,89,2,887,593,970,662,Sep06_0/28-20190830171530-snapshot.jpg
4,0,20190830,171930,84,2,429,200,514,258,Sep06_0/28-20190830171930-snapshot.jpg
4,0,20190830,172000,78,2,429,932,509,987,Sep06_0/28-20190830172000-snapshot.jpg
4,0,20190830,172030,86,2,636,667,690,735,Sep06_0/28-20190830172030-snapshot.jpg
4,0,20190830,172300,75,2,1160,827,1237,882,Sep06_0/28-20190830172300-snapshot.jpg
4,0,20190830,172700,87,2,1151,569,1210,650,Sep06_0/28-20190830172700-snapshot.jpg
4,0,20190830,172930,85,2,773,743,849,811,Sep06_0/28-20190830172930-snapshot.jpg
4,0,20190830,173000,86,2,456,641,512,715,Sep06_0/28-20190830173000-snapshot.jpg
4,0,20190830,173030,75,2,473,496,537,550,Sep06_0/28-20190830173030-snapshot.jpg
4,0,20190830,173830,69,2,1801,826,1864,881,Sep06_0/28-20190830173830-snapshot.jpg
4,0,20190830,173900,81,2,1305,560,1379,625,Sep06_0/28-20190830173900-snapshot.jpg
4,0,20190830,173900,82,2,511,449,592,504,Sep06_0/28-20190830173900-snapshot.jpg
4,0,20190830,173930,82,2,285,210,366,265,Sep06_0/28-20190830173930-snapshot.jpg
4,0,20190830,174100,82,2,1342,299,1401,354,Sep06_0/28-20190830174100-snapshot.jpg
4,0,20190830,174100,83,2,360,979,439,1028,Sep06_0/28-20190830174100-snapshot.jpg
4,0,20190830,174200,75,2,815,55,887,127,Sep06_0/28-20190830174200-snapshot.jpg
4,0,20190830,174230,85,2,263,738,349,797,Sep06_0/28-20190830174230-snapshot.jpg
4,0,20190830,174300,81,2,356,934,431,1017,Sep06_0/28-20190830174300-snapshot.jpg
4,0,20190830,174300,85,2,139,197,197,273,Sep06_0/28-20190830174300-snapshot.jpg
4,0,20190830,174330,85,2,947,396,1009,471,Sep06_0/28-20190830174330-snapshot.jpg
4,0,20190830,174400,75,2,1159,819,1232,866,Sep06_0/28-20190830174400-snapshot.jpg
4,0,20190830,174730,85,2,836,953,914,1024,Sep06_0/28-20190830174730-snapshot.jpg
4,0,20190830,174800,84,2,427,393,483,464,Sep06_0/28-20190830174800-snapshot.jpg
4,0,20190830,174830,66,2,440,677,496,737,Sep06_0/28-20190830174830-snapshot.jpg
4,0,20190830,174830,82,2,1572,446,1631,516,Sep06_0/28-20190830174830-snapshot.jpg
4,0,20190830,174900,75,2,745,540,821,593,Sep06_0/28-20190830174900-snapshot.jpg
4,0,20190830,175400,84,2,1426,253,1506,309,Sep06_0/28-20190830175400-snapshot.jpg
4,0,20190830,180230,88,2,582,193,659,256,Sep06_0/28-20190830180230-snapshot.jpg
4,0,20190830,180330,69,2,1431,151,1506,213,Sep06_0/28-20190830180330-snapshot.jpg
4,0,20190830,180500,82,2,944,805,1021,858,Sep06_0/28-20190830180500-snapshot.jpg
4,0,20190830,180530,85,2,1178,711,1237,782,Sep06_0/28-20190830180530-snapshot.jpg
4,0,20190830,180700,85,2,1432,602,1510,663,Sep06_0/28-20190830180700-snapshot.jpg
4,0,20190830,180830,81,2,1574,462,1632,533,Sep06_0/28-20190830180830-snapshot.jpg
4,0,20190830,181330,87,2,706,420,763,504,Sep06_0/28-20190830181330-snapshot.jpg
4,0,20190830,181500,76,2,1244,872,1303,939,Sep06_0/28-20190830181500-snapshot.jpg
4,0,20190830,181530,81,2,621,428,674,505,Sep06_0/28-20190830181530-snapshot.jpg
4,0,20190830,181730,87,2,116,259,194,335,Sep06_0/28-20190830181730-snapshot.jpg
4,0,20190830,181800,83,2,982,324,1063,385,Sep06_0/28-20190830181800-snapshot.jpg
4,0,20190830,181900,86,2,941,337,996,407,Sep06_0/28-20190830181900-snapshot.jpg
4,0,20190830,182230,69,2,467,932,548,995,Sep06_0/28-20190830182230-snapshot.jpg
4,0,20190830,182600,83,2,1293,566,1362,629,Sep06_0/28-20190830182600-snapshot.jpg
4,0,20190830,182630,85,2,1427,601,1513,666,Sep06_0/28-20190830182630-snapshot.jpg
4,0,20190830,182830,80,2,73,947,156,993,Sep06_0/28-20190830182830-snapshot.jpg
4,0,20190830,184030,54,2,894,1,963,60,Sep06_0/28-20190830184030-snapshot.jpg
4,0,20190830,184100,83,2,1235,631,1320,676,Sep06_0/28-20190830184100-snapshot.jpg
4,0,20190830,184530,86,2,577,797,631,867,Sep06_0/28-20190830184530-snapshot.jpg
4,0,20190830,184630,86,2,1477,579,1567,625,Sep06_0/28-20190830184630-snapshot.jpg
4,0,20190830,190030,76,2,1459,228,1517,297,Sep06_0/28-20190830190030-snapshot.jpg
4,0,20190830,190100,88,2,798,233,849,305,Sep06_0/28-20190830190100-snapshot.jpg
4,0,20190830,190200,85,8,1165,691,1217,767,Sep06_0/28-20190830190200-snapshot.jpg
4,0,20190830,191200,85,2,1185,620,1273,664,Sep06_0/28-20190830191200-snapshot.jpg
4,0,20190830,191500,80,2,1443,601,1538,652,Sep06_0/28-20190830191500-snapshot.jpg
4,0,20190830,191630,84,2,1472,141,1553,193,Sep06_0/29-20190830191630-snapshot.jpg
4,0,20190830,192300,40,2,401,632,476,704,Sep06_0/29-20190830192300-snapshot.jpg
4,0,20190830,192330,85,2,800,622,879,685,Sep06_0/29-20190830192330-snapshot.jpg
4,0,20190830,192400,86,2,383,978,440,1048,Sep06_0/29-20190830192400-snapshot.jpg
4,0,20190830,192430,80,2,703,771,779,837,Sep06_0/29-20190830192430-snapshot.jpg
4,0,20190902,100900,49,8,2,980,87,1036,Sep06_0/308-20190902100900-snapshot.jpg
4,0,20190902,102000,76,2,370,987,445,1048,Sep06_0/308-20190902102000-snapshot.jpg
4,0,20190902,102800,79,2,12,979,101,1043,Sep06_0/308-20190902102800-snapshot.jpg
4,0,20190902,104600,86,2,1412,281,1465,355,Sep06_0/308-20190902104600-snapshot.jpg
4,0,20190902,105600,86,2,505,713,579,777,Sep06_0/308-20190902105600-snapshot.jpg
4,0,20190902,111030,82,2,307,507,372,580,Sep06_0/308-20190902111030-snapshot.jpg
4,0,20190902,111900,39,8,7,980,91,1034,Sep06_0/308-20190902111900-snapshot.jpg
4,0,20190902,112200,31,8,7,980,92,1036,Sep06_0/308-20190902112200-snapshot.jpg
4,0,20190902,112300,44,8,4,981,93,1037,Sep06_0/308-20190902112300-snapshot.jpg
4,0,20190902,112730,71,2,1452,347,1519,407,Sep06_0/308-20190902112730-snapshot.jpg
4,0,20190902,112830,29,8,7,979,94,1035,Sep06_0/308-20190902112830-snapshot.jpg
4,0,20190902,112930,37,8,6,979,93,1035,Sep06_0/308-20190902112930-snapshot.jpg
4,0,20190902,113000,50,8,6,980,91,1034,Sep06_0/308-20190902113000-snapshot.jpg
4,0,20190902,113030,31,8,7,981,93,1037,Sep06_0/308-20190902113030-snapshot.jpg
4,0,20190902,113100,58,8,7,980,91,1034,Sep06_0/308-20190902113100-snapshot.jpg
4,0,20190902,113230,42,8,4,981,92,1038,Sep06_0/308-20190902113230-snapshot.jpg
4,0,20190902,113330,73,8,7,982,91,1036,Sep06_0/308-20190902113330-snapshot.jpg
4,0,20190902,114800,83,2,1436,303,1495,380,Sep06_0/309-20190902114800-snapshot.jpg
4,0,20190902,115630,79,2,937,190,1014,251,Sep06_0/309-20190902115630-snapshot.jpg
4,0,20190902,115730,85,2,1165,423,1246,492,Sep06_0/309-20190902115730-snapshot.jpg
4,0,20190902,120630,87,2,427,628,516,696,Sep06_0/309-20190902120630-snapshot.jpg
4,0,20190902,120800,81,2,517,1013,575,1078,Sep06_0/309-20190902120800-snapshot.jpg
4,0,20190902,120900,82,2,1406,644,1491,706,Sep06_0/309-20190902120900-snapshot.jpg
4,0,20190902,120900,84,2,1468,294,1522,365,Sep06_0/309-20190902120900-snapshot.jpg
4,0,20190902,120930,84,2,318,325,396,397,Sep06_0/309-20190902120930-snapshot.jpg
4,0,20190902,121200,68,2,1484,0,1564,71,Sep06_0/309-20190902121200-snapshot.jpg
4,0,20190902,121230,83,2,1412,323,1469,394,Sep06_0/309-20190902121230-snapshot.jpg
4,0,20190902,121730,85,2,153,156,236,231,Sep06_0/309-20190902121730-snapshot.jpg
4,0,20190902,121830,51,2,488,1043,559,1080,Sep06_0/309-20190902121830-snapshot.jpg
4,0,20190902,121900,79,2,700,795,752,851,Sep06_0/309-20190902121900-snapshot.jpg
4,0,20190902,121930,84,2,610,786,662,846,Sep06_0/309-20190902121930-snapshot.jpg
4,0,20190902,122430,75,2,467,577,547,627,Sep06_0/309-20190902122430-snapshot.jpg
4,0,20190902,130100,78,2,161,189,245,261,Sep06_0/309-20190902130100-snapshot.jpg
4,0,20190902,130130,76,8,600,547,653,612,Sep06_0/309-20190902130130-snapshot.jpg
4,0,20190902,130800,87,2,343,328,428,391,Sep06_0/309-20190902130800-snapshot.jpg
4,0,20190902,131600,73,2,1542,53,1607,128,Sep06_0/309-20190902131600-snapshot.jpg
4,0,20190902,131630,76,8,1113,1038,1186,1080,Sep06_0/309-20190902131630-snapshot.jpg
4,0,20190902,131630,80,2,653,324,729,378,Sep06_0/309-20190902131630-snapshot.jpg
4,0,20190902,132900,86,2,201,207,292,259,Sep06_0/309-20190902132900-snapshot.jpg
4,0,20190902,132930,71,2,972,52,1047,108,Sep06_0/309-20190902132930-snapshot.jpg
4,0,20190902,133000,88,2,1190,451,1242,525,Sep06_0/309-20190902133000-snapshot.jpg
4,0,20190902,135600,85,2,1168,426,1253,482,Sep06_0/309-20190902135600-snapshot.jpg
4,0,20190902,135630,83,2,742,252,823,306,Sep06_0/309-20190902135630-snapshot.jpg
4,0,20190902,135800,82,2,1191,426,1264,481,Sep06_0/309-20190902135800-snapshot.jpg
4,0,20190902,140000,86,2,1419,292,1497,361,Sep06_0/309-20190902140000-snapshot.jpg
4,0,20190902,140130,84,2,1446,334,1503,406,Sep06_0/309-20190902140130-snapshot.jpg
4,0,20190902,140200,85,2,809,307,861,376,Sep06_0/309-20190902140200-snapshot.jpg
4,0,20190902,140430,79,2,328,285,385,366,Sep06_0/309-20190902140430-snapshot.jpg
4,0,20190902,140500,80,2,430,607,518,666,Sep06_0/309-20190902140500-snapshot.jpg
4,0,20190902,141200,86,2,594,391,655,462,Sep06_0/309-20190902141200-snapshot.jpg
4,0,20190902,141230,77,2,1560,83,1624,156,Sep06_0/309-20190902141230-snapshot.jpg
4,0,20190902,141430,76,8,1740,878,1819,925,Sep06_0/309-20190902141430-snapshot.jpg
4,0,20190902,141700,84,2,1173,667,1237,728,Sep06_0/309-20190902141700-snapshot.jpg
4,0,20190902,142130,86,2,1162,412,1220,484,Sep06_0/309-20190902142130-snapshot.jpg
4,0,20190902,142300,86,2,663,723,719,791,Sep06_0/309-20190902142300-snapshot.jpg
4,0,20190902,142600,83,2,1173,417,1248,477,Sep06_0/309-20190902142600-snapshot.jpg
4,0,20190902,142730,82,2,1454,324,1509,391,Sep06_0/309-20190902142730-snapshot.jpg
4,0,20190902,143500,82,2,525,721,599,770,Sep06_0/309-20190902143500-snapshot.jpg
4,0,20190902,143800,75,2,1110,770,1185,835,Sep06_0/309-20190902143800-snapshot.jpg
4,0,20190902,143900,83,2,110,1004,199,1048,Sep06_0/309-20190902143900-snapshot.jpg
4,0,20190902,144600,82,2,1328,789,1400,838,Sep06_0/310-20190902144600-snapshot.jpg
4,0,20190902,144630,82,2,816,19,897,72,Sep06_0/310-20190902144630-snapshot.jpg
4,0,20190902,144900,83,2,361,818,424,893,Sep06_0/310-20190902144900-snapshot.jpg
4,0,20190902,145030,84,2,512,719,601,772,Sep06_0/310-20190902145030-snapshot.jpg
4,0,20190902,145100,85,2,775,246,849,313,Sep06_0/310-20190902145100-snapshot.jpg
4,0,20190902,145230,84,2,299,231,363,303,Sep06_0/310-20190902145230-snapshot.jpg
4,0,20190902,145700,84,2,1477,613,1554,679,Sep06_0/310-20190902145700-snapshot.jpg
4,0,20190902,152330,50,2,688,327,741,383,Sep06_0/310-20190902152330-snapshot.jpg
4,0,20190902,152400,86,2,381,947,457,1022,Sep06_0/310-20190902152400-snapshot.jpg
4,0,20190902,152600,84,2,321,261,397,330,Sep06_0/310-20190902152600-snapshot.jpg
4,0,20190902,152700,84,2,1442,638,1534,692,Sep06_0/310-20190902152700-snapshot.jpg
4,0,20190902,154200,85,2,1145,305,1203,389,Sep06_0/310-20190902154200-snapshot.jpg
4,0,20190902,154300,87,2,552,716,611,799,Sep06_0/310-20190902154300-snapshot.jpg
4,0,20190902,154330,82,2,695,326,773,371,Sep06_0/310-20190902154330-snapshot.jpg
4,0,20190902,154400,86,8,1096,837,1149,909,Sep06_0/310-20190902154400-snapshot.jpg
4,0,20190902,155130,86,2,825,231,877,304,Sep06_0/310-20190902155130-snapshot.jpg
4,0,20190902,155230,76,2,1242,264,1304,333,Sep06_0/310-20190902155230-snapshot.jpg
4,0,20190902,155300,85,2,386,979,472,1036,Sep06_0/310-20190902155300-snapshot.jpg
4,0,20190902,155930,80,2,537,196,617,257,Sep06_0/310-20190902155930-snapshot.jpg
4,0,20190902,160000,79,2,543,984,607,1050,Sep06_0/310-20190902160000-snapshot.jpg
4,0,20190902,160030,64,2,650,316,715,357,Sep06_0/310-20190902160030-snapshot.jpg
4,0,20190902,160030,83,2,533,719,591,786,Sep06_0/310-20190902160030-snapshot.jpg
4,0,20190902,160100,78,2,1256,565,1340,611,Sep06_0/310-20190902160100-snapshot.jpg
4,0,20190902,160530,85,2,927,829,1008,895,Sep06_0/310-20190902160530-snapshot.jpg
4,0,20190902,160900,74,2,306,1032,384,1079,Sep06_0/310-20190902160900-snapshot.jpg
4,0,20190902,161430,81,2,980,32,1033,101,Sep06_0/310-20190902161430-snapshot.jpg
4,0,20190902,161500,80,2,354,537,414,602,Sep06_0/310-20190902161500-snapshot.jpg
4,0,20190902,162730,82,2,746,646,830,692,Sep06_0/310-20190902162730-snapshot.jpg
4,0,20190902,162800,78,2,549,219,607,286,Sep06_0/310-20190902162800-snapshot.jpg
4,0,20190902,162830,86,2,1047,504,1117,582,Sep06_0/310-20190902162830-snapshot.jpg
4,0,20190902,163000,46,2,0,936,29,1017,Sep06_0/310-20190902163000-snapshot.jpg
4,0,20190902,163000,83,2,343,338,420,388,Sep06_0/310-20190902163000-snapshot.jpg
4,0,20190902,163030,71,2,1142,850,1202,907,Sep06_0/310-20190902163030-snapshot.jpg
4,0,20190902,163100,79,2,1577,68,1660,122,Sep06_0/310-20190902163100-snapshot.jpg
4,0,20190902,163330,87,2,756,276,833,352,Sep06_0/310-20190902163330-snapshot.jpg
4,0,20190902,163700,67,2,897,3,974,45,Sep06_0/310-20190902163700-snapshot.jpg
4,0,20190902,163900,85,2,716,637,775,706,Sep06_0/310-20190902163900-snapshot.jpg
4,0,20190902,163930,74,2,449,735,521,803,Sep06_0/310-20190902163930-snapshot.jpg
4,0,20190902,164100,85,2,959,153,1018,220,Sep06_0/310-20190902164100-snapshot.jpg
4,0,20190902,164130,75,2,475,921,559,989,Sep06_0/310-20190902164130-snapshot.jpg
4,0,20190902,164130,86,2,290,442,348,515,Sep06_0/310-20190902164130-snapshot.jpg
4,0,20190902,164300,77,2,614,797,686,848,Sep06_0/310-20190902164300-snapshot.jpg
4,0,20190902,164730,85,2,407,500,493,562,Sep06_0/310-20190902164730-snapshot.jpg
4,0,20190902,164800,84,2,589,400,642,469,Sep06_0/310-20190902164800-snapshot.jpg
4,0,20190902,164830,34,2,1308,0,1370,38,Sep06_0/310-20190902164830-snapshot.jpg
4,0,20190902,164830,79,2,1291,761,1352,818,Sep06_0/310-20190902164830-snapshot.jpg
4,0,20190902,164900,87,2,1138,414,1197,487,Sep06_0/310-20190902164900-snapshot.jpg
4,0,20190902,164930,85,2,355,473,436,537,Sep06_0/310-20190902164930-snapshot.jpg
4,0,20190902,165200,37,1,611,68,652,102,Sep06_0/310-20190902165200-snapshot.jpg
4,0,20190902,165830,79,2,531,879,605,940,Sep06_0/310-20190902165830-snapshot.jpg
4,0,20190902,170230,85,2,1190,441,1237,509,Sep06_0/310-20190902170230-snapshot.jpg
4,0,20190902,170330,84,2,1488,617,1566,678,Sep06_0/310-20190902170330-snapshot.jpg
4,0,20190902,170400,76,2,882,120,948,183,Sep06_0/310-20190902170400-snapshot.jpg
4,0,20190902,170500,77,2,394,1003,484,1050,Sep06_0/310-20190902170500-snapshot.jpg
4,0,20190902,170530,79,2,1281,763,1338,824,Sep06_0/310-20190902170530-snapshot.jpg
4,0,20190902,170630,86,2,1263,264,1346,334,Sep06_0/310-20190902170630-snapshot.jpg
4,0,20190902,171830,74,2,1520,277,1608,326,Sep06_0/310-20190902171830-snapshot.jpg
4,0,20190902,171900,84,2,804,445,860,517,Sep06_0/310-20190902171900-snapshot.jpg
4,0,20190902,171930,85,2,723,965,808,1021,Sep06_0/310-20190902171930-snapshot.jpg
4,0,20190902,172030,86,2,430,641,521,703,Sep06_0/310-20190902172030-snapshot.jpg
4,0,20190902,172100,76,2,1377,654,1477,718,Sep06_0/310-20190902172100-snapshot.jpg
4,0,20190902,172200,86,2,1058,567,1112,638,Sep06_0/310-20190902172200-snapshot.jpg
4,0,20190902,172230,80,2,280,265,363,326,Sep06_0/310-20190902172230-snapshot.jpg
4,0,20190902,172530,69,2,485,687,565,748,Sep06_0/310-20190902172530-snapshot.jpg
4,0,20190902,172600,77,2,561,867,621,932,Sep06_0/310-20190902172600-snapshot.jpg
4,0,20190902,173030,81,2,299,536,367,608,Sep06_0/310-20190902173030-snapshot.jpg
4,0,20190902,173300,80,2,487,719,548,781,Sep06_0/310-20190902173300-snapshot.jpg
4,0,20190902,173600,84,2,477,583,550,648,Sep06_0/310-20190902173600-snapshot.jpg
4,0,20190902,174430,77,2,584,396,656,449,Sep06_0/310-20190902174430-snapshot.jpg
4,0,20190902,174630,83,2,1169,416,1234,479,Sep06_0/310-20190902174630-snapshot.jpg
4,0,20190902,175130,73,2,410,963,495,1036,Sep06_0/310-20190902175130-snapshot.jpg
4,0,20190902,175700,80,2,1659,484,1735,536,Sep06_0/310-20190902175700-snapshot.jpg
4,0,20190902,180830,80,2,611,807,665,873,Sep06_0/310-20190902180830-snapshot.jpg
4,0,20190902,180900,69,8,1047,931,1130,996,Sep06_0/310-20190902180900-snapshot.jpg
4,0,20190902,180930,62,2,1360,645,1427,711,Sep06_0/310-20190902180930-snapshot.jpg
4,0,20190902,181000,80,2,67,1002,154,1072,Sep06_0/310-20190902181000-snapshot.jpg
4,0,20190902,181430,81,2,499,715,557,784,Sep06_0/310-20190902181430-snapshot.jpg
4,0,20190902,182230,81,2,1159,449,1239,493,Sep06_0/310-20190902182230-snapshot.jpg
4,0,20190902,185100,81,2,502,178,577,232,Sep06_0/310-20190902185100-snapshot.jpg
4,0,20190902,185130,63,2,1149,673,1209,728,Sep06_0/310-20190902185130-snapshot.jpg
4,0,20190902,190130,86,2,653,804,726,864,Sep06_0/310-20190902190130-snapshot.jpg
4,0,20190902,190200,70,2,294,456,374,522,Sep06_0/310-20190902190200-snapshot.jpg
4,0,20190902,190230,88,2,629,290,683,368,Sep06_0/310-20190902190230-snapshot.jpg
4,0,20190902,190430,87,2,840,471,911,547,Sep06_0/310-20190902190430-snapshot.jpg
4,0,20190903,090330,86,2,1495,525,1559,608,Sep06_0/359-20190903090330-snapshot.jpg
4,0,20190903,090400,87,2,1488,529,1567,609,Sep06_0/359-20190903090400-snapshot.jpg
4,0,20190903,104630,87,2,352,571,431,652,Sep06_0/370-20190903104630-snapshot.jpg
4,0,20190903,105300,48,2,1444,629,1509,676,Sep06_0/370-20190903105300-snapshot.jpg
4,0,20190903,105330,61,2,1436,630,1513,674,Sep06_0/370-20190903105330-snapshot.jpg
4,0,20190903,122630,84,9,327,514,397,593,Sep06_0/373-20190903122630-snapshot.jpg
4,0,20190903,122700,85,9,296,286,367,372,Sep06_0/373-20190903122700-snapshot.jpg
4,0,20190903,124430,85,2,1392,253,1443,317,Sep06_0/373-20190903124430-snapshot.jpg
4,0,20190903,141400,39,2,849,673,898,732,Sep06_0/373-20190903141400-snapshot.jpg
4,0,20190903,142830,42,2,827,525,900,605,Sep06_0/373-20190903142830-snapshot.jpg
4,0,20190903,145400,86,2,787,232,860,288,Sep06_0/373-20190903145400-snapshot.jpg
4,0,20190903,145530,88,2,882,460,934,541,Sep06_0/373-20190903145530-snapshot.jpg
4,0,20190903,145630,86,2,374,433,433,521,Sep06_0/373-20190903145630-snapshot.jpg
4,0,20190903,150730,55,5,1058,596,1108,641,Sep06_0/373-20190903150730-snapshot.jpg
4,0,20190903,150830,66,2,1006,772,1058,826,Sep06_0/373-20190903150830-snapshot.jpg
4,0,20190903,150830,86,2,1515,582,1581,663,Sep06_0/373-20190903150830-snapshot.jpg
4,0,20190903,151230,63,2,115,1030,171,1080,Sep06_0/373-20190903151230-snapshot.jpg
4,0,20190903,151330,82,2,335,301,424,356,Sep06_0/373-20190903151330-snapshot.jpg
4,0,20190903,152730,78,2,1355,639,1436,704,Sep06_0/373-20190903152730-snapshot.jpg
4,0,20190903,153100,82,2,471,742,546,807,Sep06_0/373-20190903153100-snapshot.jpg
4,0,20190903,153700,63,2,1393,4,1476,61,Sep06_0/373-20190903153700-snapshot.jpg
4,0,20190903,153830,79,2,488,758,571,822,Sep06_0/373-20190903153830-snapshot.jpg
4,0,20190903,153830,82,2,1416,264,1473,329,Sep06_0/373-20190903153830-snapshot.jpg
4,0,20190903,153900,73,2,359,867,438,928,Sep06_0/373-20190903153900-snapshot.jpg
4,0,20190903,153900,87,2,1107,645,1195,702,Sep06_0/373-20190903153900-snapshot.jpg
4,0,20190903,154030,82,2,1022,758,1107,814,Sep06_0/373-20190903154030-snapshot.jpg
4,0,20190903,154100,85,9,323,513,408,590,Sep06_0/373-20190903154100-snapshot.jpg
4,0,20190903,154130,83,9,162,166,262,257,Sep06_0/373-20190903154130-snapshot.jpg
4,0,20190903,154830,87,2,843,518,915,591,Sep06_0/373-20190903154830-snapshot.jpg
4,0,20190903,154900,82,2,1474,630,1562,681,Sep06_0/373-20190903154900-snapshot.jpg
4,0,20190903,155000,85,2,1359,321,1439,371,Sep06_0/373-20190903155000-snapshot.jpg
4,0,20190903,155400,72,2,554,456,627,533,Sep06_0/373-20190903155400-snapshot.jpg
4,0,20190903,155430,79,2,459,737,533,802,Sep06_0/373-20190903155430-snapshot.jpg
4,0,20190903,160030,84,2,1205,701,1260,775,Sep06_0/373-20190903160030-snapshot.jpg
4,0,20190903,160400,79,2,487,211,559,268,Sep06_0/373-20190903160400-snapshot.jpg
4,0,20190903,160930,80,2,1257,49,1341,121,Sep06_0/373-20190903160930-snapshot.jpg
4,0,20190903,160930,82,2,340,481,404,550,Sep06_0/373-20190903160930-snapshot.jpg
4,0,20190903,161500,85,2,331,538,411,611,Sep06_0/373-20190903161500-snapshot.jpg
4,0,20190903,161600,86,2,1473,642,1550,710,Sep06_0/373-20190903161600-snapshot.jpg
4,0,20190903,162030,83,2,670,316,725,385,Sep06_0/373-20190903162030-snapshot.jpg
4,0,20190903,162630,71,2,853,581,925,640,Sep06_0/373-20190903162630-snapshot.jpg
4,0,20190903,162700,76,2,475,754,567,848,Sep06_0/373-20190903162700-snapshot.jpg
4,0,20190903,162830,85,2,969,217,1029,282,Sep06_0/373-20190903162830-snapshot.jpg
4,0,20190903,162900,57,2,538,1008,627,1080,Sep06_0/373-20190903162900-snapshot.jpg
4,0,20190903,163200,83,2,501,196,567,260,Sep06_0/373-20190903163200-snapshot.jpg
4,0,20190903,163230,73,2,122,1004,206,1078,Sep06_0/373-20190903163230-snapshot.jpg
4,0,20190903,163930,77,2,186,297,253,369,Sep06_0/373-20190903163930-snapshot.jpg
4,0,20190903,164230,80,2,681,364,736,427,Sep06_0/373-20190903164230-snapshot.jpg
4,0,20190903,164300,80,2,497,685,553,758,Sep06_0/373-20190903164300-snapshot.jpg
4,0,20190903,170230,78,2,288,267,353,343,Sep06_0/373-20190903170230-snapshot.jpg
4,0,20190903,170330,82,2,373,983,456,1040,Sep06_0/373-20190903170330-snapshot.jpg
4,0,20190903,170700,79,2,1038,219,1122,277,Sep06_0/373-20190903170700-snapshot.jpg
4,0,20190903,170830,78,2,711,746,782,798,Sep06_0/373-20190903170830-snapshot.jpg
4,0,20190903,171000,85,2,809,719,862,790,Sep06_0/373-20190903171000-snapshot.jpg
4,0,20190903,171030,80,2,419,997,498,1057,Sep06_0/373-20190903171030-snapshot.jpg
4,0,20190903,171230,78,2,1557,518,1617,577,Sep06_0/373-20190903171230-snapshot.jpg
4,0,20190903,171300,77,2,1194,676,1251,740,Sep06_0/373-20190903171300-snapshot.jpg
4,0,20190903,172330,83,2,987,65,1040,132,Sep06_0/373-20190903172330-snapshot.jpg
4,0,20190903,172430,86,2,1130,661,1205,718,Sep06_0/373-20190903172430-snapshot.jpg
4,0,20190903,172630,83,2,819,528,876,605,Sep06_0/373-20190903172630-snapshot.jpg
4,0,20190903,172900,86,2,1099,756,1150,819,Sep06_0/373-20190903172900-snapshot.jpg
4,0,20190903,172930,83,2,1605,454,1665,534,Sep06_0/373-20190903172930-snapshot.jpg
4,0,20190903,173200,55,2,1064,418,1143,490,Sep06_0/373-20190903173200-snapshot.jpg
4,0,20190903,173630,76,2,571,401,625,475,Sep06_0/373-20190903173630-snapshot.jpg
4,0,20190903,174430,82,2,698,357,772,425,Sep06_0/373-20190903174430-snapshot.jpg
4,0,20190903,174500,80,2,1646,970,1725,1018,Sep06_0/373-20190903174500-snapshot.jpg
4,0,20190903,174600,86,2,858,622,932,685,Sep06_0/373-20190903174600-snapshot.jpg
4,0,20190903,174630,76,2,1072,614,1128,675,Sep06_0/373-20190903174630-snapshot.jpg
4,0,20190903,174930,81,2,398,987,460,1057,Sep06_0/373-20190903174930-snapshot.jpg
4,0,20190903,175000,79,2,676,762,748,821,Sep06_0/373-20190903175000-snapshot.jpg
4,0,20190903,175030,75,2,1354,351,1410,413,Sep06_0/373-20190903175030-snapshot.jpg
4,0,20190903,175430,85,2,1059,569,1123,635,Sep06_0/373-20190903175430-snapshot.jpg
4,0,20190903,175600,85,2,361,550,452,608,Sep06_0/373-20190903175600-snapshot.jpg
4,0,20190903,175630,80,2,1469,207,1532,285,Sep06_0/373-20190903175630-snapshot.jpg
4,0,20190903,180200,70,2,483,739,562,812,Sep06_0/373-20190903180200-snapshot.jpg
4,0,20190903,180200,80,2,837,352,913,413,Sep06_0/373-20190903180200-snapshot.jpg
4,0,20190903,180900,65,2,523,718,596,802,Sep06_0/373-20190903180900-snapshot.jpg
4,0,20190903,181700,78,2,613,324,699,400,Sep06_0/373-20190903181700-snapshot.jpg
4,0,20190903,182730,82,2,176,218,233,293,Sep06_0/373-20190903182730-snapshot.jpg
4,0,20190903,182800,79,2,319,562,399,621,Sep06_0/373-20190903182800-snapshot.jpg
4,0,20190903,182830,55,2,1486,399,1545,469,Sep06_0/373-20190903182830-snapshot.jpg
4,0,20190903,183530,87,2,1162,435,1246,489,Sep06_0/373-20190903183530-snapshot.jpg
4,0,20190903,183630,78,2,1359,632,1412,695,Sep06_0/373-20190903183630-snapshot.jpg
4,0,20190903,184500,59,2,532,875,612,937,Sep06_0/373-20190903184500-snapshot.jpg
4,0,20190903,190230,27,2,1412,674,1495,740,Sep06_0/373-20190903190230-snapshot.jpg
4,0,20190903,190430,40,2,1412,672,1494,742,Sep06_0/373-20190903190430-snapshot.jpg
4,0,20190903,190630,35,2,1412,674,1494,740,Sep06_0/373-20190903190630-snapshot.jpg
4,0,20190903,190800,60,2,1415,673,1492,741,Sep06_0/373-20190903190800-snapshot.jpg
4,0,20190903,190900,31,2,1412,671,1495,741,Sep06_0/373-20190903190900-snapshot.jpg
4,0,20190903,191500,43,2,1417,674,1492,736,Sep06_0/373-20190903191500-snapshot.jpg
4,0,20190903,191530,84,2,812,39,893,100,Sep06_0/373-20190903191530-snapshot.jpg
4,0,20190903,194600,83,2,157,297,244,347,Sep06_0/375-20190903194600-snapshot.jpg
4,0,20190904,073500,80,2,870,462,948,530,Sep06_0/418-20190904073500-snapshot.jpg
4,0,20190904,091600,84,2,956,232,1017,292,Sep06_0/446-20190904091600-snapshot.jpg
4,0,20190904,091630,73,2,102,1032,156,1079,Sep06_0/446-20190904091630-snapshot.jpg
4,0,20190904,093030,79,2,1193,418,1270,478,Sep06_0/447-20190904093030-snapshot.jpg
4,0,20190904,093100,84,2,1518,524,1595,596,Sep06_0/447-20190904093100-snapshot.jpg
4,0,20190904,095330,85,2,542,163,601,241,Sep06_0/448-20190904095330-snapshot.jpg
4,0,20190904,095400,87,2,1054,563,1124,631,Sep06_0/448-20190904095400-snapshot.jpg
4,0,20190904,095900,80,2,315,527,404,597,Sep06_0/448-20190904095900-snapshot.jpg
4,0,20190904,102800,35,2,697,798,753,865,Sep06_0/448-20190904102800-snapshot.jpg
4,0,20190904,102800,80,8,1359,203,1438,250,Sep06_0/448-20190904102800-snapshot.jpg
4,0,20190904,103630,87,2,542,183,599,257,Sep06_0/449-20190904103630-snapshot.jpg
4,0,20190904,105230,86,2,327,472,411,524,Sep06_0/451-20190904105230-snapshot.jpg
4,0,20190904,110000,87,2,1423,486,1521,544,Sep06_0/451-20190904110000-snapshot.jpg
4,0,20190904,111430,84,2,934,208,1006,264,Sep06_0/455-20190904111430-snapshot.jpg
4,0,20190904,111600,75,2,246,512,327,570,Sep06_0/455-20190904111600-snapshot.jpg
4,0,20190904,111630,86,2,1017,274,1080,352,Sep06_0/455-20190904111630-snapshot.jpg
4,0,20190904,112730,84,2,550,989,608,1061,Sep06_0/455-20190904112730-snapshot.jpg
4,0,20190904,113330,81,2,285,481,364,532,Sep06_0/455-20190904113330-snapshot.jpg
4,0,20190904,113730,64,2,977,6,1040,63,Sep06_0/455-20190904113730-snapshot.jpg
4,0,20190904,114930,83,2,732,724,791,788,Sep06_0/455-20190904114930-snapshot.jpg
4,0,20190904,121130,85,2,491,480,575,555,Sep06_0/458-20190904121130-snapshot.jpg
4,0,20190904,121200,80,2,853,14,928,75,Sep06_0/458-20190904121200-snapshot.jpg
4,0,20190904,121300,80,8,1739,171,1820,233,Sep06_0/458-20190904121300-snapshot.jpg
4,0,20190904,123030,84,2,404,1018,464,1080,Sep06_0/459-20190904123030-snapshot.jpg
4,0,20190904,124300,86,2,1536,497,1617,554,Sep06_0/460-20190904124300-snapshot.jpg
4,0,20190904,124530,84,2,858,14,916,81,Sep06_0/460-20190904124530-snapshot.jpg
4,0,20190904,124600,79,2,1603,510,1659,574,Sep06_0/460-20190904124600-snapshot.jpg
4,0,20190904,124800,74,2,1463,0,1544,74,Sep06_0/460-20190904124800-snapshot.jpg
4,0,20190904,124830,84,2,724,715,780,788,Sep06_0/460-20190904124830-snapshot.jpg
4,0,20190904,124900,82,8,1696,977,1766,1036,Sep06_0/460-20190904124900-snapshot.jpg
4,0,20190904,124930,83,8,202,599,265,667,Sep06_0/460-20190904124930-snapshot.jpg
4,0,20190904,125230,85,2,822,278,873,351,Sep06_0/460-20190904125230-snapshot.jpg
4,0,20190904,125430,87,2,792,453,874,516,Sep06_0/460-20190904125430-snapshot.jpg
4,0,20190904,125500,82,2,554,875,610,939,Sep06_0/460-20190904125500-snapshot.jpg
4,0,20190904,130630,85,2,520,172,581,246,Sep06_0/460-20190904130630-snapshot.jpg
4,0,20190904,131330,81,2,1211,437,1273,497,Sep06_0/460-20190904131330-snapshot.jpg
4,0,20190904,131430,85,2,1539,541,1607,619,Sep06_0/460-20190904131430-snapshot.jpg
4,0,20190904,131830,83,2,598,162,660,232,Sep06_0/461-20190904131830-snapshot.jpg
4,0,20190904,131900,83,2,396,985,460,1063,Sep06_0/461-20190904131900-snapshot.jpg
4,0,20190904,132230,86,2,338,541,429,600,Sep06_0/462-20190904132230-snapshot.jpg
4,0,20190904,133130,86,2,823,332,876,405,Sep06_0/465-20190904133130-snapshot.jpg
4,0,20190904,133400,85,2,591,149,668,213,Sep06_0/465-20190904133400-snapshot.jpg
4,0,20190904,133700,74,2,1473,241,1548,309,Sep06_0/466-20190904133700-snapshot.jpg
4,0,20190904,133700,81,2,1218,456,1275,529,Sep06_0/466-20190904133700-snapshot.jpg
4,0,20190904,134930,79,2,889,845,972,897,Sep06_0/467-20190904134930-snapshot.jpg
4,0,20190904,140130,87,2,662,742,750,815,Sep06_0/467-20190904140130-snapshot.jpg
4,0,20190904,140400,81,2,276,276,354,347,Sep06_0/467-20190904140400-snapshot.jpg
4,0,20190904,141400,83,2,513,535,588,599,Sep06_0/468-20190904141400-snapshot.jpg
4,0,20190904,142130,86,2,705,719,789,769,Sep06_0/468-20190904142130-snapshot.jpg
4,0,20190904,143330,85,2,509,764,561,833,Sep06_0/468-20190904143330-snapshot.jpg
4,0,20190904,143600,85,2,289,300,378,370,Sep06_0/468-20190904143600-snapshot.jpg
4,0,20190904,143700,80,2,498,721,562,787,Sep06_0/468-20190904143700-snapshot.jpg
4,0,20190904,144130,89,2,552,253,607,331,Sep06_0/468-20190904144130-snapshot.jpg
4,0,20190904,144530,82,2,929,215,979,283,Sep06_0/468-20190904144530-snapshot.jpg
4,0,20190904,144700,85,2,759,419,821,504,Sep06_0/468-20190904144700-snapshot.jpg
4,0,20190904,144800,84,2,262,294,342,350,Sep06_0/468-20190904144800-snapshot.jpg
4,0,20190904,145630,79,2,212,794,295,858,Sep06_0/468-20190904145630-snapshot.jpg
4,0,20190904,145700,77,2,809,299,888,348,Sep06_0/468-20190904145700-snapshot.jpg
4,0,20190904,145730,86,2,1274,319,1334,394,Sep06_0/468-20190904145730-snapshot.jpg
4,0,20190904,145800,86,2,908,839,986,908,Sep06_0/468-20190904145800-snapshot.jpg
4,0,20190904,145930,85,2,1191,419,1269,480,Sep06_0/468-20190904145930-snapshot.jpg
4,0,20190904,150300,86,2,793,298,853,365,Sep06_0/468-20190904150300-snapshot.jpg
4,0,20190904,150530,86,2,1164,445,1224,514,Sep06_0/468-20190904150530-snapshot.jpg
4,0,20190904,150700,84,2,1622,591,1679,656,Sep06_0/468-20190904150700-snapshot.jpg
4,0,20190904,201730,41,1,1561,42,1630,111,Sep06_0/511-20190904201730-snapshot.jpg
4,0,20190905,110430,84,8,62,60,122,133,Sep06_0/580-20190905110430-snapshot.jpg
4,0,20190905,114230,81,8,1271,1025,1346,1071,Sep06_0/580-20190905114230-snapshot.jpg
4,0,20190905,125530,85,8,1718,284,1802,336,Sep06_0/580-20190905125530-snapshot.jpg
4,0,20190831,075830,82,8,605,43,668,113,Sep06_0/88-20190831075830-snapshot.jpg
4,0,20190831,080800,85,8,1028,226,1112,304,Sep06_0/88-20190831080800-snapshot.jpg
4,0,20190831,080930,81,8,1527,256,1592,328,Sep06_0/88-20190831080930-snapshot.jpg
4,0,20190831,082200,85,8,496,78,572,150,Sep06_0/91-20190831082200-snapshot.jpg
4,0,20190831,084030,84,8,59,30,152,98,Sep06_0/95-20190831084030-snapshot.jpg
4,0,20190831,084530,85,8,968,242,1016,317,Sep06_0/96-20190831084530-snapshot.jpg
4,0,20190831,085100,82,8,126,503,201,577,Sep06_0/97-20190831085100-snapshot.jpg
4,0,20190831,090700,81,2,393,416,473,475,Sep06_0/97-20190831090700-snapshot.jpg
4,0,20190831,090730,83,8,1373,826,1439,886,Sep06_0/97-20190831090730-snapshot.jpg
4,0,20190831,092100,76,2,422,934,503,996,Sep06_0/97-20190831092100-snapshot.jpg
4,0,20190831,092800,80,2,1054,732,1113,794,Sep06_0/97-20190831092800-snapshot.jpg
4,0,20190831,092830,82,2,1332,294,1395,341,Sep06_0/97-20190831092830-snapshot.jpg
4,0,20190831,092900,83,2,912,454,986,519,Sep06_0/97-20190831092900-snapshot.jpg
4,0,20190831,092930,87,2,957,565,1009,643,Sep06_0/97-20190831092930-snapshot.jpg
4,0,20190831,093730,83,2,87,986,171,1031,Sep06_0/97-20190831093730-snapshot.jpg
4,0,20190831,094630,75,8,1607,376,1699,453,Sep06_0/97-20190831094630-snapshot.jpg
4,0,20190831,095030,87,2,1278,904,1355,959,Sep06_0/97-20190831095030-snapshot.jpg
4,0,20190831,095300,82,2,1099,529,1154,605,Sep06_0/97-20190831095300-snapshot.jpg
4,0,20190831,095930,85,2,474,880,545,954,Sep06_0/97-20190831095930-snapshot.jpg
4,0,20190831,100430,83,2,105,954,165,1020,Sep06_0/97-20190831100430-snapshot.jpg
4,0,20190831,100830,88,2,601,183,658,259,Sep06_0/97-20190831100830-snapshot.jpg
4,0,20190831,100900,85,2,1117,387,1175,458,Sep06_0/97-20190831100900-snapshot.jpg
4,0,20190831,101300,74,8,1280,956,1351,998,Sep06_0/97-20190831101300-snapshot.jpg
4,0,20190831,102200,86,2,525,519,610,583,Sep06_0/97-20190831102200-snapshot.jpg
4,0,20190831,102200,86,2,1206,436,1271,502,Sep06_0/97-20190831102200-snapshot.jpg
4,0,20190831,102230,25,4,0,981,30,1046,Sep06_0/97-20190831102230-snapshot.jpg
4,0,20190831,102730,80,2,1470,139,1546,196,Sep06_0/97-20190831102730-snapshot.jpg
4,0,20190831,102800,86,2,1135,434,1194,514,Sep06_0/97-20190831102800-snapshot.jpg
4,0,20190831,103730,86,2,749,360,821,426,Sep06_0/97-20190831103730-snapshot.jpg
4,0,20190831,103800,87,2,492,633,575,690,Sep06_0/97-20190831103800-snapshot.jpg
4,0,20190831,103830,80,2,585,752,639,816,Sep06_0/97-20190831103830-snapshot.jpg
4,0,20190831,103900,84,2,318,907,376,982,Sep06_0/97-20190831103900-snapshot.jpg
4,0,20190831,104130,84,2,548,855,605,926,Sep06_0/97-20190831104130-snapshot.jpg
4,0,20190831,104300,78,2,1330,279,1396,331,Sep06_0/97-20190831104300-snapshot.jpg
4,0,20190831,104830,83,2,1216,606,1294,662,Sep06_0/97-20190831104830-snapshot.jpg
4,0,20190831,105030,85,8,1399,211,1456,281,Sep06_0/97-20190831105030-snapshot.jpg
4,0,20190831,105030,87,8,787,683,833,746,Sep06_0/97-20190831105030-snapshot.jpg
4,0,20190831,105230,77,2,91,990,167,1034,Sep06_0/97-20190831105230-snapshot.jpg
4,0,20190831,105300,88,2,790,221,849,300,Sep06_0/97-20190831105300-snapshot.jpg
4,0,20190831,105530,78,2,1558,374,1627,455,Sep06_0/97-20190831105530-snapshot.jpg
4,0,20190831,105700,72,2,564,127,643,183,Sep06_0/97-20190831105700-snapshot.jpg
4,0,20190831,105730,66,2,611,361,669,429,Sep06_0/97-20190831105730-snapshot.jpg
4,0,20190831,105800,88,2,503,491,589,554,Sep06_0/97-20190831105800-snapshot.jpg
4,0,20190831,105900,83,8,616,885,673,962,Sep06_0/97-20190831105900-snapshot.jpg
4,0,20190831,110030,84,2,1571,445,1629,517,Sep06_0/97-20190831110030-snapshot.jpg
4,0,20190831,110100,82,2,1792,807,1858,882,Sep06_0/97-20190831110100-snapshot.jpg
4,0,20190831,110730,51,2,978,555,1031,618,Sep06_0/97-20190831110730-snapshot.jpg
4,0,20190831,111130,81,2,92,982,172,1032,Sep06_0/97-20190831111130-snapshot.jpg
4,0,20190831,111230,80,2,1178,716,1235,775,Sep06_0/97-20190831111230-snapshot.jpg
4,0,20190831,111430,45,2,1779,817,1835,875,Sep06_0/97-20190831111430-snapshot.jpg
4,0,20190831,112200,77,8,1473,165,1548,214,Sep06_0/97-20190831112200-snapshot.jpg
4,0,20190831,112300,71,2,419,914,504,972,Sep06_0/97-20190831112300-snapshot.jpg
4,0,20190831,112330,82,2,1072,701,1125,764,Sep06_0/97-20190831112330-snapshot.jpg
4,0,20190831,112430,88,2,638,610,696,694,Sep06_0/97-20190831112430-snapshot.jpg
4,0,20190831,112830,72,2,1109,475,1194,546,Sep06_0/97-20190831112830-snapshot.jpg
4,0,20190831,113200,56,2,1550,35,1614,112,Sep06_0/97-20190831113200-snapshot.jpg
4,0,20190831,113230,53,2,1356,86,1411,152,Sep06_0/97-20190831113230-snapshot.jpg
4,0,20190831,113300,83,2,1475,263,1533,329,Sep06_0/97-20190831113300-snapshot.jpg
4,0,20190831,113500,85,8,271,448,359,523,Sep06_0/97-20190831113500-snapshot.jpg
4,0,20190831,113600,70,2,1299,589,1361,646,Sep06_0/97-20190831113600-snapshot.jpg
4,0,20190831,113800,85,2,1124,536,1205,597,Sep06_0/97-20190831113800-snapshot.jpg
4,0,20190831,114130,85,2,1073,507,1154,561,Sep06_0/97-20190831114130-snapshot.jpg
4,0,20190831,114200,87,8,726,674,781,755,Sep06_0/97-20190831114200-snapshot.jpg
4,0,20190831,114330,79,2,1396,143,1473,211,Sep06_0/97-20190831114330-snapshot.jpg
4,0,20190831,114600,79,2,1293,835,1372,876,Sep06_0/97-20190831114600-snapshot.jpg
4,0,20190831,114630,75,2,326,983,391,1045,Sep06_0/97-20190831114630-snapshot.jpg
4,0,20190831,114700,83,2,535,887,603,949,Sep06_0/97-20190831114700-snapshot.jpg
4,0,20190831,114800,65,2,598,786,659,848,Sep06_0/97-20190831114800-snapshot.jpg
4,0,20190831,115000,86,2,1062,645,1113,719,Sep06_0/97-20190831115000-snapshot.jpg
4,0,20190831,115030,41,2,1613,497,1673,564,Sep06_0/97-20190831115030-snapshot.jpg
4,0,20190831,115030,57,8,1614,494,1672,564,Sep06_0/97-20190831115030-snapshot.jpg
4,0,20190831,115130,86,2,446,185,501,267,Sep06_0/97-20190831115130-snapshot.jpg
4,0,20190831,115200,61,2,1366,137,1457,229,Sep06_0/97-20190831115200-snapshot.jpg
4,0,20190831,115330,84,2,1155,407,1226,461,Sep06_0/97-20190831115330-snapshot.jpg
4,0,20190831,115500,73,2,326,909,410,960,Sep06_0/97-20190831115500-snapshot.jpg
4,0,20190831,115500,83,2,1476,240,1534,312,Sep06_0/97-20190831115500-snapshot.jpg
4,0,20190831,115500,84,2,810,637,863,706,Sep06_0/97-20190831115500-snapshot.jpg
4,0,20190831,115830,74,2,1413,115,1499,172,Sep06_0/97-20190831115830-snapshot.jpg
4,0,20190831,120130,69,2,1574,44,1646,122,Sep06_0/97-20190831120130-snapshot.jpg
4,0,20190831,120330,86,2,443,544,501,615,Sep06_0/97-20190831120330-snapshot.jpg
4,0,20190831,120500,84,2,534,814,613,866,Sep06_0/97-20190831120500-snapshot.jpg
4,0,20190831,120600,47,2,1615,489,1670,554,Sep06_0/97-20190831120600-snapshot.jpg
4,0,20190831,120600,72,8,1615,489,1669,554,Sep06_0/97-20190831120600-snapshot.jpg
4,0,20190831,121000,83,2,852,964,907,1033,Sep06_0/97-20190831121000-snapshot.jpg
4,0,20190831,121000,85,2,1582,480,1671,532,Sep06_0/97-20190831121000-snapshot.jpg
4,0,20190831,121600,86,2,521,448,592,525,Sep06_0/97-20190831121600-snapshot.jpg
4,0,20190831,121830,85,2,453,646,516,714,Sep06_0/97-20190831121830-snapshot.jpg
4,0,20190831,121900,74,2,440,927,521,998,Sep06_0/97-20190831121900-snapshot.jpg
4,0,20190831,122200,66,2,1221,886,1304,952,Sep06_0/97-20190831122200-snapshot.jpg
4,0,20190831,122300,83,2,387,392,467,453,Sep06_0/97-20190831122300-snapshot.jpg
4,0,20190831,122600,79,8,1829,332,1898,419,Sep06_0/97-20190831122600-snapshot.jpg
4,0,20190831,122830,75,2,494,934,570,986,Sep06_0/97-20190831122830-snapshot.jpg
4,0,20190831,123100,82,2,1348,298,1400,365,Sep06_0/97-20190831123100-snapshot.jpg
4,0,20190831,123400,74,2,1580,0,1668,78,Sep06_0/97-20190831123400-snapshot.jpg
4,0,20190831,123430,79,2,666,311,744,362,Sep06_0/97-20190831123430-snapshot.jpg
4,0,20190831,123530,86,2,497,459,579,516,Sep06_0/97-20190831123530-snapshot.jpg
4,0,20190831,123600,86,2,825,655,879,732,Sep06_0/97-20190831123600-snapshot.jpg
4,0,20190831,123630,86,2,1071,540,1148,593,Sep06_0/97-20190831123630-snapshot.jpg
4,0,20190831,123930,77,2,1567,519,1635,582,Sep06_0/97-20190831123930-snapshot.jpg
4,0,20190831,124030,76,2,423,920,507,986,Sep06_0/97-20190831124030-snapshot.jpg
4,0,20190831,124100,83,2,767,503,840,568,Sep06_0/97-20190831124100-snapshot.jpg
4,0,20190831,124400,86,2,814,256,868,329,Sep06_0/97-20190831124400-snapshot.jpg
4,0,20190831,124500,66,2,1395,156,1484,242,Sep06_0/97-20190831124500-snapshot.jpg
4,0,20190831,124700,82,2,657,18,718,105,Sep06_0/97-20190831124700-snapshot.jpg
4,0,20190831,125330,77,2,561,338,640,403,Sep06_0/97-20190831125330-snapshot.jpg
4,0,20190831,130300,83,2,810,212,863,282,Sep06_0/97-20190831130300-snapshot.jpg
4,0,20190831,130330,81,2,1686,317,1761,378,Sep06_0/97-20190831130330-snapshot.jpg
4,0,20190831,130330,87,2,1303,543,1362,618,Sep06_0/97-20190831130330-snapshot.jpg
4,0,20190831,130430,71,2,418,1018,503,1072,Sep06_0/97-20190831130430-snapshot.jpg
4,0,20190831,130500,84,2,822,633,894,699,Sep06_0/97-20190831130500-snapshot.jpg
4,0,20190831,130530,83,2,1184,716,1253,782,Sep06_0/97-20190831130530-snapshot.jpg
4,0,20190831,130830,71,2,1476,278,1542,335,Sep06_0/97-20190831130830-snapshot.jpg
4,0,20190831,131330,85,2,922,473,995,529,Sep06_0/97-20190831131330-snapshot.jpg
4,0,20190831,131630,33,2,1375,602,1452,659,Sep06_0/97-20190831131630-snapshot.jpg
4,0,20190831,131700,78,2,1217,885,1298,958,Sep06_0/97-20190831131700-snapshot.jpg
4,0,20190831,131800,87,2,1176,634,1234,704,Sep06_0/97-20190831131800-snapshot.jpg
4,0,20190831,131930,77,2,255,103,343,182,Sep06_0/97-20190831131930-snapshot.jpg
4,0,20190831,132130,71,2,512,853,594,922,Sep06_0/97-20190831132130-snapshot.jpg
4,0,20190831,132500,67,2,1235,871,1319,922,Sep06_0/97-20190831132500-snapshot.jpg
4,0,20190831,132530,85,2,440,671,514,740,Sep06_0/97-20190831132530-snapshot.jpg
4,0,20190831,132930,68,2,1359,156,1435,207,Sep06_0/97-20190831132930-snapshot.jpg
4,0,20190831,133000,75,2,1574,434,1653,492,Sep06_0/97-20190831133000-snapshot.jpg
4,0,20190831,133600,73,2,855,99,940,191,Sep06_0/97-20190831133600-snapshot.jpg
4,0,20190831,133630,70,2,240,5,318,90,Sep06_0/97-20190831133630-snapshot.jpg
4,0,20190831,133730,77,2,1474,240,1528,301,Sep06_0/97-20190831133730-snapshot.jpg
4,0,20190831,133800,52,2,843,87,922,151,Sep06_0/97-20190831133800-snapshot.jpg
4,0,20190831,133830,80,2,1388,606,1481,659,Sep06_0/97-20190831133830-snapshot.jpg
4,0,20190831,133900,84,2,1198,607,1252,681,Sep06_0/97-20190831133900-snapshot.jpg
4,0,20190831,134000,81,2,414,683,497,748,Sep06_0/97-20190831134000-snapshot.jpg
4,0,20190831,134230,85,8,1622,492,1682,551,Sep06_0/97-20190831134230-snapshot.jpg
4,0,20190831,134330,81,2,468,653,552,709,Sep06_0/97-20190831134330-snapshot.jpg
4,0,20190831,134530,80,2,946,377,1004,456,Sep06_0/97-20190831134530-snapshot.jpg
4,0,20190831,134930,80,2,336,982,420,1033,Sep06_0/97-20190831134930-snapshot.jpg
4,0,20190831,135300,66,2,600,754,650,814,Sep06_0/97-20190831135300-snapshot.jpg
4,0,20190831,135330,66,2,1354,64,1427,129,Sep06_0/97-20190831135330-snapshot.jpg
4,0,20190831,135400,87,2,1509,574,1604,624,Sep06_0/97-20190831135400-snapshot.jpg
4,0,20190831,135630,82,2,486,671,572,724,Sep06_0/97-20190831135630-snapshot.jpg
4,0,20190831,135630,83,2,87,982,171,1033,Sep06_0/97-20190831135630-snapshot.jpg
4,0,20190831,135800,75,2,1680,645,1780,712,Sep06_0/97-20190831135800-snapshot.jpg
4,0,20190831,140230,80,2,570,157,650,230,Sep06_0/97-20190831140230-snapshot.jpg
4,0,20190831,140630,86,2,814,201,869,272,Sep06_0/97-20190831140630-snapshot.jpg
4,0,20190831,140800,71,2,489,908,553,970,Sep06_0/97-20190831140800-snapshot.jpg
4,0,20190831,140830,79,2,549,898,604,966,Sep06_0/97-20190831140830-snapshot.jpg
4,0,20190831,140900,71,2,1544,417,1622,479,Sep06_0/97-20190831140900-snapshot.jpg
4,0,20190831,140930,82,2,1079,519,1151,577,Sep06_0/97-20190831140930-snapshot.jpg
4,0,20190831,141030,86,2,626,701,683,772,Sep06_0/97-20190831141030-snapshot.jpg
4,0,20190831,141230,81,2,1301,802,1379,846,Sep06_0/97-20190831141230-snapshot.jpg
4,0,20190831,141300,83,2,474,639,536,714,Sep06_0/97-20190831141300-snapshot.jpg
4,0,20190831,141300,85,2,860,960,934,1026,Sep06_0/97-20190831141300-snapshot.jpg
4,0,20190831,141830,75,2,535,91,602,166,Sep06_0/97-20190831141830-snapshot.jpg
4,0,20190831,142430,31,2,1380,612,1464,670,Sep06_0/97-20190831142430-snapshot.jpg
4,0,20190831,142430,73,2,0,902,46,975,Sep06_0/97-20190831142430-snapshot.jpg
4,0,20190831,142730,41,2,1381,0,1464,53,Sep06_0/97-20190831142730-snapshot.jpg
4,0,20190831,142830,83,2,731,389,815,450,Sep06_0/97-20190831142830-snapshot.jpg
4,0,20190831,142830,83,2,819,248,871,317,Sep06_0/97-20190831142830-snapshot.jpg
4,0,20190831,142900,87,2,461,570,539,642,Sep06_0/97-20190831142900-snapshot.jpg
4,0,20190831,142930,45,2,1616,490,1688,553,Sep06_0/97-20190831142930-snapshot.jpg
4,0,20190831,142930,72,8,1617,490,1686,554,Sep06_0/97-20190831142930-snapshot.jpg
4,0,20190831,143230,84,2,1191,590,1272,654,Sep06_0/97-20190831143230-snapshot.jpg
4,0,20190831,143430,87,2,252,118,337,184,Sep06_0/97-20190831143430-snapshot.jpg
4,0,20190831,143500,74,2,1855,573,1920,629,Sep06_0/97-20190831143500-snapshot.jpg
4,0,20190831,143500,76,2,1053,701,1111,762,Sep06_0/97-20190831143500-snapshot.jpg
4,0,20190831,143700,80,2,857,986,916,1058,Sep06_0/97-20190831143700-snapshot.jpg
4,0,20190831,143730,84,2,607,417,688,478,Sep06_0/97-20190831143730-snapshot.jpg
4,0,20190831,143800,86,2,127,277,211,342,Sep06_0/97-20190831143800-snapshot.jpg
4,0,20190831,143900,86,2,831,601,887,673,Sep06_0/97-20190831143900-snapshot.jpg
4,0,20190831,144030,80,2,1110,371,1177,434,Sep06_0/97-20190831144030-snapshot.jpg
4,0,20190831,144300,75,2,1304,1025,1399,1080,Sep06_0/97-20190831144300-snapshot.jpg
4,0,20190831,144630,82,2,1215,431,1290,500,Sep06_0/97-20190831144630-snapshot.jpg
4,0,20190831,144800,76,2,0,900,54,966,Sep06_0/97-20190831144800-snapshot.jpg
4,0,20190831,144830,80,2,947,99,1030,147,Sep06_0/97-20190831144830-snapshot.jpg
4,0,20190831,145100,51,2,90,1032,148,1080,Sep06_0/97-20190831145100-snapshot.jpg
4,0,20190831,145300,80,2,629,749,710,801,Sep06_0/97-20190831145300-snapshot.jpg
4,0,20190831,145400,63,2,578,335,660,411,Sep06_0/97-20190831145400-snapshot.jpg
4,0,20190831,145400,77,2,1005,752,1079,806,Sep06_0/97-20190831145400-snapshot.jpg
4,0,20190831,145600,78,2,405,203,481,257,Sep06_0/97-20190831145600-snapshot.jpg
4,0,20190831,145600,84,2,507,512,590,563,Sep06_0/97-20190831145600-snapshot.jpg
4,0,20190831,145700,80,2,438,410,497,477,Sep06_0/97-20190831145700-snapshot.jpg
4,0,20190831,145800,73,2,1499,172,1566,251,Sep06_0/97-20190831145800-snapshot.jpg
4,0,20190831,145800,76,2,394,886,493,973,Sep06_0/97-20190831145800-snapshot.jpg
4,0,20190831,145830,81,2,1296,611,1360,673,Sep06_0/97-20190831145830-snapshot.jpg
4,0,20190831,145900,84,2,604,782,660,851,Sep06_0/97-20190831145900-snapshot.jpg
4,0,20190831,150200,73,2,1575,17,1638,94,Sep06_0/97-20190831150200-snapshot.jpg
4,0,20190831,150200,81,2,1089,552,1167,596,Sep06_0/97-20190831150200-snapshot.jpg
4,0,20190831,150230,62,2,148,213,204,275,Sep06_0/97-20190831150230-snapshot.jpg
4,0,20190831,150230,74,2,541,859,619,923,Sep06_0/97-20190831150230-snapshot.jpg
4,0,20190831,150630,75,2,1812,618,1910,702,Sep06_0/97-20190831150630-snapshot.jpg
4,0,20190831,150630,79,2,1589,405,1675,489,Sep06_0/97-20190831150630-snapshot.jpg
4,0,20190831,150800,50,2,1545,0,1630,59,Sep06_0/97-20190831150800-snapshot.jpg
4,0,20190831,150830,85,2,1282,592,1369,640,Sep06_0/97-20190831150830-snapshot.jpg
4,0,20190831,150900,70,2,1354,279,1405,331,Sep06_0/97-20190831150900-snapshot.jpg
4,0,20190831,150930,74,2,1220,876,1305,919,Sep06_0/97-20190831150930-snapshot.jpg
4,0,20190831,150930,79,2,299,764,371,835,Sep06_0/97-20190831150930-snapshot.jpg
4,0,20190831,151100,76,2,1286,612,1347,680,Sep06_0/97-20190831151100-snapshot.jpg
4,0,20190831,151200,76,2,524,922,605,971,Sep06_0/97-20190831151200-snapshot.jpg
4,0,20190831,151200,82,2,1085,508,1161,573,Sep06_0/97-20190831151200-snapshot.jpg
4,0,20190831,151200,83,2,975,613,1036,686,Sep06_0/97-20190831151200-snapshot.jpg
4,0,20190831,151300,78,2,213,62,277,140,Sep06_0/97-20190831151300-snapshot.jpg
4,0,20190831,151330,83,2,1482,266,1534,330,Sep06_0/97-20190831151330-snapshot.jpg
4,0,20190831,151400,53,2,420,1044,483,1080,Sep06_0/97-20190831151400-snapshot.jpg
4,0,20190831,151400,75,2,522,99,584,169,Sep06_0/97-20190831151400-snapshot.jpg
4,0,20190831,151600,61,2,849,68,914,137,Sep06_0/97-20190831151600-snapshot.jpg
4,0,20190831,151700,66,2,1461,301,1527,363,Sep06_0/97-20190831151700-snapshot.jpg
4,0,20190831,151900,86,2,454,356,513,429,Sep06_0/97-20190831151900-snapshot.jpg
4,0,20190831,151930,65,2,707,256,782,321,Sep06_0/97-20190831151930-snapshot.jpg
4,0,20190831,151930,73,2,480,760,561,822,Sep06_0/97-20190831151930-snapshot.jpg
4,0,20190831,152200,77,2,959,802,1031,868,Sep06_0/97-20190831152200-snapshot.jpg
4,0,20190831,152230,86,2,742,361,807,439,Sep06_0/97-20190831152230-snapshot.jpg
4,0,20190831,152300,74,2,311,988,373,1058,Sep06_0/97-20190831152300-snapshot.jpg
4,0,20190831,152300,79,2,1188,844,1269,904,Sep06_0/97-20190831152300-snapshot.jpg
4,0,20190831,152330,68,2,1568,571,1638,628,Sep06_0/97-20190831152330-snapshot.jpg
4,0,20190831,152330,80,2,650,684,705,741,Sep06_0/97-20190831152330-snapshot.jpg
4,0,20190831,152430,66,2,466,933,540,1000,Sep06_0/97-20190831152430-snapshot.jpg
4,0,20190831,152430,82,2,1529,563,1610,630,Sep06_0/97-20190831152430-snapshot.jpg
4,0,20190831,152500,66,2,925,455,981,513,Sep06_0/97-20190831152500-snapshot.jpg
4,0,20190831,152530,66,2,267,919,350,972,Sep06_0/97-20190831152530-snapshot.jpg
4,0,20190831,152800,59,2,311,895,373,958,Sep06_0/97-20190831152800-snapshot.jpg
4,0,20190831,152830,86,2,400,863,490,924,Sep06_0/97-20190831152830-snapshot.jpg
4,0,20190831,152900,82,2,528,88,604,158,Sep06_0/97-20190831152900-snapshot.jpg
4,0,20190831,152930,81,2,1481,281,1535,351,Sep06_0/97-20190831152930-snapshot.jpg
4,0,20190831,152930,85,2,523,837,601,899,Sep06_0/97-20190831152930-snapshot.jpg
4,0,20190831,153000,84,2,963,2,1021,76,Sep06_0/97-20190831153000-snapshot.jpg
4,0,20190831,153030,83,2,745,245,824,302,Sep06_0/97-20190831153030-snapshot.jpg
4,0,20190831,153100,83,2,454,190,532,243,Sep06_0/97-20190831153100-snapshot.jpg
4,0,20190831,153100,86,2,1447,591,1538,641,Sep06_0/97-20190831153100-snapshot.jpg
4,0,20190831,153130,86,2,644,760,698,835,Sep06_0/97-20190831153130-snapshot.jpg
4,0,20190831,153200,76,2,676,786,756,841,Sep06_0/97-20190831153200-snapshot.jpg
4,0,20190831,153400,80,2,751,221,821,282,Sep06_0/97-20190831153400-snapshot.jpg
4,0,20190831,153430,81,2,324,812,402,864,Sep06_0/97-20190831153430-snapshot.jpg
4,0,20190831,153430,81,2,859,108,932,171,Sep06_0/97-20190831153430-snapshot.jpg
4,0,20190831,153600,86,2,507,682,563,757,Sep06_0/97-20190831153600-snapshot.jpg
4,0,20190831,154000,61,2,932,488,988,553,Sep06_0/97-20190831154000-snapshot.jpg
4,0,20190831,154100,83,2,1308,298,1365,373,Sep06_0/97-20190831154100-snapshot.jpg
4,0,20190831,154200,75,2,1534,60,1610,118,Sep06_0/97-20190831154200-snapshot.jpg
4,0,20190831,154500,73,2,1243,871,1322,937,Sep06_0/97-20190831154500-snapshot.jpg
4,0,20190831,154530,82,2,449,570,529,618,Sep06_0/97-20190831154530-snapshot.jpg
4,0,20190831,154830,76,2,415,894,500,977,Sep06_0/97-20190831154830-snapshot.jpg
4,0,20190831,155000,78,2,1451,604,1547,654,Sep06_0/97-20190831155000-snapshot.jpg
4,0,20190831,155200,77,2,982,144,1077,231,Sep06_0/97-20190831155200-snapshot.jpg
4,0,20190831,155230,79,2,1147,778,1210,845,Sep06_0/97-20190831155230-snapshot.jpg
4,0,20190831,155500,63,2,1160,767,1230,833,Sep06_0/97-20190831155500-snapshot.jpg
4,0,20190831,155630,73,2,1623,471,1687,528,Sep06_0/97-20190831155630-snapshot.jpg
4,0,20190831,155700,86,2,658,762,741,815,Sep06_0/97-20190831155700-snapshot.jpg
4,0,20190831,160000,84,2,151,151,243,205,Sep06_0/97-20190831160000-snapshot.jpg
4,0,20190831,160100,50,2,571,981,662,1063,Sep06_0/97-20190831160100-snapshot.jpg
4,0,20190831,160130,85,2,1284,638,1340,711,Sep06_0/97-20190831160130-snapshot.jpg
4,0,20190831,160200,79,2,620,719,671,790,Sep06_0/97-20190831160200-snapshot.jpg
4,0,20190831,160500,86,2,642,700,694,771,Sep06_0/97-20190831160500-snapshot.jpg
4,0,20190831,160630,85,2,824,227,878,300,Sep06_0/97-20190831160630-snapshot.jpg
4,0,20190831,160930,86,2,1215,599,1303,644,Sep06_0/97-20190831160930-snapshot.jpg
4,0,20190831,161030,85,2,134,142,215,221,Sep06_0/97-20190831161030-snapshot.jpg
4,0,20190831,161100,85,2,523,767,597,835,Sep06_0/97-20190831161100-snapshot.jpg
4,0,20190831,161200,81,2,1292,609,1362,664,Sep06_0/97-20190831161200-snapshot.jpg
4,0,20190831,161630,50,2,1620,490,1683,551,Sep06_0/97-20190831161630-snapshot.jpg
4,0,20190831,161630,54,8,1620,490,1682,551,Sep06_0/97-20190831161630-snapshot.jpg
4,0,20190831,161630,79,2,235,228,314,295,Sep06_0/97-20190831161630-snapshot.jpg
4,0,20190831,161630,87,2,621,703,677,781,Sep06_0/97-20190831161630-snapshot.jpg
4,0,20190831,162030,75,2,1405,139,1516,251,Sep06_0/97-20190831162030-snapshot.jpg
4,0,20190831,162030,76,2,409,559,493,629,Sep06_0/97-20190831162030-snapshot.jpg
4,0,20190831,162300,81,2,581,779,634,854,Sep06_0/97-20190831162300-snapshot.jpg
4,0,20190831,162330,70,2,1493,341,1552,405,Sep06_0/97-20190831162330-snapshot.jpg
4,0,20190831,162330,71,2,1222,448,1276,513,Sep06_0/97-20190831162330-snapshot.jpg
4,0,20190831,162830,81,2,944,136,999,201,Sep06_0/97-20190831162830-snapshot.jpg
4,0,20190831,163530,80,2,1179,790,1234,856,Sep06_0/97-20190831163530-snapshot.jpg
4,0,20190831,163600,84,2,944,380,998,450,Sep06_0/97-20190831163600-snapshot.jpg
4,0,20190831,163730,76,2,515,463,591,517,Sep06_0/97-20190831163730-snapshot.jpg
4,0,20190831,163730,82,2,100,993,166,1061,Sep06_0/97-20190831163730-snapshot.jpg
4,0,20190831,163800,84,2,535,457,626,511,Sep06_0/97-20190831163800-snapshot.jpg
4,0,20190831,163800,84,2,975,580,1047,644,Sep06_0/97-20190831163800-snapshot.jpg
4,0,20190831,163830,73,2,846,933,924,1003,Sep06_0/97-20190831163830-snapshot.jpg
4,0,20190831,163830,78,2,806,273,863,344,Sep06_0/97-20190831163830-snapshot.jpg
4,0,20190831,163900,74,2,307,901,381,974,Sep06_0/97-20190831163900-snapshot.jpg
4,0,20190831,163900,85,2,1295,540,1347,616,Sep06_0/97-20190831163900-snapshot.jpg
4,0,20190831,163930,78,2,1539,473,1612,549,Sep06_0/97-20190831163930-snapshot.jpg
4,0,20190831,164400,86,2,1447,598,1541,650,Sep06_0/97-20190831164400-snapshot.jpg
4,0,20190831,164600,65,2,1357,301,1415,366,Sep06_0/97-20190831164600-snapshot.jpg
4,0,20190831,164630,83,2,626,184,694,249,Sep06_0/97-20190831164630-snapshot.jpg
4,0,20190831,164730,71,2,564,857,625,924,Sep06_0/97-20190831164730-snapshot.jpg
4,0,20190831,164830,76,2,406,881,486,958,Sep06_0/97-20190831164830-snapshot.jpg
4,0,20190831,164900,83,2,1189,706,1245,775,Sep06_0/97-20190831164900-snapshot.jpg
4,0,20190831,164930,76,2,1180,804,1258,875,Sep06_0/97-20190831164930-snapshot.jpg
4,0,20190831,164930,77,2,1611,452,1685,520,Sep06_0/97-20190831164930-snapshot.jpg
4,0,20190831,165030,73,2,74,992,155,1038,Sep06_0/97-20190831165030-snapshot.jpg
4,0,20190831,165100,73,2,1566,568,1640,631,Sep06_0/97-20190831165100-snapshot.jpg
4,0,20190831,165100,87,2,950,604,1006,681,Sep06_0/97-20190831165100-snapshot.jpg
4,0,20190831,165200,83,2,1569,448,1651,505,Sep06_0/97-20190831165200-snapshot.jpg
4,0,20190831,165230,79,2,1117,483,1171,553,Sep06_0/97-20190831165230-snapshot.jpg
4,0,20190831,165300,74,2,615,760,692,810,Sep06_0/97-20190831165300-snapshot.jpg
4,0,20190831,165300,80,2,1076,526,1132,594,Sep06_0/97-20190831165300-snapshot.jpg
4,0,20190831,165330,75,2,403,993,489,1075,Sep06_0/97-20190831165330-snapshot.jpg
4,0,20190831,165330,86,2,1234,626,1313,671,Sep06_0/97-20190831165330-snapshot.jpg
4,0,20190831,165530,80,2,237,87,304,153,Sep06_0/97-20190831165530-snapshot.jpg
4,0,20190831,165600,82,2,429,395,490,471,Sep06_0/97-20190831165600-snapshot.jpg
4,0,20190831,165630,72,2,421,607,511,667,Sep06_0/97-20190831165630-snapshot.jpg
4,0,20190831,165800,30,2,400,1037,460,1080,Sep06_0/97-20190831165800-snapshot.jpg
4,0,20190831,165900,78,2,498,733,583,804,Sep06_0/97-20190831165900-snapshot.jpg
4,0,20190831,170200,71,2,637,721,718,799,Sep06_0/97-20190831170200-snapshot.jpg
4,0,20190831,170300,66,2,1437,82,1513,161,Sep06_0/97-20190831170300-snapshot.jpg
4,0,20190831,170400,75,2,691,790,772,869,Sep06_0/97-20190831170400-snapshot.jpg
4,0,20190831,170400,82,2,374,463,457,528,Sep06_0/97-20190831170400-snapshot.jpg
4,0,20190831,170600,74,2,538,850,599,915,Sep06_0/97-20190831170600-snapshot.jpg
4,0,20190831,170630,42,2,635,260,695,317,Sep06_0/97-20190831170630-snapshot.jpg
4,0,20190831,170830,51,1,1322,378,1359,412,Sep06_0/97-20190831170830-snapshot.jpg
4,0,20190831,170900,64,1,1321,377,1359,412,Sep06_0/97-20190831170900-snapshot.jpg
4,0,20190831,170930,65,1,1320,377,1358,411,Sep06_0/97-20190831170930-snapshot.jpg
4,0,20190831,170930,79,2,692,805,782,889,Sep06_0/97-20190831170930-snapshot.jpg
4,0,20190831,171000,50,1,1322,378,1359,411,Sep06_0/97-20190831171000-snapshot.jpg
4,0,20190831,171000,70,2,1250,627,1323,685,Sep06_0/97-20190831171000-snapshot.jpg
4,0,20190831,171030,58,1,1321,377,1359,412,Sep06_0/97-20190831171030-snapshot.jpg
4,0,20190831,171100,62,1,1321,378,1359,412,Sep06_0/97-20190831171100-snapshot.jpg
4,0,20190831,171130,66,2,1158,850,1227,913,Sep06_0/97-20190831171130-snapshot.jpg
4,0,20190831,171400,82,2,737,604,813,659,Sep06_0/97-20190831171400-snapshot.jpg
4,0,20190831,171400,84,2,1323,299,1393,360,Sep06_0/97-20190831171400-snapshot.jpg
4,0,20190831,171430,75,2,513,742,579,811,Sep06_0/97-20190831171430-snapshot.jpg
4,0,20190831,171430,82,2,1195,591,1279,636,Sep06_0/97-20190831171430-snapshot.jpg
4,0,20190831,171500,61,2,929,77,1011,160,Sep06_0/97-20190831171500-snapshot.jpg
4,0,20190831,171530,83,2,942,791,1020,841,Sep06_0/97-20190831171530-snapshot.jpg
4,0,20190831,171600,66,2,1564,565,1639,633,Sep06_0/97-20190831171600-snapshot.jpg
4,0,20190831,171700,77,2,627,741,705,802,Sep06_0/97-20190831171700-snapshot.jpg
4,0,20190831,171830,72,2,624,701,691,759,Sep06_0/97-20190831171830-snapshot.jpg
4,0,20190831,172000,83,2,509,757,569,826,Sep06_0/97-20190831172000-snapshot.jpg
4,0,20190831,172030,77,2,1464,285,1526,354,Sep06_0/97-20190831172030-snapshot.jpg
4,0,20190831,172100,71,2,1066,697,1124,766,Sep06_0/97-20190831172100-snapshot.jpg
4,0,20190831,172130,78,2,818,609,871,670,Sep06_0/97-20190831172130-snapshot.jpg
4,0,20190831,172200,81,2,360,302,413,368,Sep06_0/97-20190831172200-snapshot.jpg
4,0,20190831,172230,86,2,1155,435,1231,492,Sep06_0/97-20190831172230-snapshot.jpg
4,0,20190831,172300,74,2,1123,734,1191,789,Sep06_0/97-20190831172300-snapshot.jpg
4,0,20190831,172330,69,2,491,663,560,726,Sep06_0/97-20190831172330-snapshot.jpg
4,0,20190831,172330,73,2,317,978,397,1045,Sep06_0/97-20190831172330-snapshot.jpg
4,0,20190831,172700,64,2,630,718,718,792,Sep06_0/97-20190831172700-snapshot.jpg
4,0,20190831,172730,74,2,1813,679,1901,743,Sep06_0/97-20190831172730-snapshot.jpg
4,0,20190831,172800,85,2,254,115,341,179,Sep06_0/97-20190831172800-snapshot.jpg
4,0,20190831,172830,84,2,805,204,875,260,Sep06_0/97-20190831172830-snapshot.jpg
4,0,20190831,173100,84,2,1213,314,1294,368,Sep06_0/97-20190831173100-snapshot.jpg
4,0,20190831,173130,72,2,1063,700,1120,772,Sep06_0/97-20190831173130-snapshot.jpg
4,0,20190831,173130,79,2,540,817,619,864,Sep06_0/97-20190831173130-snapshot.jpg
4,0,20190831,173400,49,2,307,895,385,968,Sep06_0/97-20190831173400-snapshot.jpg
4,0,20190831,173500,70,2,1219,886,1303,960,Sep06_0/97-20190831173500-snapshot.jpg
4,0,20190831,173500,82,2,768,605,847,649,Sep06_0/97-20190831173500-snapshot.jpg
4,0,20190831,173530,78,2,1509,537,1600,610,Sep06_0/97-20190831173530-snapshot.jpg
4,0,20190831,173600,83,2,467,582,521,653,Sep06_0/97-20190831173600-snapshot.jpg
4,0,20190831,173700,79,2,1548,572,1623,633,Sep06_0/97-20190831173700-snapshot.jpg
4,0,20190831,173730,84,2,355,492,443,550,Sep06_0/97-20190831173730-snapshot.jpg
4,0,20190831,174000,83,2,1340,257,1395,325,Sep06_0/97-20190831174000-snapshot.jpg
4,0,20190831,174030,71,2,1057,699,1116,766,Sep06_0/97-20190831174030-snapshot.jpg
4,0,20190831,174030,80,2,715,779,772,845,Sep06_0/97-20190831174030-snapshot.jpg
4,0,20190831,174200,81,2,920,159,980,227,Sep06_0/97-20190831174200-snapshot.jpg
4,0,20190831,174230,82,2,1600,592,1689,653,Sep06_0/97-20190831174230-snapshot.jpg
4,0,20190831,174500,71,2,0,898,54,961,Sep06_0/97-20190831174500-snapshot.jpg
4,0,20190831,174700,71,2,914,65,991,155,Sep06_0/97-20190831174700-snapshot.jpg
4,0,20190831,174730,78,2,635,328,695,402,Sep06_0/97-20190831174730-snapshot.jpg
4,0,20190831,174800,66,2,411,622,497,693,Sep06_0/97-20190831174800-snapshot.jpg
4,0,20190831,174800,80,2,1608,512,1663,587,Sep06_0/97-20190831174800-snapshot.jpg
4,0,20190831,174830,76,2,543,826,615,883,Sep06_0/97-20190831174830-snapshot.jpg
4,0,20190831,174830,84,2,934,523,1012,585,Sep06_0/97-20190831174830-snapshot.jpg
4,0,20190831,174900,83,2,1075,557,1146,606,Sep06_0/97-20190831174900-snapshot.jpg
4,0,20190831,174930,72,2,562,774,640,842,Sep06_0/97-20190831174930-snapshot.jpg
4,0,20190831,174930,77,2,1448,226,1519,301,Sep06_0/97-20190831174930-snapshot.jpg
4,0,20190831,175000,86,2,420,538,490,613,Sep06_0/97-20190831175000-snapshot.jpg
4,0,20190831,175230,82,2,0,1020,65,1078,Sep06_0/97-20190831175230-snapshot.jpg
4,0,20190831,175530,86,2,806,193,860,260,Sep06_0/97-20190831175530-snapshot.jpg
4,0,20190831,175600,74,2,1474,309,1546,365,Sep06_0/97-20190831175600-snapshot.jpg
4,0,20190831,175630,76,2,1567,556,1645,629,Sep06_0/97-20190831175630-snapshot.jpg
4,0,20190831,175700,34,1,1476,521,1536,578,Sep06_0/97-20190831175700-snapshot.jpg
4,0,20190831,175730,60,1,1474,521,1535,579,Sep06_0/97-20190831175730-snapshot.jpg
4,0,20190831,175800,47,1,1477,518,1540,579,Sep06_0/97-20190831175800-snapshot.jpg
4,0,20190831,175800,78,2,420,705,501,787,Sep06_0/97-20190831175800-snapshot.jpg
4,0,20190831,175830,42,1,1476,521,1534,577,Sep06_0/97-20190831175830-snapshot.jpg
4,0,20190831,175900,78,1,1477,512,1542,577,Sep06_0/97-20190831175900-snapshot.jpg
4,0,20190831,175930,74,1,1475,517,1538,579,Sep06_0/97-20190831175930-snapshot.jpg
4,0,20190831,180000,75,1,1483,508,1549,575,Sep06_0/97-20190831180000-snapshot.jpg
4,0,20190831,180030,76,1,1483,508,1549,574,Sep06_0/97-20190831180030-snapshot.jpg
4,0,20190831,180100,73,1,1483,507,1550,574,Sep06_0/97-20190831180100-snapshot.jpg
4,0,20190831,180130,73,1,1483,509,1549,574,Sep06_0/97-20190831180130-snapshot.jpg
4,0,20190831,180200,76,1,1483,508,1550,575,Sep06_0/98-20190831180200-snapshot.jpg
4,0,20190831,180230,76,1,1483,509,1548,574,Sep06_0/98-20190831180230-snapshot.jpg
4,0,20190831,180300,75,1,1483,508,1548,574,Sep06_0/98-20190831180300-snapshot.jpg
4,0,20190831,180300,76,2,1596,489,1673,536,Sep06_0/98-20190831180300-snapshot.jpg
4,0,20190831,180330,76,1,1483,509,1548,574,Sep06_0/98-20190831180330-snapshot.jpg
4,0,20190831,180400,77,2,873,283,957,367,Sep06_0/98-20190831180400-snapshot.jpg
4,0,20190831,180400,77,1,1484,508,1548,573,Sep06_0/98-20190831180400-snapshot.jpg
4,0,20190831,180400,81,2,810,775,884,834,Sep06_0/98-20190831180400-snapshot.jpg
4,0,20190831,180430,76,1,1483,508,1549,575,Sep06_0/98-20190831180430-snapshot.jpg
4,0,20190831,180430,78,2,94,963,176,1030,Sep06_0/98-20190831180430-snapshot.jpg
4,0,20190831,180500,63,2,803,606,875,667,Sep06_0/98-20190831180500-snapshot.jpg
4,0,20190831,180500,77,1,1483,509,1548,574,Sep06_0/98-20190831180500-snapshot.jpg
4,0,20190831,180530,78,1,1483,508,1548,575,Sep06_0/98-20190831180530-snapshot.jpg
4,0,20190831,180600,76,1,1483,509,1549,574,Sep06_0/98-20190831180600-snapshot.jpg
4,0,20190831,180630,78,1,1483,508,1548,573,Sep06_0/98-20190831180630-snapshot.jpg
4,0,20190831,180700,77,1,1483,508,1548,574,Sep06_0/98-20190831180700-snapshot.jpg
4,0,20190831,180730,77,1,1483,509,1548,575,Sep06_0/98-20190831180730-snapshot.jpg
4,0,20190831,180730,80,2,505,951,567,1018,Sep06_0/98-20190831180730-snapshot.jpg
4,0,20190831,180800,63,2,1478,270,1549,337,Sep06_0/98-20190831180800-snapshot.jpg
4,0,20190831,180800,78,1,1483,509,1548,574,Sep06_0/98-20190831180800-snapshot.jpg
4,0,20190831,180800,83,2,1188,595,1257,661,Sep06_0/98-20190831180800-snapshot.jpg
4,0,20190831,180830,76,1,1483,509,1548,574,Sep06_0/98-20190831180830-snapshot.jpg
4,0,20190831,180900,77,1,1483,509,1548,574,Sep06_0/98-20190831180900-snapshot.jpg
4,0,20190831,180930,73,2,433,547,494,617,Sep06_0/98-20190831180930-snapshot.jpg
4,0,20190831,180930,78,1,1482,508,1549,575,Sep06_0/98-20190831180930-snapshot.jpg
4,0,20190831,181000,52,2,0,918,47,971,Sep06_0/98-20190831181000-snapshot.jpg
4,0,20190831,181000,60,2,420,1032,477,1080,Sep06_0/98-20190831181000-snapshot.jpg
4,0,20190831,181000,72,2,907,89,1004,157,Sep06_0/98-20190831181000-snapshot.jpg
4,0,20190831,181000,78,1,1482,509,1548,574,Sep06_0/98-20190831181000-snapshot.jpg
4,0,20190831,181030,78,1,1482,509,1549,575,Sep06_0/98-20190831181030-snapshot.jpg
4,0,20190831,181100,68,2,535,916,610,986,Sep06_0/98-20190831181100-snapshot.jpg
4,0,20190831,181100,79,1,1483,509,1549,575,Sep06_0/98-20190831181100-snapshot.jpg
4,0,20190831,181130,78,1,1483,508,1549,574,Sep06_0/98-20190831181130-snapshot.jpg
4,0,20190831,181130,85,2,752,601,820,665,Sep06_0/98-20190831181130-snapshot.jpg
4,0,20190831,181200,79,1,1482,509,1548,574,Sep06_0/98-20190831181200-snapshot.jpg
4,0,20190831,181230,77,1,1482,509,1548,574,Sep06_0/98-20190831181230-snapshot.jpg
4,0,20190831,181300,77,1,1483,509,1548,574,Sep06_0/98-20190831181300-snapshot.jpg
4,0,20190831,181330,79,1,1483,508,1549,574,Sep06_0/98-20190831181330-snapshot.jpg
4,0,20190831,181400,78,1,1483,509,1549,574,Sep06_0/98-20190831181400-snapshot.jpg
4,0,20190831,181400,81,2,970,566,1045,628,Sep06_0/98-20190831181400-snapshot.jpg
4,0,20190831,181430,78,1,1483,508,1550,574,Sep06_0/98-20190831181430-snapshot.jpg
4,0,20190831,181500,77,1,1484,509,1550,574,Sep06_0/98-20190831181500-snapshot.jpg
4,0,20190831,181530,78,1,1483,509,1549,573,Sep06_0/98-20190831181530-snapshot.jpg
4,0,20190831,181600,68,2,1797,833,1858,902,Sep06_0/98-20190831181600-snapshot.jpg
4,0,20190831,181600,76,2,383,893,470,967,Sep06_0/98-20190831181600-snapshot.jpg
4,0,20190831,181600,77,1,1484,508,1550,574,Sep06_0/98-20190831181600-snapshot.jpg
4,0,20190831,181600,87,2,512,84,570,158,Sep06_0/98-20190831181600-snapshot.jpg
4,0,20190831,181630,76,2,637,726,691,788,Sep06_0/98-20190831181630-snapshot.jpg
4,0,20190831,181630,79,1,1484,508,1550,574,Sep06_0/98-20190831181630-snapshot.jpg
4,0,20190831,181700,70,2,1397,616,1482,678,Sep06_0/98-20190831181700-snapshot.jpg
4,0,20190831,181700,71,2,658,412,725,471,Sep06_0/98-20190831181700-snapshot.jpg
4,0,20190831,181700,78,1,1484,509,1549,573,Sep06_0/98-20190831181700-snapshot.jpg
4,0,20190831,181730,76,1,1483,508,1550,574,Sep06_0/98-20190831181730-snapshot.jpg
4,0,20190831,181800,36,2,1138,839,1216,903,Sep06_0/98-20190831181800-snapshot.jpg
4,0,20190831,181800,77,1,1483,508,1548,574,Sep06_0/98-20190831181800-snapshot.jpg
4,0,20190831,181830,74,1,1483,507,1551,573,Sep06_0/98-20190831181830-snapshot.jpg
4,0,20190831,181830,79,2,1113,747,1183,786,Sep06_0/98-20190831181830-snapshot.jpg
4,0,20190831,181830,87,6,1020,287,1109,371,Sep06_0/98-20190831181830-snapshot.jpg
4,0,20190831,181900,79,1,1483,507,1550,573,Sep06_0/98-20190831181900-snapshot.jpg
4,0,20190831,181900,87,2,1192,441,1242,513,Sep06_0/98-20190831181900-snapshot.jpg
4,0,20190831,181930,72,2,1386,613,1485,675,Sep06_0/98-20190831181930-snapshot.jpg
4,0,20190831,181930,78,1,1483,505,1551,573,Sep06_0/98-20190831181930-snapshot.jpg
4,0,20190831,182000,77,1,1483,507,1549,573,Sep06_0/98-20190831182000-snapshot.jpg
4,0,20190831,182030,77,2,808,782,885,849,Sep06_0/98-20190831182030-snapshot.jpg
4,0,20190831,182030,77,1,1483,507,1550,573,Sep06_0/98-20190831182030-snapshot.jpg
4,0,20190831,182030,79,2,922,485,992,541,Sep06_0/98-20190831182030-snapshot.jpg
4,0,20190831,182100,79,1,1483,507,1550,573,Sep06_0/98-20190831182100-snapshot.jpg
4,0,20190831,182130,78,1,1484,507,1550,573,Sep06_0/98-20190831182130-snapshot.jpg
4,0,20190831,182200,77,1,1483,507,1549,573,Sep06_0/98-20190831182200-snapshot.jpg
4,0,20190831,182200,80,2,734,604,811,664,Sep06_0/98-20190831182200-snapshot.jpg
4,0,20190831,182230,78,1,1483,508,1549,573,Sep06_0/98-20190831182230-snapshot.jpg
4,0,20190831,182300,61,2,123,212,183,281,Sep06_0/98-20190831182300-snapshot.jpg
4,0,20190831,182300,75,1,1481,510,1547,574,Sep06_0/98-20190831182300-snapshot.jpg
4,0,20190831,182330,74,1,1470,516,1535,573,Sep06_0/98-20190831182330-snapshot.jpg
4,0,20190831,182400,77,1,1478,513,1543,575,Sep06_0/98-20190831182400-snapshot.jpg
4,0,20190831,182430,76,1,1473,516,1537,576,Sep06_0/98-20190831182430-snapshot.jpg
4,0,20190831,182500,75,1,1473,516,1538,576,Sep06_0/98-20190831182500-snapshot.jpg
4,0,20190831,182500,81,2,604,368,657,436,Sep06_0/98-20190831182500-snapshot.jpg
4,0,20190831,182530,73,1,1474,515,1539,576,Sep06_0/98-20190831182530-snapshot.jpg
4,0,20190831,182600,75,1,1472,515,1537,576,Sep06_0/98-20190831182600-snapshot.jpg
4,0,20190831,182630,74,2,578,201,653,254,Sep06_0/98-20190831182630-snapshot.jpg
4,0,20190831,182630,77,1,1475,517,1537,574,Sep06_0/98-20190831182630-snapshot.jpg
4,0,20190831,182700,79,2,1386,609,1478,675,Sep06_0/98-20190831182700-snapshot.jpg
4,0,20190831,182700,80,1,1477,516,1543,579,Sep06_0/98-20190831182700-snapshot.jpg
4,0,20190831,182730,81,1,1479,515,1544,578,Sep06_0/98-20190831182730-snapshot.jpg
4,0,20190831,182730,83,2,313,914,388,968,Sep06_0/98-20190831182730-snapshot.jpg
4,0,20190831,182800,82,1,1478,515,1543,578,Sep06_0/98-20190831182800-snapshot.jpg
4,0,20190831,182830,81,1,1479,515,1543,578,Sep06_0/98-20190831182830-snapshot.jpg
4,0,20190831,182900,82,1,1479,515,1544,578,Sep06_0/98-20190831182900-snapshot.jpg
4,0,20190831,182930,82,1,1479,515,1544,577,Sep06_0/98-20190831182930-snapshot.jpg
4,0,20190831,183000,82,1,1479,515,1544,577,Sep06_0/98-20190831183000-snapshot.jpg
4,0,20190831,183030,81,1,1479,515,1544,578,Sep06_0/98-20190831183030-snapshot.jpg
4,0,20190831,183100,81,1,1479,514,1545,578,Sep06_0/98-20190831183100-snapshot.jpg
4,0,20190831,183130,79,8,0,114,46,172,Sep06_0/98-20190831183130-snapshot.jpg
4,0,20190831,183130,81,1,1479,514,1544,578,Sep06_0/98-20190831183130-snapshot.jpg
4,0,20190831,183200,81,1,1478,514,1543,578,Sep06_0/98-20190831183200-snapshot.jpg
4,0,20190831,183230,81,1,1478,514,1544,578,Sep06_0/98-20190831183230-snapshot.jpg
4,0,20190831,183300,81,1,1478,512,1545,578,Sep06_0/98-20190831183300-snapshot.jpg
4,0,20190831,183300,84,4,1231,630,1319,691,Sep06_0/98-20190831183300-snapshot.jpg
4,0,20190831,183300,84,2,601,135,673,206,Sep06_0/98-20190831183300-snapshot.jpg
4,0,20190831,183330,81,1,1479,512,1546,578,Sep06_0/98-20190831183330-snapshot.jpg
4,0,20190831,183330,81,3,940,799,1016,861,Sep06_0/98-20190831183330-snapshot.jpg
4,0,20190831,183400,79,2,1273,514,1342,570,Sep06_0/98-20190831183400-snapshot.jpg
4,0,20190831,183400,79,1,1476,512,1542,576,Sep06_0/98-20190831183400-snapshot.jpg
4,0,20190831,183430,80,1,1476,513,1543,577,Sep06_0/98-20190831183430-snapshot.jpg
4,0,20190831,183500,70,1,1479,508,1547,576,Sep06_0/98-20190831183500-snapshot.jpg
4,0,20190831,183530,80,1,1475,512,1541,577,Sep06_0/98-20190831183530-snapshot.jpg
4,0,20190831,183600,80,1,1474,512,1542,577,Sep06_0/98-20190831183600-snapshot.jpg
4,0,20190831,183630,79,1,1475,512,1542,577,Sep06_0/98-20190831183630-snapshot.jpg
4,0,20190831,183630,84,2,1,889,62,958,Sep06_0/98-20190831183630-snapshot.jpg
4,0,20190831,183700,78,1,1481,508,1548,576,Sep06_0/98-20190831183700-snapshot.jpg
4,0,20190831,183700,86,2,557,451,617,537,Sep06_0/98-20190831183700-snapshot.jpg
4,0,20190831,183730,78,1,1480,508,1547,576,Sep06_0/98-20190831183730-snapshot.jpg
4,0,20190831,183800,78,1,1480,509,1547,576,Sep06_0/98-20190831183800-snapshot.jpg
4,0,20190831,183830,76,1,1480,508,1547,575,Sep06_0/98-20190831183830-snapshot.jpg
4,0,20190831,183900,74,1,1481,509,1547,574,Sep06_0/98-20190831183900-snapshot.jpg
4,0,20190831,183900,84,2,944,837,1004,906,Sep06_0/98-20190831183900-snapshot.jpg
4,0,20190831,183930,73,1,1481,509,1546,574,Sep06_0/98-20190831183930-snapshot.jpg
4,0,20190831,184000,67,1,1480,508,1545,574,Sep06_0/98-20190831184000-snapshot.jpg
4,0,20190831,184000,85,2,1096,734,1172,782,Sep06_0/98-20190831184000-snapshot.jpg
4,0,20190831,184030,69,1,1479,510,1542,573,Sep06_0/98-20190831184030-snapshot.jpg
4,0,20190831,184030,76,2,620,717,690,775,Sep06_0/98-20190831184030-snapshot.jpg
4,0,20190831,184100,67,1,1479,510,1542,572,Sep06_0/98-20190831184100-snapshot.jpg
4,0,20190831,184130,68,1,1479,510,1542,573,Sep06_0/98-20190831184130-snapshot.jpg
4,0,20190831,184200,67,1,1481,510,1543,572,Sep06_0/98-20190831184200-snapshot.jpg
4,0,20190831,184230,65,1,1481,509,1544,573,Sep06_0/98-20190831184230-snapshot.jpg
4,0,20190831,184300,67,1,1478,506,1542,572,Sep06_0/98-20190831184300-snapshot.jpg
4,0,20190831,184330,67,1,1479,510,1542,572,Sep06_0/98-20190831184330-snapshot.jpg
4,0,20190831,184400,66,1,1481,510,1544,573,Sep06_0/98-20190831184400-snapshot.jpg
4,0,20190831,184430,69,1,1481,509,1545,573,Sep06_0/98-20190831184430-snapshot.jpg
4,0,20190831,184430,78,2,441,413,517,478,Sep06_0/98-20190831184430-snapshot.jpg
4,0,20190831,184500,68,1,1481,509,1545,573,Sep06_0/98-20190831184500-snapshot.jpg
4,0,20190831,184530,65,1,1479,510,1542,572,Sep06_0/98-20190831184530-snapshot.jpg
4,0,20190831,184600,65,1,1480,510,1544,573,Sep06_0/98-20190831184600-snapshot.jpg
4,0,20190831,184630,63,1,1481,508,1545,573,Sep06_0/98-20190831184630-snapshot.jpg
4,0,20190831,184700,63,1,1481,509,1544,573,Sep06_0/98-20190831184700-snapshot.jpg
4,0,20190831,184730,62,1,1480,509,1544,574,Sep06_0/98-20190831184730-snapshot.jpg
4,0,20190831,184800,65,1,1480,509,1544,574,Sep06_0/98-20190831184800-snapshot.jpg
4,0,20190831,184800,81,2,979,644,1055,708,Sep06_0/98-20190831184800-snapshot.jpg
4,0,20190831,184800,83,2,692,776,776,838,Sep06_0/98-20190831184800-snapshot.jpg
4,0,20190831,184830,69,1,1480,509,1545,574,Sep06_0/98-20190831184830-snapshot.jpg
4,0,20190831,184900,72,1,1480,509,1546,575,Sep06_0/98-20190831184900-snapshot.jpg
4,0,20190831,184930,75,1,1479,509,1545,575,Sep06_0/98-20190831184930-snapshot.jpg
4,0,20190831,185000,73,1,1479,509,1546,575,Sep06_0/98-20190831185000-snapshot.jpg
4,0,20190831,185030,70,2,712,605,771,667,Sep06_0/98-20190831185030-snapshot.jpg
4,0,20190831,185030,75,1,1480,509,1546,576,Sep06_0/98-20190831185030-snapshot.jpg
4,0,20190831,185100,58,2,1043,701,1121,779,Sep06_0/98-20190831185100-snapshot.jpg
4,0,20190831,185100,73,1,1480,509,1546,575,Sep06_0/98-20190831185100-snapshot.jpg
4,0,20190831,185130,77,1,1481,510,1547,576,Sep06_0/98-20190831185130-snapshot.jpg
4,0,20190831,185200,75,1,1480,510,1546,576,Sep06_0/98-20190831185200-snapshot.jpg
4,0,20190831,185230,74,1,1480,509,1547,575,Sep06_0/98-20190831185230-snapshot.jpg
4,0,20190831,185300,75,1,1480,509,1545,575,Sep06_0/98-20190831185300-snapshot.jpg
4,0,20190831,185300,78,2,641,765,721,828,Sep06_0/98-20190831185300-snapshot.jpg
4,0,20190831,185330,75,1,1480,509,1547,576,Sep06_0/98-20190831185330-snapshot.jpg
4,0,20190831,185400,76,1,1480,509,1545,575,Sep06_0/98-20190831185400-snapshot.jpg
4,0,20190831,185430,76,1,1480,509,1546,576,Sep06_0/98-20190831185430-snapshot.jpg
4,0,20190831,185500,71,1,1480,507,1547,575,Sep06_0/98-20190831185500-snapshot.jpg
4,0,20190831,185530,71,1,1480,508,1546,575,Sep06_0/98-20190831185530-snapshot.jpg
4,0,20190831,185600,69,2,814,602,877,659,Sep06_0/98-20190831185600-snapshot.jpg
4,0,20190831,185600,73,1,1483,514,1541,572,Sep06_0/98-20190831185600-snapshot.jpg
4,0,20190831,185630,58,1,1443,520,1496,571,Sep06_0/98-20190831185630-snapshot.jpg
4,0,20190831,185630,76,2,1406,150,1500,237,Sep06_0/98-20190831185630-snapshot.jpg
4,0,20190831,185700,60,2,1061,710,1139,778,Sep06_0/98-20190831185700-snapshot.jpg
4,0,20190831,185730,83,2,1340,309,1392,382,Sep06_0/98-20190831185730-snapshot.jpg
4,0,20190831,185830,71,2,890,105,971,163,Sep06_0/98-20190831185830-snapshot.jpg
4,0,20190831,190130,86,2,571,818,625,894,Sep06_0/98-20190831190130-snapshot.jpg
4,0,20190831,190330,78,2,431,423,512,478,Sep06_0/98-20190831190330-snapshot.jpg
4,0,20190831,190630,87,2,531,634,605,706,Sep06_0/98-20190831190630-snapshot.jpg
4,0,20190831,190930,87,2,1069,532,1119,607,Sep06_0/98-20190831190930-snapshot.jpg
4,0,20190831,191000,83,2,1510,595,1597,651,Sep06_0/98-20190831191000-snapshot.jpg
4,0,20190831,191130,84,2,727,593,808,641,Sep06_0/98-20190831191130-snapshot.jpg
4,0,20190831,191500,68,2,464,938,541,998,Sep06_0/98-20190831191500-snapshot.jpg
4,0,20190831,191900,86,2,1198,608,1258,680,Sep06_0/98-20190831191900-snapshot.jpg
4,0,20190831,191930,83,2,1574,448,1660,509,Sep06_0/98-20190831191930-snapshot.jpg
4,0,20190831,191930,86,2,1103,442,1168,515,Sep06_0/98-20190831191930-snapshot.jpg
4,0,20190831,192000,70,2,1462,316,1526,388,Sep06_0/98-20190831192000-snapshot.jpg
4,0,20190831,192100,85,2,1237,602,1323,648,Sep06_0/98-20190831192100-snapshot.jpg
4,0,20190831,192230,83,2,1323,257,1384,332,Sep06_0/98-20190831192230-snapshot.jpg
4,0,20190831,192800,85,2,1096,736,1169,796,Sep06_0/98-20190831192800-snapshot.jpg
4,0,20190831,192900,88,2,945,172,1006,252,Sep06_0/98-20190831192900-snapshot.jpg
4,0,20190831,192930,76,2,618,332,701,397,Sep06_0/98-20190831192930-snapshot.jpg
4,0,20190831,193000,84,2,615,768,670,828,Sep06_0/98-20190831193000-snapshot.jpg
4,0,20190831,193130,88,2,1182,412,1235,490,Sep06_0/98-20190831193130-snapshot.jpg
4,0,20190831,193500,74,2,450,144,516,208,Sep06_0/98-20190831193500-snapshot.jpg
4,0,20190831,193530,76,2,1830,566,1910,622,Sep06_0/98-20190831193530-snapshot.jpg
4,0,20190831,194030,82,2,1051,580,1105,640,Sep06_0/98-20190831194030-snapshot.jpg
4,0,20190831,194500,79,2,433,988,497,1055,Sep06_0/98-20190831194500-snapshot.jpg
4,0,20190831,194500,79,2,1484,271,1542,341,Sep06_0/98-20190831194500-snapshot.jpg
4,0,20190831,194500,83,2,97,963,180,1014,Sep06_0/98-20190831194500-snapshot.jpg
4,0,20190831,194600,57,2,1839,586,1917,642,Sep06_0/98-20190831194600-snapshot.jpg
