4,1,20190715,094700,80,1,327,1030,372,1068,Jul25_1/01-20190715094700-snapshot.jpg
4,1,20190715,094730,77,1,327,1022,373,1062,Jul25_1/01-20190715094730-snapshot.jpg
4,1,20190715,102500,72,1,869,1047,911,1077,Jul25_1/01-20190715102500-snapshot.jpg
4,1,20190715,102600,86,1,943,990,986,1025,Jul25_1/01-20190715102600-snapshot.jpg
4,1,20190715,102830,49,1,979,750,1017,785,Jul25_1/01-20190715102830-snapshot.jpg
4,1,20190715,103300,57,1,1035,518,1074,553,Jul25_1/01-20190715103300-snapshot.jpg
4,1,20190715,103400,31,1,1035,515,1072,548,Jul25_1/01-20190715103400-snapshot.jpg
4,1,20190715,103530,80,1,1058,524,1098,560,Jul25_1/01-20190715103530-snapshot.jpg
4,1,20190715,103630,38,1,958,578,997,617,Jul25_1/01-20190715103630-snapshot.jpg
4,1,20190715,103700,48,1,887,511,932,559,Jul25_1/01-20190715103700-snapshot.jpg
4,1,20190715,103900,86,1,865,404,911,445,Jul25_1/01-20190715103900-snapshot.jpg
4,1,20190715,104030,85,1,620,204,666,243,Jul25_1/01-20190715104030-snapshot.jpg
4,1,20190715,104100,83,1,814,319,853,353,Jul25_1/01-20190715104100-snapshot.jpg
4,1,20190715,105530,87,3,140,45,222,124,Jul25_1/01-20190715105530-snapshot.jpg
4,1,20190715,110530,82,1,871,184,911,221,Jul25_1/01-20190715110530-snapshot.jpg
4,1,20190715,112400,83,1,688,83,728,123,Jul25_1/01-20190715112400-snapshot.jpg
4,1,20190715,112430,84,1,657,71,702,115,Jul25_1/01-20190715112430-snapshot.jpg
4,1,20190715,112500,85,1,649,72,696,118,Jul25_1/01-20190715112500-snapshot.jpg
4,1,20190715,112530,77,1,670,48,714,86,Jul25_1/01-20190715112530-snapshot.jpg
4,1,20190715,112600,83,1,657,64,702,106,Jul25_1/01-20190715112600-snapshot.jpg
4,1,20190715,112630,85,1,649,68,694,108,Jul25_1/01-20190715112630-snapshot.jpg
4,1,20190715,112700,84,1,647,60,693,103,Jul25_1/01-20190715112700-snapshot.jpg
4,1,20190715,112800,56,1,632,96,669,129,Jul25_1/01-20190715112800-snapshot.jpg
4,1,20190715,113130,78,1,904,100,942,133,Jul25_1/01-20190715113130-snapshot.jpg
4,1,20190715,113330,57,6,1629,586,1678,647,Jul25_1/01-20190715113330-snapshot.jpg
4,1,20190715,113400,77,1,617,246,660,287,Jul25_1/01-20190715113400-snapshot.jpg
4,1,20190715,113430,86,1,662,245,709,287,Jul25_1/01-20190715113430-snapshot.jpg
4,1,20190715,113500,25,1,606,245,647,284,Jul25_1/01-20190715113500-snapshot.jpg
4,1,20190715,113530,85,1,768,326,811,367,Jul25_1/01-20190715113530-snapshot.jpg
4,1,20190715,113600,83,1,786,318,828,357,Jul25_1/01-20190715113600-snapshot.jpg
4,1,20190715,113700,56,1,698,221,736,255,Jul25_1/01-20190715113700-snapshot.jpg
4,1,20190715,113730,84,1,612,235,657,277,Jul25_1/01-20190715113730-snapshot.jpg
4,1,20190715,113830,84,1,770,326,813,366,Jul25_1/01-20190715113830-snapshot.jpg
4,1,20190715,113930,85,1,484,85,529,125,Jul25_1/01-20190715113930-snapshot.jpg
4,1,20190715,114100,84,1,3,193,46,231,Jul25_1/01-20190715114100-snapshot.jpg
4,1,20190715,115000,84,1,75,973,117,1004,Jul25_1/01-20190715115000-snapshot.jpg
4,1,20190715,115100,29,1,215,842,256,878,Jul25_1/01-20190715115100-snapshot.jpg
4,1,20190715,115130,84,1,210,901,253,938,Jul25_1/01-20190715115130-snapshot.jpg
4,1,20190715,115200,85,1,153,906,195,947,Jul25_1/01-20190715115200-snapshot.jpg
4,1,20190715,120730,45,1,74,562,114,595,Jul25_1/01-20190715120730-snapshot.jpg
4,1,20190715,120800,28,1,73,561,113,593,Jul25_1/01-20190715120800-snapshot.jpg
4,1,20190715,121130,70,5,264,141,313,179,Jul25_1/01-20190715121130-snapshot.jpg
4,1,20190715,125100,42,5,1320,199,1371,249,Jul25_1/01-20190715125100-snapshot.jpg
4,1,20190715,125100,75,6,187,74,259,120,Jul25_1/01-20190715125100-snapshot.jpg
4,1,20190715,125500,81,5,1333,46,1380,104,Jul25_1/01-20190715125500-snapshot.jpg
4,1,20190715,130700,75,5,574,249,614,295,Jul25_1/01-20190715130700-snapshot.jpg
4,1,20190715,130730,72,5,774,392,833,448,Jul25_1/01-20190715130730-snapshot.jpg
4,1,20190715,131400,69,5,1472,1017,1552,1066,Jul25_1/01-20190715131400-snapshot.jpg
4,1,20190715,131930,82,8,461,7,517,63,Jul25_1/01-20190715131930-snapshot.jpg
4,1,20190715,132900,77,6,1432,47,1505,104,Jul25_1/01-20190715132900-snapshot.jpg
4,1,20190715,132930,81,6,1432,49,1505,105,Jul25_1/01-20190715132930-snapshot.jpg
4,1,20190715,133930,69,5,1654,9,1697,55,Jul25_1/01-20190715133930-snapshot.jpg
4,1,20190715,134000,55,2,1517,260,1572,330,Jul25_1/01-20190715134000-snapshot.jpg
4,1,20190715,134030,73,2,1611,1,1682,41,Jul25_1/01-20190715134030-snapshot.jpg
4,1,20190715,134100,35,2,457,300,534,361,Jul25_1/01-20190715134100-snapshot.jpg
4,1,20190715,135100,68,5,40,56,93,87,Jul25_1/01-20190715135100-snapshot.jpg
4,1,20190715,135530,68,5,49,45,97,90,Jul25_1/01-20190715135530-snapshot.jpg
4,1,20190715,135530,82,1,356,818,395,849,Jul25_1/01-20190715135530-snapshot.jpg
4,1,20190715,135600,82,1,356,818,395,849,Jul25_1/01-20190715135600-snapshot.jpg
4,1,20190715,135630,81,1,361,817,398,847,Jul25_1/01-20190715135630-snapshot.jpg
4,1,20190715,135700,76,1,358,816,397,847,Jul25_1/01-20190715135700-snapshot.jpg
4,1,20190715,135730,75,5,965,607,1010,648,Jul25_1/01-20190715135730-snapshot.jpg
4,1,20190715,135730,76,1,358,817,396,848,Jul25_1/01-20190715135730-snapshot.jpg
4,1,20190715,135800,82,1,341,893,383,935,Jul25_1/01-20190715135800-snapshot.jpg
4,1,20190715,135830,55,5,440,633,482,663,Jul25_1/01-20190715135830-snapshot.jpg
4,1,20190715,135830,81,1,508,764,544,794,Jul25_1/01-20190715135830-snapshot.jpg
4,1,20190715,135900,73,1,612,679,650,717,Jul25_1/01-20190715135900-snapshot.jpg
4,1,20190715,135930,82,1,676,671,720,715,Jul25_1/01-20190715135930-snapshot.jpg
4,1,20190715,140030,80,5,1350,13,1400,59,Jul25_1/01-20190715140030-snapshot.jpg
4,1,20190715,140100,62,5,1346,81,1399,114,Jul25_1/01-20190715140100-snapshot.jpg
4,1,20190715,140200,69,1,1416,265,1456,303,Jul25_1/01-20190715140200-snapshot.jpg
4,1,20190715,140230,80,1,1417,262,1459,301,Jul25_1/01-20190715140230-snapshot.jpg
4,1,20190715,140300,79,1,1417,262,1459,301,Jul25_1/01-20190715140300-snapshot.jpg
4,1,20190715,140330,77,1,1416,262,1458,301,Jul25_1/01-20190715140330-snapshot.jpg
4,1,20190715,140400,74,5,379,646,424,682,Jul25_1/01-20190715140400-snapshot.jpg
4,1,20190715,140400,78,1,1419,258,1461,298,Jul25_1/01-20190715140400-snapshot.jpg
4,1,20190715,140600,69,5,513,1043,558,1078,Jul25_1/01-20190715140600-snapshot.jpg
4,1,20190715,140630,30,5,291,789,326,821,Jul25_1/01-20190715140630-snapshot.jpg
4,1,20190715,141030,82,2,1392,95,1446,167,Jul25_1/01-20190715141030-snapshot.jpg
4,1,20190715,141300,74,5,1636,620,1685,679,Jul25_1/01-20190715141300-snapshot.jpg
4,1,20190715,141430,85,3,253,105,309,174,Jul25_1/01-20190715141430-snapshot.jpg
4,1,20190715,142300,85,2,457,458,516,531,Jul25_1/01-20190715142300-snapshot.jpg
4,1,20190715,142600,61,5,1184,656,1225,696,Jul25_1/01-20190715142600-snapshot.jpg
4,1,20190715,142700,60,5,943,643,988,678,Jul25_1/01-20190715142700-snapshot.jpg
4,1,20190715,142800,26,5,620,811,660,849,Jul25_1/01-20190715142800-snapshot.jpg
4,1,20190715,143200,42,6,607,945,666,1007,Jul25_1/01-20190715143200-snapshot.jpg
4,1,20190715,143530,82,1,1396,182,1438,219,Jul25_1/01-20190715143530-snapshot.jpg
4,1,20190715,143930,73,2,1609,572,1652,642,Jul25_1/01-20190715143930-snapshot.jpg
4,1,20190715,143930,84,1,1406,113,1450,151,Jul25_1/01-20190715143930-snapshot.jpg
4,1,20190715,144000,86,1,1414,111,1456,148,Jul25_1/01-20190715144000-snapshot.jpg
4,1,20190715,144030,41,5,200,816,248,847,Jul25_1/01-20190715144030-snapshot.jpg
4,1,20190715,144030,87,1,1414,111,1457,150,Jul25_1/01-20190715144030-snapshot.jpg
4,1,20190715,144200,48,5,0,711,30,763,Jul25_1/01-20190715144200-snapshot.jpg
4,1,20190715,144200,52,5,1601,552,1648,592,Jul25_1/01-20190715144200-snapshot.jpg
4,1,20190715,144230,76,5,178,667,221,708,Jul25_1/01-20190715144230-snapshot.jpg
4,1,20190715,144430,70,5,1507,192,1548,241,Jul25_1/01-20190715144430-snapshot.jpg
4,1,20190715,144930,78,4,91,51,147,108,Jul25_1/01-20190715144930-snapshot.jpg
4,1,20190715,145130,37,5,1091,486,1132,541,Jul25_1/01-20190715145130-snapshot.jpg
4,1,20190715,145200,67,5,8,727,55,785,Jul25_1/01-20190715145200-snapshot.jpg
4,1,20190715,145230,56,5,335,660,372,702,Jul25_1/01-20190715145230-snapshot.jpg
4,1,20190715,145500,85,4,1355,196,1432,270,Jul25_1/01-20190715145500-snapshot.jpg
4,1,20190715,145530,86,4,154,598,215,666,Jul25_1/01-20190715145530-snapshot.jpg
4,1,20190715,145600,63,5,1142,538,1196,584,Jul25_1/01-20190715145600-snapshot.jpg
4,1,20190715,145800,30,2,152,802,240,864,Jul25_1/01-20190715145800-snapshot.jpg
4,1,20190715,145800,63,5,1100,957,1149,993,Jul25_1/01-20190715145800-snapshot.jpg
4,1,20190715,150330,28,1,1487,36,1528,68,Jul25_1/01-20190715150330-snapshot.jpg
4,1,20190715,150530,86,1,1011,151,1054,192,Jul25_1/01-20190715150530-snapshot.jpg
4,1,20190715,150730,86,1,1482,136,1525,173,Jul25_1/01-20190715150730-snapshot.jpg
4,1,20190715,150800,83,1,1592,231,1633,266,Jul25_1/01-20190715150800-snapshot.jpg
4,1,20190715,150830,49,1,1768,270,1808,304,Jul25_1/01-20190715150830-snapshot.jpg
4,1,20190715,150830,82,3,214,987,304,1061,Jul25_1/01-20190715150830-snapshot.jpg
4,1,20190715,150900,70,1,1764,275,1804,310,Jul25_1/01-20190715150900-snapshot.jpg
4,1,20190715,152000,45,6,1768,725,1825,787,Jul25_1/01-20190715152000-snapshot.jpg
4,1,20190715,152130,71,5,1798,644,1843,692,Jul25_1/01-20190715152130-snapshot.jpg
4,1,20190715,152230,29,5,1685,528,1729,575,Jul25_1/01-20190715152230-snapshot.jpg
4,1,20190715,152300,38,6,1618,625,1694,692,Jul25_1/01-20190715152300-snapshot.jpg
4,1,20190715,152300,77,5,1804,53,1859,92,Jul25_1/01-20190715152300-snapshot.jpg
4,1,20190715,152730,69,5,1032,623,1070,667,Jul25_1/01-20190715152730-snapshot.jpg
4,1,20190715,153400,30,6,1743,331,1797,387,Jul25_1/01-20190715153400-snapshot.jpg
4,1,20190715,153400,37,5,1743,332,1797,386,Jul25_1/01-20190715153400-snapshot.jpg
4,1,20190715,153800,73,5,1825,678,1875,730,Jul25_1/01-20190715153800-snapshot.jpg
4,1,20190715,153900,81,5,1162,81,1222,142,Jul25_1/01-20190715153900-snapshot.jpg
4,1,20190715,154200,84,2,1208,539,1283,581,Jul25_1/01-20190715154200-snapshot.jpg
4,1,20190715,154230,72,2,1390,3,1456,44,Jul25_1/01-20190715154230-snapshot.jpg
4,1,20190715,154530,59,1,131,184,169,222,Jul25_1/01-20190715154530-snapshot.jpg
4,1,20190715,154830,58,5,1320,133,1364,175,Jul25_1/01-20190715154830-snapshot.jpg
4,1,20190715,155200,75,5,1073,733,1126,764,Jul25_1/01-20190715155200-snapshot.jpg
4,1,20190715,155700,85,2,1616,37,1677,116,Jul25_1/01-20190715155700-snapshot.jpg
4,1,20190715,155730,61,6,1795,643,1896,716,Jul25_1/01-20190715155730-snapshot.jpg
4,1,20190715,155730,73,2,1751,33,1827,82,Jul25_1/01-20190715155730-snapshot.jpg
4,1,20190715,161300,88,2,584,458,678,517,Jul25_1/01-20190715161300-snapshot.jpg
4,1,20190715,161630,83,2,438,725,528,781,Jul25_1/01-20190715161630-snapshot.jpg
4,1,20190715,161630,88,3,572,198,656,258,Jul25_1/01-20190715161630-snapshot.jpg
4,1,20190715,162800,81,2,921,687,1006,735,Jul25_1/01-20190715162800-snapshot.jpg
4,1,20190715,163330,88,3,840,880,927,947,Jul25_1/01-20190715163330-snapshot.jpg
4,1,20190715,164830,84,8,2,622,59,704,Jul25_1/01-20190715164830-snapshot.jpg
4,1,20190715,165130,53,1,102,200,141,235,Jul25_1/01-20190715165130-snapshot.jpg
4,1,20190715,165930,88,2,593,297,669,356,Jul25_1/01-20190715165930-snapshot.jpg
4,1,20190715,170030,72,5,525,1013,568,1061,Jul25_1/01-20190715170030-snapshot.jpg
4,1,20190715,170630,34,6,131,877,185,931,Jul25_1/01-20190715170630-snapshot.jpg
4,1,20190715,172130,79,6,1030,461,1086,528,Jul25_1/01-20190715172130-snapshot.jpg
4,1,20190715,172600,27,5,594,189,635,225,Jul25_1/01-20190715172600-snapshot.jpg
4,1,20190715,173500,79,2,1665,536,1727,597,Jul25_1/01-20190715173500-snapshot.jpg
4,1,20190715,174730,78,2,827,683,878,752,Jul25_1/01-20190715174730-snapshot.jpg
4,1,20190715,174800,57,2,1545,172,1604,210,Jul25_1/01-20190715174800-snapshot.jpg
4,1,20190715,175530,87,3,167,132,255,195,Jul25_1/01-20190715175530-snapshot.jpg
4,1,20190715,175800,82,8,1297,337,1372,381,Jul25_1/01-20190715175800-snapshot.jpg
4,1,20190715,180400,64,5,38,126,91,170,Jul25_1/01-20190715180400-snapshot.jpg
4,1,20190715,180500,31,5,4,700,71,748,Jul25_1/01-20190715180500-snapshot.jpg
4,1,20190715,180530,40,5,1143,432,1212,477,Jul25_1/01-20190715180530-snapshot.jpg
4,1,20190715,180600,36,5,1516,224,1557,269,Jul25_1/01-20190715180600-snapshot.jpg
4,1,20190715,180900,59,6,979,485,1039,546,Jul25_1/01-20190715180900-snapshot.jpg
4,1,20190715,181900,86,3,1124,845,1210,912,Jul25_1/01-20190715181900-snapshot.jpg
4,1,20190715,182230,27,1,1780,938,1823,979,Jul25_1/01-20190715182230-snapshot.jpg
4,1,20190715,182400,83,2,751,676,802,745,Jul25_1/01-20190715182400-snapshot.jpg
4,1,20190715,183500,76,6,133,597,184,653,Jul25_1/01-20190715183500-snapshot.jpg
4,1,20190715,183630,81,1,68,863,114,903,Jul25_1/01-20190715183630-snapshot.jpg
4,1,20190715,184100,72,5,833,687,876,728,Jul25_1/01-20190715184100-snapshot.jpg
4,1,20190715,194830,48,5,1621,607,1670,656,Jul25_1/01-20190715194830-snapshot.jpg
4,1,20190715,200300,58,1,353,464,391,500,Jul25_1/01-20190715200300-snapshot.jpg
4,1,20190715,200330,42,1,353,465,391,501,Jul25_1/01-20190715200330-snapshot.jpg
4,1,20190715,200400,34,1,353,465,392,501,Jul25_1/01-20190715200400-snapshot.jpg
4,1,20190715,200430,41,1,354,465,392,501,Jul25_1/01-20190715200430-snapshot.jpg
4,1,20190715,200730,32,1,353,465,391,500,Jul25_1/01-20190715200730-snapshot.jpg
4,1,20190715,200800,60,1,353,466,392,502,Jul25_1/01-20190715200800-snapshot.jpg
4,1,20190715,201030,42,1,353,466,392,501,Jul25_1/01-20190715201030-snapshot.jpg
4,1,20190715,201030,85,4,1264,490,1315,556,Jul25_1/01-20190715201030-snapshot.jpg
4,1,20190715,201330,69,1,353,464,391,500,Jul25_1/02-20190715201330-snapshot.jpg
4,1,20190715,202700,71,5,1779,706,1828,737,Jul25_1/02-20190715202700-snapshot.jpg
4,1,20190715,203430,80,8,1410,324,1486,367,Jul25_1/02-20190715203430-snapshot.jpg
4,1,20190715,203600,42,5,1505,285,1552,333,Jul25_1/02-20190715203600-snapshot.jpg
4,1,20190715,203630,62,5,1553,239,1598,286,Jul25_1/02-20190715203630-snapshot.jpg
4,1,20190715,204400,56,5,1757,599,1807,637,Jul25_1/02-20190715204400-snapshot.jpg
4,1,20190715,210630,69,5,1784,98,1831,156,Jul25_1/02-20190715210630-snapshot.jpg
4,1,20190715,221900,85,1,1652,950,1700,993,Jul25_1/05-20190715221900-snapshot.jpg
4,1,20190715,222000,76,1,1502,911,1542,949,Jul25_1/05-20190715222000-snapshot.jpg
4,1,20190715,222030,76,1,1368,913,1413,951,Jul25_1/05-20190715222030-snapshot.jpg
4,1,20190715,222100,81,1,1235,798,1282,839,Jul25_1/05-20190715222100-snapshot.jpg
4,1,20190715,222300,31,1,990,636,1032,678,Jul25_1/05-20190715222300-snapshot.jpg
4,1,20190715,222400,77,1,942,481,985,528,Jul25_1/05-20190715222400-snapshot.jpg
4,1,20190715,222430,83,1,967,444,1012,485,Jul25_1/05-20190715222430-snapshot.jpg
4,1,20190715,222500,85,1,895,376,944,423,Jul25_1/05-20190715222500-snapshot.jpg
4,1,20190715,222530,81,1,842,406,886,445,Jul25_1/05-20190715222530-snapshot.jpg
4,1,20190715,222600,86,1,747,323,796,371,Jul25_1/05-20190715222600-snapshot.jpg
4,1,20190715,222900,76,1,718,309,759,345,Jul25_1/06-20190715222900-snapshot.jpg
4,1,20190715,223300,38,1,1676,432,1731,485,Jul25_1/07-20190715223300-snapshot.jpg
4,1,20190715,223400,37,1,664,53,720,103,Jul25_1/08-20190715223400-snapshot.jpg
4,1,20190717,054200,82,1,1543,1008,1589,1047,Jul25_1/101-20190717054200-snapshot.jpg
4,1,20190717,054230,83,1,1555,1026,1599,1066,Jul25_1/101-20190717054230-snapshot.jpg
4,1,20190717,054300,80,1,1554,1027,1597,1066,Jul25_1/101-20190717054300-snapshot.jpg
4,1,20190717,054330,86,1,1511,1020,1556,1061,Jul25_1/101-20190717054330-snapshot.jpg
4,1,20190717,061230,36,8,705,699,763,769,Jul25_1/106-20190717061230-snapshot.jpg
4,1,20190717,062500,84,1,333,527,374,563,Jul25_1/109-20190717062500-snapshot.jpg
4,1,20190717,070930,74,1,1682,3,1724,34,Jul25_1/123-20190717070930-snapshot.jpg
4,1,20190717,071030,84,1,1517,10,1567,51,Jul25_1/123-20190717071030-snapshot.jpg
4,1,20190717,071100,85,1,1474,102,1519,143,Jul25_1/123-20190717071100-snapshot.jpg
4,1,20190717,071900,81,1,1207,335,1253,376,Jul25_1/123-20190717071900-snapshot.jpg
4,1,20190717,072200,74,1,1347,591,1391,633,Jul25_1/123-20190717072200-snapshot.jpg
4,1,20190717,074900,79,1,1455,876,1498,916,Jul25_1/127-20190717074900-snapshot.jpg
4,1,20190717,075100,85,1,1497,798,1535,836,Jul25_1/128-20190717075100-snapshot.jpg
4,1,20190717,080600,75,1,1494,809,1532,844,Jul25_1/134-20190717080600-snapshot.jpg
4,1,20190717,080630,53,1,1414,864,1452,894,Jul25_1/134-20190717080630-snapshot.jpg
4,1,20190717,080700,84,1,1322,935,1365,973,Jul25_1/134-20190717080700-snapshot.jpg
4,1,20190717,082900,78,8,1674,376,1762,438,Jul25_1/137-20190717082900-snapshot.jpg
4,1,20190717,091630,28,5,1097,982,1145,1019,Jul25_1/146-20190717091630-snapshot.jpg
4,1,20190717,093830,68,5,1096,981,1152,1019,Jul25_1/149-20190717093830-snapshot.jpg
4,1,20190717,093900,49,5,1095,978,1150,1017,Jul25_1/149-20190717093900-snapshot.jpg
4,1,20190717,093930,67,5,1096,979,1147,1019,Jul25_1/149-20190717093930-snapshot.jpg
4,1,20190717,094000,58,5,1095,979,1147,1018,Jul25_1/150-20190717094000-snapshot.jpg
4,1,20190717,094030,62,5,1094,980,1147,1017,Jul25_1/150-20190717094030-snapshot.jpg
4,1,20190717,094630,86,8,170,741,251,788,Jul25_1/150-20190717094630-snapshot.jpg
4,1,20190717,101530,43,5,1100,985,1152,1019,Jul25_1/150-20190717101530-snapshot.jpg
4,1,20190717,101600,85,4,585,269,667,339,Jul25_1/150-20190717101600-snapshot.jpg
4,1,20190717,102600,49,5,1096,982,1145,1017,Jul25_1/151-20190717102600-snapshot.jpg
4,1,20190717,102600,86,3,939,343,1021,397,Jul25_1/151-20190717102600-snapshot.jpg
4,1,20190717,102700,37,5,1095,982,1145,1016,Jul25_1/151-20190717102700-snapshot.jpg
4,1,20190717,102800,56,5,1095,982,1147,1016,Jul25_1/152-20190717102800-snapshot.jpg
4,1,20190717,103130,26,5,1094,983,1141,1017,Jul25_1/152-20190717103130-snapshot.jpg
4,1,20190717,103730,83,4,1353,323,1410,384,Jul25_1/152-20190717103730-snapshot.jpg
4,1,20190717,103800,34,5,1096,982,1148,1017,Jul25_1/152-20190717103800-snapshot.jpg
4,1,20190717,103800,86,4,681,1000,760,1067,Jul25_1/152-20190717103800-snapshot.jpg
4,1,20190717,103900,50,5,1095,983,1150,1017,Jul25_1/152-20190717103900-snapshot.jpg
4,1,20190717,104000,37,5,1096,985,1144,1018,Jul25_1/152-20190717104000-snapshot.jpg
4,1,20190717,104030,36,5,1096,984,1149,1020,Jul25_1/152-20190717104030-snapshot.jpg
4,1,20190717,104100,57,5,1096,985,1149,1021,Jul25_1/152-20190717104100-snapshot.jpg
4,1,20190717,104130,59,5,1098,983,1151,1019,Jul25_1/152-20190717104130-snapshot.jpg
4,1,20190717,105000,37,5,1096,981,1147,1016,Jul25_1/152-20190717105000-snapshot.jpg
4,1,20190717,105700,85,1,1552,845,1591,877,Jul25_1/152-20190717105700-snapshot.jpg
4,1,20190717,111030,82,2,1477,482,1532,554,Jul25_1/152-20190717111030-snapshot.jpg
4,1,20190717,112030,68,3,223,1048,273,1080,Jul25_1/152-20190717112030-snapshot.jpg
4,1,20190717,112130,63,5,788,562,827,611,Jul25_1/152-20190717112130-snapshot.jpg
4,1,20190717,112700,87,3,149,782,229,849,Jul25_1/152-20190717112700-snapshot.jpg
4,1,20190717,113530,53,5,1806,624,1856,672,Jul25_1/152-20190717113530-snapshot.jpg
4,1,20190717,115230,29,5,1096,977,1151,1018,Jul25_1/152-20190717115230-snapshot.jpg
4,1,20190717,115630,31,2,1583,586,1642,663,Jul25_1/152-20190717115630-snapshot.jpg
4,1,20190717,120500,85,8,1431,560,1506,622,Jul25_1/152-20190717120500-snapshot.jpg
4,1,20190717,120630,65,6,567,52,640,110,Jul25_1/152-20190717120630-snapshot.jpg
4,1,20190717,121630,31,5,997,693,1040,736,Jul25_1/152-20190717121630-snapshot.jpg
4,1,20190717,122900,29,2,1586,588,1641,662,Jul25_1/152-20190717122900-snapshot.jpg
4,1,20190717,123000,71,2,1852,51,1920,116,Jul25_1/152-20190717123000-snapshot.jpg
4,1,20190717,123400,81,8,9,49,64,118,Jul25_1/152-20190717123400-snapshot.jpg
4,1,20190717,124100,58,5,967,725,1010,762,Jul25_1/152-20190717124100-snapshot.jpg
4,1,20190717,125630,26,2,1676,8,1745,71,Jul25_1/152-20190717125630-snapshot.jpg
4,1,20190717,130200,32,3,74,1021,153,1078,Jul25_1/152-20190717130200-snapshot.jpg
4,1,20190717,130430,72,5,80,4,128,48,Jul25_1/152-20190717130430-snapshot.jpg
4,1,20190717,130700,79,5,753,607,793,654,Jul25_1/152-20190717130700-snapshot.jpg
4,1,20190717,130730,85,8,28,348,111,411,Jul25_1/152-20190717130730-snapshot.jpg
4,1,20190717,131430,53,6,501,350,554,397,Jul25_1/152-20190717131430-snapshot.jpg
4,1,20190717,131600,47,6,1059,343,1122,385,Jul25_1/152-20190717131600-snapshot.jpg
4,1,20190717,131900,81,8,285,372,371,419,Jul25_1/152-20190717131900-snapshot.jpg
4,1,20190717,131930,56,6,687,962,764,1008,Jul25_1/152-20190717131930-snapshot.jpg
4,1,20190717,132030,71,6,969,347,1023,385,Jul25_1/152-20190717132030-snapshot.jpg
4,1,20190717,132030,84,2,113,546,178,617,Jul25_1/152-20190717132030-snapshot.jpg
4,1,20190717,132300,56,5,518,364,561,409,Jul25_1/152-20190717132300-snapshot.jpg
4,1,20190717,132630,85,2,585,404,649,470,Jul25_1/152-20190717132630-snapshot.jpg
4,1,20190717,133530,57,5,260,988,304,1024,Jul25_1/152-20190717133530-snapshot.jpg
4,1,20190717,133800,76,5,302,5,356,36,Jul25_1/152-20190717133800-snapshot.jpg
4,1,20190717,135200,69,2,1626,498,1706,553,Jul25_1/152-20190717135200-snapshot.jpg
4,1,20190717,141530,86,3,170,653,230,722,Jul25_1/152-20190717141530-snapshot.jpg
4,1,20190717,141630,87,3,38,843,131,906,Jul25_1/152-20190717141630-snapshot.jpg
4,1,20190717,141700,87,3,1308,616,1376,688,Jul25_1/152-20190717141700-snapshot.jpg
4,1,20190717,142430,71,3,1321,257,1390,315,Jul25_1/152-20190717142430-snapshot.jpg
4,1,20190717,142500,81,3,973,459,1036,512,Jul25_1/152-20190717142500-snapshot.jpg
4,1,20190717,143000,59,5,1541,161,1584,202,Jul25_1/152-20190717143000-snapshot.jpg
4,1,20190717,144500,87,3,211,995,301,1057,Jul25_1/152-20190717144500-snapshot.jpg
4,1,20190717,145730,40,2,190,18,263,63,Jul25_1/152-20190717145730-snapshot.jpg
4,1,20190717,145800,87,8,1798,783,1855,858,Jul25_1/152-20190717145800-snapshot.jpg
4,1,20190717,150030,58,5,336,6,382,63,Jul25_1/152-20190717150030-snapshot.jpg
4,1,20190717,150200,83,8,1494,460,1558,554,Jul25_1/152-20190717150200-snapshot.jpg
4,1,20190717,150430,56,2,992,418,1066,488,Jul25_1/152-20190717150430-snapshot.jpg
4,1,20190717,150730,85,4,990,388,1060,454,Jul25_1/152-20190717150730-snapshot.jpg
4,1,20190717,151030,83,4,1569,45,1622,111,Jul25_1/152-20190717151030-snapshot.jpg
4,1,20190717,151830,83,2,1111,315,1189,359,Jul25_1/152-20190717151830-snapshot.jpg
4,1,20190717,154130,30,2,1590,23,1647,95,Jul25_1/152-20190717154130-snapshot.jpg
4,1,20190717,154330,87,2,155,613,244,671,Jul25_1/152-20190717154330-snapshot.jpg
4,1,20190717,154500,87,3,1251,441,1332,508,Jul25_1/152-20190717154500-snapshot.jpg
4,1,20190717,160800,46,2,1218,308,1274,381,Jul25_1/152-20190717160800-snapshot.jpg
4,1,20190717,160800,62,2,210,7,268,74,Jul25_1/152-20190717160800-snapshot.jpg
4,1,20190717,160830,83,8,908,977,963,1040,Jul25_1/152-20190717160830-snapshot.jpg
4,1,20190717,160900,83,2,1039,456,1120,512,Jul25_1/152-20190717160900-snapshot.jpg
4,1,20190717,162430,82,2,959,322,1015,389,Jul25_1/152-20190717162430-snapshot.jpg
4,1,20190717,162830,82,2,1234,193,1299,258,Jul25_1/152-20190717162830-snapshot.jpg
4,1,20190717,164300,84,8,1000,373,1063,446,Jul25_1/152-20190717164300-snapshot.jpg
4,1,20190717,171330,83,2,1005,451,1073,517,Jul25_1/152-20190717171330-snapshot.jpg
4,1,20190717,171730,83,9,155,574,237,623,Jul25_1/152-20190717171730-snapshot.jpg
4,1,20190717,171800,84,2,1062,469,1137,528,Jul25_1/152-20190717171800-snapshot.jpg
4,1,20190717,172600,43,2,963,1021,1052,1076,Jul25_1/152-20190717172600-snapshot.jpg
4,1,20190717,172630,87,3,936,581,1003,660,Jul25_1/152-20190717172630-snapshot.jpg
4,1,20190717,172900,77,3,219,970,301,1028,Jul25_1/152-20190717172900-snapshot.jpg
4,1,20190717,172930,74,2,1302,111,1385,158,Jul25_1/152-20190717172930-snapshot.jpg
4,1,20190717,173800,86,3,189,1000,282,1056,Jul25_1/152-20190717173800-snapshot.jpg
4,1,20190717,175030,84,2,589,295,663,334,Jul25_1/152-20190717175030-snapshot.jpg
4,1,20190717,181330,67,6,187,998,248,1063,Jul25_1/152-20190717181330-snapshot.jpg
4,1,20190717,181400,48,6,207,986,278,1021,Jul25_1/152-20190717181400-snapshot.jpg
4,1,20190717,183430,62,6,218,1008,290,1045,Jul25_1/152-20190717183430-snapshot.jpg
4,1,20190717,212300,33,5,1105,976,1156,1021,Jul25_1/159-20190717212300-snapshot.jpg
4,1,20190716,050130,63,1,877,106,919,144,Jul25_1/18-20190716050130-snapshot.jpg
4,1,20190716,050300,85,1,785,82,836,131,Jul25_1/18-20190716050300-snapshot.jpg
4,1,20190716,050400,82,1,578,69,627,111,Jul25_1/18-20190716050400-snapshot.jpg
4,1,20190716,050430,80,1,599,92,643,132,Jul25_1/18-20190716050430-snapshot.jpg
4,1,20190716,050530,87,1,572,87,623,136,Jul25_1/18-20190716050530-snapshot.jpg
4,1,20190716,050630,86,1,609,107,659,155,Jul25_1/18-20190716050630-snapshot.jpg
4,1,20190718,055800,41,5,1096,977,1147,1022,Jul25_1/183-20190718055800-snapshot.jpg
4,1,20190718,060130,31,5,1096,978,1148,1019,Jul25_1/184-20190718060130-snapshot.jpg
4,1,20190718,060500,44,5,1096,976,1147,1017,Jul25_1/185-20190718060500-snapshot.jpg
4,1,20190718,060700,33,5,1096,977,1146,1019,Jul25_1/186-20190718060700-snapshot.jpg
4,1,20190716,050930,86,1,367,139,416,186,Jul25_1/19-20190716050930-snapshot.jpg
4,1,20190716,051030,77,1,346,153,387,190,Jul25_1/19-20190716051030-snapshot.jpg
4,1,20190716,051100,76,1,308,142,351,182,Jul25_1/19-20190716051100-snapshot.jpg
4,1,20190716,051130,82,1,342,186,384,225,Jul25_1/19-20190716051130-snapshot.jpg
4,1,20190716,051200,88,1,353,184,402,235,Jul25_1/19-20190716051200-snapshot.jpg
4,1,20190716,051230,89,1,371,163,420,209,Jul25_1/19-20190716051230-snapshot.jpg
4,1,20190716,051730,79,1,724,659,768,702,Jul25_1/20-20190716051730-snapshot.jpg
4,1,20190716,051800,82,1,711,661,758,709,Jul25_1/20-20190716051800-snapshot.jpg
4,1,20190716,051830,71,1,708,679,757,732,Jul25_1/20-20190716051830-snapshot.jpg
4,1,20190716,051900,82,1,691,703,737,753,Jul25_1/20-20190716051900-snapshot.jpg
4,1,20190716,051930,86,1,674,697,725,754,Jul25_1/20-20190716051930-snapshot.jpg
4,1,20190716,052000,76,1,684,658,730,705,Jul25_1/20-20190716052000-snapshot.jpg
4,1,20190716,052030,84,1,664,655,708,704,Jul25_1/20-20190716052030-snapshot.jpg
4,1,20190716,052100,79,1,668,696,717,747,Jul25_1/20-20190716052100-snapshot.jpg
4,1,20190716,052130,76,1,712,690,769,756,Jul25_1/20-20190716052130-snapshot.jpg
4,1,20190716,052200,88,1,726,688,778,753,Jul25_1/20-20190716052200-snapshot.jpg
4,1,20190716,052230,84,1,712,692,761,749,Jul25_1/20-20190716052230-snapshot.jpg
4,1,20190716,052430,85,1,570,635,611,678,Jul25_1/20-20190716052430-snapshot.jpg
4,1,20190716,052500,85,1,571,658,612,700,Jul25_1/20-20190716052500-snapshot.jpg
4,1,20190716,052530,86,1,550,515,593,556,Jul25_1/20-20190716052530-snapshot.jpg
4,1,20190716,052600,53,1,622,547,663,583,Jul25_1/20-20190716052600-snapshot.jpg
4,1,20190716,052630,86,1,583,631,624,674,Jul25_1/20-20190716052630-snapshot.jpg
4,1,20190716,052700,86,1,512,600,553,637,Jul25_1/20-20190716052700-snapshot.jpg
4,1,20190716,052830,87,1,357,480,403,529,Jul25_1/20-20190716052830-snapshot.jpg
4,1,20190716,052930,83,1,434,367,477,409,Jul25_1/20-20190716052930-snapshot.jpg
4,1,20190716,053000,78,1,445,313,495,366,Jul25_1/20-20190716053000-snapshot.jpg
4,1,20190716,053030,26,1,488,343,532,386,Jul25_1/20-20190716053030-snapshot.jpg
4,1,20190716,053300,85,1,504,385,549,433,Jul25_1/20-20190716053300-snapshot.jpg
4,1,20190716,053330,51,1,512,383,552,421,Jul25_1/20-20190716053330-snapshot.jpg
4,1,20190716,053400,84,1,486,368,534,417,Jul25_1/20-20190716053400-snapshot.jpg
4,1,20190716,053730,77,1,452,313,500,358,Jul25_1/21-20190716053730-snapshot.jpg
4,1,20190716,053800,85,1,439,324,488,378,Jul25_1/21-20190716053800-snapshot.jpg
4,1,20190716,053830,73,1,473,359,517,404,Jul25_1/21-20190716053830-snapshot.jpg
4,1,20190716,053930,77,1,477,385,519,423,Jul25_1/21-20190716053930-snapshot.jpg
4,1,20190716,054000,86,1,452,391,498,436,Jul25_1/21-20190716054000-snapshot.jpg
4,1,20190716,054030,85,1,437,384,478,424,Jul25_1/21-20190716054030-snapshot.jpg
4,1,20190716,054100,85,1,424,405,466,444,Jul25_1/21-20190716054100-snapshot.jpg
4,1,20190716,054200,81,1,434,396,474,435,Jul25_1/21-20190716054200-snapshot.jpg
4,1,20190716,054230,86,1,460,378,505,421,Jul25_1/21-20190716054230-snapshot.jpg
4,1,20190716,054300,87,1,468,388,512,433,Jul25_1/21-20190716054300-snapshot.jpg
4,1,20190716,054330,87,1,469,392,514,436,Jul25_1/21-20190716054330-snapshot.jpg
4,1,20190716,054400,70,1,477,384,517,423,Jul25_1/21-20190716054400-snapshot.jpg
4,1,20190716,054430,61,1,497,370,541,412,Jul25_1/21-20190716054430-snapshot.jpg
4,1,20190716,054600,71,1,478,383,519,423,Jul25_1/22-20190716054600-snapshot.jpg
4,1,20190716,054630,87,1,464,401,508,445,Jul25_1/22-20190716054630-snapshot.jpg
4,1,20190716,054730,85,1,556,397,600,440,Jul25_1/22-20190716054730-snapshot.jpg
4,1,20190716,054800,85,1,577,428,619,467,Jul25_1/22-20190716054800-snapshot.jpg
4,1,20190716,055100,85,1,577,631,617,672,Jul25_1/22-20190716055100-snapshot.jpg
4,1,20190716,055300,86,1,369,454,408,493,Jul25_1/22-20190716055300-snapshot.jpg
4,1,20190716,055330,83,1,359,511,401,551,Jul25_1/22-20190716055330-snapshot.jpg
4,1,20190716,055400,87,1,328,511,371,555,Jul25_1/22-20190716055400-snapshot.jpg
4,1,20190716,055500,62,1,400,596,441,630,Jul25_1/22-20190716055500-snapshot.jpg
4,1,20190716,055530,83,1,444,594,489,633,Jul25_1/22-20190716055530-snapshot.jpg
4,1,20190716,055600,83,1,435,616,478,651,Jul25_1/22-20190716055600-snapshot.jpg
4,1,20190716,055630,85,1,431,646,476,687,Jul25_1/22-20190716055630-snapshot.jpg
4,1,20190716,055700,82,1,425,689,467,728,Jul25_1/22-20190716055700-snapshot.jpg
4,1,20190716,055800,85,1,536,666,579,707,Jul25_1/22-20190716055800-snapshot.jpg
4,1,20190716,055900,86,1,693,288,739,332,Jul25_1/22-20190716055900-snapshot.jpg
4,1,20190716,055930,86,1,693,316,738,360,Jul25_1/22-20190716055930-snapshot.jpg
4,1,20190716,060030,78,1,773,350,814,392,Jul25_1/22-20190716060030-snapshot.jpg
4,1,20190716,060230,87,1,668,361,709,403,Jul25_1/22-20190716060230-snapshot.jpg
4,1,20190716,060300,85,1,634,334,677,377,Jul25_1/22-20190716060300-snapshot.jpg
4,1,20190718,092130,30,5,1100,983,1149,1023,Jul25_1/223-20190718092130-snapshot.jpg
4,1,20190718,092600,28,5,1100,981,1149,1022,Jul25_1/223-20190718092600-snapshot.jpg
4,1,20190718,093100,65,1,948,161,993,203,Jul25_1/223-20190718093100-snapshot.jpg
4,1,20190718,093900,66,5,1102,974,1155,1023,Jul25_1/223-20190718093900-snapshot.jpg
4,1,20190718,093930,46,5,1103,976,1155,1023,Jul25_1/223-20190718093930-snapshot.jpg
4,1,20190718,094000,72,5,1102,978,1156,1024,Jul25_1/223-20190718094000-snapshot.jpg
4,1,20190718,094030,72,5,1098,980,1153,1023,Jul25_1/223-20190718094030-snapshot.jpg
4,1,20190718,094100,74,5,1099,980,1154,1025,Jul25_1/223-20190718094100-snapshot.jpg
4,1,20190718,094130,63,5,1099,979,1153,1023,Jul25_1/223-20190718094130-snapshot.jpg
4,1,20190718,094200,60,5,1099,981,1152,1023,Jul25_1/223-20190718094200-snapshot.jpg
4,1,20190718,095800,30,5,1100,984,1148,1023,Jul25_1/224-20190718095800-snapshot.jpg
4,1,20190718,100000,38,5,1099,983,1148,1023,Jul25_1/224-20190718100000-snapshot.jpg
4,1,20190718,100130,32,5,1100,984,1149,1023,Jul25_1/224-20190718100130-snapshot.jpg
4,1,20190718,100200,63,5,1099,983,1150,1025,Jul25_1/224-20190718100200-snapshot.jpg
4,1,20190718,100230,68,5,1098,982,1151,1023,Jul25_1/224-20190718100230-snapshot.jpg
4,1,20190718,100330,44,5,1101,982,1151,1024,Jul25_1/224-20190718100330-snapshot.jpg
4,1,20190718,100430,37,5,1099,983,1147,1022,Jul25_1/224-20190718100430-snapshot.jpg
4,1,20190718,100530,39,5,1100,984,1150,1023,Jul25_1/224-20190718100530-snapshot.jpg
4,1,20190718,100630,27,5,1099,985,1149,1023,Jul25_1/224-20190718100630-snapshot.jpg
4,1,20190718,100700,59,5,1099,984,1150,1023,Jul25_1/224-20190718100700-snapshot.jpg
4,1,20190718,100730,60,5,1100,986,1150,1023,Jul25_1/224-20190718100730-snapshot.jpg
4,1,20190718,100800,59,5,1100,985,1149,1024,Jul25_1/224-20190718100800-snapshot.jpg
4,1,20190718,100900,73,5,1099,985,1151,1022,Jul25_1/224-20190718100900-snapshot.jpg
4,1,20190718,100930,64,5,1099,985,1149,1025,Jul25_1/224-20190718100930-snapshot.jpg
4,1,20190718,101000,74,5,1099,985,1150,1025,Jul25_1/224-20190718101000-snapshot.jpg
4,1,20190718,101030,59,5,1100,985,1149,1024,Jul25_1/224-20190718101030-snapshot.jpg
4,1,20190718,101100,67,5,1100,985,1149,1024,Jul25_1/224-20190718101100-snapshot.jpg
4,1,20190718,101130,56,5,1100,984,1148,1022,Jul25_1/224-20190718101130-snapshot.jpg
4,1,20190718,102130,38,5,1102,985,1148,1023,Jul25_1/225-20190718102130-snapshot.jpg
4,1,20190718,102500,27,5,1098,984,1148,1019,Jul25_1/225-20190718102500-snapshot.jpg
4,1,20190718,102700,53,5,1097,982,1148,1019,Jul25_1/225-20190718102700-snapshot.jpg
4,1,20190718,102730,39,5,1098,984,1147,1020,Jul25_1/225-20190718102730-snapshot.jpg
4,1,20190718,103130,41,5,1096,984,1147,1020,Jul25_1/225-20190718103130-snapshot.jpg
4,1,20190718,103200,29,5,1097,985,1144,1021,Jul25_1/225-20190718103200-snapshot.jpg
4,1,20190718,103500,60,5,1097,984,1150,1021,Jul25_1/225-20190718103500-snapshot.jpg
4,1,20190718,103630,75,5,893,447,950,492,Jul25_1/225-20190718103630-snapshot.jpg
4,1,20190718,103700,63,5,938,373,984,414,Jul25_1/225-20190718103700-snapshot.jpg
4,1,20190718,103800,77,5,1078,386,1130,431,Jul25_1/225-20190718103800-snapshot.jpg
4,1,20190718,103830,78,5,936,385,983,426,Jul25_1/225-20190718103830-snapshot.jpg
4,1,20190718,103900,40,5,1096,985,1149,1021,Jul25_1/225-20190718103900-snapshot.jpg
4,1,20190718,103900,84,8,233,471,313,523,Jul25_1/225-20190718103900-snapshot.jpg
4,1,20190718,104230,28,5,1097,984,1151,1021,Jul25_1/225-20190718104230-snapshot.jpg
4,1,20190718,104300,44,5,1097,982,1151,1021,Jul25_1/225-20190718104300-snapshot.jpg
4,1,20190718,104430,56,5,1099,982,1151,1022,Jul25_1/225-20190718104430-snapshot.jpg
4,1,20190718,104600,40,5,1100,978,1150,1023,Jul25_1/225-20190718104600-snapshot.jpg
4,1,20190718,111300,84,2,504,304,567,369,Jul25_1/225-20190718111300-snapshot.jpg
4,1,20190718,111500,83,2,916,362,972,428,Jul25_1/225-20190718111500-snapshot.jpg
4,1,20190718,112600,45,5,1098,976,1152,1023,Jul25_1/225-20190718112600-snapshot.jpg
4,1,20190718,112730,52,5,1098,973,1154,1023,Jul25_1/225-20190718112730-snapshot.jpg
4,1,20190718,112830,50,5,1098,975,1152,1023,Jul25_1/225-20190718112830-snapshot.jpg
4,1,20190718,112900,36,5,1097,975,1152,1022,Jul25_1/225-20190718112900-snapshot.jpg
4,1,20190718,113330,49,5,1098,975,1152,1023,Jul25_1/225-20190718113330-snapshot.jpg
4,1,20190718,113330,87,3,197,955,287,1010,Jul25_1/225-20190718113330-snapshot.jpg
4,1,20190718,115430,37,5,1095,975,1151,1022,Jul25_1/225-20190718115430-snapshot.jpg
4,1,20190718,115500,54,5,1098,983,1148,1021,Jul25_1/225-20190718115500-snapshot.jpg
4,1,20190718,115800,27,5,1098,981,1150,1022,Jul25_1/225-20190718115800-snapshot.jpg
4,1,20190718,120030,26,5,1097,983,1151,1022,Jul25_1/225-20190718120030-snapshot.jpg
4,1,20190718,120430,38,5,1097,975,1150,1022,Jul25_1/225-20190718120430-snapshot.jpg
4,1,20190718,120530,47,5,1098,984,1149,1023,Jul25_1/225-20190718120530-snapshot.jpg
4,1,20190718,121230,56,5,1099,980,1154,1022,Jul25_1/225-20190718121230-snapshot.jpg
4,1,20190718,121530,30,5,1097,975,1155,1022,Jul25_1/226-20190718121530-snapshot.jpg
4,1,20190718,121700,47,5,1097,972,1153,1021,Jul25_1/226-20190718121700-snapshot.jpg
4,1,20190718,122500,38,1,470,213,508,247,Jul25_1/226-20190718122500-snapshot.jpg
4,1,20190718,123200,77,2,1777,518,1833,582,Jul25_1/226-20190718123200-snapshot.jpg
4,1,20190718,124100,72,2,409,746,475,819,Jul25_1/226-20190718124100-snapshot.jpg
4,1,20190718,124530,82,2,1223,491,1300,543,Jul25_1/226-20190718124530-snapshot.jpg
4,1,20190718,125130,86,2,603,299,661,369,Jul25_1/226-20190718125130-snapshot.jpg
4,1,20190718,131600,89,3,200,942,292,1012,Jul25_1/226-20190718131600-snapshot.jpg
4,1,20190718,131830,67,5,1878,0,1920,62,Jul25_1/226-20190718131830-snapshot.jpg
4,1,20190718,133230,32,6,971,325,1034,370,Jul25_1/226-20190718133230-snapshot.jpg
4,1,20190718,133300,32,2,603,951,680,1021,Jul25_1/226-20190718133300-snapshot.jpg
4,1,20190718,134530,77,1,897,241,938,276,Jul25_1/226-20190718134530-snapshot.jpg
4,1,20190718,134630,76,1,1197,91,1236,123,Jul25_1/226-20190718134630-snapshot.jpg
4,1,20190718,135600,31,5,1100,982,1148,1021,Jul25_1/226-20190718135600-snapshot.jpg
4,1,20190718,140830,29,2,701,678,770,748,Jul25_1/226-20190718140830-snapshot.jpg
4,1,20190718,142000,83,8,111,408,188,451,Jul25_1/226-20190718142000-snapshot.jpg
4,1,20190718,142800,82,4,1369,409,1426,480,Jul25_1/226-20190718142800-snapshot.jpg
4,1,20190718,144300,80,2,996,484,1074,548,Jul25_1/226-20190718144300-snapshot.jpg
4,1,20190718,144730,57,2,1509,53,1588,120,Jul25_1/226-20190718144730-snapshot.jpg
4,1,20190718,150200,50,2,10,57,64,122,Jul25_1/226-20190718150200-snapshot.jpg
4,1,20190718,151800,83,2,587,266,668,323,Jul25_1/226-20190718151800-snapshot.jpg
4,1,20190718,152430,82,3,205,1000,276,1056,Jul25_1/226-20190718152430-snapshot.jpg
4,1,20190718,153930,63,2,1687,574,1769,626,Jul25_1/226-20190718153930-snapshot.jpg
4,1,20190718,154930,82,8,119,871,199,933,Jul25_1/226-20190718154930-snapshot.jpg
4,1,20190718,155030,84,2,975,476,1049,531,Jul25_1/226-20190718155030-snapshot.jpg
4,1,20190718,155100,66,2,525,284,578,346,Jul25_1/226-20190718155100-snapshot.jpg
4,1,20190718,155130,86,3,985,473,1053,536,Jul25_1/226-20190718155130-snapshot.jpg
4,1,20190718,155200,76,2,1353,292,1416,352,Jul25_1/226-20190718155200-snapshot.jpg
4,1,20190718,155900,85,2,934,416,991,488,Jul25_1/226-20190718155900-snapshot.jpg
4,1,20190718,160230,72,3,1597,201,1677,253,Jul25_1/226-20190718160230-snapshot.jpg
4,1,20190718,160900,31,2,1620,619,1680,679,Jul25_1/226-20190718160900-snapshot.jpg
4,1,20190718,160930,84,8,1850,760,1907,844,Jul25_1/226-20190718160930-snapshot.jpg
4,1,20190718,161830,77,2,1204,520,1281,562,Jul25_1/226-20190718161830-snapshot.jpg
4,1,20190718,162830,76,3,336,702,406,757,Jul25_1/226-20190718162830-snapshot.jpg
4,1,20190718,170130,83,3,246,968,302,1028,Jul25_1/226-20190718170130-snapshot.jpg
4,1,20190718,170730,84,3,602,391,676,447,Jul25_1/226-20190718170730-snapshot.jpg
4,1,20190718,173830,69,2,201,30,278,74,Jul25_1/226-20190718173830-snapshot.jpg
4,1,20190718,181530,84,4,1369,767,1426,825,Jul25_1/226-20190718181530-snapshot.jpg
4,1,20190718,181600,86,2,1159,161,1231,234,Jul25_1/226-20190718181600-snapshot.jpg
4,1,20190718,193330,62,2,1804,102,1863,173,Jul25_1/226-20190718193330-snapshot.jpg
4,1,20190718,204430,37,5,1099,976,1152,1017,Jul25_1/233-20190718204430-snapshot.jpg
4,1,20190718,211600,40,5,1098,975,1152,1019,Jul25_1/239-20190718211600-snapshot.jpg
4,1,20190718,211730,55,5,1099,976,1152,1021,Jul25_1/239-20190718211730-snapshot.jpg
4,1,20190718,211800,26,5,1100,978,1151,1022,Jul25_1/239-20190718211800-snapshot.jpg
4,1,20190716,060630,84,1,493,396,538,439,Jul25_1/24-20190716060630-snapshot.jpg
4,1,20190716,060700,87,1,485,403,533,450,Jul25_1/24-20190716060700-snapshot.jpg
4,1,20190716,060730,87,1,460,401,506,447,Jul25_1/24-20190716060730-snapshot.jpg
4,1,20190716,060800,87,1,452,393,497,440,Jul25_1/24-20190716060800-snapshot.jpg
4,1,20190716,060830,88,1,455,392,501,438,Jul25_1/24-20190716060830-snapshot.jpg
4,1,20190716,061000,85,1,545,403,590,447,Jul25_1/24-20190716061000-snapshot.jpg
4,1,20190716,061030,85,1,536,410,580,452,Jul25_1/24-20190716061030-snapshot.jpg
4,1,20190716,061100,85,1,535,411,579,453,Jul25_1/24-20190716061100-snapshot.jpg
4,1,20190716,061130,86,1,507,419,551,462,Jul25_1/24-20190716061130-snapshot.jpg
4,1,20190718,211900,57,5,1098,976,1152,1021,Jul25_1/240-20190718211900-snapshot.jpg
4,1,20190718,211930,56,5,1099,979,1152,1023,Jul25_1/240-20190718211930-snapshot.jpg
4,1,20190718,212000,63,5,1099,976,1152,1022,Jul25_1/241-20190718212000-snapshot.jpg
4,1,20190718,212030,35,5,1099,977,1152,1021,Jul25_1/241-20190718212030-snapshot.jpg
4,1,20190718,212100,34,5,1097,977,1151,1020,Jul25_1/242-20190718212100-snapshot.jpg
4,1,20190718,212200,38,5,1099,976,1152,1021,Jul25_1/242-20190718212200-snapshot.jpg
4,1,20190718,212230,56,5,1097,978,1152,1023,Jul25_1/242-20190718212230-snapshot.jpg
4,1,20190718,212300,50,5,1097,976,1153,1021,Jul25_1/242-20190718212300-snapshot.jpg
4,1,20190718,212330,59,5,1098,976,1153,1021,Jul25_1/242-20190718212330-snapshot.jpg
4,1,20190718,212400,50,5,1096,977,1152,1022,Jul25_1/242-20190718212400-snapshot.jpg
4,1,20190718,212430,63,5,1098,976,1153,1020,Jul25_1/242-20190718212430-snapshot.jpg
4,1,20190718,212500,57,5,1099,975,1156,1022,Jul25_1/242-20190718212500-snapshot.jpg
4,1,20190718,212530,70,5,1098,977,1152,1023,Jul25_1/242-20190718212530-snapshot.jpg
4,1,20190718,212600,59,5,1098,975,1154,1022,Jul25_1/242-20190718212600-snapshot.jpg
4,1,20190718,212630,61,5,1098,975,1154,1022,Jul25_1/242-20190718212630-snapshot.jpg
4,1,20190718,212700,56,5,1099,976,1153,1022,Jul25_1/242-20190718212700-snapshot.jpg
4,1,20190718,212730,47,5,1098,971,1155,1017,Jul25_1/242-20190718212730-snapshot.jpg
4,1,20190718,212800,54,5,1098,975,1153,1020,Jul25_1/242-20190718212800-snapshot.jpg
4,1,20190718,212830,35,5,1096,974,1154,1021,Jul25_1/242-20190718212830-snapshot.jpg
4,1,20190718,212900,45,5,1097,973,1154,1019,Jul25_1/242-20190718212900-snapshot.jpg
4,1,20190718,212930,46,5,1098,974,1154,1019,Jul25_1/242-20190718212930-snapshot.jpg
4,1,20190718,213000,55,5,1098,972,1155,1021,Jul25_1/242-20190718213000-snapshot.jpg
4,1,20190718,213130,27,5,1095,972,1155,1021,Jul25_1/242-20190718213130-snapshot.jpg
4,1,20190718,213300,31,5,1097,974,1155,1019,Jul25_1/242-20190718213300-snapshot.jpg
4,1,20190719,062800,36,5,1093,994,1145,1036,Jul25_1/281-20190719062800-snapshot.jpg
4,1,20190719,063100,34,5,1094,994,1147,1035,Jul25_1/282-20190719063100-snapshot.jpg
4,1,20190719,063230,37,5,1093,995,1145,1037,Jul25_1/282-20190719063230-snapshot.jpg
4,1,20190719,063330,31,5,1092,995,1147,1036,Jul25_1/282-20190719063330-snapshot.jpg
4,1,20190719,063400,31,5,1092,994,1146,1036,Jul25_1/282-20190719063400-snapshot.jpg
4,1,20190719,063500,26,5,1094,994,1146,1036,Jul25_1/283-20190719063500-snapshot.jpg
4,1,20190719,090800,82,8,1411,432,1460,501,Jul25_1/325-20190719090800-snapshot.jpg
4,1,20190719,093630,82,8,590,952,646,1016,Jul25_1/334-20190719093630-snapshot.jpg
4,1,20190719,100500,79,5,237,938,308,1001,Jul25_1/341-20190719100500-snapshot.jpg
4,1,20190719,114030,84,5,207,998,259,1057,Jul25_1/352-20190719114030-snapshot.jpg
4,1,20190719,115830,85,8,1541,760,1620,820,Jul25_1/354-20190719115830-snapshot.jpg
4,1,20190719,120830,73,8,532,88,607,130,Jul25_1/354-20190719120830-snapshot.jpg
4,1,20190719,123330,77,8,1220,444,1295,490,Jul25_1/354-20190719123330-snapshot.jpg
4,1,20190719,141000,59,5,392,634,436,667,Jul25_1/354-20190719141000-snapshot.jpg
4,1,20190719,142830,59,5,155,105,198,142,Jul25_1/354-20190719142830-snapshot.jpg
4,1,20190719,151200,82,2,950,485,1028,529,Jul25_1/355-20190719151200-snapshot.jpg
4,1,20190719,151600,85,2,1005,464,1084,513,Jul25_1/355-20190719151600-snapshot.jpg
4,1,20190719,151630,84,2,543,301,600,374,Jul25_1/355-20190719151630-snapshot.jpg
4,1,20190719,154000,81,5,2,395,64,457,Jul25_1/355-20190719154000-snapshot.jpg
4,1,20190719,162530,81,8,1164,954,1215,1014,Jul25_1/358-20190719162530-snapshot.jpg
4,1,20190719,162830,83,8,459,477,537,527,Jul25_1/358-20190719162830-snapshot.jpg
4,1,20190719,165030,78,5,960,394,1012,433,Jul25_1/359-20190719165030-snapshot.jpg
4,1,20190719,165500,82,5,1433,138,1492,214,Jul25_1/359-20190719165500-snapshot.jpg
4,1,20190719,165630,63,6,183,1005,255,1036,Jul25_1/359-20190719165630-snapshot.jpg
4,1,20190719,173300,78,6,1584,15,1638,79,Jul25_1/364-20190719173300-snapshot.jpg
4,1,20190719,175600,81,6,977,336,1056,387,Jul25_1/366-20190719175600-snapshot.jpg
4,1,20190719,175900,84,3,989,2,1044,63,Jul25_1/366-20190719175900-snapshot.jpg
4,1,20190719,190930,66,6,85,1041,150,1075,Jul25_1/367-20190719190930-snapshot.jpg
4,1,20190719,200200,31,5,1097,982,1150,1023,Jul25_1/375-20190719200200-snapshot.jpg
4,1,20190719,210830,55,5,1339,459,1381,499,Jul25_1/389-20190719210830-snapshot.jpg
4,1,20190719,213630,36,5,1099,982,1151,1025,Jul25_1/397-20190719213630-snapshot.jpg
4,1,20190719,214200,29,5,1098,982,1151,1027,Jul25_1/398-20190719214200-snapshot.jpg
4,1,20190719,214230,41,5,1098,981,1152,1026,Jul25_1/398-20190719214230-snapshot.jpg
4,1,20190719,214530,40,5,1098,979,1153,1028,Jul25_1/400-20190719214530-snapshot.jpg
4,1,20190720,050900,33,5,1093,978,1152,1033,Jul25_1/421-20190720050900-snapshot.jpg
4,1,20190720,051030,31,5,1094,983,1149,1033,Jul25_1/421-20190720051030-snapshot.jpg
4,1,20190720,051200,69,5,1094,982,1153,1033,Jul25_1/422-20190720051200-snapshot.jpg
4,1,20190720,051230,36,5,1095,985,1148,1033,Jul25_1/422-20190720051230-snapshot.jpg
4,1,20190720,051400,32,5,1095,983,1148,1031,Jul25_1/422-20190720051400-snapshot.jpg
4,1,20190720,051430,39,5,1095,983,1148,1033,Jul25_1/422-20190720051430-snapshot.jpg
4,1,20190720,051530,33,5,1095,983,1149,1033,Jul25_1/422-20190720051530-snapshot.jpg
4,1,20190720,051600,39,5,1093,983,1152,1032,Jul25_1/423-20190720051600-snapshot.jpg
4,1,20190720,051630,49,5,1094,984,1150,1033,Jul25_1/423-20190720051630-snapshot.jpg
4,1,20190720,051700,30,5,1095,983,1151,1030,Jul25_1/423-20190720051700-snapshot.jpg
4,1,20190720,051730,62,5,1095,984,1149,1033,Jul25_1/423-20190720051730-snapshot.jpg
4,1,20190720,051800,53,5,1094,981,1151,1030,Jul25_1/423-20190720051800-snapshot.jpg
4,1,20190720,051830,53,5,1094,985,1149,1033,Jul25_1/423-20190720051830-snapshot.jpg
4,1,20190720,051930,46,5,1096,984,1150,1032,Jul25_1/423-20190720051930-snapshot.jpg
4,1,20190720,052000,52,5,1095,986,1149,1033,Jul25_1/423-20190720052000-snapshot.jpg
4,1,20190720,052030,54,5,1096,985,1149,1032,Jul25_1/423-20190720052030-snapshot.jpg
4,1,20190720,052100,49,5,1093,988,1149,1034,Jul25_1/423-20190720052100-snapshot.jpg
4,1,20190720,052200,31,5,1095,985,1149,1032,Jul25_1/423-20190720052200-snapshot.jpg
4,1,20190720,052230,29,5,1094,984,1148,1032,Jul25_1/423-20190720052230-snapshot.jpg
4,1,20190720,052300,65,5,1095,984,1149,1032,Jul25_1/423-20190720052300-snapshot.jpg
4,1,20190720,052330,46,5,1095,984,1150,1032,Jul25_1/423-20190720052330-snapshot.jpg
4,1,20190720,052400,55,5,1095,985,1151,1033,Jul25_1/423-20190720052400-snapshot.jpg
4,1,20190720,052430,46,5,1095,985,1148,1032,Jul25_1/423-20190720052430-snapshot.jpg
4,1,20190720,052600,35,5,1094,985,1150,1032,Jul25_1/423-20190720052600-snapshot.jpg
4,1,20190720,052630,64,5,1094,987,1149,1033,Jul25_1/423-20190720052630-snapshot.jpg
4,1,20190720,052700,42,5,1096,986,1148,1032,Jul25_1/423-20190720052700-snapshot.jpg
4,1,20190720,052800,34,5,1095,984,1151,1031,Jul25_1/423-20190720052800-snapshot.jpg
4,1,20190720,052830,71,5,1095,983,1151,1033,Jul25_1/423-20190720052830-snapshot.jpg
4,1,20190720,052900,71,5,1095,986,1149,1034,Jul25_1/423-20190720052900-snapshot.jpg
4,1,20190720,052930,58,5,1095,985,1151,1032,Jul25_1/423-20190720052930-snapshot.jpg
4,1,20190720,053030,60,5,1094,987,1147,1034,Jul25_1/423-20190720053030-snapshot.jpg
4,1,20190720,053100,43,5,1095,986,1148,1031,Jul25_1/423-20190720053100-snapshot.jpg
4,1,20190720,053130,42,5,1094,987,1148,1031,Jul25_1/423-20190720053130-snapshot.jpg
4,1,20190720,053200,61,5,1096,986,1149,1032,Jul25_1/423-20190720053200-snapshot.jpg
4,1,20190720,053230,64,5,1095,986,1150,1033,Jul25_1/424-20190720053230-snapshot.jpg
4,1,20190720,053300,61,5,1094,986,1147,1033,Jul25_1/424-20190720053300-snapshot.jpg
4,1,20190720,053330,60,5,1094,987,1148,1034,Jul25_1/425-20190720053330-snapshot.jpg
4,1,20190720,053400,55,5,1095,986,1148,1032,Jul25_1/425-20190720053400-snapshot.jpg
4,1,20190720,053430,61,5,1093,988,1147,1034,Jul25_1/425-20190720053430-snapshot.jpg
4,1,20190720,053500,66,5,1095,987,1148,1033,Jul25_1/426-20190720053500-snapshot.jpg
4,1,20190720,053530,57,5,1095,986,1148,1032,Jul25_1/426-20190720053530-snapshot.jpg
4,1,20190720,053600,55,5,1095,988,1150,1032,Jul25_1/426-20190720053600-snapshot.jpg
4,1,20190720,053630,50,5,1095,986,1149,1032,Jul25_1/426-20190720053630-snapshot.jpg
4,1,20190720,053700,31,5,1094,987,1146,1032,Jul25_1/426-20190720053700-snapshot.jpg
4,1,20190720,053730,40,5,1094,986,1147,1030,Jul25_1/427-20190720053730-snapshot.jpg
4,1,20190720,053830,52,5,1096,989,1146,1033,Jul25_1/427-20190720053830-snapshot.jpg
4,1,20190720,054130,27,5,1096,988,1149,1032,Jul25_1/427-20190720054130-snapshot.jpg
4,1,20190720,054200,42,5,1094,990,1147,1033,Jul25_1/427-20190720054200-snapshot.jpg
4,1,20190720,054400,34,5,1094,989,1148,1032,Jul25_1/427-20190720054400-snapshot.jpg
4,1,20190720,054830,26,5,1095,987,1147,1031,Jul25_1/428-20190720054830-snapshot.jpg
4,1,20190720,055700,72,8,454,736,531,790,Jul25_1/428-20190720055700-snapshot.jpg
4,1,20190720,070230,82,8,1312,176,1390,232,Jul25_1/429-20190720070230-snapshot.jpg
4,1,20190720,080930,72,8,994,1004,1045,1070,Jul25_1/429-20190720080930-snapshot.jpg
4,1,20190720,115330,30,5,1095,990,1147,1030,Jul25_1/429-20190720115330-snapshot.jpg
4,1,20190720,124100,64,2,211,975,309,1036,Jul25_1/429-20190720124100-snapshot.jpg
4,1,20190720,132700,46,5,14,8,55,63,Jul25_1/429-20190720132700-snapshot.jpg
4,1,20190720,140030,83,3,1255,291,1327,344,Jul25_1/429-20190720140030-snapshot.jpg
4,1,20190720,142200,81,2,351,69,426,145,Jul25_1/429-20190720142200-snapshot.jpg
4,1,20190720,151430,82,8,742,886,818,935,Jul25_1/429-20190720151430-snapshot.jpg
4,1,20190720,152300,80,2,355,624,418,696,Jul25_1/429-20190720152300-snapshot.jpg
4,1,20190720,153100,82,2,919,365,1000,421,Jul25_1/429-20190720153100-snapshot.jpg
4,1,20190720,153130,76,2,1654,595,1731,667,Jul25_1/429-20190720153130-snapshot.jpg
4,1,20190720,154000,27,5,726,708,777,769,Jul25_1/429-20190720154000-snapshot.jpg
4,1,20190720,154100,88,3,200,982,295,1040,Jul25_1/429-20190720154100-snapshot.jpg
4,1,20190720,161200,80,2,1489,183,1569,234,Jul25_1/429-20190720161200-snapshot.jpg
4,1,20190720,165700,63,2,1470,228,1527,281,Jul25_1/429-20190720165700-snapshot.jpg
4,1,20190720,165730,85,2,1800,73,1891,126,Jul25_1/429-20190720165730-snapshot.jpg
4,1,20190720,171600,76,8,930,60,1006,99,Jul25_1/429-20190720171600-snapshot.jpg
4,1,20190720,171700,83,8,258,449,321,510,Jul25_1/429-20190720171700-snapshot.jpg
4,1,20190720,172330,79,2,1044,491,1121,539,Jul25_1/429-20190720172330-snapshot.jpg
4,1,20190720,174800,45,8,1048,969,1129,1011,Jul25_1/429-20190720174800-snapshot.jpg
4,1,20190721,053330,26,1,25,116,61,147,Jul25_1/450-20190721053330-snapshot.jpg
4,1,20190721,053930,32,1,1098,991,1149,1038,Jul25_1/450-20190721053930-snapshot.jpg
4,1,20190721,054330,29,5,1098,992,1150,1037,Jul25_1/450-20190721054330-snapshot.jpg
4,1,20190721,054830,26,5,1097,992,1150,1037,Jul25_1/450-20190721054830-snapshot.jpg
4,1,20190721,060230,33,5,1098,993,1151,1038,Jul25_1/450-20190721060230-snapshot.jpg
4,1,20190721,060400,26,1,1100,993,1150,1039,Jul25_1/450-20190721060400-snapshot.jpg
4,1,20190721,060500,31,5,1097,992,1150,1038,Jul25_1/450-20190721060500-snapshot.jpg
4,1,20190721,060730,25,5,1097,993,1150,1038,Jul25_1/450-20190721060730-snapshot.jpg
4,1,20190721,061200,33,5,1096,992,1150,1038,Jul25_1/450-20190721061200-snapshot.jpg
4,1,20190721,101100,68,8,1165,1037,1218,1080,Jul25_1/450-20190721101100-snapshot.jpg
4,1,20190721,102100,46,5,1101,999,1153,1039,Jul25_1/450-20190721102100-snapshot.jpg
4,1,20190721,152130,38,6,955,322,1008,387,Jul25_1/450-20190721152130-snapshot.jpg
4,1,20190721,160500,85,8,497,1016,574,1070,Jul25_1/450-20190721160500-snapshot.jpg
4,1,20190721,162000,65,5,1700,583,1753,630,Jul25_1/450-20190721162000-snapshot.jpg
4,1,20190721,172400,86,8,447,872,499,952,Jul25_1/450-20190721172400-snapshot.jpg
4,1,20190721,174430,80,8,305,360,369,428,Jul25_1/450-20190721174430-snapshot.jpg
4,1,20190721,182900,74,5,969,390,1008,434,Jul25_1/450-20190721182900-snapshot.jpg
4,1,20190721,183100,54,5,627,331,666,373,Jul25_1/450-20190721183100-snapshot.jpg
4,1,20190721,183630,33,5,940,381,983,410,Jul25_1/450-20190721183630-snapshot.jpg
4,1,20190721,201500,61,5,956,390,994,436,Jul25_1/450-20190721201500-snapshot.jpg
4,1,20190721,202030,37,1,1107,985,1153,1025,Jul25_1/450-20190721202030-snapshot.jpg
4,1,20190722,055400,25,1,1104,988,1149,1030,Jul25_1/455-20190722055400-snapshot.jpg
4,1,20190722,082100,63,8,1679,537,1758,587,Jul25_1/461-20190722082100-snapshot.jpg
4,1,20190722,104630,33,8,1820,1027,1868,1078,Jul25_1/468-20190722104630-snapshot.jpg
4,1,20190722,112000,74,5,912,425,956,470,Jul25_1/468-20190722112000-snapshot.jpg
4,1,20190722,113430,61,5,592,293,638,344,Jul25_1/468-20190722113430-snapshot.jpg
4,1,20190722,132130,77,5,539,356,587,410,Jul25_1/468-20190722132130-snapshot.jpg
4,1,20190716,092300,83,1,502,301,548,341,Jul25_1/55-20190716092300-snapshot.jpg
4,1,20190716,092330,85,1,520,225,565,265,Jul25_1/55-20190716092330-snapshot.jpg
4,1,20190716,092600,87,1,475,145,519,187,Jul25_1/55-20190716092600-snapshot.jpg
4,1,20190716,092730,60,1,483,132,523,169,Jul25_1/55-20190716092730-snapshot.jpg
4,1,20190716,092800,57,1,477,143,517,182,Jul25_1/55-20190716092800-snapshot.jpg
4,1,20190716,092830,67,1,475,145,517,184,Jul25_1/55-20190716092830-snapshot.jpg
4,1,20190716,092900,39,1,473,146,512,184,Jul25_1/55-20190716092900-snapshot.jpg
4,1,20190716,092930,34,1,473,147,514,185,Jul25_1/55-20190716092930-snapshot.jpg
4,1,20190716,093000,41,1,473,146,513,184,Jul25_1/55-20190716093000-snapshot.jpg
4,1,20190716,093030,37,1,473,147,514,185,Jul25_1/55-20190716093030-snapshot.jpg
4,1,20190716,093400,69,1,490,265,532,302,Jul25_1/55-20190716093400-snapshot.jpg
4,1,20190716,095830,46,6,1572,4,1660,73,Jul25_1/55-20190716095830-snapshot.jpg
4,1,20190722,220330,40,1,243,236,292,279,Jul25_1/565-20190722220330-snapshot.jpg
4,1,20190722,220830,27,1,573,109,626,153,Jul25_1/566-20190722220830-snapshot.jpg
4,1,20190722,220830,73,1,775,313,833,366,Jul25_1/566-20190722220830-snapshot.jpg
4,1,20190716,103600,34,1,525,102,563,135,Jul25_1/57-20190716103600-snapshot.jpg
4,1,20190716,104100,27,5,1043,844,1083,888,Jul25_1/57-20190716104100-snapshot.jpg
4,1,20190716,104600,46,5,1043,845,1083,889,Jul25_1/57-20190716104600-snapshot.jpg
4,1,20190716,104630,34,5,1044,842,1083,886,Jul25_1/57-20190716104630-snapshot.jpg
4,1,20190716,104700,56,5,1044,843,1083,887,Jul25_1/57-20190716104700-snapshot.jpg
4,1,20190716,104730,62,5,1042,842,1083,888,Jul25_1/57-20190716104730-snapshot.jpg
4,1,20190716,104800,41,5,1043,844,1082,887,Jul25_1/57-20190716104800-snapshot.jpg
4,1,20190716,104930,54,5,1043,843,1084,887,Jul25_1/57-20190716104930-snapshot.jpg
4,1,20190716,105030,59,5,1043,843,1084,888,Jul25_1/57-20190716105030-snapshot.jpg
4,1,20190716,105130,48,5,1043,844,1084,888,Jul25_1/57-20190716105130-snapshot.jpg
4,1,20190716,105200,29,5,1044,844,1082,886,Jul25_1/57-20190716105200-snapshot.jpg
4,1,20190716,105230,67,5,1043,843,1083,888,Jul25_1/57-20190716105230-snapshot.jpg
4,1,20190716,105300,33,5,1043,843,1082,886,Jul25_1/57-20190716105300-snapshot.jpg
4,1,20190716,105400,61,5,1043,842,1084,888,Jul25_1/57-20190716105400-snapshot.jpg
4,1,20190716,105430,69,5,1042,842,1083,889,Jul25_1/57-20190716105430-snapshot.jpg
4,1,20190716,105500,48,5,1043,844,1082,887,Jul25_1/57-20190716105500-snapshot.jpg
4,1,20190716,105530,68,5,1042,844,1082,888,Jul25_1/57-20190716105530-snapshot.jpg
4,1,20190716,110200,29,6,1775,585,1839,626,Jul25_1/57-20190716110200-snapshot.jpg
4,1,20190716,113830,35,6,534,321,586,374,Jul25_1/57-20190716113830-snapshot.jpg
4,1,20190716,114600,83,1,480,138,523,180,Jul25_1/57-20190716114600-snapshot.jpg
4,1,20190716,114630,41,1,562,204,601,235,Jul25_1/57-20190716114630-snapshot.jpg
4,1,20190716,114700,73,1,556,207,597,241,Jul25_1/57-20190716114700-snapshot.jpg
4,1,20190716,114900,85,1,665,319,710,364,Jul25_1/57-20190716114900-snapshot.jpg
4,1,20190716,114930,82,1,627,333,667,375,Jul25_1/57-20190716114930-snapshot.jpg
4,1,20190716,115000,81,1,627,335,667,374,Jul25_1/57-20190716115000-snapshot.jpg
4,1,20190716,115030,81,1,627,334,666,374,Jul25_1/57-20190716115030-snapshot.jpg
4,1,20190716,115100,81,1,628,334,667,374,Jul25_1/57-20190716115100-snapshot.jpg
4,1,20190716,115130,80,1,628,334,666,373,Jul25_1/57-20190716115130-snapshot.jpg
4,1,20190716,115200,79,1,627,335,666,373,Jul25_1/57-20190716115200-snapshot.jpg
4,1,20190716,115230,78,1,628,334,666,373,Jul25_1/57-20190716115230-snapshot.jpg
4,1,20190716,115300,78,1,628,334,666,372,Jul25_1/57-20190716115300-snapshot.jpg
4,1,20190716,115330,75,1,628,335,666,372,Jul25_1/57-20190716115330-snapshot.jpg
4,1,20190716,115400,76,1,628,335,666,372,Jul25_1/57-20190716115400-snapshot.jpg
4,1,20190716,115430,77,1,628,335,666,372,Jul25_1/57-20190716115430-snapshot.jpg
4,1,20190716,115500,70,1,627,333,665,372,Jul25_1/57-20190716115500-snapshot.jpg
4,1,20190716,115530,74,1,627,335,665,372,Jul25_1/57-20190716115530-snapshot.jpg
4,1,20190716,115600,75,1,627,335,665,372,Jul25_1/57-20190716115600-snapshot.jpg
4,1,20190716,115630,77,1,627,336,665,373,Jul25_1/57-20190716115630-snapshot.jpg
4,1,20190716,115700,84,1,632,336,672,378,Jul25_1/57-20190716115700-snapshot.jpg
4,1,20190716,120000,81,1,627,334,666,374,Jul25_1/57-20190716120000-snapshot.jpg
4,1,20190716,120030,73,1,627,334,666,373,Jul25_1/57-20190716120030-snapshot.jpg
4,1,20190716,120100,74,1,627,335,666,373,Jul25_1/57-20190716120100-snapshot.jpg
4,1,20190716,120130,68,1,627,334,665,371,Jul25_1/57-20190716120130-snapshot.jpg
4,1,20190716,120230,38,1,626,335,664,373,Jul25_1/57-20190716120230-snapshot.jpg
4,1,20190716,120330,38,1,625,337,662,374,Jul25_1/57-20190716120330-snapshot.jpg
4,1,20190716,120400,57,1,626,338,662,374,Jul25_1/57-20190716120400-snapshot.jpg
4,1,20190716,120430,78,1,628,334,666,371,Jul25_1/57-20190716120430-snapshot.jpg
4,1,20190716,120500,77,1,628,334,666,372,Jul25_1/57-20190716120500-snapshot.jpg
4,1,20190716,120530,76,1,627,335,665,372,Jul25_1/57-20190716120530-snapshot.jpg
4,1,20190716,120600,79,1,628,334,666,372,Jul25_1/57-20190716120600-snapshot.jpg
4,1,20190716,120630,80,1,628,334,666,373,Jul25_1/57-20190716120630-snapshot.jpg
4,1,20190716,120700,78,1,628,334,666,372,Jul25_1/57-20190716120700-snapshot.jpg
4,1,20190716,120730,80,1,628,335,666,373,Jul25_1/57-20190716120730-snapshot.jpg
4,1,20190716,120800,81,1,628,334,667,373,Jul25_1/57-20190716120800-snapshot.jpg
4,1,20190716,121130,49,1,628,332,664,368,Jul25_1/57-20190716121130-snapshot.jpg
4,1,20190716,121200,26,1,629,330,665,364,Jul25_1/57-20190716121200-snapshot.jpg
4,1,20190723,043530,47,1,567,96,621,142,Jul25_1/574-20190723043530-snapshot.jpg
4,1,20190716,121730,55,5,974,371,1021,412,Jul25_1/58-20190716121730-snapshot.jpg
4,1,20190716,121730,73,5,1288,143,1328,187,Jul25_1/58-20190716121730-snapshot.jpg
4,1,20190716,121800,30,5,1773,586,1819,625,Jul25_1/58-20190716121800-snapshot.jpg
4,1,20190716,121800,82,6,931,431,980,497,Jul25_1/58-20190716121800-snapshot.jpg
4,1,20190716,121830,69,5,1791,652,1836,698,Jul25_1/58-20190716121830-snapshot.jpg
4,1,20190716,121900,32,5,1814,654,1854,695,Jul25_1/58-20190716121900-snapshot.jpg
4,1,20190716,122100,52,5,1730,689,1775,722,Jul25_1/58-20190716122100-snapshot.jpg
4,1,20190716,122200,64,2,1669,568,1723,637,Jul25_1/58-20190716122200-snapshot.jpg
4,1,20190716,122230,68,5,1738,600,1793,648,Jul25_1/58-20190716122230-snapshot.jpg
4,1,20190716,122400,61,5,1139,1041,1184,1078,Jul25_1/58-20190716122400-snapshot.jpg
4,1,20190716,122730,86,1,494,548,537,586,Jul25_1/58-20190716122730-snapshot.jpg
4,1,20190716,122800,87,1,534,532,577,570,Jul25_1/58-20190716122800-snapshot.jpg
4,1,20190716,122830,87,1,534,533,576,570,Jul25_1/58-20190716122830-snapshot.jpg
4,1,20190716,122900,87,1,534,532,577,570,Jul25_1/58-20190716122900-snapshot.jpg
4,1,20190716,122930,87,1,534,532,577,569,Jul25_1/58-20190716122930-snapshot.jpg
4,1,20190716,123000,87,1,534,533,576,568,Jul25_1/58-20190716123000-snapshot.jpg
4,1,20190716,123030,87,1,534,532,576,569,Jul25_1/58-20190716123030-snapshot.jpg
4,1,20190716,123100,86,1,533,533,576,569,Jul25_1/58-20190716123100-snapshot.jpg
4,1,20190716,123130,85,1,533,533,575,569,Jul25_1/58-20190716123130-snapshot.jpg
4,1,20190716,123200,85,1,533,533,575,569,Jul25_1/58-20190716123200-snapshot.jpg
4,1,20190716,123230,85,1,533,533,575,569,Jul25_1/58-20190716123230-snapshot.jpg
4,1,20190716,123300,85,1,533,533,575,569,Jul25_1/58-20190716123300-snapshot.jpg
4,1,20190716,123330,85,1,533,533,575,569,Jul25_1/58-20190716123330-snapshot.jpg
4,1,20190716,123400,86,1,533,533,576,569,Jul25_1/58-20190716123400-snapshot.jpg
4,1,20190716,123430,86,1,533,533,575,569,Jul25_1/58-20190716123430-snapshot.jpg
4,1,20190716,123500,86,1,533,532,576,569,Jul25_1/58-20190716123500-snapshot.jpg
4,1,20190716,123530,86,1,533,532,576,570,Jul25_1/58-20190716123530-snapshot.jpg
4,1,20190716,123600,86,1,533,532,576,569,Jul25_1/58-20190716123600-snapshot.jpg
4,1,20190716,123600,87,8,1732,359,1813,428,Jul25_1/58-20190716123600-snapshot.jpg
4,1,20190716,123630,86,1,533,532,576,569,Jul25_1/58-20190716123630-snapshot.jpg
4,1,20190716,123700,87,1,534,532,576,569,Jul25_1/58-20190716123700-snapshot.jpg
4,1,20190716,123730,60,5,1597,595,1651,640,Jul25_1/58-20190716123730-snapshot.jpg
4,1,20190716,123730,87,1,534,532,577,569,Jul25_1/58-20190716123730-snapshot.jpg
4,1,20190716,123800,88,1,534,533,576,568,Jul25_1/58-20190716123800-snapshot.jpg
4,1,20190716,123830,86,1,534,533,576,568,Jul25_1/58-20190716123830-snapshot.jpg
4,1,20190716,123900,87,1,534,533,576,569,Jul25_1/58-20190716123900-snapshot.jpg
4,1,20190716,123930,86,1,534,532,576,569,Jul25_1/58-20190716123930-snapshot.jpg
4,1,20190716,124000,85,1,533,532,576,568,Jul25_1/58-20190716124000-snapshot.jpg
4,1,20190716,124030,86,1,534,532,576,569,Jul25_1/58-20190716124030-snapshot.jpg
4,1,20190716,124100,86,1,534,533,576,569,Jul25_1/58-20190716124100-snapshot.jpg
4,1,20190716,124130,86,1,534,532,576,569,Jul25_1/58-20190716124130-snapshot.jpg
4,1,20190716,124130,88,3,1003,344,1078,421,Jul25_1/58-20190716124130-snapshot.jpg
4,1,20190716,124200,86,1,534,532,576,569,Jul25_1/58-20190716124200-snapshot.jpg
4,1,20190716,124230,86,1,534,532,576,569,Jul25_1/58-20190716124230-snapshot.jpg
4,1,20190716,124300,86,1,534,532,576,569,Jul25_1/58-20190716124300-snapshot.jpg
4,1,20190716,124330,86,1,534,533,575,569,Jul25_1/58-20190716124330-snapshot.jpg
4,1,20190716,124400,86,1,532,532,573,567,Jul25_1/58-20190716124400-snapshot.jpg
4,1,20190716,124430,86,1,532,532,573,567,Jul25_1/58-20190716124430-snapshot.jpg
4,1,20190716,124500,86,1,534,531,574,566,Jul25_1/58-20190716124500-snapshot.jpg
4,1,20190716,124530,86,1,538,530,580,562,Jul25_1/58-20190716124530-snapshot.jpg
4,1,20190716,124600,87,1,538,533,581,569,Jul25_1/58-20190716124600-snapshot.jpg
4,1,20190716,124630,87,1,537,532,580,569,Jul25_1/58-20190716124630-snapshot.jpg
4,1,20190716,124700,87,1,537,532,580,569,Jul25_1/58-20190716124700-snapshot.jpg
4,1,20190716,124730,88,1,536,533,579,570,Jul25_1/58-20190716124730-snapshot.jpg
4,1,20190716,124800,88,1,536,532,579,570,Jul25_1/58-20190716124800-snapshot.jpg
4,1,20190716,124830,88,1,536,532,579,569,Jul25_1/58-20190716124830-snapshot.jpg
4,1,20190716,124900,88,1,536,532,579,570,Jul25_1/58-20190716124900-snapshot.jpg
4,1,20190716,124930,88,1,537,532,579,569,Jul25_1/58-20190716124930-snapshot.jpg
4,1,20190716,125000,87,1,537,531,579,568,Jul25_1/58-20190716125000-snapshot.jpg
4,1,20190716,125030,87,1,537,531,579,568,Jul25_1/58-20190716125030-snapshot.jpg
4,1,20190716,125100,88,1,537,532,578,567,Jul25_1/58-20190716125100-snapshot.jpg
4,1,20190716,125130,88,1,533,530,572,563,Jul25_1/58-20190716125130-snapshot.jpg
4,1,20190716,125200,59,5,1750,611,1816,666,Jul25_1/58-20190716125200-snapshot.jpg
4,1,20190716,125200,87,1,505,543,544,578,Jul25_1/58-20190716125200-snapshot.jpg
4,1,20190716,125900,77,5,945,379,994,412,Jul25_1/58-20190716125900-snapshot.jpg
4,1,20190716,130030,76,5,1044,327,1087,373,Jul25_1/58-20190716130030-snapshot.jpg
4,1,20190716,130100,60,5,856,560,900,597,Jul25_1/58-20190716130100-snapshot.jpg
4,1,20190716,130130,30,5,1073,925,1120,965,Jul25_1/58-20190716130130-snapshot.jpg
4,1,20190716,130200,75,5,1011,412,1057,464,Jul25_1/58-20190716130200-snapshot.jpg
4,1,20190716,130830,72,2,114,293,203,346,Jul25_1/58-20190716130830-snapshot.jpg
4,1,20190716,131500,51,5,1782,52,1836,94,Jul25_1/58-20190716131500-snapshot.jpg
4,1,20190716,131530,38,5,1363,173,1410,209,Jul25_1/58-20190716131530-snapshot.jpg
4,1,20190716,131530,86,3,1036,590,1109,644,Jul25_1/58-20190716131530-snapshot.jpg
4,1,20190716,131930,85,3,750,653,804,719,Jul25_1/58-20190716131930-snapshot.jpg
4,1,20190716,133530,70,5,760,607,806,640,Jul25_1/58-20190716133530-snapshot.jpg
4,1,20190716,133600,30,5,745,624,789,655,Jul25_1/58-20190716133600-snapshot.jpg
4,1,20190716,133630,58,5,1015,695,1054,742,Jul25_1/58-20190716133630-snapshot.jpg
4,1,20190716,133700,62,5,362,594,396,633,Jul25_1/58-20190716133700-snapshot.jpg
4,1,20190716,133900,86,8,835,504,909,562,Jul25_1/58-20190716133900-snapshot.jpg
4,1,20190716,134100,74,6,204,68,277,120,Jul25_1/58-20190716134100-snapshot.jpg
4,1,20190716,134130,71,6,0,16,60,66,Jul25_1/58-20190716134130-snapshot.jpg
4,1,20190716,134200,68,6,0,63,59,119,Jul25_1/58-20190716134200-snapshot.jpg
4,1,20190716,135530,86,4,869,707,949,767,Jul25_1/58-20190716135530-snapshot.jpg
4,1,20190716,140130,85,2,200,618,285,669,Jul25_1/58-20190716140130-snapshot.jpg
4,1,20190716,140330,83,2,956,381,1015,447,Jul25_1/58-20190716140330-snapshot.jpg
4,1,20190716,141000,85,2,421,688,496,745,Jul25_1/58-20190716141000-snapshot.jpg
4,1,20190716,141030,59,6,388,734,443,791,Jul25_1/58-20190716141030-snapshot.jpg
4,1,20190716,141130,71,6,202,998,271,1039,Jul25_1/58-20190716141130-snapshot.jpg
4,1,20190716,141630,39,6,173,988,237,1018,Jul25_1/58-20190716141630-snapshot.jpg
4,1,20190716,141830,87,3,903,391,966,466,Jul25_1/58-20190716141830-snapshot.jpg
4,1,20190716,141900,75,5,1114,288,1166,331,Jul25_1/58-20190716141900-snapshot.jpg
4,1,20190716,141930,70,5,1152,444,1200,495,Jul25_1/58-20190716141930-snapshot.jpg
4,1,20190716,141930,74,6,1756,893,1815,969,Jul25_1/58-20190716141930-snapshot.jpg
4,1,20190716,142000,64,2,944,465,1003,522,Jul25_1/58-20190716142000-snapshot.jpg
4,1,20190716,142000,70,5,808,623,849,665,Jul25_1/58-20190716142000-snapshot.jpg
4,1,20190716,142530,78,6,1755,713,1813,781,Jul25_1/58-20190716142530-snapshot.jpg
4,1,20190716,142630,67,6,1836,57,1904,113,Jul25_1/58-20190716142630-snapshot.jpg
4,1,20190716,142900,46,6,154,76,204,136,Jul25_1/58-20190716142900-snapshot.jpg
4,1,20190716,143400,85,4,1626,621,1711,688,Jul25_1/58-20190716143400-snapshot.jpg
4,1,20190716,143700,79,3,992,756,1061,808,Jul25_1/58-20190716143700-snapshot.jpg
4,1,20190716,144600,87,3,229,910,323,990,Jul25_1/58-20190716144600-snapshot.jpg
4,1,20190716,145230,75,5,1253,435,1299,481,Jul25_1/58-20190716145230-snapshot.jpg
4,1,20190716,145800,71,2,1074,484,1131,550,Jul25_1/58-20190716145800-snapshot.jpg
4,1,20190716,145900,73,5,1040,722,1082,768,Jul25_1/58-20190716145900-snapshot.jpg
4,1,20190716,150600,70,5,789,609,835,657,Jul25_1/58-20190716150600-snapshot.jpg
4,1,20190716,150630,85,1,1501,1030,1543,1066,Jul25_1/58-20190716150630-snapshot.jpg
4,1,20190716,150700,85,1,1479,1030,1519,1067,Jul25_1/58-20190716150700-snapshot.jpg
4,1,20190716,150730,85,1,1086,927,1131,965,Jul25_1/58-20190716150730-snapshot.jpg
4,1,20190716,150800,87,1,985,446,1034,501,Jul25_1/58-20190716150800-snapshot.jpg
4,1,20190716,150830,35,1,902,407,941,445,Jul25_1/58-20190716150830-snapshot.jpg
4,1,20190716,150830,76,4,211,21,266,81,Jul25_1/58-20190716150830-snapshot.jpg
4,1,20190716,151100,84,4,1025,351,1082,437,Jul25_1/58-20190716151100-snapshot.jpg
4,1,20190716,151200,74,6,1219,996,1289,1044,Jul25_1/58-20190716151200-snapshot.jpg
4,1,20190716,152100,67,2,1010,508,1085,558,Jul25_1/58-20190716152100-snapshot.jpg
4,1,20190716,152200,79,8,1006,984,1059,1048,Jul25_1/58-20190716152200-snapshot.jpg
4,1,20190716,152230,85,8,662,552,717,615,Jul25_1/58-20190716152230-snapshot.jpg
4,1,20190716,152300,60,3,990,242,1073,300,Jul25_1/58-20190716152300-snapshot.jpg
4,1,20190716,153200,64,5,744,671,786,719,Jul25_1/58-20190716153200-snapshot.jpg
4,1,20190716,155900,80,2,954,433,1012,507,Jul25_1/58-20190716155900-snapshot.jpg
4,1,20190716,155930,59,2,1517,215,1587,282,Jul25_1/58-20190716155930-snapshot.jpg
4,1,20190716,161030,82,2,537,265,595,329,Jul25_1/58-20190716161030-snapshot.jpg
4,1,20190716,161830,80,2,194,611,284,656,Jul25_1/58-20190716161830-snapshot.jpg
4,1,20190716,162400,72,2,1092,512,1165,566,Jul25_1/58-20190716162400-snapshot.jpg
4,1,20190716,162500,75,3,229,982,313,1050,Jul25_1/58-20190716162500-snapshot.jpg
4,1,20190716,162730,55,5,821,821,870,878,Jul25_1/58-20190716162730-snapshot.jpg
4,1,20190716,163330,82,3,283,750,365,809,Jul25_1/58-20190716163330-snapshot.jpg
4,1,20190716,163930,83,2,1114,303,1186,362,Jul25_1/58-20190716163930-snapshot.jpg
4,1,20190716,164530,59,2,1497,242,1575,306,Jul25_1/58-20190716164530-snapshot.jpg
4,1,20190716,170000,77,2,0,334,73,396,Jul25_1/58-20190716170000-snapshot.jpg
4,1,20190716,170900,83,2,917,395,991,443,Jul25_1/58-20190716170900-snapshot.jpg
4,1,20190716,171830,84,6,660,1019,743,1071,Jul25_1/58-20190716171830-snapshot.jpg
4,1,20190716,171900,82,6,668,1012,744,1068,Jul25_1/58-20190716171900-snapshot.jpg
4,1,20190716,171930,41,2,623,985,704,1050,Jul25_1/58-20190716171930-snapshot.jpg
4,1,20190716,172500,62,5,1872,69,1917,119,Jul25_1/58-20190716172500-snapshot.jpg
4,1,20190716,173100,85,4,1287,191,1348,273,Jul25_1/58-20190716173100-snapshot.jpg
4,1,20190716,174400,87,2,758,622,812,704,Jul25_1/58-20190716174400-snapshot.jpg
4,1,20190716,174430,85,2,927,424,1003,471,Jul25_1/58-20190716174430-snapshot.jpg
4,1,20190716,174600,83,3,225,959,308,1009,Jul25_1/58-20190716174600-snapshot.jpg
4,1,20190716,175300,82,8,728,620,802,660,Jul25_1/58-20190716175300-snapshot.jpg
4,1,20190716,175730,77,5,917,846,963,900,Jul25_1/58-20190716175730-snapshot.jpg
4,1,20190716,181000,77,2,938,787,1012,842,Jul25_1/58-20190716181000-snapshot.jpg
4,1,20190716,181300,83,2,1753,25,1841,74,Jul25_1/58-20190716181300-snapshot.jpg
4,1,20190716,181330,83,2,991,411,1047,483,Jul25_1/58-20190716181330-snapshot.jpg
4,1,20190716,181930,86,2,855,325,924,407,Jul25_1/58-20190716181930-snapshot.jpg
4,1,20190716,182230,60,5,205,147,247,186,Jul25_1/58-20190716182230-snapshot.jpg
4,1,20190716,182300,71,5,133,93,186,122,Jul25_1/58-20190716182300-snapshot.jpg
4,1,20190716,182330,74,5,82,62,129,113,Jul25_1/58-20190716182330-snapshot.jpg
4,1,20190716,183300,80,8,1751,128,1825,183,Jul25_1/58-20190716183300-snapshot.jpg
4,1,20190716,185200,32,6,537,347,583,405,Jul25_1/58-20190716185200-snapshot.jpg
4,1,20190716,185330,35,6,536,347,583,405,Jul25_1/58-20190716185330-snapshot.jpg
4,1,20190716,190530,32,1,1420,113,1470,158,Jul25_1/58-20190716190530-snapshot.jpg
4,1,20190716,190730,60,5,1033,706,1088,741,Jul25_1/58-20190716190730-snapshot.jpg
4,1,20190716,191230,51,5,1631,18,1674,71,Jul25_1/58-20190716191230-snapshot.jpg
4,1,20190716,191830,51,6,535,346,584,406,Jul25_1/58-20190716191830-snapshot.jpg
4,1,20190716,191830,85,8,929,138,984,217,Jul25_1/58-20190716191830-snapshot.jpg
4,1,20190716,192230,75,8,324,699,407,736,Jul25_1/58-20190716192230-snapshot.jpg
4,1,20190716,192300,35,6,535,346,585,407,Jul25_1/58-20190716192300-snapshot.jpg
4,1,20190716,192330,41,6,535,346,584,405,Jul25_1/58-20190716192330-snapshot.jpg
4,1,20190716,192930,32,6,535,348,584,406,Jul25_1/58-20190716192930-snapshot.jpg
4,1,20190716,195430,33,5,1378,304,1439,371,Jul25_1/58-20190716195430-snapshot.jpg
4,1,20190716,195500,28,5,1379,306,1438,370,Jul25_1/58-20190716195500-snapshot.jpg
4,1,20190716,202100,84,8,654,782,729,830,Jul25_1/58-20190716202100-snapshot.jpg
4,1,20190716,204830,36,6,535,347,585,406,Jul25_1/59-20190716204830-snapshot.jpg
4,1,20190716,211130,26,5,1104,975,1156,1017,Jul25_1/59-20190716211130-snapshot.jpg
4,1,20190716,211800,33,5,1104,975,1153,1015,Jul25_1/61-20190716211800-snapshot.jpg
4,1,20190723,084430,33,1,1428,239,1465,272,Jul25_1/613-20190723084430-snapshot.jpg
4,1,20190723,084530,41,1,1427,239,1467,275,Jul25_1/613-20190723084530-snapshot.jpg
4,1,20190723,090300,64,6,1510,54,1587,105,Jul25_1/613-20190723090300-snapshot.jpg
4,1,20190723,090530,56,5,215,974,266,1009,Jul25_1/613-20190723090530-snapshot.jpg
4,1,20190723,091330,78,8,610,996,685,1054,Jul25_1/613-20190723091330-snapshot.jpg
4,1,20190723,094830,79,5,894,445,944,490,Jul25_1/613-20190723094830-snapshot.jpg
4,1,20190723,094900,81,5,930,472,984,523,Jul25_1/613-20190723094900-snapshot.jpg
4,1,20190723,094930,67,5,1086,517,1132,567,Jul25_1/613-20190723094930-snapshot.jpg
4,1,20190723,095000,70,5,1066,468,1121,502,Jul25_1/613-20190723095000-snapshot.jpg
4,1,20190723,095230,73,5,25,603,76,654,Jul25_1/613-20190723095230-snapshot.jpg
4,1,20190723,095500,69,5,43,27,89,77,Jul25_1/613-20190723095500-snapshot.jpg
4,1,20190723,095800,69,6,182,999,251,1049,Jul25_1/613-20190723095800-snapshot.jpg
4,1,20190723,100300,32,6,984,398,1028,442,Jul25_1/613-20190723100300-snapshot.jpg
4,1,20190723,100600,78,5,543,347,593,405,Jul25_1/613-20190723100600-snapshot.jpg
4,1,20190723,101200,48,6,229,996,291,1033,Jul25_1/613-20190723101200-snapshot.jpg
4,1,20190723,101230,38,6,207,952,270,1013,Jul25_1/613-20190723101230-snapshot.jpg
4,1,20190723,104430,56,6,918,420,969,480,Jul25_1/613-20190723104430-snapshot.jpg
4,1,20190723,110030,42,6,539,297,582,351,Jul25_1/613-20190723110030-snapshot.jpg
4,1,20190723,111930,63,5,387,661,445,705,Jul25_1/613-20190723111930-snapshot.jpg
4,1,20190723,112130,86,4,457,152,539,228,Jul25_1/613-20190723112130-snapshot.jpg
4,1,20190723,112330,69,6,48,431,121,485,Jul25_1/613-20190723112330-snapshot.jpg
4,1,20190723,113830,40,6,1166,70,1217,109,Jul25_1/613-20190723113830-snapshot.jpg
4,1,20190723,114000,55,6,146,821,224,876,Jul25_1/613-20190723114000-snapshot.jpg
4,1,20190723,122530,71,1,365,437,402,469,Jul25_1/613-20190723122530-snapshot.jpg
4,1,20190723,123330,85,1,309,462,355,504,Jul25_1/613-20190723123330-snapshot.jpg
4,1,20190723,123430,86,1,501,295,546,338,Jul25_1/613-20190723123430-snapshot.jpg
4,1,20190723,125430,68,5,988,419,1034,459,Jul25_1/613-20190723125430-snapshot.jpg
4,1,20190723,125800,55,5,998,417,1041,467,Jul25_1/613-20190723125800-snapshot.jpg
4,1,20190723,133630,27,1,1239,8,1275,34,Jul25_1/613-20190723133630-snapshot.jpg
4,1,20190723,134030,75,5,1817,26,1865,78,Jul25_1/613-20190723134030-snapshot.jpg
4,1,20190723,134500,42,8,178,437,233,476,Jul25_1/613-20190723134500-snapshot.jpg
4,1,20190723,135030,83,1,1291,244,1332,281,Jul25_1/613-20190723135030-snapshot.jpg
4,1,20190723,140200,86,1,1047,258,1092,298,Jul25_1/613-20190723140200-snapshot.jpg
4,1,20190723,140800,74,5,992,459,1041,506,Jul25_1/613-20190723140800-snapshot.jpg
4,1,20190723,140830,83,5,1030,519,1087,578,Jul25_1/613-20190723140830-snapshot.jpg
4,1,20190723,140900,79,5,974,392,1024,435,Jul25_1/613-20190723140900-snapshot.jpg
4,1,20190723,142400,85,2,147,543,235,611,Jul25_1/613-20190723142400-snapshot.jpg
4,1,20190723,143930,80,1,1008,844,1047,879,Jul25_1/613-20190723143930-snapshot.jpg
4,1,20190723,145030,72,5,1178,326,1229,373,Jul25_1/613-20190723145030-snapshot.jpg
4,1,20190723,145130,82,8,1375,144,1429,217,Jul25_1/613-20190723145130-snapshot.jpg
4,1,20190723,150330,72,5,966,521,1012,570,Jul25_1/613-20190723150330-snapshot.jpg
4,1,20190723,150700,80,1,946,681,986,718,Jul25_1/613-20190723150700-snapshot.jpg
4,1,20190723,151130,73,5,1269,550,1316,594,Jul25_1/613-20190723151130-snapshot.jpg
4,1,20190723,151830,85,1,911,826,952,866,Jul25_1/613-20190723151830-snapshot.jpg
4,1,20190723,152730,80,1,50,460,91,495,Jul25_1/613-20190723152730-snapshot.jpg
4,1,20190723,152930,65,8,1756,946,1810,1015,Jul25_1/613-20190723152930-snapshot.jpg
4,1,20190723,155530,75,1,1317,610,1355,643,Jul25_1/613-20190723155530-snapshot.jpg
4,1,20190723,161000,52,1,592,1003,628,1035,Jul25_1/613-20190723161000-snapshot.jpg
4,1,20190723,161000,84,1,1665,192,1708,228,Jul25_1/613-20190723161000-snapshot.jpg
4,1,20190723,161600,85,1,168,539,213,577,Jul25_1/613-20190723161600-snapshot.jpg
4,1,20190723,161700,68,1,178,419,216,448,Jul25_1/613-20190723161700-snapshot.jpg
4,1,20190723,161730,72,1,168,474,209,509,Jul25_1/613-20190723161730-snapshot.jpg
4,1,20190723,162830,71,1,1118,225,1154,255,Jul25_1/613-20190723162830-snapshot.jpg
4,1,20190723,165030,28,5,32,550,85,583,Jul25_1/613-20190723165030-snapshot.jpg
4,1,20190723,165530,68,1,1065,590,1101,629,Jul25_1/613-20190723165530-snapshot.jpg
4,1,20190723,165600,83,1,1296,226,1340,261,Jul25_1/613-20190723165600-snapshot.jpg
4,1,20190723,165630,86,1,1314,194,1359,231,Jul25_1/613-20190723165630-snapshot.jpg
4,1,20190723,165700,85,1,1308,189,1355,229,Jul25_1/613-20190723165700-snapshot.jpg
4,1,20190723,165730,53,1,1101,251,1138,285,Jul25_1/613-20190723165730-snapshot.jpg
4,1,20190723,165800,82,1,1150,183,1189,214,Jul25_1/613-20190723165800-snapshot.jpg
4,1,20190723,170500,46,5,1638,17,1684,66,Jul25_1/613-20190723170500-snapshot.jpg
4,1,20190723,170830,84,1,518,130,565,169,Jul25_1/613-20190723170830-snapshot.jpg
4,1,20190723,171200,26,5,1828,0,1867,33,Jul25_1/613-20190723171200-snapshot.jpg
4,1,20190723,171330,28,1,1083,1003,1121,1035,Jul25_1/613-20190723171330-snapshot.jpg
4,1,20190723,171700,44,1,1226,283,1266,315,Jul25_1/613-20190723171700-snapshot.jpg
4,1,20190723,171830,81,1,1638,660,1679,696,Jul25_1/613-20190723171830-snapshot.jpg
4,1,20190723,171930,82,1,1237,21,1279,55,Jul25_1/613-20190723171930-snapshot.jpg
4,1,20190723,172330,40,5,195,15,247,46,Jul25_1/613-20190723172330-snapshot.jpg
4,1,20190723,172400,77,1,484,734,523,767,Jul25_1/613-20190723172400-snapshot.jpg
4,1,20190723,172730,80,1,924,115,964,152,Jul25_1/613-20190723172730-snapshot.jpg
4,1,20190723,172800,80,1,812,111,853,146,Jul25_1/613-20190723172800-snapshot.jpg
4,1,20190723,173430,83,1,1212,735,1253,770,Jul25_1/613-20190723173430-snapshot.jpg
4,1,20190723,173730,48,6,534,411,588,472,Jul25_1/613-20190723173730-snapshot.jpg
4,1,20190723,174000,79,1,641,462,679,493,Jul25_1/613-20190723174000-snapshot.jpg
4,1,20190723,174130,75,1,484,737,524,772,Jul25_1/613-20190723174130-snapshot.jpg
4,1,20190723,174230,80,1,1489,587,1528,620,Jul25_1/613-20190723174230-snapshot.jpg
4,1,20190723,174930,75,1,1216,1054,1256,1079,Jul25_1/613-20190723174930-snapshot.jpg
4,1,20190723,180500,70,8,1876,578,1920,644,Jul25_1/613-20190723180500-snapshot.jpg
4,1,20190723,181130,66,1,429,60,469,95,Jul25_1/613-20190723181130-snapshot.jpg
4,1,20190723,181400,77,1,404,560,439,588,Jul25_1/613-20190723181400-snapshot.jpg
4,1,20190723,181430,75,8,702,719,785,777,Jul25_1/613-20190723181430-snapshot.jpg
4,1,20190723,181530,81,1,1402,1015,1445,1049,Jul25_1/613-20190723181530-snapshot.jpg
4,1,20190723,181600,74,1,1181,756,1218,786,Jul25_1/613-20190723181600-snapshot.jpg
4,1,20190723,182830,82,8,113,678,193,734,Jul25_1/613-20190723182830-snapshot.jpg
4,1,20190723,184700,85,1,1676,550,1717,585,Jul25_1/613-20190723184700-snapshot.jpg
4,1,20190723,184730,39,1,1529,462,1564,493,Jul25_1/613-20190723184730-snapshot.jpg
4,1,20190723,184800,46,1,1472,550,1510,580,Jul25_1/613-20190723184800-snapshot.jpg
4,1,20190723,184830,82,1,1471,760,1511,796,Jul25_1/613-20190723184830-snapshot.jpg
4,1,20190723,191000,85,1,1052,862,1091,901,Jul25_1/613-20190723191000-snapshot.jpg
4,1,20190723,191900,79,5,0,532,63,586,Jul25_1/613-20190723191900-snapshot.jpg
4,1,20190723,192000,36,5,985,446,1028,485,Jul25_1/613-20190723192000-snapshot.jpg
4,1,20190723,193430,28,1,732,576,772,610,Jul25_1/613-20190723193430-snapshot.jpg
4,1,20190723,193500,80,1,798,569,838,604,Jul25_1/613-20190723193500-snapshot.jpg
4,1,20190723,193530,61,1,801,571,838,604,Jul25_1/613-20190723193530-snapshot.jpg
4,1,20190723,193630,41,6,208,995,266,1045,Jul25_1/613-20190723193630-snapshot.jpg
4,1,20190723,193700,71,6,212,1021,281,1071,Jul25_1/613-20190723193700-snapshot.jpg
4,1,20190723,193730,40,1,802,566,840,600,Jul25_1/613-20190723193730-snapshot.jpg
4,1,20190723,193900,82,1,739,574,782,613,Jul25_1/613-20190723193900-snapshot.jpg
4,1,20190723,193930,82,1,746,533,790,572,Jul25_1/613-20190723193930-snapshot.jpg
4,1,20190723,193930,85,1,1664,200,1703,232,Jul25_1/613-20190723193930-snapshot.jpg
4,1,20190723,194000,82,1,761,559,804,597,Jul25_1/613-20190723194000-snapshot.jpg
4,1,20190723,194000,84,1,1569,44,1612,81,Jul25_1/613-20190723194000-snapshot.jpg
4,1,20190723,194030,80,1,746,522,791,563,Jul25_1/613-20190723194030-snapshot.jpg
4,1,20190723,194100,79,1,739,502,780,540,Jul25_1/613-20190723194100-snapshot.jpg
4,1,20190723,194130,81,1,744,503,785,541,Jul25_1/613-20190723194130-snapshot.jpg
4,1,20190723,194200,78,1,748,502,789,540,Jul25_1/613-20190723194200-snapshot.jpg
4,1,20190723,194230,68,6,426,42,487,107,Jul25_1/613-20190723194230-snapshot.jpg
4,1,20190723,194230,80,1,749,502,789,539,Jul25_1/613-20190723194230-snapshot.jpg
4,1,20190723,194330,72,1,501,234,545,269,Jul25_1/613-20190723194330-snapshot.jpg
4,1,20190723,194630,89,1,806,958,852,1001,Jul25_1/613-20190723194630-snapshot.jpg
4,1,20190723,194700,81,1,937,783,975,819,Jul25_1/613-20190723194700-snapshot.jpg
4,1,20190723,194830,28,1,902,979,945,1021,Jul25_1/613-20190723194830-snapshot.jpg
4,1,20190723,195600,81,1,1655,970,1697,1006,Jul25_1/613-20190723195600-snapshot.jpg
4,1,20190723,195630,82,1,53,397,94,436,Jul25_1/613-20190723195630-snapshot.jpg
4,1,20190723,200200,71,1,525,354,567,391,Jul25_1/613-20190723200200-snapshot.jpg
4,1,20190723,200330,85,1,815,169,860,209,Jul25_1/613-20190723200330-snapshot.jpg
4,1,20190723,200430,25,1,733,959,773,997,Jul25_1/613-20190723200430-snapshot.jpg
4,1,20190723,200500,78,1,959,226,997,261,Jul25_1/613-20190723200500-snapshot.jpg
4,1,20190723,200830,66,1,1681,188,1719,221,Jul25_1/613-20190723200830-snapshot.jpg
4,1,20190723,201800,53,6,80,950,148,992,Jul25_1/613-20190723201800-snapshot.jpg
4,1,20190723,202230,74,1,217,441,256,474,Jul25_1/613-20190723202230-snapshot.jpg
4,1,20190723,203030,69,5,354,84,409,137,Jul25_1/613-20190723203030-snapshot.jpg
4,1,20190723,203300,84,1,455,849,493,883,Jul25_1/613-20190723203300-snapshot.jpg
4,1,20190723,203330,81,1,243,939,286,975,Jul25_1/613-20190723203330-snapshot.jpg
4,1,20190723,203400,53,1,131,971,171,1004,Jul25_1/613-20190723203400-snapshot.jpg
4,1,20190723,203900,83,1,1796,995,1839,1036,Jul25_1/613-20190723203900-snapshot.jpg
4,1,20190723,204100,68,6,239,1016,305,1051,Jul25_1/613-20190723204100-snapshot.jpg
4,1,20190723,204200,74,6,182,980,234,1038,Jul25_1/613-20190723204200-snapshot.jpg
4,1,20190723,205230,75,1,498,1054,537,1080,Jul25_1/613-20190723205230-snapshot.jpg
4,1,20190723,205400,82,1,390,146,432,184,Jul25_1/613-20190723205400-snapshot.jpg
4,1,20190723,205930,81,1,778,230,819,268,Jul25_1/613-20190723205930-snapshot.jpg
4,1,20190723,210300,83,1,1296,671,1335,706,Jul25_1/613-20190723210300-snapshot.jpg
4,1,20190723,210530,79,1,1214,638,1255,680,Jul25_1/613-20190723210530-snapshot.jpg
4,1,20190723,210830,45,1,921,1030,959,1065,Jul25_1/613-20190723210830-snapshot.jpg
4,1,20190723,211000,74,1,529,1054,568,1079,Jul25_1/613-20190723211000-snapshot.jpg
4,1,20190723,211000,87,1,968,308,1012,352,Jul25_1/613-20190723211000-snapshot.jpg
4,1,20190723,211100,76,1,399,986,441,1021,Jul25_1/613-20190723211100-snapshot.jpg
4,1,20190723,211100,85,1,864,704,904,745,Jul25_1/613-20190723211100-snapshot.jpg
4,1,20190723,211130,82,1,141,956,184,991,Jul25_1/613-20190723211130-snapshot.jpg
4,1,20190723,211200,80,1,32,856,71,898,Jul25_1/613-20190723211200-snapshot.jpg
4,1,20190723,211230,84,1,2,884,42,923,Jul25_1/613-20190723211230-snapshot.jpg
4,1,20190723,214430,82,1,1819,24,1867,67,Jul25_1/614-20190723214430-snapshot.jpg
4,1,20190716,212030,59,5,1103,974,1156,1014,Jul25_1/62-20190716212030-snapshot.jpg
4,1,20190716,212200,29,5,1103,974,1155,1014,Jul25_1/62-20190716212200-snapshot.jpg
4,1,20190716,212330,32,5,1102,975,1155,1015,Jul25_1/62-20190716212330-snapshot.jpg
4,1,20190723,221730,60,1,572,107,627,154,Jul25_1/622-20190723221730-snapshot.jpg
4,1,20190724,043600,40,1,1365,78,1417,123,Jul25_1/625-20190724043600-snapshot.jpg
4,1,20190724,043700,30,1,575,113,629,161,Jul25_1/625-20190724043700-snapshot.jpg
4,1,20190724,043830,60,1,574,113,629,161,Jul25_1/625-20190724043830-snapshot.jpg
4,1,20190724,051230,66,1,1362,1055,1407,1079,Jul25_1/631-20190724051230-snapshot.jpg
4,1,20190716,212730,36,5,1104,972,1156,1015,Jul25_1/64-20190716212730-snapshot.jpg
4,1,20190716,212800,26,5,1104,976,1155,1019,Jul25_1/64-20190716212800-snapshot.jpg
4,1,20190724,054500,35,1,1336,1054,1375,1078,Jul25_1/642-20190724054500-snapshot.jpg
4,1,20190724,054700,76,1,1332,1049,1370,1077,Jul25_1/643-20190724054700-snapshot.jpg
4,1,20190724,054730,63,1,1334,1049,1372,1078,Jul25_1/643-20190724054730-snapshot.jpg
4,1,20190724,054800,55,1,1334,1049,1371,1078,Jul25_1/643-20190724054800-snapshot.jpg
4,1,20190724,054830,56,1,1334,1049,1371,1077,Jul25_1/643-20190724054830-snapshot.jpg
4,1,20190724,054930,65,1,1332,1047,1369,1077,Jul25_1/643-20190724054930-snapshot.jpg
4,1,20190716,212930,27,5,1104,973,1157,1014,Jul25_1/65-20190716212930-snapshot.jpg
4,1,20190724,063030,71,1,1897,264,1920,302,Jul25_1/656-20190724063030-snapshot.jpg
4,1,20190716,213030,35,5,1104,976,1154,1017,Jul25_1/66-20190716213030-snapshot.jpg
4,1,20190716,213100,33,5,1103,973,1156,1012,Jul25_1/66-20190716213100-snapshot.jpg
4,1,20190716,213130,35,5,1104,973,1155,1013,Jul25_1/66-20190716213130-snapshot.jpg
4,1,20190716,213200,34,5,1103,976,1154,1014,Jul25_1/66-20190716213200-snapshot.jpg
4,1,20190724,070500,82,1,1765,196,1807,232,Jul25_1/668-20190724070500-snapshot.jpg
4,1,20190724,070530,82,1,1746,223,1789,265,Jul25_1/668-20190724070530-snapshot.jpg
4,1,20190724,070600,81,1,1738,165,1778,203,Jul25_1/668-20190724070600-snapshot.jpg
4,1,20190724,070630,80,1,1694,189,1733,222,Jul25_1/668-20190724070630-snapshot.jpg
4,1,20190724,070730,72,1,1767,173,1804,204,Jul25_1/668-20190724070730-snapshot.jpg
4,1,20190724,070830,83,1,1642,221,1682,255,Jul25_1/668-20190724070830-snapshot.jpg
4,1,20190724,070930,83,1,1749,176,1789,212,Jul25_1/668-20190724070930-snapshot.jpg
4,1,20190724,071000,84,1,1763,158,1804,197,Jul25_1/668-20190724071000-snapshot.jpg
4,1,20190724,071100,66,1,1813,61,1853,97,Jul25_1/668-20190724071100-snapshot.jpg
4,1,20190724,071130,85,1,1832,14,1881,57,Jul25_1/668-20190724071130-snapshot.jpg
4,1,20190724,071400,77,1,1806,53,1845,87,Jul25_1/669-20190724071400-snapshot.jpg
4,1,20190716,213300,33,5,1104,972,1157,1009,Jul25_1/67-20190716213300-snapshot.jpg
4,1,20190724,071600,26,1,1810,48,1850,81,Jul25_1/670-20190724071600-snapshot.jpg
4,1,20190724,071700,28,1,1812,46,1852,81,Jul25_1/670-20190724071700-snapshot.jpg
4,1,20190724,071730,49,1,1811,46,1852,79,Jul25_1/670-20190724071730-snapshot.jpg
4,1,20190724,072200,78,1,1812,42,1854,78,Jul25_1/671-20190724072200-snapshot.jpg
4,1,20190724,072230,78,1,1810,41,1853,77,Jul25_1/671-20190724072230-snapshot.jpg
4,1,20190724,072300,45,1,1814,46,1853,77,Jul25_1/671-20190724072300-snapshot.jpg
4,1,20190724,072400,78,1,1814,57,1857,92,Jul25_1/672-20190724072400-snapshot.jpg
4,1,20190724,072700,81,1,1833,0,1879,40,Jul25_1/672-20190724072700-snapshot.jpg
4,1,20190724,072730,77,1,1838,48,1880,83,Jul25_1/672-20190724072730-snapshot.jpg
4,1,20190724,072800,81,1,1801,45,1843,78,Jul25_1/672-20190724072800-snapshot.jpg
4,1,20190724,072830,80,1,1790,120,1836,167,Jul25_1/672-20190724072830-snapshot.jpg
4,1,20190724,072900,49,1,1854,100,1895,134,Jul25_1/672-20190724072900-snapshot.jpg
4,1,20190724,072930,77,1,1804,106,1856,154,Jul25_1/672-20190724072930-snapshot.jpg
4,1,20190724,073130,84,1,1849,6,1899,54,Jul25_1/672-20190724073130-snapshot.jpg
4,1,20190724,073230,72,1,1806,83,1848,115,Jul25_1/672-20190724073230-snapshot.jpg
4,1,20190724,073300,83,1,1808,83,1858,130,Jul25_1/672-20190724073300-snapshot.jpg
4,1,20190724,073600,65,1,1336,1055,1376,1079,Jul25_1/673-20190724073600-snapshot.jpg
4,1,20190724,073630,68,1,1338,1056,1378,1079,Jul25_1/673-20190724073630-snapshot.jpg
4,1,20190724,073700,62,1,1336,1054,1376,1079,Jul25_1/673-20190724073700-snapshot.jpg
4,1,20190724,073730,62,1,1335,1053,1376,1079,Jul25_1/673-20190724073730-snapshot.jpg
4,1,20190724,073800,44,1,1335,1053,1375,1079,Jul25_1/673-20190724073800-snapshot.jpg
4,1,20190724,073830,59,1,1335,1054,1375,1079,Jul25_1/673-20190724073830-snapshot.jpg
4,1,20190724,073900,65,1,1335,1054,1375,1079,Jul25_1/673-20190724073900-snapshot.jpg
4,1,20190724,073930,63,1,1335,1053,1375,1078,Jul25_1/673-20190724073930-snapshot.jpg
4,1,20190724,074000,63,1,1337,1055,1377,1079,Jul25_1/674-20190724074000-snapshot.jpg
4,1,20190724,074030,65,1,1335,1054,1375,1078,Jul25_1/674-20190724074030-snapshot.jpg
4,1,20190724,074100,66,1,1335,1053,1376,1078,Jul25_1/674-20190724074100-snapshot.jpg
4,1,20190724,074130,69,1,1334,1053,1374,1079,Jul25_1/674-20190724074130-snapshot.jpg
4,1,20190724,074200,64,1,1335,1054,1375,1079,Jul25_1/675-20190724074200-snapshot.jpg
4,1,20190724,074230,65,1,1336,1054,1375,1079,Jul25_1/675-20190724074230-snapshot.jpg
4,1,20190724,074300,59,1,1334,1053,1375,1079,Jul25_1/675-20190724074300-snapshot.jpg
4,1,20190724,074330,63,1,1337,1055,1377,1079,Jul25_1/675-20190724074330-snapshot.jpg
4,1,20190724,074400,65,1,1338,1056,1377,1079,Jul25_1/675-20190724074400-snapshot.jpg
4,1,20190724,074430,62,1,1337,1056,1377,1079,Jul25_1/675-20190724074430-snapshot.jpg
4,1,20190724,074500,62,1,1337,1055,1376,1079,Jul25_1/676-20190724074500-snapshot.jpg
4,1,20190724,074530,65,1,1338,1056,1378,1079,Jul25_1/676-20190724074530-snapshot.jpg
4,1,20190724,074600,66,1,1337,1055,1376,1079,Jul25_1/676-20190724074600-snapshot.jpg
4,1,20190724,074630,63,1,1337,1055,1376,1079,Jul25_1/676-20190724074630-snapshot.jpg
4,1,20190724,074700,63,1,1337,1055,1376,1079,Jul25_1/676-20190724074700-snapshot.jpg
4,1,20190724,074830,38,1,1333,1055,1374,1079,Jul25_1/676-20190724074830-snapshot.jpg
4,1,20190724,074900,67,1,1333,1055,1372,1080,Jul25_1/677-20190724074900-snapshot.jpg
4,1,20190724,074930,61,1,1334,1055,1373,1079,Jul25_1/677-20190724074930-snapshot.jpg
4,1,20190724,075000,33,6,204,997,272,1034,Jul25_1/677-20190724075000-snapshot.jpg
4,1,20190724,075000,61,1,1333,1054,1372,1079,Jul25_1/677-20190724075000-snapshot.jpg
4,1,20190724,075030,65,1,1333,1055,1372,1079,Jul25_1/677-20190724075030-snapshot.jpg
4,1,20190724,075100,29,1,1332,1054,1372,1080,Jul25_1/677-20190724075100-snapshot.jpg
4,1,20190724,075130,43,1,1332,1055,1371,1079,Jul25_1/677-20190724075130-snapshot.jpg
4,1,20190724,075200,66,1,1333,1055,1373,1080,Jul25_1/678-20190724075200-snapshot.jpg
4,1,20190724,075230,64,1,1333,1055,1372,1079,Jul25_1/678-20190724075230-snapshot.jpg
4,1,20190724,075300,48,1,1332,1055,1371,1079,Jul25_1/678-20190724075300-snapshot.jpg
4,1,20190724,075330,58,1,1332,1054,1372,1079,Jul25_1/678-20190724075330-snapshot.jpg
4,1,20190724,075400,33,1,1332,1055,1372,1080,Jul25_1/678-20190724075400-snapshot.jpg
4,1,20190724,075430,68,1,1332,1055,1371,1079,Jul25_1/678-20190724075430-snapshot.jpg
4,1,20190724,075500,65,1,1332,1054,1371,1079,Jul25_1/678-20190724075500-snapshot.jpg
4,1,20190724,075530,77,1,1333,1055,1372,1079,Jul25_1/678-20190724075530-snapshot.jpg
4,1,20190724,075600,78,1,1332,1055,1372,1079,Jul25_1/678-20190724075600-snapshot.jpg
4,1,20190724,075630,79,1,1333,1055,1372,1079,Jul25_1/678-20190724075630-snapshot.jpg
4,1,20190724,075700,78,1,1333,1055,1372,1079,Jul25_1/678-20190724075700-snapshot.jpg
4,1,20190724,075730,79,1,1333,1056,1372,1079,Jul25_1/678-20190724075730-snapshot.jpg
4,1,20190724,075800,79,1,1333,1055,1372,1079,Jul25_1/678-20190724075800-snapshot.jpg
4,1,20190724,075830,78,1,1333,1055,1372,1079,Jul25_1/678-20190724075830-snapshot.jpg
4,1,20190724,075900,77,1,1333,1055,1372,1079,Jul25_1/678-20190724075900-snapshot.jpg
4,1,20190724,075930,78,1,1332,1055,1372,1079,Jul25_1/678-20190724075930-snapshot.jpg
4,1,20190724,080000,79,1,1332,1055,1372,1079,Jul25_1/678-20190724080000-snapshot.jpg
4,1,20190724,080030,78,1,1333,1056,1372,1079,Jul25_1/678-20190724080030-snapshot.jpg
4,1,20190724,080100,78,1,1332,1055,1372,1079,Jul25_1/678-20190724080100-snapshot.jpg
4,1,20190724,080130,76,1,1332,1055,1373,1079,Jul25_1/678-20190724080130-snapshot.jpg
4,1,20190724,080200,77,1,1332,1054,1372,1079,Jul25_1/678-20190724080200-snapshot.jpg
4,1,20190724,080230,77,1,1333,1055,1373,1079,Jul25_1/678-20190724080230-snapshot.jpg
4,1,20190724,080300,76,1,1333,1054,1373,1079,Jul25_1/678-20190724080300-snapshot.jpg
4,1,20190724,080330,69,1,1332,1054,1372,1079,Jul25_1/678-20190724080330-snapshot.jpg
4,1,20190724,080400,66,1,1335,1054,1376,1079,Jul25_1/678-20190724080400-snapshot.jpg
4,1,20190724,080430,71,1,1336,1055,1378,1079,Jul25_1/678-20190724080430-snapshot.jpg
4,1,20190724,080500,70,1,1337,1055,1380,1079,Jul25_1/678-20190724080500-snapshot.jpg
4,1,20190724,080530,65,1,1336,1055,1377,1079,Jul25_1/678-20190724080530-snapshot.jpg
4,1,20190724,080600,66,1,1336,1055,1378,1079,Jul25_1/678-20190724080600-snapshot.jpg
4,1,20190724,080630,64,1,1336,1055,1378,1080,Jul25_1/678-20190724080630-snapshot.jpg
4,1,20190724,080700,65,1,1336,1055,1377,1079,Jul25_1/678-20190724080700-snapshot.jpg
4,1,20190724,080730,67,1,1337,1056,1379,1079,Jul25_1/678-20190724080730-snapshot.jpg
4,1,20190724,080800,65,1,1336,1055,1378,1079,Jul25_1/678-20190724080800-snapshot.jpg
4,1,20190724,080830,63,1,1336,1055,1377,1079,Jul25_1/678-20190724080830-snapshot.jpg
4,1,20190724,080900,69,1,1337,1055,1379,1079,Jul25_1/678-20190724080900-snapshot.jpg
4,1,20190724,080930,66,1,1336,1055,1378,1080,Jul25_1/678-20190724080930-snapshot.jpg
4,1,20190724,081000,70,1,1334,1055,1375,1079,Jul25_1/678-20190724081000-snapshot.jpg
4,1,20190724,081000,80,1,1089,13,1127,47,Jul25_1/678-20190724081000-snapshot.jpg
4,1,20190724,081100,85,1,1090,29,1130,64,Jul25_1/678-20190724081100-snapshot.jpg
4,1,20190724,081200,36,1,1340,1056,1382,1079,Jul25_1/678-20190724081200-snapshot.jpg
4,1,20190724,081830,42,1,883,2,925,31,Jul25_1/678-20190724081830-snapshot.jpg
4,1,20190724,081900,83,1,783,68,824,109,Jul25_1/678-20190724081900-snapshot.jpg
4,1,20190724,082030,26,1,654,512,694,548,Jul25_1/678-20190724082030-snapshot.jpg
4,1,20190724,082130,65,1,885,11,929,55,Jul25_1/678-20190724082130-snapshot.jpg
4,1,20190724,082200,40,1,655,511,697,547,Jul25_1/678-20190724082200-snapshot.jpg
4,1,20190724,082300,45,1,654,512,696,548,Jul25_1/678-20190724082300-snapshot.jpg
4,1,20190724,083600,76,1,1,359,41,398,Jul25_1/678-20190724083600-snapshot.jpg
4,1,20190724,083700,73,1,18,590,61,626,Jul25_1/678-20190724083700-snapshot.jpg
4,1,20190724,083830,82,1,135,647,177,680,Jul25_1/678-20190724083830-snapshot.jpg
4,1,20190724,083930,84,1,186,637,227,672,Jul25_1/678-20190724083930-snapshot.jpg
4,1,20190724,084000,85,1,185,637,226,672,Jul25_1/678-20190724084000-snapshot.jpg
4,1,20190724,084030,85,1,185,637,226,672,Jul25_1/678-20190724084030-snapshot.jpg
4,1,20190724,084100,84,1,185,637,227,671,Jul25_1/678-20190724084100-snapshot.jpg
4,1,20190724,084130,85,1,185,637,226,671,Jul25_1/678-20190724084130-snapshot.jpg
4,1,20190724,084200,85,1,184,637,226,671,Jul25_1/678-20190724084200-snapshot.jpg
4,1,20190724,084230,83,1,94,674,139,712,Jul25_1/678-20190724084230-snapshot.jpg
4,1,20190724,084500,86,1,197,431,237,464,Jul25_1/678-20190724084500-snapshot.jpg
4,1,20190724,084630,76,1,144,717,182,753,Jul25_1/678-20190724084630-snapshot.jpg
4,1,20190724,084730,82,1,189,743,229,778,Jul25_1/678-20190724084730-snapshot.jpg
4,1,20190724,084800,84,1,158,729,201,767,Jul25_1/678-20190724084800-snapshot.jpg
4,1,20190724,084900,42,1,146,709,185,742,Jul25_1/678-20190724084900-snapshot.jpg
4,1,20190724,084930,81,1,163,804,203,839,Jul25_1/678-20190724084930-snapshot.jpg
4,1,20190724,085000,84,1,107,963,152,999,Jul25_1/678-20190724085000-snapshot.jpg
4,1,20190724,085400,80,1,398,161,442,200,Jul25_1/678-20190724085400-snapshot.jpg
4,1,20190724,085430,39,5,1330,515,1384,554,Jul25_1/678-20190724085430-snapshot.jpg
4,1,20190724,085430,66,1,391,187,432,220,Jul25_1/678-20190724085430-snapshot.jpg
4,1,20190724,085500,59,1,393,189,435,223,Jul25_1/678-20190724085500-snapshot.jpg
4,1,20190724,085530,38,1,393,189,434,222,Jul25_1/678-20190724085530-snapshot.jpg
4,1,20190724,085630,84,1,399,286,441,325,Jul25_1/678-20190724085630-snapshot.jpg
4,1,20190724,090630,33,1,1345,1056,1386,1079,Jul25_1/678-20190724090630-snapshot.jpg
4,1,20190724,090700,27,1,1346,1056,1387,1079,Jul25_1/678-20190724090700-snapshot.jpg
4,1,20190724,090800,51,1,1345,1056,1386,1079,Jul25_1/678-20190724090800-snapshot.jpg
4,1,20190724,090830,53,1,1345,1056,1386,1079,Jul25_1/678-20190724090830-snapshot.jpg
4,1,20190724,090900,56,1,1346,1056,1386,1079,Jul25_1/678-20190724090900-snapshot.jpg
4,1,20190724,090930,40,1,1345,1056,1385,1079,Jul25_1/678-20190724090930-snapshot.jpg
4,1,20190724,091000,42,1,1346,1056,1387,1079,Jul25_1/678-20190724091000-snapshot.jpg
4,1,20190724,091030,35,1,1345,1056,1386,1079,Jul25_1/678-20190724091030-snapshot.jpg
4,1,20190724,091130,33,1,1345,1056,1386,1079,Jul25_1/678-20190724091130-snapshot.jpg
4,1,20190724,091200,36,1,1346,1056,1386,1079,Jul25_1/678-20190724091200-snapshot.jpg
4,1,20190724,091230,38,1,1345,1056,1386,1079,Jul25_1/678-20190724091230-snapshot.jpg
4,1,20190724,091300,35,1,1345,1056,1386,1079,Jul25_1/678-20190724091300-snapshot.jpg
4,1,20190724,091330,53,1,1345,1055,1386,1079,Jul25_1/678-20190724091330-snapshot.jpg
4,1,20190724,091330,81,1,111,78,155,114,Jul25_1/678-20190724091330-snapshot.jpg
4,1,20190724,091400,44,1,1346,1056,1387,1079,Jul25_1/678-20190724091400-snapshot.jpg
4,1,20190724,091430,44,1,1346,1055,1387,1079,Jul25_1/678-20190724091430-snapshot.jpg
4,1,20190724,091530,51,1,1346,1056,1387,1079,Jul25_1/678-20190724091530-snapshot.jpg
4,1,20190724,091600,50,1,1346,1055,1388,1079,Jul25_1/678-20190724091600-snapshot.jpg
4,1,20190724,091630,54,1,1347,1055,1387,1079,Jul25_1/678-20190724091630-snapshot.jpg
4,1,20190724,091630,81,1,1228,667,1265,702,Jul25_1/678-20190724091630-snapshot.jpg
4,1,20190724,091900,35,1,1347,1056,1386,1079,Jul25_1/678-20190724091900-snapshot.jpg
4,1,20190724,092130,40,1,1346,1055,1386,1079,Jul25_1/678-20190724092130-snapshot.jpg
4,1,20190724,092200,48,1,1346,1055,1386,1079,Jul25_1/678-20190724092200-snapshot.jpg
4,1,20190724,092230,29,1,1346,1055,1387,1079,Jul25_1/678-20190724092230-snapshot.jpg
4,1,20190724,092730,51,1,1345,1055,1384,1079,Jul25_1/678-20190724092730-snapshot.jpg
4,1,20190724,092800,35,1,1344,1055,1385,1079,Jul25_1/678-20190724092800-snapshot.jpg
4,1,20190724,092830,78,1,1344,1054,1385,1079,Jul25_1/678-20190724092830-snapshot.jpg
4,1,20190724,092900,78,1,1345,1054,1385,1079,Jul25_1/678-20190724092900-snapshot.jpg
4,1,20190724,092930,80,1,1344,1055,1385,1079,Jul25_1/678-20190724092930-snapshot.jpg
4,1,20190724,093000,81,1,1350,1054,1393,1079,Jul25_1/678-20190724093000-snapshot.jpg
4,1,20190724,093030,81,1,1351,1054,1393,1079,Jul25_1/678-20190724093030-snapshot.jpg
4,1,20190724,093100,78,1,1350,1055,1392,1079,Jul25_1/678-20190724093100-snapshot.jpg
4,1,20190724,093130,78,1,1350,1055,1392,1079,Jul25_1/678-20190724093130-snapshot.jpg
4,1,20190724,093200,77,1,1350,1055,1392,1079,Jul25_1/678-20190724093200-snapshot.jpg
4,1,20190724,093230,76,1,1349,1054,1391,1079,Jul25_1/678-20190724093230-snapshot.jpg
4,1,20190724,093230,83,1,1129,27,1174,63,Jul25_1/678-20190724093230-snapshot.jpg
4,1,20190724,093300,69,1,1143,219,1182,253,Jul25_1/678-20190724093300-snapshot.jpg
4,1,20190724,093300,76,1,1350,1055,1391,1079,Jul25_1/678-20190724093300-snapshot.jpg
4,1,20190724,093330,75,1,1259,305,1303,341,Jul25_1/678-20190724093330-snapshot.jpg
4,1,20190724,093330,77,1,1350,1055,1392,1079,Jul25_1/678-20190724093330-snapshot.jpg
4,1,20190724,093400,78,1,1350,1055,1392,1079,Jul25_1/678-20190724093400-snapshot.jpg
4,1,20190724,093400,83,1,1469,795,1509,829,Jul25_1/678-20190724093400-snapshot.jpg
4,1,20190724,093430,78,1,1350,1055,1392,1079,Jul25_1/678-20190724093430-snapshot.jpg
4,1,20190724,093500,78,1,1350,1055,1392,1079,Jul25_1/678-20190724093500-snapshot.jpg
4,1,20190724,093530,79,1,1350,1055,1392,1079,Jul25_1/678-20190724093530-snapshot.jpg
4,1,20190724,093600,78,1,1350,1055,1392,1079,Jul25_1/678-20190724093600-snapshot.jpg
4,1,20190724,093630,79,1,1350,1055,1392,1079,Jul25_1/678-20190724093630-snapshot.jpg
4,1,20190724,093700,78,1,1350,1055,1392,1079,Jul25_1/678-20190724093700-snapshot.jpg
4,1,20190724,093730,79,1,1351,1055,1392,1079,Jul25_1/678-20190724093730-snapshot.jpg
4,1,20190724,093800,78,1,1350,1055,1392,1079,Jul25_1/678-20190724093800-snapshot.jpg
4,1,20190724,093830,78,1,1350,1055,1392,1079,Jul25_1/678-20190724093830-snapshot.jpg
4,1,20190724,093900,79,1,1350,1055,1392,1079,Jul25_1/678-20190724093900-snapshot.jpg
4,1,20190724,093930,78,1,1350,1055,1392,1079,Jul25_1/678-20190724093930-snapshot.jpg
4,1,20190724,094000,77,1,1350,1055,1393,1079,Jul25_1/678-20190724094000-snapshot.jpg
4,1,20190724,094030,76,1,1350,1055,1392,1079,Jul25_1/678-20190724094030-snapshot.jpg
4,1,20190724,094100,78,1,1351,1055,1392,1079,Jul25_1/678-20190724094100-snapshot.jpg
4,1,20190724,094130,79,1,1351,1056,1392,1079,Jul25_1/678-20190724094130-snapshot.jpg
4,1,20190724,094200,77,1,1351,1056,1392,1079,Jul25_1/678-20190724094200-snapshot.jpg
4,1,20190724,094230,79,1,1351,1055,1393,1079,Jul25_1/678-20190724094230-snapshot.jpg
4,1,20190724,094300,78,1,1351,1055,1392,1079,Jul25_1/678-20190724094300-snapshot.jpg
4,1,20190724,094330,78,1,1351,1056,1392,1079,Jul25_1/678-20190724094330-snapshot.jpg
4,1,20190724,094400,69,1,1350,1056,1391,1079,Jul25_1/678-20190724094400-snapshot.jpg
4,1,20190724,094430,70,1,1350,1056,1389,1079,Jul25_1/678-20190724094430-snapshot.jpg
4,1,20190724,094430,83,1,1250,109,1288,141,Jul25_1/678-20190724094430-snapshot.jpg
4,1,20190724,094500,70,1,1350,1056,1391,1079,Jul25_1/678-20190724094500-snapshot.jpg
4,1,20190724,094530,67,1,1350,1056,1391,1079,Jul25_1/678-20190724094530-snapshot.jpg
4,1,20190724,094600,72,1,1350,1055,1392,1079,Jul25_1/678-20190724094600-snapshot.jpg
4,1,20190724,094630,68,1,1349,1056,1391,1079,Jul25_1/678-20190724094630-snapshot.jpg
4,1,20190724,094630,69,1,187,499,227,532,Jul25_1/678-20190724094630-snapshot.jpg
4,1,20190724,094700,69,1,1350,1056,1391,1079,Jul25_1/678-20190724094700-snapshot.jpg
4,1,20190724,094730,80,1,1353,1056,1394,1079,Jul25_1/678-20190724094730-snapshot.jpg
4,1,20190724,094800,80,1,1352,1055,1394,1079,Jul25_1/678-20190724094800-snapshot.jpg
4,1,20190724,094830,78,1,1352,1056,1394,1079,Jul25_1/678-20190724094830-snapshot.jpg
4,1,20190724,094830,85,1,934,208,976,244,Jul25_1/678-20190724094830-snapshot.jpg
4,1,20190724,094900,80,1,1352,1055,1393,1079,Jul25_1/678-20190724094900-snapshot.jpg
4,1,20190724,094900,86,1,1236,304,1278,341,Jul25_1/678-20190724094900-snapshot.jpg
4,1,20190724,094930,79,1,1352,1056,1394,1079,Jul25_1/678-20190724094930-snapshot.jpg
4,1,20190724,094930,87,1,1362,663,1399,695,Jul25_1/678-20190724094930-snapshot.jpg
4,1,20190724,095000,78,1,1352,1056,1394,1079,Jul25_1/678-20190724095000-snapshot.jpg
4,1,20190724,095030,77,1,1351,1056,1393,1079,Jul25_1/678-20190724095030-snapshot.jpg
4,1,20190724,095100,79,1,1351,1055,1393,1079,Jul25_1/678-20190724095100-snapshot.jpg
4,1,20190724,095130,79,1,1352,1055,1394,1079,Jul25_1/678-20190724095130-snapshot.jpg
4,1,20190724,095200,74,1,1351,1056,1392,1079,Jul25_1/678-20190724095200-snapshot.jpg
4,1,20190724,095230,78,1,1351,1055,1393,1079,Jul25_1/678-20190724095230-snapshot.jpg
4,1,20190724,095300,75,1,1351,1056,1392,1079,Jul25_1/678-20190724095300-snapshot.jpg
4,1,20190724,095330,78,1,1351,1055,1394,1079,Jul25_1/678-20190724095330-snapshot.jpg
4,1,20190724,095400,75,1,1351,1055,1393,1079,Jul25_1/678-20190724095400-snapshot.jpg
4,1,20190724,095430,79,1,1351,1055,1393,1079,Jul25_1/678-20190724095430-snapshot.jpg
4,1,20190724,095500,75,1,1350,1055,1392,1079,Jul25_1/678-20190724095500-snapshot.jpg
4,1,20190724,095530,79,1,1351,1055,1393,1079,Jul25_1/678-20190724095530-snapshot.jpg
4,1,20190724,095600,76,1,1350,1054,1392,1079,Jul25_1/678-20190724095600-snapshot.jpg
4,1,20190724,095630,77,1,1351,1055,1393,1079,Jul25_1/678-20190724095630-snapshot.jpg
4,1,20190724,095700,78,1,1351,1055,1393,1079,Jul25_1/678-20190724095700-snapshot.jpg
4,1,20190724,095730,79,1,1351,1055,1393,1079,Jul25_1/678-20190724095730-snapshot.jpg
4,1,20190724,095730,87,1,1591,741,1634,781,Jul25_1/678-20190724095730-snapshot.jpg
4,1,20190724,095800,75,1,1350,1055,1392,1079,Jul25_1/678-20190724095800-snapshot.jpg
4,1,20190724,095800,79,1,1776,470,1820,505,Jul25_1/678-20190724095800-snapshot.jpg
4,1,20190724,095830,76,1,1350,1055,1393,1079,Jul25_1/678-20190724095830-snapshot.jpg
4,1,20190724,095900,75,1,1350,1055,1393,1079,Jul25_1/678-20190724095900-snapshot.jpg
4,1,20190724,095930,78,1,1351,1055,1393,1079,Jul25_1/678-20190724095930-snapshot.jpg
4,1,20190724,100000,78,1,1350,1055,1393,1079,Jul25_1/678-20190724100000-snapshot.jpg
4,1,20190724,100030,76,1,1350,1055,1393,1079,Jul25_1/678-20190724100030-snapshot.jpg
4,1,20190724,100100,77,1,1351,1055,1393,1079,Jul25_1/678-20190724100100-snapshot.jpg
4,1,20190724,100130,78,1,1351,1055,1392,1079,Jul25_1/678-20190724100130-snapshot.jpg
4,1,20190724,100200,77,1,1351,1055,1393,1079,Jul25_1/678-20190724100200-snapshot.jpg
4,1,20190724,100230,77,1,1349,1054,1392,1079,Jul25_1/678-20190724100230-snapshot.jpg
4,1,20190724,100300,79,1,1347,1053,1390,1079,Jul25_1/678-20190724100300-snapshot.jpg
4,1,20190724,100330,76,1,1349,1055,1389,1079,Jul25_1/678-20190724100330-snapshot.jpg
4,1,20190724,100400,80,1,1350,1053,1392,1079,Jul25_1/678-20190724100400-snapshot.jpg
4,1,20190724,100430,74,1,1347,1055,1387,1079,Jul25_1/678-20190724100430-snapshot.jpg
4,1,20190724,100500,76,1,1346,1055,1387,1079,Jul25_1/678-20190724100500-snapshot.jpg
4,1,20190724,100530,72,1,1347,1055,1387,1078,Jul25_1/678-20190724100530-snapshot.jpg
4,1,20190724,100600,72,1,1347,1055,1387,1079,Jul25_1/678-20190724100600-snapshot.jpg
4,1,20190724,100630,74,1,1346,1055,1386,1079,Jul25_1/678-20190724100630-snapshot.jpg
4,1,20190724,100700,75,1,1346,1055,1386,1079,Jul25_1/678-20190724100700-snapshot.jpg
4,1,20190724,100730,74,1,1346,1055,1386,1079,Jul25_1/678-20190724100730-snapshot.jpg
4,1,20190724,100800,73,1,1346,1055,1387,1079,Jul25_1/678-20190724100800-snapshot.jpg
4,1,20190724,100830,74,1,1346,1055,1387,1079,Jul25_1/678-20190724100830-snapshot.jpg
4,1,20190724,100900,72,1,1346,1055,1386,1079,Jul25_1/678-20190724100900-snapshot.jpg
4,1,20190724,100930,71,1,1347,1055,1387,1079,Jul25_1/678-20190724100930-snapshot.jpg
4,1,20190724,101000,72,1,1346,1055,1387,1079,Jul25_1/678-20190724101000-snapshot.jpg
4,1,20190724,101030,71,1,1346,1055,1387,1079,Jul25_1/679-20190724101030-snapshot.jpg
4,1,20190724,101100,71,1,1347,1055,1387,1079,Jul25_1/679-20190724101100-snapshot.jpg
4,1,20190724,101130,69,1,1347,1055,1387,1079,Jul25_1/679-20190724101130-snapshot.jpg
4,1,20190724,101200,68,1,1347,1056,1387,1079,Jul25_1/679-20190724101200-snapshot.jpg
4,1,20190724,101230,80,1,1345,1055,1385,1079,Jul25_1/679-20190724101230-snapshot.jpg
4,1,20190724,101330,73,1,1347,1055,1387,1079,Jul25_1/679-20190724101330-snapshot.jpg
4,1,20190724,101400,66,1,1348,1056,1387,1079,Jul25_1/679-20190724101400-snapshot.jpg
4,1,20190724,101430,65,1,1347,1056,1387,1079,Jul25_1/679-20190724101430-snapshot.jpg
4,1,20190724,101500,55,5,136,976,189,1004,Jul25_1/679-20190724101500-snapshot.jpg
4,1,20190724,101500,69,1,1348,1055,1387,1079,Jul25_1/679-20190724101500-snapshot.jpg
4,1,20190724,101530,65,1,1347,1056,1387,1079,Jul25_1/679-20190724101530-snapshot.jpg
4,1,20190724,101600,66,1,1347,1056,1387,1079,Jul25_1/679-20190724101600-snapshot.jpg
4,1,20190724,101630,64,1,1348,1056,1387,1079,Jul25_1/679-20190724101630-snapshot.jpg
4,1,20190724,101700,61,1,1348,1056,1387,1079,Jul25_1/679-20190724101700-snapshot.jpg
4,1,20190724,101730,63,1,1348,1056,1387,1079,Jul25_1/679-20190724101730-snapshot.jpg
4,1,20190724,101800,65,1,1347,1056,1387,1079,Jul25_1/679-20190724101800-snapshot.jpg
4,1,20190724,101830,63,1,1348,1056,1387,1079,Jul25_1/679-20190724101830-snapshot.jpg
4,1,20190724,101900,62,1,1348,1056,1387,1079,Jul25_1/679-20190724101900-snapshot.jpg
4,1,20190724,101930,63,1,1348,1056,1387,1079,Jul25_1/679-20190724101930-snapshot.jpg
4,1,20190724,102000,62,1,1348,1056,1387,1079,Jul25_1/679-20190724102000-snapshot.jpg
4,1,20190724,102030,62,1,1345,1056,1384,1079,Jul25_1/679-20190724102030-snapshot.jpg
4,1,20190724,102100,64,1,1347,1056,1386,1079,Jul25_1/679-20190724102100-snapshot.jpg
4,1,20190724,102130,66,1,1347,1056,1386,1079,Jul25_1/679-20190724102130-snapshot.jpg
4,1,20190724,102200,66,1,1347,1056,1386,1079,Jul25_1/679-20190724102200-snapshot.jpg
4,1,20190724,102230,65,1,1347,1056,1386,1079,Jul25_1/679-20190724102230-snapshot.jpg
4,1,20190724,102300,69,1,1346,1056,1385,1079,Jul25_1/679-20190724102300-snapshot.jpg
4,1,20190724,102330,62,1,1348,1056,1387,1079,Jul25_1/679-20190724102330-snapshot.jpg
4,1,20190724,102400,67,1,1346,1056,1386,1079,Jul25_1/679-20190724102400-snapshot.jpg
4,1,20190724,102430,65,1,1347,1056,1387,1079,Jul25_1/679-20190724102430-snapshot.jpg
4,1,20190724,102500,66,1,1347,1056,1386,1079,Jul25_1/679-20190724102500-snapshot.jpg
4,1,20190724,102530,64,1,1346,1057,1386,1079,Jul25_1/679-20190724102530-snapshot.jpg
4,1,20190724,102600,68,1,1347,1056,1386,1079,Jul25_1/679-20190724102600-snapshot.jpg
4,1,20190724,102630,68,1,1346,1056,1385,1079,Jul25_1/679-20190724102630-snapshot.jpg
4,1,20190724,102700,69,1,1347,1057,1386,1079,Jul25_1/679-20190724102700-snapshot.jpg
4,1,20190724,102730,65,1,1347,1056,1386,1079,Jul25_1/679-20190724102730-snapshot.jpg
4,1,20190724,102800,69,1,1346,1056,1386,1079,Jul25_1/679-20190724102800-snapshot.jpg
4,1,20190724,102830,67,1,1346,1056,1386,1079,Jul25_1/679-20190724102830-snapshot.jpg
4,1,20190724,102900,66,1,1346,1056,1386,1079,Jul25_1/679-20190724102900-snapshot.jpg
4,1,20190724,102930,69,1,1346,1056,1385,1079,Jul25_1/679-20190724102930-snapshot.jpg
4,1,20190724,103030,75,1,1309,1005,1349,1040,Jul25_1/679-20190724103030-snapshot.jpg
4,1,20190724,105000,86,1,436,803,478,838,Jul25_1/679-20190724105000-snapshot.jpg
4,1,20190724,110700,43,5,5,311,47,364,Jul25_1/679-20190724110700-snapshot.jpg
4,1,20190724,111900,76,8,321,277,387,318,Jul25_1/679-20190724111900-snapshot.jpg
4,1,20190724,112630,57,1,843,423,879,456,Jul25_1/679-20190724112630-snapshot.jpg
4,1,20190724,112730,84,1,1282,239,1325,275,Jul25_1/679-20190724112730-snapshot.jpg
4,1,20190724,113930,69,5,983,421,1023,467,Jul25_1/679-20190724113930-snapshot.jpg
4,1,20190724,114700,80,5,29,983,90,1038,Jul25_1/679-20190724114700-snapshot.jpg
4,1,20190724,114930,66,1,1793,1019,1833,1050,Jul25_1/679-20190724114930-snapshot.jpg
4,1,20190724,121130,31,5,0,286,29,331,Jul25_1/679-20190724121130-snapshot.jpg
4,1,20190724,121730,28,5,384,839,454,900,Jul25_1/679-20190724121730-snapshot.jpg
4,1,20190724,122530,72,5,1846,5,1905,37,Jul25_1/679-20190724122530-snapshot.jpg
4,1,20190724,122630,40,5,433,27,481,58,Jul25_1/679-20190724122630-snapshot.jpg
4,1,20190724,122700,85,1,521,1019,565,1056,Jul25_1/679-20190724122700-snapshot.jpg
4,1,20190724,122800,54,5,84,968,135,1000,Jul25_1/679-20190724122800-snapshot.jpg
4,1,20190724,123400,64,5,0,504,36,548,Jul25_1/679-20190724123400-snapshot.jpg
4,1,20190724,123600,80,5,980,439,1029,490,Jul25_1/679-20190724123600-snapshot.jpg
4,1,20190724,134030,85,4,81,337,173,419,Jul25_1/679-20190724134030-snapshot.jpg
4,1,20190724,140300,84,8,1368,17,1417,88,Jul25_1/679-20190724140300-snapshot.jpg
4,1,20190724,141100,33,5,346,89,398,122,Jul25_1/679-20190724141100-snapshot.jpg
4,1,20190724,143230,69,5,915,409,962,445,Jul25_1/679-20190724143230-snapshot.jpg
4,1,20190724,144000,63,5,0,414,37,472,Jul25_1/679-20190724144000-snapshot.jpg
4,1,20190724,144130,26,6,1637,83,1709,145,Jul25_1/679-20190724144130-snapshot.jpg
4,1,20190724,144200,61,5,1867,2,1918,29,Jul25_1/679-20190724144200-snapshot.jpg
4,1,20190724,144300,35,8,1827,757,1906,802,Jul25_1/679-20190724144300-snapshot.jpg
4,1,20190724,155730,28,6,1638,77,1701,136,Jul25_1/679-20190724155730-snapshot.jpg
4,1,20190724,160200,83,8,1832,724,1889,798,Jul25_1/679-20190724160200-snapshot.jpg
4,1,20190724,160800,67,5,1567,45,1612,85,Jul25_1/679-20190724160800-snapshot.jpg
4,1,20190724,162030,59,5,1869,3,1919,29,Jul25_1/679-20190724162030-snapshot.jpg
4,1,20190724,162200,45,5,1834,5,1880,40,Jul25_1/679-20190724162200-snapshot.jpg
4,1,20190724,162800,63,5,1665,22,1712,51,Jul25_1/679-20190724162800-snapshot.jpg
4,1,20190724,162930,43,5,1807,120,1860,165,Jul25_1/679-20190724162930-snapshot.jpg
4,1,20190724,173200,80,5,5,530,64,587,Jul25_1/679-20190724173200-snapshot.jpg
4,1,20190724,202000,74,4,1865,362,1920,448,Jul25_1/679-20190724202000-snapshot.jpg
4,1,20190716,213400,44,5,1103,972,1157,1011,Jul25_1/68-20190716213400-snapshot.jpg
4,1,20190716,213530,35,5,1103,973,1156,1013,Jul25_1/68-20190716213530-snapshot.jpg
4,1,20190725,081200,62,8,221,632,299,687,Jul25_1/685-20190725081200-snapshot.jpg
4,1,20190725,081630,81,1,1750,282,1791,318,Jul25_1/685-20190725081630-snapshot.jpg
4,1,20190725,081700,52,1,1755,209,1799,253,Jul25_1/685-20190725081700-snapshot.jpg
4,1,20190725,081800,26,1,1816,42,1856,72,Jul25_1/685-20190725081800-snapshot.jpg
4,1,20190725,085400,33,1,1484,114,1525,151,Jul25_1/685-20190725085400-snapshot.jpg
4,1,20190725,085430,37,1,1483,114,1524,152,Jul25_1/685-20190725085430-snapshot.jpg
4,1,20190725,085600,60,1,1484,112,1525,151,Jul25_1/685-20190725085600-snapshot.jpg
4,1,20190725,094130,83,1,220,280,261,313,Jul25_1/685-20190725094130-snapshot.jpg
4,1,20190725,094200,82,1,221,281,261,313,Jul25_1/685-20190725094200-snapshot.jpg
4,1,20190725,094230,84,1,215,280,255,312,Jul25_1/685-20190725094230-snapshot.jpg
4,1,20190725,094500,78,1,1333,166,1370,198,Jul25_1/685-20190725094500-snapshot.jpg
4,1,20190725,095230,83,1,1240,101,1279,131,Jul25_1/685-20190725095230-snapshot.jpg
4,1,20190725,100200,83,1,1529,1031,1570,1070,Jul25_1/685-20190725100200-snapshot.jpg
4,1,20190725,100900,83,8,325,289,394,349,Jul25_1/685-20190725100900-snapshot.jpg
4,1,20190716,213900,48,5,1103,974,1155,1014,Jul25_1/69-20190716213900-snapshot.jpg
4,1,20190716,213930,40,5,1104,973,1155,1012,Jul25_1/69-20190716213930-snapshot.jpg
4,1,20190716,214200,37,5,1105,974,1156,1017,Jul25_1/70-20190716214200-snapshot.jpg
4,1,20190716,220100,35,8,1153,624,1199,684,Jul25_1/78-20190716220100-snapshot.jpg
4,1,20190717,042700,60,1,668,70,726,123,Jul25_1/91-20190717042700-snapshot.jpg
4,1,20190717,042730,73,1,668,68,725,122,Jul25_1/91-20190717042730-snapshot.jpg
4,1,20190717,042930,30,1,851,39,907,89,Jul25_1/91-20190717042930-snapshot.jpg
4,1,20190717,043000,37,1,667,70,722,120,Jul25_1/91-20190717043000-snapshot.jpg
4,1,20190717,043200,49,1,1719,198,1767,242,Jul25_1/91-20190717043200-snapshot.jpg
4,1,20190717,044830,75,1,1154,914,1196,951,Jul25_1/96-20190717044830-snapshot.jpg
4,1,20190717,044900,81,1,1112,953,1156,992,Jul25_1/96-20190717044900-snapshot.jpg
4,1,20190717,045030,84,1,1142,992,1188,1036,Jul25_1/96-20190717045030-snapshot.jpg
4,1,20190717,045100,81,1,1162,1027,1205,1066,Jul25_1/96-20190717045100-snapshot.jpg
4,1,20190717,045130,44,1,1178,989,1223,1033,Jul25_1/96-20190717045130-snapshot.jpg
4,1,20190717,050000,85,1,1247,959,1294,1005,Jul25_1/96-20190717050000-snapshot.jpg
4,1,20190717,050030,84,1,1251,961,1292,998,Jul25_1/96-20190717050030-snapshot.jpg
4,1,20190717,050100,71,1,1250,951,1293,990,Jul25_1/96-20190717050100-snapshot.jpg
4,1,20190717,050130,58,1,1221,927,1264,964,Jul25_1/96-20190717050130-snapshot.jpg
4,1,20190717,050300,81,1,1267,921,1308,956,Jul25_1/96-20190717050300-snapshot.jpg
4,1,20190717,050400,84,1,1299,938,1342,976,Jul25_1/96-20190717050400-snapshot.jpg
4,1,20190717,050430,50,1,1366,998,1412,1037,Jul25_1/96-20190717050430-snapshot.jpg
4,1,20190717,050700,56,1,1405,975,1446,1012,Jul25_1/97-20190717050700-snapshot.jpg
4,1,20190717,050730,87,1,1422,969,1467,1012,Jul25_1/97-20190717050730-snapshot.jpg
4,1,20190717,050800,85,1,1433,974,1479,1017,Jul25_1/97-20190717050800-snapshot.jpg
4,1,20190717,050830,86,1,1434,961,1479,1005,Jul25_1/97-20190717050830-snapshot.jpg
4,1,20190717,050900,81,1,1432,964,1476,1006,Jul25_1/97-20190717050900-snapshot.jpg
4,1,20190717,050930,85,1,1424,966,1468,1009,Jul25_1/97-20190717050930-snapshot.jpg
4,1,20190717,051030,78,1,1431,992,1474,1032,Jul25_1/97-20190717051030-snapshot.jpg
4,1,20190717,051230,83,1,1424,999,1468,1042,Jul25_1/97-20190717051230-snapshot.jpg
4,1,20190717,051300,83,1,1437,975,1479,1016,Jul25_1/97-20190717051300-snapshot.jpg
4,1,20190717,051330,84,1,1432,969,1475,1009,Jul25_1/97-20190717051330-snapshot.jpg
4,1,20190717,051400,84,1,1438,963,1481,1004,Jul25_1/97-20190717051400-snapshot.jpg
4,1,20190717,051430,82,1,1438,954,1480,995,Jul25_1/97-20190717051430-snapshot.jpg
4,1,20190717,051500,73,1,1441,950,1483,991,Jul25_1/97-20190717051500-snapshot.jpg
4,1,20190717,051530,84,1,1431,966,1475,1008,Jul25_1/97-20190717051530-snapshot.jpg
4,1,20190717,051600,78,1,1441,960,1484,1002,Jul25_1/97-20190717051600-snapshot.jpg
4,1,20190717,051630,84,1,1422,969,1465,1010,Jul25_1/97-20190717051630-snapshot.jpg
4,1,20190717,051700,55,1,1408,977,1450,1013,Jul25_1/97-20190717051700-snapshot.jpg
4,1,20190717,051730,83,1,1422,970,1464,1010,Jul25_1/97-20190717051730-snapshot.jpg
4,1,20190717,051800,86,1,1435,959,1479,1002,Jul25_1/97-20190717051800-snapshot.jpg
4,1,20190717,051830,78,1,1446,972,1491,1012,Jul25_1/97-20190717051830-snapshot.jpg
4,1,20190717,051900,75,1,1463,978,1509,1019,Jul25_1/97-20190717051900-snapshot.jpg
4,1,20190717,051930,37,1,1448,986,1492,1022,Jul25_1/97-20190717051930-snapshot.jpg
4,1,20190717,052000,69,1,1440,995,1481,1032,Jul25_1/97-20190717052000-snapshot.jpg
4,1,20190717,052030,67,1,1446,983,1489,1023,Jul25_1/97-20190717052030-snapshot.jpg
4,1,20190717,052100,28,1,1443,984,1484,1021,Jul25_1/97-20190717052100-snapshot.jpg
4,1,20190717,052130,70,1,1425,1020,1471,1063,Jul25_1/97-20190717052130-snapshot.jpg
4,1,20190717,052200,82,1,1422,1041,1465,1078,Jul25_1/97-20190717052200-snapshot.jpg
4,1,20190717,052430,81,1,1420,1035,1463,1077,Jul25_1/97-20190717052430-snapshot.jpg
4,1,20190717,052730,86,1,1423,976,1465,1015,Jul25_1/98-20190717052730-snapshot.jpg
4,1,20190717,052800,78,1,1437,944,1479,987,Jul25_1/98-20190717052800-snapshot.jpg
4,1,20190717,052830,82,1,1428,964,1472,1005,Jul25_1/98-20190717052830-snapshot.jpg
4,1,20190717,052900,84,1,1432,970,1476,1011,Jul25_1/98-20190717052900-snapshot.jpg
4,1,20190717,052930,42,1,1416,1002,1460,1043,Jul25_1/98-20190717052930-snapshot.jpg
4,1,20190717,053100,57,1,1460,984,1502,1023,Jul25_1/98-20190717053100-snapshot.jpg
4,1,20190717,053200,69,1,1460,984,1502,1022,Jul25_1/98-20190717053200-snapshot.jpg
4,1,20190717,053230,67,1,1470,984,1513,1023,Jul25_1/98-20190717053230-snapshot.jpg
4,1,20190717,053330,69,1,1470,984,1515,1026,Jul25_1/98-20190717053330-snapshot.jpg
4,1,20190717,053430,29,1,1474,993,1516,1030,Jul25_1/99-20190717053430-snapshot.jpg
