5,0,20190708,111630,58,6,1552,866,1608,917,Jul15_0/01-20190708111630-snapshot.jpg
5,0,20190708,111700,77,6,1224,692,1273,750,Jul15_0/01-20190708111700-snapshot.jpg
5,0,20190708,111730,47,6,1234,607,1285,660,Jul15_0/01-20190708111730-snapshot.jpg
5,0,20190708,111800,64,6,1151,536,1203,595,Jul15_0/01-20190708111800-snapshot.jpg
5,0,20190708,114930,72,6,696,941,747,978,Jul15_0/01-20190708114930-snapshot.jpg
5,0,20190708,115000,79,5,754,840,798,896,Jul15_0/01-20190708115000-snapshot.jpg
5,0,20190708,115100,85,5,1155,263,1212,342,Jul15_0/01-20190708115100-snapshot.jpg
5,0,20190708,115100,85,5,711,653,758,712,Jul15_0/01-20190708115100-snapshot.jpg
5,0,20190708,115130,62,5,1432,290,1487,361,Jul15_0/01-20190708115130-snapshot.jpg
5,0,20190708,115130,82,5,865,498,917,562,Jul15_0/01-20190708115130-snapshot.jpg
5,0,20190708,115200,79,5,1201,533,1267,578,Jul15_0/01-20190708115200-snapshot.jpg
5,0,20190708,115230,75,5,384,414,434,449,Jul15_0/01-20190708115230-snapshot.jpg
5,0,20190708,115600,76,5,463,453,514,514,Jul15_0/01-20190708115600-snapshot.jpg
5,0,20190708,115600,80,5,1123,566,1169,624,Jul15_0/01-20190708115600-snapshot.jpg
5,0,20190708,115630,84,5,848,409,934,480,Jul15_0/01-20190708115630-snapshot.jpg
5,0,20190708,115700,84,5,1315,535,1374,607,Jul15_0/01-20190708115700-snapshot.jpg
5,0,20190708,120200,81,6,483,733,533,796,Jul15_0/01-20190708120200-snapshot.jpg
5,0,20190708,120900,60,6,921,108,994,169,Jul15_0/01-20190708120900-snapshot.jpg
5,0,20190708,120930,83,6,977,275,1036,338,Jul15_0/01-20190708120930-snapshot.jpg
5,0,20190708,121000,85,6,646,475,703,551,Jul15_0/01-20190708121000-snapshot.jpg
5,0,20190708,121030,80,6,551,652,619,706,Jul15_0/01-20190708121030-snapshot.jpg
5,0,20190708,121100,85,6,667,543,747,610,Jul15_0/01-20190708121100-snapshot.jpg
5,0,20190708,121130,67,6,384,371,434,426,Jul15_0/01-20190708121130-snapshot.jpg
5,0,20190708,121200,72,6,64,143,145,208,Jul15_0/01-20190708121200-snapshot.jpg
5,0,20190708,121230,83,6,1045,160,1101,226,Jul15_0/01-20190708121230-snapshot.jpg
5,0,20190708,121300,81,6,992,302,1042,365,Jul15_0/01-20190708121300-snapshot.jpg
5,0,20190708,121330,84,6,995,352,1050,413,Jul15_0/01-20190708121330-snapshot.jpg
5,0,20190708,121400,84,6,1161,394,1235,454,Jul15_0/01-20190708121400-snapshot.jpg
5,0,20190708,121430,62,6,904,820,981,881,Jul15_0/01-20190708121430-snapshot.jpg
5,0,20190708,121500,79,6,563,500,630,556,Jul15_0/01-20190708121500-snapshot.jpg
5,0,20190708,121700,77,6,1033,151,1093,213,Jul15_0/01-20190708121700-snapshot.jpg
5,0,20190708,122100,86,6,800,756,876,817,Jul15_0/01-20190708122100-snapshot.jpg
5,0,20190708,122130,84,6,1428,667,1503,714,Jul15_0/01-20190708122130-snapshot.jpg
5,0,20190708,122200,83,6,1596,665,1676,714,Jul15_0/01-20190708122200-snapshot.jpg
5,0,20190708,122230,75,6,1787,936,1866,988,Jul15_0/01-20190708122230-snapshot.jpg
5,0,20190708,123430,84,2,1131,356,1211,419,Jul15_0/01-20190708123430-snapshot.jpg
5,0,20190708,123600,80,6,834,866,898,938,Jul15_0/01-20190708123600-snapshot.jpg
5,0,20190708,123730,81,6,997,89,1075,149,Jul15_0/01-20190708123730-snapshot.jpg
5,0,20190708,123800,74,5,396,466,443,521,Jul15_0/01-20190708123800-snapshot.jpg
5,0,20190708,123830,48,5,593,467,639,506,Jul15_0/01-20190708123830-snapshot.jpg
5,0,20190708,123930,78,6,1033,627,1093,674,Jul15_0/01-20190708123930-snapshot.jpg
5,0,20190708,124000,75,6,1138,706,1206,755,Jul15_0/01-20190708124000-snapshot.jpg
5,0,20190708,124030,52,6,1113,731,1176,780,Jul15_0/01-20190708124030-snapshot.jpg
5,0,20190708,124100,81,6,1214,502,1268,567,Jul15_0/01-20190708124100-snapshot.jpg
5,0,20190708,124130,81,6,1065,591,1142,638,Jul15_0/01-20190708124130-snapshot.jpg
5,0,20190708,124200,83,6,858,501,931,571,Jul15_0/01-20190708124200-snapshot.jpg
5,0,20190708,124230,81,6,972,320,1030,390,Jul15_0/01-20190708124230-snapshot.jpg
5,0,20190708,125000,65,6,599,882,657,951,Jul15_0/01-20190708125000-snapshot.jpg
5,0,20190708,125030,78,5,738,843,788,889,Jul15_0/01-20190708125030-snapshot.jpg
5,0,20190708,125530,78,6,1733,613,1812,656,Jul15_0/01-20190708125530-snapshot.jpg
5,0,20190708,125600,85,6,1616,658,1692,717,Jul15_0/01-20190708125600-snapshot.jpg
5,0,20190708,125630,84,6,1570,733,1649,800,Jul15_0/01-20190708125630-snapshot.jpg
5,0,20190708,125700,51,6,1545,959,1633,1026,Jul15_0/01-20190708125700-snapshot.jpg
5,0,20190708,130630,79,6,348,402,406,466,Jul15_0/01-20190708130630-snapshot.jpg
5,0,20190708,130700,76,6,333,467,385,532,Jul15_0/01-20190708130700-snapshot.jpg
5,0,20190708,130730,83,6,1455,777,1535,837,Jul15_0/01-20190708130730-snapshot.jpg
5,0,20190708,130730,85,6,401,591,475,644,Jul15_0/01-20190708130730-snapshot.jpg
5,0,20190708,130800,80,6,1537,662,1608,718,Jul15_0/01-20190708130800-snapshot.jpg
5,0,20190708,130800,83,6,451,572,525,630,Jul15_0/01-20190708130800-snapshot.jpg
5,0,20190708,130830,42,6,587,876,641,937,Jul15_0/01-20190708130830-snapshot.jpg
5,0,20190708,130830,78,6,1686,643,1756,681,Jul15_0/01-20190708130830-snapshot.jpg
5,0,20190708,130900,72,6,1227,539,1270,593,Jul15_0/01-20190708130900-snapshot.jpg
5,0,20190708,130900,79,6,722,847,775,908,Jul15_0/01-20190708130900-snapshot.jpg
5,0,20190708,131800,81,6,1037,173,1100,249,Jul15_0/01-20190708131800-snapshot.jpg
5,0,20190708,131830,27,6,376,375,427,426,Jul15_0/01-20190708131830-snapshot.jpg
5,0,20190708,131900,82,6,1084,575,1139,640,Jul15_0/01-20190708131900-snapshot.jpg
5,0,20190708,131930,85,6,1153,455,1228,512,Jul15_0/01-20190708131930-snapshot.jpg
5,0,20190708,132200,85,6,898,407,977,465,Jul15_0/01-20190708132200-snapshot.jpg
5,0,20190708,132230,78,6,1060,794,1121,846,Jul15_0/01-20190708132230-snapshot.jpg
5,0,20190708,132300,83,6,888,793,969,868,Jul15_0/01-20190708132300-snapshot.jpg
5,0,20190708,132330,85,6,1004,161,1083,222,Jul15_0/01-20190708132330-snapshot.jpg
5,0,20190708,132400,79,6,1204,508,1254,567,Jul15_0/01-20190708132400-snapshot.jpg
5,0,20190708,132430,78,6,1495,624,1546,687,Jul15_0/01-20190708132430-snapshot.jpg
5,0,20190708,132500,79,6,1821,834,1877,899,Jul15_0/01-20190708132500-snapshot.jpg
5,0,20190708,132830,83,6,1560,664,1639,714,Jul15_0/01-20190708132830-snapshot.jpg
5,0,20190708,132900,76,6,1108,708,1171,754,Jul15_0/01-20190708132900-snapshot.jpg
5,0,20190708,133000,82,6,705,917,781,969,Jul15_0/01-20190708133000-snapshot.jpg
5,0,20190708,133100,79,6,1265,203,1340,255,Jul15_0/01-20190708133100-snapshot.jpg
5,0,20190708,133130,84,6,1348,448,1428,507,Jul15_0/01-20190708133130-snapshot.jpg
5,0,20190708,133200,74,6,295,545,352,593,Jul15_0/01-20190708133200-snapshot.jpg
5,0,20190708,133200,77,6,685,899,750,945,Jul15_0/01-20190708133200-snapshot.jpg
5,0,20190708,133200,86,6,849,316,932,371,Jul15_0/01-20190708133200-snapshot.jpg
5,0,20190708,133300,86,6,987,471,1071,537,Jul15_0/01-20190708133300-snapshot.jpg
5,0,20190708,133330,88,6,984,397,1066,470,Jul15_0/01-20190708133330-snapshot.jpg
5,0,20190708,133400,81,6,1118,745,1191,805,Jul15_0/01-20190708133400-snapshot.jpg
5,0,20190708,133400,84,6,606,399,661,471,Jul15_0/01-20190708133400-snapshot.jpg
5,0,20190708,133430,61,6,1739,1006,1823,1058,Jul15_0/01-20190708133430-snapshot.jpg
5,0,20190708,133530,87,6,677,567,751,629,Jul15_0/01-20190708133530-snapshot.jpg
5,0,20190708,133600,80,6,685,681,740,731,Jul15_0/01-20190708133600-snapshot.jpg
5,0,20190708,133700,35,6,643,778,698,828,Jul15_0/01-20190708133700-snapshot.jpg
5,0,20190708,133700,82,6,1668,832,1726,904,Jul15_0/01-20190708133700-snapshot.jpg
5,0,20190708,133800,82,5,1228,285,1277,346,Jul15_0/01-20190708133800-snapshot.jpg
5,0,20190708,134000,74,6,1827,839,1888,895,Jul15_0/01-20190708134000-snapshot.jpg
5,0,20190708,134030,81,6,1125,748,1184,817,Jul15_0/01-20190708134030-snapshot.jpg
5,0,20190708,134130,40,6,1662,755,1711,817,Jul15_0/01-20190708134130-snapshot.jpg
5,0,20190708,134200,81,6,1627,824,1699,888,Jul15_0/01-20190708134200-snapshot.jpg
5,0,20190708,134230,78,6,327,458,398,520,Jul15_0/01-20190708134230-snapshot.jpg
5,0,20190708,134300,84,6,624,479,678,548,Jul15_0/01-20190708134300-snapshot.jpg
5,0,20190708,134330,54,6,1659,634,1706,691,Jul15_0/01-20190708134330-snapshot.jpg
5,0,20190708,134330,87,6,987,868,1066,947,Jul15_0/01-20190708134330-snapshot.jpg
5,0,20190708,134400,78,6,1695,699,1750,765,Jul15_0/01-20190708134400-snapshot.jpg
5,0,20190708,134430,83,6,1188,532,1258,587,Jul15_0/01-20190708134430-snapshot.jpg
5,0,20190708,134500,55,5,632,566,674,614,Jul15_0/01-20190708134500-snapshot.jpg
5,0,20190708,134500,82,6,1493,744,1564,795,Jul15_0/01-20190708134500-snapshot.jpg
5,0,20190708,134500,82,6,1107,661,1177,726,Jul15_0/01-20190708134500-snapshot.jpg
5,0,20190708,134500,84,6,881,278,966,343,Jul15_0/01-20190708134500-snapshot.jpg
5,0,20190708,134530,81,6,352,374,410,437,Jul15_0/01-20190708134530-snapshot.jpg
5,0,20190708,134530,83,6,1104,693,1163,758,Jul15_0/01-20190708134530-snapshot.jpg
5,0,20190708,134600,49,6,1127,705,1174,761,Jul15_0/01-20190708134600-snapshot.jpg
5,0,20190708,134600,59,6,603,898,659,963,Jul15_0/01-20190708134600-snapshot.jpg
5,0,20190708,134630,83,6,1059,689,1132,741,Jul15_0/01-20190708134630-snapshot.jpg
5,0,20190708,134630,84,6,1012,158,1089,214,Jul15_0/01-20190708134630-snapshot.jpg
5,0,20190708,134700,83,6,755,842,829,899,Jul15_0/01-20190708134700-snapshot.jpg
5,0,20190708,134730,79,6,299,555,349,617,Jul15_0/01-20190708134730-snapshot.jpg
5,0,20190708,134730,81,6,734,797,787,862,Jul15_0/01-20190708134730-snapshot.jpg
5,0,20190708,134800,78,6,358,520,412,588,Jul15_0/01-20190708134800-snapshot.jpg
5,0,20190708,134800,81,6,714,796,780,851,Jul15_0/01-20190708134800-snapshot.jpg
5,0,20190708,134830,79,6,484,524,535,585,Jul15_0/01-20190708134830-snapshot.jpg
5,0,20190708,134830,82,6,703,838,769,886,Jul15_0/01-20190708134830-snapshot.jpg
5,0,20190708,134900,82,6,466,356,537,420,Jul15_0/01-20190708134900-snapshot.jpg
5,0,20190708,134930,38,6,933,113,1007,163,Jul15_0/01-20190708134930-snapshot.jpg
5,0,20190708,134930,68,6,713,720,778,791,Jul15_0/01-20190708134930-snapshot.jpg
5,0,20190708,135000,85,6,699,654,772,719,Jul15_0/01-20190708135000-snapshot.jpg
5,0,20190708,135000,87,6,929,308,1011,371,Jul15_0/01-20190708135000-snapshot.jpg
5,0,20190708,135030,85,6,744,642,816,705,Jul15_0/01-20190708135030-snapshot.jpg
5,0,20190708,135100,83,6,877,311,956,383,Jul15_0/01-20190708135100-snapshot.jpg
5,0,20190708,135100,84,6,746,665,813,727,Jul15_0/01-20190708135100-snapshot.jpg
5,0,20190708,135200,84,6,867,362,947,431,Jul15_0/01-20190708135200-snapshot.jpg
5,0,20190708,135230,78,6,985,282,1047,329,Jul15_0/01-20190708135230-snapshot.jpg
5,0,20190708,135230,83,6,734,644,806,699,Jul15_0/01-20190708135230-snapshot.jpg
5,0,20190708,135300,82,6,695,718,761,773,Jul15_0/01-20190708135300-snapshot.jpg
5,0,20190708,135300,86,6,1196,425,1268,482,Jul15_0/01-20190708135300-snapshot.jpg
5,0,20190708,135330,80,6,467,584,546,643,Jul15_0/01-20190708135330-snapshot.jpg
5,0,20190708,135430,56,6,684,916,742,984,Jul15_0/01-20190708135430-snapshot.jpg
5,0,20190708,135500,79,6,711,946,785,994,Jul15_0/01-20190708135500-snapshot.jpg
5,0,20190708,135630,67,6,1200,194,1252,255,Jul15_0/01-20190708135630-snapshot.jpg
5,0,20190708,135700,83,6,1216,224,1273,288,Jul15_0/01-20190708135700-snapshot.jpg
5,0,20190708,135730,85,6,1197,292,1270,345,Jul15_0/01-20190708135730-snapshot.jpg
5,0,20190708,135830,84,6,969,282,1025,354,Jul15_0/01-20190708135830-snapshot.jpg
5,0,20190708,135930,86,6,1017,414,1099,481,Jul15_0/01-20190708135930-snapshot.jpg
5,0,20190708,140000,66,5,1564,659,1599,710,Jul15_0/01-20190708140000-snapshot.jpg
5,0,20190708,140000,83,6,1038,438,1095,513,Jul15_0/01-20190708140000-snapshot.jpg
5,0,20190708,140030,86,6,1083,557,1156,607,Jul15_0/01-20190708140030-snapshot.jpg
5,0,20190708,140100,85,6,1158,554,1230,606,Jul15_0/01-20190708140100-snapshot.jpg
5,0,20190708,140130,84,6,1333,466,1420,536,Jul15_0/01-20190708140130-snapshot.jpg
5,0,20190708,140200,79,6,1439,672,1512,723,Jul15_0/01-20190708140200-snapshot.jpg
5,0,20190708,140230,74,6,410,1002,465,1069,Jul15_0/01-20190708140230-snapshot.jpg
5,0,20190708,140300,84,6,1157,227,1230,279,Jul15_0/01-20190708140300-snapshot.jpg
5,0,20190708,140330,86,6,883,365,962,434,Jul15_0/01-20190708140330-snapshot.jpg
5,0,20190708,140400,85,6,990,106,1077,185,Jul15_0/01-20190708140400-snapshot.jpg
5,0,20190708,140430,89,6,1308,325,1391,383,Jul15_0/01-20190708140430-snapshot.jpg
5,0,20190708,140500,73,6,1209,201,1282,245,Jul15_0/01-20190708140500-snapshot.jpg
5,0,20190708,140530,63,6,1796,805,1860,865,Jul15_0/01-20190708140530-snapshot.jpg
5,0,20190708,140930,80,6,1287,405,1343,471,Jul15_0/01-20190708140930-snapshot.jpg
5,0,20190708,141000,73,6,1262,430,1310,484,Jul15_0/01-20190708141000-snapshot.jpg
5,0,20190708,141030,35,6,545,809,592,859,Jul15_0/01-20190708141030-snapshot.jpg
5,0,20190708,141030,70,6,1047,53,1107,116,Jul15_0/01-20190708141030-snapshot.jpg
5,0,20190708,141100,74,6,1496,605,1551,656,Jul15_0/01-20190708141100-snapshot.jpg
5,0,20190708,141100,75,6,1129,701,1182,754,Jul15_0/01-20190708141100-snapshot.jpg
5,0,20190708,141130,85,6,789,761,842,832,Jul15_0/01-20190708141130-snapshot.jpg
5,0,20190708,141200,72,6,906,727,960,775,Jul15_0/01-20190708141200-snapshot.jpg
5,0,20190708,141230,35,6,1877,835,1920,895,Jul15_0/01-20190708141230-snapshot.jpg
5,0,20190708,141230,83,6,944,735,993,802,Jul15_0/01-20190708141230-snapshot.jpg
5,0,20190708,141300,53,6,1481,627,1528,678,Jul15_0/01-20190708141300-snapshot.jpg
5,0,20190708,141600,81,6,856,497,911,563,Jul15_0/01-20190708141600-snapshot.jpg
5,0,20190708,141630,76,6,369,579,414,634,Jul15_0/01-20190708141630-snapshot.jpg
5,0,20190708,141630,87,6,877,386,958,447,Jul15_0/01-20190708141630-snapshot.jpg
5,0,20190708,141700,65,6,310,597,362,645,Jul15_0/01-20190708141700-snapshot.jpg
5,0,20190708,141700,82,6,1159,440,1215,506,Jul15_0/01-20190708141700-snapshot.jpg
5,0,20190708,141730,76,6,309,591,357,645,Jul15_0/01-20190708141730-snapshot.jpg
5,0,20190708,141730,78,6,626,459,677,522,Jul15_0/01-20190708141730-snapshot.jpg
5,0,20190708,141730,87,6,1117,567,1188,620,Jul15_0/01-20190708141730-snapshot.jpg
5,0,20190708,141800,85,6,991,599,1063,652,Jul15_0/01-20190708141800-snapshot.jpg
5,0,20190708,141830,80,6,235,500,288,564,Jul15_0/01-20190708141830-snapshot.jpg
5,0,20190708,141830,85,6,986,454,1061,511,Jul15_0/01-20190708141830-snapshot.jpg
5,0,20190708,141900,72,6,1028,430,1106,483,Jul15_0/01-20190708141900-snapshot.jpg
5,0,20190708,141900,79,6,314,561,382,607,Jul15_0/01-20190708141900-snapshot.jpg
5,0,20190708,142130,78,6,660,578,711,647,Jul15_0/01-20190708142130-snapshot.jpg
5,0,20190708,142200,66,6,627,684,677,745,Jul15_0/01-20190708142200-snapshot.jpg
5,0,20190708,142430,84,6,869,391,943,461,Jul15_0/01-20190708142430-snapshot.jpg
5,0,20190708,142500,87,6,873,322,963,399,Jul15_0/01-20190708142500-snapshot.jpg
5,0,20190708,142530,69,6,886,287,972,351,Jul15_0/01-20190708142530-snapshot.jpg
5,0,20190708,142630,37,6,1335,264,1388,316,Jul15_0/01-20190708142630-snapshot.jpg
5,0,20190708,142630,56,6,223,436,275,489,Jul15_0/01-20190708142630-snapshot.jpg
5,0,20190708,142700,44,6,1291,572,1343,618,Jul15_0/01-20190708142700-snapshot.jpg
5,0,20190708,142700,80,6,1086,753,1141,816,Jul15_0/01-20190708142700-snapshot.jpg
5,0,20190708,142700,82,6,659,463,716,528,Jul15_0/01-20190708142700-snapshot.jpg
5,0,20190708,142730,80,6,671,900,745,960,Jul15_0/01-20190708142730-snapshot.jpg
5,0,20190708,142730,82,6,621,494,674,560,Jul15_0/01-20190708142730-snapshot.jpg
5,0,20190708,142730,84,6,1220,478,1289,532,Jul15_0/01-20190708142730-snapshot.jpg
5,0,20190708,142800,83,6,1214,487,1286,543,Jul15_0/01-20190708142800-snapshot.jpg
5,0,20190708,142830,51,6,1186,489,1233,550,Jul15_0/01-20190708142830-snapshot.jpg
5,0,20190708,142900,61,6,269,437,324,492,Jul15_0/01-20190708142900-snapshot.jpg
5,0,20190708,142900,82,6,1091,573,1142,642,Jul15_0/01-20190708142900-snapshot.jpg
5,0,20190708,142930,77,6,279,500,343,553,Jul15_0/01-20190708142930-snapshot.jpg
5,0,20190708,142930,87,6,1097,451,1176,503,Jul15_0/01-20190708142930-snapshot.jpg
5,0,20190708,143000,76,6,330,506,399,561,Jul15_0/01-20190708143000-snapshot.jpg
5,0,20190708,143000,84,6,1051,460,1129,520,Jul15_0/01-20190708143000-snapshot.jpg
5,0,20190708,143300,83,6,944,297,1001,369,Jul15_0/01-20190708143300-snapshot.jpg
5,0,20190708,143330,83,6,516,422,593,478,Jul15_0/01-20190708143330-snapshot.jpg
5,0,20190708,143400,86,6,505,422,582,485,Jul15_0/01-20190708143400-snapshot.jpg
5,0,20190708,143430,81,6,431,421,508,472,Jul15_0/01-20190708143430-snapshot.jpg
5,0,20190708,143500,82,6,464,542,531,607,Jul15_0/01-20190708143500-snapshot.jpg
5,0,20190708,143700,78,6,616,8,684,83,Jul15_0/01-20190708143700-snapshot.jpg
5,0,20190708,143730,64,6,214,434,266,489,Jul15_0/01-20190708143730-snapshot.jpg
5,0,20190708,151830,62,6,950,275,999,328,Jul15_0/01-20190708151830-snapshot.jpg
5,0,20190708,155200,28,6,1294,523,1336,575,Jul15_0/01-20190708155200-snapshot.jpg
5,0,20190708,155300,27,6,1294,523,1339,581,Jul15_0/01-20190708155300-snapshot.jpg
5,0,20190708,155330,35,5,1295,526,1338,579,Jul15_0/01-20190708155330-snapshot.jpg
5,0,20190708,161500,38,6,1303,533,1348,593,Jul15_0/01-20190708161500-snapshot.jpg
5,0,20190708,162500,27,6,1303,533,1349,594,Jul15_0/01-20190708162500-snapshot.jpg
5,0,20190713,063330,49,8,1028,462,1101,523,Jul15_0/100-20190713063330-snapshot.jpg
5,0,20190713,072100,72,1,0,349,24,397,Jul15_0/102-20190713072100-snapshot.jpg
5,0,20190713,074830,88,1,353,874,399,921,Jul15_0/102-20190713074830-snapshot.jpg
5,0,20190713,074900,86,1,184,618,231,660,Jul15_0/102-20190713074900-snapshot.jpg
5,0,20190713,074930,28,1,169,612,213,650,Jul15_0/102-20190713074930-snapshot.jpg
5,0,20190713,075000,90,1,157,664,208,720,Jul15_0/102-20190713075000-snapshot.jpg
5,0,20190713,075100,80,1,313,547,356,595,Jul15_0/102-20190713075100-snapshot.jpg
5,0,20190713,075130,76,1,463,455,508,499,Jul15_0/102-20190713075130-snapshot.jpg
5,0,20190713,075200,73,1,513,431,559,474,Jul15_0/102-20190713075200-snapshot.jpg
5,0,20190713,075230,87,1,670,431,715,475,Jul15_0/102-20190713075230-snapshot.jpg
5,0,20190713,075300,86,1,525,503,572,551,Jul15_0/102-20190713075300-snapshot.jpg
5,0,20190713,075330,79,1,656,556,697,593,Jul15_0/102-20190713075330-snapshot.jpg
5,0,20190713,075500,83,1,783,745,827,791,Jul15_0/102-20190713075500-snapshot.jpg
5,0,20190713,075600,83,1,992,722,1034,763,Jul15_0/102-20190713075600-snapshot.jpg
5,0,20190713,075630,85,1,1082,660,1126,703,Jul15_0/102-20190713075630-snapshot.jpg
5,0,20190713,075900,80,1,979,787,1019,826,Jul15_0/102-20190713075900-snapshot.jpg
5,0,20190713,080400,56,1,1043,398,1093,449,Jul15_0/102-20190713080400-snapshot.jpg
5,0,20190713,080500,84,1,1034,326,1083,372,Jul15_0/102-20190713080500-snapshot.jpg
5,0,20190713,080600,86,1,612,212,656,255,Jul15_0/102-20190713080600-snapshot.jpg
5,0,20190713,080630,83,1,423,87,467,129,Jul15_0/102-20190713080630-snapshot.jpg
5,0,20190713,080700,86,1,303,17,351,67,Jul15_0/102-20190713080700-snapshot.jpg
5,0,20190713,080800,86,1,55,110,108,156,Jul15_0/102-20190713080800-snapshot.jpg
5,0,20190713,080830,87,1,39,99,92,141,Jul15_0/102-20190713080830-snapshot.jpg
5,0,20190713,105000,81,6,928,830,998,904,Jul15_0/102-20190713105000-snapshot.jpg
5,0,20190713,110030,63,6,824,824,901,895,Jul15_0/102-20190713110030-snapshot.jpg
5,0,20190713,110100,78,6,808,799,878,853,Jul15_0/102-20190713110100-snapshot.jpg
5,0,20190713,110130,57,5,744,564,793,619,Jul15_0/102-20190713110130-snapshot.jpg
5,0,20190713,110230,84,6,901,428,976,495,Jul15_0/102-20190713110230-snapshot.jpg
5,0,20190713,110300,80,6,866,314,937,364,Jul15_0/102-20190713110300-snapshot.jpg
5,0,20190713,110330,33,6,1076,232,1148,287,Jul15_0/102-20190713110330-snapshot.jpg
5,0,20190713,110730,84,6,1143,404,1199,481,Jul15_0/102-20190713110730-snapshot.jpg
5,0,20190713,110800,33,5,1209,415,1257,456,Jul15_0/102-20190713110800-snapshot.jpg
5,0,20190713,112530,37,5,838,351,892,407,Jul15_0/102-20190713112530-snapshot.jpg
5,0,20190713,114030,54,6,995,340,1056,405,Jul15_0/102-20190713114030-snapshot.jpg
5,0,20190713,114100,71,5,1277,530,1328,587,Jul15_0/102-20190713114100-snapshot.jpg
5,0,20190713,114800,70,6,1149,260,1230,319,Jul15_0/102-20190713114800-snapshot.jpg
5,0,20190713,121030,75,6,1323,430,1376,491,Jul15_0/102-20190713121030-snapshot.jpg
5,0,20190713,121100,26,6,629,391,700,445,Jul15_0/102-20190713121100-snapshot.jpg
5,0,20190713,121130,37,2,1077,256,1141,319,Jul15_0/102-20190713121130-snapshot.jpg
5,0,20190713,121300,75,2,1463,67,1556,149,Jul15_0/102-20190713121300-snapshot.jpg
5,0,20190713,121600,78,2,314,323,397,391,Jul15_0/102-20190713121600-snapshot.jpg
5,0,20190713,122630,48,2,892,143,970,199,Jul15_0/102-20190713122630-snapshot.jpg
5,0,20190713,123130,66,6,1316,413,1372,490,Jul15_0/102-20190713123130-snapshot.jpg
5,0,20190713,123330,29,2,1402,493,1480,560,Jul15_0/102-20190713123330-snapshot.jpg
5,0,20190713,124030,60,5,1797,986,1849,1043,Jul15_0/102-20190713124030-snapshot.jpg
5,0,20190713,124530,73,5,981,671,1028,721,Jul15_0/102-20190713124530-snapshot.jpg
5,0,20190713,124600,47,5,1006,630,1055,669,Jul15_0/102-20190713124600-snapshot.jpg
5,0,20190713,125900,29,6,509,406,578,451,Jul15_0/102-20190713125900-snapshot.jpg
5,0,20190713,130000,34,5,1080,604,1129,647,Jul15_0/102-20190713130000-snapshot.jpg
5,0,20190713,130200,52,5,540,290,587,348,Jul15_0/102-20190713130200-snapshot.jpg
5,0,20190713,130530,85,6,1349,421,1405,500,Jul15_0/102-20190713130530-snapshot.jpg
5,0,20190713,131130,83,5,1165,359,1220,419,Jul15_0/102-20190713131130-snapshot.jpg
5,0,20190713,131200,43,5,451,419,511,462,Jul15_0/102-20190713131200-snapshot.jpg
5,0,20190713,131630,78,5,1004,269,1063,317,Jul15_0/102-20190713131630-snapshot.jpg
5,0,20190713,132100,53,5,951,511,995,563,Jul15_0/102-20190713132100-snapshot.jpg
5,0,20190713,132130,72,5,1214,559,1270,605,Jul15_0/102-20190713132130-snapshot.jpg
5,0,20190713,132900,45,5,975,365,1022,418,Jul15_0/102-20190713132900-snapshot.jpg
5,0,20190713,132900,67,6,1458,318,1513,380,Jul15_0/102-20190713132900-snapshot.jpg
5,0,20190713,132900,81,6,1292,536,1345,606,Jul15_0/102-20190713132900-snapshot.jpg
5,0,20190713,132930,45,6,1101,105,1170,148,Jul15_0/102-20190713132930-snapshot.jpg
5,0,20190713,133000,80,6,1552,208,1632,274,Jul15_0/102-20190713133000-snapshot.jpg
5,0,20190713,133330,79,6,926,562,983,634,Jul15_0/102-20190713133330-snapshot.jpg
5,0,20190713,133430,84,1,870,738,912,777,Jul15_0/102-20190713133430-snapshot.jpg
5,0,20190713,133530,36,1,386,44,434,89,Jul15_0/102-20190713133530-snapshot.jpg
5,0,20190713,133730,80,6,604,812,682,866,Jul15_0/102-20190713133730-snapshot.jpg
5,0,20190713,133830,84,6,984,359,1061,424,Jul15_0/102-20190713133830-snapshot.jpg
5,0,20190713,133930,57,6,464,551,539,617,Jul15_0/102-20190713133930-snapshot.jpg
5,0,20190713,134200,83,6,898,376,976,434,Jul15_0/102-20190713134200-snapshot.jpg
5,0,20190713,134300,73,6,363,393,414,450,Jul15_0/102-20190713134300-snapshot.jpg
5,0,20190713,134500,73,5,930,354,978,414,Jul15_0/102-20190713134500-snapshot.jpg
5,0,20190713,134530,77,5,1051,677,1098,715,Jul15_0/102-20190713134530-snapshot.jpg
5,0,20190713,134800,86,6,1121,357,1209,425,Jul15_0/102-20190713134800-snapshot.jpg
5,0,20190713,134930,32,2,1723,679,1811,761,Jul15_0/102-20190713134930-snapshot.jpg
5,0,20190713,135000,84,6,760,444,843,503,Jul15_0/102-20190713135000-snapshot.jpg
5,0,20190713,135030,76,6,1160,576,1238,642,Jul15_0/102-20190713135030-snapshot.jpg
5,0,20190713,140530,68,5,1280,310,1331,360,Jul15_0/102-20190713140530-snapshot.jpg
5,0,20190713,141000,58,5,963,425,1026,473,Jul15_0/102-20190713141000-snapshot.jpg
5,0,20190713,141030,78,5,1214,413,1262,459,Jul15_0/102-20190713141030-snapshot.jpg
5,0,20190713,141600,86,2,1045,140,1107,224,Jul15_0/102-20190713141600-snapshot.jpg
5,0,20190713,141630,84,2,1309,445,1368,525,Jul15_0/102-20190713141630-snapshot.jpg
5,0,20190713,141730,77,2,676,542,741,593,Jul15_0/102-20190713141730-snapshot.jpg
5,0,20190713,142400,70,6,264,559,353,618,Jul15_0/102-20190713142400-snapshot.jpg
5,0,20190713,143400,57,5,1042,676,1085,723,Jul15_0/102-20190713143400-snapshot.jpg
5,0,20190713,143500,70,2,518,394,574,461,Jul15_0/102-20190713143500-snapshot.jpg
5,0,20190713,143800,64,5,675,618,729,679,Jul15_0/102-20190713143800-snapshot.jpg
5,0,20190713,143930,78,5,972,577,1017,626,Jul15_0/102-20190713143930-snapshot.jpg
5,0,20190713,144030,82,5,970,355,1022,417,Jul15_0/102-20190713144030-snapshot.jpg
5,0,20190713,144100,80,5,891,314,942,374,Jul15_0/102-20190713144100-snapshot.jpg
5,0,20190713,144230,61,5,1007,163,1062,203,Jul15_0/102-20190713144230-snapshot.jpg
5,0,20190713,145900,77,6,601,930,658,1008,Jul15_0/102-20190713145900-snapshot.jpg
5,0,20190713,150130,35,6,1212,419,1260,478,Jul15_0/102-20190713150130-snapshot.jpg
5,0,20190713,150830,81,5,900,418,949,481,Jul15_0/102-20190713150830-snapshot.jpg
5,0,20190713,150930,75,5,1574,738,1628,803,Jul15_0/102-20190713150930-snapshot.jpg
5,0,20190713,151300,41,5,991,365,1039,417,Jul15_0/102-20190713151300-snapshot.jpg
5,0,20190713,151700,82,5,1007,359,1065,416,Jul15_0/102-20190713151700-snapshot.jpg
5,0,20190713,151730,79,5,912,299,961,358,Jul15_0/102-20190713151730-snapshot.jpg
5,0,20190713,152100,80,6,1466,768,1545,819,Jul15_0/102-20190713152100-snapshot.jpg
5,0,20190713,152600,83,5,1094,455,1143,513,Jul15_0/102-20190713152600-snapshot.jpg
5,0,20190713,152830,67,5,1196,544,1247,584,Jul15_0/102-20190713152830-snapshot.jpg
5,0,20190713,152930,84,2,1033,840,1090,918,Jul15_0/102-20190713152930-snapshot.jpg
5,0,20190713,154530,87,4,1506,11,1600,94,Jul15_0/102-20190713154530-snapshot.jpg
5,0,20190713,155900,66,5,1215,295,1267,351,Jul15_0/102-20190713155900-snapshot.jpg
5,0,20190713,155930,74,5,872,425,922,481,Jul15_0/102-20190713155930-snapshot.jpg
5,0,20190713,160330,76,5,889,716,931,770,Jul15_0/102-20190713160330-snapshot.jpg
5,0,20190713,160400,36,6,278,571,327,628,Jul15_0/102-20190713160400-snapshot.jpg
5,0,20190713,160600,83,2,1409,651,1487,702,Jul15_0/102-20190713160600-snapshot.jpg
5,0,20190713,161000,45,6,613,755,676,798,Jul15_0/102-20190713161000-snapshot.jpg
5,0,20190713,161100,81,2,310,574,392,647,Jul15_0/102-20190713161100-snapshot.jpg
5,0,20190713,162100,81,2,674,568,749,633,Jul15_0/102-20190713162100-snapshot.jpg
5,0,20190713,162600,79,5,941,283,994,330,Jul15_0/102-20190713162600-snapshot.jpg
5,0,20190713,162630,71,5,977,376,1044,420,Jul15_0/102-20190713162630-snapshot.jpg
5,0,20190713,162700,42,6,1303,476,1351,532,Jul15_0/102-20190713162700-snapshot.jpg
5,0,20190713,163100,31,6,1236,545,1285,604,Jul15_0/102-20190713163100-snapshot.jpg
5,0,20190713,163130,76,6,1309,445,1359,515,Jul15_0/102-20190713163130-snapshot.jpg
5,0,20190713,165600,67,5,992,315,1050,360,Jul15_0/102-20190713165600-snapshot.jpg
5,0,20190713,165630,85,2,1612,600,1695,659,Jul15_0/102-20190713165630-snapshot.jpg
5,0,20190713,165700,71,6,603,931,672,984,Jul15_0/102-20190713165700-snapshot.jpg
5,0,20190713,170030,81,2,1006,331,1067,397,Jul15_0/102-20190713170030-snapshot.jpg
5,0,20190713,170900,85,1,427,404,473,444,Jul15_0/102-20190713170900-snapshot.jpg
5,0,20190713,171030,76,1,546,427,587,461,Jul15_0/102-20190713171030-snapshot.jpg
5,0,20190713,171200,66,1,1200,483,1244,533,Jul15_0/102-20190713171200-snapshot.jpg
5,0,20190713,171530,65,2,1224,671,1312,726,Jul15_0/102-20190713171530-snapshot.jpg
5,0,20190713,171600,81,2,704,758,790,807,Jul15_0/102-20190713171600-snapshot.jpg
5,0,20190713,171730,28,6,1013,853,1098,926,Jul15_0/102-20190713171730-snapshot.jpg
5,0,20190713,172000,88,3,239,211,317,296,Jul15_0/102-20190713172000-snapshot.jpg
5,0,20190713,172130,83,2,638,864,723,942,Jul15_0/102-20190713172130-snapshot.jpg
5,0,20190713,173400,78,5,636,688,683,739,Jul15_0/102-20190713173400-snapshot.jpg
5,0,20190713,173430,62,5,813,764,852,812,Jul15_0/102-20190713173430-snapshot.jpg
5,0,20190713,173500,76,5,860,763,916,808,Jul15_0/102-20190713173500-snapshot.jpg
5,0,20190713,173700,84,6,1178,607,1228,678,Jul15_0/102-20190713173700-snapshot.jpg
5,0,20190713,173830,79,5,639,527,702,578,Jul15_0/102-20190713173830-snapshot.jpg
5,0,20190713,174130,45,6,591,939,666,1000,Jul15_0/102-20190713174130-snapshot.jpg
5,0,20190713,174230,44,6,665,785,733,837,Jul15_0/102-20190713174230-snapshot.jpg
5,0,20190713,174300,86,6,981,308,1068,381,Jul15_0/102-20190713174300-snapshot.jpg
5,0,20190713,174330,63,6,899,536,958,595,Jul15_0/102-20190713174330-snapshot.jpg
5,0,20190713,175130,69,6,1286,570,1362,622,Jul15_0/102-20190713175130-snapshot.jpg
5,0,20190713,175200,73,2,938,177,992,251,Jul15_0/102-20190713175200-snapshot.jpg
5,0,20190713,180300,87,3,17,815,102,886,Jul15_0/102-20190713180300-snapshot.jpg
5,0,20190713,180500,58,6,599,766,657,806,Jul15_0/102-20190713180500-snapshot.jpg
5,0,20190713,180630,85,6,1000,130,1087,197,Jul15_0/102-20190713180630-snapshot.jpg
5,0,20190713,180730,79,6,332,485,412,549,Jul15_0/102-20190713180730-snapshot.jpg
5,0,20190713,181030,71,2,1455,719,1536,775,Jul15_0/102-20190713181030-snapshot.jpg
5,0,20190713,181330,57,6,1251,488,1319,538,Jul15_0/102-20190713181330-snapshot.jpg
5,0,20190713,181700,86,2,871,438,928,522,Jul15_0/102-20190713181700-snapshot.jpg
5,0,20190713,182530,62,6,1471,91,1553,159,Jul15_0/102-20190713182530-snapshot.jpg
5,0,20190713,192500,84,5,1192,698,1245,763,Jul15_0/102-20190713192500-snapshot.jpg
5,0,20190713,193700,85,8,1074,404,1147,484,Jul15_0/102-20190713193700-snapshot.jpg
5,0,20190713,194430,82,6,1284,484,1349,536,Jul15_0/102-20190713194430-snapshot.jpg
5,0,20190713,194500,80,6,1286,458,1332,521,Jul15_0/102-20190713194500-snapshot.jpg
5,0,20190713,194530,82,6,1248,486,1303,542,Jul15_0/102-20190713194530-snapshot.jpg
5,0,20190713,194700,78,6,1087,243,1139,308,Jul15_0/102-20190713194700-snapshot.jpg
5,0,20190714,075130,72,6,1573,702,1624,766,Jul15_0/105-20190714075130-snapshot.jpg
5,0,20190714,094930,57,1,838,170,884,212,Jul15_0/105-20190714094930-snapshot.jpg
5,0,20190714,112030,87,3,1460,9,1555,89,Jul15_0/105-20190714112030-snapshot.jpg
5,0,20190714,114900,88,8,1053,152,1139,217,Jul15_0/105-20190714114900-snapshot.jpg
5,0,20190714,123600,84,6,1253,573,1328,633,Jul15_0/105-20190714123600-snapshot.jpg
5,0,20190714,130130,87,6,945,298,1028,364,Jul15_0/105-20190714130130-snapshot.jpg
5,0,20190714,130830,82,6,900,351,969,410,Jul15_0/105-20190714130830-snapshot.jpg
5,0,20190714,132430,87,4,1489,31,1587,111,Jul15_0/105-20190714132430-snapshot.jpg
5,0,20190714,135000,63,2,627,674,684,732,Jul15_0/105-20190714135000-snapshot.jpg
5,0,20190714,140000,77,5,1608,638,1657,675,Jul15_0/105-20190714140000-snapshot.jpg
5,0,20190714,140400,67,5,1303,448,1347,505,Jul15_0/105-20190714140400-snapshot.jpg
5,0,20190714,140500,68,6,1232,494,1300,544,Jul15_0/105-20190714140500-snapshot.jpg
5,0,20190714,140530,87,3,1645,969,1732,1049,Jul15_0/105-20190714140530-snapshot.jpg
5,0,20190714,142530,82,5,989,397,1042,449,Jul15_0/105-20190714142530-snapshot.jpg
5,0,20190714,145900,81,2,586,806,672,868,Jul15_0/105-20190714145900-snapshot.jpg
5,0,20190714,150930,60,6,703,891,768,939,Jul15_0/105-20190714150930-snapshot.jpg
5,0,20190714,152500,26,6,1455,779,1533,834,Jul15_0/105-20190714152500-snapshot.jpg
5,0,20190714,153030,80,2,871,794,930,866,Jul15_0/105-20190714153030-snapshot.jpg
5,0,20190714,153230,74,6,947,147,1021,204,Jul15_0/105-20190714153230-snapshot.jpg
5,0,20190714,153330,72,6,415,235,488,280,Jul15_0/105-20190714153330-snapshot.jpg
5,0,20190714,153400,85,2,1312,508,1371,595,Jul15_0/105-20190714153400-snapshot.jpg
5,0,20190714,153930,55,6,1241,568,1294,634,Jul15_0/105-20190714153930-snapshot.jpg
5,0,20190714,155430,72,5,1380,103,1450,145,Jul15_0/105-20190714155430-snapshot.jpg
5,0,20190714,160030,86,2,874,234,969,288,Jul15_0/105-20190714160030-snapshot.jpg
5,0,20190714,160800,53,5,936,638,1005,695,Jul15_0/105-20190714160800-snapshot.jpg
5,0,20190714,161830,75,2,678,820,733,891,Jul15_0/105-20190714161830-snapshot.jpg
5,0,20190714,162200,43,5,1220,369,1263,419,Jul15_0/105-20190714162200-snapshot.jpg
5,0,20190714,162230,66,5,1213,337,1261,393,Jul15_0/105-20190714162230-snapshot.jpg
5,0,20190714,162530,79,6,961,180,1023,243,Jul15_0/105-20190714162530-snapshot.jpg
5,0,20190714,162600,74,6,1057,164,1119,233,Jul15_0/105-20190714162600-snapshot.jpg
5,0,20190714,162730,73,2,1516,89,1603,151,Jul15_0/105-20190714162730-snapshot.jpg
5,0,20190714,163030,71,6,978,156,1029,220,Jul15_0/105-20190714163030-snapshot.jpg
5,0,20190714,163130,86,8,902,86,984,143,Jul15_0/105-20190714163130-snapshot.jpg
5,0,20190714,163500,53,6,380,258,456,325,Jul15_0/105-20190714163500-snapshot.jpg
5,0,20190714,163830,81,6,714,757,769,823,Jul15_0/105-20190714163830-snapshot.jpg
5,0,20190714,164030,78,6,1456,748,1534,809,Jul15_0/105-20190714164030-snapshot.jpg
5,0,20190714,164800,86,3,1478,1,1562,64,Jul15_0/105-20190714164800-snapshot.jpg
5,0,20190714,165530,56,5,1120,742,1163,796,Jul15_0/105-20190714165530-snapshot.jpg
5,0,20190714,165600,80,5,942,395,1001,447,Jul15_0/105-20190714165600-snapshot.jpg
5,0,20190714,165700,68,5,1583,757,1633,812,Jul15_0/105-20190714165700-snapshot.jpg
5,0,20190714,171400,47,2,1459,62,1540,148,Jul15_0/105-20190714171400-snapshot.jpg
5,0,20190714,171400,75,6,1229,623,1283,687,Jul15_0/105-20190714171400-snapshot.jpg
5,0,20190714,171730,81,6,964,127,1038,185,Jul15_0/105-20190714171730-snapshot.jpg
5,0,20190714,172230,76,5,1270,221,1319,276,Jul15_0/105-20190714172230-snapshot.jpg
5,0,20190714,172300,85,5,1202,384,1255,440,Jul15_0/105-20190714172300-snapshot.jpg
5,0,20190714,173230,51,5,677,853,729,892,Jul15_0/105-20190714173230-snapshot.jpg
5,0,20190714,173330,64,5,1756,936,1827,980,Jul15_0/105-20190714173330-snapshot.jpg
5,0,20190714,173400,33,6,1057,814,1120,858,Jul15_0/105-20190714173400-snapshot.jpg
5,0,20190714,173400,50,5,1056,816,1117,858,Jul15_0/105-20190714173400-snapshot.jpg
5,0,20190714,173430,53,5,519,673,571,710,Jul15_0/105-20190714173430-snapshot.jpg
5,0,20190714,173430,72,5,1079,728,1130,766,Jul15_0/105-20190714173430-snapshot.jpg
5,0,20190714,173500,69,5,1417,305,1462,355,Jul15_0/105-20190714173500-snapshot.jpg
5,0,20190714,173530,27,5,1106,198,1149,242,Jul15_0/105-20190714173530-snapshot.jpg
5,0,20190714,174030,63,6,1017,214,1099,268,Jul15_0/105-20190714174030-snapshot.jpg
5,0,20190714,174100,78,6,990,362,1067,424,Jul15_0/105-20190714174100-snapshot.jpg
5,0,20190714,174130,78,6,1075,527,1124,589,Jul15_0/105-20190714174130-snapshot.jpg
5,0,20190714,174200,74,6,700,889,766,936,Jul15_0/105-20190714174200-snapshot.jpg
5,0,20190714,174300,82,6,982,153,1035,219,Jul15_0/105-20190714174300-snapshot.jpg
5,0,20190714,174530,80,6,1281,466,1346,517,Jul15_0/105-20190714174530-snapshot.jpg
5,0,20190714,174630,82,3,1485,1,1547,53,Jul15_0/105-20190714174630-snapshot.jpg
5,0,20190714,175400,76,5,1106,714,1150,766,Jul15_0/105-20190714175400-snapshot.jpg
5,0,20190714,175430,76,8,727,758,779,826,Jul15_0/105-20190714175430-snapshot.jpg
5,0,20190714,180100,79,6,1197,343,1271,405,Jul15_0/105-20190714180100-snapshot.jpg
5,0,20190714,180830,84,3,1495,113,1558,193,Jul15_0/105-20190714180830-snapshot.jpg
5,0,20190714,181200,82,2,1504,592,1563,659,Jul15_0/105-20190714181200-snapshot.jpg
5,0,20190714,181330,64,2,1233,351,1293,407,Jul15_0/105-20190714181330-snapshot.jpg
5,0,20190714,184400,69,5,1198,333,1252,381,Jul15_0/105-20190714184400-snapshot.jpg
5,0,20190714,184600,75,6,1460,703,1538,751,Jul15_0/105-20190714184600-snapshot.jpg
5,0,20190714,185530,47,6,789,816,839,872,Jul15_0/105-20190714185530-snapshot.jpg
5,0,20190714,185800,88,3,1306,104,1404,180,Jul15_0/105-20190714185800-snapshot.jpg
5,0,20190714,191400,75,1,1778,814,1819,849,Jul15_0/105-20190714191400-snapshot.jpg
5,0,20190714,191430,42,5,558,698,601,751,Jul15_0/105-20190714191430-snapshot.jpg
5,0,20190714,191430,82,1,1889,895,1920,929,Jul15_0/105-20190714191430-snapshot.jpg
5,0,20190714,191500,67,5,576,657,624,713,Jul15_0/105-20190714191500-snapshot.jpg
5,0,20190714,191530,85,1,1747,705,1793,753,Jul15_0/105-20190714191530-snapshot.jpg
5,0,20190714,191600,87,1,1566,565,1609,609,Jul15_0/105-20190714191600-snapshot.jpg
5,0,20190714,191630,84,1,1772,610,1813,646,Jul15_0/105-20190714191630-snapshot.jpg
5,0,20190714,191700,83,1,1676,566,1717,604,Jul15_0/105-20190714191700-snapshot.jpg
5,0,20190714,191730,90,1,1517,502,1559,541,Jul15_0/105-20190714191730-snapshot.jpg
5,0,20190714,191800,90,1,1516,503,1558,542,Jul15_0/105-20190714191800-snapshot.jpg
5,0,20190714,191830,90,1,1516,503,1558,543,Jul15_0/105-20190714191830-snapshot.jpg
5,0,20190714,191900,90,1,1514,504,1556,544,Jul15_0/105-20190714191900-snapshot.jpg
5,0,20190714,191930,90,1,1514,503,1557,543,Jul15_0/105-20190714191930-snapshot.jpg
5,0,20190714,192000,90,1,1514,503,1557,543,Jul15_0/105-20190714192000-snapshot.jpg
5,0,20190714,192030,90,1,1514,503,1556,543,Jul15_0/105-20190714192030-snapshot.jpg
5,0,20190714,192100,89,1,1513,503,1556,544,Jul15_0/105-20190714192100-snapshot.jpg
5,0,20190714,192130,89,1,1514,504,1556,544,Jul15_0/105-20190714192130-snapshot.jpg
5,0,20190714,192200,89,1,1513,504,1556,544,Jul15_0/105-20190714192200-snapshot.jpg
5,0,20190714,192230,79,6,953,187,1029,238,Jul15_0/105-20190714192230-snapshot.jpg
5,0,20190714,192230,90,1,1515,504,1557,544,Jul15_0/105-20190714192230-snapshot.jpg
5,0,20190714,192300,83,6,1009,273,1076,342,Jul15_0/105-20190714192300-snapshot.jpg
5,0,20190714,192300,90,1,1514,504,1557,544,Jul15_0/105-20190714192300-snapshot.jpg
5,0,20190714,192330,90,1,1515,503,1558,544,Jul15_0/105-20190714192330-snapshot.jpg
5,0,20190714,192400,90,1,1515,503,1558,544,Jul15_0/105-20190714192400-snapshot.jpg
5,0,20190714,192430,90,1,1515,503,1558,543,Jul15_0/105-20190714192430-snapshot.jpg
5,0,20190714,192500,90,1,1515,503,1558,543,Jul15_0/105-20190714192500-snapshot.jpg
5,0,20190714,192530,90,1,1514,503,1557,543,Jul15_0/105-20190714192530-snapshot.jpg
5,0,20190714,192600,90,1,1514,502,1556,542,Jul15_0/105-20190714192600-snapshot.jpg
5,0,20190714,192630,90,1,1514,502,1556,542,Jul15_0/105-20190714192630-snapshot.jpg
5,0,20190714,192700,90,1,1514,501,1557,542,Jul15_0/105-20190714192700-snapshot.jpg
5,0,20190714,192730,90,1,1513,499,1556,541,Jul15_0/105-20190714192730-snapshot.jpg
5,0,20190714,192800,90,1,1514,499,1557,542,Jul15_0/105-20190714192800-snapshot.jpg
5,0,20190714,192830,45,6,1403,469,1473,512,Jul15_0/105-20190714192830-snapshot.jpg
5,0,20190714,192830,90,1,1513,500,1557,541,Jul15_0/105-20190714192830-snapshot.jpg
5,0,20190714,192900,88,1,1513,497,1557,539,Jul15_0/105-20190714192900-snapshot.jpg
5,0,20190714,192930,90,1,1514,504,1557,543,Jul15_0/105-20190714192930-snapshot.jpg
5,0,20190714,193000,89,1,1511,507,1554,547,Jul15_0/105-20190714193000-snapshot.jpg
5,0,20190714,193030,90,1,1513,499,1557,541,Jul15_0/105-20190714193030-snapshot.jpg
5,0,20190714,193100,90,1,1512,497,1557,542,Jul15_0/105-20190714193100-snapshot.jpg
5,0,20190714,193130,91,1,1512,499,1556,543,Jul15_0/105-20190714193130-snapshot.jpg
5,0,20190714,193200,89,1,1511,501,1553,542,Jul15_0/105-20190714193200-snapshot.jpg
5,0,20190714,193230,89,1,1511,501,1553,542,Jul15_0/105-20190714193230-snapshot.jpg
5,0,20190714,193300,89,1,1511,500,1553,542,Jul15_0/105-20190714193300-snapshot.jpg
5,0,20190714,193330,89,1,1511,501,1554,542,Jul15_0/105-20190714193330-snapshot.jpg
5,0,20190714,193400,38,1,1521,506,1558,538,Jul15_0/105-20190714193400-snapshot.jpg
5,0,20190714,193630,88,1,1520,504,1563,543,Jul15_0/105-20190714193630-snapshot.jpg
5,0,20190714,193700,88,1,1512,510,1552,548,Jul15_0/105-20190714193700-snapshot.jpg
5,0,20190714,193730,75,1,1507,522,1543,558,Jul15_0/105-20190714193730-snapshot.jpg
5,0,20190714,193800,81,1,1507,521,1543,558,Jul15_0/105-20190714193800-snapshot.jpg
5,0,20190714,193830,82,1,1508,521,1543,557,Jul15_0/105-20190714193830-snapshot.jpg
5,0,20190714,193900,64,5,1604,738,1656,803,Jul15_0/105-20190714193900-snapshot.jpg
5,0,20190714,193900,82,1,1509,519,1544,554,Jul15_0/105-20190714193900-snapshot.jpg
5,0,20190714,193930,29,1,1510,519,1544,552,Jul15_0/105-20190714193930-snapshot.jpg
5,0,20190714,194000,42,1,1509,520,1544,553,Jul15_0/105-20190714194000-snapshot.jpg
5,0,20190714,194030,67,5,1421,798,1471,858,Jul15_0/105-20190714194030-snapshot.jpg
5,0,20190714,194130,89,1,1512,507,1554,546,Jul15_0/105-20190714194130-snapshot.jpg
5,0,20190714,194200,89,1,1522,499,1565,539,Jul15_0/105-20190714194200-snapshot.jpg
5,0,20190714,194230,89,1,1520,540,1565,586,Jul15_0/105-20190714194230-snapshot.jpg
5,0,20190714,194300,89,1,1508,526,1549,565,Jul15_0/105-20190714194300-snapshot.jpg
5,0,20190714,194330,90,1,1485,522,1530,571,Jul15_0/105-20190714194330-snapshot.jpg
5,0,20190714,194400,89,1,1472,533,1515,580,Jul15_0/105-20190714194400-snapshot.jpg
5,0,20190714,194430,88,1,1477,467,1519,510,Jul15_0/105-20190714194430-snapshot.jpg
5,0,20190714,194500,91,1,1481,493,1526,539,Jul15_0/105-20190714194500-snapshot.jpg
5,0,20190714,194530,87,1,1486,503,1526,541,Jul15_0/105-20190714194530-snapshot.jpg
5,0,20190714,194600,90,1,1481,503,1521,547,Jul15_0/105-20190714194600-snapshot.jpg
5,0,20190714,194630,89,1,1480,503,1521,547,Jul15_0/105-20190714194630-snapshot.jpg
5,0,20190714,194700,89,1,1479,514,1518,554,Jul15_0/105-20190714194700-snapshot.jpg
5,0,20190714,194730,89,1,1478,514,1518,554,Jul15_0/105-20190714194730-snapshot.jpg
5,0,20190714,194800,90,1,1477,511,1518,554,Jul15_0/105-20190714194800-snapshot.jpg
5,0,20190714,194830,90,1,1477,511,1518,554,Jul15_0/105-20190714194830-snapshot.jpg
5,0,20190714,194900,89,1,1479,514,1518,555,Jul15_0/105-20190714194900-snapshot.jpg
5,0,20190714,194930,88,1,1480,515,1518,555,Jul15_0/105-20190714194930-snapshot.jpg
5,0,20190714,195000,81,1,1481,509,1519,549,Jul15_0/105-20190714195000-snapshot.jpg
5,0,20190714,195030,91,1,1484,494,1526,537,Jul15_0/105-20190714195030-snapshot.jpg
5,0,20190714,195100,90,1,1482,489,1526,535,Jul15_0/105-20190714195100-snapshot.jpg
5,0,20190714,195130,91,1,1483,491,1526,537,Jul15_0/105-20190714195130-snapshot.jpg
5,0,20190714,195200,90,1,1483,489,1528,537,Jul15_0/105-20190714195200-snapshot.jpg
5,0,20190714,195230,90,1,1483,489,1528,536,Jul15_0/105-20190714195230-snapshot.jpg
5,0,20190714,195300,90,1,1483,489,1528,536,Jul15_0/105-20190714195300-snapshot.jpg
5,0,20190714,195330,90,1,1484,489,1528,536,Jul15_0/105-20190714195330-snapshot.jpg
5,0,20190714,195400,90,1,1484,490,1528,536,Jul15_0/105-20190714195400-snapshot.jpg
5,0,20190714,195430,90,1,1483,490,1528,535,Jul15_0/105-20190714195430-snapshot.jpg
5,0,20190714,195500,90,1,1483,489,1527,535,Jul15_0/105-20190714195500-snapshot.jpg
5,0,20190714,195530,90,1,1483,488,1527,534,Jul15_0/105-20190714195530-snapshot.jpg
5,0,20190714,195600,90,1,1484,489,1528,534,Jul15_0/105-20190714195600-snapshot.jpg
5,0,20190714,195630,90,1,1484,488,1528,534,Jul15_0/105-20190714195630-snapshot.jpg
5,0,20190714,195700,90,1,1479,498,1522,543,Jul15_0/105-20190714195700-snapshot.jpg
5,0,20190714,195730,85,1,1479,505,1521,549,Jul15_0/105-20190714195730-snapshot.jpg
5,0,20190714,195800,63,6,1289,202,1340,263,Jul15_0/105-20190714195800-snapshot.jpg
5,0,20190714,195800,87,1,1480,505,1522,549,Jul15_0/105-20190714195800-snapshot.jpg
5,0,20190714,195830,90,1,1479,502,1520,545,Jul15_0/105-20190714195830-snapshot.jpg
5,0,20190714,195900,91,1,1479,502,1520,544,Jul15_0/105-20190714195900-snapshot.jpg
5,0,20190714,195930,64,6,1221,230,1275,290,Jul15_0/105-20190714195930-snapshot.jpg
5,0,20190714,195930,90,1,1480,497,1523,541,Jul15_0/105-20190714195930-snapshot.jpg
5,0,20190714,200000,73,6,1319,389,1367,450,Jul15_0/105-20190714200000-snapshot.jpg
5,0,20190714,200000,90,1,1481,498,1524,542,Jul15_0/105-20190714200000-snapshot.jpg
5,0,20190714,200030,91,1,1476,508,1516,552,Jul15_0/105-20190714200030-snapshot.jpg
5,0,20190714,200100,90,1,1476,507,1517,551,Jul15_0/105-20190714200100-snapshot.jpg
5,0,20190714,200130,91,1,1476,508,1517,552,Jul15_0/105-20190714200130-snapshot.jpg
5,0,20190714,200200,90,1,1475,507,1516,551,Jul15_0/105-20190714200200-snapshot.jpg
5,0,20190714,200230,91,1,1475,507,1517,551,Jul15_0/105-20190714200230-snapshot.jpg
5,0,20190714,200300,90,1,1475,507,1516,551,Jul15_0/105-20190714200300-snapshot.jpg
5,0,20190714,200330,91,1,1475,508,1516,551,Jul15_0/105-20190714200330-snapshot.jpg
5,0,20190714,200400,91,1,1476,508,1516,551,Jul15_0/105-20190714200400-snapshot.jpg
5,0,20190714,200430,91,1,1476,508,1516,551,Jul15_0/105-20190714200430-snapshot.jpg
5,0,20190714,200500,90,1,1476,508,1516,551,Jul15_0/105-20190714200500-snapshot.jpg
5,0,20190714,200530,91,1,1476,508,1516,551,Jul15_0/105-20190714200530-snapshot.jpg
5,0,20190714,200600,91,1,1476,508,1516,551,Jul15_0/105-20190714200600-snapshot.jpg
5,0,20190714,200630,91,1,1474,507,1515,551,Jul15_0/105-20190714200630-snapshot.jpg
5,0,20190714,200700,91,1,1474,507,1515,551,Jul15_0/105-20190714200700-snapshot.jpg
5,0,20190714,200730,91,1,1474,506,1515,551,Jul15_0/105-20190714200730-snapshot.jpg
5,0,20190714,200800,91,1,1474,507,1515,551,Jul15_0/105-20190714200800-snapshot.jpg
5,0,20190714,200830,91,1,1473,506,1515,551,Jul15_0/105-20190714200830-snapshot.jpg
5,0,20190714,200900,91,1,1474,507,1515,551,Jul15_0/105-20190714200900-snapshot.jpg
5,0,20190714,200930,91,1,1474,507,1515,551,Jul15_0/105-20190714200930-snapshot.jpg
5,0,20190714,201000,91,1,1474,508,1515,551,Jul15_0/105-20190714201000-snapshot.jpg
5,0,20190714,201030,91,1,1474,507,1515,551,Jul15_0/105-20190714201030-snapshot.jpg
5,0,20190714,201100,91,1,1474,508,1516,551,Jul15_0/105-20190714201100-snapshot.jpg
5,0,20190714,201130,91,1,1474,507,1515,551,Jul15_0/105-20190714201130-snapshot.jpg
5,0,20190714,201200,58,6,1462,883,1546,955,Jul15_0/105-20190714201200-snapshot.jpg
5,0,20190714,201200,91,1,1474,507,1515,551,Jul15_0/105-20190714201200-snapshot.jpg
5,0,20190714,201230,91,1,1474,507,1515,551,Jul15_0/105-20190714201230-snapshot.jpg
5,0,20190714,201300,91,1,1474,508,1515,551,Jul15_0/105-20190714201300-snapshot.jpg
5,0,20190714,201330,91,1,1474,507,1515,551,Jul15_0/105-20190714201330-snapshot.jpg
5,0,20190714,201400,91,1,1474,507,1515,551,Jul15_0/105-20190714201400-snapshot.jpg
5,0,20190714,201430,49,8,1130,829,1210,885,Jul15_0/105-20190714201430-snapshot.jpg
5,0,20190714,201430,91,1,1474,508,1515,551,Jul15_0/105-20190714201430-snapshot.jpg
5,0,20190714,201500,91,1,1474,507,1515,551,Jul15_0/105-20190714201500-snapshot.jpg
5,0,20190714,201530,91,1,1474,508,1515,551,Jul15_0/105-20190714201530-snapshot.jpg
5,0,20190714,201600,91,1,1474,508,1515,552,Jul15_0/105-20190714201600-snapshot.jpg
5,0,20190714,201630,91,1,1474,507,1515,551,Jul15_0/105-20190714201630-snapshot.jpg
5,0,20190714,201700,91,1,1474,508,1515,552,Jul15_0/105-20190714201700-snapshot.jpg
5,0,20190714,201730,91,1,1474,508,1515,551,Jul15_0/105-20190714201730-snapshot.jpg
5,0,20190714,201800,91,1,1474,507,1515,551,Jul15_0/105-20190714201800-snapshot.jpg
5,0,20190714,201830,91,1,1474,507,1515,552,Jul15_0/105-20190714201830-snapshot.jpg
5,0,20190714,201900,92,1,1473,507,1515,552,Jul15_0/105-20190714201900-snapshot.jpg
5,0,20190714,201930,91,1,1474,507,1515,552,Jul15_0/105-20190714201930-snapshot.jpg
5,0,20190714,202000,91,1,1474,508,1515,552,Jul15_0/105-20190714202000-snapshot.jpg
5,0,20190714,202030,91,1,1475,508,1515,552,Jul15_0/105-20190714202030-snapshot.jpg
5,0,20190714,202100,89,1,1476,511,1516,553,Jul15_0/105-20190714202100-snapshot.jpg
5,0,20190714,202130,89,1,1475,511,1516,553,Jul15_0/105-20190714202130-snapshot.jpg
5,0,20190714,202200,89,1,1475,511,1515,553,Jul15_0/105-20190714202200-snapshot.jpg
5,0,20190714,202230,90,1,1459,512,1502,551,Jul15_0/105-20190714202230-snapshot.jpg
5,0,20190714,202300,89,1,1474,513,1516,555,Jul15_0/105-20190714202300-snapshot.jpg
5,0,20190714,202330,88,1,1480,516,1516,553,Jul15_0/105-20190714202330-snapshot.jpg
5,0,20190714,202400,89,1,1474,514,1515,556,Jul15_0/105-20190714202400-snapshot.jpg
5,0,20190714,202430,90,1,1479,514,1518,554,Jul15_0/105-20190714202430-snapshot.jpg
5,0,20190714,202500,89,1,1474,514,1514,555,Jul15_0/105-20190714202500-snapshot.jpg
5,0,20190714,202530,89,1,1475,511,1517,555,Jul15_0/105-20190714202530-snapshot.jpg
5,0,20190714,202600,89,1,1475,516,1515,556,Jul15_0/105-20190714202600-snapshot.jpg
5,0,20190714,202630,89,1,1474,515,1515,557,Jul15_0/105-20190714202630-snapshot.jpg
5,0,20190714,202700,89,1,1474,515,1514,556,Jul15_0/105-20190714202700-snapshot.jpg
5,0,20190714,202730,89,1,1475,516,1514,556,Jul15_0/105-20190714202730-snapshot.jpg
5,0,20190714,202800,89,1,1475,516,1514,555,Jul15_0/105-20190714202800-snapshot.jpg
5,0,20190714,202830,89,1,1474,516,1514,556,Jul15_0/105-20190714202830-snapshot.jpg
5,0,20190714,202900,89,1,1474,516,1513,555,Jul15_0/105-20190714202900-snapshot.jpg
5,0,20190714,202930,88,1,1474,516,1513,555,Jul15_0/105-20190714202930-snapshot.jpg
5,0,20190714,203000,89,1,1473,515,1514,556,Jul15_0/105-20190714203000-snapshot.jpg
5,0,20190714,203030,89,1,1474,515,1514,555,Jul15_0/105-20190714203030-snapshot.jpg
5,0,20190714,203100,89,1,1474,516,1513,555,Jul15_0/105-20190714203100-snapshot.jpg
5,0,20190714,203130,89,1,1474,515,1513,555,Jul15_0/105-20190714203130-snapshot.jpg
5,0,20190714,203200,72,5,889,736,932,788,Jul15_0/105-20190714203200-snapshot.jpg
5,0,20190714,203200,89,1,1473,515,1513,555,Jul15_0/105-20190714203200-snapshot.jpg
5,0,20190714,203230,89,1,1474,514,1513,555,Jul15_0/105-20190714203230-snapshot.jpg
5,0,20190714,203300,89,1,1474,516,1513,555,Jul15_0/105-20190714203300-snapshot.jpg
5,0,20190714,203330,89,1,1474,515,1513,555,Jul15_0/105-20190714203330-snapshot.jpg
5,0,20190714,203400,89,1,1474,516,1513,555,Jul15_0/105-20190714203400-snapshot.jpg
5,0,20190714,203430,88,1,1474,515,1513,555,Jul15_0/105-20190714203430-snapshot.jpg
5,0,20190714,203500,89,1,1474,515,1513,555,Jul15_0/105-20190714203500-snapshot.jpg
5,0,20190714,203530,89,1,1474,515,1513,555,Jul15_0/105-20190714203530-snapshot.jpg
5,0,20190714,203600,89,1,1474,515,1513,554,Jul15_0/105-20190714203600-snapshot.jpg
5,0,20190714,203630,89,1,1474,514,1513,555,Jul15_0/105-20190714203630-snapshot.jpg
5,0,20190714,203700,89,1,1474,515,1513,555,Jul15_0/105-20190714203700-snapshot.jpg
5,0,20190714,203730,89,1,1474,515,1513,555,Jul15_0/105-20190714203730-snapshot.jpg
5,0,20190714,203800,89,1,1474,514,1513,555,Jul15_0/105-20190714203800-snapshot.jpg
5,0,20190714,203830,89,1,1474,514,1513,555,Jul15_0/105-20190714203830-snapshot.jpg
5,0,20190714,203900,89,1,1474,514,1514,555,Jul15_0/105-20190714203900-snapshot.jpg
5,0,20190714,203930,89,1,1474,515,1514,555,Jul15_0/105-20190714203930-snapshot.jpg
5,0,20190714,204000,89,1,1474,515,1514,554,Jul15_0/105-20190714204000-snapshot.jpg
5,0,20190714,204030,89,1,1474,515,1513,555,Jul15_0/105-20190714204030-snapshot.jpg
5,0,20190714,204100,89,1,1474,515,1513,554,Jul15_0/105-20190714204100-snapshot.jpg
5,0,20190714,204130,89,1,1474,515,1514,555,Jul15_0/105-20190714204130-snapshot.jpg
5,0,20190714,204200,89,1,1473,515,1513,555,Jul15_0/105-20190714204200-snapshot.jpg
5,0,20190714,204230,58,6,1499,704,1578,758,Jul15_0/105-20190714204230-snapshot.jpg
5,0,20190714,204230,89,1,1474,514,1513,555,Jul15_0/105-20190714204230-snapshot.jpg
5,0,20190714,204300,80,6,1062,801,1129,858,Jul15_0/105-20190714204300-snapshot.jpg
5,0,20190714,204300,89,1,1474,514,1513,555,Jul15_0/105-20190714204300-snapshot.jpg
5,0,20190714,204330,89,1,1473,515,1513,555,Jul15_0/105-20190714204330-snapshot.jpg
5,0,20190714,204400,89,1,1474,515,1513,555,Jul15_0/105-20190714204400-snapshot.jpg
5,0,20190714,204430,89,1,1474,515,1514,555,Jul15_0/105-20190714204430-snapshot.jpg
5,0,20190714,204500,89,1,1474,515,1513,555,Jul15_0/105-20190714204500-snapshot.jpg
5,0,20190714,204530,89,1,1474,514,1514,555,Jul15_0/105-20190714204530-snapshot.jpg
5,0,20190714,204600,89,1,1474,514,1514,554,Jul15_0/105-20190714204600-snapshot.jpg
5,0,20190714,204630,89,1,1474,515,1513,555,Jul15_0/105-20190714204630-snapshot.jpg
5,0,20190714,204700,89,1,1474,515,1514,555,Jul15_0/105-20190714204700-snapshot.jpg
5,0,20190714,204730,89,1,1474,515,1513,554,Jul15_0/105-20190714204730-snapshot.jpg
5,0,20190714,204800,88,1,1474,515,1514,554,Jul15_0/105-20190714204800-snapshot.jpg
5,0,20190714,204830,89,1,1474,515,1513,555,Jul15_0/105-20190714204830-snapshot.jpg
5,0,20190714,204900,88,1,1474,515,1513,554,Jul15_0/105-20190714204900-snapshot.jpg
5,0,20190714,204930,89,1,1474,515,1513,554,Jul15_0/105-20190714204930-snapshot.jpg
5,0,20190714,205000,89,1,1474,515,1513,555,Jul15_0/105-20190714205000-snapshot.jpg
5,0,20190714,205030,89,1,1474,515,1513,555,Jul15_0/105-20190714205030-snapshot.jpg
5,0,20190714,205100,89,1,1475,515,1515,556,Jul15_0/105-20190714205100-snapshot.jpg
5,0,20190714,205130,89,1,1479,515,1518,555,Jul15_0/105-20190714205130-snapshot.jpg
5,0,20190714,205200,71,1,1472,527,1512,567,Jul15_0/105-20190714205200-snapshot.jpg
5,0,20190714,205300,89,1,1474,521,1514,562,Jul15_0/105-20190714205300-snapshot.jpg
5,0,20190714,205330,89,1,1480,516,1521,556,Jul15_0/105-20190714205330-snapshot.jpg
5,0,20190714,205400,90,1,1477,511,1518,553,Jul15_0/105-20190714205400-snapshot.jpg
5,0,20190714,205430,74,1,1472,531,1512,569,Jul15_0/105-20190714205430-snapshot.jpg
5,0,20190714,205500,86,1,1472,538,1511,573,Jul15_0/105-20190714205500-snapshot.jpg
5,0,20190714,205530,90,1,1481,515,1521,557,Jul15_0/105-20190714205530-snapshot.jpg
5,0,20190714,205600,90,1,1478,510,1520,552,Jul15_0/105-20190714205600-snapshot.jpg
5,0,20190714,205630,91,1,1478,513,1519,555,Jul15_0/105-20190714205630-snapshot.jpg
5,0,20190714,205700,89,1,1476,510,1517,552,Jul15_0/105-20190714205700-snapshot.jpg
5,0,20190714,205730,88,1,1480,518,1520,557,Jul15_0/105-20190714205730-snapshot.jpg
5,0,20190714,205800,89,1,1476,515,1517,557,Jul15_0/105-20190714205800-snapshot.jpg
5,0,20190714,205830,63,1,1474,535,1511,568,Jul15_0/105-20190714205830-snapshot.jpg
5,0,20190714,205900,88,1,1478,519,1516,557,Jul15_0/105-20190714205900-snapshot.jpg
5,0,20190714,205930,90,1,1478,513,1519,555,Jul15_0/105-20190714205930-snapshot.jpg
5,0,20190714,210000,89,1,1478,517,1518,557,Jul15_0/105-20190714210000-snapshot.jpg
5,0,20190714,210030,90,1,1479,515,1519,556,Jul15_0/105-20190714210030-snapshot.jpg
5,0,20190714,210100,90,1,1479,516,1519,555,Jul15_0/105-20190714210100-snapshot.jpg
5,0,20190714,210130,90,1,1480,516,1519,555,Jul15_0/105-20190714210130-snapshot.jpg
5,0,20190714,210200,89,1,1476,514,1517,555,Jul15_0/105-20190714210200-snapshot.jpg
5,0,20190714,210230,87,1,1479,509,1520,551,Jul15_0/105-20190714210230-snapshot.jpg
5,0,20190714,210430,88,1,1479,509,1520,551,Jul15_0/105-20190714210430-snapshot.jpg
5,0,20190714,210500,89,1,1474,515,1515,556,Jul15_0/105-20190714210500-snapshot.jpg
5,0,20190714,210830,57,1,1472,528,1511,565,Jul15_0/105-20190714210830-snapshot.jpg
5,0,20190714,210900,86,1,1471,527,1512,566,Jul15_0/105-20190714210900-snapshot.jpg
5,0,20190714,210930,84,1,1472,537,1511,573,Jul15_0/105-20190714210930-snapshot.jpg
5,0,20190714,211000,76,1,1473,539,1511,572,Jul15_0/105-20190714211000-snapshot.jpg
5,0,20190714,211030,88,1,1479,519,1518,558,Jul15_0/105-20190714211030-snapshot.jpg
5,0,20190714,211100,89,1,1475,516,1515,557,Jul15_0/105-20190714211100-snapshot.jpg
5,0,20190714,211130,88,1,1480,519,1518,557,Jul15_0/105-20190714211130-snapshot.jpg
5,0,20190714,211200,87,1,1477,519,1518,559,Jul15_0/105-20190714211200-snapshot.jpg
5,0,20190714,211230,89,1,1479,517,1518,557,Jul15_0/105-20190714211230-snapshot.jpg
5,0,20190714,211300,83,1,1477,520,1516,559,Jul15_0/105-20190714211300-snapshot.jpg
5,0,20190714,211330,89,1,1474,517,1513,556,Jul15_0/105-20190714211330-snapshot.jpg
5,0,20190714,211400,70,1,1473,527,1512,564,Jul15_0/105-20190714211400-snapshot.jpg
5,0,20190714,211430,89,1,1479,514,1517,553,Jul15_0/105-20190714211430-snapshot.jpg
5,0,20190714,211700,35,1,1464,506,1503,542,Jul15_0/105-20190714211700-snapshot.jpg
5,0,20190714,212130,87,1,1413,548,1456,586,Jul15_0/105-20190714212130-snapshot.jpg
5,0,20190714,212230,87,1,1467,531,1510,577,Jul15_0/105-20190714212230-snapshot.jpg
5,0,20190715,065000,82,8,1275,737,1334,821,Jul15_0/106-20190715065000-snapshot.jpg
5,0,20190715,070800,89,1,1455,381,1500,427,Jul15_0/106-20190715070800-snapshot.jpg
5,0,20190715,070830,88,1,1462,375,1507,419,Jul15_0/106-20190715070830-snapshot.jpg
5,0,20190715,070930,87,1,1389,236,1437,286,Jul15_0/106-20190715070930-snapshot.jpg
5,0,20190715,071230,65,1,1485,1,1533,38,Jul15_0/106-20190715071230-snapshot.jpg
5,0,20190715,071300,83,1,1500,35,1554,89,Jul15_0/106-20190715071300-snapshot.jpg
5,0,20190715,071400,75,1,1483,91,1530,130,Jul15_0/106-20190715071400-snapshot.jpg
5,0,20190715,071430,79,1,1448,41,1494,80,Jul15_0/106-20190715071430-snapshot.jpg
5,0,20190715,071500,40,1,1392,0,1435,26,Jul15_0/106-20190715071500-snapshot.jpg
5,0,20190715,071600,82,1,1473,7,1526,59,Jul15_0/106-20190715071600-snapshot.jpg
5,0,20190715,071630,65,1,1413,20,1459,62,Jul15_0/106-20190715071630-snapshot.jpg
5,0,20190715,071730,83,1,1294,145,1339,186,Jul15_0/106-20190715071730-snapshot.jpg
5,0,20190715,071830,81,1,1298,148,1342,189,Jul15_0/106-20190715071830-snapshot.jpg
5,0,20190715,071900,86,1,1232,198,1278,242,Jul15_0/106-20190715071900-snapshot.jpg
5,0,20190715,071930,39,1,1270,297,1313,334,Jul15_0/106-20190715071930-snapshot.jpg
5,0,20190715,072430,31,1,1169,293,1220,344,Jul15_0/106-20190715072430-snapshot.jpg
5,0,20190715,072500,82,1,1189,302,1236,347,Jul15_0/106-20190715072500-snapshot.jpg
5,0,20190715,072530,80,1,1163,319,1212,363,Jul15_0/106-20190715072530-snapshot.jpg
5,0,20190715,072600,86,1,1113,246,1160,288,Jul15_0/106-20190715072600-snapshot.jpg
5,0,20190715,072700,87,1,1023,302,1069,347,Jul15_0/106-20190715072700-snapshot.jpg
5,0,20190715,072730,84,1,959,231,1004,275,Jul15_0/106-20190715072730-snapshot.jpg
5,0,20190715,072800,53,1,932,204,977,243,Jul15_0/106-20190715072800-snapshot.jpg
5,0,20190715,072900,86,1,986,281,1032,324,Jul15_0/106-20190715072900-snapshot.jpg
5,0,20190715,073030,75,1,1071,273,1114,316,Jul15_0/106-20190715073030-snapshot.jpg
5,0,20190715,073300,75,1,1176,232,1221,274,Jul15_0/106-20190715073300-snapshot.jpg
5,0,20190715,073330,85,1,1214,155,1256,193,Jul15_0/106-20190715073330-snapshot.jpg
5,0,20190715,073400,79,1,1228,110,1272,148,Jul15_0/106-20190715073400-snapshot.jpg
5,0,20190715,073500,86,1,1171,65,1220,109,Jul15_0/106-20190715073500-snapshot.jpg
5,0,20190715,073530,86,1,1175,7,1225,55,Jul15_0/106-20190715073530-snapshot.jpg
5,0,20190715,073830,69,1,1281,6,1324,42,Jul15_0/106-20190715073830-snapshot.jpg
5,0,20190715,074100,84,1,1505,100,1551,139,Jul15_0/106-20190715074100-snapshot.jpg
5,0,20190715,074500,83,1,1716,123,1766,168,Jul15_0/106-20190715074500-snapshot.jpg
5,0,20190715,074600,79,1,1790,111,1843,162,Jul15_0/106-20190715074600-snapshot.jpg
5,0,20190715,074630,85,1,1867,38,1917,84,Jul15_0/106-20190715074630-snapshot.jpg
5,0,20190708,202630,26,6,1103,812,1153,863,Jul15_0/14-20190708202630-snapshot.jpg
5,0,20190709,080930,58,1,655,9,706,52,Jul15_0/24-20190709080930-snapshot.jpg
5,0,20190709,081300,77,1,652,7,702,51,Jul15_0/24-20190709081300-snapshot.jpg
5,0,20190709,081700,28,1,654,7,709,55,Jul15_0/24-20190709081700-snapshot.jpg
5,0,20190709,082700,84,6,901,336,988,395,Jul15_0/24-20190709082700-snapshot.jpg
5,0,20190709,082730,83,6,946,348,1032,406,Jul15_0/24-20190709082730-snapshot.jpg
5,0,20190709,082800,84,6,937,428,986,500,Jul15_0/24-20190709082800-snapshot.jpg
5,0,20190709,082830,74,6,162,99,216,166,Jul15_0/24-20190709082830-snapshot.jpg
5,0,20190709,082830,77,6,1109,439,1191,495,Jul15_0/24-20190709082830-snapshot.jpg
5,0,20190709,082900,83,6,1196,489,1264,548,Jul15_0/24-20190709082900-snapshot.jpg
5,0,20190709,083000,79,6,1713,662,1760,720,Jul15_0/24-20190709083000-snapshot.jpg
5,0,20190709,085030,82,6,910,335,987,385,Jul15_0/24-20190709085030-snapshot.jpg
5,0,20190709,085200,78,6,417,629,489,689,Jul15_0/24-20190709085200-snapshot.jpg
5,0,20190709,085400,51,6,843,487,897,551,Jul15_0/24-20190709085400-snapshot.jpg
5,0,20190709,085930,85,8,877,485,930,570,Jul15_0/24-20190709085930-snapshot.jpg
5,0,20190709,090200,78,6,751,946,820,998,Jul15_0/24-20190709090200-snapshot.jpg
5,0,20190709,090300,77,6,1129,817,1212,876,Jul15_0/24-20190709090300-snapshot.jpg
5,0,20190709,094230,83,6,459,351,539,420,Jul15_0/24-20190709094230-snapshot.jpg
5,0,20190709,094300,81,6,561,557,616,621,Jul15_0/24-20190709094300-snapshot.jpg
5,0,20190709,094330,81,6,871,394,952,451,Jul15_0/24-20190709094330-snapshot.jpg
5,0,20190709,094500,81,6,1060,780,1113,844,Jul15_0/24-20190709094500-snapshot.jpg
5,0,20190709,094530,80,6,1014,725,1079,767,Jul15_0/24-20190709094530-snapshot.jpg
5,0,20190709,094800,83,6,1455,714,1531,770,Jul15_0/24-20190709094800-snapshot.jpg
5,0,20190709,094830,81,6,1643,788,1715,852,Jul15_0/24-20190709094830-snapshot.jpg
5,0,20190709,100900,39,6,1269,606,1311,650,Jul15_0/24-20190709100900-snapshot.jpg
5,0,20190709,100900,64,5,359,552,411,614,Jul15_0/24-20190709100900-snapshot.jpg
5,0,20190709,101100,66,5,717,741,764,798,Jul15_0/24-20190709101100-snapshot.jpg
5,0,20190709,101130,65,6,639,731,685,790,Jul15_0/24-20190709101130-snapshot.jpg
5,0,20190709,101200,78,5,643,729,691,786,Jul15_0/24-20190709101200-snapshot.jpg
5,0,20190709,101230,83,5,682,676,726,735,Jul15_0/24-20190709101230-snapshot.jpg
5,0,20190709,101330,70,6,434,519,490,579,Jul15_0/24-20190709101330-snapshot.jpg
5,0,20190709,101400,76,6,684,652,730,715,Jul15_0/24-20190709101400-snapshot.jpg
5,0,20190709,101430,65,5,745,778,793,829,Jul15_0/24-20190709101430-snapshot.jpg
5,0,20190709,101500,30,6,1179,502,1237,548,Jul15_0/24-20190709101500-snapshot.jpg
5,0,20190709,101530,75,5,1171,469,1228,508,Jul15_0/24-20190709101530-snapshot.jpg
5,0,20190709,101600,80,5,1231,444,1280,487,Jul15_0/24-20190709101600-snapshot.jpg
5,0,20190709,101630,76,5,978,335,1029,375,Jul15_0/24-20190709101630-snapshot.jpg
5,0,20190709,101730,40,6,1034,547,1083,606,Jul15_0/24-20190709101730-snapshot.jpg
5,0,20190709,101730,73,5,1198,458,1246,496,Jul15_0/24-20190709101730-snapshot.jpg
5,0,20190709,101800,80,5,1079,523,1128,582,Jul15_0/24-20190709101800-snapshot.jpg
5,0,20190709,102200,71,6,1032,544,1084,606,Jul15_0/24-20190709102200-snapshot.jpg
5,0,20190709,102330,43,6,1032,544,1083,605,Jul15_0/24-20190709102330-snapshot.jpg
5,0,20190709,102400,60,6,1033,543,1085,603,Jul15_0/24-20190709102400-snapshot.jpg
5,0,20190709,102630,71,6,1031,544,1084,607,Jul15_0/24-20190709102630-snapshot.jpg
5,0,20190709,102800,27,6,1029,542,1090,602,Jul15_0/24-20190709102800-snapshot.jpg
5,0,20190709,102830,27,6,1031,541,1090,600,Jul15_0/24-20190709102830-snapshot.jpg
5,0,20190709,103400,63,5,674,956,720,1016,Jul15_0/24-20190709103400-snapshot.jpg
5,0,20190709,103500,82,5,734,770,779,824,Jul15_0/24-20190709103500-snapshot.jpg
5,0,20190709,103600,83,8,1597,873,1682,981,Jul15_0/24-20190709103600-snapshot.jpg
5,0,20190709,103700,46,6,1538,775,1589,821,Jul15_0/24-20190709103700-snapshot.jpg
5,0,20190709,103830,77,5,727,948,769,998,Jul15_0/24-20190709103830-snapshot.jpg
5,0,20190709,103930,79,5,751,714,799,758,Jul15_0/24-20190709103930-snapshot.jpg
5,0,20190709,104030,29,5,1176,645,1223,686,Jul15_0/24-20190709104030-snapshot.jpg
5,0,20190709,104100,76,5,1070,713,1122,749,Jul15_0/24-20190709104100-snapshot.jpg
5,0,20190709,104130,69,5,1143,707,1195,758,Jul15_0/24-20190709104130-snapshot.jpg
5,0,20190709,104230,33,5,1599,638,1643,671,Jul15_0/24-20190709104230-snapshot.jpg
5,0,20190709,104300,84,5,1662,873,1717,942,Jul15_0/24-20190709104300-snapshot.jpg
5,0,20190709,104600,68,5,1006,339,1053,377,Jul15_0/24-20190709104600-snapshot.jpg
5,0,20190709,104630,52,5,991,347,1037,381,Jul15_0/24-20190709104630-snapshot.jpg
5,0,20190709,104700,77,5,959,341,1002,389,Jul15_0/24-20190709104700-snapshot.jpg
5,0,20190709,104800,79,5,1066,708,1110,749,Jul15_0/24-20190709104800-snapshot.jpg
5,0,20190709,104830,64,5,882,399,927,454,Jul15_0/24-20190709104830-snapshot.jpg
5,0,20190709,104900,47,6,1034,819,1085,861,Jul15_0/24-20190709104900-snapshot.jpg
5,0,20190709,104900,52,5,1035,820,1085,860,Jul15_0/24-20190709104900-snapshot.jpg
5,0,20190709,104900,71,5,898,419,949,469,Jul15_0/24-20190709104900-snapshot.jpg
5,0,20190709,104930,79,5,924,784,976,834,Jul15_0/24-20190709104930-snapshot.jpg
5,0,20190709,105000,30,6,1001,738,1039,788,Jul15_0/24-20190709105000-snapshot.jpg
5,0,20190709,105000,81,5,929,362,974,415,Jul15_0/24-20190709105000-snapshot.jpg
5,0,20190709,105100,73,6,1252,444,1297,503,Jul15_0/24-20190709105100-snapshot.jpg
5,0,20190709,105100,79,5,890,542,942,604,Jul15_0/24-20190709105100-snapshot.jpg
5,0,20190709,105100,81,5,931,426,980,486,Jul15_0/24-20190709105100-snapshot.jpg
5,0,20190709,105130,27,6,1180,460,1233,496,Jul15_0/24-20190709105130-snapshot.jpg
5,0,20190709,105130,56,5,1180,460,1233,496,Jul15_0/24-20190709105130-snapshot.jpg
5,0,20190709,105130,82,5,908,759,960,823,Jul15_0/24-20190709105130-snapshot.jpg
5,0,20190709,105200,62,5,1100,704,1144,748,Jul15_0/24-20190709105200-snapshot.jpg
5,0,20190709,105200,77,5,695,597,738,639,Jul15_0/24-20190709105200-snapshot.jpg
5,0,20190709,105200,85,5,890,441,942,507,Jul15_0/24-20190709105200-snapshot.jpg
5,0,20190709,105230,80,5,1138,428,1189,482,Jul15_0/24-20190709105230-snapshot.jpg
5,0,20190709,105300,28,5,683,618,725,662,Jul15_0/24-20190709105300-snapshot.jpg
5,0,20190709,105400,42,5,726,606,772,645,Jul15_0/24-20190709105400-snapshot.jpg
5,0,20190709,105400,76,6,1344,465,1394,525,Jul15_0/24-20190709105400-snapshot.jpg
5,0,20190709,105500,79,5,974,715,1021,761,Jul15_0/24-20190709105500-snapshot.jpg
5,0,20190709,105500,82,6,1212,506,1262,562,Jul15_0/24-20190709105500-snapshot.jpg
5,0,20190709,105530,33,5,1127,747,1161,793,Jul15_0/24-20190709105530-snapshot.jpg
5,0,20190709,105530,60,5,1277,378,1321,428,Jul15_0/24-20190709105530-snapshot.jpg
5,0,20190709,105600,26,6,1012,731,1054,767,Jul15_0/24-20190709105600-snapshot.jpg
5,0,20190709,105600,38,5,1012,730,1054,768,Jul15_0/24-20190709105600-snapshot.jpg
5,0,20190709,105630,82,5,915,595,974,654,Jul15_0/24-20190709105630-snapshot.jpg
5,0,20190709,105700,75,5,1095,468,1145,517,Jul15_0/24-20190709105700-snapshot.jpg
5,0,20190709,105800,38,5,1322,380,1371,423,Jul15_0/24-20190709105800-snapshot.jpg
5,0,20190709,105800,45,6,1320,380,1370,424,Jul15_0/24-20190709105800-snapshot.jpg
5,0,20190709,110300,63,5,771,629,816,677,Jul15_0/24-20190709110300-snapshot.jpg
5,0,20190709,110330,72,5,812,673,865,721,Jul15_0/24-20190709110330-snapshot.jpg
5,0,20190709,110400,70,5,721,863,763,912,Jul15_0/24-20190709110400-snapshot.jpg
5,0,20190709,110430,64,5,740,746,777,793,Jul15_0/24-20190709110430-snapshot.jpg
5,0,20190709,110430,65,6,1018,165,1070,225,Jul15_0/24-20190709110430-snapshot.jpg
5,0,20190709,110500,80,5,757,771,799,823,Jul15_0/24-20190709110500-snapshot.jpg
5,0,20190709,110600,57,5,655,603,700,637,Jul15_0/24-20190709110600-snapshot.jpg
5,0,20190709,110730,66,5,1163,462,1200,512,Jul15_0/24-20190709110730-snapshot.jpg
5,0,20190709,110800,72,5,1117,397,1174,440,Jul15_0/24-20190709110800-snapshot.jpg
5,0,20190709,110830,75,5,1001,326,1053,363,Jul15_0/24-20190709110830-snapshot.jpg
5,0,20190709,110900,62,5,1211,476,1253,519,Jul15_0/24-20190709110900-snapshot.jpg
5,0,20190709,110900,81,6,606,654,685,712,Jul15_0/24-20190709110900-snapshot.jpg
5,0,20190709,110930,78,6,1066,118,1116,186,Jul15_0/24-20190709110930-snapshot.jpg
5,0,20190709,111000,79,5,1147,470,1186,524,Jul15_0/24-20190709111000-snapshot.jpg
5,0,20190709,111030,73,5,1091,494,1147,534,Jul15_0/24-20190709111030-snapshot.jpg
5,0,20190709,111130,34,6,1206,518,1257,555,Jul15_0/24-20190709111130-snapshot.jpg
5,0,20190709,111130,47,5,1207,518,1257,555,Jul15_0/24-20190709111130-snapshot.jpg
5,0,20190709,111130,80,6,315,462,370,532,Jul15_0/24-20190709111130-snapshot.jpg
5,0,20190709,111200,30,5,1142,399,1189,434,Jul15_0/24-20190709111200-snapshot.jpg
5,0,20190709,111200,79,6,1247,479,1297,535,Jul15_0/24-20190709111200-snapshot.jpg
5,0,20190709,111430,51,5,1609,840,1655,896,Jul15_0/24-20190709111430-snapshot.jpg
5,0,20190709,111730,75,6,1325,313,1373,373,Jul15_0/24-20190709111730-snapshot.jpg
5,0,20190709,111800,32,6,1347,376,1411,429,Jul15_0/24-20190709111800-snapshot.jpg
5,0,20190709,111830,67,5,1327,342,1378,387,Jul15_0/24-20190709111830-snapshot.jpg
5,0,20190709,111900,52,5,1683,790,1723,840,Jul15_0/24-20190709111900-snapshot.jpg
5,0,20190709,112130,59,6,105,208,161,272,Jul15_0/24-20190709112130-snapshot.jpg
5,0,20190709,112230,68,5,1479,705,1531,739,Jul15_0/24-20190709112230-snapshot.jpg
5,0,20190709,112430,38,6,383,622,429,674,Jul15_0/24-20190709112430-snapshot.jpg
5,0,20190709,112430,81,6,1599,789,1673,848,Jul15_0/24-20190709112430-snapshot.jpg
5,0,20190709,112500,85,1,1095,203,1140,246,Jul15_0/24-20190709112500-snapshot.jpg
5,0,20190709,112600,85,1,1073,192,1117,232,Jul15_0/24-20190709112600-snapshot.jpg
5,0,20190709,112630,85,1,1069,92,1114,136,Jul15_0/24-20190709112630-snapshot.jpg
5,0,20190709,112730,84,1,1052,148,1094,189,Jul15_0/24-20190709112730-snapshot.jpg
5,0,20190709,112800,85,1,1072,207,1117,248,Jul15_0/24-20190709112800-snapshot.jpg
5,0,20190709,112930,83,1,1246,283,1291,323,Jul15_0/24-20190709112930-snapshot.jpg
5,0,20190709,113000,62,1,1268,585,1307,624,Jul15_0/24-20190709113000-snapshot.jpg
5,0,20190709,113000,68,6,1673,750,1730,808,Jul15_0/24-20190709113000-snapshot.jpg
5,0,20190709,113100,86,1,955,651,1000,695,Jul15_0/24-20190709113100-snapshot.jpg
5,0,20190709,113130,83,1,1005,544,1050,587,Jul15_0/24-20190709113130-snapshot.jpg
5,0,20190709,113130,85,2,928,386,1004,456,Jul15_0/24-20190709113130-snapshot.jpg
5,0,20190709,113230,80,1,965,799,1004,839,Jul15_0/24-20190709113230-snapshot.jpg
5,0,20190709,113300,86,1,936,529,982,577,Jul15_0/24-20190709113300-snapshot.jpg
5,0,20190709,113330,87,1,1225,496,1270,551,Jul15_0/24-20190709113330-snapshot.jpg
5,0,20190709,113400,34,1,1159,491,1204,543,Jul15_0/24-20190709113400-snapshot.jpg
5,0,20190709,113430,88,1,1155,457,1202,511,Jul15_0/24-20190709113430-snapshot.jpg
5,0,20190709,113500,83,1,1292,370,1335,414,Jul15_0/24-20190709113500-snapshot.jpg
5,0,20190709,113600,67,1,1558,642,1593,670,Jul15_0/24-20190709113600-snapshot.jpg
5,0,20190709,113630,44,6,1437,941,1523,1006,Jul15_0/24-20190709113630-snapshot.jpg
5,0,20190709,113700,80,6,1453,374,1533,437,Jul15_0/24-20190709113700-snapshot.jpg
5,0,20190709,113930,66,5,1729,605,1774,657,Jul15_0/24-20190709113930-snapshot.jpg
5,0,20190709,114000,64,6,1606,860,1682,924,Jul15_0/24-20190709114000-snapshot.jpg
5,0,20190709,114330,67,5,976,478,1020,526,Jul15_0/24-20190709114330-snapshot.jpg
5,0,20190709,114630,73,5,641,776,691,824,Jul15_0/24-20190709114630-snapshot.jpg
5,0,20190709,114800,74,5,866,676,916,735,Jul15_0/24-20190709114800-snapshot.jpg
5,0,20190709,114830,66,5,1008,129,1072,170,Jul15_0/24-20190709114830-snapshot.jpg
5,0,20190709,114900,85,5,929,421,979,483,Jul15_0/24-20190709114900-snapshot.jpg
5,0,20190709,114930,74,5,1313,354,1365,396,Jul15_0/24-20190709114930-snapshot.jpg
5,0,20190709,114930,82,5,1000,362,1037,413,Jul15_0/24-20190709114930-snapshot.jpg
5,0,20190709,115000,62,5,1176,263,1223,298,Jul15_0/24-20190709115000-snapshot.jpg
5,0,20190709,115030,77,5,1019,714,1062,755,Jul15_0/24-20190709115030-snapshot.jpg
5,0,20190709,115230,48,5,1100,181,1145,223,Jul15_0/24-20190709115230-snapshot.jpg
5,0,20190709,115300,83,5,913,354,964,417,Jul15_0/24-20190709115300-snapshot.jpg
5,0,20190709,115330,63,5,894,819,965,874,Jul15_0/24-20190709115330-snapshot.jpg
5,0,20190709,115400,29,6,709,950,759,1000,Jul15_0/24-20190709115400-snapshot.jpg
5,0,20190709,115400,48,5,632,406,680,460,Jul15_0/24-20190709115400-snapshot.jpg
5,0,20190709,115700,58,6,1170,221,1224,277,Jul15_0/24-20190709115700-snapshot.jpg
5,0,20190709,115900,50,6,1102,485,1147,544,Jul15_0/24-20190709115900-snapshot.jpg
5,0,20190709,115930,82,6,1120,419,1170,479,Jul15_0/24-20190709115930-snapshot.jpg
5,0,20190709,120330,74,5,726,608,772,642,Jul15_0/24-20190709120330-snapshot.jpg
5,0,20190709,120400,32,6,287,627,339,676,Jul15_0/24-20190709120400-snapshot.jpg
5,0,20190709,120430,38,6,345,524,391,579,Jul15_0/24-20190709120430-snapshot.jpg
5,0,20190709,120430,77,5,918,727,969,770,Jul15_0/24-20190709120430-snapshot.jpg
5,0,20190709,120500,84,6,609,540,663,600,Jul15_0/24-20190709120500-snapshot.jpg
5,0,20190709,121000,35,5,1236,268,1282,309,Jul15_0/24-20190709121000-snapshot.jpg
5,0,20190709,121000,77,6,656,934,717,996,Jul15_0/24-20190709121000-snapshot.jpg
5,0,20190709,121030,81,6,1259,535,1310,602,Jul15_0/24-20190709121030-snapshot.jpg
5,0,20190709,121100,73,5,1310,247,1351,297,Jul15_0/24-20190709121100-snapshot.jpg
5,0,20190709,121130,83,6,1602,817,1679,877,Jul15_0/24-20190709121130-snapshot.jpg
5,0,20190709,121300,76,6,1038,208,1096,274,Jul15_0/24-20190709121300-snapshot.jpg
5,0,20190709,121330,64,6,936,593,988,658,Jul15_0/24-20190709121330-snapshot.jpg
5,0,20190709,121400,42,6,1186,380,1243,423,Jul15_0/24-20190709121400-snapshot.jpg
5,0,20190709,121400,63,5,1186,381,1245,422,Jul15_0/24-20190709121400-snapshot.jpg
5,0,20190709,121430,77,6,1137,844,1191,903,Jul15_0/24-20190709121430-snapshot.jpg
5,0,20190709,121500,79,6,1155,743,1230,797,Jul15_0/24-20190709121500-snapshot.jpg
5,0,20190709,121530,51,8,1154,693,1237,750,Jul15_0/24-20190709121530-snapshot.jpg
5,0,20190709,121530,53,6,1155,693,1237,750,Jul15_0/24-20190709121530-snapshot.jpg
5,0,20190709,121600,79,6,1053,498,1106,566,Jul15_0/24-20190709121600-snapshot.jpg
5,0,20190709,121630,63,6,1211,529,1260,586,Jul15_0/24-20190709121630-snapshot.jpg
5,0,20190709,121730,69,5,494,498,550,544,Jul15_0/24-20190709121730-snapshot.jpg
5,0,20190709,121730,80,5,976,378,1019,425,Jul15_0/24-20190709121730-snapshot.jpg
5,0,20190709,121800,62,5,876,380,922,434,Jul15_0/24-20190709121800-snapshot.jpg
5,0,20190709,121830,69,6,1200,451,1249,499,Jul15_0/24-20190709121830-snapshot.jpg
5,0,20190709,121830,78,5,718,948,764,994,Jul15_0/24-20190709121830-snapshot.jpg
5,0,20190709,121900,77,5,946,744,994,790,Jul15_0/24-20190709121900-snapshot.jpg
5,0,20190709,121930,44,5,1094,762,1139,816,Jul15_0/24-20190709121930-snapshot.jpg
5,0,20190709,121930,53,6,1093,762,1140,818,Jul15_0/24-20190709121930-snapshot.jpg
5,0,20190709,121930,61,6,1151,418,1211,465,Jul15_0/24-20190709121930-snapshot.jpg
5,0,20190709,122030,26,5,1158,421,1204,463,Jul15_0/24-20190709122030-snapshot.jpg
5,0,20190709,122100,36,6,1207,521,1257,575,Jul15_0/24-20190709122100-snapshot.jpg
5,0,20190709,122100,45,5,1208,521,1257,574,Jul15_0/24-20190709122100-snapshot.jpg
5,0,20190709,122100,81,5,639,703,695,762,Jul15_0/24-20190709122100-snapshot.jpg
5,0,20190709,122200,75,5,725,697,773,736,Jul15_0/24-20190709122200-snapshot.jpg
5,0,20190709,122200,83,5,1135,453,1181,511,Jul15_0/24-20190709122200-snapshot.jpg
5,0,20190709,122230,76,5,1092,697,1143,735,Jul15_0/24-20190709122230-snapshot.jpg
5,0,20190709,122330,50,5,1145,412,1190,459,Jul15_0/24-20190709122330-snapshot.jpg
5,0,20190709,122530,61,6,299,622,368,668,Jul15_0/24-20190709122530-snapshot.jpg
5,0,20190709,122530,80,5,1677,811,1728,859,Jul15_0/24-20190709122530-snapshot.jpg
5,0,20190709,122600,60,6,1288,407,1341,451,Jul15_0/24-20190709122600-snapshot.jpg
5,0,20190709,122630,69,6,457,384,509,448,Jul15_0/24-20190709122630-snapshot.jpg
5,0,20190709,122900,58,5,1265,589,1313,637,Jul15_0/24-20190709122900-snapshot.jpg
5,0,20190709,122930,63,5,1017,750,1061,787,Jul15_0/24-20190709122930-snapshot.jpg
5,0,20190709,123000,42,6,372,608,419,657,Jul15_0/24-20190709123000-snapshot.jpg
5,0,20190709,123030,81,5,684,603,725,656,Jul15_0/24-20190709123030-snapshot.jpg
5,0,20190709,123100,77,5,957,332,1002,380,Jul15_0/24-20190709123100-snapshot.jpg
5,0,20190709,123130,65,5,1160,471,1205,515,Jul15_0/24-20190709123130-snapshot.jpg
5,0,20190709,123130,82,5,747,750,786,805,Jul15_0/24-20190709123130-snapshot.jpg
5,0,20190709,123200,72,5,1818,897,1870,941,Jul15_0/24-20190709123200-snapshot.jpg
5,0,20190709,123200,77,5,1085,673,1133,715,Jul15_0/24-20190709123200-snapshot.jpg
5,0,20190709,123230,36,6,855,773,927,827,Jul15_0/24-20190709123230-snapshot.jpg
5,0,20190709,123300,25,5,1030,574,1074,621,Jul15_0/24-20190709123300-snapshot.jpg
5,0,20190709,123330,60,6,668,1002,740,1046,Jul15_0/24-20190709123330-snapshot.jpg
5,0,20190709,123330,61,6,947,607,996,668,Jul15_0/24-20190709123330-snapshot.jpg
5,0,20190709,123400,77,5,1254,346,1311,388,Jul15_0/24-20190709123400-snapshot.jpg
5,0,20190709,123500,82,6,1474,743,1552,801,Jul15_0/24-20190709123500-snapshot.jpg
5,0,20190709,123530,51,5,1137,751,1176,788,Jul15_0/24-20190709123530-snapshot.jpg
5,0,20190709,123600,70,6,152,92,204,157,Jul15_0/24-20190709123600-snapshot.jpg
5,0,20190709,123900,80,6,356,607,425,654,Jul15_0/24-20190709123900-snapshot.jpg
5,0,20190709,124030,80,6,1536,812,1593,882,Jul15_0/24-20190709124030-snapshot.jpg
5,0,20190709,124030,81,6,760,981,840,1050,Jul15_0/24-20190709124030-snapshot.jpg
5,0,20190709,124100,65,6,1727,638,1772,694,Jul15_0/24-20190709124100-snapshot.jpg
5,0,20190709,124100,74,6,727,905,777,967,Jul15_0/24-20190709124100-snapshot.jpg
5,0,20190709,124230,75,5,1024,199,1080,244,Jul15_0/24-20190709124230-snapshot.jpg
5,0,20190709,124300,66,5,963,191,1017,241,Jul15_0/24-20190709124300-snapshot.jpg
5,0,20190709,124700,78,5,1607,604,1648,653,Jul15_0/24-20190709124700-snapshot.jpg
5,0,20190709,124800,70,5,918,379,994,429,Jul15_0/24-20190709124800-snapshot.jpg
5,0,20190709,124830,50,6,1267,533,1314,590,Jul15_0/24-20190709124830-snapshot.jpg
5,0,20190709,124830,66,5,863,599,937,649,Jul15_0/24-20190709124830-snapshot.jpg
5,0,20190709,124830,78,6,1039,939,1091,1007,Jul15_0/24-20190709124830-snapshot.jpg
5,0,20190709,124900,79,5,1067,692,1115,731,Jul15_0/24-20190709124900-snapshot.jpg
5,0,20190709,125100,77,5,660,682,709,738,Jul15_0/24-20190709125100-snapshot.jpg
5,0,20190709,125130,80,5,856,737,902,795,Jul15_0/24-20190709125130-snapshot.jpg
5,0,20190709,125200,28,6,1201,529,1251,579,Jul15_0/24-20190709125200-snapshot.jpg
5,0,20190709,125230,61,6,1236,393,1293,449,Jul15_0/24-20190709125230-snapshot.jpg
5,0,20190709,125300,81,5,718,921,757,977,Jul15_0/24-20190709125300-snapshot.jpg
5,0,20190709,125330,81,5,916,826,970,899,Jul15_0/24-20190709125330-snapshot.jpg
5,0,20190709,125400,36,5,1033,178,1092,222,Jul15_0/24-20190709125400-snapshot.jpg
5,0,20190709,125400,79,5,1083,690,1133,729,Jul15_0/24-20190709125400-snapshot.jpg
5,0,20190709,125400,81,5,706,673,754,725,Jul15_0/24-20190709125400-snapshot.jpg
5,0,20190709,125430,80,5,1260,347,1316,398,Jul15_0/24-20190709125430-snapshot.jpg
5,0,20190709,125500,76,5,1164,423,1204,470,Jul15_0/24-20190709125500-snapshot.jpg
5,0,20190709,125530,82,5,1050,809,1101,864,Jul15_0/24-20190709125530-snapshot.jpg
5,0,20190709,125600,83,5,946,747,997,806,Jul15_0/24-20190709125600-snapshot.jpg
5,0,20190709,125630,81,5,1113,699,1168,744,Jul15_0/24-20190709125630-snapshot.jpg
5,0,20190709,125730,77,5,1030,712,1084,751,Jul15_0/24-20190709125730-snapshot.jpg
5,0,20190709,125730,80,6,1485,706,1541,768,Jul15_0/24-20190709125730-snapshot.jpg
5,0,20190709,125930,29,5,1132,782,1182,842,Jul15_0/24-20190709125930-snapshot.jpg
5,0,20190709,125930,51,6,1132,782,1182,842,Jul15_0/24-20190709125930-snapshot.jpg
5,0,20190709,130100,66,6,432,474,505,527,Jul15_0/24-20190709130100-snapshot.jpg
5,0,20190709,130100,72,5,1187,886,1246,958,Jul15_0/24-20190709130100-snapshot.jpg
5,0,20190709,130130,81,6,701,556,754,618,Jul15_0/24-20190709130130-snapshot.jpg
5,0,20190709,130200,77,6,741,863,789,929,Jul15_0/24-20190709130200-snapshot.jpg
5,0,20190709,130330,53,6,1395,454,1463,507,Jul15_0/24-20190709130330-snapshot.jpg
5,0,20190709,130400,27,6,897,212,966,250,Jul15_0/24-20190709130400-snapshot.jpg
5,0,20190709,130500,68,6,683,553,733,602,Jul15_0/24-20190709130500-snapshot.jpg
5,0,20190709,130530,80,6,672,201,756,269,Jul15_0/24-20190709130530-snapshot.jpg
5,0,20190709,130530,80,6,756,884,824,942,Jul15_0/24-20190709130530-snapshot.jpg
5,0,20190709,130600,45,6,1366,487,1430,539,Jul15_0/24-20190709130600-snapshot.jpg
5,0,20190709,130600,78,6,1256,523,1310,591,Jul15_0/24-20190709130600-snapshot.jpg
5,0,20190709,130600,83,6,919,573,985,633,Jul15_0/24-20190709130600-snapshot.jpg
5,0,20190709,130630,81,6,1343,400,1429,466,Jul15_0/24-20190709130630-snapshot.jpg
5,0,20190709,130700,77,6,1525,773,1578,830,Jul15_0/24-20190709130700-snapshot.jpg
5,0,20190709,130700,81,6,1193,287,1259,339,Jul15_0/24-20190709130700-snapshot.jpg
5,0,20190709,130730,69,6,1686,883,1743,955,Jul15_0/24-20190709130730-snapshot.jpg
5,0,20190709,130730,79,6,694,541,758,593,Jul15_0/24-20190709130730-snapshot.jpg
5,0,20190709,130800,78,6,730,668,784,729,Jul15_0/24-20190709130800-snapshot.jpg
5,0,20190709,130830,83,6,644,711,694,782,Jul15_0/24-20190709130830-snapshot.jpg
5,0,20190709,130900,67,5,1000,387,1044,435,Jul15_0/24-20190709130900-snapshot.jpg
5,0,20190709,130900,81,6,922,788,997,847,Jul15_0/24-20190709130900-snapshot.jpg
5,0,20190709,130930,85,6,904,389,984,456,Jul15_0/24-20190709130930-snapshot.jpg
5,0,20190709,131000,66,5,672,609,714,646,Jul15_0/24-20190709131000-snapshot.jpg
5,0,20190709,131000,81,6,1077,759,1132,825,Jul15_0/24-20190709131000-snapshot.jpg
5,0,20190709,131030,69,6,1070,119,1129,179,Jul15_0/24-20190709131030-snapshot.jpg
5,0,20190709,131030,76,6,1012,723,1061,784,Jul15_0/24-20190709131030-snapshot.jpg
5,0,20190709,131100,79,6,1606,618,1655,677,Jul15_0/24-20190709131100-snapshot.jpg
5,0,20190709,131100,82,5,800,667,858,722,Jul15_0/24-20190709131100-snapshot.jpg
5,0,20190709,131130,79,5,722,883,769,927,Jul15_0/24-20190709131130-snapshot.jpg
5,0,20190709,131200,63,6,1176,191,1222,245,Jul15_0/24-20190709131200-snapshot.jpg
5,0,20190709,131200,78,6,1156,750,1229,799,Jul15_0/24-20190709131200-snapshot.jpg
5,0,20190709,131230,75,6,1210,258,1264,303,Jul15_0/24-20190709131230-snapshot.jpg
5,0,20190709,131300,44,6,1052,110,1127,166,Jul15_0/24-20190709131300-snapshot.jpg
5,0,20190709,131300,82,6,941,574,990,635,Jul15_0/24-20190709131300-snapshot.jpg
5,0,20190709,131400,81,5,1223,540,1272,596,Jul15_0/24-20190709131400-snapshot.jpg
5,0,20190709,131430,55,6,642,931,693,988,Jul15_0/24-20190709131430-snapshot.jpg
5,0,20190709,131430,79,6,1509,770,1569,832,Jul15_0/24-20190709131430-snapshot.jpg
5,0,20190709,131500,45,5,1309,343,1353,391,Jul15_0/24-20190709131500-snapshot.jpg
5,0,20190709,131500,55,5,693,719,739,760,Jul15_0/24-20190709131500-snapshot.jpg
5,0,20190709,131530,66,6,1083,738,1125,788,Jul15_0/24-20190709131530-snapshot.jpg
5,0,20190709,131600,64,6,866,731,923,778,Jul15_0/24-20190709131600-snapshot.jpg
5,0,20190709,131630,79,6,918,786,980,836,Jul15_0/24-20190709131630-snapshot.jpg
5,0,20190709,131800,76,6,1135,752,1202,802,Jul15_0/24-20190709131800-snapshot.jpg
5,0,20190709,131900,77,6,1003,373,1062,425,Jul15_0/24-20190709131900-snapshot.jpg
5,0,20190709,132030,78,5,1333,318,1379,369,Jul15_0/24-20190709132030-snapshot.jpg
5,0,20190709,132130,71,6,659,681,729,731,Jul15_0/24-20190709132130-snapshot.jpg
5,0,20190709,132200,66,6,1065,813,1122,861,Jul15_0/24-20190709132200-snapshot.jpg
5,0,20190709,132230,41,5,967,143,1005,191,Jul15_0/24-20190709132230-snapshot.jpg
5,0,20190709,132230,73,5,938,617,988,671,Jul15_0/24-20190709132230-snapshot.jpg
5,0,20190709,132300,55,5,1255,358,1301,392,Jul15_0/24-20190709132300-snapshot.jpg
5,0,20190709,132330,67,5,1020,355,1061,394,Jul15_0/24-20190709132330-snapshot.jpg
5,0,20190709,132400,54,6,449,578,499,637,Jul15_0/24-20190709132400-snapshot.jpg
5,0,20190709,132500,74,5,1334,312,1379,361,Jul15_0/24-20190709132500-snapshot.jpg
5,0,20190709,132500,75,6,1061,764,1107,823,Jul15_0/24-20190709132500-snapshot.jpg
5,0,20190709,132530,67,6,1194,496,1255,556,Jul15_0/24-20190709132530-snapshot.jpg
5,0,20190709,132530,75,5,787,694,831,736,Jul15_0/24-20190709132530-snapshot.jpg
5,0,20190709,132600,32,6,952,800,1000,860,Jul15_0/24-20190709132600-snapshot.jpg
5,0,20190709,132600,64,5,1251,427,1290,480,Jul15_0/24-20190709132600-snapshot.jpg
5,0,20190709,132630,79,6,1145,768,1216,833,Jul15_0/24-20190709132630-snapshot.jpg
5,0,20190709,132700,39,5,1288,295,1332,348,Jul15_0/24-20190709132700-snapshot.jpg
5,0,20190709,132700,61,6,1226,435,1272,489,Jul15_0/24-20190709132700-snapshot.jpg
5,0,20190709,132700,67,5,1049,196,1095,251,Jul15_0/24-20190709132700-snapshot.jpg
5,0,20190709,132730,68,6,1562,749,1620,810,Jul15_0/24-20190709132730-snapshot.jpg
5,0,20190709,132830,71,5,1260,348,1309,384,Jul15_0/24-20190709132830-snapshot.jpg
5,0,20190709,132900,63,6,763,666,840,720,Jul15_0/24-20190709132900-snapshot.jpg
5,0,20190709,132900,76,5,1009,367,1048,415,Jul15_0/24-20190709132900-snapshot.jpg
5,0,20190709,132930,34,6,628,693,684,739,Jul15_0/24-20190709132930-snapshot.jpg
5,0,20190709,133000,67,6,1250,378,1293,439,Jul15_0/24-20190709133000-snapshot.jpg
5,0,20190709,133100,25,6,972,208,1026,262,Jul15_0/24-20190709133100-snapshot.jpg
5,0,20190709,133100,73,6,761,922,814,997,Jul15_0/24-20190709133100-snapshot.jpg
5,0,20190709,133230,78,5,984,307,1039,357,Jul15_0/24-20190709133230-snapshot.jpg
5,0,20190709,133530,86,3,1043,728,1112,792,Jul15_0/24-20190709133530-snapshot.jpg
5,0,20190709,133730,25,6,1117,402,1169,460,Jul15_0/24-20190709133730-snapshot.jpg
5,0,20190709,133730,58,6,302,603,362,653,Jul15_0/24-20190709133730-snapshot.jpg
5,0,20190709,133800,82,6,911,815,986,896,Jul15_0/24-20190709133800-snapshot.jpg
5,0,20190709,133830,79,6,1349,502,1405,567,Jul15_0/24-20190709133830-snapshot.jpg
5,0,20190709,133900,75,6,940,302,1002,351,Jul15_0/24-20190709133900-snapshot.jpg
5,0,20190709,134100,77,5,1072,682,1107,726,Jul15_0/24-20190709134100-snapshot.jpg
5,0,20190709,134130,39,5,713,594,764,640,Jul15_0/24-20190709134130-snapshot.jpg
5,0,20190709,134200,72,5,1225,476,1271,519,Jul15_0/24-20190709134200-snapshot.jpg
5,0,20190709,134200,75,5,1096,714,1139,751,Jul15_0/24-20190709134200-snapshot.jpg
5,0,20190709,134200,82,5,657,709,699,763,Jul15_0/24-20190709134200-snapshot.jpg
5,0,20190709,134230,83,5,1146,446,1194,511,Jul15_0/24-20190709134230-snapshot.jpg
5,0,20190709,134300,54,6,1200,275,1242,333,Jul15_0/24-20190709134300-snapshot.jpg
5,0,20190709,134530,72,6,1266,578,1315,635,Jul15_0/24-20190709134530-snapshot.jpg
5,0,20190709,134600,66,5,598,726,649,783,Jul15_0/24-20190709134600-snapshot.jpg
5,0,20190709,134800,64,5,598,788,649,828,Jul15_0/24-20190709134800-snapshot.jpg
5,0,20190709,134800,76,6,703,572,749,632,Jul15_0/24-20190709134800-snapshot.jpg
5,0,20190709,134800,85,5,759,867,799,921,Jul15_0/24-20190709134800-snapshot.jpg
5,0,20190709,134830,40,6,1676,875,1734,940,Jul15_0/24-20190709134830-snapshot.jpg
5,0,20190709,134830,77,5,1239,497,1283,551,Jul15_0/24-20190709134830-snapshot.jpg
5,0,20190709,134830,82,6,1137,745,1203,810,Jul15_0/24-20190709134830-snapshot.jpg
5,0,20190709,134900,74,5,1644,649,1689,693,Jul15_0/24-20190709134900-snapshot.jpg
5,0,20190709,134900,82,6,1432,353,1490,422,Jul15_0/24-20190709134900-snapshot.jpg
5,0,20190709,134900,85,6,938,571,992,642,Jul15_0/24-20190709134900-snapshot.jpg
5,0,20190709,134930,78,6,666,995,735,1046,Jul15_0/24-20190709134930-snapshot.jpg
5,0,20190709,134930,84,5,922,382,977,445,Jul15_0/24-20190709134930-snapshot.jpg
5,0,20190709,134930,84,6,1187,396,1249,462,Jul15_0/24-20190709134930-snapshot.jpg
5,0,20190709,135000,80,5,482,414,533,456,Jul15_0/24-20190709135000-snapshot.jpg
5,0,20190709,135000,82,5,979,334,1020,382,Jul15_0/24-20190709135000-snapshot.jpg
5,0,20190709,135030,61,5,1231,443,1272,498,Jul15_0/24-20190709135030-snapshot.jpg
5,0,20190709,135100,78,6,659,662,715,723,Jul15_0/24-20190709135100-snapshot.jpg
5,0,20190709,135100,82,5,1044,511,1109,556,Jul15_0/24-20190709135100-snapshot.jpg
5,0,20190709,135130,29,6,1304,560,1350,617,Jul15_0/24-20190709135130-snapshot.jpg
5,0,20190709,135130,46,5,1304,560,1352,618,Jul15_0/24-20190709135130-snapshot.jpg
5,0,20190709,135200,76,6,1221,495,1273,562,Jul15_0/24-20190709135200-snapshot.jpg
5,0,20190709,135200,81,5,818,738,862,794,Jul15_0/24-20190709135200-snapshot.jpg
5,0,20190709,135200,81,5,1387,301,1433,354,Jul15_0/24-20190709135200-snapshot.jpg
5,0,20190709,135230,58,5,1207,263,1247,307,Jul15_0/24-20190709135230-snapshot.jpg
5,0,20190709,135300,36,6,325,490,378,551,Jul15_0/24-20190709135300-snapshot.jpg
5,0,20190709,135300,78,5,1258,347,1314,385,Jul15_0/24-20190709135300-snapshot.jpg
5,0,20190709,135330,70,5,1098,448,1152,487,Jul15_0/24-20190709135330-snapshot.jpg
5,0,20190709,135400,64,5,678,597,726,645,Jul15_0/24-20190709135400-snapshot.jpg
5,0,20190709,135400,79,5,651,916,697,976,Jul15_0/24-20190709135400-snapshot.jpg
5,0,20190709,135400,82,5,1029,479,1078,536,Jul15_0/24-20190709135400-snapshot.jpg
5,0,20190709,135430,70,5,1585,901,1662,970,Jul15_0/24-20190709135430-snapshot.jpg
5,0,20190709,135430,78,5,695,596,738,641,Jul15_0/24-20190709135430-snapshot.jpg
5,0,20190709,135500,67,6,1580,762,1652,821,Jul15_0/24-20190709135500-snapshot.jpg
5,0,20190709,135600,47,5,301,427,345,459,Jul15_0/24-20190709135600-snapshot.jpg
5,0,20190709,135630,82,5,741,657,785,710,Jul15_0/24-20190709135630-snapshot.jpg
5,0,20190709,135700,27,5,1016,326,1058,369,Jul15_0/24-20190709135700-snapshot.jpg
5,0,20190709,135700,80,5,1116,700,1167,739,Jul15_0/24-20190709135700-snapshot.jpg
5,0,20190709,135730,71,5,1716,732,1764,789,Jul15_0/24-20190709135730-snapshot.jpg
5,0,20190709,135730,78,5,684,578,724,625,Jul15_0/24-20190709135730-snapshot.jpg
5,0,20190709,135730,79,5,1138,408,1195,453,Jul15_0/24-20190709135730-snapshot.jpg
5,0,20190709,135800,50,5,1202,297,1242,334,Jul15_0/24-20190709135800-snapshot.jpg
5,0,20190709,135900,75,5,663,790,708,845,Jul15_0/24-20190709135900-snapshot.jpg
5,0,20190709,140030,33,5,672,823,718,866,Jul15_0/24-20190709140030-snapshot.jpg
5,0,20190709,140200,74,6,682,580,729,638,Jul15_0/24-20190709140200-snapshot.jpg
5,0,20190709,140430,82,5,1084,735,1135,775,Jul15_0/24-20190709140430-snapshot.jpg
5,0,20190709,140500,82,5,948,620,1005,685,Jul15_0/24-20190709140500-snapshot.jpg
5,0,20190709,140530,74,5,1108,815,1163,875,Jul15_0/24-20190709140530-snapshot.jpg
5,0,20190709,140630,78,5,807,616,859,673,Jul15_0/24-20190709140630-snapshot.jpg
5,0,20190709,140700,31,5,834,537,888,580,Jul15_0/24-20190709140700-snapshot.jpg
5,0,20190709,140830,78,6,1272,530,1333,592,Jul15_0/24-20190709140830-snapshot.jpg
5,0,20190709,140830,79,2,1507,762,1579,847,Jul15_0/24-20190709140830-snapshot.jpg
5,0,20190709,140930,72,5,1197,265,1237,314,Jul15_0/24-20190709140930-snapshot.jpg
5,0,20190709,141130,69,5,669,615,720,649,Jul15_0/24-20190709141130-snapshot.jpg
5,0,20190709,141330,71,5,1480,644,1533,684,Jul15_0/24-20190709141330-snapshot.jpg
5,0,20190709,141330,76,6,1055,99,1113,164,Jul15_0/24-20190709141330-snapshot.jpg
5,0,20190709,141400,79,6,967,133,1021,190,Jul15_0/24-20190709141400-snapshot.jpg
5,0,20190709,141400,81,5,1466,762,1519,824,Jul15_0/24-20190709141400-snapshot.jpg
5,0,20190709,141530,53,6,336,491,392,549,Jul15_0/24-20190709141530-snapshot.jpg
5,0,20190709,141530,67,6,710,709,759,763,Jul15_0/24-20190709141530-snapshot.jpg
5,0,20190709,141600,83,5,736,679,783,728,Jul15_0/24-20190709141600-snapshot.jpg
5,0,20190709,141630,35,5,1295,419,1340,462,Jul15_0/24-20190709141630-snapshot.jpg
5,0,20190709,141630,40,6,1294,418,1340,462,Jul15_0/24-20190709141630-snapshot.jpg
5,0,20190709,141630,72,5,1685,787,1729,841,Jul15_0/24-20190709141630-snapshot.jpg
5,0,20190709,141700,61,5,805,812,871,861,Jul15_0/24-20190709141700-snapshot.jpg
5,0,20190709,141730,83,5,795,887,843,946,Jul15_0/24-20190709141730-snapshot.jpg
5,0,20190709,141830,76,5,910,506,964,568,Jul15_0/24-20190709141830-snapshot.jpg
5,0,20190709,141900,81,5,947,562,995,619,Jul15_0/24-20190709141900-snapshot.jpg
5,0,20190709,142030,73,5,697,594,743,635,Jul15_0/24-20190709142030-snapshot.jpg
5,0,20190709,142230,64,6,1115,812,1168,868,Jul15_0/24-20190709142230-snapshot.jpg
5,0,20190709,142230,80,5,505,401,560,442,Jul15_0/24-20190709142230-snapshot.jpg
5,0,20190709,142330,75,5,1004,517,1061,558,Jul15_0/24-20190709142330-snapshot.jpg
5,0,20190709,142330,79,5,1450,754,1499,809,Jul15_0/24-20190709142330-snapshot.jpg
5,0,20190709,142630,79,6,1353,475,1424,538,Jul15_0/24-20190709142630-snapshot.jpg
5,0,20190709,142700,73,5,922,414,971,473,Jul15_0/24-20190709142700-snapshot.jpg
5,0,20190709,142700,79,6,1512,812,1575,874,Jul15_0/24-20190709142700-snapshot.jpg
5,0,20190709,142700,81,6,1241,514,1290,582,Jul15_0/24-20190709142700-snapshot.jpg
5,0,20190709,142730,81,6,1206,450,1265,507,Jul15_0/24-20190709142730-snapshot.jpg
5,0,20190709,142800,85,6,710,679,781,727,Jul15_0/24-20190709142800-snapshot.jpg
5,0,20190709,142830,82,6,1038,134,1117,203,Jul15_0/24-20190709142830-snapshot.jpg
5,0,20190709,142900,33,5,1857,882,1900,922,Jul15_0/24-20190709142900-snapshot.jpg
5,0,20190709,142900,42,6,704,542,753,588,Jul15_0/24-20190709142900-snapshot.jpg
5,0,20190709,142900,43,5,704,542,753,587,Jul15_0/24-20190709142900-snapshot.jpg
5,0,20190709,142900,68,6,1292,360,1339,418,Jul15_0/24-20190709142900-snapshot.jpg
5,0,20190709,143100,29,6,1051,201,1127,260,Jul15_0/24-20190709143100-snapshot.jpg
5,0,20190709,143230,61,6,1469,654,1515,708,Jul15_0/24-20190709143230-snapshot.jpg
5,0,20190709,143300,66,6,1223,487,1270,540,Jul15_0/24-20190709143300-snapshot.jpg
5,0,20190709,143330,73,5,1229,540,1275,583,Jul15_0/24-20190709143330-snapshot.jpg
5,0,20190709,143400,80,5,873,394,924,451,Jul15_0/24-20190709143400-snapshot.jpg
5,0,20190709,143430,30,6,316,605,377,645,Jul15_0/24-20190709143430-snapshot.jpg
5,0,20190709,143430,52,6,1262,513,1308,566,Jul15_0/24-20190709143430-snapshot.jpg
5,0,20190709,143500,41,6,484,484,544,531,Jul15_0/24-20190709143500-snapshot.jpg
5,0,20190709,143500,42,5,485,484,543,530,Jul15_0/24-20190709143500-snapshot.jpg
5,0,20190709,143530,58,5,872,437,924,495,Jul15_0/24-20190709143530-snapshot.jpg
5,0,20190709,143600,29,6,1463,690,1510,732,Jul15_0/24-20190709143600-snapshot.jpg
5,0,20190709,143630,78,6,1222,579,1282,629,Jul15_0/24-20190709143630-snapshot.jpg
5,0,20190709,143700,70,6,978,536,1028,589,Jul15_0/24-20190709143700-snapshot.jpg
5,0,20190709,143800,37,6,1506,785,1570,833,Jul15_0/24-20190709143800-snapshot.jpg
5,0,20190709,143830,75,6,1041,821,1105,867,Jul15_0/24-20190709143830-snapshot.jpg
5,0,20190709,143830,75,6,713,961,767,1009,Jul15_0/24-20190709143830-snapshot.jpg
5,0,20190709,143900,81,5,905,525,958,589,Jul15_0/24-20190709143900-snapshot.jpg
5,0,20190709,143930,42,5,1431,347,1479,391,Jul15_0/24-20190709143930-snapshot.jpg
5,0,20190709,143930,79,5,1034,514,1083,561,Jul15_0/24-20190709143930-snapshot.jpg
5,0,20190709,144000,75,5,890,458,956,506,Jul15_0/24-20190709144000-snapshot.jpg
5,0,20190709,144030,56,5,565,440,616,475,Jul15_0/24-20190709144030-snapshot.jpg
5,0,20190709,144030,82,5,1333,405,1382,470,Jul15_0/24-20190709144030-snapshot.jpg
5,0,20190709,144100,42,5,1549,756,1596,807,Jul15_0/24-20190709144100-snapshot.jpg
5,0,20190709,144100,81,5,1085,701,1125,747,Jul15_0/24-20190709144100-snapshot.jpg
5,0,20190709,144100,85,6,890,343,970,401,Jul15_0/24-20190709144100-snapshot.jpg
5,0,20190709,144130,62,6,1297,450,1349,504,Jul15_0/24-20190709144130-snapshot.jpg
5,0,20190709,144130,80,6,410,475,475,528,Jul15_0/24-20190709144130-snapshot.jpg
5,0,20190709,144200,53,6,1254,496,1307,546,Jul15_0/24-20190709144200-snapshot.jpg
5,0,20190709,144230,36,6,1695,852,1764,918,Jul15_0/24-20190709144230-snapshot.jpg
5,0,20190709,144300,53,5,1535,854,1591,899,Jul15_0/24-20190709144300-snapshot.jpg
5,0,20190709,144300,65,6,1277,534,1329,588,Jul15_0/24-20190709144300-snapshot.jpg
5,0,20190709,144330,81,6,1200,470,1254,534,Jul15_0/24-20190709144330-snapshot.jpg
5,0,20190709,144330,89,6,775,651,849,708,Jul15_0/24-20190709144330-snapshot.jpg
5,0,20190709,144400,80,6,715,542,784,590,Jul15_0/24-20190709144400-snapshot.jpg
5,0,20190709,144400,83,6,196,524,276,578,Jul15_0/24-20190709144400-snapshot.jpg
5,0,20190709,144430,81,6,755,727,805,790,Jul15_0/24-20190709144430-snapshot.jpg
5,0,20190709,144500,76,5,756,809,803,855,Jul15_0/24-20190709144500-snapshot.jpg
5,0,20190709,144500,79,6,673,981,741,1032,Jul15_0/24-20190709144500-snapshot.jpg
5,0,20190709,144500,80,6,1106,678,1168,731,Jul15_0/24-20190709144500-snapshot.jpg
5,0,20190709,144530,78,6,1033,839,1084,903,Jul15_0/24-20190709144530-snapshot.jpg
5,0,20190709,144530,82,6,941,120,1020,192,Jul15_0/24-20190709144530-snapshot.jpg
5,0,20190709,144600,82,6,1163,197,1214,262,Jul15_0/24-20190709144600-snapshot.jpg
5,0,20190709,144700,62,5,1245,240,1297,281,Jul15_0/24-20190709144700-snapshot.jpg
5,0,20190709,144730,73,6,1509,629,1558,680,Jul15_0/24-20190709144730-snapshot.jpg
5,0,20190709,144800,54,6,1247,436,1292,500,Jul15_0/24-20190709144800-snapshot.jpg
5,0,20190709,144830,61,6,1275,527,1323,586,Jul15_0/24-20190709144830-snapshot.jpg
5,0,20190709,144830,70,5,1202,313,1248,362,Jul15_0/24-20190709144830-snapshot.jpg
5,0,20190709,144830,73,6,928,282,1001,331,Jul15_0/24-20190709144830-snapshot.jpg
5,0,20190709,144900,39,6,743,878,784,930,Jul15_0/24-20190709144900-snapshot.jpg
5,0,20190709,144900,74,6,1255,489,1304,553,Jul15_0/24-20190709144900-snapshot.jpg
5,0,20190709,144930,51,5,685,657,739,706,Jul15_0/24-20190709144930-snapshot.jpg
5,0,20190709,144930,82,6,1232,440,1293,501,Jul15_0/24-20190709144930-snapshot.jpg
5,0,20190709,145000,78,5,748,684,792,737,Jul15_0/24-20190709145000-snapshot.jpg
5,0,20190709,145000,83,6,1203,554,1262,621,Jul15_0/24-20190709145000-snapshot.jpg
5,0,20190709,145030,79,6,800,809,881,874,Jul15_0/24-20190709145030-snapshot.jpg
5,0,20190709,145030,82,5,910,303,964,365,Jul15_0/24-20190709145030-snapshot.jpg
5,0,20190709,145100,80,6,708,902,772,950,Jul15_0/24-20190709145100-snapshot.jpg
5,0,20190709,145130,82,6,874,708,927,779,Jul15_0/24-20190709145130-snapshot.jpg
5,0,20190709,145330,33,6,1277,404,1319,451,Jul15_0/24-20190709145330-snapshot.jpg
5,0,20190709,145330,85,5,929,554,977,611,Jul15_0/24-20190709145330-snapshot.jpg
5,0,20190709,145400,49,6,354,622,420,676,Jul15_0/24-20190709145400-snapshot.jpg
5,0,20190709,145400,79,5,1177,656,1233,718,Jul15_0/24-20190709145400-snapshot.jpg
5,0,20190709,145500,82,6,948,354,1028,405,Jul15_0/24-20190709145500-snapshot.jpg
5,0,20190709,145500,83,5,958,577,1005,637,Jul15_0/24-20190709145500-snapshot.jpg
5,0,20190709,145530,27,6,1442,647,1513,689,Jul15_0/24-20190709145530-snapshot.jpg
5,0,20190709,145530,76,6,1145,446,1200,512,Jul15_0/24-20190709145530-snapshot.jpg
5,0,20190709,145530,79,6,678,160,762,220,Jul15_0/24-20190709145530-snapshot.jpg
5,0,20190709,145600,71,5,478,410,532,450,Jul15_0/24-20190709145600-snapshot.jpg
5,0,20190709,145700,82,6,1220,528,1291,583,Jul15_0/24-20190709145700-snapshot.jpg
5,0,20190709,145830,72,5,1154,641,1209,697,Jul15_0/24-20190709145830-snapshot.jpg
5,0,20190709,145930,77,6,782,907,835,972,Jul15_0/24-20190709145930-snapshot.jpg
5,0,20190709,150000,66,6,433,399,505,454,Jul15_0/24-20190709150000-snapshot.jpg
5,0,20190709,150000,80,6,363,599,429,661,Jul15_0/24-20190709150000-snapshot.jpg
5,0,20190709,150030,51,5,1148,404,1188,438,Jul15_0/24-20190709150030-snapshot.jpg
5,0,20190709,150100,76,5,706,685,755,720,Jul15_0/24-20190709150100-snapshot.jpg
5,0,20190709,150100,81,5,904,551,960,617,Jul15_0/24-20190709150100-snapshot.jpg
5,0,20190709,150130,70,5,877,431,939,488,Jul15_0/24-20190709150130-snapshot.jpg
5,0,20190709,150200,36,5,1026,194,1077,254,Jul15_0/24-20190709150200-snapshot.jpg
5,0,20190709,150200,49,5,1048,631,1091,675,Jul15_0/24-20190709150200-snapshot.jpg
5,0,20190709,150200,78,6,654,597,720,649,Jul15_0/24-20190709150200-snapshot.jpg
5,0,20190709,150200,81,5,925,317,977,370,Jul15_0/24-20190709150200-snapshot.jpg
5,0,20190709,150230,68,5,927,543,979,590,Jul15_0/24-20190709150230-snapshot.jpg
5,0,20190709,150230,74,6,1026,803,1092,852,Jul15_0/24-20190709150230-snapshot.jpg
5,0,20190709,150300,80,5,1020,709,1067,750,Jul15_0/24-20190709150300-snapshot.jpg
5,0,20190709,150330,29,5,1015,163,1065,206,Jul15_0/24-20190709150330-snapshot.jpg
5,0,20190709,150330,76,5,1071,676,1118,717,Jul15_0/24-20190709150330-snapshot.jpg
5,0,20190709,150400,72,5,884,750,934,794,Jul15_0/24-20190709150400-snapshot.jpg
5,0,20190709,150430,39,6,456,357,506,406,Jul15_0/24-20190709150430-snapshot.jpg
5,0,20190709,150430,81,5,802,809,851,867,Jul15_0/24-20190709150430-snapshot.jpg
5,0,20190709,150500,44,6,453,431,509,472,Jul15_0/24-20190709150500-snapshot.jpg
5,0,20190709,150500,71,6,1210,532,1254,588,Jul15_0/24-20190709150500-snapshot.jpg
5,0,20190709,150530,45,5,443,560,494,608,Jul15_0/24-20190709150530-snapshot.jpg
5,0,20190709,150530,56,6,849,805,906,871,Jul15_0/24-20190709150530-snapshot.jpg
5,0,20190709,150530,73,5,693,593,739,624,Jul15_0/24-20190709150530-snapshot.jpg
5,0,20190709,150600,29,6,763,841,812,884,Jul15_0/24-20190709150600-snapshot.jpg
5,0,20190709,150600,44,6,459,520,510,570,Jul15_0/24-20190709150600-snapshot.jpg
5,0,20190709,150630,50,6,1241,487,1291,536,Jul15_0/24-20190709150630-snapshot.jpg
5,0,20190709,150630,78,5,1112,691,1161,730,Jul15_0/24-20190709150630-snapshot.jpg
5,0,20190709,150700,76,5,1041,609,1087,661,Jul15_0/24-20190709150700-snapshot.jpg
5,0,20190709,150700,78,5,897,407,952,468,Jul15_0/24-20190709150700-snapshot.jpg
5,0,20190709,150800,56,5,1082,422,1140,462,Jul15_0/24-20190709150800-snapshot.jpg
5,0,20190709,150830,82,5,1040,772,1082,829,Jul15_0/24-20190709150830-snapshot.jpg
5,0,20190709,150930,71,6,1062,45,1139,96,Jul15_0/24-20190709150930-snapshot.jpg
5,0,20190709,150930,72,5,500,494,550,535,Jul15_0/24-20190709150930-snapshot.jpg
5,0,20190709,151000,63,6,1078,181,1132,243,Jul15_0/24-20190709151000-snapshot.jpg
5,0,20190709,151030,71,6,730,60,816,116,Jul15_0/24-20190709151030-snapshot.jpg
5,0,20190709,151100,70,6,979,78,1049,138,Jul15_0/24-20190709151100-snapshot.jpg
5,0,20190709,151130,55,6,733,630,783,694,Jul15_0/24-20190709151130-snapshot.jpg
5,0,20190709,151300,79,6,853,667,922,724,Jul15_0/24-20190709151300-snapshot.jpg
5,0,20190709,151300,84,6,1238,303,1315,373,Jul15_0/24-20190709151300-snapshot.jpg
5,0,20190709,151330,57,6,1216,545,1268,592,Jul15_0/24-20190709151330-snapshot.jpg
5,0,20190709,151330,69,6,933,548,997,596,Jul15_0/24-20190709151330-snapshot.jpg
5,0,20190709,151400,84,6,1110,390,1181,438,Jul15_0/24-20190709151400-snapshot.jpg
5,0,20190709,151430,82,6,1209,250,1258,308,Jul15_0/24-20190709151430-snapshot.jpg
5,0,20190709,151500,78,5,674,579,722,618,Jul15_0/24-20190709151500-snapshot.jpg
5,0,20190709,151730,46,6,1705,708,1768,758,Jul15_0/24-20190709151730-snapshot.jpg
5,0,20190709,151800,26,6,1591,636,1640,674,Jul15_0/24-20190709151800-snapshot.jpg
5,0,20190709,152000,78,6,1280,453,1328,520,Jul15_0/24-20190709152000-snapshot.jpg
5,0,20190709,152000,86,3,1022,792,1094,874,Jul15_0/24-20190709152000-snapshot.jpg
5,0,20190709,152030,77,6,806,408,888,467,Jul15_0/24-20190709152030-snapshot.jpg
5,0,20190709,152100,27,5,941,402,1001,460,Jul15_0/24-20190709152100-snapshot.jpg
5,0,20190709,152230,82,6,958,169,1039,222,Jul15_0/24-20190709152230-snapshot.jpg
5,0,20190709,152300,81,6,1268,521,1321,582,Jul15_0/24-20190709152300-snapshot.jpg
5,0,20190709,152300,84,6,1024,111,1111,184,Jul15_0/24-20190709152300-snapshot.jpg
5,0,20190709,152330,81,6,1021,131,1102,184,Jul15_0/24-20190709152330-snapshot.jpg
5,0,20190709,152400,79,6,1442,299,1496,358,Jul15_0/24-20190709152400-snapshot.jpg
5,0,20190709,152430,76,6,1362,479,1430,539,Jul15_0/24-20190709152430-snapshot.jpg
5,0,20190709,152500,43,6,134,100,184,164,Jul15_0/24-20190709152500-snapshot.jpg
5,0,20190709,152500,84,6,712,973,786,1024,Jul15_0/24-20190709152500-snapshot.jpg
5,0,20190709,152630,37,5,1468,775,1517,812,Jul15_0/24-20190709152630-snapshot.jpg
5,0,20190709,152700,83,6,672,63,764,142,Jul15_0/24-20190709152700-snapshot.jpg
5,0,20190709,152800,56,5,1217,571,1263,616,Jul15_0/24-20190709152800-snapshot.jpg
5,0,20190709,152800,71,6,1023,189,1095,235,Jul15_0/24-20190709152800-snapshot.jpg
5,0,20190709,152830,78,5,1084,601,1139,643,Jul15_0/24-20190709152830-snapshot.jpg
5,0,20190709,152900,71,6,1276,522,1340,571,Jul15_0/24-20190709152900-snapshot.jpg
5,0,20190709,152930,57,6,1094,461,1157,510,Jul15_0/24-20190709152930-snapshot.jpg
5,0,20190709,153000,78,6,875,453,931,516,Jul15_0/24-20190709153000-snapshot.jpg
5,0,20190709,153230,84,5,726,721,771,770,Jul15_0/24-20190709153230-snapshot.jpg
5,0,20190709,153300,79,5,938,724,985,767,Jul15_0/24-20190709153300-snapshot.jpg
5,0,20190709,153330,36,6,971,742,1015,795,Jul15_0/24-20190709153330-snapshot.jpg
5,0,20190709,153400,77,5,488,472,541,519,Jul15_0/24-20190709153400-snapshot.jpg
5,0,20190709,153400,78,5,1112,688,1162,728,Jul15_0/24-20190709153400-snapshot.jpg
5,0,20190709,153530,77,5,1148,436,1197,489,Jul15_0/24-20190709153530-snapshot.jpg
5,0,20190709,153600,74,5,1140,423,1185,476,Jul15_0/24-20190709153600-snapshot.jpg
5,0,20190709,153600,84,5,914,573,970,644,Jul15_0/24-20190709153600-snapshot.jpg
5,0,20190709,153630,71,5,721,564,766,610,Jul15_0/24-20190709153630-snapshot.jpg
5,0,20190709,153700,26,6,1091,717,1143,760,Jul15_0/24-20190709153700-snapshot.jpg
5,0,20190709,153730,81,5,691,559,731,607,Jul15_0/24-20190709153730-snapshot.jpg
5,0,20190709,153800,74,6,375,491,435,539,Jul15_0/24-20190709153800-snapshot.jpg
5,0,20190709,153800,77,5,1198,422,1240,467,Jul15_0/24-20190709153800-snapshot.jpg
5,0,20190709,153930,81,5,767,635,818,691,Jul15_0/24-20190709153930-snapshot.jpg
5,0,20190709,154000,48,5,1107,826,1155,878,Jul15_0/24-20190709154000-snapshot.jpg
5,0,20190709,154030,67,5,1604,709,1655,741,Jul15_0/24-20190709154030-snapshot.jpg
5,0,20190709,154030,80,5,1209,559,1259,613,Jul15_0/24-20190709154030-snapshot.jpg
5,0,20190709,154100,80,5,1158,438,1210,481,Jul15_0/24-20190709154100-snapshot.jpg
5,0,20190709,154130,74,5,1092,725,1138,765,Jul15_0/24-20190709154130-snapshot.jpg
5,0,20190709,154200,63,6,409,399,457,454,Jul15_0/24-20190709154200-snapshot.jpg
5,0,20190709,154200,74,6,919,824,971,891,Jul15_0/24-20190709154200-snapshot.jpg
5,0,20190709,154230,69,6,338,473,386,529,Jul15_0/24-20190709154230-snapshot.jpg
5,0,20190709,154300,68,6,300,540,360,589,Jul15_0/24-20190709154300-snapshot.jpg
5,0,20190709,154500,68,6,816,787,883,840,Jul15_0/24-20190709154500-snapshot.jpg
5,0,20190709,154530,82,5,995,518,1044,571,Jul15_0/24-20190709154530-snapshot.jpg
5,0,20190709,154600,80,5,1040,843,1096,910,Jul15_0/24-20190709154600-snapshot.jpg
5,0,20190709,154830,58,6,700,957,751,994,Jul15_0/24-20190709154830-snapshot.jpg
5,0,20190709,154900,72,5,737,801,778,850,Jul15_0/24-20190709154900-snapshot.jpg
5,0,20190709,155000,70,5,1540,812,1586,863,Jul15_0/24-20190709155000-snapshot.jpg
5,0,20190709,155100,54,6,1310,510,1370,566,Jul15_0/24-20190709155100-snapshot.jpg
5,0,20190709,155200,75,5,978,698,1018,748,Jul15_0/24-20190709155200-snapshot.jpg
5,0,20190709,155230,71,6,1007,159,1083,206,Jul15_0/24-20190709155230-snapshot.jpg
5,0,20190709,155230,78,5,736,803,777,855,Jul15_0/24-20190709155230-snapshot.jpg
5,0,20190709,155300,75,5,674,595,724,633,Jul15_0/24-20190709155300-snapshot.jpg
5,0,20190709,155300,77,6,1203,249,1251,305,Jul15_0/24-20190709155300-snapshot.jpg
5,0,20190709,155330,41,6,387,499,434,557,Jul15_0/24-20190709155330-snapshot.jpg
5,0,20190709,155330,76,6,752,967,827,1032,Jul15_0/24-20190709155330-snapshot.jpg
5,0,20190709,155400,25,2,703,924,754,989,Jul15_0/24-20190709155400-snapshot.jpg
5,0,20190709,155400,47,6,703,925,753,989,Jul15_0/24-20190709155400-snapshot.jpg
5,0,20190709,155430,73,6,411,534,489,598,Jul15_0/24-20190709155430-snapshot.jpg
5,0,20190709,155430,80,5,1283,406,1325,462,Jul15_0/24-20190709155430-snapshot.jpg
5,0,20190709,155430,85,6,922,547,999,610,Jul15_0/24-20190709155430-snapshot.jpg
5,0,20190709,155500,73,5,1226,319,1276,357,Jul15_0/24-20190709155500-snapshot.jpg
5,0,20190709,155500,82,6,911,577,981,651,Jul15_0/24-20190709155500-snapshot.jpg
5,0,20190709,155530,85,6,1132,641,1214,699,Jul15_0/24-20190709155530-snapshot.jpg
5,0,20190709,155600,73,5,1187,213,1232,265,Jul15_0/24-20190709155600-snapshot.jpg
5,0,20190709,155600,83,6,1192,498,1243,569,Jul15_0/24-20190709155600-snapshot.jpg
5,0,20190709,155700,74,6,922,173,1002,227,Jul15_0/24-20190709155700-snapshot.jpg
5,0,20190709,155730,74,6,757,804,830,854,Jul15_0/24-20190709155730-snapshot.jpg
5,0,20190709,155800,82,6,858,717,909,783,Jul15_0/24-20190709155800-snapshot.jpg
5,0,20190709,155830,83,6,719,667,788,726,Jul15_0/24-20190709155830-snapshot.jpg
5,0,20190709,155900,84,6,905,771,975,829,Jul15_0/24-20190709155900-snapshot.jpg
5,0,20190709,160630,60,5,723,577,761,618,Jul15_0/24-20190709160630-snapshot.jpg
5,0,20190709,160630,81,6,972,290,1045,341,Jul15_0/24-20190709160630-snapshot.jpg
5,0,20190709,160700,84,6,884,393,960,465,Jul15_0/24-20190709160700-snapshot.jpg
5,0,20190709,160730,84,6,1063,483,1134,556,Jul15_0/24-20190709160730-snapshot.jpg
5,0,20190709,160800,81,6,1687,639,1753,674,Jul15_0/24-20190709160800-snapshot.jpg
5,0,20190709,160930,28,6,1304,553,1350,604,Jul15_0/24-20190709160930-snapshot.jpg
5,0,20190709,161000,84,5,1064,729,1110,791,Jul15_0/24-20190709161000-snapshot.jpg
5,0,20190709,161030,71,5,870,760,921,801,Jul15_0/24-20190709161030-snapshot.jpg
5,0,20190709,161100,71,5,677,754,721,795,Jul15_0/24-20190709161100-snapshot.jpg
5,0,20190709,161130,70,5,668,680,713,720,Jul15_0/24-20190709161130-snapshot.jpg
5,0,20190709,161200,81,6,1092,57,1145,127,Jul15_0/24-20190709161200-snapshot.jpg
5,0,20190709,161200,82,5,690,640,737,695,Jul15_0/24-20190709161200-snapshot.jpg
5,0,20190709,161230,80,5,1022,808,1075,855,Jul15_0/24-20190709161230-snapshot.jpg
5,0,20190709,161300,79,6,149,131,228,185,Jul15_0/24-20190709161300-snapshot.jpg
5,0,20190709,161330,57,6,1197,487,1250,534,Jul15_0/24-20190709161330-snapshot.jpg
5,0,20190709,161330,81,6,351,389,408,456,Jul15_0/24-20190709161330-snapshot.jpg
5,0,20190709,161630,59,5,959,815,1006,857,Jul15_0/24-20190709161630-snapshot.jpg
5,0,20190709,161700,81,5,947,732,989,786,Jul15_0/24-20190709161700-snapshot.jpg
5,0,20190709,161730,81,6,1389,371,1461,431,Jul15_0/24-20190709161730-snapshot.jpg
5,0,20190709,161730,83,5,920,579,973,641,Jul15_0/24-20190709161730-snapshot.jpg
5,0,20190709,161800,66,5,1017,487,1064,540,Jul15_0/24-20190709161800-snapshot.jpg
5,0,20190709,161800,82,6,1304,456,1355,517,Jul15_0/24-20190709161800-snapshot.jpg
5,0,20190709,161830,53,5,1051,608,1099,649,Jul15_0/24-20190709161830-snapshot.jpg
5,0,20190709,161830,85,6,1251,537,1327,595,Jul15_0/24-20190709161830-snapshot.jpg
5,0,20190709,161900,78,5,981,158,1043,209,Jul15_0/24-20190709161900-snapshot.jpg
5,0,20190709,161930,38,5,968,155,1016,205,Jul15_0/24-20190709161930-snapshot.jpg
5,0,20190709,162030,71,5,1143,383,1192,422,Jul15_0/24-20190709162030-snapshot.jpg
5,0,20190709,162100,26,6,1069,56,1117,110,Jul15_0/24-20190709162100-snapshot.jpg
5,0,20190709,162130,58,5,1072,407,1121,452,Jul15_0/24-20190709162130-snapshot.jpg
5,0,20190709,162200,78,5,545,422,590,474,Jul15_0/24-20190709162200-snapshot.jpg
5,0,20190709,162500,51,6,1297,561,1342,610,Jul15_0/24-20190709162500-snapshot.jpg
5,0,20190709,162530,73,5,1268,462,1315,528,Jul15_0/24-20190709162530-snapshot.jpg
5,0,20190709,162600,80,5,1198,383,1255,419,Jul15_0/24-20190709162600-snapshot.jpg
5,0,20190709,162630,82,5,759,676,803,729,Jul15_0/24-20190709162630-snapshot.jpg
5,0,20190709,162730,64,6,717,936,777,976,Jul15_0/24-20190709162730-snapshot.jpg
5,0,20190709,162800,30,6,744,906,790,970,Jul15_0/24-20190709162800-snapshot.jpg
5,0,20190709,162800,35,5,744,906,790,970,Jul15_0/24-20190709162800-snapshot.jpg
5,0,20190709,162800,45,6,979,551,1048,602,Jul15_0/24-20190709162800-snapshot.jpg
5,0,20190709,163400,29,5,1006,339,1051,390,Jul15_0/24-20190709163400-snapshot.jpg
5,0,20190709,165400,60,6,975,553,1045,604,Jul15_0/24-20190709165400-snapshot.jpg
5,0,20190709,165430,72,6,659,762,709,808,Jul15_0/24-20190709165430-snapshot.jpg
5,0,20190709,165500,78,6,781,859,828,926,Jul15_0/24-20190709165500-snapshot.jpg
5,0,20190709,165600,84,6,910,350,986,407,Jul15_0/24-20190709165600-snapshot.jpg
5,0,20190709,165700,79,6,1280,334,1351,385,Jul15_0/24-20190709165700-snapshot.jpg
5,0,20190709,165730,67,6,1292,558,1339,612,Jul15_0/24-20190709165730-snapshot.jpg
5,0,20190709,165800,87,6,898,443,968,510,Jul15_0/24-20190709165800-snapshot.jpg
5,0,20190709,165900,83,6,840,735,896,793,Jul15_0/24-20190709165900-snapshot.jpg
5,0,20190709,165930,61,6,1118,752,1168,799,Jul15_0/24-20190709165930-snapshot.jpg
5,0,20190709,170200,65,6,1001,79,1059,137,Jul15_0/24-20190709170200-snapshot.jpg
5,0,20190709,170230,82,6,1237,316,1314,381,Jul15_0/24-20190709170230-snapshot.jpg
5,0,20190709,170500,80,5,1089,686,1126,734,Jul15_0/24-20190709170500-snapshot.jpg
5,0,20190709,170830,46,1,1406,759,1443,794,Jul15_0/24-20190709170830-snapshot.jpg
5,0,20190709,175000,42,1,680,860,726,910,Jul15_0/24-20190709175000-snapshot.jpg
5,0,20190709,175030,29,1,680,859,726,910,Jul15_0/24-20190709175030-snapshot.jpg
5,0,20190709,175100,46,1,679,859,725,910,Jul15_0/24-20190709175100-snapshot.jpg
5,0,20190709,175200,27,1,679,861,724,910,Jul15_0/24-20190709175200-snapshot.jpg
5,0,20190709,175230,35,1,679,860,724,910,Jul15_0/24-20190709175230-snapshot.jpg
5,0,20190709,175600,41,1,679,860,724,910,Jul15_0/24-20190709175600-snapshot.jpg
5,0,20190709,175630,30,1,680,859,724,908,Jul15_0/24-20190709175630-snapshot.jpg
5,0,20190709,175800,43,1,680,860,724,908,Jul15_0/24-20190709175800-snapshot.jpg
5,0,20190709,175830,36,1,680,861,723,908,Jul15_0/24-20190709175830-snapshot.jpg
5,0,20190709,180130,43,1,681,861,724,907,Jul15_0/24-20190709180130-snapshot.jpg
5,0,20190709,180300,45,1,680,862,723,906,Jul15_0/24-20190709180300-snapshot.jpg
5,0,20190709,180330,33,1,679,862,722,906,Jul15_0/24-20190709180330-snapshot.jpg
5,0,20190709,180400,54,1,680,861,723,906,Jul15_0/24-20190709180400-snapshot.jpg
5,0,20190709,180430,52,1,677,861,722,907,Jul15_0/24-20190709180430-snapshot.jpg
5,0,20190709,180500,72,1,678,860,722,906,Jul15_0/24-20190709180500-snapshot.jpg
5,0,20190709,180730,54,5,531,426,575,473,Jul15_0/24-20190709180730-snapshot.jpg
5,0,20190709,180830,35,5,1318,360,1370,402,Jul15_0/24-20190709180830-snapshot.jpg
5,0,20190709,182500,66,6,733,687,797,741,Jul15_0/24-20190709182500-snapshot.jpg
5,0,20190709,182630,30,6,1061,90,1135,143,Jul15_0/24-20190709182630-snapshot.jpg
5,0,20190709,182700,74,6,912,819,988,878,Jul15_0/24-20190709182700-snapshot.jpg
5,0,20190709,182900,77,6,1033,138,1110,186,Jul15_0/24-20190709182900-snapshot.jpg
5,0,20190709,183000,78,6,1121,782,1197,835,Jul15_0/24-20190709183000-snapshot.jpg
5,0,20190709,183130,84,6,941,301,1027,362,Jul15_0/24-20190709183130-snapshot.jpg
5,0,20190709,183900,76,6,1252,724,1306,781,Jul15_0/24-20190709183900-snapshot.jpg
5,0,20190709,183930,83,6,1073,611,1145,663,Jul15_0/24-20190709183930-snapshot.jpg
5,0,20190709,184000,73,6,1160,571,1217,634,Jul15_0/24-20190709184000-snapshot.jpg
5,0,20190709,184130,34,6,1155,363,1203,417,Jul15_0/24-20190709184130-snapshot.jpg
5,0,20190709,184200,81,6,1188,563,1238,625,Jul15_0/24-20190709184200-snapshot.jpg
5,0,20190709,184500,31,6,1469,666,1512,712,Jul15_0/24-20190709184500-snapshot.jpg
5,0,20190709,184730,59,6,943,164,1023,225,Jul15_0/24-20190709184730-snapshot.jpg
5,0,20190709,184800,76,6,1065,125,1116,189,Jul15_0/24-20190709184800-snapshot.jpg
5,0,20190709,184830,81,6,1090,414,1145,481,Jul15_0/24-20190709184830-snapshot.jpg
5,0,20190709,184900,82,6,976,327,1041,390,Jul15_0/24-20190709184900-snapshot.jpg
5,0,20190709,184930,45,5,1359,264,1402,309,Jul15_0/24-20190709184930-snapshot.jpg
5,0,20190709,185000,27,5,1258,363,1304,401,Jul15_0/24-20190709185000-snapshot.jpg
5,0,20190709,185000,65,6,694,977,757,1018,Jul15_0/24-20190709185000-snapshot.jpg
5,0,20190709,185030,79,6,635,960,706,1008,Jul15_0/24-20190709185030-snapshot.jpg
5,0,20190709,190000,72,6,1603,840,1660,909,Jul15_0/24-20190709190000-snapshot.jpg
5,0,20190709,190030,35,6,732,988,801,1044,Jul15_0/24-20190709190030-snapshot.jpg
5,0,20190709,190630,25,5,1112,660,1149,698,Jul15_0/24-20190709190630-snapshot.jpg
5,0,20190709,191800,26,5,1393,349,1438,406,Jul15_0/24-20190709191800-snapshot.jpg
5,0,20190709,191830,68,5,713,67,768,128,Jul15_0/24-20190709191830-snapshot.jpg
5,0,20190709,191900,56,5,373,422,420,456,Jul15_0/24-20190709191900-snapshot.jpg
5,0,20190709,192200,60,6,635,924,681,984,Jul15_0/24-20190709192200-snapshot.jpg
5,0,20190709,192400,75,6,1102,601,1152,656,Jul15_0/24-20190709192400-snapshot.jpg
5,0,20190709,192530,60,6,1224,494,1284,541,Jul15_0/24-20190709192530-snapshot.jpg
5,0,20190709,192600,32,6,1283,449,1342,495,Jul15_0/24-20190709192600-snapshot.jpg
5,0,20190709,193700,46,5,709,563,748,612,Jul15_0/24-20190709193700-snapshot.jpg
5,0,20190709,194200,64,6,1195,370,1265,419,Jul15_0/24-20190709194200-snapshot.jpg
5,0,20190709,194430,48,6,1031,203,1112,257,Jul15_0/24-20190709194430-snapshot.jpg
5,0,20190709,195500,67,6,1186,381,1231,434,Jul15_0/24-20190709195500-snapshot.jpg
5,0,20190709,203130,81,5,1338,282,1385,338,Jul15_0/26-20190709203130-snapshot.jpg
5,0,20190709,203200,47,5,1376,358,1422,416,Jul15_0/26-20190709203200-snapshot.jpg
5,0,20190709,203230,79,5,1350,475,1403,542,Jul15_0/26-20190709203230-snapshot.jpg
5,0,20190709,203300,62,5,1299,513,1347,570,Jul15_0/26-20190709203300-snapshot.jpg
5,0,20190709,203330,72,5,1299,511,1348,568,Jul15_0/26-20190709203330-snapshot.jpg
5,0,20190709,203400,75,5,1300,510,1348,568,Jul15_0/26-20190709203400-snapshot.jpg
5,0,20190709,203600,64,6,1287,514,1337,559,Jul15_0/26-20190709203600-snapshot.jpg
5,0,20190709,203630,42,6,1286,513,1340,553,Jul15_0/26-20190709203630-snapshot.jpg
5,0,20190709,203700,64,6,1285,513,1343,554,Jul15_0/26-20190709203700-snapshot.jpg
5,0,20190709,203830,49,6,1542,785,1588,851,Jul15_0/26-20190709203830-snapshot.jpg
5,0,20190709,203930,29,6,1540,786,1587,848,Jul15_0/26-20190709203930-snapshot.jpg
5,0,20190709,204630,84,6,1171,616,1241,680,Jul15_0/26-20190709204630-snapshot.jpg
5,0,20190710,082330,30,1,655,850,708,902,Jul15_0/29-20190710082330-snapshot.jpg
5,0,20190710,083900,73,6,1066,84,1131,146,Jul15_0/29-20190710083900-snapshot.jpg
5,0,20190710,083930,38,6,1071,86,1121,143,Jul15_0/29-20190710083930-snapshot.jpg
5,0,20190710,084000,78,6,1185,296,1243,360,Jul15_0/29-20190710084000-snapshot.jpg
5,0,20190710,085500,64,6,573,523,637,560,Jul15_0/29-20190710085500-snapshot.jpg
5,0,20190710,092300,81,6,1559,873,1635,923,Jul15_0/29-20190710092300-snapshot.jpg
5,0,20190710,092330,81,6,1561,871,1638,920,Jul15_0/29-20190710092330-snapshot.jpg
5,0,20190710,092400,81,6,1559,872,1635,921,Jul15_0/29-20190710092400-snapshot.jpg
5,0,20190710,092430,71,6,1565,874,1637,916,Jul15_0/29-20190710092430-snapshot.jpg
5,0,20190710,092500,66,6,1564,873,1635,915,Jul15_0/29-20190710092500-snapshot.jpg
5,0,20190710,092530,71,6,1563,872,1635,916,Jul15_0/29-20190710092530-snapshot.jpg
5,0,20190710,092600,75,6,1560,872,1634,916,Jul15_0/29-20190710092600-snapshot.jpg
5,0,20190710,092630,74,6,1561,871,1635,915,Jul15_0/29-20190710092630-snapshot.jpg
5,0,20190710,092700,64,6,1564,871,1635,914,Jul15_0/29-20190710092700-snapshot.jpg
5,0,20190710,092730,71,6,1564,871,1637,915,Jul15_0/29-20190710092730-snapshot.jpg
5,0,20190710,092800,68,6,1564,870,1635,915,Jul15_0/29-20190710092800-snapshot.jpg
5,0,20190710,092830,68,6,1565,870,1636,914,Jul15_0/29-20190710092830-snapshot.jpg
5,0,20190710,092900,75,6,1562,874,1635,918,Jul15_0/29-20190710092900-snapshot.jpg
5,0,20190710,092930,73,6,1563,874,1637,918,Jul15_0/29-20190710092930-snapshot.jpg
5,0,20190710,093000,71,6,1563,873,1637,916,Jul15_0/29-20190710093000-snapshot.jpg
5,0,20190710,093030,73,6,1563,872,1635,918,Jul15_0/29-20190710093030-snapshot.jpg
5,0,20190710,093100,67,6,1562,873,1635,917,Jul15_0/29-20190710093100-snapshot.jpg
5,0,20190710,093130,55,6,1564,873,1635,917,Jul15_0/29-20190710093130-snapshot.jpg
5,0,20190710,093200,66,6,1565,871,1637,916,Jul15_0/29-20190710093200-snapshot.jpg
5,0,20190710,093230,72,6,1563,873,1637,917,Jul15_0/29-20190710093230-snapshot.jpg
5,0,20190710,093300,76,6,1565,874,1638,917,Jul15_0/29-20190710093300-snapshot.jpg
5,0,20190710,093330,75,6,1565,875,1637,918,Jul15_0/29-20190710093330-snapshot.jpg
5,0,20190710,093400,71,6,1563,871,1638,917,Jul15_0/29-20190710093400-snapshot.jpg
5,0,20190710,093430,72,6,1562,870,1637,916,Jul15_0/29-20190710093430-snapshot.jpg
5,0,20190710,093500,77,6,1563,870,1638,915,Jul15_0/29-20190710093500-snapshot.jpg
5,0,20190710,093530,68,6,1566,872,1636,916,Jul15_0/29-20190710093530-snapshot.jpg
5,0,20190710,093600,70,6,1567,870,1641,914,Jul15_0/29-20190710093600-snapshot.jpg
5,0,20190710,093630,72,6,1563,871,1636,917,Jul15_0/29-20190710093630-snapshot.jpg
5,0,20190710,093700,54,6,1563,873,1635,916,Jul15_0/29-20190710093700-snapshot.jpg
5,0,20190710,093730,63,6,1568,872,1641,915,Jul15_0/29-20190710093730-snapshot.jpg
5,0,20190710,093800,57,6,1566,872,1638,916,Jul15_0/29-20190710093800-snapshot.jpg
5,0,20190710,093830,66,6,1567,871,1640,915,Jul15_0/29-20190710093830-snapshot.jpg
5,0,20190710,093900,63,6,1566,871,1639,915,Jul15_0/29-20190710093900-snapshot.jpg
5,0,20190710,093930,72,6,1564,869,1637,914,Jul15_0/29-20190710093930-snapshot.jpg
5,0,20190710,094000,77,6,1570,868,1646,916,Jul15_0/29-20190710094000-snapshot.jpg
5,0,20190710,094030,74,6,1559,872,1637,917,Jul15_0/29-20190710094030-snapshot.jpg
5,0,20190710,094100,76,6,1569,869,1644,915,Jul15_0/29-20190710094100-snapshot.jpg
5,0,20190710,094130,76,6,1568,869,1643,915,Jul15_0/29-20190710094130-snapshot.jpg
5,0,20190710,094200,77,6,1568,868,1644,914,Jul15_0/29-20190710094200-snapshot.jpg
5,0,20190710,094230,73,6,1569,870,1646,917,Jul15_0/29-20190710094230-snapshot.jpg
5,0,20190710,094300,77,6,1568,869,1645,915,Jul15_0/29-20190710094300-snapshot.jpg
5,0,20190710,094330,76,6,1571,869,1646,916,Jul15_0/29-20190710094330-snapshot.jpg
5,0,20190710,094400,75,6,1571,871,1646,916,Jul15_0/29-20190710094400-snapshot.jpg
5,0,20190710,094430,56,6,1342,376,1396,424,Jul15_0/29-20190710094430-snapshot.jpg
5,0,20190710,094430,78,6,1569,870,1646,916,Jul15_0/29-20190710094430-snapshot.jpg
5,0,20190710,094500,75,6,1569,868,1645,916,Jul15_0/29-20190710094500-snapshot.jpg
5,0,20190710,094530,70,6,1564,870,1637,915,Jul15_0/29-20190710094530-snapshot.jpg
5,0,20190710,094600,72,6,1562,870,1636,916,Jul15_0/29-20190710094600-snapshot.jpg
5,0,20190710,094630,74,6,1563,870,1637,915,Jul15_0/29-20190710094630-snapshot.jpg
5,0,20190710,094700,72,6,1563,869,1637,915,Jul15_0/29-20190710094700-snapshot.jpg
5,0,20190710,094730,73,6,1564,869,1637,915,Jul15_0/29-20190710094730-snapshot.jpg
5,0,20190710,094800,73,6,1561,870,1634,916,Jul15_0/29-20190710094800-snapshot.jpg
5,0,20190710,094830,75,6,1562,869,1636,915,Jul15_0/29-20190710094830-snapshot.jpg
5,0,20190710,094900,76,6,1564,869,1639,914,Jul15_0/29-20190710094900-snapshot.jpg
5,0,20190710,094930,77,6,1562,870,1636,915,Jul15_0/29-20190710094930-snapshot.jpg
5,0,20190710,095000,77,6,1562,869,1637,914,Jul15_0/29-20190710095000-snapshot.jpg
5,0,20190710,095030,71,6,1566,871,1640,914,Jul15_0/29-20190710095030-snapshot.jpg
5,0,20190710,095100,72,6,1566,871,1641,915,Jul15_0/29-20190710095100-snapshot.jpg
5,0,20190710,095130,75,6,1565,869,1640,916,Jul15_0/29-20190710095130-snapshot.jpg
5,0,20190710,095200,64,6,1564,871,1636,915,Jul15_0/29-20190710095200-snapshot.jpg
5,0,20190710,095230,68,6,1567,871,1638,916,Jul15_0/29-20190710095230-snapshot.jpg
5,0,20190710,095300,74,6,1557,875,1629,918,Jul15_0/29-20190710095300-snapshot.jpg
5,0,20190710,095330,67,6,1565,871,1636,916,Jul15_0/29-20190710095330-snapshot.jpg
5,0,20190710,095400,71,6,1546,880,1623,927,Jul15_0/29-20190710095400-snapshot.jpg
5,0,20190710,095430,68,6,1565,871,1637,916,Jul15_0/29-20190710095430-snapshot.jpg
5,0,20190710,095500,59,6,1564,870,1636,915,Jul15_0/29-20190710095500-snapshot.jpg
5,0,20190710,095530,70,6,1563,869,1636,915,Jul15_0/29-20190710095530-snapshot.jpg
5,0,20190710,095600,65,6,1563,871,1635,917,Jul15_0/29-20190710095600-snapshot.jpg
5,0,20190710,095630,73,6,1562,871,1637,917,Jul15_0/29-20190710095630-snapshot.jpg
5,0,20190710,095700,72,6,1563,869,1637,915,Jul15_0/29-20190710095700-snapshot.jpg
5,0,20190710,095800,72,6,1560,873,1635,918,Jul15_0/29-20190710095800-snapshot.jpg
5,0,20190710,095830,36,6,1565,874,1637,918,Jul15_0/29-20190710095830-snapshot.jpg
5,0,20190710,103700,38,6,1544,823,1602,874,Jul15_0/29-20190710103700-snapshot.jpg
5,0,20190710,104600,80,6,520,518,583,583,Jul15_0/29-20190710104600-snapshot.jpg
5,0,20190710,104630,86,1,111,315,157,351,Jul15_0/29-20190710104630-snapshot.jpg
5,0,20190710,105730,84,6,907,836,990,910,Jul15_0/29-20190710105730-snapshot.jpg
5,0,20190710,105800,84,6,936,381,1023,437,Jul15_0/29-20190710105800-snapshot.jpg
5,0,20190710,105830,83,6,973,389,1056,445,Jul15_0/29-20190710105830-snapshot.jpg
5,0,20190710,110530,69,6,1030,35,1097,98,Jul15_0/29-20190710110530-snapshot.jpg
5,0,20190710,110600,82,6,1149,517,1216,579,Jul15_0/29-20190710110600-snapshot.jpg
5,0,20190710,110630,44,2,1101,411,1158,481,Jul15_0/29-20190710110630-snapshot.jpg
5,0,20190710,110700,80,6,759,926,838,996,Jul15_0/29-20190710110700-snapshot.jpg
5,0,20190710,110900,25,5,1707,866,1764,933,Jul15_0/29-20190710110900-snapshot.jpg
5,0,20190710,110900,71,5,981,522,1030,567,Jul15_0/29-20190710110900-snapshot.jpg
5,0,20190710,111000,83,2,1448,857,1528,925,Jul15_0/29-20190710111000-snapshot.jpg
5,0,20190710,111030,83,6,1075,817,1147,870,Jul15_0/29-20190710111030-snapshot.jpg
5,0,20190710,111100,76,6,1258,474,1312,545,Jul15_0/29-20190710111100-snapshot.jpg
5,0,20190710,112730,81,6,1064,171,1141,233,Jul15_0/29-20190710112730-snapshot.jpg
5,0,20190710,112800,83,6,1070,184,1144,235,Jul15_0/29-20190710112800-snapshot.jpg
5,0,20190710,112900,77,6,1283,256,1344,305,Jul15_0/29-20190710112900-snapshot.jpg
5,0,20190710,113030,31,6,880,507,927,570,Jul15_0/29-20190710113030-snapshot.jpg
5,0,20190710,113100,77,6,922,419,971,485,Jul15_0/29-20190710113100-snapshot.jpg
5,0,20190710,113200,83,6,1004,858,1080,928,Jul15_0/29-20190710113200-snapshot.jpg
5,0,20190710,113300,76,6,989,130,1063,183,Jul15_0/29-20190710113300-snapshot.jpg
5,0,20190710,113400,70,6,118,126,188,180,Jul15_0/29-20190710113400-snapshot.jpg
5,0,20190710,113530,69,5,985,607,1031,671,Jul15_0/29-20190710113530-snapshot.jpg
5,0,20190710,113730,80,5,705,563,748,605,Jul15_0/29-20190710113730-snapshot.jpg
5,0,20190710,113830,82,5,926,390,979,446,Jul15_0/29-20190710113830-snapshot.jpg
5,0,20190710,114000,36,5,1623,655,1679,688,Jul15_0/29-20190710114000-snapshot.jpg
5,0,20190710,114000,54,5,616,859,660,910,Jul15_0/29-20190710114000-snapshot.jpg
5,0,20190710,114130,40,6,1295,396,1341,458,Jul15_0/29-20190710114130-snapshot.jpg
5,0,20190710,114230,73,5,713,558,750,602,Jul15_0/29-20190710114230-snapshot.jpg
5,0,20190710,114300,77,5,953,311,1009,353,Jul15_0/29-20190710114300-snapshot.jpg
5,0,20190710,114300,81,5,837,668,886,724,Jul15_0/29-20190710114300-snapshot.jpg
5,0,20190710,114330,74,5,894,433,962,487,Jul15_0/29-20190710114330-snapshot.jpg
5,0,20190710,114400,46,6,312,596,365,648,Jul15_0/29-20190710114400-snapshot.jpg
5,0,20190710,114400,78,5,1169,605,1221,659,Jul15_0/29-20190710114400-snapshot.jpg
5,0,20190710,114500,44,5,1066,219,1121,255,Jul15_0/29-20190710114500-snapshot.jpg
5,0,20190710,114600,81,5,937,335,987,388,Jul15_0/29-20190710114600-snapshot.jpg
5,0,20190710,114700,78,6,1069,642,1118,701,Jul15_0/29-20190710114700-snapshot.jpg
5,0,20190710,115130,78,5,690,549,733,591,Jul15_0/29-20190710115130-snapshot.jpg
5,0,20190710,120430,33,6,669,935,718,988,Jul15_0/29-20190710120430-snapshot.jpg
5,0,20190710,120430,76,6,1257,572,1305,628,Jul15_0/29-20190710120430-snapshot.jpg
5,0,20190710,120500,66,6,1024,231,1087,287,Jul15_0/29-20190710120500-snapshot.jpg
5,0,20190710,120700,85,6,1042,483,1111,536,Jul15_0/29-20190710120700-snapshot.jpg
5,0,20190710,120800,66,6,696,960,766,1002,Jul15_0/29-20190710120800-snapshot.jpg
5,0,20190710,120800,79,6,1166,632,1238,682,Jul15_0/29-20190710120800-snapshot.jpg
5,0,20190710,120900,26,5,985,606,1036,675,Jul15_0/29-20190710120900-snapshot.jpg
5,0,20190710,121030,75,6,1429,809,1504,863,Jul15_0/29-20190710121030-snapshot.jpg
5,0,20190710,121230,81,6,790,853,839,920,Jul15_0/29-20190710121230-snapshot.jpg
5,0,20190710,121330,48,6,1096,360,1160,415,Jul15_0/29-20190710121330-snapshot.jpg
5,0,20190710,121430,39,6,133,124,200,176,Jul15_0/29-20190710121430-snapshot.jpg
5,0,20190710,121830,48,6,992,369,1038,424,Jul15_0/29-20190710121830-snapshot.jpg
5,0,20190710,122230,83,6,687,961,767,1018,Jul15_0/29-20190710122230-snapshot.jpg
5,0,20190710,122400,77,5,1058,461,1114,516,Jul15_0/29-20190710122400-snapshot.jpg
5,0,20190710,122430,43,5,903,345,960,415,Jul15_0/29-20190710122430-snapshot.jpg
5,0,20190710,122430,59,6,903,346,960,414,Jul15_0/29-20190710122430-snapshot.jpg
5,0,20190710,122430,79,5,1068,222,1125,284,Jul15_0/29-20190710122430-snapshot.jpg
5,0,20190710,122900,73,6,899,304,973,355,Jul15_0/29-20190710122900-snapshot.jpg
5,0,20190710,123230,74,2,1018,270,1074,339,Jul15_0/29-20190710123230-snapshot.jpg
5,0,20190710,123330,75,6,1133,627,1217,694,Jul15_0/29-20190710123330-snapshot.jpg
5,0,20190710,123530,51,6,1430,897,1488,972,Jul15_0/29-20190710123530-snapshot.jpg
5,0,20190710,123800,38,6,1276,529,1326,582,Jul15_0/29-20190710123800-snapshot.jpg
5,0,20190710,124230,60,5,1070,593,1115,645,Jul15_0/29-20190710124230-snapshot.jpg
5,0,20190710,124400,31,5,883,524,936,585,Jul15_0/29-20190710124400-snapshot.jpg
5,0,20190710,124730,79,5,947,367,1022,416,Jul15_0/29-20190710124730-snapshot.jpg
5,0,20190710,124800,75,5,774,661,823,704,Jul15_0/29-20190710124800-snapshot.jpg
5,0,20190710,124830,84,5,1011,498,1061,560,Jul15_0/29-20190710124830-snapshot.jpg
5,0,20190710,124900,61,5,1121,753,1164,805,Jul15_0/29-20190710124900-snapshot.jpg
5,0,20190710,125230,61,5,1269,550,1314,603,Jul15_0/29-20190710125230-snapshot.jpg
5,0,20190710,125630,82,5,982,714,1026,774,Jul15_0/29-20190710125630-snapshot.jpg
5,0,20190710,130330,81,5,732,739,770,790,Jul15_0/29-20190710130330-snapshot.jpg
5,0,20190710,130700,49,6,537,507,590,565,Jul15_0/29-20190710130700-snapshot.jpg
5,0,20190710,131600,63,5,1202,398,1249,435,Jul15_0/29-20190710131600-snapshot.jpg
5,0,20190710,131630,29,5,633,644,680,701,Jul15_0/29-20190710131630-snapshot.jpg
5,0,20190710,131800,36,5,922,80,976,141,Jul15_0/29-20190710131800-snapshot.jpg
5,0,20190710,132100,77,5,889,557,947,619,Jul15_0/29-20190710132100-snapshot.jpg
5,0,20190710,132130,83,5,1085,756,1131,814,Jul15_0/29-20190710132130-snapshot.jpg
5,0,20190710,132200,50,5,1710,821,1758,859,Jul15_0/29-20190710132200-snapshot.jpg
5,0,20190710,132200,79,5,1093,592,1150,629,Jul15_0/29-20190710132200-snapshot.jpg
5,0,20190710,132230,30,6,1150,499,1193,547,Jul15_0/29-20190710132230-snapshot.jpg
5,0,20190710,132230,35,6,955,783,998,834,Jul15_0/29-20190710132230-snapshot.jpg
5,0,20190710,132230,37,5,1150,499,1192,548,Jul15_0/29-20190710132230-snapshot.jpg
5,0,20190710,132230,78,5,902,339,959,385,Jul15_0/29-20190710132230-snapshot.jpg
5,0,20190710,132300,63,5,1094,265,1146,321,Jul15_0/29-20190710132300-snapshot.jpg
5,0,20190710,132300,79,5,1192,504,1237,559,Jul15_0/29-20190710132300-snapshot.jpg
5,0,20190710,132330,79,5,881,368,933,416,Jul15_0/29-20190710132330-snapshot.jpg
5,0,20190710,132430,43,5,1189,260,1234,302,Jul15_0/29-20190710132430-snapshot.jpg
5,0,20190710,132500,54,5,945,165,997,205,Jul15_0/29-20190710132500-snapshot.jpg
5,0,20190710,132730,60,6,1281,521,1330,582,Jul15_0/29-20190710132730-snapshot.jpg
5,0,20190710,133100,83,5,1075,712,1116,763,Jul15_0/29-20190710133100-snapshot.jpg
5,0,20190710,133130,34,5,1111,815,1165,868,Jul15_0/29-20190710133130-snapshot.jpg
5,0,20190710,133200,83,5,1063,726,1110,769,Jul15_0/29-20190710133200-snapshot.jpg
5,0,20190710,133300,70,5,1228,372,1288,410,Jul15_0/29-20190710133300-snapshot.jpg
5,0,20190710,133430,67,5,823,513,885,561,Jul15_0/29-20190710133430-snapshot.jpg
5,0,20190710,133530,80,5,996,674,1038,723,Jul15_0/29-20190710133530-snapshot.jpg
5,0,20190710,133630,77,5,1008,380,1059,425,Jul15_0/29-20190710133630-snapshot.jpg
5,0,20190710,133700,83,5,975,341,1027,399,Jul15_0/29-20190710133700-snapshot.jpg
5,0,20190710,133730,56,6,1057,754,1110,806,Jul15_0/29-20190710133730-snapshot.jpg
5,0,20190710,133800,82,6,1068,691,1118,742,Jul15_0/29-20190710133800-snapshot.jpg
5,0,20190710,133830,60,6,1471,654,1543,702,Jul15_0/29-20190710133830-snapshot.jpg
5,0,20190710,133900,77,6,1267,472,1321,538,Jul15_0/29-20190710133900-snapshot.jpg
5,0,20190710,134200,54,6,554,872,616,937,Jul15_0/29-20190710134200-snapshot.jpg
5,0,20190710,134200,54,6,993,223,1046,283,Jul15_0/29-20190710134200-snapshot.jpg
5,0,20190710,134230,81,6,950,771,1000,842,Jul15_0/29-20190710134230-snapshot.jpg
5,0,20190710,134630,82,6,981,336,1048,405,Jul15_0/29-20190710134630-snapshot.jpg
5,0,20190710,134900,81,5,1055,541,1102,601,Jul15_0/29-20190710134900-snapshot.jpg
5,0,20190710,135100,82,5,1064,720,1108,768,Jul15_0/29-20190710135100-snapshot.jpg
5,0,20190710,135230,85,5,458,864,542,919,Jul15_0/29-20190710135230-snapshot.jpg
5,0,20190710,135500,69,5,1076,674,1122,709,Jul15_0/29-20190710135500-snapshot.jpg
5,0,20190710,135500,73,5,1651,606,1696,642,Jul15_0/29-20190710135500-snapshot.jpg
5,0,20190710,135530,80,5,953,574,1001,629,Jul15_0/29-20190710135530-snapshot.jpg
5,0,20190710,135600,82,5,1022,424,1079,484,Jul15_0/29-20190710135600-snapshot.jpg
5,0,20190710,135630,81,5,1001,498,1055,556,Jul15_0/29-20190710135630-snapshot.jpg
5,0,20190710,135700,74,5,994,223,1047,287,Jul15_0/29-20190710135700-snapshot.jpg
5,0,20190710,135730,84,6,1047,380,1103,449,Jul15_0/29-20190710135730-snapshot.jpg
5,0,20190710,135800,78,6,951,728,1006,787,Jul15_0/29-20190710135800-snapshot.jpg
5,0,20190710,135830,80,6,1291,206,1346,272,Jul15_0/29-20190710135830-snapshot.jpg
5,0,20190710,135900,83,6,896,321,978,381,Jul15_0/29-20190710135900-snapshot.jpg
5,0,20190710,135930,55,6,1200,283,1251,351,Jul15_0/29-20190710135930-snapshot.jpg
5,0,20190710,135930,78,5,690,543,738,587,Jul15_0/29-20190710135930-snapshot.jpg
5,0,20190710,135930,83,6,943,359,1023,414,Jul15_0/29-20190710135930-snapshot.jpg
5,0,20190710,140000,48,6,849,509,914,566,Jul15_0/29-20190710140000-snapshot.jpg
5,0,20190710,140030,79,6,741,818,789,884,Jul15_0/29-20190710140030-snapshot.jpg
5,0,20190710,140100,73,6,739,534,789,581,Jul15_0/29-20190710140100-snapshot.jpg
5,0,20190710,140100,83,6,1006,204,1087,274,Jul15_0/29-20190710140100-snapshot.jpg
5,0,20190710,140200,70,6,509,794,588,862,Jul15_0/29-20190710140200-snapshot.jpg
5,0,20190710,140200,80,6,820,822,893,889,Jul15_0/29-20190710140200-snapshot.jpg
5,0,20190710,140230,71,6,799,793,880,849,Jul15_0/29-20190710140230-snapshot.jpg
5,0,20190710,140230,87,6,906,469,988,528,Jul15_0/29-20190710140230-snapshot.jpg
5,0,20190710,140300,28,6,695,568,748,616,Jul15_0/29-20190710140300-snapshot.jpg
5,0,20190710,140330,65,5,953,317,1007,354,Jul15_0/29-20190710140330-snapshot.jpg
5,0,20190710,140400,85,8,458,535,539,605,Jul15_0/29-20190710140400-snapshot.jpg
5,0,20190710,140530,80,6,963,826,1014,889,Jul15_0/29-20190710140530-snapshot.jpg
5,0,20190710,140730,74,5,1221,365,1274,404,Jul15_0/29-20190710140730-snapshot.jpg
5,0,20190710,140830,45,5,1234,371,1286,408,Jul15_0/29-20190710140830-snapshot.jpg
5,0,20190710,140900,78,5,1061,664,1100,711,Jul15_0/29-20190710140900-snapshot.jpg
5,0,20190710,140930,33,5,918,741,963,792,Jul15_0/29-20190710140930-snapshot.jpg
5,0,20190710,140930,75,5,1590,672,1640,715,Jul15_0/29-20190710140930-snapshot.jpg
5,0,20190710,141000,49,5,918,741,963,791,Jul15_0/29-20190710141000-snapshot.jpg
5,0,20190710,141030,52,5,1720,618,1762,657,Jul15_0/29-20190710141030-snapshot.jpg
5,0,20190710,141100,70,6,983,817,1049,865,Jul15_0/29-20190710141100-snapshot.jpg
5,0,20190710,141200,66,5,942,300,998,345,Jul15_0/29-20190710141200-snapshot.jpg
5,0,20190710,141700,27,6,734,889,776,939,Jul15_0/29-20190710141700-snapshot.jpg
5,0,20190710,141930,81,5,525,403,573,462,Jul15_0/29-20190710141930-snapshot.jpg
5,0,20190710,142500,69,6,1293,391,1341,457,Jul15_0/29-20190710142500-snapshot.jpg
5,0,20190710,142700,59,6,949,130,1014,187,Jul15_0/29-20190710142700-snapshot.jpg
5,0,20190710,142830,84,6,980,323,1048,389,Jul15_0/29-20190710142830-snapshot.jpg
5,0,20190710,142900,79,6,930,636,999,687,Jul15_0/29-20190710142900-snapshot.jpg
5,0,20190710,142930,78,6,970,836,1024,894,Jul15_0/29-20190710142930-snapshot.jpg
5,0,20190710,143200,80,5,872,743,923,790,Jul15_0/29-20190710143200-snapshot.jpg
5,0,20190710,143300,79,5,1207,275,1258,334,Jul15_0/29-20190710143300-snapshot.jpg
5,0,20190710,143400,69,5,1469,697,1534,735,Jul15_0/29-20190710143400-snapshot.jpg
5,0,20190710,143530,34,6,395,426,458,475,Jul15_0/29-20190710143530-snapshot.jpg
5,0,20190710,143700,59,5,552,716,598,776,Jul15_0/29-20190710143700-snapshot.jpg
5,0,20190710,143730,54,5,1196,553,1239,597,Jul15_0/29-20190710143730-snapshot.jpg
5,0,20190710,143830,69,5,1248,351,1288,401,Jul15_0/29-20190710143830-snapshot.jpg
5,0,20190710,143930,72,6,294,586,340,636,Jul15_0/29-20190710143930-snapshot.jpg
5,0,20190710,144000,80,5,586,869,630,924,Jul15_0/29-20190710144000-snapshot.jpg
5,0,20190710,144100,65,5,1078,632,1123,676,Jul15_0/29-20190710144100-snapshot.jpg
5,0,20190710,144130,73,5,1014,434,1062,473,Jul15_0/29-20190710144130-snapshot.jpg
5,0,20190710,144200,75,5,1208,391,1251,435,Jul15_0/29-20190710144200-snapshot.jpg
5,0,20190710,144430,76,5,1623,855,1694,920,Jul15_0/29-20190710144430-snapshot.jpg
5,0,20190710,144730,82,5,933,613,988,674,Jul15_0/29-20190710144730-snapshot.jpg
5,0,20190710,144800,77,5,819,312,877,366,Jul15_0/29-20190710144800-snapshot.jpg
5,0,20190710,144900,80,6,1262,513,1318,572,Jul15_0/29-20190710144900-snapshot.jpg
5,0,20190710,145100,32,6,1017,711,1059,766,Jul15_0/29-20190710145100-snapshot.jpg
5,0,20190710,145130,82,2,758,792,837,846,Jul15_0/29-20190710145130-snapshot.jpg
5,0,20190710,145230,75,5,1697,818,1751,866,Jul15_0/29-20190710145230-snapshot.jpg
5,0,20190710,145300,57,5,918,740,964,793,Jul15_0/29-20190710145300-snapshot.jpg
5,0,20190710,145300,74,5,1283,544,1330,596,Jul15_0/29-20190710145300-snapshot.jpg
5,0,20190710,145330,78,2,1274,438,1328,526,Jul15_0/29-20190710145330-snapshot.jpg
5,0,20190710,145330,83,5,985,636,1040,699,Jul15_0/29-20190710145330-snapshot.jpg
5,0,20190710,145400,53,5,1001,832,1052,879,Jul15_0/29-20190710145400-snapshot.jpg
5,0,20190710,145430,67,6,1602,884,1675,932,Jul15_0/29-20190710145430-snapshot.jpg
5,0,20190710,145430,84,5,945,567,993,627,Jul15_0/29-20190710145430-snapshot.jpg
5,0,20190710,145500,65,6,1260,476,1308,540,Jul15_0/29-20190710145500-snapshot.jpg
5,0,20190710,145500,74,5,911,307,981,352,Jul15_0/29-20190710145500-snapshot.jpg
5,0,20190710,145530,80,5,863,359,914,415,Jul15_0/29-20190710145530-snapshot.jpg
5,0,20190710,145530,83,5,1033,401,1110,452,Jul15_0/29-20190710145530-snapshot.jpg
5,0,20190710,145630,73,5,871,494,920,554,Jul15_0/29-20190710145630-snapshot.jpg
5,0,20190710,145830,74,6,298,588,358,638,Jul15_0/29-20190710145830-snapshot.jpg
5,0,20190710,145900,26,5,1324,244,1370,287,Jul15_0/29-20190710145900-snapshot.jpg
5,0,20190710,145900,79,5,1088,727,1136,788,Jul15_0/29-20190710145900-snapshot.jpg
5,0,20190710,145930,44,6,1306,541,1369,591,Jul15_0/29-20190710145930-snapshot.jpg
5,0,20190710,150130,47,5,892,423,948,482,Jul15_0/29-20190710150130-snapshot.jpg
5,0,20190710,150230,60,5,1590,618,1631,660,Jul15_0/29-20190710150230-snapshot.jpg
5,0,20190710,150530,54,5,1143,394,1202,440,Jul15_0/29-20190710150530-snapshot.jpg
5,0,20190710,150530,54,6,1144,394,1203,440,Jul15_0/29-20190710150530-snapshot.jpg
5,0,20190710,151100,65,5,1195,288,1248,346,Jul15_0/29-20190710151100-snapshot.jpg
5,0,20190710,151130,62,5,1087,415,1144,471,Jul15_0/29-20190710151130-snapshot.jpg
5,0,20190710,151200,70,6,1284,534,1332,594,Jul15_0/29-20190710151200-snapshot.jpg
5,0,20190710,152000,58,2,935,825,1001,887,Jul15_0/29-20190710152000-snapshot.jpg
5,0,20190710,152000,80,5,1297,502,1351,565,Jul15_0/29-20190710152000-snapshot.jpg
5,0,20190710,152030,83,6,877,536,949,605,Jul15_0/29-20190710152030-snapshot.jpg
5,0,20190710,152100,66,6,508,860,586,906,Jul15_0/29-20190710152100-snapshot.jpg
5,0,20190710,152130,79,6,699,840,748,910,Jul15_0/29-20190710152130-snapshot.jpg
5,0,20190710,152200,88,1,489,845,532,883,Jul15_0/29-20190710152200-snapshot.jpg
5,0,20190710,152400,83,6,974,294,1055,355,Jul15_0/29-20190710152400-snapshot.jpg
5,0,20190710,152430,80,6,935,387,1017,443,Jul15_0/29-20190710152430-snapshot.jpg
5,0,20190710,152930,31,5,1043,666,1087,710,Jul15_0/29-20190710152930-snapshot.jpg
5,0,20190710,153230,81,5,1208,375,1259,412,Jul15_0/29-20190710153230-snapshot.jpg
5,0,20190710,153430,30,6,371,453,434,503,Jul15_0/29-20190710153430-snapshot.jpg
5,0,20190710,153600,27,5,905,566,955,629,Jul15_0/29-20190710153600-snapshot.jpg
5,0,20190710,153730,81,5,1215,376,1265,421,Jul15_0/29-20190710153730-snapshot.jpg
5,0,20190710,153830,81,2,696,926,775,1001,Jul15_0/29-20190710153830-snapshot.jpg
5,0,20190710,154030,83,1,1020,681,1062,716,Jul15_0/29-20190710154030-snapshot.jpg
5,0,20190710,154430,66,6,590,952,659,1007,Jul15_0/29-20190710154430-snapshot.jpg
5,0,20190710,154800,75,5,633,698,691,748,Jul15_0/29-20190710154800-snapshot.jpg
5,0,20190710,155200,66,6,714,694,768,751,Jul15_0/29-20190710155200-snapshot.jpg
5,0,20190710,155230,40,6,1064,826,1127,879,Jul15_0/29-20190710155230-snapshot.jpg
5,0,20190710,155330,70,6,1213,307,1291,364,Jul15_0/29-20190710155330-snapshot.jpg
5,0,20190710,155430,70,5,1684,685,1725,740,Jul15_0/29-20190710155430-snapshot.jpg
5,0,20190710,155430,82,5,675,763,723,817,Jul15_0/29-20190710155430-snapshot.jpg
5,0,20190710,155900,30,5,975,384,1027,435,Jul15_0/29-20190710155900-snapshot.jpg
5,0,20190710,160000,75,5,744,634,797,684,Jul15_0/29-20190710160000-snapshot.jpg
5,0,20190710,160100,56,6,933,175,996,238,Jul15_0/29-20190710160100-snapshot.jpg
5,0,20190710,160430,77,5,584,629,637,686,Jul15_0/29-20190710160430-snapshot.jpg
5,0,20190710,160600,44,5,972,381,1024,433,Jul15_0/29-20190710160600-snapshot.jpg
5,0,20190710,160700,73,5,972,382,1026,435,Jul15_0/29-20190710160700-snapshot.jpg
5,0,20190710,160730,70,5,972,378,1026,433,Jul15_0/29-20190710160730-snapshot.jpg
5,0,20190710,160830,49,5,973,378,1025,433,Jul15_0/29-20190710160830-snapshot.jpg
5,0,20190710,160930,28,5,972,378,1025,434,Jul15_0/29-20190710160930-snapshot.jpg
5,0,20190710,161030,50,5,972,381,1024,434,Jul15_0/29-20190710161030-snapshot.jpg
5,0,20190710,161100,34,5,973,378,1025,433,Jul15_0/29-20190710161100-snapshot.jpg
5,0,20190710,161300,82,5,876,449,951,511,Jul15_0/29-20190710161300-snapshot.jpg
5,0,20190710,161330,63,5,1014,493,1061,543,Jul15_0/29-20190710161330-snapshot.jpg
5,0,20190710,161530,81,5,1264,486,1314,540,Jul15_0/29-20190710161530-snapshot.jpg
5,0,20190710,161600,79,2,1463,827,1547,889,Jul15_0/29-20190710161600-snapshot.jpg
5,0,20190710,162400,79,2,626,670,679,742,Jul15_0/29-20190710162400-snapshot.jpg
5,0,20190710,163500,82,5,1195,431,1249,491,Jul15_0/29-20190710163500-snapshot.jpg
5,0,20190710,163530,76,5,725,536,773,575,Jul15_0/29-20190710163530-snapshot.jpg
5,0,20190710,163830,82,5,892,469,964,520,Jul15_0/29-20190710163830-snapshot.jpg
5,0,20190710,164230,56,5,642,717,688,762,Jul15_0/29-20190710164230-snapshot.jpg
5,0,20190710,164400,87,1,1095,910,1140,948,Jul15_0/29-20190710164400-snapshot.jpg
5,0,20190710,164500,86,1,69,656,114,691,Jul15_0/29-20190710164500-snapshot.jpg
5,0,20190710,164800,66,1,1064,432,1105,466,Jul15_0/29-20190710164800-snapshot.jpg
5,0,20190710,165130,80,6,1463,768,1534,813,Jul15_0/29-20190710165130-snapshot.jpg
5,0,20190710,165130,85,1,1071,404,1118,442,Jul15_0/29-20190710165130-snapshot.jpg
5,0,20190710,165530,32,5,1240,543,1287,577,Jul15_0/29-20190710165530-snapshot.jpg
5,0,20190710,165600,82,6,941,152,1016,203,Jul15_0/29-20190710165600-snapshot.jpg
5,0,20190710,170000,51,5,956,147,1032,197,Jul15_0/29-20190710170000-snapshot.jpg
5,0,20190710,170930,42,5,1295,361,1335,401,Jul15_0/29-20190710170930-snapshot.jpg
5,0,20190710,170930,85,1,853,34,899,75,Jul15_0/29-20190710170930-snapshot.jpg
5,0,20190710,171030,83,2,645,947,728,1000,Jul15_0/29-20190710171030-snapshot.jpg
5,0,20190710,171200,71,5,1040,626,1092,671,Jul15_0/29-20190710171200-snapshot.jpg
5,0,20190710,171230,79,5,1011,485,1062,536,Jul15_0/29-20190710171230-snapshot.jpg
5,0,20190710,172030,61,5,1866,914,1919,948,Jul15_0/29-20190710172030-snapshot.jpg
5,0,20190710,172430,74,2,1748,684,1818,740,Jul15_0/29-20190710172430-snapshot.jpg
5,0,20190710,172700,70,6,1261,395,1312,449,Jul15_0/29-20190710172700-snapshot.jpg
5,0,20190710,172700,84,1,1488,900,1532,939,Jul15_0/29-20190710172700-snapshot.jpg
5,0,20190710,172730,30,1,1686,741,1726,782,Jul15_0/29-20190710172730-snapshot.jpg
5,0,20190710,174930,64,6,1229,490,1285,573,Jul15_0/29-20190710174930-snapshot.jpg
5,0,20190710,175300,78,6,699,877,764,933,Jul15_0/29-20190710175300-snapshot.jpg
5,0,20190710,175400,85,6,1110,718,1178,776,Jul15_0/29-20190710175400-snapshot.jpg
5,0,20190710,175430,53,6,949,821,1020,868,Jul15_0/29-20190710175430-snapshot.jpg
5,0,20190710,180200,33,5,930,478,987,537,Jul15_0/29-20190710180200-snapshot.jpg
5,0,20190710,180200,62,6,512,965,587,1021,Jul15_0/29-20190710180200-snapshot.jpg
5,0,20190710,180430,50,5,1023,201,1070,255,Jul15_0/29-20190710180430-snapshot.jpg
5,0,20190710,181330,55,6,714,905,767,953,Jul15_0/29-20190710181330-snapshot.jpg
5,0,20190710,181730,37,2,278,475,358,536,Jul15_0/29-20190710181730-snapshot.jpg
5,0,20190710,183200,77,5,850,676,900,733,Jul15_0/29-20190710183200-snapshot.jpg
5,0,20190710,183230,40,5,532,429,580,478,Jul15_0/29-20190710183230-snapshot.jpg
5,0,20190710,183230,46,5,636,587,686,635,Jul15_0/29-20190710183230-snapshot.jpg
5,0,20190710,183930,85,5,1005,699,1056,756,Jul15_0/29-20190710183930-snapshot.jpg
5,0,20190710,184000,48,5,1012,676,1061,729,Jul15_0/29-20190710184000-snapshot.jpg
5,0,20190710,184030,69,5,1093,737,1140,793,Jul15_0/29-20190710184030-snapshot.jpg
5,0,20190710,190330,86,1,683,871,724,924,Jul15_0/29-20190710190330-snapshot.jpg
5,0,20190710,190630,81,1,1172,508,1215,560,Jul15_0/29-20190710190630-snapshot.jpg
5,0,20190710,192830,87,1,17,568,61,611,Jul15_0/29-20190710192830-snapshot.jpg
5,0,20190710,192900,82,1,1,278,40,320,Jul15_0/29-20190710192900-snapshot.jpg
5,0,20190710,193030,27,5,997,616,1040,669,Jul15_0/29-20190710193030-snapshot.jpg
5,0,20190710,193100,81,1,285,223,324,257,Jul15_0/29-20190710193100-snapshot.jpg
5,0,20190710,193130,84,1,419,146,463,189,Jul15_0/29-20190710193130-snapshot.jpg
5,0,20190710,195030,52,6,941,504,988,565,Jul15_0/29-20190710195030-snapshot.jpg
5,0,20190710,200730,33,6,1440,673,1486,713,Jul15_0/29-20190710200730-snapshot.jpg
5,0,20190710,201830,81,6,1627,830,1684,897,Jul15_0/29-20190710201830-snapshot.jpg
5,0,20190710,201900,82,6,1490,775,1560,822,Jul15_0/29-20190710201900-snapshot.jpg
5,0,20190710,203530,83,1,1592,306,1632,339,Jul15_0/29-20190710203530-snapshot.jpg
5,0,20190710,203630,86,1,1613,520,1658,564,Jul15_0/29-20190710203630-snapshot.jpg
5,0,20190710,203700,87,1,1589,549,1634,594,Jul15_0/29-20190710203700-snapshot.jpg
5,0,20190710,203730,73,1,1674,596,1715,631,Jul15_0/29-20190710203730-snapshot.jpg
5,0,20190710,203800,86,1,1502,556,1546,600,Jul15_0/29-20190710203800-snapshot.jpg
5,0,20190710,203830,86,1,1423,603,1468,646,Jul15_0/29-20190710203830-snapshot.jpg
5,0,20190710,204030,80,1,1527,802,1567,850,Jul15_0/29-20190710204030-snapshot.jpg
5,0,20190710,204200,87,1,1423,839,1463,878,Jul15_0/29-20190710204200-snapshot.jpg
5,0,20190710,204230,83,1,1515,928,1555,965,Jul15_0/29-20190710204230-snapshot.jpg
5,0,20190710,204300,69,1,1641,993,1688,1034,Jul15_0/29-20190710204300-snapshot.jpg
5,0,20190710,205000,84,8,1179,752,1266,835,Jul15_0/29-20190710205000-snapshot.jpg
5,0,20190711,082130,29,1,636,864,693,917,Jul15_0/66-20190711082130-snapshot.jpg
5,0,20190711,082300,33,1,636,864,693,917,Jul15_0/66-20190711082300-snapshot.jpg
5,0,20190711,092130,41,6,968,447,1019,513,Jul15_0/66-20190711092130-snapshot.jpg
5,0,20190711,095100,82,5,649,696,697,751,Jul15_0/66-20190711095100-snapshot.jpg
5,0,20190711,102900,83,8,644,327,703,424,Jul15_0/66-20190711102900-snapshot.jpg
5,0,20190711,110430,80,6,978,254,1028,319,Jul15_0/66-20190711110430-snapshot.jpg
5,0,20190711,110500,34,6,1292,365,1335,423,Jul15_0/66-20190711110500-snapshot.jpg
5,0,20190711,110500,43,5,1291,364,1336,425,Jul15_0/66-20190711110500-snapshot.jpg
5,0,20190711,110530,62,5,1289,364,1332,426,Jul15_0/66-20190711110530-snapshot.jpg
5,0,20190711,114630,77,6,694,923,749,984,Jul15_0/66-20190711114630-snapshot.jpg
5,0,20190711,115000,85,1,1848,513,1891,553,Jul15_0/66-20190711115000-snapshot.jpg
5,0,20190711,115030,86,1,1848,512,1891,553,Jul15_0/66-20190711115030-snapshot.jpg
5,0,20190711,115100,85,1,1849,513,1891,553,Jul15_0/66-20190711115100-snapshot.jpg
5,0,20190711,115130,86,1,1850,512,1894,553,Jul15_0/66-20190711115130-snapshot.jpg
5,0,20190711,115900,84,4,1152,322,1234,389,Jul15_0/66-20190711115900-snapshot.jpg
5,0,20190711,120630,40,5,1010,537,1058,597,Jul15_0/66-20190711120630-snapshot.jpg
5,0,20190711,122900,86,1,443,657,482,695,Jul15_0/66-20190711122900-snapshot.jpg
5,0,20190711,123000,82,8,1287,179,1377,233,Jul15_0/66-20190711123000-snapshot.jpg
5,0,20190711,123900,66,5,1066,628,1103,674,Jul15_0/66-20190711123900-snapshot.jpg
5,0,20190711,124700,39,6,609,637,674,685,Jul15_0/66-20190711124700-snapshot.jpg
5,0,20190711,125830,48,5,1019,538,1066,597,Jul15_0/66-20190711125830-snapshot.jpg
5,0,20190711,135100,27,2,799,649,852,721,Jul15_0/66-20190711135100-snapshot.jpg
5,0,20190711,135300,42,2,1028,240,1090,295,Jul15_0/66-20190711135300-snapshot.jpg
5,0,20190711,153430,68,6,888,419,957,479,Jul15_0/66-20190711153430-snapshot.jpg
5,0,20190711,153500,77,6,917,559,999,623,Jul15_0/66-20190711153500-snapshot.jpg
5,0,20190711,161530,81,6,1796,595,1873,645,Jul15_0/66-20190711161530-snapshot.jpg
5,0,20190711,161600,59,6,718,895,767,955,Jul15_0/66-20190711161600-snapshot.jpg
5,0,20190711,162000,84,6,444,507,518,561,Jul15_0/66-20190711162000-snapshot.jpg
5,0,20190711,163400,80,6,986,113,1054,161,Jul15_0/66-20190711163400-snapshot.jpg
5,0,20190711,163500,75,6,1038,120,1113,178,Jul15_0/66-20190711163500-snapshot.jpg
5,0,20190711,170000,82,6,1103,820,1174,872,Jul15_0/66-20190711170000-snapshot.jpg
5,0,20190711,170030,82,6,1015,791,1085,842,Jul15_0/66-20190711170030-snapshot.jpg
5,0,20190711,170900,72,6,735,879,788,932,Jul15_0/66-20190711170900-snapshot.jpg
5,0,20190711,175800,46,6,1811,842,1866,904,Jul15_0/66-20190711175800-snapshot.jpg
5,0,20190711,180700,85,8,1805,458,1884,530,Jul15_0/66-20190711180700-snapshot.jpg
5,0,20190711,194100,51,6,1252,490,1300,541,Jul15_0/66-20190711194100-snapshot.jpg
5,0,20190711,201100,27,6,1027,758,1086,820,Jul15_0/66-20190711201100-snapshot.jpg
5,0,20190711,204700,70,6,1246,521,1296,580,Jul15_0/66-20190711204700-snapshot.jpg
5,0,20190711,204730,81,6,1016,585,1089,638,Jul15_0/66-20190711204730-snapshot.jpg
5,0,20190711,204800,82,6,863,750,934,808,Jul15_0/66-20190711204800-snapshot.jpg
5,0,20190711,204830,78,6,934,788,1002,834,Jul15_0/66-20190711204830-snapshot.jpg
5,0,20190711,215300,38,1,838,171,880,210,Jul15_0/66-20190711215300-snapshot.jpg
5,0,20190712,054100,68,1,530,118,569,153,Jul15_0/78-20190712054100-snapshot.jpg
5,0,20190712,093130,76,5,1748,602,1789,651,Jul15_0/78-20190712093130-snapshot.jpg
5,0,20190712,093200,75,5,1750,600,1792,649,Jul15_0/78-20190712093200-snapshot.jpg
5,0,20190712,094330,79,6,1088,82,1168,150,Jul15_0/78-20190712094330-snapshot.jpg
5,0,20190712,104800,81,6,1106,802,1180,857,Jul15_0/78-20190712104800-snapshot.jpg
5,0,20190712,105230,85,3,1583,863,1675,921,Jul15_0/78-20190712105230-snapshot.jpg
5,0,20190712,115030,62,5,1042,166,1097,225,Jul15_0/78-20190712115030-snapshot.jpg
5,0,20190712,130630,86,1,118,844,160,883,Jul15_0/78-20190712130630-snapshot.jpg
5,0,20190712,130700,69,1,597,667,637,704,Jul15_0/78-20190712130700-snapshot.jpg
5,0,20190712,130730,82,1,837,864,880,904,Jul15_0/78-20190712130730-snapshot.jpg
5,0,20190712,130800,86,1,1087,964,1132,1007,Jul15_0/78-20190712130800-snapshot.jpg
5,0,20190712,130830,87,1,1085,961,1131,1004,Jul15_0/78-20190712130830-snapshot.jpg
5,0,20190712,130900,86,1,1062,959,1108,1001,Jul15_0/78-20190712130900-snapshot.jpg
5,0,20190712,130930,86,1,1063,969,1110,1013,Jul15_0/78-20190712130930-snapshot.jpg
5,0,20190712,131000,87,1,1130,844,1172,887,Jul15_0/78-20190712131000-snapshot.jpg
5,0,20190712,132030,86,1,600,704,644,744,Jul15_0/78-20190712132030-snapshot.jpg
5,0,20190712,133200,56,1,840,325,881,362,Jul15_0/78-20190712133200-snapshot.jpg
5,0,20190712,133330,85,5,1466,211,1525,287,Jul15_0/78-20190712133330-snapshot.jpg
5,0,20190712,133900,84,5,1000,128,1057,189,Jul15_0/78-20190712133900-snapshot.jpg
5,0,20190712,133930,88,5,1124,360,1211,423,Jul15_0/78-20190712133930-snapshot.jpg
5,0,20190712,134000,84,5,1234,316,1293,381,Jul15_0/78-20190712134000-snapshot.jpg
5,0,20190712,134030,86,5,964,766,1014,835,Jul15_0/78-20190712134030-snapshot.jpg
5,0,20190712,134300,82,5,1171,218,1227,289,Jul15_0/78-20190712134300-snapshot.jpg
5,0,20190712,135730,81,6,1022,132,1075,203,Jul15_0/78-20190712135730-snapshot.jpg
5,0,20190712,143030,87,4,1665,576,1765,636,Jul15_0/78-20190712143030-snapshot.jpg
5,0,20190712,143930,85,4,1550,764,1637,840,Jul15_0/78-20190712143930-snapshot.jpg
5,0,20190712,144000,89,4,1617,618,1711,679,Jul15_0/78-20190712144000-snapshot.jpg
5,0,20190712,150000,87,1,7,272,59,320,Jul15_0/78-20190712150000-snapshot.jpg
5,0,20190712,150030,85,1,194,270,238,313,Jul15_0/78-20190712150030-snapshot.jpg
5,0,20190712,150100,53,1,251,0,299,25,Jul15_0/78-20190712150100-snapshot.jpg
5,0,20190712,162830,88,1,138,753,185,800,Jul15_0/78-20190712162830-snapshot.jpg
5,0,20190712,163500,80,2,329,859,417,941,Jul15_0/78-20190712163500-snapshot.jpg
5,0,20190712,164000,34,1,1128,894,1173,929,Jul15_0/78-20190712164000-snapshot.jpg
5,0,20190712,164800,26,1,1128,894,1169,927,Jul15_0/78-20190712164800-snapshot.jpg
5,0,20190712,170530,85,1,1589,275,1632,315,Jul15_0/78-20190712170530-snapshot.jpg
5,0,20190712,170600,27,1,1335,468,1380,513,Jul15_0/78-20190712170600-snapshot.jpg
5,0,20190712,170630,82,1,1203,353,1249,393,Jul15_0/78-20190712170630-snapshot.jpg
5,0,20190712,171400,62,5,1092,826,1157,869,Jul15_0/78-20190712171400-snapshot.jpg
5,0,20190712,173930,37,6,718,682,765,741,Jul15_0/78-20190712173930-snapshot.jpg
5,0,20190712,174000,37,6,720,681,766,737,Jul15_0/78-20190712174000-snapshot.jpg
5,0,20190712,174030,44,6,719,682,766,736,Jul15_0/78-20190712174030-snapshot.jpg
5,0,20190712,174100,28,6,719,681,767,733,Jul15_0/78-20190712174100-snapshot.jpg
5,0,20190712,174130,33,6,720,679,768,734,Jul15_0/78-20190712174130-snapshot.jpg
5,0,20190712,185400,85,1,1724,418,1769,462,Jul15_0/78-20190712185400-snapshot.jpg
5,0,20190712,185500,84,1,1549,647,1595,688,Jul15_0/78-20190712185500-snapshot.jpg
5,0,20190712,185530,63,3,901,201,969,261,Jul15_0/78-20190712185530-snapshot.jpg
5,0,20190712,185530,83,1,1692,580,1739,621,Jul15_0/78-20190712185530-snapshot.jpg
5,0,20190712,185630,83,1,1599,840,1646,889,Jul15_0/78-20190712185630-snapshot.jpg
5,0,20190712,185630,87,3,1321,410,1386,480,Jul15_0/78-20190712185630-snapshot.jpg
5,0,20190712,185700,85,1,1488,788,1530,832,Jul15_0/78-20190712185700-snapshot.jpg
5,0,20190712,185730,82,3,551,819,639,885,Jul15_0/78-20190712185730-snapshot.jpg
5,0,20190712,185730,86,1,1440,945,1487,987,Jul15_0/78-20190712185730-snapshot.jpg
5,0,20190712,190800,84,1,123,637,169,679,Jul15_0/78-20190712190800-snapshot.jpg
5,0,20190712,190900,81,1,381,385,422,425,Jul15_0/78-20190712190900-snapshot.jpg
5,0,20190712,190930,79,1,159,226,203,270,Jul15_0/78-20190712190930-snapshot.jpg
5,0,20190713,060130,72,8,1426,222,1499,275,Jul15_0/99-20190713060130-snapshot.jpg
