5,0,20190715,095530,39,6,1290,349,1342,413,Jul25_0/01-20190715095530-snapshot.jpg
5,0,20190715,095600,29,6,1290,349,1341,413,Jul25_0/01-20190715095600-snapshot.jpg
5,0,20190715,115130,80,6,645,377,717,435,Jul25_0/01-20190715115130-snapshot.jpg
5,0,20190715,115330,83,6,1138,431,1199,501,Jul25_0/01-20190715115330-snapshot.jpg
5,0,20190715,122030,44,6,1655,34,1724,112,Jul25_0/01-20190715122030-snapshot.jpg
5,0,20190715,122230,87,6,1188,333,1269,402,Jul25_0/01-20190715122230-snapshot.jpg
5,0,20190715,122330,79,5,1611,1009,1703,1060,Jul25_0/01-20190715122330-snapshot.jpg
5,0,20190715,124230,85,3,1481,0,1571,49,Jul25_0/01-20190715124230-snapshot.jpg
5,0,20190715,124300,85,3,1562,196,1654,269,Jul25_0/01-20190715124300-snapshot.jpg
5,0,20190715,125030,35,1,27,1055,75,1080,Jul25_0/01-20190715125030-snapshot.jpg
5,0,20190715,125130,89,1,112,792,159,843,Jul25_0/01-20190715125130-snapshot.jpg
5,0,20190715,125200,91,1,138,478,189,533,Jul25_0/01-20190715125200-snapshot.jpg
5,0,20190715,125300,86,1,139,164,188,208,Jul25_0/01-20190715125300-snapshot.jpg
5,0,20190715,131930,72,6,541,684,596,752,Jul25_0/01-20190715131930-snapshot.jpg
5,0,20190715,132000,84,5,638,713,695,769,Jul25_0/01-20190715132000-snapshot.jpg
5,0,20190715,132300,79,6,742,382,818,447,Jul25_0/01-20190715132300-snapshot.jpg
5,0,20190715,132330,81,6,836,372,911,439,Jul25_0/01-20190715132330-snapshot.jpg
5,0,20190715,133830,83,6,1386,709,1466,763,Jul25_0/01-20190715133830-snapshot.jpg
5,0,20190715,134530,81,5,1857,859,1905,917,Jul25_0/01-20190715134530-snapshot.jpg
5,0,20190715,135330,26,6,1286,355,1340,420,Jul25_0/01-20190715135330-snapshot.jpg
5,0,20190715,135430,79,5,1137,401,1193,451,Jul25_0/01-20190715135430-snapshot.jpg
5,0,20190715,135530,58,5,565,919,611,967,Jul25_0/01-20190715135530-snapshot.jpg
5,0,20190715,135600,87,3,1467,0,1541,85,Jul25_0/01-20190715135600-snapshot.jpg
5,0,20190715,141530,36,5,1106,262,1156,310,Jul25_0/01-20190715141530-snapshot.jpg
5,0,20190715,141630,75,5,1279,248,1326,299,Jul25_0/01-20190715141630-snapshot.jpg
5,0,20190715,142030,46,5,1092,250,1142,307,Jul25_0/01-20190715142030-snapshot.jpg
5,0,20190715,142200,67,5,797,389,853,446,Jul25_0/01-20190715142200-snapshot.jpg
5,0,20190715,142530,65,5,1262,574,1315,613,Jul25_0/01-20190715142530-snapshot.jpg
5,0,20190715,142600,57,5,1286,575,1331,629,Jul25_0/01-20190715142600-snapshot.jpg
5,0,20190715,142700,84,8,1652,419,1714,510,Jul25_0/01-20190715142700-snapshot.jpg
5,0,20190715,143200,59,6,1280,574,1323,623,Jul25_0/01-20190715143200-snapshot.jpg
5,0,20190715,143230,50,5,1538,642,1588,676,Jul25_0/01-20190715143230-snapshot.jpg
5,0,20190715,144630,76,6,1460,714,1533,761,Jul25_0/01-20190715144630-snapshot.jpg
5,0,20190715,145530,67,6,1281,354,1359,421,Jul25_0/01-20190715145530-snapshot.jpg
5,0,20190715,145630,47,6,1281,353,1357,420,Jul25_0/01-20190715145630-snapshot.jpg
5,0,20190715,153500,65,6,1281,356,1358,423,Jul25_0/01-20190715153500-snapshot.jpg
5,0,20190715,153900,34,6,1284,358,1352,424,Jul25_0/01-20190715153900-snapshot.jpg
5,0,20190715,153930,49,6,1032,354,1084,412,Jul25_0/01-20190715153930-snapshot.jpg
5,0,20190715,154000,72,6,1292,588,1342,643,Jul25_0/01-20190715154000-snapshot.jpg
5,0,20190715,154000,82,5,1030,155,1078,215,Jul25_0/01-20190715154000-snapshot.jpg
5,0,20190715,154030,58,6,1284,357,1355,422,Jul25_0/01-20190715154030-snapshot.jpg
5,0,20190715,154030,82,5,1080,518,1124,578,Jul25_0/01-20190715154030-snapshot.jpg
5,0,20190715,154100,72,5,1194,415,1246,470,Jul25_0/01-20190715154100-snapshot.jpg
5,0,20190715,154230,70,6,1284,356,1354,423,Jul25_0/01-20190715154230-snapshot.jpg
5,0,20190715,154230,80,5,909,369,969,418,Jul25_0/01-20190715154230-snapshot.jpg
5,0,20190715,154300,80,5,1135,436,1193,484,Jul25_0/01-20190715154300-snapshot.jpg
5,0,20190715,154400,59,6,1286,356,1353,422,Jul25_0/01-20190715154400-snapshot.jpg
5,0,20190715,154430,53,6,1286,356,1354,421,Jul25_0/01-20190715154430-snapshot.jpg
5,0,20190715,154700,81,5,1626,624,1677,668,Jul25_0/01-20190715154700-snapshot.jpg
5,0,20190715,154730,45,6,1290,356,1348,423,Jul25_0/01-20190715154730-snapshot.jpg
5,0,20190715,154830,60,5,1003,154,1053,196,Jul25_0/01-20190715154830-snapshot.jpg
5,0,20190715,155030,60,6,1284,353,1355,420,Jul25_0/01-20190715155030-snapshot.jpg
5,0,20190715,155330,71,6,1282,354,1359,422,Jul25_0/01-20190715155330-snapshot.jpg
5,0,20190715,155330,74,5,1097,229,1150,284,Jul25_0/01-20190715155330-snapshot.jpg
5,0,20190715,155400,66,5,1327,367,1374,417,Jul25_0/01-20190715155400-snapshot.jpg
5,0,20190715,155430,69,5,889,709,937,749,Jul25_0/01-20190715155430-snapshot.jpg
5,0,20190715,155500,78,5,982,354,1035,410,Jul25_0/01-20190715155500-snapshot.jpg
5,0,20190715,155730,68,5,684,877,737,920,Jul25_0/01-20190715155730-snapshot.jpg
5,0,20190715,161230,80,6,1240,373,1313,426,Jul25_0/01-20190715161230-snapshot.jpg
5,0,20190715,161300,81,6,1299,550,1362,610,Jul25_0/01-20190715161300-snapshot.jpg
5,0,20190715,161330,74,6,1097,842,1173,898,Jul25_0/01-20190715161330-snapshot.jpg
5,0,20190715,161400,84,6,839,848,920,911,Jul25_0/01-20190715161400-snapshot.jpg
5,0,20190715,161430,87,6,827,844,913,910,Jul25_0/01-20190715161430-snapshot.jpg
5,0,20190715,161500,48,6,1267,585,1334,638,Jul25_0/01-20190715161500-snapshot.jpg
5,0,20190715,161530,29,6,1288,355,1349,422,Jul25_0/01-20190715161530-snapshot.jpg
5,0,20190715,161530,83,6,1294,571,1360,625,Jul25_0/01-20190715161530-snapshot.jpg
5,0,20190715,161600,71,6,1280,355,1354,423,Jul25_0/01-20190715161600-snapshot.jpg
5,0,20190715,161600,77,6,1270,633,1331,698,Jul25_0/01-20190715161600-snapshot.jpg
5,0,20190715,162100,70,5,880,513,936,572,Jul25_0/01-20190715162100-snapshot.jpg
5,0,20190715,162430,59,5,1302,574,1358,616,Jul25_0/01-20190715162430-snapshot.jpg
5,0,20190715,163230,74,6,1050,154,1123,206,Jul25_0/01-20190715163230-snapshot.jpg
5,0,20190715,163400,84,6,1467,268,1524,346,Jul25_0/01-20190715163400-snapshot.jpg
5,0,20190715,163500,83,6,896,343,966,406,Jul25_0/01-20190715163500-snapshot.jpg
5,0,20190715,163900,41,6,1283,355,1352,420,Jul25_0/01-20190715163900-snapshot.jpg
5,0,20190715,164800,65,6,1329,493,1382,548,Jul25_0/01-20190715164800-snapshot.jpg
5,0,20190715,165200,41,6,1015,363,1060,421,Jul25_0/01-20190715165200-snapshot.jpg
5,0,20190715,170200,77,6,1313,563,1386,612,Jul25_0/01-20190715170200-snapshot.jpg
5,0,20190715,170230,69,6,1704,675,1773,722,Jul25_0/01-20190715170230-snapshot.jpg
5,0,20190715,170530,59,6,1675,737,1729,797,Jul25_0/01-20190715170530-snapshot.jpg
5,0,20190715,170700,37,6,1283,353,1352,419,Jul25_0/01-20190715170700-snapshot.jpg
5,0,20190715,173500,73,5,1143,392,1206,440,Jul25_0/01-20190715173500-snapshot.jpg
5,0,20190715,173630,59,6,1283,568,1340,614,Jul25_0/01-20190715173630-snapshot.jpg
5,0,20190715,174300,67,5,1697,971,1743,1027,Jul25_0/01-20190715174300-snapshot.jpg
5,0,20190715,174400,53,5,1754,626,1798,677,Jul25_0/01-20190715174400-snapshot.jpg
5,0,20190715,174500,82,5,1101,513,1159,560,Jul25_0/01-20190715174500-snapshot.jpg
5,0,20190715,174600,74,5,897,770,947,809,Jul25_0/01-20190715174600-snapshot.jpg
5,0,20190715,175100,88,3,1430,0,1526,65,Jul25_0/01-20190715175100-snapshot.jpg
5,0,20190715,180330,34,6,1284,355,1351,418,Jul25_0/01-20190715180330-snapshot.jpg
5,0,20190715,180430,75,6,1285,354,1350,415,Jul25_0/01-20190715180430-snapshot.jpg
5,0,20190715,180500,63,6,1281,353,1352,415,Jul25_0/01-20190715180500-snapshot.jpg
5,0,20190715,182230,86,2,1587,928,1688,1015,Jul25_0/01-20190715182230-snapshot.jpg
5,0,20190715,182730,68,3,1393,0,1490,51,Jul25_0/01-20190715182730-snapshot.jpg
5,0,20190715,183400,25,6,1278,354,1353,419,Jul25_0/01-20190715183400-snapshot.jpg
5,0,20190715,183500,31,6,1279,356,1352,420,Jul25_0/01-20190715183500-snapshot.jpg
5,0,20190715,185000,45,5,857,474,925,528,Jul25_0/01-20190715185000-snapshot.jpg
5,0,20190715,185030,80,5,1543,683,1594,739,Jul25_0/01-20190715185030-snapshot.jpg
5,0,20190715,190130,75,3,1490,67,1575,135,Jul25_0/01-20190715190130-snapshot.jpg
5,0,20190715,190330,83,8,1101,10,1162,73,Jul25_0/01-20190715190330-snapshot.jpg
5,0,20190715,192130,78,5,568,670,627,722,Jul25_0/01-20190715192130-snapshot.jpg
5,0,20190715,192200,51,5,657,615,704,659,Jul25_0/01-20190715192200-snapshot.jpg
5,0,20190715,204100,62,6,1243,380,1323,436,Jul25_0/01-20190715204100-snapshot.jpg
5,0,20190715,204200,81,6,1013,157,1083,224,Jul25_0/01-20190715204200-snapshot.jpg
5,0,20190718,082200,30,1,1533,568,1576,601,Jul25_0/140-20190718082200-snapshot.jpg
5,0,20190718,084100,34,1,1530,568,1573,600,Jul25_0/140-20190718084100-snapshot.jpg
5,0,20190718,091230,83,8,1087,366,1181,422,Jul25_0/140-20190718091230-snapshot.jpg
5,0,20190718,094830,89,3,1512,14,1597,111,Jul25_0/140-20190718094830-snapshot.jpg
5,0,20190718,110530,29,5,757,429,805,482,Jul25_0/140-20190718110530-snapshot.jpg
5,0,20190718,110630,83,5,780,442,835,503,Jul25_0/140-20190718110630-snapshot.jpg
5,0,20190718,113000,86,3,1479,0,1566,46,Jul25_0/140-20190718113000-snapshot.jpg
5,0,20190718,122330,86,2,1541,75,1621,160,Jul25_0/140-20190718122330-snapshot.jpg
5,0,20190718,132900,86,3,884,603,951,696,Jul25_0/140-20190718132900-snapshot.jpg
5,0,20190718,135500,88,8,1248,717,1329,784,Jul25_0/140-20190718135500-snapshot.jpg
5,0,20190718,143130,36,4,0,28,28,108,Jul25_0/140-20190718143130-snapshot.jpg
5,0,20190718,143230,33,4,0,23,28,109,Jul25_0/140-20190718143230-snapshot.jpg
5,0,20190718,143330,31,4,0,21,28,109,Jul25_0/140-20190718143330-snapshot.jpg
5,0,20190718,143400,41,4,0,21,28,111,Jul25_0/140-20190718143400-snapshot.jpg
5,0,20190718,143430,30,4,0,19,27,111,Jul25_0/140-20190718143430-snapshot.jpg
5,0,20190718,143500,28,4,0,24,27,109,Jul25_0/140-20190718143500-snapshot.jpg
5,0,20190718,143530,37,4,0,23,25,108,Jul25_0/140-20190718143530-snapshot.jpg
5,0,20190718,143630,32,4,0,25,28,110,Jul25_0/140-20190718143630-snapshot.jpg
5,0,20190718,143700,25,4,0,24,25,109,Jul25_0/140-20190718143700-snapshot.jpg
5,0,20190718,143800,27,4,0,29,28,109,Jul25_0/140-20190718143800-snapshot.jpg
5,0,20190718,143900,40,4,0,27,27,110,Jul25_0/140-20190718143900-snapshot.jpg
5,0,20190718,143930,38,4,0,28,28,109,Jul25_0/140-20190718143930-snapshot.jpg
5,0,20190718,144400,25,4,0,34,29,114,Jul25_0/140-20190718144400-snapshot.jpg
5,0,20190718,144800,33,4,0,32,29,117,Jul25_0/140-20190718144800-snapshot.jpg
5,0,20190718,145430,30,5,362,399,409,462,Jul25_0/140-20190718145430-snapshot.jpg
5,0,20190718,151200,87,3,1442,7,1508,93,Jul25_0/140-20190718151200-snapshot.jpg
5,0,20190718,152930,64,3,1417,264,1490,317,Jul25_0/140-20190718152930-snapshot.jpg
5,0,20190718,153000,72,4,1415,264,1490,318,Jul25_0/140-20190718153000-snapshot.jpg
5,0,20190718,153030,83,4,1413,261,1492,317,Jul25_0/140-20190718153030-snapshot.jpg
5,0,20190718,153100,84,4,1412,258,1492,318,Jul25_0/140-20190718153100-snapshot.jpg
5,0,20190718,153130,78,4,1413,261,1489,317,Jul25_0/140-20190718153130-snapshot.jpg
5,0,20190718,153200,28,4,1414,264,1484,316,Jul25_0/140-20190718153200-snapshot.jpg
5,0,20190718,153200,34,3,1414,264,1483,316,Jul25_0/140-20190718153200-snapshot.jpg
5,0,20190718,153230,48,3,1410,263,1484,318,Jul25_0/140-20190718153230-snapshot.jpg
5,0,20190718,153300,47,4,1412,262,1488,318,Jul25_0/140-20190718153300-snapshot.jpg
5,0,20190718,153330,83,3,1479,301,1542,366,Jul25_0/140-20190718153330-snapshot.jpg
5,0,20190718,153730,84,4,1462,197,1535,269,Jul25_0/140-20190718153730-snapshot.jpg
5,0,20190718,154430,89,3,1426,25,1511,107,Jul25_0/140-20190718154430-snapshot.jpg
5,0,20190718,154800,43,1,493,629,530,662,Jul25_0/140-20190718154800-snapshot.jpg
5,0,20190718,161900,43,1,1529,570,1568,599,Jul25_0/140-20190718161900-snapshot.jpg
5,0,20190718,162130,50,1,1530,569,1568,598,Jul25_0/140-20190718162130-snapshot.jpg
5,0,20190718,162200,52,1,1530,570,1570,599,Jul25_0/140-20190718162200-snapshot.jpg
5,0,20190718,162630,51,1,1530,571,1568,599,Jul25_0/140-20190718162630-snapshot.jpg
5,0,20190718,163030,87,3,1575,247,1644,342,Jul25_0/140-20190718163030-snapshot.jpg
5,0,20190718,163100,86,3,1409,18,1512,95,Jul25_0/140-20190718163100-snapshot.jpg
5,0,20190718,163630,33,1,1532,571,1571,599,Jul25_0/140-20190718163630-snapshot.jpg
5,0,20190718,163930,39,1,1531,571,1570,599,Jul25_0/140-20190718163930-snapshot.jpg
5,0,20190718,163930,85,3,1498,91,1601,179,Jul25_0/140-20190718163930-snapshot.jpg
5,0,20190718,164100,34,1,1531,570,1570,598,Jul25_0/140-20190718164100-snapshot.jpg
5,0,20190718,164230,37,1,1531,571,1570,600,Jul25_0/140-20190718164230-snapshot.jpg
5,0,20190718,165300,81,3,1372,440,1456,495,Jul25_0/140-20190718165300-snapshot.jpg
5,0,20190718,165530,41,5,1285,622,1334,668,Jul25_0/140-20190718165530-snapshot.jpg
5,0,20190718,165800,34,1,1530,571,1569,599,Jul25_0/140-20190718165800-snapshot.jpg
5,0,20190718,171200,68,1,1530,570,1568,598,Jul25_0/140-20190718171200-snapshot.jpg
5,0,20190718,171300,64,1,1530,570,1567,599,Jul25_0/140-20190718171300-snapshot.jpg
5,0,20190718,172000,26,1,1533,571,1573,599,Jul25_0/140-20190718172000-snapshot.jpg
5,0,20190718,172800,43,1,1531,570,1569,599,Jul25_0/140-20190718172800-snapshot.jpg
5,0,20190718,173230,31,1,1532,570,1568,598,Jul25_0/140-20190718173230-snapshot.jpg
5,0,20190718,173600,86,2,1419,13,1505,87,Jul25_0/140-20190718173600-snapshot.jpg
5,0,20190718,175600,86,3,1,334,82,405,Jul25_0/140-20190718175600-snapshot.jpg
5,0,20190718,192400,39,1,1531,569,1571,599,Jul25_0/140-20190718192400-snapshot.jpg
5,0,20190716,080730,32,6,1459,787,1538,847,Jul25_0/15-20190716080730-snapshot.jpg
5,0,20190716,080800,67,6,1456,785,1539,849,Jul25_0/15-20190716080800-snapshot.jpg
5,0,20190716,080830,84,6,1100,537,1185,599,Jul25_0/15-20190716080830-snapshot.jpg
5,0,20190716,120600,47,5,1209,634,1259,669,Jul25_0/15-20190716120600-snapshot.jpg
5,0,20190716,122030,81,5,712,556,769,620,Jul25_0/15-20190716122030-snapshot.jpg
5,0,20190716,124100,59,6,1697,968,1777,1035,Jul25_0/15-20190716124100-snapshot.jpg
5,0,20190716,124130,40,6,1116,51,1185,100,Jul25_0/15-20190716124130-snapshot.jpg
5,0,20190716,124400,52,6,1290,355,1346,418,Jul25_0/15-20190716124400-snapshot.jpg
5,0,20190716,124800,74,6,1708,606,1784,649,Jul25_0/15-20190716124800-snapshot.jpg
5,0,20190716,125300,86,3,1484,0,1563,63,Jul25_0/15-20190716125300-snapshot.jpg
5,0,20190716,130000,65,6,1641,807,1720,866,Jul25_0/15-20190716130000-snapshot.jpg
5,0,20190716,131500,85,3,1473,0,1572,63,Jul25_0/15-20190716131500-snapshot.jpg
5,0,20190716,134100,89,3,1012,183,1106,260,Jul25_0/15-20190716134100-snapshot.jpg
5,0,20190716,134930,65,2,987,907,1050,988,Jul25_0/15-20190716134930-snapshot.jpg
5,0,20190716,140230,29,5,898,511,949,568,Jul25_0/15-20190716140230-snapshot.jpg
5,0,20190716,140300,75,6,1012,318,1068,381,Jul25_0/15-20190716140300-snapshot.jpg
5,0,20190716,141630,81,6,1008,350,1064,421,Jul25_0/15-20190716141630-snapshot.jpg
5,0,20190716,141700,84,6,954,392,1036,456,Jul25_0/15-20190716141700-snapshot.jpg
5,0,20190716,141830,27,6,1034,247,1107,297,Jul25_0/15-20190716141830-snapshot.jpg
5,0,20190716,142000,85,6,706,636,786,695,Jul25_0/15-20190716142000-snapshot.jpg
5,0,20190716,144330,32,5,1243,601,1295,641,Jul25_0/15-20190716144330-snapshot.jpg
5,0,20190716,145630,88,3,1409,7,1522,86,Jul25_0/15-20190716145630-snapshot.jpg
5,0,20190716,150800,68,5,1335,439,1387,491,Jul25_0/15-20190716150800-snapshot.jpg
5,0,20190716,150930,76,5,1070,665,1114,716,Jul25_0/15-20190716150930-snapshot.jpg
5,0,20190716,151400,57,5,1641,764,1693,813,Jul25_0/15-20190716151400-snapshot.jpg
5,0,20190716,152600,83,2,784,408,864,461,Jul25_0/15-20190716152600-snapshot.jpg
5,0,20190716,153330,78,5,886,503,942,572,Jul25_0/15-20190716153330-snapshot.jpg
5,0,20190716,154330,81,5,1312,367,1369,419,Jul25_0/15-20190716154330-snapshot.jpg
5,0,20190716,154600,83,5,1072,652,1121,708,Jul25_0/15-20190716154600-snapshot.jpg
5,0,20190716,160630,82,5,917,384,968,437,Jul25_0/15-20190716160630-snapshot.jpg
5,0,20190716,160700,81,5,998,325,1059,387,Jul25_0/15-20190716160700-snapshot.jpg
5,0,20190716,160730,75,5,1552,638,1604,677,Jul25_0/15-20190716160730-snapshot.jpg
5,0,20190716,161100,80,5,1154,449,1215,499,Jul25_0/15-20190716161100-snapshot.jpg
5,0,20190716,161200,77,5,724,571,779,620,Jul25_0/15-20190716161200-snapshot.jpg
5,0,20190716,162300,81,5,858,814,914,875,Jul25_0/15-20190716162300-snapshot.jpg
5,0,20190716,164230,84,3,1445,0,1543,56,Jul25_0/15-20190716164230-snapshot.jpg
5,0,20190716,164500,75,2,1642,810,1723,869,Jul25_0/15-20190716164500-snapshot.jpg
5,0,20190716,170630,45,6,475,312,545,370,Jul25_0/15-20190716170630-snapshot.jpg
5,0,20190716,171030,83,2,1113,644,1194,700,Jul25_0/15-20190716171030-snapshot.jpg
5,0,20190716,173130,40,2,1408,10,1486,87,Jul25_0/15-20190716173130-snapshot.jpg
5,0,20190716,180230,83,2,1211,9,1282,99,Jul25_0/15-20190716180230-snapshot.jpg
5,0,20190716,183300,86,3,1416,8,1498,90,Jul25_0/15-20190716183300-snapshot.jpg
5,0,20190716,183630,62,1,184,219,225,256,Jul25_0/15-20190716183630-snapshot.jpg
5,0,20190716,183700,81,1,174,201,218,241,Jul25_0/15-20190716183700-snapshot.jpg
5,0,20190716,183800,82,1,435,248,476,285,Jul25_0/15-20190716183800-snapshot.jpg
5,0,20190716,184900,73,1,601,533,643,571,Jul25_0/15-20190716184900-snapshot.jpg
5,0,20190716,184930,85,1,630,514,675,557,Jul25_0/15-20190716184930-snapshot.jpg
5,0,20190716,185000,84,1,633,515,678,557,Jul25_0/15-20190716185000-snapshot.jpg
5,0,20190716,185030,86,1,643,519,688,562,Jul25_0/15-20190716185030-snapshot.jpg
5,0,20190716,185100,87,1,644,517,688,560,Jul25_0/15-20190716185100-snapshot.jpg
5,0,20190716,185130,85,1,645,521,689,562,Jul25_0/15-20190716185130-snapshot.jpg
5,0,20190716,185200,80,1,643,521,684,560,Jul25_0/15-20190716185200-snapshot.jpg
5,0,20190716,185230,75,1,643,522,683,561,Jul25_0/15-20190716185230-snapshot.jpg
5,0,20190716,185300,75,1,641,522,683,560,Jul25_0/15-20190716185300-snapshot.jpg
5,0,20190716,185330,86,1,572,534,616,580,Jul25_0/15-20190716185330-snapshot.jpg
5,0,20190716,185430,82,1,635,934,680,972,Jul25_0/15-20190716185430-snapshot.jpg
5,0,20190719,080930,27,1,1516,579,1557,611,Jul25_0/188-20190719080930-snapshot.jpg
5,0,20190719,081430,46,1,1516,579,1557,611,Jul25_0/190-20190719081430-snapshot.jpg
5,0,20190719,081600,28,1,1516,579,1558,612,Jul25_0/190-20190719081600-snapshot.jpg
5,0,20190719,081730,30,1,1516,579,1558,612,Jul25_0/191-20190719081730-snapshot.jpg
5,0,20190719,081800,52,1,1516,578,1558,612,Jul25_0/191-20190719081800-snapshot.jpg
5,0,20190719,081830,35,1,1516,579,1558,612,Jul25_0/191-20190719081830-snapshot.jpg
5,0,20190719,081900,33,1,1515,579,1558,612,Jul25_0/191-20190719081900-snapshot.jpg
5,0,20190719,082000,57,1,1516,579,1558,612,Jul25_0/192-20190719082000-snapshot.jpg
5,0,20190719,082030,25,1,1516,579,1558,612,Jul25_0/192-20190719082030-snapshot.jpg
5,0,20190719,082130,42,1,1516,579,1557,612,Jul25_0/193-20190719082130-snapshot.jpg
5,0,20190719,082600,26,1,1516,579,1558,612,Jul25_0/194-20190719082600-snapshot.jpg
5,0,20190719,082730,27,1,1516,579,1557,611,Jul25_0/194-20190719082730-snapshot.jpg
5,0,20190719,082830,48,1,1517,578,1558,612,Jul25_0/195-20190719082830-snapshot.jpg
5,0,20190719,082900,26,1,1516,579,1558,612,Jul25_0/195-20190719082900-snapshot.jpg
5,0,20190719,083000,49,1,1515,579,1557,611,Jul25_0/195-20190719083000-snapshot.jpg
5,0,20190719,154430,81,5,1287,629,1346,683,Jul25_0/217-20190719154430-snapshot.jpg
5,0,20190719,154500,81,5,1038,181,1118,231,Jul25_0/217-20190719154500-snapshot.jpg
5,0,20190719,170830,76,5,726,395,779,450,Jul25_0/218-20190719170830-snapshot.jpg
5,0,20190719,170900,85,5,908,357,988,418,Jul25_0/218-20190719170900-snapshot.jpg
5,0,20190719,174400,85,8,1386,513,1466,584,Jul25_0/223-20190719174400-snapshot.jpg
5,0,20190719,180500,75,6,1690,909,1772,961,Jul25_0/224-20190719180500-snapshot.jpg
5,0,20190719,181930,74,2,1557,43,1644,103,Jul25_0/224-20190719181930-snapshot.jpg
5,0,20190719,184730,76,6,1087,138,1135,200,Jul25_0/224-20190719184730-snapshot.jpg
5,0,20190719,192030,71,6,833,356,883,412,Jul25_0/224-20190719192030-snapshot.jpg
5,0,20190719,214600,33,1,1513,577,1557,611,Jul25_0/249-20190719214600-snapshot.jpg
5,0,20190720,065300,83,8,455,959,533,1034,Jul25_0/278-20190720065300-snapshot.jpg
5,0,20190720,091730,26,1,1511,576,1554,608,Jul25_0/283-20190720091730-snapshot.jpg
5,0,20190720,093130,38,1,1513,576,1553,607,Jul25_0/283-20190720093130-snapshot.jpg
5,0,20190720,095230,36,1,1515,574,1555,607,Jul25_0/283-20190720095230-snapshot.jpg
5,0,20190720,095300,33,1,1513,574,1554,607,Jul25_0/283-20190720095300-snapshot.jpg
5,0,20190720,100100,56,1,1514,577,1555,608,Jul25_0/283-20190720100100-snapshot.jpg
5,0,20190720,110000,81,5,1301,597,1355,657,Jul25_0/283-20190720110000-snapshot.jpg
5,0,20190720,110100,53,5,742,407,784,451,Jul25_0/283-20190720110100-snapshot.jpg
5,0,20190720,115430,49,5,796,407,844,457,Jul25_0/283-20190720115430-snapshot.jpg
5,0,20190720,115500,77,5,843,494,905,543,Jul25_0/283-20190720115500-snapshot.jpg
5,0,20190720,115530,83,5,795,448,850,509,Jul25_0/283-20190720115530-snapshot.jpg
5,0,20190720,115600,73,5,978,573,1025,629,Jul25_0/283-20190720115600-snapshot.jpg
5,0,20190720,120030,71,6,874,543,950,595,Jul25_0/283-20190720120030-snapshot.jpg
5,0,20190720,120330,46,5,729,429,776,477,Jul25_0/283-20190720120330-snapshot.jpg
5,0,20190720,122000,85,8,474,798,564,889,Jul25_0/283-20190720122000-snapshot.jpg
5,0,20190720,131200,84,2,782,421,863,469,Jul25_0/283-20190720131200-snapshot.jpg
5,0,20190720,142600,26,1,1515,571,1555,603,Jul25_0/283-20190720142600-snapshot.jpg
5,0,20190720,142900,80,3,717,392,778,455,Jul25_0/283-20190720142900-snapshot.jpg
5,0,20190720,143030,33,1,1516,570,1555,601,Jul25_0/283-20190720143030-snapshot.jpg
5,0,20190720,143130,25,1,1515,573,1554,602,Jul25_0/283-20190720143130-snapshot.jpg
5,0,20190720,145400,41,8,1623,206,1685,256,Jul25_0/283-20190720145400-snapshot.jpg
5,0,20190720,145430,48,1,1515,571,1555,602,Jul25_0/283-20190720145430-snapshot.jpg
5,0,20190720,150630,70,1,1516,571,1555,601,Jul25_0/283-20190720150630-snapshot.jpg
5,0,20190720,153530,27,1,1514,570,1555,602,Jul25_0/283-20190720153530-snapshot.jpg
5,0,20190720,153900,28,3,0,426,28,503,Jul25_0/283-20190720153900-snapshot.jpg
5,0,20190720,154200,45,1,1516,569,1555,601,Jul25_0/283-20190720154200-snapshot.jpg
5,0,20190720,154330,50,1,1515,572,1554,603,Jul25_0/283-20190720154330-snapshot.jpg
5,0,20190720,160200,32,1,1514,570,1555,602,Jul25_0/283-20190720160200-snapshot.jpg
5,0,20190720,161200,37,1,1515,569,1556,602,Jul25_0/283-20190720161200-snapshot.jpg
5,0,20190720,162730,27,1,1515,573,1554,602,Jul25_0/283-20190720162730-snapshot.jpg
5,0,20190720,163500,39,1,1516,571,1554,600,Jul25_0/283-20190720163500-snapshot.jpg
5,0,20190720,163600,25,1,1515,572,1555,603,Jul25_0/283-20190720163600-snapshot.jpg
5,0,20190720,164430,62,1,1516,571,1555,602,Jul25_0/283-20190720164430-snapshot.jpg
5,0,20190720,164930,32,1,1515,571,1554,601,Jul25_0/283-20190720164930-snapshot.jpg
5,0,20190720,170400,27,1,1516,571,1554,601,Jul25_0/283-20190720170400-snapshot.jpg
5,0,20190720,171030,27,1,1515,570,1555,601,Jul25_0/283-20190720171030-snapshot.jpg
5,0,20190720,171630,28,1,1515,570,1555,602,Jul25_0/283-20190720171630-snapshot.jpg
5,0,20190720,172000,27,1,1515,570,1555,602,Jul25_0/283-20190720172000-snapshot.jpg
5,0,20190720,172430,32,1,1516,569,1555,601,Jul25_0/283-20190720172430-snapshot.jpg
5,0,20190720,173930,28,1,1514,570,1554,602,Jul25_0/283-20190720173930-snapshot.jpg
5,0,20190720,174200,26,1,1514,570,1555,602,Jul25_0/283-20190720174200-snapshot.jpg
5,0,20190720,175430,27,1,1514,570,1554,602,Jul25_0/283-20190720175430-snapshot.jpg
5,0,20190720,180130,38,1,1514,570,1556,603,Jul25_0/283-20190720180130-snapshot.jpg
5,0,20190720,180530,80,2,1280,479,1359,545,Jul25_0/283-20190720180530-snapshot.jpg
5,0,20190720,185500,84,4,1290,42,1354,117,Jul25_0/283-20190720185500-snapshot.jpg
5,0,20190720,190430,42,1,1515,573,1556,605,Jul25_0/283-20190720190430-snapshot.jpg
5,0,20190720,201200,34,1,474,650,513,686,Jul25_0/284-20190720201200-snapshot.jpg
5,0,20190720,203430,27,1,471,651,511,688,Jul25_0/286-20190720203430-snapshot.jpg
5,0,20190720,203500,27,1,471,651,512,688,Jul25_0/286-20190720203500-snapshot.jpg
5,0,20190720,203530,33,1,472,652,512,688,Jul25_0/286-20190720203530-snapshot.jpg
5,0,20190720,203600,46,1,472,651,512,687,Jul25_0/286-20190720203600-snapshot.jpg
5,0,20190720,203730,32,1,472,651,512,687,Jul25_0/286-20190720203730-snapshot.jpg
5,0,20190720,203900,58,1,472,651,511,687,Jul25_0/287-20190720203900-snapshot.jpg
5,0,20190720,204100,27,1,472,651,513,687,Jul25_0/287-20190720204100-snapshot.jpg
5,0,20190720,204630,27,1,472,649,513,686,Jul25_0/289-20190720204630-snapshot.jpg
5,0,20190720,204730,31,1,471,649,513,687,Jul25_0/289-20190720204730-snapshot.jpg
5,0,20190720,204830,28,1,472,649,513,686,Jul25_0/289-20190720204830-snapshot.jpg
5,0,20190720,205000,52,1,473,650,512,687,Jul25_0/289-20190720205000-snapshot.jpg
5,0,20190720,205130,34,1,472,650,512,687,Jul25_0/289-20190720205130-snapshot.jpg
5,0,20190720,205200,30,1,473,650,512,686,Jul25_0/289-20190720205200-snapshot.jpg
5,0,20190720,205230,35,1,473,650,512,686,Jul25_0/289-20190720205230-snapshot.jpg
5,0,20190720,205400,38,1,472,651,512,687,Jul25_0/290-20190720205400-snapshot.jpg
5,0,20190720,205530,49,1,472,650,512,686,Jul25_0/290-20190720205530-snapshot.jpg
5,0,20190720,212300,53,1,1239,237,1291,283,Jul25_0/296-20190720212300-snapshot.jpg
5,0,20190720,213630,29,1,1240,236,1292,283,Jul25_0/299-20190720213630-snapshot.jpg
5,0,20190720,213730,34,1,1239,235,1291,283,Jul25_0/299-20190720213730-snapshot.jpg
5,0,20190721,050930,70,1,1238,235,1290,282,Jul25_0/312-20190721050930-snapshot.jpg
5,0,20190721,055400,83,8,13,301,108,365,Jul25_0/313-20190721055400-snapshot.jpg
5,0,20190721,095730,43,1,470,643,510,678,Jul25_0/314-20190721095730-snapshot.jpg
5,0,20190721,100130,30,1,471,643,511,679,Jul25_0/314-20190721100130-snapshot.jpg
5,0,20190721,100200,30,1,471,642,512,679,Jul25_0/314-20190721100200-snapshot.jpg
5,0,20190721,100400,29,1,471,643,511,678,Jul25_0/314-20190721100400-snapshot.jpg
5,0,20190721,100430,37,1,471,642,511,678,Jul25_0/314-20190721100430-snapshot.jpg
5,0,20190721,100600,28,1,1244,233,1291,277,Jul25_0/314-20190721100600-snapshot.jpg
5,0,20190721,100630,38,1,471,643,510,678,Jul25_0/314-20190721100630-snapshot.jpg
5,0,20190721,100730,28,1,471,642,511,679,Jul25_0/314-20190721100730-snapshot.jpg
5,0,20190721,100800,26,1,470,641,511,679,Jul25_0/314-20190721100800-snapshot.jpg
5,0,20190721,100830,55,1,471,641,512,680,Jul25_0/314-20190721100830-snapshot.jpg
5,0,20190721,100900,31,1,471,643,511,679,Jul25_0/314-20190721100900-snapshot.jpg
5,0,20190721,101000,40,1,471,643,511,679,Jul25_0/314-20190721101000-snapshot.jpg
5,0,20190721,101100,46,1,471,643,511,678,Jul25_0/314-20190721101100-snapshot.jpg
5,0,20190721,101130,33,1,470,643,511,678,Jul25_0/314-20190721101130-snapshot.jpg
5,0,20190721,101500,32,1,470,643,511,679,Jul25_0/314-20190721101500-snapshot.jpg
5,0,20190721,102500,46,1,469,642,510,678,Jul25_0/314-20190721102500-snapshot.jpg
5,0,20190721,103000,27,1,469,642,510,678,Jul25_0/314-20190721103000-snapshot.jpg
5,0,20190721,104100,27,1,471,642,509,676,Jul25_0/314-20190721104100-snapshot.jpg
5,0,20190721,104230,33,1,471,642,509,676,Jul25_0/314-20190721104230-snapshot.jpg
5,0,20190721,104500,35,1,471,642,509,675,Jul25_0/314-20190721104500-snapshot.jpg
5,0,20190721,104530,33,1,471,642,508,676,Jul25_0/314-20190721104530-snapshot.jpg
5,0,20190721,104600,27,1,471,642,508,676,Jul25_0/314-20190721104600-snapshot.jpg
5,0,20190721,104630,48,1,471,642,509,676,Jul25_0/314-20190721104630-snapshot.jpg
5,0,20190721,132930,38,1,641,217,682,252,Jul25_0/314-20190721132930-snapshot.jpg
5,0,20190721,133430,33,1,640,217,687,254,Jul25_0/314-20190721133430-snapshot.jpg
5,0,20190721,133630,58,1,639,215,685,252,Jul25_0/314-20190721133630-snapshot.jpg
5,0,20190721,150930,82,5,914,646,966,708,Jul25_0/314-20190721150930-snapshot.jpg
5,0,20190721,181800,71,6,47,650,139,710,Jul25_0/314-20190721181800-snapshot.jpg
5,0,20190721,191230,47,6,1144,115,1220,170,Jul25_0/314-20190721191230-snapshot.jpg
5,0,20190721,191630,55,5,1547,766,1615,809,Jul25_0/314-20190721191630-snapshot.jpg
5,0,20190721,195900,30,5,1290,622,1333,677,Jul25_0/314-20190721195900-snapshot.jpg
5,0,20190721,195900,45,6,1291,622,1333,676,Jul25_0/314-20190721195900-snapshot.jpg
5,0,20190721,202000,35,5,1295,586,1341,620,Jul25_0/314-20190721202000-snapshot.jpg
5,0,20190721,202030,27,5,1254,373,1296,411,Jul25_0/314-20190721202030-snapshot.jpg
5,0,20190721,203400,83,5,932,396,981,451,Jul25_0/314-20190721203400-snapshot.jpg
5,0,20190722,081800,57,5,1514,0,1567,42,Jul25_0/322-20190722081800-snapshot.jpg
5,0,20190722,085000,80,6,1556,761,1639,813,Jul25_0/322-20190722085000-snapshot.jpg
5,0,20190722,085030,77,6,1596,879,1681,936,Jul25_0/322-20190722085030-snapshot.jpg
5,0,20190722,104800,83,8,1031,129,1084,194,Jul25_0/322-20190722104800-snapshot.jpg
5,0,20190722,112130,62,6,1364,515,1418,573,Jul25_0/322-20190722112130-snapshot.jpg
5,0,20190722,115500,39,5,449,7,503,56,Jul25_0/322-20190722115500-snapshot.jpg
5,0,20190722,121030,72,5,837,366,885,424,Jul25_0/322-20190722121030-snapshot.jpg
5,0,20190722,124300,70,5,1424,747,1489,785,Jul25_0/322-20190722124300-snapshot.jpg
5,0,20190722,124600,74,6,1158,88,1207,141,Jul25_0/322-20190722124600-snapshot.jpg
5,0,20190722,124630,73,6,1157,88,1207,143,Jul25_0/322-20190722124630-snapshot.jpg
5,0,20190722,130200,34,5,1345,582,1404,621,Jul25_0/322-20190722130200-snapshot.jpg
5,0,20190722,134730,68,6,1306,582,1375,635,Jul25_0/322-20190722134730-snapshot.jpg
5,0,20190722,140030,76,6,1392,559,1470,614,Jul25_0/322-20190722140030-snapshot.jpg
5,0,20190722,143330,29,1,465,650,506,685,Jul25_0/322-20190722143330-snapshot.jpg
5,0,20190722,144230,30,1,465,651,506,687,Jul25_0/322-20190722144230-snapshot.jpg
5,0,20190722,145630,43,1,466,652,507,688,Jul25_0/322-20190722145630-snapshot.jpg
5,0,20190722,160500,27,1,464,651,504,685,Jul25_0/322-20190722160500-snapshot.jpg
5,0,20190722,161300,27,1,464,651,504,685,Jul25_0/322-20190722161300-snapshot.jpg
5,0,20190722,163000,28,1,463,652,503,686,Jul25_0/322-20190722163000-snapshot.jpg
5,0,20190722,163030,31,1,463,651,504,686,Jul25_0/322-20190722163030-snapshot.jpg
5,0,20190722,163500,34,1,463,651,503,685,Jul25_0/322-20190722163500-snapshot.jpg
5,0,20190722,163630,45,1,462,651,503,686,Jul25_0/322-20190722163630-snapshot.jpg
5,0,20190722,163930,28,1,462,651,503,686,Jul25_0/322-20190722163930-snapshot.jpg
5,0,20190722,164130,27,1,462,651,503,686,Jul25_0/322-20190722164130-snapshot.jpg
5,0,20190722,164330,28,1,462,651,503,686,Jul25_0/322-20190722164330-snapshot.jpg
5,0,20190722,165100,25,1,462,651,502,686,Jul25_0/322-20190722165100-snapshot.jpg
5,0,20190722,170000,27,1,461,651,502,686,Jul25_0/322-20190722170000-snapshot.jpg
5,0,20190722,172030,39,1,461,651,501,686,Jul25_0/322-20190722172030-snapshot.jpg
5,0,20190722,172230,32,1,461,651,501,686,Jul25_0/322-20190722172230-snapshot.jpg
5,0,20190722,172630,26,1,460,651,500,686,Jul25_0/322-20190722172630-snapshot.jpg
5,0,20190722,173000,31,1,460,651,501,686,Jul25_0/322-20190722173000-snapshot.jpg
5,0,20190722,173400,33,1,460,651,500,685,Jul25_0/322-20190722173400-snapshot.jpg
5,0,20190722,174230,33,1,460,650,500,685,Jul25_0/322-20190722174230-snapshot.jpg
5,0,20190722,174530,30,1,460,650,500,686,Jul25_0/322-20190722174530-snapshot.jpg
5,0,20190722,174630,28,1,459,651,500,686,Jul25_0/322-20190722174630-snapshot.jpg
5,0,20190722,174700,36,1,459,650,500,686,Jul25_0/322-20190722174700-snapshot.jpg
5,0,20190722,174730,28,1,459,651,499,686,Jul25_0/322-20190722174730-snapshot.jpg
5,0,20190722,175000,29,1,459,651,500,685,Jul25_0/322-20190722175000-snapshot.jpg
5,0,20190722,175330,42,1,460,651,499,686,Jul25_0/322-20190722175330-snapshot.jpg
5,0,20190722,175530,32,1,459,650,499,685,Jul25_0/322-20190722175530-snapshot.jpg
5,0,20190722,183730,27,1,458,650,497,685,Jul25_0/322-20190722183730-snapshot.jpg
5,0,20190722,184300,26,1,458,651,497,685,Jul25_0/322-20190722184300-snapshot.jpg
5,0,20190722,185630,34,1,457,651,497,685,Jul25_0/322-20190722185630-snapshot.jpg
5,0,20190722,190330,49,1,458,651,497,684,Jul25_0/322-20190722190330-snapshot.jpg
5,0,20190722,190600,52,1,458,650,497,685,Jul25_0/322-20190722190600-snapshot.jpg
5,0,20190722,190630,46,1,457,651,497,685,Jul25_0/322-20190722190630-snapshot.jpg
5,0,20190722,190800,42,1,458,650,497,685,Jul25_0/322-20190722190800-snapshot.jpg
5,0,20190722,190830,42,1,457,650,497,685,Jul25_0/322-20190722190830-snapshot.jpg
5,0,20190722,191030,27,1,457,651,497,685,Jul25_0/322-20190722191030-snapshot.jpg
5,0,20190722,191100,28,1,458,650,497,684,Jul25_0/322-20190722191100-snapshot.jpg
5,0,20190722,191130,49,1,457,650,497,685,Jul25_0/322-20190722191130-snapshot.jpg
5,0,20190722,191200,34,1,457,650,497,685,Jul25_0/322-20190722191200-snapshot.jpg
5,0,20190722,191230,33,1,457,650,497,685,Jul25_0/322-20190722191230-snapshot.jpg
5,0,20190722,191300,38,1,457,650,497,684,Jul25_0/322-20190722191300-snapshot.jpg
5,0,20190722,191330,47,1,457,651,497,685,Jul25_0/322-20190722191330-snapshot.jpg
5,0,20190722,191430,42,1,457,650,497,685,Jul25_0/322-20190722191430-snapshot.jpg
5,0,20190722,191500,25,1,457,650,497,685,Jul25_0/322-20190722191500-snapshot.jpg
5,0,20190722,191530,40,1,457,650,497,685,Jul25_0/322-20190722191530-snapshot.jpg
5,0,20190722,191600,31,1,457,650,497,685,Jul25_0/322-20190722191600-snapshot.jpg
5,0,20190722,191630,25,1,457,650,497,685,Jul25_0/322-20190722191630-snapshot.jpg
5,0,20190722,191800,39,1,457,650,497,685,Jul25_0/322-20190722191800-snapshot.jpg
5,0,20190722,192230,27,1,457,650,497,684,Jul25_0/322-20190722192230-snapshot.jpg
5,0,20190722,192600,35,1,457,650,496,684,Jul25_0/322-20190722192600-snapshot.jpg
5,0,20190722,193000,33,1,457,650,496,684,Jul25_0/322-20190722193000-snapshot.jpg
5,0,20190722,193430,26,1,457,651,496,684,Jul25_0/322-20190722193430-snapshot.jpg
5,0,20190722,193630,32,1,457,651,496,684,Jul25_0/322-20190722193630-snapshot.jpg
5,0,20190722,193900,31,1,457,650,496,684,Jul25_0/322-20190722193900-snapshot.jpg
5,0,20190722,193930,32,1,457,651,496,684,Jul25_0/322-20190722193930-snapshot.jpg
5,0,20190722,194200,26,1,457,650,496,684,Jul25_0/322-20190722194200-snapshot.jpg
5,0,20190722,194300,34,1,457,651,496,684,Jul25_0/322-20190722194300-snapshot.jpg
5,0,20190722,194500,27,1,456,651,496,684,Jul25_0/322-20190722194500-snapshot.jpg
5,0,20190722,194900,27,1,457,649,497,684,Jul25_0/322-20190722194900-snapshot.jpg
5,0,20190722,194930,42,1,457,650,496,684,Jul25_0/322-20190722194930-snapshot.jpg
5,0,20190722,195200,42,1,457,650,496,684,Jul25_0/322-20190722195200-snapshot.jpg
5,0,20190722,195230,25,1,456,650,496,684,Jul25_0/322-20190722195230-snapshot.jpg
5,0,20190722,195400,44,1,457,651,495,684,Jul25_0/322-20190722195400-snapshot.jpg
5,0,20190722,195430,35,1,457,650,496,684,Jul25_0/322-20190722195430-snapshot.jpg
5,0,20190722,195530,27,1,457,650,496,684,Jul25_0/322-20190722195530-snapshot.jpg
5,0,20190722,195730,28,1,456,649,496,684,Jul25_0/322-20190722195730-snapshot.jpg
5,0,20190722,195830,32,1,456,650,496,684,Jul25_0/322-20190722195830-snapshot.jpg
5,0,20190722,200030,35,1,457,651,496,684,Jul25_0/322-20190722200030-snapshot.jpg
5,0,20190722,200600,28,1,457,650,496,684,Jul25_0/322-20190722200600-snapshot.jpg
5,0,20190722,200830,34,1,457,650,496,684,Jul25_0/322-20190722200830-snapshot.jpg
5,0,20190722,200930,39,1,457,650,495,684,Jul25_0/322-20190722200930-snapshot.jpg
5,0,20190722,201130,36,1,456,650,495,684,Jul25_0/322-20190722201130-snapshot.jpg
5,0,20190722,201200,35,1,456,650,495,684,Jul25_0/322-20190722201200-snapshot.jpg
5,0,20190722,201300,57,1,456,650,495,684,Jul25_0/322-20190722201300-snapshot.jpg
5,0,20190722,201400,27,1,456,650,495,684,Jul25_0/322-20190722201400-snapshot.jpg
5,0,20190722,201430,29,1,456,650,495,683,Jul25_0/322-20190722201430-snapshot.jpg
5,0,20190722,201700,47,1,456,650,495,684,Jul25_0/322-20190722201700-snapshot.jpg
5,0,20190722,201800,28,1,456,651,495,684,Jul25_0/322-20190722201800-snapshot.jpg
5,0,20190722,202300,37,1,456,650,496,684,Jul25_0/322-20190722202300-snapshot.jpg
5,0,20190722,202500,36,1,456,650,495,683,Jul25_0/322-20190722202500-snapshot.jpg
5,0,20190722,202800,29,1,456,650,495,684,Jul25_0/322-20190722202800-snapshot.jpg
5,0,20190722,203230,39,1,456,649,495,683,Jul25_0/322-20190722203230-snapshot.jpg
5,0,20190722,220930,57,1,650,490,698,532,Jul25_0/322-20190722220930-snapshot.jpg
5,0,20190722,221000,73,1,650,490,700,535,Jul25_0/322-20190722221000-snapshot.jpg
5,0,20190722,221030,33,1,651,489,700,533,Jul25_0/322-20190722221030-snapshot.jpg
5,0,20190722,221100,83,1,651,489,700,533,Jul25_0/322-20190722221100-snapshot.jpg
5,0,20190722,221130,57,1,650,489,700,534,Jul25_0/322-20190722221130-snapshot.jpg
5,0,20190722,221200,33,1,350,940,396,979,Jul25_0/322-20190722221200-snapshot.jpg
5,0,20190722,221530,41,5,1028,385,1100,491,Jul25_0/322-20190722221530-snapshot.jpg
5,0,20190722,221600,46,5,1027,392,1100,500,Jul25_0/322-20190722221600-snapshot.jpg
5,0,20190722,221630,68,5,1027,389,1100,498,Jul25_0/322-20190722221630-snapshot.jpg
5,0,20190722,221700,40,5,1027,386,1100,495,Jul25_0/322-20190722221700-snapshot.jpg
5,0,20190722,221730,39,5,1029,391,1099,497,Jul25_0/322-20190722221730-snapshot.jpg
5,0,20190722,221800,77,5,1027,386,1101,498,Jul25_0/322-20190722221800-snapshot.jpg
5,0,20190722,221830,51,5,1029,390,1099,498,Jul25_0/322-20190722221830-snapshot.jpg
5,0,20190722,221900,61,5,1027,393,1098,498,Jul25_0/322-20190722221900-snapshot.jpg
5,0,20190722,221930,48,5,1027,391,1100,492,Jul25_0/322-20190722221930-snapshot.jpg
5,0,20190723,071600,25,8,1518,397,1594,445,Jul25_0/328-20190723071600-snapshot.jpg
5,0,20190723,084000,48,8,1887,368,1920,460,Jul25_0/328-20190723084000-snapshot.jpg
5,0,20190723,084030,39,8,1887,369,1920,460,Jul25_0/328-20190723084030-snapshot.jpg
5,0,20190723,084100,33,8,1887,368,1920,460,Jul25_0/328-20190723084100-snapshot.jpg
5,0,20190723,084300,38,8,1889,370,1920,460,Jul25_0/328-20190723084300-snapshot.jpg
5,0,20190723,084400,26,8,1891,372,1920,459,Jul25_0/328-20190723084400-snapshot.jpg
5,0,20190723,093900,81,6,1136,101,1188,172,Jul25_0/328-20190723093900-snapshot.jpg
5,0,20190723,094930,69,5,1474,57,1555,108,Jul25_0/328-20190723094930-snapshot.jpg
5,0,20190723,100000,84,2,871,258,930,328,Jul25_0/328-20190723100000-snapshot.jpg
5,0,20190723,100900,53,6,1677,576,1733,647,Jul25_0/328-20190723100900-snapshot.jpg
5,0,20190723,101000,76,6,1672,853,1752,915,Jul25_0/328-20190723101000-snapshot.jpg
5,0,20190723,101100,80,5,1451,748,1533,797,Jul25_0/328-20190723101100-snapshot.jpg
5,0,20190723,101230,61,5,815,425,859,468,Jul25_0/328-20190723101230-snapshot.jpg
5,0,20190723,101330,79,6,1402,764,1481,812,Jul25_0/328-20190723101330-snapshot.jpg
5,0,20190723,104030,60,6,1366,625,1424,691,Jul25_0/328-20190723104030-snapshot.jpg
5,0,20190723,110300,81,5,780,337,835,404,Jul25_0/328-20190723110300-snapshot.jpg
5,0,20190723,110400,64,6,1364,562,1417,624,Jul25_0/328-20190723110400-snapshot.jpg
5,0,20190723,111900,49,5,849,593,888,639,Jul25_0/328-20190723111900-snapshot.jpg
5,0,20190723,111930,65,5,1260,370,1307,425,Jul25_0/328-20190723111930-snapshot.jpg
5,0,20190723,113800,67,6,1245,627,1316,679,Jul25_0/328-20190723113800-snapshot.jpg
5,0,20190723,122000,67,5,796,477,846,539,Jul25_0/328-20190723122000-snapshot.jpg
5,0,20190723,122330,81,5,1313,612,1396,681,Jul25_0/328-20190723122330-snapshot.jpg
5,0,20190723,123030,26,6,1331,590,1398,655,Jul25_0/328-20190723123030-snapshot.jpg
5,0,20190723,123430,76,5,798,386,849,445,Jul25_0/328-20190723123430-snapshot.jpg
5,0,20190723,124530,86,4,1228,0,1308,63,Jul25_0/328-20190723124530-snapshot.jpg
5,0,20190723,125000,36,5,662,98,717,163,Jul25_0/328-20190723125000-snapshot.jpg
5,0,20190723,131500,87,4,1436,50,1534,141,Jul25_0/328-20190723131500-snapshot.jpg
5,0,20190723,131600,59,5,1169,412,1213,460,Jul25_0/328-20190723131600-snapshot.jpg
5,0,20190723,131800,55,5,1246,517,1296,573,Jul25_0/328-20190723131800-snapshot.jpg
5,0,20190723,131800,85,1,1596,293,1639,327,Jul25_0/328-20190723131800-snapshot.jpg
5,0,20190723,132730,85,1,33,422,78,457,Jul25_0/328-20190723132730-snapshot.jpg
5,0,20190723,133030,38,1,996,196,1038,229,Jul25_0/328-20190723133030-snapshot.jpg
5,0,20190723,133130,50,1,995,198,1037,232,Jul25_0/328-20190723133130-snapshot.jpg
5,0,20190723,133430,26,1,997,200,1040,233,Jul25_0/328-20190723133430-snapshot.jpg
5,0,20190723,133600,87,3,1593,935,1690,1038,Jul25_0/328-20190723133600-snapshot.jpg
5,0,20190723,134700,56,5,941,460,986,505,Jul25_0/328-20190723134700-snapshot.jpg
5,0,20190723,140900,30,3,1347,702,1425,774,Jul25_0/328-20190723140900-snapshot.jpg
5,0,20190723,141400,67,5,1512,635,1567,675,Jul25_0/328-20190723141400-snapshot.jpg
5,0,20190723,143930,86,1,886,331,928,365,Jul25_0/328-20190723143930-snapshot.jpg
5,0,20190723,144500,74,1,950,488,992,521,Jul25_0/328-20190723144500-snapshot.jpg
5,0,20190723,144600,73,1,963,477,1007,510,Jul25_0/328-20190723144600-snapshot.jpg
5,0,20190723,144630,74,1,1229,459,1271,494,Jul25_0/328-20190723144630-snapshot.jpg
5,0,20190723,144700,83,1,1043,585,1086,628,Jul25_0/328-20190723144700-snapshot.jpg
5,0,20190723,144730,73,1,1131,538,1174,572,Jul25_0/328-20190723144730-snapshot.jpg
5,0,20190723,145100,86,1,1074,112,1119,153,Jul25_0/328-20190723145100-snapshot.jpg
5,0,20190723,145130,88,3,1469,62,1577,161,Jul25_0/328-20190723145130-snapshot.jpg
5,0,20190723,153830,35,5,1251,535,1301,576,Jul25_0/328-20190723153830-snapshot.jpg
5,0,20190723,161200,85,1,1868,670,1915,709,Jul25_0/328-20190723161200-snapshot.jpg
5,0,20190723,163300,76,5,1412,783,1492,832,Jul25_0/328-20190723163300-snapshot.jpg
5,0,20190723,164000,86,1,1072,441,1114,475,Jul25_0/328-20190723164000-snapshot.jpg
5,0,20190723,164030,42,1,1042,211,1079,243,Jul25_0/328-20190723164030-snapshot.jpg
5,0,20190723,165100,83,1,1641,582,1686,616,Jul25_0/328-20190723165100-snapshot.jpg
5,0,20190723,170700,62,6,1526,730,1607,790,Jul25_0/328-20190723170700-snapshot.jpg
5,0,20190723,170930,82,5,1652,745,1711,807,Jul25_0/328-20190723170930-snapshot.jpg
5,0,20190723,171530,35,5,820,383,864,420,Jul25_0/328-20190723171530-snapshot.jpg
5,0,20190723,172900,45,5,745,388,785,429,Jul25_0/328-20190723172900-snapshot.jpg
5,0,20190723,173030,84,8,808,364,893,425,Jul25_0/328-20190723173030-snapshot.jpg
5,0,20190723,173900,88,4,1459,51,1547,130,Jul25_0/328-20190723173900-snapshot.jpg
5,0,20190723,174730,78,1,904,948,951,992,Jul25_0/328-20190723174730-snapshot.jpg
5,0,20190723,174800,84,1,999,776,1037,816,Jul25_0/328-20190723174800-snapshot.jpg
5,0,20190723,175000,84,1,1125,750,1170,787,Jul25_0/328-20190723175000-snapshot.jpg
5,0,20190723,175030,80,1,1127,752,1171,789,Jul25_0/328-20190723175030-snapshot.jpg
5,0,20190723,175100,81,1,1129,749,1173,788,Jul25_0/328-20190723175100-snapshot.jpg
5,0,20190723,175130,83,1,1127,750,1172,787,Jul25_0/328-20190723175130-snapshot.jpg
5,0,20190723,175200,85,1,1111,740,1156,772,Jul25_0/328-20190723175200-snapshot.jpg
5,0,20190723,175230,82,1,1090,819,1135,857,Jul25_0/328-20190723175230-snapshot.jpg
5,0,20190723,175230,85,1,317,441,359,477,Jul25_0/328-20190723175230-snapshot.jpg
5,0,20190723,175230,87,1,650,540,693,580,Jul25_0/328-20190723175230-snapshot.jpg
5,0,20190723,175300,78,1,723,652,762,687,Jul25_0/328-20190723175300-snapshot.jpg
5,0,20190723,175300,79,1,1084,885,1127,923,Jul25_0/328-20190723175300-snapshot.jpg
5,0,20190723,175330,85,1,1049,441,1092,477,Jul25_0/328-20190723175330-snapshot.jpg
5,0,20190723,175700,80,1,726,600,770,644,Jul25_0/328-20190723175700-snapshot.jpg
5,0,20190723,175800,80,1,766,1045,806,1076,Jul25_0/328-20190723175800-snapshot.jpg
5,0,20190723,175830,29,1,950,264,987,294,Jul25_0/328-20190723175830-snapshot.jpg
5,0,20190723,175930,68,1,1439,206,1480,238,Jul25_0/328-20190723175930-snapshot.jpg
5,0,20190723,180030,82,1,1156,832,1197,864,Jul25_0/328-20190723180030-snapshot.jpg
5,0,20190723,180100,81,1,994,323,1037,359,Jul25_0/328-20190723180100-snapshot.jpg
5,0,20190723,180130,84,1,657,68,698,102,Jul25_0/328-20190723180130-snapshot.jpg
5,0,20190723,180200,62,1,619,846,659,881,Jul25_0/328-20190723180200-snapshot.jpg
5,0,20190723,180230,30,1,828,364,866,398,Jul25_0/328-20190723180230-snapshot.jpg
5,0,20190723,182730,65,1,123,409,159,441,Jul25_0/328-20190723182730-snapshot.jpg
5,0,20190723,183000,72,5,1300,586,1344,632,Jul25_0/328-20190723183000-snapshot.jpg
5,0,20190723,183030,82,5,1292,568,1341,622,Jul25_0/328-20190723183030-snapshot.jpg
5,0,20190723,183100,30,5,1253,523,1299,581,Jul25_0/328-20190723183100-snapshot.jpg
5,0,20190723,183300,68,5,663,177,733,236,Jul25_0/328-20190723183300-snapshot.jpg
5,0,20190723,183300,86,4,1328,627,1386,700,Jul25_0/328-20190723183300-snapshot.jpg
5,0,20190723,183330,87,8,1491,141,1544,215,Jul25_0/328-20190723183330-snapshot.jpg
5,0,20190723,184300,80,1,1580,585,1623,624,Jul25_0/328-20190723184300-snapshot.jpg
5,0,20190723,184330,32,5,1289,635,1332,681,Jul25_0/328-20190723184330-snapshot.jpg
5,0,20190723,184330,86,1,1172,883,1212,918,Jul25_0/328-20190723184330-snapshot.jpg
5,0,20190723,184500,85,1,432,786,472,825,Jul25_0/328-20190723184500-snapshot.jpg
5,0,20190723,184530,81,1,558,647,600,685,Jul25_0/328-20190723184530-snapshot.jpg
5,0,20190723,184600,60,1,401,718,437,751,Jul25_0/328-20190723184600-snapshot.jpg
5,0,20190723,184800,67,8,1517,339,1610,412,Jul25_0/328-20190723184800-snapshot.jpg
5,0,20190723,184930,70,1,1505,367,1542,400,Jul25_0/328-20190723184930-snapshot.jpg
5,0,20190723,185000,84,1,1724,754,1765,795,Jul25_0/328-20190723185000-snapshot.jpg
5,0,20190723,185900,84,1,1761,725,1803,764,Jul25_0/328-20190723185900-snapshot.jpg
5,0,20190723,190000,84,1,1353,898,1396,932,Jul25_0/328-20190723190000-snapshot.jpg
5,0,20190723,190100,84,1,620,939,665,979,Jul25_0/328-20190723190100-snapshot.jpg
5,0,20190723,190100,86,4,1492,51,1587,122,Jul25_0/328-20190723190100-snapshot.jpg
5,0,20190723,190530,79,6,929,378,981,439,Jul25_0/328-20190723190530-snapshot.jpg
5,0,20190723,190600,34,6,927,378,987,437,Jul25_0/328-20190723190600-snapshot.jpg
5,0,20190723,190630,65,6,929,377,984,439,Jul25_0/328-20190723190630-snapshot.jpg
5,0,20190723,190700,68,1,1826,724,1869,763,Jul25_0/328-20190723190700-snapshot.jpg
5,0,20190723,191430,83,1,1718,548,1760,584,Jul25_0/328-20190723191430-snapshot.jpg
5,0,20190723,191900,88,1,1846,381,1894,429,Jul25_0/328-20190723191900-snapshot.jpg
5,0,20190723,191930,86,1,1721,506,1767,548,Jul25_0/328-20190723191930-snapshot.jpg
5,0,20190723,192000,80,1,1752,510,1794,547,Jul25_0/328-20190723192000-snapshot.jpg
5,0,20190723,192030,36,1,988,736,1026,767,Jul25_0/328-20190723192030-snapshot.jpg
5,0,20190723,192030,81,1,1752,508,1794,546,Jul25_0/328-20190723192030-snapshot.jpg
5,0,20190723,192100,86,1,1747,502,1792,544,Jul25_0/328-20190723192100-snapshot.jpg
5,0,20190723,192130,81,1,1730,543,1775,581,Jul25_0/328-20190723192130-snapshot.jpg
5,0,20190723,192200,84,1,1731,470,1772,506,Jul25_0/328-20190723192200-snapshot.jpg
5,0,20190723,192230,84,1,1742,497,1782,530,Jul25_0/328-20190723192230-snapshot.jpg
5,0,20190723,192300,83,1,1740,495,1784,535,Jul25_0/328-20190723192300-snapshot.jpg
5,0,20190723,192330,85,1,1746,506,1788,543,Jul25_0/328-20190723192330-snapshot.jpg
5,0,20190723,192400,72,1,1634,699,1676,736,Jul25_0/328-20190723192400-snapshot.jpg
5,0,20190723,192400,85,1,1728,542,1772,579,Jul25_0/328-20190723192400-snapshot.jpg
5,0,20190723,192430,85,1,1386,668,1425,703,Jul25_0/328-20190723192430-snapshot.jpg
5,0,20190723,192500,32,1,1102,261,1138,292,Jul25_0/328-20190723192500-snapshot.jpg
5,0,20190723,192500,76,1,1579,536,1619,571,Jul25_0/328-20190723192500-snapshot.jpg
5,0,20190723,192530,46,1,798,487,839,528,Jul25_0/328-20190723192530-snapshot.jpg
5,0,20190723,192530,81,1,1649,472,1689,508,Jul25_0/328-20190723192530-snapshot.jpg
5,0,20190723,192600,78,1,451,512,495,549,Jul25_0/328-20190723192600-snapshot.jpg
5,0,20190723,192600,79,1,1896,443,1920,487,Jul25_0/328-20190723192600-snapshot.jpg
5,0,20190723,192630,80,1,1700,436,1738,469,Jul25_0/328-20190723192630-snapshot.jpg
5,0,20190723,192700,62,1,1744,439,1781,473,Jul25_0/328-20190723192700-snapshot.jpg
5,0,20190723,192730,86,1,1735,442,1781,487,Jul25_0/328-20190723192730-snapshot.jpg
5,0,20190723,192800,84,1,1712,493,1758,533,Jul25_0/328-20190723192800-snapshot.jpg
5,0,20190723,192900,85,1,1686,500,1731,541,Jul25_0/328-20190723192900-snapshot.jpg
5,0,20190723,192930,85,1,1745,430,1787,469,Jul25_0/328-20190723192930-snapshot.jpg
5,0,20190723,193000,86,1,1664,371,1709,415,Jul25_0/328-20190723193000-snapshot.jpg
5,0,20190723,193030,86,1,1690,322,1735,361,Jul25_0/328-20190723193030-snapshot.jpg
5,0,20190723,193100,84,1,1791,564,1840,614,Jul25_0/328-20190723193100-snapshot.jpg
5,0,20190723,193130,86,1,1777,628,1823,670,Jul25_0/328-20190723193130-snapshot.jpg
5,0,20190723,193230,84,1,1847,346,1890,383,Jul25_0/328-20190723193230-snapshot.jpg
5,0,20190723,193230,85,1,1104,886,1148,927,Jul25_0/328-20190723193230-snapshot.jpg
5,0,20190723,193300,84,1,1672,113,1719,156,Jul25_0/328-20190723193300-snapshot.jpg
5,0,20190723,193330,81,1,1692,187,1734,226,Jul25_0/328-20190723193330-snapshot.jpg
5,0,20190723,193400,83,1,1100,749,1141,787,Jul25_0/328-20190723193400-snapshot.jpg
5,0,20190723,193430,52,1,1149,471,1186,505,Jul25_0/328-20190723193430-snapshot.jpg
5,0,20190723,193430,84,1,1678,453,1720,489,Jul25_0/328-20190723193430-snapshot.jpg
5,0,20190723,193500,84,1,1043,307,1084,347,Jul25_0/328-20190723193500-snapshot.jpg
5,0,20190723,193530,76,1,1072,114,1112,145,Jul25_0/328-20190723193530-snapshot.jpg
5,0,20190723,193530,84,1,1403,724,1445,762,Jul25_0/328-20190723193530-snapshot.jpg
5,0,20190723,193700,83,1,1777,682,1819,722,Jul25_0/328-20190723193700-snapshot.jpg
5,0,20190723,194300,84,1,126,816,171,855,Jul25_0/328-20190723194300-snapshot.jpg
5,0,20190723,194330,74,1,158,851,206,900,Jul25_0/328-20190723194330-snapshot.jpg
5,0,20190723,194330,84,1,1867,349,1911,389,Jul25_0/328-20190723194330-snapshot.jpg
5,0,20190723,194400,86,1,171,723,218,768,Jul25_0/328-20190723194400-snapshot.jpg
5,0,20190723,194430,83,1,218,971,264,1015,Jul25_0/328-20190723194430-snapshot.jpg
5,0,20190723,194500,50,1,111,1051,148,1079,Jul25_0/328-20190723194500-snapshot.jpg
5,0,20190723,194630,74,1,1179,1,1220,32,Jul25_0/328-20190723194630-snapshot.jpg
5,0,20190723,194730,34,1,1758,415,1794,446,Jul25_0/328-20190723194730-snapshot.jpg
5,0,20190723,194730,84,1,1007,217,1048,250,Jul25_0/328-20190723194730-snapshot.jpg
5,0,20190723,194800,48,1,1747,524,1784,555,Jul25_0/328-20190723194800-snapshot.jpg
5,0,20190723,194800,51,1,938,368,981,406,Jul25_0/328-20190723194800-snapshot.jpg
5,0,20190723,194830,41,1,653,1006,694,1042,Jul25_0/328-20190723194830-snapshot.jpg
5,0,20190723,194830,83,1,1713,514,1758,553,Jul25_0/328-20190723194830-snapshot.jpg
5,0,20190723,194930,61,1,1422,662,1460,696,Jul25_0/328-20190723194930-snapshot.jpg
5,0,20190723,194930,62,1,852,503,895,549,Jul25_0/328-20190723194930-snapshot.jpg
5,0,20190723,195000,44,1,814,614,856,655,Jul25_0/328-20190723195000-snapshot.jpg
5,0,20190723,195000,83,1,1268,831,1307,868,Jul25_0/328-20190723195000-snapshot.jpg
5,0,20190723,195030,85,1,886,760,926,793,Jul25_0/328-20190723195030-snapshot.jpg
5,0,20190723,195100,81,1,909,402,952,436,Jul25_0/328-20190723195100-snapshot.jpg
5,0,20190723,195300,65,1,34,224,78,261,Jul25_0/328-20190723195300-snapshot.jpg
5,0,20190723,195800,77,1,1117,738,1157,768,Jul25_0/328-20190723195800-snapshot.jpg
5,0,20190723,195900,57,1,1476,135,1515,170,Jul25_0/328-20190723195900-snapshot.jpg
5,0,20190723,203000,70,1,1898,252,1920,296,Jul25_0/328-20190723203000-snapshot.jpg
5,0,20190723,203200,69,1,1398,860,1435,894,Jul25_0/328-20190723203200-snapshot.jpg
5,0,20190723,203400,86,1,742,473,782,513,Jul25_0/328-20190723203400-snapshot.jpg
5,0,20190723,203430,84,1,1148,475,1190,519,Jul25_0/328-20190723203430-snapshot.jpg
5,0,20190723,203430,88,1,510,444,553,489,Jul25_0/328-20190723203430-snapshot.jpg
5,0,20190723,203500,78,1,1562,76,1611,127,Jul25_0/328-20190723203500-snapshot.jpg
5,0,20190723,203500,82,1,605,762,645,795,Jul25_0/328-20190723203500-snapshot.jpg
5,0,20190723,203530,47,1,635,972,675,1012,Jul25_0/328-20190723203530-snapshot.jpg
5,0,20190723,203600,80,1,144,617,185,654,Jul25_0/328-20190723203600-snapshot.jpg
5,0,20190723,203600,82,1,643,968,684,1006,Jul25_0/328-20190723203600-snapshot.jpg
5,0,20190723,203630,87,1,91,633,139,684,Jul25_0/328-20190723203630-snapshot.jpg
5,0,20190723,203700,76,1,1474,107,1520,148,Jul25_0/328-20190723203700-snapshot.jpg
5,0,20190723,203830,81,1,1262,77,1303,119,Jul25_0/328-20190723203830-snapshot.jpg
5,0,20190723,203900,84,1,1236,222,1282,266,Jul25_0/328-20190723203900-snapshot.jpg
5,0,20190723,203930,83,1,1237,177,1278,217,Jul25_0/328-20190723203930-snapshot.jpg
5,0,20190723,204000,82,1,1246,230,1292,273,Jul25_0/328-20190723204000-snapshot.jpg
5,0,20190723,204030,75,1,1261,462,1302,503,Jul25_0/328-20190723204030-snapshot.jpg
5,0,20190723,204100,40,1,1158,496,1200,537,Jul25_0/328-20190723204100-snapshot.jpg
5,0,20190723,204130,83,1,1273,595,1315,638,Jul25_0/328-20190723204130-snapshot.jpg
5,0,20190723,204200,77,1,1315,559,1356,597,Jul25_0/328-20190723204200-snapshot.jpg
5,0,20190723,204300,81,1,1395,564,1434,598,Jul25_0/328-20190723204300-snapshot.jpg
5,0,20190723,204330,79,1,1223,379,1263,413,Jul25_0/328-20190723204330-snapshot.jpg
5,0,20190723,204400,82,1,1052,440,1093,476,Jul25_0/328-20190723204400-snapshot.jpg
5,0,20190723,204430,85,1,831,605,879,661,Jul25_0/328-20190723204430-snapshot.jpg
5,0,20190723,204530,77,1,855,414,899,448,Jul25_0/328-20190723204530-snapshot.jpg
5,0,20190723,204700,72,1,461,600,501,638,Jul25_0/328-20190723204700-snapshot.jpg
5,0,20190723,204730,86,1,432,716,475,762,Jul25_0/328-20190723204730-snapshot.jpg
5,0,20190723,204930,86,1,69,692,116,742,Jul25_0/328-20190723204930-snapshot.jpg
5,0,20190723,205030,81,1,1760,771,1801,807,Jul25_0/328-20190723205030-snapshot.jpg
5,0,20190723,205200,77,1,133,668,174,704,Jul25_0/328-20190723205200-snapshot.jpg
5,0,20190723,205200,82,1,957,700,997,740,Jul25_0/328-20190723205200-snapshot.jpg
5,0,20190723,205230,26,1,660,645,701,682,Jul25_0/328-20190723205230-snapshot.jpg
5,0,20190723,205300,85,1,726,508,769,549,Jul25_0/328-20190723205300-snapshot.jpg
5,0,20190723,205330,78,1,750,302,786,336,Jul25_0/328-20190723205330-snapshot.jpg
5,0,20190723,205400,78,1,668,118,705,152,Jul25_0/328-20190723205400-snapshot.jpg
5,0,20190723,205800,71,6,1164,53,1218,115,Jul25_0/328-20190723205800-snapshot.jpg
5,0,20190723,210000,63,6,1544,74,1608,144,Jul25_0/328-20190723210000-snapshot.jpg
5,0,20190723,210100,83,1,742,32,784,69,Jul25_0/328-20190723210100-snapshot.jpg
5,0,20190723,210230,86,1,964,117,1009,157,Jul25_0/328-20190723210230-snapshot.jpg
5,0,20190723,210300,85,1,938,277,981,315,Jul25_0/328-20190723210300-snapshot.jpg
5,0,20190723,210400,39,1,1239,545,1277,584,Jul25_0/328-20190723210400-snapshot.jpg
5,0,20190723,210630,85,1,331,60,377,102,Jul25_0/328-20190723210630-snapshot.jpg
5,0,20190723,210730,79,1,1366,177,1405,213,Jul25_0/328-20190723210730-snapshot.jpg
5,0,20190723,210800,83,1,378,686,418,725,Jul25_0/328-20190723210800-snapshot.jpg
5,0,20190723,210900,54,1,465,648,508,683,Jul25_0/328-20190723210900-snapshot.jpg
5,0,20190723,210930,86,1,349,754,390,789,Jul25_0/328-20190723210930-snapshot.jpg
5,0,20190723,211000,87,1,155,946,206,1004,Jul25_0/328-20190723211000-snapshot.jpg
5,0,20190723,211030,87,1,1466,242,1506,276,Jul25_0/328-20190723211030-snapshot.jpg
5,0,20190723,211100,84,1,1666,319,1706,350,Jul25_0/328-20190723211100-snapshot.jpg
5,0,20190723,211100,85,1,1426,199,1465,232,Jul25_0/328-20190723211100-snapshot.jpg
5,0,20190723,211200,59,1,1792,380,1828,410,Jul25_0/328-20190723211200-snapshot.jpg
5,0,20190723,211230,62,1,1782,384,1818,414,Jul25_0/328-20190723211230-snapshot.jpg
5,0,20190723,211230,79,1,1492,64,1541,109,Jul25_0/328-20190723211230-snapshot.jpg
5,0,20190723,211300,74,1,1495,82,1545,126,Jul25_0/328-20190723211300-snapshot.jpg
5,0,20190723,211300,77,1,1695,391,1735,426,Jul25_0/328-20190723211300-snapshot.jpg
5,0,20190723,211330,86,1,1598,515,1641,554,Jul25_0/328-20190723211330-snapshot.jpg
5,0,20190723,211430,82,1,1369,59,1410,95,Jul25_0/328-20190723211430-snapshot.jpg
5,0,20190723,211500,55,1,1512,0,1558,40,Jul25_0/328-20190723211500-snapshot.jpg
5,0,20190723,211530,65,1,1901,444,1920,486,Jul25_0/328-20190723211530-snapshot.jpg
5,0,20190723,211630,55,1,1333,114,1371,145,Jul25_0/328-20190723211630-snapshot.jpg
5,0,20190723,211700,79,1,1411,57,1451,91,Jul25_0/328-20190723211700-snapshot.jpg
5,0,20190723,211800,80,1,1121,321,1164,363,Jul25_0/328-20190723211800-snapshot.jpg
5,0,20190723,211830,77,1,1033,606,1074,642,Jul25_0/328-20190723211830-snapshot.jpg
5,0,20190723,211930,88,1,726,471,772,520,Jul25_0/328-20190723211930-snapshot.jpg
5,0,20190723,212000,71,1,384,514,423,550,Jul25_0/328-20190723212000-snapshot.jpg
5,0,20190723,212030,83,1,266,539,309,582,Jul25_0/328-20190723212030-snapshot.jpg
5,0,20190723,212100,86,1,34,672,79,716,Jul25_0/328-20190723212100-snapshot.jpg
5,0,20190723,212130,87,1,147,975,195,1026,Jul25_0/328-20190723212130-snapshot.jpg
5,0,20190723,212230,69,1,1154,0,1195,26,Jul25_0/328-20190723212230-snapshot.jpg
5,0,20190723,212300,80,1,881,19,924,52,Jul25_0/328-20190723212300-snapshot.jpg
5,0,20190723,212330,87,1,747,8,796,58,Jul25_0/328-20190723212330-snapshot.jpg
5,0,20190723,212500,82,1,794,19,834,57,Jul25_0/328-20190723212500-snapshot.jpg
5,0,20190723,213000,81,1,1265,436,1306,474,Jul25_0/328-20190723213000-snapshot.jpg
5,0,20190723,213030,76,1,1162,493,1206,535,Jul25_0/328-20190723213030-snapshot.jpg
5,0,20190723,213130,86,1,993,855,1038,903,Jul25_0/328-20190723213130-snapshot.jpg
5,0,20190723,213200,83,1,917,869,960,907,Jul25_0/328-20190723213200-snapshot.jpg
5,0,20190723,213230,83,1,916,868,959,907,Jul25_0/328-20190723213230-snapshot.jpg
5,0,20190723,213300,73,1,907,860,949,893,Jul25_0/328-20190723213300-snapshot.jpg
5,0,20190723,213330,85,1,877,777,919,815,Jul25_0/328-20190723213330-snapshot.jpg
5,0,20190723,213600,68,1,1079,732,1120,764,Jul25_0/328-20190723213600-snapshot.jpg
5,0,20190723,213630,51,1,1080,732,1122,763,Jul25_0/328-20190723213630-snapshot.jpg
5,0,20190723,213800,88,1,1090,732,1134,767,Jul25_0/328-20190723213800-snapshot.jpg
5,0,20190723,213830,88,1,1090,733,1133,766,Jul25_0/328-20190723213830-snapshot.jpg
5,0,20190723,213900,88,1,1090,732,1133,766,Jul25_0/328-20190723213900-snapshot.jpg
5,0,20190723,213930,88,1,1090,733,1132,766,Jul25_0/328-20190723213930-snapshot.jpg
5,0,20190723,214000,88,1,1090,732,1133,766,Jul25_0/328-20190723214000-snapshot.jpg
5,0,20190723,214030,87,1,1089,733,1132,766,Jul25_0/328-20190723214030-snapshot.jpg
5,0,20190723,214100,83,1,1080,726,1125,761,Jul25_0/328-20190723214100-snapshot.jpg
5,0,20190723,214130,84,1,1080,726,1122,758,Jul25_0/328-20190723214130-snapshot.jpg
5,0,20190723,214200,88,1,1085,729,1129,763,Jul25_0/328-20190723214200-snapshot.jpg
5,0,20190723,214230,89,1,1090,733,1133,767,Jul25_0/328-20190723214230-snapshot.jpg
5,0,20190723,214300,88,1,1091,733,1133,766,Jul25_0/328-20190723214300-snapshot.jpg
5,0,20190723,214330,88,1,1089,732,1133,767,Jul25_0/328-20190723214330-snapshot.jpg
5,0,20190723,214400,86,1,1091,733,1136,768,Jul25_0/328-20190723214400-snapshot.jpg
5,0,20190723,214430,88,1,1090,732,1135,768,Jul25_0/328-20190723214430-snapshot.jpg
5,0,20190723,214500,89,1,1090,732,1134,766,Jul25_0/328-20190723214500-snapshot.jpg
5,0,20190723,214530,89,1,1090,732,1134,767,Jul25_0/328-20190723214530-snapshot.jpg
5,0,20190723,214600,88,1,1091,732,1134,766,Jul25_0/328-20190723214600-snapshot.jpg
5,0,20190723,214630,87,1,1090,732,1134,767,Jul25_0/328-20190723214630-snapshot.jpg
5,0,20190723,214700,87,1,1085,729,1130,763,Jul25_0/328-20190723214700-snapshot.jpg
5,0,20190723,214730,87,1,1086,731,1130,766,Jul25_0/328-20190723214730-snapshot.jpg
5,0,20190723,214800,82,1,1093,732,1135,766,Jul25_0/328-20190723214800-snapshot.jpg
5,0,20190723,214830,88,1,1094,731,1135,764,Jul25_0/328-20190723214830-snapshot.jpg
5,0,20190723,214900,88,1,1094,730,1135,764,Jul25_0/328-20190723214900-snapshot.jpg
5,0,20190723,214930,88,1,1094,731,1135,765,Jul25_0/328-20190723214930-snapshot.jpg
5,0,20190723,215000,88,1,1094,732,1135,766,Jul25_0/328-20190723215000-snapshot.jpg
5,0,20190723,215030,87,1,1096,732,1137,766,Jul25_0/328-20190723215030-snapshot.jpg
5,0,20190723,215100,79,1,1094,732,1135,764,Jul25_0/328-20190723215100-snapshot.jpg
5,0,20190723,215130,87,1,1092,732,1134,765,Jul25_0/328-20190723215130-snapshot.jpg
5,0,20190723,215200,88,1,1090,730,1134,764,Jul25_0/328-20190723215200-snapshot.jpg
5,0,20190723,215230,89,1,1090,730,1134,765,Jul25_0/328-20190723215230-snapshot.jpg
5,0,20190723,215300,88,1,1091,733,1134,766,Jul25_0/328-20190723215300-snapshot.jpg
5,0,20190723,215330,88,1,1089,733,1132,765,Jul25_0/328-20190723215330-snapshot.jpg
5,0,20190723,215400,86,1,1088,734,1131,767,Jul25_0/328-20190723215400-snapshot.jpg
5,0,20190723,215430,88,1,1087,734,1130,767,Jul25_0/328-20190723215430-snapshot.jpg
5,0,20190723,215500,86,1,1090,733,1132,766,Jul25_0/328-20190723215500-snapshot.jpg
5,0,20190723,215530,86,1,1088,733,1132,766,Jul25_0/328-20190723215530-snapshot.jpg
5,0,20190723,215600,85,1,1088,733,1132,767,Jul25_0/328-20190723215600-snapshot.jpg
5,0,20190723,215630,85,1,1088,734,1131,768,Jul25_0/328-20190723215630-snapshot.jpg
5,0,20190723,215700,87,1,1088,733,1132,767,Jul25_0/328-20190723215700-snapshot.jpg
5,0,20190723,215730,87,1,1089,733,1132,766,Jul25_0/328-20190723215730-snapshot.jpg
5,0,20190723,215800,85,1,1090,733,1132,765,Jul25_0/328-20190723215800-snapshot.jpg
5,0,20190723,215830,47,1,1088,734,1132,768,Jul25_0/328-20190723215830-snapshot.jpg
5,0,20190723,215900,75,1,1089,733,1133,768,Jul25_0/328-20190723215900-snapshot.jpg
5,0,20190723,215930,86,1,1090,733,1133,766,Jul25_0/328-20190723215930-snapshot.jpg
5,0,20190723,220000,84,1,1088,733,1131,765,Jul25_0/328-20190723220000-snapshot.jpg
5,0,20190723,220030,86,1,1089,734,1132,767,Jul25_0/328-20190723220030-snapshot.jpg
5,0,20190723,220100,84,1,1087,734,1132,768,Jul25_0/328-20190723220100-snapshot.jpg
5,0,20190723,220130,87,1,1087,733,1132,767,Jul25_0/328-20190723220130-snapshot.jpg
5,0,20190723,220200,77,1,1088,734,1132,768,Jul25_0/328-20190723220200-snapshot.jpg
5,0,20190723,220230,85,1,1088,734,1133,767,Jul25_0/328-20190723220230-snapshot.jpg
5,0,20190723,220300,84,1,1088,733,1131,766,Jul25_0/328-20190723220300-snapshot.jpg
5,0,20190723,220330,82,1,1089,734,1132,767,Jul25_0/328-20190723220330-snapshot.jpg
5,0,20190723,220400,68,1,1089,734,1133,768,Jul25_0/328-20190723220400-snapshot.jpg
5,0,20190723,220500,83,1,1088,734,1133,767,Jul25_0/328-20190723220500-snapshot.jpg
5,0,20190723,220530,76,1,1088,734,1132,767,Jul25_0/328-20190723220530-snapshot.jpg
5,0,20190723,220600,77,1,1087,733,1131,769,Jul25_0/328-20190723220600-snapshot.jpg
5,0,20190723,220630,76,1,1088,734,1132,768,Jul25_0/328-20190723220630-snapshot.jpg
5,0,20190723,220700,32,1,1088,733,1131,766,Jul25_0/328-20190723220700-snapshot.jpg
5,0,20190723,220730,51,1,1088,735,1131,768,Jul25_0/328-20190723220730-snapshot.jpg
5,0,20190723,220800,49,1,1089,735,1132,768,Jul25_0/328-20190723220800-snapshot.jpg
5,0,20190723,222030,43,5,1028,402,1090,487,Jul25_0/328-20190723222030-snapshot.jpg
5,0,20190723,222200,54,5,1026,392,1092,487,Jul25_0/329-20190723222200-snapshot.jpg
5,0,20190724,043600,43,1,346,942,392,981,Jul25_0/336-20190724043600-snapshot.jpg
5,0,20190724,043600,79,1,661,494,706,533,Jul25_0/336-20190724043600-snapshot.jpg
5,0,20190724,043730,55,1,346,941,392,981,Jul25_0/337-20190724043730-snapshot.jpg
5,0,20190724,043730,60,1,661,496,705,534,Jul25_0/337-20190724043730-snapshot.jpg
5,0,20190724,043800,60,1,345,940,393,982,Jul25_0/337-20190724043800-snapshot.jpg
5,0,20190724,044300,51,1,1085,732,1127,763,Jul25_0/339-20190724044300-snapshot.jpg
5,0,20190724,044330,25,1,1084,732,1127,764,Jul25_0/339-20190724044330-snapshot.jpg
5,0,20190724,044400,82,1,1085,733,1128,763,Jul25_0/339-20190724044400-snapshot.jpg
5,0,20190724,044430,80,1,1086,733,1128,763,Jul25_0/339-20190724044430-snapshot.jpg
5,0,20190724,044500,77,1,1085,732,1127,763,Jul25_0/339-20190724044500-snapshot.jpg
5,0,20190724,044530,39,1,1085,732,1127,763,Jul25_0/339-20190724044530-snapshot.jpg
5,0,20190724,044600,82,1,1085,732,1128,763,Jul25_0/339-20190724044600-snapshot.jpg
5,0,20190724,044630,84,1,1085,733,1128,764,Jul25_0/339-20190724044630-snapshot.jpg
5,0,20190724,044700,84,1,1085,732,1127,763,Jul25_0/339-20190724044700-snapshot.jpg
5,0,20190724,044730,85,1,1085,732,1127,763,Jul25_0/339-20190724044730-snapshot.jpg
5,0,20190724,044800,85,1,1086,732,1128,763,Jul25_0/339-20190724044800-snapshot.jpg
5,0,20190724,044830,84,1,1085,732,1127,763,Jul25_0/339-20190724044830-snapshot.jpg
5,0,20190724,044900,85,1,1085,732,1128,764,Jul25_0/339-20190724044900-snapshot.jpg
5,0,20190724,044930,83,1,1084,732,1127,763,Jul25_0/339-20190724044930-snapshot.jpg
5,0,20190724,045000,86,1,1084,730,1128,762,Jul25_0/339-20190724045000-snapshot.jpg
5,0,20190724,045030,83,1,1084,729,1128,762,Jul25_0/339-20190724045030-snapshot.jpg
5,0,20190724,045100,84,1,1083,728,1128,762,Jul25_0/339-20190724045100-snapshot.jpg
5,0,20190724,045130,82,1,1084,728,1127,761,Jul25_0/339-20190724045130-snapshot.jpg
5,0,20190724,045200,82,1,1083,728,1127,761,Jul25_0/339-20190724045200-snapshot.jpg
5,0,20190724,045230,84,1,1083,728,1128,762,Jul25_0/339-20190724045230-snapshot.jpg
5,0,20190724,045300,85,1,1082,728,1128,762,Jul25_0/339-20190724045300-snapshot.jpg
5,0,20190724,045330,85,1,1084,730,1128,762,Jul25_0/339-20190724045330-snapshot.jpg
5,0,20190724,045400,83,1,1084,731,1128,763,Jul25_0/339-20190724045400-snapshot.jpg
5,0,20190724,045430,81,1,1084,730,1127,762,Jul25_0/339-20190724045430-snapshot.jpg
5,0,20190724,045500,82,1,1085,730,1128,762,Jul25_0/339-20190724045500-snapshot.jpg
5,0,20190724,045530,85,1,1085,730,1128,762,Jul25_0/339-20190724045530-snapshot.jpg
5,0,20190724,045600,82,1,1083,731,1127,763,Jul25_0/339-20190724045600-snapshot.jpg
5,0,20190724,045630,87,1,1084,730,1128,762,Jul25_0/339-20190724045630-snapshot.jpg
5,0,20190724,045700,83,1,1084,730,1127,762,Jul25_0/339-20190724045700-snapshot.jpg
5,0,20190724,045730,84,1,1084,731,1127,763,Jul25_0/339-20190724045730-snapshot.jpg
5,0,20190724,045800,87,1,1084,731,1127,763,Jul25_0/339-20190724045800-snapshot.jpg
5,0,20190724,045830,85,1,1084,731,1127,762,Jul25_0/339-20190724045830-snapshot.jpg
5,0,20190724,045900,44,1,1084,731,1127,763,Jul25_0/339-20190724045900-snapshot.jpg
5,0,20190724,045930,84,1,1084,730,1127,762,Jul25_0/339-20190724045930-snapshot.jpg
5,0,20190724,050000,86,1,1085,731,1128,763,Jul25_0/339-20190724050000-snapshot.jpg
5,0,20190724,050030,83,1,1035,742,1077,779,Jul25_0/339-20190724050030-snapshot.jpg
5,0,20190724,050100,47,1,1029,738,1069,775,Jul25_0/339-20190724050100-snapshot.jpg
5,0,20190724,050200,78,1,1022,701,1064,746,Jul25_0/339-20190724050200-snapshot.jpg
5,0,20190724,050330,84,1,948,770,991,808,Jul25_0/339-20190724050330-snapshot.jpg
5,0,20190724,050400,84,1,911,783,954,823,Jul25_0/339-20190724050400-snapshot.jpg
5,0,20190724,050430,86,1,905,789,951,837,Jul25_0/339-20190724050430-snapshot.jpg
5,0,20190724,050500,79,1,958,801,1000,841,Jul25_0/339-20190724050500-snapshot.jpg
5,0,20190724,050600,85,1,931,771,973,808,Jul25_0/339-20190724050600-snapshot.jpg
5,0,20190724,050730,85,1,997,727,1040,766,Jul25_0/339-20190724050730-snapshot.jpg
5,0,20190724,050900,83,1,1098,795,1144,839,Jul25_0/339-20190724050900-snapshot.jpg
5,0,20190724,050930,87,1,1096,812,1142,859,Jul25_0/339-20190724050930-snapshot.jpg
5,0,20190724,051000,82,1,1080,806,1124,851,Jul25_0/339-20190724051000-snapshot.jpg
5,0,20190724,051030,82,1,1076,806,1121,850,Jul25_0/339-20190724051030-snapshot.jpg
5,0,20190724,051100,88,1,1067,811,1110,858,Jul25_0/339-20190724051100-snapshot.jpg
5,0,20190724,051130,85,1,1083,808,1128,853,Jul25_0/339-20190724051130-snapshot.jpg
5,0,20190724,051200,79,1,1068,805,1111,850,Jul25_0/339-20190724051200-snapshot.jpg
5,0,20190724,051230,84,1,1048,809,1091,854,Jul25_0/339-20190724051230-snapshot.jpg
5,0,20190724,051300,84,1,1046,809,1088,854,Jul25_0/339-20190724051300-snapshot.jpg
5,0,20190724,051330,87,1,1051,815,1094,860,Jul25_0/339-20190724051330-snapshot.jpg
5,0,20190724,051400,77,1,1060,804,1102,848,Jul25_0/339-20190724051400-snapshot.jpg
5,0,20190724,051430,87,1,1054,822,1097,870,Jul25_0/339-20190724051430-snapshot.jpg
5,0,20190724,051500,81,1,1052,800,1096,847,Jul25_0/339-20190724051500-snapshot.jpg
5,0,20190724,051730,85,1,1011,803,1053,845,Jul25_0/339-20190724051730-snapshot.jpg
5,0,20190724,051900,86,1,1035,832,1079,877,Jul25_0/339-20190724051900-snapshot.jpg
5,0,20190724,051930,86,1,1047,817,1090,863,Jul25_0/339-20190724051930-snapshot.jpg
5,0,20190724,052000,86,1,1047,817,1090,864,Jul25_0/339-20190724052000-snapshot.jpg
5,0,20190724,052030,86,1,1048,817,1090,863,Jul25_0/339-20190724052030-snapshot.jpg
5,0,20190724,052100,86,1,1047,815,1089,860,Jul25_0/339-20190724052100-snapshot.jpg
5,0,20190724,052130,85,1,1049,816,1091,861,Jul25_0/339-20190724052130-snapshot.jpg
5,0,20190724,052200,85,1,1043,807,1086,852,Jul25_0/339-20190724052200-snapshot.jpg
5,0,20190724,052230,87,1,1035,800,1077,843,Jul25_0/339-20190724052230-snapshot.jpg
5,0,20190724,052300,68,1,1013,813,1050,848,Jul25_0/339-20190724052300-snapshot.jpg
5,0,20190724,052330,85,1,1008,765,1050,806,Jul25_0/339-20190724052330-snapshot.jpg
5,0,20190724,052500,84,1,1051,811,1092,855,Jul25_0/339-20190724052500-snapshot.jpg
5,0,20190724,055030,26,1,1045,803,1082,843,Jul25_0/340-20190724055030-snapshot.jpg
5,0,20190724,055330,84,1,994,771,1034,813,Jul25_0/340-20190724055330-snapshot.jpg
5,0,20190724,055400,63,1,1001,742,1041,777,Jul25_0/340-20190724055400-snapshot.jpg
5,0,20190724,055430,84,1,985,730,1025,763,Jul25_0/340-20190724055430-snapshot.jpg
5,0,20190724,055500,82,1,1021,681,1061,721,Jul25_0/340-20190724055500-snapshot.jpg
5,0,20190724,055830,40,1,1042,717,1080,751,Jul25_0/340-20190724055830-snapshot.jpg
5,0,20190724,060100,50,1,994,727,1033,763,Jul25_0/340-20190724060100-snapshot.jpg
5,0,20190724,060130,80,1,994,726,1033,762,Jul25_0/340-20190724060130-snapshot.jpg
5,0,20190724,060200,82,1,994,726,1034,762,Jul25_0/340-20190724060200-snapshot.jpg
5,0,20190724,060230,81,1,994,727,1034,763,Jul25_0/340-20190724060230-snapshot.jpg
5,0,20190724,060300,84,1,993,726,1032,762,Jul25_0/340-20190724060300-snapshot.jpg
5,0,20190724,060330,86,1,985,723,1025,762,Jul25_0/340-20190724060330-snapshot.jpg
5,0,20190724,060400,81,1,982,715,1021,758,Jul25_0/340-20190724060400-snapshot.jpg
5,0,20190724,060430,85,1,987,720,1026,757,Jul25_0/340-20190724060430-snapshot.jpg
5,0,20190724,060600,81,1,934,766,975,800,Jul25_0/340-20190724060600-snapshot.jpg
5,0,20190724,060700,84,1,783,721,826,761,Jul25_0/340-20190724060700-snapshot.jpg
5,0,20190724,060730,85,1,775,720,819,760,Jul25_0/340-20190724060730-snapshot.jpg
5,0,20190724,060800,84,1,777,720,819,760,Jul25_0/340-20190724060800-snapshot.jpg
5,0,20190724,060830,85,1,776,720,819,760,Jul25_0/340-20190724060830-snapshot.jpg
5,0,20190724,060900,81,1,778,721,820,761,Jul25_0/340-20190724060900-snapshot.jpg
5,0,20190724,060930,85,1,777,719,819,759,Jul25_0/340-20190724060930-snapshot.jpg
5,0,20190724,061000,85,1,776,718,819,759,Jul25_0/340-20190724061000-snapshot.jpg
5,0,20190724,061030,81,1,776,718,818,758,Jul25_0/340-20190724061030-snapshot.jpg
5,0,20190724,061100,83,1,775,718,817,757,Jul25_0/340-20190724061100-snapshot.jpg
5,0,20190724,061130,77,1,776,718,818,757,Jul25_0/340-20190724061130-snapshot.jpg
5,0,20190724,061200,82,1,776,718,818,758,Jul25_0/340-20190724061200-snapshot.jpg
5,0,20190724,061230,84,1,776,718,818,758,Jul25_0/340-20190724061230-snapshot.jpg
5,0,20190724,061300,83,1,776,718,818,758,Jul25_0/340-20190724061300-snapshot.jpg
5,0,20190724,061330,80,1,777,719,818,758,Jul25_0/340-20190724061330-snapshot.jpg
5,0,20190724,061400,83,1,777,719,819,758,Jul25_0/340-20190724061400-snapshot.jpg
5,0,20190724,061430,35,1,777,719,819,759,Jul25_0/340-20190724061430-snapshot.jpg
5,0,20190724,061500,82,1,777,718,819,757,Jul25_0/340-20190724061500-snapshot.jpg
5,0,20190724,061530,72,1,778,718,819,757,Jul25_0/340-20190724061530-snapshot.jpg
5,0,20190724,061600,80,1,778,718,819,758,Jul25_0/340-20190724061600-snapshot.jpg
5,0,20190724,061630,76,1,777,718,818,757,Jul25_0/340-20190724061630-snapshot.jpg
5,0,20190724,061700,75,1,777,717,819,757,Jul25_0/340-20190724061700-snapshot.jpg
5,0,20190724,061730,80,1,777,719,819,758,Jul25_0/340-20190724061730-snapshot.jpg
5,0,20190724,061800,80,1,777,719,818,758,Jul25_0/340-20190724061800-snapshot.jpg
5,0,20190724,061830,73,1,776,718,818,757,Jul25_0/340-20190724061830-snapshot.jpg
5,0,20190724,061900,74,1,777,719,818,758,Jul25_0/340-20190724061900-snapshot.jpg
5,0,20190724,061930,60,1,778,719,818,758,Jul25_0/340-20190724061930-snapshot.jpg
5,0,20190724,062000,75,1,777,718,819,757,Jul25_0/340-20190724062000-snapshot.jpg
5,0,20190724,062030,62,1,778,719,818,758,Jul25_0/340-20190724062030-snapshot.jpg
5,0,20190724,062030,80,1,1852,567,1893,601,Jul25_0/340-20190724062030-snapshot.jpg
5,0,20190724,062100,82,1,777,718,819,757,Jul25_0/340-20190724062100-snapshot.jpg
5,0,20190724,062130,81,1,777,718,818,757,Jul25_0/340-20190724062130-snapshot.jpg
5,0,20190724,062200,80,1,777,718,819,757,Jul25_0/340-20190724062200-snapshot.jpg
5,0,20190724,062230,76,1,774,718,817,758,Jul25_0/340-20190724062230-snapshot.jpg
5,0,20190724,062300,75,1,1816,622,1857,664,Jul25_0/340-20190724062300-snapshot.jpg
5,0,20190724,062300,83,1,774,717,817,757,Jul25_0/340-20190724062300-snapshot.jpg
5,0,20190724,062330,82,1,774,717,817,757,Jul25_0/340-20190724062330-snapshot.jpg
5,0,20190724,062400,60,1,1726,577,1766,610,Jul25_0/340-20190724062400-snapshot.jpg
5,0,20190724,062400,84,1,775,717,818,758,Jul25_0/340-20190724062400-snapshot.jpg
5,0,20190724,062430,56,1,774,717,816,757,Jul25_0/340-20190724062430-snapshot.jpg
5,0,20190724,062500,69,1,775,717,817,756,Jul25_0/340-20190724062500-snapshot.jpg
5,0,20190724,062530,71,1,775,717,817,756,Jul25_0/340-20190724062530-snapshot.jpg
5,0,20190724,062600,66,1,775,717,817,755,Jul25_0/340-20190724062600-snapshot.jpg
5,0,20190724,062630,48,1,774,716,815,755,Jul25_0/340-20190724062630-snapshot.jpg
5,0,20190724,062700,75,1,775,716,817,755,Jul25_0/340-20190724062700-snapshot.jpg
5,0,20190724,062730,71,1,775,716,817,756,Jul25_0/340-20190724062730-snapshot.jpg
5,0,20190724,062800,78,1,776,716,818,756,Jul25_0/340-20190724062800-snapshot.jpg
5,0,20190724,062830,25,1,776,717,817,755,Jul25_0/340-20190724062830-snapshot.jpg
5,0,20190724,062900,69,1,775,717,817,755,Jul25_0/340-20190724062900-snapshot.jpg
5,0,20190724,062930,73,1,776,716,817,756,Jul25_0/340-20190724062930-snapshot.jpg
5,0,20190724,063000,67,1,776,716,817,755,Jul25_0/340-20190724063000-snapshot.jpg
5,0,20190724,063030,64,1,776,717,817,756,Jul25_0/340-20190724063030-snapshot.jpg
5,0,20190724,063100,73,1,776,717,817,755,Jul25_0/340-20190724063100-snapshot.jpg
5,0,20190724,063130,80,1,776,717,817,755,Jul25_0/340-20190724063130-snapshot.jpg
5,0,20190724,063200,80,1,776,717,817,755,Jul25_0/340-20190724063200-snapshot.jpg
5,0,20190724,063230,77,1,775,717,816,755,Jul25_0/340-20190724063230-snapshot.jpg
5,0,20190724,063300,69,1,778,717,819,756,Jul25_0/340-20190724063300-snapshot.jpg
5,0,20190724,063330,86,1,774,716,817,755,Jul25_0/340-20190724063330-snapshot.jpg
5,0,20190724,063400,27,1,754,719,792,754,Jul25_0/340-20190724063400-snapshot.jpg
5,0,20190724,063430,82,1,729,711,769,750,Jul25_0/340-20190724063430-snapshot.jpg
5,0,20190724,063500,37,1,717,784,755,821,Jul25_0/340-20190724063500-snapshot.jpg
5,0,20190724,063530,84,1,722,765,761,806,Jul25_0/340-20190724063530-snapshot.jpg
5,0,20190724,063600,86,1,728,764,771,809,Jul25_0/340-20190724063600-snapshot.jpg
5,0,20190724,063630,74,1,805,835,841,871,Jul25_0/340-20190724063630-snapshot.jpg
5,0,20190724,063700,26,1,807,746,847,781,Jul25_0/340-20190724063700-snapshot.jpg
5,0,20190724,063900,63,1,708,640,748,675,Jul25_0/340-20190724063900-snapshot.jpg
5,0,20190724,063930,86,1,764,690,805,724,Jul25_0/340-20190724063930-snapshot.jpg
5,0,20190724,064000,83,1,795,736,839,773,Jul25_0/340-20190724064000-snapshot.jpg
5,0,20190724,064030,83,1,796,737,839,773,Jul25_0/340-20190724064030-snapshot.jpg
5,0,20190724,064100,85,1,797,739,840,775,Jul25_0/340-20190724064100-snapshot.jpg
5,0,20190724,064130,88,1,799,740,843,776,Jul25_0/340-20190724064130-snapshot.jpg
5,0,20190724,064200,87,1,800,739,843,775,Jul25_0/340-20190724064200-snapshot.jpg
5,0,20190724,064230,88,1,800,739,843,776,Jul25_0/340-20190724064230-snapshot.jpg
5,0,20190724,064300,87,1,800,739,844,776,Jul25_0/340-20190724064300-snapshot.jpg
5,0,20190724,064330,88,1,799,737,843,774,Jul25_0/340-20190724064330-snapshot.jpg
5,0,20190724,064400,88,1,800,737,843,774,Jul25_0/340-20190724064400-snapshot.jpg
5,0,20190724,064430,87,1,799,737,843,773,Jul25_0/340-20190724064430-snapshot.jpg
5,0,20190724,064500,88,1,799,737,843,773,Jul25_0/340-20190724064500-snapshot.jpg
5,0,20190724,064530,88,1,799,739,843,774,Jul25_0/340-20190724064530-snapshot.jpg
5,0,20190724,064600,88,1,800,739,843,776,Jul25_0/340-20190724064600-snapshot.jpg
5,0,20190724,064630,88,1,800,740,843,776,Jul25_0/340-20190724064630-snapshot.jpg
5,0,20190724,064700,88,1,800,739,843,776,Jul25_0/340-20190724064700-snapshot.jpg
5,0,20190724,064730,88,1,800,739,843,777,Jul25_0/340-20190724064730-snapshot.jpg
5,0,20190724,064800,88,1,799,738,843,775,Jul25_0/340-20190724064800-snapshot.jpg
5,0,20190724,064830,88,1,800,739,843,775,Jul25_0/340-20190724064830-snapshot.jpg
5,0,20190724,064900,87,1,799,739,843,775,Jul25_0/340-20190724064900-snapshot.jpg
5,0,20190724,064930,88,1,799,739,842,775,Jul25_0/340-20190724064930-snapshot.jpg
5,0,20190724,065000,88,1,800,739,843,775,Jul25_0/340-20190724065000-snapshot.jpg
5,0,20190724,065030,88,1,800,739,843,775,Jul25_0/340-20190724065030-snapshot.jpg
5,0,20190724,065100,88,1,799,739,843,775,Jul25_0/340-20190724065100-snapshot.jpg
5,0,20190724,065130,88,1,799,739,843,776,Jul25_0/340-20190724065130-snapshot.jpg
5,0,20190724,065200,88,1,800,739,843,776,Jul25_0/340-20190724065200-snapshot.jpg
5,0,20190724,065230,88,1,799,739,844,776,Jul25_0/340-20190724065230-snapshot.jpg
5,0,20190724,065300,88,1,800,740,843,776,Jul25_0/340-20190724065300-snapshot.jpg
5,0,20190724,065330,87,1,800,739,844,776,Jul25_0/340-20190724065330-snapshot.jpg
5,0,20190724,065400,88,1,800,739,843,776,Jul25_0/340-20190724065400-snapshot.jpg
5,0,20190724,065430,88,1,800,740,842,776,Jul25_0/340-20190724065430-snapshot.jpg
5,0,20190724,065500,88,1,800,739,842,776,Jul25_0/340-20190724065500-snapshot.jpg
5,0,20190724,065530,88,1,800,739,843,776,Jul25_0/340-20190724065530-snapshot.jpg
5,0,20190724,065600,88,1,800,740,843,776,Jul25_0/340-20190724065600-snapshot.jpg
5,0,20190724,065630,88,1,800,740,843,776,Jul25_0/340-20190724065630-snapshot.jpg
5,0,20190724,065700,88,1,800,740,843,776,Jul25_0/340-20190724065700-snapshot.jpg
5,0,20190724,065730,88,1,800,739,843,776,Jul25_0/340-20190724065730-snapshot.jpg
5,0,20190724,065800,87,1,800,741,843,778,Jul25_0/340-20190724065800-snapshot.jpg
5,0,20190724,065830,87,1,799,739,842,774,Jul25_0/340-20190724065830-snapshot.jpg
5,0,20190724,065900,87,1,799,740,842,776,Jul25_0/340-20190724065900-snapshot.jpg
5,0,20190724,065930,88,1,800,740,842,776,Jul25_0/340-20190724065930-snapshot.jpg
5,0,20190724,070000,87,1,799,739,843,775,Jul25_0/340-20190724070000-snapshot.jpg
5,0,20190724,070030,88,1,800,740,842,775,Jul25_0/340-20190724070030-snapshot.jpg
5,0,20190724,070100,88,1,800,740,842,775,Jul25_0/340-20190724070100-snapshot.jpg
5,0,20190724,070130,88,1,800,739,842,775,Jul25_0/340-20190724070130-snapshot.jpg
5,0,20190724,070200,88,1,801,740,842,775,Jul25_0/340-20190724070200-snapshot.jpg
5,0,20190724,070230,88,1,800,741,842,776,Jul25_0/340-20190724070230-snapshot.jpg
5,0,20190724,070300,88,1,801,740,843,776,Jul25_0/340-20190724070300-snapshot.jpg
5,0,20190724,070330,87,1,800,739,843,775,Jul25_0/340-20190724070330-snapshot.jpg
5,0,20190724,070400,88,1,800,740,842,775,Jul25_0/340-20190724070400-snapshot.jpg
5,0,20190724,070430,88,1,800,741,842,776,Jul25_0/340-20190724070430-snapshot.jpg
5,0,20190724,070500,88,1,801,741,842,776,Jul25_0/340-20190724070500-snapshot.jpg
5,0,20190724,070530,88,1,801,740,843,776,Jul25_0/340-20190724070530-snapshot.jpg
5,0,20190724,070600,88,1,800,740,842,776,Jul25_0/340-20190724070600-snapshot.jpg
5,0,20190724,070630,88,1,801,741,842,776,Jul25_0/340-20190724070630-snapshot.jpg
5,0,20190724,070700,88,1,800,740,842,776,Jul25_0/340-20190724070700-snapshot.jpg
5,0,20190724,070730,88,1,800,740,843,776,Jul25_0/340-20190724070730-snapshot.jpg
5,0,20190724,070800,88,1,800,740,842,776,Jul25_0/340-20190724070800-snapshot.jpg
5,0,20190724,070830,88,1,801,740,843,776,Jul25_0/340-20190724070830-snapshot.jpg
5,0,20190724,070900,88,1,800,740,842,776,Jul25_0/340-20190724070900-snapshot.jpg
5,0,20190724,070930,88,1,800,741,842,776,Jul25_0/340-20190724070930-snapshot.jpg
5,0,20190724,071000,88,1,800,740,842,775,Jul25_0/340-20190724071000-snapshot.jpg
5,0,20190724,071030,88,1,800,741,842,776,Jul25_0/340-20190724071030-snapshot.jpg
5,0,20190724,071100,88,1,801,741,842,776,Jul25_0/340-20190724071100-snapshot.jpg
5,0,20190724,071130,88,1,800,741,842,776,Jul25_0/340-20190724071130-snapshot.jpg
5,0,20190724,071200,87,1,801,741,843,777,Jul25_0/340-20190724071200-snapshot.jpg
5,0,20190724,071230,87,1,801,741,842,777,Jul25_0/340-20190724071230-snapshot.jpg
5,0,20190724,071300,87,1,801,741,842,777,Jul25_0/340-20190724071300-snapshot.jpg
5,0,20190724,071330,87,1,801,741,842,777,Jul25_0/340-20190724071330-snapshot.jpg
5,0,20190724,071400,87,1,801,741,843,777,Jul25_0/340-20190724071400-snapshot.jpg
5,0,20190724,071430,87,1,801,741,843,777,Jul25_0/340-20190724071430-snapshot.jpg
5,0,20190724,071500,88,1,800,741,842,776,Jul25_0/340-20190724071500-snapshot.jpg
5,0,20190724,071530,87,1,801,741,843,777,Jul25_0/340-20190724071530-snapshot.jpg
5,0,20190724,071600,88,1,800,741,842,776,Jul25_0/340-20190724071600-snapshot.jpg
5,0,20190724,071630,87,1,800,741,842,777,Jul25_0/340-20190724071630-snapshot.jpg
5,0,20190724,071700,87,1,801,739,844,775,Jul25_0/340-20190724071700-snapshot.jpg
5,0,20190724,071730,88,1,801,740,843,775,Jul25_0/340-20190724071730-snapshot.jpg
5,0,20190724,071800,88,1,800,740,842,776,Jul25_0/340-20190724071800-snapshot.jpg
5,0,20190724,071830,88,1,800,740,843,776,Jul25_0/340-20190724071830-snapshot.jpg
5,0,20190724,071900,87,1,801,741,843,777,Jul25_0/340-20190724071900-snapshot.jpg
5,0,20190724,071930,87,1,800,741,843,777,Jul25_0/340-20190724071930-snapshot.jpg
5,0,20190724,072000,87,1,801,741,843,777,Jul25_0/340-20190724072000-snapshot.jpg
5,0,20190724,072030,87,1,801,741,843,777,Jul25_0/340-20190724072030-snapshot.jpg
5,0,20190724,072100,86,1,800,741,843,777,Jul25_0/340-20190724072100-snapshot.jpg
5,0,20190724,072130,87,1,800,741,843,777,Jul25_0/340-20190724072130-snapshot.jpg
5,0,20190724,072200,87,1,800,741,842,777,Jul25_0/340-20190724072200-snapshot.jpg
5,0,20190724,072230,88,1,801,741,842,777,Jul25_0/340-20190724072230-snapshot.jpg
5,0,20190724,072300,88,1,801,740,842,776,Jul25_0/340-20190724072300-snapshot.jpg
5,0,20190724,072330,87,1,800,741,842,776,Jul25_0/340-20190724072330-snapshot.jpg
5,0,20190724,072400,87,1,801,741,843,777,Jul25_0/340-20190724072400-snapshot.jpg
5,0,20190724,072430,87,1,801,741,843,777,Jul25_0/340-20190724072430-snapshot.jpg
5,0,20190724,072500,87,1,801,741,842,777,Jul25_0/340-20190724072500-snapshot.jpg
5,0,20190724,072530,88,1,800,740,843,776,Jul25_0/340-20190724072530-snapshot.jpg
5,0,20190724,072600,86,1,788,730,829,765,Jul25_0/340-20190724072600-snapshot.jpg
5,0,20190724,072700,79,1,657,705,697,745,Jul25_0/340-20190724072700-snapshot.jpg
5,0,20190724,072800,85,1,921,803,962,840,Jul25_0/340-20190724072800-snapshot.jpg
5,0,20190724,073000,68,1,892,685,933,729,Jul25_0/340-20190724073000-snapshot.jpg
5,0,20190724,073200,88,1,716,797,757,840,Jul25_0/340-20190724073200-snapshot.jpg
5,0,20190724,073230,88,1,716,797,757,839,Jul25_0/340-20190724073230-snapshot.jpg
5,0,20190724,073300,87,1,715,797,756,839,Jul25_0/340-20190724073300-snapshot.jpg
5,0,20190724,073330,88,1,717,796,757,839,Jul25_0/340-20190724073330-snapshot.jpg
5,0,20190724,073400,90,1,717,793,759,837,Jul25_0/340-20190724073400-snapshot.jpg
5,0,20190724,073430,90,1,715,791,758,837,Jul25_0/340-20190724073430-snapshot.jpg
5,0,20190724,073500,90,1,717,792,759,837,Jul25_0/340-20190724073500-snapshot.jpg
5,0,20190724,073530,89,1,718,792,759,835,Jul25_0/340-20190724073530-snapshot.jpg
5,0,20190724,073600,89,1,718,793,760,836,Jul25_0/340-20190724073600-snapshot.jpg
5,0,20190724,073630,57,1,885,1019,927,1056,Jul25_0/340-20190724073630-snapshot.jpg
5,0,20190724,073630,89,1,717,792,758,836,Jul25_0/340-20190724073630-snapshot.jpg
5,0,20190724,073700,82,1,873,907,913,947,Jul25_0/340-20190724073700-snapshot.jpg
5,0,20190724,073700,89,1,717,792,759,835,Jul25_0/340-20190724073700-snapshot.jpg
5,0,20190724,073730,89,1,717,791,759,835,Jul25_0/340-20190724073730-snapshot.jpg
5,0,20190724,073800,84,1,853,698,894,734,Jul25_0/340-20190724073800-snapshot.jpg
5,0,20190724,073800,89,1,717,794,758,836,Jul25_0/340-20190724073800-snapshot.jpg
5,0,20190724,073830,89,1,717,794,758,836,Jul25_0/340-20190724073830-snapshot.jpg
5,0,20190724,073900,82,1,709,806,748,845,Jul25_0/340-20190724073900-snapshot.jpg
5,0,20190724,073930,87,1,729,726,772,767,Jul25_0/340-20190724073930-snapshot.jpg
5,0,20190724,074000,60,1,299,563,338,601,Jul25_0/340-20190724074000-snapshot.jpg
5,0,20190724,074000,87,1,729,727,772,768,Jul25_0/340-20190724074000-snapshot.jpg
5,0,20190724,074030,87,1,729,727,772,768,Jul25_0/340-20190724074030-snapshot.jpg
5,0,20190724,074100,86,1,729,653,771,689,Jul25_0/340-20190724074100-snapshot.jpg
5,0,20190724,074230,82,1,712,565,754,607,Jul25_0/340-20190724074230-snapshot.jpg
5,0,20190724,074300,83,1,647,607,690,648,Jul25_0/340-20190724074300-snapshot.jpg
5,0,20190724,074330,85,1,720,736,761,772,Jul25_0/340-20190724074330-snapshot.jpg
5,0,20190724,074400,87,1,719,732,763,774,Jul25_0/340-20190724074400-snapshot.jpg
5,0,20190724,074430,87,1,719,732,763,774,Jul25_0/340-20190724074430-snapshot.jpg
5,0,20190724,074500,87,1,720,732,763,774,Jul25_0/340-20190724074500-snapshot.jpg
5,0,20190724,074530,85,1,721,734,764,775,Jul25_0/340-20190724074530-snapshot.jpg
5,0,20190724,074600,85,1,721,734,764,775,Jul25_0/340-20190724074600-snapshot.jpg
5,0,20190724,074630,86,1,721,733,764,774,Jul25_0/340-20190724074630-snapshot.jpg
5,0,20190724,074700,86,1,721,734,764,774,Jul25_0/340-20190724074700-snapshot.jpg
5,0,20190724,074730,85,1,721,733,765,775,Jul25_0/340-20190724074730-snapshot.jpg
5,0,20190724,074800,86,1,720,733,764,775,Jul25_0/340-20190724074800-snapshot.jpg
5,0,20190724,074830,87,1,720,733,764,775,Jul25_0/340-20190724074830-snapshot.jpg
5,0,20190724,074900,86,1,720,732,763,775,Jul25_0/340-20190724074900-snapshot.jpg
5,0,20190724,074930,86,1,720,733,764,775,Jul25_0/340-20190724074930-snapshot.jpg
5,0,20190724,075000,86,1,720,733,763,775,Jul25_0/340-20190724075000-snapshot.jpg
5,0,20190724,075030,86,1,720,733,764,774,Jul25_0/340-20190724075030-snapshot.jpg
5,0,20190724,075100,86,1,720,733,764,775,Jul25_0/340-20190724075100-snapshot.jpg
5,0,20190724,075130,87,1,720,733,763,775,Jul25_0/340-20190724075130-snapshot.jpg
5,0,20190724,075200,79,1,667,830,709,869,Jul25_0/340-20190724075200-snapshot.jpg
5,0,20190724,075230,84,1,698,818,737,852,Jul25_0/340-20190724075230-snapshot.jpg
5,0,20190724,075400,86,1,595,1032,638,1077,Jul25_0/340-20190724075400-snapshot.jpg
5,0,20190724,075830,41,1,586,942,630,982,Jul25_0/340-20190724075830-snapshot.jpg
5,0,20190724,075930,50,1,587,944,631,983,Jul25_0/340-20190724075930-snapshot.jpg
5,0,20190724,080000,37,1,587,945,631,984,Jul25_0/340-20190724080000-snapshot.jpg
5,0,20190724,080330,66,1,590,946,635,985,Jul25_0/340-20190724080330-snapshot.jpg
5,0,20190724,081300,79,1,676,504,719,544,Jul25_0/340-20190724081300-snapshot.jpg
5,0,20190724,081400,83,1,463,432,504,468,Jul25_0/340-20190724081400-snapshot.jpg
5,0,20190724,081500,80,1,109,610,150,649,Jul25_0/340-20190724081500-snapshot.jpg
5,0,20190724,081530,87,1,27,573,71,616,Jul25_0/340-20190724081530-snapshot.jpg
5,0,20190724,081600,87,1,28,573,71,616,Jul25_0/340-20190724081600-snapshot.jpg
5,0,20190724,081630,88,1,28,573,71,616,Jul25_0/340-20190724081630-snapshot.jpg
5,0,20190724,081900,27,4,0,353,21,405,Jul25_0/340-20190724081900-snapshot.jpg
5,0,20190724,082200,84,1,56,466,97,506,Jul25_0/340-20190724082200-snapshot.jpg
5,0,20190724,082230,82,1,168,538,210,578,Jul25_0/340-20190724082230-snapshot.jpg
5,0,20190724,082400,82,1,267,517,308,554,Jul25_0/340-20190724082400-snapshot.jpg
5,0,20190724,082430,76,1,262,517,308,559,Jul25_0/340-20190724082430-snapshot.jpg
5,0,20190724,082500,77,1,348,476,386,511,Jul25_0/340-20190724082500-snapshot.jpg
5,0,20190724,082630,82,1,468,710,512,753,Jul25_0/340-20190724082630-snapshot.jpg
5,0,20190724,082730,84,1,607,805,646,843,Jul25_0/340-20190724082730-snapshot.jpg
5,0,20190724,082800,64,1,620,821,663,858,Jul25_0/340-20190724082800-snapshot.jpg
5,0,20190724,082830,72,1,667,891,708,934,Jul25_0/340-20190724082830-snapshot.jpg
5,0,20190724,083330,30,1,715,1012,761,1059,Jul25_0/340-20190724083330-snapshot.jpg
5,0,20190724,083400,80,1,907,990,952,1034,Jul25_0/340-20190724083400-snapshot.jpg
5,0,20190724,090130,48,1,796,146,836,178,Jul25_0/340-20190724090130-snapshot.jpg
5,0,20190724,090300,53,1,285,105,322,135,Jul25_0/340-20190724090300-snapshot.jpg
5,0,20190724,090330,73,1,399,368,440,405,Jul25_0/340-20190724090330-snapshot.jpg
5,0,20190724,090430,81,1,272,745,320,783,Jul25_0/340-20190724090430-snapshot.jpg
5,0,20190724,090500,72,1,267,1054,311,1080,Jul25_0/340-20190724090500-snapshot.jpg
5,0,20190724,092030,83,1,1190,1028,1238,1071,Jul25_0/340-20190724092030-snapshot.jpg
5,0,20190724,092130,85,1,649,401,690,434,Jul25_0/340-20190724092130-snapshot.jpg
5,0,20190724,092200,78,1,354,187,395,221,Jul25_0/340-20190724092200-snapshot.jpg
5,0,20190724,093930,69,1,1189,994,1230,1032,Jul25_0/340-20190724093930-snapshot.jpg
5,0,20190724,094030,86,1,530,512,573,554,Jul25_0/340-20190724094030-snapshot.jpg
5,0,20190724,094100,85,1,710,442,751,476,Jul25_0/340-20190724094100-snapshot.jpg
5,0,20190724,094200,77,1,627,679,664,711,Jul25_0/340-20190724094200-snapshot.jpg
5,0,20190724,094230,85,1,256,636,301,677,Jul25_0/340-20190724094230-snapshot.jpg
5,0,20190724,094300,86,1,262,657,306,697,Jul25_0/340-20190724094300-snapshot.jpg
5,0,20190724,094330,85,1,280,661,324,702,Jul25_0/340-20190724094330-snapshot.jpg
5,0,20190724,094400,86,1,243,655,288,696,Jul25_0/340-20190724094400-snapshot.jpg
5,0,20190724,094430,78,8,1789,332,1853,399,Jul25_0/340-20190724094430-snapshot.jpg
5,0,20190724,094500,83,1,96,682,135,715,Jul25_0/340-20190724094500-snapshot.jpg
5,0,20190724,094530,85,1,265,371,312,411,Jul25_0/340-20190724094530-snapshot.jpg
5,0,20190724,094600,81,1,572,311,613,344,Jul25_0/340-20190724094600-snapshot.jpg
5,0,20190724,094630,79,1,728,737,768,777,Jul25_0/340-20190724094630-snapshot.jpg
5,0,20190724,102930,82,1,19,282,65,320,Jul25_0/340-20190724102930-snapshot.jpg
5,0,20190724,103000,85,1,8,379,57,422,Jul25_0/340-20190724103000-snapshot.jpg
5,0,20190724,103100,84,1,685,390,728,427,Jul25_0/340-20190724103100-snapshot.jpg
5,0,20190724,103200,84,1,1088,97,1130,134,Jul25_0/340-20190724103200-snapshot.jpg
5,0,20190724,103500,76,1,1111,828,1151,867,Jul25_0/340-20190724103500-snapshot.jpg
5,0,20190724,103600,84,1,420,668,465,710,Jul25_0/340-20190724103600-snapshot.jpg
5,0,20190724,103630,86,1,381,155,427,194,Jul25_0/340-20190724103630-snapshot.jpg
5,0,20190724,105630,53,5,1519,723,1587,767,Jul25_0/340-20190724105630-snapshot.jpg
5,0,20190724,105800,45,5,790,412,833,448,Jul25_0/340-20190724105800-snapshot.jpg
5,0,20190724,110830,72,1,1673,150,1718,191,Jul25_0/340-20190724110830-snapshot.jpg
5,0,20190724,110900,72,1,1597,530,1640,568,Jul25_0/340-20190724110900-snapshot.jpg
5,0,20190724,110930,82,1,1437,998,1483,1040,Jul25_0/340-20190724110930-snapshot.jpg
5,0,20190724,114730,72,6,1655,373,1708,439,Jul25_0/340-20190724114730-snapshot.jpg
5,0,20190724,115830,84,1,639,523,684,566,Jul25_0/340-20190724115830-snapshot.jpg
5,0,20190724,115900,84,1,1032,354,1070,388,Jul25_0/340-20190724115900-snapshot.jpg
5,0,20190724,120930,87,4,1449,112,1545,188,Jul25_0/340-20190724120930-snapshot.jpg
5,0,20190724,121800,56,5,1379,574,1452,628,Jul25_0/340-20190724121800-snapshot.jpg
5,0,20190724,121830,45,5,1398,531,1446,581,Jul25_0/340-20190724121830-snapshot.jpg
5,0,20190724,121930,27,5,1206,72,1264,132,Jul25_0/340-20190724121930-snapshot.jpg
5,0,20190724,122430,85,4,1480,109,1557,179,Jul25_0/340-20190724122430-snapshot.jpg
5,0,20190724,124400,84,1,680,571,727,612,Jul25_0/340-20190724124400-snapshot.jpg
5,0,20190724,124500,85,1,1003,738,1044,771,Jul25_0/340-20190724124500-snapshot.jpg
5,0,20190724,124530,85,1,1437,792,1484,833,Jul25_0/340-20190724124530-snapshot.jpg
5,0,20190724,124600,25,1,1529,711,1571,746,Jul25_0/340-20190724124600-snapshot.jpg
5,0,20190724,124700,84,1,1767,613,1820,666,Jul25_0/340-20190724124700-snapshot.jpg
5,0,20190724,124800,77,5,1363,644,1447,699,Jul25_0/340-20190724124800-snapshot.jpg
5,0,20190724,125400,84,1,1,893,44,936,Jul25_0/340-20190724125400-snapshot.jpg
5,0,20190724,131900,67,5,1141,442,1210,491,Jul25_0/340-20190724131900-snapshot.jpg
5,0,20190724,132330,80,1,1470,746,1513,782,Jul25_0/340-20190724132330-snapshot.jpg
5,0,20190724,132530,86,1,669,412,710,448,Jul25_0/340-20190724132530-snapshot.jpg
5,0,20190724,134830,84,1,1633,942,1681,982,Jul25_0/340-20190724134830-snapshot.jpg
5,0,20190724,141030,85,4,1572,21,1644,110,Jul25_0/340-20190724141030-snapshot.jpg
5,0,20190724,142600,54,5,1190,69,1241,121,Jul25_0/340-20190724142600-snapshot.jpg
5,0,20190724,142630,84,1,892,324,937,362,Jul25_0/340-20190724142630-snapshot.jpg
5,0,20190724,142730,86,1,174,782,217,818,Jul25_0/340-20190724142730-snapshot.jpg
5,0,20190724,144230,75,5,1468,775,1547,830,Jul25_0/340-20190724144230-snapshot.jpg
5,0,20190724,144300,84,4,1513,27,1601,100,Jul25_0/340-20190724144300-snapshot.jpg
5,0,20190724,144400,83,1,1778,654,1825,694,Jul25_0/340-20190724144400-snapshot.jpg
5,0,20190724,144500,84,1,1496,877,1539,917,Jul25_0/340-20190724144500-snapshot.jpg
5,0,20190724,144900,88,1,492,145,538,182,Jul25_0/340-20190724144900-snapshot.jpg
5,0,20190724,145000,80,1,593,823,635,861,Jul25_0/340-20190724145000-snapshot.jpg
5,0,20190724,145330,69,5,1387,561,1441,613,Jul25_0/340-20190724145330-snapshot.jpg
5,0,20190724,151000,86,1,629,48,673,84,Jul25_0/340-20190724151000-snapshot.jpg
5,0,20190724,151030,71,1,932,205,973,238,Jul25_0/340-20190724151030-snapshot.jpg
5,0,20190724,151300,87,4,1506,39,1612,111,Jul25_0/340-20190724151300-snapshot.jpg
5,0,20190724,152230,57,5,1370,573,1418,620,Jul25_0/340-20190724152230-snapshot.jpg
5,0,20190724,152830,53,1,1714,665,1754,702,Jul25_0/340-20190724152830-snapshot.jpg
5,0,20190724,153630,65,5,1542,715,1603,766,Jul25_0/340-20190724153630-snapshot.jpg
5,0,20190724,154530,89,4,1411,120,1506,182,Jul25_0/340-20190724154530-snapshot.jpg
5,0,20190724,154900,25,2,1013,213,1106,265,Jul25_0/340-20190724154900-snapshot.jpg
5,0,20190724,161730,56,1,1526,153,1568,191,Jul25_0/340-20190724161730-snapshot.jpg
5,0,20190724,162300,67,1,1433,93,1473,123,Jul25_0/340-20190724162300-snapshot.jpg
5,0,20190724,163630,25,1,830,367,870,399,Jul25_0/340-20190724163630-snapshot.jpg
5,0,20190724,163630,67,1,1493,98,1538,138,Jul25_0/340-20190724163630-snapshot.jpg
5,0,20190724,165600,86,4,1390,96,1476,169,Jul25_0/340-20190724165600-snapshot.jpg
5,0,20190724,170400,82,4,1493,76,1574,142,Jul25_0/340-20190724170400-snapshot.jpg
5,0,20190724,173630,45,4,1009,216,1084,272,Jul25_0/340-20190724173630-snapshot.jpg
5,0,20190724,174330,56,8,1861,879,1919,947,Jul25_0/340-20190724174330-snapshot.jpg
5,0,20190724,175530,48,1,1403,54,1448,89,Jul25_0/340-20190724175530-snapshot.jpg
5,0,20190724,175800,74,1,727,267,766,304,Jul25_0/340-20190724175800-snapshot.jpg
5,0,20190724,180430,85,4,1448,119,1530,181,Jul25_0/340-20190724180430-snapshot.jpg
5,0,20190724,180500,77,4,1311,109,1372,168,Jul25_0/340-20190724180500-snapshot.jpg
5,0,20190724,183000,88,4,6,27,112,95,Jul25_0/340-20190724183000-snapshot.jpg
5,0,20190724,183030,83,1,1715,55,1761,94,Jul25_0/340-20190724183030-snapshot.jpg
5,0,20190724,191800,40,2,1019,219,1114,286,Jul25_0/340-20190724191800-snapshot.jpg
5,0,20190724,192130,74,2,1017,218,1116,286,Jul25_0/340-20190724192130-snapshot.jpg
5,0,20190724,202030,32,6,1875,822,1920,886,Jul25_0/340-20190724202030-snapshot.jpg
5,0,20190725,075930,56,1,866,1059,906,1079,Jul25_0/347-20190725075930-snapshot.jpg
5,0,20190725,080000,70,1,772,1054,817,1079,Jul25_0/347-20190725080000-snapshot.jpg
5,0,20190725,080030,79,1,734,843,777,885,Jul25_0/347-20190725080030-snapshot.jpg
5,0,20190725,080100,72,1,717,631,758,670,Jul25_0/347-20190725080100-snapshot.jpg
5,0,20190725,080330,80,1,605,755,647,795,Jul25_0/347-20190725080330-snapshot.jpg
5,0,20190725,080500,84,1,70,630,121,680,Jul25_0/347-20190725080500-snapshot.jpg
5,0,20190725,080530,75,1,97,523,140,559,Jul25_0/347-20190725080530-snapshot.jpg
5,0,20190725,080700,84,1,574,538,620,589,Jul25_0/347-20190725080700-snapshot.jpg
5,0,20190725,080800,78,1,430,526,472,567,Jul25_0/347-20190725080800-snapshot.jpg
5,0,20190725,080830,79,1,430,525,473,566,Jul25_0/347-20190725080830-snapshot.jpg
5,0,20190725,080900,78,1,432,528,473,566,Jul25_0/347-20190725080900-snapshot.jpg
5,0,20190725,080930,77,1,431,529,472,567,Jul25_0/347-20190725080930-snapshot.jpg
5,0,20190725,081000,41,8,1325,680,1397,745,Jul25_0/347-20190725081000-snapshot.jpg
5,0,20190725,081000,77,1,432,530,473,569,Jul25_0/347-20190725081000-snapshot.jpg
5,0,20190725,081030,82,1,434,526,477,569,Jul25_0/347-20190725081030-snapshot.jpg
5,0,20190725,081100,69,1,433,526,475,569,Jul25_0/347-20190725081100-snapshot.jpg
5,0,20190725,081130,79,1,432,527,475,569,Jul25_0/347-20190725081130-snapshot.jpg
5,0,20190725,081200,79,1,432,526,474,569,Jul25_0/347-20190725081200-snapshot.jpg
5,0,20190725,081230,78,1,433,525,476,569,Jul25_0/347-20190725081230-snapshot.jpg
5,0,20190725,081300,77,1,434,530,475,569,Jul25_0/347-20190725081300-snapshot.jpg
5,0,20190725,081330,77,1,433,530,474,569,Jul25_0/347-20190725081330-snapshot.jpg
5,0,20190725,081400,77,1,1339,24,1383,65,Jul25_0/347-20190725081400-snapshot.jpg
5,0,20190725,081400,79,1,433,528,474,568,Jul25_0/347-20190725081400-snapshot.jpg
5,0,20190725,081430,76,1,433,531,472,570,Jul25_0/347-20190725081430-snapshot.jpg
5,0,20190725,081500,77,1,433,531,472,569,Jul25_0/347-20190725081500-snapshot.jpg
5,0,20190725,081530,73,1,435,530,473,570,Jul25_0/347-20190725081530-snapshot.jpg
5,0,20190725,081600,78,1,441,527,480,568,Jul25_0/347-20190725081600-snapshot.jpg
5,0,20190725,081630,79,1,494,505,537,548,Jul25_0/347-20190725081630-snapshot.jpg
5,0,20190725,081700,77,1,1268,580,1312,625,Jul25_0/347-20190725081700-snapshot.jpg
5,0,20190725,081700,83,1,493,448,535,488,Jul25_0/347-20190725081700-snapshot.jpg
5,0,20190725,081800,83,1,462,576,502,615,Jul25_0/347-20190725081800-snapshot.jpg
5,0,20190725,081830,76,1,654,710,692,745,Jul25_0/347-20190725081830-snapshot.jpg
5,0,20190725,081930,80,1,1031,674,1069,712,Jul25_0/347-20190725081930-snapshot.jpg
5,0,20190725,081930,82,1,595,901,641,941,Jul25_0/347-20190725081930-snapshot.jpg
5,0,20190725,082100,74,1,1078,851,1124,892,Jul25_0/347-20190725082100-snapshot.jpg
5,0,20190725,082130,48,1,1140,414,1183,451,Jul25_0/347-20190725082130-snapshot.jpg
5,0,20190725,082130,84,1,1083,867,1130,915,Jul25_0/347-20190725082130-snapshot.jpg
5,0,20190725,082200,74,1,983,866,1019,900,Jul25_0/347-20190725082200-snapshot.jpg
5,0,20190725,082230,69,1,1016,760,1058,801,Jul25_0/347-20190725082230-snapshot.jpg
5,0,20190725,082300,81,1,1049,735,1091,766,Jul25_0/347-20190725082300-snapshot.jpg
5,0,20190725,082330,60,1,973,759,1017,798,Jul25_0/347-20190725082330-snapshot.jpg
5,0,20190725,082400,79,1,1151,445,1196,485,Jul25_0/347-20190725082400-snapshot.jpg
5,0,20190725,082430,82,1,911,788,954,827,Jul25_0/347-20190725082430-snapshot.jpg
5,0,20190725,082430,85,1,1116,672,1160,716,Jul25_0/347-20190725082430-snapshot.jpg
5,0,20190725,082500,82,1,1203,710,1250,753,Jul25_0/347-20190725082500-snapshot.jpg
5,0,20190725,082500,85,1,819,729,863,766,Jul25_0/347-20190725082500-snapshot.jpg
5,0,20190725,082530,68,1,1398,817,1441,851,Jul25_0/347-20190725082530-snapshot.jpg
5,0,20190725,082630,85,1,1460,871,1509,917,Jul25_0/347-20190725082630-snapshot.jpg
5,0,20190725,082700,81,1,1087,748,1128,789,Jul25_0/347-20190725082700-snapshot.jpg
5,0,20190725,082700,86,1,1469,850,1522,908,Jul25_0/347-20190725082700-snapshot.jpg
5,0,20190725,082730,30,1,1464,798,1504,830,Jul25_0/347-20190725082730-snapshot.jpg
5,0,20190725,082800,79,1,1512,827,1554,868,Jul25_0/347-20190725082800-snapshot.jpg
5,0,20190725,082830,80,1,1500,620,1547,656,Jul25_0/347-20190725082830-snapshot.jpg
5,0,20190725,082900,36,1,1564,599,1609,640,Jul25_0/347-20190725082900-snapshot.jpg
5,0,20190725,083000,81,1,1050,708,1092,742,Jul25_0/347-20190725083000-snapshot.jpg
5,0,20190725,083030,58,1,936,774,977,810,Jul25_0/347-20190725083030-snapshot.jpg
5,0,20190725,083030,66,1,1521,641,1561,678,Jul25_0/347-20190725083030-snapshot.jpg
5,0,20190725,083130,75,1,919,774,960,812,Jul25_0/347-20190725083130-snapshot.jpg
5,0,20190725,083200,85,1,1470,367,1515,405,Jul25_0/347-20190725083200-snapshot.jpg
5,0,20190725,083300,45,1,1540,4,1585,42,Jul25_0/347-20190725083300-snapshot.jpg
5,0,20190725,083330,75,1,1339,49,1383,91,Jul25_0/347-20190725083330-snapshot.jpg
5,0,20190725,083400,45,1,456,706,502,748,Jul25_0/347-20190725083400-snapshot.jpg
5,0,20190725,083400,83,1,1270,76,1311,117,Jul25_0/347-20190725083400-snapshot.jpg
5,0,20190725,093830,86,4,1445,130,1535,203,Jul25_0/347-20190725093830-snapshot.jpg
5,0,20190725,100400,88,4,1465,99,1554,183,Jul25_0/347-20190725100400-snapshot.jpg
5,0,20190717,073900,32,1,1250,559,1292,602,Jul25_0/60-20190717073900-snapshot.jpg
5,0,20190717,085700,80,1,825,641,866,680,Jul25_0/69-20190717085700-snapshot.jpg
5,0,20190717,090200,83,1,1203,717,1245,754,Jul25_0/69-20190717090200-snapshot.jpg
5,0,20190717,090300,84,1,1180,710,1224,745,Jul25_0/69-20190717090300-snapshot.jpg
5,0,20190717,090330,86,1,1219,739,1265,779,Jul25_0/69-20190717090330-snapshot.jpg
5,0,20190717,090400,85,1,1137,812,1179,849,Jul25_0/69-20190717090400-snapshot.jpg
5,0,20190717,102600,81,2,1444,44,1536,117,Jul25_0/70-20190717102600-snapshot.jpg
5,0,20190717,111630,87,3,1479,52,1585,140,Jul25_0/70-20190717111630-snapshot.jpg
5,0,20190717,113400,69,5,876,768,920,810,Jul25_0/70-20190717113400-snapshot.jpg
5,0,20190717,113400,87,3,1459,1,1554,76,Jul25_0/70-20190717113400-snapshot.jpg
5,0,20190717,115230,48,6,758,413,830,464,Jul25_0/70-20190717115230-snapshot.jpg
5,0,20190717,115300,46,6,1088,314,1172,374,Jul25_0/70-20190717115300-snapshot.jpg
5,0,20190717,115330,70,5,1190,308,1242,369,Jul25_0/70-20190717115330-snapshot.jpg
5,0,20190717,121400,80,5,1221,421,1269,481,Jul25_0/70-20190717121400-snapshot.jpg
5,0,20190717,122400,34,5,1279,328,1324,369,Jul25_0/70-20190717122400-snapshot.jpg
5,0,20190717,122430,27,5,1243,366,1288,400,Jul25_0/70-20190717122430-snapshot.jpg
5,0,20190717,123230,86,8,1537,409,1597,490,Jul25_0/70-20190717123230-snapshot.jpg
5,0,20190717,123400,73,5,884,738,937,798,Jul25_0/70-20190717123400-snapshot.jpg
5,0,20190717,123600,84,8,891,292,946,369,Jul25_0/70-20190717123600-snapshot.jpg
5,0,20190717,125700,57,5,838,436,906,487,Jul25_0/70-20190717125700-snapshot.jpg
5,0,20190717,125730,64,5,850,449,918,499,Jul25_0/70-20190717125730-snapshot.jpg
5,0,20190717,125830,88,2,782,293,873,354,Jul25_0/70-20190717125830-snapshot.jpg
5,0,20190717,133730,82,1,939,70,984,109,Jul25_0/70-20190717133730-snapshot.jpg
5,0,20190717,133800,85,1,938,41,986,85,Jul25_0/70-20190717133800-snapshot.jpg
5,0,20190717,134000,85,3,1521,697,1600,776,Jul25_0/70-20190717134000-snapshot.jpg
5,0,20190717,134030,90,1,1578,497,1626,547,Jul25_0/70-20190717134030-snapshot.jpg
5,0,20190717,134100,87,1,1795,655,1837,691,Jul25_0/70-20190717134100-snapshot.jpg
5,0,20190717,134800,60,1,926,588,968,629,Jul25_0/70-20190717134800-snapshot.jpg
5,0,20190717,135900,38,6,1288,337,1365,403,Jul25_0/70-20190717135900-snapshot.jpg
5,0,20190717,142200,87,3,1498,8,1599,89,Jul25_0/70-20190717142200-snapshot.jpg
5,0,20190717,144630,74,2,1241,562,1312,619,Jul25_0/70-20190717144630-snapshot.jpg
5,0,20190717,151300,76,8,1333,832,1417,894,Jul25_0/70-20190717151300-snapshot.jpg
5,0,20190717,152630,82,3,1503,8,1593,91,Jul25_0/70-20190717152630-snapshot.jpg
5,0,20190717,162600,84,2,1290,515,1367,578,Jul25_0/70-20190717162600-snapshot.jpg
5,0,20190717,165100,33,1,1228,744,1271,775,Jul25_0/70-20190717165100-snapshot.jpg
5,0,20190717,172800,85,3,1365,142,1436,218,Jul25_0/70-20190717172800-snapshot.jpg
5,0,20190717,173800,83,8,1562,22,1646,85,Jul25_0/70-20190717173800-snapshot.jpg
5,0,20190717,181900,68,3,1452,0,1536,50,Jul25_0/70-20190717181900-snapshot.jpg
5,0,20190717,182700,54,1,1533,568,1575,602,Jul25_0/70-20190717182700-snapshot.jpg
5,0,20190717,184900,32,1,1533,570,1575,603,Jul25_0/70-20190717184900-snapshot.jpg
5,0,20190717,185730,59,1,1534,568,1577,603,Jul25_0/70-20190717185730-snapshot.jpg
5,0,20190717,191800,35,1,1302,689,1343,724,Jul25_0/70-20190717191800-snapshot.jpg
