5,1,20190823,100930,33,2,1812,218,1898,277,Aug30_1/01-20190823100930-snapshot.jpg
5,1,20190823,101000,79,2,1329,153,1380,209,Aug30_1/01-20190823101000-snapshot.jpg
5,1,20190823,101030,83,2,1785,1023,1863,1080,Aug30_1/01-20190823101030-snapshot.jpg
5,1,20190823,101900,80,2,859,588,916,652,Aug30_1/01-20190823101900-snapshot.jpg
5,1,20190823,102000,77,2,907,535,960,594,Aug30_1/01-20190823102000-snapshot.jpg
5,1,20190823,102030,26,8,1275,80,1333,145,Aug30_1/01-20190823102030-snapshot.jpg
5,1,20190823,102030,34,2,1274,81,1332,143,Aug30_1/01-20190823102030-snapshot.jpg
5,1,20190823,102200,83,2,1527,732,1621,783,Aug30_1/01-20190823102200-snapshot.jpg
5,1,20190823,102230,88,2,1009,537,1091,599,Aug30_1/01-20190823102230-snapshot.jpg
5,1,20190823,102300,82,2,755,161,810,228,Aug30_1/01-20190823102300-snapshot.jpg
5,1,20190823,102830,84,8,1571,797,1675,860,Aug30_1/01-20190823102830-snapshot.jpg
5,1,20190823,103100,89,3,1466,773,1547,844,Aug30_1/01-20190823103100-snapshot.jpg
5,1,20190823,103500,83,2,865,759,921,822,Aug30_1/01-20190823103500-snapshot.jpg
5,1,20190823,103730,78,2,983,180,1052,253,Aug30_1/01-20190823103730-snapshot.jpg
5,1,20190823,103830,73,2,148,816,230,875,Aug30_1/01-20190823103830-snapshot.jpg
5,1,20190823,103830,81,2,1481,731,1564,784,Aug30_1/01-20190823103830-snapshot.jpg
5,1,20190823,104200,79,2,788,582,847,638,Aug30_1/01-20190823104200-snapshot.jpg
5,1,20190823,104230,83,2,1830,846,1896,920,Aug30_1/01-20190823104230-snapshot.jpg
5,1,20190823,104230,85,2,897,939,984,991,Aug30_1/01-20190823104230-snapshot.jpg
5,1,20190823,104300,85,2,1044,566,1104,632,Aug30_1/01-20190823104300-snapshot.jpg
5,1,20190823,104600,73,2,753,179,822,232,Aug30_1/01-20190823104600-snapshot.jpg
5,1,20190823,104630,80,2,854,634,916,704,Aug30_1/01-20190823104630-snapshot.jpg
5,1,20190823,104900,81,2,1019,556,1098,615,Aug30_1/01-20190823104900-snapshot.jpg
5,1,20190823,105600,84,2,650,802,709,867,Aug30_1/01-20190823105600-snapshot.jpg
5,1,20190823,105630,77,2,848,564,927,608,Aug30_1/01-20190823105630-snapshot.jpg
5,1,20190823,110100,81,2,816,605,890,658,Aug30_1/01-20190823110100-snapshot.jpg
5,1,20190823,110130,68,2,1757,902,1835,985,Aug30_1/01-20190823110130-snapshot.jpg
5,1,20190823,110130,84,2,931,896,1008,957,Aug30_1/01-20190823110130-snapshot.jpg
5,1,20190823,110200,83,2,1745,919,1840,974,Aug30_1/01-20190823110200-snapshot.jpg
5,1,20190823,110200,83,2,1458,680,1515,746,Aug30_1/01-20190823110200-snapshot.jpg
5,1,20190823,110230,81,2,1029,506,1106,554,Aug30_1/01-20190823110230-snapshot.jpg
5,1,20190823,110300,84,2,918,460,971,529,Aug30_1/01-20190823110300-snapshot.jpg
5,1,20190823,110330,86,2,818,695,874,769,Aug30_1/01-20190823110330-snapshot.jpg
5,1,20190823,110900,76,2,1394,726,1469,769,Aug30_1/01-20190823110900-snapshot.jpg
5,1,20190823,111230,85,2,1462,787,1547,853,Aug30_1/01-20190823111230-snapshot.jpg
5,1,20190823,111500,78,2,1835,757,1903,830,Aug30_1/01-20190823111500-snapshot.jpg
5,1,20190823,111830,76,2,1716,968,1800,1035,Aug30_1/01-20190823111830-snapshot.jpg
5,1,20190823,111900,85,2,923,524,974,593,Aug30_1/01-20190823111900-snapshot.jpg
5,1,20190823,111930,77,2,760,208,813,273,Aug30_1/01-20190823111930-snapshot.jpg
5,1,20190823,112030,54,2,1323,170,1378,234,Aug30_1/01-20190823112030-snapshot.jpg
5,1,20190823,112130,85,2,872,742,952,792,Aug30_1/01-20190823112130-snapshot.jpg
5,1,20190823,112230,77,2,1758,964,1852,1024,Aug30_1/01-20190823112230-snapshot.jpg
5,1,20190823,113330,73,2,1246,267,1301,328,Aug30_1/01-20190823113330-snapshot.jpg
5,1,20190823,113530,80,2,1005,514,1087,562,Aug30_1/01-20190823113530-snapshot.jpg
5,1,20190823,113530,83,2,1817,883,1906,941,Aug30_1/01-20190823113530-snapshot.jpg
5,1,20190823,113600,84,2,824,649,877,720,Aug30_1/01-20190823113600-snapshot.jpg
5,1,20190823,113600,84,2,760,253,813,320,Aug30_1/01-20190823113600-snapshot.jpg
5,1,20190823,114200,82,2,1323,716,1408,769,Aug30_1/01-20190823114200-snapshot.jpg
5,1,20190823,114300,85,2,913,504,966,573,Aug30_1/01-20190823114300-snapshot.jpg
5,1,20190823,114400,86,2,1746,863,1837,933,Aug30_1/01-20190823114400-snapshot.jpg
5,1,20190823,115000,77,2,1060,583,1116,641,Aug30_1/01-20190823115000-snapshot.jpg
5,1,20190823,115030,84,2,823,691,876,762,Aug30_1/01-20190823115030-snapshot.jpg
5,1,20190823,115100,80,2,798,591,853,651,Aug30_1/01-20190823115100-snapshot.jpg
5,1,20190823,115130,82,2,952,901,1019,960,Aug30_1/01-20190823115130-snapshot.jpg
5,1,20190823,115200,85,2,362,114,420,192,Aug30_1/01-20190823115200-snapshot.jpg
5,1,20190823,115430,83,2,1575,341,1661,404,Aug30_1/01-20190823115430-snapshot.jpg
5,1,20190823,115530,85,2,1779,665,1865,724,Aug30_1/01-20190823115530-snapshot.jpg
5,1,20190823,115830,60,2,1573,738,1658,805,Aug30_1/01-20190823115830-snapshot.jpg
5,1,20190823,120100,85,2,881,574,939,640,Aug30_1/01-20190823120100-snapshot.jpg
5,1,20190823,120100,86,4,1631,513,1723,576,Aug30_1/01-20190823120100-snapshot.jpg
5,1,20190823,120200,83,2,1059,531,1117,601,Aug30_1/01-20190823120200-snapshot.jpg
5,1,20190823,120230,82,8,1076,742,1150,788,Aug30_1/01-20190823120230-snapshot.jpg
5,1,20190823,120600,79,2,849,637,927,698,Aug30_1/01-20190823120600-snapshot.jpg
5,1,20190823,120900,61,2,1056,569,1118,629,Aug30_1/01-20190823120900-snapshot.jpg
5,1,20190823,120930,78,2,771,154,824,219,Aug30_1/01-20190823120930-snapshot.jpg
5,1,20190823,121030,80,2,1348,133,1414,184,Aug30_1/01-20190823121030-snapshot.jpg
5,1,20190823,121230,78,2,1483,703,1544,774,Aug30_1/01-20190823121230-snapshot.jpg
5,1,20190823,122030,78,2,1378,114,1433,172,Aug30_1/01-20190823122030-snapshot.jpg
5,1,20190823,122100,53,2,1882,985,1920,1049,Aug30_1/01-20190823122100-snapshot.jpg
5,1,20190823,122130,85,2,914,501,966,567,Aug30_1/01-20190823122130-snapshot.jpg
5,1,20190823,122330,78,2,806,704,880,755,Aug30_1/01-20190823122330-snapshot.jpg
5,1,20190823,122330,81,2,737,740,813,782,Aug30_1/01-20190823122330-snapshot.jpg
5,1,20190823,122500,69,2,1313,218,1386,286,Aug30_1/01-20190823122500-snapshot.jpg
5,1,20190823,122900,86,3,1776,908,1862,988,Aug30_1/01-20190823122900-snapshot.jpg
5,1,20190823,123000,76,2,358,150,428,204,Aug30_1/01-20190823123000-snapshot.jpg
5,1,20190823,123000,86,2,916,466,969,537,Aug30_1/01-20190823123000-snapshot.jpg
5,1,20190823,123030,80,2,1581,463,1643,546,Aug30_1/01-20190823123030-snapshot.jpg
5,1,20190823,123030,86,2,629,444,715,503,Aug30_1/01-20190823123030-snapshot.jpg
5,1,20190823,123330,51,2,1788,248,1879,303,Aug30_1/01-20190823123330-snapshot.jpg
5,1,20190823,123600,82,2,862,568,938,612,Aug30_1/01-20190823123600-snapshot.jpg
5,1,20190823,123630,76,2,835,601,890,670,Aug30_1/01-20190823123630-snapshot.jpg
5,1,20190823,123700,84,2,1649,524,1708,596,Aug30_1/01-20190823123700-snapshot.jpg
5,1,20190823,123700,85,2,1328,200,1393,272,Aug30_1/01-20190823123700-snapshot.jpg
5,1,20190823,123730,81,2,1176,955,1244,1003,Aug30_1/01-20190823123730-snapshot.jpg
5,1,20190823,123730,85,2,1460,718,1539,787,Aug30_1/01-20190823123730-snapshot.jpg
5,1,20190823,123800,76,2,916,349,986,393,Aug30_1/01-20190823123800-snapshot.jpg
5,1,20190823,123800,80,2,880,921,938,989,Aug30_1/01-20190823123800-snapshot.jpg
5,1,20190823,124130,86,2,1001,535,1087,589,Aug30_1/01-20190823124130-snapshot.jpg
5,1,20190823,124800,84,2,868,613,927,686,Aug30_1/01-20190823124800-snapshot.jpg
5,1,20190823,124900,80,2,1783,740,1845,808,Aug30_1/01-20190823124900-snapshot.jpg
5,1,20190823,124930,80,2,1373,716,1437,781,Aug30_1/01-20190823124930-snapshot.jpg
5,1,20190823,125230,84,2,1860,842,1918,918,Aug30_1/01-20190823125230-snapshot.jpg
5,1,20190823,125300,85,2,1453,806,1542,877,Aug30_1/01-20190823125300-snapshot.jpg
5,1,20190823,125400,69,2,369,159,426,212,Aug30_1/01-20190823125400-snapshot.jpg
5,1,20190823,125400,81,2,835,653,907,716,Aug30_1/01-20190823125400-snapshot.jpg
5,1,20190823,125700,77,2,1335,224,1417,276,Aug30_1/01-20190823125700-snapshot.jpg
5,1,20190823,125730,85,2,823,661,878,731,Aug30_1/01-20190823125730-snapshot.jpg
5,1,20190823,130130,80,2,1453,677,1508,740,Aug30_1/01-20190823130130-snapshot.jpg
5,1,20190823,130230,80,2,1015,473,1085,522,Aug30_1/01-20190823130230-snapshot.jpg
5,1,20190823,130300,86,2,1510,717,1595,801,Aug30_1/01-20190823130300-snapshot.jpg
5,1,20190823,130600,80,2,771,186,834,249,Aug30_1/01-20190823130600-snapshot.jpg
5,1,20190823,131100,77,2,927,559,982,619,Aug30_1/01-20190823131100-snapshot.jpg
5,1,20190823,131130,58,2,1244,281,1306,331,Aug30_1/01-20190823131130-snapshot.jpg
5,1,20190823,131130,70,2,1175,959,1228,1026,Aug30_1/01-20190823131130-snapshot.jpg
5,1,20190823,131200,52,2,1350,176,1421,240,Aug30_1/01-20190823131200-snapshot.jpg
5,1,20190823,131230,82,2,1303,643,1360,702,Aug30_1/01-20190823131230-snapshot.jpg
5,1,20190823,131300,82,2,1334,678,1410,727,Aug30_1/01-20190823131300-snapshot.jpg
5,1,20190823,131330,74,2,1626,544,1695,617,Aug30_1/01-20190823131330-snapshot.jpg
5,1,20190823,131400,82,2,1621,815,1716,873,Aug30_1/01-20190823131400-snapshot.jpg
5,1,20190823,131530,74,2,356,155,410,219,Aug30_1/01-20190823131530-snapshot.jpg
5,1,20190823,131630,83,2,1026,561,1091,624,Aug30_1/01-20190823131630-snapshot.jpg
5,1,20190823,131730,79,2,1836,781,1919,852,Aug30_1/01-20190823131730-snapshot.jpg
5,1,20190823,132100,76,2,1262,272,1321,338,Aug30_1/01-20190823132100-snapshot.jpg
5,1,20190823,132500,41,2,1605,24,1689,115,Aug30_1/01-20190823132500-snapshot.jpg
5,1,20190823,132500,87,2,821,694,880,771,Aug30_1/01-20190823132500-snapshot.jpg
5,1,20190823,132700,82,2,967,98,1028,167,Aug30_1/01-20190823132700-snapshot.jpg
5,1,20190823,133000,75,2,376,115,435,182,Aug30_1/01-20190823133000-snapshot.jpg
5,1,20190823,133000,86,2,857,569,937,616,Aug30_1/01-20190823133000-snapshot.jpg
5,1,20190823,133030,69,2,777,165,832,233,Aug30_1/01-20190823133030-snapshot.jpg
5,1,20190823,133300,75,2,700,551,759,603,Aug30_1/01-20190823133300-snapshot.jpg
5,1,20190823,133500,65,2,1813,313,1875,380,Aug30_1/01-20190823133500-snapshot.jpg
5,1,20190823,133530,77,2,757,739,825,789,Aug30_1/01-20190823133530-snapshot.jpg
5,1,20190823,133630,60,2,1819,889,1888,966,Aug30_1/01-20190823133630-snapshot.jpg
5,1,20190823,133830,83,2,848,616,916,681,Aug30_1/01-20190823133830-snapshot.jpg
5,1,20190823,134000,82,4,1842,506,1901,580,Aug30_1/01-20190823134000-snapshot.jpg
5,1,20190823,134130,69,2,944,526,1005,574,Aug30_1/01-20190823134130-snapshot.jpg
5,1,20190823,134130,85,2,1335,663,1413,731,Aug30_1/01-20190823134130-snapshot.jpg
5,1,20190823,134200,83,2,816,594,880,651,Aug30_1/01-20190823134200-snapshot.jpg
5,1,20190823,134230,77,2,805,725,865,782,Aug30_1/01-20190823134230-snapshot.jpg
5,1,20190823,134300,85,2,874,930,956,980,Aug30_1/01-20190823134300-snapshot.jpg
5,1,20190823,134330,80,2,1432,762,1494,837,Aug30_1/01-20190823134330-snapshot.jpg
5,1,20190823,134530,80,2,388,147,445,210,Aug30_1/01-20190823134530-snapshot.jpg
5,1,20190823,134600,86,2,825,694,882,768,Aug30_1/01-20190823134600-snapshot.jpg
5,1,20190823,134730,83,2,1266,720,1350,766,Aug30_1/01-20190823134730-snapshot.jpg
5,1,20190823,134800,72,2,1492,726,1580,783,Aug30_1/01-20190823134800-snapshot.jpg
5,1,20190823,134830,83,2,1058,569,1125,623,Aug30_1/01-20190823134830-snapshot.jpg
5,1,20190823,134900,85,2,835,597,889,667,Aug30_1/01-20190823134900-snapshot.jpg
5,1,20190823,135000,51,2,1835,233,1902,303,Aug30_1/01-20190823135000-snapshot.jpg
5,1,20190823,135030,75,2,1786,933,1850,1009,Aug30_1/01-20190823135030-snapshot.jpg
5,1,20190823,135200,73,2,903,539,967,587,Aug30_1/01-20190823135200-snapshot.jpg
5,1,20190823,135230,67,2,412,220,491,275,Aug30_1/01-20190823135230-snapshot.jpg
5,1,20190823,135300,85,2,1365,187,1450,247,Aug30_1/01-20190823135300-snapshot.jpg
5,1,20190823,135630,49,2,1264,601,1321,671,Aug30_1/01-20190823135630-snapshot.jpg
5,1,20190823,135700,82,2,1497,703,1577,765,Aug30_1/01-20190823135700-snapshot.jpg
5,1,20190823,135830,81,2,828,904,902,965,Aug30_1/01-20190823135830-snapshot.jpg
5,1,20190823,135900,85,2,1323,184,1385,258,Aug30_1/01-20190823135900-snapshot.jpg
5,1,20190823,140000,80,2,1841,808,1920,864,Aug30_1/01-20190823140000-snapshot.jpg
5,1,20190823,140000,88,3,861,907,945,962,Aug30_1/01-20190823140000-snapshot.jpg
5,1,20190823,140800,78,2,643,226,717,280,Aug30_1/01-20190823140800-snapshot.jpg
5,1,20190823,140800,85,2,1336,640,1416,715,Aug30_1/01-20190823140800-snapshot.jpg
5,1,20190823,140830,79,2,853,566,924,619,Aug30_1/01-20190823140830-snapshot.jpg
5,1,20190823,140900,45,2,1580,36,1658,118,Aug30_1/01-20190823140900-snapshot.jpg
5,1,20190823,140900,83,2,937,333,1010,384,Aug30_1/01-20190823140900-snapshot.jpg
5,1,20190823,141200,82,2,844,285,897,342,Aug30_1/01-20190823141200-snapshot.jpg
5,1,20190823,141900,82,2,1303,719,1380,768,Aug30_1/02-20190823141900-snapshot.jpg
5,1,20190823,141930,80,2,793,156,847,227,Aug30_1/02-20190823141930-snapshot.jpg
5,1,20190823,142030,83,2,1603,634,1672,706,Aug30_1/02-20190823142030-snapshot.jpg
5,1,20190823,142100,77,2,1333,152,1386,202,Aug30_1/02-20190823142100-snapshot.jpg
5,1,20190823,142100,87,2,1723,869,1808,952,Aug30_1/02-20190823142100-snapshot.jpg
5,1,20190823,142130,78,2,905,522,960,567,Aug30_1/02-20190823142130-snapshot.jpg
5,1,20190823,142330,85,2,1848,886,1920,964,Aug30_1/02-20190823142330-snapshot.jpg
5,1,20190823,142400,80,2,1590,375,1663,435,Aug30_1/02-20190823142400-snapshot.jpg
5,1,20190823,142400,87,2,1272,629,1328,707,Aug30_1/02-20190823142400-snapshot.jpg
5,1,20190823,142500,79,2,844,601,905,667,Aug30_1/02-20190823142500-snapshot.jpg
5,1,20190823,142530,84,2,1678,523,1745,597,Aug30_1/02-20190823142530-snapshot.jpg
5,1,20190823,142630,30,2,1883,237,1920,291,Aug30_1/02-20190823142630-snapshot.jpg
5,1,20190823,142830,32,2,1291,12,1382,94,Aug30_1/02-20190823142830-snapshot.jpg
5,1,20190823,142930,74,2,1675,515,1743,583,Aug30_1/02-20190823142930-snapshot.jpg
5,1,20190823,142930,82,2,827,670,882,742,Aug30_1/02-20190823142930-snapshot.jpg
5,1,20190823,143000,81,2,1485,575,1571,632,Aug30_1/02-20190823143000-snapshot.jpg
5,1,20190823,143100,85,2,923,455,978,520,Aug30_1/02-20190823143100-snapshot.jpg
5,1,20190823,143300,85,2,904,909,986,956,Aug30_1/02-20190823143300-snapshot.jpg
5,1,20190823,143330,83,2,1857,838,1917,915,Aug30_1/02-20190823143330-snapshot.jpg
5,1,20190823,143400,84,2,1335,667,1415,718,Aug30_1/02-20190823143400-snapshot.jpg
5,1,20190823,143630,82,2,892,177,951,242,Aug30_1/02-20190823143630-snapshot.jpg
5,1,20190823,143630,84,2,1504,709,1564,781,Aug30_1/02-20190823143630-snapshot.jpg
5,1,20190823,143730,83,2,789,220,856,279,Aug30_1/02-20190823143730-snapshot.jpg
5,1,20190823,143830,77,2,907,543,971,593,Aug30_1/02-20190823143830-snapshot.jpg
5,1,20190823,144000,47,2,1369,734,1445,786,Aug30_1/02-20190823144000-snapshot.jpg
5,1,20190823,144000,85,3,1631,571,1721,656,Aug30_1/02-20190823144000-snapshot.jpg
5,1,20190823,144030,78,8,647,15,729,65,Aug30_1/02-20190823144030-snapshot.jpg
5,1,20190823,144330,85,2,1332,665,1402,731,Aug30_1/02-20190823144330-snapshot.jpg
5,1,20190823,144400,51,2,1276,302,1329,349,Aug30_1/02-20190823144400-snapshot.jpg
5,1,20190823,144930,82,2,848,562,928,606,Aug30_1/02-20190823144930-snapshot.jpg
5,1,20190823,145000,74,2,768,217,832,268,Aug30_1/02-20190823145000-snapshot.jpg
5,1,20190823,145000,84,2,934,884,1008,939,Aug30_1/02-20190823145000-snapshot.jpg
5,1,20190823,145030,85,2,807,488,886,555,Aug30_1/02-20190823145030-snapshot.jpg
5,1,20190823,145330,49,2,1568,525,1649,582,Aug30_1/02-20190823145330-snapshot.jpg
5,1,20190823,145400,84,2,1700,827,1768,900,Aug30_1/02-20190823145400-snapshot.jpg
5,1,20190823,145500,68,2,1322,221,1402,274,Aug30_1/02-20190823145500-snapshot.jpg
5,1,20190823,145500,85,2,1257,881,1317,952,Aug30_1/02-20190823145500-snapshot.jpg
5,1,20190823,145730,61,2,1814,192,1880,257,Aug30_1/02-20190823145730-snapshot.jpg
5,1,20190823,145730,80,2,1332,307,1399,362,Aug30_1/02-20190823145730-snapshot.jpg
5,1,20190823,145800,81,2,1438,775,1501,844,Aug30_1/02-20190823145800-snapshot.jpg
5,1,20190823,145800,85,2,905,903,989,952,Aug30_1/02-20190823145800-snapshot.jpg
5,1,20190823,145830,84,2,1520,718,1590,802,Aug30_1/02-20190823145830-snapshot.jpg
5,1,20190823,150000,82,2,1299,698,1372,754,Aug30_1/02-20190823150000-snapshot.jpg
5,1,20190823,150100,83,2,944,431,999,491,Aug30_1/02-20190823150100-snapshot.jpg
5,1,20190823,150200,84,2,723,573,799,619,Aug30_1/02-20190823150200-snapshot.jpg
5,1,20190823,150200,84,2,851,300,903,365,Aug30_1/02-20190823150200-snapshot.jpg
5,1,20190823,150230,82,2,1826,779,1911,851,Aug30_1/02-20190823150230-snapshot.jpg
5,1,20190823,150400,52,2,1595,36,1670,119,Aug30_1/02-20190823150400-snapshot.jpg
5,1,20190823,150430,85,2,1382,704,1462,751,Aug30_1/02-20190823150430-snapshot.jpg
5,1,20190823,150530,86,2,1841,351,1920,441,Aug30_1/02-20190823150530-snapshot.jpg
5,1,20190823,151030,73,2,1386,701,1459,747,Aug30_1/02-20190823151030-snapshot.jpg
5,1,20190823,151100,84,8,389,590,476,658,Aug30_1/02-20190823151100-snapshot.jpg
5,1,20190823,151130,59,2,1808,219,1882,286,Aug30_1/02-20190823151130-snapshot.jpg
5,1,20190823,151200,82,2,1616,543,1693,601,Aug30_1/02-20190823151200-snapshot.jpg
5,1,20190823,151230,74,2,902,2,985,91,Aug30_1/02-20190823151230-snapshot.jpg
5,1,20190823,151330,81,2,643,259,719,315,Aug30_1/02-20190823151330-snapshot.jpg
5,1,20190823,151500,80,2,1310,707,1374,769,Aug30_1/02-20190823151500-snapshot.jpg
5,1,20190823,151500,84,2,1439,799,1522,872,Aug30_1/02-20190823151500-snapshot.jpg
5,1,20190823,152000,49,2,1590,14,1668,62,Aug30_1/02-20190823152000-snapshot.jpg
5,1,20190823,152000,66,2,1748,899,1838,981,Aug30_1/02-20190823152000-snapshot.jpg
5,1,20190823,152100,81,2,873,351,943,391,Aug30_1/02-20190823152100-snapshot.jpg
5,1,20190823,152300,52,2,823,588,894,640,Aug30_1/02-20190823152300-snapshot.jpg
5,1,20190823,152500,71,2,1824,206,1911,266,Aug30_1/02-20190823152500-snapshot.jpg
5,1,20190823,152500,86,2,1486,811,1586,869,Aug30_1/02-20190823152500-snapshot.jpg
5,1,20190823,152530,82,2,980,325,1033,380,Aug30_1/02-20190823152530-snapshot.jpg
5,1,20190823,152700,85,2,843,546,925,604,Aug30_1/02-20190823152700-snapshot.jpg
5,1,20190823,152730,85,2,844,572,902,642,Aug30_1/02-20190823152730-snapshot.jpg
5,1,20190823,152900,83,2,1727,963,1809,1029,Aug30_1/02-20190823152900-snapshot.jpg
5,1,20190823,152930,83,2,1647,542,1728,594,Aug30_1/02-20190823152930-snapshot.jpg
5,1,20190823,153000,82,2,1478,757,1557,814,Aug30_1/02-20190823153000-snapshot.jpg
5,1,20190823,153030,75,2,922,545,972,598,Aug30_1/02-20190823153030-snapshot.jpg
5,1,20190823,153100,72,2,361,166,413,217,Aug30_1/02-20190823153100-snapshot.jpg
5,1,20190823,153130,84,2,840,897,913,967,Aug30_1/02-20190823153130-snapshot.jpg
5,1,20190823,153200,85,2,883,573,938,639,Aug30_1/02-20190823153200-snapshot.jpg
5,1,20190823,153330,79,2,1774,1019,1831,1080,Aug30_1/02-20190823153330-snapshot.jpg
5,1,20190823,153330,85,2,1348,208,1428,267,Aug30_1/02-20190823153330-snapshot.jpg
5,1,20190823,153530,80,2,382,144,453,192,Aug30_1/02-20190823153530-snapshot.jpg
5,1,20190823,153530,83,2,954,854,1015,924,Aug30_1/02-20190823153530-snapshot.jpg
5,1,20190823,153730,84,3,1303,205,1380,279,Aug30_1/02-20190823153730-snapshot.jpg
5,1,20190823,153930,85,2,687,197,765,250,Aug30_1/02-20190823153930-snapshot.jpg
5,1,20190823,154000,85,2,1662,544,1746,603,Aug30_1/02-20190823154000-snapshot.jpg
5,1,20190823,154100,80,2,1594,533,1677,590,Aug30_1/02-20190823154100-snapshot.jpg
5,1,20190823,154200,41,2,1833,208,1910,265,Aug30_1/02-20190823154200-snapshot.jpg
5,1,20190823,154230,85,2,1490,692,1568,756,Aug30_1/02-20190823154230-snapshot.jpg
5,1,20190823,154300,82,2,1338,685,1418,739,Aug30_1/02-20190823154300-snapshot.jpg
5,1,20190823,154330,87,2,948,858,1002,925,Aug30_1/02-20190823154330-snapshot.jpg
5,1,20190823,154400,81,2,1326,190,1416,247,Aug30_1/02-20190823154400-snapshot.jpg
5,1,20190823,154400,82,2,824,582,886,640,Aug30_1/02-20190823154400-snapshot.jpg
5,1,20190823,154500,67,2,1380,742,1446,808,Aug30_1/02-20190823154500-snapshot.jpg
5,1,20190823,154530,85,2,743,713,819,762,Aug30_1/02-20190823154530-snapshot.jpg
5,1,20190823,154700,75,2,1866,788,1920,863,Aug30_1/02-20190823154700-snapshot.jpg
5,1,20190823,154700,81,3,346,109,416,202,Aug30_1/02-20190823154700-snapshot.jpg
5,1,20190823,154700,86,2,965,865,1031,934,Aug30_1/02-20190823154700-snapshot.jpg
5,1,20190823,154800,86,2,1242,693,1319,742,Aug30_1/02-20190823154800-snapshot.jpg
5,1,20190823,155030,81,2,1189,971,1246,1032,Aug30_1/02-20190823155030-snapshot.jpg
5,1,20190823,155130,79,2,1413,733,1494,786,Aug30_1/02-20190823155130-snapshot.jpg
5,1,20190823,155200,84,2,887,901,964,947,Aug30_1/02-20190823155200-snapshot.jpg
5,1,20190823,155300,78,3,978,315,1035,377,Aug30_1/02-20190823155300-snapshot.jpg
5,1,20190823,155600,60,2,1384,235,1446,287,Aug30_1/02-20190823155600-snapshot.jpg
5,1,20190823,155600,69,2,1313,169,1374,213,Aug30_1/02-20190823155600-snapshot.jpg
5,1,20190823,155630,80,2,1857,601,1919,672,Aug30_1/02-20190823155630-snapshot.jpg
5,1,20190823,155630,81,2,1329,303,1404,357,Aug30_1/02-20190823155630-snapshot.jpg
5,1,20190823,155700,71,2,771,236,841,283,Aug30_1/02-20190823155700-snapshot.jpg
5,1,20190823,155730,83,2,869,552,938,600,Aug30_1/02-20190823155730-snapshot.jpg
5,1,20190823,155800,80,2,856,598,913,660,Aug30_1/02-20190823155800-snapshot.jpg
5,1,20190823,160100,74,2,1578,479,1636,556,Aug30_1/02-20190823160100-snapshot.jpg
5,1,20190823,160130,81,2,1750,923,1829,990,Aug30_1/02-20190823160130-snapshot.jpg
5,1,20190823,160300,85,2,949,853,1023,922,Aug30_1/02-20190823160300-snapshot.jpg
5,1,20190823,160330,80,2,1819,709,1894,772,Aug30_1/02-20190823160330-snapshot.jpg
5,1,20190823,160400,84,2,860,620,916,688,Aug30_1/02-20190823160400-snapshot.jpg
5,1,20190823,160430,82,2,1332,172,1390,235,Aug30_1/02-20190823160430-snapshot.jpg
5,1,20190823,160500,82,8,533,247,611,296,Aug30_1/02-20190823160500-snapshot.jpg
5,1,20190823,160500,85,2,855,681,932,725,Aug30_1/02-20190823160500-snapshot.jpg
5,1,20190823,160500,87,7,1521,0,1668,134,Aug30_1/02-20190823160500-snapshot.jpg
5,1,20190823,160530,84,2,1357,674,1419,736,Aug30_1/02-20190823160530-snapshot.jpg
5,1,20190823,160600,35,2,1815,696,1884,774,Aug30_1/02-20190823160600-snapshot.jpg
5,1,20190823,160600,84,2,1574,608,1666,673,Aug30_1/02-20190823160600-snapshot.jpg
5,1,20190823,160630,85,2,920,456,980,516,Aug30_1/02-20190823160630-snapshot.jpg
5,1,20190823,160730,68,2,270,259,338,332,Aug30_1/02-20190823160730-snapshot.jpg
5,1,20190823,160800,75,2,787,797,852,852,Aug30_1/02-20190823160800-snapshot.jpg
5,1,20190823,160930,79,2,1453,818,1533,874,Aug30_1/02-20190823160930-snapshot.jpg
5,1,20190823,161000,40,2,1492,46,1581,99,Aug30_1/02-20190823161000-snapshot.jpg
5,1,20190823,161000,72,2,1637,598,1701,675,Aug30_1/02-20190823161000-snapshot.jpg
5,1,20190823,161200,66,2,1713,1011,1789,1079,Aug30_1/02-20190823161200-snapshot.jpg
5,1,20190823,161300,80,2,978,312,1027,367,Aug30_1/02-20190823161300-snapshot.jpg
5,1,20190823,161430,72,2,1848,901,1920,972,Aug30_1/02-20190823161430-snapshot.jpg
5,1,20190823,161430,84,2,820,697,876,766,Aug30_1/02-20190823161430-snapshot.jpg
5,1,20190823,161500,81,2,756,133,836,187,Aug30_1/02-20190823161500-snapshot.jpg
5,1,20190823,161630,72,2,926,542,989,588,Aug30_1/02-20190823161630-snapshot.jpg
5,1,20190823,161730,75,2,1392,128,1468,186,Aug30_1/02-20190823161730-snapshot.jpg
5,1,20190823,162030,85,2,1271,295,1332,362,Aug30_1/02-20190823162030-snapshot.jpg
5,1,20190823,162200,74,2,965,415,1037,472,Aug30_1/02-20190823162200-snapshot.jpg
5,1,20190823,162300,75,1,1104,198,1140,227,Aug30_1/02-20190823162300-snapshot.jpg
5,1,20190823,162330,75,2,1849,907,1920,971,Aug30_1/02-20190823162330-snapshot.jpg
5,1,20190823,162330,82,2,1300,627,1362,692,Aug30_1/02-20190823162330-snapshot.jpg
5,1,20190823,162500,83,2,823,499,911,549,Aug30_1/02-20190823162500-snapshot.jpg
5,1,20190823,162530,49,2,1850,248,1920,294,Aug30_1/02-20190823162530-snapshot.jpg
5,1,20190823,162600,83,1,1847,447,1886,480,Aug30_1/02-20190823162600-snapshot.jpg
5,1,20190823,162900,80,2,1183,972,1235,1033,Aug30_1/02-20190823162900-snapshot.jpg
5,1,20190823,162930,87,4,380,197,465,261,Aug30_1/02-20190823162930-snapshot.jpg
5,1,20190823,163000,71,2,820,675,873,729,Aug30_1/02-20190823163000-snapshot.jpg
5,1,20190823,163000,86,4,1302,666,1384,721,Aug30_1/02-20190823163000-snapshot.jpg
5,1,20190823,163030,88,4,1311,209,1393,276,Aug30_1/02-20190823163030-snapshot.jpg
5,1,20190823,163100,81,4,1767,898,1832,969,Aug30_1/02-20190823163100-snapshot.jpg
5,1,20190823,163130,82,2,806,225,861,284,Aug30_1/02-20190823163130-snapshot.jpg
5,1,20190823,163400,71,2,1521,6,1610,69,Aug30_1/02-20190823163400-snapshot.jpg
5,1,20190823,163430,86,2,1236,247,1293,323,Aug30_1/02-20190823163430-snapshot.jpg
5,1,20190823,163730,83,2,780,163,848,225,Aug30_1/02-20190823163730-snapshot.jpg
5,1,20190823,163730,87,2,976,715,1031,790,Aug30_1/02-20190823163730-snapshot.jpg
5,1,20190823,163800,85,2,830,659,881,723,Aug30_1/02-20190823163800-snapshot.jpg
5,1,20190823,163930,83,2,822,651,875,713,Aug30_1/02-20190823163930-snapshot.jpg
5,1,20190823,164000,58,2,1589,495,1664,564,Aug30_1/02-20190823164000-snapshot.jpg
5,1,20190823,164000,73,2,1820,235,1906,291,Aug30_1/02-20190823164000-snapshot.jpg
5,1,20190823,164330,32,2,1411,143,1493,202,Aug30_1/02-20190823164330-snapshot.jpg
5,1,20190823,164630,81,2,384,123,446,191,Aug30_1/02-20190823164630-snapshot.jpg
5,1,20190823,164700,81,2,1163,953,1220,1016,Aug30_1/02-20190823164700-snapshot.jpg
5,1,20190823,164830,83,2,1328,606,1395,676,Aug30_1/02-20190823164830-snapshot.jpg
5,1,20190823,164900,82,2,1364,188,1425,257,Aug30_1/02-20190823164900-snapshot.jpg
5,1,20190823,164900,83,2,1773,927,1854,1001,Aug30_1/02-20190823164900-snapshot.jpg
5,1,20190823,164930,68,2,816,653,873,707,Aug30_1/02-20190823164930-snapshot.jpg
5,1,20190823,164930,73,2,764,201,818,258,Aug30_1/02-20190823164930-snapshot.jpg
5,1,20190823,165000,84,2,1220,630,1300,677,Aug30_1/02-20190823165000-snapshot.jpg
5,1,20190823,165030,67,2,1359,725,1440,777,Aug30_1/02-20190823165030-snapshot.jpg
5,1,20190823,165030,79,2,821,695,873,765,Aug30_1/02-20190823165030-snapshot.jpg
5,1,20190823,165130,89,4,1750,924,1846,998,Aug30_1/02-20190823165130-snapshot.jpg
5,1,20190823,165300,66,2,1831,893,1909,952,Aug30_1/02-20190823165300-snapshot.jpg
5,1,20190823,165330,76,2,1648,511,1725,571,Aug30_1/02-20190823165330-snapshot.jpg
5,1,20190823,165400,76,2,857,575,919,623,Aug30_1/02-20190823165400-snapshot.jpg
5,1,20190823,165830,84,2,1452,660,1513,726,Aug30_1/02-20190823165830-snapshot.jpg
5,1,20190823,170000,80,2,804,600,859,658,Aug30_1/02-20190823170000-snapshot.jpg
5,1,20190823,170030,77,2,1301,653,1357,701,Aug30_1/02-20190823170030-snapshot.jpg
5,1,20190823,170200,58,2,1783,710,1863,766,Aug30_1/02-20190823170200-snapshot.jpg
5,1,20190823,170200,79,2,1587,489,1653,557,Aug30_1/02-20190823170200-snapshot.jpg
5,1,20190823,170400,85,2,1327,716,1386,782,Aug30_1/02-20190823170400-snapshot.jpg
5,1,20190823,170730,62,2,1806,737,1871,810,Aug30_1/02-20190823170730-snapshot.jpg
5,1,20190823,170800,79,4,1862,913,1920,1004,Aug30_1/02-20190823170800-snapshot.jpg
5,1,20190823,170800,85,2,1333,699,1392,766,Aug30_1/02-20190823170800-snapshot.jpg
5,1,20190823,170830,82,2,894,245,965,303,Aug30_1/02-20190823170830-snapshot.jpg
5,1,20190823,170900,80,2,769,153,842,204,Aug30_1/02-20190823170900-snapshot.jpg
5,1,20190823,170930,77,2,731,742,808,788,Aug30_1/02-20190823170930-snapshot.jpg
5,1,20190823,170930,83,2,1339,143,1391,203,Aug30_1/02-20190823170930-snapshot.jpg
5,1,20190823,171130,83,2,772,205,827,265,Aug30_1/02-20190823171130-snapshot.jpg
5,1,20190823,171500,80,2,965,220,1019,285,Aug30_1/02-20190823171500-snapshot.jpg
5,1,20190823,171530,83,2,1747,1026,1829,1080,Aug30_1/02-20190823171530-snapshot.jpg
5,1,20190823,171600,87,2,896,895,975,959,Aug30_1/02-20190823171600-snapshot.jpg
5,1,20190823,171630,65,2,1508,29,1601,90,Aug30_1/02-20190823171630-snapshot.jpg
5,1,20190823,171700,82,2,1204,374,1267,440,Aug30_1/02-20190823171700-snapshot.jpg
5,1,20190823,171700,85,2,960,307,1010,366,Aug30_1/02-20190823171700-snapshot.jpg
5,1,20190823,171700,86,2,897,528,953,584,Aug30_1/02-20190823171700-snapshot.jpg
5,1,20190823,171700,86,2,1528,738,1622,798,Aug30_1/02-20190823171700-snapshot.jpg
5,1,20190823,171730,84,2,852,851,931,915,Aug30_1/02-20190823171730-snapshot.jpg
5,1,20190823,171830,80,8,388,457,443,520,Aug30_1/02-20190823171830-snapshot.jpg
5,1,20190823,172130,77,2,1402,155,1461,219,Aug30_1/02-20190823172130-snapshot.jpg
5,1,20190823,172230,82,2,1487,724,1550,800,Aug30_1/02-20190823172230-snapshot.jpg
5,1,20190823,172430,82,2,847,890,927,939,Aug30_1/02-20190823172430-snapshot.jpg
5,1,20190823,172630,32,2,1346,724,1439,807,Aug30_1/02-20190823172630-snapshot.jpg
5,1,20190823,172630,85,2,874,852,960,904,Aug30_1/02-20190823172630-snapshot.jpg
5,1,20190823,172700,82,2,867,601,922,669,Aug30_1/02-20190823172700-snapshot.jpg
5,1,20190823,172730,55,2,1856,904,1919,970,Aug30_1/02-20190823172730-snapshot.jpg
5,1,20190823,172730,83,2,1366,186,1446,239,Aug30_1/02-20190823172730-snapshot.jpg
5,1,20190823,172830,63,2,808,203,864,265,Aug30_1/02-20190823172830-snapshot.jpg
5,1,20190823,173000,61,2,1797,285,1872,344,Aug30_1/02-20190823173000-snapshot.jpg
5,1,20190823,173130,82,2,1326,206,1403,265,Aug30_1/02-20190823173130-snapshot.jpg
5,1,20190823,173300,72,2,1331,303,1401,364,Aug30_1/02-20190823173300-snapshot.jpg
5,1,20190823,173330,87,3,1747,220,1846,279,Aug30_1/02-20190823173330-snapshot.jpg
5,1,20190823,173530,86,2,984,539,1067,595,Aug30_1/02-20190823173530-snapshot.jpg
5,1,20190823,173600,72,2,900,184,954,252,Aug30_1/02-20190823173600-snapshot.jpg
5,1,20190823,173600,83,2,770,198,830,256,Aug30_1/02-20190823173600-snapshot.jpg
5,1,20190823,173630,85,2,1629,639,1726,701,Aug30_1/02-20190823173630-snapshot.jpg
5,1,20190823,173700,87,3,1189,234,1281,308,Aug30_1/02-20190823173700-snapshot.jpg
5,1,20190823,173900,77,2,1767,763,1831,831,Aug30_1/02-20190823173900-snapshot.jpg
5,1,20190823,173930,69,2,1401,131,1476,192,Aug30_1/02-20190823173930-snapshot.jpg
5,1,20190823,173930,83,2,1782,869,1869,943,Aug30_1/02-20190823173930-snapshot.jpg
5,1,20190823,174000,73,2,1847,914,1920,990,Aug30_1/02-20190823174000-snapshot.jpg
5,1,20190823,174000,79,2,811,154,873,217,Aug30_1/02-20190823174000-snapshot.jpg
5,1,20190823,174000,84,2,1677,522,1732,586,Aug30_1/02-20190823174000-snapshot.jpg
5,1,20190823,174030,61,2,759,218,813,271,Aug30_1/02-20190823174030-snapshot.jpg
5,1,20190823,174030,82,2,1853,902,1919,979,Aug30_1/02-20190823174030-snapshot.jpg
5,1,20190823,174100,83,2,1840,777,1920,841,Aug30_1/02-20190823174100-snapshot.jpg
5,1,20190823,174130,82,2,799,136,873,184,Aug30_1/02-20190823174130-snapshot.jpg
5,1,20190823,174200,82,2,1857,938,1917,1014,Aug30_1/02-20190823174200-snapshot.jpg
5,1,20190823,174230,84,2,1500,707,1581,770,Aug30_1/02-20190823174230-snapshot.jpg
5,1,20190823,174300,90,4,734,727,821,793,Aug30_1/02-20190823174300-snapshot.jpg
5,1,20190823,174330,85,4,843,302,900,368,Aug30_1/02-20190823174330-snapshot.jpg
5,1,20190823,174530,83,2,1847,771,1920,844,Aug30_1/02-20190823174530-snapshot.jpg
5,1,20190823,174530,84,2,1503,673,1585,747,Aug30_1/02-20190823174530-snapshot.jpg
5,1,20190823,174630,81,2,1869,825,1920,899,Aug30_1/02-20190823174630-snapshot.jpg
5,1,20190823,174730,85,2,973,310,1023,369,Aug30_1/02-20190823174730-snapshot.jpg
5,1,20190823,174900,85,2,1468,658,1547,719,Aug30_1/02-20190823174900-snapshot.jpg
5,1,20190823,175030,82,2,1204,277,1260,335,Aug30_1/02-20190823175030-snapshot.jpg
5,1,20190823,175230,74,2,1393,193,1450,256,Aug30_1/02-20190823175230-snapshot.jpg
5,1,20190823,175230,86,2,804,340,858,404,Aug30_1/02-20190823175230-snapshot.jpg
5,1,20190823,175300,85,2,1353,666,1407,735,Aug30_1/02-20190823175300-snapshot.jpg
5,1,20190823,175530,77,2,1334,206,1407,263,Aug30_1/02-20190823175530-snapshot.jpg
5,1,20190823,175700,76,2,931,856,992,926,Aug30_1/02-20190823175700-snapshot.jpg
5,1,20190823,175730,83,2,1559,471,1617,543,Aug30_1/02-20190823175730-snapshot.jpg
5,1,20190823,180130,54,2,1429,135,1494,194,Aug30_1/02-20190823180130-snapshot.jpg
5,1,20190823,180130,79,2,1665,552,1740,601,Aug30_1/02-20190823180130-snapshot.jpg
5,1,20190823,180130,84,2,717,734,801,779,Aug30_1/02-20190823180130-snapshot.jpg
5,1,20190823,180200,78,2,786,121,864,188,Aug30_1/02-20190823180200-snapshot.jpg
5,1,20190823,180230,78,2,1295,706,1352,771,Aug30_1/02-20190823180230-snapshot.jpg
5,1,20190823,180300,80,2,757,87,826,164,Aug30_1/02-20190823180300-snapshot.jpg
5,1,20190823,180300,82,2,1168,921,1233,989,Aug30_1/02-20190823180300-snapshot.jpg
5,1,20190823,180330,46,1,1803,857,1850,901,Aug30_1/02-20190823180330-snapshot.jpg
5,1,20190823,180400,80,1,1693,764,1736,802,Aug30_1/02-20190823180400-snapshot.jpg
5,1,20190823,180430,81,2,1368,204,1423,264,Aug30_1/02-20190823180430-snapshot.jpg
5,1,20190823,180500,86,2,1342,720,1425,775,Aug30_1/02-20190823180500-snapshot.jpg
5,1,20190823,180530,84,2,1459,742,1543,794,Aug30_1/02-20190823180530-snapshot.jpg
5,1,20190823,180600,82,2,1826,790,1887,858,Aug30_1/02-20190823180600-snapshot.jpg
5,1,20190823,180730,71,1,1227,435,1265,465,Aug30_1/02-20190823180730-snapshot.jpg
5,1,20190823,180900,76,2,446,207,498,270,Aug30_1/02-20190823180900-snapshot.jpg
5,1,20190823,181030,59,2,1415,158,1475,213,Aug30_1/02-20190823181030-snapshot.jpg
5,1,20190823,181230,32,4,1876,203,1920,266,Aug30_1/02-20190823181230-snapshot.jpg
5,1,20190823,181230,68,2,1399,189,1472,235,Aug30_1/02-20190823181230-snapshot.jpg
5,1,20190823,181300,44,2,1613,449,1674,504,Aug30_1/02-20190823181300-snapshot.jpg
5,1,20190823,181300,84,2,822,517,874,581,Aug30_1/02-20190823181300-snapshot.jpg
5,1,20190823,181630,85,2,979,905,1048,970,Aug30_1/02-20190823181630-snapshot.jpg
5,1,20190823,181800,81,2,1069,537,1126,596,Aug30_1/02-20190823181800-snapshot.jpg
5,1,20190823,181900,54,2,829,677,878,735,Aug30_1/02-20190823181900-snapshot.jpg
5,1,20190823,181900,85,2,814,155,869,230,Aug30_1/02-20190823181900-snapshot.jpg
5,1,20190823,182130,46,2,1658,521,1712,582,Aug30_1/02-20190823182130-snapshot.jpg
5,1,20190823,182130,60,2,1855,776,1920,854,Aug30_1/02-20190823182130-snapshot.jpg
5,1,20190823,182130,67,2,747,750,821,808,Aug30_1/02-20190823182130-snapshot.jpg
5,1,20190823,182200,83,2,1311,305,1385,356,Aug30_1/02-20190823182200-snapshot.jpg
5,1,20190823,182330,81,2,838,189,890,258,Aug30_1/02-20190823182330-snapshot.jpg
5,1,20190823,182400,76,2,1315,202,1375,258,Aug30_1/02-20190823182400-snapshot.jpg
5,1,20190823,182400,77,2,1852,908,1918,981,Aug30_1/02-20190823182400-snapshot.jpg
5,1,20190823,182430,87,2,1278,297,1353,359,Aug30_1/02-20190823182430-snapshot.jpg
5,1,20190823,182630,82,2,1418,657,1498,722,Aug30_1/02-20190823182630-snapshot.jpg
5,1,20190823,183300,76,2,945,312,1010,352,Aug30_1/02-20190823183300-snapshot.jpg
5,1,20190823,183500,43,2,1785,179,1869,239,Aug30_1/02-20190823183500-snapshot.jpg
5,1,20190823,183500,84,2,1301,702,1358,769,Aug30_1/02-20190823183500-snapshot.jpg
5,1,20190823,183630,79,2,399,210,480,277,Aug30_1/02-20190823183630-snapshot.jpg
5,1,20190823,184030,74,2,1306,713,1374,772,Aug30_1/02-20190823184030-snapshot.jpg
5,1,20190823,184030,83,2,1800,786,1889,844,Aug30_1/02-20190823184030-snapshot.jpg
5,1,20190823,184100,63,2,11,148,89,213,Aug30_1/02-20190823184100-snapshot.jpg
5,1,20190823,184330,79,2,867,611,927,672,Aug30_1/02-20190823184330-snapshot.jpg
5,1,20190823,184430,65,2,1806,743,1868,818,Aug30_1/02-20190823184430-snapshot.jpg
5,1,20190823,184600,72,2,1292,196,1370,262,Aug30_1/02-20190823184600-snapshot.jpg
5,1,20190823,184630,47,8,1369,826,1463,886,Aug30_1/02-20190823184630-snapshot.jpg
5,1,20190823,184630,65,2,1371,826,1462,886,Aug30_1/02-20190823184630-snapshot.jpg
5,1,20190823,185430,59,2,396,191,467,246,Aug30_1/02-20190823185430-snapshot.jpg
5,1,20190823,185800,80,2,1650,529,1724,583,Aug30_1/02-20190823185800-snapshot.jpg
5,1,20190823,185830,51,2,1766,1043,1815,1079,Aug30_1/02-20190823185830-snapshot.jpg
5,1,20190823,185830,77,2,0,28,74,97,Aug30_1/02-20190823185830-snapshot.jpg
5,1,20190823,190030,56,2,1399,167,1465,226,Aug30_1/02-20190823190030-snapshot.jpg
5,1,20190823,190100,74,2,1367,717,1440,769,Aug30_1/02-20190823190100-snapshot.jpg
5,1,20190823,190130,67,2,861,557,916,621,Aug30_1/02-20190823190130-snapshot.jpg
5,1,20190823,190130,86,2,1009,498,1067,578,Aug30_1/02-20190823190130-snapshot.jpg
5,1,20190823,190200,76,2,1468,791,1545,866,Aug30_1/02-20190823190200-snapshot.jpg
5,1,20190823,190200,82,2,827,578,888,637,Aug30_1/02-20190823190200-snapshot.jpg
5,1,20190823,190230,76,2,1646,521,1708,582,Aug30_1/02-20190823190230-snapshot.jpg
5,1,20190823,190500,70,2,426,172,483,235,Aug30_1/02-20190823190500-snapshot.jpg
5,1,20190823,190500,73,2,1271,290,1329,356,Aug30_1/02-20190823190500-snapshot.jpg
5,1,20190823,190530,46,2,1210,297,1285,346,Aug30_1/02-20190823190530-snapshot.jpg
5,1,20190823,191030,75,2,1375,107,1432,167,Aug30_1/02-20190823191030-snapshot.jpg
5,1,20190823,191100,81,2,1625,632,1690,704,Aug30_1/02-20190823191100-snapshot.jpg
5,1,20190823,191500,82,2,775,159,829,225,Aug30_1/02-20190823191500-snapshot.jpg
5,1,20190823,191530,62,2,1811,756,1892,822,Aug30_1/02-20190823191530-snapshot.jpg
5,1,20190823,192200,69,2,1333,228,1410,276,Aug30_1/02-20190823192200-snapshot.jpg
5,1,20190823,192230,74,2,1817,234,1902,286,Aug30_1/02-20190823192230-snapshot.jpg
5,1,20190823,192230,83,2,1307,665,1363,731,Aug30_1/02-20190823192230-snapshot.jpg
5,1,20190823,192300,86,2,1461,810,1552,865,Aug30_1/02-20190823192300-snapshot.jpg
5,1,20190823,192330,82,2,866,541,932,589,Aug30_1/02-20190823192330-snapshot.jpg
5,1,20190823,192400,83,2,877,239,950,294,Aug30_1/02-20190823192400-snapshot.jpg
5,1,20190823,192530,58,2,1726,74,1789,157,Aug30_1/02-20190823192530-snapshot.jpg
5,1,20190823,192530,83,2,1716,944,1783,1025,Aug30_1/02-20190823192530-snapshot.jpg
5,1,20190823,192600,86,2,1522,476,1614,536,Aug30_1/02-20190823192600-snapshot.jpg
5,1,20190823,192630,78,2,1359,117,1431,165,Aug30_1/02-20190823192630-snapshot.jpg
5,1,20190823,192700,76,2,5,124,86,191,Aug30_1/02-20190823192700-snapshot.jpg
5,1,20190823,192830,85,2,830,637,885,713,Aug30_1/02-20190823192830-snapshot.jpg
5,1,20190823,193730,81,2,1381,131,1448,189,Aug30_1/02-20190823193730-snapshot.jpg
5,1,20190823,193800,79,2,415,204,500,250,Aug30_1/02-20190823193800-snapshot.jpg
5,1,20190823,194530,87,3,883,632,963,688,Aug30_1/02-20190823194530-snapshot.jpg
5,1,20190823,194730,58,2,1485,4,1545,67,Aug30_1/02-20190823194730-snapshot.jpg
5,1,20190823,200100,86,2,1642,511,1701,587,Aug30_1/02-20190823200100-snapshot.jpg
5,1,20190823,200200,68,2,1414,714,1481,772,Aug30_1/02-20190823200200-snapshot.jpg
5,1,20190823,200230,85,2,1057,530,1128,588,Aug30_1/02-20190823200230-snapshot.jpg
5,1,20190823,200300,85,2,873,305,950,360,Aug30_1/02-20190823200300-snapshot.jpg
5,1,20190823,200330,65,2,764,673,843,742,Aug30_1/02-20190823200330-snapshot.jpg
5,1,20190823,200330,78,2,1457,790,1539,852,Aug30_1/02-20190823200330-snapshot.jpg
5,1,20190823,200830,80,4,1287,627,1361,680,Aug30_1/02-20190823200830-snapshot.jpg
5,1,20190823,201700,83,2,1395,161,1459,231,Aug30_1/02-20190823201700-snapshot.jpg
5,1,20190823,203700,53,4,954,215,1017,281,Aug30_1/02-20190823203700-snapshot.jpg
5,1,20190824,054400,66,1,1161,255,1213,302,Aug30_1/07-20190824054400-snapshot.jpg
5,1,20190824,054600,43,1,1164,873,1207,910,Aug30_1/07-20190824054600-snapshot.jpg
5,1,20190824,054830,26,1,1162,255,1212,300,Aug30_1/07-20190824054830-snapshot.jpg
5,1,20190824,055000,28,1,0,313,20,354,Aug30_1/07-20190824055000-snapshot.jpg
5,1,20190825,081930,26,1,0,319,22,358,Aug30_1/118-20190825081930-snapshot.jpg
5,1,20190825,085330,26,9,0,227,40,322,Aug30_1/119-20190825085330-snapshot.jpg
5,1,20190825,085330,28,2,0,231,34,328,Aug30_1/119-20190825085330-snapshot.jpg
5,1,20190825,085400,36,2,0,232,34,328,Aug30_1/119-20190825085400-snapshot.jpg
5,1,20190825,085730,37,2,0,232,38,327,Aug30_1/119-20190825085730-snapshot.jpg
5,1,20190825,092530,82,2,1668,869,1730,942,Aug30_1/122-20190825092530-snapshot.jpg
5,1,20190825,093330,47,2,1150,1035,1216,1080,Aug30_1/122-20190825093330-snapshot.jpg
5,1,20190825,093500,84,2,339,228,420,291,Aug30_1/122-20190825093500-snapshot.jpg
5,1,20190825,094100,81,2,1393,609,1452,672,Aug30_1/123-20190825094100-snapshot.jpg
5,1,20190825,094400,84,7,1334,763,1476,893,Aug30_1/123-20190825094400-snapshot.jpg
5,1,20190825,094430,77,7,1718,202,1912,372,Aug30_1/123-20190825094430-snapshot.jpg
5,1,20190825,094900,86,2,1585,563,1652,643,Aug30_1/124-20190825094900-snapshot.jpg
5,1,20190825,095000,85,2,827,648,883,725,Aug30_1/124-20190825095000-snapshot.jpg
5,1,20190825,095200,83,2,1132,414,1190,480,Aug30_1/124-20190825095200-snapshot.jpg
5,1,20190825,095230,82,2,1700,895,1763,969,Aug30_1/124-20190825095230-snapshot.jpg
5,1,20190825,095300,73,2,1842,917,1919,991,Aug30_1/124-20190825095300-snapshot.jpg
5,1,20190825,095400,77,2,1674,879,1738,953,Aug30_1/124-20190825095400-snapshot.jpg
5,1,20190825,095430,62,2,1355,228,1415,290,Aug30_1/124-20190825095430-snapshot.jpg
5,1,20190825,095700,75,2,803,497,868,561,Aug30_1/124-20190825095700-snapshot.jpg
5,1,20190825,100030,81,2,952,809,1010,877,Aug30_1/124-20190825100030-snapshot.jpg
5,1,20190825,100100,83,2,900,331,978,387,Aug30_1/124-20190825100100-snapshot.jpg
5,1,20190825,100130,72,2,746,130,805,204,Aug30_1/124-20190825100130-snapshot.jpg
5,1,20190825,100200,80,2,1853,179,1918,251,Aug30_1/124-20190825100200-snapshot.jpg
5,1,20190825,100330,79,2,1676,887,1739,967,Aug30_1/124-20190825100330-snapshot.jpg
5,1,20190825,100430,84,2,1023,628,1080,703,Aug30_1/124-20190825100430-snapshot.jpg
5,1,20190825,100530,77,2,1093,975,1150,1034,Aug30_1/124-20190825100530-snapshot.jpg
5,1,20190825,100830,81,2,1698,802,1764,878,Aug30_1/124-20190825100830-snapshot.jpg
5,1,20190825,100830,81,2,835,903,897,962,Aug30_1/124-20190825100830-snapshot.jpg
5,1,20190825,100930,84,2,1701,861,1765,942,Aug30_1/124-20190825100930-snapshot.jpg
5,1,20190825,101300,74,2,1388,199,1471,265,Aug30_1/124-20190825101300-snapshot.jpg
5,1,20190825,101330,81,2,1193,221,1252,299,Aug30_1/124-20190825101330-snapshot.jpg
5,1,20190825,101400,85,2,1637,481,1700,558,Aug30_1/124-20190825101400-snapshot.jpg
5,1,20190825,101430,84,2,1414,572,1470,642,Aug30_1/124-20190825101430-snapshot.jpg
5,1,20190825,101500,83,2,962,923,1040,988,Aug30_1/124-20190825101500-snapshot.jpg
5,1,20190825,101600,69,2,816,662,870,724,Aug30_1/124-20190825101600-snapshot.jpg
5,1,20190825,101600,72,2,1862,312,1920,387,Aug30_1/124-20190825101600-snapshot.jpg
5,1,20190825,101800,81,2,824,689,875,756,Aug30_1/124-20190825101800-snapshot.jpg
5,1,20190825,101800,82,2,897,932,985,982,Aug30_1/124-20190825101800-snapshot.jpg
5,1,20190825,101830,81,2,1390,597,1469,652,Aug30_1/124-20190825101830-snapshot.jpg
5,1,20190825,101830,83,2,1723,962,1795,1044,Aug30_1/124-20190825101830-snapshot.jpg
5,1,20190825,101900,86,2,1184,432,1265,495,Aug30_1/124-20190825101900-snapshot.jpg
5,1,20190825,102000,80,2,1186,433,1267,503,Aug30_1/124-20190825102000-snapshot.jpg
5,1,20190825,102300,84,2,1299,198,1375,258,Aug30_1/124-20190825102300-snapshot.jpg
5,1,20190825,102330,78,2,1684,843,1741,910,Aug30_1/124-20190825102330-snapshot.jpg
5,1,20190825,102530,74,2,887,246,942,307,Aug30_1/124-20190825102530-snapshot.jpg
5,1,20190825,102600,76,2,1024,560,1082,633,Aug30_1/124-20190825102600-snapshot.jpg
5,1,20190825,102600,77,2,1376,199,1464,253,Aug30_1/124-20190825102600-snapshot.jpg
5,1,20190825,102830,86,2,1152,434,1236,505,Aug30_1/124-20190825102830-snapshot.jpg
5,1,20190825,103030,29,2,1163,1029,1228,1080,Aug30_1/124-20190825103030-snapshot.jpg
5,1,20190825,103030,66,2,822,496,891,560,Aug30_1/124-20190825103030-snapshot.jpg
5,1,20190825,103100,68,2,1359,183,1439,230,Aug30_1/124-20190825103100-snapshot.jpg
5,1,20190825,103130,54,2,806,236,862,302,Aug30_1/124-20190825103130-snapshot.jpg
5,1,20190825,103130,81,2,1218,297,1273,359,Aug30_1/124-20190825103130-snapshot.jpg
5,1,20190825,103600,66,2,1279,262,1335,330,Aug30_1/124-20190825103600-snapshot.jpg
5,1,20190825,103700,79,2,924,979,1008,1025,Aug30_1/124-20190825103700-snapshot.jpg
5,1,20190825,103730,62,2,60,784,157,847,Aug30_1/124-20190825103730-snapshot.jpg
5,1,20190825,104100,73,2,1475,744,1546,822,Aug30_1/124-20190825104100-snapshot.jpg
5,1,20190825,104130,59,2,1733,184,1807,249,Aug30_1/124-20190825104130-snapshot.jpg
5,1,20190825,104200,78,2,1559,404,1633,467,Aug30_1/124-20190825104200-snapshot.jpg
5,1,20190825,104230,83,2,1366,696,1428,765,Aug30_1/124-20190825104230-snapshot.jpg
5,1,20190825,104300,70,2,1395,579,1455,649,Aug30_1/124-20190825104300-snapshot.jpg
5,1,20190825,104330,69,2,919,846,992,893,Aug30_1/124-20190825104330-snapshot.jpg
5,1,20190825,104400,62,2,805,543,872,587,Aug30_1/124-20190825104400-snapshot.jpg
5,1,20190825,104600,72,2,1387,173,1475,225,Aug30_1/124-20190825104600-snapshot.jpg
5,1,20190825,104800,85,2,1699,789,1787,862,Aug30_1/124-20190825104800-snapshot.jpg
5,1,20190825,104830,73,2,1581,50,1650,127,Aug30_1/124-20190825104830-snapshot.jpg
5,1,20190825,104900,79,2,812,503,874,571,Aug30_1/124-20190825104900-snapshot.jpg
5,1,20190825,104930,82,2,947,950,1029,1008,Aug30_1/124-20190825104930-snapshot.jpg
5,1,20190825,105230,67,8,1074,870,1137,936,Aug30_1/124-20190825105230-snapshot.jpg
5,1,20190825,105330,83,2,1863,852,1920,923,Aug30_1/124-20190825105330-snapshot.jpg
5,1,20190825,105430,50,2,1351,124,1409,175,Aug30_1/124-20190825105430-snapshot.jpg
5,1,20190825,105430,77,2,769,101,833,162,Aug30_1/124-20190825105430-snapshot.jpg
5,1,20190825,105500,86,2,1723,910,1811,973,Aug30_1/124-20190825105500-snapshot.jpg
5,1,20190825,105530,27,2,1568,490,1637,559,Aug30_1/124-20190825105530-snapshot.jpg
5,1,20190825,105800,82,2,1149,436,1212,499,Aug30_1/124-20190825105800-snapshot.jpg
5,1,20190825,110100,80,2,936,859,1013,908,Aug30_1/124-20190825110100-snapshot.jpg
5,1,20190825,110100,87,2,843,576,904,651,Aug30_1/124-20190825110100-snapshot.jpg
5,1,20190825,110130,85,2,1424,654,1523,719,Aug30_1/124-20190825110130-snapshot.jpg
5,1,20190825,110200,87,2,1105,470,1166,555,Aug30_1/124-20190825110200-snapshot.jpg
5,1,20190825,110600,70,2,1626,447,1683,502,Aug30_1/124-20190825110600-snapshot.jpg
5,1,20190825,110630,86,2,821,632,874,707,Aug30_1/124-20190825110630-snapshot.jpg
5,1,20190825,110700,85,2,963,819,1019,884,Aug30_1/124-20190825110700-snapshot.jpg
5,1,20190825,110830,70,2,1768,647,1833,706,Aug30_1/124-20190825110830-snapshot.jpg
5,1,20190825,110830,78,2,815,686,870,737,Aug30_1/124-20190825110830-snapshot.jpg
5,1,20190825,110900,77,2,1694,1008,1776,1070,Aug30_1/124-20190825110900-snapshot.jpg
5,1,20190825,110930,87,7,1760,147,1904,302,Aug30_1/124-20190825110930-snapshot.jpg
5,1,20190825,111030,76,2,1365,658,1421,717,Aug30_1/124-20190825111030-snapshot.jpg
5,1,20190825,111100,46,2,1744,1039,1796,1079,Aug30_1/124-20190825111100-snapshot.jpg
5,1,20190825,111100,72,2,1692,907,1753,977,Aug30_1/124-20190825111100-snapshot.jpg
5,1,20190825,111100,78,2,1052,536,1113,613,Aug30_1/124-20190825111100-snapshot.jpg
5,1,20190825,111200,75,2,860,964,931,1035,Aug30_1/124-20190825111200-snapshot.jpg
5,1,20190825,111230,78,2,1109,993,1168,1055,Aug30_1/124-20190825111230-snapshot.jpg
5,1,20190825,111330,83,2,1789,728,1853,808,Aug30_1/124-20190825111330-snapshot.jpg
5,1,20190825,111430,66,2,778,225,837,283,Aug30_1/124-20190825111430-snapshot.jpg
5,1,20190825,111630,70,2,1789,933,1874,989,Aug30_1/124-20190825111630-snapshot.jpg
5,1,20190825,111630,85,2,1209,280,1293,335,Aug30_1/124-20190825111630-snapshot.jpg
5,1,20190825,111700,50,2,427,167,479,214,Aug30_1/124-20190825111700-snapshot.jpg
5,1,20190825,111700,77,2,1373,575,1432,641,Aug30_1/124-20190825111700-snapshot.jpg
5,1,20190825,111730,82,2,827,654,887,715,Aug30_1/124-20190825111730-snapshot.jpg
5,1,20190825,111800,83,2,836,667,891,728,Aug30_1/124-20190825111800-snapshot.jpg
5,1,20190825,111930,79,2,1301,682,1386,738,Aug30_1/124-20190825111930-snapshot.jpg
5,1,20190825,112200,78,2,1667,874,1731,947,Aug30_1/124-20190825112200-snapshot.jpg
5,1,20190825,112300,73,2,1235,661,1309,712,Aug30_1/124-20190825112300-snapshot.jpg
5,1,20190825,112400,59,2,974,589,1043,663,Aug30_1/124-20190825112400-snapshot.jpg
5,1,20190825,112400,82,2,1781,660,1844,724,Aug30_1/124-20190825112400-snapshot.jpg
5,1,20190825,112400,83,2,1360,658,1419,720,Aug30_1/124-20190825112400-snapshot.jpg
5,1,20190825,112730,81,2,1373,744,1455,796,Aug30_1/124-20190825112730-snapshot.jpg
5,1,20190825,112830,81,2,1604,455,1677,510,Aug30_1/124-20190825112830-snapshot.jpg
5,1,20190825,112900,27,1,1152,107,1194,143,Aug30_1/124-20190825112900-snapshot.jpg
5,1,20190825,112900,81,2,879,330,936,395,Aug30_1/124-20190825112900-snapshot.jpg
5,1,20190825,113000,77,2,1377,584,1461,645,Aug30_1/124-20190825113000-snapshot.jpg
5,1,20190825,113030,76,2,1117,437,1187,488,Aug30_1/124-20190825113030-snapshot.jpg
5,1,20190825,113100,83,2,1584,333,1652,411,Aug30_1/124-20190825113100-snapshot.jpg
5,1,20190825,113100,84,2,1224,264,1282,334,Aug30_1/124-20190825113100-snapshot.jpg
5,1,20190825,113130,30,1,1152,108,1194,143,Aug30_1/124-20190825113130-snapshot.jpg
5,1,20190825,113130,66,2,1750,214,1823,276,Aug30_1/124-20190825113130-snapshot.jpg
5,1,20190825,113200,44,1,1152,108,1195,144,Aug30_1/124-20190825113200-snapshot.jpg
5,1,20190825,113200,70,2,857,249,910,306,Aug30_1/124-20190825113200-snapshot.jpg
5,1,20190825,113200,82,2,824,694,876,755,Aug30_1/124-20190825113200-snapshot.jpg
5,1,20190825,113230,79,2,1757,673,1818,742,Aug30_1/124-20190825113230-snapshot.jpg
5,1,20190825,113230,86,2,955,935,1037,996,Aug30_1/124-20190825113230-snapshot.jpg
5,1,20190825,113430,68,2,1406,556,1477,621,Aug30_1/124-20190825113430-snapshot.jpg
5,1,20190825,113530,81,2,1060,979,1132,1031,Aug30_1/124-20190825113530-snapshot.jpg
5,1,20190825,113530,82,2,859,247,934,306,Aug30_1/124-20190825113530-snapshot.jpg
5,1,20190825,113730,77,2,1015,597,1077,659,Aug30_1/124-20190825113730-snapshot.jpg
5,1,20190825,113800,82,2,954,920,1032,992,Aug30_1/124-20190825113800-snapshot.jpg
5,1,20190825,113830,86,2,1751,900,1820,985,Aug30_1/124-20190825113830-snapshot.jpg
5,1,20190825,113900,81,2,1624,455,1683,527,Aug30_1/124-20190825113900-snapshot.jpg
5,1,20190825,114030,85,2,899,789,957,858,Aug30_1/124-20190825114030-snapshot.jpg
5,1,20190825,114130,83,2,1725,758,1791,833,Aug30_1/124-20190825114130-snapshot.jpg
5,1,20190825,114430,73,2,1350,645,1407,703,Aug30_1/124-20190825114430-snapshot.jpg
5,1,20190825,114430,78,2,1866,878,1920,931,Aug30_1/124-20190825114430-snapshot.jpg
5,1,20190825,114430,78,2,846,942,908,1001,Aug30_1/124-20190825114430-snapshot.jpg
5,1,20190825,114630,86,2,1230,256,1291,324,Aug30_1/124-20190825114630-snapshot.jpg
5,1,20190825,114830,28,2,1778,227,1843,302,Aug30_1/124-20190825114830-snapshot.jpg
5,1,20190825,114900,79,2,1324,674,1387,743,Aug30_1/124-20190825114900-snapshot.jpg
5,1,20190825,114930,83,2,934,924,1023,985,Aug30_1/124-20190825114930-snapshot.jpg
5,1,20190825,115130,81,2,1009,566,1064,632,Aug30_1/124-20190825115130-snapshot.jpg
5,1,20190825,115200,27,2,430,163,497,217,Aug30_1/124-20190825115200-snapshot.jpg
5,1,20190825,115200,76,2,1675,880,1737,950,Aug30_1/124-20190825115200-snapshot.jpg
5,1,20190825,115230,80,2,1371,584,1449,650,Aug30_1/124-20190825115230-snapshot.jpg
5,1,20190825,115530,68,2,1184,1010,1244,1074,Aug30_1/124-20190825115530-snapshot.jpg
5,1,20190825,115600,52,2,1401,565,1459,625,Aug30_1/124-20190825115600-snapshot.jpg
5,1,20190825,115600,73,2,1809,664,1874,725,Aug30_1/124-20190825115600-snapshot.jpg
5,1,20190825,115630,81,2,813,520,871,589,Aug30_1/124-20190825115630-snapshot.jpg
5,1,20190825,115630,82,2,1852,831,1915,900,Aug30_1/124-20190825115630-snapshot.jpg
5,1,20190825,115700,82,2,865,300,921,370,Aug30_1/124-20190825115700-snapshot.jpg
5,1,20190825,115700,82,2,1345,728,1421,797,Aug30_1/124-20190825115700-snapshot.jpg
5,1,20190825,115900,80,2,1708,951,1771,1033,Aug30_1/124-20190825115900-snapshot.jpg
5,1,20190825,115930,73,2,868,236,945,302,Aug30_1/124-20190825115930-snapshot.jpg
5,1,20190825,120000,78,2,863,239,944,301,Aug30_1/124-20190825120000-snapshot.jpg
5,1,20190825,120030,85,2,1518,688,1609,749,Aug30_1/124-20190825120030-snapshot.jpg
5,1,20190825,120100,80,8,615,696,671,757,Aug30_1/124-20190825120100-snapshot.jpg
5,1,20190825,120130,90,7,354,164,497,279,Aug30_1/124-20190825120130-snapshot.jpg
5,1,20190825,120300,82,2,1823,792,1894,868,Aug30_1/124-20190825120300-snapshot.jpg
5,1,20190825,120330,83,2,1426,648,1488,724,Aug30_1/124-20190825120330-snapshot.jpg
5,1,20190825,120400,30,2,1761,178,1825,236,Aug30_1/124-20190825120400-snapshot.jpg
5,1,20190825,120430,80,2,830,862,900,920,Aug30_1/124-20190825120430-snapshot.jpg
5,1,20190825,120700,83,2,1697,822,1786,874,Aug30_1/124-20190825120700-snapshot.jpg
5,1,20190825,120730,86,2,1211,269,1268,342,Aug30_1/124-20190825120730-snapshot.jpg
5,1,20190825,120900,78,2,829,691,894,747,Aug30_1/124-20190825120900-snapshot.jpg
5,1,20190825,120930,66,2,942,962,1015,1031,Aug30_1/124-20190825120930-snapshot.jpg
5,1,20190825,121000,81,2,1538,617,1625,686,Aug30_1/124-20190825121000-snapshot.jpg
5,1,20190825,121330,82,2,1387,704,1473,752,Aug30_1/124-20190825121330-snapshot.jpg
5,1,20190825,121330,85,2,365,237,427,304,Aug30_1/124-20190825121330-snapshot.jpg
5,1,20190825,121400,75,2,1430,593,1509,645,Aug30_1/124-20190825121400-snapshot.jpg
5,1,20190825,121400,79,2,1154,1023,1224,1078,Aug30_1/124-20190825121400-snapshot.jpg
5,1,20190825,121630,81,2,1731,788,1822,838,Aug30_1/124-20190825121630-snapshot.jpg
5,1,20190825,121800,82,2,1382,717,1442,780,Aug30_1/124-20190825121800-snapshot.jpg
5,1,20190825,121930,30,2,1884,873,1920,949,Aug30_1/124-20190825121930-snapshot.jpg
5,1,20190825,122000,72,2,968,793,1028,858,Aug30_1/124-20190825122000-snapshot.jpg
5,1,20190825,122100,81,2,1624,460,1683,530,Aug30_1/124-20190825122100-snapshot.jpg
5,1,20190825,122130,85,2,431,675,514,753,Aug30_1/124-20190825122130-snapshot.jpg
5,1,20190825,122200,86,7,1664,959,1920,1079,Aug30_1/124-20190825122200-snapshot.jpg
5,1,20190825,122230,84,2,1376,188,1456,253,Aug30_1/124-20190825122230-snapshot.jpg
5,1,20190825,122330,76,2,1724,685,1789,763,Aug30_1/124-20190825122330-snapshot.jpg
5,1,20190825,122530,71,2,1086,983,1149,1036,Aug30_1/124-20190825122530-snapshot.jpg
5,1,20190825,122530,77,2,352,239,410,303,Aug30_1/124-20190825122530-snapshot.jpg
5,1,20190825,122600,77,2,1387,164,1473,221,Aug30_1/124-20190825122600-snapshot.jpg
5,1,20190825,122600,85,2,1676,419,1737,501,Aug30_1/124-20190825122600-snapshot.jpg
5,1,20190825,122700,71,2,1673,801,1739,870,Aug30_1/124-20190825122700-snapshot.jpg
5,1,20190825,122730,84,2,799,502,860,576,Aug30_1/124-20190825122730-snapshot.jpg
5,1,20190825,122830,83,2,1781,1015,1875,1080,Aug30_1/124-20190825122830-snapshot.jpg
5,1,20190825,122900,86,2,837,641,895,715,Aug30_1/124-20190825122900-snapshot.jpg
5,1,20190825,122930,47,2,1755,182,1832,252,Aug30_1/124-20190825122930-snapshot.jpg
5,1,20190825,123000,80,8,1020,74,1082,147,Aug30_1/124-20190825123000-snapshot.jpg
5,1,20190825,123430,78,2,897,598,954,661,Aug30_1/124-20190825123430-snapshot.jpg
5,1,20190825,123600,78,2,1102,979,1161,1049,Aug30_1/124-20190825123600-snapshot.jpg
5,1,20190825,123630,71,2,1757,182,1824,256,Aug30_1/124-20190825123630-snapshot.jpg
5,1,20190825,123700,56,2,1149,1034,1207,1079,Aug30_1/124-20190825123700-snapshot.jpg
5,1,20190825,123700,83,2,1311,184,1388,240,Aug30_1/124-20190825123700-snapshot.jpg
5,1,20190825,123730,73,2,348,221,407,287,Aug30_1/124-20190825123730-snapshot.jpg
5,1,20190825,123830,44,2,1780,238,1847,318,Aug30_1/124-20190825123830-snapshot.jpg
5,1,20190825,123830,85,2,1714,882,1799,952,Aug30_1/124-20190825123830-snapshot.jpg
5,1,20190825,123900,86,2,985,574,1041,641,Aug30_1/124-20190825123900-snapshot.jpg
5,1,20190825,124100,60,2,786,15,855,96,Aug30_1/124-20190825124100-snapshot.jpg
5,1,20190825,124100,84,8,520,500,603,585,Aug30_1/124-20190825124100-snapshot.jpg
5,1,20190825,124130,66,2,1728,190,1789,258,Aug30_1/124-20190825124130-snapshot.jpg
5,1,20190825,124200,77,2,1762,196,1848,250,Aug30_1/124-20190825124200-snapshot.jpg
5,1,20190825,124330,73,2,905,822,968,886,Aug30_1/124-20190825124330-snapshot.jpg
5,1,20190825,124430,65,2,1033,573,1103,644,Aug30_1/124-20190825124430-snapshot.jpg
5,1,20190825,124500,68,2,1735,207,1810,262,Aug30_1/124-20190825124500-snapshot.jpg
5,1,20190825,124530,82,2,1850,841,1920,908,Aug30_1/124-20190825124530-snapshot.jpg
5,1,20190825,124630,84,2,1868,879,1920,956,Aug30_1/124-20190825124630-snapshot.jpg
5,1,20190825,124700,63,2,1763,154,1830,225,Aug30_1/124-20190825124700-snapshot.jpg
5,1,20190825,125100,81,2,1454,707,1538,758,Aug30_1/124-20190825125100-snapshot.jpg
5,1,20190825,125130,58,2,854,258,909,308,Aug30_1/124-20190825125130-snapshot.jpg
5,1,20190825,125200,41,2,0,128,59,197,Aug30_1/124-20190825125200-snapshot.jpg
5,1,20190825,125230,73,2,1431,304,1490,374,Aug30_1/124-20190825125230-snapshot.jpg
5,1,20190825,125230,77,2,760,114,848,178,Aug30_1/124-20190825125230-snapshot.jpg
5,1,20190825,125300,79,2,853,247,906,306,Aug30_1/124-20190825125300-snapshot.jpg
5,1,20190825,125430,77,2,1597,389,1675,449,Aug30_1/124-20190825125430-snapshot.jpg
5,1,20190825,125830,82,2,844,930,900,994,Aug30_1/124-20190825125830-snapshot.jpg
5,1,20190825,125930,73,2,773,110,849,177,Aug30_1/124-20190825125930-snapshot.jpg
5,1,20190825,130000,78,2,1831,414,1917,484,Aug30_1/124-20190825130000-snapshot.jpg
5,1,20190825,130100,83,2,794,510,857,583,Aug30_1/124-20190825130100-snapshot.jpg
5,1,20190825,130530,79,2,1117,389,1182,455,Aug30_1/124-20190825130530-snapshot.jpg
5,1,20190825,130700,75,2,1766,721,1828,793,Aug30_1/124-20190825130700-snapshot.jpg
5,1,20190825,130900,81,2,1742,706,1804,777,Aug30_1/124-20190825130900-snapshot.jpg
5,1,20190825,131000,79,2,854,924,909,994,Aug30_1/124-20190825131000-snapshot.jpg
5,1,20190825,131030,72,2,784,147,849,205,Aug30_1/124-20190825131030-snapshot.jpg
5,1,20190825,131100,68,2,1400,139,1481,196,Aug30_1/124-20190825131100-snapshot.jpg
5,1,20190825,131130,86,2,816,654,868,726,Aug30_1/124-20190825131130-snapshot.jpg
5,1,20190825,131330,86,2,575,570,656,642,Aug30_1/124-20190825131330-snapshot.jpg
5,1,20190825,131400,50,2,60,4,149,72,Aug30_1/124-20190825131400-snapshot.jpg
5,1,20190825,131400,79,2,1392,744,1466,792,Aug30_1/124-20190825131400-snapshot.jpg
5,1,20190825,131400,83,2,936,804,1013,867,Aug30_1/124-20190825131400-snapshot.jpg
5,1,20190825,131430,75,2,1408,135,1490,196,Aug30_1/124-20190825131430-snapshot.jpg
5,1,20190825,131530,72,2,1405,145,1480,196,Aug30_1/124-20190825131530-snapshot.jpg
5,1,20190825,131600,86,2,1800,787,1887,866,Aug30_1/124-20190825131600-snapshot.jpg
5,1,20190825,131800,80,2,1766,190,1828,261,Aug30_1/124-20190825131800-snapshot.jpg
5,1,20190825,131900,80,2,1341,655,1400,717,Aug30_1/124-20190825131900-snapshot.jpg
5,1,20190825,131930,85,2,1393,737,1488,792,Aug30_1/124-20190825131930-snapshot.jpg
5,1,20190825,132000,70,2,857,250,928,301,Aug30_1/124-20190825132000-snapshot.jpg
5,1,20190825,132300,85,2,846,869,901,941,Aug30_1/124-20190825132300-snapshot.jpg
5,1,20190825,132330,85,2,1005,555,1088,618,Aug30_1/124-20190825132330-snapshot.jpg
5,1,20190825,132400,70,2,1785,255,1867,312,Aug30_1/124-20190825132400-snapshot.jpg
5,1,20190825,132400,79,2,1860,887,1920,963,Aug30_1/124-20190825132400-snapshot.jpg
5,1,20190825,132500,78,2,1766,747,1843,818,Aug30_1/124-20190825132500-snapshot.jpg
5,1,20190825,132530,75,2,1174,1009,1236,1078,Aug30_1/124-20190825132530-snapshot.jpg
5,1,20190825,132730,74,2,1357,652,1408,704,Aug30_1/124-20190825132730-snapshot.jpg
5,1,20190825,132830,85,2,1804,783,1887,865,Aug30_1/124-20190825132830-snapshot.jpg
5,1,20190825,132900,54,2,760,105,841,170,Aug30_1/124-20190825132900-snapshot.jpg
5,1,20190825,132930,66,2,1803,231,1890,281,Aug30_1/124-20190825132930-snapshot.jpg
5,1,20190825,132930,72,2,844,927,902,992,Aug30_1/124-20190825132930-snapshot.jpg
5,1,20190825,133000,83,2,468,666,545,730,Aug30_1/124-20190825133000-snapshot.jpg
5,1,20190825,133030,54,2,1726,191,1790,252,Aug30_1/124-20190825133030-snapshot.jpg
5,1,20190825,133030,74,2,1387,154,1458,215,Aug30_1/124-20190825133030-snapshot.jpg
5,1,20190825,133100,79,2,991,591,1066,642,Aug30_1/124-20190825133100-snapshot.jpg
5,1,20190825,133130,84,2,1341,372,1404,456,Aug30_1/124-20190825133130-snapshot.jpg
5,1,20190825,133330,82,2,879,239,951,306,Aug30_1/124-20190825133330-snapshot.jpg
5,1,20190825,133400,84,2,921,796,978,866,Aug30_1/124-20190825133400-snapshot.jpg
5,1,20190825,133500,63,2,1287,664,1343,721,Aug30_1/124-20190825133500-snapshot.jpg
5,1,20190825,133500,86,2,1403,577,1460,651,Aug30_1/124-20190825133500-snapshot.jpg
5,1,20190825,133530,74,2,1045,561,1119,616,Aug30_1/124-20190825133530-snapshot.jpg
5,1,20190825,133600,83,2,367,187,450,238,Aug30_1/124-20190825133600-snapshot.jpg
5,1,20190825,133600,86,2,1713,855,1777,934,Aug30_1/124-20190825133600-snapshot.jpg
5,1,20190825,133630,78,2,490,205,572,253,Aug30_1/124-20190825133630-snapshot.jpg
5,1,20190825,133730,84,2,1240,271,1302,339,Aug30_1/124-20190825133730-snapshot.jpg
5,1,20190825,133800,27,2,1123,1020,1193,1080,Aug30_1/124-20190825133800-snapshot.jpg
5,1,20190825,133830,81,2,1702,912,1793,969,Aug30_1/124-20190825133830-snapshot.jpg
5,1,20190825,133900,78,2,1307,343,1391,404,Aug30_1/124-20190825133900-snapshot.jpg
5,1,20190825,133930,80,2,1719,1006,1800,1078,Aug30_1/124-20190825133930-snapshot.jpg
5,1,20190825,133930,84,2,798,502,855,570,Aug30_1/124-20190825133930-snapshot.jpg
5,1,20190825,134000,83,2,1373,157,1464,220,Aug30_1/124-20190825134000-snapshot.jpg
5,1,20190825,134000,84,2,1825,828,1885,910,Aug30_1/124-20190825134000-snapshot.jpg
5,1,20190825,134230,74,2,842,917,903,976,Aug30_1/124-20190825134230-snapshot.jpg
5,1,20190825,134230,84,2,1714,806,1798,876,Aug30_1/124-20190825134230-snapshot.jpg
5,1,20190825,134230,86,2,940,847,996,920,Aug30_1/124-20190825134230-snapshot.jpg
5,1,20190825,134300,77,2,1427,560,1488,619,Aug30_1/124-20190825134300-snapshot.jpg
5,1,20190825,134400,80,2,1695,767,1755,841,Aug30_1/124-20190825134400-snapshot.jpg
5,1,20190825,134400,86,2,812,492,897,551,Aug30_1/124-20190825134400-snapshot.jpg
5,1,20190825,134600,68,2,1721,784,1782,845,Aug30_1/124-20190825134600-snapshot.jpg
5,1,20190825,134630,84,2,1376,587,1438,662,Aug30_1/124-20190825134630-snapshot.jpg
5,1,20190825,134700,78,2,865,943,925,1012,Aug30_1/124-20190825134700-snapshot.jpg
5,1,20190825,134700,81,2,1733,1009,1797,1079,Aug30_1/124-20190825134700-snapshot.jpg
5,1,20190825,134700,82,2,1361,661,1418,730,Aug30_1/124-20190825134700-snapshot.jpg
5,1,20190825,134730,69,2,919,39,998,123,Aug30_1/124-20190825134730-snapshot.jpg
5,1,20190825,135130,85,2,1711,794,1776,869,Aug30_1/124-20190825135130-snapshot.jpg
5,1,20190825,135200,77,2,1400,137,1484,193,Aug30_1/124-20190825135200-snapshot.jpg
5,1,20190825,135200,78,2,405,153,474,195,Aug30_1/124-20190825135200-snapshot.jpg
5,1,20190825,135230,52,2,1385,228,1449,277,Aug30_1/124-20190825135230-snapshot.jpg
5,1,20190825,135230,75,2,828,858,882,912,Aug30_1/124-20190825135230-snapshot.jpg
5,1,20190825,135230,81,2,1149,998,1211,1069,Aug30_1/124-20190825135230-snapshot.jpg
5,1,20190825,135230,82,2,1158,404,1218,481,Aug30_1/124-20190825135230-snapshot.jpg
5,1,20190825,135300,81,2,1804,927,1872,1002,Aug30_1/124-20190825135300-snapshot.jpg
5,1,20190825,135430,86,2,1715,848,1782,929,Aug30_1/124-20190825135430-snapshot.jpg
5,1,20190825,135500,83,2,810,495,884,553,Aug30_1/124-20190825135500-snapshot.jpg
5,1,20190825,135630,65,2,979,292,1046,334,Aug30_1/124-20190825135630-snapshot.jpg
5,1,20190825,135630,76,2,1378,230,1439,289,Aug30_1/124-20190825135630-snapshot.jpg
5,1,20190825,135730,83,2,905,620,964,681,Aug30_1/124-20190825135730-snapshot.jpg
5,1,20190825,135800,58,2,345,224,403,287,Aug30_1/124-20190825135800-snapshot.jpg
5,1,20190825,135800,77,2,1108,379,1179,441,Aug30_1/124-20190825135800-snapshot.jpg
5,1,20190825,135830,80,2,825,662,881,715,Aug30_1/124-20190825135830-snapshot.jpg
5,1,20190825,135830,85,2,1826,822,1892,904,Aug30_1/124-20190825135830-snapshot.jpg
5,1,20190825,135900,78,2,507,927,579,1005,Aug30_1/124-20190825135900-snapshot.jpg
5,1,20190825,135930,81,8,241,847,320,908,Aug30_1/124-20190825135930-snapshot.jpg
5,1,20190825,140200,79,2,359,241,426,303,Aug30_1/124-20190825140200-snapshot.jpg
5,1,20190825,140330,79,2,1067,270,1150,326,Aug30_1/124-20190825140330-snapshot.jpg
5,1,20190825,140330,85,2,978,575,1038,639,Aug30_1/124-20190825140330-snapshot.jpg
5,1,20190825,140400,75,2,107,528,190,598,Aug30_1/124-20190825140400-snapshot.jpg
5,1,20190825,140430,79,2,753,159,811,232,Aug30_1/124-20190825140430-snapshot.jpg
5,1,20190825,140500,59,2,705,855,765,922,Aug30_1/124-20190825140500-snapshot.jpg
5,1,20190825,140530,81,2,1660,857,1725,932,Aug30_1/124-20190825140530-snapshot.jpg
5,1,20190825,140900,68,2,1120,402,1177,471,Aug30_1/124-20190825140900-snapshot.jpg
5,1,20190825,140930,28,2,1788,247,1854,312,Aug30_1/124-20190825140930-snapshot.jpg
5,1,20190825,140930,71,2,412,171,493,218,Aug30_1/124-20190825140930-snapshot.jpg
5,1,20190825,141000,60,2,835,908,894,965,Aug30_1/124-20190825141000-snapshot.jpg
5,1,20190825,141030,69,2,1145,1015,1218,1067,Aug30_1/124-20190825141030-snapshot.jpg
5,1,20190825,141100,56,2,450,168,510,233,Aug30_1/124-20190825141100-snapshot.jpg
5,1,20190825,141100,70,2,1708,180,1789,229,Aug30_1/124-20190825141100-snapshot.jpg
5,1,20190825,141100,80,2,387,188,447,258,Aug30_1/124-20190825141100-snapshot.jpg
5,1,20190825,141200,87,2,1168,446,1252,509,Aug30_1/124-20190825141200-snapshot.jpg
5,1,20190825,141230,59,2,1739,1032,1803,1080,Aug30_1/124-20190825141230-snapshot.jpg
5,1,20190825,141300,74,2,1752,170,1814,228,Aug30_1/124-20190825141300-snapshot.jpg
5,1,20190825,141330,81,2,1667,851,1729,916,Aug30_1/124-20190825141330-snapshot.jpg
5,1,20190825,141330,82,2,1100,925,1181,971,Aug30_1/124-20190825141330-snapshot.jpg
5,1,20190825,141330,84,2,1380,240,1439,312,Aug30_1/124-20190825141330-snapshot.jpg
5,1,20190825,141400,78,2,1394,189,1453,254,Aug30_1/124-20190825141400-snapshot.jpg
5,1,20190825,141500,76,2,1595,442,1659,508,Aug30_1/124-20190825141500-snapshot.jpg
5,1,20190825,141600,45,2,1822,217,1888,294,Aug30_1/124-20190825141600-snapshot.jpg
5,1,20190825,141600,77,2,409,157,473,202,Aug30_1/124-20190825141600-snapshot.jpg
5,1,20190825,141600,88,2,1787,797,1877,867,Aug30_1/124-20190825141600-snapshot.jpg
5,1,20190825,141630,81,2,1338,677,1418,724,Aug30_1/124-20190825141630-snapshot.jpg
5,1,20190825,141700,73,2,973,559,1037,630,Aug30_1/124-20190825141700-snapshot.jpg
5,1,20190825,141730,78,2,857,914,915,977,Aug30_1/124-20190825141730-snapshot.jpg
5,1,20190825,141800,28,1,0,321,21,357,Aug30_1/124-20190825141800-snapshot.jpg
5,1,20190825,141800,86,2,1324,640,1385,712,Aug30_1/124-20190825141800-snapshot.jpg
5,1,20190825,141900,26,1,0,321,21,357,Aug30_1/124-20190825141900-snapshot.jpg
5,1,20190825,142030,25,1,0,322,21,357,Aug30_1/124-20190825142030-snapshot.jpg
5,1,20190825,142130,84,2,1380,156,1474,213,Aug30_1/124-20190825142130-snapshot.jpg
5,1,20190825,142200,83,2,841,860,895,920,Aug30_1/124-20190825142200-snapshot.jpg
5,1,20190825,142230,78,2,1861,845,1920,903,Aug30_1/124-20190825142230-snapshot.jpg
5,1,20190825,142230,82,2,899,588,980,639,Aug30_1/124-20190825142230-snapshot.jpg
5,1,20190825,142330,82,2,1247,265,1310,334,Aug30_1/124-20190825142330-snapshot.jpg
5,1,20190825,142400,85,2,1704,818,1771,906,Aug30_1/124-20190825142400-snapshot.jpg
5,1,20190825,142430,72,2,804,514,879,570,Aug30_1/124-20190825142430-snapshot.jpg
5,1,20190825,142430,89,2,1751,983,1841,1047,Aug30_1/124-20190825142430-snapshot.jpg
5,1,20190825,142500,85,2,1684,826,1778,885,Aug30_1/124-20190825142500-snapshot.jpg
5,1,20190825,142630,34,2,1666,871,1726,936,Aug30_1/124-20190825142630-snapshot.jpg
5,1,20190825,142630,85,2,1316,675,1385,742,Aug30_1/124-20190825142630-snapshot.jpg
5,1,20190825,142700,73,2,858,342,922,410,Aug30_1/124-20190825142700-snapshot.jpg
5,1,20190825,142730,78,2,1732,926,1800,1003,Aug30_1/124-20190825142730-snapshot.jpg
5,1,20190825,142730,84,2,1182,307,1253,380,Aug30_1/124-20190825142730-snapshot.jpg
5,1,20190825,142800,62,2,1366,231,1445,279,Aug30_1/124-20190825142800-snapshot.jpg
5,1,20190825,142800,66,2,857,943,930,998,Aug30_1/124-20190825142800-snapshot.jpg
5,1,20190825,142800,77,2,341,132,403,189,Aug30_1/124-20190825142800-snapshot.jpg
5,1,20190825,142900,82,2,1328,225,1404,289,Aug30_1/124-20190825142900-snapshot.jpg
5,1,20190825,143200,73,2,429,156,491,216,Aug30_1/124-20190825143200-snapshot.jpg
5,1,20190825,143430,84,2,1853,852,1920,918,Aug30_1/124-20190825143430-snapshot.jpg
5,1,20190825,143500,81,2,952,804,1022,863,Aug30_1/124-20190825143500-snapshot.jpg
5,1,20190825,143630,31,1,0,322,22,358,Aug30_1/124-20190825143630-snapshot.jpg
5,1,20190825,143830,29,1,0,322,22,357,Aug30_1/124-20190825143830-snapshot.jpg
5,1,20190825,143900,26,1,0,322,21,356,Aug30_1/124-20190825143900-snapshot.jpg
5,1,20190825,143900,80,2,835,914,906,965,Aug30_1/124-20190825143900-snapshot.jpg
5,1,20190825,144000,84,2,976,579,1053,640,Aug30_1/124-20190825144000-snapshot.jpg
5,1,20190825,144130,82,2,1281,169,1353,216,Aug30_1/124-20190825144130-snapshot.jpg
5,1,20190825,144200,78,2,858,241,928,300,Aug30_1/124-20190825144200-snapshot.jpg
5,1,20190825,144230,42,1,0,322,22,357,Aug30_1/124-20190825144230-snapshot.jpg
5,1,20190825,144300,27,1,0,322,21,357,Aug30_1/124-20190825144300-snapshot.jpg
5,1,20190825,144400,79,2,1683,843,1761,914,Aug30_1/124-20190825144400-snapshot.jpg
5,1,20190825,144430,54,2,1153,1036,1209,1079,Aug30_1/124-20190825144430-snapshot.jpg
5,1,20190825,144430,81,2,853,909,922,979,Aug30_1/124-20190825144430-snapshot.jpg
5,1,20190825,144530,77,2,1102,977,1160,1026,Aug30_1/124-20190825144530-snapshot.jpg
5,1,20190825,144600,70,2,1370,195,1433,259,Aug30_1/124-20190825144600-snapshot.jpg
5,1,20190825,144630,81,2,1513,688,1595,754,Aug30_1/124-20190825144630-snapshot.jpg
5,1,20190825,144630,83,2,838,914,916,966,Aug30_1/124-20190825144630-snapshot.jpg
5,1,20190825,144730,42,1,0,322,22,358,Aug30_1/124-20190825144730-snapshot.jpg
5,1,20190825,144730,79,2,1088,295,1170,358,Aug30_1/124-20190825144730-snapshot.jpg
5,1,20190825,144800,75,2,1803,934,1886,997,Aug30_1/124-20190825144800-snapshot.jpg
5,1,20190825,144830,66,2,996,586,1059,642,Aug30_1/124-20190825144830-snapshot.jpg
5,1,20190825,144900,81,2,1663,855,1751,914,Aug30_1/124-20190825144900-snapshot.jpg
5,1,20190825,144900,81,2,832,880,901,932,Aug30_1/124-20190825144900-snapshot.jpg
5,1,20190825,144930,62,2,1233,419,1309,472,Aug30_1/124-20190825144930-snapshot.jpg
5,1,20190825,144930,83,2,1206,239,1271,302,Aug30_1/124-20190825144930-snapshot.jpg
5,1,20190825,145000,56,8,1423,655,1505,725,Aug30_1/124-20190825145000-snapshot.jpg
5,1,20190825,145030,81,2,1869,819,1920,893,Aug30_1/124-20190825145030-snapshot.jpg
5,1,20190825,145030,83,2,1709,901,1800,960,Aug30_1/124-20190825145030-snapshot.jpg
5,1,20190825,145100,39,2,1737,195,1811,247,Aug30_1/124-20190825145100-snapshot.jpg
5,1,20190825,145100,78,2,1351,748,1435,800,Aug30_1/124-20190825145100-snapshot.jpg
5,1,20190825,145130,72,2,1500,675,1586,728,Aug30_1/124-20190825145130-snapshot.jpg
5,1,20190825,145130,83,2,1109,959,1164,1023,Aug30_1/124-20190825145130-snapshot.jpg
5,1,20190825,145200,51,2,761,130,833,203,Aug30_1/124-20190825145200-snapshot.jpg
5,1,20190825,145230,83,2,1752,675,1838,725,Aug30_1/124-20190825145230-snapshot.jpg
5,1,20190825,145300,62,2,1379,196,1443,258,Aug30_1/124-20190825145300-snapshot.jpg
5,1,20190825,145300,83,2,768,713,824,780,Aug30_1/124-20190825145300-snapshot.jpg
5,1,20190825,145330,80,2,810,687,864,753,Aug30_1/124-20190825145330-snapshot.jpg
5,1,20190825,145330,84,2,1207,596,1282,665,Aug30_1/124-20190825145330-snapshot.jpg
5,1,20190825,145500,75,2,1121,362,1183,420,Aug30_1/124-20190825145500-snapshot.jpg
5,1,20190825,145700,82,2,1013,573,1069,640,Aug30_1/124-20190825145700-snapshot.jpg
5,1,20190825,145730,75,2,1748,211,1831,262,Aug30_1/124-20190825145730-snapshot.jpg
5,1,20190825,145830,65,2,1787,731,1877,822,Aug30_1/124-20190825145830-snapshot.jpg
5,1,20190825,145900,68,2,1699,1028,1787,1080,Aug30_1/124-20190825145900-snapshot.jpg
5,1,20190825,145900,77,2,828,914,901,978,Aug30_1/124-20190825145900-snapshot.jpg
5,1,20190825,145930,83,2,1353,654,1408,718,Aug30_1/124-20190825145930-snapshot.jpg
5,1,20190825,150000,77,2,1545,686,1630,751,Aug30_1/124-20190825150000-snapshot.jpg
5,1,20190825,150000,82,2,1351,673,1423,730,Aug30_1/124-20190825150000-snapshot.jpg
5,1,20190825,150030,86,2,990,913,1066,969,Aug30_1/124-20190825150030-snapshot.jpg
5,1,20190825,150100,72,2,1141,1022,1201,1079,Aug30_1/124-20190825150100-snapshot.jpg
5,1,20190825,150100,78,2,1690,758,1778,832,Aug30_1/124-20190825150100-snapshot.jpg
5,1,20190825,150130,81,2,1375,173,1466,227,Aug30_1/124-20190825150130-snapshot.jpg
5,1,20190825,150230,83,2,1308,295,1372,359,Aug30_1/124-20190825150230-snapshot.jpg
5,1,20190825,150300,34,1,0,322,22,357,Aug30_1/124-20190825150300-snapshot.jpg
5,1,20190825,150330,30,1,0,322,21,357,Aug30_1/124-20190825150330-snapshot.jpg
5,1,20190825,150430,33,1,0,322,21,357,Aug30_1/124-20190825150430-snapshot.jpg
5,1,20190825,150530,52,2,1673,861,1743,927,Aug30_1/124-20190825150530-snapshot.jpg
5,1,20190825,150600,83,2,1231,250,1287,313,Aug30_1/124-20190825150600-snapshot.jpg
5,1,20190825,150630,70,2,804,514,877,575,Aug30_1/124-20190825150630-snapshot.jpg
5,1,20190825,150730,64,2,822,679,876,743,Aug30_1/124-20190825150730-snapshot.jpg
5,1,20190825,150730,79,2,1521,495,1593,563,Aug30_1/124-20190825150730-snapshot.jpg
5,1,20190825,150830,79,2,918,794,984,850,Aug30_1/124-20190825150830-snapshot.jpg
5,1,20190825,150900,76,2,1357,702,1428,760,Aug30_1/124-20190825150900-snapshot.jpg
5,1,20190825,150900,86,2,1304,350,1383,418,Aug30_1/124-20190825150900-snapshot.jpg
5,1,20190825,150930,77,2,804,508,858,570,Aug30_1/124-20190825150930-snapshot.jpg
5,1,20190825,151000,81,2,1826,925,1909,994,Aug30_1/124-20190825151000-snapshot.jpg
5,1,20190825,151100,79,2,771,202,849,253,Aug30_1/124-20190825151100-snapshot.jpg
5,1,20190825,151130,82,2,870,328,946,377,Aug30_1/124-20190825151130-snapshot.jpg
5,1,20190825,151230,78,2,1748,741,1835,807,Aug30_1/124-20190825151230-snapshot.jpg
5,1,20190825,151230,78,2,401,134,485,185,Aug30_1/124-20190825151230-snapshot.jpg
5,1,20190825,151330,86,4,898,917,984,980,Aug30_1/124-20190825151330-snapshot.jpg
5,1,20190825,151530,68,2,1588,462,1652,532,Aug30_1/124-20190825151530-snapshot.jpg
5,1,20190825,151530,86,2,818,635,874,708,Aug30_1/124-20190825151530-snapshot.jpg
5,1,20190825,151600,82,8,971,617,1051,675,Aug30_1/124-20190825151600-snapshot.jpg
5,1,20190825,151700,78,2,1371,734,1456,784,Aug30_1/124-20190825151700-snapshot.jpg
5,1,20190825,151730,76,2,1748,581,1814,642,Aug30_1/124-20190825151730-snapshot.jpg
5,1,20190825,151830,73,2,9,100,73,177,Aug30_1/124-20190825151830-snapshot.jpg
5,1,20190825,151900,73,2,800,918,871,962,Aug30_1/124-20190825151900-snapshot.jpg
5,1,20190825,152000,84,2,1369,681,1447,734,Aug30_1/124-20190825152000-snapshot.jpg
5,1,20190825,152100,75,2,1145,1026,1215,1076,Aug30_1/124-20190825152100-snapshot.jpg
5,1,20190825,152230,79,2,1782,204,1873,257,Aug30_1/124-20190825152230-snapshot.jpg
5,1,20190825,152330,85,2,810,547,865,616,Aug30_1/124-20190825152330-snapshot.jpg
5,1,20190825,152400,83,2,886,319,949,386,Aug30_1/124-20190825152400-snapshot.jpg
5,1,20190825,152430,79,2,451,212,519,265,Aug30_1/124-20190825152430-snapshot.jpg
5,1,20190825,152530,78,2,383,202,441,274,Aug30_1/124-20190825152530-snapshot.jpg
5,1,20190825,152600,84,2,945,909,1018,981,Aug30_1/124-20190825152600-snapshot.jpg
5,1,20190825,152630,70,2,1775,926,1864,994,Aug30_1/124-20190825152630-snapshot.jpg
5,1,20190825,152730,85,2,1029,564,1086,627,Aug30_1/124-20190825152730-snapshot.jpg
5,1,20190825,152900,83,2,1064,856,1140,902,Aug30_1/124-20190825152900-snapshot.jpg
5,1,20190825,152930,80,2,899,439,960,494,Aug30_1/124-20190825152930-snapshot.jpg
5,1,20190825,152930,90,2,1752,982,1837,1046,Aug30_1/124-20190825152930-snapshot.jpg
5,1,20190825,153030,37,2,1450,4,1525,62,Aug30_1/124-20190825153030-snapshot.jpg
5,1,20190825,153030,58,2,1676,301,1761,358,Aug30_1/124-20190825153030-snapshot.jpg
5,1,20190825,153030,86,2,1480,680,1555,750,Aug30_1/124-20190825153030-snapshot.jpg
5,1,20190825,153100,65,2,1874,873,1920,948,Aug30_1/124-20190825153100-snapshot.jpg
5,1,20190825,153100,67,2,1752,189,1826,244,Aug30_1/124-20190825153100-snapshot.jpg
5,1,20190825,153100,79,2,1219,256,1275,310,Aug30_1/124-20190825153100-snapshot.jpg
5,1,20190825,153200,82,2,1273,694,1334,757,Aug30_1/124-20190825153200-snapshot.jpg
5,1,20190825,153330,77,2,1124,357,1185,425,Aug30_1/124-20190825153330-snapshot.jpg
5,1,20190825,153400,80,2,389,190,451,258,Aug30_1/124-20190825153400-snapshot.jpg
5,1,20190825,153600,82,2,806,575,877,627,Aug30_1/124-20190825153600-snapshot.jpg
5,1,20190825,153700,35,2,1688,830,1752,908,Aug30_1/124-20190825153700-snapshot.jpg
5,1,20190825,153700,84,2,1843,831,1915,908,Aug30_1/124-20190825153700-snapshot.jpg
5,1,20190825,153730,82,2,973,886,1038,960,Aug30_1/124-20190825153730-snapshot.jpg
5,1,20190825,153800,83,2,1766,201,1850,265,Aug30_1/124-20190825153800-snapshot.jpg
5,1,20190825,153830,84,2,851,332,908,399,Aug30_1/124-20190825153830-snapshot.jpg
5,1,20190825,154000,85,2,930,798,1003,849,Aug30_1/124-20190825154000-snapshot.jpg
5,1,20190825,154030,79,2,1696,1008,1784,1059,Aug30_1/124-20190825154030-snapshot.jpg
5,1,20190825,154100,80,2,1051,553,1121,607,Aug30_1/124-20190825154100-snapshot.jpg
5,1,20190825,154230,83,2,825,697,880,765,Aug30_1/124-20190825154230-snapshot.jpg
5,1,20190825,154300,37,3,0,53,49,124,Aug30_1/124-20190825154300-snapshot.jpg
5,1,20190825,154300,84,2,1853,891,1917,967,Aug30_1/124-20190825154300-snapshot.jpg
5,1,20190825,154330,79,2,1688,768,1782,840,Aug30_1/124-20190825154330-snapshot.jpg
5,1,20190825,154400,81,2,319,224,395,283,Aug30_1/124-20190825154400-snapshot.jpg
5,1,20190825,154400,86,2,884,314,970,364,Aug30_1/124-20190825154400-snapshot.jpg
5,1,20190825,154730,82,2,807,692,876,746,Aug30_1/124-20190825154730-snapshot.jpg
5,1,20190825,154800,80,2,858,846,918,916,Aug30_1/124-20190825154800-snapshot.jpg
5,1,20190825,154900,54,8,1729,74,1820,141,Aug30_1/124-20190825154900-snapshot.jpg
5,1,20190825,155030,67,2,835,338,893,386,Aug30_1/124-20190825155030-snapshot.jpg
5,1,20190825,155100,66,2,428,177,502,223,Aug30_1/124-20190825155100-snapshot.jpg
5,1,20190825,155200,75,2,1123,1021,1193,1078,Aug30_1/124-20190825155200-snapshot.jpg
5,1,20190825,155400,84,2,840,849,907,912,Aug30_1/124-20190825155400-snapshot.jpg
5,1,20190825,155430,75,2,1093,995,1154,1049,Aug30_1/124-20190825155430-snapshot.jpg
5,1,20190825,155500,81,2,1089,978,1143,1038,Aug30_1/124-20190825155500-snapshot.jpg
5,1,20190825,155500,83,2,1769,695,1839,760,Aug30_1/124-20190825155500-snapshot.jpg
5,1,20190825,155500,86,2,1311,315,1370,389,Aug30_1/124-20190825155500-snapshot.jpg
5,1,20190825,155600,71,2,357,172,429,226,Aug30_1/124-20190825155600-snapshot.jpg
5,1,20190825,155630,79,2,962,811,1017,878,Aug30_1/124-20190825155630-snapshot.jpg
5,1,20190825,155630,87,2,1261,334,1340,397,Aug30_1/124-20190825155630-snapshot.jpg
5,1,20190825,155700,48,2,1746,214,1813,261,Aug30_1/124-20190825155700-snapshot.jpg
5,1,20190825,155730,29,1,0,323,22,358,Aug30_1/124-20190825155730-snapshot.jpg
5,1,20190825,155830,83,2,1862,844,1920,916,Aug30_1/124-20190825155830-snapshot.jpg
5,1,20190825,155900,83,2,760,86,831,158,Aug30_1/124-20190825155900-snapshot.jpg
5,1,20190825,160000,49,2,1694,1019,1764,1080,Aug30_1/124-20190825160000-snapshot.jpg
5,1,20190825,160000,86,2,1284,678,1367,741,Aug30_1/124-20190825160000-snapshot.jpg
5,1,20190825,160130,60,2,1118,365,1176,427,Aug30_1/124-20190825160130-snapshot.jpg
5,1,20190825,160130,82,2,1682,875,1746,950,Aug30_1/124-20190825160130-snapshot.jpg
5,1,20190825,160200,43,2,1748,207,1809,262,Aug30_1/124-20190825160200-snapshot.jpg
5,1,20190825,160200,82,2,895,819,963,874,Aug30_1/124-20190825160200-snapshot.jpg
5,1,20190825,160230,51,2,1383,594,1439,659,Aug30_1/124-20190825160230-snapshot.jpg
5,1,20190825,160330,37,2,449,419,509,485,Aug30_1/124-20190825160330-snapshot.jpg
5,1,20190825,160430,74,2,1149,1030,1203,1079,Aug30_1/124-20190825160430-snapshot.jpg
5,1,20190825,160500,81,2,1729,644,1820,700,Aug30_1/124-20190825160500-snapshot.jpg
5,1,20190825,160530,86,2,1356,161,1444,214,Aug30_1/124-20190825160530-snapshot.jpg
5,1,20190825,160730,80,2,848,924,914,995,Aug30_1/124-20190825160730-snapshot.jpg
5,1,20190825,160800,80,2,1309,286,1379,335,Aug30_1/124-20190825160800-snapshot.jpg
5,1,20190825,160800,83,2,1729,747,1802,823,Aug30_1/124-20190825160800-snapshot.jpg
5,1,20190825,160830,29,1,0,323,22,358,Aug30_1/124-20190825160830-snapshot.jpg
5,1,20190825,160830,81,2,1227,422,1306,471,Aug30_1/124-20190825160830-snapshot.jpg
5,1,20190825,160930,83,2,1259,679,1336,728,Aug30_1/124-20190825160930-snapshot.jpg
5,1,20190825,161000,53,2,354,224,410,286,Aug30_1/124-20190825161000-snapshot.jpg
5,1,20190825,161000,85,2,1424,720,1511,788,Aug30_1/124-20190825161000-snapshot.jpg
5,1,20190825,161030,74,2,1402,779,1480,843,Aug30_1/124-20190825161030-snapshot.jpg
5,1,20190825,161100,40,1,0,323,22,358,Aug30_1/124-20190825161100-snapshot.jpg
5,1,20190825,161100,61,2,1810,934,1886,1016,Aug30_1/124-20190825161100-snapshot.jpg
5,1,20190825,161130,52,2,1576,314,1636,384,Aug30_1/124-20190825161130-snapshot.jpg
5,1,20190825,161230,81,2,1321,335,1375,402,Aug30_1/124-20190825161230-snapshot.jpg
5,1,20190825,161230,84,2,1802,784,1872,860,Aug30_1/124-20190825161230-snapshot.jpg
5,1,20190825,161330,38,1,0,323,22,358,Aug30_1/124-20190825161330-snapshot.jpg
5,1,20190825,161330,84,2,820,683,878,750,Aug30_1/124-20190825161330-snapshot.jpg
5,1,20190825,161330,86,4,1384,720,1466,775,Aug30_1/124-20190825161330-snapshot.jpg
5,1,20190825,161400,38,2,758,134,833,199,Aug30_1/124-20190825161400-snapshot.jpg
5,1,20190825,161430,77,2,1308,163,1369,208,Aug30_1/124-20190825161430-snapshot.jpg
5,1,20190825,161430,81,2,1377,724,1438,792,Aug30_1/124-20190825161430-snapshot.jpg
5,1,20190825,161500,83,2,1745,526,1829,593,Aug30_1/124-20190825161500-snapshot.jpg
5,1,20190825,161530,37,1,0,324,22,358,Aug30_1/124-20190825161530-snapshot.jpg
5,1,20190825,161530,54,2,802,396,888,454,Aug30_1/124-20190825161530-snapshot.jpg
5,1,20190825,161600,76,2,1659,886,1736,958,Aug30_1/124-20190825161600-snapshot.jpg
5,1,20190825,161700,72,2,1834,922,1915,977,Aug30_1/124-20190825161700-snapshot.jpg
5,1,20190825,161730,80,2,1775,674,1835,741,Aug30_1/124-20190825161730-snapshot.jpg
5,1,20190825,161730,85,2,934,929,1019,988,Aug30_1/124-20190825161730-snapshot.jpg
5,1,20190825,161800,28,1,0,324,22,358,Aug30_1/124-20190825161800-snapshot.jpg
5,1,20190825,161800,70,2,1488,3,1579,61,Aug30_1/124-20190825161800-snapshot.jpg
5,1,20190825,161830,81,2,1223,446,1297,501,Aug30_1/124-20190825161830-snapshot.jpg
5,1,20190825,161900,28,1,0,324,22,358,Aug30_1/124-20190825161900-snapshot.jpg
5,1,20190825,162000,27,1,0,323,22,358,Aug30_1/124-20190825162000-snapshot.jpg
5,1,20190825,162030,41,1,0,323,22,358,Aug30_1/124-20190825162030-snapshot.jpg
5,1,20190825,162100,85,2,866,837,947,912,Aug30_1/124-20190825162100-snapshot.jpg
5,1,20190825,162130,28,1,0,323,22,358,Aug30_1/124-20190825162130-snapshot.jpg
5,1,20190825,162200,74,8,1030,984,1109,1030,Aug30_1/124-20190825162200-snapshot.jpg
5,1,20190825,162230,35,1,0,324,22,358,Aug30_1/124-20190825162230-snapshot.jpg
5,1,20190825,162300,33,1,0,323,21,358,Aug30_1/124-20190825162300-snapshot.jpg
5,1,20190825,162300,82,2,1362,672,1424,730,Aug30_1/124-20190825162300-snapshot.jpg
5,1,20190825,162330,25,1,0,324,21,358,Aug30_1/124-20190825162330-snapshot.jpg
5,1,20190825,162400,26,1,0,324,22,357,Aug30_1/124-20190825162400-snapshot.jpg
5,1,20190825,162400,65,2,1748,218,1808,282,Aug30_1/124-20190825162400-snapshot.jpg
5,1,20190825,162400,69,2,1651,851,1731,909,Aug30_1/124-20190825162400-snapshot.jpg
5,1,20190825,162430,38,1,0,323,22,357,Aug30_1/124-20190825162430-snapshot.jpg
5,1,20190825,162500,33,1,0,323,22,358,Aug30_1/124-20190825162500-snapshot.jpg
5,1,20190825,162530,39,1,0,324,21,357,Aug30_1/124-20190825162530-snapshot.jpg
5,1,20190825,162530,82,2,864,823,936,883,Aug30_1/124-20190825162530-snapshot.jpg
5,1,20190825,162600,34,1,0,324,21,358,Aug30_1/124-20190825162600-snapshot.jpg
5,1,20190825,162630,32,1,0,323,21,357,Aug30_1/124-20190825162630-snapshot.jpg
5,1,20190825,162700,34,1,0,323,21,357,Aug30_1/124-20190825162700-snapshot.jpg
5,1,20190825,162700,78,2,1695,772,1780,834,Aug30_1/124-20190825162700-snapshot.jpg
5,1,20190825,162730,34,1,0,324,21,357,Aug30_1/124-20190825162730-snapshot.jpg
5,1,20190825,162800,35,1,0,324,21,357,Aug30_1/124-20190825162800-snapshot.jpg
5,1,20190825,162830,36,1,0,323,22,358,Aug30_1/124-20190825162830-snapshot.jpg
5,1,20190825,162900,44,1,0,324,22,357,Aug30_1/124-20190825162900-snapshot.jpg
5,1,20190825,162930,31,1,0,323,21,357,Aug30_1/124-20190825162930-snapshot.jpg
5,1,20190825,162930,84,2,860,837,944,887,Aug30_1/124-20190825162930-snapshot.jpg
5,1,20190825,163000,29,1,0,324,21,357,Aug30_1/124-20190825163000-snapshot.jpg
5,1,20190825,163030,32,1,0,324,21,357,Aug30_1/124-20190825163030-snapshot.jpg
5,1,20190825,163100,28,1,0,323,21,358,Aug30_1/124-20190825163100-snapshot.jpg
5,1,20190825,163130,51,1,0,324,22,357,Aug30_1/124-20190825163130-snapshot.jpg
5,1,20190825,163200,46,1,0,324,22,357,Aug30_1/124-20190825163200-snapshot.jpg
5,1,20190825,163200,80,2,860,275,914,339,Aug30_1/124-20190825163200-snapshot.jpg
5,1,20190825,163200,84,2,1801,813,1890,870,Aug30_1/124-20190825163200-snapshot.jpg
5,1,20190825,163230,35,1,0,324,21,357,Aug30_1/124-20190825163230-snapshot.jpg
5,1,20190825,163300,32,1,0,324,21,357,Aug30_1/124-20190825163300-snapshot.jpg
5,1,20190825,163330,53,1,0,324,22,358,Aug30_1/124-20190825163330-snapshot.jpg
5,1,20190825,163330,79,2,1568,717,1653,786,Aug30_1/124-20190825163330-snapshot.jpg
5,1,20190825,163400,39,1,0,324,21,358,Aug30_1/124-20190825163400-snapshot.jpg
5,1,20190825,163400,82,2,1288,361,1357,420,Aug30_1/124-20190825163400-snapshot.jpg
5,1,20190825,163430,45,1,0,324,22,357,Aug30_1/124-20190825163430-snapshot.jpg
5,1,20190825,163430,85,2,1311,205,1378,274,Aug30_1/124-20190825163430-snapshot.jpg
5,1,20190825,163500,38,1,0,324,22,357,Aug30_1/124-20190825163500-snapshot.jpg
5,1,20190825,163500,79,2,1118,366,1173,423,Aug30_1/124-20190825163500-snapshot.jpg
5,1,20190825,163530,36,1,0,324,21,358,Aug30_1/124-20190825163530-snapshot.jpg
5,1,20190825,163530,83,2,837,883,890,954,Aug30_1/124-20190825163530-snapshot.jpg
5,1,20190825,163600,62,1,0,324,22,357,Aug30_1/124-20190825163600-snapshot.jpg
5,1,20190825,163630,42,1,0,323,21,357,Aug30_1/124-20190825163630-snapshot.jpg
5,1,20190825,163700,46,1,0,324,22,358,Aug30_1/124-20190825163700-snapshot.jpg
5,1,20190825,163700,83,2,1326,671,1405,732,Aug30_1/124-20190825163700-snapshot.jpg
5,1,20190825,163730,50,1,0,324,22,357,Aug30_1/124-20190825163730-snapshot.jpg
5,1,20190825,163730,84,2,1289,285,1365,337,Aug30_1/124-20190825163730-snapshot.jpg
5,1,20190825,163800,54,1,0,324,22,357,Aug30_1/124-20190825163800-snapshot.jpg
5,1,20190825,163800,84,2,1375,182,1457,246,Aug30_1/124-20190825163800-snapshot.jpg
5,1,20190825,163830,40,1,0,324,22,357,Aug30_1/124-20190825163830-snapshot.jpg
5,1,20190825,163830,81,2,1731,983,1789,1057,Aug30_1/124-20190825163830-snapshot.jpg
5,1,20190825,163900,38,1,0,325,22,357,Aug30_1/124-20190825163900-snapshot.jpg
5,1,20190825,163900,74,2,1785,200,1845,259,Aug30_1/124-20190825163900-snapshot.jpg
5,1,20190825,163930,52,1,0,324,22,357,Aug30_1/124-20190825163930-snapshot.jpg
5,1,20190825,164000,50,1,0,324,22,357,Aug30_1/124-20190825164000-snapshot.jpg
5,1,20190825,164030,44,1,0,324,21,357,Aug30_1/124-20190825164030-snapshot.jpg
5,1,20190825,164030,82,2,1864,874,1920,943,Aug30_1/124-20190825164030-snapshot.jpg
5,1,20190825,164100,33,1,0,324,21,357,Aug30_1/124-20190825164100-snapshot.jpg
5,1,20190825,164100,73,2,1574,728,1660,800,Aug30_1/124-20190825164100-snapshot.jpg
5,1,20190825,164130,37,1,0,323,21,357,Aug30_1/124-20190825164130-snapshot.jpg
5,1,20190825,164130,75,2,823,210,879,276,Aug30_1/124-20190825164130-snapshot.jpg
5,1,20190825,164200,43,1,0,323,22,357,Aug30_1/124-20190825164200-snapshot.jpg
5,1,20190825,164230,43,1,0,322,21,357,Aug30_1/124-20190825164230-snapshot.jpg
5,1,20190825,164230,76,2,1870,837,1920,898,Aug30_1/124-20190825164230-snapshot.jpg
5,1,20190825,164230,85,2,994,917,1072,966,Aug30_1/124-20190825164230-snapshot.jpg
5,1,20190825,164300,44,1,0,323,21,357,Aug30_1/124-20190825164300-snapshot.jpg
5,1,20190825,164300,77,2,1131,403,1207,457,Aug30_1/124-20190825164300-snapshot.jpg
5,1,20190825,164300,83,2,1591,455,1670,509,Aug30_1/124-20190825164300-snapshot.jpg
5,1,20190825,164300,89,2,1381,692,1436,764,Aug30_1/124-20190825164300-snapshot.jpg
5,1,20190825,164330,60,1,0,324,22,357,Aug30_1/124-20190825164330-snapshot.jpg
5,1,20190825,164330,81,2,1322,265,1379,327,Aug30_1/124-20190825164330-snapshot.jpg
5,1,20190825,164400,26,1,0,323,21,357,Aug30_1/124-20190825164400-snapshot.jpg
5,1,20190825,164400,71,2,1771,918,1856,992,Aug30_1/124-20190825164400-snapshot.jpg
5,1,20190825,164430,41,1,0,324,21,357,Aug30_1/124-20190825164430-snapshot.jpg
5,1,20190825,164430,79,2,1875,894,1920,972,Aug30_1/124-20190825164430-snapshot.jpg
5,1,20190825,164500,49,1,0,323,21,357,Aug30_1/124-20190825164500-snapshot.jpg
5,1,20190825,164500,82,2,1255,235,1317,294,Aug30_1/124-20190825164500-snapshot.jpg
5,1,20190825,164530,50,1,0,323,22,357,Aug30_1/124-20190825164530-snapshot.jpg
5,1,20190825,164530,80,2,1839,806,1902,885,Aug30_1/124-20190825164530-snapshot.jpg
5,1,20190825,164600,46,1,0,324,21,357,Aug30_1/124-20190825164600-snapshot.jpg
5,1,20190825,164600,55,2,995,1040,1058,1079,Aug30_1/124-20190825164600-snapshot.jpg
5,1,20190825,164630,83,2,1704,789,1768,865,Aug30_1/124-20190825164630-snapshot.jpg
5,1,20190825,164700,34,1,0,323,21,357,Aug30_1/124-20190825164700-snapshot.jpg
5,1,20190825,164700,76,2,768,139,825,216,Aug30_1/124-20190825164700-snapshot.jpg
5,1,20190825,164700,83,2,860,933,922,1003,Aug30_1/124-20190825164700-snapshot.jpg
5,1,20190825,164730,46,1,0,323,21,357,Aug30_1/124-20190825164730-snapshot.jpg
5,1,20190825,164800,41,1,0,323,21,357,Aug30_1/124-20190825164800-snapshot.jpg
5,1,20190825,164830,50,1,0,323,21,357,Aug30_1/124-20190825164830-snapshot.jpg
5,1,20190825,164830,75,2,1332,767,1400,839,Aug30_1/124-20190825164830-snapshot.jpg
5,1,20190825,164900,48,1,0,323,21,357,Aug30_1/124-20190825164900-snapshot.jpg
5,1,20190825,164900,59,2,970,577,1041,646,Aug30_1/124-20190825164900-snapshot.jpg
5,1,20190825,164900,78,2,895,242,989,306,Aug30_1/124-20190825164900-snapshot.jpg
5,1,20190825,164930,40,1,0,323,20,357,Aug30_1/124-20190825164930-snapshot.jpg
5,1,20190825,164930,83,2,799,316,872,364,Aug30_1/124-20190825164930-snapshot.jpg
5,1,20190825,165000,28,1,0,323,20,357,Aug30_1/124-20190825165000-snapshot.jpg
5,1,20190825,165030,30,1,0,323,20,358,Aug30_1/124-20190825165030-snapshot.jpg
5,1,20190825,165030,73,2,1318,328,1373,385,Aug30_1/124-20190825165030-snapshot.jpg
5,1,20190825,165100,25,1,0,323,20,357,Aug30_1/124-20190825165100-snapshot.jpg
5,1,20190825,165100,84,2,1228,259,1285,321,Aug30_1/124-20190825165100-snapshot.jpg
5,1,20190825,165100,85,2,858,919,913,988,Aug30_1/124-20190825165100-snapshot.jpg
5,1,20190825,165130,27,1,0,324,20,356,Aug30_1/124-20190825165130-snapshot.jpg
5,1,20190825,165200,39,1,0,323,21,357,Aug30_1/124-20190825165200-snapshot.jpg
5,1,20190825,165230,40,2,1575,333,1650,403,Aug30_1/124-20190825165230-snapshot.jpg
5,1,20190825,165300,33,1,0,323,20,357,Aug30_1/124-20190825165300-snapshot.jpg
5,1,20190825,165300,80,2,1111,991,1166,1055,Aug30_1/124-20190825165300-snapshot.jpg
5,1,20190825,165400,30,1,0,324,20,357,Aug30_1/124-20190825165400-snapshot.jpg
5,1,20190825,165430,43,1,0,323,20,357,Aug30_1/124-20190825165430-snapshot.jpg
5,1,20190825,165430,86,7,1750,790,1895,874,Aug30_1/124-20190825165430-snapshot.jpg
5,1,20190825,165500,47,1,0,323,20,356,Aug30_1/124-20190825165500-snapshot.jpg
5,1,20190825,165500,76,2,1369,151,1455,209,Aug30_1/124-20190825165500-snapshot.jpg
5,1,20190825,165500,88,7,1738,835,1860,930,Aug30_1/124-20190825165500-snapshot.jpg
5,1,20190825,165530,54,1,0,323,21,357,Aug30_1/124-20190825165530-snapshot.jpg
5,1,20190825,165530,71,2,1804,710,1867,782,Aug30_1/124-20190825165530-snapshot.jpg
5,1,20190825,165530,79,2,858,949,937,1003,Aug30_1/124-20190825165530-snapshot.jpg
5,1,20190825,165530,81,2,1705,777,1793,834,Aug30_1/124-20190825165530-snapshot.jpg
5,1,20190825,165600,47,1,0,324,21,357,Aug30_1/124-20190825165600-snapshot.jpg
5,1,20190825,165600,82,2,1198,254,1258,314,Aug30_1/124-20190825165600-snapshot.jpg
5,1,20190825,165600,84,2,972,558,1051,607,Aug30_1/124-20190825165600-snapshot.jpg
5,1,20190825,165630,44,1,0,323,20,358,Aug30_1/124-20190825165630-snapshot.jpg
5,1,20190825,165700,28,1,0,323,20,357,Aug30_1/124-20190825165700-snapshot.jpg
5,1,20190825,165700,83,2,790,171,863,244,Aug30_1/124-20190825165700-snapshot.jpg
5,1,20190825,165730,32,1,0,324,20,356,Aug30_1/124-20190825165730-snapshot.jpg
5,1,20190825,165800,30,1,0,323,20,356,Aug30_1/124-20190825165800-snapshot.jpg
5,1,20190825,165800,84,2,1709,846,1772,923,Aug30_1/124-20190825165800-snapshot.jpg
5,1,20190825,165830,34,1,0,323,20,357,Aug30_1/124-20190825165830-snapshot.jpg
5,1,20190825,165830,77,2,1672,862,1752,929,Aug30_1/124-20190825165830-snapshot.jpg
5,1,20190825,165830,85,2,845,899,898,970,Aug30_1/124-20190825165830-snapshot.jpg
5,1,20190825,165900,43,1,0,323,20,357,Aug30_1/124-20190825165900-snapshot.jpg
5,1,20190825,165930,46,1,0,324,21,357,Aug30_1/124-20190825165930-snapshot.jpg
5,1,20190825,170000,35,1,0,324,20,357,Aug30_1/124-20190825170000-snapshot.jpg
5,1,20190825,170030,40,1,0,323,20,357,Aug30_1/124-20190825170030-snapshot.jpg
5,1,20190825,170100,36,1,0,323,20,357,Aug30_1/124-20190825170100-snapshot.jpg
5,1,20190825,170130,39,1,0,323,20,357,Aug30_1/124-20190825170130-snapshot.jpg
5,1,20190825,170200,83,2,1121,410,1200,460,Aug30_1/124-20190825170200-snapshot.jpg
5,1,20190825,170230,36,1,0,323,20,357,Aug30_1/124-20190825170230-snapshot.jpg
5,1,20190825,170230,83,2,834,862,890,925,Aug30_1/124-20190825170230-snapshot.jpg
5,1,20190825,170230,84,2,1858,898,1918,980,Aug30_1/124-20190825170230-snapshot.jpg
5,1,20190825,170300,36,1,0,324,21,357,Aug30_1/124-20190825170300-snapshot.jpg
5,1,20190825,170300,77,2,299,114,376,173,Aug30_1/124-20190825170300-snapshot.jpg
5,1,20190825,170330,41,1,0,324,21,357,Aug30_1/124-20190825170330-snapshot.jpg
5,1,20190825,170330,77,2,1871,873,1920,938,Aug30_1/124-20190825170330-snapshot.jpg
5,1,20190825,170400,44,1,0,324,21,357,Aug30_1/124-20190825170400-snapshot.jpg
5,1,20190825,170400,80,2,869,363,928,418,Aug30_1/124-20190825170400-snapshot.jpg
5,1,20190825,170430,27,1,0,324,20,357,Aug30_1/124-20190825170430-snapshot.jpg
5,1,20190825,170430,70,2,1730,184,1800,240,Aug30_1/124-20190825170430-snapshot.jpg
5,1,20190825,170530,38,1,0,324,21,357,Aug30_1/124-20190825170530-snapshot.jpg
5,1,20190825,170600,39,1,0,324,20,357,Aug30_1/124-20190825170600-snapshot.jpg
5,1,20190825,170630,28,1,0,324,20,357,Aug30_1/124-20190825170630-snapshot.jpg
5,1,20190825,170630,83,2,1667,858,1754,925,Aug30_1/124-20190825170630-snapshot.jpg
5,1,20190825,170700,33,1,0,324,20,357,Aug30_1/124-20190825170700-snapshot.jpg
5,1,20190825,170700,75,2,421,157,498,205,Aug30_1/124-20190825170700-snapshot.jpg
5,1,20190825,170730,45,1,0,324,20,357,Aug30_1/124-20190825170730-snapshot.jpg
5,1,20190825,170800,35,1,0,324,20,357,Aug30_1/124-20190825170800-snapshot.jpg
5,1,20190825,170800,73,2,1121,412,1179,474,Aug30_1/124-20190825170800-snapshot.jpg
5,1,20190825,170830,38,1,0,324,20,357,Aug30_1/124-20190825170830-snapshot.jpg
5,1,20190825,170830,80,2,1400,133,1482,190,Aug30_1/124-20190825170830-snapshot.jpg
5,1,20190825,170900,44,1,0,324,21,357,Aug30_1/124-20190825170900-snapshot.jpg
5,1,20190825,170900,83,2,1731,776,1796,854,Aug30_1/124-20190825170900-snapshot.jpg
5,1,20190825,170900,84,2,1099,430,1187,478,Aug30_1/124-20190825170900-snapshot.jpg
5,1,20190825,170930,54,1,0,324,21,357,Aug30_1/124-20190825170930-snapshot.jpg
5,1,20190825,170930,72,2,1095,980,1150,1037,Aug30_1/124-20190825170930-snapshot.jpg
5,1,20190825,170930,85,2,804,497,860,564,Aug30_1/124-20190825170930-snapshot.jpg
5,1,20190825,171000,33,2,1420,541,1475,603,Aug30_1/124-20190825171000-snapshot.jpg
5,1,20190825,171000,55,1,0,324,21,357,Aug30_1/124-20190825171000-snapshot.jpg
5,1,20190825,171000,75,2,1869,881,1920,946,Aug30_1/124-20190825171000-snapshot.jpg
5,1,20190825,171030,40,1,0,323,20,357,Aug30_1/124-20190825171030-snapshot.jpg
5,1,20190825,171100,53,1,0,324,21,357,Aug30_1/124-20190825171100-snapshot.jpg
5,1,20190825,171130,50,1,0,324,21,357,Aug30_1/124-20190825171130-snapshot.jpg
5,1,20190825,171200,44,1,0,324,20,357,Aug30_1/124-20190825171200-snapshot.jpg
5,1,20190825,171200,71,2,1313,161,1364,218,Aug30_1/124-20190825171200-snapshot.jpg
5,1,20190825,171230,49,1,0,324,21,357,Aug30_1/124-20190825171230-snapshot.jpg
5,1,20190825,171230,84,2,1526,644,1611,710,Aug30_1/124-20190825171230-snapshot.jpg
5,1,20190825,171300,40,1,0,323,20,357,Aug30_1/124-20190825171300-snapshot.jpg
5,1,20190825,171300,78,2,1316,155,1378,198,Aug30_1/124-20190825171300-snapshot.jpg
5,1,20190825,171330,29,1,0,324,19,357,Aug30_1/124-20190825171330-snapshot.jpg
5,1,20190825,171400,36,1,0,323,20,357,Aug30_1/124-20190825171400-snapshot.jpg
5,1,20190825,171400,65,2,1872,888,1920,950,Aug30_1/124-20190825171400-snapshot.jpg
5,1,20190825,171400,80,2,373,169,450,216,Aug30_1/124-20190825171400-snapshot.jpg
5,1,20190825,171430,36,1,0,324,21,357,Aug30_1/124-20190825171430-snapshot.jpg
5,1,20190825,171500,32,1,0,324,20,357,Aug30_1/124-20190825171500-snapshot.jpg
5,1,20190825,171500,85,2,972,874,1027,945,Aug30_1/124-20190825171500-snapshot.jpg
5,1,20190825,171530,28,1,0,324,20,357,Aug30_1/124-20190825171530-snapshot.jpg
5,1,20190825,171600,50,1,0,324,21,357,Aug30_1/124-20190825171600-snapshot.jpg
5,1,20190825,171630,31,1,0,323,20,357,Aug30_1/124-20190825171630-snapshot.jpg
5,1,20190825,171630,71,2,1744,192,1803,253,Aug30_1/124-20190825171630-snapshot.jpg
5,1,20190825,171630,72,2,1671,857,1735,925,Aug30_1/124-20190825171630-snapshot.jpg
5,1,20190825,171630,82,2,1118,370,1177,444,Aug30_1/124-20190825171630-snapshot.jpg
5,1,20190825,171700,39,1,0,324,20,357,Aug30_1/124-20190825171700-snapshot.jpg
5,1,20190825,171730,39,1,0,323,20,357,Aug30_1/124-20190825171730-snapshot.jpg
5,1,20190825,171800,72,2,1194,1005,1258,1059,Aug30_1/124-20190825171800-snapshot.jpg
5,1,20190825,171800,81,2,1582,462,1640,529,Aug30_1/124-20190825171800-snapshot.jpg
5,1,20190825,171830,70,2,805,209,866,277,Aug30_1/124-20190825171830-snapshot.jpg
5,1,20190825,171900,35,1,0,323,21,358,Aug30_1/124-20190825171900-snapshot.jpg
5,1,20190825,171900,78,2,1631,891,1727,948,Aug30_1/124-20190825171900-snapshot.jpg
5,1,20190825,171900,86,2,1350,645,1421,711,Aug30_1/124-20190825171900-snapshot.jpg
5,1,20190825,171930,27,2,881,232,953,294,Aug30_1/124-20190825171930-snapshot.jpg
5,1,20190825,171930,43,1,0,323,21,358,Aug30_1/124-20190825171930-snapshot.jpg
5,1,20190825,172000,38,1,0,324,21,358,Aug30_1/124-20190825172000-snapshot.jpg
5,1,20190825,172030,26,1,0,323,20,357,Aug30_1/124-20190825172030-snapshot.jpg
5,1,20190825,172100,34,1,0,323,21,357,Aug30_1/124-20190825172100-snapshot.jpg
5,1,20190825,172100,76,2,430,166,499,213,Aug30_1/124-20190825172100-snapshot.jpg
5,1,20190825,172130,83,2,816,685,871,753,Aug30_1/124-20190825172130-snapshot.jpg
5,1,20190825,172130,85,2,983,850,1036,913,Aug30_1/124-20190825172130-snapshot.jpg
5,1,20190825,172200,27,1,0,323,21,358,Aug30_1/124-20190825172200-snapshot.jpg
5,1,20190825,172200,58,2,1139,1036,1196,1080,Aug30_1/124-20190825172200-snapshot.jpg
5,1,20190825,172230,28,1,0,323,21,358,Aug30_1/124-20190825172230-snapshot.jpg
5,1,20190825,172230,84,2,1380,706,1442,769,Aug30_1/124-20190825172230-snapshot.jpg
5,1,20190825,172330,36,1,0,323,21,357,Aug30_1/124-20190825172330-snapshot.jpg
5,1,20190825,172400,64,2,1762,622,1848,676,Aug30_1/124-20190825172400-snapshot.jpg
5,1,20190825,172400,77,2,1120,360,1177,422,Aug30_1/124-20190825172400-snapshot.jpg
5,1,20190825,172400,80,2,1109,979,1166,1041,Aug30_1/124-20190825172400-snapshot.jpg
5,1,20190825,172400,83,2,1200,249,1277,304,Aug30_1/124-20190825172400-snapshot.jpg
5,1,20190825,172430,73,2,846,909,897,968,Aug30_1/124-20190825172430-snapshot.jpg
5,1,20190825,172500,74,2,1772,171,1847,227,Aug30_1/124-20190825172500-snapshot.jpg
5,1,20190825,172530,76,2,1693,873,1786,933,Aug30_1/124-20190825172530-snapshot.jpg
5,1,20190825,172600,83,2,417,280,496,357,Aug30_1/124-20190825172600-snapshot.jpg
5,1,20190825,172630,32,1,0,323,21,357,Aug30_1/124-20190825172630-snapshot.jpg
5,1,20190825,172630,49,2,1437,539,1494,596,Aug30_1/124-20190825172630-snapshot.jpg
5,1,20190825,172730,30,1,0,323,21,357,Aug30_1/124-20190825172730-snapshot.jpg
5,1,20190825,172730,76,2,1726,1021,1800,1080,Aug30_1/124-20190825172730-snapshot.jpg
5,1,20190825,172800,25,1,0,323,20,357,Aug30_1/124-20190825172800-snapshot.jpg
5,1,20190825,172800,83,2,448,156,503,219,Aug30_1/124-20190825172800-snapshot.jpg
5,1,20190825,172800,84,2,916,816,972,879,Aug30_1/124-20190825172800-snapshot.jpg
5,1,20190825,172830,32,1,0,324,21,357,Aug30_1/124-20190825172830-snapshot.jpg
5,1,20190825,172830,87,2,1165,413,1255,464,Aug30_1/124-20190825172830-snapshot.jpg
5,1,20190825,172930,61,2,1576,707,1645,792,Aug30_1/124-20190825172930-snapshot.jpg
5,1,20190825,172930,87,2,1189,280,1269,335,Aug30_1/124-20190825172930-snapshot.jpg
5,1,20190825,173000,82,2,1870,848,1920,917,Aug30_1/124-20190825173000-snapshot.jpg
5,1,20190825,173030,28,1,0,324,20,357,Aug30_1/124-20190825173030-snapshot.jpg
5,1,20190825,173100,31,1,0,323,20,357,Aug30_1/124-20190825173100-snapshot.jpg
5,1,20190825,173130,73,2,1261,389,1341,441,Aug30_1/124-20190825173130-snapshot.jpg
5,1,20190825,173200,30,1,0,324,20,356,Aug30_1/124-20190825173200-snapshot.jpg
5,1,20190825,173200,78,2,953,328,1021,372,Aug30_1/124-20190825173200-snapshot.jpg
5,1,20190825,173230,33,1,0,323,20,356,Aug30_1/124-20190825173230-snapshot.jpg
5,1,20190825,173230,75,2,892,247,974,305,Aug30_1/124-20190825173230-snapshot.jpg
5,1,20190825,173300,69,2,1839,646,1904,709,Aug30_1/124-20190825173300-snapshot.jpg
5,1,20190825,173300,80,2,418,90,479,161,Aug30_1/124-20190825173300-snapshot.jpg
5,1,20190825,173330,26,1,0,323,20,356,Aug30_1/124-20190825173330-snapshot.jpg
5,1,20190825,173430,36,1,0,323,20,356,Aug30_1/124-20190825173430-snapshot.jpg
5,1,20190825,173430,71,2,1739,681,1803,748,Aug30_1/124-20190825173430-snapshot.jpg
5,1,20190825,173500,37,1,0,324,20,356,Aug30_1/124-20190825173500-snapshot.jpg
5,1,20190825,173500,81,2,1094,981,1151,1041,Aug30_1/124-20190825173500-snapshot.jpg
5,1,20190825,173530,82,2,1314,307,1374,361,Aug30_1/124-20190825173530-snapshot.jpg
5,1,20190825,173600,65,2,1187,325,1264,389,Aug30_1/124-20190825173600-snapshot.jpg
5,1,20190825,173630,73,2,682,695,746,740,Aug30_1/124-20190825173630-snapshot.jpg
5,1,20190825,173800,83,2,980,570,1037,638,Aug30_1/124-20190825173800-snapshot.jpg
5,1,20190825,173900,29,1,0,323,20,357,Aug30_1/124-20190825173900-snapshot.jpg
5,1,20190825,173900,77,2,1391,586,1454,657,Aug30_1/124-20190825173900-snapshot.jpg
5,1,20190825,173930,72,2,1876,834,1920,900,Aug30_1/124-20190825173930-snapshot.jpg
5,1,20190825,174100,30,1,0,323,19,357,Aug30_1/124-20190825174100-snapshot.jpg
5,1,20190825,174200,36,1,0,323,20,356,Aug30_1/124-20190825174200-snapshot.jpg
5,1,20190825,174200,66,2,828,889,894,949,Aug30_1/124-20190825174200-snapshot.jpg
5,1,20190825,174230,75,2,1370,694,1425,769,Aug30_1/124-20190825174230-snapshot.jpg
5,1,20190825,174400,37,1,0,323,20,356,Aug30_1/124-20190825174400-snapshot.jpg
5,1,20190825,174430,79,2,1755,725,1818,798,Aug30_1/124-20190825174430-snapshot.jpg
5,1,20190825,174500,76,2,869,225,948,292,Aug30_1/124-20190825174500-snapshot.jpg
5,1,20190825,174500,80,2,1306,171,1361,231,Aug30_1/124-20190825174500-snapshot.jpg
5,1,20190825,174600,25,1,0,323,19,356,Aug30_1/124-20190825174600-snapshot.jpg
5,1,20190825,174700,29,1,0,323,19,356,Aug30_1/124-20190825174700-snapshot.jpg
5,1,20190825,174700,82,2,982,856,1034,924,Aug30_1/124-20190825174700-snapshot.jpg
5,1,20190825,174730,83,2,1092,965,1165,1015,Aug30_1/124-20190825174730-snapshot.jpg
5,1,20190825,174900,79,2,1065,536,1121,600,Aug30_1/124-20190825174900-snapshot.jpg
5,1,20190825,174930,28,1,0,323,19,357,Aug30_1/124-20190825174930-snapshot.jpg
5,1,20190825,174930,82,2,899,440,964,491,Aug30_1/124-20190825174930-snapshot.jpg
5,1,20190825,174930,85,2,945,832,1021,886,Aug30_1/124-20190825174930-snapshot.jpg
5,1,20190825,175000,32,1,0,323,19,357,Aug30_1/124-20190825175000-snapshot.jpg
5,1,20190825,175000,83,2,1382,711,1441,785,Aug30_1/124-20190825175000-snapshot.jpg
5,1,20190825,175030,78,2,1705,208,1780,256,Aug30_1/124-20190825175030-snapshot.jpg
5,1,20190825,175100,26,1,0,322,19,357,Aug30_1/124-20190825175100-snapshot.jpg
5,1,20190825,175130,84,2,950,804,1010,871,Aug30_1/124-20190825175130-snapshot.jpg
5,1,20190825,175230,83,2,1374,705,1434,781,Aug30_1/124-20190825175230-snapshot.jpg
5,1,20190825,175300,77,2,1061,549,1118,608,Aug30_1/124-20190825175300-snapshot.jpg
5,1,20190825,175300,81,2,1313,197,1367,258,Aug30_1/124-20190825175300-snapshot.jpg
5,1,20190825,175530,77,2,864,839,943,894,Aug30_1/124-20190825175530-snapshot.jpg
5,1,20190825,180030,77,2,1705,775,1796,835,Aug30_1/124-20190825180030-snapshot.jpg
5,1,20190825,180100,77,2,1707,986,1768,1047,Aug30_1/124-20190825180100-snapshot.jpg
5,1,20190825,180100,85,2,1182,598,1260,657,Aug30_1/124-20190825180100-snapshot.jpg
5,1,20190825,180300,86,2,1196,409,1277,466,Aug30_1/124-20190825180300-snapshot.jpg
5,1,20190825,180330,50,2,1863,300,1919,372,Aug30_1/124-20190825180330-snapshot.jpg
5,1,20190825,180330,78,2,475,175,551,233,Aug30_1/124-20190825180330-snapshot.jpg
5,1,20190825,180330,79,2,1374,728,1458,776,Aug30_1/124-20190825180330-snapshot.jpg
5,1,20190825,180400,56,2,1223,242,1287,299,Aug30_1/124-20190825180400-snapshot.jpg
5,1,20190825,180530,82,2,949,829,1024,880,Aug30_1/124-20190825180530-snapshot.jpg
5,1,20190825,180600,31,2,883,231,952,291,Aug30_1/124-20190825180600-snapshot.jpg
5,1,20190825,180600,81,2,1604,457,1674,523,Aug30_1/124-20190825180600-snapshot.jpg
5,1,20190825,180630,82,2,1793,744,1886,816,Aug30_1/124-20190825180630-snapshot.jpg
5,1,20190825,180930,66,2,903,816,968,869,Aug30_1/124-20190825180930-snapshot.jpg
5,1,20190825,180930,77,2,1237,428,1300,484,Aug30_1/124-20190825180930-snapshot.jpg
5,1,20190825,181000,75,2,1683,828,1743,896,Aug30_1/124-20190825181000-snapshot.jpg
5,1,20190825,181000,79,2,1308,171,1364,232,Aug30_1/124-20190825181000-snapshot.jpg
5,1,20190825,181030,61,2,1664,844,1724,912,Aug30_1/124-20190825181030-snapshot.jpg
5,1,20190825,181130,55,2,421,158,491,205,Aug30_1/124-20190825181130-snapshot.jpg
5,1,20190825,181300,51,2,846,921,905,982,Aug30_1/124-20190825181300-snapshot.jpg
5,1,20190825,181300,71,2,1875,844,1920,901,Aug30_1/124-20190825181300-snapshot.jpg
5,1,20190825,181300,84,2,1280,359,1334,426,Aug30_1/124-20190825181300-snapshot.jpg
5,1,20190825,181500,85,2,1303,279,1358,348,Aug30_1/124-20190825181500-snapshot.jpg
5,1,20190825,181530,69,2,1842,787,1907,867,Aug30_1/124-20190825181530-snapshot.jpg
5,1,20190825,181600,83,2,1224,429,1296,494,Aug30_1/124-20190825181600-snapshot.jpg
5,1,20190825,181630,41,2,890,235,949,289,Aug30_1/124-20190825181630-snapshot.jpg
5,1,20190825,181700,29,2,890,236,948,289,Aug30_1/124-20190825181700-snapshot.jpg
5,1,20190825,181730,25,2,891,237,946,288,Aug30_1/124-20190825181730-snapshot.jpg
5,1,20190825,181800,25,2,891,236,947,289,Aug30_1/124-20190825181800-snapshot.jpg
5,1,20190825,181830,75,2,1110,375,1170,434,Aug30_1/124-20190825181830-snapshot.jpg
5,1,20190825,181830,76,2,871,234,946,292,Aug30_1/124-20190825181830-snapshot.jpg
5,1,20190825,181830,83,2,1702,776,1769,852,Aug30_1/124-20190825181830-snapshot.jpg
5,1,20190825,181930,57,8,1621,76,1700,142,Aug30_1/124-20190825181930-snapshot.jpg
5,1,20190825,182030,37,2,927,249,981,304,Aug30_1/124-20190825182030-snapshot.jpg
5,1,20190825,182030,79,2,1858,837,1920,901,Aug30_1/124-20190825182030-snapshot.jpg
5,1,20190825,182100,82,2,1757,719,1826,794,Aug30_1/124-20190825182100-snapshot.jpg
5,1,20190825,182130,75,2,1405,265,1463,348,Aug30_1/124-20190825182130-snapshot.jpg
5,1,20190825,182130,77,2,793,243,862,315,Aug30_1/124-20190825182130-snapshot.jpg
5,1,20190825,182300,57,2,337,183,399,252,Aug30_1/124-20190825182300-snapshot.jpg
5,1,20190825,182400,79,2,1372,721,1451,770,Aug30_1/124-20190825182400-snapshot.jpg
5,1,20190825,182430,83,2,1822,804,1882,873,Aug30_1/124-20190825182430-snapshot.jpg
5,1,20190825,182500,73,2,840,920,902,981,Aug30_1/124-20190825182500-snapshot.jpg
5,1,20190825,182530,76,2,1855,944,1919,1005,Aug30_1/124-20190825182530-snapshot.jpg
5,1,20190825,182730,85,2,1317,324,1376,389,Aug30_1/124-20190825182730-snapshot.jpg
5,1,20190825,182800,78,2,1337,786,1418,870,Aug30_1/124-20190825182800-snapshot.jpg
5,1,20190825,182800,84,2,1247,393,1326,466,Aug30_1/124-20190825182800-snapshot.jpg
5,1,20190825,182830,66,2,842,914,903,977,Aug30_1/124-20190825182830-snapshot.jpg
5,1,20190825,182830,83,2,1599,446,1652,512,Aug30_1/124-20190825182830-snapshot.jpg
5,1,20190825,183030,68,2,905,172,992,224,Aug30_1/124-20190825183030-snapshot.jpg
5,1,20190825,183030,83,2,1456,363,1515,443,Aug30_1/124-20190825183030-snapshot.jpg
5,1,20190825,183200,82,2,1655,835,1742,889,Aug30_1/124-20190825183200-snapshot.jpg
5,1,20190825,183230,84,2,1367,707,1439,770,Aug30_1/124-20190825183230-snapshot.jpg
5,1,20190825,183400,76,2,1610,338,1672,413,Aug30_1/124-20190825183400-snapshot.jpg
5,1,20190825,183530,83,2,1202,246,1276,303,Aug30_1/124-20190825183530-snapshot.jpg
5,1,20190825,183600,82,2,1050,543,1110,610,Aug30_1/124-20190825183600-snapshot.jpg
5,1,20190825,183930,39,2,1309,167,1373,224,Aug30_1/124-20190825183930-snapshot.jpg
5,1,20190825,184330,57,2,960,270,1011,327,Aug30_1/124-20190825184330-snapshot.jpg
5,1,20190825,184500,84,2,1609,463,1683,524,Aug30_1/124-20190825184500-snapshot.jpg
5,1,20190825,184530,74,2,1306,323,1387,375,Aug30_1/124-20190825184530-snapshot.jpg
5,1,20190825,184830,84,2,1238,428,1318,480,Aug30_1/124-20190825184830-snapshot.jpg
5,1,20190825,184900,58,2,858,279,917,339,Aug30_1/124-20190825184900-snapshot.jpg
5,1,20190825,185300,77,2,963,293,1014,354,Aug30_1/124-20190825185300-snapshot.jpg
5,1,20190825,185400,84,2,1026,547,1084,613,Aug30_1/124-20190825185400-snapshot.jpg
5,1,20190825,185500,80,7,1246,282,1402,369,Aug30_1/124-20190825185500-snapshot.jpg
5,1,20190825,185500,82,2,1822,769,1890,850,Aug30_1/124-20190825185500-snapshot.jpg
5,1,20190825,185600,84,2,798,327,870,388,Aug30_1/124-20190825185600-snapshot.jpg
5,1,20190825,185930,85,2,906,326,962,393,Aug30_1/124-20190825185930-snapshot.jpg
5,1,20190825,190000,56,2,1209,436,1263,488,Aug30_1/124-20190825190000-snapshot.jpg
5,1,20190825,190030,82,2,889,301,965,356,Aug30_1/124-20190825190030-snapshot.jpg
5,1,20190825,190100,75,2,1561,781,1665,850,Aug30_1/124-20190825190100-snapshot.jpg
5,1,20190825,191000,83,2,857,849,942,905,Aug30_1/124-20190825191000-snapshot.jpg
5,1,20190825,191230,81,2,1319,339,1378,412,Aug30_1/124-20190825191230-snapshot.jpg
5,1,20190825,191300,48,2,1761,163,1845,219,Aug30_1/124-20190825191300-snapshot.jpg
5,1,20190825,191300,87,2,1221,419,1300,488,Aug30_1/124-20190825191300-snapshot.jpg
5,1,20190825,191330,80,2,1577,429,1637,492,Aug30_1/124-20190825191330-snapshot.jpg
5,1,20190825,191330,85,2,1036,670,1120,723,Aug30_1/124-20190825191330-snapshot.jpg
5,1,20190825,191400,47,2,1673,847,1737,912,Aug30_1/124-20190825191400-snapshot.jpg
5,1,20190825,191500,33,2,360,248,417,300,Aug30_1/124-20190825191500-snapshot.jpg
5,1,20190825,191600,32,2,49,111,111,174,Aug30_1/124-20190825191600-snapshot.jpg
5,1,20190825,191700,87,2,1167,238,1254,303,Aug30_1/124-20190825191700-snapshot.jpg
5,1,20190825,191930,29,1,0,321,21,361,Aug30_1/124-20190825191930-snapshot.jpg
5,1,20190825,192130,40,1,0,321,21,360,Aug30_1/124-20190825192130-snapshot.jpg
5,1,20190825,193200,78,2,839,879,892,940,Aug30_1/126-20190825193200-snapshot.jpg
5,1,20190825,193230,61,2,1386,720,1442,772,Aug30_1/126-20190825193230-snapshot.jpg
5,1,20190825,193300,82,2,1248,424,1312,486,Aug30_1/126-20190825193300-snapshot.jpg
5,1,20190825,193400,81,2,1255,697,1332,745,Aug30_1/126-20190825193400-snapshot.jpg
5,1,20190825,193630,83,2,1775,762,1857,836,Aug30_1/126-20190825193630-snapshot.jpg
5,1,20190825,194330,83,2,953,246,1002,308,Aug30_1/126-20190825194330-snapshot.jpg
5,1,20190825,194700,77,2,1563,689,1628,770,Aug30_1/126-20190825194700-snapshot.jpg
5,1,20190825,195200,83,2,1257,388,1340,450,Aug30_1/126-20190825195200-snapshot.jpg
5,1,20190825,195530,60,2,1572,715,1671,809,Aug30_1/126-20190825195530-snapshot.jpg
5,1,20190825,200030,72,2,1808,945,1875,1022,Aug30_1/126-20190825200030-snapshot.jpg
5,1,20190825,200600,85,2,1354,610,1417,682,Aug30_1/126-20190825200600-snapshot.jpg
5,1,20190825,200900,28,1,0,321,20,360,Aug30_1/126-20190825200900-snapshot.jpg
5,1,20190825,201300,25,1,0,320,20,359,Aug30_1/127-20190825201300-snapshot.jpg
5,1,20190825,201430,82,2,857,840,942,894,Aug30_1/127-20190825201430-snapshot.jpg
5,1,20190825,201630,85,2,1295,351,1360,414,Aug30_1/127-20190825201630-snapshot.jpg
5,1,20190825,201700,31,1,0,320,20,359,Aug30_1/127-20190825201700-snapshot.jpg
5,1,20190825,201700,74,2,850,356,902,409,Aug30_1/127-20190825201700-snapshot.jpg
5,1,20190825,201830,30,1,0,321,20,360,Aug30_1/127-20190825201830-snapshot.jpg
5,1,20190825,202200,29,1,0,321,20,360,Aug30_1/127-20190825202200-snapshot.jpg
5,1,20190825,202700,25,1,0,320,20,361,Aug30_1/127-20190825202700-snapshot.jpg
5,1,20190825,202800,29,1,0,320,21,361,Aug30_1/127-20190825202800-snapshot.jpg
5,1,20190825,203330,28,1,0,320,20,361,Aug30_1/129-20190825203330-snapshot.jpg
5,1,20190825,205300,26,1,0,628,21,668,Aug30_1/135-20190825205300-snapshot.jpg
5,1,20190825,205400,38,1,0,626,21,669,Aug30_1/135-20190825205400-snapshot.jpg
5,1,20190825,205500,31,1,0,624,22,669,Aug30_1/136-20190825205500-snapshot.jpg
5,1,20190826,054430,56,1,332,670,388,720,Aug30_1/139-20190826054430-snapshot.jpg
5,1,20190826,055100,33,1,0,320,20,357,Aug30_1/141-20190826055100-snapshot.jpg
5,1,20190826,055200,33,1,0,318,20,358,Aug30_1/141-20190826055200-snapshot.jpg
5,1,20190826,055230,43,1,0,319,21,358,Aug30_1/141-20190826055230-snapshot.jpg
5,1,20190826,055330,42,1,0,318,21,359,Aug30_1/142-20190826055330-snapshot.jpg
5,1,20190826,055430,35,1,0,319,20,360,Aug30_1/142-20190826055430-snapshot.jpg
5,1,20190826,055630,29,1,0,316,21,360,Aug30_1/142-20190826055630-snapshot.jpg
5,1,20190826,055800,39,1,0,317,22,360,Aug30_1/143-20190826055800-snapshot.jpg
5,1,20190826,055900,33,1,0,318,21,359,Aug30_1/144-20190826055900-snapshot.jpg
5,1,20190826,055930,44,1,0,318,22,360,Aug30_1/144-20190826055930-snapshot.jpg
5,1,20190826,060000,29,1,0,317,21,362,Aug30_1/145-20190826060000-snapshot.jpg
5,1,20190826,060130,35,1,0,318,22,361,Aug30_1/145-20190826060130-snapshot.jpg
5,1,20190826,060200,27,1,0,317,21,361,Aug30_1/146-20190826060200-snapshot.jpg
5,1,20190826,060230,47,1,0,318,23,361,Aug30_1/146-20190826060230-snapshot.jpg
5,1,20190826,060700,39,1,0,318,22,362,Aug30_1/146-20190826060700-snapshot.jpg
5,1,20190826,060800,28,1,0,318,21,360,Aug30_1/146-20190826060800-snapshot.jpg
5,1,20190826,060930,25,1,0,317,22,361,Aug30_1/147-20190826060930-snapshot.jpg
5,1,20190826,061330,26,1,0,318,22,360,Aug30_1/148-20190826061330-snapshot.jpg
5,1,20190826,061400,25,1,0,318,22,361,Aug30_1/148-20190826061400-snapshot.jpg
5,1,20190826,061530,27,1,0,318,23,361,Aug30_1/148-20190826061530-snapshot.jpg
5,1,20190826,061800,30,1,0,318,22,360,Aug30_1/148-20190826061800-snapshot.jpg
5,1,20190826,061930,25,1,0,318,22,360,Aug30_1/149-20190826061930-snapshot.jpg
5,1,20190826,062630,31,1,0,318,23,359,Aug30_1/152-20190826062630-snapshot.jpg
5,1,20190826,062730,25,1,0,318,22,359,Aug30_1/152-20190826062730-snapshot.jpg
5,1,20190826,062930,33,1,0,319,23,359,Aug30_1/153-20190826062930-snapshot.jpg
5,1,20190826,063000,32,1,0,318,23,360,Aug30_1/153-20190826063000-snapshot.jpg
5,1,20190826,063030,39,1,0,319,23,359,Aug30_1/153-20190826063030-snapshot.jpg
5,1,20190826,063100,30,1,0,317,23,360,Aug30_1/153-20190826063100-snapshot.jpg
5,1,20190826,063430,26,1,0,318,22,359,Aug30_1/154-20190826063430-snapshot.jpg
5,1,20190826,063930,32,1,0,318,23,359,Aug30_1/156-20190826063930-snapshot.jpg
5,1,20190826,064100,28,1,0,319,23,360,Aug30_1/156-20190826064100-snapshot.jpg
5,1,20190826,064130,40,1,0,318,23,359,Aug30_1/157-20190826064130-snapshot.jpg
5,1,20190826,064700,30,1,0,318,23,359,Aug30_1/159-20190826064700-snapshot.jpg
5,1,20190826,072100,83,8,1028,842,1099,893,Aug30_1/167-20190826072100-snapshot.jpg
5,1,20190826,072530,84,8,1121,489,1195,544,Aug30_1/167-20190826072530-snapshot.jpg
5,1,20190826,072730,27,1,0,319,22,359,Aug30_1/167-20190826072730-snapshot.jpg
5,1,20190826,073000,40,1,0,320,23,359,Aug30_1/168-20190826073000-snapshot.jpg
5,1,20190826,073830,26,1,0,319,22,358,Aug30_1/173-20190826073830-snapshot.jpg
5,1,20190826,074100,33,1,0,319,23,359,Aug30_1/174-20190826074100-snapshot.jpg
5,1,20190826,074630,39,1,0,319,22,359,Aug30_1/175-20190826074630-snapshot.jpg
5,1,20190826,074930,29,1,0,319,23,359,Aug30_1/176-20190826074930-snapshot.jpg
5,1,20190826,075000,83,8,899,715,951,785,Aug30_1/176-20190826075000-snapshot.jpg
5,1,20190826,075600,43,1,0,319,23,359,Aug30_1/178-20190826075600-snapshot.jpg
5,1,20190826,075700,86,2,1776,693,1864,758,Aug30_1/179-20190826075700-snapshot.jpg
5,1,20190826,075900,31,1,0,319,24,359,Aug30_1/179-20190826075900-snapshot.jpg
5,1,20190826,075930,30,1,0,319,23,359,Aug30_1/179-20190826075930-snapshot.jpg
5,1,20190826,080300,28,1,0,319,23,358,Aug30_1/179-20190826080300-snapshot.jpg
5,1,20190826,080400,30,1,0,319,23,359,Aug30_1/180-20190826080400-snapshot.jpg
5,1,20190826,080500,86,8,904,768,958,828,Aug30_1/180-20190826080500-snapshot.jpg
5,1,20190826,080530,32,1,0,319,23,359,Aug30_1/180-20190826080530-snapshot.jpg
5,1,20190826,080600,28,1,0,319,23,359,Aug30_1/180-20190826080600-snapshot.jpg
5,1,20190826,080630,34,1,0,319,23,360,Aug30_1/180-20190826080630-snapshot.jpg
5,1,20190826,080800,26,1,0,320,23,359,Aug30_1/180-20190826080800-snapshot.jpg
5,1,20190826,080900,36,1,0,319,23,359,Aug30_1/180-20190826080900-snapshot.jpg
5,1,20190826,081030,29,1,0,319,23,359,Aug30_1/180-20190826081030-snapshot.jpg
5,1,20190826,081200,84,2,840,869,898,937,Aug30_1/180-20190826081200-snapshot.jpg
5,1,20190826,081500,44,1,0,319,22,359,Aug30_1/180-20190826081500-snapshot.jpg
5,1,20190826,082000,32,1,0,319,23,359,Aug30_1/181-20190826082000-snapshot.jpg
5,1,20190826,082200,35,1,0,319,23,359,Aug30_1/181-20190826082200-snapshot.jpg
5,1,20190826,082300,27,1,0,319,23,359,Aug30_1/182-20190826082300-snapshot.jpg
5,1,20190826,082430,28,1,0,318,22,359,Aug30_1/182-20190826082430-snapshot.jpg
5,1,20190826,082730,36,1,0,319,22,359,Aug30_1/183-20190826082730-snapshot.jpg
5,1,20190826,083000,32,1,0,319,23,359,Aug30_1/184-20190826083000-snapshot.jpg
5,1,20190826,083600,84,2,846,875,903,945,Aug30_1/185-20190826083600-snapshot.jpg
5,1,20190826,083800,85,8,678,857,758,911,Aug30_1/186-20190826083800-snapshot.jpg
5,1,20190826,084700,83,2,1306,333,1388,391,Aug30_1/188-20190826084700-snapshot.jpg
5,1,20190826,092730,73,2,351,223,423,272,Aug30_1/193-20190826092730-snapshot.jpg
5,1,20190826,092800,84,2,1233,431,1312,480,Aug30_1/193-20190826092800-snapshot.jpg
5,1,20190826,092830,72,2,1448,548,1506,608,Aug30_1/193-20190826092830-snapshot.jpg
5,1,20190826,092900,62,2,969,821,1043,882,Aug30_1/193-20190826092900-snapshot.jpg
5,1,20190826,093000,85,2,894,880,980,937,Aug30_1/193-20190826093000-snapshot.jpg
5,1,20190826,093030,79,2,810,540,882,590,Aug30_1/193-20190826093030-snapshot.jpg
5,1,20190826,093100,78,2,1299,677,1380,721,Aug30_1/193-20190826093100-snapshot.jpg
5,1,20190826,093130,83,2,1812,815,1874,894,Aug30_1/193-20190826093130-snapshot.jpg
5,1,20190826,093530,80,2,1317,157,1374,229,Aug30_1/193-20190826093530-snapshot.jpg
5,1,20190826,093600,86,2,1320,334,1403,399,Aug30_1/193-20190826093600-snapshot.jpg
5,1,20190826,093630,55,2,43,93,109,159,Aug30_1/193-20190826093630-snapshot.jpg
5,1,20190826,093800,44,2,1403,669,1463,733,Aug30_1/193-20190826093800-snapshot.jpg
5,1,20190826,094000,77,2,1457,584,1536,635,Aug30_1/193-20190826094000-snapshot.jpg
5,1,20190826,094030,76,2,854,365,912,428,Aug30_1/193-20190826094030-snapshot.jpg
5,1,20190826,094530,79,2,1139,405,1213,454,Aug30_1/193-20190826094530-snapshot.jpg
5,1,20190826,095530,80,2,1670,871,1753,928,Aug30_1/193-20190826095530-snapshot.jpg
5,1,20190826,095800,70,1,1850,498,1893,535,Aug30_1/193-20190826095800-snapshot.jpg
5,1,20190826,100030,82,2,771,507,853,560,Aug30_1/193-20190826100030-snapshot.jpg
5,1,20190826,100130,41,2,1308,177,1360,232,Aug30_1/193-20190826100130-snapshot.jpg
5,1,20190826,100200,82,1,1007,362,1049,399,Aug30_1/193-20190826100200-snapshot.jpg
5,1,20190826,100200,82,8,589,957,646,1023,Aug30_1/193-20190826100200-snapshot.jpg
5,1,20190826,100230,49,1,1003,340,1038,370,Aug30_1/193-20190826100230-snapshot.jpg
5,1,20190826,100230,76,2,1107,980,1165,1032,Aug30_1/193-20190826100230-snapshot.jpg
5,1,20190826,100300,80,1,821,302,861,336,Aug30_1/193-20190826100300-snapshot.jpg
5,1,20190826,100330,86,1,499,26,546,72,Aug30_1/193-20190826100330-snapshot.jpg
5,1,20190826,100400,81,2,857,875,910,940,Aug30_1/193-20190826100400-snapshot.jpg
5,1,20190826,100430,84,2,1187,428,1267,492,Aug30_1/193-20190826100430-snapshot.jpg
5,1,20190826,100500,82,2,1316,179,1372,245,Aug30_1/193-20190826100500-snapshot.jpg
5,1,20190826,100500,83,2,1160,619,1216,688,Aug30_1/193-20190826100500-snapshot.jpg
5,1,20190826,100730,74,2,1314,288,1373,346,Aug30_1/193-20190826100730-snapshot.jpg
5,1,20190826,100830,84,2,1357,672,1420,741,Aug30_1/193-20190826100830-snapshot.jpg
5,1,20190826,101130,38,2,1773,650,1833,699,Aug30_1/193-20190826101130-snapshot.jpg
5,1,20190826,101800,65,2,1739,201,1800,269,Aug30_1/193-20190826101800-snapshot.jpg
5,1,20190826,101830,63,2,1522,566,1600,627,Aug30_1/193-20190826101830-snapshot.jpg
5,1,20190826,101830,83,2,1784,709,1850,786,Aug30_1/193-20190826101830-snapshot.jpg
5,1,20190826,101900,69,2,1068,536,1127,599,Aug30_1/193-20190826101900-snapshot.jpg
5,1,20190826,101900,77,2,850,947,922,1005,Aug30_1/193-20190826101900-snapshot.jpg
5,1,20190826,102030,81,2,426,218,504,276,Aug30_1/193-20190826102030-snapshot.jpg
5,1,20190826,102100,77,2,1117,409,1170,469,Aug30_1/193-20190826102100-snapshot.jpg
5,1,20190826,102200,71,2,1743,931,1835,998,Aug30_1/193-20190826102200-snapshot.jpg
5,1,20190826,102330,80,2,840,875,893,940,Aug30_1/193-20190826102330-snapshot.jpg
5,1,20190826,102400,54,2,377,227,432,292,Aug30_1/193-20190826102400-snapshot.jpg
5,1,20190826,102500,67,2,1151,739,1236,790,Aug30_1/193-20190826102500-snapshot.jpg
5,1,20190826,102530,31,2,1454,7,1543,59,Aug30_1/193-20190826102530-snapshot.jpg
5,1,20190826,102530,69,2,438,234,498,299,Aug30_1/193-20190826102530-snapshot.jpg
5,1,20190826,102600,57,2,1307,297,1367,355,Aug30_1/193-20190826102600-snapshot.jpg
5,1,20190826,102630,84,2,1306,694,1392,747,Aug30_1/193-20190826102630-snapshot.jpg
5,1,20190826,102730,82,2,905,911,994,967,Aug30_1/193-20190826102730-snapshot.jpg
5,1,20190826,102800,28,2,1314,224,1373,292,Aug30_1/193-20190826102800-snapshot.jpg
5,1,20190826,102830,85,2,845,642,900,720,Aug30_1/193-20190826102830-snapshot.jpg
5,1,20190826,103000,79,8,531,956,610,1005,Aug30_1/193-20190826103000-snapshot.jpg
5,1,20190826,103130,80,2,1766,678,1851,746,Aug30_1/193-20190826103130-snapshot.jpg
5,1,20190826,103200,83,2,1818,919,1892,987,Aug30_1/193-20190826103200-snapshot.jpg
5,1,20190826,103230,82,2,1365,694,1424,762,Aug30_1/193-20190826103230-snapshot.jpg
5,1,20190826,103300,82,2,961,900,1043,962,Aug30_1/193-20190826103300-snapshot.jpg
5,1,20190826,103530,84,2,1312,687,1396,740,Aug30_1/193-20190826103530-snapshot.jpg
5,1,20190826,103700,84,2,1365,708,1426,781,Aug30_1/193-20190826103700-snapshot.jpg
5,1,20190826,103730,84,2,1432,738,1524,799,Aug30_1/193-20190826103730-snapshot.jpg
5,1,20190826,103900,81,2,1406,667,1464,729,Aug30_1/193-20190826103900-snapshot.jpg
5,1,20190826,103930,79,8,1036,38,1118,102,Aug30_1/193-20190826103930-snapshot.jpg
5,1,20190826,104300,79,2,408,176,485,229,Aug30_1/193-20190826104300-snapshot.jpg
5,1,20190826,104430,71,2,976,281,1040,325,Aug30_1/193-20190826104430-snapshot.jpg
5,1,20190826,104500,75,2,843,916,905,986,Aug30_1/193-20190826104500-snapshot.jpg
5,1,20190826,104630,70,2,1279,308,1345,348,Aug30_1/193-20190826104630-snapshot.jpg
5,1,20190826,104800,54,2,1471,4,1531,66,Aug30_1/193-20190826104800-snapshot.jpg
5,1,20190826,104900,80,2,831,902,887,968,Aug30_1/193-20190826104900-snapshot.jpg
5,1,20190826,105300,43,2,1321,377,1374,431,Aug30_1/193-20190826105300-snapshot.jpg
5,1,20190826,105330,81,2,767,117,853,178,Aug30_1/193-20190826105330-snapshot.jpg
5,1,20190826,105400,48,2,35,71,103,135,Aug30_1/193-20190826105400-snapshot.jpg
5,1,20190826,105400,81,2,838,896,904,949,Aug30_1/193-20190826105400-snapshot.jpg
5,1,20190826,105430,86,2,1416,789,1511,842,Aug30_1/193-20190826105430-snapshot.jpg
5,1,20190826,105600,73,2,1776,943,1867,997,Aug30_1/193-20190826105600-snapshot.jpg
5,1,20190826,105630,80,2,863,358,922,414,Aug30_1/193-20190826105630-snapshot.jpg
5,1,20190826,105700,71,2,1525,541,1595,600,Aug30_1/193-20190826105700-snapshot.jpg
5,1,20190826,105730,84,2,839,894,895,961,Aug30_1/193-20190826105730-snapshot.jpg
5,1,20190826,105800,74,2,952,248,1017,301,Aug30_1/193-20190826105800-snapshot.jpg
5,1,20190826,105830,31,2,39,96,101,169,Aug30_1/193-20190826105830-snapshot.jpg
5,1,20190826,105900,81,2,1367,679,1420,743,Aug30_1/193-20190826105900-snapshot.jpg
5,1,20190826,105930,61,2,842,934,911,986,Aug30_1/193-20190826105930-snapshot.jpg
5,1,20190826,110400,30,2,1728,653,1787,735,Aug30_1/193-20190826110400-snapshot.jpg
5,1,20190826,110430,79,2,1433,805,1515,874,Aug30_1/193-20190826110430-snapshot.jpg
5,1,20190826,110500,82,2,1263,388,1337,453,Aug30_1/193-20190826110500-snapshot.jpg
5,1,20190826,110500,85,2,1587,479,1666,535,Aug30_1/193-20190826110500-snapshot.jpg
5,1,20190826,110630,85,2,1342,683,1420,750,Aug30_1/193-20190826110630-snapshot.jpg
5,1,20190826,110800,76,2,1748,691,1807,759,Aug30_1/193-20190826110800-snapshot.jpg
5,1,20190826,110830,78,2,860,962,930,1019,Aug30_1/193-20190826110830-snapshot.jpg
5,1,20190826,110830,84,2,1337,668,1396,736,Aug30_1/193-20190826110830-snapshot.jpg
5,1,20190826,111000,79,2,859,323,933,372,Aug30_1/193-20190826111000-snapshot.jpg
5,1,20190826,111030,82,2,1293,127,1347,195,Aug30_1/193-20190826111030-snapshot.jpg
5,1,20190826,111230,87,2,1715,680,1779,768,Aug30_1/193-20190826111230-snapshot.jpg
5,1,20190826,111330,78,2,975,910,1055,962,Aug30_1/193-20190826111330-snapshot.jpg
5,1,20190826,111430,86,2,1753,730,1817,812,Aug30_1/193-20190826111430-snapshot.jpg
5,1,20190826,111500,83,2,1676,880,1737,955,Aug30_1/193-20190826111500-snapshot.jpg
5,1,20190826,111530,78,2,359,256,421,328,Aug30_1/193-20190826111530-snapshot.jpg
5,1,20190826,111530,79,2,867,853,938,908,Aug30_1/193-20190826111530-snapshot.jpg
5,1,20190826,111530,85,2,1691,953,1790,1008,Aug30_1/193-20190826111530-snapshot.jpg
5,1,20190826,111600,82,8,629,894,701,957,Aug30_1/193-20190826111600-snapshot.jpg
5,1,20190826,112130,62,2,31,109,110,166,Aug30_1/193-20190826112130-snapshot.jpg
5,1,20190826,112700,74,2,1282,728,1354,775,Aug30_1/193-20190826112700-snapshot.jpg
5,1,20190826,112730,39,2,1754,161,1814,221,Aug30_1/193-20190826112730-snapshot.jpg
5,1,20190826,112930,80,2,855,351,913,410,Aug30_1/193-20190826112930-snapshot.jpg
5,1,20190826,113000,78,2,1381,708,1458,758,Aug30_1/193-20190826113000-snapshot.jpg
5,1,20190826,113030,66,2,1742,655,1805,724,Aug30_1/193-20190826113030-snapshot.jpg
5,1,20190826,113030,73,2,1044,552,1106,626,Aug30_1/193-20190826113030-snapshot.jpg
5,1,20190826,113100,74,2,1660,854,1720,912,Aug30_1/193-20190826113100-snapshot.jpg
5,1,20190826,113200,81,2,1405,690,1468,750,Aug30_1/193-20190826113200-snapshot.jpg
5,1,20190826,113500,72,2,979,890,1037,951,Aug30_1/193-20190826113500-snapshot.jpg
5,1,20190826,113530,79,2,1733,773,1813,838,Aug30_1/193-20190826113530-snapshot.jpg
5,1,20190826,113630,61,2,1694,935,1759,1004,Aug30_1/193-20190826113630-snapshot.jpg
5,1,20190826,113700,82,2,1747,674,1835,743,Aug30_1/193-20190826113700-snapshot.jpg
5,1,20190826,113830,84,2,1304,295,1360,355,Aug30_1/193-20190826113830-snapshot.jpg
5,1,20190826,114030,80,2,1771,786,1869,846,Aug30_1/193-20190826114030-snapshot.jpg
5,1,20190826,114130,36,2,1726,230,1803,287,Aug30_1/193-20190826114130-snapshot.jpg
5,1,20190826,114230,87,2,1318,326,1378,408,Aug30_1/193-20190826114230-snapshot.jpg
5,1,20190826,114300,75,2,1209,423,1286,471,Aug30_1/193-20190826114300-snapshot.jpg
5,1,20190826,114300,82,2,1402,669,1477,729,Aug30_1/193-20190826114300-snapshot.jpg
5,1,20190826,114400,72,2,1118,373,1178,447,Aug30_1/193-20190826114400-snapshot.jpg
5,1,20190826,114530,83,2,1403,527,1486,583,Aug30_1/193-20190826114530-snapshot.jpg
5,1,20190826,114600,65,2,1318,165,1376,228,Aug30_1/193-20190826114600-snapshot.jpg
5,1,20190826,114730,77,2,1182,454,1276,529,Aug30_1/193-20190826114730-snapshot.jpg
5,1,20190826,114730,79,8,785,192,840,254,Aug30_1/193-20190826114730-snapshot.jpg
5,1,20190826,114730,85,2,940,792,995,862,Aug30_1/193-20190826114730-snapshot.jpg
5,1,20190826,114900,66,2,1718,930,1789,1003,Aug30_1/193-20190826114900-snapshot.jpg
5,1,20190826,114930,43,2,846,849,902,910,Aug30_1/193-20190826114930-snapshot.jpg
5,1,20190826,115000,79,2,806,565,882,609,Aug30_1/193-20190826115000-snapshot.jpg
5,1,20190826,115300,80,2,1501,561,1565,640,Aug30_1/193-20190826115300-snapshot.jpg
5,1,20190826,115330,71,2,1398,592,1468,657,Aug30_1/193-20190826115330-snapshot.jpg
5,1,20190826,115330,79,2,1335,133,1403,196,Aug30_1/193-20190826115330-snapshot.jpg
5,1,20190826,115700,72,2,413,164,487,209,Aug30_1/193-20190826115700-snapshot.jpg
5,1,20190826,115700,79,2,867,846,926,913,Aug30_1/193-20190826115700-snapshot.jpg
5,1,20190826,115730,68,2,1693,942,1768,1008,Aug30_1/193-20190826115730-snapshot.jpg
5,1,20190826,115930,75,2,354,252,421,305,Aug30_1/193-20190826115930-snapshot.jpg
5,1,20190826,120000,78,2,1356,150,1452,208,Aug30_1/193-20190826120000-snapshot.jpg
5,1,20190826,120030,79,2,1568,687,1634,770,Aug30_1/193-20190826120030-snapshot.jpg
5,1,20190826,120130,27,1,0,320,22,359,Aug30_1/193-20190826120130-snapshot.jpg
5,1,20190826,120200,33,1,0,319,22,360,Aug30_1/193-20190826120200-snapshot.jpg
5,1,20190826,120300,35,1,0,320,22,360,Aug30_1/193-20190826120300-snapshot.jpg
5,1,20190826,120300,76,2,1009,884,1068,950,Aug30_1/193-20190826120300-snapshot.jpg
5,1,20190826,120300,84,2,880,901,969,961,Aug30_1/193-20190826120300-snapshot.jpg
5,1,20190826,120330,39,1,0,319,22,360,Aug30_1/193-20190826120330-snapshot.jpg
5,1,20190826,120400,76,2,864,844,926,906,Aug30_1/193-20190826120400-snapshot.jpg
5,1,20190826,120430,40,1,0,319,23,359,Aug30_1/193-20190826120430-snapshot.jpg
5,1,20190826,120500,25,1,0,319,23,359,Aug30_1/193-20190826120500-snapshot.jpg
5,1,20190826,120700,78,2,821,876,875,933,Aug30_1/193-20190826120700-snapshot.jpg
5,1,20190826,120700,82,2,1045,555,1100,625,Aug30_1/193-20190826120700-snapshot.jpg
5,1,20190826,120730,81,2,1755,695,1820,771,Aug30_1/193-20190826120730-snapshot.jpg
5,1,20190826,120730,85,2,1282,715,1370,766,Aug30_1/193-20190826120730-snapshot.jpg
5,1,20190826,120900,83,2,667,249,745,306,Aug30_1/193-20190826120900-snapshot.jpg
5,1,20190826,121000,56,2,1839,897,1918,975,Aug30_1/193-20190826121000-snapshot.jpg
5,1,20190826,121030,45,2,75,95,132,155,Aug30_1/193-20190826121030-snapshot.jpg
5,1,20190826,121030,59,8,389,660,479,733,Aug30_1/193-20190826121030-snapshot.jpg
5,1,20190826,121100,29,1,0,319,22,360,Aug30_1/193-20190826121100-snapshot.jpg
5,1,20190826,121100,79,2,801,517,876,588,Aug30_1/193-20190826121100-snapshot.jpg
5,1,20190826,121100,86,2,1244,272,1303,346,Aug30_1/193-20190826121100-snapshot.jpg
5,1,20190826,121200,35,1,0,319,23,360,Aug30_1/193-20190826121200-snapshot.jpg
5,1,20190826,121230,29,1,0,319,23,359,Aug30_1/193-20190826121230-snapshot.jpg
5,1,20190826,121400,85,2,850,873,906,945,Aug30_1/193-20190826121400-snapshot.jpg
5,1,20190826,121730,74,2,1322,152,1374,207,Aug30_1/193-20190826121730-snapshot.jpg
5,1,20190826,121730,79,2,1864,881,1920,943,Aug30_1/193-20190826121730-snapshot.jpg
5,1,20190826,121800,81,2,1396,671,1471,727,Aug30_1/193-20190826121800-snapshot.jpg
5,1,20190826,122130,29,1,0,320,22,358,Aug30_1/193-20190826122130-snapshot.jpg
5,1,20190826,122200,72,2,884,877,937,932,Aug30_1/193-20190826122200-snapshot.jpg
5,1,20190826,122230,29,1,0,321,23,358,Aug30_1/193-20190826122230-snapshot.jpg
5,1,20190826,122230,62,2,1769,671,1832,746,Aug30_1/193-20190826122230-snapshot.jpg
5,1,20190826,122400,26,1,0,320,22,358,Aug30_1/193-20190826122400-snapshot.jpg
5,1,20190826,122500,79,2,834,866,888,932,Aug30_1/193-20190826122500-snapshot.jpg
5,1,20190826,122500,85,2,555,276,635,335,Aug30_1/193-20190826122500-snapshot.jpg
5,1,20190826,122600,28,1,0,320,23,359,Aug30_1/193-20190826122600-snapshot.jpg
5,1,20190826,122600,77,2,1629,454,1691,511,Aug30_1/193-20190826122600-snapshot.jpg
5,1,20190826,122630,33,1,0,320,23,358,Aug30_1/193-20190826122630-snapshot.jpg
5,1,20190826,122630,85,2,1359,719,1442,769,Aug30_1/193-20190826122630-snapshot.jpg
5,1,20190826,122700,37,1,0,320,23,359,Aug30_1/193-20190826122700-snapshot.jpg
5,1,20190826,122730,80,2,1297,285,1366,336,Aug30_1/193-20190826122730-snapshot.jpg
5,1,20190826,122730,82,2,1551,440,1632,507,Aug30_1/193-20190826122730-snapshot.jpg
5,1,20190826,122930,67,2,73,112,150,165,Aug30_1/193-20190826122930-snapshot.jpg
5,1,20190826,123200,84,2,836,847,915,903,Aug30_1/193-20190826123200-snapshot.jpg
5,1,20190826,123230,86,2,1523,541,1597,615,Aug30_1/193-20190826123230-snapshot.jpg
5,1,20190826,123300,81,2,1308,171,1361,236,Aug30_1/193-20190826123300-snapshot.jpg
5,1,20190826,123330,63,2,1745,649,1828,699,Aug30_1/193-20190826123330-snapshot.jpg
5,1,20190826,123400,84,2,836,896,889,962,Aug30_1/193-20190826123400-snapshot.jpg
5,1,20190826,123800,42,1,0,320,23,359,Aug30_1/193-20190826123800-snapshot.jpg
5,1,20190826,124000,27,2,1314,309,1370,366,Aug30_1/193-20190826124000-snapshot.jpg
5,1,20190826,124030,84,2,860,862,926,932,Aug30_1/193-20190826124030-snapshot.jpg
5,1,20190826,124030,84,2,1668,811,1736,880,Aug30_1/193-20190826124030-snapshot.jpg
5,1,20190826,124100,35,1,0,319,22,357,Aug30_1/193-20190826124100-snapshot.jpg
5,1,20190826,124130,29,1,0,320,23,359,Aug30_1/193-20190826124130-snapshot.jpg
5,1,20190826,124200,77,2,1766,724,1823,795,Aug30_1/193-20190826124200-snapshot.jpg
5,1,20190826,124230,84,2,788,567,842,636,Aug30_1/193-20190826124230-snapshot.jpg
5,1,20190826,124300,85,2,1329,693,1408,763,Aug30_1/193-20190826124300-snapshot.jpg
5,1,20190826,124330,84,2,1367,586,1440,654,Aug30_1/193-20190826124330-snapshot.jpg
5,1,20190826,124400,79,2,1773,725,1851,791,Aug30_1/193-20190826124400-snapshot.jpg
5,1,20190826,124600,41,1,0,320,23,359,Aug30_1/193-20190826124600-snapshot.jpg
5,1,20190826,124630,32,1,0,319,23,358,Aug30_1/193-20190826124630-snapshot.jpg
5,1,20190826,124800,82,2,864,818,924,884,Aug30_1/193-20190826124800-snapshot.jpg
5,1,20190826,124830,33,1,0,320,23,358,Aug30_1/193-20190826124830-snapshot.jpg
5,1,20190826,124900,27,1,0,320,24,359,Aug30_1/193-20190826124900-snapshot.jpg
5,1,20190826,125000,35,1,1648,1021,1690,1061,Aug30_1/193-20190826125000-snapshot.jpg
5,1,20190826,125000,82,2,876,874,950,950,Aug30_1/193-20190826125000-snapshot.jpg
5,1,20190826,125030,83,2,799,631,869,683,Aug30_1/193-20190826125030-snapshot.jpg
5,1,20190826,125130,48,2,1565,294,1623,360,Aug30_1/193-20190826125130-snapshot.jpg
5,1,20190826,125300,50,1,0,320,24,359,Aug30_1/193-20190826125300-snapshot.jpg
5,1,20190826,125330,36,1,0,320,23,359,Aug30_1/193-20190826125330-snapshot.jpg
5,1,20190826,125330,85,2,1367,709,1425,777,Aug30_1/193-20190826125330-snapshot.jpg
5,1,20190826,125400,26,2,1566,1,1643,69,Aug30_1/193-20190826125400-snapshot.jpg
5,1,20190826,125600,26,1,0,320,24,359,Aug30_1/193-20190826125600-snapshot.jpg
5,1,20190826,125600,85,2,1597,596,1686,657,Aug30_1/193-20190826125600-snapshot.jpg
5,1,20190826,125630,77,2,1711,936,1795,995,Aug30_1/193-20190826125630-snapshot.jpg
5,1,20190826,125700,41,1,0,319,23,359,Aug30_1/193-20190826125700-snapshot.jpg
5,1,20190826,125700,83,2,1531,848,1608,918,Aug30_1/193-20190826125700-snapshot.jpg
5,1,20190826,125730,28,1,0,320,24,359,Aug30_1/193-20190826125730-snapshot.jpg
5,1,20190826,125900,28,1,0,320,23,359,Aug30_1/193-20190826125900-snapshot.jpg
5,1,20190826,130000,79,2,1128,1007,1195,1064,Aug30_1/193-20190826130000-snapshot.jpg
5,1,20190826,130030,58,2,853,127,905,188,Aug30_1/193-20190826130030-snapshot.jpg
5,1,20190826,130100,77,2,1256,716,1328,767,Aug30_1/193-20190826130100-snapshot.jpg
5,1,20190826,130130,30,1,0,319,23,360,Aug30_1/193-20190826130130-snapshot.jpg
5,1,20190826,130230,81,2,1400,679,1483,730,Aug30_1/193-20190826130230-snapshot.jpg
5,1,20190826,130500,83,2,853,834,932,890,Aug30_1/193-20190826130500-snapshot.jpg
5,1,20190826,130530,75,2,1101,377,1176,437,Aug30_1/193-20190826130530-snapshot.jpg
5,1,20190826,130600,74,2,1504,361,1568,422,Aug30_1/193-20190826130600-snapshot.jpg
5,1,20190826,130900,71,2,835,528,890,599,Aug30_1/193-20190826130900-snapshot.jpg
5,1,20190826,130930,83,2,953,255,1002,315,Aug30_1/193-20190826130930-snapshot.jpg
5,1,20190826,131300,37,1,0,321,23,359,Aug30_1/193-20190826131300-snapshot.jpg
5,1,20190826,131400,87,2,820,677,871,758,Aug30_1/193-20190826131400-snapshot.jpg
5,1,20190826,131530,82,2,1862,773,1919,853,Aug30_1/193-20190826131530-snapshot.jpg
5,1,20190826,131630,69,2,1647,481,1713,541,Aug30_1/193-20190826131630-snapshot.jpg
5,1,20190826,131700,84,2,866,834,934,896,Aug30_1/193-20190826131700-snapshot.jpg
5,1,20190826,131730,82,2,785,568,844,622,Aug30_1/193-20190826131730-snapshot.jpg
5,1,20190826,132130,68,2,1828,201,1913,270,Aug30_1/193-20190826132130-snapshot.jpg
5,1,20190826,132130,87,2,934,832,993,909,Aug30_1/193-20190826132130-snapshot.jpg
5,1,20190826,132200,83,2,1773,932,1863,988,Aug30_1/193-20190826132200-snapshot.jpg
5,1,20190826,132200,84,2,849,636,931,691,Aug30_1/193-20190826132200-snapshot.jpg
5,1,20190826,132500,76,2,1301,305,1363,355,Aug30_1/193-20190826132500-snapshot.jpg
5,1,20190826,132500,81,2,1639,369,1698,438,Aug30_1/193-20190826132500-snapshot.jpg
5,1,20190826,132530,78,2,951,254,1023,299,Aug30_1/193-20190826132530-snapshot.jpg
5,1,20190826,132600,87,2,1720,774,1805,844,Aug30_1/193-20190826132600-snapshot.jpg
5,1,20190826,132700,46,2,18,46,106,111,Aug30_1/193-20190826132700-snapshot.jpg
5,1,20190826,132700,68,2,835,514,904,569,Aug30_1/193-20190826132700-snapshot.jpg
5,1,20190826,132730,84,2,426,175,500,221,Aug30_1/193-20190826132730-snapshot.jpg
5,1,20190826,132900,79,2,1228,429,1282,492,Aug30_1/193-20190826132900-snapshot.jpg
5,1,20190826,133300,83,2,1065,529,1124,591,Aug30_1/193-20190826133300-snapshot.jpg
5,1,20190826,133330,84,2,957,870,1036,921,Aug30_1/193-20190826133330-snapshot.jpg
5,1,20190826,133430,72,2,1132,421,1200,483,Aug30_1/193-20190826133430-snapshot.jpg
5,1,20190826,133500,85,2,838,645,895,717,Aug30_1/193-20190826133500-snapshot.jpg
5,1,20190826,133500,87,2,1332,262,1387,335,Aug30_1/193-20190826133500-snapshot.jpg
5,1,20190826,133530,76,2,1747,177,1804,245,Aug30_1/193-20190826133530-snapshot.jpg
5,1,20190826,133700,83,2,1492,567,1564,631,Aug30_1/193-20190826133700-snapshot.jpg
5,1,20190826,134100,77,2,869,323,928,380,Aug30_1/193-20190826134100-snapshot.jpg
5,1,20190826,134130,86,2,1302,409,1359,489,Aug30_1/193-20190826134130-snapshot.jpg
5,1,20190826,134200,77,2,834,502,894,568,Aug30_1/193-20190826134200-snapshot.jpg
5,1,20190826,134200,83,2,1731,575,1795,644,Aug30_1/193-20190826134200-snapshot.jpg
5,1,20190826,134200,87,2,826,655,883,727,Aug30_1/193-20190826134200-snapshot.jpg
5,1,20190826,134230,79,2,769,596,826,645,Aug30_1/193-20190826134230-snapshot.jpg
5,1,20190826,134330,72,2,1400,727,1466,784,Aug30_1/193-20190826134330-snapshot.jpg
5,1,20190826,134400,84,2,923,911,1007,962,Aug30_1/193-20190826134400-snapshot.jpg
5,1,20190826,134400,87,2,1154,444,1233,503,Aug30_1/193-20190826134400-snapshot.jpg
5,1,20190826,134430,82,2,1676,843,1742,918,Aug30_1/193-20190826134430-snapshot.jpg
5,1,20190826,134500,82,2,1048,529,1119,581,Aug30_1/193-20190826134500-snapshot.jpg
5,1,20190826,134700,76,2,1308,285,1361,350,Aug30_1/193-20190826134700-snapshot.jpg
5,1,20190826,134830,85,2,838,854,896,926,Aug30_1/193-20190826134830-snapshot.jpg
5,1,20190826,134900,45,2,73,90,131,148,Aug30_1/193-20190826134900-snapshot.jpg
5,1,20190826,134900,81,2,1155,440,1231,499,Aug30_1/193-20190826134900-snapshot.jpg
5,1,20190826,134900,81,2,1782,708,1846,788,Aug30_1/193-20190826134900-snapshot.jpg
5,1,20190826,135000,81,2,1256,723,1313,791,Aug30_1/193-20190826135000-snapshot.jpg
5,1,20190826,135030,85,2,987,865,1042,938,Aug30_1/193-20190826135030-snapshot.jpg
5,1,20190826,135400,79,2,781,554,832,606,Aug30_1/193-20190826135400-snapshot.jpg
5,1,20190826,135430,72,2,1524,6,1607,86,Aug30_1/193-20190826135430-snapshot.jpg
5,1,20190826,135600,79,2,1231,195,1288,260,Aug30_1/193-20190826135600-snapshot.jpg
5,1,20190826,135630,83,2,1691,809,1775,871,Aug30_1/193-20190826135630-snapshot.jpg
5,1,20190826,135700,79,2,850,351,902,410,Aug30_1/193-20190826135700-snapshot.jpg
5,1,20190826,135900,82,2,828,890,892,946,Aug30_1/193-20190826135900-snapshot.jpg
5,1,20190826,135930,68,8,928,706,994,754,Aug30_1/193-20190826135930-snapshot.jpg
5,1,20190826,135930,81,2,1863,765,1920,848,Aug30_1/193-20190826135930-snapshot.jpg
5,1,20190826,140000,30,2,1397,683,1458,739,Aug30_1/193-20190826140000-snapshot.jpg
5,1,20190826,140130,73,2,774,113,859,177,Aug30_1/193-20190826140130-snapshot.jpg
5,1,20190826,140130,86,2,1119,544,1176,617,Aug30_1/193-20190826140130-snapshot.jpg
5,1,20190826,140200,77,2,1278,704,1334,767,Aug30_1/193-20190826140200-snapshot.jpg
5,1,20190826,140230,88,2,1191,209,1276,298,Aug30_1/193-20190826140230-snapshot.jpg
5,1,20190826,140300,71,2,1811,182,1896,240,Aug30_1/193-20190826140300-snapshot.jpg
5,1,20190826,140300,78,2,1579,448,1638,512,Aug30_1/193-20190826140300-snapshot.jpg
5,1,20190826,140330,77,2,1314,336,1376,404,Aug30_1/193-20190826140330-snapshot.jpg
5,1,20190826,140330,84,2,974,516,1031,591,Aug30_1/193-20190826140330-snapshot.jpg
5,1,20190826,140400,82,2,1840,829,1920,891,Aug30_1/193-20190826140400-snapshot.jpg
5,1,20190826,140430,82,2,1568,445,1633,517,Aug30_1/193-20190826140430-snapshot.jpg
5,1,20190826,140530,84,2,935,859,1010,914,Aug30_1/193-20190826140530-snapshot.jpg
5,1,20190826,140800,86,2,801,508,859,585,Aug30_1/193-20190826140800-snapshot.jpg
5,1,20190826,140830,81,2,1307,187,1359,250,Aug30_1/193-20190826140830-snapshot.jpg
5,1,20190826,141000,76,2,1267,685,1343,731,Aug30_1/193-20190826141000-snapshot.jpg
5,1,20190826,141000,84,2,1324,336,1380,414,Aug30_1/193-20190826141000-snapshot.jpg
5,1,20190826,141000,87,2,1181,570,1272,626,Aug30_1/193-20190826141000-snapshot.jpg
5,1,20190826,141100,79,2,1110,351,1176,428,Aug30_1/193-20190826141100-snapshot.jpg
5,1,20190826,141130,81,2,1857,790,1920,859,Aug30_1/193-20190826141130-snapshot.jpg
5,1,20190826,141130,87,2,952,899,1029,965,Aug30_1/193-20190826141130-snapshot.jpg
5,1,20190826,141300,84,2,1111,480,1170,552,Aug30_1/193-20190826141300-snapshot.jpg
5,1,20190826,141330,83,2,825,520,895,584,Aug30_1/193-20190826141330-snapshot.jpg
5,1,20190826,141400,28,1,0,321,24,360,Aug30_1/193-20190826141400-snapshot.jpg
5,1,20190826,141500,26,1,0,320,24,360,Aug30_1/193-20190826141500-snapshot.jpg
5,1,20190826,141500,83,2,1654,841,1718,914,Aug30_1/193-20190826141500-snapshot.jpg
5,1,20190826,141600,81,2,824,888,880,953,Aug30_1/193-20190826141600-snapshot.jpg
5,1,20190826,141600,83,2,1662,709,1759,767,Aug30_1/193-20190826141600-snapshot.jpg
5,1,20190826,141800,76,2,1278,729,1358,782,Aug30_1/193-20190826141800-snapshot.jpg
5,1,20190826,141800,85,2,1227,424,1305,486,Aug30_1/193-20190826141800-snapshot.jpg
5,1,20190826,141830,39,1,0,320,24,359,Aug30_1/193-20190826141830-snapshot.jpg
5,1,20190826,141830,43,2,1518,8,1618,69,Aug30_1/193-20190826141830-snapshot.jpg
5,1,20190826,141830,84,2,1634,496,1713,560,Aug30_1/193-20190826141830-snapshot.jpg
5,1,20190826,141830,85,2,876,807,943,872,Aug30_1/193-20190826141830-snapshot.jpg
5,1,20190826,141930,77,2,1298,313,1373,371,Aug30_1/193-20190826141930-snapshot.jpg
5,1,20190826,142000,85,2,967,259,1022,319,Aug30_1/193-20190826142000-snapshot.jpg
5,1,20190826,142100,26,1,0,321,24,359,Aug30_1/193-20190826142100-snapshot.jpg
5,1,20190826,142130,85,2,1283,276,1363,333,Aug30_1/193-20190826142130-snapshot.jpg
5,1,20190826,142200,32,1,0,321,24,360,Aug30_1/193-20190826142200-snapshot.jpg
5,1,20190826,142330,83,2,1804,854,1872,921,Aug30_1/193-20190826142330-snapshot.jpg
5,1,20190826,142330,85,2,850,859,932,911,Aug30_1/193-20190826142330-snapshot.jpg
5,1,20190826,142400,82,2,951,254,1022,302,Aug30_1/193-20190826142400-snapshot.jpg
5,1,20190826,142430,85,2,903,959,984,1025,Aug30_1/193-20190826142430-snapshot.jpg
5,1,20190826,142500,78,2,837,626,892,698,Aug30_1/193-20190826142500-snapshot.jpg
5,1,20190826,142530,41,2,817,122,880,171,Aug30_1/193-20190826142530-snapshot.jpg
5,1,20190826,142530,71,2,1361,202,1435,258,Aug30_1/193-20190826142530-snapshot.jpg
5,1,20190826,142530,85,2,941,894,1019,962,Aug30_1/193-20190826142530-snapshot.jpg
5,1,20190826,142530,85,2,1281,358,1337,430,Aug30_1/193-20190826142530-snapshot.jpg
5,1,20190826,142630,28,1,0,320,24,359,Aug30_1/193-20190826142630-snapshot.jpg
5,1,20190826,142830,28,1,0,321,24,360,Aug30_1/193-20190826142830-snapshot.jpg
5,1,20190826,142900,39,1,0,320,24,359,Aug30_1/193-20190826142900-snapshot.jpg
5,1,20190826,142900,81,2,1099,986,1161,1043,Aug30_1/193-20190826142900-snapshot.jpg
5,1,20190826,143030,28,1,0,321,24,359,Aug30_1/193-20190826143030-snapshot.jpg
5,1,20190826,143030,88,2,1645,504,1726,563,Aug30_1/193-20190826143030-snapshot.jpg
5,1,20190826,143100,26,1,0,321,24,359,Aug30_1/193-20190826143100-snapshot.jpg
5,1,20190826,143100,81,2,727,579,802,628,Aug30_1/193-20190826143100-snapshot.jpg
5,1,20190826,143200,83,2,843,630,907,694,Aug30_1/193-20190826143200-snapshot.jpg
5,1,20190826,143330,28,1,0,321,23,359,Aug30_1/193-20190826143330-snapshot.jpg
5,1,20190826,143400,79,2,1628,489,1708,547,Aug30_1/193-20190826143400-snapshot.jpg
5,1,20190826,143430,64,2,1045,556,1114,615,Aug30_1/193-20190826143430-snapshot.jpg
5,1,20190826,143500,80,2,960,269,1015,329,Aug30_1/193-20190826143500-snapshot.jpg
5,1,20190826,143700,80,2,1734,695,1818,752,Aug30_1/193-20190826143700-snapshot.jpg
5,1,20190826,143800,82,2,776,564,837,611,Aug30_1/193-20190826143800-snapshot.jpg
5,1,20190826,143830,82,2,1610,449,1669,523,Aug30_1/193-20190826143830-snapshot.jpg
5,1,20190826,143900,82,2,1636,438,1693,502,Aug30_1/193-20190826143900-snapshot.jpg
5,1,20190826,144030,82,2,917,511,979,568,Aug30_1/193-20190826144030-snapshot.jpg
5,1,20190826,144100,81,2,1838,916,1903,992,Aug30_1/193-20190826144100-snapshot.jpg
5,1,20190826,144130,81,2,986,884,1047,955,Aug30_1/193-20190826144130-snapshot.jpg
5,1,20190826,144200,77,2,837,133,901,183,Aug30_1/193-20190826144200-snapshot.jpg
5,1,20190826,144230,82,2,1299,653,1360,720,Aug30_1/193-20190826144230-snapshot.jpg
5,1,20190826,144330,86,2,904,300,992,351,Aug30_1/193-20190826144330-snapshot.jpg
5,1,20190826,144400,82,2,907,969,974,1034,Aug30_1/193-20190826144400-snapshot.jpg
5,1,20190826,144430,83,2,949,910,1028,959,Aug30_1/193-20190826144430-snapshot.jpg
5,1,20190826,144500,84,2,1524,611,1584,686,Aug30_1/193-20190826144500-snapshot.jpg
5,1,20190826,144600,87,2,1173,434,1255,495,Aug30_1/193-20190826144600-snapshot.jpg
5,1,20190826,144630,81,2,1385,742,1443,811,Aug30_1/193-20190826144630-snapshot.jpg
5,1,20190826,144730,76,2,1193,1033,1265,1078,Aug30_1/193-20190826144730-snapshot.jpg
5,1,20190826,144900,78,2,1315,159,1368,225,Aug30_1/193-20190826144900-snapshot.jpg
5,1,20190826,145000,63,2,1258,664,1332,706,Aug30_1/193-20190826145000-snapshot.jpg
5,1,20190826,145030,86,2,1355,646,1438,704,Aug30_1/193-20190826145030-snapshot.jpg
5,1,20190826,145200,80,2,1389,682,1462,729,Aug30_1/193-20190826145200-snapshot.jpg
5,1,20190826,145300,72,2,1750,773,1840,835,Aug30_1/193-20190826145300-snapshot.jpg
5,1,20190826,145300,84,2,1307,164,1361,235,Aug30_1/193-20190826145300-snapshot.jpg
5,1,20190826,145300,86,2,1282,753,1345,832,Aug30_1/193-20190826145300-snapshot.jpg
5,1,20190826,145400,74,2,1400,653,1471,713,Aug30_1/193-20190826145400-snapshot.jpg
5,1,20190826,145430,82,2,1776,922,1867,982,Aug30_1/193-20190826145430-snapshot.jpg
5,1,20190826,145530,80,2,1818,918,1878,990,Aug30_1/193-20190826145530-snapshot.jpg
5,1,20190826,145530,84,2,1346,616,1424,683,Aug30_1/193-20190826145530-snapshot.jpg
5,1,20190826,145600,79,2,1787,960,1883,1013,Aug30_1/193-20190826145600-snapshot.jpg
5,1,20190826,145600,84,2,1855,818,1916,891,Aug30_1/193-20190826145600-snapshot.jpg
5,1,20190826,145630,31,1,0,321,23,360,Aug30_1/193-20190826145630-snapshot.jpg
5,1,20190826,145800,28,1,0,321,23,360,Aug30_1/193-20190826145800-snapshot.jpg
5,1,20190826,145800,84,2,1359,200,1446,249,Aug30_1/193-20190826145800-snapshot.jpg
5,1,20190826,145830,76,2,1310,169,1358,227,Aug30_1/193-20190826145830-snapshot.jpg
5,1,20190826,145930,31,1,0,320,24,361,Aug30_1/193-20190826145930-snapshot.jpg
5,1,20190826,145930,70,2,1864,192,1918,257,Aug30_1/193-20190826145930-snapshot.jpg
5,1,20190826,150000,74,2,791,500,852,560,Aug30_1/193-20190826150000-snapshot.jpg
5,1,20190826,150000,76,2,1306,151,1369,202,Aug30_1/193-20190826150000-snapshot.jpg
5,1,20190826,150030,65,2,5,130,93,181,Aug30_1/193-20190826150030-snapshot.jpg
5,1,20190826,150030,81,2,1782,613,1848,681,Aug30_1/193-20190826150030-snapshot.jpg
5,1,20190826,150030,86,2,1290,688,1361,757,Aug30_1/193-20190826150030-snapshot.jpg
5,1,20190826,150130,74,2,1397,679,1480,733,Aug30_1/193-20190826150130-snapshot.jpg
5,1,20190826,150430,72,2,1044,555,1118,615,Aug30_1/193-20190826150430-snapshot.jpg
5,1,20190826,150530,77,2,1317,153,1370,213,Aug30_1/193-20190826150530-snapshot.jpg
5,1,20190826,150700,81,2,1293,166,1361,211,Aug30_1/193-20190826150700-snapshot.jpg
5,1,20190826,150930,82,2,1851,770,1920,835,Aug30_1/193-20190826150930-snapshot.jpg
5,1,20190826,151000,84,2,1390,667,1473,731,Aug30_1/193-20190826151000-snapshot.jpg
5,1,20190826,151000,85,2,797,110,857,183,Aug30_1/193-20190826151000-snapshot.jpg
5,1,20190826,151030,72,2,1258,714,1325,761,Aug30_1/193-20190826151030-snapshot.jpg
5,1,20190826,151030,87,2,1761,925,1851,981,Aug30_1/193-20190826151030-snapshot.jpg
5,1,20190826,151100,86,2,1779,789,1877,852,Aug30_1/193-20190826151100-snapshot.jpg
5,1,20190826,151200,86,2,1829,799,1892,878,Aug30_1/193-20190826151200-snapshot.jpg
5,1,20190826,151230,51,2,229,942,313,1017,Aug30_1/193-20190826151230-snapshot.jpg
5,1,20190826,151330,85,2,371,777,439,854,Aug30_1/193-20190826151330-snapshot.jpg
5,1,20190826,151400,79,2,1493,589,1572,648,Aug30_1/193-20190826151400-snapshot.jpg
5,1,20190826,151500,76,2,1051,547,1115,616,Aug30_1/193-20190826151500-snapshot.jpg
5,1,20190826,151530,83,2,887,818,963,875,Aug30_1/193-20190826151530-snapshot.jpg
5,1,20190826,151600,84,2,1328,693,1405,761,Aug30_1/193-20190826151600-snapshot.jpg
5,1,20190826,151700,83,2,1221,446,1299,503,Aug30_1/193-20190826151700-snapshot.jpg
5,1,20190826,151830,82,2,939,588,1013,662,Aug30_1/193-20190826151830-snapshot.jpg
5,1,20190826,151900,80,2,774,585,828,646,Aug30_1/193-20190826151900-snapshot.jpg
5,1,20190826,151930,60,2,1409,682,1464,742,Aug30_1/193-20190826151930-snapshot.jpg
5,1,20190826,151930,79,2,1324,167,1383,233,Aug30_1/193-20190826151930-snapshot.jpg
5,1,20190826,152130,78,2,1118,892,1178,960,Aug30_1/193-20190826152130-snapshot.jpg
5,1,20190826,152130,81,2,1767,659,1829,732,Aug30_1/193-20190826152130-snapshot.jpg
5,1,20190826,152200,38,2,386,90,442,152,Aug30_1/193-20190826152200-snapshot.jpg
5,1,20190826,152300,86,2,934,912,1015,977,Aug30_1/193-20190826152300-snapshot.jpg
5,1,20190826,152400,80,2,777,583,831,638,Aug30_1/193-20190826152400-snapshot.jpg
5,1,20190826,152430,86,2,843,905,896,974,Aug30_1/193-20190826152430-snapshot.jpg
5,1,20190826,152500,80,2,1550,484,1625,551,Aug30_1/193-20190826152500-snapshot.jpg
5,1,20190826,152500,82,2,1375,731,1436,798,Aug30_1/193-20190826152500-snapshot.jpg
5,1,20190826,152600,85,2,891,304,973,368,Aug30_1/193-20190826152600-snapshot.jpg
5,1,20190826,152730,80,2,780,110,860,172,Aug30_1/193-20190826152730-snapshot.jpg
5,1,20190826,152930,78,2,778,104,852,168,Aug30_1/193-20190826152930-snapshot.jpg
5,1,20190826,153100,76,2,1103,338,1184,401,Aug30_1/193-20190826153100-snapshot.jpg
5,1,20190826,153130,82,2,1520,526,1600,594,Aug30_1/193-20190826153130-snapshot.jpg
5,1,20190826,153200,53,2,885,850,945,902,Aug30_1/193-20190826153200-snapshot.jpg
5,1,20190826,153200,78,2,1734,735,1813,792,Aug30_1/193-20190826153200-snapshot.jpg
5,1,20190826,153230,81,2,1194,454,1275,517,Aug30_1/193-20190826153230-snapshot.jpg
5,1,20190826,153400,82,2,1536,491,1621,543,Aug30_1/193-20190826153400-snapshot.jpg
5,1,20190826,153500,81,2,838,931,908,996,Aug30_1/193-20190826153500-snapshot.jpg
5,1,20190826,153530,84,2,956,901,1037,953,Aug30_1/193-20190826153530-snapshot.jpg
5,1,20190826,153600,72,2,69,0,160,76,Aug30_1/193-20190826153600-snapshot.jpg
5,1,20190826,153800,83,2,772,566,826,628,Aug30_1/193-20190826153800-snapshot.jpg
5,1,20190826,153900,25,1,0,322,23,360,Aug30_1/193-20190826153900-snapshot.jpg
5,1,20190826,153930,87,2,907,886,989,961,Aug30_1/193-20190826153930-snapshot.jpg
5,1,20190826,154030,38,1,0,321,23,360,Aug30_1/193-20190826154030-snapshot.jpg
5,1,20190826,154100,39,1,0,321,23,359,Aug30_1/193-20190826154100-snapshot.jpg
5,1,20190826,154130,27,1,0,321,23,360,Aug30_1/193-20190826154130-snapshot.jpg
5,1,20190826,154130,76,2,1742,742,1801,813,Aug30_1/193-20190826154130-snapshot.jpg
5,1,20190826,154130,78,2,1308,147,1379,198,Aug30_1/193-20190826154130-snapshot.jpg
5,1,20190826,154200,29,1,0,321,23,360,Aug30_1/193-20190826154200-snapshot.jpg
5,1,20190826,154200,83,2,854,522,926,567,Aug30_1/193-20190826154200-snapshot.jpg
5,1,20190826,154330,39,1,0,321,23,359,Aug30_1/193-20190826154330-snapshot.jpg
5,1,20190826,154330,84,2,793,492,869,557,Aug30_1/193-20190826154330-snapshot.jpg
5,1,20190826,154400,28,1,0,321,23,360,Aug30_1/193-20190826154400-snapshot.jpg
5,1,20190826,154400,81,2,884,967,964,1026,Aug30_1/193-20190826154400-snapshot.jpg
5,1,20190826,154430,76,2,1051,555,1127,607,Aug30_1/193-20190826154430-snapshot.jpg
5,1,20190826,154430,83,2,1322,321,1381,383,Aug30_1/193-20190826154430-snapshot.jpg
5,1,20190826,154500,43,1,0,321,23,360,Aug30_1/193-20190826154500-snapshot.jpg
5,1,20190826,154500,86,2,922,867,982,933,Aug30_1/193-20190826154500-snapshot.jpg
5,1,20190826,154600,87,2,1259,425,1338,481,Aug30_1/193-20190826154600-snapshot.jpg
5,1,20190826,154700,78,2,1767,740,1826,820,Aug30_1/193-20190826154700-snapshot.jpg
5,1,20190826,154800,74,2,842,136,898,190,Aug30_1/193-20190826154800-snapshot.jpg
5,1,20190826,154830,64,2,1881,257,1920,327,Aug30_1/193-20190826154830-snapshot.jpg
5,1,20190826,154830,81,2,1273,712,1341,768,Aug30_1/193-20190826154830-snapshot.jpg
5,1,20190826,154900,52,2,1720,923,1786,983,Aug30_1/193-20190826154900-snapshot.jpg
5,1,20190826,155100,85,2,878,954,958,1010,Aug30_1/193-20190826155100-snapshot.jpg
5,1,20190826,155200,76,2,801,493,864,554,Aug30_1/193-20190826155200-snapshot.jpg
5,1,20190826,155230,75,2,1338,625,1402,693,Aug30_1/193-20190826155230-snapshot.jpg
5,1,20190826,155300,83,2,1530,567,1586,636,Aug30_1/193-20190826155300-snapshot.jpg
5,1,20190826,155330,83,2,1262,678,1317,746,Aug30_1/193-20190826155330-snapshot.jpg
5,1,20190826,155400,68,2,1783,918,1870,977,Aug30_1/193-20190826155400-snapshot.jpg
5,1,20190826,155530,82,2,944,250,997,300,Aug30_1/193-20190826155530-snapshot.jpg
5,1,20190826,155530,86,2,1476,546,1559,607,Aug30_1/193-20190826155530-snapshot.jpg
5,1,20190826,155630,83,2,1809,960,1904,1018,Aug30_1/193-20190826155630-snapshot.jpg
5,1,20190826,155700,83,2,1347,155,1431,208,Aug30_1/193-20190826155700-snapshot.jpg
5,1,20190826,155730,85,2,1874,850,1920,932,Aug30_1/193-20190826155730-snapshot.jpg
5,1,20190826,160000,35,1,0,322,22,359,Aug30_1/193-20190826160000-snapshot.jpg
5,1,20190826,160000,82,2,1776,709,1847,783,Aug30_1/193-20190826160000-snapshot.jpg
5,1,20190826,160100,85,2,794,554,854,606,Aug30_1/193-20190826160100-snapshot.jpg
5,1,20190826,160130,74,2,1767,919,1830,986,Aug30_1/193-20190826160130-snapshot.jpg
5,1,20190826,160130,83,2,985,876,1036,942,Aug30_1/193-20190826160130-snapshot.jpg
5,1,20190826,160230,71,2,1605,252,1668,307,Aug30_1/193-20190826160230-snapshot.jpg
5,1,20190826,160230,84,2,941,501,997,563,Aug30_1/193-20190826160230-snapshot.jpg
5,1,20190826,160300,84,2,1066,532,1123,595,Aug30_1/193-20190826160300-snapshot.jpg
5,1,20190826,160330,81,2,1283,208,1352,263,Aug30_1/193-20190826160330-snapshot.jpg
5,1,20190826,160330,85,2,835,544,891,610,Aug30_1/193-20190826160330-snapshot.jpg
5,1,20190826,160400,49,2,1471,226,1553,290,Aug30_1/193-20190826160400-snapshot.jpg
5,1,20190826,160400,82,2,432,147,506,211,Aug30_1/193-20190826160400-snapshot.jpg
5,1,20190826,160630,26,1,0,322,23,359,Aug30_1/193-20190826160630-snapshot.jpg
5,1,20190826,160630,85,2,920,520,990,572,Aug30_1/193-20190826160630-snapshot.jpg
5,1,20190826,160800,33,1,0,321,22,359,Aug30_1/193-20190826160800-snapshot.jpg
5,1,20190826,160830,66,2,46,110,127,167,Aug30_1/193-20190826160830-snapshot.jpg
5,1,20190826,160900,25,1,0,322,23,360,Aug30_1/193-20190826160900-snapshot.jpg
5,1,20190826,160900,81,2,1699,759,1761,831,Aug30_1/193-20190826160900-snapshot.jpg
5,1,20190826,160930,69,2,79,81,145,146,Aug30_1/193-20190826160930-snapshot.jpg
5,1,20190826,161000,81,2,1532,781,1616,858,Aug30_1/193-20190826161000-snapshot.jpg
5,1,20190826,161030,29,1,0,321,24,360,Aug30_1/193-20190826161030-snapshot.jpg
5,1,20190826,161030,82,2,745,117,806,196,Aug30_1/193-20190826161030-snapshot.jpg
5,1,20190826,161100,43,1,0,321,24,360,Aug30_1/193-20190826161100-snapshot.jpg
5,1,20190826,161130,84,2,1539,899,1602,983,Aug30_1/193-20190826161130-snapshot.jpg
5,1,20190826,161200,71,2,1500,6,1585,62,Aug30_1/193-20190826161200-snapshot.jpg
5,1,20190826,161200,82,2,1770,953,1860,1023,Aug30_1/193-20190826161200-snapshot.jpg
5,1,20190826,161230,79,2,1687,778,1750,848,Aug30_1/193-20190826161230-snapshot.jpg
5,1,20190826,161230,83,2,1216,658,1287,713,Aug30_1/193-20190826161230-snapshot.jpg
5,1,20190826,161300,35,1,0,322,23,359,Aug30_1/193-20190826161300-snapshot.jpg
5,1,20190826,161300,80,2,1107,995,1176,1039,Aug30_1/193-20190826161300-snapshot.jpg
5,1,20190826,161300,83,2,1399,745,1460,806,Aug30_1/193-20190826161300-snapshot.jpg
5,1,20190826,161330,82,2,958,895,1033,942,Aug30_1/193-20190826161330-snapshot.jpg
5,1,20190826,161330,83,2,1414,650,1478,718,Aug30_1/193-20190826161330-snapshot.jpg
5,1,20190826,161330,85,2,804,491,872,557,Aug30_1/193-20190826161330-snapshot.jpg
5,1,20190826,161400,79,2,855,922,926,979,Aug30_1/193-20190826161400-snapshot.jpg
5,1,20190826,161400,81,2,1412,651,1479,717,Aug30_1/193-20190826161400-snapshot.jpg
5,1,20190826,161430,86,2,905,967,988,1023,Aug30_1/193-20190826161430-snapshot.jpg
5,1,20190826,161500,77,2,1299,615,1378,673,Aug30_1/193-20190826161500-snapshot.jpg
5,1,20190826,161500,85,2,867,821,943,880,Aug30_1/193-20190826161500-snapshot.jpg
5,1,20190826,161600,83,2,1553,462,1622,539,Aug30_1/193-20190826161600-snapshot.jpg
5,1,20190826,161630,79,2,955,520,1011,577,Aug30_1/193-20190826161630-snapshot.jpg
5,1,20190826,161700,26,1,0,321,23,359,Aug30_1/193-20190826161700-snapshot.jpg
5,1,20190826,161700,49,2,1290,739,1350,809,Aug30_1/193-20190826161700-snapshot.jpg
5,1,20190826,161700,80,2,1123,341,1185,411,Aug30_1/193-20190826161700-snapshot.jpg
5,1,20190826,161730,61,2,1757,155,1823,218,Aug30_1/193-20190826161730-snapshot.jpg
5,1,20190826,161730,80,2,1186,950,1246,1006,Aug30_1/193-20190826161730-snapshot.jpg
5,1,20190826,161730,83,2,816,641,870,717,Aug30_1/193-20190826161730-snapshot.jpg
5,1,20190826,161800,80,2,396,137,476,182,Aug30_1/193-20190826161800-snapshot.jpg
5,1,20190826,161800,82,2,825,1010,893,1076,Aug30_1/193-20190826161800-snapshot.jpg
5,1,20190826,161800,86,2,1748,744,1806,825,Aug30_1/193-20190826161800-snapshot.jpg
5,1,20190826,161830,79,2,1757,774,1848,833,Aug30_1/193-20190826161830-snapshot.jpg
5,1,20190826,161830,81,2,437,108,499,170,Aug30_1/193-20190826161830-snapshot.jpg
5,1,20190826,161830,83,2,1398,453,1474,504,Aug30_1/193-20190826161830-snapshot.jpg
5,1,20190826,161900,79,2,400,155,473,211,Aug30_1/193-20190826161900-snapshot.jpg
5,1,20190826,161900,86,2,884,810,938,879,Aug30_1/193-20190826161900-snapshot.jpg
5,1,20190826,161930,55,2,828,139,878,201,Aug30_1/193-20190826161930-snapshot.jpg
5,1,20190826,162000,65,2,1236,141,1287,196,Aug30_1/193-20190826162000-snapshot.jpg
5,1,20190826,162200,83,2,843,323,897,383,Aug30_1/193-20190826162200-snapshot.jpg
5,1,20190826,162200,85,2,1317,708,1404,759,Aug30_1/193-20190826162200-snapshot.jpg
5,1,20190826,162300,84,2,1418,656,1474,729,Aug30_1/193-20190826162300-snapshot.jpg
5,1,20190826,162430,56,2,1319,320,1380,372,Aug30_1/193-20190826162430-snapshot.jpg
5,1,20190826,162500,78,2,854,826,925,879,Aug30_1/193-20190826162500-snapshot.jpg
5,1,20190826,162530,84,2,954,853,1031,903,Aug30_1/193-20190826162530-snapshot.jpg
5,1,20190826,162600,85,2,957,549,1032,605,Aug30_1/193-20190826162600-snapshot.jpg
5,1,20190826,162630,40,2,1314,305,1365,358,Aug30_1/193-20190826162630-snapshot.jpg
5,1,20190826,162700,77,2,1334,266,1385,328,Aug30_1/193-20190826162700-snapshot.jpg
5,1,20190826,162730,83,2,860,830,932,889,Aug30_1/193-20190826162730-snapshot.jpg
5,1,20190826,162900,68,2,1342,261,1426,319,Aug30_1/193-20190826162900-snapshot.jpg
5,1,20190826,162900,74,2,1767,925,1842,988,Aug30_1/193-20190826162900-snapshot.jpg
5,1,20190826,162930,78,2,849,126,900,184,Aug30_1/193-20190826162930-snapshot.jpg
5,1,20190826,163200,80,2,1307,190,1362,249,Aug30_1/193-20190826163200-snapshot.jpg
5,1,20190826,163200,84,2,814,118,884,180,Aug30_1/193-20190826163200-snapshot.jpg
5,1,20190826,163230,28,1,0,321,23,359,Aug30_1/193-20190826163230-snapshot.jpg
5,1,20190826,163300,43,2,0,59,37,127,Aug30_1/193-20190826163300-snapshot.jpg
5,1,20190826,163300,85,2,980,834,1043,898,Aug30_1/193-20190826163300-snapshot.jpg
5,1,20190826,163300,86,2,1762,689,1827,767,Aug30_1/193-20190826163300-snapshot.jpg
5,1,20190826,163300,86,2,1294,272,1370,338,Aug30_1/193-20190826163300-snapshot.jpg
5,1,20190826,163330,71,2,346,239,428,290,Aug30_1/193-20190826163330-snapshot.jpg
5,1,20190826,163330,84,2,853,941,937,990,Aug30_1/193-20190826163330-snapshot.jpg
5,1,20190826,163400,83,2,858,620,916,687,Aug30_1/193-20190826163400-snapshot.jpg
5,1,20190826,163430,75,2,69,88,151,146,Aug30_1/193-20190826163430-snapshot.jpg
5,1,20190826,163530,28,1,0,322,23,360,Aug30_1/193-20190826163530-snapshot.jpg
5,1,20190826,163730,82,2,1679,533,1763,593,Aug30_1/193-20190826163730-snapshot.jpg
5,1,20190826,163800,72,2,803,662,865,715,Aug30_1/193-20190826163800-snapshot.jpg
5,1,20190826,163900,82,2,802,494,879,559,Aug30_1/193-20190826163900-snapshot.jpg
5,1,20190826,163930,25,1,0,322,23,360,Aug30_1/193-20190826163930-snapshot.jpg
5,1,20190826,164000,75,2,1369,195,1440,249,Aug30_1/193-20190826164000-snapshot.jpg
5,1,20190826,164030,84,2,981,462,1065,533,Aug30_1/193-20190826164030-snapshot.jpg
5,1,20190826,164100,80,2,1215,238,1288,291,Aug30_1/193-20190826164100-snapshot.jpg
5,1,20190826,164130,86,2,784,563,837,636,Aug30_1/193-20190826164130-snapshot.jpg
5,1,20190826,164200,82,2,1094,1003,1151,1066,Aug30_1/193-20190826164200-snapshot.jpg
5,1,20190826,164200,83,2,869,869,939,929,Aug30_1/193-20190826164200-snapshot.jpg
5,1,20190826,164200,86,2,1494,548,1563,621,Aug30_1/193-20190826164200-snapshot.jpg
5,1,20190826,164230,70,2,1870,797,1920,862,Aug30_1/193-20190826164230-snapshot.jpg
5,1,20190826,164230,74,2,73,100,151,158,Aug30_1/193-20190826164230-snapshot.jpg
5,1,20190826,164300,78,2,1258,728,1328,793,Aug30_1/193-20190826164300-snapshot.jpg
5,1,20190826,164500,77,2,840,358,911,405,Aug30_1/193-20190826164500-snapshot.jpg
5,1,20190826,164730,80,2,1287,370,1358,412,Aug30_1/193-20190826164730-snapshot.jpg
5,1,20190826,164730,83,2,1273,301,1351,351,Aug30_1/193-20190826164730-snapshot.jpg
5,1,20190826,164800,81,2,1831,232,1913,286,Aug30_1/193-20190826164800-snapshot.jpg
5,1,20190826,164800,85,2,794,563,858,625,Aug30_1/193-20190826164800-snapshot.jpg
5,1,20190826,164830,27,1,0,321,23,359,Aug30_1/193-20190826164830-snapshot.jpg
5,1,20190826,164830,75,2,1283,214,1354,262,Aug30_1/193-20190826164830-snapshot.jpg
5,1,20190826,164830,87,2,1231,569,1286,651,Aug30_1/193-20190826164830-snapshot.jpg
5,1,20190826,165000,31,1,0,321,23,360,Aug30_1/193-20190826165000-snapshot.jpg
5,1,20190826,165030,84,8,97,3,179,59,Aug30_1/193-20190826165030-snapshot.jpg
5,1,20190826,165130,27,1,0,322,23,359,Aug30_1/193-20190826165130-snapshot.jpg
5,1,20190826,165230,26,1,0,321,23,359,Aug30_1/193-20190826165230-snapshot.jpg
5,1,20190826,165330,82,2,1818,777,1887,855,Aug30_1/193-20190826165330-snapshot.jpg
5,1,20190826,165430,83,2,862,872,938,925,Aug30_1/193-20190826165430-snapshot.jpg
5,1,20190826,165500,70,2,1550,482,1622,548,Aug30_1/193-20190826165500-snapshot.jpg
5,1,20190826,165500,80,2,1419,659,1473,727,Aug30_1/193-20190826165500-snapshot.jpg
5,1,20190826,165500,84,2,1287,334,1337,403,Aug30_1/193-20190826165500-snapshot.jpg
5,1,20190826,165530,26,1,0,322,22,359,Aug30_1/193-20190826165530-snapshot.jpg
5,1,20190826,165530,78,2,1857,767,1919,848,Aug30_1/193-20190826165530-snapshot.jpg
5,1,20190826,165630,84,2,867,538,924,602,Aug30_1/193-20190826165630-snapshot.jpg
5,1,20190826,165730,86,2,967,544,1052,596,Aug30_1/193-20190826165730-snapshot.jpg
5,1,20190826,165800,31,1,0,321,23,359,Aug30_1/193-20190826165800-snapshot.jpg
5,1,20190826,165900,26,1,0,321,22,359,Aug30_1/193-20190826165900-snapshot.jpg
5,1,20190826,165930,80,2,1398,443,1475,494,Aug30_1/193-20190826165930-snapshot.jpg
5,1,20190826,165930,84,2,877,81,938,158,Aug30_1/193-20190826165930-snapshot.jpg
5,1,20190826,170000,31,1,0,321,23,360,Aug30_1/193-20190826170000-snapshot.jpg
5,1,20190826,170000,53,2,1768,724,1827,787,Aug30_1/193-20190826170000-snapshot.jpg
5,1,20190826,170130,29,1,0,321,22,359,Aug30_1/193-20190826170130-snapshot.jpg
5,1,20190826,170230,27,1,0,321,22,359,Aug30_1/193-20190826170230-snapshot.jpg
5,1,20190826,170330,74,2,1857,928,1919,989,Aug30_1/193-20190826170330-snapshot.jpg
5,1,20190826,170400,29,1,0,322,22,359,Aug30_1/193-20190826170400-snapshot.jpg
5,1,20190826,170530,86,2,1222,415,1303,481,Aug30_1/193-20190826170530-snapshot.jpg
5,1,20190826,170600,76,2,878,820,935,882,Aug30_1/193-20190826170600-snapshot.jpg
5,1,20190826,170600,84,2,1747,697,1811,777,Aug30_1/193-20190826170600-snapshot.jpg
5,1,20190826,170630,82,2,395,122,473,175,Aug30_1/193-20190826170630-snapshot.jpg
5,1,20190826,170700,32,1,0,321,23,359,Aug30_1/193-20190826170700-snapshot.jpg
5,1,20190826,170730,30,1,0,321,23,359,Aug30_1/193-20190826170730-snapshot.jpg
5,1,20190826,170830,48,2,1397,685,1450,732,Aug30_1/193-20190826170830-snapshot.jpg
5,1,20190826,170900,30,1,0,321,23,360,Aug30_1/193-20190826170900-snapshot.jpg
5,1,20190826,170900,79,2,1480,455,1558,511,Aug30_1/193-20190826170900-snapshot.jpg
5,1,20190826,171130,32,1,0,321,22,359,Aug30_1/193-20190826171130-snapshot.jpg
5,1,20190826,171130,71,2,1301,158,1366,206,Aug30_1/193-20190826171130-snapshot.jpg
5,1,20190826,171200,30,1,0,321,22,359,Aug30_1/193-20190826171200-snapshot.jpg
5,1,20190826,171230,31,1,0,321,22,359,Aug30_1/193-20190826171230-snapshot.jpg
5,1,20190826,171330,86,2,458,218,532,275,Aug30_1/193-20190826171330-snapshot.jpg
5,1,20190826,171400,25,1,0,321,23,359,Aug30_1/193-20190826171400-snapshot.jpg
5,1,20190826,171430,35,1,0,321,22,359,Aug30_1/193-20190826171430-snapshot.jpg
5,1,20190826,171600,35,1,0,321,22,359,Aug30_1/193-20190826171600-snapshot.jpg
5,1,20190826,171600,72,2,770,553,832,594,Aug30_1/193-20190826171600-snapshot.jpg
5,1,20190826,171600,79,2,1268,701,1321,751,Aug30_1/193-20190826171600-snapshot.jpg
5,1,20190826,171630,28,1,0,322,23,359,Aug30_1/193-20190826171630-snapshot.jpg
5,1,20190826,171630,88,2,958,889,1040,945,Aug30_1/193-20190826171630-snapshot.jpg
5,1,20190826,171700,30,1,0,321,23,359,Aug30_1/193-20190826171700-snapshot.jpg
5,1,20190826,171700,71,2,1384,135,1445,197,Aug30_1/193-20190826171700-snapshot.jpg
5,1,20190826,171730,40,1,0,322,23,360,Aug30_1/193-20190826171730-snapshot.jpg
5,1,20190826,171730,76,2,1848,759,1920,824,Aug30_1/193-20190826171730-snapshot.jpg
5,1,20190826,171730,81,2,380,188,436,258,Aug30_1/193-20190826171730-snapshot.jpg
5,1,20190826,171800,27,1,0,321,23,359,Aug30_1/193-20190826171800-snapshot.jpg
5,1,20190826,171830,29,1,0,322,23,359,Aug30_1/193-20190826171830-snapshot.jpg
5,1,20190826,171830,79,2,822,125,893,178,Aug30_1/193-20190826171830-snapshot.jpg
5,1,20190826,171900,81,2,779,576,833,640,Aug30_1/193-20190826171900-snapshot.jpg
5,1,20190826,171930,30,1,0,321,22,359,Aug30_1/193-20190826171930-snapshot.jpg
5,1,20190826,172000,39,1,0,322,22,359,Aug30_1/193-20190826172000-snapshot.jpg
5,1,20190826,172100,33,1,0,322,22,359,Aug30_1/193-20190826172100-snapshot.jpg
5,1,20190826,172130,83,2,941,549,1022,603,Aug30_1/193-20190826172130-snapshot.jpg
5,1,20190826,172200,38,1,0,322,22,358,Aug30_1/193-20190826172200-snapshot.jpg
5,1,20190826,172200,81,2,1708,767,1789,818,Aug30_1/193-20190826172200-snapshot.jpg
5,1,20190826,172330,33,1,0,322,22,358,Aug30_1/193-20190826172330-snapshot.jpg
5,1,20190826,172400,86,2,881,835,937,905,Aug30_1/193-20190826172400-snapshot.jpg
5,1,20190826,172430,29,1,0,321,22,358,Aug30_1/193-20190826172430-snapshot.jpg
5,1,20190826,172430,75,2,1323,321,1383,376,Aug30_1/193-20190826172430-snapshot.jpg
5,1,20190826,172430,83,2,853,330,918,386,Aug30_1/193-20190826172430-snapshot.jpg
5,1,20190826,172500,73,2,1304,204,1360,260,Aug30_1/193-20190826172500-snapshot.jpg
5,1,20190826,172530,31,1,0,321,22,359,Aug30_1/193-20190826172530-snapshot.jpg
5,1,20190826,172530,79,2,1236,430,1298,493,Aug30_1/193-20190826172530-snapshot.jpg
5,1,20190826,172600,86,2,833,576,888,649,Aug30_1/193-20190826172600-snapshot.jpg
5,1,20190826,172900,33,1,0,321,22,358,Aug30_1/193-20190826172900-snapshot.jpg
5,1,20190826,172900,86,2,833,636,891,709,Aug30_1/193-20190826172900-snapshot.jpg
5,1,20190826,172930,25,1,0,321,22,358,Aug30_1/193-20190826172930-snapshot.jpg
5,1,20190826,172930,84,2,943,253,996,316,Aug30_1/193-20190826172930-snapshot.jpg
5,1,20190826,173030,74,2,1424,650,1504,714,Aug30_1/193-20190826173030-snapshot.jpg
5,1,20190826,173030,82,2,1319,325,1375,397,Aug30_1/193-20190826173030-snapshot.jpg
5,1,20190826,173100,81,2,877,94,960,158,Aug30_1/193-20190826173100-snapshot.jpg
5,1,20190826,173100,84,2,789,511,850,587,Aug30_1/193-20190826173100-snapshot.jpg
5,1,20190826,173200,83,2,1590,493,1672,551,Aug30_1/193-20190826173200-snapshot.jpg
5,1,20190826,173400,86,2,1660,506,1740,565,Aug30_1/193-20190826173400-snapshot.jpg
5,1,20190826,173500,85,2,1415,423,1476,495,Aug30_1/193-20190826173500-snapshot.jpg
5,1,20190826,173530,71,2,1389,137,1473,203,Aug30_1/193-20190826173530-snapshot.jpg
5,1,20190826,173530,82,2,954,973,1029,1028,Aug30_1/193-20190826173530-snapshot.jpg
5,1,20190826,173600,66,2,1293,103,1350,168,Aug30_1/193-20190826173600-snapshot.jpg
5,1,20190826,173630,83,2,869,512,928,567,Aug30_1/193-20190826173630-snapshot.jpg
5,1,20190826,173700,26,1,0,321,23,360,Aug30_1/193-20190826173700-snapshot.jpg
5,1,20190826,173700,60,2,1304,157,1355,209,Aug30_1/193-20190826173700-snapshot.jpg
5,1,20190826,173700,82,2,373,135,453,183,Aug30_1/193-20190826173700-snapshot.jpg
5,1,20190826,173800,84,2,873,956,952,1009,Aug30_1/193-20190826173800-snapshot.jpg
5,1,20190826,173830,77,2,1435,680,1491,745,Aug30_1/193-20190826173830-snapshot.jpg
5,1,20190826,173930,78,2,1744,646,1804,720,Aug30_1/193-20190826173930-snapshot.jpg
5,1,20190826,174130,82,2,1657,485,1720,547,Aug30_1/193-20190826174130-snapshot.jpg
5,1,20190826,174300,35,1,0,321,23,359,Aug30_1/193-20190826174300-snapshot.jpg
5,1,20190826,174300,82,2,972,282,1044,327,Aug30_1/193-20190826174300-snapshot.jpg
5,1,20190826,174330,83,2,1350,182,1430,240,Aug30_1/193-20190826174330-snapshot.jpg
5,1,20190826,174400,66,2,1768,913,1830,988,Aug30_1/193-20190826174400-snapshot.jpg
5,1,20190826,174500,30,1,0,321,23,359,Aug30_1/193-20190826174500-snapshot.jpg
5,1,20190826,174530,84,2,854,534,906,601,Aug30_1/193-20190826174530-snapshot.jpg
5,1,20190826,174600,74,2,1146,998,1214,1038,Aug30_1/193-20190826174600-snapshot.jpg
5,1,20190826,174600,77,2,1394,676,1467,726,Aug30_1/193-20190826174600-snapshot.jpg
5,1,20190826,174600,86,2,830,834,911,896,Aug30_1/193-20190826174600-snapshot.jpg
5,1,20190826,174700,37,1,0,321,23,359,Aug30_1/193-20190826174700-snapshot.jpg
5,1,20190826,174700,75,2,1571,328,1634,396,Aug30_1/193-20190826174700-snapshot.jpg
5,1,20190826,174730,85,2,1447,630,1530,699,Aug30_1/193-20190826174730-snapshot.jpg
5,1,20190826,174800,32,1,0,320,23,359,Aug30_1/193-20190826174800-snapshot.jpg
5,1,20190826,174800,81,8,1067,479,1151,525,Aug30_1/193-20190826174800-snapshot.jpg
5,1,20190826,174930,43,1,0,321,23,359,Aug30_1/193-20190826174930-snapshot.jpg
5,1,20190826,175000,30,1,0,321,23,359,Aug30_1/193-20190826175000-snapshot.jpg
5,1,20190826,175000,79,2,1827,893,1902,967,Aug30_1/193-20190826175000-snapshot.jpg
5,1,20190826,175000,82,2,1497,695,1570,775,Aug30_1/193-20190826175000-snapshot.jpg
5,1,20190826,175030,50,1,0,321,23,359,Aug30_1/193-20190826175030-snapshot.jpg
5,1,20190826,175030,85,2,1408,446,1473,515,Aug30_1/193-20190826175030-snapshot.jpg
5,1,20190826,175100,52,1,0,321,23,359,Aug30_1/193-20190826175100-snapshot.jpg
5,1,20190826,175100,77,2,1266,188,1333,239,Aug30_1/193-20190826175100-snapshot.jpg
5,1,20190826,175130,45,1,0,321,23,359,Aug30_1/193-20190826175130-snapshot.jpg
5,1,20190826,175200,36,1,0,321,23,358,Aug30_1/193-20190826175200-snapshot.jpg
5,1,20190826,175230,40,1,0,321,22,358,Aug30_1/193-20190826175230-snapshot.jpg
5,1,20190826,175300,60,1,0,321,23,359,Aug30_1/193-20190826175300-snapshot.jpg
5,1,20190826,175300,86,8,663,235,718,305,Aug30_1/193-20190826175300-snapshot.jpg
5,1,20190826,175330,46,1,0,321,23,359,Aug30_1/193-20190826175330-snapshot.jpg
5,1,20190826,175330,81,2,1257,385,1329,449,Aug30_1/193-20190826175330-snapshot.jpg
5,1,20190826,175400,83,2,1741,741,1798,818,Aug30_1/193-20190826175400-snapshot.jpg
5,1,20190826,175430,30,2,1868,195,1920,263,Aug30_1/193-20190826175430-snapshot.jpg
5,1,20190826,175500,76,2,630,737,675,793,Aug30_1/193-20190826175500-snapshot.jpg
5,1,20190826,175500,84,2,891,968,966,1031,Aug30_1/193-20190826175500-snapshot.jpg
5,1,20190826,175500,84,2,1804,885,1896,953,Aug30_1/193-20190826175500-snapshot.jpg
5,1,20190826,175530,32,2,1608,4,1711,74,Aug30_1/193-20190826175530-snapshot.jpg
5,1,20190826,175530,63,8,709,489,769,539,Aug30_1/193-20190826175530-snapshot.jpg
5,1,20190826,175600,84,8,919,152,982,229,Aug30_1/193-20190826175600-snapshot.jpg
5,1,20190826,175600,87,2,863,400,957,459,Aug30_1/193-20190826175600-snapshot.jpg
5,1,20190826,175700,28,1,0,320,22,359,Aug30_1/193-20190826175700-snapshot.jpg
5,1,20190826,175730,40,1,0,322,23,359,Aug30_1/193-20190826175730-snapshot.jpg
5,1,20190826,175800,35,1,0,322,23,358,Aug30_1/193-20190826175800-snapshot.jpg
5,1,20190826,175830,30,1,0,321,22,358,Aug30_1/193-20190826175830-snapshot.jpg
5,1,20190826,175830,84,2,1737,912,1828,970,Aug30_1/193-20190826175830-snapshot.jpg
5,1,20190826,175900,82,2,1729,775,1816,824,Aug30_1/193-20190826175900-snapshot.jpg
5,1,20190826,175930,80,2,1309,157,1364,227,Aug30_1/193-20190826175930-snapshot.jpg
5,1,20190826,175930,88,2,1790,767,1878,829,Aug30_1/193-20190826175930-snapshot.jpg
5,1,20190826,180000,25,1,0,321,22,359,Aug30_1/193-20190826180000-snapshot.jpg
5,1,20190826,180000,36,2,1619,448,1669,499,Aug30_1/193-20190826180000-snapshot.jpg
5,1,20190826,180030,30,1,0,322,23,359,Aug30_1/193-20190826180030-snapshot.jpg
5,1,20190826,180100,82,2,1787,673,1847,747,Aug30_1/193-20190826180100-snapshot.jpg
5,1,20190826,180230,82,2,801,492,879,551,Aug30_1/193-20190826180230-snapshot.jpg
5,1,20190826,180300,33,2,1843,754,1920,819,Aug30_1/193-20190826180300-snapshot.jpg
5,1,20190826,180330,85,2,1416,478,1473,547,Aug30_1/193-20190826180330-snapshot.jpg
5,1,20190826,180330,87,2,1823,854,1886,932,Aug30_1/193-20190826180330-snapshot.jpg
5,1,20190826,180330,87,8,821,28,874,101,Aug30_1/193-20190826180330-snapshot.jpg
5,1,20190826,180400,78,2,832,126,899,181,Aug30_1/193-20190826180400-snapshot.jpg
5,1,20190826,180530,73,2,1253,712,1328,761,Aug30_1/193-20190826180530-snapshot.jpg
5,1,20190826,180600,28,1,0,321,23,359,Aug30_1/193-20190826180600-snapshot.jpg
5,1,20190826,180800,86,2,1187,441,1269,499,Aug30_1/193-20190826180800-snapshot.jpg
5,1,20190826,180830,30,1,0,321,23,360,Aug30_1/193-20190826180830-snapshot.jpg
5,1,20190826,180830,66,2,1690,773,1752,837,Aug30_1/193-20190826180830-snapshot.jpg
5,1,20190826,180900,83,2,1397,682,1470,736,Aug30_1/193-20190826180900-snapshot.jpg
5,1,20190826,180930,84,2,945,940,1005,1018,Aug30_1/193-20190826180930-snapshot.jpg
5,1,20190826,181030,28,1,0,321,23,360,Aug30_1/193-20190826181030-snapshot.jpg
5,1,20190826,181100,81,2,1764,750,1842,816,Aug30_1/193-20190826181100-snapshot.jpg
5,1,20190826,181200,83,2,1219,433,1302,498,Aug30_1/193-20190826181200-snapshot.jpg
5,1,20190826,181230,63,2,926,539,987,596,Aug30_1/193-20190826181230-snapshot.jpg
5,1,20190826,181300,67,2,1374,167,1433,233,Aug30_1/193-20190826181300-snapshot.jpg
5,1,20190826,181330,83,2,867,817,941,881,Aug30_1/193-20190826181330-snapshot.jpg
5,1,20190826,181400,83,2,1393,686,1469,736,Aug30_1/193-20190826181400-snapshot.jpg
5,1,20190826,181430,64,2,1839,618,1904,683,Aug30_1/193-20190826181430-snapshot.jpg
5,1,20190826,181730,77,2,1773,911,1861,974,Aug30_1/193-20190826181730-snapshot.jpg
5,1,20190826,182230,80,2,836,614,889,679,Aug30_1/193-20190826182230-snapshot.jpg
5,1,20190826,182300,60,2,1750,697,1832,749,Aug30_1/193-20190826182300-snapshot.jpg
5,1,20190826,182400,81,2,1771,665,1833,747,Aug30_1/193-20190826182400-snapshot.jpg
5,1,20190826,182500,85,2,1309,615,1386,674,Aug30_1/193-20190826182500-snapshot.jpg
5,1,20190826,182530,77,2,1596,455,1661,505,Aug30_1/193-20190826182530-snapshot.jpg
5,1,20190826,182600,65,2,965,272,1014,317,Aug30_1/193-20190826182600-snapshot.jpg
5,1,20190826,182630,84,2,1259,383,1326,451,Aug30_1/193-20190826182630-snapshot.jpg
5,1,20190826,182700,84,2,803,489,877,556,Aug30_1/193-20190826182700-snapshot.jpg
5,1,20190826,182730,66,2,1821,175,1905,236,Aug30_1/193-20190826182730-snapshot.jpg
5,1,20190826,182800,85,2,1733,752,1789,824,Aug30_1/193-20190826182800-snapshot.jpg
5,1,20190826,183030,88,2,1856,829,1918,910,Aug30_1/193-20190826183030-snapshot.jpg
5,1,20190826,183100,78,2,1263,202,1318,261,Aug30_1/193-20190826183100-snapshot.jpg
5,1,20190826,183400,56,2,931,507,992,579,Aug30_1/193-20190826183400-snapshot.jpg
5,1,20190826,183430,83,2,1322,317,1380,383,Aug30_1/193-20190826183430-snapshot.jpg
5,1,20190826,183900,67,2,1487,567,1559,628,Aug30_1/193-20190826183900-snapshot.jpg
5,1,20190826,184000,85,2,848,571,904,642,Aug30_1/193-20190826184000-snapshot.jpg
5,1,20190826,184100,84,2,794,505,851,574,Aug30_1/193-20190826184100-snapshot.jpg
5,1,20190826,184100,87,2,1808,766,1893,835,Aug30_1/193-20190826184100-snapshot.jpg
5,1,20190826,184130,83,2,1309,210,1369,275,Aug30_1/193-20190826184130-snapshot.jpg
5,1,20190826,184200,56,2,818,491,896,541,Aug30_1/193-20190826184200-snapshot.jpg
5,1,20190826,184400,85,2,827,945,903,1008,Aug30_1/193-20190826184400-snapshot.jpg
5,1,20190826,184600,83,2,1198,237,1267,293,Aug30_1/193-20190826184600-snapshot.jpg
5,1,20190826,184630,68,2,1605,251,1666,303,Aug30_1/193-20190826184630-snapshot.jpg
5,1,20190826,184630,83,2,1738,734,1797,805,Aug30_1/193-20190826184630-snapshot.jpg
5,1,20190826,184630,85,8,534,105,636,175,Aug30_1/193-20190826184630-snapshot.jpg
5,1,20190826,184930,72,2,1305,187,1364,254,Aug30_1/193-20190826184930-snapshot.jpg
5,1,20190826,185000,83,2,164,167,250,217,Aug30_1/193-20190826185000-snapshot.jpg
5,1,20190826,185030,84,2,1748,891,1832,959,Aug30_1/193-20190826185030-snapshot.jpg
5,1,20190826,185100,85,2,997,926,1082,983,Aug30_1/193-20190826185100-snapshot.jpg
5,1,20190826,185430,70,2,1305,191,1363,245,Aug30_1/193-20190826185430-snapshot.jpg
5,1,20190826,185530,62,2,1549,491,1617,550,Aug30_1/193-20190826185530-snapshot.jpg
5,1,20190826,185600,66,2,441,141,497,193,Aug30_1/193-20190826185600-snapshot.jpg
5,1,20190826,185600,84,2,774,585,832,651,Aug30_1/193-20190826185600-snapshot.jpg
5,1,20190826,185600,86,2,1226,404,1284,475,Aug30_1/193-20190826185600-snapshot.jpg
5,1,20190826,185700,83,2,907,525,980,575,Aug30_1/193-20190826185700-snapshot.jpg
5,1,20190826,185800,78,2,1852,766,1917,850,Aug30_1/193-20190826185800-snapshot.jpg
5,1,20190826,185900,69,2,1868,596,1920,662,Aug30_1/193-20190826185900-snapshot.jpg
5,1,20190826,190500,85,2,838,845,919,906,Aug30_1/193-20190826190500-snapshot.jpg
5,1,20190826,190530,73,2,799,493,873,551,Aug30_1/193-20190826190530-snapshot.jpg
5,1,20190826,190600,74,2,1589,490,1664,541,Aug30_1/193-20190826190600-snapshot.jpg
5,1,20190826,190900,81,2,864,613,931,680,Aug30_1/193-20190826190900-snapshot.jpg
5,1,20190826,191130,71,2,1399,660,1481,719,Aug30_1/193-20190826191130-snapshot.jpg
5,1,20190826,191130,81,2,326,157,403,214,Aug30_1/193-20190826191130-snapshot.jpg
5,1,20190826,191330,87,2,1670,516,1753,575,Aug30_1/193-20190826191330-snapshot.jpg
5,1,20190826,191700,78,2,1367,155,1447,222,Aug30_1/193-20190826191700-snapshot.jpg
5,1,20190826,191730,83,2,1288,309,1366,359,Aug30_1/193-20190826191730-snapshot.jpg
5,1,20190826,192230,83,2,1292,365,1367,414,Aug30_1/193-20190826192230-snapshot.jpg
5,1,20190826,192300,71,2,355,124,431,186,Aug30_1/193-20190826192300-snapshot.jpg
5,1,20190826,192900,86,2,1524,494,1602,572,Aug30_1/193-20190826192900-snapshot.jpg
5,1,20190826,192930,83,2,961,893,1042,947,Aug30_1/193-20190826192930-snapshot.jpg
5,1,20190826,193200,85,2,1013,327,1098,385,Aug30_1/193-20190826193200-snapshot.jpg
5,1,20190826,193400,30,1,0,321,22,360,Aug30_1/193-20190826193400-snapshot.jpg
5,1,20190826,193630,84,2,807,558,885,611,Aug30_1/193-20190826193630-snapshot.jpg
5,1,20190826,193730,81,2,851,126,903,186,Aug30_1/193-20190826193730-snapshot.jpg
5,1,20190826,193830,86,2,1223,427,1302,491,Aug30_1/193-20190826193830-snapshot.jpg
5,1,20190826,193900,85,2,1494,554,1577,613,Aug30_1/193-20190826193900-snapshot.jpg
5,1,20190826,194000,69,2,872,826,929,880,Aug30_1/193-20190826194000-snapshot.jpg
5,1,20190826,194030,69,2,770,553,831,595,Aug30_1/193-20190826194030-snapshot.jpg
5,1,20190826,194100,29,1,0,321,22,360,Aug30_1/193-20190826194100-snapshot.jpg
5,1,20190826,194100,78,2,1415,471,1489,517,Aug30_1/193-20190826194100-snapshot.jpg
5,1,20190826,194100,80,2,1820,746,1913,811,Aug30_1/193-20190826194100-snapshot.jpg
5,1,20190826,194330,86,2,1416,597,1502,654,Aug30_1/193-20190826194330-snapshot.jpg
5,1,20190826,194530,30,1,0,321,23,360,Aug30_1/193-20190826194530-snapshot.jpg
5,1,20190826,195430,82,2,1783,690,1873,755,Aug30_1/193-20190826195430-snapshot.jpg
5,1,20190826,195530,38,1,0,321,23,360,Aug30_1/193-20190826195530-snapshot.jpg
5,1,20190826,201030,86,2,1711,795,1771,876,Aug30_1/195-20190826201030-snapshot.jpg
5,1,20190826,201100,33,1,0,321,22,360,Aug30_1/195-20190826201100-snapshot.jpg
5,1,20190826,201100,69,2,1505,571,1566,651,Aug30_1/195-20190826201100-snapshot.jpg
5,1,20190826,201130,86,2,868,723,944,790,Aug30_1/195-20190826201130-snapshot.jpg
5,1,20190826,201200,78,2,803,491,881,557,Aug30_1/195-20190826201200-snapshot.jpg
5,1,20190826,201230,81,2,1243,249,1309,313,Aug30_1/195-20190826201230-snapshot.jpg
5,1,20190826,201300,28,1,0,322,22,360,Aug30_1/195-20190826201300-snapshot.jpg
5,1,20190826,201400,43,2,1308,315,1374,375,Aug30_1/195-20190826201400-snapshot.jpg
5,1,20190826,201500,29,1,0,321,22,361,Aug30_1/195-20190826201500-snapshot.jpg
5,1,20190826,201930,28,1,0,320,23,361,Aug30_1/196-20190826201930-snapshot.jpg
5,1,20190826,202330,30,1,0,320,22,361,Aug30_1/197-20190826202330-snapshot.jpg
5,1,20190826,202400,81,2,1696,758,1761,830,Aug30_1/197-20190826202400-snapshot.jpg
5,1,20190826,202430,30,1,0,320,22,361,Aug30_1/197-20190826202430-snapshot.jpg
5,1,20190826,202630,51,2,1765,923,1853,992,Aug30_1/197-20190826202630-snapshot.jpg
5,1,20190826,202830,43,1,0,319,23,363,Aug30_1/197-20190826202830-snapshot.jpg
5,1,20190826,203000,29,1,0,319,22,362,Aug30_1/197-20190826203000-snapshot.jpg
5,1,20190826,203230,38,1,0,320,22,362,Aug30_1/197-20190826203230-snapshot.jpg
5,1,20190826,203530,45,1,0,320,23,362,Aug30_1/197-20190826203530-snapshot.jpg
5,1,20190826,203900,53,1,0,320,22,363,Aug30_1/199-20190826203900-snapshot.jpg
5,1,20190826,204130,28,1,0,320,21,362,Aug30_1/199-20190826204130-snapshot.jpg
5,1,20190826,204230,31,1,0,320,21,361,Aug30_1/200-20190826204230-snapshot.jpg
5,1,20190826,204400,47,1,0,320,22,362,Aug30_1/200-20190826204400-snapshot.jpg
5,1,20190826,204530,31,1,0,320,21,361,Aug30_1/200-20190826204530-snapshot.jpg
5,1,20190826,205030,27,1,0,628,21,667,Aug30_1/200-20190826205030-snapshot.jpg
5,1,20190826,205100,25,1,0,627,22,670,Aug30_1/200-20190826205100-snapshot.jpg
5,1,20190826,205200,34,1,0,628,20,671,Aug30_1/200-20190826205200-snapshot.jpg
5,1,20190826,205400,30,1,328,672,375,718,Aug30_1/200-20190826205400-snapshot.jpg
5,1,20190826,205430,38,1,327,673,375,718,Aug30_1/200-20190826205430-snapshot.jpg
5,1,20190827,055500,28,1,0,323,23,362,Aug30_1/206-20190827055500-snapshot.jpg
5,1,20190827,055800,57,1,0,318,25,363,Aug30_1/207-20190827055800-snapshot.jpg
5,1,20190827,055830,29,1,0,319,25,363,Aug30_1/207-20190827055830-snapshot.jpg
5,1,20190827,055900,47,1,0,317,25,364,Aug30_1/208-20190827055900-snapshot.jpg
5,1,20190827,060000,42,1,0,317,24,363,Aug30_1/208-20190827060000-snapshot.jpg
5,1,20190827,060100,48,1,0,317,26,364,Aug30_1/208-20190827060100-snapshot.jpg
5,1,20190827,060330,46,1,0,318,26,364,Aug30_1/209-20190827060330-snapshot.jpg
5,1,20190827,060400,41,1,0,318,26,364,Aug30_1/209-20190827060400-snapshot.jpg
5,1,20190827,060730,36,1,0,319,26,363,Aug30_1/209-20190827060730-snapshot.jpg
5,1,20190827,060800,34,1,0,319,26,364,Aug30_1/209-20190827060800-snapshot.jpg
5,1,20190827,061330,27,1,0,319,26,364,Aug30_1/211-20190827061330-snapshot.jpg
5,1,20190827,061400,32,1,0,319,27,364,Aug30_1/212-20190827061400-snapshot.jpg
5,1,20190827,061800,35,1,0,319,26,364,Aug30_1/212-20190827061800-snapshot.jpg
5,1,20190827,062400,35,1,0,319,26,363,Aug30_1/213-20190827062400-snapshot.jpg
5,1,20190827,062830,36,1,0,319,26,362,Aug30_1/214-20190827062830-snapshot.jpg
5,1,20190827,063000,25,1,0,319,26,362,Aug30_1/214-20190827063000-snapshot.jpg
5,1,20190827,063200,33,1,0,319,26,361,Aug30_1/215-20190827063200-snapshot.jpg
5,1,20190827,063230,29,1,0,319,26,362,Aug30_1/215-20190827063230-snapshot.jpg
5,1,20190827,063330,48,1,0,320,26,362,Aug30_1/215-20190827063330-snapshot.jpg
5,1,20190827,063430,36,8,568,600,643,657,Aug30_1/216-20190827063430-snapshot.jpg
5,1,20190827,063600,31,1,0,319,26,362,Aug30_1/216-20190827063600-snapshot.jpg
5,1,20190827,063730,30,1,0,319,26,361,Aug30_1/217-20190827063730-snapshot.jpg
5,1,20190827,064000,34,1,0,319,26,362,Aug30_1/218-20190827064000-snapshot.jpg
5,1,20190827,064030,45,1,0,320,26,362,Aug30_1/218-20190827064030-snapshot.jpg
5,1,20190827,064500,29,1,0,319,26,362,Aug30_1/220-20190827064500-snapshot.jpg
5,1,20190827,064730,30,1,0,319,25,362,Aug30_1/221-20190827064730-snapshot.jpg
5,1,20190827,065100,34,1,0,319,26,361,Aug30_1/222-20190827065100-snapshot.jpg
5,1,20190827,065900,31,1,0,319,26,361,Aug30_1/223-20190827065900-snapshot.jpg
5,1,20190827,070030,30,1,0,319,26,361,Aug30_1/223-20190827070030-snapshot.jpg
5,1,20190827,071100,32,1,0,320,26,362,Aug30_1/225-20190827071100-snapshot.jpg
5,1,20190827,073330,86,2,1274,301,1354,371,Aug30_1/233-20190827073330-snapshot.jpg
5,1,20190827,080000,81,8,824,357,899,406,Aug30_1/238-20190827080000-snapshot.jpg
5,1,20190824,064130,31,1,0,311,21,352,Aug30_1/24-20190824064130-snapshot.jpg
5,1,20190827,082800,83,8,275,970,348,1046,Aug30_1/245-20190827082800-snapshot.jpg
5,1,20190827,083830,77,2,1866,846,1920,915,Aug30_1/246-20190827083830-snapshot.jpg
5,1,20190827,084630,58,2,1255,434,1330,496,Aug30_1/246-20190827084630-snapshot.jpg
5,1,20190827,090500,82,2,1576,563,1631,643,Aug30_1/249-20190827090500-snapshot.jpg
5,1,20190827,092730,80,2,1293,630,1356,699,Aug30_1/251-20190827092730-snapshot.jpg
5,1,20190827,093030,29,1,0,321,23,360,Aug30_1/251-20190827093030-snapshot.jpg
5,1,20190827,094130,78,2,1795,925,1892,983,Aug30_1/251-20190827094130-snapshot.jpg
5,1,20190827,095000,83,2,1565,462,1622,541,Aug30_1/251-20190827095000-snapshot.jpg
5,1,20190827,095030,81,2,943,521,996,589,Aug30_1/251-20190827095030-snapshot.jpg
5,1,20190827,095230,84,2,809,566,865,629,Aug30_1/251-20190827095230-snapshot.jpg
5,1,20190827,100230,81,2,927,862,984,937,Aug30_1/253-20190827100230-snapshot.jpg
5,1,20190827,100300,83,2,954,551,1038,602,Aug30_1/253-20190827100300-snapshot.jpg
5,1,20190827,100330,78,2,1324,606,1392,672,Aug30_1/253-20190827100330-snapshot.jpg
5,1,20190827,100330,85,2,1822,836,1888,915,Aug30_1/253-20190827100330-snapshot.jpg
5,1,20190827,100530,83,2,956,520,1027,571,Aug30_1/253-20190827100530-snapshot.jpg
5,1,20190827,101300,44,2,1323,147,1377,196,Aug30_1/253-20190827101300-snapshot.jpg
5,1,20190827,101630,84,2,1590,494,1670,560,Aug30_1/253-20190827101630-snapshot.jpg
5,1,20190827,101700,53,2,1668,873,1747,941,Aug30_1/253-20190827101700-snapshot.jpg
5,1,20190827,101730,75,2,1300,203,1377,260,Aug30_1/253-20190827101730-snapshot.jpg
5,1,20190827,101900,80,2,934,964,1021,1013,Aug30_1/253-20190827101900-snapshot.jpg
5,1,20190827,101900,83,2,1834,881,1911,954,Aug30_1/253-20190827101900-snapshot.jpg
5,1,20190827,102000,83,2,871,563,927,633,Aug30_1/253-20190827102000-snapshot.jpg
5,1,20190827,102300,84,2,909,909,973,982,Aug30_1/254-20190827102300-snapshot.jpg
5,1,20190827,102400,80,2,1231,709,1312,760,Aug30_1/254-20190827102400-snapshot.jpg
5,1,20190827,102700,75,2,1372,742,1432,809,Aug30_1/254-20190827102700-snapshot.jpg
5,1,20190827,102730,79,2,826,537,882,607,Aug30_1/254-20190827102730-snapshot.jpg
5,1,20190827,102830,27,2,1206,236,1281,284,Aug30_1/254-20190827102830-snapshot.jpg
5,1,20190827,102900,84,2,857,526,914,596,Aug30_1/254-20190827102900-snapshot.jpg
5,1,20190827,102930,67,2,1213,192,1288,260,Aug30_1/254-20190827102930-snapshot.jpg
5,1,20190827,102930,73,2,1327,361,1402,420,Aug30_1/254-20190827102930-snapshot.jpg
5,1,20190827,103000,82,2,609,306,690,370,Aug30_1/254-20190827103000-snapshot.jpg
5,1,20190827,103130,84,2,1778,602,1836,675,Aug30_1/254-20190827103130-snapshot.jpg
5,1,20190827,103200,77,2,1547,458,1627,526,Aug30_1/254-20190827103200-snapshot.jpg
5,1,20190827,103400,82,2,1362,177,1430,241,Aug30_1/254-20190827103400-snapshot.jpg
5,1,20190827,103500,79,2,1738,776,1802,838,Aug30_1/254-20190827103500-snapshot.jpg
5,1,20190827,103600,78,2,1405,667,1464,725,Aug30_1/254-20190827103600-snapshot.jpg
5,1,20190827,103800,84,2,1727,866,1819,936,Aug30_1/254-20190827103800-snapshot.jpg
5,1,20190827,103830,68,2,1310,215,1369,288,Aug30_1/254-20190827103830-snapshot.jpg
5,1,20190827,103900,78,8,987,276,1068,320,Aug30_1/254-20190827103900-snapshot.jpg
5,1,20190827,103930,62,2,1238,195,1309,250,Aug30_1/254-20190827103930-snapshot.jpg
5,1,20190827,104030,83,2,1712,918,1794,989,Aug30_1/254-20190827104030-snapshot.jpg
5,1,20190827,104300,86,2,1026,535,1106,596,Aug30_1/254-20190827104300-snapshot.jpg
5,1,20190827,104400,83,2,1553,532,1637,587,Aug30_1/254-20190827104400-snapshot.jpg
5,1,20190827,104500,81,2,894,980,977,1033,Aug30_1/254-20190827104500-snapshot.jpg
5,1,20190827,104530,86,2,1406,449,1485,520,Aug30_1/254-20190827104530-snapshot.jpg
5,1,20190827,104600,82,2,780,589,837,652,Aug30_1/254-20190827104600-snapshot.jpg
5,1,20190827,104830,38,2,834,116,898,176,Aug30_1/254-20190827104830-snapshot.jpg
5,1,20190827,104930,76,2,923,942,982,1005,Aug30_1/254-20190827104930-snapshot.jpg
5,1,20190827,105000,86,2,1221,373,1296,444,Aug30_1/254-20190827105000-snapshot.jpg
5,1,20190827,105230,80,2,957,791,1019,846,Aug30_1/254-20190827105230-snapshot.jpg
5,1,20190827,105330,76,2,1210,232,1276,291,Aug30_1/254-20190827105330-snapshot.jpg
5,1,20190827,105330,81,2,1711,567,1794,642,Aug30_1/254-20190827105330-snapshot.jpg
5,1,20190827,105430,82,2,854,626,925,682,Aug30_1/254-20190827105430-snapshot.jpg
5,1,20190827,105500,75,2,1831,888,1916,953,Aug30_1/254-20190827105500-snapshot.jpg
5,1,20190827,105800,85,2,1387,454,1467,520,Aug30_1/254-20190827105800-snapshot.jpg
5,1,20190827,105930,63,2,1312,296,1366,358,Aug30_1/254-20190827105930-snapshot.jpg
5,1,20190827,110100,72,2,1298,192,1367,244,Aug30_1/254-20190827110100-snapshot.jpg
5,1,20190827,110100,80,2,894,872,958,940,Aug30_1/254-20190827110100-snapshot.jpg
5,1,20190827,110230,82,2,880,883,963,951,Aug30_1/254-20190827110230-snapshot.jpg
5,1,20190827,110330,78,2,407,116,468,181,Aug30_1/254-20190827110330-snapshot.jpg
5,1,20190827,110730,77,2,1546,493,1603,572,Aug30_1/254-20190827110730-snapshot.jpg
5,1,20190827,110930,81,2,1513,591,1577,669,Aug30_1/254-20190827110930-snapshot.jpg
5,1,20190827,111100,83,2,895,974,973,1035,Aug30_1/254-20190827111100-snapshot.jpg
5,1,20190827,111530,83,2,858,590,934,643,Aug30_1/254-20190827111530-snapshot.jpg
5,1,20190827,111600,79,2,429,140,494,202,Aug30_1/254-20190827111600-snapshot.jpg
5,1,20190827,111700,41,2,835,126,889,192,Aug30_1/254-20190827111700-snapshot.jpg
5,1,20190827,111700,82,2,1006,506,1079,576,Aug30_1/254-20190827111700-snapshot.jpg
5,1,20190827,112000,40,1,0,323,21,362,Aug30_1/254-20190827112000-snapshot.jpg
5,1,20190827,112100,28,1,0,323,21,362,Aug30_1/254-20190827112100-snapshot.jpg
5,1,20190827,112100,65,2,381,103,443,168,Aug30_1/254-20190827112100-snapshot.jpg
5,1,20190827,112100,84,2,831,608,890,675,Aug30_1/254-20190827112100-snapshot.jpg
5,1,20190827,112130,26,1,0,322,21,362,Aug30_1/254-20190827112130-snapshot.jpg
5,1,20190827,112130,81,2,1678,510,1749,577,Aug30_1/254-20190827112130-snapshot.jpg
5,1,20190827,112300,69,2,1280,201,1340,254,Aug30_1/254-20190827112300-snapshot.jpg
5,1,20190827,112330,85,2,1513,468,1590,536,Aug30_1/254-20190827112330-snapshot.jpg
5,1,20190827,112400,83,2,1482,551,1564,608,Aug30_1/254-20190827112400-snapshot.jpg
5,1,20190827,112430,79,2,379,247,438,316,Aug30_1/254-20190827112430-snapshot.jpg
5,1,20190827,112500,84,2,853,507,909,577,Aug30_1/254-20190827112500-snapshot.jpg
5,1,20190827,112530,72,2,1865,751,1919,832,Aug30_1/254-20190827112530-snapshot.jpg
5,1,20190827,112530,84,2,1391,465,1469,521,Aug30_1/254-20190827112530-snapshot.jpg
5,1,20190827,112800,80,2,802,938,879,995,Aug30_1/254-20190827112800-snapshot.jpg
5,1,20190827,113030,80,2,1871,774,1920,854,Aug30_1/254-20190827113030-snapshot.jpg
5,1,20190827,113100,85,2,930,961,1011,1028,Aug30_1/254-20190827113100-snapshot.jpg
5,1,20190827,113130,79,2,387,154,453,220,Aug30_1/254-20190827113130-snapshot.jpg
5,1,20190827,113230,37,1,0,322,20,362,Aug30_1/254-20190827113230-snapshot.jpg
5,1,20190827,113400,82,2,962,946,1036,1007,Aug30_1/254-20190827113400-snapshot.jpg
5,1,20190827,113530,80,2,1846,927,1909,999,Aug30_1/254-20190827113530-snapshot.jpg
5,1,20190827,113600,85,2,1616,501,1699,562,Aug30_1/254-20190827113600-snapshot.jpg
5,1,20190827,113630,79,2,871,612,936,678,Aug30_1/254-20190827113630-snapshot.jpg
5,1,20190827,113730,87,2,1216,377,1299,443,Aug30_1/254-20190827113730-snapshot.jpg
5,1,20190827,113830,36,2,806,488,865,551,Aug30_1/254-20190827113830-snapshot.jpg
5,1,20190827,113830,72,2,1779,697,1861,764,Aug30_1/254-20190827113830-snapshot.jpg
5,1,20190827,114200,82,2,983,894,1047,956,Aug30_1/254-20190827114200-snapshot.jpg
5,1,20190827,114200,84,2,858,832,939,885,Aug30_1/254-20190827114200-snapshot.jpg
5,1,20190827,114300,59,2,1199,212,1279,291,Aug30_1/254-20190827114300-snapshot.jpg
5,1,20190827,114330,83,2,1342,709,1428,754,Aug30_1/254-20190827114330-snapshot.jpg
5,1,20190827,114430,26,1,0,324,20,363,Aug30_1/254-20190827114430-snapshot.jpg
5,1,20190827,114530,74,2,1698,925,1785,992,Aug30_1/254-20190827114530-snapshot.jpg
5,1,20190827,114600,78,2,1716,918,1806,972,Aug30_1/254-20190827114600-snapshot.jpg
5,1,20190827,114600,85,2,1258,433,1339,496,Aug30_1/254-20190827114600-snapshot.jpg
5,1,20190827,114630,29,1,0,323,20,362,Aug30_1/254-20190827114630-snapshot.jpg
5,1,20190827,114630,81,2,1532,511,1607,571,Aug30_1/254-20190827114630-snapshot.jpg
5,1,20190827,114700,79,2,1793,903,1873,967,Aug30_1/254-20190827114700-snapshot.jpg
5,1,20190827,114800,83,2,1387,710,1453,779,Aug30_1/254-20190827114800-snapshot.jpg
5,1,20190827,115100,80,2,454,240,530,287,Aug30_1/254-20190827115100-snapshot.jpg
5,1,20190827,115130,67,2,1640,443,1712,503,Aug30_1/254-20190827115130-snapshot.jpg
5,1,20190827,115200,32,1,0,325,19,363,Aug30_1/254-20190827115200-snapshot.jpg
5,1,20190827,115200,81,2,816,782,885,839,Aug30_1/254-20190827115200-snapshot.jpg
5,1,20190827,115230,80,2,1367,737,1431,807,Aug30_1/254-20190827115230-snapshot.jpg
5,1,20190827,115800,84,2,772,621,833,687,Aug30_1/254-20190827115800-snapshot.jpg
5,1,20190827,115930,74,2,167,1,262,48,Aug30_1/254-20190827115930-snapshot.jpg
5,1,20190827,115930,82,2,1756,836,1840,912,Aug30_1/254-20190827115930-snapshot.jpg
5,1,20190827,120130,80,2,952,771,1029,833,Aug30_1/254-20190827120130-snapshot.jpg
5,1,20190827,120230,76,2,977,959,1056,1008,Aug30_1/254-20190827120230-snapshot.jpg
5,1,20190827,120300,76,8,1441,751,1529,795,Aug30_1/254-20190827120300-snapshot.jpg
5,1,20190827,120500,83,2,1226,212,1286,283,Aug30_1/254-20190827120500-snapshot.jpg
5,1,20190827,120530,70,2,803,619,870,671,Aug30_1/254-20190827120530-snapshot.jpg
5,1,20190827,120830,75,2,1870,774,1920,848,Aug30_1/254-20190827120830-snapshot.jpg
5,1,20190827,121100,38,1,0,325,20,363,Aug30_1/254-20190827121100-snapshot.jpg
5,1,20190827,121130,74,2,167,182,250,232,Aug30_1/254-20190827121130-snapshot.jpg
5,1,20190827,121330,84,2,1363,657,1424,721,Aug30_1/254-20190827121330-snapshot.jpg
5,1,20190827,121400,85,2,1253,458,1310,531,Aug30_1/254-20190827121400-snapshot.jpg
5,1,20190827,121430,54,2,0,98,46,169,Aug30_1/254-20190827121430-snapshot.jpg
5,1,20190827,121430,80,2,815,587,876,642,Aug30_1/254-20190827121430-snapshot.jpg
5,1,20190827,121500,70,2,1868,771,1920,855,Aug30_1/254-20190827121500-snapshot.jpg
5,1,20190827,121500,74,2,1638,483,1720,543,Aug30_1/254-20190827121500-snapshot.jpg
5,1,20190827,121830,77,2,1311,145,1373,207,Aug30_1/254-20190827121830-snapshot.jpg
5,1,20190827,121900,81,2,1304,149,1367,206,Aug30_1/254-20190827121900-snapshot.jpg
5,1,20190827,122000,73,2,1869,857,1920,941,Aug30_1/254-20190827122000-snapshot.jpg
5,1,20190827,122230,78,2,1818,721,1885,805,Aug30_1/254-20190827122230-snapshot.jpg
5,1,20190827,122300,29,2,782,612,847,671,Aug30_1/254-20190827122300-snapshot.jpg
5,1,20190827,122430,77,2,1311,152,1366,214,Aug30_1/254-20190827122430-snapshot.jpg
5,1,20190827,122730,83,2,1410,671,1466,733,Aug30_1/254-20190827122730-snapshot.jpg
5,1,20190827,122730,84,2,798,571,853,642,Aug30_1/254-20190827122730-snapshot.jpg
5,1,20190827,122800,66,2,1708,924,1794,992,Aug30_1/254-20190827122800-snapshot.jpg
5,1,20190827,122830,83,2,1567,489,1651,560,Aug30_1/254-20190827122830-snapshot.jpg
5,1,20190827,123130,77,2,1823,917,1886,995,Aug30_1/254-20190827123130-snapshot.jpg
5,1,20190827,123230,57,2,1735,729,1822,787,Aug30_1/254-20190827123230-snapshot.jpg
5,1,20190827,123230,85,2,1541,458,1605,532,Aug30_1/254-20190827123230-snapshot.jpg
5,1,20190827,123300,80,2,873,191,936,252,Aug30_1/254-20190827123300-snapshot.jpg
5,1,20190827,123700,82,2,1260,189,1318,252,Aug30_1/254-20190827123700-snapshot.jpg
5,1,20190827,123830,81,2,810,512,873,573,Aug30_1/254-20190827123830-snapshot.jpg
5,1,20190827,123900,80,2,1334,715,1403,783,Aug30_1/254-20190827123900-snapshot.jpg
5,1,20190827,124030,77,2,907,555,981,610,Aug30_1/254-20190827124030-snapshot.jpg
5,1,20190827,124130,78,2,1698,769,1782,824,Aug30_1/254-20190827124130-snapshot.jpg
5,1,20190827,124200,82,2,859,831,941,891,Aug30_1/254-20190827124200-snapshot.jpg
5,1,20190827,124230,84,2,1764,877,1827,959,Aug30_1/254-20190827124230-snapshot.jpg
5,1,20190827,124400,85,2,1490,566,1551,651,Aug30_1/254-20190827124400-snapshot.jpg
5,1,20190827,124530,80,2,774,585,830,649,Aug30_1/254-20190827124530-snapshot.jpg
5,1,20190827,124830,83,2,804,539,856,608,Aug30_1/254-20190827124830-snapshot.jpg
5,1,20190827,124900,82,2,1824,925,1888,1011,Aug30_1/254-20190827124900-snapshot.jpg
5,1,20190827,124900,85,2,1372,687,1433,757,Aug30_1/254-20190827124900-snapshot.jpg
5,1,20190827,124930,69,2,1877,231,1920,295,Aug30_1/254-20190827124930-snapshot.jpg
5,1,20190827,124930,80,2,1170,229,1249,305,Aug30_1/254-20190827124930-snapshot.jpg
5,1,20190827,124930,85,2,743,959,804,1036,Aug30_1/254-20190827124930-snapshot.jpg
5,1,20190827,125000,66,2,1649,492,1721,545,Aug30_1/254-20190827125000-snapshot.jpg
5,1,20190827,125000,73,2,1187,219,1251,297,Aug30_1/254-20190827125000-snapshot.jpg
5,1,20190827,125430,82,2,814,558,891,605,Aug30_1/254-20190827125430-snapshot.jpg
5,1,20190827,125430,85,2,949,908,1035,975,Aug30_1/254-20190827125430-snapshot.jpg
5,1,20190827,125530,77,2,381,165,457,209,Aug30_1/254-20190827125530-snapshot.jpg
5,1,20190827,125530,82,2,815,544,873,605,Aug30_1/254-20190827125530-snapshot.jpg
5,1,20190827,125830,74,2,976,43,1036,123,Aug30_1/254-20190827125830-snapshot.jpg
5,1,20190827,130100,86,2,800,512,853,581,Aug30_1/254-20190827130100-snapshot.jpg
5,1,20190827,130130,73,2,865,958,946,1005,Aug30_1/254-20190827130130-snapshot.jpg
5,1,20190827,130130,87,2,1560,625,1617,710,Aug30_1/254-20190827130130-snapshot.jpg
5,1,20190827,130200,74,2,1369,182,1428,248,Aug30_1/254-20190827130200-snapshot.jpg
5,1,20190827,130300,42,2,1680,177,1741,253,Aug30_1/254-20190827130300-snapshot.jpg
5,1,20190827,130330,76,2,1841,910,1920,987,Aug30_1/254-20190827130330-snapshot.jpg
5,1,20190827,130900,65,2,829,121,894,173,Aug30_1/254-20190827130900-snapshot.jpg
5,1,20190827,130930,82,2,817,505,904,558,Aug30_1/254-20190827130930-snapshot.jpg
5,1,20190827,131000,84,2,1539,471,1624,538,Aug30_1/254-20190827131000-snapshot.jpg
5,1,20190827,131030,84,2,1276,709,1354,771,Aug30_1/254-20190827131030-snapshot.jpg
5,1,20190827,131130,35,2,1884,234,1920,299,Aug30_1/254-20190827131130-snapshot.jpg
5,1,20190827,131500,26,1,0,325,19,363,Aug30_1/254-20190827131500-snapshot.jpg
5,1,20190827,131500,60,2,1150,143,1216,193,Aug30_1/254-20190827131500-snapshot.jpg
5,1,20190827,131600,81,2,1353,708,1433,751,Aug30_1/254-20190827131600-snapshot.jpg
5,1,20190827,131630,62,2,1268,200,1337,244,Aug30_1/254-20190827131630-snapshot.jpg
5,1,20190827,131630,84,2,833,603,888,670,Aug30_1/254-20190827131630-snapshot.jpg
5,1,20190827,131700,78,2,1327,297,1381,351,Aug30_1/254-20190827131700-snapshot.jpg
5,1,20190827,131730,35,1,0,326,20,363,Aug30_1/254-20190827131730-snapshot.jpg
5,1,20190827,131930,74,2,1823,921,1912,992,Aug30_1/254-20190827131930-snapshot.jpg
5,1,20190827,132000,68,2,0,134,45,196,Aug30_1/254-20190827132000-snapshot.jpg
5,1,20190827,132100,30,1,0,325,20,363,Aug30_1/254-20190827132100-snapshot.jpg
5,1,20190827,132100,83,2,807,516,887,571,Aug30_1/254-20190827132100-snapshot.jpg
5,1,20190827,132330,68,2,234,844,313,907,Aug30_1/254-20190827132330-snapshot.jpg
5,1,20190827,132330,84,2,1485,544,1570,603,Aug30_1/254-20190827132330-snapshot.jpg
5,1,20190827,132330,85,2,927,826,985,891,Aug30_1/254-20190827132330-snapshot.jpg
5,1,20190827,132400,77,2,851,611,906,668,Aug30_1/254-20190827132400-snapshot.jpg
5,1,20190827,132530,84,2,782,537,835,602,Aug30_1/254-20190827132530-snapshot.jpg
5,1,20190827,132600,83,2,1811,875,1874,949,Aug30_1/254-20190827132600-snapshot.jpg
5,1,20190827,132630,87,2,1569,518,1661,575,Aug30_1/254-20190827132630-snapshot.jpg
5,1,20190827,132700,78,2,411,135,469,199,Aug30_1/254-20190827132700-snapshot.jpg
5,1,20190827,132800,84,2,1446,624,1535,688,Aug30_1/254-20190827132800-snapshot.jpg
5,1,20190827,132830,85,2,889,879,951,950,Aug30_1/254-20190827132830-snapshot.jpg
5,1,20190827,132930,85,2,802,933,877,987,Aug30_1/254-20190827132930-snapshot.jpg
5,1,20190827,133000,75,2,779,590,835,654,Aug30_1/254-20190827133000-snapshot.jpg
5,1,20190827,133030,89,2,1177,414,1258,477,Aug30_1/254-20190827133030-snapshot.jpg
5,1,20190827,133230,74,2,1350,158,1429,210,Aug30_1/254-20190827133230-snapshot.jpg
5,1,20190827,133300,70,2,1297,613,1372,664,Aug30_1/254-20190827133300-snapshot.jpg
5,1,20190827,133330,85,2,1646,510,1710,582,Aug30_1/254-20190827133330-snapshot.jpg
5,1,20190827,133400,34,2,1806,241,1897,300,Aug30_1/254-20190827133400-snapshot.jpg
5,1,20190827,133430,84,2,929,780,986,844,Aug30_1/254-20190827133430-snapshot.jpg
5,1,20190827,133500,87,2,836,658,892,736,Aug30_1/254-20190827133500-snapshot.jpg
5,1,20190827,133530,84,2,856,280,914,339,Aug30_1/254-20190827133530-snapshot.jpg
5,1,20190827,133830,85,2,994,766,1052,825,Aug30_1/254-20190827133830-snapshot.jpg
5,1,20190827,133900,65,2,0,130,53,199,Aug30_1/254-20190827133900-snapshot.jpg
5,1,20190827,133900,86,2,1784,881,1866,947,Aug30_1/254-20190827133900-snapshot.jpg
5,1,20190827,133930,63,2,788,616,845,678,Aug30_1/254-20190827133930-snapshot.jpg
5,1,20190827,134100,68,2,1501,2,1591,58,Aug30_1/254-20190827134100-snapshot.jpg
5,1,20190827,134230,37,2,1503,14,1591,81,Aug30_1/254-20190827134230-snapshot.jpg
5,1,20190827,134300,62,2,915,240,987,302,Aug30_1/254-20190827134300-snapshot.jpg
5,1,20190827,134630,84,2,1259,681,1319,748,Aug30_1/254-20190827134630-snapshot.jpg
5,1,20190827,134730,76,2,878,892,963,952,Aug30_1/254-20190827134730-snapshot.jpg
5,1,20190827,134830,77,2,939,535,1002,595,Aug30_1/254-20190827134830-snapshot.jpg
5,1,20190827,134900,71,2,1539,654,1618,712,Aug30_1/254-20190827134900-snapshot.jpg
5,1,20190827,135030,84,2,1612,325,1705,394,Aug30_1/254-20190827135030-snapshot.jpg
5,1,20190827,135130,82,2,1328,323,1394,387,Aug30_1/254-20190827135130-snapshot.jpg
5,1,20190827,135300,60,2,1873,775,1920,851,Aug30_1/254-20190827135300-snapshot.jpg
5,1,20190827,135300,82,2,390,131,458,187,Aug30_1/254-20190827135300-snapshot.jpg
5,1,20190827,135300,83,2,1348,647,1421,712,Aug30_1/254-20190827135300-snapshot.jpg
5,1,20190827,135330,29,1,0,327,19,364,Aug30_1/254-20190827135330-snapshot.jpg
5,1,20190827,135330,86,2,1607,500,1695,560,Aug30_1/254-20190827135330-snapshot.jpg
5,1,20190827,135400,33,1,0,327,19,364,Aug30_1/254-20190827135400-snapshot.jpg
5,1,20190827,135400,83,2,1362,158,1448,211,Aug30_1/254-20190827135400-snapshot.jpg
5,1,20190827,135430,27,1,0,327,19,363,Aug30_1/254-20190827135430-snapshot.jpg
5,1,20190827,135500,61,2,0,119,44,176,Aug30_1/254-20190827135500-snapshot.jpg
5,1,20190827,135600,37,1,0,327,19,363,Aug30_1/254-20190827135600-snapshot.jpg
5,1,20190827,135630,27,1,0,327,19,363,Aug30_1/254-20190827135630-snapshot.jpg
5,1,20190827,135700,65,2,785,610,837,672,Aug30_1/254-20190827135700-snapshot.jpg
5,1,20190827,135800,83,2,1102,983,1159,1046,Aug30_1/254-20190827135800-snapshot.jpg
5,1,20190827,135900,36,1,0,326,20,364,Aug30_1/254-20190827135900-snapshot.jpg
5,1,20190827,140130,81,2,778,540,839,589,Aug30_1/254-20190827140130-snapshot.jpg
5,1,20190827,140200,51,2,0,127,39,204,Aug30_1/254-20190827140200-snapshot.jpg
5,1,20190827,140200,53,2,1283,621,1361,678,Aug30_1/254-20190827140200-snapshot.jpg
5,1,20190827,140330,86,2,973,930,1033,1000,Aug30_1/254-20190827140330-snapshot.jpg
5,1,20190827,140500,33,2,1192,221,1266,284,Aug30_1/254-20190827140500-snapshot.jpg
5,1,20190827,140530,86,2,1299,351,1356,419,Aug30_1/254-20190827140530-snapshot.jpg
5,1,20190827,140600,28,1,0,326,19,363,Aug30_1/254-20190827140600-snapshot.jpg
5,1,20190827,140600,44,2,1582,12,1655,93,Aug30_1/254-20190827140600-snapshot.jpg
5,1,20190827,140600,79,2,55,952,118,1020,Aug30_1/254-20190827140600-snapshot.jpg
5,1,20190827,140600,84,2,1351,195,1429,257,Aug30_1/254-20190827140600-snapshot.jpg
5,1,20190827,140630,81,2,843,618,922,666,Aug30_1/254-20190827140630-snapshot.jpg
5,1,20190827,140630,81,2,1282,143,1330,203,Aug30_1/254-20190827140630-snapshot.jpg
5,1,20190827,140700,80,2,888,968,973,1023,Aug30_1/254-20190827140700-snapshot.jpg
5,1,20190827,140730,43,1,0,326,20,363,Aug30_1/254-20190827140730-snapshot.jpg
5,1,20190827,140730,85,2,1147,566,1225,625,Aug30_1/254-20190827140730-snapshot.jpg
5,1,20190827,140800,86,2,1062,360,1155,418,Aug30_1/254-20190827140800-snapshot.jpg
5,1,20190827,140830,31,1,0,326,19,364,Aug30_1/254-20190827140830-snapshot.jpg
5,1,20190827,140900,34,1,0,326,20,364,Aug30_1/254-20190827140900-snapshot.jpg
5,1,20190827,140930,25,1,0,326,19,364,Aug30_1/254-20190827140930-snapshot.jpg
5,1,20190827,140930,68,2,945,517,1016,564,Aug30_1/254-20190827140930-snapshot.jpg
5,1,20190827,141030,30,1,0,325,20,364,Aug30_1/254-20190827141030-snapshot.jpg
5,1,20190827,141100,85,2,970,245,1031,301,Aug30_1/254-20190827141100-snapshot.jpg
5,1,20190827,141130,35,1,0,325,20,365,Aug30_1/254-20190827141130-snapshot.jpg
5,1,20190827,141130,85,2,1228,461,1284,539,Aug30_1/254-20190827141130-snapshot.jpg
5,1,20190827,141200,27,1,0,325,19,364,Aug30_1/254-20190827141200-snapshot.jpg
5,1,20190827,141230,33,1,0,325,20,364,Aug30_1/254-20190827141230-snapshot.jpg
5,1,20190827,141400,28,1,0,325,20,365,Aug30_1/254-20190827141400-snapshot.jpg
5,1,20190827,141400,31,2,934,858,996,897,Aug30_1/254-20190827141400-snapshot.jpg
5,1,20190827,141430,35,1,0,325,20,364,Aug30_1/254-20190827141430-snapshot.jpg
5,1,20190827,141600,67,2,891,982,959,1049,Aug30_1/254-20190827141600-snapshot.jpg
5,1,20190827,141600,86,2,1196,409,1264,485,Aug30_1/254-20190827141600-snapshot.jpg
5,1,20190827,141630,84,2,1488,527,1568,591,Aug30_1/254-20190827141630-snapshot.jpg
5,1,20190827,141730,72,2,761,154,831,217,Aug30_1/254-20190827141730-snapshot.jpg
5,1,20190827,141730,82,2,1554,642,1637,693,Aug30_1/254-20190827141730-snapshot.jpg
5,1,20190827,141730,83,2,929,953,1004,1010,Aug30_1/254-20190827141730-snapshot.jpg
5,1,20190827,141800,32,1,0,324,20,364,Aug30_1/254-20190827141800-snapshot.jpg
5,1,20190827,141800,87,8,807,232,859,300,Aug30_1/254-20190827141800-snapshot.jpg
5,1,20190827,142100,83,2,879,901,962,952,Aug30_1/254-20190827142100-snapshot.jpg
5,1,20190827,142100,87,2,1798,780,1888,850,Aug30_1/254-20190827142100-snapshot.jpg
5,1,20190827,142130,82,2,1268,675,1350,724,Aug30_1/254-20190827142130-snapshot.jpg
5,1,20190827,142130,83,2,1846,800,1906,877,Aug30_1/254-20190827142130-snapshot.jpg
5,1,20190827,142400,83,2,1679,497,1738,569,Aug30_1/254-20190827142400-snapshot.jpg
5,1,20190827,142430,35,2,1582,16,1653,103,Aug30_1/254-20190827142430-snapshot.jpg
5,1,20190827,142430,87,2,861,822,945,887,Aug30_1/254-20190827142430-snapshot.jpg
5,1,20190827,142530,28,1,0,324,20,364,Aug30_1/254-20190827142530-snapshot.jpg
5,1,20190827,142630,29,1,0,324,20,364,Aug30_1/254-20190827142630-snapshot.jpg
5,1,20190827,142700,27,1,0,325,20,365,Aug30_1/254-20190827142700-snapshot.jpg
5,1,20190827,142800,84,2,791,504,848,576,Aug30_1/254-20190827142800-snapshot.jpg
5,1,20190827,142830,83,2,1578,364,1655,424,Aug30_1/254-20190827142830-snapshot.jpg
5,1,20190827,142830,84,2,776,613,839,680,Aug30_1/254-20190827142830-snapshot.jpg
5,1,20190827,142900,62,2,1648,486,1724,547,Aug30_1/254-20190827142900-snapshot.jpg
5,1,20190827,142900,84,2,1812,244,1908,309,Aug30_1/254-20190827142900-snapshot.jpg
5,1,20190827,143130,33,1,0,323,21,364,Aug30_1/254-20190827143130-snapshot.jpg
5,1,20190827,143230,84,2,1313,178,1371,245,Aug30_1/254-20190827143230-snapshot.jpg
5,1,20190827,143300,33,1,0,323,20,364,Aug30_1/254-20190827143300-snapshot.jpg
5,1,20190827,143400,27,1,0,324,20,364,Aug30_1/254-20190827143400-snapshot.jpg
5,1,20190827,143430,73,2,1498,2,1587,60,Aug30_1/254-20190827143430-snapshot.jpg
5,1,20190827,143430,84,2,902,869,960,937,Aug30_1/254-20190827143430-snapshot.jpg
5,1,20190827,143630,26,1,0,324,20,364,Aug30_1/254-20190827143630-snapshot.jpg
5,1,20190827,143700,27,1,0,324,20,364,Aug30_1/254-20190827143700-snapshot.jpg
5,1,20190827,143800,49,2,1,120,58,182,Aug30_1/254-20190827143800-snapshot.jpg
5,1,20190827,143830,34,2,1733,736,1791,805,Aug30_1/254-20190827143830-snapshot.jpg
5,1,20190827,143830,84,2,1554,652,1643,724,Aug30_1/254-20190827143830-snapshot.jpg
5,1,20190827,143900,83,2,1578,674,1654,758,Aug30_1/254-20190827143900-snapshot.jpg
5,1,20190827,143900,84,2,936,988,1009,1060,Aug30_1/254-20190827143900-snapshot.jpg
5,1,20190827,143930,38,1,0,323,20,363,Aug30_1/254-20190827143930-snapshot.jpg
5,1,20190827,143930,82,2,858,258,930,313,Aug30_1/254-20190827143930-snapshot.jpg
5,1,20190827,144030,31,1,0,324,20,364,Aug30_1/254-20190827144030-snapshot.jpg
5,1,20190827,144030,35,2,1759,256,1840,316,Aug30_1/254-20190827144030-snapshot.jpg
5,1,20190827,144130,30,1,0,324,20,364,Aug30_1/254-20190827144130-snapshot.jpg
5,1,20190827,144230,82,2,1403,454,1462,523,Aug30_1/254-20190827144230-snapshot.jpg
5,1,20190827,144300,29,1,0,323,20,364,Aug30_1/254-20190827144300-snapshot.jpg
5,1,20190827,144300,51,8,590,723,640,777,Aug30_1/254-20190827144300-snapshot.jpg
5,1,20190827,144330,40,1,0,324,21,364,Aug30_1/254-20190827144330-snapshot.jpg
5,1,20190827,144330,84,2,845,812,921,871,Aug30_1/254-20190827144330-snapshot.jpg
5,1,20190827,144500,84,2,923,818,1001,873,Aug30_1/254-20190827144500-snapshot.jpg
5,1,20190827,144530,85,2,946,918,1031,976,Aug30_1/254-20190827144530-snapshot.jpg
5,1,20190827,144530,85,2,966,560,1041,623,Aug30_1/254-20190827144530-snapshot.jpg
5,1,20190827,144600,50,2,943,45,1032,113,Aug30_1/254-20190827144600-snapshot.jpg
5,1,20190827,144630,33,1,0,323,20,364,Aug30_1/254-20190827144630-snapshot.jpg
5,1,20190827,144700,26,1,0,323,20,363,Aug30_1/254-20190827144700-snapshot.jpg
5,1,20190827,144800,26,1,0,323,20,363,Aug30_1/254-20190827144800-snapshot.jpg
5,1,20190827,144800,88,2,1726,904,1819,961,Aug30_1/254-20190827144800-snapshot.jpg
5,1,20190827,144830,27,1,0,323,20,364,Aug30_1/254-20190827144830-snapshot.jpg
5,1,20190827,144830,83,2,1717,745,1779,818,Aug30_1/254-20190827144830-snapshot.jpg
5,1,20190827,144900,35,1,0,324,20,364,Aug30_1/254-20190827144900-snapshot.jpg
5,1,20190827,144930,66,2,929,247,989,293,Aug30_1/254-20190827144930-snapshot.jpg
5,1,20190827,145230,28,1,0,323,20,364,Aug30_1/254-20190827145230-snapshot.jpg
5,1,20190827,145300,36,1,0,324,20,363,Aug30_1/254-20190827145300-snapshot.jpg
5,1,20190827,145330,87,2,1194,431,1271,499,Aug30_1/254-20190827145330-snapshot.jpg
5,1,20190827,145500,28,1,0,323,20,364,Aug30_1/254-20190827145500-snapshot.jpg
5,1,20190827,145530,86,2,772,623,843,692,Aug30_1/254-20190827145530-snapshot.jpg
5,1,20190827,145630,27,1,0,324,20,363,Aug30_1/254-20190827145630-snapshot.jpg
5,1,20190827,145700,80,2,985,930,1045,996,Aug30_1/254-20190827145700-snapshot.jpg
5,1,20190827,145730,35,1,0,323,21,363,Aug30_1/254-20190827145730-snapshot.jpg
5,1,20190827,145800,27,1,0,323,21,364,Aug30_1/254-20190827145800-snapshot.jpg
5,1,20190827,145830,84,2,964,851,1022,916,Aug30_1/254-20190827145830-snapshot.jpg
5,1,20190827,145830,84,2,918,122,979,196,Aug30_1/254-20190827145830-snapshot.jpg
5,1,20190827,145930,35,1,0,324,21,362,Aug30_1/254-20190827145930-snapshot.jpg
5,1,20190827,150000,28,1,0,324,21,364,Aug30_1/254-20190827150000-snapshot.jpg
5,1,20190827,150000,86,2,835,820,910,886,Aug30_1/254-20190827150000-snapshot.jpg
5,1,20190827,150100,82,2,1272,198,1327,262,Aug30_1/254-20190827150100-snapshot.jpg
5,1,20190827,150100,83,2,875,984,945,1045,Aug30_1/254-20190827150100-snapshot.jpg
5,1,20190827,150130,81,2,1704,898,1768,966,Aug30_1/254-20190827150130-snapshot.jpg
5,1,20190827,150200,42,1,0,324,21,363,Aug30_1/254-20190827150200-snapshot.jpg
5,1,20190827,150230,35,1,0,324,20,362,Aug30_1/254-20190827150230-snapshot.jpg
5,1,20190827,150400,39,1,0,324,21,363,Aug30_1/254-20190827150400-snapshot.jpg
5,1,20190827,150430,25,2,358,134,414,186,Aug30_1/254-20190827150430-snapshot.jpg
5,1,20190827,150430,69,2,1295,609,1357,669,Aug30_1/254-20190827150430-snapshot.jpg
5,1,20190827,150430,84,2,987,936,1043,1004,Aug30_1/254-20190827150430-snapshot.jpg
5,1,20190827,150500,82,2,1595,401,1648,471,Aug30_1/254-20190827150500-snapshot.jpg
5,1,20190827,150530,29,1,0,323,20,362,Aug30_1/254-20190827150530-snapshot.jpg
5,1,20190827,150600,35,1,0,324,21,363,Aug30_1/254-20190827150600-snapshot.jpg
5,1,20190827,150630,43,1,0,324,22,363,Aug30_1/254-20190827150630-snapshot.jpg
5,1,20190827,150630,87,2,1550,944,1642,1000,Aug30_1/254-20190827150630-snapshot.jpg
5,1,20190827,150630,87,2,906,907,992,978,Aug30_1/254-20190827150630-snapshot.jpg
5,1,20190827,150730,25,1,0,324,21,363,Aug30_1/254-20190827150730-snapshot.jpg
5,1,20190827,150800,84,2,821,887,875,953,Aug30_1/254-20190827150800-snapshot.jpg
5,1,20190827,150830,30,1,0,324,21,364,Aug30_1/254-20190827150830-snapshot.jpg
5,1,20190827,150900,25,1,0,323,21,364,Aug30_1/254-20190827150900-snapshot.jpg
5,1,20190827,150900,81,2,1316,636,1380,706,Aug30_1/254-20190827150900-snapshot.jpg
5,1,20190827,150930,86,2,1235,357,1302,430,Aug30_1/254-20190827150930-snapshot.jpg
5,1,20190827,151000,76,2,1259,211,1322,269,Aug30_1/254-20190827151000-snapshot.jpg
5,1,20190827,151030,42,1,0,323,21,364,Aug30_1/254-20190827151030-snapshot.jpg
5,1,20190827,151100,83,2,830,630,891,704,Aug30_1/254-20190827151100-snapshot.jpg
5,1,20190827,151400,31,1,0,323,21,364,Aug30_1/254-20190827151400-snapshot.jpg
5,1,20190827,151530,25,1,0,323,21,363,Aug30_1/255-20190827151530-snapshot.jpg
5,1,20190827,151630,25,1,0,323,21,364,Aug30_1/255-20190827151630-snapshot.jpg
5,1,20190827,151730,80,2,948,510,1015,578,Aug30_1/255-20190827151730-snapshot.jpg
5,1,20190827,151800,27,1,0,324,21,363,Aug30_1/255-20190827151800-snapshot.jpg
5,1,20190827,151800,74,2,785,616,847,688,Aug30_1/255-20190827151800-snapshot.jpg
5,1,20190827,152000,61,2,1333,319,1398,378,Aug30_1/255-20190827152000-snapshot.jpg
5,1,20190827,152230,32,1,0,323,21,364,Aug30_1/255-20190827152230-snapshot.jpg
5,1,20190827,152230,75,2,1783,756,1864,820,Aug30_1/255-20190827152230-snapshot.jpg
5,1,20190827,152400,75,2,801,485,880,548,Aug30_1/255-20190827152400-snapshot.jpg
5,1,20190827,152430,82,2,1347,170,1411,243,Aug30_1/255-20190827152430-snapshot.jpg
5,1,20190827,152500,58,2,1160,219,1227,283,Aug30_1/255-20190827152500-snapshot.jpg
5,1,20190827,152500,70,2,1870,775,1920,849,Aug30_1/255-20190827152500-snapshot.jpg
5,1,20190827,152600,82,2,1486,546,1566,604,Aug30_1/255-20190827152600-snapshot.jpg
5,1,20190827,152730,79,2,1643,483,1721,547,Aug30_1/255-20190827152730-snapshot.jpg
5,1,20190827,152900,71,2,1157,221,1212,287,Aug30_1/255-20190827152900-snapshot.jpg
5,1,20190827,152900,87,2,892,757,951,827,Aug30_1/255-20190827152900-snapshot.jpg
5,1,20190827,153030,84,2,1547,646,1612,728,Aug30_1/255-20190827153030-snapshot.jpg
5,1,20190827,153430,84,2,919,819,998,870,Aug30_1/255-20190827153430-snapshot.jpg
5,1,20190827,153630,85,2,761,630,817,706,Aug30_1/255-20190827153630-snapshot.jpg
5,1,20190827,153630,86,2,798,516,854,589,Aug30_1/255-20190827153630-snapshot.jpg
5,1,20190827,154000,26,2,1874,778,1920,841,Aug30_1/255-20190827154000-snapshot.jpg
5,1,20190827,154230,26,1,0,323,22,363,Aug30_1/255-20190827154230-snapshot.jpg
5,1,20190827,154500,41,1,0,323,23,362,Aug30_1/256-20190827154500-snapshot.jpg
5,1,20190827,154630,31,1,0,323,22,363,Aug30_1/256-20190827154630-snapshot.jpg
5,1,20190827,154730,38,1,0,323,22,363,Aug30_1/256-20190827154730-snapshot.jpg
5,1,20190827,154730,78,8,1403,988,1495,1049,Aug30_1/256-20190827154730-snapshot.jpg
5,1,20190827,154830,29,1,0,323,22,363,Aug30_1/256-20190827154830-snapshot.jpg
5,1,20190827,154900,27,1,0,323,22,362,Aug30_1/256-20190827154900-snapshot.jpg
5,1,20190827,154930,35,1,0,323,23,362,Aug30_1/256-20190827154930-snapshot.jpg
5,1,20190827,155130,35,1,0,324,23,362,Aug30_1/256-20190827155130-snapshot.jpg
5,1,20190827,155230,85,2,908,957,989,1013,Aug30_1/256-20190827155230-snapshot.jpg
5,1,20190827,155330,36,1,0,323,22,362,Aug30_1/256-20190827155330-snapshot.jpg
5,1,20190827,155330,38,2,1365,179,1448,242,Aug30_1/256-20190827155330-snapshot.jpg
5,1,20190827,155400,71,2,780,616,847,693,Aug30_1/256-20190827155400-snapshot.jpg
5,1,20190827,155430,75,2,910,339,972,393,Aug30_1/256-20190827155430-snapshot.jpg
5,1,20190827,155500,77,2,817,127,870,189,Aug30_1/256-20190827155500-snapshot.jpg
5,1,20190827,155530,85,2,1083,919,1165,989,Aug30_1/256-20190827155530-snapshot.jpg
5,1,20190827,155600,85,2,940,953,1026,1002,Aug30_1/256-20190827155600-snapshot.jpg
5,1,20190827,155630,53,2,1310,172,1363,233,Aug30_1/256-20190827155630-snapshot.jpg
5,1,20190827,155630,75,2,952,254,1019,302,Aug30_1/256-20190827155630-snapshot.jpg
5,1,20190827,155730,82,2,399,199,457,274,Aug30_1/256-20190827155730-snapshot.jpg
5,1,20190827,155830,32,1,0,323,22,363,Aug30_1/256-20190827155830-snapshot.jpg
5,1,20190827,155900,38,1,0,323,23,363,Aug30_1/256-20190827155900-snapshot.jpg
5,1,20190827,155930,34,1,0,323,23,363,Aug30_1/256-20190827155930-snapshot.jpg
5,1,20190827,160000,26,1,0,323,23,363,Aug30_1/256-20190827160000-snapshot.jpg
5,1,20190827,160030,49,1,0,323,23,363,Aug30_1/256-20190827160030-snapshot.jpg
5,1,20190827,160100,29,1,0,323,23,364,Aug30_1/256-20190827160100-snapshot.jpg
5,1,20190827,160200,44,1,0,323,23,363,Aug30_1/256-20190827160200-snapshot.jpg
5,1,20190827,160630,29,1,0,323,23,364,Aug30_1/256-20190827160630-snapshot.jpg
5,1,20190827,161500,85,2,986,869,1047,929,Aug30_1/256-20190827161500-snapshot.jpg
5,1,20190827,161900,39,2,1154,258,1209,310,Aug30_1/256-20190827161900-snapshot.jpg
5,1,20190827,163200,75,8,295,319,381,375,Aug30_1/256-20190827163200-snapshot.jpg
5,1,20190827,164800,26,1,0,323,25,363,Aug30_1/258-20190827164800-snapshot.jpg
5,1,20190827,170300,35,1,1,328,39,365,Aug30_1/258-20190827170300-snapshot.jpg
5,1,20190827,170330,29,1,3,329,42,364,Aug30_1/258-20190827170330-snapshot.jpg
5,1,20190827,170400,55,1,3,328,42,363,Aug30_1/258-20190827170400-snapshot.jpg
5,1,20190827,170430,71,1,4,327,44,362,Aug30_1/258-20190827170430-snapshot.jpg
5,1,20190827,170500,59,1,5,328,44,362,Aug30_1/258-20190827170500-snapshot.jpg
5,1,20190827,170530,59,1,5,327,44,362,Aug30_1/258-20190827170530-snapshot.jpg
5,1,20190827,170600,67,1,4,327,44,362,Aug30_1/258-20190827170600-snapshot.jpg
5,1,20190827,170630,62,1,5,327,45,361,Aug30_1/258-20190827170630-snapshot.jpg
5,1,20190827,171330,35,1,21,318,61,351,Aug30_1/258-20190827171330-snapshot.jpg
5,1,20190827,171400,31,1,20,316,62,350,Aug30_1/258-20190827171400-snapshot.jpg
5,1,20190827,190930,83,8,1402,835,1491,891,Aug30_1/266-20190827190930-snapshot.jpg
5,1,20190827,191900,79,1,186,186,224,220,Aug30_1/267-20190827191900-snapshot.jpg
5,1,20190824,065930,38,1,0,312,22,352,Aug30_1/28-20190824065930-snapshot.jpg
5,1,20190828,063200,84,8,540,48,643,132,Aug30_1/294-20190828063200-snapshot.jpg
5,1,20190828,063700,28,8,0,570,34,635,Aug30_1/295-20190828063700-snapshot.jpg
5,1,20190828,065930,29,8,0,570,34,638,Aug30_1/298-20190828065930-snapshot.jpg
5,1,20190824,071400,26,1,0,312,22,352,Aug30_1/30-20190824071400-snapshot.jpg
5,1,20190828,071530,28,8,0,573,33,636,Aug30_1/301-20190828071530-snapshot.jpg
5,1,20190828,072730,75,8,296,646,361,718,Aug30_1/301-20190828072730-snapshot.jpg
5,1,20190828,081030,71,8,628,654,701,703,Aug30_1/303-20190828081030-snapshot.jpg
5,1,20190828,084400,83,8,1088,593,1162,657,Aug30_1/303-20190828084400-snapshot.jpg
5,1,20190828,091400,81,8,1225,522,1285,590,Aug30_1/304-20190828091400-snapshot.jpg
5,1,20190828,095430,70,8,323,222,408,278,Aug30_1/304-20190828095430-snapshot.jpg
5,1,20190828,104130,57,2,83,18,152,91,Aug30_1/304-20190828104130-snapshot.jpg
5,1,20190828,105700,83,2,1433,733,1527,787,Aug30_1/304-20190828105700-snapshot.jpg
5,1,20190828,105800,85,2,1156,275,1231,334,Aug30_1/304-20190828105800-snapshot.jpg
5,1,20190828,110330,37,2,1190,225,1266,280,Aug30_1/304-20190828110330-snapshot.jpg
5,1,20190828,111800,75,2,1034,986,1102,1048,Aug30_1/304-20190828111800-snapshot.jpg
5,1,20190828,111900,34,2,1186,478,1261,548,Aug30_1/304-20190828111900-snapshot.jpg
5,1,20190828,111900,81,2,1765,909,1844,976,Aug30_1/304-20190828111900-snapshot.jpg
5,1,20190828,111900,86,2,415,230,503,297,Aug30_1/304-20190828111900-snapshot.jpg
5,1,20190828,112600,84,2,1683,872,1757,950,Aug30_1/304-20190828112600-snapshot.jpg
5,1,20190828,112930,81,1,1523,113,1569,154,Aug30_1/304-20190828112930-snapshot.jpg
5,1,20190828,113100,72,1,1463,545,1502,581,Aug30_1/304-20190828113100-snapshot.jpg
5,1,20190828,113130,70,1,1463,542,1505,581,Aug30_1/304-20190828113130-snapshot.jpg
5,1,20190828,113200,65,1,1546,687,1590,729,Aug30_1/304-20190828113200-snapshot.jpg
5,1,20190828,113230,80,1,1422,722,1463,758,Aug30_1/304-20190828113230-snapshot.jpg
5,1,20190828,113300,56,1,1423,719,1464,757,Aug30_1/304-20190828113300-snapshot.jpg
5,1,20190828,113300,83,2,975,816,1052,877,Aug30_1/304-20190828113300-snapshot.jpg
5,1,20190828,113300,85,2,977,658,1033,731,Aug30_1/304-20190828113300-snapshot.jpg
5,1,20190828,113330,74,1,1425,717,1466,751,Aug30_1/304-20190828113330-snapshot.jpg
5,1,20190828,113430,82,2,1759,922,1849,988,Aug30_1/304-20190828113430-snapshot.jpg
5,1,20190828,114500,83,8,1144,868,1225,919,Aug30_1/304-20190828114500-snapshot.jpg
5,1,20190828,114630,83,2,1032,923,1114,976,Aug30_1/304-20190828114630-snapshot.jpg
5,1,20190828,115230,76,2,1677,896,1739,969,Aug30_1/304-20190828115230-snapshot.jpg
5,1,20190828,115800,84,2,1156,264,1216,338,Aug30_1/304-20190828115800-snapshot.jpg
5,1,20190828,115830,82,2,1257,231,1334,289,Aug30_1/304-20190828115830-snapshot.jpg
5,1,20190828,115930,81,2,859,652,923,719,Aug30_1/304-20190828115930-snapshot.jpg
5,1,20190828,120500,86,2,1065,265,1147,319,Aug30_1/304-20190828120500-snapshot.jpg
5,1,20190828,121100,88,2,965,592,1046,663,Aug30_1/304-20190828121100-snapshot.jpg
5,1,20190828,121500,79,2,1094,958,1178,1009,Aug30_1/304-20190828121500-snapshot.jpg
5,1,20190828,121530,81,2,1386,174,1469,228,Aug30_1/304-20190828121530-snapshot.jpg
5,1,20190828,121730,78,2,1179,223,1255,297,Aug30_1/304-20190828121730-snapshot.jpg
5,1,20190828,122000,85,2,1333,225,1396,292,Aug30_1/304-20190828122000-snapshot.jpg
5,1,20190828,122130,84,2,1005,966,1066,1041,Aug30_1/304-20190828122130-snapshot.jpg
5,1,20190828,122300,83,2,1670,897,1754,971,Aug30_1/304-20190828122300-snapshot.jpg
5,1,20190828,123430,80,2,1768,906,1854,971,Aug30_1/304-20190828123430-snapshot.jpg
5,1,20190828,123630,85,2,1263,702,1344,771,Aug30_1/304-20190828123630-snapshot.jpg
5,1,20190828,123700,77,2,1376,705,1459,756,Aug30_1/304-20190828123700-snapshot.jpg
5,1,20190828,123830,78,2,1282,623,1361,681,Aug30_1/304-20190828123830-snapshot.jpg
5,1,20190828,124100,86,2,1490,589,1573,659,Aug30_1/304-20190828124100-snapshot.jpg
5,1,20190828,124130,83,2,790,628,848,700,Aug30_1/304-20190828124130-snapshot.jpg
5,1,20190828,125000,78,2,1026,980,1087,1043,Aug30_1/304-20190828125000-snapshot.jpg
5,1,20190828,125930,38,2,1322,80,1384,151,Aug30_1/304-20190828125930-snapshot.jpg
5,1,20190828,130030,77,2,1738,789,1801,877,Aug30_1/304-20190828130030-snapshot.jpg
5,1,20190828,130100,68,2,1140,240,1199,300,Aug30_1/304-20190828130100-snapshot.jpg
5,1,20190828,130200,80,2,998,973,1073,1021,Aug30_1/304-20190828130200-snapshot.jpg
5,1,20190828,130600,33,8,803,283,869,341,Aug30_1/304-20190828130600-snapshot.jpg
5,1,20190828,131000,86,2,961,899,1034,964,Aug30_1/304-20190828131000-snapshot.jpg
5,1,20190828,131030,68,2,747,199,808,248,Aug30_1/304-20190828131030-snapshot.jpg
5,1,20190828,131630,85,2,1542,643,1636,707,Aug30_1/304-20190828131630-snapshot.jpg
5,1,20190828,131700,78,2,1275,201,1330,254,Aug30_1/304-20190828131700-snapshot.jpg
5,1,20190828,131800,81,2,1501,533,1590,588,Aug30_1/304-20190828131800-snapshot.jpg
5,1,20190828,132000,60,2,1028,964,1082,1014,Aug30_1/304-20190828132000-snapshot.jpg
5,1,20190828,132100,82,2,888,340,962,406,Aug30_1/304-20190828132100-snapshot.jpg
5,1,20190828,132900,65,2,751,210,824,266,Aug30_1/304-20190828132900-snapshot.jpg
5,1,20190828,133030,84,2,1732,909,1828,971,Aug30_1/304-20190828133030-snapshot.jpg
5,1,20190828,133730,80,2,1196,762,1272,818,Aug30_1/304-20190828133730-snapshot.jpg
5,1,20190828,133730,85,2,1171,222,1230,292,Aug30_1/304-20190828133730-snapshot.jpg
5,1,20190828,133830,81,2,1516,652,1611,714,Aug30_1/304-20190828133830-snapshot.jpg
5,1,20190828,133900,38,2,59,75,119,143,Aug30_1/304-20190828133900-snapshot.jpg
5,1,20190828,134130,83,2,1697,665,1776,721,Aug30_1/304-20190828134130-snapshot.jpg
5,1,20190828,134300,80,2,1014,956,1078,1020,Aug30_1/304-20190828134300-snapshot.jpg
5,1,20190828,134430,84,2,858,262,943,317,Aug30_1/304-20190828134430-snapshot.jpg
5,1,20190828,134700,68,1,1098,515,1136,549,Aug30_1/304-20190828134700-snapshot.jpg
5,1,20190828,135130,71,2,1288,616,1352,680,Aug30_1/304-20190828135130-snapshot.jpg
5,1,20190828,135530,69,2,798,514,879,569,Aug30_1/304-20190828135530-snapshot.jpg
5,1,20190828,135600,66,2,1254,157,1303,217,Aug30_1/304-20190828135600-snapshot.jpg
5,1,20190828,135600,72,2,43,71,100,134,Aug30_1/304-20190828135600-snapshot.jpg
5,1,20190828,140130,84,2,1182,223,1252,298,Aug30_1/304-20190828140130-snapshot.jpg
5,1,20190828,140530,26,2,1436,88,1497,157,Aug30_1/304-20190828140530-snapshot.jpg
5,1,20190828,140530,84,2,1726,677,1783,751,Aug30_1/304-20190828140530-snapshot.jpg
5,1,20190828,141230,80,2,1270,207,1324,261,Aug30_1/304-20190828141230-snapshot.jpg
5,1,20190828,142330,76,2,1465,788,1549,861,Aug30_1/304-20190828142330-snapshot.jpg
5,1,20190828,142930,86,2,975,946,1059,1002,Aug30_1/304-20190828142930-snapshot.jpg
5,1,20190828,143230,83,2,1787,843,1852,916,Aug30_1/304-20190828143230-snapshot.jpg
5,1,20190828,143300,87,2,895,909,983,974,Aug30_1/304-20190828143300-snapshot.jpg
5,1,20190828,143530,81,2,1275,663,1358,707,Aug30_1/304-20190828143530-snapshot.jpg
5,1,20190828,143600,83,2,1334,280,1389,348,Aug30_1/304-20190828143600-snapshot.jpg
5,1,20190828,143700,65,2,925,355,1004,414,Aug30_1/304-20190828143700-snapshot.jpg
5,1,20190828,144030,86,2,1702,888,1797,950,Aug30_1/304-20190828144030-snapshot.jpg
5,1,20190828,144200,75,2,1296,199,1349,248,Aug30_1/304-20190828144200-snapshot.jpg
5,1,20190828,144230,83,2,1450,531,1523,586,Aug30_1/304-20190828144230-snapshot.jpg
5,1,20190828,144800,70,2,1125,271,1184,332,Aug30_1/304-20190828144800-snapshot.jpg
5,1,20190828,145200,80,2,1184,222,1260,289,Aug30_1/304-20190828145200-snapshot.jpg
5,1,20190828,145230,83,2,876,208,930,270,Aug30_1/304-20190828145230-snapshot.jpg
5,1,20190828,145900,58,2,1625,225,1679,291,Aug30_1/304-20190828145900-snapshot.jpg
5,1,20190828,150300,72,2,990,972,1051,1030,Aug30_1/304-20190828150300-snapshot.jpg
5,1,20190828,150700,86,8,714,861,768,932,Aug30_1/304-20190828150700-snapshot.jpg
5,1,20190828,151900,81,2,1166,231,1252,293,Aug30_1/304-20190828151900-snapshot.jpg
5,1,20190828,151900,85,2,501,304,583,356,Aug30_1/304-20190828151900-snapshot.jpg
5,1,20190828,152330,83,2,1193,215,1288,279,Aug30_1/304-20190828152330-snapshot.jpg
5,1,20190828,152400,39,2,50,69,108,129,Aug30_1/304-20190828152400-snapshot.jpg
5,1,20190828,152700,47,2,814,621,886,667,Aug30_1/304-20190828152700-snapshot.jpg
5,1,20190828,153130,86,2,1145,314,1231,387,Aug30_1/304-20190828153130-snapshot.jpg
5,1,20190828,153630,66,2,1725,820,1788,910,Aug30_1/304-20190828153630-snapshot.jpg
5,1,20190828,153630,86,2,1306,256,1363,328,Aug30_1/304-20190828153630-snapshot.jpg
5,1,20190828,153830,68,8,766,534,824,577,Aug30_1/304-20190828153830-snapshot.jpg
5,1,20190828,155400,76,2,1482,764,1541,835,Aug30_1/304-20190828155400-snapshot.jpg
5,1,20190828,160800,80,2,1808,909,1878,974,Aug30_1/304-20190828160800-snapshot.jpg
5,1,20190828,160830,82,2,837,287,905,331,Aug30_1/304-20190828160830-snapshot.jpg
5,1,20190828,161030,84,8,502,578,583,631,Aug30_1/304-20190828161030-snapshot.jpg
5,1,20190828,161900,86,2,943,770,1000,836,Aug30_1/304-20190828161900-snapshot.jpg
5,1,20190828,161930,54,2,71,46,140,110,Aug30_1/304-20190828161930-snapshot.jpg
5,1,20190828,163300,85,2,1532,509,1613,563,Aug30_1/304-20190828163300-snapshot.jpg
5,1,20190828,163800,85,2,1277,649,1335,719,Aug30_1/304-20190828163800-snapshot.jpg
5,1,20190828,164100,35,2,1186,215,1272,273,Aug30_1/304-20190828164100-snapshot.jpg
5,1,20190828,164230,53,8,959,87,1036,136,Aug30_1/304-20190828164230-snapshot.jpg
5,1,20190828,164700,80,2,1459,530,1514,593,Aug30_1/304-20190828164700-snapshot.jpg
5,1,20190828,170000,66,2,1139,244,1234,302,Aug30_1/304-20190828170000-snapshot.jpg
5,1,20190828,170030,85,2,1493,669,1572,738,Aug30_1/304-20190828170030-snapshot.jpg
5,1,20190828,170730,87,8,629,847,680,917,Aug30_1/304-20190828170730-snapshot.jpg
5,1,20190828,171130,80,2,1494,503,1574,562,Aug30_1/304-20190828171130-snapshot.jpg
5,1,20190828,171200,79,2,1494,501,1574,560,Aug30_1/304-20190828171200-snapshot.jpg
5,1,20190828,171230,81,2,1491,493,1569,557,Aug30_1/304-20190828171230-snapshot.jpg
5,1,20190828,171230,86,2,1205,387,1286,428,Aug30_1/304-20190828171230-snapshot.jpg
5,1,20190828,171300,77,2,1493,492,1566,555,Aug30_1/304-20190828171300-snapshot.jpg
5,1,20190828,171400,83,2,1565,507,1646,560,Aug30_1/304-20190828171400-snapshot.jpg
5,1,20190828,171430,84,2,1571,495,1646,556,Aug30_1/304-20190828171430-snapshot.jpg
5,1,20190828,171500,84,2,1570,504,1652,561,Aug30_1/304-20190828171500-snapshot.jpg
5,1,20190828,171530,28,2,1185,215,1267,273,Aug30_1/304-20190828171530-snapshot.jpg
5,1,20190828,171530,64,2,934,528,991,589,Aug30_1/304-20190828171530-snapshot.jpg
5,1,20190828,171530,83,2,1569,505,1652,561,Aug30_1/304-20190828171530-snapshot.jpg
5,1,20190828,171600,83,2,1570,505,1651,560,Aug30_1/304-20190828171600-snapshot.jpg
5,1,20190828,171630,79,2,1571,505,1649,559,Aug30_1/304-20190828171630-snapshot.jpg
5,1,20190828,171700,30,2,1188,214,1270,271,Aug30_1/304-20190828171700-snapshot.jpg
5,1,20190828,171700,78,2,1570,505,1649,560,Aug30_1/304-20190828171700-snapshot.jpg
5,1,20190828,171730,79,2,1571,506,1646,559,Aug30_1/304-20190828171730-snapshot.jpg
5,1,20190828,171800,81,2,1569,506,1647,559,Aug30_1/304-20190828171800-snapshot.jpg
5,1,20190828,171830,35,2,1187,214,1271,272,Aug30_1/304-20190828171830-snapshot.jpg
5,1,20190828,171830,80,2,1570,506,1647,558,Aug30_1/304-20190828171830-snapshot.jpg
5,1,20190828,171900,32,2,1185,215,1266,273,Aug30_1/304-20190828171900-snapshot.jpg
5,1,20190828,171900,81,2,1570,507,1647,558,Aug30_1/304-20190828171900-snapshot.jpg
5,1,20190828,171930,81,2,1570,507,1648,559,Aug30_1/304-20190828171930-snapshot.jpg
5,1,20190828,172000,81,2,1571,507,1648,558,Aug30_1/304-20190828172000-snapshot.jpg
5,1,20190828,172030,80,2,1570,507,1647,559,Aug30_1/304-20190828172030-snapshot.jpg
5,1,20190828,172100,80,2,1570,507,1647,559,Aug30_1/304-20190828172100-snapshot.jpg
5,1,20190828,172130,34,2,1186,214,1268,272,Aug30_1/304-20190828172130-snapshot.jpg
5,1,20190828,172130,68,2,1435,547,1504,599,Aug30_1/304-20190828172130-snapshot.jpg
5,1,20190828,172300,26,2,1187,214,1266,273,Aug30_1/304-20190828172300-snapshot.jpg
5,1,20190828,172330,28,2,1186,214,1267,273,Aug30_1/304-20190828172330-snapshot.jpg
5,1,20190828,172430,31,2,1187,214,1268,273,Aug30_1/304-20190828172430-snapshot.jpg
5,1,20190828,172530,27,2,1185,215,1267,273,Aug30_1/304-20190828172530-snapshot.jpg
5,1,20190828,172600,30,2,1186,214,1267,273,Aug30_1/304-20190828172600-snapshot.jpg
5,1,20190828,172700,52,2,1187,213,1268,273,Aug30_1/304-20190828172700-snapshot.jpg
5,1,20190828,172730,35,2,1186,215,1267,273,Aug30_1/304-20190828172730-snapshot.jpg
5,1,20190828,172830,31,2,1186,214,1269,273,Aug30_1/304-20190828172830-snapshot.jpg
5,1,20190828,172900,28,2,1187,214,1268,273,Aug30_1/304-20190828172900-snapshot.jpg
5,1,20190828,172930,59,2,1186,215,1267,273,Aug30_1/304-20190828172930-snapshot.jpg
5,1,20190828,173000,33,2,1186,214,1269,273,Aug30_1/304-20190828173000-snapshot.jpg
5,1,20190828,173030,84,2,884,786,940,853,Aug30_1/304-20190828173030-snapshot.jpg
5,1,20190828,173100,34,2,1186,215,1268,273,Aug30_1/304-20190828173100-snapshot.jpg
5,1,20190828,173400,30,2,1186,215,1267,272,Aug30_1/304-20190828173400-snapshot.jpg
5,1,20190828,173600,28,2,1186,214,1267,272,Aug30_1/304-20190828173600-snapshot.jpg
5,1,20190828,175630,67,2,1828,864,1906,940,Aug30_1/304-20190828175630-snapshot.jpg
5,1,20190828,175630,84,2,1276,642,1335,712,Aug30_1/304-20190828175630-snapshot.jpg
5,1,20190828,175700,73,2,1867,1006,1920,1064,Aug30_1/304-20190828175700-snapshot.jpg
5,1,20190828,180330,64,2,773,171,829,237,Aug30_1/304-20190828180330-snapshot.jpg
5,1,20190828,180500,67,2,400,64,465,135,Aug30_1/304-20190828180500-snapshot.jpg
5,1,20190828,180900,85,2,972,901,1046,969,Aug30_1/304-20190828180900-snapshot.jpg
5,1,20190828,180930,81,2,1457,509,1536,571,Aug30_1/304-20190828180930-snapshot.jpg
5,1,20190828,182500,84,2,1274,646,1334,710,Aug30_1/304-20190828182500-snapshot.jpg
5,1,20190828,182830,35,2,1186,213,1265,269,Aug30_1/304-20190828182830-snapshot.jpg
5,1,20190828,184000,82,2,1283,645,1339,715,Aug30_1/304-20190828184000-snapshot.jpg
5,1,20190828,185100,75,2,869,295,938,346,Aug30_1/304-20190828185100-snapshot.jpg
5,1,20190828,190830,85,2,1162,232,1219,300,Aug30_1/304-20190828190830-snapshot.jpg
5,1,20190828,191800,83,2,1702,882,1762,957,Aug30_1/304-20190828191800-snapshot.jpg
5,1,20190828,192130,82,2,1309,475,1389,528,Aug30_1/304-20190828192130-snapshot.jpg
5,1,20190828,192200,60,8,914,56,979,125,Aug30_1/304-20190828192200-snapshot.jpg
5,1,20190828,195200,82,8,1501,877,1581,934,Aug30_1/305-20190828195200-snapshot.jpg
5,1,20190829,060230,36,1,279,684,342,739,Aug30_1/318-20190829060230-snapshot.jpg
5,1,20190829,060400,53,1,281,686,341,738,Aug30_1/318-20190829060400-snapshot.jpg
5,1,20190829,060430,39,1,284,687,341,738,Aug30_1/318-20190829060430-snapshot.jpg
5,1,20190829,101630,76,8,1220,985,1291,1040,Aug30_1/334-20190829101630-snapshot.jpg
5,1,20190829,110330,75,8,1005,74,1065,140,Aug30_1/336-20190829110330-snapshot.jpg
5,1,20190829,111130,49,8,720,263,779,315,Aug30_1/336-20190829111130-snapshot.jpg
5,1,20190829,122400,85,2,1023,996,1084,1070,Aug30_1/336-20190829122400-snapshot.jpg
5,1,20190829,123700,78,2,841,758,894,827,Aug30_1/336-20190829123700-snapshot.jpg
5,1,20190829,124700,84,8,1138,227,1195,289,Aug30_1/337-20190829124700-snapshot.jpg
5,1,20190829,130000,82,8,803,748,880,793,Aug30_1/337-20190829130000-snapshot.jpg
5,1,20190829,130230,84,2,1288,720,1371,778,Aug30_1/337-20190829130230-snapshot.jpg
5,1,20190829,130530,34,2,1260,212,1310,259,Aug30_1/337-20190829130530-snapshot.jpg
5,1,20190829,130600,80,2,1153,376,1235,429,Aug30_1/337-20190829130600-snapshot.jpg
5,1,20190829,130930,85,2,1397,229,1457,307,Aug30_1/338-20190829130930-snapshot.jpg
5,1,20190829,132630,68,8,606,757,652,806,Aug30_1/339-20190829132630-snapshot.jpg
5,1,20190829,134530,53,1,233,238,272,271,Aug30_1/339-20190829134530-snapshot.jpg
5,1,20190829,135300,81,2,1461,522,1528,580,Aug30_1/339-20190829135300-snapshot.jpg
5,1,20190829,135430,66,2,127,65,203,125,Aug30_1/339-20190829135430-snapshot.jpg
5,1,20190829,140130,83,2,1279,672,1362,716,Aug30_1/339-20190829140130-snapshot.jpg
5,1,20190829,140400,84,2,1653,878,1737,939,Aug30_1/339-20190829140400-snapshot.jpg
5,1,20190829,140430,84,8,1216,766,1278,826,Aug30_1/339-20190829140430-snapshot.jpg
5,1,20190829,140700,83,2,1603,661,1675,747,Aug30_1/339-20190829140700-snapshot.jpg
5,1,20190829,140730,81,2,840,643,897,705,Aug30_1/339-20190829140730-snapshot.jpg
5,1,20190829,141500,82,8,872,1015,931,1080,Aug30_1/339-20190829141500-snapshot.jpg
5,1,20190829,141500,83,2,1190,216,1265,271,Aug30_1/339-20190829141500-snapshot.jpg
5,1,20190829,141800,41,8,763,294,822,345,Aug30_1/339-20190829141800-snapshot.jpg
5,1,20190829,142230,31,2,1197,213,1267,265,Aug30_1/339-20190829142230-snapshot.jpg
5,1,20190829,142530,43,2,1195,213,1266,264,Aug30_1/339-20190829142530-snapshot.jpg
5,1,20190829,142900,82,2,1822,845,1903,919,Aug30_1/339-20190829142900-snapshot.jpg
5,1,20190829,143300,65,2,124,74,189,149,Aug30_1/339-20190829143300-snapshot.jpg
5,1,20190829,145200,71,2,149,86,210,142,Aug30_1/339-20190829145200-snapshot.jpg
5,1,20190829,145500,85,2,852,948,934,1001,Aug30_1/339-20190829145500-snapshot.jpg
5,1,20190824,073830,29,1,0,313,22,351,Aug30_1/34-20190824073830-snapshot.jpg
5,1,20190829,153000,41,2,1195,213,1265,265,Aug30_1/340-20190829153000-snapshot.jpg
5,1,20190829,153100,48,2,1193,213,1267,265,Aug30_1/340-20190829153100-snapshot.jpg
5,1,20190829,153600,70,2,1189,212,1266,267,Aug30_1/340-20190829153600-snapshot.jpg
5,1,20190829,153630,66,2,1191,214,1266,265,Aug30_1/340-20190829153630-snapshot.jpg
5,1,20190829,153730,74,2,1190,212,1267,266,Aug30_1/340-20190829153730-snapshot.jpg
5,1,20190829,153800,79,2,1189,214,1266,267,Aug30_1/340-20190829153800-snapshot.jpg
5,1,20190829,153830,52,2,1190,213,1264,267,Aug30_1/340-20190829153830-snapshot.jpg
5,1,20190829,153830,85,2,1261,238,1314,301,Aug30_1/340-20190829153830-snapshot.jpg
5,1,20190829,153900,70,2,1189,212,1266,266,Aug30_1/340-20190829153900-snapshot.jpg
5,1,20190829,153900,85,2,1501,635,1575,700,Aug30_1/340-20190829153900-snapshot.jpg
5,1,20190829,154000,37,2,1190,212,1266,265,Aug30_1/340-20190829154000-snapshot.jpg
5,1,20190829,154300,52,2,1191,215,1266,264,Aug30_1/340-20190829154300-snapshot.jpg
5,1,20190829,155900,32,2,1200,210,1265,263,Aug30_1/340-20190829155900-snapshot.jpg
5,1,20190829,160230,45,2,1191,212,1265,264,Aug30_1/340-20190829160230-snapshot.jpg
5,1,20190829,160230,80,2,372,209,460,263,Aug30_1/340-20190829160230-snapshot.jpg
5,1,20190829,160300,65,2,1190,213,1267,265,Aug30_1/340-20190829160300-snapshot.jpg
5,1,20190829,160330,65,2,1196,212,1269,261,Aug30_1/340-20190829160330-snapshot.jpg
5,1,20190829,160400,72,2,1194,212,1265,262,Aug30_1/340-20190829160400-snapshot.jpg
5,1,20190829,160600,33,2,1193,211,1266,262,Aug30_1/340-20190829160600-snapshot.jpg
5,1,20190829,160630,80,2,1190,209,1266,264,Aug30_1/340-20190829160630-snapshot.jpg
5,1,20190829,160700,51,2,1191,213,1269,263,Aug30_1/340-20190829160700-snapshot.jpg
5,1,20190829,160730,67,2,1193,212,1267,263,Aug30_1/340-20190829160730-snapshot.jpg
5,1,20190829,160930,39,2,1192,211,1269,263,Aug30_1/340-20190829160930-snapshot.jpg
5,1,20190829,160930,78,8,492,441,570,496,Aug30_1/340-20190829160930-snapshot.jpg
5,1,20190829,161130,83,2,1237,237,1293,308,Aug30_1/340-20190829161130-snapshot.jpg
5,1,20190829,161200,81,2,834,894,909,944,Aug30_1/340-20190829161200-snapshot.jpg
5,1,20190829,161230,82,2,1284,667,1365,724,Aug30_1/340-20190829161230-snapshot.jpg
5,1,20190829,161800,53,2,1193,210,1266,263,Aug30_1/340-20190829161800-snapshot.jpg
5,1,20190829,161830,52,2,1196,210,1266,262,Aug30_1/340-20190829161830-snapshot.jpg
5,1,20190829,162100,54,2,1194,211,1265,263,Aug30_1/340-20190829162100-snapshot.jpg
5,1,20190829,162130,48,2,1194,210,1266,263,Aug30_1/340-20190829162130-snapshot.jpg
5,1,20190829,162200,52,2,1194,210,1266,264,Aug30_1/340-20190829162200-snapshot.jpg
5,1,20190829,162230,36,2,1195,211,1265,263,Aug30_1/340-20190829162230-snapshot.jpg
5,1,20190829,162300,42,2,1194,209,1267,262,Aug30_1/340-20190829162300-snapshot.jpg
5,1,20190829,162330,81,2,1191,208,1268,264,Aug30_1/340-20190829162330-snapshot.jpg
5,1,20190829,162400,78,2,1191,209,1268,262,Aug30_1/340-20190829162400-snapshot.jpg
5,1,20190829,162430,70,2,1193,208,1268,262,Aug30_1/340-20190829162430-snapshot.jpg
5,1,20190829,162500,81,2,1192,207,1269,263,Aug30_1/340-20190829162500-snapshot.jpg
5,1,20190829,162530,83,2,1191,208,1270,263,Aug30_1/340-20190829162530-snapshot.jpg
5,1,20190829,162600,80,2,1190,208,1271,263,Aug30_1/340-20190829162600-snapshot.jpg
5,1,20190829,162630,82,2,1189,209,1269,264,Aug30_1/340-20190829162630-snapshot.jpg
5,1,20190829,162700,79,2,1188,209,1267,264,Aug30_1/340-20190829162700-snapshot.jpg
5,1,20190829,162730,81,2,1190,209,1269,263,Aug30_1/340-20190829162730-snapshot.jpg
5,1,20190829,162800,62,2,1190,210,1271,262,Aug30_1/340-20190829162800-snapshot.jpg
5,1,20190829,162830,76,2,1191,211,1269,263,Aug30_1/340-20190829162830-snapshot.jpg
5,1,20190829,163000,48,2,1192,212,1266,263,Aug30_1/340-20190829163000-snapshot.jpg
5,1,20190829,163030,73,2,1193,211,1268,262,Aug30_1/340-20190829163030-snapshot.jpg
5,1,20190829,163100,64,2,1192,210,1269,262,Aug30_1/340-20190829163100-snapshot.jpg
5,1,20190829,163100,82,2,1496,760,1562,832,Aug30_1/340-20190829163100-snapshot.jpg
5,1,20190829,163200,36,2,1193,211,1270,260,Aug30_1/340-20190829163200-snapshot.jpg
5,1,20190829,163230,73,2,1192,211,1270,262,Aug30_1/340-20190829163230-snapshot.jpg
5,1,20190829,163300,66,2,1192,211,1269,264,Aug30_1/340-20190829163300-snapshot.jpg
5,1,20190829,163330,73,2,1191,210,1269,263,Aug30_1/340-20190829163330-snapshot.jpg
5,1,20190829,163400,75,2,1187,208,1268,263,Aug30_1/340-20190829163400-snapshot.jpg
5,1,20190829,163430,79,2,1189,210,1269,263,Aug30_1/340-20190829163430-snapshot.jpg
5,1,20190829,163500,77,2,1189,209,1271,263,Aug30_1/340-20190829163500-snapshot.jpg
5,1,20190829,163530,72,2,1188,209,1270,262,Aug30_1/340-20190829163530-snapshot.jpg
5,1,20190829,163600,76,2,1188,209,1270,263,Aug30_1/340-20190829163600-snapshot.jpg
5,1,20190829,163700,82,2,1189,210,1270,263,Aug30_1/340-20190829163700-snapshot.jpg
5,1,20190829,163730,75,2,1189,208,1268,264,Aug30_1/340-20190829163730-snapshot.jpg
5,1,20190829,163800,80,2,1190,208,1271,262,Aug30_1/340-20190829163800-snapshot.jpg
5,1,20190829,163830,74,2,1189,208,1270,262,Aug30_1/340-20190829163830-snapshot.jpg
5,1,20190829,163900,82,2,1189,208,1271,262,Aug30_1/340-20190829163900-snapshot.jpg
5,1,20190829,163930,53,2,1190,208,1269,262,Aug30_1/340-20190829163930-snapshot.jpg
5,1,20190829,164030,61,2,1191,208,1268,262,Aug30_1/340-20190829164030-snapshot.jpg
5,1,20190829,164100,78,2,1189,208,1270,263,Aug30_1/340-20190829164100-snapshot.jpg
5,1,20190829,164130,47,2,1189,207,1272,262,Aug30_1/340-20190829164130-snapshot.jpg
5,1,20190829,164200,60,2,1191,208,1273,261,Aug30_1/340-20190829164200-snapshot.jpg
5,1,20190829,164230,74,2,1189,209,1273,262,Aug30_1/340-20190829164230-snapshot.jpg
5,1,20190829,164300,66,2,1189,209,1269,262,Aug30_1/340-20190829164300-snapshot.jpg
5,1,20190829,164700,71,2,1191,207,1268,262,Aug30_1/340-20190829164700-snapshot.jpg
5,1,20190829,164730,61,2,1190,208,1271,261,Aug30_1/340-20190829164730-snapshot.jpg
5,1,20190829,164800,52,2,1190,208,1264,263,Aug30_1/340-20190829164800-snapshot.jpg
5,1,20190829,165100,40,2,1189,209,1264,262,Aug30_1/340-20190829165100-snapshot.jpg
5,1,20190829,165200,56,2,1190,207,1267,262,Aug30_1/340-20190829165200-snapshot.jpg
5,1,20190829,165230,28,2,1189,208,1266,262,Aug30_1/340-20190829165230-snapshot.jpg
5,1,20190829,165300,72,2,1190,207,1267,262,Aug30_1/340-20190829165300-snapshot.jpg
5,1,20190829,165330,26,2,1189,208,1265,261,Aug30_1/340-20190829165330-snapshot.jpg
5,1,20190829,165400,59,2,1188,207,1264,263,Aug30_1/340-20190829165400-snapshot.jpg
5,1,20190829,165430,74,2,1189,207,1266,263,Aug30_1/340-20190829165430-snapshot.jpg
5,1,20190829,165500,59,2,110,102,199,160,Aug30_1/340-20190829165500-snapshot.jpg
5,1,20190829,165700,26,2,1189,208,1261,264,Aug30_1/340-20190829165700-snapshot.jpg
5,1,20190829,165730,27,2,1190,207,1264,263,Aug30_1/340-20190829165730-snapshot.jpg
5,1,20190829,165900,73,2,1191,207,1268,261,Aug30_1/340-20190829165900-snapshot.jpg
5,1,20190829,170000,36,2,1188,209,1261,265,Aug30_1/340-20190829170000-snapshot.jpg
5,1,20190829,170030,33,2,1189,209,1259,264,Aug30_1/340-20190829170030-snapshot.jpg
5,1,20190829,170100,50,2,1188,209,1261,263,Aug30_1/340-20190829170100-snapshot.jpg
5,1,20190829,170330,56,2,1187,208,1262,264,Aug30_1/340-20190829170330-snapshot.jpg
5,1,20190829,170400,73,2,845,897,910,954,Aug30_1/340-20190829170400-snapshot.jpg
5,1,20190829,170430,59,2,1188,207,1262,264,Aug30_1/340-20190829170430-snapshot.jpg
5,1,20190829,170500,83,2,1334,99,1401,153,Aug30_1/340-20190829170500-snapshot.jpg
5,1,20190829,170600,52,2,1188,207,1262,263,Aug30_1/340-20190829170600-snapshot.jpg
5,1,20190829,170630,66,2,1189,207,1264,263,Aug30_1/340-20190829170630-snapshot.jpg
5,1,20190829,170700,62,2,1188,206,1263,262,Aug30_1/340-20190829170700-snapshot.jpg
5,1,20190829,170730,34,2,1188,208,1262,263,Aug30_1/340-20190829170730-snapshot.jpg
5,1,20190829,170800,68,2,1211,204,1307,259,Aug30_1/340-20190829170800-snapshot.jpg
5,1,20190829,170830,63,2,1188,207,1263,263,Aug30_1/340-20190829170830-snapshot.jpg
5,1,20190829,170900,65,2,1188,206,1265,262,Aug30_1/340-20190829170900-snapshot.jpg
5,1,20190829,170930,45,2,1191,206,1265,261,Aug30_1/340-20190829170930-snapshot.jpg
5,1,20190829,170930,79,2,391,191,468,258,Aug30_1/340-20190829170930-snapshot.jpg
5,1,20190829,171000,74,2,1189,206,1266,263,Aug30_1/340-20190829171000-snapshot.jpg
5,1,20190829,171030,69,2,1187,207,1263,263,Aug30_1/340-20190829171030-snapshot.jpg
5,1,20190829,171100,70,2,1188,207,1262,263,Aug30_1/340-20190829171100-snapshot.jpg
5,1,20190829,171130,64,2,1188,207,1263,263,Aug30_1/340-20190829171130-snapshot.jpg
5,1,20190829,171200,72,2,1188,207,1263,262,Aug30_1/340-20190829171200-snapshot.jpg
5,1,20190829,171230,72,2,1187,206,1264,263,Aug30_1/340-20190829171230-snapshot.jpg
5,1,20190829,171300,54,2,1188,206,1263,262,Aug30_1/340-20190829171300-snapshot.jpg
5,1,20190829,171330,73,2,1189,207,1263,260,Aug30_1/340-20190829171330-snapshot.jpg
5,1,20190829,171400,75,2,1188,207,1263,262,Aug30_1/340-20190829171400-snapshot.jpg
5,1,20190829,171430,70,2,1188,208,1261,262,Aug30_1/340-20190829171430-snapshot.jpg
5,1,20190829,171500,70,2,1188,207,1263,262,Aug30_1/340-20190829171500-snapshot.jpg
5,1,20190829,171530,79,2,1189,206,1265,263,Aug30_1/340-20190829171530-snapshot.jpg
5,1,20190829,171600,63,2,1188,208,1262,263,Aug30_1/340-20190829171600-snapshot.jpg
5,1,20190829,171630,59,2,71,169,135,240,Aug30_1/340-20190829171630-snapshot.jpg
5,1,20190829,171630,76,2,1187,206,1263,262,Aug30_1/340-20190829171630-snapshot.jpg
5,1,20190829,171700,65,2,1188,207,1264,262,Aug30_1/340-20190829171700-snapshot.jpg
5,1,20190829,171730,70,2,1190,207,1265,262,Aug30_1/340-20190829171730-snapshot.jpg
5,1,20190829,171730,82,2,1277,638,1358,685,Aug30_1/340-20190829171730-snapshot.jpg
5,1,20190829,171800,61,2,1190,208,1261,262,Aug30_1/340-20190829171800-snapshot.jpg
5,1,20190829,171830,25,1,1543,140,1585,174,Aug30_1/340-20190829171830-snapshot.jpg
5,1,20190829,171830,79,2,1189,206,1264,263,Aug30_1/340-20190829171830-snapshot.jpg
5,1,20190829,171900,63,2,1191,206,1265,262,Aug30_1/340-20190829171900-snapshot.jpg
5,1,20190829,172000,56,2,1189,208,1261,265,Aug30_1/340-20190829172000-snapshot.jpg
5,1,20190829,172100,35,2,1189,208,1260,264,Aug30_1/340-20190829172100-snapshot.jpg
5,1,20190829,172130,70,2,1189,206,1264,262,Aug30_1/340-20190829172130-snapshot.jpg
5,1,20190829,172200,38,2,1188,208,1261,262,Aug30_1/340-20190829172200-snapshot.jpg
5,1,20190829,172230,56,2,1188,207,1263,264,Aug30_1/340-20190829172230-snapshot.jpg
5,1,20190829,172300,57,2,1188,207,1266,262,Aug30_1/340-20190829172300-snapshot.jpg
5,1,20190829,172330,57,2,1190,207,1266,262,Aug30_1/340-20190829172330-snapshot.jpg
5,1,20190829,172400,54,2,1188,209,1259,266,Aug30_1/340-20190829172400-snapshot.jpg
5,1,20190829,172430,33,2,1188,208,1262,264,Aug30_1/340-20190829172430-snapshot.jpg
5,1,20190829,172500,54,2,1187,209,1260,264,Aug30_1/340-20190829172500-snapshot.jpg
5,1,20190829,172500,84,2,1257,158,1307,218,Aug30_1/340-20190829172500-snapshot.jpg
5,1,20190829,172530,69,2,1187,208,1262,265,Aug30_1/340-20190829172530-snapshot.jpg
5,1,20190829,172600,51,2,1188,207,1265,263,Aug30_1/340-20190829172600-snapshot.jpg
5,1,20190829,172630,48,2,1187,209,1260,264,Aug30_1/340-20190829172630-snapshot.jpg
5,1,20190829,172700,66,2,1189,208,1267,261,Aug30_1/340-20190829172700-snapshot.jpg
5,1,20190829,172730,56,2,1190,207,1263,261,Aug30_1/340-20190829172730-snapshot.jpg
5,1,20190829,172800,65,2,1189,207,1264,263,Aug30_1/340-20190829172800-snapshot.jpg
5,1,20190829,172830,72,2,1188,208,1262,265,Aug30_1/340-20190829172830-snapshot.jpg
5,1,20190829,172900,60,2,1189,206,1263,263,Aug30_1/340-20190829172900-snapshot.jpg
5,1,20190829,172930,50,2,1189,207,1260,264,Aug30_1/340-20190829172930-snapshot.jpg
5,1,20190829,173000,66,2,1188,207,1263,263,Aug30_1/340-20190829173000-snapshot.jpg
5,1,20190829,173030,73,2,1189,206,1266,262,Aug30_1/340-20190829173030-snapshot.jpg
5,1,20190829,173100,68,2,1188,206,1265,264,Aug30_1/340-20190829173100-snapshot.jpg
5,1,20190829,173130,47,2,1188,207,1263,263,Aug30_1/340-20190829173130-snapshot.jpg
5,1,20190829,173200,35,2,1190,207,1265,262,Aug30_1/340-20190829173200-snapshot.jpg
5,1,20190829,173230,59,2,1191,206,1268,261,Aug30_1/340-20190829173230-snapshot.jpg
5,1,20190829,173300,41,2,1192,207,1271,261,Aug30_1/340-20190829173300-snapshot.jpg
5,1,20190829,173400,60,2,1190,206,1265,262,Aug30_1/340-20190829173400-snapshot.jpg
5,1,20190829,173430,40,2,1190,207,1261,264,Aug30_1/340-20190829173430-snapshot.jpg
5,1,20190829,173500,72,2,1190,206,1266,262,Aug30_1/340-20190829173500-snapshot.jpg
5,1,20190829,173530,39,2,1190,206,1266,261,Aug30_1/340-20190829173530-snapshot.jpg
5,1,20190829,173600,76,2,1190,206,1266,261,Aug30_1/340-20190829173600-snapshot.jpg
5,1,20190829,173700,31,2,1192,207,1269,260,Aug30_1/340-20190829173700-snapshot.jpg
5,1,20190829,173730,72,2,1191,206,1267,261,Aug30_1/340-20190829173730-snapshot.jpg
5,1,20190829,173800,26,2,1191,207,1264,262,Aug30_1/340-20190829173800-snapshot.jpg
5,1,20190829,173830,26,2,1194,208,1271,260,Aug30_1/340-20190829173830-snapshot.jpg
5,1,20190829,174000,49,2,1190,206,1267,262,Aug30_1/340-20190829174000-snapshot.jpg
5,1,20190829,174030,61,2,1191,206,1269,262,Aug30_1/340-20190829174030-snapshot.jpg
5,1,20190829,174100,49,2,1194,209,1269,260,Aug30_1/340-20190829174100-snapshot.jpg
5,1,20190829,174200,33,2,1193,210,1266,260,Aug30_1/340-20190829174200-snapshot.jpg
5,1,20190829,174200,83,2,1242,248,1322,298,Aug30_1/340-20190829174200-snapshot.jpg
5,1,20190829,174230,81,2,1182,410,1263,475,Aug30_1/340-20190829174230-snapshot.jpg
5,1,20190829,174800,34,2,1194,206,1262,261,Aug30_1/340-20190829174800-snapshot.jpg
5,1,20190829,174830,42,2,1193,207,1267,259,Aug30_1/340-20190829174830-snapshot.jpg
5,1,20190829,174900,81,2,864,218,935,274,Aug30_1/340-20190829174900-snapshot.jpg
5,1,20190829,175030,68,2,1192,206,1263,263,Aug30_1/340-20190829175030-snapshot.jpg
5,1,20190829,175100,44,2,1192,207,1268,260,Aug30_1/340-20190829175100-snapshot.jpg
5,1,20190829,175130,54,2,1193,206,1268,259,Aug30_1/340-20190829175130-snapshot.jpg
5,1,20190829,175130,84,2,827,360,895,428,Aug30_1/340-20190829175130-snapshot.jpg
5,1,20190829,175200,44,2,1194,207,1266,259,Aug30_1/340-20190829175200-snapshot.jpg
5,1,20190829,175300,28,2,1194,208,1265,259,Aug30_1/340-20190829175300-snapshot.jpg
5,1,20190829,175330,82,2,450,121,525,170,Aug30_1/340-20190829175330-snapshot.jpg
5,1,20190829,175400,72,2,1592,383,1665,449,Aug30_1/340-20190829175400-snapshot.jpg
5,1,20190829,175930,48,2,1195,206,1268,258,Aug30_1/340-20190829175930-snapshot.jpg
5,1,20190829,180130,76,2,1192,204,1265,261,Aug30_1/340-20190829180130-snapshot.jpg
5,1,20190829,180200,65,2,1193,205,1261,260,Aug30_1/340-20190829180200-snapshot.jpg
5,1,20190829,180230,64,2,1194,204,1261,261,Aug30_1/340-20190829180230-snapshot.jpg
5,1,20190829,180630,69,2,1190,204,1265,261,Aug30_1/340-20190829180630-snapshot.jpg
5,1,20190829,180630,78,2,118,1021,185,1080,Aug30_1/340-20190829180630-snapshot.jpg
5,1,20190829,180700,64,2,1191,203,1266,262,Aug30_1/340-20190829180700-snapshot.jpg
5,1,20190829,180730,64,2,1191,204,1266,262,Aug30_1/340-20190829180730-snapshot.jpg
5,1,20190829,180800,61,2,1190,204,1264,261,Aug30_1/340-20190829180800-snapshot.jpg
5,1,20190829,180830,57,2,1191,205,1261,261,Aug30_1/340-20190829180830-snapshot.jpg
5,1,20190829,180900,63,2,1190,205,1264,260,Aug30_1/340-20190829180900-snapshot.jpg
5,1,20190829,181130,39,2,1194,204,1270,259,Aug30_1/340-20190829181130-snapshot.jpg
5,1,20190829,181400,41,2,1195,205,1269,258,Aug30_1/340-20190829181400-snapshot.jpg
5,1,20190829,181500,55,2,1192,203,1267,259,Aug30_1/340-20190829181500-snapshot.jpg
5,1,20190829,181900,41,2,1195,204,1260,258,Aug30_1/340-20190829181900-snapshot.jpg
5,1,20190829,181930,66,2,1362,103,1420,164,Aug30_1/340-20190829181930-snapshot.jpg
5,1,20190829,182000,49,2,1194,204,1269,258,Aug30_1/340-20190829182000-snapshot.jpg
5,1,20190829,182030,29,2,1194,204,1269,258,Aug30_1/340-20190829182030-snapshot.jpg
5,1,20190829,182100,54,2,1193,203,1269,258,Aug30_1/340-20190829182100-snapshot.jpg
5,1,20190829,182130,25,2,1193,204,1269,258,Aug30_1/340-20190829182130-snapshot.jpg
5,1,20190829,182230,26,2,1196,206,1267,257,Aug30_1/340-20190829182230-snapshot.jpg
5,1,20190829,182400,73,2,1191,203,1263,259,Aug30_1/340-20190829182400-snapshot.jpg
5,1,20190829,182430,61,2,1191,204,1265,258,Aug30_1/340-20190829182430-snapshot.jpg
5,1,20190829,182500,57,2,1194,204,1269,257,Aug30_1/340-20190829182500-snapshot.jpg
5,1,20190829,182530,48,2,1195,205,1269,257,Aug30_1/340-20190829182530-snapshot.jpg
5,1,20190829,182800,47,2,1194,206,1268,258,Aug30_1/340-20190829182800-snapshot.jpg
5,1,20190829,182830,32,2,1194,206,1268,257,Aug30_1/340-20190829182830-snapshot.jpg
5,1,20190829,182900,31,2,1196,207,1265,258,Aug30_1/340-20190829182900-snapshot.jpg
5,1,20190829,183500,62,2,1187,203,1267,261,Aug30_1/340-20190829183500-snapshot.jpg
5,1,20190829,183600,61,2,1186,203,1269,261,Aug30_1/340-20190829183600-snapshot.jpg
5,1,20190829,183630,30,2,1194,204,1268,258,Aug30_1/340-20190829183630-snapshot.jpg
5,1,20190829,183700,71,2,1193,202,1269,258,Aug30_1/340-20190829183700-snapshot.jpg
5,1,20190829,183800,35,2,1195,204,1269,257,Aug30_1/340-20190829183800-snapshot.jpg
5,1,20190829,185930,30,2,1195,203,1269,256,Aug30_1/340-20190829185930-snapshot.jpg
5,1,20190829,190030,30,2,1195,204,1270,257,Aug30_1/340-20190829190030-snapshot.jpg
5,1,20190829,190400,61,8,424,742,503,795,Aug30_1/340-20190829190400-snapshot.jpg
5,1,20190829,190530,79,2,1504,745,1579,823,Aug30_1/340-20190829190530-snapshot.jpg
5,1,20190829,190630,80,2,334,132,390,193,Aug30_1/340-20190829190630-snapshot.jpg
5,1,20190829,190730,76,2,149,85,206,146,Aug30_1/340-20190829190730-snapshot.jpg
5,1,20190829,191530,83,8,839,77,903,144,Aug30_1/340-20190829191530-snapshot.jpg
5,1,20190829,191830,85,2,866,755,921,823,Aug30_1/340-20190829191830-snapshot.jpg
5,1,20190829,193530,86,2,1476,502,1532,572,Aug30_1/342-20190829193530-snapshot.jpg
5,1,20190829,204630,49,1,290,676,348,730,Aug30_1/349-20190829204630-snapshot.jpg
5,1,20190829,204700,50,1,288,677,347,732,Aug30_1/349-20190829204700-snapshot.jpg
5,1,20190830,055200,31,1,287,680,349,737,Aug30_1/351-20190830055200-snapshot.jpg
5,1,20190830,055230,63,1,289,680,349,736,Aug30_1/351-20190830055230-snapshot.jpg
5,1,20190830,055300,79,1,289,681,348,737,Aug30_1/351-20190830055300-snapshot.jpg
5,1,20190830,055330,76,1,288,681,347,736,Aug30_1/351-20190830055330-snapshot.jpg
5,1,20190830,055400,29,1,289,680,347,735,Aug30_1/351-20190830055400-snapshot.jpg
5,1,20190830,055430,74,1,291,682,346,734,Aug30_1/351-20190830055430-snapshot.jpg
5,1,20190830,075030,79,8,1662,92,1751,157,Aug30_1/381-20190830075030-snapshot.jpg
5,1,20190830,092530,46,8,1125,563,1197,622,Aug30_1/390-20190830092530-snapshot.jpg
5,1,20190824,081330,31,1,0,312,23,352,Aug30_1/43-20190824081330-snapshot.jpg
5,1,20190824,085030,84,8,1489,964,1576,1020,Aug30_1/53-20190824085030-snapshot.jpg
5,1,20190824,092800,83,8,1018,383,1087,461,Aug30_1/60-20190824092800-snapshot.jpg
5,1,20190824,094700,59,2,1511,10,1602,70,Aug30_1/61-20190824094700-snapshot.jpg
5,1,20190824,094730,79,2,800,508,871,566,Aug30_1/61-20190824094730-snapshot.jpg
5,1,20190824,094800,76,2,923,541,976,597,Aug30_1/61-20190824094800-snapshot.jpg
5,1,20190824,094830,79,2,1611,649,1698,700,Aug30_1/61-20190824094830-snapshot.jpg
5,1,20190824,094830,83,1,1628,771,1670,807,Aug30_1/61-20190824094830-snapshot.jpg
5,1,20190824,100030,83,2,1300,711,1360,783,Aug30_1/62-20190824100030-snapshot.jpg
5,1,20190824,101100,75,2,1393,715,1471,763,Aug30_1/62-20190824101100-snapshot.jpg
5,1,20190824,101230,75,2,1830,704,1895,775,Aug30_1/62-20190824101230-snapshot.jpg
5,1,20190824,101530,84,2,766,710,823,777,Aug30_1/62-20190824101530-snapshot.jpg
5,1,20190824,101600,45,2,1813,756,1872,825,Aug30_1/62-20190824101600-snapshot.jpg
5,1,20190824,101800,85,2,1322,176,1380,257,Aug30_1/62-20190824101800-snapshot.jpg
5,1,20190824,101830,78,2,1866,919,1920,996,Aug30_1/62-20190824101830-snapshot.jpg
5,1,20190824,102130,78,2,1317,196,1376,261,Aug30_1/62-20190824102130-snapshot.jpg
5,1,20190824,102430,67,2,620,796,693,847,Aug30_1/62-20190824102430-snapshot.jpg
5,1,20190824,102900,80,2,1253,846,1331,906,Aug30_1/62-20190824102900-snapshot.jpg
5,1,20190824,102900,82,2,1348,200,1410,269,Aug30_1/62-20190824102900-snapshot.jpg
5,1,20190824,102930,77,2,1293,636,1374,689,Aug30_1/62-20190824102930-snapshot.jpg
5,1,20190824,103800,76,2,1863,1010,1919,1068,Aug30_1/62-20190824103800-snapshot.jpg
5,1,20190824,103830,84,3,1624,574,1710,642,Aug30_1/62-20190824103830-snapshot.jpg
5,1,20190824,103900,85,2,1867,782,1920,860,Aug30_1/62-20190824103900-snapshot.jpg
5,1,20190824,104230,78,2,1315,708,1382,776,Aug30_1/62-20190824104230-snapshot.jpg
5,1,20190824,104300,77,2,1563,627,1652,689,Aug30_1/62-20190824104300-snapshot.jpg
5,1,20190824,104830,72,2,1403,212,1467,278,Aug30_1/62-20190824104830-snapshot.jpg
5,1,20190824,104830,85,2,925,468,984,538,Aug30_1/62-20190824104830-snapshot.jpg
5,1,20190824,105030,84,2,899,549,954,606,Aug30_1/62-20190824105030-snapshot.jpg
5,1,20190824,105400,84,2,847,548,909,624,Aug30_1/62-20190824105400-snapshot.jpg
5,1,20190824,105430,73,2,666,459,735,524,Aug30_1/62-20190824105430-snapshot.jpg
5,1,20190824,105430,84,2,1341,678,1422,735,Aug30_1/62-20190824105430-snapshot.jpg
5,1,20190824,105500,88,7,1811,849,1920,999,Aug30_1/62-20190824105500-snapshot.jpg
5,1,20190824,105600,84,2,1334,197,1416,245,Aug30_1/62-20190824105600-snapshot.jpg
5,1,20190824,105600,85,2,1480,702,1556,775,Aug30_1/62-20190824105600-snapshot.jpg
5,1,20190824,105700,26,2,0,137,58,200,Aug30_1/62-20190824105700-snapshot.jpg
5,1,20190824,110000,85,2,1119,496,1206,573,Aug30_1/62-20190824110000-snapshot.jpg
5,1,20190824,110100,72,2,811,539,883,592,Aug30_1/62-20190824110100-snapshot.jpg
5,1,20190824,110130,75,2,1676,892,1759,961,Aug30_1/62-20190824110130-snapshot.jpg
5,1,20190824,110230,67,2,1402,152,1472,220,Aug30_1/62-20190824110230-snapshot.jpg
5,1,20190824,110300,83,2,1571,494,1657,564,Aug30_1/62-20190824110300-snapshot.jpg
5,1,20190824,110330,82,2,1308,641,1368,708,Aug30_1/62-20190824110330-snapshot.jpg
5,1,20190824,110430,74,2,358,145,430,200,Aug30_1/62-20190824110430-snapshot.jpg
5,1,20190824,110500,78,2,909,909,996,977,Aug30_1/62-20190824110500-snapshot.jpg
5,1,20190824,110700,79,2,1356,508,1418,582,Aug30_1/62-20190824110700-snapshot.jpg
5,1,20190824,110730,37,2,1586,396,1665,461,Aug30_1/62-20190824110730-snapshot.jpg
5,1,20190824,111000,81,2,923,352,983,409,Aug30_1/62-20190824111000-snapshot.jpg
5,1,20190824,111100,78,2,1322,176,1378,237,Aug30_1/62-20190824111100-snapshot.jpg
5,1,20190824,111430,83,2,1465,278,1524,355,Aug30_1/62-20190824111430-snapshot.jpg
5,1,20190824,111430,83,2,1233,556,1310,633,Aug30_1/62-20190824111430-snapshot.jpg
5,1,20190824,111500,28,2,0,159,69,217,Aug30_1/62-20190824111500-snapshot.jpg
5,1,20190824,111730,73,2,391,146,470,198,Aug30_1/62-20190824111730-snapshot.jpg
5,1,20190824,111730,85,2,909,477,962,535,Aug30_1/62-20190824111730-snapshot.jpg
5,1,20190824,111800,85,2,916,367,968,433,Aug30_1/62-20190824111800-snapshot.jpg
5,1,20190824,111900,63,2,1592,15,1665,97,Aug30_1/62-20190824111900-snapshot.jpg
5,1,20190824,112000,26,2,832,134,898,188,Aug30_1/62-20190824112000-snapshot.jpg
5,1,20190824,112000,50,2,1771,516,1870,602,Aug30_1/62-20190824112000-snapshot.jpg
5,1,20190824,112000,83,2,1377,137,1462,193,Aug30_1/62-20190824112000-snapshot.jpg
5,1,20190824,112200,68,2,843,562,927,616,Aug30_1/62-20190824112200-snapshot.jpg
5,1,20190824,112500,75,2,822,647,876,706,Aug30_1/62-20190824112500-snapshot.jpg
5,1,20190824,112530,76,2,1438,800,1505,872,Aug30_1/62-20190824112530-snapshot.jpg
5,1,20190824,112700,34,1,1153,107,1196,145,Aug30_1/62-20190824112700-snapshot.jpg
5,1,20190824,112730,51,1,1153,106,1196,144,Aug30_1/62-20190824112730-snapshot.jpg
5,1,20190824,112730,75,2,446,224,504,285,Aug30_1/62-20190824112730-snapshot.jpg
5,1,20190824,112800,40,1,1153,107,1196,145,Aug30_1/62-20190824112800-snapshot.jpg
5,1,20190824,112830,52,1,1153,107,1196,144,Aug30_1/62-20190824112830-snapshot.jpg
5,1,20190824,113100,84,2,1333,204,1423,257,Aug30_1/62-20190824113100-snapshot.jpg
5,1,20190824,113230,79,2,1395,128,1460,187,Aug30_1/62-20190824113230-snapshot.jpg
5,1,20190824,113300,84,2,1725,957,1790,1040,Aug30_1/62-20190824113300-snapshot.jpg
5,1,20190824,113700,77,2,1436,814,1520,879,Aug30_1/62-20190824113700-snapshot.jpg
5,1,20190824,113730,66,2,854,604,919,674,Aug30_1/62-20190824113730-snapshot.jpg
5,1,20190824,113800,70,2,1588,396,1667,452,Aug30_1/62-20190824113800-snapshot.jpg
5,1,20190824,113930,84,2,1675,870,1741,942,Aug30_1/62-20190824113930-snapshot.jpg
5,1,20190824,114130,82,2,756,166,814,234,Aug30_1/62-20190824114130-snapshot.jpg
5,1,20190824,114230,86,2,882,331,962,381,Aug30_1/62-20190824114230-snapshot.jpg
5,1,20190824,114930,64,2,883,244,943,300,Aug30_1/62-20190824114930-snapshot.jpg
5,1,20190824,115000,84,2,1288,704,1374,756,Aug30_1/62-20190824115000-snapshot.jpg
5,1,20190824,115200,82,2,1470,402,1551,462,Aug30_1/62-20190824115200-snapshot.jpg
5,1,20190824,115400,78,2,1402,740,1462,797,Aug30_1/62-20190824115400-snapshot.jpg
5,1,20190824,115500,76,2,806,494,873,555,Aug30_1/62-20190824115500-snapshot.jpg
5,1,20190824,115530,73,2,820,704,870,759,Aug30_1/62-20190824115530-snapshot.jpg
5,1,20190824,115630,82,2,1694,905,1779,978,Aug30_1/62-20190824115630-snapshot.jpg
5,1,20190824,120200,76,2,814,676,879,731,Aug30_1/62-20190824120200-snapshot.jpg
5,1,20190824,120200,87,2,1302,284,1366,358,Aug30_1/62-20190824120200-snapshot.jpg
5,1,20190824,120230,82,2,808,232,863,291,Aug30_1/62-20190824120230-snapshot.jpg
5,1,20190824,120300,82,2,1678,884,1769,951,Aug30_1/62-20190824120300-snapshot.jpg
5,1,20190824,120300,82,2,1860,896,1919,972,Aug30_1/62-20190824120300-snapshot.jpg
5,1,20190824,120430,76,2,1312,699,1375,768,Aug30_1/62-20190824120430-snapshot.jpg
5,1,20190824,120500,73,2,1341,236,1400,293,Aug30_1/62-20190824120500-snapshot.jpg
5,1,20190824,120500,74,2,754,130,831,186,Aug30_1/62-20190824120500-snapshot.jpg
5,1,20190824,120700,84,2,958,910,1035,984,Aug30_1/62-20190824120700-snapshot.jpg
5,1,20190824,121000,85,2,903,328,962,395,Aug30_1/62-20190824121000-snapshot.jpg
5,1,20190824,121200,73,3,1600,385,1679,447,Aug30_1/62-20190824121200-snapshot.jpg
5,1,20190824,121400,84,2,1302,717,1383,766,Aug30_1/62-20190824121400-snapshot.jpg
5,1,20190824,121430,76,2,850,873,911,939,Aug30_1/62-20190824121430-snapshot.jpg
5,1,20190824,121430,77,2,1432,793,1502,866,Aug30_1/62-20190824121430-snapshot.jpg
5,1,20190824,121430,84,2,1368,193,1446,250,Aug30_1/62-20190824121430-snapshot.jpg
5,1,20190824,121630,77,2,1177,976,1233,1041,Aug30_1/62-20190824121630-snapshot.jpg
5,1,20190824,121800,84,2,706,936,788,994,Aug30_1/62-20190824121800-snapshot.jpg
5,1,20190824,121830,49,2,1413,220,1493,276,Aug30_1/62-20190824121830-snapshot.jpg
5,1,20190824,121900,79,2,1326,149,1380,213,Aug30_1/62-20190824121900-snapshot.jpg
5,1,20190824,121930,78,2,769,216,823,265,Aug30_1/62-20190824121930-snapshot.jpg
5,1,20190824,122600,82,2,1243,126,1326,175,Aug30_1/62-20190824122600-snapshot.jpg
5,1,20190824,122630,82,2,1799,645,1883,702,Aug30_1/62-20190824122630-snapshot.jpg
5,1,20190824,122800,81,2,1338,725,1422,778,Aug30_1/62-20190824122800-snapshot.jpg
5,1,20190824,122830,76,2,1377,732,1440,793,Aug30_1/62-20190824122830-snapshot.jpg
5,1,20190824,122900,59,2,443,242,517,294,Aug30_1/62-20190824122900-snapshot.jpg
5,1,20190824,122930,84,2,853,574,908,643,Aug30_1/62-20190824122930-snapshot.jpg
5,1,20190824,123000,78,2,816,223,877,281,Aug30_1/62-20190824123000-snapshot.jpg
5,1,20190824,123030,64,2,1593,393,1670,450,Aug30_1/62-20190824123030-snapshot.jpg
5,1,20190824,123230,83,2,1350,208,1415,274,Aug30_1/62-20190824123230-snapshot.jpg
5,1,20190824,123300,86,2,1230,289,1304,353,Aug30_1/62-20190824123300-snapshot.jpg
5,1,20190824,123500,74,2,1183,944,1252,999,Aug30_1/62-20190824123500-snapshot.jpg
5,1,20190824,123500,79,3,1802,693,1898,775,Aug30_1/62-20190824123500-snapshot.jpg
5,1,20190824,123600,83,2,1653,518,1732,577,Aug30_1/62-20190824123600-snapshot.jpg
5,1,20190824,123630,76,2,1326,745,1412,803,Aug30_1/62-20190824123630-snapshot.jpg
5,1,20190824,123700,85,2,741,488,798,563,Aug30_1/62-20190824123700-snapshot.jpg
5,1,20190824,123930,77,2,1304,731,1386,783,Aug30_1/62-20190824123930-snapshot.jpg
5,1,20190824,124030,59,2,1765,206,1830,276,Aug30_1/62-20190824124030-snapshot.jpg
5,1,20190824,124030,77,2,0,147,66,202,Aug30_1/62-20190824124030-snapshot.jpg
5,1,20190824,124330,71,2,1412,208,1502,276,Aug30_1/62-20190824124330-snapshot.jpg
5,1,20190824,124330,72,2,1755,1030,1829,1080,Aug30_1/62-20190824124330-snapshot.jpg
5,1,20190824,124330,76,2,750,133,809,201,Aug30_1/62-20190824124330-snapshot.jpg
5,1,20190824,124730,70,2,796,514,853,577,Aug30_1/62-20190824124730-snapshot.jpg
5,1,20190824,124800,81,2,911,930,997,980,Aug30_1/62-20190824124800-snapshot.jpg
5,1,20190824,125200,85,2,820,683,875,759,Aug30_1/62-20190824125200-snapshot.jpg
5,1,20190824,125430,87,2,1160,449,1246,510,Aug30_1/63-20190824125430-snapshot.jpg
5,1,20190824,125500,81,2,1721,976,1804,1050,Aug30_1/63-20190824125500-snapshot.jpg
5,1,20190824,125700,84,2,1026,562,1082,632,Aug30_1/63-20190824125700-snapshot.jpg
5,1,20190824,125700,86,2,911,357,986,416,Aug30_1/63-20190824125700-snapshot.jpg
5,1,20190824,125800,85,2,1220,260,1279,325,Aug30_1/63-20190824125800-snapshot.jpg
5,1,20190824,125830,33,2,1317,158,1382,204,Aug30_1/63-20190824125830-snapshot.jpg
5,1,20190824,125900,65,2,1596,468,1655,536,Aug30_1/63-20190824125900-snapshot.jpg
5,1,20190824,130400,37,2,1814,681,1879,746,Aug30_1/63-20190824130400-snapshot.jpg
5,1,20190824,130500,73,2,1784,249,1850,326,Aug30_1/63-20190824130500-snapshot.jpg
5,1,20190824,130530,84,2,802,136,861,215,Aug30_1/63-20190824130530-snapshot.jpg
5,1,20190824,130600,82,2,1468,823,1549,895,Aug30_1/63-20190824130600-snapshot.jpg
5,1,20190824,130600,87,2,804,563,858,634,Aug30_1/63-20190824130600-snapshot.jpg
5,1,20190824,130800,85,2,871,624,939,703,Aug30_1/63-20190824130800-snapshot.jpg
5,1,20190824,130930,77,2,22,58,102,126,Aug30_1/63-20190824130930-snapshot.jpg
5,1,20190824,131300,80,2,1690,899,1774,958,Aug30_1/63-20190824131300-snapshot.jpg
5,1,20190824,131300,84,2,858,571,925,625,Aug30_1/63-20190824131300-snapshot.jpg
5,1,20190824,131530,84,2,1063,536,1142,584,Aug30_1/63-20190824131530-snapshot.jpg
5,1,20190824,131600,70,2,408,208,492,256,Aug30_1/63-20190824131600-snapshot.jpg
5,1,20190824,131730,83,2,1603,611,1694,666,Aug30_1/63-20190824131730-snapshot.jpg
5,1,20190824,131800,84,2,1320,664,1381,727,Aug30_1/63-20190824131800-snapshot.jpg
5,1,20190824,131830,70,2,1817,613,1892,694,Aug30_1/63-20190824131830-snapshot.jpg
5,1,20190824,131900,85,2,1317,673,1390,737,Aug30_1/63-20190824131900-snapshot.jpg
5,1,20190824,131930,51,2,1406,145,1485,208,Aug30_1/63-20190824131930-snapshot.jpg
5,1,20190824,131930,86,2,837,657,894,727,Aug30_1/63-20190824131930-snapshot.jpg
5,1,20190824,132000,79,2,849,257,903,309,Aug30_1/63-20190824132000-snapshot.jpg
5,1,20190824,132030,83,2,406,194,467,262,Aug30_1/63-20190824132030-snapshot.jpg
5,1,20190824,132130,81,2,918,500,968,564,Aug30_1/63-20190824132130-snapshot.jpg
5,1,20190824,132200,82,2,1322,686,1377,754,Aug30_1/63-20190824132200-snapshot.jpg
5,1,20190824,132230,85,2,1663,1001,1724,1078,Aug30_1/63-20190824132230-snapshot.jpg
5,1,20190824,132300,52,8,1849,58,1910,129,Aug30_1/63-20190824132300-snapshot.jpg
5,1,20190824,132400,71,2,1739,211,1816,275,Aug30_1/63-20190824132400-snapshot.jpg
5,1,20190824,132500,72,2,1834,714,1915,782,Aug30_1/63-20190824132500-snapshot.jpg
5,1,20190824,132500,83,2,830,643,884,709,Aug30_1/63-20190824132500-snapshot.jpg
5,1,20190824,132800,79,3,845,263,913,313,Aug30_1/63-20190824132800-snapshot.jpg
5,1,20190824,132830,61,2,1417,139,1498,213,Aug30_1/63-20190824132830-snapshot.jpg
5,1,20190824,132900,85,2,1244,298,1305,366,Aug30_1/63-20190824132900-snapshot.jpg
5,1,20190824,133000,80,2,1394,158,1480,225,Aug30_1/63-20190824133000-snapshot.jpg
5,1,20190824,133230,72,2,805,507,871,574,Aug30_1/63-20190824133230-snapshot.jpg
5,1,20190824,133330,78,2,1347,229,1428,270,Aug30_1/63-20190824133330-snapshot.jpg
5,1,20190824,133600,77,2,331,195,401,238,Aug30_1/63-20190824133600-snapshot.jpg
5,1,20190824,133630,80,2,1693,902,1779,954,Aug30_1/63-20190824133630-snapshot.jpg
5,1,20190824,133700,86,2,1493,689,1581,747,Aug30_1/63-20190824133700-snapshot.jpg
5,1,20190824,133830,84,2,770,186,844,244,Aug30_1/63-20190824133830-snapshot.jpg
5,1,20190824,133900,88,7,914,491,1096,649,Aug30_1/63-20190824133900-snapshot.jpg
5,1,20190824,134030,80,2,900,349,977,393,Aug30_1/63-20190824134030-snapshot.jpg
5,1,20190824,134130,81,2,1168,954,1242,1003,Aug30_1/63-20190824134130-snapshot.jpg
5,1,20190824,134130,86,2,1749,887,1842,952,Aug30_1/63-20190824134130-snapshot.jpg
5,1,20190824,134200,81,2,1351,334,1438,399,Aug30_1/63-20190824134200-snapshot.jpg
5,1,20190824,134730,81,2,1861,943,1920,1020,Aug30_1/63-20190824134730-snapshot.jpg
5,1,20190824,134800,80,2,1341,119,1401,182,Aug30_1/63-20190824134800-snapshot.jpg
5,1,20190824,134900,82,2,1333,679,1389,742,Aug30_1/63-20190824134900-snapshot.jpg
5,1,20190824,134930,79,2,1454,663,1527,728,Aug30_1/63-20190824134930-snapshot.jpg
5,1,20190824,134930,87,7,747,608,895,732,Aug30_1/63-20190824134930-snapshot.jpg
5,1,20190824,135000,88,7,1818,944,1919,1074,Aug30_1/63-20190824135000-snapshot.jpg
5,1,20190824,135030,82,2,970,578,1049,630,Aug30_1/63-20190824135030-snapshot.jpg
5,1,20190824,135300,80,2,1778,762,1866,820,Aug30_1/63-20190824135300-snapshot.jpg
5,1,20190824,135430,82,2,1302,724,1382,779,Aug30_1/63-20190824135430-snapshot.jpg
5,1,20190824,135600,82,2,851,869,909,938,Aug30_1/63-20190824135600-snapshot.jpg
5,1,20190824,135630,26,2,1586,507,1663,569,Aug30_1/63-20190824135630-snapshot.jpg
5,1,20190824,135730,65,2,1294,625,1357,694,Aug30_1/63-20190824135730-snapshot.jpg
5,1,20190824,135900,87,2,1729,908,1791,997,Aug30_1/63-20190824135900-snapshot.jpg
5,1,20190824,135930,30,2,909,533,961,585,Aug30_1/63-20190824135930-snapshot.jpg
5,1,20190824,135930,74,2,807,508,881,574,Aug30_1/63-20190824135930-snapshot.jpg
5,1,20190824,135930,85,2,404,213,479,274,Aug30_1/63-20190824135930-snapshot.jpg
5,1,20190824,140000,78,2,965,869,1026,938,Aug30_1/63-20190824140000-snapshot.jpg
5,1,20190824,140300,73,2,824,644,878,706,Aug30_1/63-20190824140300-snapshot.jpg
5,1,20190824,140330,85,2,1460,751,1529,830,Aug30_1/63-20190824140330-snapshot.jpg
5,1,20190824,140400,78,2,1792,245,1881,314,Aug30_1/63-20190824140400-snapshot.jpg
5,1,20190824,140430,84,2,1367,176,1452,236,Aug30_1/63-20190824140430-snapshot.jpg
5,1,20190824,140500,78,2,758,180,814,241,Aug30_1/63-20190824140500-snapshot.jpg
5,1,20190824,140500,83,2,1494,704,1562,769,Aug30_1/63-20190824140500-snapshot.jpg
5,1,20190824,140530,83,2,866,539,921,596,Aug30_1/63-20190824140530-snapshot.jpg
5,1,20190824,140630,86,2,1816,787,1905,853,Aug30_1/63-20190824140630-snapshot.jpg
5,1,20190824,140700,75,2,1590,392,1649,459,Aug30_1/63-20190824140700-snapshot.jpg
5,1,20190824,140700,80,2,1290,705,1369,751,Aug30_1/63-20190824140700-snapshot.jpg
5,1,20190824,141030,83,2,1375,694,1435,760,Aug30_1/63-20190824141030-snapshot.jpg
5,1,20190824,141100,83,2,774,197,831,259,Aug30_1/63-20190824141100-snapshot.jpg
5,1,20190824,141230,84,2,1293,656,1369,714,Aug30_1/63-20190824141230-snapshot.jpg
5,1,20190824,141300,72,2,1800,683,1867,746,Aug30_1/63-20190824141300-snapshot.jpg
5,1,20190824,141330,59,2,929,320,1000,369,Aug30_1/63-20190824141330-snapshot.jpg
5,1,20190824,141400,79,2,1860,625,1919,695,Aug30_1/63-20190824141400-snapshot.jpg
5,1,20190824,141700,83,2,1213,281,1280,339,Aug30_1/63-20190824141700-snapshot.jpg
5,1,20190824,141730,77,2,1156,1006,1230,1073,Aug30_1/63-20190824141730-snapshot.jpg
5,1,20190824,141800,77,2,1711,892,1798,960,Aug30_1/63-20190824141800-snapshot.jpg
5,1,20190824,141830,84,2,1219,250,1275,316,Aug30_1/63-20190824141830-snapshot.jpg
5,1,20190824,142030,75,2,1792,213,1878,280,Aug30_1/63-20190824142030-snapshot.jpg
5,1,20190824,142230,64,2,1296,641,1351,695,Aug30_1/63-20190824142230-snapshot.jpg
5,1,20190824,142230,86,7,800,692,924,792,Aug30_1/63-20190824142230-snapshot.jpg
5,1,20190824,142300,87,2,1210,301,1292,364,Aug30_1/63-20190824142300-snapshot.jpg
5,1,20190824,142300,87,7,753,141,865,239,Aug30_1/63-20190824142300-snapshot.jpg
5,1,20190824,142330,80,2,1364,235,1420,298,Aug30_1/63-20190824142330-snapshot.jpg
5,1,20190824,142330,80,2,1013,584,1068,652,Aug30_1/63-20190824142330-snapshot.jpg
5,1,20190824,142330,83,2,1859,874,1919,951,Aug30_1/63-20190824142330-snapshot.jpg
5,1,20190824,142400,71,2,412,205,484,259,Aug30_1/63-20190824142400-snapshot.jpg
5,1,20190824,142530,76,2,812,506,886,561,Aug30_1/63-20190824142530-snapshot.jpg
5,1,20190824,142600,84,2,1337,683,1396,750,Aug30_1/63-20190824142600-snapshot.jpg
5,1,20190824,142830,86,2,1322,724,1405,773,Aug30_1/63-20190824142830-snapshot.jpg
5,1,20190824,142930,77,8,223,944,309,1017,Aug30_1/63-20190824142930-snapshot.jpg
5,1,20190824,143000,31,2,1784,238,1871,298,Aug30_1/63-20190824143000-snapshot.jpg
5,1,20190824,143000,68,2,1413,140,1491,209,Aug30_1/63-20190824143000-snapshot.jpg
5,1,20190824,143100,82,2,1789,652,1876,718,Aug30_1/63-20190824143100-snapshot.jpg
5,1,20190824,143100,86,2,1154,434,1234,497,Aug30_1/63-20190824143100-snapshot.jpg
5,1,20190824,143330,63,2,926,453,981,510,Aug30_1/63-20190824143330-snapshot.jpg
5,1,20190824,143330,74,2,1594,592,1680,660,Aug30_1/63-20190824143330-snapshot.jpg
5,1,20190824,143400,82,2,1004,592,1059,659,Aug30_1/63-20190824143400-snapshot.jpg
5,1,20190824,143400,85,2,1818,785,1908,848,Aug30_1/63-20190824143400-snapshot.jpg
5,1,20190824,143600,84,2,1686,876,1770,944,Aug30_1/63-20190824143600-snapshot.jpg
5,1,20190824,143630,82,2,1270,243,1339,305,Aug30_1/63-20190824143630-snapshot.jpg
5,1,20190824,143800,65,2,1157,959,1225,1010,Aug30_1/63-20190824143800-snapshot.jpg
5,1,20190824,143830,86,2,820,679,875,754,Aug30_1/63-20190824143830-snapshot.jpg
5,1,20190824,144000,76,2,1323,211,1397,269,Aug30_1/63-20190824144000-snapshot.jpg
5,1,20190824,144030,78,2,1004,586,1077,648,Aug30_1/63-20190824144030-snapshot.jpg
5,1,20190824,144030,81,2,1149,972,1206,1039,Aug30_1/63-20190824144030-snapshot.jpg
5,1,20190824,144030,82,2,1385,176,1451,246,Aug30_1/63-20190824144030-snapshot.jpg
5,1,20190824,144400,83,2,1375,130,1457,190,Aug30_1/63-20190824144400-snapshot.jpg
5,1,20190824,144430,77,2,1371,126,1453,188,Aug30_1/63-20190824144430-snapshot.jpg
5,1,20190824,144430,82,2,1322,686,1378,751,Aug30_1/63-20190824144430-snapshot.jpg
5,1,20190824,144430,82,2,784,590,840,656,Aug30_1/63-20190824144430-snapshot.jpg
5,1,20190824,144500,79,2,1724,801,1817,855,Aug30_1/63-20190824144500-snapshot.jpg
5,1,20190824,144500,80,2,1863,948,1919,1017,Aug30_1/63-20190824144500-snapshot.jpg
5,1,20190824,144500,83,2,914,460,970,527,Aug30_1/63-20190824144500-snapshot.jpg
5,1,20190824,144630,85,8,1289,813,1346,884,Aug30_1/63-20190824144630-snapshot.jpg
5,1,20190824,144700,41,2,1576,350,1637,417,Aug30_1/63-20190824144700-snapshot.jpg
5,1,20190824,144800,79,2,1839,667,1915,721,Aug30_1/63-20190824144800-snapshot.jpg
5,1,20190824,144800,85,2,1410,135,1488,196,Aug30_1/63-20190824144800-snapshot.jpg
5,1,20190824,144830,64,2,1829,780,1915,845,Aug30_1/63-20190824144830-snapshot.jpg
5,1,20190824,144830,80,2,1196,964,1249,1027,Aug30_1/63-20190824144830-snapshot.jpg
5,1,20190824,144900,43,2,1775,266,1863,331,Aug30_1/63-20190824144900-snapshot.jpg
5,1,20190824,144900,80,2,1802,737,1864,818,Aug30_1/63-20190824144900-snapshot.jpg
5,1,20190824,145030,74,2,1824,930,1912,1004,Aug30_1/63-20190824145030-snapshot.jpg
5,1,20190824,145100,85,2,1214,296,1284,361,Aug30_1/63-20190824145100-snapshot.jpg
5,1,20190824,145230,68,2,434,229,504,280,Aug30_1/63-20190824145230-snapshot.jpg
5,1,20190824,145400,69,2,1386,165,1467,226,Aug30_1/63-20190824145400-snapshot.jpg
5,1,20190824,145430,75,2,935,319,1007,358,Aug30_1/63-20190824145430-snapshot.jpg
5,1,20190824,145530,74,2,1198,980,1253,1036,Aug30_1/63-20190824145530-snapshot.jpg
5,1,20190824,145530,80,2,1826,641,1889,719,Aug30_1/63-20190824145530-snapshot.jpg
5,1,20190824,145730,84,2,1622,522,1712,589,Aug30_1/63-20190824145730-snapshot.jpg
5,1,20190824,145830,80,2,1346,710,1406,777,Aug30_1/63-20190824145830-snapshot.jpg
5,1,20190824,145830,82,2,853,533,911,592,Aug30_1/63-20190824145830-snapshot.jpg
5,1,20190824,145930,49,2,447,224,508,279,Aug30_1/63-20190824145930-snapshot.jpg
5,1,20190824,150000,84,2,1782,686,1846,769,Aug30_1/63-20190824150000-snapshot.jpg
5,1,20190824,150030,85,2,1352,680,1424,743,Aug30_1/63-20190824150030-snapshot.jpg
5,1,20190824,150130,84,2,1108,455,1188,507,Aug30_1/63-20190824150130-snapshot.jpg
5,1,20190824,150130,85,2,1473,691,1551,759,Aug30_1/63-20190824150130-snapshot.jpg
5,1,20190824,150200,78,2,859,250,936,299,Aug30_1/63-20190824150200-snapshot.jpg
5,1,20190824,150230,82,2,1314,672,1398,719,Aug30_1/63-20190824150230-snapshot.jpg
5,1,20190824,150300,68,2,1159,1024,1229,1072,Aug30_1/63-20190824150300-snapshot.jpg
5,1,20190824,150530,85,2,1348,663,1408,733,Aug30_1/63-20190824150530-snapshot.jpg
5,1,20190824,150600,73,2,815,654,867,718,Aug30_1/63-20190824150600-snapshot.jpg
5,1,20190824,150630,26,1,0,320,20,354,Aug30_1/63-20190824150630-snapshot.jpg
5,1,20190824,150630,67,2,1844,899,1920,972,Aug30_1/63-20190824150630-snapshot.jpg
5,1,20190824,150700,29,1,0,320,21,355,Aug30_1/63-20190824150700-snapshot.jpg
5,1,20190824,150700,82,4,1801,913,1888,987,Aug30_1/63-20190824150700-snapshot.jpg
5,1,20190824,150700,86,2,1679,520,1766,573,Aug30_1/63-20190824150700-snapshot.jpg
5,1,20190824,150830,85,2,856,607,913,680,Aug30_1/63-20190824150830-snapshot.jpg
5,1,20190824,150930,79,2,1168,440,1225,503,Aug30_1/63-20190824150930-snapshot.jpg
5,1,20190824,151000,78,2,806,496,872,554,Aug30_1/63-20190824151000-snapshot.jpg
5,1,20190824,151000,85,2,1626,537,1712,605,Aug30_1/63-20190824151000-snapshot.jpg
5,1,20190824,151030,29,2,1393,156,1457,209,Aug30_1/63-20190824151030-snapshot.jpg
5,1,20190824,151100,58,2,451,216,507,283,Aug30_1/63-20190824151100-snapshot.jpg
5,1,20190824,151100,85,2,1326,675,1391,742,Aug30_1/63-20190824151100-snapshot.jpg
5,1,20190824,151130,61,2,833,634,890,690,Aug30_1/63-20190824151130-snapshot.jpg
5,1,20190824,151230,83,2,1390,160,1473,223,Aug30_1/63-20190824151230-snapshot.jpg
5,1,20190824,151230,84,2,1816,875,1906,931,Aug30_1/63-20190824151230-snapshot.jpg
5,1,20190824,151300,84,2,812,710,886,771,Aug30_1/63-20190824151300-snapshot.jpg
5,1,20190824,151330,31,1,0,321,20,355,Aug30_1/63-20190824151330-snapshot.jpg
5,1,20190824,151330,70,2,1140,281,1211,340,Aug30_1/63-20190824151330-snapshot.jpg
5,1,20190824,151430,82,2,1652,527,1733,595,Aug30_1/63-20190824151430-snapshot.jpg
5,1,20190824,151500,31,1,0,320,20,356,Aug30_1/63-20190824151500-snapshot.jpg
5,1,20190824,151530,33,1,0,321,21,356,Aug30_1/63-20190824151530-snapshot.jpg
5,1,20190824,151600,27,1,0,321,20,356,Aug30_1/63-20190824151600-snapshot.jpg
5,1,20190824,151730,27,1,0,321,20,355,Aug30_1/63-20190824151730-snapshot.jpg
5,1,20190824,151730,64,2,1845,895,1917,966,Aug30_1/63-20190824151730-snapshot.jpg
5,1,20190824,151730,81,2,1342,132,1424,187,Aug30_1/63-20190824151730-snapshot.jpg
5,1,20190824,151730,83,2,1405,664,1489,722,Aug30_1/63-20190824151730-snapshot.jpg
5,1,20190824,151800,30,1,0,321,20,356,Aug30_1/63-20190824151800-snapshot.jpg
5,1,20190824,151800,81,2,407,218,489,269,Aug30_1/63-20190824151800-snapshot.jpg
5,1,20190824,151830,26,1,0,320,20,355,Aug30_1/63-20190824151830-snapshot.jpg
5,1,20190824,151900,81,2,1787,672,1880,720,Aug30_1/63-20190824151900-snapshot.jpg
5,1,20190824,152000,38,1,0,321,21,356,Aug30_1/63-20190824152000-snapshot.jpg
5,1,20190824,152030,38,1,0,322,21,357,Aug30_1/63-20190824152030-snapshot.jpg
5,1,20190824,152030,54,2,1401,232,1457,284,Aug30_1/63-20190824152030-snapshot.jpg
5,1,20190824,152030,84,2,1544,487,1604,564,Aug30_1/63-20190824152030-snapshot.jpg
5,1,20190824,152130,34,1,0,320,20,355,Aug30_1/63-20190824152130-snapshot.jpg
5,1,20190824,152130,70,2,368,153,424,216,Aug30_1/63-20190824152130-snapshot.jpg
5,1,20190824,152200,34,1,0,321,20,355,Aug30_1/63-20190824152200-snapshot.jpg
5,1,20190824,152200,82,2,795,500,875,554,Aug30_1/63-20190824152200-snapshot.jpg
5,1,20190824,152230,28,1,0,321,20,356,Aug30_1/63-20190824152230-snapshot.jpg
5,1,20190824,152330,32,1,0,321,20,356,Aug30_1/63-20190824152330-snapshot.jpg
5,1,20190824,152400,26,1,0,321,20,356,Aug30_1/63-20190824152400-snapshot.jpg
5,1,20190824,152430,35,1,0,322,20,356,Aug30_1/63-20190824152430-snapshot.jpg
5,1,20190824,152430,85,2,1318,679,1400,733,Aug30_1/63-20190824152430-snapshot.jpg
5,1,20190824,152500,41,1,0,321,20,355,Aug30_1/63-20190824152500-snapshot.jpg
5,1,20190824,152530,42,2,1475,3,1537,50,Aug30_1/63-20190824152530-snapshot.jpg
5,1,20190824,152530,84,2,1038,584,1100,645,Aug30_1/63-20190824152530-snapshot.jpg
5,1,20190824,152700,34,1,0,321,21,356,Aug30_1/63-20190824152700-snapshot.jpg
5,1,20190824,152730,31,2,47,45,116,113,Aug30_1/63-20190824152730-snapshot.jpg
5,1,20190824,152730,72,2,1836,894,1918,952,Aug30_1/63-20190824152730-snapshot.jpg
5,1,20190824,152730,86,2,1649,649,1735,729,Aug30_1/63-20190824152730-snapshot.jpg
5,1,20190824,152800,26,1,0,320,20,355,Aug30_1/63-20190824152800-snapshot.jpg
5,1,20190824,152800,76,2,826,660,880,726,Aug30_1/63-20190824152800-snapshot.jpg
5,1,20190824,152900,80,2,1301,725,1378,781,Aug30_1/63-20190824152900-snapshot.jpg
5,1,20190824,152930,28,1,0,321,20,356,Aug30_1/63-20190824152930-snapshot.jpg
5,1,20190824,152930,71,2,1688,890,1750,958,Aug30_1/63-20190824152930-snapshot.jpg
5,1,20190824,152930,72,2,1254,275,1314,339,Aug30_1/63-20190824152930-snapshot.jpg
5,1,20190824,152930,81,2,1409,141,1486,194,Aug30_1/63-20190824152930-snapshot.jpg
5,1,20190824,153030,38,2,1359,122,1425,170,Aug30_1/63-20190824153030-snapshot.jpg
5,1,20190824,153030,80,2,1788,738,1851,814,Aug30_1/63-20190824153030-snapshot.jpg
5,1,20190824,153100,75,2,923,799,999,855,Aug30_1/63-20190824153100-snapshot.jpg
5,1,20190824,153130,80,2,1354,709,1430,773,Aug30_1/63-20190824153130-snapshot.jpg
5,1,20190824,153230,31,1,0,320,20,355,Aug30_1/63-20190824153230-snapshot.jpg
5,1,20190824,153230,78,2,1207,265,1268,323,Aug30_1/63-20190824153230-snapshot.jpg
5,1,20190824,153230,81,2,814,698,880,754,Aug30_1/63-20190824153230-snapshot.jpg
5,1,20190824,153300,74,2,952,436,1021,487,Aug30_1/63-20190824153300-snapshot.jpg
5,1,20190824,153300,75,2,965,317,1018,357,Aug30_1/63-20190824153300-snapshot.jpg
5,1,20190824,153330,85,2,1400,161,1484,221,Aug30_1/63-20190824153330-snapshot.jpg
5,1,20190824,153500,86,2,934,836,994,908,Aug30_1/63-20190824153500-snapshot.jpg
5,1,20190824,153600,82,2,783,186,843,248,Aug30_1/63-20190824153600-snapshot.jpg
5,1,20190824,153630,85,2,1217,275,1279,337,Aug30_1/63-20190824153630-snapshot.jpg
5,1,20190824,153800,59,1,1174,859,1215,896,Aug30_1/63-20190824153800-snapshot.jpg
5,1,20190824,154000,85,2,1384,185,1469,242,Aug30_1/63-20190824154000-snapshot.jpg
5,1,20190824,154030,77,2,1613,386,1679,446,Aug30_1/63-20190824154030-snapshot.jpg
5,1,20190824,154100,79,2,813,501,869,563,Aug30_1/63-20190824154100-snapshot.jpg
5,1,20190824,154130,80,2,1364,227,1445,269,Aug30_1/63-20190824154130-snapshot.jpg
5,1,20190824,154200,80,2,1719,986,1778,1055,Aug30_1/63-20190824154200-snapshot.jpg
5,1,20190824,154200,85,2,943,473,1026,529,Aug30_1/63-20190824154200-snapshot.jpg
5,1,20190824,154230,55,2,1372,205,1447,249,Aug30_1/63-20190824154230-snapshot.jpg
5,1,20190824,154230,71,2,370,186,435,250,Aug30_1/63-20190824154230-snapshot.jpg
5,1,20190824,154330,65,2,912,879,1000,958,Aug30_1/63-20190824154330-snapshot.jpg
5,1,20190824,154500,69,2,909,527,969,572,Aug30_1/63-20190824154500-snapshot.jpg
5,1,20190824,154530,69,2,0,128,58,199,Aug30_1/63-20190824154530-snapshot.jpg
5,1,20190824,154600,81,2,1785,207,1874,258,Aug30_1/63-20190824154600-snapshot.jpg
5,1,20190824,154630,86,2,1315,311,1386,378,Aug30_1/63-20190824154630-snapshot.jpg
5,1,20190824,154730,62,2,1662,822,1723,890,Aug30_1/63-20190824154730-snapshot.jpg
5,1,20190824,154730,81,2,961,825,1034,878,Aug30_1/63-20190824154730-snapshot.jpg
5,1,20190824,154800,31,2,1404,132,1482,191,Aug30_1/63-20190824154800-snapshot.jpg
5,1,20190824,154800,82,2,1606,571,1664,647,Aug30_1/63-20190824154800-snapshot.jpg
5,1,20190824,154830,78,2,1685,859,1750,929,Aug30_1/63-20190824154830-snapshot.jpg
5,1,20190824,155000,76,2,1757,212,1832,273,Aug30_1/63-20190824155000-snapshot.jpg
5,1,20190824,155000,84,2,1017,906,1095,950,Aug30_1/63-20190824155000-snapshot.jpg
5,1,20190824,155030,83,2,1367,241,1426,303,Aug30_1/63-20190824155030-snapshot.jpg
5,1,20190824,155100,80,2,785,199,854,255,Aug30_1/63-20190824155100-snapshot.jpg
5,1,20190824,155230,85,2,844,565,899,632,Aug30_1/63-20190824155230-snapshot.jpg
5,1,20190824,155330,74,2,1179,979,1236,1025,Aug30_1/63-20190824155330-snapshot.jpg
5,1,20190824,155430,83,2,834,682,889,745,Aug30_1/63-20190824155430-snapshot.jpg
5,1,20190824,155500,85,2,1643,523,1732,586,Aug30_1/63-20190824155500-snapshot.jpg
5,1,20190824,155630,81,2,1481,669,1576,723,Aug30_1/63-20190824155630-snapshot.jpg
5,1,20190824,155700,74,2,1693,1005,1758,1077,Aug30_1/63-20190824155700-snapshot.jpg
5,1,20190824,155730,79,2,363,155,430,210,Aug30_1/63-20190824155730-snapshot.jpg
5,1,20190824,160130,78,2,1474,665,1542,718,Aug30_1/63-20190824160130-snapshot.jpg
5,1,20190824,160200,80,2,1173,295,1253,345,Aug30_1/63-20190824160200-snapshot.jpg
5,1,20190824,160200,83,2,964,881,1021,946,Aug30_1/63-20190824160200-snapshot.jpg
5,1,20190824,160300,84,2,1745,787,1830,849,Aug30_1/63-20190824160300-snapshot.jpg
5,1,20190824,160330,80,2,811,692,876,745,Aug30_1/63-20190824160330-snapshot.jpg
5,1,20190824,160400,77,2,1777,689,1844,764,Aug30_1/63-20190824160400-snapshot.jpg
5,1,20190824,160400,77,2,1764,888,1855,955,Aug30_1/63-20190824160400-snapshot.jpg
5,1,20190824,160500,79,2,1381,190,1445,254,Aug30_1/63-20190824160500-snapshot.jpg
5,1,20190824,160500,83,2,1332,733,1392,801,Aug30_1/63-20190824160500-snapshot.jpg
5,1,20190824,160530,83,2,1851,779,1920,848,Aug30_1/63-20190824160530-snapshot.jpg
5,1,20190824,160530,85,2,1712,885,1807,940,Aug30_1/63-20190824160530-snapshot.jpg
5,1,20190824,160600,85,2,1301,740,1357,814,Aug30_1/63-20190824160600-snapshot.jpg
5,1,20190824,160600,85,2,1178,443,1255,505,Aug30_1/63-20190824160600-snapshot.jpg
5,1,20190824,160630,72,2,1747,208,1821,269,Aug30_1/63-20190824160630-snapshot.jpg
5,1,20190824,160630,82,2,950,794,1005,859,Aug30_1/63-20190824160630-snapshot.jpg
5,1,20190824,160700,65,2,1703,771,1779,852,Aug30_1/63-20190824160700-snapshot.jpg
5,1,20190824,160730,80,2,815,499,874,556,Aug30_1/63-20190824160730-snapshot.jpg
5,1,20190824,160730,81,2,1330,681,1406,725,Aug30_1/63-20190824160730-snapshot.jpg
5,1,20190824,161100,30,2,356,142,422,191,Aug30_1/63-20190824161100-snapshot.jpg
5,1,20190824,161100,73,2,1762,179,1838,235,Aug30_1/63-20190824161100-snapshot.jpg
5,1,20190824,161100,73,2,1566,619,1638,683,Aug30_1/63-20190824161100-snapshot.jpg
5,1,20190824,161130,80,2,1755,187,1836,249,Aug30_1/63-20190824161130-snapshot.jpg
5,1,20190824,161130,84,2,954,893,1009,964,Aug30_1/63-20190824161130-snapshot.jpg
5,1,20190824,161200,84,2,835,589,891,652,Aug30_1/63-20190824161200-snapshot.jpg
5,1,20190824,161230,82,2,1292,701,1373,756,Aug30_1/63-20190824161230-snapshot.jpg
5,1,20190824,161330,49,2,1479,2,1539,49,Aug30_1/63-20190824161330-snapshot.jpg
5,1,20190824,161400,81,2,792,512,847,572,Aug30_1/63-20190824161400-snapshot.jpg
5,1,20190824,161500,82,2,1716,899,1801,964,Aug30_1/63-20190824161500-snapshot.jpg
5,1,20190824,161530,46,2,1584,368,1662,434,Aug30_1/63-20190824161530-snapshot.jpg
5,1,20190824,161630,84,2,950,790,1003,855,Aug30_1/63-20190824161630-snapshot.jpg
5,1,20190824,161630,85,2,1794,754,1884,826,Aug30_1/63-20190824161630-snapshot.jpg
5,1,20190824,161700,75,2,1593,532,1667,600,Aug30_1/63-20190824161700-snapshot.jpg
5,1,20190824,161730,73,2,908,529,960,585,Aug30_1/63-20190824161730-snapshot.jpg
5,1,20190824,161900,84,2,1232,285,1293,353,Aug30_1/63-20190824161900-snapshot.jpg
5,1,20190824,162000,74,2,1879,859,1920,933,Aug30_1/63-20190824162000-snapshot.jpg
5,1,20190824,162030,78,2,1721,910,1810,968,Aug30_1/63-20190824162030-snapshot.jpg
5,1,20190824,162100,67,2,0,147,60,200,Aug30_1/63-20190824162100-snapshot.jpg
5,1,20190824,162130,62,2,0,131,52,198,Aug30_1/63-20190824162130-snapshot.jpg
5,1,20190824,162130,62,2,1725,204,1799,255,Aug30_1/63-20190824162130-snapshot.jpg
5,1,20190824,162200,73,2,1708,989,1787,1066,Aug30_1/63-20190824162200-snapshot.jpg
5,1,20190824,162200,83,2,862,572,930,628,Aug30_1/63-20190824162200-snapshot.jpg
5,1,20190824,162300,77,2,1749,1006,1841,1080,Aug30_1/63-20190824162300-snapshot.jpg
5,1,20190824,162330,72,2,1723,915,1809,972,Aug30_1/63-20190824162330-snapshot.jpg
5,1,20190824,162330,82,2,823,647,875,708,Aug30_1/63-20190824162330-snapshot.jpg
5,1,20190824,162400,56,2,757,188,811,251,Aug30_1/63-20190824162400-snapshot.jpg
5,1,20190824,162400,71,2,1010,563,1072,639,Aug30_1/63-20190824162400-snapshot.jpg
5,1,20190824,162500,81,2,1640,523,1700,595,Aug30_1/63-20190824162500-snapshot.jpg
5,1,20190824,162600,71,2,1191,267,1263,329,Aug30_1/63-20190824162600-snapshot.jpg
5,1,20190824,162700,68,2,1386,178,1474,229,Aug30_1/63-20190824162700-snapshot.jpg
5,1,20190824,162830,84,2,806,498,865,560,Aug30_1/63-20190824162830-snapshot.jpg
5,1,20190824,162900,78,2,1779,658,1839,727,Aug30_1/63-20190824162900-snapshot.jpg
5,1,20190824,163130,64,2,1156,1031,1221,1079,Aug30_1/63-20190824163130-snapshot.jpg
5,1,20190824,163200,73,2,1280,619,1365,692,Aug30_1/63-20190824163200-snapshot.jpg
5,1,20190824,163200,82,2,924,449,978,508,Aug30_1/63-20190824163200-snapshot.jpg
5,1,20190824,163230,72,2,1297,204,1359,265,Aug30_1/63-20190824163230-snapshot.jpg
5,1,20190824,163230,75,2,1189,979,1246,1034,Aug30_1/63-20190824163230-snapshot.jpg
5,1,20190824,163230,85,2,840,207,898,269,Aug30_1/63-20190824163230-snapshot.jpg
5,1,20190824,163330,52,2,1694,909,1778,985,Aug30_1/63-20190824163330-snapshot.jpg
5,1,20190824,163400,83,2,809,535,885,591,Aug30_1/63-20190824163400-snapshot.jpg
5,1,20190824,163430,83,2,652,626,724,688,Aug30_1/63-20190824163430-snapshot.jpg
5,1,20190824,163500,75,2,912,473,963,530,Aug30_1/63-20190824163500-snapshot.jpg
5,1,20190824,163500,83,2,898,343,975,388,Aug30_1/63-20190824163500-snapshot.jpg
5,1,20190824,163630,80,2,1418,667,1504,727,Aug30_1/63-20190824163630-snapshot.jpg
5,1,20190824,163700,79,2,970,916,1044,968,Aug30_1/63-20190824163700-snapshot.jpg
5,1,20190824,163700,79,2,800,506,854,565,Aug30_1/63-20190824163700-snapshot.jpg
5,1,20190824,163900,77,2,807,382,876,442,Aug30_1/63-20190824163900-snapshot.jpg
5,1,20190824,163900,83,2,966,329,1031,372,Aug30_1/63-20190824163900-snapshot.jpg
5,1,20190824,163930,75,2,1700,1020,1773,1080,Aug30_1/63-20190824163930-snapshot.jpg
5,1,20190824,164000,83,2,826,925,898,989,Aug30_1/63-20190824164000-snapshot.jpg
5,1,20190824,164030,32,2,37,105,118,162,Aug30_1/63-20190824164030-snapshot.jpg
5,1,20190824,164030,81,2,909,229,977,293,Aug30_1/63-20190824164030-snapshot.jpg
5,1,20190824,164030,85,2,1161,451,1216,524,Aug30_1/63-20190824164030-snapshot.jpg
5,1,20190824,164130,82,2,1367,227,1446,270,Aug30_1/63-20190824164130-snapshot.jpg
5,1,20190824,164400,60,2,1868,878,1920,943,Aug30_1/63-20190824164400-snapshot.jpg
5,1,20190824,164400,80,2,1185,962,1238,1014,Aug30_1/63-20190824164400-snapshot.jpg
5,1,20190824,164400,81,2,1706,993,1771,1062,Aug30_1/63-20190824164400-snapshot.jpg
5,1,20190824,164430,78,2,1385,189,1464,245,Aug30_1/63-20190824164430-snapshot.jpg
5,1,20190824,164500,73,2,1690,1014,1775,1074,Aug30_1/63-20190824164500-snapshot.jpg
5,1,20190824,164500,84,2,848,876,906,948,Aug30_1/63-20190824164500-snapshot.jpg
5,1,20190824,164700,48,2,1422,138,1486,195,Aug30_1/63-20190824164700-snapshot.jpg
5,1,20190824,164730,83,2,1730,758,1810,829,Aug30_1/63-20190824164730-snapshot.jpg
5,1,20190824,164800,44,2,1603,391,1684,448,Aug30_1/63-20190824164800-snapshot.jpg
5,1,20190824,164830,82,2,1130,424,1205,474,Aug30_1/63-20190824164830-snapshot.jpg
5,1,20190824,164900,67,2,1878,963,1920,1025,Aug30_1/63-20190824164900-snapshot.jpg
5,1,20190824,164900,85,2,886,315,971,360,Aug30_1/63-20190824164900-snapshot.jpg
5,1,20190824,165000,81,2,1866,860,1920,939,Aug30_1/63-20190824165000-snapshot.jpg
5,1,20190824,165100,68,2,1323,215,1404,262,Aug30_1/63-20190824165100-snapshot.jpg
5,1,20190824,165100,84,2,1753,755,1812,831,Aug30_1/63-20190824165100-snapshot.jpg
5,1,20190824,165130,82,2,914,522,966,584,Aug30_1/63-20190824165130-snapshot.jpg
5,1,20190824,165200,69,2,800,192,857,262,Aug30_1/63-20190824165200-snapshot.jpg
5,1,20190824,165300,76,2,760,149,812,218,Aug30_1/63-20190824165300-snapshot.jpg
5,1,20190824,165330,74,2,1743,183,1827,253,Aug30_1/63-20190824165330-snapshot.jpg
5,1,20190824,165500,77,2,336,248,418,303,Aug30_1/63-20190824165500-snapshot.jpg
5,1,20190824,165530,73,2,1685,881,1769,952,Aug30_1/63-20190824165530-snapshot.jpg
5,1,20190824,165600,68,2,1378,225,1458,273,Aug30_1/63-20190824165600-snapshot.jpg
5,1,20190824,165630,84,2,1157,418,1216,484,Aug30_1/63-20190824165630-snapshot.jpg
5,1,20190824,165630,85,2,831,692,889,768,Aug30_1/63-20190824165630-snapshot.jpg
5,1,20190824,165800,76,2,1365,184,1428,249,Aug30_1/63-20190824165800-snapshot.jpg
5,1,20190824,165830,73,2,1565,491,1649,549,Aug30_1/63-20190824165830-snapshot.jpg
5,1,20190824,165830,78,2,859,250,937,299,Aug30_1/63-20190824165830-snapshot.jpg
5,1,20190824,165900,72,2,100,5,191,94,Aug30_1/63-20190824165900-snapshot.jpg
5,1,20190824,165930,74,2,1426,663,1483,719,Aug30_1/63-20190824165930-snapshot.jpg
5,1,20190824,165930,83,2,918,798,995,863,Aug30_1/63-20190824165930-snapshot.jpg
5,1,20190824,170000,73,2,920,728,984,781,Aug30_1/63-20190824170000-snapshot.jpg
5,1,20190824,170030,83,2,1862,846,1920,915,Aug30_1/63-20190824170030-snapshot.jpg
5,1,20190824,170100,73,2,1878,839,1920,912,Aug30_1/63-20190824170100-snapshot.jpg
5,1,20190824,170200,83,2,854,254,932,307,Aug30_1/63-20190824170200-snapshot.jpg
5,1,20190824,170400,85,2,962,786,1015,852,Aug30_1/63-20190824170400-snapshot.jpg
5,1,20190824,170430,40,2,1405,198,1463,260,Aug30_1/63-20190824170430-snapshot.jpg
5,1,20190824,170430,47,2,1816,926,1908,1007,Aug30_1/63-20190824170430-snapshot.jpg
5,1,20190824,170500,75,2,672,2,763,81,Aug30_1/63-20190824170500-snapshot.jpg
5,1,20190824,170500,81,2,807,511,856,565,Aug30_1/63-20190824170500-snapshot.jpg
5,1,20190824,170500,81,2,1776,742,1857,817,Aug30_1/63-20190824170500-snapshot.jpg
5,1,20190824,170530,73,2,1121,999,1185,1069,Aug30_1/63-20190824170530-snapshot.jpg
5,1,20190824,170530,85,2,1163,447,1224,514,Aug30_1/63-20190824170530-snapshot.jpg
5,1,20190824,170600,55,2,1784,128,1850,203,Aug30_1/63-20190824170600-snapshot.jpg
5,1,20190824,170730,68,2,1332,687,1405,733,Aug30_1/63-20190824170730-snapshot.jpg
5,1,20190824,170800,81,2,870,598,929,663,Aug30_1/63-20190824170800-snapshot.jpg
5,1,20190824,170800,81,2,1618,606,1675,676,Aug30_1/63-20190824170800-snapshot.jpg
5,1,20190824,171100,67,2,1334,730,1422,810,Aug30_1/63-20190824171100-snapshot.jpg
5,1,20190824,171100,70,2,1734,207,1808,253,Aug30_1/63-20190824171100-snapshot.jpg
5,1,20190824,171100,79,2,1637,491,1730,568,Aug30_1/63-20190824171100-snapshot.jpg
5,1,20190824,171130,67,2,1318,166,1369,208,Aug30_1/63-20190824171130-snapshot.jpg
5,1,20190824,171130,83,2,952,878,1030,928,Aug30_1/63-20190824171130-snapshot.jpg
5,1,20190824,171200,72,2,1319,170,1373,234,Aug30_1/63-20190824171200-snapshot.jpg
5,1,20190824,171300,71,2,816,657,870,719,Aug30_1/63-20190824171300-snapshot.jpg
5,1,20190824,171300,78,2,800,510,852,567,Aug30_1/63-20190824171300-snapshot.jpg
5,1,20190824,171330,82,2,1547,352,1607,416,Aug30_1/63-20190824171330-snapshot.jpg
5,1,20190824,171400,84,2,460,209,540,260,Aug30_1/63-20190824171400-snapshot.jpg
5,1,20190824,171500,70,2,1265,285,1333,340,Aug30_1/63-20190824171500-snapshot.jpg
5,1,20190824,171530,70,2,1707,739,1786,799,Aug30_1/63-20190824171530-snapshot.jpg
5,1,20190824,171530,72,2,1452,555,1521,605,Aug30_1/63-20190824171530-snapshot.jpg
5,1,20190824,171600,65,2,929,550,986,609,Aug30_1/63-20190824171600-snapshot.jpg
5,1,20190824,171600,75,2,1685,857,1754,933,Aug30_1/63-20190824171600-snapshot.jpg
5,1,20190824,171600,76,2,764,125,822,193,Aug30_1/63-20190824171600-snapshot.jpg
5,1,20190824,171630,76,2,1793,638,1875,695,Aug30_1/63-20190824171630-snapshot.jpg
5,1,20190824,171630,84,2,1607,660,1672,735,Aug30_1/63-20190824171630-snapshot.jpg
5,1,20190824,171800,73,2,1648,493,1730,568,Aug30_1/63-20190824171800-snapshot.jpg
5,1,20190824,171800,81,2,1185,946,1244,1013,Aug30_1/63-20190824171800-snapshot.jpg
5,1,20190824,171930,82,2,1289,704,1348,768,Aug30_1/63-20190824171930-snapshot.jpg
5,1,20190824,172000,62,2,1730,1038,1793,1079,Aug30_1/63-20190824172000-snapshot.jpg
5,1,20190824,172000,77,2,948,902,1024,974,Aug30_1/63-20190824172000-snapshot.jpg
5,1,20190824,172030,81,2,1770,607,1855,660,Aug30_1/63-20190824172030-snapshot.jpg
5,1,20190824,172100,86,2,843,815,901,884,Aug30_1/63-20190824172100-snapshot.jpg
5,1,20190824,172230,68,2,1147,1029,1215,1080,Aug30_1/63-20190824172230-snapshot.jpg
5,1,20190824,172230,82,2,844,921,917,983,Aug30_1/63-20190824172230-snapshot.jpg
5,1,20190824,172430,81,2,1307,180,1366,234,Aug30_1/63-20190824172430-snapshot.jpg
5,1,20190824,172430,85,2,939,312,990,375,Aug30_1/63-20190824172430-snapshot.jpg
5,1,20190824,172500,38,2,1745,178,1823,242,Aug30_1/63-20190824172500-snapshot.jpg
5,1,20190824,172500,84,2,838,848,903,914,Aug30_1/63-20190824172500-snapshot.jpg
5,1,20190824,172530,67,2,791,505,850,557,Aug30_1/63-20190824172530-snapshot.jpg
5,1,20190824,172600,84,2,931,312,1006,359,Aug30_1/63-20190824172600-snapshot.jpg
5,1,20190824,172630,60,2,162,65,238,134,Aug30_1/63-20190824172630-snapshot.jpg
5,1,20190824,172830,83,2,1457,647,1528,714,Aug30_1/63-20190824172830-snapshot.jpg
5,1,20190824,172900,41,2,1606,454,1680,514,Aug30_1/63-20190824172900-snapshot.jpg
5,1,20190824,172930,66,2,446,222,507,290,Aug30_1/63-20190824172930-snapshot.jpg
5,1,20190824,172930,85,2,1340,663,1405,727,Aug30_1/63-20190824172930-snapshot.jpg
5,1,20190824,173100,77,2,879,222,960,293,Aug30_1/63-20190824173100-snapshot.jpg
5,1,20190824,173130,86,2,1696,544,1785,609,Aug30_1/63-20190824173130-snapshot.jpg
5,1,20190824,173230,75,2,1168,1015,1225,1079,Aug30_1/63-20190824173230-snapshot.jpg
5,1,20190824,173300,81,2,1610,581,1672,652,Aug30_1/63-20190824173300-snapshot.jpg
5,1,20190824,173300,83,2,1361,456,1414,532,Aug30_1/63-20190824173300-snapshot.jpg
5,1,20190824,173330,42,2,826,228,897,288,Aug30_1/63-20190824173330-snapshot.jpg
5,1,20190824,173330,71,2,813,660,864,714,Aug30_1/63-20190824173330-snapshot.jpg
5,1,20190824,173400,80,2,1172,974,1228,1042,Aug30_1/63-20190824173400-snapshot.jpg
5,1,20190824,173530,77,2,1416,135,1490,196,Aug30_1/63-20190824173530-snapshot.jpg
5,1,20190824,173600,82,2,936,794,988,849,Aug30_1/63-20190824173600-snapshot.jpg
5,1,20190824,173830,69,2,1403,127,1472,190,Aug30_1/63-20190824173830-snapshot.jpg
5,1,20190824,173830,84,2,804,506,863,578,Aug30_1/63-20190824173830-snapshot.jpg
5,1,20190824,173900,86,2,1384,648,1469,716,Aug30_1/63-20190824173900-snapshot.jpg
5,1,20190824,174000,77,2,1123,254,1199,307,Aug30_1/63-20190824174000-snapshot.jpg
5,1,20190824,174030,85,2,1321,658,1382,729,Aug30_1/63-20190824174030-snapshot.jpg
5,1,20190824,174200,83,2,915,793,968,859,Aug30_1/63-20190824174200-snapshot.jpg
5,1,20190824,174330,75,2,1403,585,1464,661,Aug30_1/63-20190824174330-snapshot.jpg
5,1,20190824,174330,81,2,1798,693,1860,774,Aug30_1/63-20190824174330-snapshot.jpg
5,1,20190824,174330,82,2,1228,270,1301,319,Aug30_1/63-20190824174330-snapshot.jpg
5,1,20190824,174400,63,2,1024,577,1085,644,Aug30_1/63-20190824174400-snapshot.jpg
5,1,20190824,174400,69,2,1368,229,1445,278,Aug30_1/63-20190824174400-snapshot.jpg
5,1,20190824,174500,78,2,1398,185,1453,246,Aug30_1/63-20190824174500-snapshot.jpg
5,1,20190824,174530,84,2,793,569,846,640,Aug30_1/63-20190824174530-snapshot.jpg
5,1,20190824,174530,84,2,1700,895,1788,957,Aug30_1/63-20190824174530-snapshot.jpg
5,1,20190824,174600,78,2,373,152,444,217,Aug30_1/63-20190824174600-snapshot.jpg
5,1,20190824,174900,79,2,1837,938,1920,1002,Aug30_1/63-20190824174900-snapshot.jpg
5,1,20190824,174900,88,7,1325,106,1474,232,Aug30_1/63-20190824174900-snapshot.jpg
5,1,20190824,174930,85,7,1744,857,1899,1034,Aug30_1/63-20190824174930-snapshot.jpg
5,1,20190824,175100,82,2,1751,986,1819,1067,Aug30_1/63-20190824175100-snapshot.jpg
5,1,20190824,175130,77,2,997,544,1066,620,Aug30_1/63-20190824175130-snapshot.jpg
5,1,20190824,175200,80,2,1308,204,1366,267,Aug30_1/63-20190824175200-snapshot.jpg
5,1,20190824,175330,75,2,1796,622,1858,691,Aug30_1/63-20190824175330-snapshot.jpg
5,1,20190824,175400,83,2,1033,543,1094,603,Aug30_1/63-20190824175400-snapshot.jpg
5,1,20190824,175530,81,2,826,186,880,254,Aug30_1/63-20190824175530-snapshot.jpg
5,1,20190824,175700,72,2,1663,847,1745,901,Aug30_1/63-20190824175700-snapshot.jpg
5,1,20190824,175700,73,2,1869,852,1920,921,Aug30_1/63-20190824175700-snapshot.jpg
5,1,20190824,175730,59,2,1237,263,1293,322,Aug30_1/63-20190824175730-snapshot.jpg
5,1,20190824,175930,66,2,1281,635,1354,701,Aug30_1/63-20190824175930-snapshot.jpg
5,1,20190824,180000,83,2,1663,532,1731,593,Aug30_1/63-20190824180000-snapshot.jpg
5,1,20190824,180030,83,2,932,803,1006,857,Aug30_1/63-20190824180030-snapshot.jpg
5,1,20190824,180100,70,2,1763,242,1850,288,Aug30_1/63-20190824180100-snapshot.jpg
5,1,20190824,180130,66,2,1424,132,1487,195,Aug30_1/63-20190824180130-snapshot.jpg
5,1,20190824,180200,84,2,1338,625,1411,694,Aug30_1/63-20190824180200-snapshot.jpg
5,1,20190824,180630,75,2,1710,915,1801,974,Aug30_1/63-20190824180630-snapshot.jpg
5,1,20190824,180700,58,2,338,139,414,201,Aug30_1/63-20190824180700-snapshot.jpg
5,1,20190824,180700,85,2,1365,685,1445,739,Aug30_1/63-20190824180700-snapshot.jpg
5,1,20190824,180730,61,2,1671,877,1752,936,Aug30_1/63-20190824180730-snapshot.jpg
5,1,20190824,180730,78,2,1860,882,1919,954,Aug30_1/63-20190824180730-snapshot.jpg
5,1,20190824,180730,83,2,796,540,852,611,Aug30_1/63-20190824180730-snapshot.jpg
5,1,20190824,180800,88,2,1207,435,1295,496,Aug30_1/63-20190824180800-snapshot.jpg
5,1,20190824,180930,79,2,1804,762,1874,837,Aug30_1/63-20190824180930-snapshot.jpg
5,1,20190824,181000,82,2,963,788,1023,852,Aug30_1/63-20190824181000-snapshot.jpg
5,1,20190824,181030,41,2,1820,246,1902,306,Aug30_1/63-20190824181030-snapshot.jpg
5,1,20190824,181100,82,2,1419,132,1486,196,Aug30_1/63-20190824181100-snapshot.jpg
5,1,20190824,181130,74,2,921,457,971,511,Aug30_1/63-20190824181130-snapshot.jpg
5,1,20190824,181430,81,2,1770,746,1852,811,Aug30_1/63-20190824181430-snapshot.jpg
5,1,20190824,181500,86,2,1480,673,1556,733,Aug30_1/63-20190824181500-snapshot.jpg
5,1,20190824,181600,78,2,778,218,840,277,Aug30_1/63-20190824181600-snapshot.jpg
5,1,20190824,181600,84,2,975,909,1054,967,Aug30_1/63-20190824181600-snapshot.jpg
5,1,20190824,181600,85,2,1772,556,1843,630,Aug30_1/63-20190824181600-snapshot.jpg
5,1,20190824,181730,83,2,1391,128,1466,189,Aug30_1/63-20190824181730-snapshot.jpg
5,1,20190824,181830,73,8,672,91,743,165,Aug30_1/63-20190824181830-snapshot.jpg
5,1,20190824,181900,74,2,431,208,489,265,Aug30_1/63-20190824181900-snapshot.jpg
5,1,20190824,181930,83,2,807,500,863,559,Aug30_1/63-20190824181930-snapshot.jpg
5,1,20190824,182000,69,2,1232,273,1297,327,Aug30_1/63-20190824182000-snapshot.jpg
5,1,20190824,182100,71,2,838,677,888,737,Aug30_1/63-20190824182100-snapshot.jpg
5,1,20190824,182400,76,2,888,245,946,308,Aug30_1/63-20190824182400-snapshot.jpg
5,1,20190824,182430,80,2,786,181,851,240,Aug30_1/63-20190824182430-snapshot.jpg
5,1,20190824,182630,74,2,1620,382,1680,444,Aug30_1/63-20190824182630-snapshot.jpg
5,1,20190824,182730,79,2,1219,267,1273,331,Aug30_1/63-20190824182730-snapshot.jpg
5,1,20190824,182800,80,2,976,866,1033,933,Aug30_1/63-20190824182800-snapshot.jpg
5,1,20190824,182900,71,2,1688,889,1763,951,Aug30_1/63-20190824182900-snapshot.jpg
5,1,20190824,182930,56,2,798,505,858,563,Aug30_1/63-20190824182930-snapshot.jpg
5,1,20190824,183000,62,2,863,928,947,991,Aug30_1/63-20190824183000-snapshot.jpg
5,1,20190824,183000,70,1,320,786,359,818,Aug30_1/63-20190824183000-snapshot.jpg
5,1,20190824,183030,71,1,114,805,159,846,Aug30_1/63-20190824183030-snapshot.jpg
5,1,20190824,183200,78,2,1184,985,1240,1051,Aug30_1/63-20190824183200-snapshot.jpg
5,1,20190824,183200,83,2,1612,469,1689,527,Aug30_1/63-20190824183200-snapshot.jpg
5,1,20190824,183230,73,2,1209,300,1273,342,Aug30_1/63-20190824183230-snapshot.jpg
5,1,20190824,183500,82,2,828,695,888,760,Aug30_1/63-20190824183500-snapshot.jpg
5,1,20190824,183730,38,2,1732,789,1798,854,Aug30_1/63-20190824183730-snapshot.jpg
5,1,20190824,183800,76,2,1167,953,1227,1018,Aug30_1/63-20190824183800-snapshot.jpg
5,1,20190824,183830,85,2,949,355,1007,425,Aug30_1/63-20190824183830-snapshot.jpg
5,1,20190824,183900,81,2,778,150,830,215,Aug30_1/63-20190824183900-snapshot.jpg
5,1,20190824,184100,83,2,967,807,1027,875,Aug30_1/63-20190824184100-snapshot.jpg
5,1,20190824,184200,81,8,1219,807,1298,863,Aug30_1/63-20190824184200-snapshot.jpg
5,1,20190824,184330,66,2,1335,211,1417,256,Aug30_1/63-20190824184330-snapshot.jpg
5,1,20190824,184630,80,2,1218,286,1285,342,Aug30_1/63-20190824184630-snapshot.jpg
5,1,20190824,184630,86,2,806,540,859,608,Aug30_1/63-20190824184630-snapshot.jpg
5,1,20190824,184700,77,2,406,185,461,255,Aug30_1/63-20190824184700-snapshot.jpg
5,1,20190824,185100,46,2,1572,705,1648,787,Aug30_1/63-20190824185100-snapshot.jpg
5,1,20190824,185530,57,2,896,253,973,307,Aug30_1/63-20190824185530-snapshot.jpg
5,1,20190824,185600,56,2,804,210,856,269,Aug30_1/63-20190824185600-snapshot.jpg
5,1,20190824,185600,66,2,1242,268,1301,324,Aug30_1/63-20190824185600-snapshot.jpg
5,1,20190824,190200,52,2,744,96,822,172,Aug30_1/63-20190824190200-snapshot.jpg
5,1,20190824,190800,58,4,795,510,855,566,Aug30_1/63-20190824190800-snapshot.jpg
5,1,20190824,190900,82,2,1355,217,1429,280,Aug30_1/63-20190824190900-snapshot.jpg
5,1,20190824,191030,85,2,1718,886,1801,958,Aug30_1/63-20190824191030-snapshot.jpg
5,1,20190824,191400,84,2,1672,530,1732,605,Aug30_1/63-20190824191400-snapshot.jpg
5,1,20190824,191700,72,2,1740,1029,1803,1080,Aug30_1/63-20190824191700-snapshot.jpg
5,1,20190824,191800,83,2,931,810,994,864,Aug30_1/63-20190824191800-snapshot.jpg
5,1,20190824,192100,84,2,832,673,881,734,Aug30_1/63-20190824192100-snapshot.jpg
5,1,20190824,192200,86,2,1191,444,1258,520,Aug30_1/63-20190824192200-snapshot.jpg
5,1,20190824,192230,83,2,790,169,855,235,Aug30_1/63-20190824192230-snapshot.jpg
5,1,20190824,192430,78,2,1179,995,1238,1066,Aug30_1/63-20190824192430-snapshot.jpg
5,1,20190824,193600,84,2,1851,947,1920,1024,Aug30_1/64-20190824193600-snapshot.jpg
5,1,20190824,193630,65,2,1783,202,1868,253,Aug30_1/64-20190824193630-snapshot.jpg
5,1,20190824,193700,85,2,1201,262,1260,327,Aug30_1/64-20190824193700-snapshot.jpg
5,1,20190824,194030,84,2,989,574,1048,639,Aug30_1/65-20190824194030-snapshot.jpg
5,1,20190824,194100,84,2,898,288,978,350,Aug30_1/65-20190824194100-snapshot.jpg
5,1,20190824,195200,81,2,1858,948,1920,1025,Aug30_1/65-20190824195200-snapshot.jpg
5,1,20190824,200100,84,2,1830,662,1890,738,Aug30_1/65-20190824200100-snapshot.jpg
5,1,20190824,200500,80,2,805,491,876,552,Aug30_1/65-20190824200500-snapshot.jpg
5,1,20190824,200530,80,2,899,887,986,947,Aug30_1/65-20190824200530-snapshot.jpg
5,1,20190824,201830,81,2,786,150,861,216,Aug30_1/67-20190824201830-snapshot.jpg
5,1,20190824,202030,83,2,1220,272,1275,338,Aug30_1/67-20190824202030-snapshot.jpg
