5,1,20190816,153800,86,2,872,685,928,748,Aug23_1/01-20190816153800-snapshot.jpg
5,1,20190816,154400,85,2,1724,600,1816,662,Aug23_1/01-20190816154400-snapshot.jpg
5,1,20190816,154430,66,2,1458,594,1520,665,Aug23_1/01-20190816154430-snapshot.jpg
5,1,20190816,154430,78,2,1260,142,1310,198,Aug23_1/01-20190816154430-snapshot.jpg
5,1,20190816,154500,78,2,660,782,720,846,Aug23_1/01-20190816154500-snapshot.jpg
5,1,20190816,154530,82,2,1213,59,1294,126,Aug23_1/01-20190816154530-snapshot.jpg
5,1,20190816,155230,77,2,825,612,876,677,Aug23_1/01-20190816155230-snapshot.jpg
5,1,20190816,155300,64,8,1502,726,1580,769,Aug23_1/01-20190816155300-snapshot.jpg
5,1,20190816,155600,71,2,1773,572,1854,630,Aug23_1/01-20190816155600-snapshot.jpg
5,1,20190816,160600,88,2,973,498,1024,566,Aug23_1/01-20190816160600-snapshot.jpg
5,1,20190816,160800,76,8,849,903,933,965,Aug23_1/01-20190816160800-snapshot.jpg
5,1,20190816,160930,76,4,1490,1,1570,46,Aug23_1/01-20190816160930-snapshot.jpg
5,1,20190816,161600,83,2,815,300,890,349,Aug23_1/01-20190816161600-snapshot.jpg
5,1,20190816,162430,80,2,1591,482,1665,543,Aug23_1/01-20190816162430-snapshot.jpg
5,1,20190816,162530,63,2,1839,252,1913,307,Aug23_1/01-20190816162530-snapshot.jpg
5,1,20190816,163200,84,2,980,518,1035,589,Aug23_1/01-20190816163200-snapshot.jpg
5,1,20190816,163930,87,2,890,687,968,744,Aug23_1/01-20190816163930-snapshot.jpg
5,1,20190816,172730,86,4,1060,519,1114,579,Aug23_1/01-20190816172730-snapshot.jpg
5,1,20190816,172800,82,4,1438,2,1519,58,Aug23_1/01-20190816172800-snapshot.jpg
5,1,20190816,172900,76,4,1727,57,1780,120,Aug23_1/01-20190816172900-snapshot.jpg
5,1,20190816,181630,71,4,1625,507,1689,569,Aug23_1/01-20190816181630-snapshot.jpg
5,1,20190816,181630,88,4,1264,414,1351,477,Aug23_1/01-20190816181630-snapshot.jpg
5,1,20190816,183600,80,3,1244,304,1334,378,Aug23_1/02-20190816183600-snapshot.jpg
5,1,20190816,184230,72,2,1401,78,1465,154,Aug23_1/02-20190816184230-snapshot.jpg
5,1,20190816,185700,51,2,0,110,37,168,Aug23_1/02-20190816185700-snapshot.jpg
5,1,20190816,190400,82,2,923,666,992,718,Aug23_1/02-20190816190400-snapshot.jpg
5,1,20190816,190430,86,4,1434,799,1523,871,Aug23_1/02-20190816190430-snapshot.jpg
5,1,20190816,191230,52,8,272,927,339,991,Aug23_1/02-20190816191230-snapshot.jpg
5,1,20190816,191930,86,4,965,467,1024,542,Aug23_1/02-20190816191930-snapshot.jpg
5,1,20190816,192900,44,2,1453,564,1511,637,Aug23_1/03-20190816192900-snapshot.jpg
5,1,20190816,192930,32,2,1837,264,1910,334,Aug23_1/03-20190816192930-snapshot.jpg
5,1,20190816,195230,83,4,1406,155,1473,229,Aug23_1/06-20190816195230-snapshot.jpg
5,1,20190818,083830,72,8,525,702,603,759,Aug23_1/142-20190818083830-snapshot.jpg
5,1,20190818,104400,49,7,0,955,47,1080,Aug23_1/176-20190818104400-snapshot.jpg
5,1,20190818,104430,55,7,0,959,45,1080,Aug23_1/176-20190818104430-snapshot.jpg
5,1,20190818,104500,64,7,0,951,48,1080,Aug23_1/176-20190818104500-snapshot.jpg
5,1,20190818,104530,65,7,0,950,49,1080,Aug23_1/176-20190818104530-snapshot.jpg
5,1,20190818,104600,67,7,0,949,49,1080,Aug23_1/176-20190818104600-snapshot.jpg
5,1,20190818,104630,65,7,0,950,49,1080,Aug23_1/176-20190818104630-snapshot.jpg
5,1,20190818,104630,87,4,858,754,938,818,Aug23_1/176-20190818104630-snapshot.jpg
5,1,20190818,104700,56,7,0,954,47,1080,Aug23_1/176-20190818104700-snapshot.jpg
5,1,20190818,104730,59,7,0,954,48,1080,Aug23_1/176-20190818104730-snapshot.jpg
5,1,20190818,104800,66,7,0,953,49,1080,Aug23_1/176-20190818104800-snapshot.jpg
5,1,20190818,105930,85,8,1682,921,1768,990,Aug23_1/179-20190818105930-snapshot.jpg
5,1,20190818,111100,80,8,632,627,687,688,Aug23_1/179-20190818111100-snapshot.jpg
5,1,20190818,113530,80,2,1244,257,1302,329,Aug23_1/180-20190818113530-snapshot.jpg
5,1,20190818,115300,84,4,1536,538,1603,600,Aug23_1/180-20190818115300-snapshot.jpg
5,1,20190818,115330,81,4,668,741,727,801,Aug23_1/180-20190818115330-snapshot.jpg
5,1,20190818,115430,83,8,504,493,560,563,Aug23_1/180-20190818115430-snapshot.jpg
5,1,20190818,120630,83,8,1059,472,1138,531,Aug23_1/180-20190818120630-snapshot.jpg
5,1,20190818,122900,89,4,1778,876,1870,958,Aug23_1/180-20190818122900-snapshot.jpg
5,1,20190818,123930,85,2,919,341,975,403,Aug23_1/180-20190818123930-snapshot.jpg
5,1,20190818,131930,89,4,863,711,944,793,Aug23_1/180-20190818131930-snapshot.jpg
5,1,20190818,132000,84,4,1702,420,1762,492,Aug23_1/180-20190818132000-snapshot.jpg
5,1,20190818,133400,45,8,933,743,996,792,Aug23_1/180-20190818133400-snapshot.jpg
5,1,20190818,134900,85,3,968,318,1023,382,Aug23_1/181-20190818134900-snapshot.jpg
5,1,20190818,135800,84,3,1750,869,1852,937,Aug23_1/181-20190818135800-snapshot.jpg
5,1,20190818,141630,85,4,878,643,940,705,Aug23_1/181-20190818141630-snapshot.jpg
5,1,20190818,143730,56,3,1851,823,1920,916,Aug23_1/181-20190818143730-snapshot.jpg
5,1,20190818,144000,80,1,1481,467,1521,506,Aug23_1/181-20190818144000-snapshot.jpg
5,1,20190818,144200,65,1,1630,816,1674,857,Aug23_1/181-20190818144200-snapshot.jpg
5,1,20190818,151000,77,3,619,742,690,788,Aug23_1/181-20190818151000-snapshot.jpg
5,1,20190818,153030,87,4,1563,617,1657,686,Aug23_1/186-20190818153030-snapshot.jpg
5,1,20190818,153430,32,1,623,159,668,198,Aug23_1/186-20190818153430-snapshot.jpg
5,1,20190818,153500,27,1,623,159,668,198,Aug23_1/186-20190818153500-snapshot.jpg
5,1,20190818,153600,39,1,623,159,668,199,Aug23_1/186-20190818153600-snapshot.jpg
5,1,20190818,153730,39,1,623,160,668,199,Aug23_1/186-20190818153730-snapshot.jpg
5,1,20190818,153800,29,1,622,159,667,198,Aug23_1/186-20190818153800-snapshot.jpg
5,1,20190818,153830,54,1,622,159,667,199,Aug23_1/186-20190818153830-snapshot.jpg
5,1,20190818,153900,33,1,622,158,667,198,Aug23_1/186-20190818153900-snapshot.jpg
5,1,20190818,153930,40,1,623,159,667,199,Aug23_1/186-20190818153930-snapshot.jpg
5,1,20190818,154000,33,1,622,159,667,199,Aug23_1/186-20190818154000-snapshot.jpg
5,1,20190818,154430,41,1,622,159,668,199,Aug23_1/187-20190818154430-snapshot.jpg
5,1,20190818,154600,39,1,622,158,667,198,Aug23_1/187-20190818154600-snapshot.jpg
5,1,20190818,155230,37,1,623,158,667,198,Aug23_1/187-20190818155230-snapshot.jpg
5,1,20190818,155600,53,1,622,158,667,199,Aug23_1/187-20190818155600-snapshot.jpg
5,1,20190818,162430,50,1,0,315,28,350,Aug23_1/188-20190818162430-snapshot.jpg
5,1,20190818,162500,42,1,0,314,28,351,Aug23_1/188-20190818162500-snapshot.jpg
5,1,20190818,162600,54,1,0,314,29,351,Aug23_1/188-20190818162600-snapshot.jpg
5,1,20190818,162730,59,1,0,313,30,351,Aug23_1/188-20190818162730-snapshot.jpg
5,1,20190818,162830,40,1,0,314,28,351,Aug23_1/188-20190818162830-snapshot.jpg
5,1,20190818,162900,59,1,0,313,28,350,Aug23_1/188-20190818162900-snapshot.jpg
5,1,20190818,162930,30,1,0,313,30,351,Aug23_1/188-20190818162930-snapshot.jpg
5,1,20190818,163000,36,1,0,314,27,352,Aug23_1/188-20190818163000-snapshot.jpg
5,1,20190818,163030,55,1,0,314,30,351,Aug23_1/188-20190818163030-snapshot.jpg
5,1,20190818,163100,45,1,0,313,29,351,Aug23_1/188-20190818163100-snapshot.jpg
5,1,20190818,163130,58,1,0,314,30,351,Aug23_1/188-20190818163130-snapshot.jpg
5,1,20190818,163200,31,1,0,313,30,351,Aug23_1/188-20190818163200-snapshot.jpg
5,1,20190818,163230,38,1,0,313,30,351,Aug23_1/188-20190818163230-snapshot.jpg
5,1,20190818,163330,27,1,0,313,30,352,Aug23_1/188-20190818163330-snapshot.jpg
5,1,20190818,163400,46,1,0,312,30,351,Aug23_1/188-20190818163400-snapshot.jpg
5,1,20190818,163500,37,1,0,312,30,350,Aug23_1/188-20190818163500-snapshot.jpg
5,1,20190818,163600,39,1,0,313,30,350,Aug23_1/188-20190818163600-snapshot.jpg
5,1,20190818,163630,54,1,0,313,30,351,Aug23_1/188-20190818163630-snapshot.jpg
5,1,20190818,163730,33,1,0,312,30,351,Aug23_1/188-20190818163730-snapshot.jpg
5,1,20190818,163800,30,1,0,313,29,351,Aug23_1/188-20190818163800-snapshot.jpg
5,1,20190818,163830,32,1,0,312,29,350,Aug23_1/188-20190818163830-snapshot.jpg
5,1,20190818,164500,40,1,0,313,29,350,Aug23_1/188-20190818164500-snapshot.jpg
5,1,20190818,164600,52,1,0,314,30,351,Aug23_1/188-20190818164600-snapshot.jpg
5,1,20190818,164630,36,1,0,314,29,351,Aug23_1/188-20190818164630-snapshot.jpg
5,1,20190818,164700,34,1,0,313,29,351,Aug23_1/188-20190818164700-snapshot.jpg
5,1,20190818,164830,34,1,0,313,27,351,Aug23_1/188-20190818164830-snapshot.jpg
5,1,20190818,164930,53,1,0,313,30,351,Aug23_1/188-20190818164930-snapshot.jpg
5,1,20190818,165000,50,1,0,314,30,351,Aug23_1/188-20190818165000-snapshot.jpg
5,1,20190818,165030,38,1,0,314,29,351,Aug23_1/188-20190818165030-snapshot.jpg
5,1,20190818,165100,61,1,0,314,30,350,Aug23_1/188-20190818165100-snapshot.jpg
5,1,20190818,165200,63,1,0,314,31,352,Aug23_1/188-20190818165200-snapshot.jpg
5,1,20190818,165230,29,1,0,314,29,351,Aug23_1/188-20190818165230-snapshot.jpg
5,1,20190818,165400,44,1,0,314,32,353,Aug23_1/188-20190818165400-snapshot.jpg
5,1,20190818,165630,30,1,0,313,30,352,Aug23_1/188-20190818165630-snapshot.jpg
5,1,20190818,165800,35,1,0,314,30,351,Aug23_1/188-20190818165800-snapshot.jpg
5,1,20190818,165930,30,1,0,314,30,352,Aug23_1/188-20190818165930-snapshot.jpg
5,1,20190818,170100,45,1,0,314,29,352,Aug23_1/188-20190818170100-snapshot.jpg
5,1,20190818,170130,43,1,0,314,30,352,Aug23_1/188-20190818170130-snapshot.jpg
5,1,20190818,170200,34,1,0,314,30,351,Aug23_1/188-20190818170200-snapshot.jpg
5,1,20190818,170330,30,1,0,314,29,351,Aug23_1/189-20190818170330-snapshot.jpg
5,1,20190818,170500,27,1,0,314,32,352,Aug23_1/189-20190818170500-snapshot.jpg
5,1,20190818,170630,29,1,0,314,30,352,Aug23_1/191-20190818170630-snapshot.jpg
5,1,20190819,053630,53,1,1164,884,1208,922,Aug23_1/232-20190819053630-snapshot.jpg
5,1,20190819,053900,42,1,1168,883,1210,919,Aug23_1/232-20190819053900-snapshot.jpg
5,1,20190819,054000,50,1,1168,883,1210,919,Aug23_1/233-20190819054000-snapshot.jpg
5,1,20190819,054200,63,1,1168,881,1212,919,Aug23_1/233-20190819054200-snapshot.jpg
5,1,20190819,054330,45,1,1167,882,1211,919,Aug23_1/233-20190819054330-snapshot.jpg
5,1,20190819,061700,73,8,1406,946,1472,1029,Aug23_1/245-20190819061700-snapshot.jpg
5,1,20190816,211530,60,1,1062,715,1105,757,Aug23_1/26-20190816211530-snapshot.jpg
5,1,20190819,104900,60,4,1834,680,1892,735,Aug23_1/298-20190819104900-snapshot.jpg
5,1,20190819,111630,78,3,677,703,735,755,Aug23_1/298-20190819111630-snapshot.jpg
5,1,20190819,115300,83,8,612,471,691,521,Aug23_1/298-20190819115300-snapshot.jpg
5,1,20190819,115500,84,3,1111,24,1202,99,Aug23_1/298-20190819115500-snapshot.jpg
5,1,20190819,120500,85,2,1445,833,1529,906,Aug23_1/299-20190819120500-snapshot.jpg
5,1,20190819,120930,73,2,886,878,947,927,Aug23_1/299-20190819120930-snapshot.jpg
5,1,20190819,121000,72,2,1413,747,1491,804,Aug23_1/299-20190819121000-snapshot.jpg
5,1,20190819,121800,37,2,1726,967,1813,1040,Aug23_1/299-20190819121800-snapshot.jpg
5,1,20190819,122100,87,2,1266,373,1345,427,Aug23_1/300-20190819122100-snapshot.jpg
5,1,20190819,143130,83,4,739,354,784,410,Aug23_1/300-20190819143130-snapshot.jpg
5,1,20190819,161530,82,3,891,851,957,908,Aug23_1/301-20190819161530-snapshot.jpg
5,1,20190819,165000,87,3,890,832,947,901,Aug23_1/301-20190819165000-snapshot.jpg
5,1,20190819,165400,37,3,1586,403,1664,476,Aug23_1/301-20190819165400-snapshot.jpg
5,1,20190819,165530,83,2,794,542,850,614,Aug23_1/301-20190819165530-snapshot.jpg
5,1,20190819,165700,64,2,801,152,873,207,Aug23_1/301-20190819165700-snapshot.jpg
5,1,20190819,170500,30,6,1304,372,1358,424,Aug23_1/301-20190819170500-snapshot.jpg
5,1,20190819,171900,49,3,1470,848,1568,926,Aug23_1/301-20190819171900-snapshot.jpg
5,1,20190819,171900,57,4,1390,162,1457,217,Aug23_1/301-20190819171900-snapshot.jpg
5,1,20190819,173300,86,4,1544,589,1624,662,Aug23_1/301-20190819173300-snapshot.jpg
5,1,20190819,180000,90,3,1234,372,1321,457,Aug23_1/301-20190819180000-snapshot.jpg
5,1,20190819,180030,88,3,1768,964,1875,1047,Aug23_1/301-20190819180030-snapshot.jpg
5,1,20190819,182500,88,4,1244,342,1311,411,Aug23_1/301-20190819182500-snapshot.jpg
5,1,20190819,182530,82,9,1501,833,1594,889,Aug23_1/301-20190819182530-snapshot.jpg
5,1,20190819,192300,84,8,1103,877,1184,932,Aug23_1/301-20190819192300-snapshot.jpg
5,1,20190819,201200,70,4,1555,23,1638,104,Aug23_1/301-20190819201200-snapshot.jpg
5,1,20190819,201800,88,4,1220,413,1304,495,Aug23_1/301-20190819201800-snapshot.jpg
5,1,20190817,054830,27,1,1058,720,1108,770,Aug23_1/34-20190817054830-snapshot.jpg
5,1,20190817,054900,49,1,1059,721,1107,769,Aug23_1/35-20190817054900-snapshot.jpg
5,1,20190817,054930,27,1,1059,722,1107,769,Aug23_1/35-20190817054930-snapshot.jpg
5,1,20190817,055000,49,1,1061,721,1107,768,Aug23_1/35-20190817055000-snapshot.jpg
5,1,20190817,055100,69,1,1061,721,1107,767,Aug23_1/35-20190817055100-snapshot.jpg
5,1,20190817,055130,61,1,1061,723,1106,768,Aug23_1/35-20190817055130-snapshot.jpg
5,1,20190817,055200,35,1,1061,721,1106,766,Aug23_1/35-20190817055200-snapshot.jpg
5,1,20190817,055230,30,1,1061,722,1106,767,Aug23_1/35-20190817055230-snapshot.jpg
5,1,20190817,055300,59,1,1061,722,1106,767,Aug23_1/35-20190817055300-snapshot.jpg
5,1,20190817,055430,34,1,1061,722,1107,767,Aug23_1/36-20190817055430-snapshot.jpg
5,1,20190817,055500,43,1,1062,721,1106,766,Aug23_1/36-20190817055500-snapshot.jpg
5,1,20190820,090900,87,3,1228,461,1290,541,Aug23_1/377-20190820090900-snapshot.jpg
5,1,20190820,094330,76,8,770,105,831,183,Aug23_1/379-20190820094330-snapshot.jpg
5,1,20190820,094800,84,4,1576,131,1641,208,Aug23_1/379-20190820094800-snapshot.jpg
5,1,20190820,094900,74,3,781,549,855,601,Aug23_1/379-20190820094900-snapshot.jpg
5,1,20190820,095530,81,3,1794,797,1882,875,Aug23_1/380-20190820095530-snapshot.jpg
5,1,20190820,100630,83,8,799,342,857,405,Aug23_1/380-20190820100630-snapshot.jpg
5,1,20190820,102800,86,4,1706,887,1795,946,Aug23_1/380-20190820102800-snapshot.jpg
5,1,20190820,103200,84,8,1396,968,1488,1043,Aug23_1/380-20190820103200-snapshot.jpg
5,1,20190820,104500,87,3,1468,772,1568,827,Aug23_1/380-20190820104500-snapshot.jpg
5,1,20190820,105330,86,3,1531,799,1630,885,Aug23_1/380-20190820105330-snapshot.jpg
5,1,20190820,105930,88,4,1255,438,1355,514,Aug23_1/380-20190820105930-snapshot.jpg
5,1,20190820,110400,88,3,1759,807,1867,885,Aug23_1/380-20190820110400-snapshot.jpg
5,1,20190820,111100,78,4,1237,495,1327,558,Aug23_1/380-20190820111100-snapshot.jpg
5,1,20190820,111300,84,2,1142,325,1220,394,Aug23_1/380-20190820111300-snapshot.jpg
5,1,20190820,112000,87,4,1677,660,1769,758,Aug23_1/380-20190820112000-snapshot.jpg
5,1,20190820,121230,48,2,1764,946,1833,1018,Aug23_1/380-20190820121230-snapshot.jpg
5,1,20190820,121330,84,4,795,136,864,198,Aug23_1/380-20190820121330-snapshot.jpg
5,1,20190820,121400,35,2,1613,509,1671,570,Aug23_1/380-20190820121400-snapshot.jpg
5,1,20190820,122400,81,2,669,716,723,779,Aug23_1/380-20190820122400-snapshot.jpg
5,1,20190820,122430,81,2,792,550,846,615,Aug23_1/380-20190820122430-snapshot.jpg
5,1,20190820,122500,83,2,862,868,937,924,Aug23_1/380-20190820122500-snapshot.jpg
5,1,20190820,122600,75,2,1118,1016,1189,1078,Aug23_1/380-20190820122600-snapshot.jpg
5,1,20190820,122630,77,2,874,330,944,374,Aug23_1/380-20190820122630-snapshot.jpg
5,1,20190820,122800,85,2,1209,322,1279,384,Aug23_1/380-20190820122800-snapshot.jpg
5,1,20190820,131300,82,2,1286,320,1340,374,Aug23_1/382-20190820131300-snapshot.jpg
5,1,20190820,131330,84,2,905,747,976,789,Aug23_1/382-20190820131330-snapshot.jpg
5,1,20190820,131700,83,2,1600,671,1696,735,Aug23_1/382-20190820131700-snapshot.jpg
5,1,20190820,131800,88,3,1169,436,1266,503,Aug23_1/382-20190820131800-snapshot.jpg
5,1,20190820,133400,77,2,1547,548,1626,597,Aug23_1/382-20190820133400-snapshot.jpg
5,1,20190820,133830,80,2,662,737,733,784,Aug23_1/382-20190820133830-snapshot.jpg
5,1,20190820,134500,68,2,1747,917,1815,989,Aug23_1/382-20190820134500-snapshot.jpg
5,1,20190820,134500,73,2,14,78,72,143,Aug23_1/382-20190820134500-snapshot.jpg
5,1,20190820,134530,83,2,1221,343,1303,396,Aug23_1/382-20190820134530-snapshot.jpg
5,1,20190820,134600,68,2,905,649,963,707,Aug23_1/382-20190820134600-snapshot.jpg
5,1,20190820,134700,83,2,785,566,838,626,Aug23_1/382-20190820134700-snapshot.jpg
5,1,20190820,134730,85,2,926,505,980,567,Aug23_1/382-20190820134730-snapshot.jpg
5,1,20190820,135230,84,2,1333,760,1393,831,Aug23_1/382-20190820135230-snapshot.jpg
5,1,20190820,135300,75,2,910,652,966,702,Aug23_1/382-20190820135300-snapshot.jpg
5,1,20190820,135400,80,8,280,1009,374,1064,Aug23_1/382-20190820135400-snapshot.jpg
5,1,20190820,135430,83,8,878,67,966,134,Aug23_1/382-20190820135430-snapshot.jpg
5,1,20190820,135630,83,2,1730,591,1805,669,Aug23_1/382-20190820135630-snapshot.jpg
5,1,20190820,135700,70,2,1286,361,1351,429,Aug23_1/382-20190820135700-snapshot.jpg
5,1,20190820,135700,81,2,1514,782,1588,846,Aug23_1/382-20190820135700-snapshot.jpg
5,1,20190820,135730,62,9,841,554,900,620,Aug23_1/382-20190820135730-snapshot.jpg
5,1,20190820,135730,83,2,1761,806,1823,879,Aug23_1/382-20190820135730-snapshot.jpg
5,1,20190820,135800,26,4,682,769,754,835,Aug23_1/382-20190820135800-snapshot.jpg
5,1,20190820,135800,28,2,684,767,755,836,Aug23_1/382-20190820135800-snapshot.jpg
5,1,20190820,135800,48,9,685,767,753,835,Aug23_1/382-20190820135800-snapshot.jpg
5,1,20190820,135800,77,2,1849,855,1920,916,Aug23_1/382-20190820135800-snapshot.jpg
5,1,20190820,140100,87,7,862,689,965,788,Aug23_1/382-20190820140100-snapshot.jpg
5,1,20190820,140430,78,2,850,296,907,353,Aug23_1/382-20190820140430-snapshot.jpg
5,1,20190820,140600,81,2,867,654,946,719,Aug23_1/382-20190820140600-snapshot.jpg
5,1,20190820,140900,75,2,1794,801,1864,868,Aug23_1/382-20190820140900-snapshot.jpg
5,1,20190820,140930,85,7,1489,5,1643,94,Aug23_1/382-20190820140930-snapshot.jpg
5,1,20190820,140930,87,2,616,677,672,754,Aug23_1/382-20190820140930-snapshot.jpg
5,1,20190820,141000,52,2,1834,814,1918,883,Aug23_1/382-20190820141000-snapshot.jpg
5,1,20190820,141030,72,2,1159,983,1226,1030,Aug23_1/382-20190820141030-snapshot.jpg
5,1,20190820,141830,76,2,1401,623,1462,687,Aug23_1/382-20190820141830-snapshot.jpg
5,1,20190820,142030,73,8,313,925,372,992,Aug23_1/382-20190820142030-snapshot.jpg
5,1,20190820,142130,84,2,1214,358,1292,421,Aug23_1/382-20190820142130-snapshot.jpg
5,1,20190820,142230,82,2,651,739,707,803,Aug23_1/382-20190820142230-snapshot.jpg
5,1,20190820,142300,80,2,1396,623,1469,682,Aug23_1/382-20190820142300-snapshot.jpg
5,1,20190820,142600,79,2,895,321,966,370,Aug23_1/382-20190820142600-snapshot.jpg
5,1,20190820,142630,40,2,0,72,52,131,Aug23_1/382-20190820142630-snapshot.jpg
5,1,20190820,142630,83,2,838,726,892,795,Aug23_1/382-20190820142630-snapshot.jpg
5,1,20190820,142800,73,2,1739,213,1808,282,Aug23_1/382-20190820142800-snapshot.jpg
5,1,20190820,142930,83,2,779,726,839,792,Aug23_1/382-20190820142930-snapshot.jpg
5,1,20190820,143030,84,2,1301,302,1353,368,Aug23_1/382-20190820143030-snapshot.jpg
5,1,20190820,143100,84,7,1213,319,1378,448,Aug23_1/382-20190820143100-snapshot.jpg
5,1,20190820,143130,85,7,873,238,1002,398,Aug23_1/382-20190820143130-snapshot.jpg
5,1,20190820,143230,80,2,1738,254,1821,313,Aug23_1/382-20190820143230-snapshot.jpg
5,1,20190820,143330,76,2,1880,668,1920,731,Aug23_1/382-20190820143330-snapshot.jpg
5,1,20190820,143630,59,2,866,277,925,332,Aug23_1/382-20190820143630-snapshot.jpg
5,1,20190820,143630,75,2,1171,1019,1241,1073,Aug23_1/382-20190820143630-snapshot.jpg
5,1,20190820,143700,83,2,952,455,1023,505,Aug23_1/382-20190820143700-snapshot.jpg
5,1,20190820,144030,70,2,1282,395,1343,459,Aug23_1/382-20190820144030-snapshot.jpg
5,1,20190820,144130,77,2,653,780,709,821,Aug23_1/382-20190820144130-snapshot.jpg
5,1,20190820,144300,87,4,1466,493,1547,551,Aug23_1/382-20190820144300-snapshot.jpg
5,1,20190820,144430,32,2,1549,762,1614,833,Aug23_1/382-20190820144430-snapshot.jpg
5,1,20190820,144730,78,2,1398,158,1473,214,Aug23_1/382-20190820144730-snapshot.jpg
5,1,20190820,144900,72,2,974,443,1047,496,Aug23_1/382-20190820144900-snapshot.jpg
5,1,20190820,144900,83,2,1545,459,1630,519,Aug23_1/382-20190820144900-snapshot.jpg
5,1,20190820,144930,39,2,32,67,111,126,Aug23_1/382-20190820144930-snapshot.jpg
5,1,20190820,144930,66,2,1752,946,1826,1013,Aug23_1/382-20190820144930-snapshot.jpg
5,1,20190820,144930,77,2,1739,226,1810,293,Aug23_1/382-20190820144930-snapshot.jpg
5,1,20190820,145000,76,2,974,446,1042,497,Aug23_1/382-20190820145000-snapshot.jpg
5,1,20190820,145030,83,2,1198,384,1258,451,Aug23_1/382-20190820145030-snapshot.jpg
5,1,20190820,145100,87,2,1646,690,1739,755,Aug23_1/382-20190820145100-snapshot.jpg
5,1,20190820,145200,81,2,884,380,946,445,Aug23_1/382-20190820145200-snapshot.jpg
5,1,20190820,145300,85,2,1715,841,1801,914,Aug23_1/382-20190820145300-snapshot.jpg
5,1,20190820,145330,86,2,1280,330,1335,400,Aug23_1/382-20190820145330-snapshot.jpg
5,1,20190820,145400,55,2,643,817,709,883,Aug23_1/382-20190820145400-snapshot.jpg
5,1,20190820,145400,84,2,1309,323,1370,383,Aug23_1/382-20190820145400-snapshot.jpg
5,1,20190820,145430,87,4,1135,427,1215,500,Aug23_1/382-20190820145430-snapshot.jpg
5,1,20190820,150000,83,2,1491,842,1583,898,Aug23_1/382-20190820150000-snapshot.jpg
5,1,20190820,150100,69,2,879,269,932,322,Aug23_1/382-20190820150100-snapshot.jpg
5,1,20190820,150100,83,4,1288,377,1358,445,Aug23_1/382-20190820150100-snapshot.jpg
5,1,20190820,150130,84,4,1558,594,1641,674,Aug23_1/382-20190820150130-snapshot.jpg
5,1,20190820,150300,84,4,909,731,972,801,Aug23_1/382-20190820150300-snapshot.jpg
5,1,20190820,150330,61,2,1494,841,1584,905,Aug23_1/382-20190820150330-snapshot.jpg
5,1,20190820,150400,85,2,1213,388,1272,461,Aug23_1/382-20190820150400-snapshot.jpg
5,1,20190820,150430,83,2,1811,819,1872,888,Aug23_1/382-20190820150430-snapshot.jpg
5,1,20190820,150900,77,2,859,771,912,831,Aug23_1/382-20190820150900-snapshot.jpg
5,1,20190820,151230,83,2,904,654,979,701,Aug23_1/382-20190820151230-snapshot.jpg
5,1,20190820,151400,57,2,227,986,315,1053,Aug23_1/382-20190820151400-snapshot.jpg
5,1,20190820,151630,85,2,963,961,1039,1013,Aug23_1/382-20190820151630-snapshot.jpg
5,1,20190820,151800,82,2,667,777,740,826,Aug23_1/382-20190820151800-snapshot.jpg
5,1,20190820,151830,46,7,1511,1,1645,41,Aug23_1/382-20190820151830-snapshot.jpg
5,1,20190820,152030,31,2,1496,1,1558,50,Aug23_1/382-20190820152030-snapshot.jpg
5,1,20190820,152030,76,2,1148,1024,1215,1079,Aug23_1/382-20190820152030-snapshot.jpg
5,1,20190820,152130,83,2,1226,456,1306,502,Aug23_1/382-20190820152130-snapshot.jpg
5,1,20190820,152530,49,2,888,855,942,916,Aug23_1/382-20190820152530-snapshot.jpg
5,1,20190820,152600,78,2,783,561,833,614,Aug23_1/382-20190820152600-snapshot.jpg
5,1,20190820,152930,84,2,927,925,1013,979,Aug23_1/382-20190820152930-snapshot.jpg
5,1,20190820,153130,84,2,815,234,869,295,Aug23_1/382-20190820153130-snapshot.jpg
5,1,20190820,153200,88,4,1731,943,1817,1033,Aug23_1/382-20190820153200-snapshot.jpg
5,1,20190820,153230,88,4,1744,229,1854,297,Aug23_1/382-20190820153230-snapshot.jpg
5,1,20190820,153300,60,2,791,568,839,614,Aug23_1/382-20190820153300-snapshot.jpg
5,1,20190820,153400,62,2,1790,258,1869,311,Aug23_1/382-20190820153400-snapshot.jpg
5,1,20190820,153630,87,2,1820,866,1904,927,Aug23_1/382-20190820153630-snapshot.jpg
5,1,20190820,153730,90,4,1256,348,1349,416,Aug23_1/382-20190820153730-snapshot.jpg
5,1,20190820,153830,89,4,1305,179,1391,266,Aug23_1/382-20190820153830-snapshot.jpg
5,1,20190820,153900,87,4,1161,362,1227,443,Aug23_1/382-20190820153900-snapshot.jpg
5,1,20190820,154030,80,2,1778,663,1839,730,Aug23_1/382-20190820154030-snapshot.jpg
5,1,20190820,154130,85,2,394,27,456,115,Aug23_1/382-20190820154130-snapshot.jpg
5,1,20190820,154130,86,2,1519,736,1603,796,Aug23_1/382-20190820154130-snapshot.jpg
5,1,20190820,154200,81,2,1372,167,1440,225,Aug23_1/382-20190820154200-snapshot.jpg
5,1,20190820,154330,88,7,1191,991,1314,1080,Aug23_1/382-20190820154330-snapshot.jpg
5,1,20190820,154500,76,2,883,269,947,329,Aug23_1/382-20190820154500-snapshot.jpg
5,1,20190820,154500,88,3,1412,507,1500,568,Aug23_1/382-20190820154500-snapshot.jpg
5,1,20190820,154600,85,2,1141,401,1223,459,Aug23_1/382-20190820154600-snapshot.jpg
5,1,20190820,154630,82,2,379,226,436,291,Aug23_1/382-20190820154630-snapshot.jpg
5,1,20190820,154800,81,2,921,650,978,709,Aug23_1/382-20190820154800-snapshot.jpg
5,1,20190820,154830,79,2,1548,728,1635,784,Aug23_1/382-20190820154830-snapshot.jpg
5,1,20190820,154900,85,2,864,753,940,800,Aug23_1/382-20190820154900-snapshot.jpg
5,1,20190820,155330,85,4,1660,647,1754,719,Aug23_1/382-20190820155330-snapshot.jpg
5,1,20190820,155400,52,2,48,87,119,141,Aug23_1/382-20190820155400-snapshot.jpg
5,1,20190820,155700,82,2,1390,159,1445,217,Aug23_1/382-20190820155700-snapshot.jpg
5,1,20190820,155800,82,2,821,191,874,254,Aug23_1/382-20190820155800-snapshot.jpg
5,1,20190820,155830,73,2,1311,154,1371,208,Aug23_1/382-20190820155830-snapshot.jpg
5,1,20190820,160330,78,2,1529,806,1615,874,Aug23_1/382-20190820160330-snapshot.jpg
5,1,20190820,160400,84,2,666,717,723,783,Aug23_1/382-20190820160400-snapshot.jpg
5,1,20190820,160430,82,2,1723,604,1794,670,Aug23_1/382-20190820160430-snapshot.jpg
5,1,20190820,160700,81,2,935,672,985,732,Aug23_1/382-20190820160700-snapshot.jpg
5,1,20190820,161400,82,2,1502,823,1587,875,Aug23_1/382-20190820161400-snapshot.jpg
5,1,20190820,161430,75,2,869,872,941,916,Aug23_1/382-20190820161430-snapshot.jpg
5,1,20190820,161930,81,2,857,324,910,382,Aug23_1/382-20190820161930-snapshot.jpg
5,1,20190820,162000,84,2,1539,730,1602,795,Aug23_1/382-20190820162000-snapshot.jpg
5,1,20190820,162030,76,2,1881,649,1920,714,Aug23_1/382-20190820162030-snapshot.jpg
5,1,20190820,162100,85,2,1200,416,1279,478,Aug23_1/382-20190820162100-snapshot.jpg
5,1,20190820,162130,76,2,1390,157,1465,213,Aug23_1/382-20190820162130-snapshot.jpg
5,1,20190820,162200,86,2,936,663,988,731,Aug23_1/382-20190820162200-snapshot.jpg
5,1,20190820,162400,85,2,1642,604,1729,682,Aug23_1/382-20190820162400-snapshot.jpg
5,1,20190820,162700,83,2,775,762,851,807,Aug23_1/382-20190820162700-snapshot.jpg
5,1,20190820,162800,85,2,1563,498,1620,565,Aug23_1/382-20190820162800-snapshot.jpg
5,1,20190820,162830,85,2,1228,487,1291,550,Aug23_1/382-20190820162830-snapshot.jpg
5,1,20190820,163330,78,2,653,793,722,845,Aug23_1/382-20190820163330-snapshot.jpg
5,1,20190820,163400,83,2,934,665,985,730,Aug23_1/382-20190820163400-snapshot.jpg
5,1,20190820,163530,78,2,1196,455,1252,525,Aug23_1/382-20190820163530-snapshot.jpg
5,1,20190820,163600,80,2,1394,148,1468,214,Aug23_1/382-20190820163600-snapshot.jpg
5,1,20190820,163700,84,2,861,714,914,781,Aug23_1/382-20190820163700-snapshot.jpg
5,1,20190820,163730,74,2,93,830,175,876,Aug23_1/382-20190820163730-snapshot.jpg
5,1,20190820,163800,85,2,1155,985,1208,1050,Aug23_1/382-20190820163800-snapshot.jpg
5,1,20190820,163830,78,2,936,279,1002,323,Aug23_1/382-20190820163830-snapshot.jpg
5,1,20190820,163900,89,7,761,95,900,233,Aug23_1/382-20190820163900-snapshot.jpg
5,1,20190820,163930,83,2,1203,341,1259,404,Aug23_1/382-20190820163930-snapshot.jpg
5,1,20190820,163930,85,2,1850,885,1920,944,Aug23_1/382-20190820163930-snapshot.jpg
5,1,20190820,163930,87,7,848,275,972,380,Aug23_1/382-20190820163930-snapshot.jpg
5,1,20190820,164130,86,2,1754,809,1819,880,Aug23_1/382-20190820164130-snapshot.jpg
5,1,20190820,164200,83,2,883,748,945,802,Aug23_1/382-20190820164200-snapshot.jpg
5,1,20190820,164600,86,2,942,900,1000,971,Aug23_1/382-20190820164600-snapshot.jpg
5,1,20190820,164630,52,2,793,536,856,586,Aug23_1/382-20190820164630-snapshot.jpg
5,1,20190820,164630,82,2,1558,483,1628,532,Aug23_1/382-20190820164630-snapshot.jpg
5,1,20190820,164700,74,2,406,60,475,133,Aug23_1/382-20190820164700-snapshot.jpg
5,1,20190820,164730,85,2,1258,407,1329,476,Aug23_1/382-20190820164730-snapshot.jpg
5,1,20190820,164800,82,2,658,755,710,815,Aug23_1/382-20190820164800-snapshot.jpg
5,1,20190820,165000,79,2,1183,326,1257,378,Aug23_1/382-20190820165000-snapshot.jpg
5,1,20190820,165030,82,2,1844,908,1915,966,Aug23_1/382-20190820165030-snapshot.jpg
5,1,20190820,165100,84,2,899,515,968,564,Aug23_1/382-20190820165100-snapshot.jpg
5,1,20190820,165500,66,2,1827,712,1908,770,Aug23_1/382-20190820165500-snapshot.jpg
5,1,20190820,165530,40,2,1555,727,1624,802,Aug23_1/382-20190820165530-snapshot.jpg
5,1,20190820,165600,85,2,1564,497,1633,564,Aug23_1/382-20190820165600-snapshot.jpg
5,1,20190820,165630,78,2,1361,171,1423,213,Aug23_1/382-20190820165630-snapshot.jpg
5,1,20190820,165700,78,2,712,57,799,133,Aug23_1/382-20190820165700-snapshot.jpg
5,1,20190820,165900,66,2,1053,569,1107,630,Aug23_1/382-20190820165900-snapshot.jpg
5,1,20190820,170000,83,2,1641,675,1724,755,Aug23_1/382-20190820170000-snapshot.jpg
5,1,20190820,170130,76,8,1371,958,1454,1031,Aug23_1/382-20190820170130-snapshot.jpg
5,1,20190820,170330,81,2,931,669,982,727,Aug23_1/382-20190820170330-snapshot.jpg
5,1,20190820,170330,84,2,1225,365,1299,420,Aug23_1/382-20190820170330-snapshot.jpg
5,1,20190820,170400,79,2,1178,327,1248,384,Aug23_1/382-20190820170400-snapshot.jpg
5,1,20190820,171000,85,2,1495,836,1586,896,Aug23_1/382-20190820171000-snapshot.jpg
5,1,20190820,171030,81,2,643,778,694,836,Aug23_1/382-20190820171030-snapshot.jpg
5,1,20190820,171130,76,2,911,842,972,903,Aug23_1/382-20190820171130-snapshot.jpg
5,1,20190820,171200,83,2,908,650,978,706,Aug23_1/382-20190820171200-snapshot.jpg
5,1,20190820,171200,86,4,1189,463,1281,528,Aug23_1/382-20190820171200-snapshot.jpg
5,1,20190820,171230,83,2,832,156,884,218,Aug23_1/382-20190820171230-snapshot.jpg
5,1,20190820,171330,78,2,1632,463,1692,521,Aug23_1/382-20190820171330-snapshot.jpg
5,1,20190820,171730,82,2,948,465,1002,523,Aug23_1/382-20190820171730-snapshot.jpg
5,1,20190820,171730,85,2,643,773,700,827,Aug23_1/382-20190820171730-snapshot.jpg
5,1,20190820,171830,80,2,1387,158,1456,218,Aug23_1/382-20190820171830-snapshot.jpg
5,1,20190820,171900,79,2,1146,985,1218,1033,Aug23_1/382-20190820171900-snapshot.jpg
5,1,20190820,171930,84,2,1234,320,1315,384,Aug23_1/382-20190820171930-snapshot.jpg
5,1,20190820,172030,82,2,955,283,1016,330,Aug23_1/382-20190820172030-snapshot.jpg
5,1,20190820,172100,82,2,1588,566,1665,636,Aug23_1/382-20190820172100-snapshot.jpg
5,1,20190820,172100,85,7,1774,183,1919,313,Aug23_1/382-20190820172100-snapshot.jpg
5,1,20190820,172700,80,2,382,169,436,225,Aug23_1/382-20190820172700-snapshot.jpg
5,1,20190820,172800,82,2,828,171,875,225,Aug23_1/382-20190820172800-snapshot.jpg
5,1,20190820,172830,83,2,934,543,987,601,Aug23_1/382-20190820172830-snapshot.jpg
5,1,20190820,172900,25,8,987,48,1045,100,Aug23_1/382-20190820172900-snapshot.jpg
5,1,20190820,173000,85,2,1185,457,1244,525,Aug23_1/382-20190820173000-snapshot.jpg
5,1,20190820,173300,49,2,1049,583,1104,646,Aug23_1/382-20190820173300-snapshot.jpg
5,1,20190820,173330,83,2,1708,567,1791,630,Aug23_1/382-20190820173330-snapshot.jpg
5,1,20190820,173400,47,2,1509,4,1568,61,Aug23_1/382-20190820173400-snapshot.jpg
5,1,20190820,173700,79,2,929,936,993,1003,Aug23_1/382-20190820173700-snapshot.jpg
5,1,20190820,173730,82,2,1147,378,1228,434,Aug23_1/382-20190820173730-snapshot.jpg
5,1,20190820,173800,72,2,931,668,985,713,Aug23_1/382-20190820173800-snapshot.jpg
5,1,20190820,173800,80,2,1662,846,1721,910,Aug23_1/382-20190820173800-snapshot.jpg
5,1,20190820,174030,83,2,1787,908,1874,964,Aug23_1/382-20190820174030-snapshot.jpg
5,1,20190820,174100,81,2,1666,874,1747,936,Aug23_1/382-20190820174100-snapshot.jpg
5,1,20190820,174230,78,2,787,560,836,607,Aug23_1/382-20190820174230-snapshot.jpg
5,1,20190820,174230,83,2,819,169,885,221,Aug23_1/382-20190820174230-snapshot.jpg
5,1,20190820,174630,66,2,1538,500,1603,557,Aug23_1/382-20190820174630-snapshot.jpg
5,1,20190820,174700,81,2,1757,937,1823,1010,Aug23_1/382-20190820174700-snapshot.jpg
5,1,20190820,174700,85,2,898,647,976,693,Aug23_1/382-20190820174700-snapshot.jpg
5,1,20190820,174730,70,2,863,765,928,828,Aug23_1/382-20190820174730-snapshot.jpg
5,1,20190820,174900,84,2,1434,760,1521,819,Aug23_1/382-20190820174900-snapshot.jpg
5,1,20190820,175200,70,2,1619,527,1695,590,Aug23_1/382-20190820175200-snapshot.jpg
5,1,20190820,175230,85,2,863,521,925,587,Aug23_1/382-20190820175230-snapshot.jpg
5,1,20190820,175330,66,2,1260,367,1317,417,Aug23_1/382-20190820175330-snapshot.jpg
5,1,20190820,175430,82,2,1158,990,1215,1055,Aug23_1/382-20190820175430-snapshot.jpg
5,1,20190820,175600,75,2,840,158,888,216,Aug23_1/382-20190820175600-snapshot.jpg
5,1,20190820,180230,85,2,1194,434,1278,485,Aug23_1/382-20190820180230-snapshot.jpg
5,1,20190820,180730,85,2,1233,333,1306,386,Aug23_1/382-20190820180730-snapshot.jpg
5,1,20190820,180730,88,4,1579,447,1663,517,Aug23_1/382-20190820180730-snapshot.jpg
5,1,20190820,180830,61,2,856,330,905,375,Aug23_1/382-20190820180830-snapshot.jpg
5,1,20190820,180900,80,2,935,648,984,706,Aug23_1/382-20190820180900-snapshot.jpg
5,1,20190820,181100,41,2,33,89,111,138,Aug23_1/382-20190820181100-snapshot.jpg
5,1,20190820,181300,38,2,919,854,971,905,Aug23_1/382-20190820181300-snapshot.jpg
5,1,20190820,182000,78,2,1712,584,1772,642,Aug23_1/382-20190820182000-snapshot.jpg
5,1,20190820,182030,71,2,967,445,1035,495,Aug23_1/382-20190820182030-snapshot.jpg
5,1,20190820,182200,81,2,954,977,1027,1021,Aug23_1/382-20190820182200-snapshot.jpg
5,1,20190820,182300,88,2,900,360,985,420,Aug23_1/382-20190820182300-snapshot.jpg
5,1,20190820,182500,85,2,1582,465,1662,525,Aug23_1/382-20190820182500-snapshot.jpg
5,1,20190820,183200,80,2,933,938,1011,984,Aug23_1/382-20190820183200-snapshot.jpg
5,1,20190820,183230,84,2,1839,909,1920,973,Aug23_1/382-20190820183230-snapshot.jpg
5,1,20190820,183430,85,2,975,950,1046,1008,Aug23_1/382-20190820183430-snapshot.jpg
5,1,20190820,183500,82,4,640,750,696,806,Aug23_1/382-20190820183500-snapshot.jpg
5,1,20190820,184800,72,2,1167,995,1238,1055,Aug23_1/382-20190820184800-snapshot.jpg
5,1,20190820,185000,75,2,951,717,1007,780,Aug23_1/382-20190820185000-snapshot.jpg
5,1,20190820,185800,83,2,1375,166,1428,227,Aug23_1/382-20190820185800-snapshot.jpg
5,1,20190820,185830,85,2,897,628,952,694,Aug23_1/382-20190820185830-snapshot.jpg
5,1,20190820,190700,88,4,1550,726,1645,796,Aug23_1/382-20190820190700-snapshot.jpg
5,1,20190820,191800,84,2,857,754,929,804,Aug23_1/382-20190820191800-snapshot.jpg
5,1,20190820,192000,88,4,1550,429,1640,499,Aug23_1/382-20190820192000-snapshot.jpg
5,1,20190820,192430,73,2,1317,333,1374,393,Aug23_1/382-20190820192430-snapshot.jpg
5,1,20190820,192500,85,2,842,587,923,632,Aug23_1/382-20190820192500-snapshot.jpg
5,1,20190820,194700,81,2,1048,595,1107,654,Aug23_1/382-20190820194700-snapshot.jpg
5,1,20190820,195200,85,2,879,745,943,807,Aug23_1/382-20190820195200-snapshot.jpg
5,1,20190820,195230,58,2,1761,269,1838,317,Aug23_1/382-20190820195230-snapshot.jpg
5,1,20190820,195930,75,2,1560,760,1648,833,Aug23_1/382-20190820195930-snapshot.jpg
5,1,20190820,200430,75,2,652,797,709,861,Aug23_1/383-20190820200430-snapshot.jpg
5,1,20190820,201330,88,4,1642,626,1747,708,Aug23_1/383-20190820201330-snapshot.jpg
5,1,20190821,093000,87,3,1109,11,1196,94,Aug23_1/446-20190821093000-snapshot.jpg
5,1,20190821,100030,82,8,1155,751,1216,820,Aug23_1/446-20190821100030-snapshot.jpg
5,1,20190821,100200,82,2,1649,678,1739,743,Aug23_1/446-20190821100200-snapshot.jpg
5,1,20190821,101130,81,2,1151,441,1232,490,Aug23_1/446-20190821101130-snapshot.jpg
5,1,20190821,101300,86,3,986,443,1068,497,Aug23_1/446-20190821101300-snapshot.jpg
5,1,20190821,102000,87,3,961,982,1045,1040,Aug23_1/446-20190821102000-snapshot.jpg
5,1,20190821,103000,80,2,1499,859,1590,950,Aug23_1/446-20190821103000-snapshot.jpg
5,1,20190821,103630,81,2,635,761,690,817,Aug23_1/446-20190821103630-snapshot.jpg
5,1,20190821,105530,83,2,800,532,856,595,Aug23_1/446-20190821105530-snapshot.jpg
5,1,20190821,105600,81,2,908,879,982,927,Aug23_1/446-20190821105600-snapshot.jpg
5,1,20190821,105630,79,2,1134,1016,1201,1079,Aug23_1/446-20190821105630-snapshot.jpg
5,1,20190821,105700,75,2,1681,606,1773,667,Aug23_1/446-20190821105700-snapshot.jpg
5,1,20190821,110600,81,2,959,266,1012,328,Aug23_1/446-20190821110600-snapshot.jpg
5,1,20190821,110830,88,4,932,950,1008,1004,Aug23_1/446-20190821110830-snapshot.jpg
5,1,20190821,111300,77,3,1395,617,1483,696,Aug23_1/446-20190821111300-snapshot.jpg
5,1,20190821,111430,83,8,4,976,65,1046,Aug23_1/446-20190821111430-snapshot.jpg
5,1,20190821,111500,83,2,792,529,849,597,Aug23_1/446-20190821111500-snapshot.jpg
5,1,20190821,111630,71,2,862,320,909,370,Aug23_1/446-20190821111630-snapshot.jpg
5,1,20190821,112830,52,2,1236,310,1300,370,Aug23_1/446-20190821112830-snapshot.jpg
5,1,20190821,112900,88,2,1728,875,1815,941,Aug23_1/446-20190821112900-snapshot.jpg
5,1,20190821,113130,85,3,863,846,955,911,Aug23_1/446-20190821113130-snapshot.jpg
5,1,20190821,113700,86,2,869,738,925,805,Aug23_1/446-20190821113700-snapshot.jpg
5,1,20190821,113730,78,2,676,702,735,752,Aug23_1/446-20190821113730-snapshot.jpg
5,1,20190821,113800,85,2,991,471,1045,531,Aug23_1/446-20190821113800-snapshot.jpg
5,1,20190821,113800,86,4,1655,861,1747,933,Aug23_1/446-20190821113800-snapshot.jpg
5,1,20190821,114330,79,2,1845,887,1905,961,Aug23_1/446-20190821114330-snapshot.jpg
5,1,20190821,114700,30,8,100,345,186,415,Aug23_1/446-20190821114700-snapshot.jpg
5,1,20190821,115000,81,2,1165,349,1242,417,Aug23_1/446-20190821115000-snapshot.jpg
5,1,20190821,115500,87,4,665,10,740,95,Aug23_1/446-20190821115500-snapshot.jpg
5,1,20190821,115830,89,3,1758,252,1852,315,Aug23_1/446-20190821115830-snapshot.jpg
5,1,20190821,115900,81,2,1707,893,1797,945,Aug23_1/446-20190821115900-snapshot.jpg
5,1,20190821,120430,82,2,1363,185,1428,249,Aug23_1/446-20190821120430-snapshot.jpg
5,1,20190821,120500,86,2,866,753,919,818,Aug23_1/446-20190821120500-snapshot.jpg
5,1,20190821,121200,80,2,1783,748,1863,820,Aug23_1/446-20190821121200-snapshot.jpg
5,1,20190821,121330,82,2,1847,655,1909,726,Aug23_1/446-20190821121330-snapshot.jpg
5,1,20190821,121700,72,2,1557,735,1630,807,Aug23_1/446-20190821121700-snapshot.jpg
5,1,20190821,122000,85,2,1253,273,1314,346,Aug23_1/446-20190821122000-snapshot.jpg
5,1,20190821,122000,85,4,1826,832,1911,917,Aug23_1/446-20190821122000-snapshot.jpg
5,1,20190821,122000,85,2,1259,382,1349,442,Aug23_1/446-20190821122000-snapshot.jpg
5,1,20190821,122330,75,2,973,977,1042,1033,Aug23_1/446-20190821122330-snapshot.jpg
5,1,20190821,123100,85,2,942,890,1018,947,Aug23_1/446-20190821123100-snapshot.jpg
5,1,20190821,123200,60,2,0,99,46,153,Aug23_1/446-20190821123200-snapshot.jpg
5,1,20190821,124100,83,2,1468,772,1565,832,Aug23_1/446-20190821124100-snapshot.jpg
5,1,20190821,124300,72,2,1669,1041,1747,1078,Aug23_1/446-20190821124300-snapshot.jpg
5,1,20190821,124300,82,3,956,268,1008,317,Aug23_1/446-20190821124300-snapshot.jpg
5,1,20190821,124330,81,3,971,506,1048,572,Aug23_1/446-20190821124330-snapshot.jpg
5,1,20190821,124400,82,2,1036,509,1095,578,Aug23_1/446-20190821124400-snapshot.jpg
5,1,20190821,124530,89,3,980,515,1076,574,Aug23_1/446-20190821124530-snapshot.jpg
5,1,20190821,125200,82,2,1832,861,1916,940,Aug23_1/446-20190821125200-snapshot.jpg
5,1,20190821,125230,62,2,1398,147,1462,208,Aug23_1/446-20190821125230-snapshot.jpg
5,1,20190821,125330,86,2,700,758,782,820,Aug23_1/446-20190821125330-snapshot.jpg
5,1,20190821,125600,80,2,1421,749,1502,803,Aug23_1/446-20190821125600-snapshot.jpg
5,1,20190821,125800,83,2,938,914,996,985,Aug23_1/446-20190821125800-snapshot.jpg
5,1,20190821,130030,78,2,40,69,109,138,Aug23_1/446-20190821130030-snapshot.jpg
5,1,20190821,130400,84,2,799,586,851,650,Aug23_1/446-20190821130400-snapshot.jpg
5,1,20190821,130500,79,2,855,311,905,365,Aug23_1/446-20190821130500-snapshot.jpg
5,1,20190821,130530,82,2,1184,436,1240,505,Aug23_1/446-20190821130530-snapshot.jpg
5,1,20190821,130530,86,2,987,556,1048,624,Aug23_1/446-20190821130530-snapshot.jpg
5,1,20190821,130900,79,2,1704,1019,1764,1079,Aug23_1/446-20190821130900-snapshot.jpg
5,1,20190821,131100,85,2,888,632,963,697,Aug23_1/446-20190821131100-snapshot.jpg
5,1,20190821,131130,79,2,788,156,854,213,Aug23_1/446-20190821131130-snapshot.jpg
5,1,20190821,131230,86,2,990,472,1053,541,Aug23_1/446-20190821131230-snapshot.jpg
5,1,20190821,131500,82,2,1645,649,1737,707,Aug23_1/446-20190821131500-snapshot.jpg
5,1,20190821,132100,84,2,1001,544,1081,595,Aug23_1/446-20190821132100-snapshot.jpg
5,1,20190821,132130,66,2,783,566,831,607,Aug23_1/446-20190821132130-snapshot.jpg
5,1,20190821,132330,64,2,1309,351,1361,408,Aug23_1/446-20190821132330-snapshot.jpg
5,1,20190821,132400,84,2,946,851,1001,922,Aug23_1/446-20190821132400-snapshot.jpg
5,1,20190821,132830,56,1,1585,697,1638,746,Aug23_1/446-20190821132830-snapshot.jpg
5,1,20190821,133000,85,2,997,519,1056,590,Aug23_1/446-20190821133000-snapshot.jpg
5,1,20190821,133130,85,2,1360,319,1451,380,Aug23_1/446-20190821133130-snapshot.jpg
5,1,20190821,133400,84,2,859,498,913,564,Aug23_1/446-20190821133400-snapshot.jpg
5,1,20190821,133430,81,2,828,192,881,257,Aug23_1/446-20190821133430-snapshot.jpg
5,1,20190821,133600,80,2,828,708,883,776,Aug23_1/446-20190821133600-snapshot.jpg
5,1,20190821,133800,88,4,1150,413,1232,500,Aug23_1/446-20190821133800-snapshot.jpg
5,1,20190821,133930,86,4,927,946,1010,1000,Aug23_1/446-20190821133930-snapshot.jpg
5,1,20190821,134700,81,2,1094,981,1168,1024,Aug23_1/446-20190821134700-snapshot.jpg
5,1,20190821,135200,84,2,1849,874,1920,931,Aug23_1/446-20190821135200-snapshot.jpg
5,1,20190821,135230,66,2,1769,223,1841,291,Aug23_1/446-20190821135230-snapshot.jpg
5,1,20190821,135300,83,2,1643,654,1735,729,Aug23_1/446-20190821135300-snapshot.jpg
5,1,20190821,135330,80,2,663,673,723,729,Aug23_1/446-20190821135330-snapshot.jpg
5,1,20190821,135400,85,2,1263,408,1322,484,Aug23_1/446-20190821135400-snapshot.jpg
5,1,20190821,135500,86,8,648,373,719,432,Aug23_1/446-20190821135500-snapshot.jpg
5,1,20190821,135630,78,2,1840,362,1920,427,Aug23_1/446-20190821135630-snapshot.jpg
5,1,20190821,135930,68,8,766,339,819,400,Aug23_1/446-20190821135930-snapshot.jpg
5,1,20190821,140000,27,1,1163,876,1202,911,Aug23_1/446-20190821140000-snapshot.jpg
5,1,20190821,140030,27,1,1163,876,1202,911,Aug23_1/446-20190821140030-snapshot.jpg
5,1,20190821,140100,86,2,1562,496,1621,566,Aug23_1/446-20190821140100-snapshot.jpg
5,1,20190821,140130,29,1,1163,876,1203,911,Aug23_1/446-20190821140130-snapshot.jpg
5,1,20190821,140230,27,1,1162,876,1202,911,Aug23_1/446-20190821140230-snapshot.jpg
5,1,20190821,140400,55,2,1,79,33,129,Aug23_1/446-20190821140400-snapshot.jpg
5,1,20190821,141030,74,2,1127,982,1202,1031,Aug23_1/446-20190821141030-snapshot.jpg
5,1,20190821,141100,86,4,1361,151,1440,218,Aug23_1/446-20190821141100-snapshot.jpg
5,1,20190821,141130,86,4,845,731,906,806,Aug23_1/446-20190821141130-snapshot.jpg
5,1,20190821,141200,87,4,1539,444,1629,503,Aug23_1/446-20190821141200-snapshot.jpg
5,1,20190821,141330,82,2,768,786,838,831,Aug23_1/446-20190821141330-snapshot.jpg
5,1,20190821,141530,89,4,1810,692,1902,761,Aug23_1/446-20190821141530-snapshot.jpg
5,1,20190821,141600,86,4,1523,84,1581,157,Aug23_1/446-20190821141600-snapshot.jpg
5,1,20190821,141730,79,2,858,335,915,390,Aug23_1/446-20190821141730-snapshot.jpg
5,1,20190821,141800,82,2,814,621,873,679,Aug23_1/446-20190821141800-snapshot.jpg
5,1,20190821,141830,81,2,894,616,966,674,Aug23_1/446-20190821141830-snapshot.jpg
5,1,20190821,141900,61,2,1293,338,1343,392,Aug23_1/446-20190821141900-snapshot.jpg
5,1,20190821,142100,51,2,1847,703,1906,754,Aug23_1/446-20190821142100-snapshot.jpg
5,1,20190821,142200,71,2,1042,599,1099,653,Aug23_1/446-20190821142200-snapshot.jpg
5,1,20190821,142300,79,2,1155,374,1220,447,Aug23_1/446-20190821142300-snapshot.jpg
5,1,20190821,142500,74,2,898,623,975,683,Aug23_1/446-20190821142500-snapshot.jpg
5,1,20190821,142530,84,2,936,973,1015,1019,Aug23_1/446-20190821142530-snapshot.jpg
5,1,20190821,142600,64,2,1562,758,1636,813,Aug23_1/446-20190821142600-snapshot.jpg
5,1,20190821,143330,87,4,1691,920,1785,1008,Aug23_1/446-20190821143330-snapshot.jpg
5,1,20190821,143530,83,2,953,275,1012,335,Aug23_1/446-20190821143530-snapshot.jpg
5,1,20190821,143600,70,2,793,60,853,135,Aug23_1/446-20190821143600-snapshot.jpg
5,1,20190821,143600,84,2,1201,458,1282,506,Aug23_1/446-20190821143600-snapshot.jpg
5,1,20190821,143630,82,2,1023,539,1105,593,Aug23_1/446-20190821143630-snapshot.jpg
5,1,20190821,143830,41,2,29,59,104,124,Aug23_1/446-20190821143830-snapshot.jpg
5,1,20190821,143830,80,2,1796,266,1875,325,Aug23_1/446-20190821143830-snapshot.jpg
5,1,20190821,144400,65,2,647,808,710,870,Aug23_1/446-20190821144400-snapshot.jpg
5,1,20190821,144600,63,4,1783,199,1863,262,Aug23_1/446-20190821144600-snapshot.jpg
5,1,20190821,144630,76,2,1045,590,1112,643,Aug23_1/446-20190821144630-snapshot.jpg
5,1,20190821,144700,71,2,1275,737,1362,823,Aug23_1/446-20190821144700-snapshot.jpg
5,1,20190821,144800,42,2,1564,336,1629,396,Aug23_1/446-20190821144800-snapshot.jpg
5,1,20190821,145230,85,2,1721,1020,1809,1071,Aug23_1/446-20190821145230-snapshot.jpg
5,1,20190821,145400,75,2,647,744,698,792,Aug23_1/446-20190821145400-snapshot.jpg
5,1,20190821,145430,85,2,1567,481,1624,554,Aug23_1/446-20190821145430-snapshot.jpg
5,1,20190821,145500,78,1,1074,381,1111,413,Aug23_1/446-20190821145500-snapshot.jpg
5,1,20190821,145630,79,1,32,678,73,714,Aug23_1/446-20190821145630-snapshot.jpg
5,1,20190821,145900,75,2,1156,358,1218,430,Aug23_1/446-20190821145900-snapshot.jpg
5,1,20190821,145930,82,2,936,868,1003,926,Aug23_1/446-20190821145930-snapshot.jpg
5,1,20190821,150000,85,2,908,861,966,926,Aug23_1/446-20190821150000-snapshot.jpg
5,1,20190821,150230,88,7,816,208,960,359,Aug23_1/446-20190821150230-snapshot.jpg
5,1,20190821,150300,88,7,666,723,789,836,Aug23_1/446-20190821150300-snapshot.jpg
5,1,20190821,150400,84,2,1761,474,1825,560,Aug23_1/446-20190821150400-snapshot.jpg
5,1,20190821,150430,90,7,1715,860,1864,995,Aug23_1/446-20190821150430-snapshot.jpg
5,1,20190821,150700,64,2,1842,701,1908,763,Aug23_1/446-20190821150700-snapshot.jpg
5,1,20190821,150700,79,2,1152,355,1228,421,Aug23_1/446-20190821150700-snapshot.jpg
5,1,20190821,150830,77,2,1321,198,1410,259,Aug23_1/446-20190821150830-snapshot.jpg
5,1,20190821,150930,80,2,652,791,710,860,Aug23_1/446-20190821150930-snapshot.jpg
5,1,20190821,151000,84,2,967,544,1055,590,Aug23_1/446-20190821151000-snapshot.jpg
5,1,20190821,151130,69,2,758,187,816,249,Aug23_1/446-20190821151130-snapshot.jpg
5,1,20190821,151330,80,2,1788,727,1860,797,Aug23_1/446-20190821151330-snapshot.jpg
5,1,20190821,151400,74,2,1,71,56,129,Aug23_1/446-20190821151400-snapshot.jpg
5,1,20190821,151500,88,4,1242,362,1326,421,Aug23_1/446-20190821151500-snapshot.jpg
5,1,20190821,151530,84,2,794,595,854,650,Aug23_1/446-20190821151530-snapshot.jpg
5,1,20190821,151600,87,2,925,962,1008,1015,Aug23_1/446-20190821151600-snapshot.jpg
5,1,20190821,151700,82,2,820,541,878,609,Aug23_1/446-20190821151700-snapshot.jpg
5,1,20190821,151900,59,4,1857,872,1920,940,Aug23_1/446-20190821151900-snapshot.jpg
5,1,20190821,152000,81,2,956,321,1005,380,Aug23_1/446-20190821152000-snapshot.jpg
5,1,20190821,152100,85,4,968,421,1019,480,Aug23_1/446-20190821152100-snapshot.jpg
5,1,20190821,152200,79,2,1456,759,1521,831,Aug23_1/446-20190821152200-snapshot.jpg
5,1,20190821,152230,78,2,1678,848,1756,907,Aug23_1/446-20190821152230-snapshot.jpg
5,1,20190821,152330,83,2,821,608,895,648,Aug23_1/446-20190821152330-snapshot.jpg
5,1,20190821,152330,85,2,801,479,861,554,Aug23_1/446-20190821152330-snapshot.jpg
5,1,20190821,152430,64,2,0,81,40,149,Aug23_1/446-20190821152430-snapshot.jpg
5,1,20190821,152800,81,2,1327,320,1383,381,Aug23_1/446-20190821152800-snapshot.jpg
5,1,20190821,152800,84,2,826,701,881,771,Aug23_1/446-20190821152800-snapshot.jpg
5,1,20190821,152830,77,2,1746,235,1803,302,Aug23_1/446-20190821152830-snapshot.jpg
5,1,20190821,152830,80,2,855,867,935,930,Aug23_1/446-20190821152830-snapshot.jpg
5,1,20190821,152830,84,2,1254,331,1309,409,Aug23_1/446-20190821152830-snapshot.jpg
5,1,20190821,152900,82,2,965,298,1015,355,Aug23_1/446-20190821152900-snapshot.jpg
5,1,20190821,152900,85,2,939,937,1009,1000,Aug23_1/446-20190821152900-snapshot.jpg
5,1,20190821,152930,72,2,1770,201,1844,257,Aug23_1/446-20190821152930-snapshot.jpg
5,1,20190821,153330,75,2,967,436,1034,484,Aug23_1/446-20190821153330-snapshot.jpg
5,1,20190821,153330,82,2,1833,880,1893,955,Aug23_1/446-20190821153330-snapshot.jpg
5,1,20190821,153400,76,2,908,632,958,689,Aug23_1/446-20190821153400-snapshot.jpg
5,1,20190821,153500,86,2,888,328,960,383,Aug23_1/446-20190821153500-snapshot.jpg
5,1,20190821,153530,65,2,1412,741,1477,780,Aug23_1/446-20190821153530-snapshot.jpg
5,1,20190821,153600,67,2,1337,172,1405,213,Aug23_1/446-20190821153600-snapshot.jpg
5,1,20190821,153730,83,2,1728,996,1806,1070,Aug23_1/446-20190821153730-snapshot.jpg
5,1,20190821,153800,85,2,1315,194,1391,262,Aug23_1/446-20190821153800-snapshot.jpg
5,1,20190821,153930,84,2,871,340,930,402,Aug23_1/446-20190821153930-snapshot.jpg
5,1,20190821,154030,84,2,1282,306,1337,366,Aug23_1/446-20190821154030-snapshot.jpg
5,1,20190821,154100,53,2,884,612,963,667,Aug23_1/446-20190821154100-snapshot.jpg
5,1,20190821,154130,72,2,1110,949,1161,1004,Aug23_1/446-20190821154130-snapshot.jpg
5,1,20190821,154130,82,2,1713,851,1784,919,Aug23_1/446-20190821154130-snapshot.jpg
5,1,20190821,154130,87,2,691,740,765,799,Aug23_1/446-20190821154130-snapshot.jpg
5,1,20190821,154200,77,2,1534,796,1597,859,Aug23_1/446-20190821154200-snapshot.jpg
5,1,20190821,154230,82,2,1371,746,1462,820,Aug23_1/446-20190821154230-snapshot.jpg
5,1,20190821,154530,84,2,1650,654,1746,722,Aug23_1/446-20190821154530-snapshot.jpg
5,1,20190821,154700,76,2,790,572,840,623,Aug23_1/446-20190821154700-snapshot.jpg
5,1,20190821,154730,83,2,907,616,966,676,Aug23_1/446-20190821154730-snapshot.jpg
5,1,20190821,155000,82,2,1808,779,1867,848,Aug23_1/446-20190821155000-snapshot.jpg
5,1,20190821,155000,87,2,955,448,1029,500,Aug23_1/446-20190821155000-snapshot.jpg
5,1,20190821,155030,42,2,11,72,73,137,Aug23_1/446-20190821155030-snapshot.jpg
5,1,20190821,155030,80,2,637,753,689,803,Aug23_1/446-20190821155030-snapshot.jpg
5,1,20190821,155030,82,2,792,591,866,637,Aug23_1/446-20190821155030-snapshot.jpg
5,1,20190821,155100,83,2,867,273,917,329,Aug23_1/446-20190821155100-snapshot.jpg
5,1,20190821,155230,89,2,915,950,999,1006,Aug23_1/446-20190821155230-snapshot.jpg
5,1,20190821,155500,84,2,908,929,996,979,Aug23_1/446-20190821155500-snapshot.jpg
5,1,20190821,160000,81,2,641,765,698,817,Aug23_1/446-20190821160000-snapshot.jpg
5,1,20190821,160030,83,2,1387,152,1467,202,Aug23_1/446-20190821160030-snapshot.jpg
5,1,20190821,160400,77,2,814,599,867,652,Aug23_1/446-20190821160400-snapshot.jpg
5,1,20190821,160430,82,2,914,267,994,318,Aug23_1/446-20190821160430-snapshot.jpg
5,1,20190821,160500,75,2,1821,651,1882,723,Aug23_1/446-20190821160500-snapshot.jpg
5,1,20190821,160930,88,2,1169,428,1249,493,Aug23_1/446-20190821160930-snapshot.jpg
5,1,20190821,161030,84,2,920,895,984,972,Aug23_1/446-20190821161030-snapshot.jpg
5,1,20190821,161030,85,2,1864,855,1920,929,Aug23_1/446-20190821161030-snapshot.jpg
5,1,20190821,161100,80,2,1758,230,1845,283,Aug23_1/446-20190821161100-snapshot.jpg
5,1,20190821,161200,80,2,796,517,856,579,Aug23_1/446-20190821161200-snapshot.jpg
5,1,20190821,161230,81,2,955,841,1007,909,Aug23_1/446-20190821161230-snapshot.jpg
5,1,20190821,161300,84,2,1758,574,1815,640,Aug23_1/446-20190821161300-snapshot.jpg
5,1,20190821,161330,66,2,0,25,44,83,Aug23_1/446-20190821161330-snapshot.jpg
5,1,20190821,161330,83,2,935,438,992,496,Aug23_1/446-20190821161330-snapshot.jpg
5,1,20190821,161500,83,2,1303,313,1381,360,Aug23_1/446-20190821161500-snapshot.jpg
5,1,20190821,161530,55,2,1706,944,1784,1026,Aug23_1/446-20190821161530-snapshot.jpg
5,1,20190821,161730,82,2,1796,795,1886,853,Aug23_1/446-20190821161730-snapshot.jpg
5,1,20190821,161900,47,2,1404,140,1465,194,Aug23_1/446-20190821161900-snapshot.jpg
5,1,20190821,162200,83,2,671,459,746,518,Aug23_1/446-20190821162200-snapshot.jpg
5,1,20190821,162230,81,4,969,429,1030,485,Aug23_1/446-20190821162230-snapshot.jpg
5,1,20190821,162230,88,2,989,557,1061,614,Aug23_1/446-20190821162230-snapshot.jpg
5,1,20190821,162300,85,2,871,604,923,669,Aug23_1/446-20190821162300-snapshot.jpg
5,1,20190821,162330,78,2,1757,218,1817,278,Aug23_1/446-20190821162330-snapshot.jpg
5,1,20190821,162330,82,2,812,598,885,641,Aug23_1/446-20190821162330-snapshot.jpg
5,1,20190821,162400,73,2,868,899,928,966,Aug23_1/446-20190821162400-snapshot.jpg
5,1,20190821,162730,77,2,1135,374,1204,439,Aug23_1/446-20190821162730-snapshot.jpg
5,1,20190821,162800,82,2,1719,846,1785,923,Aug23_1/446-20190821162800-snapshot.jpg
5,1,20190821,162800,84,2,641,750,695,811,Aug23_1/446-20190821162800-snapshot.jpg
5,1,20190821,163030,80,2,806,201,874,264,Aug23_1/446-20190821163030-snapshot.jpg
5,1,20190821,163200,78,2,841,148,888,203,Aug23_1/446-20190821163200-snapshot.jpg
5,1,20190821,163230,76,2,880,625,947,693,Aug23_1/446-20190821163230-snapshot.jpg
5,1,20190821,163500,79,2,851,325,901,384,Aug23_1/446-20190821163500-snapshot.jpg
5,1,20190821,163530,83,2,793,586,848,643,Aug23_1/446-20190821163530-snapshot.jpg
5,1,20190821,163700,74,2,1781,736,1865,800,Aug23_1/446-20190821163700-snapshot.jpg
5,1,20190821,164000,81,2,1414,745,1471,809,Aug23_1/446-20190821164000-snapshot.jpg
5,1,20190821,164030,83,2,1840,879,1902,949,Aug23_1/446-20190821164030-snapshot.jpg
5,1,20190821,164200,81,2,1172,975,1248,1027,Aug23_1/446-20190821164200-snapshot.jpg
5,1,20190821,164230,74,2,742,166,804,226,Aug23_1/446-20190821164230-snapshot.jpg
5,1,20190821,164600,72,2,560,675,631,726,Aug23_1/446-20190821164600-snapshot.jpg
5,1,20190821,164900,74,2,1721,862,1784,934,Aug23_1/446-20190821164900-snapshot.jpg
5,1,20190821,164930,79,2,883,614,955,661,Aug23_1/446-20190821164930-snapshot.jpg
5,1,20190821,165230,81,2,903,626,971,675,Aug23_1/446-20190821165230-snapshot.jpg
5,1,20190821,165300,81,2,1400,151,1482,203,Aug23_1/446-20190821165300-snapshot.jpg
5,1,20190821,165300,81,2,1612,382,1670,446,Aug23_1/446-20190821165300-snapshot.jpg
5,1,20190821,165330,68,2,1159,377,1221,442,Aug23_1/446-20190821165330-snapshot.jpg
5,1,20190821,165400,83,2,861,647,921,711,Aug23_1/446-20190821165400-snapshot.jpg
5,1,20190821,165430,74,2,38,74,119,136,Aug23_1/446-20190821165430-snapshot.jpg
5,1,20190821,165800,84,2,844,687,895,742,Aug23_1/446-20190821165800-snapshot.jpg
5,1,20190821,165830,79,2,918,278,998,327,Aug23_1/446-20190821165830-snapshot.jpg
5,1,20190821,165830,81,2,1830,688,1911,744,Aug23_1/446-20190821165830-snapshot.jpg
5,1,20190821,170100,65,2,772,165,826,224,Aug23_1/446-20190821170100-snapshot.jpg
5,1,20190821,170130,75,2,956,559,1021,608,Aug23_1/446-20190821170130-snapshot.jpg
5,1,20190821,170200,86,2,1800,640,1867,712,Aug23_1/446-20190821170200-snapshot.jpg
5,1,20190821,170300,82,2,1150,349,1215,425,Aug23_1/446-20190821170300-snapshot.jpg
5,1,20190821,170330,56,2,1605,2,1687,59,Aug23_1/446-20190821170330-snapshot.jpg
5,1,20190821,170400,85,2,1697,551,1793,613,Aug23_1/446-20190821170400-snapshot.jpg
5,1,20190821,170430,84,2,773,180,833,248,Aug23_1/446-20190821170430-snapshot.jpg
5,1,20190821,170500,81,2,992,413,1055,479,Aug23_1/446-20190821170500-snapshot.jpg
5,1,20190821,170600,85,2,1665,507,1724,579,Aug23_1/446-20190821170600-snapshot.jpg
5,1,20190821,170700,76,2,959,560,1030,610,Aug23_1/446-20190821170700-snapshot.jpg
5,1,20190821,170730,81,2,859,282,913,335,Aug23_1/446-20190821170730-snapshot.jpg
5,1,20190821,170830,79,8,66,47,129,116,Aug23_1/446-20190821170830-snapshot.jpg
5,1,20190821,171000,81,2,947,951,1021,1005,Aug23_1/446-20190821171000-snapshot.jpg
5,1,20190821,171030,82,2,834,697,888,766,Aug23_1/446-20190821171030-snapshot.jpg
5,1,20190821,171030,84,2,653,733,703,790,Aug23_1/446-20190821171030-snapshot.jpg
5,1,20190821,171100,81,2,717,735,792,802,Aug23_1/446-20190821171100-snapshot.jpg
5,1,20190821,171130,64,2,1027,597,1081,656,Aug23_1/446-20190821171130-snapshot.jpg
5,1,20190821,171130,82,2,983,427,1038,487,Aug23_1/446-20190821171130-snapshot.jpg
5,1,20190821,171200,77,2,855,325,911,377,Aug23_1/446-20190821171200-snapshot.jpg
5,1,20190821,171230,77,2,1554,327,1621,372,Aug23_1/446-20190821171230-snapshot.jpg
5,1,20190821,171230,82,2,1837,868,1895,929,Aug23_1/446-20190821171230-snapshot.jpg
5,1,20190821,171330,33,2,946,74,1027,137,Aug23_1/446-20190821171330-snapshot.jpg
5,1,20190821,171330,73,2,681,873,754,945,Aug23_1/446-20190821171330-snapshot.jpg
5,1,20190821,171630,81,2,1325,310,1380,368,Aug23_1/446-20190821171630-snapshot.jpg
5,1,20190821,171700,82,2,848,701,904,769,Aug23_1/446-20190821171700-snapshot.jpg
5,1,20190821,172000,27,2,833,457,889,522,Aug23_1/446-20190821172000-snapshot.jpg
5,1,20190821,172130,83,2,1005,472,1061,545,Aug23_1/446-20190821172130-snapshot.jpg
5,1,20190821,172400,78,2,1144,982,1222,1023,Aug23_1/446-20190821172400-snapshot.jpg
5,1,20190821,172600,81,2,839,145,885,200,Aug23_1/446-20190821172600-snapshot.jpg
5,1,20190821,172730,70,2,1404,151,1482,202,Aug23_1/446-20190821172730-snapshot.jpg
5,1,20190821,172800,82,2,900,596,954,655,Aug23_1/446-20190821172800-snapshot.jpg
5,1,20190821,172900,83,2,1659,624,1750,687,Aug23_1/446-20190821172900-snapshot.jpg
5,1,20190821,172930,82,2,43,68,129,126,Aug23_1/446-20190821172930-snapshot.jpg
5,1,20190821,173130,83,2,819,561,895,618,Aug23_1/446-20190821173130-snapshot.jpg
5,1,20190821,173200,85,2,623,443,675,511,Aug23_1/446-20190821173200-snapshot.jpg
5,1,20190821,173230,67,2,919,941,1000,1001,Aug23_1/446-20190821173230-snapshot.jpg
5,1,20190821,173230,84,2,1596,447,1657,508,Aug23_1/446-20190821173230-snapshot.jpg
5,1,20190821,173300,65,2,1762,236,1835,283,Aug23_1/446-20190821173300-snapshot.jpg
5,1,20190821,173300,77,1,50,139,99,179,Aug23_1/446-20190821173300-snapshot.jpg
5,1,20190821,173330,32,1,157,226,197,258,Aug23_1/446-20190821173330-snapshot.jpg
5,1,20190821,173330,81,2,863,615,920,669,Aug23_1/446-20190821173330-snapshot.jpg
5,1,20190821,173400,75,2,1251,288,1321,345,Aug23_1/446-20190821173400-snapshot.jpg
5,1,20190821,173400,86,1,338,251,381,285,Aug23_1/446-20190821173400-snapshot.jpg
5,1,20190821,173430,74,1,443,249,487,287,Aug23_1/446-20190821173430-snapshot.jpg
5,1,20190821,173700,31,2,23,88,103,145,Aug23_1/446-20190821173700-snapshot.jpg
5,1,20190821,173930,70,2,766,157,836,204,Aug23_1/446-20190821173930-snapshot.jpg
5,1,20190821,174200,72,2,791,592,847,646,Aug23_1/446-20190821174200-snapshot.jpg
5,1,20190821,174430,51,3,1771,189,1870,254,Aug23_1/446-20190821174430-snapshot.jpg
5,1,20190821,174500,79,2,937,266,1001,318,Aug23_1/446-20190821174500-snapshot.jpg
5,1,20190821,174830,77,2,1426,768,1508,835,Aug23_1/446-20190821174830-snapshot.jpg
5,1,20190821,175130,81,2,825,726,900,771,Aug23_1/446-20190821175130-snapshot.jpg
5,1,20190821,175430,84,2,983,438,1047,500,Aug23_1/446-20190821175430-snapshot.jpg
5,1,20190821,175530,85,2,963,472,1040,522,Aug23_1/446-20190821175530-snapshot.jpg
5,1,20190821,175700,83,2,1692,549,1767,619,Aug23_1/446-20190821175700-snapshot.jpg
5,1,20190821,175730,80,2,1670,828,1745,888,Aug23_1/446-20190821175730-snapshot.jpg
5,1,20190821,175800,83,2,1714,847,1786,923,Aug23_1/446-20190821175800-snapshot.jpg
5,1,20190821,175930,82,2,883,173,950,239,Aug23_1/446-20190821175930-snapshot.jpg
5,1,20190821,180000,82,2,900,910,979,981,Aug23_1/446-20190821180000-snapshot.jpg
5,1,20190821,180100,79,2,1373,179,1428,238,Aug23_1/446-20190821180100-snapshot.jpg
5,1,20190821,180130,83,2,1685,608,1773,674,Aug23_1/446-20190821180130-snapshot.jpg
5,1,20190821,180330,85,2,948,875,1005,950,Aug23_1/446-20190821180330-snapshot.jpg
5,1,20190821,180400,74,2,1841,675,1900,737,Aug23_1/446-20190821180400-snapshot.jpg
5,1,20190821,180430,68,2,1758,766,1833,833,Aug23_1/446-20190821180430-snapshot.jpg
5,1,20190821,180500,70,2,1154,342,1233,411,Aug23_1/446-20190821180500-snapshot.jpg
5,1,20190821,180600,82,2,1841,909,1906,995,Aug23_1/446-20190821180600-snapshot.jpg
5,1,20190821,180630,72,2,1774,215,1837,267,Aug23_1/446-20190821180630-snapshot.jpg
5,1,20190821,180700,54,2,1495,4,1574,46,Aug23_1/446-20190821180700-snapshot.jpg
5,1,20190821,180730,79,2,670,689,722,743,Aug23_1/446-20190821180730-snapshot.jpg
5,1,20190821,180830,83,2,835,147,885,204,Aug23_1/446-20190821180830-snapshot.jpg
5,1,20190821,180900,72,2,1393,149,1444,198,Aug23_1/446-20190821180900-snapshot.jpg
5,1,20190821,181200,82,2,841,695,892,766,Aug23_1/446-20190821181200-snapshot.jpg
5,1,20190821,181530,86,2,759,727,815,801,Aug23_1/446-20190821181530-snapshot.jpg
5,1,20190821,181700,75,2,1837,689,1913,746,Aug23_1/446-20190821181700-snapshot.jpg
5,1,20190821,181900,85,2,1178,411,1259,462,Aug23_1/446-20190821181900-snapshot.jpg
5,1,20190821,181930,42,2,1329,357,1384,422,Aug23_1/446-20190821181930-snapshot.jpg
5,1,20190821,182130,82,2,802,572,862,626,Aug23_1/446-20190821182130-snapshot.jpg
5,1,20190821,182200,73,2,0,61,57,119,Aug23_1/446-20190821182200-snapshot.jpg
5,1,20190821,182500,82,2,939,915,1018,963,Aug23_1/446-20190821182500-snapshot.jpg
5,1,20190821,182600,69,2,1575,301,1635,365,Aug23_1/446-20190821182600-snapshot.jpg
5,1,20190821,183130,83,2,902,632,952,691,Aug23_1/446-20190821183130-snapshot.jpg
5,1,20190821,183200,26,2,1589,5,1647,60,Aug23_1/446-20190821183200-snapshot.jpg
5,1,20190821,183230,85,2,1698,836,1782,897,Aug23_1/446-20190821183230-snapshot.jpg
5,1,20190821,183400,83,2,714,724,792,776,Aug23_1/446-20190821183400-snapshot.jpg
5,1,20190821,183430,81,2,981,428,1055,481,Aug23_1/446-20190821183430-snapshot.jpg
5,1,20190821,183500,34,2,1540,559,1626,627,Aug23_1/446-20190821183500-snapshot.jpg
5,1,20190821,183530,77,2,1870,885,1920,946,Aug23_1/446-20190821183530-snapshot.jpg
5,1,20190821,183800,81,2,829,116,907,170,Aug23_1/446-20190821183800-snapshot.jpg
5,1,20190821,183900,73,2,660,806,717,867,Aug23_1/446-20190821183900-snapshot.jpg
5,1,20190821,183930,83,2,898,743,953,798,Aug23_1/446-20190821183930-snapshot.jpg
5,1,20190821,185030,84,2,989,502,1069,553,Aug23_1/446-20190821185030-snapshot.jpg
5,1,20190821,185100,58,2,1527,798,1593,876,Aug23_1/446-20190821185100-snapshot.jpg
5,1,20190821,185830,82,2,950,537,1023,592,Aug23_1/446-20190821185830-snapshot.jpg
5,1,20190821,190030,72,2,941,258,994,312,Aug23_1/446-20190821190030-snapshot.jpg
5,1,20190821,190430,82,2,978,422,1049,476,Aug23_1/446-20190821190430-snapshot.jpg
5,1,20190821,190500,77,2,1589,337,1649,396,Aug23_1/446-20190821190500-snapshot.jpg
5,1,20190821,191630,85,2,802,305,861,370,Aug23_1/446-20190821191630-snapshot.jpg
5,1,20190821,191700,68,2,0,49,66,110,Aug23_1/446-20190821191700-snapshot.jpg
5,1,20190821,191700,80,2,981,423,1055,477,Aug23_1/446-20190821191700-snapshot.jpg
5,1,20190821,191730,82,2,937,934,1015,982,Aug23_1/446-20190821191730-snapshot.jpg
5,1,20190821,192730,77,2,652,792,708,852,Aug23_1/446-20190821192730-snapshot.jpg
5,1,20190821,192800,81,2,1680,642,1742,723,Aug23_1/446-20190821192800-snapshot.jpg
5,1,20190821,194500,86,2,867,738,930,801,Aug23_1/446-20190821194500-snapshot.jpg
5,1,20190821,194530,80,2,1035,549,1108,594,Aug23_1/446-20190821194530-snapshot.jpg
5,1,20190821,194630,83,4,1852,887,1919,951,Aug23_1/446-20190821194630-snapshot.jpg
5,1,20190821,195000,81,2,1709,863,1784,934,Aug23_1/446-20190821195000-snapshot.jpg
5,1,20190821,195330,78,2,822,142,872,206,Aug23_1/446-20190821195330-snapshot.jpg
5,1,20190821,195400,79,2,1386,733,1467,780,Aug23_1/446-20190821195400-snapshot.jpg
5,1,20190821,200000,84,2,948,920,1028,982,Aug23_1/446-20190821200000-snapshot.jpg
5,1,20190821,202100,61,2,1723,1039,1795,1080,Aug23_1/448-20190821202100-snapshot.jpg
5,1,20190822,071300,80,8,1207,7,1265,78,Aug23_1/482-20190822071300-snapshot.jpg
5,1,20190822,080030,41,2,652,752,698,808,Aug23_1/497-20190822080030-snapshot.jpg
5,1,20190822,080900,89,3,1762,939,1856,1017,Aug23_1/497-20190822080900-snapshot.jpg
5,1,20190822,081130,83,8,1410,885,1476,959,Aug23_1/497-20190822081130-snapshot.jpg
5,1,20190822,093600,75,4,820,714,875,765,Aug23_1/500-20190822093600-snapshot.jpg
5,1,20190822,094200,77,2,921,347,992,399,Aug23_1/500-20190822094200-snapshot.jpg
5,1,20190822,094230,79,2,662,801,718,860,Aug23_1/500-20190822094230-snapshot.jpg
5,1,20190822,094300,74,2,849,155,899,210,Aug23_1/500-20190822094300-snapshot.jpg
5,1,20190822,094500,73,8,236,871,297,938,Aug23_1/500-20190822094500-snapshot.jpg
5,1,20190822,094830,49,2,0,64,35,122,Aug23_1/500-20190822094830-snapshot.jpg
5,1,20190822,094900,57,2,661,807,718,861,Aug23_1/500-20190822094900-snapshot.jpg
5,1,20190822,094930,80,2,914,901,994,959,Aug23_1/500-20190822094930-snapshot.jpg
5,1,20190822,095030,83,8,681,568,733,631,Aug23_1/500-20190822095030-snapshot.jpg
5,1,20190822,095330,77,1,77,364,119,400,Aug23_1/500-20190822095330-snapshot.jpg
5,1,20190822,100500,85,2,1429,662,1490,733,Aug23_1/500-20190822100500-snapshot.jpg
5,1,20190822,100530,76,1,148,543,191,583,Aug23_1/500-20190822100530-snapshot.jpg
5,1,20190822,100600,76,1,148,543,191,583,Aug23_1/500-20190822100600-snapshot.jpg
5,1,20190822,100600,82,2,1033,565,1111,618,Aug23_1/500-20190822100600-snapshot.jpg
5,1,20190822,100630,78,1,148,543,191,582,Aug23_1/500-20190822100630-snapshot.jpg
5,1,20190822,100630,84,2,848,596,905,655,Aug23_1/500-20190822100630-snapshot.jpg
5,1,20190822,100700,81,1,91,471,133,506,Aug23_1/500-20190822100700-snapshot.jpg
5,1,20190822,100700,81,2,833,717,896,771,Aug23_1/500-20190822100700-snapshot.jpg
5,1,20190822,101600,76,2,996,557,1071,604,Aug23_1/500-20190822101600-snapshot.jpg
5,1,20190822,101700,82,2,1013,514,1078,584,Aug23_1/500-20190822101700-snapshot.jpg
5,1,20190822,102000,85,3,805,592,874,645,Aug23_1/500-20190822102000-snapshot.jpg
5,1,20190822,102500,67,1,6,443,48,481,Aug23_1/500-20190822102500-snapshot.jpg
5,1,20190822,102530,72,1,6,442,49,481,Aug23_1/500-20190822102530-snapshot.jpg
5,1,20190822,102600,74,1,4,440,47,480,Aug23_1/500-20190822102600-snapshot.jpg
5,1,20190822,102630,75,1,4,441,48,480,Aug23_1/500-20190822102630-snapshot.jpg
5,1,20190822,103130,79,1,238,966,278,1002,Aug23_1/500-20190822103130-snapshot.jpg
5,1,20190822,103400,73,2,1851,204,1919,273,Aug23_1/500-20190822103400-snapshot.jpg
5,1,20190822,103630,84,2,991,524,1068,582,Aug23_1/500-20190822103630-snapshot.jpg
5,1,20190822,104200,84,2,936,945,1020,1007,Aug23_1/500-20190822104200-snapshot.jpg
5,1,20190822,104230,83,2,791,594,848,653,Aug23_1/500-20190822104230-snapshot.jpg
5,1,20190822,104930,73,2,1022,533,1102,591,Aug23_1/500-20190822104930-snapshot.jpg
5,1,20190822,105000,77,2,963,277,1013,327,Aug23_1/500-20190822105000-snapshot.jpg
5,1,20190822,105030,86,2,845,595,900,661,Aug23_1/500-20190822105030-snapshot.jpg
5,1,20190822,105100,80,2,1103,971,1168,1024,Aug23_1/500-20190822105100-snapshot.jpg
5,1,20190822,105130,76,2,1670,884,1758,942,Aug23_1/500-20190822105130-snapshot.jpg
5,1,20190822,105230,83,2,1789,853,1877,910,Aug23_1/500-20190822105230-snapshot.jpg
5,1,20190822,105230,89,4,1515,607,1613,677,Aug23_1/500-20190822105230-snapshot.jpg
5,1,20190822,105600,66,2,1774,346,1832,418,Aug23_1/500-20190822105600-snapshot.jpg
5,1,20190822,105630,84,2,962,319,1018,374,Aug23_1/500-20190822105630-snapshot.jpg
5,1,20190822,105700,82,2,902,941,986,989,Aug23_1/500-20190822105700-snapshot.jpg
5,1,20190822,105930,88,4,1552,708,1636,782,Aug23_1/500-20190822105930-snapshot.jpg
5,1,20190822,110000,81,2,825,712,886,774,Aug23_1/500-20190822110000-snapshot.jpg
5,1,20190822,110000,84,2,1524,666,1604,747,Aug23_1/500-20190822110000-snapshot.jpg
5,1,20190822,110030,85,2,946,535,996,602,Aug23_1/500-20190822110030-snapshot.jpg
5,1,20190822,111300,62,2,1790,735,1866,803,Aug23_1/500-20190822111300-snapshot.jpg
5,1,20190822,111400,82,2,878,896,940,965,Aug23_1/500-20190822111400-snapshot.jpg
5,1,20190822,111400,85,2,825,187,884,258,Aug23_1/500-20190822111400-snapshot.jpg
5,1,20190822,111430,82,2,1413,756,1476,827,Aug23_1/500-20190822111430-snapshot.jpg
5,1,20190822,111830,81,2,1841,880,1920,935,Aug23_1/500-20190822111830-snapshot.jpg
5,1,20190822,112130,84,2,843,263,900,319,Aug23_1/500-20190822112130-snapshot.jpg
5,1,20190822,112700,57,2,1731,947,1810,1020,Aug23_1/500-20190822112700-snapshot.jpg
5,1,20190822,112730,83,2,940,898,1019,946,Aug23_1/500-20190822112730-snapshot.jpg
5,1,20190822,112800,76,2,32,41,113,112,Aug23_1/500-20190822112800-snapshot.jpg
5,1,20190822,112800,80,2,813,597,877,648,Aug23_1/500-20190822112800-snapshot.jpg
5,1,20190822,112830,84,2,858,918,934,971,Aug23_1/500-20190822112830-snapshot.jpg
5,1,20190822,112900,79,2,1430,762,1510,829,Aug23_1/500-20190822112900-snapshot.jpg
5,1,20190822,112900,84,2,1004,501,1065,571,Aug23_1/500-20190822112900-snapshot.jpg
5,1,20190822,112930,67,2,1276,302,1333,348,Aug23_1/500-20190822112930-snapshot.jpg
5,1,20190822,113030,50,2,829,727,881,781,Aug23_1/500-20190822113030-snapshot.jpg
5,1,20190822,113100,65,2,1865,252,1920,306,Aug23_1/500-20190822113100-snapshot.jpg
5,1,20190822,113300,78,2,1846,896,1920,956,Aug23_1/500-20190822113300-snapshot.jpg
5,1,20190822,113330,69,2,901,632,970,685,Aug23_1/500-20190822113330-snapshot.jpg
5,1,20190822,113800,87,2,1742,990,1832,1057,Aug23_1/500-20190822113800-snapshot.jpg
5,1,20190822,114130,85,2,827,679,884,751,Aug23_1/500-20190822114130-snapshot.jpg
5,1,20190822,114130,87,2,1232,380,1293,457,Aug23_1/500-20190822114130-snapshot.jpg
5,1,20190822,114530,59,2,197,205,285,253,Aug23_1/500-20190822114530-snapshot.jpg
5,1,20190822,114530,84,2,1328,303,1388,363,Aug23_1/500-20190822114530-snapshot.jpg
5,1,20190822,114630,81,2,1750,947,1830,1027,Aug23_1/500-20190822114630-snapshot.jpg
5,1,20190822,114700,86,4,1598,0,1691,76,Aug23_1/500-20190822114700-snapshot.jpg
5,1,20190822,114830,68,2,1810,213,1894,264,Aug23_1/500-20190822114830-snapshot.jpg
5,1,20190822,115330,73,2,746,197,809,254,Aug23_1/500-20190822115330-snapshot.jpg
5,1,20190822,115530,79,2,1134,976,1213,1021,Aug23_1/500-20190822115530-snapshot.jpg
5,1,20190822,115600,74,2,299,1001,386,1065,Aug23_1/500-20190822115600-snapshot.jpg
5,1,20190822,115630,85,2,1014,494,1070,564,Aug23_1/500-20190822115630-snapshot.jpg
5,1,20190822,115730,83,2,1745,989,1825,1067,Aug23_1/500-20190822115730-snapshot.jpg
5,1,20190822,120130,77,2,853,294,902,347,Aug23_1/500-20190822120130-snapshot.jpg
5,1,20190822,120730,82,2,1828,186,1891,259,Aug23_1/500-20190822120730-snapshot.jpg
5,1,20190822,120800,30,2,1554,35,1621,110,Aug23_1/500-20190822120800-snapshot.jpg
5,1,20190822,120830,76,2,1774,946,1850,1026,Aug23_1/500-20190822120830-snapshot.jpg
5,1,20190822,120830,80,2,845,150,899,201,Aug23_1/500-20190822120830-snapshot.jpg
5,1,20190822,120900,75,2,1550,511,1614,583,Aug23_1/500-20190822120900-snapshot.jpg
5,1,20190822,121000,80,2,646,764,698,830,Aug23_1/500-20190822121000-snapshot.jpg
5,1,20190822,121200,71,2,792,135,866,185,Aug23_1/500-20190822121200-snapshot.jpg
5,1,20190822,121230,80,2,1443,803,1524,878,Aug23_1/500-20190822121230-snapshot.jpg
5,1,20190822,121300,79,2,861,315,913,374,Aug23_1/500-20190822121300-snapshot.jpg
5,1,20190822,121400,77,2,1865,868,1920,936,Aug23_1/500-20190822121400-snapshot.jpg
5,1,20190822,121600,82,8,663,864,741,911,Aug23_1/500-20190822121600-snapshot.jpg
5,1,20190822,121800,63,2,1,91,54,149,Aug23_1/500-20190822121800-snapshot.jpg
5,1,20190822,122030,59,2,1723,1025,1782,1080,Aug23_1/500-20190822122030-snapshot.jpg
5,1,20190822,122030,78,2,894,729,948,793,Aug23_1/500-20190822122030-snapshot.jpg
5,1,20190822,122200,80,2,1141,993,1216,1056,Aug23_1/500-20190822122200-snapshot.jpg
5,1,20190822,122400,84,2,1307,308,1383,358,Aug23_1/500-20190822122400-snapshot.jpg
5,1,20190822,122430,86,2,1002,566,1075,631,Aug23_1/500-20190822122430-snapshot.jpg
5,1,20190822,122500,81,2,820,600,879,649,Aug23_1/500-20190822122500-snapshot.jpg
5,1,20190822,123000,40,2,1850,213,1913,283,Aug23_1/500-20190822123000-snapshot.jpg
5,1,20190822,123030,80,8,916,698,991,743,Aug23_1/500-20190822123030-snapshot.jpg
5,1,20190822,123030,84,2,1610,803,1698,886,Aug23_1/500-20190822123030-snapshot.jpg
5,1,20190822,123400,67,2,865,270,916,316,Aug23_1/500-20190822123400-snapshot.jpg
5,1,20190822,123430,35,2,865,615,941,683,Aug23_1/500-20190822123430-snapshot.jpg
5,1,20190822,123430,66,2,1819,711,1892,779,Aug23_1/500-20190822123430-snapshot.jpg
5,1,20190822,123500,81,2,831,640,889,708,Aug23_1/500-20190822123500-snapshot.jpg
5,1,20190822,123500,84,2,938,925,1014,994,Aug23_1/500-20190822123500-snapshot.jpg
5,1,20190822,123530,85,2,1201,414,1291,468,Aug23_1/500-20190822123530-snapshot.jpg
5,1,20190822,123630,75,2,1774,736,1835,798,Aug23_1/500-20190822123630-snapshot.jpg
5,1,20190822,123700,65,2,1704,614,1788,666,Aug23_1/500-20190822123700-snapshot.jpg
5,1,20190822,123730,72,2,1308,696,1362,751,Aug23_1/500-20190822123730-snapshot.jpg
5,1,20190822,123730,85,2,688,752,773,812,Aug23_1/500-20190822123730-snapshot.jpg
5,1,20190822,123800,85,2,922,501,976,566,Aug23_1/500-20190822123800-snapshot.jpg
5,1,20190822,123930,83,2,1067,417,1146,480,Aug23_1/500-20190822123930-snapshot.jpg
5,1,20190822,124100,84,2,1467,705,1534,784,Aug23_1/500-20190822124100-snapshot.jpg
5,1,20190822,124330,86,2,1713,611,1801,681,Aug23_1/500-20190822124330-snapshot.jpg
5,1,20190822,124630,72,2,969,512,1050,567,Aug23_1/500-20190822124630-snapshot.jpg
5,1,20190822,124830,63,2,1797,242,1865,306,Aug23_1/500-20190822124830-snapshot.jpg
5,1,20190822,125000,72,2,1763,729,1840,792,Aug23_1/500-20190822125000-snapshot.jpg
5,1,20190822,125000,81,2,908,260,972,314,Aug23_1/500-20190822125000-snapshot.jpg
5,1,20190822,125030,80,2,874,611,947,677,Aug23_1/500-20190822125030-snapshot.jpg
5,1,20190822,125030,88,4,1440,737,1527,800,Aug23_1/500-20190822125030-snapshot.jpg
5,1,20190822,125200,84,2,942,881,1023,939,Aug23_1/500-20190822125200-snapshot.jpg
5,1,20190822,125230,78,2,1509,823,1599,884,Aug23_1/500-20190822125230-snapshot.jpg
5,1,20190822,125400,86,2,1015,506,1075,574,Aug23_1/500-20190822125400-snapshot.jpg
5,1,20190822,125430,85,2,865,759,924,830,Aug23_1/500-20190822125430-snapshot.jpg
5,1,20190822,125500,75,2,1726,947,1817,1014,Aug23_1/500-20190822125500-snapshot.jpg
5,1,20190822,125930,75,2,1337,299,1412,357,Aug23_1/500-20190822125930-snapshot.jpg
5,1,20190822,125930,80,2,797,153,856,214,Aug23_1/500-20190822125930-snapshot.jpg
5,1,20190822,130330,82,2,1712,852,1795,921,Aug23_1/500-20190822130330-snapshot.jpg
5,1,20190822,130430,81,2,897,256,967,307,Aug23_1/500-20190822130430-snapshot.jpg
5,1,20190822,130500,85,2,1588,712,1684,793,Aug23_1/500-20190822130500-snapshot.jpg
5,1,20190822,130530,86,2,918,520,973,586,Aug23_1/500-20190822130530-snapshot.jpg
5,1,20190822,130600,72,2,47,73,111,145,Aug23_1/500-20190822130600-snapshot.jpg
5,1,20190822,130630,81,2,649,743,700,805,Aug23_1/500-20190822130630-snapshot.jpg
5,1,20190822,130630,87,2,887,766,944,836,Aug23_1/500-20190822130630-snapshot.jpg
5,1,20190822,130700,85,2,848,635,906,709,Aug23_1/500-20190822130700-snapshot.jpg
5,1,20190822,131630,74,2,624,814,697,860,Aug23_1/500-20190822131630-snapshot.jpg
5,1,20190822,131700,81,2,896,916,983,976,Aug23_1/500-20190822131700-snapshot.jpg
5,1,20190822,131830,86,2,1042,936,1119,979,Aug23_1/500-20190822131830-snapshot.jpg
5,1,20190822,131900,67,2,1581,305,1645,365,Aug23_1/500-20190822131900-snapshot.jpg
5,1,20190822,131900,80,2,1437,755,1513,826,Aug23_1/500-20190822131900-snapshot.jpg
5,1,20190822,132000,76,2,874,594,937,660,Aug23_1/500-20190822132000-snapshot.jpg
5,1,20190822,132200,81,2,884,260,956,316,Aug23_1/500-20190822132200-snapshot.jpg
5,1,20190822,132230,86,2,1069,428,1157,485,Aug23_1/500-20190822132230-snapshot.jpg
5,1,20190822,132300,29,2,1794,232,1868,298,Aug23_1/500-20190822132300-snapshot.jpg
5,1,20190822,132300,81,2,942,253,1004,315,Aug23_1/500-20190822132300-snapshot.jpg
5,1,20190822,132400,37,2,1418,772,1491,849,Aug23_1/500-20190822132400-snapshot.jpg
5,1,20190822,132430,83,2,965,343,1015,409,Aug23_1/500-20190822132430-snapshot.jpg
5,1,20190822,132430,85,2,1359,752,1452,800,Aug23_1/500-20190822132430-snapshot.jpg
5,1,20190822,132600,67,2,28,83,99,149,Aug23_1/500-20190822132600-snapshot.jpg
5,1,20190822,132730,82,2,1050,547,1114,607,Aug23_1/500-20190822132730-snapshot.jpg
5,1,20190822,132800,78,2,680,755,758,801,Aug23_1/500-20190822132800-snapshot.jpg
5,1,20190822,132930,81,2,616,771,688,816,Aug23_1/500-20190822132930-snapshot.jpg
5,1,20190822,133030,85,2,1846,878,1920,955,Aug23_1/500-20190822133030-snapshot.jpg
5,1,20190822,133100,85,2,858,594,916,664,Aug23_1/500-20190822133100-snapshot.jpg
5,1,20190822,133230,64,2,1570,48,1636,116,Aug23_1/500-20190822133230-snapshot.jpg
5,1,20190822,133330,85,2,1723,566,1802,644,Aug23_1/500-20190822133330-snapshot.jpg
5,1,20190822,133400,84,2,998,443,1076,499,Aug23_1/500-20190822133400-snapshot.jpg
5,1,20190822,133400,86,2,867,692,925,762,Aug23_1/500-20190822133400-snapshot.jpg
5,1,20190822,133830,83,2,835,693,888,764,Aug23_1/500-20190822133830-snapshot.jpg
5,1,20190822,133900,78,2,657,799,710,859,Aug23_1/500-20190822133900-snapshot.jpg
5,1,20190822,134100,75,2,859,269,917,315,Aug23_1/500-20190822134100-snapshot.jpg
5,1,20190822,134330,82,8,1269,275,1340,322,Aug23_1/500-20190822134330-snapshot.jpg
5,1,20190822,134500,76,2,758,198,814,260,Aug23_1/500-20190822134500-snapshot.jpg
5,1,20190822,134630,47,2,1586,289,1647,353,Aug23_1/500-20190822134630-snapshot.jpg
5,1,20190822,134700,84,2,848,606,923,658,Aug23_1/500-20190822134700-snapshot.jpg
5,1,20190822,134800,79,2,1138,974,1217,1024,Aug23_1/500-20190822134800-snapshot.jpg
5,1,20190822,134800,84,2,995,353,1076,438,Aug23_1/500-20190822134800-snapshot.jpg
5,1,20190822,134800,84,2,943,917,1002,986,Aug23_1/500-20190822134800-snapshot.jpg
5,1,20190822,134930,50,2,1355,135,1408,179,Aug23_1/500-20190822134930-snapshot.jpg
5,1,20190822,135130,82,2,857,921,930,985,Aug23_1/500-20190822135130-snapshot.jpg
5,1,20190822,135200,83,2,1053,521,1110,586,Aug23_1/500-20190822135200-snapshot.jpg
5,1,20190822,135300,82,2,953,857,1036,903,Aug23_1/500-20190822135300-snapshot.jpg
5,1,20190822,135330,82,2,1814,878,1878,944,Aug23_1/500-20190822135330-snapshot.jpg
5,1,20190822,135400,78,2,733,733,806,777,Aug23_1/500-20190822135400-snapshot.jpg
5,1,20190822,135500,84,2,846,605,902,673,Aug23_1/500-20190822135500-snapshot.jpg
5,1,20190822,135630,81,2,1059,550,1117,605,Aug23_1/500-20190822135630-snapshot.jpg
5,1,20190822,135700,74,2,871,590,932,657,Aug23_1/500-20190822135700-snapshot.jpg
5,1,20190822,135730,83,2,916,860,995,907,Aug23_1/500-20190822135730-snapshot.jpg
5,1,20190822,135800,90,4,1438,725,1527,794,Aug23_1/500-20190822135800-snapshot.jpg
5,1,20190822,140200,84,2,845,913,926,971,Aug23_1/500-20190822140200-snapshot.jpg
5,1,20190822,140230,84,2,873,262,926,319,Aug23_1/500-20190822140230-snapshot.jpg
5,1,20190822,141000,69,2,1319,716,1380,783,Aug23_1/500-20190822141000-snapshot.jpg
5,1,20190822,141000,83,2,1677,622,1766,713,Aug23_1/500-20190822141000-snapshot.jpg
5,1,20190822,141100,82,2,959,529,1020,590,Aug23_1/500-20190822141100-snapshot.jpg
5,1,20190822,141430,83,2,888,606,965,665,Aug23_1/500-20190822141430-snapshot.jpg
5,1,20190822,141630,80,2,946,325,1016,374,Aug23_1/500-20190822141630-snapshot.jpg
5,1,20190822,141900,26,2,323,716,400,784,Aug23_1/500-20190822141900-snapshot.jpg
5,1,20190822,141900,38,2,1330,178,1389,248,Aug23_1/500-20190822141900-snapshot.jpg
5,1,20190822,141930,85,2,1752,913,1840,988,Aug23_1/500-20190822141930-snapshot.jpg
5,1,20190822,142200,77,2,1020,346,1097,396,Aug23_1/500-20190822142200-snapshot.jpg
5,1,20190822,142230,30,2,1659,225,1711,287,Aug23_1/500-20190822142230-snapshot.jpg
5,1,20190822,142330,79,2,1369,142,1437,195,Aug23_1/500-20190822142330-snapshot.jpg
5,1,20190822,142430,77,2,764,212,833,263,Aug23_1/500-20190822142430-snapshot.jpg
5,1,20190822,142500,47,2,985,423,1059,479,Aug23_1/500-20190822142500-snapshot.jpg
5,1,20190822,142530,85,2,992,528,1057,596,Aug23_1/500-20190822142530-snapshot.jpg
5,1,20190822,142600,60,8,1053,282,1110,330,Aug23_1/500-20190822142600-snapshot.jpg
5,1,20190822,142600,84,2,1692,538,1765,612,Aug23_1/500-20190822142600-snapshot.jpg
5,1,20190822,142800,71,2,1870,1013,1918,1071,Aug23_1/500-20190822142800-snapshot.jpg
5,1,20190822,142800,78,2,661,789,713,849,Aug23_1/500-20190822142800-snapshot.jpg
5,1,20190822,143200,66,2,348,149,412,198,Aug23_1/500-20190822143200-snapshot.jpg
5,1,20190822,143230,67,2,1279,689,1354,741,Aug23_1/500-20190822143230-snapshot.jpg
5,1,20190822,143300,83,2,1853,823,1920,896,Aug23_1/500-20190822143300-snapshot.jpg
5,1,20190822,143330,67,2,1344,134,1398,191,Aug23_1/500-20190822143330-snapshot.jpg
5,1,20190822,143400,76,2,1757,946,1845,1021,Aug23_1/500-20190822143400-snapshot.jpg
5,1,20190822,143430,82,2,1502,704,1564,767,Aug23_1/500-20190822143430-snapshot.jpg
5,1,20190822,143530,81,2,1792,890,1884,948,Aug23_1/500-20190822143530-snapshot.jpg
5,1,20190822,143600,80,2,1525,730,1589,802,Aug23_1/500-20190822143600-snapshot.jpg
5,1,20190822,143800,83,2,890,806,947,865,Aug23_1/500-20190822143800-snapshot.jpg
5,1,20190822,143900,85,2,852,265,903,323,Aug23_1/500-20190822143900-snapshot.jpg
5,1,20190822,143930,81,2,1120,976,1182,1043,Aug23_1/500-20190822143930-snapshot.jpg
5,1,20190822,144030,70,2,864,262,918,311,Aug23_1/500-20190822144030-snapshot.jpg
5,1,20190822,144130,65,2,1601,461,1668,522,Aug23_1/500-20190822144130-snapshot.jpg
5,1,20190822,144230,86,3,827,582,890,656,Aug23_1/500-20190822144230-snapshot.jpg
5,1,20190822,144300,77,3,1828,194,1919,274,Aug23_1/500-20190822144300-snapshot.jpg
5,1,20190822,144530,79,2,956,446,1030,494,Aug23_1/500-20190822144530-snapshot.jpg
5,1,20190822,144600,84,2,1463,710,1528,786,Aug23_1/500-20190822144600-snapshot.jpg
5,1,20190822,144930,82,2,925,633,990,695,Aug23_1/500-20190822144930-snapshot.jpg
5,1,20190822,145200,76,2,1823,769,1888,840,Aug23_1/500-20190822145200-snapshot.jpg
5,1,20190822,145300,83,2,1696,847,1758,927,Aug23_1/500-20190822145300-snapshot.jpg
5,1,20190822,145600,87,2,952,505,1035,556,Aug23_1/500-20190822145600-snapshot.jpg
5,1,20190822,145630,85,2,909,878,991,939,Aug23_1/500-20190822145630-snapshot.jpg
5,1,20190822,145700,79,2,872,898,932,971,Aug23_1/500-20190822145700-snapshot.jpg
5,1,20190822,145730,81,2,913,264,973,326,Aug23_1/500-20190822145730-snapshot.jpg
5,1,20190822,145800,86,2,947,619,1001,694,Aug23_1/500-20190822145800-snapshot.jpg
5,1,20190822,150130,76,2,1831,683,1896,744,Aug23_1/500-20190822150130-snapshot.jpg
5,1,20190822,150230,33,2,1434,790,1502,865,Aug23_1/500-20190822150230-snapshot.jpg
5,1,20190822,150230,79,2,1429,748,1509,810,Aug23_1/500-20190822150230-snapshot.jpg
5,1,20190822,150300,49,2,26,85,90,149,Aug23_1/500-20190822150300-snapshot.jpg
5,1,20190822,150330,86,3,1714,1024,1800,1079,Aug23_1/500-20190822150330-snapshot.jpg
5,1,20190822,150400,85,2,934,463,990,530,Aug23_1/500-20190822150400-snapshot.jpg
5,1,20190822,150530,82,2,824,633,876,706,Aug23_1/500-20190822150530-snapshot.jpg
5,1,20190822,150600,82,2,813,711,869,767,Aug23_1/500-20190822150600-snapshot.jpg
5,1,20190822,150630,83,2,1319,315,1392,366,Aug23_1/500-20190822150630-snapshot.jpg
5,1,20190822,150800,86,2,1608,613,1696,690,Aug23_1/500-20190822150800-snapshot.jpg
5,1,20190822,150930,61,2,1442,39,1524,98,Aug23_1/500-20190822150930-snapshot.jpg
5,1,20190822,151000,82,2,374,162,438,219,Aug23_1/500-20190822151000-snapshot.jpg
5,1,20190822,151100,76,2,1119,943,1187,1006,Aug23_1/500-20190822151100-snapshot.jpg
5,1,20190822,151400,81,2,832,664,884,736,Aug23_1/500-20190822151400-snapshot.jpg
5,1,20190822,151430,83,2,797,567,850,633,Aug23_1/500-20190822151430-snapshot.jpg
5,1,20190822,151700,39,2,1428,795,1492,871,Aug23_1/500-20190822151700-snapshot.jpg
5,1,20190822,152100,87,2,980,646,1057,718,Aug23_1/500-20190822152100-snapshot.jpg
5,1,20190822,152200,87,4,926,272,1003,324,Aug23_1/500-20190822152200-snapshot.jpg
5,1,20190822,152230,75,2,901,617,958,673,Aug23_1/500-20190822152230-snapshot.jpg
5,1,20190822,152300,84,2,1262,318,1337,375,Aug23_1/500-20190822152300-snapshot.jpg
5,1,20190822,152430,82,2,770,215,832,275,Aug23_1/500-20190822152430-snapshot.jpg
5,1,20190822,152430,83,2,846,906,903,967,Aug23_1/500-20190822152430-snapshot.jpg
5,1,20190822,152530,75,2,1804,719,1864,788,Aug23_1/500-20190822152530-snapshot.jpg
5,1,20190822,152600,80,2,1717,971,1779,1046,Aug23_1/500-20190822152600-snapshot.jpg
5,1,20190822,152600,81,2,1813,691,1873,764,Aug23_1/500-20190822152600-snapshot.jpg
5,1,20190822,152630,81,2,947,261,1001,315,Aug23_1/500-20190822152630-snapshot.jpg
5,1,20190822,152700,81,2,1036,456,1091,511,Aug23_1/500-20190822152700-snapshot.jpg
5,1,20190822,152700,82,2,863,594,923,664,Aug23_1/500-20190822152700-snapshot.jpg
5,1,20190822,152730,81,2,925,947,1006,997,Aug23_1/500-20190822152730-snapshot.jpg
5,1,20190822,152800,65,2,768,801,820,858,Aug23_1/500-20190822152800-snapshot.jpg
5,1,20190822,152800,85,2,1318,271,1395,329,Aug23_1/500-20190822152800-snapshot.jpg
5,1,20190822,152830,60,2,1334,163,1396,205,Aug23_1/500-20190822152830-snapshot.jpg
5,1,20190822,152900,61,2,0,81,74,146,Aug23_1/500-20190822152900-snapshot.jpg
5,1,20190822,153000,82,2,1009,191,1067,258,Aug23_1/500-20190822153000-snapshot.jpg
5,1,20190822,153000,85,2,694,725,774,769,Aug23_1/500-20190822153000-snapshot.jpg
5,1,20190822,153030,82,2,924,258,998,309,Aug23_1/500-20190822153030-snapshot.jpg
5,1,20190822,153030,85,2,991,503,1062,569,Aug23_1/500-20190822153030-snapshot.jpg
5,1,20190822,153130,78,2,1775,732,1850,791,Aug23_1/500-20190822153130-snapshot.jpg
5,1,20190822,153400,87,2,1199,457,1277,530,Aug23_1/500-20190822153400-snapshot.jpg
5,1,20190822,153430,30,2,788,564,836,616,Aug23_1/500-20190822153430-snapshot.jpg
5,1,20190822,153430,80,2,1657,526,1722,586,Aug23_1/500-20190822153430-snapshot.jpg
5,1,20190822,153500,84,2,842,259,903,310,Aug23_1/500-20190822153500-snapshot.jpg
5,1,20190822,153800,81,2,1052,464,1107,527,Aug23_1/500-20190822153800-snapshot.jpg
5,1,20190822,153830,66,8,1558,353,1619,408,Aug23_1/500-20190822153830-snapshot.jpg
5,1,20190822,154130,80,2,771,169,843,215,Aug23_1/500-20190822154130-snapshot.jpg
5,1,20190822,154130,86,2,1403,816,1488,885,Aug23_1/500-20190822154130-snapshot.jpg
5,1,20190822,154330,81,2,1653,647,1741,715,Aug23_1/500-20190822154330-snapshot.jpg
5,1,20190822,154400,78,2,789,213,842,276,Aug23_1/500-20190822154400-snapshot.jpg
5,1,20190822,154430,84,2,875,331,947,386,Aug23_1/500-20190822154430-snapshot.jpg
5,1,20190822,154500,83,2,937,828,1003,899,Aug23_1/500-20190822154500-snapshot.jpg
5,1,20190822,154730,86,2,891,795,949,869,Aug23_1/500-20190822154730-snapshot.jpg
5,1,20190822,155100,82,2,833,714,885,780,Aug23_1/500-20190822155100-snapshot.jpg
5,1,20190822,155200,55,2,776,232,848,292,Aug23_1/500-20190822155200-snapshot.jpg
5,1,20190822,155230,86,2,1182,190,1242,271,Aug23_1/500-20190822155230-snapshot.jpg
5,1,20190822,155400,72,2,880,607,955,661,Aug23_1/500-20190822155400-snapshot.jpg
5,1,20190822,155500,84,2,1377,719,1437,787,Aug23_1/500-20190822155500-snapshot.jpg
5,1,20190822,155530,85,2,989,364,1050,437,Aug23_1/500-20190822155530-snapshot.jpg
5,1,20190822,155600,78,2,1790,734,1876,799,Aug23_1/500-20190822155600-snapshot.jpg
5,1,20190822,155630,83,2,1471,674,1537,736,Aug23_1/500-20190822155630-snapshot.jpg
5,1,20190822,160030,83,2,1804,678,1868,760,Aug23_1/500-20190822160030-snapshot.jpg
5,1,20190822,160100,85,2,1015,502,1074,563,Aug23_1/500-20190822160100-snapshot.jpg
5,1,20190822,160130,83,2,1755,894,1852,953,Aug23_1/500-20190822160130-snapshot.jpg
5,1,20190822,160200,84,2,1784,789,1867,861,Aug23_1/500-20190822160200-snapshot.jpg
5,1,20190822,160230,82,2,1717,949,1794,1019,Aug23_1/500-20190822160230-snapshot.jpg
5,1,20190822,160330,75,2,1855,960,1920,1023,Aug23_1/500-20190822160330-snapshot.jpg
5,1,20190822,160330,85,2,890,725,965,787,Aug23_1/500-20190822160330-snapshot.jpg
5,1,20190822,160400,80,2,646,796,720,850,Aug23_1/500-20190822160400-snapshot.jpg
5,1,20190822,160400,82,2,1763,905,1854,977,Aug23_1/500-20190822160400-snapshot.jpg
5,1,20190822,160430,57,2,1487,2,1575,49,Aug23_1/500-20190822160430-snapshot.jpg
5,1,20190822,160430,82,2,1823,802,1907,870,Aug23_1/500-20190822160430-snapshot.jpg
5,1,20190822,160530,82,2,1335,302,1403,357,Aug23_1/500-20190822160530-snapshot.jpg
5,1,20190822,160630,77,2,1340,157,1401,199,Aug23_1/500-20190822160630-snapshot.jpg
5,1,20190822,160630,84,2,855,893,930,960,Aug23_1/500-20190822160630-snapshot.jpg
5,1,20190822,160800,76,2,657,753,730,808,Aug23_1/500-20190822160800-snapshot.jpg
5,1,20190822,160900,84,2,1479,681,1538,747,Aug23_1/500-20190822160900-snapshot.jpg
5,1,20190822,160900,86,3,558,537,611,617,Aug23_1/500-20190822160900-snapshot.jpg
5,1,20190822,160930,76,2,941,495,989,543,Aug23_1/500-20190822160930-snapshot.jpg
5,1,20190822,161000,80,2,775,189,829,253,Aug23_1/500-20190822161000-snapshot.jpg
5,1,20190822,161130,85,2,840,569,891,636,Aug23_1/500-20190822161130-snapshot.jpg
5,1,20190822,161430,78,2,1574,320,1629,379,Aug23_1/500-20190822161430-snapshot.jpg
5,1,20190822,161530,68,2,28,79,107,138,Aug23_1/500-20190822161530-snapshot.jpg
5,1,20190822,161700,36,2,1603,213,1668,260,Aug23_1/500-20190822161700-snapshot.jpg
5,1,20190822,161700,69,2,767,165,820,236,Aug23_1/500-20190822161700-snapshot.jpg
5,1,20190822,161700,78,2,636,765,692,818,Aug23_1/500-20190822161700-snapshot.jpg
5,1,20190822,161730,82,2,911,256,987,310,Aug23_1/500-20190822161730-snapshot.jpg
5,1,20190822,161730,83,2,1500,704,1562,768,Aug23_1/500-20190822161730-snapshot.jpg
5,1,20190822,161800,82,2,1594,604,1685,668,Aug23_1/500-20190822161800-snapshot.jpg
5,1,20190822,161900,85,2,900,254,978,318,Aug23_1/500-20190822161900-snapshot.jpg
5,1,20190822,162100,70,2,383,126,440,189,Aug23_1/500-20190822162100-snapshot.jpg
5,1,20190822,162130,82,2,860,895,933,968,Aug23_1/500-20190822162130-snapshot.jpg
5,1,20190822,162200,73,2,1558,738,1627,797,Aug23_1/500-20190822162200-snapshot.jpg
5,1,20190822,162230,84,2,844,554,897,622,Aug23_1/500-20190822162230-snapshot.jpg
5,1,20190822,162230,85,2,406,179,482,240,Aug23_1/500-20190822162230-snapshot.jpg
5,1,20190822,162330,82,2,1019,560,1099,614,Aug23_1/500-20190822162330-snapshot.jpg
5,1,20190822,162430,74,2,359,155,433,202,Aug23_1/500-20190822162430-snapshot.jpg
5,1,20190822,162600,58,2,1877,972,1920,1043,Aug23_1/500-20190822162600-snapshot.jpg
5,1,20190822,162600,83,2,1623,626,1700,696,Aug23_1/500-20190822162600-snapshot.jpg
5,1,20190822,162630,78,2,1373,114,1437,171,Aug23_1/500-20190822162630-snapshot.jpg
5,1,20190822,162700,85,2,992,525,1071,568,Aug23_1/500-20190822162700-snapshot.jpg
5,1,20190822,162730,84,2,775,205,829,269,Aug23_1/500-20190822162730-snapshot.jpg
5,1,20190822,163000,30,2,1827,176,1908,249,Aug23_1/500-20190822163000-snapshot.jpg
5,1,20190822,163030,87,4,957,522,1016,593,Aug23_1/500-20190822163030-snapshot.jpg
5,1,20190822,163130,79,2,1294,672,1351,744,Aug23_1/500-20190822163130-snapshot.jpg
5,1,20190822,163300,75,7,1510,2,1641,70,Aug23_1/500-20190822163300-snapshot.jpg
5,1,20190822,163430,76,2,839,134,888,192,Aug23_1/500-20190822163430-snapshot.jpg
5,1,20190822,163430,81,2,859,594,915,661,Aug23_1/500-20190822163430-snapshot.jpg
5,1,20190822,163430,81,2,645,757,700,809,Aug23_1/500-20190822163430-snapshot.jpg
5,1,20190822,163500,84,2,950,859,1018,920,Aug23_1/500-20190822163500-snapshot.jpg
5,1,20190822,163530,75,2,1104,971,1177,1022,Aug23_1/500-20190822163530-snapshot.jpg
5,1,20190822,163530,86,2,997,464,1055,532,Aug23_1/500-20190822163530-snapshot.jpg
5,1,20190822,163730,84,2,1754,985,1822,1065,Aug23_1/500-20190822163730-snapshot.jpg
5,1,20190822,163800,86,2,1498,739,1580,807,Aug23_1/500-20190822163800-snapshot.jpg
5,1,20190822,163800,88,2,1806,778,1894,841,Aug23_1/500-20190822163800-snapshot.jpg
5,1,20190822,163830,79,2,1331,151,1399,195,Aug23_1/500-20190822163830-snapshot.jpg
5,1,20190822,163830,85,2,1669,539,1750,604,Aug23_1/500-20190822163830-snapshot.jpg
5,1,20190822,163900,85,2,1235,442,1314,496,Aug23_1/500-20190822163900-snapshot.jpg
5,1,20190822,163930,78,2,830,662,879,729,Aug23_1/500-20190822163930-snapshot.jpg
5,1,20190822,164000,81,2,864,891,924,961,Aug23_1/500-20190822164000-snapshot.jpg
5,1,20190822,164000,83,2,1461,656,1523,727,Aug23_1/500-20190822164000-snapshot.jpg
5,1,20190822,164130,81,2,1609,624,1696,698,Aug23_1/500-20190822164130-snapshot.jpg
5,1,20190822,164200,84,8,82,461,166,530,Aug23_1/500-20190822164200-snapshot.jpg
5,1,20190822,164230,83,2,845,553,901,621,Aug23_1/500-20190822164230-snapshot.jpg
5,1,20190822,164230,84,2,1331,292,1397,354,Aug23_1/500-20190822164230-snapshot.jpg
5,1,20190822,164400,83,2,876,909,954,961,Aug23_1/500-20190822164400-snapshot.jpg
5,1,20190822,164430,78,2,1456,17,1542,67,Aug23_1/500-20190822164430-snapshot.jpg
5,1,20190822,165000,51,2,1421,799,1502,875,Aug23_1/500-20190822165000-snapshot.jpg
5,1,20190822,165130,82,2,953,859,1008,919,Aug23_1/500-20190822165130-snapshot.jpg
5,1,20190822,165230,86,2,923,314,981,378,Aug23_1/500-20190822165230-snapshot.jpg
5,1,20190822,165330,86,2,830,667,884,737,Aug23_1/500-20190822165330-snapshot.jpg
5,1,20190822,165400,74,2,721,813,791,870,Aug23_1/500-20190822165400-snapshot.jpg
5,1,20190822,165430,71,2,1255,296,1314,344,Aug23_1/500-20190822165430-snapshot.jpg
5,1,20190822,165530,85,2,1669,527,1729,600,Aug23_1/500-20190822165530-snapshot.jpg
5,1,20190822,165630,86,2,869,610,927,681,Aug23_1/500-20190822165630-snapshot.jpg
5,1,20190822,165700,82,2,839,585,914,635,Aug23_1/500-20190822165700-snapshot.jpg
5,1,20190822,165700,83,2,921,267,993,320,Aug23_1/500-20190822165700-snapshot.jpg
5,1,20190822,165730,77,2,754,188,808,251,Aug23_1/500-20190822165730-snapshot.jpg
5,1,20190822,165800,82,2,1409,754,1473,821,Aug23_1/500-20190822165800-snapshot.jpg
5,1,20190822,165830,78,8,1257,114,1309,171,Aug23_1/500-20190822165830-snapshot.jpg
5,1,20190822,165830,81,2,1749,836,1833,914,Aug23_1/500-20190822165830-snapshot.jpg
5,1,20190822,170000,84,2,851,587,907,653,Aug23_1/500-20190822170000-snapshot.jpg
5,1,20190822,170500,79,2,773,801,848,858,Aug23_1/500-20190822170500-snapshot.jpg
5,1,20190822,170700,83,2,1459,717,1521,789,Aug23_1/500-20190822170700-snapshot.jpg
5,1,20190822,170730,83,2,875,766,930,828,Aug23_1/500-20190822170730-snapshot.jpg
5,1,20190822,170900,64,2,1340,149,1390,198,Aug23_1/500-20190822170900-snapshot.jpg
5,1,20190822,170930,83,2,1325,291,1380,357,Aug23_1/500-20190822170930-snapshot.jpg
5,1,20190822,171000,85,2,1173,349,1263,407,Aug23_1/500-20190822171000-snapshot.jpg
5,1,20190822,171000,86,4,1502,791,1600,863,Aug23_1/500-20190822171000-snapshot.jpg
5,1,20190822,171030,81,2,851,593,912,655,Aug23_1/500-20190822171030-snapshot.jpg
5,1,20190822,171100,86,2,833,666,886,742,Aug23_1/500-20190822171100-snapshot.jpg
5,1,20190822,171330,78,2,1748,975,1843,1039,Aug23_1/500-20190822171330-snapshot.jpg
5,1,20190822,171400,38,2,1785,199,1856,269,Aug23_1/500-20190822171400-snapshot.jpg
5,1,20190822,171400,72,2,1439,805,1519,872,Aug23_1/500-20190822171400-snapshot.jpg
5,1,20190822,171500,82,2,1261,217,1324,273,Aug23_1/500-20190822171500-snapshot.jpg
5,1,20190822,171500,82,2,850,908,930,972,Aug23_1/500-20190822171500-snapshot.jpg
5,1,20190822,171800,87,4,1334,133,1416,200,Aug23_1/500-20190822171800-snapshot.jpg
5,1,20190822,172030,63,4,1872,682,1920,752,Aug23_1/500-20190822172030-snapshot.jpg
5,1,20190822,172100,73,2,1436,814,1516,876,Aug23_1/500-20190822172100-snapshot.jpg
5,1,20190822,172130,75,2,941,529,991,581,Aug23_1/500-20190822172130-snapshot.jpg
5,1,20190822,172130,84,2,1189,400,1251,469,Aug23_1/500-20190822172130-snapshot.jpg
5,1,20190822,172200,86,2,908,319,987,367,Aug23_1/500-20190822172200-snapshot.jpg
5,1,20190822,173000,73,2,397,153,449,221,Aug23_1/500-20190822173000-snapshot.jpg
5,1,20190822,173000,75,2,781,183,838,249,Aug23_1/500-20190822173000-snapshot.jpg
5,1,20190822,173600,66,2,1338,147,1391,202,Aug23_1/500-20190822173600-snapshot.jpg
5,1,20190822,173630,87,2,950,787,1007,862,Aug23_1/500-20190822173630-snapshot.jpg
5,1,20190822,173700,73,2,929,864,990,934,Aug23_1/500-20190822173700-snapshot.jpg
5,1,20190822,173700,81,2,939,253,996,314,Aug23_1/500-20190822173700-snapshot.jpg
5,1,20190822,174100,83,2,860,610,918,681,Aug23_1/500-20190822174100-snapshot.jpg
5,1,20190822,174130,83,2,1473,590,1530,655,Aug23_1/500-20190822174130-snapshot.jpg
5,1,20190822,174700,60,2,1244,289,1307,341,Aug23_1/500-20190822174700-snapshot.jpg
5,1,20190822,174800,78,2,1740,955,1825,1020,Aug23_1/500-20190822174800-snapshot.jpg
5,1,20190822,174830,68,2,0,74,62,129,Aug23_1/500-20190822174830-snapshot.jpg
5,1,20190822,174900,79,2,846,337,916,384,Aug23_1/500-20190822174900-snapshot.jpg
5,1,20190822,174900,85,2,693,746,780,796,Aug23_1/500-20190822174900-snapshot.jpg
5,1,20190822,174930,77,2,1814,690,1875,774,Aug23_1/500-20190822174930-snapshot.jpg
5,1,20190822,175230,48,2,401,191,470,252,Aug23_1/500-20190822175230-snapshot.jpg
5,1,20190822,175430,83,2,1297,663,1354,730,Aug23_1/500-20190822175430-snapshot.jpg
5,1,20190822,175500,78,2,787,164,841,230,Aug23_1/500-20190822175500-snapshot.jpg
5,1,20190822,175830,84,4,1589,14,1683,89,Aug23_1/500-20190822175830-snapshot.jpg
5,1,20190822,180030,80,2,1612,578,1693,662,Aug23_1/500-20190822180030-snapshot.jpg
5,1,20190822,180030,81,2,770,767,825,833,Aug23_1/500-20190822180030-snapshot.jpg
5,1,20190822,180100,86,2,830,666,893,738,Aug23_1/500-20190822180100-snapshot.jpg
5,1,20190822,180130,83,2,925,451,979,507,Aug23_1/500-20190822180130-snapshot.jpg
5,1,20190822,180300,68,2,933,697,1005,759,Aug23_1/500-20190822180300-snapshot.jpg
5,1,20190822,180300,76,2,360,161,433,205,Aug23_1/500-20190822180300-snapshot.jpg
5,1,20190822,180330,67,2,1718,959,1808,1018,Aug23_1/500-20190822180330-snapshot.jpg
5,1,20190822,180500,41,2,1790,558,1870,615,Aug23_1/500-20190822180500-snapshot.jpg
5,1,20190822,180600,86,2,940,832,999,904,Aug23_1/500-20190822180600-snapshot.jpg
5,1,20190822,180700,75,2,1272,300,1335,348,Aug23_1/500-20190822180700-snapshot.jpg
5,1,20190822,180900,84,2,1603,657,1694,714,Aug23_1/500-20190822180900-snapshot.jpg
5,1,20190822,181200,73,2,1794,713,1874,776,Aug23_1/500-20190822181200-snapshot.jpg
5,1,20190822,181200,84,2,942,307,997,365,Aug23_1/500-20190822181200-snapshot.jpg
5,1,20190822,181200,87,2,1738,901,1827,967,Aug23_1/500-20190822181200-snapshot.jpg
5,1,20190822,181230,75,2,1295,694,1378,752,Aug23_1/500-20190822181230-snapshot.jpg
5,1,20190822,181230,83,2,1263,653,1345,704,Aug23_1/500-20190822181230-snapshot.jpg
5,1,20190822,181300,80,2,902,86,960,155,Aug23_1/500-20190822181300-snapshot.jpg
5,1,20190822,181300,86,2,850,624,907,695,Aug23_1/500-20190822181300-snapshot.jpg
5,1,20190822,181530,75,2,1341,139,1395,193,Aug23_1/500-20190822181530-snapshot.jpg
5,1,20190822,181830,71,2,1833,337,1916,411,Aug23_1/500-20190822181830-snapshot.jpg
5,1,20190822,181900,82,4,1332,150,1389,208,Aug23_1/500-20190822181900-snapshot.jpg
5,1,20190822,181900,85,2,898,740,951,802,Aug23_1/500-20190822181900-snapshot.jpg
5,1,20190822,182230,85,2,968,881,1022,945,Aug23_1/500-20190822182230-snapshot.jpg
5,1,20190822,182830,79,2,773,793,846,853,Aug23_1/500-20190822182830-snapshot.jpg
5,1,20190822,182900,82,2,1294,297,1361,344,Aug23_1/500-20190822182900-snapshot.jpg
5,1,20190822,183000,79,2,868,619,921,684,Aug23_1/500-20190822183000-snapshot.jpg
5,1,20190822,183030,85,2,1448,806,1536,874,Aug23_1/500-20190822183030-snapshot.jpg
5,1,20190822,183300,83,8,751,623,824,670,Aug23_1/500-20190822183300-snapshot.jpg
5,1,20190822,183830,72,2,1270,295,1325,338,Aug23_1/500-20190822183830-snapshot.jpg
5,1,20190822,183930,84,2,925,466,977,530,Aug23_1/500-20190822183930-snapshot.jpg
5,1,20190822,183930,88,4,1465,736,1566,805,Aug23_1/500-20190822183930-snapshot.jpg
5,1,20190822,184100,77,2,848,284,900,335,Aug23_1/500-20190822184100-snapshot.jpg
5,1,20190822,184100,84,2,999,536,1058,605,Aug23_1/500-20190822184100-snapshot.jpg
5,1,20190822,184230,83,2,1414,742,1504,792,Aug23_1/500-20190822184230-snapshot.jpg
5,1,20190822,184330,55,2,985,36,1054,115,Aug23_1/500-20190822184330-snapshot.jpg
5,1,20190822,185130,77,2,939,884,1019,925,Aug23_1/500-20190822185130-snapshot.jpg
5,1,20190822,185200,79,2,828,667,880,728,Aug23_1/500-20190822185200-snapshot.jpg
5,1,20190822,185230,40,2,1610,3,1686,65,Aug23_1/500-20190822185230-snapshot.jpg
5,1,20190822,185230,52,2,1322,169,1373,222,Aug23_1/500-20190822185230-snapshot.jpg
5,1,20190822,185800,35,3,1766,186,1865,250,Aug23_1/500-20190822185800-snapshot.jpg
5,1,20190822,190000,86,4,905,495,976,559,Aug23_1/500-20190822190000-snapshot.jpg
5,1,20190822,190030,88,3,1455,770,1541,838,Aug23_1/500-20190822190030-snapshot.jpg
5,1,20190822,190330,85,2,1286,309,1361,362,Aug23_1/500-20190822190330-snapshot.jpg
5,1,20190822,190430,76,8,955,706,1030,745,Aug23_1/500-20190822190430-snapshot.jpg
5,1,20190822,190530,75,2,1276,308,1332,369,Aug23_1/500-20190822190530-snapshot.jpg
5,1,20190822,190700,77,2,1784,717,1863,774,Aug23_1/500-20190822190700-snapshot.jpg
5,1,20190822,191100,85,2,1038,460,1095,524,Aug23_1/500-20190822191100-snapshot.jpg
5,1,20190822,191130,67,2,858,601,913,669,Aug23_1/500-20190822191130-snapshot.jpg
5,1,20190822,191200,82,2,824,713,883,778,Aug23_1/500-20190822191200-snapshot.jpg
5,1,20190822,191400,83,2,976,517,1027,582,Aug23_1/500-20190822191400-snapshot.jpg
5,1,20190822,192300,81,2,864,575,919,641,Aug23_1/500-20190822192300-snapshot.jpg
5,1,20190822,192330,84,2,957,434,1035,490,Aug23_1/500-20190822192330-snapshot.jpg
5,1,20190822,192400,83,2,1412,742,1476,810,Aug23_1/500-20190822192400-snapshot.jpg
5,1,20190822,192500,72,8,546,733,626,777,Aug23_1/500-20190822192500-snapshot.jpg
5,1,20190822,192530,88,4,1161,459,1251,529,Aug23_1/500-20190822192530-snapshot.jpg
5,1,20190822,192700,76,2,780,180,838,241,Aug23_1/500-20190822192700-snapshot.jpg
5,1,20190822,193330,79,2,847,139,912,193,Aug23_1/500-20190822193330-snapshot.jpg
5,1,20190822,193430,79,2,1447,799,1506,869,Aug23_1/500-20190822193430-snapshot.jpg
5,1,20190822,193500,84,2,922,326,980,385,Aug23_1/500-20190822193500-snapshot.jpg
5,1,20190822,193530,83,2,851,901,933,969,Aug23_1/500-20190822193530-snapshot.jpg
5,1,20190822,193600,86,2,1320,202,1405,266,Aug23_1/500-20190822193600-snapshot.jpg
5,1,20190822,193630,83,2,1470,721,1562,782,Aug23_1/500-20190822193630-snapshot.jpg
5,1,20190822,194330,82,2,1531,751,1626,807,Aug23_1/500-20190822194330-snapshot.jpg
5,1,20190822,194330,84,2,838,628,892,702,Aug23_1/500-20190822194330-snapshot.jpg
5,1,20190822,195000,61,2,1460,3,1532,57,Aug23_1/500-20190822195000-snapshot.jpg
5,1,20190822,195700,77,2,756,162,813,230,Aug23_1/500-20190822195700-snapshot.jpg
5,1,20190822,195730,81,2,714,736,790,787,Aug23_1/500-20190822195730-snapshot.jpg
5,1,20190822,200000,83,2,1816,781,1898,850,Aug23_1/500-20190822200000-snapshot.jpg
5,1,20190822,200800,77,2,1324,184,1406,242,Aug23_1/500-20190822200800-snapshot.jpg
5,1,20190822,202400,37,4,1479,664,1550,729,Aug23_1/501-20190822202400-snapshot.jpg
5,1,20190822,202430,88,4,902,885,994,956,Aug23_1/501-20190822202430-snapshot.jpg
5,1,20190822,205530,45,1,1156,259,1206,303,Aug23_1/502-20190822205530-snapshot.jpg
5,1,20190823,061500,86,4,816,723,880,790,Aug23_1/512-20190823061500-snapshot.jpg
5,1,20190823,061600,48,4,1324,137,1392,205,Aug23_1/512-20190823061600-snapshot.jpg
5,1,20190823,063800,89,3,748,149,825,225,Aug23_1/514-20190823063800-snapshot.jpg
5,1,20190823,065130,78,2,1359,712,1421,776,Aug23_1/517-20190823065130-snapshot.jpg
5,1,20190823,070000,86,2,838,656,894,730,Aug23_1/517-20190823070000-snapshot.jpg
5,1,20190823,070400,84,8,1675,753,1756,820,Aug23_1/517-20190823070400-snapshot.jpg
5,1,20190823,075800,72,8,1042,544,1122,597,Aug23_1/518-20190823075800-snapshot.jpg
5,1,20190823,083030,67,2,1451,792,1532,857,Aug23_1/518-20190823083030-snapshot.jpg
5,1,20190823,083230,85,2,907,523,961,589,Aug23_1/518-20190823083230-snapshot.jpg
5,1,20190823,084530,87,3,1163,624,1252,675,Aug23_1/519-20190823084530-snapshot.jpg
5,1,20190823,092900,84,2,1325,184,1407,243,Aug23_1/520-20190823092900-snapshot.jpg
5,1,20190823,092930,49,2,1839,222,1907,294,Aug23_1/520-20190823092930-snapshot.jpg
5,1,20190823,093830,63,2,1365,129,1427,171,Aug23_1/520-20190823093830-snapshot.jpg
5,1,20190823,093900,49,2,1033,537,1111,604,Aug23_1/520-20190823093900-snapshot.jpg
5,1,20190823,093930,70,2,824,708,881,774,Aug23_1/520-20190823093930-snapshot.jpg
5,1,20190823,094400,82,2,972,543,1049,593,Aug23_1/520-20190823094400-snapshot.jpg
5,1,20190823,095330,87,2,858,913,937,976,Aug23_1/520-20190823095330-snapshot.jpg
5,1,20190823,095530,85,4,1277,720,1367,782,Aug23_1/520-20190823095530-snapshot.jpg
5,1,20190823,095530,85,2,915,458,968,527,Aug23_1/520-20190823095530-snapshot.jpg
5,1,20190823,095730,60,2,230,167,302,217,Aug23_1/520-20190823095730-snapshot.jpg
5,1,20190823,095800,70,2,1331,238,1393,296,Aug23_1/520-20190823095800-snapshot.jpg
5,1,20190817,101730,46,8,1447,914,1525,981,Aug23_1/57-20190817101730-snapshot.jpg
5,1,20190817,154930,80,4,1464,51,1551,107,Aug23_1/83-20190817154930-snapshot.jpg
5,1,20190817,155730,80,2,1840,981,1920,1065,Aug23_1/83-20190817155730-snapshot.jpg
5,1,20190817,155900,81,2,1413,741,1491,790,Aug23_1/83-20190817155900-snapshot.jpg
5,1,20190817,163830,68,1,28,1034,70,1070,Aug23_1/85-20190817163830-snapshot.jpg
5,1,20190817,181230,32,3,1879,971,1920,1042,Aug23_1/89-20190817181230-snapshot.jpg
5,1,20190817,182300,84,4,1497,0,1598,59,Aug23_1/89-20190817182300-snapshot.jpg
5,1,20190817,182930,76,2,940,311,1004,354,Aug23_1/89-20190817182930-snapshot.jpg
5,1,20190817,183400,89,4,1700,571,1793,645,Aug23_1/89-20190817183400-snapshot.jpg
5,1,20190817,185200,81,3,698,695,776,750,Aug23_1/89-20190817185200-snapshot.jpg
5,1,20190817,190430,86,4,1854,986,1920,1049,Aug23_1/89-20190817190430-snapshot.jpg
5,1,20190817,195000,85,4,954,341,1022,389,Aug23_1/89-20190817195000-snapshot.jpg
5,1,20190817,202200,90,4,1477,753,1563,821,Aug23_1/90-20190817202200-snapshot.jpg
5,1,20190817,210900,35,1,1052,735,1095,779,Aug23_1/95-20190817210900-snapshot.jpg
5,1,20190817,211000,49,1,1052,735,1095,780,Aug23_1/96-20190817211000-snapshot.jpg
5,1,20190817,211030,41,1,1052,735,1096,779,Aug23_1/96-20190817211030-snapshot.jpg
5,1,20190817,211200,61,1,1052,733,1095,779,Aug23_1/96-20190817211200-snapshot.jpg
5,1,20190817,211330,52,1,1052,733,1097,778,Aug23_1/97-20190817211330-snapshot.jpg
5,1,20190818,053530,31,1,1052,733,1095,775,Aug23_1/99-20190818053530-snapshot.jpg
5,1,20190818,053830,30,1,1052,732,1096,778,Aug23_1/99-20190818053830-snapshot.jpg
