5,0,20190830,094630,26,8,1705,864,1764,924,Sep06_0/03-20190830094630-snapshot.jpg
5,0,20190830,095500,47,8,1769,537,1832,582,Sep06_0/03-20190830095500-snapshot.jpg
5,0,20190830,095530,82,8,1691,498,1747,570,Sep06_0/03-20190830095530-snapshot.jpg
5,0,20190830,100630,82,8,1746,574,1836,632,Sep06_0/05-20190830100630-snapshot.jpg
5,0,20190830,100700,38,8,1669,482,1731,523,Sep06_0/05-20190830100700-snapshot.jpg
5,0,20190830,101430,79,8,1819,973,1909,1028,Sep06_0/05-20190830101430-snapshot.jpg
5,0,20190830,101500,78,8,1669,540,1757,599,Sep06_0/05-20190830101500-snapshot.jpg
5,0,20190830,101830,87,2,792,316,867,382,Sep06_0/05-20190830101830-snapshot.jpg
5,0,20190830,102230,85,8,1806,952,1902,1009,Sep06_0/05-20190830102230-snapshot.jpg
5,0,20190830,102430,86,2,1120,654,1193,707,Sep06_0/05-20190830102430-snapshot.jpg
5,0,20190830,103400,86,2,364,348,425,424,Sep06_0/05-20190830103400-snapshot.jpg
5,0,20190830,104600,80,8,1127,240,1199,300,Sep06_0/05-20190830104600-snapshot.jpg
5,0,20190830,104700,76,8,1817,815,1880,880,Sep06_0/05-20190830104700-snapshot.jpg
5,0,20190830,110130,61,8,1648,555,1732,611,Sep06_0/05-20190830110130-snapshot.jpg
5,0,20190830,111130,47,8,1482,852,1558,906,Sep06_0/05-20190830111130-snapshot.jpg
5,0,20190830,111430,81,8,1849,448,1920,531,Sep06_0/05-20190830111430-snapshot.jpg
5,0,20190830,111630,79,8,871,775,956,827,Sep06_0/06-20190830111630-snapshot.jpg
5,0,20190830,111830,75,2,0,312,46,366,Sep06_0/06-20190830111830-snapshot.jpg
5,0,20190830,112300,84,2,410,338,467,405,Sep06_0/06-20190830112300-snapshot.jpg
5,0,20190830,112430,87,2,1638,507,1699,594,Sep06_0/06-20190830112430-snapshot.jpg
5,0,20190830,112730,88,2,1087,711,1152,809,Sep06_0/06-20190830112730-snapshot.jpg
5,0,20190830,113400,84,8,1662,205,1750,280,Sep06_0/06-20190830113400-snapshot.jpg
5,0,20190830,113930,86,2,175,283,237,367,Sep06_0/06-20190830113930-snapshot.jpg
5,0,20190830,114000,84,2,1123,669,1204,722,Sep06_0/06-20190830114000-snapshot.jpg
5,0,20190830,114030,84,2,815,379,871,461,Sep06_0/06-20190830114030-snapshot.jpg
5,0,20190830,114100,85,2,1637,420,1721,479,Sep06_0/06-20190830114100-snapshot.jpg
5,0,20190830,114230,81,8,347,83,416,148,Sep06_0/06-20190830114230-snapshot.jpg
5,0,20190830,114400,78,2,1560,644,1640,704,Sep06_0/06-20190830114400-snapshot.jpg
5,0,20190830,114530,63,8,1652,183,1707,255,Sep06_0/06-20190830114530-snapshot.jpg
5,0,20190830,114830,62,8,1709,497,1765,556,Sep06_0/06-20190830114830-snapshot.jpg
5,0,20190830,115730,82,8,1656,285,1720,355,Sep06_0/06-20190830115730-snapshot.jpg
5,0,20190830,120000,82,2,224,394,287,460,Sep06_0/06-20190830120000-snapshot.jpg
5,0,20190830,120030,64,2,79,517,153,574,Sep06_0/06-20190830120030-snapshot.jpg
5,0,20190830,120100,75,8,1250,479,1327,545,Sep06_0/06-20190830120100-snapshot.jpg
5,0,20190830,120130,77,8,1197,305,1266,366,Sep06_0/06-20190830120130-snapshot.jpg
5,0,20190830,120200,86,2,1108,589,1165,653,Sep06_0/06-20190830120200-snapshot.jpg
5,0,20190830,120230,76,2,1089,633,1148,686,Sep06_0/06-20190830120230-snapshot.jpg
5,0,20190830,120330,84,8,1731,892,1808,965,Sep06_0/06-20190830120330-snapshot.jpg
5,0,20190830,120530,45,8,1541,999,1621,1066,Sep06_0/06-20190830120530-snapshot.jpg
5,0,20190830,120730,71,8,1686,529,1749,603,Sep06_0/06-20190830120730-snapshot.jpg
5,0,20190830,120900,85,2,383,257,439,327,Sep06_0/06-20190830120900-snapshot.jpg
5,0,20190830,121230,87,2,801,303,887,357,Sep06_0/06-20190830121230-snapshot.jpg
5,0,20190830,121330,85,2,0,263,71,332,Sep06_0/06-20190830121330-snapshot.jpg
5,0,20190830,121400,84,2,960,541,1041,602,Sep06_0/06-20190830121400-snapshot.jpg
5,0,20190830,121530,86,2,351,935,440,1022,Sep06_0/06-20190830121530-snapshot.jpg
5,0,20190830,121930,75,2,228,413,301,461,Sep06_0/06-20190830121930-snapshot.jpg
5,0,20190830,121930,78,2,1560,642,1641,704,Sep06_0/06-20190830121930-snapshot.jpg
5,0,20190830,121930,85,2,895,337,976,401,Sep06_0/06-20190830121930-snapshot.jpg
5,0,20190830,122000,79,2,1531,578,1625,641,Sep06_0/06-20190830122000-snapshot.jpg
5,0,20190830,122300,81,2,1114,672,1179,717,Sep06_0/06-20190830122300-snapshot.jpg
5,0,20190830,122830,85,8,1317,715,1374,787,Sep06_0/06-20190830122830-snapshot.jpg
5,0,20190830,123630,29,2,104,596,170,674,Sep06_0/06-20190830123630-snapshot.jpg
5,0,20190830,123730,85,2,364,421,419,495,Sep06_0/06-20190830123730-snapshot.jpg
5,0,20190830,123830,80,8,1703,224,1800,285,Sep06_0/06-20190830123830-snapshot.jpg
5,0,20190830,124030,80,2,240,447,299,510,Sep06_0/06-20190830124030-snapshot.jpg
5,0,20190830,124100,80,8,1277,661,1330,727,Sep06_0/06-20190830124100-snapshot.jpg
5,0,20190830,124200,68,8,1171,29,1232,78,Sep06_0/06-20190830124200-snapshot.jpg
5,0,20190830,124400,40,8,1713,499,1778,553,Sep06_0/06-20190830124400-snapshot.jpg
5,0,20190830,124400,85,8,1369,751,1451,804,Sep06_0/06-20190830124400-snapshot.jpg
5,0,20190830,124500,75,2,1063,634,1139,687,Sep06_0/06-20190830124500-snapshot.jpg
5,0,20190830,124530,85,2,1656,442,1720,509,Sep06_0/06-20190830124530-snapshot.jpg
5,0,20190830,124600,85,2,1138,652,1201,713,Sep06_0/06-20190830124600-snapshot.jpg
5,0,20190830,124700,75,2,0,312,49,376,Sep06_0/06-20190830124700-snapshot.jpg
5,0,20190830,125000,88,2,1557,454,1620,536,Sep06_0/06-20190830125000-snapshot.jpg
5,0,20190830,125030,82,2,385,96,444,172,Sep06_0/06-20190830125030-snapshot.jpg
5,0,20190830,125700,88,2,1075,358,1156,433,Sep06_0/06-20190830125700-snapshot.jpg
5,0,20190830,125730,75,2,235,457,293,520,Sep06_0/06-20190830125730-snapshot.jpg
5,0,20190830,130030,66,8,1087,170,1158,234,Sep06_0/06-20190830130030-snapshot.jpg
5,0,20190830,130100,84,2,771,302,860,353,Sep06_0/06-20190830130100-snapshot.jpg
5,0,20190830,130130,85,2,1108,687,1187,744,Sep06_0/06-20190830130130-snapshot.jpg
5,0,20190830,130500,89,2,1594,411,1655,488,Sep06_0/06-20190830130500-snapshot.jpg
5,0,20190830,130930,84,2,1517,593,1582,664,Sep06_0/06-20190830130930-snapshot.jpg
5,0,20190830,131300,84,8,986,87,1047,170,Sep06_0/06-20190830131300-snapshot.jpg
5,0,20190830,131700,84,2,137,545,197,618,Sep06_0/06-20190830131700-snapshot.jpg
5,0,20190830,132300,87,2,1108,591,1162,661,Sep06_0/06-20190830132300-snapshot.jpg
5,0,20190830,132330,76,2,76,510,157,570,Sep06_0/06-20190830132330-snapshot.jpg
5,0,20190830,133000,72,2,383,191,445,244,Sep06_0/06-20190830133000-snapshot.jpg
5,0,20190830,133330,82,2,1694,459,1770,509,Sep06_0/06-20190830133330-snapshot.jpg
5,0,20190830,133530,80,2,1639,404,1722,479,Sep06_0/06-20190830133530-snapshot.jpg
5,0,20190830,133700,31,2,144,565,207,642,Sep06_0/06-20190830133700-snapshot.jpg
5,0,20190830,133800,78,2,1591,515,1662,567,Sep06_0/06-20190830133800-snapshot.jpg
5,0,20190830,133830,73,2,1002,676,1064,740,Sep06_0/06-20190830133830-snapshot.jpg
5,0,20190830,133830,81,2,0,326,48,405,Sep06_0/06-20190830133830-snapshot.jpg
5,0,20190830,133930,86,2,812,184,872,249,Sep06_0/06-20190830133930-snapshot.jpg
5,0,20190830,133930,86,2,418,335,473,410,Sep06_0/06-20190830133930-snapshot.jpg
5,0,20190830,134000,81,2,1683,466,1758,522,Sep06_0/06-20190830134000-snapshot.jpg
5,0,20190830,134000,84,2,1156,570,1229,622,Sep06_0/06-20190830134000-snapshot.jpg
5,0,20190830,134000,88,2,972,278,1045,352,Sep06_0/06-20190830134000-snapshot.jpg
5,0,20190830,134130,88,2,950,195,1009,277,Sep06_0/06-20190830134130-snapshot.jpg
5,0,20190830,134430,81,2,137,363,211,422,Sep06_0/06-20190830134430-snapshot.jpg
5,0,20190830,134700,80,2,244,426,333,478,Sep06_0/06-20190830134700-snapshot.jpg
5,0,20190830,134730,82,2,1523,598,1583,664,Sep06_0/06-20190830134730-snapshot.jpg
5,0,20190830,135200,68,8,1260,487,1309,534,Sep06_0/06-20190830135200-snapshot.jpg
5,0,20190830,135430,86,2,1089,593,1161,645,Sep06_0/06-20190830135430-snapshot.jpg
5,0,20190830,135500,74,2,1329,433,1420,521,Sep06_0/06-20190830135500-snapshot.jpg
5,0,20190830,135600,87,2,1652,427,1715,507,Sep06_0/06-20190830135600-snapshot.jpg
5,0,20190830,135830,76,2,1126,423,1179,485,Sep06_0/06-20190830135830-snapshot.jpg
5,0,20190830,140100,50,8,1101,247,1161,307,Sep06_0/06-20190830140100-snapshot.jpg
5,0,20190830,140100,82,8,1185,298,1246,356,Sep06_0/06-20190830140100-snapshot.jpg
5,0,20190830,140130,83,2,203,309,267,373,Sep06_0/06-20190830140130-snapshot.jpg
5,0,20190830,140200,85,2,460,220,538,273,Sep06_0/06-20190830140200-snapshot.jpg
5,0,20190830,140230,73,2,0,369,38,428,Sep06_0/06-20190830140230-snapshot.jpg
5,0,20190830,140230,85,2,1659,420,1740,489,Sep06_0/06-20190830140230-snapshot.jpg
5,0,20190830,140530,86,2,125,138,229,207,Sep06_0/06-20190830140530-snapshot.jpg
5,0,20190830,140630,82,8,1835,939,1916,988,Sep06_0/06-20190830140630-snapshot.jpg
5,0,20190830,140700,86,2,884,381,949,460,Sep06_0/06-20190830140700-snapshot.jpg
5,0,20190830,140730,86,2,925,559,1017,612,Sep06_0/06-20190830140730-snapshot.jpg
5,0,20190830,140800,88,2,1609,424,1669,499,Sep06_0/06-20190830140800-snapshot.jpg
5,0,20190830,140800,88,2,726,186,788,273,Sep06_0/06-20190830140800-snapshot.jpg
5,0,20190830,140830,72,2,88,530,151,590,Sep06_0/06-20190830140830-snapshot.jpg
5,0,20190830,141300,81,2,1,275,82,331,Sep06_0/06-20190830141300-snapshot.jpg
5,0,20190830,141400,86,2,369,320,426,397,Sep06_0/06-20190830141400-snapshot.jpg
5,0,20190830,141430,73,8,1216,654,1277,711,Sep06_0/06-20190830141430-snapshot.jpg
5,0,20190830,142130,85,2,385,350,440,425,Sep06_0/06-20190830142130-snapshot.jpg
5,0,20190830,142230,83,8,1602,383,1685,443,Sep06_0/06-20190830142230-snapshot.jpg
5,0,20190830,142600,80,2,1161,592,1215,659,Sep06_0/06-20190830142600-snapshot.jpg
5,0,20190830,142630,82,2,334,455,418,506,Sep06_0/06-20190830142630-snapshot.jpg
5,0,20190830,142700,78,2,1528,607,1606,666,Sep06_0/06-20190830142700-snapshot.jpg
5,0,20190830,142730,84,2,1590,455,1673,506,Sep06_0/06-20190830142730-snapshot.jpg
5,0,20190830,142800,85,2,1152,679,1239,724,Sep06_0/06-20190830142800-snapshot.jpg
5,0,20190830,142830,86,2,420,24,486,106,Sep06_0/06-20190830142830-snapshot.jpg
5,0,20190830,142930,83,2,821,295,897,347,Sep06_0/06-20190830142930-snapshot.jpg
5,0,20190830,143200,85,2,998,326,1082,373,Sep06_0/06-20190830143200-snapshot.jpg
5,0,20190830,143430,87,2,1621,459,1707,509,Sep06_0/06-20190830143430-snapshot.jpg
5,0,20190830,143800,87,2,237,437,297,512,Sep06_0/06-20190830143800-snapshot.jpg
5,0,20190830,144730,84,2,246,436,312,502,Sep06_0/06-20190830144730-snapshot.jpg
5,0,20190830,144800,81,2,1057,686,1131,736,Sep06_0/06-20190830144800-snapshot.jpg
5,0,20190830,145000,84,2,177,279,255,338,Sep06_0/06-20190830145000-snapshot.jpg
5,0,20190830,145100,87,2,440,377,495,449,Sep06_0/06-20190830145100-snapshot.jpg
5,0,20190830,145200,27,2,887,388,932,442,Sep06_0/06-20190830145200-snapshot.jpg
5,0,20190830,145400,88,2,1506,599,1597,666,Sep06_0/06-20190830145400-snapshot.jpg
5,0,20190830,145600,55,2,869,317,924,362,Sep06_0/06-20190830145600-snapshot.jpg
5,0,20190830,145830,82,2,0,329,66,383,Sep06_0/06-20190830145830-snapshot.jpg
5,0,20190830,150000,81,2,1573,638,1653,709,Sep06_0/06-20190830150000-snapshot.jpg
5,0,20190830,150600,86,2,341,229,426,295,Sep06_0/06-20190830150600-snapshot.jpg
5,0,20190830,150630,89,2,961,451,1048,501,Sep06_0/06-20190830150630-snapshot.jpg
5,0,20190830,151000,84,8,1238,652,1318,703,Sep06_0/06-20190830151000-snapshot.jpg
5,0,20190830,151030,42,8,1176,266,1222,311,Sep06_0/06-20190830151030-snapshot.jpg
5,0,20190830,151100,87,2,836,268,911,326,Sep06_0/06-20190830151100-snapshot.jpg
5,0,20190830,151130,84,2,1099,595,1153,665,Sep06_0/06-20190830151130-snapshot.jpg
5,0,20190830,151200,81,2,1527,1007,1614,1066,Sep06_0/06-20190830151200-snapshot.jpg
5,0,20190830,151330,70,2,108,540,173,603,Sep06_0/06-20190830151330-snapshot.jpg
5,0,20190830,151430,80,2,410,396,469,458,Sep06_0/06-20190830151430-snapshot.jpg
5,0,20190830,151500,84,2,1025,709,1084,777,Sep06_0/06-20190830151500-snapshot.jpg
5,0,20190830,151600,88,2,404,292,464,365,Sep06_0/06-20190830151600-snapshot.jpg
5,0,20190830,151630,84,8,1206,64,1293,133,Sep06_0/06-20190830151630-snapshot.jpg
5,0,20190830,151700,89,2,1668,433,1730,516,Sep06_0/06-20190830151700-snapshot.jpg
5,0,20190830,151900,85,8,1656,343,1745,396,Sep06_0/06-20190830151900-snapshot.jpg
5,0,20190830,151930,83,8,1807,68,1892,130,Sep06_0/06-20190830151930-snapshot.jpg
5,0,20190830,152030,82,8,1858,156,1920,225,Sep06_0/06-20190830152030-snapshot.jpg
5,0,20190830,152830,80,2,52,303,108,371,Sep06_0/06-20190830152830-snapshot.jpg
5,0,20190830,153030,85,2,1070,589,1125,647,Sep06_0/06-20190830153030-snapshot.jpg
5,0,20190830,153100,85,2,485,237,566,285,Sep06_0/06-20190830153100-snapshot.jpg
5,0,20190830,153130,84,8,1824,564,1919,622,Sep06_0/06-20190830153130-snapshot.jpg
5,0,20190830,153130,86,2,345,439,405,512,Sep06_0/06-20190830153130-snapshot.jpg
5,0,20190830,153200,85,2,385,412,446,478,Sep06_0/06-20190830153200-snapshot.jpg
5,0,20190830,153230,72,2,402,396,471,449,Sep06_0/06-20190830153230-snapshot.jpg
5,0,20190830,153300,58,2,413,79,470,146,Sep06_0/06-20190830153300-snapshot.jpg
5,0,20190830,153800,79,2,1019,675,1096,729,Sep06_0/06-20190830153800-snapshot.jpg
5,0,20190830,153800,80,2,136,569,219,627,Sep06_0/06-20190830153800-snapshot.jpg
5,0,20190830,154100,52,2,1475,16,1540,100,Sep06_0/06-20190830154100-snapshot.jpg
5,0,20190830,154200,69,2,0,649,50,705,Sep06_0/06-20190830154200-snapshot.jpg
5,0,20190830,154530,87,2,226,504,288,584,Sep06_0/06-20190830154530-snapshot.jpg
5,0,20190830,154700,74,2,1053,704,1118,756,Sep06_0/06-20190830154700-snapshot.jpg
5,0,20190830,154730,85,2,1193,661,1275,709,Sep06_0/06-20190830154730-snapshot.jpg
5,0,20190830,154800,81,2,1168,387,1222,441,Sep06_0/06-20190830154800-snapshot.jpg
5,0,20190830,155930,83,2,1089,599,1160,647,Sep06_0/06-20190830155930-snapshot.jpg
5,0,20190830,160000,86,2,158,288,244,356,Sep06_0/06-20190830160000-snapshot.jpg
5,0,20190830,160130,84,2,55,405,138,478,Sep06_0/06-20190830160130-snapshot.jpg
5,0,20190830,161130,73,2,1021,669,1075,725,Sep06_0/06-20190830161130-snapshot.jpg
5,0,20190830,161230,87,2,697,305,771,371,Sep06_0/06-20190830161230-snapshot.jpg
5,0,20190830,161300,74,2,1616,473,1684,543,Sep06_0/06-20190830161300-snapshot.jpg
5,0,20190830,161700,85,2,893,372,974,426,Sep06_0/06-20190830161700-snapshot.jpg
5,0,20190830,161930,87,2,901,488,984,546,Sep06_0/06-20190830161930-snapshot.jpg
5,0,20190830,162800,79,2,1112,615,1174,660,Sep06_0/07-20190830162800-snapshot.jpg
5,0,20190830,163430,34,2,107,532,167,590,Sep06_0/08-20190830163430-snapshot.jpg
5,0,20190830,163500,82,2,87,519,177,576,Sep06_0/08-20190830163500-snapshot.jpg
5,0,20190830,163630,81,2,1532,601,1603,661,Sep06_0/08-20190830163630-snapshot.jpg
5,0,20190830,163700,84,2,1385,660,1469,710,Sep06_0/08-20190830163700-snapshot.jpg
5,0,20190830,163730,85,2,169,275,249,337,Sep06_0/08-20190830163730-snapshot.jpg
5,0,20190830,163830,86,2,416,439,475,509,Sep06_0/08-20190830163830-snapshot.jpg
5,0,20190830,164030,83,8,1072,100,1137,176,Sep06_0/08-20190830164030-snapshot.jpg
5,0,20190830,164600,85,2,1008,593,1079,652,Sep06_0/08-20190830164600-snapshot.jpg
5,0,20190830,165330,85,2,391,447,453,511,Sep06_0/08-20190830165330-snapshot.jpg
5,0,20190830,165630,83,2,1318,337,1410,401,Sep06_0/08-20190830165630-snapshot.jpg
5,0,20190830,165700,64,2,1448,1035,1502,1080,Sep06_0/08-20190830165700-snapshot.jpg
5,0,20190830,170100,87,2,468,122,533,201,Sep06_0/08-20190830170100-snapshot.jpg
5,0,20190830,170300,86,2,724,295,780,373,Sep06_0/08-20190830170300-snapshot.jpg
5,0,20190830,170330,87,2,987,504,1050,579,Sep06_0/08-20190830170330-snapshot.jpg
5,0,20190830,170400,85,2,1138,655,1192,723,Sep06_0/08-20190830170400-snapshot.jpg
5,0,20190830,170430,81,8,1308,647,1377,715,Sep06_0/08-20190830170430-snapshot.jpg
5,0,20190830,170700,86,2,1,236,79,318,Sep06_0/08-20190830170700-snapshot.jpg
5,0,20190830,170730,76,2,112,537,175,599,Sep06_0/08-20190830170730-snapshot.jpg
5,0,20190830,171630,64,2,0,463,44,517,Sep06_0/08-20190830171630-snapshot.jpg
5,0,20190830,172000,86,2,1148,572,1223,631,Sep06_0/08-20190830172000-snapshot.jpg
5,0,20190830,172100,84,8,433,47,492,120,Sep06_0/08-20190830172100-snapshot.jpg
5,0,20190830,172330,87,2,427,129,482,207,Sep06_0/08-20190830172330-snapshot.jpg
5,0,20190830,172400,25,2,5,325,66,379,Sep06_0/08-20190830172400-snapshot.jpg
5,0,20190830,172400,76,8,1805,926,1880,980,Sep06_0/08-20190830172400-snapshot.jpg
5,0,20190830,172600,83,2,1057,700,1135,743,Sep06_0/08-20190830172600-snapshot.jpg
5,0,20190830,172730,84,2,1554,542,1630,596,Sep06_0/08-20190830172730-snapshot.jpg
5,0,20190830,172900,54,2,126,590,199,655,Sep06_0/08-20190830172900-snapshot.jpg
5,0,20190830,173330,82,2,238,450,296,515,Sep06_0/08-20190830173330-snapshot.jpg
5,0,20190830,173700,84,2,480,239,534,304,Sep06_0/08-20190830173700-snapshot.jpg
5,0,20190830,173830,70,2,158,538,225,604,Sep06_0/08-20190830173830-snapshot.jpg
5,0,20190830,174600,88,2,1057,328,1115,408,Sep06_0/08-20190830174600-snapshot.jpg
5,0,20190830,174730,86,2,1138,664,1198,728,Sep06_0/08-20190830174730-snapshot.jpg
5,0,20190830,175030,77,2,193,178,254,229,Sep06_0/08-20190830175030-snapshot.jpg
5,0,20190830,175030,83,8,1253,435,1339,487,Sep06_0/08-20190830175030-snapshot.jpg
5,0,20190830,175330,87,2,771,141,829,218,Sep06_0/08-20190830175330-snapshot.jpg
5,0,20190830,175400,87,2,1159,621,1216,694,Sep06_0/08-20190830175400-snapshot.jpg
5,0,20190830,175830,82,2,395,267,462,323,Sep06_0/08-20190830175830-snapshot.jpg
5,0,20190830,180000,86,2,1167,565,1243,624,Sep06_0/08-20190830180000-snapshot.jpg
5,0,20190830,180030,87,2,974,587,1032,665,Sep06_0/08-20190830180030-snapshot.jpg
5,0,20190830,180300,85,2,1557,532,1638,595,Sep06_0/08-20190830180300-snapshot.jpg
5,0,20190830,180730,77,2,1834,820,1919,892,Sep06_0/08-20190830180730-snapshot.jpg
5,0,20190830,180730,85,2,1,243,71,317,Sep06_0/08-20190830180730-snapshot.jpg
5,0,20190830,180830,85,2,763,148,826,220,Sep06_0/08-20190830180830-snapshot.jpg
5,0,20190830,181700,87,2,942,385,1003,460,Sep06_0/08-20190830181700-snapshot.jpg
5,0,20190830,181930,86,2,939,272,1010,318,Sep06_0/08-20190830181930-snapshot.jpg
5,0,20190830,182030,82,2,1596,551,1674,602,Sep06_0/08-20190830182030-snapshot.jpg
5,0,20190830,182300,84,2,1676,470,1754,521,Sep06_0/08-20190830182300-snapshot.jpg
5,0,20190830,182730,33,2,138,586,208,655,Sep06_0/08-20190830182730-snapshot.jpg
5,0,20190830,183000,87,2,721,342,778,424,Sep06_0/08-20190830183000-snapshot.jpg
5,0,20190830,183030,83,2,1192,529,1250,603,Sep06_0/08-20190830183030-snapshot.jpg
5,0,20190830,183200,86,2,1149,304,1207,387,Sep06_0/08-20190830183200-snapshot.jpg
5,0,20190830,183300,82,8,742,762,835,817,Sep06_0/08-20190830183300-snapshot.jpg
5,0,20190830,184000,84,2,1181,601,1235,665,Sep06_0/08-20190830184000-snapshot.jpg
5,0,20190830,185630,87,2,395,331,451,409,Sep06_0/09-20190830185630-snapshot.jpg
5,0,20190830,185900,83,2,434,201,511,260,Sep06_0/09-20190830185900-snapshot.jpg
5,0,20190830,190130,80,2,1122,695,1199,756,Sep06_0/09-20190830190130-snapshot.jpg
5,0,20190830,190200,86,2,878,355,930,428,Sep06_0/09-20190830190200-snapshot.jpg
5,0,20190830,190230,86,2,990,329,1069,385,Sep06_0/09-20190830190230-snapshot.jpg
5,0,20190830,192230,85,8,1235,396,1314,456,Sep06_0/11-20190830192230-snapshot.jpg
5,0,20190830,192400,70,2,1590,483,1653,548,Sep06_0/11-20190830192400-snapshot.jpg
5,0,20190901,125300,84,2,506,535,590,591,Sep06_0/122-20190901125300-snapshot.jpg
5,0,20190901,125730,84,8,1324,739,1381,819,Sep06_0/123-20190901125730-snapshot.jpg
5,0,20190901,130100,77,8,1267,687,1353,737,Sep06_0/123-20190901130100-snapshot.jpg
5,0,20190901,130430,41,8,1884,934,1920,992,Sep06_0/123-20190901130430-snapshot.jpg
5,0,20190901,131130,73,2,1149,758,1237,808,Sep06_0/124-20190901131130-snapshot.jpg
5,0,20190901,131230,74,8,1702,475,1759,522,Sep06_0/124-20190901131230-snapshot.jpg
5,0,20190901,131300,60,8,1678,530,1741,597,Sep06_0/124-20190901131300-snapshot.jpg
5,0,20190901,131330,44,8,1660,509,1721,563,Sep06_0/124-20190901131330-snapshot.jpg
5,0,20190901,132300,85,2,134,569,195,641,Sep06_0/125-20190901132300-snapshot.jpg
5,0,20190901,132430,48,8,1732,861,1798,916,Sep06_0/125-20190901132430-snapshot.jpg
5,0,20190901,133600,85,2,698,283,752,351,Sep06_0/125-20190901133600-snapshot.jpg
5,0,20190901,133630,27,2,130,558,187,609,Sep06_0/125-20190901133630-snapshot.jpg
5,0,20190901,133630,87,2,426,251,507,306,Sep06_0/125-20190901133630-snapshot.jpg
5,0,20190901,133700,78,2,1134,379,1200,436,Sep06_0/125-20190901133700-snapshot.jpg
5,0,20190901,133830,84,8,1449,447,1539,519,Sep06_0/125-20190901133830-snapshot.jpg
5,0,20190901,133830,88,2,1694,469,1753,546,Sep06_0/125-20190901133830-snapshot.jpg
5,0,20190901,134030,48,9,1551,606,1637,678,Sep06_0/125-20190901134030-snapshot.jpg
5,0,20190901,134030,65,2,1551,606,1637,677,Sep06_0/125-20190901134030-snapshot.jpg
5,0,20190901,134130,27,2,1620,0,1709,33,Sep06_0/125-20190901134130-snapshot.jpg
5,0,20190901,134230,83,8,1245,678,1320,745,Sep06_0/125-20190901134230-snapshot.jpg
5,0,20190901,135130,85,2,712,237,772,307,Sep06_0/126-20190901135130-snapshot.jpg
5,0,20190901,135230,81,2,0,465,60,520,Sep06_0/126-20190901135230-snapshot.jpg
5,0,20190901,135930,73,2,217,537,298,594,Sep06_0/126-20190901135930-snapshot.jpg
5,0,20190901,141300,88,2,53,373,109,452,Sep06_0/126-20190901141300-snapshot.jpg
5,0,20190901,141630,85,2,1729,529,1812,609,Sep06_0/127-20190901141630-snapshot.jpg
5,0,20190901,142930,85,2,1149,409,1205,486,Sep06_0/128-20190901142930-snapshot.jpg
5,0,20190901,143000,86,2,1106,415,1176,477,Sep06_0/128-20190901143000-snapshot.jpg
5,0,20190901,143430,83,8,1192,378,1255,443,Sep06_0/128-20190901143430-snapshot.jpg
5,0,20190901,143630,86,8,854,53,914,130,Sep06_0/128-20190901143630-snapshot.jpg
5,0,20190901,144100,55,2,156,573,221,645,Sep06_0/128-20190901144100-snapshot.jpg
5,0,20190901,144330,85,2,365,430,436,493,Sep06_0/128-20190901144330-snapshot.jpg
5,0,20190901,144700,82,2,1137,693,1210,744,Sep06_0/128-20190901144700-snapshot.jpg
5,0,20190901,145100,81,2,1139,433,1203,488,Sep06_0/128-20190901145100-snapshot.jpg
5,0,20190901,145500,80,2,1526,665,1594,735,Sep06_0/128-20190901145500-snapshot.jpg
5,0,20190901,145600,87,2,1522,570,1609,633,Sep06_0/128-20190901145600-snapshot.jpg
5,0,20190901,145900,85,2,1155,404,1222,458,Sep06_0/128-20190901145900-snapshot.jpg
5,0,20190901,150130,85,2,316,397,371,470,Sep06_0/128-20190901150130-snapshot.jpg
5,0,20190901,150200,84,2,1541,493,1627,550,Sep06_0/128-20190901150200-snapshot.jpg
5,0,20190901,150400,80,2,16,359,71,426,Sep06_0/128-20190901150400-snapshot.jpg
5,0,20190901,150530,83,2,321,387,396,447,Sep06_0/128-20190901150530-snapshot.jpg
5,0,20190901,150600,81,2,1602,548,1662,618,Sep06_0/128-20190901150600-snapshot.jpg
5,0,20190901,150630,85,2,1311,739,1370,821,Sep06_0/128-20190901150630-snapshot.jpg
5,0,20190901,150730,62,2,0,510,47,565,Sep06_0/128-20190901150730-snapshot.jpg
5,0,20190901,150730,84,2,418,263,499,319,Sep06_0/128-20190901150730-snapshot.jpg
5,0,20190901,151330,82,2,330,467,391,529,Sep06_0/128-20190901151330-snapshot.jpg
5,0,20190901,151730,86,2,392,458,470,517,Sep06_0/128-20190901151730-snapshot.jpg
5,0,20190901,151900,49,4,669,935,805,1067,Sep06_0/128-20190901151900-snapshot.jpg
5,0,20190901,152200,87,2,1681,484,1740,554,Sep06_0/128-20190901152200-snapshot.jpg
5,0,20190901,152330,26,2,1887,634,1920,701,Sep06_0/128-20190901152330-snapshot.jpg
5,0,20190901,152400,84,2,1603,668,1684,739,Sep06_0/128-20190901152400-snapshot.jpg
5,0,20190901,152400,84,2,313,237,369,308,Sep06_0/128-20190901152400-snapshot.jpg
5,0,20190901,152800,82,2,1700,464,1759,528,Sep06_0/128-20190901152800-snapshot.jpg
5,0,20190901,152830,81,2,1105,403,1187,448,Sep06_0/128-20190901152830-snapshot.jpg
5,0,20190901,152830,83,2,52,288,135,337,Sep06_0/128-20190901152830-snapshot.jpg
5,0,20190901,153400,86,2,317,400,373,473,Sep06_0/128-20190901153400-snapshot.jpg
5,0,20190901,153500,74,2,1701,456,1757,526,Sep06_0/128-20190901153500-snapshot.jpg
5,0,20190901,153530,81,2,326,436,400,501,Sep06_0/128-20190901153530-snapshot.jpg
5,0,20190901,153800,84,2,1113,476,1171,545,Sep06_0/128-20190901153800-snapshot.jpg
5,0,20190901,153900,82,2,366,114,445,179,Sep06_0/128-20190901153900-snapshot.jpg
5,0,20190901,154000,79,2,293,442,378,498,Sep06_0/128-20190901154000-snapshot.jpg
5,0,20190901,154030,77,2,1592,568,1666,617,Sep06_0/128-20190901154030-snapshot.jpg
5,0,20190901,154030,80,2,1,508,79,568,Sep06_0/128-20190901154030-snapshot.jpg
5,0,20190901,154100,85,2,1555,677,1625,751,Sep06_0/128-20190901154100-snapshot.jpg
5,0,20190901,154100,88,2,1078,651,1134,727,Sep06_0/128-20190901154100-snapshot.jpg
5,0,20190901,154300,81,2,386,467,472,517,Sep06_0/128-20190901154300-snapshot.jpg
5,0,20190901,154330,75,2,1870,882,1919,952,Sep06_0/128-20190901154330-snapshot.jpg
5,0,20190901,154630,86,2,1021,496,1103,545,Sep06_0/128-20190901154630-snapshot.jpg
5,0,20190901,154930,83,2,1691,441,1751,502,Sep06_0/128-20190901154930-snapshot.jpg
5,0,20190901,155200,83,2,321,404,376,471,Sep06_0/128-20190901155200-snapshot.jpg
5,0,20190901,155700,86,2,393,167,470,223,Sep06_0/128-20190901155700-snapshot.jpg
5,0,20190901,155800,83,2,31,370,85,433,Sep06_0/128-20190901155800-snapshot.jpg
5,0,20190901,155900,83,2,1162,943,1221,1020,Sep06_0/128-20190901155900-snapshot.jpg
5,0,20190901,155930,88,2,593,273,670,342,Sep06_0/128-20190901155930-snapshot.jpg
5,0,20190901,160100,82,2,0,462,46,538,Sep06_0/128-20190901160100-snapshot.jpg
5,0,20190901,160200,84,2,1093,423,1174,468,Sep06_0/128-20190901160200-snapshot.jpg
5,0,20190901,160200,88,2,723,213,800,270,Sep06_0/128-20190901160200-snapshot.jpg
5,0,20190901,160330,71,2,1599,569,1667,623,Sep06_0/128-20190901160330-snapshot.jpg
5,0,20190901,160600,31,8,1824,933,1908,982,Sep06_0/128-20190901160600-snapshot.jpg
5,0,20190901,160630,85,2,167,285,250,343,Sep06_0/128-20190901160630-snapshot.jpg
5,0,20190901,161400,83,2,730,556,793,618,Sep06_0/128-20190901161400-snapshot.jpg
5,0,20190901,161430,87,2,740,330,796,405,Sep06_0/128-20190901161430-snapshot.jpg
5,0,20190901,161430,88,2,1479,473,1566,542,Sep06_0/128-20190901161430-snapshot.jpg
5,0,20190901,161600,88,2,344,184,409,267,Sep06_0/128-20190901161600-snapshot.jpg
5,0,20190901,161800,88,2,729,220,788,301,Sep06_0/128-20190901161800-snapshot.jpg
5,0,20190901,162000,74,8,350,28,405,85,Sep06_0/128-20190901162000-snapshot.jpg
5,0,20190901,162300,82,2,165,566,232,635,Sep06_0/128-20190901162300-snapshot.jpg
5,0,20190901,162330,86,2,400,150,456,225,Sep06_0/128-20190901162330-snapshot.jpg
5,0,20190901,162900,83,2,795,163,855,231,Sep06_0/128-20190901162900-snapshot.jpg
5,0,20190901,163130,57,2,1626,0,1707,43,Sep06_0/128-20190901163130-snapshot.jpg
5,0,20190901,163230,63,2,144,928,211,1004,Sep06_0/128-20190901163230-snapshot.jpg
5,0,20190901,163300,86,2,1177,540,1252,606,Sep06_0/128-20190901163300-snapshot.jpg
5,0,20190901,163330,78,2,738,553,789,623,Sep06_0/128-20190901163330-snapshot.jpg
5,0,20190901,163330,86,2,1831,587,1920,657,Sep06_0/128-20190901163330-snapshot.jpg
5,0,20190901,163400,78,2,0,687,54,753,Sep06_0/128-20190901163400-snapshot.jpg
5,0,20190901,163500,86,2,799,187,869,249,Sep06_0/128-20190901163500-snapshot.jpg
5,0,20190901,163900,86,2,41,423,129,488,Sep06_0/128-20190901163900-snapshot.jpg
5,0,20190901,164200,84,8,1375,661,1434,736,Sep06_0/128-20190901164200-snapshot.jpg
5,0,20190901,164930,85,2,1072,714,1146,772,Sep06_0/128-20190901164930-snapshot.jpg
5,0,20190901,165130,85,2,1693,474,1761,544,Sep06_0/128-20190901165130-snapshot.jpg
5,0,20190901,165330,83,2,1070,646,1148,701,Sep06_0/128-20190901165330-snapshot.jpg
5,0,20190901,165730,82,2,160,218,220,289,Sep06_0/128-20190901165730-snapshot.jpg
5,0,20190901,170400,62,2,1657,535,1726,610,Sep06_0/128-20190901170400-snapshot.jpg
5,0,20190901,170400,86,2,316,401,370,473,Sep06_0/128-20190901170400-snapshot.jpg
5,0,20190901,170500,84,2,1612,671,1674,745,Sep06_0/128-20190901170500-snapshot.jpg
5,0,20190901,171900,83,2,161,565,242,627,Sep06_0/128-20190901171900-snapshot.jpg
5,0,20190901,171930,79,2,1,384,73,429,Sep06_0/128-20190901171930-snapshot.jpg
5,0,20190901,171930,82,2,417,124,473,186,Sep06_0/128-20190901171930-snapshot.jpg
5,0,20190901,172330,85,2,1601,595,1665,668,Sep06_0/128-20190901172330-snapshot.jpg
5,0,20190901,173200,85,2,214,102,285,181,Sep06_0/128-20190901173200-snapshot.jpg
5,0,20190901,173330,83,8,1799,79,1887,154,Sep06_0/128-20190901173330-snapshot.jpg
5,0,20190901,173830,82,2,321,475,397,529,Sep06_0/128-20190901173830-snapshot.jpg
5,0,20190901,174030,84,2,0,488,69,554,Sep06_0/128-20190901174030-snapshot.jpg
5,0,20190901,174030,87,2,1524,496,1620,556,Sep06_0/128-20190901174030-snapshot.jpg
5,0,20190901,174130,87,2,1173,614,1226,692,Sep06_0/128-20190901174130-snapshot.jpg
5,0,20190901,174300,84,2,2,345,58,420,Sep06_0/128-20190901174300-snapshot.jpg
5,0,20190901,174430,86,2,556,234,634,283,Sep06_0/128-20190901174430-snapshot.jpg
5,0,20190901,174700,75,2,1215,742,1310,819,Sep06_0/128-20190901174700-snapshot.jpg
5,0,20190901,174800,85,2,440,279,522,333,Sep06_0/128-20190901174800-snapshot.jpg
5,0,20190901,175530,84,2,674,521,748,566,Sep06_0/128-20190901175530-snapshot.jpg
5,0,20190901,180230,86,2,1157,335,1261,422,Sep06_0/128-20190901180230-snapshot.jpg
5,0,20190901,180430,76,2,0,521,49,603,Sep06_0/128-20190901180430-snapshot.jpg
5,0,20190901,180430,85,2,1155,390,1213,458,Sep06_0/128-20190901180430-snapshot.jpg
5,0,20190901,181500,72,2,307,223,367,286,Sep06_0/128-20190901181500-snapshot.jpg
5,0,20190901,182100,85,2,945,59,1004,140,Sep06_0/128-20190901182100-snapshot.jpg
5,0,20190901,182230,82,2,1468,751,1556,827,Sep06_0/128-20190901182230-snapshot.jpg
5,0,20190901,182300,83,2,1683,477,1766,527,Sep06_0/128-20190901182300-snapshot.jpg
5,0,20190901,182830,81,8,1280,588,1356,641,Sep06_0/128-20190901182830-snapshot.jpg
5,0,20190901,183430,26,2,1073,723,1138,774,Sep06_0/128-20190901183430-snapshot.jpg
5,0,20190901,183500,85,2,306,415,375,482,Sep06_0/128-20190901183500-snapshot.jpg
5,0,20190901,183800,85,8,1667,193,1754,255,Sep06_0/128-20190901183800-snapshot.jpg
5,0,20190901,184000,70,8,1815,623,1902,672,Sep06_0/128-20190901184000-snapshot.jpg
5,0,20190901,185930,87,2,1139,434,1200,511,Sep06_0/128-20190901185930-snapshot.jpg
5,0,20190901,190130,86,2,107,416,192,480,Sep06_0/128-20190901190130-snapshot.jpg
5,0,20190901,191230,85,2,959,723,1015,794,Sep06_0/128-20190901191230-snapshot.jpg
5,0,20190901,191230,85,2,1704,453,1778,511,Sep06_0/128-20190901191230-snapshot.jpg
5,0,20190901,191330,88,2,794,220,880,272,Sep06_0/128-20190901191330-snapshot.jpg
5,0,20190901,191530,57,2,155,564,218,611,Sep06_0/128-20190901191530-snapshot.jpg
5,0,20190901,192730,75,2,143,595,219,660,Sep06_0/128-20190901192730-snapshot.jpg
5,0,20190901,193000,68,8,1350,33,1422,89,Sep06_0/128-20190901193000-snapshot.jpg
5,0,20190901,193300,81,2,1594,675,1653,744,Sep06_0/128-20190901193300-snapshot.jpg
5,0,20190901,193830,62,8,571,66,638,138,Sep06_0/128-20190901193830-snapshot.jpg
5,0,20190902,074230,66,8,316,968,384,1019,Sep06_0/137-20190902074230-snapshot.jpg
5,0,20190902,080830,81,8,1854,874,1920,938,Sep06_0/137-20190902080830-snapshot.jpg
5,0,20190902,082100,71,8,1703,444,1755,509,Sep06_0/137-20190902082100-snapshot.jpg
5,0,20190902,082130,82,8,1780,449,1836,513,Sep06_0/137-20190902082130-snapshot.jpg
5,0,20190902,091900,39,8,1715,445,1798,504,Sep06_0/137-20190902091900-snapshot.jpg
5,0,20190902,091930,65,8,1732,147,1794,221,Sep06_0/137-20190902091930-snapshot.jpg
5,0,20190902,095200,87,2,1178,571,1255,621,Sep06_0/137-20190902095200-snapshot.jpg
5,0,20190902,100330,87,2,73,364,135,443,Sep06_0/137-20190902100330-snapshot.jpg
5,0,20190902,103800,84,8,1170,689,1222,758,Sep06_0/137-20190902103800-snapshot.jpg
5,0,20190902,103900,84,2,37,310,107,394,Sep06_0/137-20190902103900-snapshot.jpg
5,0,20190902,104900,82,8,1746,919,1806,988,Sep06_0/137-20190902104900-snapshot.jpg
5,0,20190902,111430,83,2,140,570,221,627,Sep06_0/137-20190902111430-snapshot.jpg
5,0,20190902,111700,84,8,1563,894,1623,975,Sep06_0/137-20190902111700-snapshot.jpg
5,0,20190902,115300,32,8,1482,399,1544,464,Sep06_0/137-20190902115300-snapshot.jpg
5,0,20190902,115300,42,5,1298,778,1351,828,Sep06_0/137-20190902115300-snapshot.jpg
5,0,20190902,115330,86,2,92,530,184,599,Sep06_0/137-20190902115330-snapshot.jpg
5,0,20190902,115430,87,2,688,409,769,478,Sep06_0/137-20190902115430-snapshot.jpg
5,0,20190902,115500,85,2,1620,661,1696,725,Sep06_0/137-20190902115500-snapshot.jpg
5,0,20190902,120230,86,2,793,712,851,796,Sep06_0/137-20190902120230-snapshot.jpg
5,0,20190902,120730,26,8,1236,666,1288,725,Sep06_0/137-20190902120730-snapshot.jpg
5,0,20190902,120830,59,8,1841,941,1918,992,Sep06_0/137-20190902120830-snapshot.jpg
5,0,20190902,121000,65,2,0,515,44,575,Sep06_0/137-20190902121000-snapshot.jpg
5,0,20190902,121130,86,2,407,442,464,519,Sep06_0/137-20190902121130-snapshot.jpg
5,0,20190902,121230,77,2,325,470,401,512,Sep06_0/137-20190902121230-snapshot.jpg
5,0,20190902,121230,78,2,0,352,34,435,Sep06_0/137-20190902121230-snapshot.jpg
5,0,20190902,121500,87,2,918,531,989,598,Sep06_0/137-20190902121500-snapshot.jpg
5,0,20190902,121700,80,2,153,572,218,641,Sep06_0/137-20190902121700-snapshot.jpg
5,0,20190902,121700,84,8,1207,108,1286,187,Sep06_0/137-20190902121700-snapshot.jpg
5,0,20190902,121830,85,2,386,294,466,347,Sep06_0/137-20190902121830-snapshot.jpg
5,0,20190902,121900,82,2,1134,460,1208,513,Sep06_0/137-20190902121900-snapshot.jpg
5,0,20190902,122200,81,2,1534,662,1618,721,Sep06_0/137-20190902122200-snapshot.jpg
5,0,20190902,122300,87,2,1159,410,1219,479,Sep06_0/137-20190902122300-snapshot.jpg
5,0,20190902,124130,82,8,1297,790,1358,862,Sep06_0/137-20190902124130-snapshot.jpg
5,0,20190902,124200,45,8,1242,682,1289,738,Sep06_0/137-20190902124200-snapshot.jpg
5,0,20190902,125900,84,2,1174,622,1233,699,Sep06_0/137-20190902125900-snapshot.jpg
5,0,20190902,131000,70,2,1721,39,1793,114,Sep06_0/137-20190902131000-snapshot.jpg
5,0,20190902,131030,76,2,1618,683,1683,737,Sep06_0/137-20190902131030-snapshot.jpg
5,0,20190902,131230,86,2,508,283,569,353,Sep06_0/137-20190902131230-snapshot.jpg
5,0,20190902,131530,50,2,0,379,35,443,Sep06_0/137-20190902131530-snapshot.jpg
5,0,20190902,132100,85,2,325,467,382,530,Sep06_0/137-20190902132100-snapshot.jpg
5,0,20190902,132230,85,2,15,458,101,512,Sep06_0/137-20190902132230-snapshot.jpg
5,0,20190902,132300,76,2,1046,640,1120,686,Sep06_0/137-20190902132300-snapshot.jpg
5,0,20190902,133500,84,2,765,510,821,577,Sep06_0/137-20190902133500-snapshot.jpg
5,0,20190902,133630,86,8,1680,156,1743,241,Sep06_0/137-20190902133630-snapshot.jpg
5,0,20190902,134830,80,2,77,564,159,625,Sep06_0/137-20190902134830-snapshot.jpg
5,0,20190902,135730,53,2,0,516,52,585,Sep06_0/137-20190902135730-snapshot.jpg
5,0,20190902,135800,87,2,407,184,464,259,Sep06_0/137-20190902135800-snapshot.jpg
5,0,20190902,135830,82,8,1186,360,1263,412,Sep06_0/137-20190902135830-snapshot.jpg
5,0,20190902,135900,65,2,1612,583,1675,637,Sep06_0/137-20190902135900-snapshot.jpg
5,0,20190902,140900,84,2,1020,731,1076,795,Sep06_0/137-20190902140900-snapshot.jpg
5,0,20190902,140930,86,2,312,476,386,540,Sep06_0/137-20190902140930-snapshot.jpg
5,0,20190902,141230,83,2,423,60,505,119,Sep06_0/137-20190902141230-snapshot.jpg
5,0,20190902,142000,50,8,770,0,844,28,Sep06_0/137-20190902142000-snapshot.jpg
5,0,20190902,142230,78,2,1105,509,1163,564,Sep06_0/137-20190902142230-snapshot.jpg
5,0,20190902,142230,82,2,45,452,112,520,Sep06_0/137-20190902142230-snapshot.jpg
5,0,20190902,142300,33,8,771,0,846,28,Sep06_0/137-20190902142300-snapshot.jpg
5,0,20190902,142330,85,2,1086,830,1149,906,Sep06_0/137-20190902142330-snapshot.jpg
5,0,20190902,142500,84,2,961,311,1028,367,Sep06_0/137-20190902142500-snapshot.jpg
5,0,20190902,142600,35,8,795,4,849,51,Sep06_0/137-20190902142600-snapshot.jpg
5,0,20190902,142630,40,8,794,4,849,53,Sep06_0/137-20190902142630-snapshot.jpg
5,0,20190902,142700,74,2,0,391,50,452,Sep06_0/137-20190902142700-snapshot.jpg
5,0,20190902,142730,87,2,470,261,519,334,Sep06_0/137-20190902142730-snapshot.jpg
5,0,20190902,143030,87,8,677,499,738,574,Sep06_0/137-20190902143030-snapshot.jpg
5,0,20190902,143530,76,2,148,599,240,655,Sep06_0/137-20190902143530-snapshot.jpg
5,0,20190902,143700,83,2,1157,417,1240,469,Sep06_0/137-20190902143700-snapshot.jpg
5,0,20190902,143730,82,2,0,524,48,586,Sep06_0/137-20190902143730-snapshot.jpg
5,0,20190902,143800,73,2,1618,645,1692,696,Sep06_0/137-20190902143800-snapshot.jpg
5,0,20190902,143900,30,1,1698,420,1738,456,Sep06_0/137-20190902143900-snapshot.jpg
5,0,20190902,144030,34,9,1643,565,1702,622,Sep06_0/137-20190902144030-snapshot.jpg
5,0,20190902,144030,34,2,1643,564,1702,623,Sep06_0/137-20190902144030-snapshot.jpg
5,0,20190902,144300,60,2,997,653,1073,709,Sep06_0/137-20190902144300-snapshot.jpg
5,0,20190902,144400,81,2,578,233,655,280,Sep06_0/137-20190902144400-snapshot.jpg
5,0,20190902,144800,82,2,1189,595,1259,659,Sep06_0/137-20190902144800-snapshot.jpg
5,0,20190902,144830,85,2,114,569,196,633,Sep06_0/137-20190902144830-snapshot.jpg
5,0,20190902,145200,84,2,47,487,141,548,Sep06_0/137-20190902145200-snapshot.jpg
5,0,20190902,150500,79,2,259,77,349,144,Sep06_0/137-20190902150500-snapshot.jpg
5,0,20190902,150530,83,2,1155,446,1225,500,Sep06_0/137-20190902150530-snapshot.jpg
5,0,20190902,151500,79,2,1507,682,1576,740,Sep06_0/137-20190902151500-snapshot.jpg
5,0,20190902,151530,77,2,147,598,231,661,Sep06_0/137-20190902151530-snapshot.jpg
5,0,20190902,151730,87,2,705,533,760,603,Sep06_0/137-20190902151730-snapshot.jpg
5,0,20190902,153500,84,8,1259,510,1339,556,Sep06_0/137-20190902153500-snapshot.jpg
5,0,20190902,153800,79,2,1225,583,1281,631,Sep06_0/137-20190902153800-snapshot.jpg
5,0,20190902,153830,60,2,1499,4,1588,42,Sep06_0/137-20190902153830-snapshot.jpg
5,0,20190902,153830,87,2,1556,576,1672,648,Sep06_0/137-20190902153830-snapshot.jpg
5,0,20190902,154200,84,8,1254,706,1311,766,Sep06_0/137-20190902154200-snapshot.jpg
5,0,20190902,154230,87,2,820,523,894,586,Sep06_0/137-20190902154230-snapshot.jpg
5,0,20190902,154530,85,2,989,855,1055,934,Sep06_0/137-20190902154530-snapshot.jpg
5,0,20190902,155100,86,2,327,472,384,545,Sep06_0/137-20190902155100-snapshot.jpg
5,0,20190902,155400,73,2,0,515,43,587,Sep06_0/137-20190902155400-snapshot.jpg
5,0,20190902,155530,79,2,407,107,470,169,Sep06_0/137-20190902155530-snapshot.jpg
5,0,20190902,155600,83,2,3,614,65,688,Sep06_0/137-20190902155600-snapshot.jpg
5,0,20190902,155930,76,2,311,380,369,447,Sep06_0/137-20190902155930-snapshot.jpg
5,0,20190902,160230,83,2,1669,457,1748,529,Sep06_0/137-20190902160230-snapshot.jpg
5,0,20190902,160600,84,2,1604,599,1662,680,Sep06_0/137-20190902160600-snapshot.jpg
5,0,20190902,160700,88,2,1161,536,1237,607,Sep06_0/137-20190902160700-snapshot.jpg
5,0,20190902,160730,84,2,683,552,752,599,Sep06_0/137-20190902160730-snapshot.jpg
5,0,20190902,161400,58,2,1314,811,1391,870,Sep06_0/137-20190902161400-snapshot.jpg
5,0,20190902,161900,82,8,693,886,749,949,Sep06_0/137-20190902161900-snapshot.jpg
5,0,20190902,162100,78,2,229,520,287,580,Sep06_0/137-20190902162100-snapshot.jpg
5,0,20190902,162230,83,2,1128,440,1182,507,Sep06_0/137-20190902162230-snapshot.jpg
5,0,20190902,162300,85,2,1124,835,1188,922,Sep06_0/137-20190902162300-snapshot.jpg
5,0,20190902,162530,83,2,0,255,50,316,Sep06_0/137-20190902162530-snapshot.jpg
5,0,20190902,162800,74,2,1648,545,1713,614,Sep06_0/137-20190902162800-snapshot.jpg
5,0,20190902,163000,85,8,1247,712,1314,781,Sep06_0/137-20190902163000-snapshot.jpg
5,0,20190902,163300,86,2,359,410,418,484,Sep06_0/137-20190902163300-snapshot.jpg
5,0,20190902,163400,85,2,688,552,760,607,Sep06_0/137-20190902163400-snapshot.jpg
5,0,20190902,163500,63,8,1259,600,1342,656,Sep06_0/137-20190902163500-snapshot.jpg
5,0,20190902,164200,82,8,502,364,594,416,Sep06_0/137-20190902164200-snapshot.jpg
5,0,20190902,164300,85,2,956,530,1035,577,Sep06_0/137-20190902164300-snapshot.jpg
5,0,20190902,164430,83,2,1203,437,1280,481,Sep06_0/137-20190902164430-snapshot.jpg
5,0,20190902,164500,85,2,1040,745,1097,811,Sep06_0/137-20190902164500-snapshot.jpg
5,0,20190902,164830,82,2,1508,681,1565,745,Sep06_0/137-20190902164830-snapshot.jpg
5,0,20190902,165700,82,2,536,156,591,213,Sep06_0/137-20190902165700-snapshot.jpg
5,0,20190902,165730,81,2,146,603,240,654,Sep06_0/137-20190902165730-snapshot.jpg
5,0,20190902,165730,82,2,0,252,56,309,Sep06_0/137-20190902165730-snapshot.jpg
5,0,20190902,170630,84,2,1839,536,1919,588,Sep06_0/137-20190902170630-snapshot.jpg
5,0,20190902,170930,53,2,0,368,28,435,Sep06_0/137-20190902170930-snapshot.jpg
5,0,20190902,171030,86,2,1544,668,1630,736,Sep06_0/137-20190902171030-snapshot.jpg
5,0,20190902,171500,84,2,1056,772,1141,833,Sep06_0/137-20190902171500-snapshot.jpg
5,0,20190902,171600,84,2,1574,498,1650,564,Sep06_0/137-20190902171600-snapshot.jpg
5,0,20190902,171700,86,2,773,621,856,669,Sep06_0/137-20190902171700-snapshot.jpg
5,0,20190902,172130,81,2,355,501,429,541,Sep06_0/137-20190902172130-snapshot.jpg
5,0,20190902,172200,76,2,28,482,110,545,Sep06_0/137-20190902172200-snapshot.jpg
5,0,20190902,172300,79,2,1662,2,1735,57,Sep06_0/137-20190902172300-snapshot.jpg
5,0,20190902,172430,81,2,1220,533,1278,601,Sep06_0/137-20190902172430-snapshot.jpg
5,0,20190902,172500,85,2,551,66,621,141,Sep06_0/137-20190902172500-snapshot.jpg
5,0,20190902,172530,85,2,454,261,508,331,Sep06_0/137-20190902172530-snapshot.jpg
5,0,20190902,172600,36,2,0,518,47,588,Sep06_0/137-20190902172600-snapshot.jpg
5,0,20190902,172830,81,2,886,480,942,554,Sep06_0/137-20190902172830-snapshot.jpg
5,0,20190902,173000,81,2,1195,680,1269,724,Sep06_0/137-20190902173000-snapshot.jpg
5,0,20190902,173130,62,2,1658,550,1734,613,Sep06_0/137-20190902173130-snapshot.jpg
5,0,20190902,173130,84,2,1586,579,1643,650,Sep06_0/137-20190902173130-snapshot.jpg
5,0,20190902,173500,84,2,963,549,1016,613,Sep06_0/137-20190902173500-snapshot.jpg
5,0,20190902,173630,36,2,0,399,28,455,Sep06_0/137-20190902173630-snapshot.jpg
5,0,20190902,173930,87,2,752,50,849,116,Sep06_0/137-20190902173930-snapshot.jpg
5,0,20190902,174000,78,2,365,494,446,541,Sep06_0/137-20190902174000-snapshot.jpg
5,0,20190902,174530,85,2,751,600,827,663,Sep06_0/137-20190902174530-snapshot.jpg
5,0,20190902,174530,85,2,1248,443,1328,503,Sep06_0/137-20190902174530-snapshot.jpg
5,0,20190902,174700,83,2,1558,635,1638,693,Sep06_0/137-20190902174700-snapshot.jpg
5,0,20190902,175230,84,2,1167,392,1230,464,Sep06_0/137-20190902175230-snapshot.jpg
5,0,20190902,175500,86,2,619,255,687,321,Sep06_0/137-20190902175500-snapshot.jpg
5,0,20190902,175530,85,2,18,395,76,467,Sep06_0/137-20190902175530-snapshot.jpg
5,0,20190902,180030,73,2,268,529,340,572,Sep06_0/137-20190902180030-snapshot.jpg
5,0,20190902,180200,78,1,717,695,752,727,Sep06_0/137-20190902180200-snapshot.jpg
5,0,20190902,181630,75,2,1517,563,1606,615,Sep06_0/137-20190902181630-snapshot.jpg
5,0,20190902,181700,81,2,918,760,978,810,Sep06_0/137-20190902181700-snapshot.jpg
5,0,20190902,182000,56,1,381,999,428,1042,Sep06_0/137-20190902182000-snapshot.jpg
5,0,20190902,182030,71,2,1626,629,1690,694,Sep06_0/137-20190902182030-snapshot.jpg
5,0,20190902,182130,79,2,0,513,48,583,Sep06_0/137-20190902182130-snapshot.jpg
5,0,20190902,182200,85,2,93,333,156,404,Sep06_0/137-20190902182200-snapshot.jpg
5,0,20190902,182530,86,2,1090,669,1142,741,Sep06_0/137-20190902182530-snapshot.jpg
5,0,20190902,183600,86,2,403,283,486,339,Sep06_0/137-20190902183600-snapshot.jpg
5,0,20190902,183800,81,2,822,519,887,569,Sep06_0/137-20190902183800-snapshot.jpg
5,0,20190902,183830,87,2,83,370,175,436,Sep06_0/137-20190902183830-snapshot.jpg
5,0,20190902,184300,87,2,1091,725,1177,774,Sep06_0/137-20190902184300-snapshot.jpg
5,0,20190902,184430,84,2,1686,527,1744,599,Sep06_0/137-20190902184430-snapshot.jpg
5,0,20190902,184700,85,2,1017,652,1074,716,Sep06_0/137-20190902184700-snapshot.jpg
5,0,20190902,184730,86,2,190,546,274,615,Sep06_0/137-20190902184730-snapshot.jpg
5,0,20190902,190430,86,2,462,304,549,361,Sep06_0/137-20190902190430-snapshot.jpg
5,0,20190902,191100,58,2,0,518,42,581,Sep06_0/137-20190902191100-snapshot.jpg
5,0,20190830,193230,86,2,1030,463,1110,521,Sep06_0/15-20190830193230-snapshot.jpg
5,0,20190830,193730,83,2,1706,468,1776,529,Sep06_0/15-20190830193730-snapshot.jpg
5,0,20190903,090230,86,8,1296,798,1357,876,Sep06_0/153-20190903090230-snapshot.jpg
5,0,20190903,090300,83,8,1233,680,1313,747,Sep06_0/153-20190903090300-snapshot.jpg
5,0,20190903,090330,83,8,1260,671,1324,730,Sep06_0/153-20190903090330-snapshot.jpg
5,0,20190903,103530,84,8,1245,8,1305,77,Sep06_0/157-20190903103530-snapshot.jpg
5,0,20190903,110000,26,2,1655,0,1717,37,Sep06_0/157-20190903110000-snapshot.jpg
5,0,20190903,121030,57,5,651,535,701,574,Sep06_0/157-20190903121030-snapshot.jpg
5,0,20190903,122400,74,8,1274,532,1334,592,Sep06_0/157-20190903122400-snapshot.jpg
5,0,20190903,131530,84,8,1018,882,1129,939,Sep06_0/157-20190903131530-snapshot.jpg
5,0,20190903,133230,85,8,560,910,650,969,Sep06_0/157-20190903133230-snapshot.jpg
5,0,20190903,134800,27,2,1073,746,1125,794,Sep06_0/157-20190903134800-snapshot.jpg
5,0,20190903,135730,43,2,1195,614,1242,666,Sep06_0/157-20190903135730-snapshot.jpg
5,0,20190903,135800,39,2,786,239,838,287,Sep06_0/157-20190903135800-snapshot.jpg
5,0,20190903,135830,56,5,800,228,848,265,Sep06_0/157-20190903135830-snapshot.jpg
5,0,20190903,140400,84,8,137,293,195,373,Sep06_0/157-20190903140400-snapshot.jpg
5,0,20190903,145230,87,2,509,185,577,252,Sep06_0/157-20190903145230-snapshot.jpg
5,0,20190903,145630,36,2,1556,661,1620,722,Sep06_0/157-20190903145630-snapshot.jpg
5,0,20190903,145630,84,2,77,568,160,635,Sep06_0/157-20190903145630-snapshot.jpg
5,0,20190903,145700,87,2,168,370,248,444,Sep06_0/157-20190903145700-snapshot.jpg
5,0,20190903,145730,87,2,852,328,902,402,Sep06_0/157-20190903145730-snapshot.jpg
5,0,20190903,145800,87,2,845,365,912,425,Sep06_0/157-20190903145800-snapshot.jpg
5,0,20190903,150330,83,2,111,572,179,640,Sep06_0/157-20190903150330-snapshot.jpg
5,0,20190903,150700,79,2,1642,564,1704,633,Sep06_0/157-20190903150700-snapshot.jpg
5,0,20190903,150930,83,2,0,492,57,555,Sep06_0/157-20190903150930-snapshot.jpg
5,0,20190903,151100,87,2,370,345,426,429,Sep06_0/157-20190903151100-snapshot.jpg
5,0,20190903,151130,64,9,1159,635,1217,685,Sep06_0/157-20190903151130-snapshot.jpg
5,0,20190903,151130,84,2,1,628,58,700,Sep06_0/157-20190903151130-snapshot.jpg
5,0,20190903,151500,26,2,1629,644,1683,716,Sep06_0/157-20190903151500-snapshot.jpg
5,0,20190903,151730,54,2,1565,467,1624,519,Sep06_0/157-20190903151730-snapshot.jpg
5,0,20190903,151800,76,2,1605,646,1664,716,Sep06_0/157-20190903151800-snapshot.jpg
5,0,20190903,152200,82,2,758,644,817,702,Sep06_0/157-20190903152200-snapshot.jpg
5,0,20190903,152230,87,2,368,403,421,472,Sep06_0/157-20190903152230-snapshot.jpg
5,0,20190903,152400,73,2,65,601,138,663,Sep06_0/157-20190903152400-snapshot.jpg
5,0,20190903,152930,85,2,1587,446,1649,524,Sep06_0/157-20190903152930-snapshot.jpg
5,0,20190903,153030,86,2,632,520,712,576,Sep06_0/157-20190903153030-snapshot.jpg
5,0,20190903,153230,85,2,1133,447,1185,509,Sep06_0/157-20190903153230-snapshot.jpg
5,0,20190903,153600,74,2,1505,676,1573,738,Sep06_0/157-20190903153600-snapshot.jpg
5,0,20190903,154100,84,2,396,485,457,550,Sep06_0/157-20190903154100-snapshot.jpg
5,0,20190903,154430,87,2,948,511,1028,572,Sep06_0/157-20190903154430-snapshot.jpg
5,0,20190903,154500,64,2,754,233,801,280,Sep06_0/157-20190903154500-snapshot.jpg
5,0,20190903,154800,85,2,148,569,242,626,Sep06_0/157-20190903154800-snapshot.jpg
5,0,20190903,154830,71,2,53,598,110,666,Sep06_0/157-20190903154830-snapshot.jpg
5,0,20190903,155000,88,2,1141,399,1197,471,Sep06_0/157-20190903155000-snapshot.jpg
5,0,20190903,155330,73,2,328,189,405,264,Sep06_0/157-20190903155330-snapshot.jpg
5,0,20190903,155400,84,2,428,413,500,474,Sep06_0/157-20190903155400-snapshot.jpg
5,0,20190903,155430,81,2,142,527,201,601,Sep06_0/157-20190903155430-snapshot.jpg
5,0,20190903,155500,80,2,0,490,47,553,Sep06_0/157-20190903155500-snapshot.jpg
5,0,20190903,155530,83,2,1511,662,1594,722,Sep06_0/157-20190903155530-snapshot.jpg
5,0,20190903,155600,87,2,449,252,500,325,Sep06_0/157-20190903155600-snapshot.jpg
5,0,20190903,160030,84,2,625,568,710,610,Sep06_0/157-20190903160030-snapshot.jpg
5,0,20190903,160400,51,2,0,419,28,499,Sep06_0/157-20190903160400-snapshot.jpg
5,0,20190903,160500,61,2,60,606,140,667,Sep06_0/157-20190903160500-snapshot.jpg
5,0,20190903,160500,78,2,1606,648,1680,702,Sep06_0/157-20190903160500-snapshot.jpg
5,0,20190903,160530,77,2,1007,751,1063,804,Sep06_0/157-20190903160530-snapshot.jpg
5,0,20190903,160600,81,2,1,511,60,563,Sep06_0/157-20190903160600-snapshot.jpg
5,0,20190903,160630,82,2,996,547,1069,591,Sep06_0/157-20190903160630-snapshot.jpg
5,0,20190903,160900,73,2,1266,885,1357,940,Sep06_0/157-20190903160900-snapshot.jpg
5,0,20190903,160930,61,2,1583,516,1672,585,Sep06_0/157-20190903160930-snapshot.jpg
5,0,20190903,161130,84,2,518,267,593,332,Sep06_0/157-20190903161130-snapshot.jpg
5,0,20190903,161230,85,2,356,359,431,421,Sep06_0/157-20190903161230-snapshot.jpg
5,0,20190903,161700,85,2,377,488,460,542,Sep06_0/157-20190903161700-snapshot.jpg
5,0,20190903,161730,83,2,0,492,65,565,Sep06_0/157-20190903161730-snapshot.jpg
5,0,20190903,162130,71,2,1192,596,1251,655,Sep06_0/157-20190903162130-snapshot.jpg
5,0,20190903,162230,82,2,1516,670,1578,733,Sep06_0/157-20190903162230-snapshot.jpg
5,0,20190903,162230,85,2,765,619,817,683,Sep06_0/157-20190903162230-snapshot.jpg
5,0,20190903,162300,86,2,1122,537,1176,611,Sep06_0/157-20190903162300-snapshot.jpg
5,0,20190903,162930,78,2,41,576,101,635,Sep06_0/157-20190903162930-snapshot.jpg
5,0,20190903,162930,85,2,281,466,359,513,Sep06_0/157-20190903162930-snapshot.jpg
5,0,20190903,163230,83,2,83,596,167,654,Sep06_0/157-20190903163230-snapshot.jpg
5,0,20190903,163300,83,2,437,337,504,406,Sep06_0/157-20190903163300-snapshot.jpg
5,0,20190903,163330,87,2,842,333,893,400,Sep06_0/157-20190903163330-snapshot.jpg
5,0,20190903,163400,87,2,988,323,1037,392,Sep06_0/157-20190903163400-snapshot.jpg
5,0,20190903,163630,38,2,1631,0,1695,38,Sep06_0/157-20190903163630-snapshot.jpg
5,0,20190903,163630,84,2,360,374,436,425,Sep06_0/157-20190903163630-snapshot.jpg
5,0,20190903,163700,74,2,72,571,148,637,Sep06_0/157-20190903163700-snapshot.jpg
5,0,20190903,164030,86,2,434,283,485,358,Sep06_0/157-20190903164030-snapshot.jpg
5,0,20190903,164300,84,2,1038,735,1093,803,Sep06_0/157-20190903164300-snapshot.jpg
5,0,20190903,164400,78,2,384,506,461,555,Sep06_0/157-20190903164400-snapshot.jpg
5,0,20190903,164430,36,2,343,328,411,399,Sep06_0/157-20190903164430-snapshot.jpg
5,0,20190903,164500,84,2,446,346,519,415,Sep06_0/157-20190903164500-snapshot.jpg
5,0,20190903,164530,84,2,469,286,549,332,Sep06_0/157-20190903164530-snapshot.jpg
5,0,20190903,164600,85,2,580,348,634,418,Sep06_0/157-20190903164600-snapshot.jpg
5,0,20190903,164630,83,2,556,372,635,433,Sep06_0/157-20190903164630-snapshot.jpg
5,0,20190903,164700,85,2,543,372,604,437,Sep06_0/157-20190903164700-snapshot.jpg
5,0,20190903,164730,85,2,548,392,604,466,Sep06_0/157-20190903164730-snapshot.jpg
5,0,20190903,164800,42,2,464,389,545,448,Sep06_0/157-20190903164800-snapshot.jpg
5,0,20190903,164830,85,2,1151,632,1225,690,Sep06_0/157-20190903164830-snapshot.jpg
5,0,20190903,164900,86,2,1658,128,1730,205,Sep06_0/157-20190903164900-snapshot.jpg
5,0,20190903,165200,84,2,272,298,346,363,Sep06_0/157-20190903165200-snapshot.jpg
5,0,20190903,165700,85,8,1188,289,1266,351,Sep06_0/157-20190903165700-snapshot.jpg
5,0,20190903,170030,86,2,1584,672,1668,733,Sep06_0/157-20190903170030-snapshot.jpg
5,0,20190903,170100,82,2,798,657,872,695,Sep06_0/157-20190903170100-snapshot.jpg
5,0,20190903,170700,81,2,121,529,190,601,Sep06_0/157-20190903170700-snapshot.jpg
5,0,20190903,170830,77,8,1755,895,1836,955,Sep06_0/157-20190903170830-snapshot.jpg
5,0,20190903,171330,84,8,1167,155,1254,213,Sep06_0/157-20190903171330-snapshot.jpg
5,0,20190903,172430,81,2,263,507,330,562,Sep06_0/157-20190903172430-snapshot.jpg
5,0,20190903,172700,82,2,1,391,78,439,Sep06_0/157-20190903172700-snapshot.jpg
5,0,20190903,172800,75,2,38,618,114,698,Sep06_0/157-20190903172800-snapshot.jpg
5,0,20190903,173200,74,2,383,161,446,219,Sep06_0/157-20190903173200-snapshot.jpg
5,0,20190903,173230,84,2,418,125,476,195,Sep06_0/157-20190903173230-snapshot.jpg
5,0,20190903,173600,80,2,1595,680,1647,745,Sep06_0/157-20190903173600-snapshot.jpg
5,0,20190903,173600,86,2,864,319,933,381,Sep06_0/157-20190903173600-snapshot.jpg
5,0,20190903,173630,81,2,853,682,906,745,Sep06_0/157-20190903173630-snapshot.jpg
5,0,20190903,173900,73,8,990,746,1058,790,Sep06_0/157-20190903173900-snapshot.jpg
5,0,20190903,174630,77,2,902,414,982,461,Sep06_0/157-20190903174630-snapshot.jpg
5,0,20190903,174730,42,2,76,583,143,648,Sep06_0/157-20190903174730-snapshot.jpg
5,0,20190903,175230,70,2,1879,528,1920,593,Sep06_0/157-20190903175230-snapshot.jpg
5,0,20190903,175230,82,2,426,205,495,256,Sep06_0/157-20190903175230-snapshot.jpg
5,0,20190903,175300,85,2,391,500,444,564,Sep06_0/157-20190903175300-snapshot.jpg
5,0,20190903,175830,80,2,610,546,681,594,Sep06_0/157-20190903175830-snapshot.jpg
5,0,20190903,175930,83,2,958,564,1040,617,Sep06_0/157-20190903175930-snapshot.jpg
5,0,20190903,180000,84,2,810,195,876,269,Sep06_0/157-20190903180000-snapshot.jpg
5,0,20190903,180030,83,2,1601,594,1676,653,Sep06_0/157-20190903180030-snapshot.jpg
5,0,20190903,180230,86,8,1191,91,1248,170,Sep06_0/157-20190903180230-snapshot.jpg
5,0,20190903,180430,84,2,1597,471,1655,548,Sep06_0/157-20190903180430-snapshot.jpg
5,0,20190903,180500,85,2,482,124,542,203,Sep06_0/157-20190903180500-snapshot.jpg
5,0,20190903,180530,66,2,256,493,323,541,Sep06_0/157-20190903180530-snapshot.jpg
5,0,20190903,180600,78,2,111,537,166,607,Sep06_0/157-20190903180600-snapshot.jpg
5,0,20190903,180630,74,2,53,587,149,661,Sep06_0/157-20190903180630-snapshot.jpg
5,0,20190903,181400,85,2,754,527,805,599,Sep06_0/157-20190903181400-snapshot.jpg
5,0,20190903,183700,84,8,1396,691,1483,739,Sep06_0/157-20190903183700-snapshot.jpg
5,0,20190903,190200,84,8,1272,772,1323,843,Sep06_0/157-20190903190200-snapshot.jpg
5,0,20190904,061430,44,4,549,442,605,504,Sep06_0/160-20190904061430-snapshot.jpg
5,0,20190904,063900,81,8,1239,695,1328,754,Sep06_0/160-20190904063900-snapshot.jpg
5,0,20190904,072600,58,8,1368,790,1432,840,Sep06_0/160-20190904072600-snapshot.jpg
5,0,20190904,072630,61,8,1730,917,1792,978,Sep06_0/160-20190904072630-snapshot.jpg
5,0,20190904,073800,78,8,1770,974,1858,1033,Sep06_0/160-20190904073800-snapshot.jpg
5,0,20190904,074830,86,2,1087,528,1170,584,Sep06_0/160-20190904074830-snapshot.jpg
5,0,20190904,074900,89,2,841,328,925,383,Sep06_0/160-20190904074900-snapshot.jpg
5,0,20190904,081830,83,8,1760,478,1822,553,Sep06_0/160-20190904081830-snapshot.jpg
5,0,20190904,083600,85,8,1580,120,1669,209,Sep06_0/160-20190904083600-snapshot.jpg
5,0,20190904,084800,84,8,1532,915,1612,988,Sep06_0/160-20190904084800-snapshot.jpg
5,0,20190904,084800,87,8,1283,725,1340,796,Sep06_0/160-20190904084800-snapshot.jpg
5,0,20190904,085030,79,8,277,531,347,591,Sep06_0/160-20190904085030-snapshot.jpg
5,0,20190904,090130,83,8,1322,899,1401,972,Sep06_0/160-20190904090130-snapshot.jpg
5,0,20190904,090230,71,8,1248,886,1330,939,Sep06_0/160-20190904090230-snapshot.jpg
5,0,20190904,091330,84,8,399,69,478,117,Sep06_0/160-20190904091330-snapshot.jpg
5,0,20190904,091400,62,8,545,488,620,547,Sep06_0/160-20190904091400-snapshot.jpg
5,0,20190904,093000,84,2,1158,596,1231,657,Sep06_0/160-20190904093000-snapshot.jpg
5,0,20190904,093730,79,2,850,678,933,739,Sep06_0/160-20190904093730-snapshot.jpg
5,0,20190904,093830,86,2,319,205,400,277,Sep06_0/160-20190904093830-snapshot.jpg
5,0,20190904,093900,88,2,790,232,880,298,Sep06_0/160-20190904093900-snapshot.jpg
5,0,20190904,094030,84,8,1781,946,1868,1012,Sep06_0/160-20190904094030-snapshot.jpg
5,0,20190904,094330,78,2,881,620,940,701,Sep06_0/160-20190904094330-snapshot.jpg
5,0,20190904,094430,85,2,224,457,285,526,Sep06_0/160-20190904094430-snapshot.jpg
5,0,20190904,095030,86,8,1228,689,1311,744,Sep06_0/160-20190904095030-snapshot.jpg
5,0,20190904,100400,82,2,2,240,55,309,Sep06_0/160-20190904100400-snapshot.jpg
5,0,20190904,100730,81,8,1369,495,1446,570,Sep06_0/160-20190904100730-snapshot.jpg
5,0,20190904,101030,84,2,799,196,876,258,Sep06_0/160-20190904101030-snapshot.jpg
5,0,20190904,101830,85,8,690,96,780,168,Sep06_0/160-20190904101830-snapshot.jpg
5,0,20190904,101830,86,2,1163,228,1249,314,Sep06_0/160-20190904101830-snapshot.jpg
5,0,20190904,102300,82,2,1044,721,1135,768,Sep06_0/160-20190904102300-snapshot.jpg
5,0,20190904,102830,85,2,1016,548,1103,613,Sep06_0/160-20190904102830-snapshot.jpg
5,0,20190904,104030,85,8,1183,790,1244,865,Sep06_0/160-20190904104030-snapshot.jpg
5,0,20190904,104300,87,2,106,569,197,635,Sep06_0/160-20190904104300-snapshot.jpg
5,0,20190904,105430,82,8,1232,981,1336,1049,Sep06_0/160-20190904105430-snapshot.jpg
5,0,20190904,110500,44,2,670,559,752,614,Sep06_0/160-20190904110500-snapshot.jpg
5,0,20190904,111930,90,2,913,296,968,382,Sep06_0/160-20190904111930-snapshot.jpg
5,0,20190904,112300,34,1,293,761,335,799,Sep06_0/160-20190904112300-snapshot.jpg
5,0,20190904,112900,82,8,1289,873,1369,932,Sep06_0/160-20190904112900-snapshot.jpg
5,0,20190904,113000,82,2,869,320,952,380,Sep06_0/160-20190904113000-snapshot.jpg
5,0,20190904,113030,85,2,665,549,735,601,Sep06_0/160-20190904113030-snapshot.jpg
5,0,20190904,113100,86,2,851,681,905,759,Sep06_0/160-20190904113100-snapshot.jpg
5,0,20190904,113400,88,2,1837,509,1918,561,Sep06_0/160-20190904113400-snapshot.jpg
5,0,20190904,113730,84,2,38,564,97,638,Sep06_0/160-20190904113730-snapshot.jpg
5,0,20190904,113900,66,8,1873,485,1920,541,Sep06_0/160-20190904113900-snapshot.jpg
5,0,20190904,114030,80,2,376,364,438,431,Sep06_0/160-20190904114030-snapshot.jpg
5,0,20190904,114400,87,2,69,494,152,567,Sep06_0/160-20190904114400-snapshot.jpg
5,0,20190904,114430,84,2,0,248,71,308,Sep06_0/160-20190904114430-snapshot.jpg
5,0,20190904,115430,81,8,1861,542,1919,626,Sep06_0/160-20190904115430-snapshot.jpg
5,0,20190904,115700,82,2,1037,365,1119,425,Sep06_0/160-20190904115700-snapshot.jpg
5,0,20190904,120500,85,2,660,548,716,616,Sep06_0/160-20190904120500-snapshot.jpg
5,0,20190904,120500,86,2,1524,548,1582,622,Sep06_0/160-20190904120500-snapshot.jpg
5,0,20190904,121000,76,2,359,27,453,103,Sep06_0/160-20190904121000-snapshot.jpg
5,0,20190904,121730,83,8,1277,699,1365,751,Sep06_0/160-20190904121730-snapshot.jpg
5,0,20190904,122800,89,2,36,422,120,481,Sep06_0/160-20190904122800-snapshot.jpg
5,0,20190904,123830,87,2,699,337,775,388,Sep06_0/160-20190904123830-snapshot.jpg
5,0,20190904,123900,78,2,71,537,165,591,Sep06_0/160-20190904123900-snapshot.jpg
5,0,20190904,124200,87,2,667,468,726,545,Sep06_0/160-20190904124200-snapshot.jpg
5,0,20190904,124700,86,2,1533,674,1614,751,Sep06_0/160-20190904124700-snapshot.jpg
5,0,20190904,124700,89,2,744,230,831,286,Sep06_0/160-20190904124700-snapshot.jpg
5,0,20190904,124800,72,2,1107,753,1194,807,Sep06_0/160-20190904124800-snapshot.jpg
5,0,20190904,125100,87,2,981,748,1057,811,Sep06_0/160-20190904125100-snapshot.jpg
5,0,20190904,125430,87,2,528,91,588,177,Sep06_0/160-20190904125430-snapshot.jpg
5,0,20190904,130000,85,2,331,410,404,461,Sep06_0/160-20190904130000-snapshot.jpg
5,0,20190904,130630,85,2,378,441,433,513,Sep06_0/160-20190904130630-snapshot.jpg
5,0,20190904,130700,86,2,1319,310,1414,363,Sep06_0/160-20190904130700-snapshot.jpg
5,0,20190904,131800,77,2,1669,2,1736,59,Sep06_0/160-20190904131800-snapshot.jpg
5,0,20190904,132100,85,2,1528,551,1585,624,Sep06_0/160-20190904132100-snapshot.jpg
5,0,20190904,132400,86,2,320,404,399,471,Sep06_0/160-20190904132400-snapshot.jpg
5,0,20190904,132430,82,2,217,473,297,527,Sep06_0/160-20190904132430-snapshot.jpg
5,0,20190904,132830,85,2,1565,604,1630,669,Sep06_0/160-20190904132830-snapshot.jpg
5,0,20190904,132900,82,2,1659,0,1717,64,Sep06_0/160-20190904132900-snapshot.jpg
5,0,20190904,133030,77,2,427,123,487,192,Sep06_0/160-20190904133030-snapshot.jpg
5,0,20190904,133130,89,2,1035,362,1116,420,Sep06_0/160-20190904133130-snapshot.jpg
5,0,20190904,134500,87,2,1123,582,1196,636,Sep06_0/160-20190904134500-snapshot.jpg
5,0,20190904,134530,78,2,470,273,525,330,Sep06_0/160-20190904134530-snapshot.jpg
5,0,20190904,140000,86,2,737,326,802,388,Sep06_0/160-20190904140000-snapshot.jpg
5,0,20190904,140100,84,2,1049,742,1127,796,Sep06_0/160-20190904140100-snapshot.jpg
5,0,20190904,140330,84,8,854,725,930,777,Sep06_0/160-20190904140330-snapshot.jpg
5,0,20190904,140400,83,8,859,718,916,778,Sep06_0/160-20190904140400-snapshot.jpg
5,0,20190904,140430,84,8,854,716,910,778,Sep06_0/160-20190904140430-snapshot.jpg
5,0,20190904,140500,82,8,844,741,920,787,Sep06_0/160-20190904140500-snapshot.jpg
5,0,20190904,140530,82,8,843,744,923,790,Sep06_0/160-20190904140530-snapshot.jpg
5,0,20190904,140600,83,8,853,735,905,792,Sep06_0/160-20190904140600-snapshot.jpg
5,0,20190904,140630,85,8,891,714,946,777,Sep06_0/160-20190904140630-snapshot.jpg
5,0,20190904,141000,85,2,881,717,944,787,Sep06_0/160-20190904141000-snapshot.jpg
5,0,20190904,141130,82,2,766,662,838,704,Sep06_0/160-20190904141130-snapshot.jpg
5,0,20190904,141230,87,2,37,413,114,485,Sep06_0/160-20190904141230-snapshot.jpg
5,0,20190904,141300,86,2,1199,558,1259,628,Sep06_0/160-20190904141300-snapshot.jpg
5,0,20190904,141600,84,2,854,187,905,249,Sep06_0/160-20190904141600-snapshot.jpg
5,0,20190904,141630,83,2,64,565,160,615,Sep06_0/160-20190904141630-snapshot.jpg
5,0,20190904,141700,89,2,60,392,147,461,Sep06_0/160-20190904141700-snapshot.jpg
5,0,20190904,142100,80,8,1378,226,1449,287,Sep06_0/160-20190904142100-snapshot.jpg
5,0,20190904,142130,83,2,441,488,515,547,Sep06_0/160-20190904142130-snapshot.jpg
5,0,20190904,143130,81,2,1095,655,1168,712,Sep06_0/160-20190904143130-snapshot.jpg
5,0,20190904,143330,83,2,263,787,320,866,Sep06_0/160-20190904143330-snapshot.jpg
5,0,20190904,143830,84,2,83,481,168,548,Sep06_0/160-20190904143830-snapshot.jpg
5,0,20190904,144000,60,2,1672,0,1734,45,Sep06_0/160-20190904144000-snapshot.jpg
5,0,20190904,144100,82,2,0,348,49,415,Sep06_0/160-20190904144100-snapshot.jpg
5,0,20190904,144130,87,2,670,367,743,426,Sep06_0/160-20190904144130-snapshot.jpg
5,0,20190904,144500,85,2,1125,471,1181,525,Sep06_0/160-20190904144500-snapshot.jpg
5,0,20190904,144900,78,2,246,120,333,202,Sep06_0/160-20190904144900-snapshot.jpg
5,0,20190904,145030,83,2,949,797,1023,849,Sep06_0/160-20190904145030-snapshot.jpg
5,0,20190904,145300,84,2,511,156,565,223,Sep06_0/160-20190904145300-snapshot.jpg
5,0,20190904,145400,89,2,954,504,1036,562,Sep06_0/160-20190904145400-snapshot.jpg
5,0,20190904,145430,87,2,1528,582,1588,657,Sep06_0/160-20190904145430-snapshot.jpg
5,0,20190904,150030,83,2,1563,532,1644,600,Sep06_0/160-20190904150030-snapshot.jpg
5,0,20190904,150030,86,2,816,163,876,241,Sep06_0/160-20190904150030-snapshot.jpg
5,0,20190904,150330,86,2,245,475,309,535,Sep06_0/160-20190904150330-snapshot.jpg
5,0,20190904,150830,84,8,300,551,388,601,Sep06_0/160-20190904150830-snapshot.jpg
5,0,20190904,151430,57,8,1889,910,1920,965,Sep06_0/160-20190904151430-snapshot.jpg
5,0,20190904,152700,84,8,601,326,685,377,Sep06_0/160-20190904152700-snapshot.jpg
5,0,20190904,161300,48,1,510,265,550,302,Sep06_0/160-20190904161300-snapshot.jpg
5,0,20190904,161330,30,1,509,265,549,303,Sep06_0/160-20190904161330-snapshot.jpg
5,0,20190904,161400,26,1,509,265,549,303,Sep06_0/160-20190904161400-snapshot.jpg
5,0,20190904,161500,53,1,509,266,549,303,Sep06_0/160-20190904161500-snapshot.jpg
5,0,20190904,161530,27,1,509,267,549,304,Sep06_0/160-20190904161530-snapshot.jpg
5,0,20190904,161800,48,1,509,266,550,304,Sep06_0/160-20190904161800-snapshot.jpg
5,0,20190904,162000,29,1,507,268,549,305,Sep06_0/160-20190904162000-snapshot.jpg
5,0,20190904,162530,26,1,506,269,548,307,Sep06_0/160-20190904162530-snapshot.jpg
5,0,20190904,162630,25,1,506,269,548,306,Sep06_0/160-20190904162630-snapshot.jpg
5,0,20190904,162930,36,1,506,269,548,307,Sep06_0/160-20190904162930-snapshot.jpg
5,0,20190904,163100,55,1,506,269,548,307,Sep06_0/160-20190904163100-snapshot.jpg
5,0,20190904,163130,42,1,506,270,547,307,Sep06_0/160-20190904163130-snapshot.jpg
5,0,20190904,164030,55,1,505,270,547,307,Sep06_0/160-20190904164030-snapshot.jpg
5,0,20190904,164200,27,1,505,269,547,307,Sep06_0/160-20190904164200-snapshot.jpg
5,0,20190904,173130,30,1,503,266,544,305,Sep06_0/160-20190904173130-snapshot.jpg
5,0,20190904,173200,46,1,503,266,545,305,Sep06_0/160-20190904173200-snapshot.jpg
5,0,20190904,173230,30,1,503,266,545,305,Sep06_0/160-20190904173230-snapshot.jpg
5,0,20190904,174100,56,1,503,266,543,304,Sep06_0/160-20190904174100-snapshot.jpg
5,0,20190904,174930,35,1,502,265,544,303,Sep06_0/160-20190904174930-snapshot.jpg
5,0,20190904,175000,46,1,503,264,543,303,Sep06_0/160-20190904175000-snapshot.jpg
5,0,20190904,175830,25,8,109,946,200,1026,Sep06_0/160-20190904175830-snapshot.jpg
5,0,20190904,180000,31,1,503,266,543,303,Sep06_0/160-20190904180000-snapshot.jpg
5,0,20190904,183700,32,1,502,264,543,302,Sep06_0/160-20190904183700-snapshot.jpg
5,0,20190904,183800,31,1,501,265,543,302,Sep06_0/160-20190904183800-snapshot.jpg
5,0,20190904,183930,33,1,501,263,543,301,Sep06_0/160-20190904183930-snapshot.jpg
5,0,20190904,184000,27,1,501,263,542,302,Sep06_0/160-20190904184000-snapshot.jpg
5,0,20190904,184100,30,1,501,263,543,301,Sep06_0/160-20190904184100-snapshot.jpg
5,0,20190904,184300,27,1,501,264,542,301,Sep06_0/160-20190904184300-snapshot.jpg
5,0,20190904,184330,35,1,501,263,542,302,Sep06_0/160-20190904184330-snapshot.jpg
5,0,20190904,184430,33,1,501,264,543,301,Sep06_0/160-20190904184430-snapshot.jpg
5,0,20190904,184530,29,1,502,264,543,302,Sep06_0/160-20190904184530-snapshot.jpg
5,0,20190904,191130,40,1,444,913,492,963,Sep06_0/160-20190904191130-snapshot.jpg
5,0,20190904,191130,43,1,502,263,543,301,Sep06_0/160-20190904191130-snapshot.jpg
5,0,20190904,191200,40,1,501,262,543,302,Sep06_0/160-20190904191200-snapshot.jpg
5,0,20190904,191500,28,1,443,913,493,964,Sep06_0/160-20190904191500-snapshot.jpg
5,0,20190904,191730,33,1,500,261,542,301,Sep06_0/160-20190904191730-snapshot.jpg
5,0,20190904,192530,51,1,500,261,543,301,Sep06_0/160-20190904192530-snapshot.jpg
5,0,20190904,192630,34,1,500,261,542,301,Sep06_0/160-20190904192630-snapshot.jpg
5,0,20190904,192700,29,1,501,263,542,302,Sep06_0/160-20190904192700-snapshot.jpg
5,0,20190904,192800,26,1,500,261,543,301,Sep06_0/160-20190904192800-snapshot.jpg
5,0,20190904,192830,67,1,500,262,543,301,Sep06_0/160-20190904192830-snapshot.jpg
5,0,20190904,193000,45,1,501,263,542,301,Sep06_0/160-20190904193000-snapshot.jpg
5,0,20190904,193200,33,1,501,262,542,301,Sep06_0/160-20190904193200-snapshot.jpg
5,0,20190904,193230,68,1,501,264,543,301,Sep06_0/160-20190904193230-snapshot.jpg
5,0,20190904,193300,48,1,501,263,543,301,Sep06_0/160-20190904193300-snapshot.jpg
5,0,20190904,193330,72,1,500,262,542,301,Sep06_0/160-20190904193330-snapshot.jpg
5,0,20190904,193400,40,1,500,262,542,302,Sep06_0/160-20190904193400-snapshot.jpg
5,0,20190904,193430,67,1,501,264,542,301,Sep06_0/160-20190904193430-snapshot.jpg
5,0,20190904,193500,47,1,501,263,543,301,Sep06_0/160-20190904193500-snapshot.jpg
5,0,20190904,193530,59,1,501,263,542,302,Sep06_0/160-20190904193530-snapshot.jpg
5,0,20190904,193600,43,1,501,264,542,302,Sep06_0/160-20190904193600-snapshot.jpg
5,0,20190904,193630,50,1,501,263,542,302,Sep06_0/160-20190904193630-snapshot.jpg
5,0,20190904,193730,32,1,500,262,542,302,Sep06_0/160-20190904193730-snapshot.jpg
5,0,20190904,193800,29,1,501,262,543,301,Sep06_0/160-20190904193800-snapshot.jpg
5,0,20190904,193830,68,1,501,262,543,302,Sep06_0/160-20190904193830-snapshot.jpg
5,0,20190904,193900,62,1,501,264,542,301,Sep06_0/160-20190904193900-snapshot.jpg
5,0,20190904,193930,60,1,500,262,542,302,Sep06_0/160-20190904193930-snapshot.jpg
5,0,20190904,194100,46,1,502,263,543,301,Sep06_0/160-20190904194100-snapshot.jpg
5,0,20190904,194130,69,1,501,263,542,301,Sep06_0/160-20190904194130-snapshot.jpg
5,0,20190904,194200,55,1,501,263,542,301,Sep06_0/160-20190904194200-snapshot.jpg
5,0,20190904,194230,45,1,501,263,542,301,Sep06_0/160-20190904194230-snapshot.jpg
5,0,20190904,194300,64,1,501,263,542,301,Sep06_0/160-20190904194300-snapshot.jpg
5,0,20190904,194330,63,1,501,264,542,301,Sep06_0/160-20190904194330-snapshot.jpg
5,0,20190904,194400,71,1,500,263,541,301,Sep06_0/160-20190904194400-snapshot.jpg
5,0,20190904,194430,50,1,444,910,493,963,Sep06_0/160-20190904194430-snapshot.jpg
5,0,20190904,194430,76,1,501,264,542,301,Sep06_0/160-20190904194430-snapshot.jpg
5,0,20190904,194500,71,1,500,263,542,301,Sep06_0/160-20190904194500-snapshot.jpg
5,0,20190904,194530,49,1,444,909,493,963,Sep06_0/160-20190904194530-snapshot.jpg
5,0,20190904,194530,70,1,501,263,542,301,Sep06_0/160-20190904194530-snapshot.jpg
5,0,20190904,194600,66,1,501,263,542,301,Sep06_0/160-20190904194600-snapshot.jpg
5,0,20190904,194630,71,1,501,263,542,301,Sep06_0/160-20190904194630-snapshot.jpg
5,0,20190904,194700,72,1,501,264,542,301,Sep06_0/160-20190904194700-snapshot.jpg
5,0,20190904,194730,75,1,501,263,542,301,Sep06_0/160-20190904194730-snapshot.jpg
5,0,20190904,194800,69,1,501,263,542,300,Sep06_0/160-20190904194800-snapshot.jpg
5,0,20190904,194830,74,1,500,263,542,301,Sep06_0/160-20190904194830-snapshot.jpg
5,0,20190904,194900,69,1,501,263,542,301,Sep06_0/160-20190904194900-snapshot.jpg
5,0,20190904,194930,70,1,501,264,542,301,Sep06_0/160-20190904194930-snapshot.jpg
5,0,20190904,195000,71,1,501,264,542,301,Sep06_0/160-20190904195000-snapshot.jpg
5,0,20190904,195030,68,1,501,263,542,300,Sep06_0/160-20190904195030-snapshot.jpg
5,0,20190904,195100,69,1,501,264,542,301,Sep06_0/160-20190904195100-snapshot.jpg
5,0,20190904,195130,74,1,501,263,542,301,Sep06_0/160-20190904195130-snapshot.jpg
5,0,20190904,195200,74,1,501,263,541,301,Sep06_0/160-20190904195200-snapshot.jpg
5,0,20190904,195230,73,1,501,263,541,301,Sep06_0/160-20190904195230-snapshot.jpg
5,0,20190904,195300,73,1,501,263,542,300,Sep06_0/160-20190904195300-snapshot.jpg
5,0,20190904,195330,75,1,501,263,542,301,Sep06_0/160-20190904195330-snapshot.jpg
5,0,20190904,195400,72,1,501,263,542,301,Sep06_0/160-20190904195400-snapshot.jpg
5,0,20190904,195430,72,1,501,264,542,301,Sep06_0/160-20190904195430-snapshot.jpg
5,0,20190904,195500,74,1,502,264,543,301,Sep06_0/160-20190904195500-snapshot.jpg
5,0,20190904,195530,38,1,444,912,493,964,Sep06_0/160-20190904195530-snapshot.jpg
5,0,20190904,195530,74,1,500,262,542,301,Sep06_0/160-20190904195530-snapshot.jpg
5,0,20190904,195600,72,1,501,263,542,301,Sep06_0/160-20190904195600-snapshot.jpg
5,0,20190904,195630,75,1,501,264,542,301,Sep06_0/160-20190904195630-snapshot.jpg
5,0,20190904,195700,77,1,501,264,542,301,Sep06_0/160-20190904195700-snapshot.jpg
5,0,20190904,195730,76,1,501,263,542,301,Sep06_0/160-20190904195730-snapshot.jpg
5,0,20190904,195800,77,1,500,263,543,301,Sep06_0/160-20190904195800-snapshot.jpg
5,0,20190904,195830,76,1,500,263,543,301,Sep06_0/160-20190904195830-snapshot.jpg
5,0,20190904,195900,75,1,500,263,543,301,Sep06_0/160-20190904195900-snapshot.jpg
5,0,20190904,195930,72,1,501,263,543,301,Sep06_0/160-20190904195930-snapshot.jpg
5,0,20190904,200000,74,1,500,262,543,301,Sep06_0/160-20190904200000-snapshot.jpg
5,0,20190904,200030,76,1,500,263,543,301,Sep06_0/160-20190904200030-snapshot.jpg
5,0,20190904,200100,75,1,500,263,543,301,Sep06_0/160-20190904200100-snapshot.jpg
5,0,20190904,200130,70,1,501,263,543,301,Sep06_0/160-20190904200130-snapshot.jpg
5,0,20190904,200200,70,1,500,263,543,302,Sep06_0/160-20190904200200-snapshot.jpg
5,0,20190904,200230,63,1,500,263,543,301,Sep06_0/160-20190904200230-snapshot.jpg
5,0,20190904,200300,64,1,501,263,544,301,Sep06_0/160-20190904200300-snapshot.jpg
5,0,20190904,200330,59,1,501,263,544,301,Sep06_0/160-20190904200330-snapshot.jpg
5,0,20190904,200430,59,1,502,261,545,301,Sep06_0/160-20190904200430-snapshot.jpg
5,0,20190904,200430,60,1,444,924,490,966,Sep06_0/160-20190904200430-snapshot.jpg
5,0,20190904,200500,48,1,443,927,488,967,Sep06_0/160-20190904200500-snapshot.jpg
5,0,20190904,200500,65,1,502,263,544,300,Sep06_0/160-20190904200500-snapshot.jpg
5,0,20190904,200530,34,1,502,262,544,301,Sep06_0/160-20190904200530-snapshot.jpg
5,0,20190904,200700,78,1,443,925,488,965,Sep06_0/160-20190904200700-snapshot.jpg
5,0,20190904,200730,46,1,502,262,544,301,Sep06_0/160-20190904200730-snapshot.jpg
5,0,20190904,200730,78,1,443,925,487,965,Sep06_0/160-20190904200730-snapshot.jpg
5,0,20190905,112000,85,8,935,707,987,784,Sep06_0/163-20190905112000-snapshot.jpg
5,0,20190905,112600,86,8,756,854,809,930,Sep06_0/163-20190905112600-snapshot.jpg
5,0,20190905,115530,72,8,951,179,1012,223,Sep06_0/163-20190905115530-snapshot.jpg
5,0,20190905,121200,84,8,1189,76,1248,148,Sep06_0/163-20190905121200-snapshot.jpg
5,0,20190905,122830,85,8,607,343,661,420,Sep06_0/163-20190905122830-snapshot.jpg
5,0,20190905,122900,62,8,1041,85,1105,151,Sep06_0/163-20190905122900-snapshot.jpg
5,0,20190905,124100,85,8,1315,762,1378,831,Sep06_0/163-20190905124100-snapshot.jpg
5,0,20190905,202030,37,4,385,230,478,308,Sep06_0/164-20190905202030-snapshot.jpg
5,0,20190905,202100,58,4,388,230,474,304,Sep06_0/164-20190905202100-snapshot.jpg
5,0,20190905,202130,29,4,389,231,475,307,Sep06_0/164-20190905202130-snapshot.jpg
5,0,20190906,061300,44,4,394,219,471,300,Sep06_0/171-20190906061300-snapshot.jpg
5,0,20190830,195600,37,8,420,736,523,785,Sep06_0/19-20190830195600-snapshot.jpg
5,0,20190830,195930,28,2,735,359,824,445,Sep06_0/19-20190830195930-snapshot.jpg
5,0,20190830,200930,86,2,1570,489,1632,567,Sep06_0/22-20190830200930-snapshot.jpg
5,0,20190830,201200,84,2,1059,325,1121,408,Sep06_0/22-20190830201200-snapshot.jpg
5,0,20190831,065530,51,8,1001,0,1060,48,Sep06_0/26-20190831065530-snapshot.jpg
5,0,20190831,070100,76,8,1222,1,1276,52,Sep06_0/26-20190831070100-snapshot.jpg
5,0,20190831,070630,69,8,1653,357,1727,438,Sep06_0/26-20190831070630-snapshot.jpg
5,0,20190831,070830,62,8,1642,342,1736,414,Sep06_0/26-20190831070830-snapshot.jpg
5,0,20190831,071000,63,8,1635,917,1684,975,Sep06_0/26-20190831071000-snapshot.jpg
5,0,20190831,071100,83,8,1686,170,1777,241,Sep06_0/26-20190831071100-snapshot.jpg
5,0,20190831,071130,88,2,696,412,804,500,Sep06_0/26-20190831071130-snapshot.jpg
5,0,20190831,071900,66,8,1759,547,1840,594,Sep06_0/26-20190831071900-snapshot.jpg
5,0,20190831,072200,67,8,1837,954,1897,1025,Sep06_0/26-20190831072200-snapshot.jpg
5,0,20190831,072230,85,8,1203,575,1258,638,Sep06_0/26-20190831072230-snapshot.jpg
5,0,20190831,072300,86,8,1323,742,1374,815,Sep06_0/26-20190831072300-snapshot.jpg
5,0,20190831,072530,80,8,1285,697,1371,761,Sep06_0/26-20190831072530-snapshot.jpg
5,0,20190831,072700,78,8,1282,508,1372,578,Sep06_0/26-20190831072700-snapshot.jpg
5,0,20190831,072900,66,8,1219,1,1277,44,Sep06_0/26-20190831072900-snapshot.jpg
5,0,20190831,073300,84,8,1095,272,1173,325,Sep06_0/26-20190831073300-snapshot.jpg
5,0,20190831,073900,75,8,1803,941,1897,1008,Sep06_0/26-20190831073900-snapshot.jpg
5,0,20190831,074600,73,8,1595,385,1682,440,Sep06_0/26-20190831074600-snapshot.jpg
5,0,20190831,074630,84,8,1618,308,1710,381,Sep06_0/26-20190831074630-snapshot.jpg
5,0,20190831,074700,84,8,1684,147,1776,225,Sep06_0/26-20190831074700-snapshot.jpg
5,0,20190831,075000,70,8,1186,16,1240,78,Sep06_0/26-20190831075000-snapshot.jpg
5,0,20190831,075030,84,8,1114,103,1213,165,Sep06_0/26-20190831075030-snapshot.jpg
5,0,20190831,075100,79,8,1842,943,1920,995,Sep06_0/26-20190831075100-snapshot.jpg
5,0,20190831,075500,80,8,1245,562,1301,627,Sep06_0/26-20190831075500-snapshot.jpg
5,0,20190831,075930,60,8,1625,602,1683,670,Sep06_0/26-20190831075930-snapshot.jpg
5,0,20190831,080930,82,8,1703,557,1791,643,Sep06_0/26-20190831080930-snapshot.jpg
5,0,20190831,081000,86,8,1819,468,1875,547,Sep06_0/26-20190831081000-snapshot.jpg
5,0,20190831,084130,86,2,1,245,65,325,Sep06_0/26-20190831084130-snapshot.jpg
5,0,20190831,084300,32,8,1000,0,1063,39,Sep06_0/26-20190831084300-snapshot.jpg
5,0,20190831,084800,70,8,1480,791,1566,854,Sep06_0/26-20190831084800-snapshot.jpg
5,0,20190831,092600,79,2,65,508,119,579,Sep06_0/26-20190831092600-snapshot.jpg
5,0,20190831,092730,84,2,1078,623,1136,693,Sep06_0/26-20190831092730-snapshot.jpg
5,0,20190831,092930,85,2,1583,523,1667,580,Sep06_0/26-20190831092930-snapshot.jpg
5,0,20190831,093400,85,2,1082,623,1158,682,Sep06_0/26-20190831093400-snapshot.jpg
5,0,20190831,093530,84,2,844,289,914,350,Sep06_0/26-20190831093530-snapshot.jpg
5,0,20190831,094130,68,2,1872,325,1920,414,Sep06_0/26-20190831094130-snapshot.jpg
5,0,20190831,094530,75,2,467,223,540,278,Sep06_0/26-20190831094530-snapshot.jpg
5,0,20190831,095230,81,2,1120,620,1177,681,Sep06_0/26-20190831095230-snapshot.jpg
5,0,20190831,095300,85,2,310,183,369,254,Sep06_0/26-20190831095300-snapshot.jpg
5,0,20190831,095530,86,2,418,424,473,492,Sep06_0/26-20190831095530-snapshot.jpg
5,0,20190831,100600,86,2,395,369,457,435,Sep06_0/26-20190831100600-snapshot.jpg
5,0,20190831,100830,85,2,1122,576,1199,627,Sep06_0/26-20190831100830-snapshot.jpg
5,0,20190831,101030,79,2,1621,447,1682,519,Sep06_0/26-20190831101030-snapshot.jpg
5,0,20190831,101100,85,2,962,477,1041,532,Sep06_0/26-20190831101100-snapshot.jpg
5,0,20190831,101600,88,2,399,288,457,369,Sep06_0/26-20190831101600-snapshot.jpg
5,0,20190831,102330,86,2,802,177,858,258,Sep06_0/26-20190831102330-snapshot.jpg
5,0,20190831,102400,81,2,1103,624,1157,693,Sep06_0/26-20190831102400-snapshot.jpg
5,0,20190831,102800,87,2,175,433,264,491,Sep06_0/26-20190831102800-snapshot.jpg
5,0,20190831,102830,83,2,1421,1012,1484,1079,Sep06_0/26-20190831102830-snapshot.jpg
5,0,20190831,103330,82,2,167,546,231,609,Sep06_0/26-20190831103330-snapshot.jpg
5,0,20190831,103600,85,2,862,289,941,355,Sep06_0/26-20190831103600-snapshot.jpg
5,0,20190831,103800,86,2,828,107,891,186,Sep06_0/26-20190831103800-snapshot.jpg
5,0,20190831,104100,85,2,798,154,859,211,Sep06_0/26-20190831104100-snapshot.jpg
5,0,20190831,104130,84,2,396,232,452,291,Sep06_0/26-20190831104130-snapshot.jpg
5,0,20190831,104500,86,2,382,358,445,434,Sep06_0/26-20190831104500-snapshot.jpg
5,0,20190831,104630,71,2,1596,649,1656,715,Sep06_0/26-20190831104630-snapshot.jpg
5,0,20190831,105500,27,2,554,752,663,839,Sep06_0/26-20190831105500-snapshot.jpg
5,0,20190831,105700,78,2,310,220,377,271,Sep06_0/26-20190831105700-snapshot.jpg
5,0,20190831,105900,86,2,1153,678,1215,756,Sep06_0/26-20190831105900-snapshot.jpg
5,0,20190831,110500,68,2,1623,516,1679,576,Sep06_0/26-20190831110500-snapshot.jpg
5,0,20190831,111130,85,2,763,174,845,222,Sep06_0/26-20190831111130-snapshot.jpg
5,0,20190831,111330,82,2,1021,464,1098,509,Sep06_0/26-20190831111330-snapshot.jpg
5,0,20190831,111400,83,2,981,287,1056,340,Sep06_0/26-20190831111400-snapshot.jpg
5,0,20190831,111900,73,2,347,467,428,532,Sep06_0/26-20190831111900-snapshot.jpg
5,0,20190831,112000,82,2,393,446,455,514,Sep06_0/26-20190831112000-snapshot.jpg
5,0,20190831,112830,79,2,0,456,57,528,Sep06_0/26-20190831112830-snapshot.jpg
5,0,20190831,113030,67,2,1615,522,1674,577,Sep06_0/26-20190831113030-snapshot.jpg
5,0,20190831,113600,82,2,386,341,461,400,Sep06_0/26-20190831113600-snapshot.jpg
5,0,20190831,113830,86,2,861,272,917,357,Sep06_0/26-20190831113830-snapshot.jpg
5,0,20190831,113930,83,2,1059,665,1138,708,Sep06_0/26-20190831113930-snapshot.jpg
5,0,20190831,114130,76,2,147,579,210,657,Sep06_0/26-20190831114130-snapshot.jpg
5,0,20190831,114600,85,2,413,415,473,499,Sep06_0/26-20190831114600-snapshot.jpg
5,0,20190831,114730,85,2,955,650,1040,696,Sep06_0/26-20190831114730-snapshot.jpg
5,0,20190831,115200,78,2,1,323,58,385,Sep06_0/26-20190831115200-snapshot.jpg
5,0,20190831,115830,86,2,1202,516,1255,585,Sep06_0/26-20190831115830-snapshot.jpg
5,0,20190831,115930,26,2,880,319,937,373,Sep06_0/26-20190831115930-snapshot.jpg
5,0,20190831,120000,65,2,0,415,33,492,Sep06_0/26-20190831120000-snapshot.jpg
5,0,20190831,120030,86,2,1581,712,1646,795,Sep06_0/26-20190831120030-snapshot.jpg
5,0,20190831,120430,83,2,20,227,84,309,Sep06_0/26-20190831120430-snapshot.jpg
5,0,20190831,120700,88,2,1056,419,1133,479,Sep06_0/26-20190831120700-snapshot.jpg
5,0,20190831,121900,81,2,895,454,963,531,Sep06_0/26-20190831121900-snapshot.jpg
5,0,20190831,121900,85,8,1620,355,1700,429,Sep06_0/26-20190831121900-snapshot.jpg
5,0,20190831,122200,85,2,839,137,891,202,Sep06_0/26-20190831122200-snapshot.jpg
5,0,20190831,122230,82,8,1305,470,1392,518,Sep06_0/26-20190831122230-snapshot.jpg
5,0,20190831,122900,82,2,1443,1023,1512,1080,Sep06_0/26-20190831122900-snapshot.jpg
5,0,20190831,122930,81,8,1198,101,1284,162,Sep06_0/26-20190831122930-snapshot.jpg
5,0,20190831,123130,85,2,378,436,436,514,Sep06_0/26-20190831123130-snapshot.jpg
5,0,20190831,123230,78,2,378,338,440,403,Sep06_0/26-20190831123230-snapshot.jpg
5,0,20190831,123300,86,2,1114,430,1184,491,Sep06_0/26-20190831123300-snapshot.jpg
5,0,20190831,123330,84,2,740,298,801,361,Sep06_0/26-20190831123330-snapshot.jpg
5,0,20190831,123430,73,2,1616,532,1673,601,Sep06_0/26-20190831123430-snapshot.jpg
5,0,20190831,123500,41,8,521,388,576,438,Sep06_0/26-20190831123500-snapshot.jpg
5,0,20190831,123530,81,2,1110,647,1195,697,Sep06_0/26-20190831123530-snapshot.jpg
5,0,20190831,123530,86,2,949,256,1027,305,Sep06_0/26-20190831123530-snapshot.jpg
5,0,20190831,123630,82,2,1040,156,1126,248,Sep06_0/26-20190831123630-snapshot.jpg
5,0,20190831,123900,84,2,387,452,471,508,Sep06_0/26-20190831123900-snapshot.jpg
5,0,20190831,124000,85,2,921,465,982,538,Sep06_0/26-20190831124000-snapshot.jpg
5,0,20190831,124030,86,2,773,154,834,228,Sep06_0/26-20190831124030-snapshot.jpg
5,0,20190831,124400,86,2,427,176,503,235,Sep06_0/26-20190831124400-snapshot.jpg
5,0,20190831,124530,86,2,363,291,432,365,Sep06_0/26-20190831124530-snapshot.jpg
5,0,20190831,124700,87,2,1034,452,1086,519,Sep06_0/26-20190831124700-snapshot.jpg
5,0,20190831,124900,77,2,0,313,47,381,Sep06_0/26-20190831124900-snapshot.jpg
5,0,20190831,124900,86,2,817,131,873,202,Sep06_0/26-20190831124900-snapshot.jpg
5,0,20190831,124930,64,2,813,587,871,639,Sep06_0/26-20190831124930-snapshot.jpg
5,0,20190831,125430,85,2,1564,972,1629,1052,Sep06_0/26-20190831125430-snapshot.jpg
5,0,20190831,125500,72,2,836,132,888,190,Sep06_0/26-20190831125500-snapshot.jpg
5,0,20190831,125500,87,2,441,125,503,205,Sep06_0/26-20190831125500-snapshot.jpg
5,0,20190831,125630,26,8,559,794,652,845,Sep06_0/26-20190831125630-snapshot.jpg
5,0,20190831,125800,85,2,387,406,476,460,Sep06_0/26-20190831125800-snapshot.jpg
5,0,20190831,130230,86,2,439,221,508,293,Sep06_0/26-20190831130230-snapshot.jpg
5,0,20190831,130300,73,2,1380,1024,1464,1075,Sep06_0/26-20190831130300-snapshot.jpg
5,0,20190831,130330,85,2,370,431,429,509,Sep06_0/26-20190831130330-snapshot.jpg
5,0,20190831,130400,87,2,201,296,269,380,Sep06_0/26-20190831130400-snapshot.jpg
5,0,20190831,130630,87,2,388,308,450,386,Sep06_0/26-20190831130630-snapshot.jpg
5,0,20190831,130700,86,2,1550,423,1611,496,Sep06_0/26-20190831130700-snapshot.jpg
5,0,20190831,131000,85,2,425,247,495,309,Sep06_0/26-20190831131000-snapshot.jpg
5,0,20190831,131130,82,2,372,129,433,194,Sep06_0/26-20190831131130-snapshot.jpg
5,0,20190831,131200,73,2,1591,650,1663,723,Sep06_0/26-20190831131200-snapshot.jpg
5,0,20190831,131230,87,2,453,206,508,281,Sep06_0/26-20190831131230-snapshot.jpg
5,0,20190831,131530,82,2,100,528,159,598,Sep06_0/26-20190831131530-snapshot.jpg
5,0,20190831,131530,84,2,1145,686,1231,732,Sep06_0/26-20190831131530-snapshot.jpg
5,0,20190831,131630,80,2,153,116,223,196,Sep06_0/26-20190831131630-snapshot.jpg
5,0,20190831,131630,83,2,1626,665,1719,731,Sep06_0/26-20190831131630-snapshot.jpg
5,0,20190831,131700,87,2,1037,517,1126,583,Sep06_0/26-20190831131700-snapshot.jpg
5,0,20190831,131830,85,2,830,136,890,197,Sep06_0/26-20190831131830-snapshot.jpg
5,0,20190831,132330,84,2,407,406,461,476,Sep06_0/26-20190831132330-snapshot.jpg
5,0,20190831,132400,81,2,1198,501,1254,576,Sep06_0/26-20190831132400-snapshot.jpg
5,0,20190831,132500,83,2,837,139,897,191,Sep06_0/26-20190831132500-snapshot.jpg
5,0,20190831,132630,83,8,1641,938,1705,1019,Sep06_0/26-20190831132630-snapshot.jpg
5,0,20190831,133530,85,2,1069,668,1123,738,Sep06_0/26-20190831133530-snapshot.jpg
5,0,20190831,133600,86,2,1137,577,1212,632,Sep06_0/26-20190831133600-snapshot.jpg
5,0,20190831,133630,80,2,520,76,590,142,Sep06_0/26-20190831133630-snapshot.jpg
5,0,20190831,133730,83,2,898,461,975,512,Sep06_0/26-20190831133730-snapshot.jpg
5,0,20190831,133830,79,2,858,140,919,205,Sep06_0/26-20190831133830-snapshot.jpg
5,0,20190831,134300,83,2,797,186,876,233,Sep06_0/26-20190831134300-snapshot.jpg
5,0,20190831,134330,86,2,1530,614,1607,688,Sep06_0/26-20190831134330-snapshot.jpg
5,0,20190831,135030,78,2,902,487,976,547,Sep06_0/26-20190831135030-snapshot.jpg
5,0,20190831,135030,86,2,723,317,779,392,Sep06_0/26-20190831135030-snapshot.jpg
5,0,20190831,135100,82,2,504,69,577,128,Sep06_0/26-20190831135100-snapshot.jpg
5,0,20190831,135130,67,2,1707,453,1760,511,Sep06_0/26-20190831135130-snapshot.jpg
5,0,20190831,135130,85,2,438,207,517,257,Sep06_0/26-20190831135130-snapshot.jpg
5,0,20190831,135330,81,9,1541,500,1622,566,Sep06_0/26-20190831135330-snapshot.jpg
5,0,20190831,135330,82,2,749,199,800,266,Sep06_0/26-20190831135330-snapshot.jpg
5,0,20190831,135330,86,2,20,291,79,363,Sep06_0/26-20190831135330-snapshot.jpg
5,0,20190831,135400,84,2,395,394,453,457,Sep06_0/26-20190831135400-snapshot.jpg
5,0,20190831,135530,86,2,858,140,928,205,Sep06_0/26-20190831135530-snapshot.jpg
5,0,20190831,135800,67,2,1563,437,1617,500,Sep06_0/26-20190831135800-snapshot.jpg
5,0,20190831,135830,29,2,1424,994,1505,1042,Sep06_0/26-20190831135830-snapshot.jpg
5,0,20190831,135900,77,2,1175,385,1227,452,Sep06_0/26-20190831135900-snapshot.jpg
5,0,20190831,140030,87,2,711,334,771,415,Sep06_0/26-20190831140030-snapshot.jpg
5,0,20190831,140100,81,2,1180,548,1259,596,Sep06_0/26-20190831140100-snapshot.jpg
5,0,20190831,140130,85,2,1161,425,1238,479,Sep06_0/26-20190831140130-snapshot.jpg
5,0,20190831,140430,54,2,0,449,26,502,Sep06_0/26-20190831140430-snapshot.jpg
5,0,20190831,140430,80,2,1843,610,1920,680,Sep06_0/26-20190831140430-snapshot.jpg
5,0,20190831,140530,87,2,838,170,894,245,Sep06_0/26-20190831140530-snapshot.jpg
5,0,20190831,140800,86,2,1676,424,1759,489,Sep06_0/26-20190831140800-snapshot.jpg
5,0,20190831,140830,78,2,424,432,486,493,Sep06_0/26-20190831140830-snapshot.jpg
5,0,20190831,141030,83,2,946,215,1000,285,Sep06_0/26-20190831141030-snapshot.jpg
5,0,20190831,141130,83,2,370,341,450,389,Sep06_0/26-20190831141130-snapshot.jpg
5,0,20190831,141300,82,2,1106,681,1180,729,Sep06_0/26-20190831141300-snapshot.jpg
5,0,20190831,141530,61,2,1621,537,1690,596,Sep06_0/26-20190831141530-snapshot.jpg
5,0,20190831,141600,69,2,1368,7,1456,57,Sep06_0/26-20190831141600-snapshot.jpg
5,0,20190831,142030,84,2,1178,530,1256,586,Sep06_0/26-20190831142030-snapshot.jpg
5,0,20190831,142300,42,2,1429,1000,1507,1046,Sep06_0/26-20190831142300-snapshot.jpg
5,0,20190831,142330,87,2,954,351,1012,427,Sep06_0/26-20190831142330-snapshot.jpg
5,0,20190831,142530,87,2,454,234,512,308,Sep06_0/26-20190831142530-snapshot.jpg
5,0,20190831,142600,65,2,1611,656,1673,722,Sep06_0/26-20190831142600-snapshot.jpg
5,0,20190831,142630,83,2,1629,451,1692,514,Sep06_0/26-20190831142630-snapshot.jpg
5,0,20190831,142730,82,2,1127,580,1182,648,Sep06_0/26-20190831142730-snapshot.jpg
5,0,20190831,143000,71,2,0,455,32,515,Sep06_0/26-20190831143000-snapshot.jpg
5,0,20190831,143100,81,2,1193,573,1267,626,Sep06_0/26-20190831143100-snapshot.jpg
5,0,20190831,143100,86,2,1,239,75,314,Sep06_0/26-20190831143100-snapshot.jpg
5,0,20190831,143130,86,2,389,397,465,449,Sep06_0/26-20190831143130-snapshot.jpg
5,0,20190831,143330,85,2,31,196,97,279,Sep06_0/26-20190831143330-snapshot.jpg
5,0,20190831,143630,81,2,712,539,778,579,Sep06_0/26-20190831143630-snapshot.jpg
5,0,20190831,143630,84,2,1233,506,1291,561,Sep06_0/26-20190831143630-snapshot.jpg
5,0,20190831,143800,76,2,1063,681,1131,730,Sep06_0/26-20190831143800-snapshot.jpg
5,0,20190831,144200,67,2,142,547,217,603,Sep06_0/26-20190831144200-snapshot.jpg
5,0,20190831,144230,66,2,2,454,78,504,Sep06_0/26-20190831144230-snapshot.jpg
5,0,20190831,144500,85,2,946,188,999,260,Sep06_0/26-20190831144500-snapshot.jpg
5,0,20190831,144530,84,2,895,480,969,549,Sep06_0/26-20190831144530-snapshot.jpg
5,0,20190831,145330,68,2,138,563,218,612,Sep06_0/26-20190831145330-snapshot.jpg
5,0,20190831,145330,84,2,55,275,118,346,Sep06_0/26-20190831145330-snapshot.jpg
5,0,20190831,145600,81,2,1244,677,1311,717,Sep06_0/26-20190831145600-snapshot.jpg
5,0,20190831,145630,85,2,1095,343,1173,389,Sep06_0/26-20190831145630-snapshot.jpg
5,0,20190831,145800,87,2,711,348,767,422,Sep06_0/26-20190831145800-snapshot.jpg
5,0,20190831,145830,85,2,1530,415,1617,482,Sep06_0/26-20190831145830-snapshot.jpg
5,0,20190831,145900,27,2,1695,470,1754,534,Sep06_0/26-20190831145900-snapshot.jpg
5,0,20190831,150000,64,2,317,199,393,259,Sep06_0/26-20190831150000-snapshot.jpg
5,0,20190831,150100,86,2,1038,660,1097,730,Sep06_0/26-20190831150100-snapshot.jpg
5,0,20190831,150130,73,2,983,332,1033,395,Sep06_0/26-20190831150130-snapshot.jpg
5,0,20190831,150200,84,2,1185,545,1240,611,Sep06_0/26-20190831150200-snapshot.jpg
5,0,20190831,150530,51,2,1494,1027,1560,1080,Sep06_0/26-20190831150530-snapshot.jpg
5,0,20190831,150600,66,2,0,465,29,536,Sep06_0/26-20190831150600-snapshot.jpg
5,0,20190831,150600,81,2,1584,554,1673,603,Sep06_0/26-20190831150600-snapshot.jpg
5,0,20190831,150830,84,2,992,488,1077,529,Sep06_0/26-20190831150830-snapshot.jpg
5,0,20190831,151100,53,1,1328,614,1364,645,Sep06_0/26-20190831151100-snapshot.jpg
5,0,20190831,151130,77,2,0,346,37,421,Sep06_0/26-20190831151130-snapshot.jpg
5,0,20190831,151130,80,1,1328,614,1364,643,Sep06_0/26-20190831151130-snapshot.jpg
5,0,20190831,151130,87,2,894,121,996,217,Sep06_0/26-20190831151130-snapshot.jpg
5,0,20190831,151530,75,8,1834,131,1899,192,Sep06_0/26-20190831151530-snapshot.jpg
5,0,20190831,151630,87,2,791,268,843,342,Sep06_0/26-20190831151630-snapshot.jpg
5,0,20190831,151700,84,2,782,578,855,625,Sep06_0/26-20190831151700-snapshot.jpg
5,0,20190831,151730,65,2,1448,1012,1527,1080,Sep06_0/26-20190831151730-snapshot.jpg
5,0,20190831,151730,83,2,895,463,975,515,Sep06_0/26-20190831151730-snapshot.jpg
5,0,20190831,152130,81,2,720,325,791,366,Sep06_0/26-20190831152130-snapshot.jpg
5,0,20190831,152200,83,8,1320,343,1407,409,Sep06_0/26-20190831152200-snapshot.jpg
5,0,20190831,152230,66,2,1702,450,1761,509,Sep06_0/26-20190831152230-snapshot.jpg
5,0,20190831,152230,87,2,944,257,996,329,Sep06_0/26-20190831152230-snapshot.jpg
5,0,20190831,152400,82,2,909,229,973,283,Sep06_0/26-20190831152400-snapshot.jpg
5,0,20190831,152730,61,2,148,576,214,634,Sep06_0/26-20190831152730-snapshot.jpg
5,0,20190831,152800,85,2,356,392,411,461,Sep06_0/26-20190831152800-snapshot.jpg
5,0,20190831,152830,78,2,263,537,349,593,Sep06_0/26-20190831152830-snapshot.jpg
5,0,20190831,152830,85,2,708,307,780,366,Sep06_0/26-20190831152830-snapshot.jpg
5,0,20190831,153000,79,2,375,346,449,396,Sep06_0/26-20190831153000-snapshot.jpg
5,0,20190831,153130,78,2,1681,485,1743,555,Sep06_0/26-20190831153130-snapshot.jpg
5,0,20190831,153200,75,2,1557,467,1621,528,Sep06_0/26-20190831153200-snapshot.jpg
5,0,20190831,153230,77,2,343,451,402,514,Sep06_0/26-20190831153230-snapshot.jpg
5,0,20190831,153230,83,2,715,503,772,563,Sep06_0/26-20190831153230-snapshot.jpg
5,0,20190831,153300,69,2,315,231,374,282,Sep06_0/26-20190831153300-snapshot.jpg
5,0,20190831,153300,72,2,1067,480,1118,541,Sep06_0/26-20190831153300-snapshot.jpg
5,0,20190831,153300,82,2,740,482,796,545,Sep06_0/26-20190831153300-snapshot.jpg
5,0,20190831,153330,83,2,1082,419,1148,486,Sep06_0/26-20190831153330-snapshot.jpg
5,0,20190831,153330,83,2,1243,517,1313,575,Sep06_0/26-20190831153330-snapshot.jpg
5,0,20190831,153430,71,2,1,469,62,530,Sep06_0/26-20190831153430-snapshot.jpg
5,0,20190831,153500,86,2,363,477,422,549,Sep06_0/26-20190831153500-snapshot.jpg
5,0,20190831,153600,83,2,1600,477,1660,551,Sep06_0/26-20190831153600-snapshot.jpg
5,0,20190831,153700,84,2,901,191,978,265,Sep06_0/26-20190831153700-snapshot.jpg
5,0,20190831,154000,78,2,431,229,482,288,Sep06_0/26-20190831154000-snapshot.jpg
5,0,20190831,154130,76,2,323,187,392,263,Sep06_0/26-20190831154130-snapshot.jpg
5,0,20190831,154130,86,2,363,384,437,438,Sep06_0/26-20190831154130-snapshot.jpg
5,0,20190831,154200,84,2,941,233,1013,291,Sep06_0/26-20190831154200-snapshot.jpg
5,0,20190831,154300,78,2,190,843,251,921,Sep06_0/26-20190831154300-snapshot.jpg
5,0,20190831,154330,84,2,1143,420,1199,484,Sep06_0/26-20190831154330-snapshot.jpg
5,0,20190831,154400,83,2,1080,710,1158,753,Sep06_0/26-20190831154400-snapshot.jpg
5,0,20190831,154400,85,2,1101,574,1154,645,Sep06_0/26-20190831154400-snapshot.jpg
5,0,20190831,154400,86,2,1212,551,1268,620,Sep06_0/26-20190831154400-snapshot.jpg
5,0,20190831,154700,64,2,362,96,450,158,Sep06_0/26-20190831154700-snapshot.jpg
5,0,20190831,154730,87,2,446,391,501,464,Sep06_0/26-20190831154730-snapshot.jpg
5,0,20190831,154800,74,2,43,280,115,351,Sep06_0/26-20190831154800-snapshot.jpg
5,0,20190831,155300,84,2,1122,554,1175,628,Sep06_0/26-20190831155300-snapshot.jpg
5,0,20190831,155400,86,2,759,225,829,295,Sep06_0/26-20190831155400-snapshot.jpg
5,0,20190831,155500,73,2,1666,513,1728,588,Sep06_0/26-20190831155500-snapshot.jpg
5,0,20190831,155630,76,2,1209,538,1268,587,Sep06_0/26-20190831155630-snapshot.jpg
5,0,20190831,160200,75,2,0,484,60,545,Sep06_0/26-20190831160200-snapshot.jpg
5,0,20190831,160230,86,2,1035,382,1094,465,Sep06_0/26-20190831160230-snapshot.jpg
5,0,20190831,160330,81,2,1562,510,1649,562,Sep06_0/26-20190831160330-snapshot.jpg
5,0,20190831,160430,83,2,420,272,483,337,Sep06_0/26-20190831160430-snapshot.jpg
5,0,20190831,160500,47,2,184,194,261,243,Sep06_0/26-20190831160500-snapshot.jpg
5,0,20190831,160500,74,2,895,492,971,548,Sep06_0/26-20190831160500-snapshot.jpg
5,0,20190831,160530,65,2,1034,488,1109,547,Sep06_0/26-20190831160530-snapshot.jpg
5,0,20190831,160600,80,2,740,492,797,545,Sep06_0/26-20190831160600-snapshot.jpg
5,0,20190831,160600,81,2,1058,696,1113,765,Sep06_0/26-20190831160600-snapshot.jpg
5,0,20190831,160630,84,2,451,396,506,470,Sep06_0/26-20190831160630-snapshot.jpg
5,0,20190831,160730,87,2,988,494,1074,558,Sep06_0/26-20190831160730-snapshot.jpg
5,0,20190831,161030,86,2,718,327,782,395,Sep06_0/26-20190831161030-snapshot.jpg
5,0,20190831,161330,78,2,12,343,64,406,Sep06_0/26-20190831161330-snapshot.jpg
5,0,20190831,161500,84,2,2,286,59,355,Sep06_0/26-20190831161500-snapshot.jpg
5,0,20190831,161530,76,2,179,550,237,621,Sep06_0/26-20190831161530-snapshot.jpg
5,0,20190831,161530,84,2,429,428,487,501,Sep06_0/26-20190831161530-snapshot.jpg
5,0,20190831,161600,53,2,1706,438,1772,495,Sep06_0/26-20190831161600-snapshot.jpg
5,0,20190831,161600,78,2,1103,704,1171,748,Sep06_0/26-20190831161600-snapshot.jpg
5,0,20190831,161600,81,2,505,143,565,201,Sep06_0/26-20190831161600-snapshot.jpg
5,0,20190831,161600,83,2,0,430,56,496,Sep06_0/26-20190831161600-snapshot.jpg
5,0,20190831,161630,88,2,415,228,475,310,Sep06_0/26-20190831161630-snapshot.jpg
5,0,20190831,161800,87,2,743,171,798,252,Sep06_0/26-20190831161800-snapshot.jpg
5,0,20190831,162030,79,2,1189,546,1259,594,Sep06_0/26-20190831162030-snapshot.jpg
5,0,20190831,162100,66,2,362,428,432,481,Sep06_0/26-20190831162100-snapshot.jpg
5,0,20190831,162430,68,2,1694,479,1757,535,Sep06_0/26-20190831162430-snapshot.jpg
5,0,20190831,162530,67,2,992,19,1058,99,Sep06_0/26-20190831162530-snapshot.jpg
5,0,20190831,162530,72,2,577,311,655,358,Sep06_0/26-20190831162530-snapshot.jpg
5,0,20190831,162530,84,2,352,486,431,535,Sep06_0/26-20190831162530-snapshot.jpg
5,0,20190831,162600,80,2,1139,616,1195,679,Sep06_0/26-20190831162600-snapshot.jpg
5,0,20190831,162700,53,2,1663,1,1729,63,Sep06_0/26-20190831162700-snapshot.jpg
5,0,20190831,162800,81,2,381,424,464,474,Sep06_0/26-20190831162800-snapshot.jpg
5,0,20190831,162930,84,2,2,450,56,518,Sep06_0/26-20190831162930-snapshot.jpg
5,0,20190831,163130,86,2,902,419,959,495,Sep06_0/26-20190831163130-snapshot.jpg
5,0,20190831,163430,85,2,988,143,1065,205,Sep06_0/26-20190831163430-snapshot.jpg
5,0,20190831,163500,81,2,89,513,149,577,Sep06_0/26-20190831163500-snapshot.jpg
5,0,20190831,163600,48,2,0,472,30,529,Sep06_0/26-20190831163600-snapshot.jpg
5,0,20190831,163700,85,2,458,359,510,430,Sep06_0/26-20190831163700-snapshot.jpg
5,0,20190831,163730,78,2,1693,467,1769,519,Sep06_0/26-20190831163730-snapshot.jpg
5,0,20190831,163730,79,2,318,207,379,274,Sep06_0/26-20190831163730-snapshot.jpg
5,0,20190831,163930,80,2,1219,545,1277,606,Sep06_0/26-20190831163930-snapshot.jpg
5,0,20190831,163930,85,2,1130,429,1184,500,Sep06_0/26-20190831163930-snapshot.jpg
5,0,20190831,164000,58,2,906,863,987,915,Sep06_0/26-20190831164000-snapshot.jpg
5,0,20190831,164000,68,2,1161,688,1233,733,Sep06_0/26-20190831164000-snapshot.jpg
5,0,20190831,164200,63,2,1545,667,1639,727,Sep06_0/26-20190831164200-snapshot.jpg
5,0,20190831,164300,45,2,1515,642,1600,714,Sep06_0/26-20190831164300-snapshot.jpg
5,0,20190831,164330,88,2,470,197,521,276,Sep06_0/26-20190831164330-snapshot.jpg
5,0,20190831,164430,82,2,807,600,861,654,Sep06_0/26-20190831164430-snapshot.jpg
5,0,20190831,164600,79,2,1162,445,1237,508,Sep06_0/26-20190831164600-snapshot.jpg
5,0,20190831,164900,70,2,178,245,257,308,Sep06_0/26-20190831164900-snapshot.jpg
5,0,20190831,165000,78,2,707,342,758,398,Sep06_0/26-20190831165000-snapshot.jpg
5,0,20190831,165100,87,2,724,180,783,257,Sep06_0/26-20190831165100-snapshot.jpg
5,0,20190831,165130,84,2,896,466,952,534,Sep06_0/26-20190831165130-snapshot.jpg
5,0,20190831,165200,87,2,847,141,921,214,Sep06_0/26-20190831165200-snapshot.jpg
5,0,20190831,165230,78,2,384,6,475,93,Sep06_0/26-20190831165230-snapshot.jpg
5,0,20190831,165230,86,2,1199,519,1256,591,Sep06_0/26-20190831165230-snapshot.jpg
5,0,20190831,165330,86,2,798,284,856,352,Sep06_0/26-20190831165330-snapshot.jpg
5,0,20190831,165600,74,2,1168,404,1221,450,Sep06_0/26-20190831165600-snapshot.jpg
5,0,20190831,165600,84,2,890,477,951,541,Sep06_0/26-20190831165600-snapshot.jpg
5,0,20190831,165730,81,2,0,367,39,440,Sep06_0/26-20190831165730-snapshot.jpg
5,0,20190831,165800,81,2,35,300,92,372,Sep06_0/26-20190831165800-snapshot.jpg
5,0,20190831,165800,83,2,1146,609,1226,657,Sep06_0/26-20190831165800-snapshot.jpg
5,0,20190831,165930,50,2,776,575,829,622,Sep06_0/26-20190831165930-snapshot.jpg
5,0,20190831,170000,74,2,758,35,851,97,Sep06_0/26-20190831170000-snapshot.jpg
5,0,20190831,170030,63,2,1443,1041,1520,1079,Sep06_0/26-20190831170030-snapshot.jpg
5,0,20190831,170100,87,2,754,142,816,227,Sep06_0/26-20190831170100-snapshot.jpg
5,0,20190831,170330,82,2,948,359,1002,430,Sep06_0/26-20190831170330-snapshot.jpg
5,0,20190831,170600,79,4,1146,449,1212,539,Sep06_0/26-20190831170600-snapshot.jpg
5,0,20190831,170700,84,2,744,497,803,556,Sep06_0/26-20190831170700-snapshot.jpg
5,0,20190831,170730,87,2,742,157,825,222,Sep06_0/26-20190831170730-snapshot.jpg
5,0,20190831,170800,84,2,934,127,998,207,Sep06_0/26-20190831170800-snapshot.jpg
5,0,20190831,171100,75,2,320,207,393,264,Sep06_0/26-20190831171100-snapshot.jpg
5,0,20190831,171230,81,2,562,487,643,533,Sep06_0/26-20190831171230-snapshot.jpg
5,0,20190831,171330,75,2,0,430,35,496,Sep06_0/26-20190831171330-snapshot.jpg
5,0,20190831,171400,78,2,475,368,546,420,Sep06_0/26-20190831171400-snapshot.jpg
5,0,20190831,171430,75,2,1598,585,1663,658,Sep06_0/26-20190831171430-snapshot.jpg
5,0,20190831,171430,80,2,492,93,568,142,Sep06_0/26-20190831171430-snapshot.jpg
5,0,20190831,171500,69,2,1624,460,1700,516,Sep06_0/26-20190831171500-snapshot.jpg
5,0,20190831,171700,83,2,1071,483,1149,531,Sep06_0/26-20190831171700-snapshot.jpg
5,0,20190831,171730,81,2,868,485,943,536,Sep06_0/26-20190831171730-snapshot.jpg
5,0,20190831,171800,87,2,822,136,906,200,Sep06_0/26-20190831171800-snapshot.jpg
5,0,20190831,171830,84,2,1020,719,1077,786,Sep06_0/26-20190831171830-snapshot.jpg
5,0,20190831,172000,88,2,1128,502,1180,582,Sep06_0/26-20190831172000-snapshot.jpg
5,0,20190831,172030,64,2,1629,626,1713,694,Sep06_0/26-20190831172030-snapshot.jpg
5,0,20190831,172100,71,2,1620,645,1696,710,Sep06_0/26-20190831172100-snapshot.jpg
5,0,20190831,172100,83,2,1088,687,1143,748,Sep06_0/26-20190831172100-snapshot.jpg
5,0,20190831,172200,80,2,895,184,963,246,Sep06_0/26-20190831172200-snapshot.jpg
5,0,20190831,172230,44,2,1009,692,1084,752,Sep06_0/26-20190831172230-snapshot.jpg
5,0,20190831,172230,58,2,1625,458,1701,525,Sep06_0/26-20190831172230-snapshot.jpg
5,0,20190831,172330,77,2,0,428,51,483,Sep06_0/26-20190831172330-snapshot.jpg
5,0,20190831,172500,85,2,1571,476,1632,559,Sep06_0/26-20190831172500-snapshot.jpg
5,0,20190831,172600,33,2,1597,662,1663,716,Sep06_0/26-20190831172600-snapshot.jpg
5,0,20190831,172800,69,1,1396,91,1432,121,Sep06_0/26-20190831172800-snapshot.jpg
5,0,20190831,172830,41,2,1,375,54,443,Sep06_0/26-20190831172830-snapshot.jpg
5,0,20190831,172830,79,2,58,496,141,550,Sep06_0/26-20190831172830-snapshot.jpg
5,0,20190831,173000,82,8,1295,618,1386,665,Sep06_0/26-20190831173000-snapshot.jpg
5,0,20190831,173130,76,2,369,435,450,484,Sep06_0/26-20190831173130-snapshot.jpg
5,0,20190831,173300,76,2,1097,690,1157,745,Sep06_0/26-20190831173300-snapshot.jpg
5,0,20190831,173400,83,2,814,280,883,330,Sep06_0/26-20190831173400-snapshot.jpg
5,0,20190831,173430,81,2,753,464,808,528,Sep06_0/26-20190831173430-snapshot.jpg
5,0,20190831,173630,53,2,1047,613,1128,668,Sep06_0/26-20190831173630-snapshot.jpg
5,0,20190831,173630,80,2,342,395,399,462,Sep06_0/26-20190831173630-snapshot.jpg
5,0,20190831,173700,85,2,677,302,756,362,Sep06_0/26-20190831173700-snapshot.jpg
5,0,20190831,173730,56,2,1611,573,1673,638,Sep06_0/26-20190831173730-snapshot.jpg
5,0,20190831,174130,86,2,488,52,545,131,Sep06_0/26-20190831174130-snapshot.jpg
5,0,20190831,174330,84,2,856,135,911,209,Sep06_0/26-20190831174330-snapshot.jpg
5,0,20190831,174630,82,2,1053,497,1128,547,Sep06_0/26-20190831174630-snapshot.jpg
5,0,20190831,174700,84,2,775,282,840,337,Sep06_0/26-20190831174700-snapshot.jpg
5,0,20190831,174730,81,2,1450,474,1524,529,Sep06_0/26-20190831174730-snapshot.jpg
5,0,20190831,174900,79,2,731,530,780,588,Sep06_0/26-20190831174900-snapshot.jpg
5,0,20190831,174930,79,2,317,253,375,320,Sep06_0/26-20190831174930-snapshot.jpg
5,0,20190831,175100,83,2,516,123,594,172,Sep06_0/26-20190831175100-snapshot.jpg
5,0,20190831,175230,81,2,1148,373,1201,441,Sep06_0/26-20190831175230-snapshot.jpg
5,0,20190831,175330,84,4,1150,603,1219,700,Sep06_0/26-20190831175330-snapshot.jpg
5,0,20190831,175330,85,8,868,5,923,77,Sep06_0/26-20190831175330-snapshot.jpg
5,0,20190831,175430,56,2,1619,439,1698,513,Sep06_0/26-20190831175430-snapshot.jpg
5,0,20190831,175700,85,2,791,306,843,373,Sep06_0/26-20190831175700-snapshot.jpg
5,0,20190831,175730,78,2,1218,547,1269,613,Sep06_0/26-20190831175730-snapshot.jpg
5,0,20190831,175930,82,2,281,330,361,396,Sep06_0/26-20190831175930-snapshot.jpg
5,0,20190831,180100,80,2,604,233,675,286,Sep06_0/26-20190831180100-snapshot.jpg
5,0,20190831,180100,81,2,820,131,884,195,Sep06_0/26-20190831180100-snapshot.jpg
5,0,20190831,180430,59,2,205,182,262,253,Sep06_0/26-20190831180430-snapshot.jpg
5,0,20190831,180500,75,2,1706,459,1774,517,Sep06_0/26-20190831180500-snapshot.jpg
5,0,20190831,180500,83,2,379,433,432,509,Sep06_0/26-20190831180500-snapshot.jpg
5,0,20190831,180830,61,2,1147,424,1220,478,Sep06_0/26-20190831180830-snapshot.jpg
5,0,20190831,180830,78,2,939,308,1014,364,Sep06_0/26-20190831180830-snapshot.jpg
5,0,20190831,181030,72,2,387,454,462,510,Sep06_0/26-20190831181030-snapshot.jpg
5,0,20190831,181100,79,2,183,379,269,429,Sep06_0/26-20190831181100-snapshot.jpg
5,0,20190831,181100,81,2,1213,568,1266,627,Sep06_0/26-20190831181100-snapshot.jpg
5,0,20190831,181130,86,2,846,156,925,216,Sep06_0/26-20190831181130-snapshot.jpg
5,0,20190831,181200,80,2,343,255,404,337,Sep06_0/26-20190831181200-snapshot.jpg
5,0,20190831,181530,84,2,1109,546,1160,615,Sep06_0/26-20190831181530-snapshot.jpg
5,0,20190831,181900,87,2,430,305,486,384,Sep06_0/26-20190831181900-snapshot.jpg
5,0,20190831,181930,84,2,985,503,1064,557,Sep06_0/26-20190831181930-snapshot.jpg
5,0,20190831,182000,63,2,1691,486,1753,530,Sep06_0/26-20190831182000-snapshot.jpg
5,0,20190831,182200,79,2,231,523,314,577,Sep06_0/26-20190831182200-snapshot.jpg
5,0,20190831,182200,84,2,746,309,826,355,Sep06_0/26-20190831182200-snapshot.jpg
5,0,20190831,182730,86,2,578,175,641,252,Sep06_0/26-20190831182730-snapshot.jpg
5,0,20190831,182830,79,1,778,886,821,927,Sep06_0/26-20190831182830-snapshot.jpg
5,0,20190831,182900,40,2,1601,663,1665,720,Sep06_0/26-20190831182900-snapshot.jpg
5,0,20190831,182930,86,2,1535,416,1599,497,Sep06_0/26-20190831182930-snapshot.jpg
5,0,20190831,183000,85,2,917,173,972,246,Sep06_0/26-20190831183000-snapshot.jpg
5,0,20190831,183430,87,2,783,179,841,257,Sep06_0/26-20190831183430-snapshot.jpg
5,0,20190831,183700,79,2,338,396,389,455,Sep06_0/26-20190831183700-snapshot.jpg
5,0,20190831,183730,73,2,0,474,51,522,Sep06_0/26-20190831183730-snapshot.jpg
5,0,20190831,184330,86,2,177,574,265,633,Sep06_0/26-20190831184330-snapshot.jpg
5,0,20190831,184530,78,2,710,355,773,419,Sep06_0/26-20190831184530-snapshot.jpg
5,0,20190831,184600,86,2,876,254,950,314,Sep06_0/26-20190831184600-snapshot.jpg
5,0,20190831,184630,86,2,366,479,425,551,Sep06_0/26-20190831184630-snapshot.jpg
5,0,20190831,184730,84,2,1575,519,1634,592,Sep06_0/26-20190831184730-snapshot.jpg
5,0,20190831,184800,78,2,419,59,503,123,Sep06_0/26-20190831184800-snapshot.jpg
5,0,20190831,185830,81,2,1176,395,1232,447,Sep06_0/26-20190831185830-snapshot.jpg
5,0,20190831,190100,85,2,1525,424,1589,503,Sep06_0/26-20190831190100-snapshot.jpg
5,0,20190831,190130,86,2,880,301,938,364,Sep06_0/26-20190831190130-snapshot.jpg
5,0,20190831,190200,85,2,431,41,512,113,Sep06_0/26-20190831190200-snapshot.jpg
5,0,20190831,190800,86,2,1100,531,1156,610,Sep06_0/26-20190831190800-snapshot.jpg
5,0,20190831,190900,86,2,314,168,376,248,Sep06_0/26-20190831190900-snapshot.jpg
5,0,20190831,190930,87,2,505,97,563,177,Sep06_0/26-20190831190930-snapshot.jpg
5,0,20190831,191000,83,2,1564,520,1647,587,Sep06_0/26-20190831191000-snapshot.jpg
5,0,20190831,191000,86,2,1118,638,1174,704,Sep06_0/26-20190831191000-snapshot.jpg
5,0,20190831,191400,65,2,0,480,40,531,Sep06_0/26-20190831191400-snapshot.jpg
5,0,20190831,191730,75,2,418,44,487,118,Sep06_0/26-20190831191730-snapshot.jpg
5,0,20190831,191730,77,2,1504,726,1581,791,Sep06_0/26-20190831191730-snapshot.jpg
5,0,20190831,192430,77,8,1251,0,1304,60,Sep06_0/26-20190831192430-snapshot.jpg
5,0,20190831,193030,85,2,1209,568,1270,622,Sep06_0/26-20190831193030-snapshot.jpg
5,0,20190831,193100,88,2,845,158,902,246,Sep06_0/26-20190831193100-snapshot.jpg
5,0,20190831,194130,86,8,1750,877,1809,956,Sep06_0/26-20190831194130-snapshot.jpg
5,0,20190901,061930,44,4,0,944,50,1024,Sep06_0/45-20190901061930-snapshot.jpg
5,0,20190901,063500,26,4,0,946,48,1023,Sep06_0/48-20190901063500-snapshot.jpg
5,0,20190901,063530,39,4,0,945,46,1024,Sep06_0/48-20190901063530-snapshot.jpg
5,0,20190901,063630,36,4,0,947,48,1023,Sep06_0/48-20190901063630-snapshot.jpg
5,0,20190901,064100,52,4,0,946,50,1025,Sep06_0/49-20190901064100-snapshot.jpg
5,0,20190901,064230,51,4,0,944,50,1025,Sep06_0/50-20190901064230-snapshot.jpg
5,0,20190901,064300,47,4,0,943,50,1025,Sep06_0/50-20190901064300-snapshot.jpg
5,0,20190901,064430,26,4,0,938,48,1024,Sep06_0/50-20190901064430-snapshot.jpg
5,0,20190901,064500,49,4,0,943,48,1022,Sep06_0/51-20190901064500-snapshot.jpg
5,0,20190901,064800,27,4,0,941,48,1023,Sep06_0/51-20190901064800-snapshot.jpg
5,0,20190901,064900,46,4,0,941,48,1024,Sep06_0/51-20190901064900-snapshot.jpg
5,0,20190901,065330,29,4,0,942,49,1025,Sep06_0/53-20190901065330-snapshot.jpg
