5,0,20190823,101400,81,2,978,890,1034,952,Aug30_0/01-20190823101400-snapshot.jpg
5,0,20190823,101400,83,8,492,140,552,209,Aug30_0/01-20190823101400-snapshot.jpg
5,0,20190823,101600,87,2,907,567,994,640,Aug30_0/01-20190823101600-snapshot.jpg
5,0,20190823,103500,74,2,1318,817,1369,886,Aug30_0/01-20190823103500-snapshot.jpg
5,0,20190823,103700,85,2,889,864,976,925,Aug30_0/01-20190823103700-snapshot.jpg
5,0,20190823,103730,86,2,1530,322,1591,396,Aug30_0/01-20190823103730-snapshot.jpg
5,0,20190823,104930,84,8,1449,386,1535,442,Aug30_0/01-20190823104930-snapshot.jpg
5,0,20190823,105100,88,4,1514,385,1591,472,Aug30_0/01-20190823105100-snapshot.jpg
5,0,20190823,105700,81,2,1313,789,1387,842,Aug30_0/01-20190823105700-snapshot.jpg
5,0,20190823,105830,83,2,1313,790,1369,855,Aug30_0/01-20190823105830-snapshot.jpg
5,0,20190823,105900,86,2,901,798,961,874,Aug30_0/01-20190823105900-snapshot.jpg
5,0,20190823,110300,81,8,817,139,911,192,Aug30_0/01-20190823110300-snapshot.jpg
5,0,20190823,111030,85,2,853,550,939,604,Aug30_0/01-20190823111030-snapshot.jpg
5,0,20190823,111100,88,2,994,881,1084,931,Aug30_0/01-20190823111100-snapshot.jpg
5,0,20190823,112730,87,2,931,898,1019,949,Aug30_0/01-20190823112730-snapshot.jpg
5,0,20190823,113300,87,2,1542,304,1615,381,Aug30_0/01-20190823113300-snapshot.jpg
5,0,20190823,113330,86,2,1020,889,1109,937,Aug30_0/01-20190823113330-snapshot.jpg
5,0,20190823,113400,86,2,1331,788,1385,856,Aug30_0/01-20190823113400-snapshot.jpg
5,0,20190823,114230,85,2,925,572,1017,628,Aug30_0/01-20190823114230-snapshot.jpg
5,0,20190823,114300,86,9,903,894,992,959,Aug30_0/01-20190823114300-snapshot.jpg
5,0,20190823,114900,80,2,1768,1022,1841,1080,Aug30_0/01-20190823114900-snapshot.jpg
5,0,20190823,115030,85,2,992,904,1070,965,Aug30_0/01-20190823115030-snapshot.jpg
5,0,20190823,115130,44,2,1328,856,1380,903,Aug30_0/01-20190823115130-snapshot.jpg
5,0,20190823,115230,84,2,906,868,988,940,Aug30_0/01-20190823115230-snapshot.jpg
5,0,20190823,115430,80,2,897,760,972,811,Aug30_0/01-20190823115430-snapshot.jpg
5,0,20190823,115500,74,2,1773,1028,1841,1080,Aug30_0/01-20190823115500-snapshot.jpg
5,0,20190823,120900,85,2,1541,294,1613,343,Aug30_0/01-20190823120900-snapshot.jpg
5,0,20190823,121300,85,2,1021,892,1108,940,Aug30_0/01-20190823121300-snapshot.jpg
5,0,20190823,122100,84,8,474,8,545,90,Aug30_0/01-20190823122100-snapshot.jpg
5,0,20190823,122400,86,9,1578,347,1638,431,Aug30_0/01-20190823122400-snapshot.jpg
5,0,20190823,122700,86,2,921,872,993,947,Aug30_0/01-20190823122700-snapshot.jpg
5,0,20190823,122730,75,2,1436,997,1531,1057,Aug30_0/01-20190823122730-snapshot.jpg
5,0,20190823,122730,84,2,1298,813,1376,883,Aug30_0/01-20190823122730-snapshot.jpg
5,0,20190823,123100,78,2,1334,840,1382,902,Aug30_0/01-20190823123100-snapshot.jpg
5,0,20190823,123600,86,2,923,785,987,855,Aug30_0/01-20190823123600-snapshot.jpg
5,0,20190823,123700,85,2,1296,829,1379,881,Aug30_0/01-20190823123700-snapshot.jpg
5,0,20190823,125500,86,2,583,515,681,606,Aug30_0/01-20190823125500-snapshot.jpg
5,0,20190823,130430,86,2,882,904,956,969,Aug30_0/01-20190823130430-snapshot.jpg
5,0,20190823,131800,84,2,964,515,1028,576,Aug30_0/01-20190823131800-snapshot.jpg
5,0,20190823,131930,77,2,873,803,953,856,Aug30_0/01-20190823131930-snapshot.jpg
5,0,20190823,132000,83,2,1553,281,1617,349,Aug30_0/01-20190823132000-snapshot.jpg
5,0,20190823,132030,87,2,1516,313,1595,387,Aug30_0/01-20190823132030-snapshot.jpg
5,0,20190823,132100,72,2,1327,798,1384,862,Aug30_0/01-20190823132100-snapshot.jpg
5,0,20190823,132100,87,2,823,744,916,800,Aug30_0/01-20190823132100-snapshot.jpg
5,0,20190823,132730,85,2,1061,815,1136,874,Aug30_0/01-20190823132730-snapshot.jpg
5,0,20190823,133030,88,2,957,907,1043,960,Aug30_0/01-20190823133030-snapshot.jpg
5,0,20190823,133100,85,2,1543,298,1599,368,Aug30_0/01-20190823133100-snapshot.jpg
5,0,20190823,133230,86,2,1394,772,1455,841,Aug30_0/01-20190823133230-snapshot.jpg
5,0,20190823,134030,80,2,1383,920,1454,982,Aug30_0/01-20190823134030-snapshot.jpg
5,0,20190823,134230,86,2,1568,306,1645,363,Aug30_0/01-20190823134230-snapshot.jpg
5,0,20190823,134600,82,2,1296,767,1349,824,Aug30_0/01-20190823134600-snapshot.jpg
5,0,20190823,135200,83,2,905,794,984,844,Aug30_0/01-20190823135200-snapshot.jpg
5,0,20190823,135230,87,2,1537,311,1623,381,Aug30_0/01-20190823135230-snapshot.jpg
5,0,20190823,140100,89,2,998,860,1087,924,Aug30_0/01-20190823140100-snapshot.jpg
5,0,20190823,140330,80,2,1814,941,1906,993,Aug30_0/01-20190823140330-snapshot.jpg
5,0,20190823,140330,86,2,931,929,987,998,Aug30_0/01-20190823140330-snapshot.jpg
5,0,20190823,140400,85,2,1027,795,1087,867,Aug30_0/01-20190823140400-snapshot.jpg
5,0,20190823,140630,82,2,916,762,969,825,Aug30_0/01-20190823140630-snapshot.jpg
5,0,20190823,141030,83,2,1511,410,1575,480,Aug30_0/01-20190823141030-snapshot.jpg
5,0,20190823,141100,77,2,1316,824,1389,881,Aug30_0/01-20190823141100-snapshot.jpg
5,0,20190823,141930,86,2,1544,308,1601,379,Aug30_0/01-20190823141930-snapshot.jpg
5,0,20190823,142230,83,2,1058,798,1114,856,Aug30_0/01-20190823142230-snapshot.jpg
5,0,20190823,142500,86,2,1209,928,1300,991,Aug30_0/01-20190823142500-snapshot.jpg
5,0,20190823,142700,84,2,908,765,966,831,Aug30_0/01-20190823142700-snapshot.jpg
5,0,20190823,143300,86,2,1211,930,1298,990,Aug30_0/01-20190823143300-snapshot.jpg
5,0,20190823,143330,79,2,1778,1013,1873,1061,Aug30_0/01-20190823143330-snapshot.jpg
5,0,20190823,143330,85,2,1518,378,1576,443,Aug30_0/01-20190823143330-snapshot.jpg
5,0,20190823,143500,88,2,1529,331,1622,402,Aug30_0/01-20190823143500-snapshot.jpg
5,0,20190823,144030,76,2,902,877,962,942,Aug30_0/01-20190823144030-snapshot.jpg
5,0,20190823,144100,84,2,902,856,990,907,Aug30_0/01-20190823144100-snapshot.jpg
5,0,20190823,144130,82,2,1493,401,1570,461,Aug30_0/01-20190823144130-snapshot.jpg
5,0,20190823,144430,86,2,940,908,1005,977,Aug30_0/01-20190823144430-snapshot.jpg
5,0,20190823,144800,84,2,1330,778,1387,844,Aug30_0/01-20190823144800-snapshot.jpg
5,0,20190823,144900,86,2,989,881,1071,940,Aug30_0/01-20190823144900-snapshot.jpg
5,0,20190823,145300,80,2,1812,754,1902,809,Aug30_0/01-20190823145300-snapshot.jpg
5,0,20190823,145530,30,2,1828,1026,1881,1069,Aug30_0/01-20190823145530-snapshot.jpg
5,0,20190823,145530,85,2,1050,805,1124,859,Aug30_0/01-20190823145530-snapshot.jpg
5,0,20190823,145800,87,2,937,607,1011,672,Aug30_0/01-20190823145800-snapshot.jpg
5,0,20190823,150100,86,2,1430,344,1489,426,Aug30_0/01-20190823150100-snapshot.jpg
5,0,20190823,150400,84,2,901,765,965,828,Aug30_0/01-20190823150400-snapshot.jpg
5,0,20190823,150430,84,2,1057,820,1121,875,Aug30_0/01-20190823150430-snapshot.jpg
5,0,20190823,151030,73,2,1682,1020,1770,1077,Aug30_0/01-20190823151030-snapshot.jpg
5,0,20190823,151130,84,2,980,643,1035,709,Aug30_0/01-20190823151130-snapshot.jpg
5,0,20190823,151200,77,2,1804,930,1880,998,Aug30_0/01-20190823151200-snapshot.jpg
5,0,20190823,151700,85,2,955,901,1036,958,Aug30_0/01-20190823151700-snapshot.jpg
5,0,20190823,151830,74,2,1670,1011,1762,1071,Aug30_0/01-20190823151830-snapshot.jpg
5,0,20190823,152030,78,2,1567,328,1627,385,Aug30_0/01-20190823152030-snapshot.jpg
5,0,20190823,152600,74,8,1876,629,1919,699,Aug30_0/01-20190823152600-snapshot.jpg
5,0,20190823,152700,72,2,1779,1023,1866,1068,Aug30_0/01-20190823152700-snapshot.jpg
5,0,20190823,152900,86,2,926,868,1010,932,Aug30_0/01-20190823152900-snapshot.jpg
5,0,20190823,153430,79,2,887,772,942,832,Aug30_0/01-20190823153430-snapshot.jpg
5,0,20190823,153500,86,2,1321,835,1381,906,Aug30_0/01-20190823153500-snapshot.jpg
5,0,20190823,153630,81,2,973,928,1054,999,Aug30_0/01-20190823153630-snapshot.jpg
5,0,20190823,153830,77,8,1322,938,1382,994,Aug30_0/01-20190823153830-snapshot.jpg
5,0,20190823,154030,85,2,915,867,973,935,Aug30_0/01-20190823154030-snapshot.jpg
5,0,20190823,154300,82,2,1040,805,1096,859,Aug30_0/01-20190823154300-snapshot.jpg
5,0,20190823,154330,76,2,289,775,381,831,Aug30_0/01-20190823154330-snapshot.jpg
5,0,20190823,154330,86,2,1550,333,1609,412,Aug30_0/01-20190823154330-snapshot.jpg
5,0,20190823,154400,77,2,1840,1021,1918,1070,Aug30_0/01-20190823154400-snapshot.jpg
5,0,20190823,154430,84,1,643,707,681,741,Aug30_0/01-20190823154430-snapshot.jpg
5,0,20190823,154730,87,2,1555,326,1637,391,Aug30_0/01-20190823154730-snapshot.jpg
5,0,20190823,154800,85,1,994,375,1032,407,Aug30_0/01-20190823154800-snapshot.jpg
5,0,20190823,154830,84,1,929,156,972,200,Aug30_0/01-20190823154830-snapshot.jpg
5,0,20190823,155000,85,2,1577,349,1660,400,Aug30_0/01-20190823155000-snapshot.jpg
5,0,20190823,155030,87,2,1212,933,1306,985,Aug30_0/01-20190823155030-snapshot.jpg
5,0,20190823,155100,81,2,954,646,1031,710,Aug30_0/01-20190823155100-snapshot.jpg
5,0,20190823,155200,76,1,1324,743,1362,779,Aug30_0/01-20190823155200-snapshot.jpg
5,0,20190823,155300,32,1,1197,928,1236,965,Aug30_0/01-20190823155300-snapshot.jpg
5,0,20190823,155430,61,1,1030,1048,1065,1078,Aug30_0/01-20190823155430-snapshot.jpg
5,0,20190823,155600,84,2,1276,821,1355,881,Aug30_0/01-20190823155600-snapshot.jpg
5,0,20190823,155730,66,2,1746,1035,1817,1080,Aug30_0/01-20190823155730-snapshot.jpg
5,0,20190823,160000,81,2,1486,405,1550,460,Aug30_0/01-20190823160000-snapshot.jpg
5,0,20190823,160100,77,2,1291,898,1353,960,Aug30_0/01-20190823160100-snapshot.jpg
5,0,20190823,160400,86,2,963,745,1027,818,Aug30_0/01-20190823160400-snapshot.jpg
5,0,20190823,161100,88,4,953,599,1050,675,Aug30_0/01-20190823161100-snapshot.jpg
5,0,20190823,161430,86,3,1293,798,1391,865,Aug30_0/01-20190823161430-snapshot.jpg
5,0,20190823,161530,81,2,948,931,1025,984,Aug30_0/01-20190823161530-snapshot.jpg
5,0,20190823,161630,84,2,1290,841,1367,905,Aug30_0/01-20190823161630-snapshot.jpg
5,0,20190823,162000,85,2,1489,439,1570,516,Aug30_0/01-20190823162000-snapshot.jpg
5,0,20190823,162230,83,2,955,670,1013,751,Aug30_0/01-20190823162230-snapshot.jpg
5,0,20190823,162700,78,2,1330,861,1383,917,Aug30_0/01-20190823162700-snapshot.jpg
5,0,20190823,162930,77,3,1207,947,1306,1011,Aug30_0/01-20190823162930-snapshot.jpg
5,0,20190823,163130,84,2,1255,802,1337,867,Aug30_0/01-20190823163130-snapshot.jpg
5,0,20190823,163700,62,2,1462,878,1521,929,Aug30_0/01-20190823163700-snapshot.jpg
5,0,20190823,164130,75,2,1858,991,1920,1049,Aug30_0/01-20190823164130-snapshot.jpg
5,0,20190823,164200,68,2,1565,319,1627,369,Aug30_0/01-20190823164200-snapshot.jpg
5,0,20190823,164330,75,2,1049,889,1108,945,Aug30_0/01-20190823164330-snapshot.jpg
5,0,20190823,164400,63,2,927,916,983,973,Aug30_0/01-20190823164400-snapshot.jpg
5,0,20190823,164400,85,2,705,67,790,146,Aug30_0/01-20190823164400-snapshot.jpg
5,0,20190823,164430,88,2,947,628,1027,700,Aug30_0/01-20190823164430-snapshot.jpg
5,0,20190823,164630,79,2,985,938,1062,999,Aug30_0/01-20190823164630-snapshot.jpg
5,0,20190823,165000,66,2,904,909,974,969,Aug30_0/01-20190823165000-snapshot.jpg
5,0,20190823,165100,84,2,927,923,1006,974,Aug30_0/01-20190823165100-snapshot.jpg
5,0,20190823,165130,70,2,1779,1023,1842,1080,Aug30_0/01-20190823165130-snapshot.jpg
5,0,20190823,165900,82,2,917,798,992,841,Aug30_0/01-20190823165900-snapshot.jpg
5,0,20190823,170030,84,2,1360,751,1417,816,Aug30_0/01-20190823170030-snapshot.jpg
5,0,20190823,170300,79,2,1454,429,1529,477,Aug30_0/01-20190823170300-snapshot.jpg
5,0,20190823,170300,87,2,1537,368,1596,445,Aug30_0/01-20190823170300-snapshot.jpg
5,0,20190823,170330,81,2,1317,885,1374,947,Aug30_0/01-20190823170330-snapshot.jpg
5,0,20190823,170500,85,2,1751,153,1820,237,Aug30_0/01-20190823170500-snapshot.jpg
5,0,20190823,170730,65,2,1772,1021,1843,1080,Aug30_0/01-20190823170730-snapshot.jpg
5,0,20190823,170830,82,2,1335,789,1393,854,Aug30_0/01-20190823170830-snapshot.jpg
5,0,20190823,170900,85,2,1011,845,1088,903,Aug30_0/01-20190823170900-snapshot.jpg
5,0,20190823,171000,87,2,1525,380,1582,456,Aug30_0/01-20190823171000-snapshot.jpg
5,0,20190823,171400,76,2,1067,835,1131,884,Aug30_0/01-20190823171400-snapshot.jpg
5,0,20190823,171430,82,2,1549,355,1621,405,Aug30_0/01-20190823171430-snapshot.jpg
5,0,20190823,172130,87,2,1543,376,1599,449,Aug30_0/01-20190823172130-snapshot.jpg
5,0,20190823,172200,86,2,1320,841,1374,905,Aug30_0/01-20190823172200-snapshot.jpg
5,0,20190823,172430,85,2,983,575,1047,650,Aug30_0/01-20190823172430-snapshot.jpg
5,0,20190823,172530,84,2,1709,111,1777,193,Aug30_0/01-20190823172530-snapshot.jpg
5,0,20190823,173000,55,2,1004,1029,1076,1080,Aug30_0/01-20190823173000-snapshot.jpg
5,0,20190823,173230,83,2,1071,819,1125,884,Aug30_0/01-20190823173230-snapshot.jpg
5,0,20190823,173600,87,4,1482,450,1566,510,Aug30_0/01-20190823173600-snapshot.jpg
5,0,20190823,173930,79,2,1294,841,1355,915,Aug30_0/01-20190823173930-snapshot.jpg
5,0,20190823,174200,83,2,1319,782,1375,846,Aug30_0/01-20190823174200-snapshot.jpg
5,0,20190823,174330,73,2,997,769,1083,824,Aug30_0/01-20190823174330-snapshot.jpg
5,0,20190823,175230,73,2,969,939,1046,999,Aug30_0/01-20190823175230-snapshot.jpg
5,0,20190823,175400,82,2,898,817,954,884,Aug30_0/01-20190823175400-snapshot.jpg
5,0,20190823,175930,69,2,1325,803,1405,860,Aug30_0/01-20190823175930-snapshot.jpg
5,0,20190823,180000,62,2,1024,914,1088,973,Aug30_0/01-20190823180000-snapshot.jpg
5,0,20190823,180230,77,2,1043,897,1121,957,Aug30_0/01-20190823180230-snapshot.jpg
5,0,20190823,180230,83,2,948,650,1033,700,Aug30_0/01-20190823180230-snapshot.jpg
5,0,20190823,180330,55,8,1333,889,1437,941,Aug30_0/01-20190823180330-snapshot.jpg
5,0,20190823,180730,84,2,1340,787,1394,852,Aug30_0/01-20190823180730-snapshot.jpg
5,0,20190823,180730,88,2,1521,374,1603,430,Aug30_0/01-20190823180730-snapshot.jpg
5,0,20190823,180800,88,2,509,324,599,410,Aug30_0/01-20190823180800-snapshot.jpg
5,0,20190823,180900,84,2,949,592,1009,664,Aug30_0/01-20190823180900-snapshot.jpg
5,0,20190823,181200,71,2,1777,1024,1859,1080,Aug30_0/01-20190823181200-snapshot.jpg
5,0,20190823,181300,79,2,931,925,1008,982,Aug30_0/01-20190823181300-snapshot.jpg
5,0,20190823,181330,83,2,1045,618,1125,657,Aug30_0/01-20190823181330-snapshot.jpg
5,0,20190823,181400,77,8,1587,180,1671,240,Aug30_0/01-20190823181400-snapshot.jpg
5,0,20190823,182200,74,2,1222,940,1312,1004,Aug30_0/01-20190823182200-snapshot.jpg
5,0,20190823,182800,72,2,1346,800,1420,846,Aug30_0/01-20190823182800-snapshot.jpg
5,0,20190823,182830,81,2,928,975,1009,1046,Aug30_0/01-20190823182830-snapshot.jpg
5,0,20190823,183030,85,2,1542,360,1619,406,Aug30_0/01-20190823183030-snapshot.jpg
5,0,20190823,183700,85,2,1345,796,1433,840,Aug30_0/01-20190823183700-snapshot.jpg
5,0,20190823,184030,84,2,1288,790,1341,853,Aug30_0/01-20190823184030-snapshot.jpg
5,0,20190823,184300,82,1,754,842,803,876,Aug30_0/01-20190823184300-snapshot.jpg
5,0,20190823,184330,81,1,752,793,804,842,Aug30_0/01-20190823184330-snapshot.jpg
5,0,20190823,184400,82,2,1070,1024,1145,1079,Aug30_0/01-20190823184400-snapshot.jpg
5,0,20190823,184530,84,2,999,931,1088,988,Aug30_0/01-20190823184530-snapshot.jpg
5,0,20190823,184600,88,2,933,873,1019,951,Aug30_0/01-20190823184600-snapshot.jpg
5,0,20190823,184700,67,1,583,1058,625,1079,Aug30_0/01-20190823184700-snapshot.jpg
5,0,20190823,184730,70,1,352,1026,395,1067,Aug30_0/01-20190823184730-snapshot.jpg
5,0,20190823,184800,73,1,163,953,203,988,Aug30_0/01-20190823184800-snapshot.jpg
5,0,20190823,184830,84,1,104,891,143,931,Aug30_0/01-20190823184830-snapshot.jpg
5,0,20190823,185200,66,2,1748,1024,1805,1079,Aug30_0/01-20190823185200-snapshot.jpg
5,0,20190823,185300,77,2,984,940,1056,1009,Aug30_0/01-20190823185300-snapshot.jpg
5,0,20190823,185400,82,1,37,517,77,551,Aug30_0/01-20190823185400-snapshot.jpg
5,0,20190823,185600,87,2,1540,378,1602,446,Aug30_0/01-20190823185600-snapshot.jpg
5,0,20190823,190400,83,2,973,641,1044,719,Aug30_0/01-20190823190400-snapshot.jpg
5,0,20190823,190800,86,2,941,926,1025,985,Aug30_0/01-20190823190800-snapshot.jpg
5,0,20190823,192530,81,2,1315,799,1397,846,Aug30_0/01-20190823192530-snapshot.jpg
5,0,20190823,192600,87,2,1547,348,1602,422,Aug30_0/01-20190823192600-snapshot.jpg
5,0,20190823,192800,43,2,1718,1046,1794,1080,Aug30_0/01-20190823192800-snapshot.jpg
5,0,20190823,193530,78,2,1293,778,1351,834,Aug30_0/01-20190823193530-snapshot.jpg
5,0,20190823,195530,90,2,949,930,1030,999,Aug30_0/01-20190823195530-snapshot.jpg
5,0,20190823,195630,83,2,1074,824,1128,887,Aug30_0/01-20190823195630-snapshot.jpg
5,0,20190823,202430,86,2,1537,340,1605,405,Aug30_0/01-20190823202430-snapshot.jpg
5,0,20190824,054230,66,1,811,403,864,454,Aug30_0/05-20190824054230-snapshot.jpg
5,0,20190824,054330,81,1,811,402,864,452,Aug30_0/05-20190824054330-snapshot.jpg
5,0,20190824,054400,84,1,810,401,863,451,Aug30_0/05-20190824054400-snapshot.jpg
5,0,20190824,054430,75,1,811,402,862,450,Aug30_0/05-20190824054430-snapshot.jpg
5,0,20190824,054500,83,1,811,400,863,449,Aug30_0/05-20190824054500-snapshot.jpg
5,0,20190824,054530,82,1,811,402,864,451,Aug30_0/05-20190824054530-snapshot.jpg
5,0,20190824,054600,83,1,810,402,862,449,Aug30_0/05-20190824054600-snapshot.jpg
5,0,20190824,054630,81,1,811,401,862,449,Aug30_0/05-20190824054630-snapshot.jpg
5,0,20190824,054700,83,1,811,402,862,449,Aug30_0/05-20190824054700-snapshot.jpg
5,0,20190824,054730,78,1,812,403,862,448,Aug30_0/05-20190824054730-snapshot.jpg
5,0,20190824,054800,75,1,811,401,861,447,Aug30_0/05-20190824054800-snapshot.jpg
5,0,20190824,054830,81,1,811,400,860,445,Aug30_0/05-20190824054830-snapshot.jpg
5,0,20190824,054900,73,1,812,400,861,447,Aug30_0/05-20190824054900-snapshot.jpg
5,0,20190824,054930,60,1,811,401,861,447,Aug30_0/05-20190824054930-snapshot.jpg
5,0,20190824,055000,52,1,811,400,861,446,Aug30_0/05-20190824055000-snapshot.jpg
5,0,20190824,055030,79,1,812,402,860,446,Aug30_0/05-20190824055030-snapshot.jpg
5,0,20190824,055100,51,1,811,402,858,446,Aug30_0/05-20190824055100-snapshot.jpg
5,0,20190824,055130,40,1,812,400,859,445,Aug30_0/06-20190824055130-snapshot.jpg
5,0,20190824,055200,72,1,811,401,859,446,Aug30_0/06-20190824055200-snapshot.jpg
5,0,20190824,055300,53,1,813,401,858,443,Aug30_0/06-20190824055300-snapshot.jpg
5,0,20190824,055330,33,1,812,401,857,444,Aug30_0/06-20190824055330-snapshot.jpg
5,0,20190824,055400,58,1,811,399,858,445,Aug30_0/06-20190824055400-snapshot.jpg
5,0,20190824,055430,28,1,812,400,858,445,Aug30_0/06-20190824055430-snapshot.jpg
5,0,20190824,055500,33,1,811,400,858,445,Aug30_0/07-20190824055500-snapshot.jpg
5,0,20190824,055600,47,2,919,613,990,676,Aug30_0/07-20190824055600-snapshot.jpg
5,0,20190824,093430,78,2,912,865,973,928,Aug30_0/07-20190824093430-snapshot.jpg
5,0,20190824,093500,86,2,888,832,973,897,Aug30_0/07-20190824093500-snapshot.jpg
5,0,20190824,095130,86,2,1569,324,1652,396,Aug30_0/07-20190824095130-snapshot.jpg
5,0,20190824,095600,83,2,885,877,951,946,Aug30_0/07-20190824095600-snapshot.jpg
5,0,20190824,100900,86,2,1335,776,1392,843,Aug30_0/07-20190824100900-snapshot.jpg
5,0,20190824,102100,46,1,816,405,856,443,Aug30_0/07-20190824102100-snapshot.jpg
5,0,20190824,103100,81,2,894,821,979,874,Aug30_0/07-20190824103100-snapshot.jpg
5,0,20190824,103300,38,1,816,404,854,438,Aug30_0/07-20190824103300-snapshot.jpg
5,0,20190824,103600,88,2,1323,781,1375,846,Aug30_0/07-20190824103600-snapshot.jpg
5,0,20190824,105200,82,2,1251,936,1342,998,Aug30_0/07-20190824105200-snapshot.jpg
5,0,20190824,105200,83,8,1035,413,1107,479,Aug30_0/07-20190824105200-snapshot.jpg
5,0,20190824,105500,51,2,1830,995,1919,1068,Aug30_0/07-20190824105500-snapshot.jpg
5,0,20190824,105730,86,2,1027,865,1084,946,Aug30_0/07-20190824105730-snapshot.jpg
5,0,20190824,111000,81,2,1574,339,1629,406,Aug30_0/07-20190824111000-snapshot.jpg
5,0,20190824,111130,82,1,369,725,413,765,Aug30_0/07-20190824111130-snapshot.jpg
5,0,20190824,111800,87,2,1280,754,1360,828,Aug30_0/07-20190824111800-snapshot.jpg
5,0,20190824,112300,85,2,925,807,985,872,Aug30_0/07-20190824112300-snapshot.jpg
5,0,20190824,112630,85,2,1326,809,1391,879,Aug30_0/07-20190824112630-snapshot.jpg
5,0,20190824,112930,86,2,1836,825,1900,907,Aug30_0/07-20190824112930-snapshot.jpg
5,0,20190824,113030,80,2,515,865,577,931,Aug30_0/07-20190824113030-snapshot.jpg
5,0,20190824,114100,87,2,1109,760,1191,825,Aug30_0/07-20190824114100-snapshot.jpg
5,0,20190824,114400,81,2,903,861,963,926,Aug30_0/07-20190824114400-snapshot.jpg
5,0,20190824,114430,83,2,1053,839,1115,908,Aug30_0/07-20190824114430-snapshot.jpg
5,0,20190824,114600,87,2,985,566,1042,641,Aug30_0/07-20190824114600-snapshot.jpg
5,0,20190824,114700,85,8,1622,124,1682,209,Aug30_0/07-20190824114700-snapshot.jpg
5,0,20190824,114900,85,2,1076,504,1136,581,Aug30_0/07-20190824114900-snapshot.jpg
5,0,20190824,115000,64,1,621,732,657,761,Aug30_0/07-20190824115000-snapshot.jpg
5,0,20190824,115100,40,1,621,732,657,761,Aug30_0/07-20190824115100-snapshot.jpg
5,0,20190824,115200,67,1,621,732,656,760,Aug30_0/07-20190824115200-snapshot.jpg
5,0,20190824,115230,73,1,621,732,656,760,Aug30_0/07-20190824115230-snapshot.jpg
5,0,20190824,115300,81,2,1061,823,1129,876,Aug30_0/07-20190824115300-snapshot.jpg
5,0,20190824,115330,84,2,906,903,975,971,Aug30_0/07-20190824115330-snapshot.jpg
5,0,20190824,115600,54,1,620,732,657,761,Aug30_0/07-20190824115600-snapshot.jpg
5,0,20190824,115630,29,1,621,731,657,761,Aug30_0/07-20190824115630-snapshot.jpg
5,0,20190824,115700,82,2,1051,789,1117,838,Aug30_0/07-20190824115700-snapshot.jpg
5,0,20190824,120100,28,2,1101,936,1182,1026,Aug30_0/07-20190824120100-snapshot.jpg
5,0,20190824,120130,83,2,1001,581,1110,635,Aug30_0/07-20190824120130-snapshot.jpg
5,0,20190824,120130,87,2,1539,342,1615,406,Aug30_0/07-20190824120130-snapshot.jpg
5,0,20190824,120200,87,2,979,925,1063,983,Aug30_0/07-20190824120200-snapshot.jpg
5,0,20190824,120230,86,2,937,572,1003,660,Aug30_0/07-20190824120230-snapshot.jpg
5,0,20190824,120630,81,2,920,919,1000,982,Aug30_0/07-20190824120630-snapshot.jpg
5,0,20190824,121100,83,2,1469,776,1525,837,Aug30_0/07-20190824121100-snapshot.jpg
5,0,20190824,121400,73,2,1282,931,1358,987,Aug30_0/07-20190824121400-snapshot.jpg
5,0,20190824,121930,89,2,928,907,1013,974,Aug30_0/07-20190824121930-snapshot.jpg
5,0,20190824,122100,86,2,908,856,1001,906,Aug30_0/07-20190824122100-snapshot.jpg
5,0,20190824,122130,85,2,1273,787,1352,842,Aug30_0/07-20190824122130-snapshot.jpg
5,0,20190824,122300,83,2,1414,970,1491,1043,Aug30_0/07-20190824122300-snapshot.jpg
5,0,20190824,122330,84,2,1582,307,1643,371,Aug30_0/07-20190824122330-snapshot.jpg
5,0,20190824,122430,79,2,999,622,1087,675,Aug30_0/07-20190824122430-snapshot.jpg
5,0,20190824,123130,83,2,1344,751,1400,813,Aug30_0/07-20190824123130-snapshot.jpg
5,0,20190824,123300,85,2,998,606,1082,669,Aug30_0/07-20190824123300-snapshot.jpg
5,0,20190824,123800,87,2,932,899,1010,964,Aug30_0/07-20190824123800-snapshot.jpg
5,0,20190824,124400,83,2,1361,924,1437,973,Aug30_0/07-20190824124400-snapshot.jpg
5,0,20190824,124500,78,2,1369,825,1453,873,Aug30_0/07-20190824124500-snapshot.jpg
5,0,20190824,125330,86,2,1342,756,1422,811,Aug30_0/07-20190824125330-snapshot.jpg
5,0,20190824,125900,82,2,1410,797,1485,849,Aug30_0/07-20190824125900-snapshot.jpg
5,0,20190824,125930,86,2,864,855,945,922,Aug30_0/07-20190824125930-snapshot.jpg
5,0,20190824,130300,72,2,1321,802,1386,867,Aug30_0/07-20190824130300-snapshot.jpg
5,0,20190824,131200,86,2,1300,853,1375,918,Aug30_0/07-20190824131200-snapshot.jpg
5,0,20190824,131830,80,2,1039,901,1117,960,Aug30_0/07-20190824131830-snapshot.jpg
5,0,20190824,131900,88,2,955,894,1050,941,Aug30_0/07-20190824131900-snapshot.jpg
5,0,20190824,132000,86,2,1002,490,1063,570,Aug30_0/07-20190824132000-snapshot.jpg
5,0,20190824,132030,86,2,1214,797,1302,847,Aug30_0/07-20190824132030-snapshot.jpg
5,0,20190824,132630,83,2,989,555,1050,631,Aug30_0/07-20190824132630-snapshot.jpg
5,0,20190824,132630,84,2,941,927,1016,992,Aug30_0/07-20190824132630-snapshot.jpg
5,0,20190824,132700,80,2,1282,828,1369,876,Aug30_0/07-20190824132700-snapshot.jpg
5,0,20190824,132700,84,2,800,390,911,452,Aug30_0/07-20190824132700-snapshot.jpg
5,0,20190824,133130,84,2,974,907,1037,970,Aug30_0/07-20190824133130-snapshot.jpg
5,0,20190824,133330,78,2,1035,890,1100,950,Aug30_0/07-20190824133330-snapshot.jpg
5,0,20190824,133400,85,2,909,866,989,942,Aug30_0/07-20190824133400-snapshot.jpg
5,0,20190824,133730,36,2,1284,778,1342,828,Aug30_0/07-20190824133730-snapshot.jpg
5,0,20190824,133900,63,2,1774,1023,1834,1080,Aug30_0/07-20190824133900-snapshot.jpg
5,0,20190824,133900,72,2,1318,800,1374,862,Aug30_0/07-20190824133900-snapshot.jpg
5,0,20190824,133930,32,8,1041,864,1100,935,Aug30_0/07-20190824133930-snapshot.jpg
5,0,20190824,133930,40,9,1040,865,1100,936,Aug30_0/07-20190824133930-snapshot.jpg
5,0,20190824,134030,75,2,176,253,241,336,Aug30_0/07-20190824134030-snapshot.jpg
5,0,20190824,134130,83,2,1097,653,1171,715,Aug30_0/07-20190824134130-snapshot.jpg
5,0,20190824,134630,71,2,1561,352,1634,387,Aug30_0/07-20190824134630-snapshot.jpg
5,0,20190824,134630,84,2,1056,831,1130,884,Aug30_0/07-20190824134630-snapshot.jpg
5,0,20190824,135030,82,2,1326,924,1394,992,Aug30_0/07-20190824135030-snapshot.jpg
5,0,20190824,135730,83,2,859,952,936,1005,Aug30_0/07-20190824135730-snapshot.jpg
5,0,20190824,135830,80,2,902,795,967,855,Aug30_0/07-20190824135830-snapshot.jpg
5,0,20190824,135930,70,2,1582,314,1642,367,Aug30_0/07-20190824135930-snapshot.jpg
5,0,20190824,140430,41,2,1226,941,1314,1002,Aug30_0/07-20190824140430-snapshot.jpg
5,0,20190824,140630,78,2,1321,790,1399,844,Aug30_0/07-20190824140630-snapshot.jpg
5,0,20190824,140700,82,2,1001,630,1083,673,Aug30_0/07-20190824140700-snapshot.jpg
5,0,20190824,140800,84,2,569,843,653,909,Aug30_0/07-20190824140800-snapshot.jpg
5,0,20190824,141400,60,2,1264,931,1342,994,Aug30_0/07-20190824141400-snapshot.jpg
5,0,20190824,141500,82,2,1342,749,1406,810,Aug30_0/07-20190824141500-snapshot.jpg
5,0,20190824,141500,84,2,1168,624,1225,695,Aug30_0/07-20190824141500-snapshot.jpg
5,0,20190824,141530,79,2,941,928,1026,979,Aug30_0/07-20190824141530-snapshot.jpg
5,0,20190824,141630,86,2,1099,562,1178,630,Aug30_0/07-20190824141630-snapshot.jpg
5,0,20190824,141930,68,2,592,888,656,955,Aug30_0/07-20190824141930-snapshot.jpg
5,0,20190824,142300,88,2,962,917,1042,983,Aug30_0/07-20190824142300-snapshot.jpg
5,0,20190824,142500,86,2,1054,796,1114,858,Aug30_0/07-20190824142500-snapshot.jpg
5,0,20190824,142600,77,2,957,646,1041,698,Aug30_0/07-20190824142600-snapshot.jpg
5,0,20190824,142700,83,2,938,791,998,858,Aug30_0/07-20190824142700-snapshot.jpg
5,0,20190824,142830,75,2,1297,784,1353,842,Aug30_0/07-20190824142830-snapshot.jpg
5,0,20190824,143130,82,2,1327,780,1384,842,Aug30_0/07-20190824143130-snapshot.jpg
5,0,20190824,143200,78,2,976,643,1050,698,Aug30_0/07-20190824143200-snapshot.jpg
5,0,20190824,143230,76,2,923,935,997,999,Aug30_0/07-20190824143230-snapshot.jpg
5,0,20190824,143400,83,2,1042,824,1117,863,Aug30_0/07-20190824143400-snapshot.jpg
5,0,20190824,143430,86,2,943,721,1027,780,Aug30_0/07-20190824143430-snapshot.jpg
5,0,20190824,143500,79,2,982,936,1070,989,Aug30_0/07-20190824143500-snapshot.jpg
5,0,20190824,143500,85,2,1682,230,1748,307,Aug30_0/07-20190824143500-snapshot.jpg
5,0,20190824,144030,82,2,1514,338,1589,385,Aug30_0/07-20190824144030-snapshot.jpg
5,0,20190824,144100,81,2,1048,791,1131,841,Aug30_0/07-20190824144100-snapshot.jpg
5,0,20190824,144230,61,2,1504,889,1582,948,Aug30_0/07-20190824144230-snapshot.jpg
5,0,20190824,144500,60,1,815,400,857,441,Aug30_0/07-20190824144500-snapshot.jpg
5,0,20190824,144530,77,1,816,400,857,440,Aug30_0/07-20190824144530-snapshot.jpg
5,0,20190824,144600,72,1,816,399,858,441,Aug30_0/07-20190824144600-snapshot.jpg
5,0,20190824,144630,61,1,815,400,857,440,Aug30_0/07-20190824144630-snapshot.jpg
5,0,20190824,144700,74,1,816,399,857,439,Aug30_0/07-20190824144700-snapshot.jpg
5,0,20190824,144730,79,1,816,399,858,440,Aug30_0/07-20190824144730-snapshot.jpg
5,0,20190824,144730,84,2,1062,573,1119,625,Aug30_0/07-20190824144730-snapshot.jpg
5,0,20190824,144730,85,2,1008,771,1083,839,Aug30_0/07-20190824144730-snapshot.jpg
5,0,20190824,144800,75,1,816,399,858,439,Aug30_0/07-20190824144800-snapshot.jpg
5,0,20190824,144830,78,1,816,399,858,440,Aug30_0/07-20190824144830-snapshot.jpg
5,0,20190824,144900,67,2,1331,798,1396,859,Aug30_0/07-20190824144900-snapshot.jpg
5,0,20190824,144900,75,1,816,399,858,439,Aug30_0/07-20190824144900-snapshot.jpg
5,0,20190824,144900,79,2,1033,911,1106,975,Aug30_0/07-20190824144900-snapshot.jpg
5,0,20190824,144930,74,1,816,399,858,439,Aug30_0/07-20190824144930-snapshot.jpg
5,0,20190824,144930,81,2,996,936,1080,990,Aug30_0/07-20190824144930-snapshot.jpg
5,0,20190824,145000,70,1,816,399,858,440,Aug30_0/07-20190824145000-snapshot.jpg
5,0,20190824,145030,76,1,817,398,857,439,Aug30_0/07-20190824145030-snapshot.jpg
5,0,20190824,145100,74,1,816,398,857,439,Aug30_0/07-20190824145100-snapshot.jpg
5,0,20190824,145130,76,1,816,398,858,441,Aug30_0/07-20190824145130-snapshot.jpg
5,0,20190824,145200,65,1,816,398,858,440,Aug30_0/07-20190824145200-snapshot.jpg
5,0,20190824,145230,75,1,816,398,858,440,Aug30_0/07-20190824145230-snapshot.jpg
5,0,20190824,145230,82,2,986,641,1059,700,Aug30_0/07-20190824145230-snapshot.jpg
5,0,20190824,145300,35,2,1648,1033,1732,1080,Aug30_0/07-20190824145300-snapshot.jpg
5,0,20190824,145300,54,1,816,398,858,440,Aug30_0/07-20190824145300-snapshot.jpg
5,0,20190824,145300,84,2,1059,559,1135,604,Aug30_0/07-20190824145300-snapshot.jpg
5,0,20190824,145330,37,1,816,398,858,439,Aug30_0/07-20190824145330-snapshot.jpg
5,0,20190824,145400,33,1,816,398,858,440,Aug30_0/07-20190824145400-snapshot.jpg
5,0,20190824,145630,82,2,1568,316,1650,368,Aug30_0/07-20190824145630-snapshot.jpg
5,0,20190824,145730,69,2,1756,1000,1837,1064,Aug30_0/07-20190824145730-snapshot.jpg
5,0,20190824,145730,87,2,934,815,1007,887,Aug30_0/07-20190824145730-snapshot.jpg
5,0,20190824,145830,76,2,1367,469,1451,512,Aug30_0/07-20190824145830-snapshot.jpg
5,0,20190824,145900,78,2,903,886,983,929,Aug30_0/07-20190824145900-snapshot.jpg
5,0,20190824,145930,84,2,901,785,960,852,Aug30_0/07-20190824145930-snapshot.jpg
5,0,20190824,150030,80,2,1294,804,1361,869,Aug30_0/07-20190824150030-snapshot.jpg
5,0,20190824,150100,81,2,1379,774,1451,824,Aug30_0/07-20190824150100-snapshot.jpg
5,0,20190824,150300,79,2,971,645,1048,703,Aug30_0/07-20190824150300-snapshot.jpg
5,0,20190824,150630,87,4,885,889,969,959,Aug30_0/07-20190824150630-snapshot.jpg
5,0,20190824,150830,84,2,934,884,995,955,Aug30_0/07-20190824150830-snapshot.jpg
5,0,20190824,151000,74,2,1012,892,1091,952,Aug30_0/07-20190824151000-snapshot.jpg
5,0,20190824,151030,67,2,882,876,938,934,Aug30_0/07-20190824151030-snapshot.jpg
5,0,20190824,151530,86,2,955,665,1007,739,Aug30_0/07-20190824151530-snapshot.jpg
5,0,20190824,151830,77,2,1048,619,1113,663,Aug30_0/07-20190824151830-snapshot.jpg
5,0,20190824,151930,82,8,120,926,206,1000,Aug30_0/07-20190824151930-snapshot.jpg
5,0,20190824,152000,80,2,921,888,995,962,Aug30_0/07-20190824152000-snapshot.jpg
5,0,20190824,152230,51,1,817,400,861,441,Aug30_0/07-20190824152230-snapshot.jpg
5,0,20190824,152300,47,1,818,400,861,441,Aug30_0/07-20190824152300-snapshot.jpg
5,0,20190824,152300,73,2,1268,830,1350,882,Aug30_0/07-20190824152300-snapshot.jpg
5,0,20190824,152330,59,1,818,401,861,441,Aug30_0/07-20190824152330-snapshot.jpg
5,0,20190824,152400,65,1,818,400,860,441,Aug30_0/07-20190824152400-snapshot.jpg
5,0,20190824,152430,72,1,817,399,861,441,Aug30_0/07-20190824152430-snapshot.jpg
5,0,20190824,152500,69,1,817,399,860,440,Aug30_0/07-20190824152500-snapshot.jpg
5,0,20190824,152530,68,1,818,399,860,441,Aug30_0/07-20190824152530-snapshot.jpg
5,0,20190824,152600,74,1,818,400,861,442,Aug30_0/07-20190824152600-snapshot.jpg
5,0,20190824,152630,74,1,818,399,860,440,Aug30_0/07-20190824152630-snapshot.jpg
5,0,20190824,152700,72,1,818,399,860,440,Aug30_0/07-20190824152700-snapshot.jpg
5,0,20190824,152730,74,1,818,399,860,440,Aug30_0/07-20190824152730-snapshot.jpg
5,0,20190824,152730,83,2,1577,331,1654,389,Aug30_0/07-20190824152730-snapshot.jpg
5,0,20190824,152800,36,1,817,399,860,439,Aug30_0/07-20190824152800-snapshot.jpg
5,0,20190824,152800,66,2,1047,898,1117,953,Aug30_0/07-20190824152800-snapshot.jpg
5,0,20190824,152800,85,2,1100,679,1167,755,Aug30_0/07-20190824152800-snapshot.jpg
5,0,20190824,152830,43,1,817,399,860,439,Aug30_0/07-20190824152830-snapshot.jpg
5,0,20190824,152830,83,2,900,834,967,910,Aug30_0/07-20190824152830-snapshot.jpg
5,0,20190824,152900,59,1,817,399,860,440,Aug30_0/07-20190824152900-snapshot.jpg
5,0,20190824,152930,70,1,817,398,860,439,Aug30_0/07-20190824152930-snapshot.jpg
5,0,20190824,153130,82,2,934,888,993,962,Aug30_0/07-20190824153130-snapshot.jpg
5,0,20190824,153230,76,2,479,761,566,807,Aug30_0/07-20190824153230-snapshot.jpg
5,0,20190824,153700,79,2,938,934,1011,993,Aug30_0/07-20190824153700-snapshot.jpg
5,0,20190824,154400,81,2,952,974,1041,1030,Aug30_0/07-20190824154400-snapshot.jpg
5,0,20190824,154600,80,2,1310,783,1368,842,Aug30_0/07-20190824154600-snapshot.jpg
5,0,20190824,155000,83,2,907,916,987,983,Aug30_0/07-20190824155000-snapshot.jpg
5,0,20190824,155230,82,2,903,896,963,963,Aug30_0/07-20190824155230-snapshot.jpg
5,0,20190824,155300,74,2,965,990,1053,1044,Aug30_0/07-20190824155300-snapshot.jpg
5,0,20190824,155500,58,2,1357,909,1425,959,Aug30_0/07-20190824155500-snapshot.jpg
5,0,20190824,155630,86,2,921,728,981,812,Aug30_0/07-20190824155630-snapshot.jpg
5,0,20190824,155700,83,2,938,899,996,968,Aug30_0/07-20190824155700-snapshot.jpg
5,0,20190824,155930,85,2,1063,825,1118,897,Aug30_0/07-20190824155930-snapshot.jpg
5,0,20190824,160400,83,2,912,890,988,959,Aug30_0/07-20190824160400-snapshot.jpg
5,0,20190824,160430,70,2,1404,819,1484,879,Aug30_0/07-20190824160430-snapshot.jpg
5,0,20190824,160830,83,2,1348,794,1432,838,Aug30_0/07-20190824160830-snapshot.jpg
5,0,20190824,160900,82,2,888,901,956,964,Aug30_0/07-20190824160900-snapshot.jpg
5,0,20190824,161000,77,2,905,914,973,972,Aug30_0/07-20190824161000-snapshot.jpg
5,0,20190824,161200,73,2,900,886,957,945,Aug30_0/07-20190824161200-snapshot.jpg
5,0,20190824,161230,69,2,1072,908,1140,963,Aug30_0/07-20190824161230-snapshot.jpg
5,0,20190824,161430,71,2,1421,804,1490,871,Aug30_0/07-20190824161430-snapshot.jpg
5,0,20190824,161830,84,2,1438,846,1519,888,Aug30_0/07-20190824161830-snapshot.jpg
5,0,20190824,162200,26,1,1493,528,1533,559,Aug30_0/07-20190824162200-snapshot.jpg
5,0,20190824,162230,47,2,1226,941,1315,1004,Aug30_0/07-20190824162230-snapshot.jpg
5,0,20190824,162300,81,2,902,907,962,977,Aug30_0/07-20190824162300-snapshot.jpg
5,0,20190824,162330,26,1,1494,528,1533,559,Aug30_0/07-20190824162330-snapshot.jpg
5,0,20190824,162400,84,2,185,804,254,888,Aug30_0/07-20190824162400-snapshot.jpg
5,0,20190824,162430,77,2,1058,621,1137,668,Aug30_0/07-20190824162430-snapshot.jpg
5,0,20190824,162700,82,2,1616,356,1698,400,Aug30_0/07-20190824162700-snapshot.jpg
5,0,20190824,162800,80,2,1376,912,1440,972,Aug30_0/07-20190824162800-snapshot.jpg
5,0,20190824,162830,57,1,817,399,861,440,Aug30_0/07-20190824162830-snapshot.jpg
5,0,20190824,162900,61,1,817,399,862,440,Aug30_0/07-20190824162900-snapshot.jpg
5,0,20190824,162930,60,1,817,399,861,441,Aug30_0/07-20190824162930-snapshot.jpg
5,0,20190824,163000,65,1,818,399,861,440,Aug30_0/07-20190824163000-snapshot.jpg
5,0,20190824,163000,81,2,1312,788,1400,834,Aug30_0/07-20190824163000-snapshot.jpg
5,0,20190824,163030,54,1,817,399,861,441,Aug30_0/07-20190824163030-snapshot.jpg
5,0,20190824,163100,47,1,818,400,862,441,Aug30_0/07-20190824163100-snapshot.jpg
5,0,20190824,163130,35,1,818,400,861,441,Aug30_0/07-20190824163130-snapshot.jpg
5,0,20190824,163200,68,1,817,399,861,440,Aug30_0/07-20190824163200-snapshot.jpg
5,0,20190824,163230,67,1,817,399,862,440,Aug30_0/07-20190824163230-snapshot.jpg
5,0,20190824,163230,74,2,1061,579,1116,634,Aug30_0/07-20190824163230-snapshot.jpg
5,0,20190824,163300,65,1,817,399,861,441,Aug30_0/07-20190824163300-snapshot.jpg
5,0,20190824,163330,69,1,817,398,862,440,Aug30_0/07-20190824163330-snapshot.jpg
5,0,20190824,163330,72,2,1059,577,1115,632,Aug30_0/07-20190824163330-snapshot.jpg
5,0,20190824,163400,64,1,817,399,862,440,Aug30_0/07-20190824163400-snapshot.jpg
5,0,20190824,163430,68,1,817,399,862,441,Aug30_0/07-20190824163430-snapshot.jpg
5,0,20190824,163500,72,1,817,398,861,440,Aug30_0/07-20190824163500-snapshot.jpg
5,0,20190824,163530,64,1,817,398,862,440,Aug30_0/07-20190824163530-snapshot.jpg
5,0,20190824,163530,69,2,1308,798,1390,862,Aug30_0/07-20190824163530-snapshot.jpg
5,0,20190824,163600,67,1,817,398,862,440,Aug30_0/07-20190824163600-snapshot.jpg
5,0,20190824,163630,30,1,817,398,862,440,Aug30_0/07-20190824163630-snapshot.jpg
5,0,20190824,163800,40,1,817,398,862,440,Aug30_0/07-20190824163800-snapshot.jpg
5,0,20190824,163930,83,2,924,922,996,990,Aug30_0/07-20190824163930-snapshot.jpg
5,0,20190824,163930,84,2,1085,493,1144,564,Aug30_0/07-20190824163930-snapshot.jpg
5,0,20190824,164200,77,2,972,645,1042,701,Aug30_0/07-20190824164200-snapshot.jpg
5,0,20190824,164300,84,2,1260,559,1349,603,Aug30_0/07-20190824164300-snapshot.jpg
5,0,20190824,164430,76,2,884,902,953,955,Aug30_0/07-20190824164430-snapshot.jpg
5,0,20190824,164430,76,2,1327,781,1412,826,Aug30_0/07-20190824164430-snapshot.jpg
5,0,20190824,164530,84,2,1046,615,1100,674,Aug30_0/07-20190824164530-snapshot.jpg
5,0,20190824,164800,74,2,1293,808,1372,871,Aug30_0/07-20190824164800-snapshot.jpg
5,0,20190824,164830,75,2,1380,906,1447,969,Aug30_0/07-20190824164830-snapshot.jpg
5,0,20190824,164830,87,2,1534,617,1620,702,Aug30_0/07-20190824164830-snapshot.jpg
5,0,20190824,165030,63,2,1023,910,1098,980,Aug30_0/07-20190824165030-snapshot.jpg
5,0,20190824,165330,80,2,1408,783,1489,836,Aug30_0/07-20190824165330-snapshot.jpg
5,0,20190824,165430,84,2,1004,607,1090,651,Aug30_0/07-20190824165430-snapshot.jpg
5,0,20190824,165700,72,2,1495,849,1563,908,Aug30_0/07-20190824165700-snapshot.jpg
5,0,20190824,165900,52,2,1046,619,1125,667,Aug30_0/07-20190824165900-snapshot.jpg
5,0,20190824,165930,87,4,912,883,1000,945,Aug30_0/07-20190824165930-snapshot.jpg
5,0,20190824,170030,83,2,1060,596,1143,635,Aug30_0/07-20190824170030-snapshot.jpg
5,0,20190824,170130,78,2,906,857,970,922,Aug30_0/07-20190824170130-snapshot.jpg
5,0,20190824,170700,80,2,1057,828,1112,881,Aug30_0/07-20190824170700-snapshot.jpg
5,0,20190824,170800,58,2,1715,986,1805,1067,Aug30_0/07-20190824170800-snapshot.jpg
5,0,20190824,170900,62,2,1308,798,1384,850,Aug30_0/07-20190824170900-snapshot.jpg
5,0,20190824,171400,81,2,1054,601,1108,658,Aug30_0/07-20190824171400-snapshot.jpg
5,0,20190824,171500,64,2,1040,909,1103,973,Aug30_0/07-20190824171500-snapshot.jpg
5,0,20190824,171830,76,2,1335,822,1415,875,Aug30_0/07-20190824171830-snapshot.jpg
5,0,20190824,171930,79,2,903,893,961,957,Aug30_0/07-20190824171930-snapshot.jpg
5,0,20190824,171930,85,2,1279,781,1362,837,Aug30_0/07-20190824171930-snapshot.jpg
5,0,20190824,172600,67,2,1500,869,1558,928,Aug30_0/07-20190824172600-snapshot.jpg
5,0,20190824,172600,75,2,918,905,993,955,Aug30_0/07-20190824172600-snapshot.jpg
5,0,20190824,172630,83,2,1245,527,1322,585,Aug30_0/07-20190824172630-snapshot.jpg
5,0,20190824,172700,82,2,1552,332,1616,400,Aug30_0/07-20190824172700-snapshot.jpg
5,0,20190824,173000,83,2,1047,604,1099,659,Aug30_0/07-20190824173000-snapshot.jpg
5,0,20190824,173030,79,2,1578,352,1633,405,Aug30_0/07-20190824173030-snapshot.jpg
5,0,20190824,173100,52,9,1325,785,1409,836,Aug30_0/07-20190824173100-snapshot.jpg
5,0,20190824,173100,65,2,1324,785,1408,836,Aug30_0/07-20190824173100-snapshot.jpg
5,0,20190824,173130,79,2,913,892,987,951,Aug30_0/07-20190824173130-snapshot.jpg
5,0,20190824,173330,81,2,1460,851,1531,918,Aug30_0/07-20190824173330-snapshot.jpg
5,0,20190824,173600,84,2,1398,843,1454,910,Aug30_0/07-20190824173600-snapshot.jpg
5,0,20190824,173830,75,2,964,646,1039,707,Aug30_0/07-20190824173830-snapshot.jpg
5,0,20190824,173900,43,2,1265,931,1343,999,Aug30_0/07-20190824173900-snapshot.jpg
5,0,20190824,173930,84,2,1264,807,1324,878,Aug30_0/07-20190824173930-snapshot.jpg
5,0,20190824,174000,65,2,1730,1014,1800,1080,Aug30_0/07-20190824174000-snapshot.jpg
5,0,20190824,174100,80,2,945,872,1001,940,Aug30_0/07-20190824174100-snapshot.jpg
5,0,20190824,174130,78,2,1339,781,1395,843,Aug30_0/07-20190824174130-snapshot.jpg
5,0,20190824,174230,70,2,1579,970,1660,1038,Aug30_0/07-20190824174230-snapshot.jpg
5,0,20190824,174630,81,2,1569,329,1650,380,Aug30_0/07-20190824174630-snapshot.jpg
5,0,20190824,174730,84,2,1047,601,1102,663,Aug30_0/07-20190824174730-snapshot.jpg
5,0,20190824,174830,74,2,943,640,1019,694,Aug30_0/07-20190824174830-snapshot.jpg
5,0,20190824,174930,77,2,1336,792,1394,858,Aug30_0/07-20190824174930-snapshot.jpg
5,0,20190824,175330,71,2,1394,822,1473,866,Aug30_0/07-20190824175330-snapshot.jpg
5,0,20190824,175500,33,2,960,945,1049,1015,Aug30_0/07-20190824175500-snapshot.jpg
5,0,20190824,175500,79,2,906,898,965,965,Aug30_0/07-20190824175500-snapshot.jpg
5,0,20190824,180000,84,2,1049,597,1126,645,Aug30_0/07-20190824180000-snapshot.jpg
5,0,20190824,180100,74,2,1002,635,1078,689,Aug30_0/07-20190824180100-snapshot.jpg
5,0,20190824,180500,82,2,945,929,1027,975,Aug30_0/07-20190824180500-snapshot.jpg
5,0,20190824,180830,77,2,1408,817,1492,865,Aug30_0/07-20190824180830-snapshot.jpg
5,0,20190824,181030,82,2,1518,405,1588,469,Aug30_0/07-20190824181030-snapshot.jpg
5,0,20190824,181230,73,2,1020,916,1099,978,Aug30_0/07-20190824181230-snapshot.jpg
5,0,20190824,181230,80,2,1033,616,1097,676,Aug30_0/07-20190824181230-snapshot.jpg
5,0,20190824,181300,25,1,791,457,825,487,Aug30_0/07-20190824181300-snapshot.jpg
5,0,20190824,182030,83,2,524,759,607,813,Aug30_0/07-20190824182030-snapshot.jpg
5,0,20190824,182200,90,7,1346,775,1467,916,Aug30_0/07-20190824182200-snapshot.jpg
5,0,20190824,182230,90,7,899,938,1035,1080,Aug30_0/07-20190824182230-snapshot.jpg
5,0,20190824,182300,87,7,866,845,1049,969,Aug30_0/07-20190824182300-snapshot.jpg
5,0,20190824,182330,43,1,490,944,526,974,Aug30_0/07-20190824182330-snapshot.jpg
5,0,20190824,182330,88,7,964,622,1130,724,Aug30_0/07-20190824182330-snapshot.jpg
5,0,20190824,182400,91,7,920,865,1077,1052,Aug30_0/07-20190824182400-snapshot.jpg
5,0,20190824,182430,67,7,1366,853,1530,944,Aug30_0/07-20190824182430-snapshot.jpg
5,0,20190824,182500,76,2,1040,620,1109,682,Aug30_0/07-20190824182500-snapshot.jpg
5,0,20190824,184130,84,2,926,927,981,989,Aug30_0/07-20190824184130-snapshot.jpg
5,0,20190824,184330,85,2,1433,764,1489,834,Aug30_0/07-20190824184330-snapshot.jpg
5,0,20190824,184900,83,2,1035,915,1123,974,Aug30_0/07-20190824184900-snapshot.jpg
5,0,20190824,185100,85,2,1109,664,1185,730,Aug30_0/07-20190824185100-snapshot.jpg
5,0,20190824,185300,85,8,1329,625,1406,680,Aug30_0/07-20190824185300-snapshot.jpg
5,0,20190824,185900,81,2,1309,807,1393,872,Aug30_0/07-20190824185900-snapshot.jpg
5,0,20190824,191100,81,2,1063,577,1120,629,Aug30_0/07-20190824191100-snapshot.jpg
5,0,20190824,192130,80,8,163,100,242,160,Aug30_0/07-20190824192130-snapshot.jpg
5,0,20190824,192400,83,2,1252,933,1341,995,Aug30_0/07-20190824192400-snapshot.jpg
5,0,20190824,193300,68,2,1408,825,1476,881,Aug30_0/07-20190824193300-snapshot.jpg
5,0,20190824,194100,82,2,1152,925,1232,980,Aug30_0/07-20190824194100-snapshot.jpg
5,0,20190824,195500,86,2,954,650,1036,708,Aug30_0/07-20190824195500-snapshot.jpg
5,0,20190824,195530,86,2,1564,344,1623,413,Aug30_0/07-20190824195530-snapshot.jpg
5,0,20190824,195800,86,2,925,851,1011,925,Aug30_0/07-20190824195800-snapshot.jpg
5,0,20190824,200000,82,2,1260,931,1349,990,Aug30_0/07-20190824200000-snapshot.jpg
5,0,20190824,201300,84,2,1375,906,1443,970,Aug30_0/07-20190824201300-snapshot.jpg
5,0,20190824,202200,76,2,916,923,970,978,Aug30_0/07-20190824202200-snapshot.jpg
5,0,20190825,054730,56,1,817,410,868,457,Aug30_0/08-20190825054730-snapshot.jpg
5,0,20190825,054900,66,1,1492,532,1533,566,Aug30_0/08-20190825054900-snapshot.jpg
5,0,20190825,054930,50,1,818,409,867,455,Aug30_0/08-20190825054930-snapshot.jpg
5,0,20190825,054930,53,1,1492,530,1534,564,Aug30_0/08-20190825054930-snapshot.jpg
5,0,20190825,055000,61,1,1491,530,1533,565,Aug30_0/08-20190825055000-snapshot.jpg
5,0,20190825,055030,41,1,818,408,864,451,Aug30_0/08-20190825055030-snapshot.jpg
5,0,20190825,055030,79,1,1492,531,1532,565,Aug30_0/08-20190825055030-snapshot.jpg
5,0,20190825,055100,72,1,1491,530,1533,566,Aug30_0/08-20190825055100-snapshot.jpg
5,0,20190825,055130,41,1,1491,532,1532,566,Aug30_0/08-20190825055130-snapshot.jpg
5,0,20190825,055200,55,1,1492,531,1533,566,Aug30_0/08-20190825055200-snapshot.jpg
5,0,20190825,055230,61,1,1492,530,1533,566,Aug30_0/08-20190825055230-snapshot.jpg
5,0,20190825,055300,27,1,1492,530,1534,566,Aug30_0/08-20190825055300-snapshot.jpg
5,0,20190825,055330,28,1,1492,532,1533,565,Aug30_0/08-20190825055330-snapshot.jpg
5,0,20190825,081330,84,8,1036,786,1091,844,Aug30_0/08-20190825081330-snapshot.jpg
5,0,20190825,084200,87,2,1055,856,1117,935,Aug30_0/08-20190825084200-snapshot.jpg
5,0,20190825,084400,87,2,1507,451,1597,523,Aug30_0/08-20190825084400-snapshot.jpg
5,0,20190825,085430,74,2,947,637,1020,698,Aug30_0/08-20190825085430-snapshot.jpg
5,0,20190825,091730,45,2,777,612,862,665,Aug30_0/08-20190825091730-snapshot.jpg
5,0,20190825,092530,73,2,779,622,860,681,Aug30_0/08-20190825092530-snapshot.jpg
5,0,20190825,093600,79,2,791,606,863,672,Aug30_0/08-20190825093600-snapshot.jpg
5,0,20190825,094200,60,8,1865,549,1920,622,Aug30_0/08-20190825094200-snapshot.jpg
5,0,20190825,100430,84,2,1519,851,1576,918,Aug30_0/08-20190825100430-snapshot.jpg
5,0,20190825,100500,86,2,1167,544,1222,608,Aug30_0/08-20190825100500-snapshot.jpg
5,0,20190825,100600,77,2,1539,386,1616,447,Aug30_0/08-20190825100600-snapshot.jpg
5,0,20190825,100630,72,2,996,644,1048,700,Aug30_0/08-20190825100630-snapshot.jpg
5,0,20190825,100700,86,2,914,178,1017,246,Aug30_0/08-20190825100700-snapshot.jpg
5,0,20190825,101030,69,2,1493,857,1563,921,Aug30_0/08-20190825101030-snapshot.jpg
5,0,20190825,101430,85,2,1796,920,1898,987,Aug30_0/08-20190825101430-snapshot.jpg
5,0,20190825,102300,86,2,1018,854,1101,906,Aug30_0/08-20190825102300-snapshot.jpg
5,0,20190825,102400,80,2,999,638,1086,687,Aug30_0/08-20190825102400-snapshot.jpg
5,0,20190825,102400,87,2,1538,395,1595,463,Aug30_0/08-20190825102400-snapshot.jpg
5,0,20190825,103600,70,2,956,650,1017,723,Aug30_0/08-20190825103600-snapshot.jpg
5,0,20190825,103630,83,2,1292,809,1352,880,Aug30_0/08-20190825103630-snapshot.jpg
5,0,20190825,103730,79,8,1312,679,1395,727,Aug30_0/08-20190825103730-snapshot.jpg
5,0,20190825,103730,83,2,942,787,1016,832,Aug30_0/08-20190825103730-snapshot.jpg
5,0,20190825,104000,83,2,1539,424,1607,479,Aug30_0/08-20190825104000-snapshot.jpg
5,0,20190825,104030,83,8,1610,685,1684,752,Aug30_0/08-20190825104030-snapshot.jpg
5,0,20190825,104400,88,2,1046,829,1123,892,Aug30_0/08-20190825104400-snapshot.jpg
5,0,20190825,105000,85,2,1518,438,1576,505,Aug30_0/08-20190825105000-snapshot.jpg
5,0,20190825,105700,83,2,1014,526,1106,603,Aug30_0/08-20190825105700-snapshot.jpg
5,0,20190825,110100,43,1,819,405,858,442,Aug30_0/08-20190825110100-snapshot.jpg
5,0,20190825,110130,55,1,820,405,857,441,Aug30_0/08-20190825110130-snapshot.jpg
5,0,20190825,110200,68,1,820,404,857,440,Aug30_0/08-20190825110200-snapshot.jpg
5,0,20190825,110230,54,1,820,404,857,441,Aug30_0/08-20190825110230-snapshot.jpg
5,0,20190825,110230,71,2,1519,422,1584,475,Aug30_0/08-20190825110230-snapshot.jpg
5,0,20190825,110300,51,1,819,404,858,441,Aug30_0/08-20190825110300-snapshot.jpg
5,0,20190825,110300,85,2,1238,944,1318,1005,Aug30_0/08-20190825110300-snapshot.jpg
5,0,20190825,110330,43,1,820,404,857,440,Aug30_0/08-20190825110330-snapshot.jpg
5,0,20190825,110400,49,1,820,403,858,441,Aug30_0/08-20190825110400-snapshot.jpg
5,0,20190825,110430,51,1,820,403,858,440,Aug30_0/08-20190825110430-snapshot.jpg
5,0,20190825,110530,28,1,820,404,859,442,Aug30_0/08-20190825110530-snapshot.jpg
5,0,20190825,111400,83,2,1438,792,1506,848,Aug30_0/08-20190825111400-snapshot.jpg
5,0,20190825,111400,86,2,1555,352,1627,412,Aug30_0/08-20190825111400-snapshot.jpg
5,0,20190825,112500,82,2,1513,445,1594,509,Aug30_0/08-20190825112500-snapshot.jpg
5,0,20190825,112900,87,2,930,901,1005,966,Aug30_0/08-20190825112900-snapshot.jpg
5,0,20190825,113530,76,2,1488,858,1563,918,Aug30_0/08-20190825113530-snapshot.jpg
5,0,20190825,114200,82,2,1015,792,1090,844,Aug30_0/08-20190825114200-snapshot.jpg
5,0,20190825,114730,83,2,1059,825,1115,887,Aug30_0/08-20190825114730-snapshot.jpg
5,0,20190825,115730,80,1,472,721,510,758,Aug30_0/08-20190825115730-snapshot.jpg
5,0,20190825,115800,80,2,1418,811,1496,871,Aug30_0/08-20190825115800-snapshot.jpg
5,0,20190825,120000,83,2,591,690,679,762,Aug30_0/08-20190825120000-snapshot.jpg
5,0,20190825,120230,83,2,1051,561,1113,624,Aug30_0/08-20190825120230-snapshot.jpg
5,0,20190825,120330,75,2,891,902,967,967,Aug30_0/08-20190825120330-snapshot.jpg
5,0,20190825,120900,78,2,432,774,499,845,Aug30_0/08-20190825120900-snapshot.jpg
5,0,20190825,121300,83,2,999,629,1079,696,Aug30_0/08-20190825121300-snapshot.jpg
5,0,20190825,121500,85,2,1046,778,1102,847,Aug30_0/08-20190825121500-snapshot.jpg
5,0,20190825,121830,82,1,197,181,243,221,Aug30_0/08-20190825121830-snapshot.jpg
5,0,20190825,121900,79,1,527,197,572,234,Aug30_0/08-20190825121900-snapshot.jpg
5,0,20190825,122130,50,2,1588,1013,1661,1076,Aug30_0/08-20190825122130-snapshot.jpg
5,0,20190825,122230,77,2,667,927,759,986,Aug30_0/08-20190825122230-snapshot.jpg
5,0,20190825,122630,84,2,1380,751,1460,808,Aug30_0/08-20190825122630-snapshot.jpg
5,0,20190825,122800,81,2,985,826,1054,895,Aug30_0/08-20190825122800-snapshot.jpg
5,0,20190825,122930,88,2,962,913,1052,971,Aug30_0/08-20190825122930-snapshot.jpg
5,0,20190825,123000,85,2,1057,582,1118,652,Aug30_0/08-20190825123000-snapshot.jpg
5,0,20190825,123630,83,2,1835,675,1920,763,Aug30_0/08-20190825123630-snapshot.jpg
5,0,20190825,123800,84,2,1166,632,1224,700,Aug30_0/08-20190825123800-snapshot.jpg
5,0,20190825,123900,79,2,921,511,1001,565,Aug30_0/08-20190825123900-snapshot.jpg
5,0,20190825,123900,85,2,1424,821,1484,891,Aug30_0/08-20190825123900-snapshot.jpg
5,0,20190825,124100,74,2,1030,925,1106,977,Aug30_0/08-20190825124100-snapshot.jpg
5,0,20190825,124130,81,2,1542,424,1604,488,Aug30_0/08-20190825124130-snapshot.jpg
5,0,20190825,124530,58,2,1346,950,1414,1002,Aug30_0/08-20190825124530-snapshot.jpg
5,0,20190825,124830,81,2,1069,576,1125,635,Aug30_0/08-20190825124830-snapshot.jpg
5,0,20190825,124930,75,2,1546,426,1603,477,Aug30_0/08-20190825124930-snapshot.jpg
5,0,20190825,125100,38,9,1603,332,1677,385,Aug30_0/08-20190825125100-snapshot.jpg
5,0,20190825,125100,47,2,1603,332,1677,386,Aug30_0/08-20190825125100-snapshot.jpg
5,0,20190825,125300,86,2,1023,830,1083,902,Aug30_0/08-20190825125300-snapshot.jpg
5,0,20190825,125430,79,2,1435,787,1489,847,Aug30_0/08-20190825125430-snapshot.jpg
5,0,20190825,125430,86,2,1023,458,1106,510,Aug30_0/08-20190825125430-snapshot.jpg
5,0,20190825,125700,86,2,858,737,919,813,Aug30_0/08-20190825125700-snapshot.jpg
5,0,20190825,130030,81,2,592,747,653,814,Aug30_0/08-20190825130030-snapshot.jpg
5,0,20190825,130300,82,2,1542,420,1605,477,Aug30_0/08-20190825130300-snapshot.jpg
5,0,20190825,130430,68,2,927,513,988,568,Aug30_0/08-20190825130430-snapshot.jpg
5,0,20190825,130930,74,2,1387,912,1453,968,Aug30_0/08-20190825130930-snapshot.jpg
5,0,20190825,131130,77,2,1543,409,1615,473,Aug30_0/08-20190825131130-snapshot.jpg
5,0,20190825,131230,86,2,976,662,1030,739,Aug30_0/08-20190825131230-snapshot.jpg
5,0,20190825,131500,86,2,989,808,1048,881,Aug30_0/08-20190825131500-snapshot.jpg
5,0,20190825,131530,54,2,1236,938,1331,994,Aug30_0/08-20190825131530-snapshot.jpg
5,0,20190825,131600,52,2,579,854,656,916,Aug30_0/08-20190825131600-snapshot.jpg
5,0,20190825,131900,82,2,1611,469,1690,533,Aug30_0/08-20190825131900-snapshot.jpg
5,0,20190825,132030,81,2,1068,572,1124,635,Aug30_0/08-20190825132030-snapshot.jpg
5,0,20190825,132230,62,8,1531,589,1635,642,Aug30_0/08-20190825132230-snapshot.jpg
5,0,20190825,132230,67,2,1533,589,1635,643,Aug30_0/08-20190825132230-snapshot.jpg
5,0,20190825,132430,78,2,1519,856,1585,915,Aug30_0/08-20190825132430-snapshot.jpg
5,0,20190825,132500,83,1,36,979,84,1018,Aug30_0/08-20190825132500-snapshot.jpg
5,0,20190825,132730,76,2,1417,820,1495,876,Aug30_0/08-20190825132730-snapshot.jpg
5,0,20190825,132800,83,2,1068,598,1149,655,Aug30_0/08-20190825132800-snapshot.jpg
5,0,20190825,133030,86,2,1065,807,1134,865,Aug30_0/08-20190825133030-snapshot.jpg
5,0,20190825,133200,86,2,1049,791,1111,854,Aug30_0/08-20190825133200-snapshot.jpg
5,0,20190825,133330,86,1,0,311,45,355,Aug30_0/08-20190825133330-snapshot.jpg
5,0,20190825,133430,80,2,1575,327,1648,380,Aug30_0/08-20190825133430-snapshot.jpg
5,0,20190825,133500,74,2,1397,911,1473,960,Aug30_0/08-20190825133500-snapshot.jpg
5,0,20190825,134100,79,2,1450,854,1530,896,Aug30_0/08-20190825134100-snapshot.jpg
5,0,20190825,134100,85,2,934,525,997,605,Aug30_0/08-20190825134100-snapshot.jpg
5,0,20190825,134300,38,2,1061,562,1114,617,Aug30_0/08-20190825134300-snapshot.jpg
5,0,20190825,134800,79,2,1019,932,1100,983,Aug30_0/08-20190825134800-snapshot.jpg
5,0,20190825,134900,63,2,1406,898,1464,955,Aug30_0/08-20190825134900-snapshot.jpg
5,0,20190825,135300,85,2,1053,593,1114,654,Aug30_0/08-20190825135300-snapshot.jpg
5,0,20190825,135400,75,2,963,637,1048,685,Aug30_0/08-20190825135400-snapshot.jpg
5,0,20190825,135630,85,2,1271,793,1335,859,Aug30_0/08-20190825135630-snapshot.jpg
5,0,20190825,135730,74,2,1501,852,1571,896,Aug30_0/08-20190825135730-snapshot.jpg
5,0,20190825,135930,82,1,1651,399,1693,430,Aug30_0/08-20190825135930-snapshot.jpg
5,0,20190825,140030,84,2,632,825,690,893,Aug30_0/08-20190825140030-snapshot.jpg
5,0,20190825,140200,77,2,1532,436,1589,509,Aug30_0/08-20190825140200-snapshot.jpg
5,0,20190825,140330,77,2,1062,566,1134,614,Aug30_0/08-20190825140330-snapshot.jpg
5,0,20190825,140430,73,2,1145,578,1203,618,Aug30_0/08-20190825140430-snapshot.jpg
5,0,20190825,140500,78,2,966,639,1027,693,Aug30_0/08-20190825140500-snapshot.jpg
5,0,20190825,140530,75,2,1018,922,1090,971,Aug30_0/08-20190825140530-snapshot.jpg
5,0,20190825,140900,74,2,931,524,988,601,Aug30_0/08-20190825140900-snapshot.jpg
5,0,20190825,141030,82,2,1528,412,1588,470,Aug30_0/08-20190825141030-snapshot.jpg
5,0,20190825,141100,84,2,1151,562,1208,628,Aug30_0/08-20190825141100-snapshot.jpg
5,0,20190825,141130,72,2,1520,849,1577,910,Aug30_0/08-20190825141130-snapshot.jpg
5,0,20190825,141400,85,2,635,834,694,900,Aug30_0/08-20190825141400-snapshot.jpg
5,0,20190825,141430,86,2,1000,613,1064,679,Aug30_0/08-20190825141430-snapshot.jpg
5,0,20190825,141430,86,2,1551,366,1607,433,Aug30_0/08-20190825141430-snapshot.jpg
5,0,20190825,141600,86,2,927,845,1013,913,Aug30_0/08-20190825141600-snapshot.jpg
5,0,20190825,141730,84,2,1444,784,1500,840,Aug30_0/08-20190825141730-snapshot.jpg
5,0,20190825,142000,78,2,1015,811,1084,860,Aug30_0/08-20190825142000-snapshot.jpg
5,0,20190825,142000,87,2,1539,381,1623,445,Aug30_0/08-20190825142000-snapshot.jpg
5,0,20190825,142230,80,2,1522,553,1594,620,Aug30_0/08-20190825142230-snapshot.jpg
5,0,20190825,142330,81,2,1069,932,1141,988,Aug30_0/08-20190825142330-snapshot.jpg
5,0,20190825,142500,74,2,1499,852,1568,893,Aug30_0/08-20190825142500-snapshot.jpg
5,0,20190825,142530,48,2,1040,916,1119,971,Aug30_0/08-20190825142530-snapshot.jpg
5,0,20190825,142700,76,2,1510,856,1573,915,Aug30_0/08-20190825142700-snapshot.jpg
5,0,20190825,142700,81,2,969,943,1051,1005,Aug30_0/08-20190825142700-snapshot.jpg
5,0,20190825,142700,86,2,954,550,1042,617,Aug30_0/08-20190825142700-snapshot.jpg
5,0,20190825,142930,87,2,1114,592,1197,644,Aug30_0/08-20190825142930-snapshot.jpg
5,0,20190825,143200,81,1,67,525,112,562,Aug30_0/08-20190825143200-snapshot.jpg
5,0,20190825,143400,80,2,1501,459,1561,532,Aug30_0/08-20190825143400-snapshot.jpg
5,0,20190825,143400,81,2,985,828,1066,877,Aug30_0/08-20190825143400-snapshot.jpg
5,0,20190825,143400,82,2,599,831,679,879,Aug30_0/08-20190825143400-snapshot.jpg
5,0,20190825,143530,70,1,609,142,649,176,Aug30_0/08-20190825143530-snapshot.jpg
5,0,20190825,143600,83,2,1152,574,1211,642,Aug30_0/08-20190825143600-snapshot.jpg
5,0,20190825,143700,84,2,979,523,1051,591,Aug30_0/08-20190825143700-snapshot.jpg
5,0,20190825,143830,83,2,1389,906,1465,966,Aug30_0/08-20190825143830-snapshot.jpg
5,0,20190825,144000,79,2,1059,541,1116,600,Aug30_0/08-20190825144000-snapshot.jpg
5,0,20190825,144100,85,2,1134,590,1198,655,Aug30_0/08-20190825144100-snapshot.jpg
5,0,20190825,144130,76,4,1014,629,1106,691,Aug30_0/08-20190825144130-snapshot.jpg
5,0,20190825,144300,85,2,1507,461,1591,540,Aug30_0/08-20190825144300-snapshot.jpg
5,0,20190825,144500,85,2,941,584,1003,661,Aug30_0/08-20190825144500-snapshot.jpg
5,0,20190825,144830,81,2,1408,800,1489,856,Aug30_0/08-20190825144830-snapshot.jpg
5,0,20190825,145000,85,2,1185,1000,1249,1078,Aug30_0/08-20190825145000-snapshot.jpg
5,0,20190825,145230,84,2,633,833,693,901,Aug30_0/08-20190825145230-snapshot.jpg
5,0,20190825,145500,83,2,996,642,1053,705,Aug30_0/08-20190825145500-snapshot.jpg
5,0,20190825,145700,81,3,1252,944,1349,1005,Aug30_0/08-20190825145700-snapshot.jpg
5,0,20190825,145900,79,2,1034,926,1103,985,Aug30_0/08-20190825145900-snapshot.jpg
5,0,20190825,150000,83,2,1055,576,1109,641,Aug30_0/08-20190825150000-snapshot.jpg
5,0,20190825,150200,77,2,1524,441,1586,512,Aug30_0/08-20190825150200-snapshot.jpg
5,0,20190825,150300,79,2,1533,876,1590,937,Aug30_0/08-20190825150300-snapshot.jpg
5,0,20190825,150400,84,2,1141,634,1206,705,Aug30_0/08-20190825150400-snapshot.jpg
5,0,20190825,150430,28,2,1794,1040,1852,1080,Aug30_0/08-20190825150430-snapshot.jpg
5,0,20190825,151100,77,2,977,651,1057,705,Aug30_0/08-20190825151100-snapshot.jpg
5,0,20190825,151130,81,2,1415,824,1497,881,Aug30_0/08-20190825151130-snapshot.jpg
5,0,20190825,151200,79,2,642,823,711,896,Aug30_0/08-20190825151200-snapshot.jpg
5,0,20190825,151300,68,2,1356,957,1442,1017,Aug30_0/08-20190825151300-snapshot.jpg
5,0,20190825,151500,83,2,1084,578,1162,627,Aug30_0/08-20190825151500-snapshot.jpg
5,0,20190825,151600,74,2,1507,851,1574,912,Aug30_0/08-20190825151600-snapshot.jpg
5,0,20190825,151630,86,2,1431,831,1512,887,Aug30_0/08-20190825151630-snapshot.jpg
5,0,20190825,151730,83,2,994,536,1072,602,Aug30_0/08-20190825151730-snapshot.jpg
5,0,20190825,152200,82,2,1543,418,1607,483,Aug30_0/08-20190825152200-snapshot.jpg
5,0,20190825,152230,80,2,632,838,711,890,Aug30_0/08-20190825152230-snapshot.jpg
5,0,20190825,152300,80,2,645,848,726,903,Aug30_0/08-20190825152300-snapshot.jpg
5,0,20190825,152600,73,2,1551,996,1648,1064,Aug30_0/08-20190825152600-snapshot.jpg
5,0,20190825,152700,59,2,1524,447,1581,502,Aug30_0/08-20190825152700-snapshot.jpg
5,0,20190825,152730,84,2,1078,594,1166,637,Aug30_0/08-20190825152730-snapshot.jpg
5,0,20190825,153000,79,2,1518,850,1577,907,Aug30_0/08-20190825153000-snapshot.jpg
5,0,20190825,153000,85,1,151,417,197,452,Aug30_0/08-20190825153000-snapshot.jpg
5,0,20190825,153200,60,1,1322,441,1362,475,Aug30_0/08-20190825153200-snapshot.jpg
5,0,20190825,153200,84,2,978,943,1062,1004,Aug30_0/08-20190825153200-snapshot.jpg
5,0,20190825,153230,83,2,1550,414,1632,470,Aug30_0/08-20190825153230-snapshot.jpg
5,0,20190825,153300,74,2,1059,908,1129,961,Aug30_0/08-20190825153300-snapshot.jpg
5,0,20190825,153700,64,2,1590,400,1659,450,Aug30_0/08-20190825153700-snapshot.jpg
5,0,20190825,153800,84,2,626,834,707,897,Aug30_0/08-20190825153800-snapshot.jpg
5,0,20190825,153930,81,2,1233,945,1319,1008,Aug30_0/08-20190825153930-snapshot.jpg
5,0,20190825,154300,43,2,1019,939,1101,1002,Aug30_0/08-20190825154300-snapshot.jpg
5,0,20190825,154730,82,2,1307,797,1364,865,Aug30_0/08-20190825154730-snapshot.jpg
5,0,20190825,154730,86,2,1021,551,1111,603,Aug30_0/08-20190825154730-snapshot.jpg
5,0,20190825,154800,78,2,1485,859,1550,912,Aug30_0/08-20190825154800-snapshot.jpg
5,0,20190825,154830,80,2,1410,824,1496,879,Aug30_0/08-20190825154830-snapshot.jpg
5,0,20190825,155200,48,1,199,418,240,451,Aug30_0/08-20190825155200-snapshot.jpg
5,0,20190825,155200,85,2,1189,723,1255,806,Aug30_0/08-20190825155200-snapshot.jpg
5,0,20190825,155230,72,2,1497,860,1572,918,Aug30_0/08-20190825155230-snapshot.jpg
5,0,20190825,155300,77,2,1790,961,1874,1036,Aug30_0/08-20190825155300-snapshot.jpg
5,0,20190825,155330,81,1,728,372,767,406,Aug30_0/08-20190825155330-snapshot.jpg
5,0,20190825,155400,81,2,1134,586,1191,649,Aug30_0/08-20190825155400-snapshot.jpg
5,0,20190825,155630,74,2,708,696,769,754,Aug30_0/08-20190825155630-snapshot.jpg
5,0,20190825,155630,77,2,1049,898,1121,960,Aug30_0/08-20190825155630-snapshot.jpg
5,0,20190825,155700,80,2,1257,530,1325,589,Aug30_0/08-20190825155700-snapshot.jpg
5,0,20190825,155800,79,2,616,826,685,888,Aug30_0/08-20190825155800-snapshot.jpg
5,0,20190825,155800,81,2,1766,327,1856,381,Aug30_0/08-20190825155800-snapshot.jpg
5,0,20190825,160030,84,2,1085,816,1139,885,Aug30_0/08-20190825160030-snapshot.jpg
5,0,20190825,160130,82,2,1066,838,1138,889,Aug30_0/08-20190825160130-snapshot.jpg
5,0,20190825,160200,75,2,1071,596,1133,641,Aug30_0/08-20190825160200-snapshot.jpg
5,0,20190825,160230,36,1,753,337,791,369,Aug30_0/08-20190825160230-snapshot.jpg
5,0,20190825,160530,78,2,1516,858,1573,917,Aug30_0/08-20190825160530-snapshot.jpg
5,0,20190825,160600,80,2,1022,914,1083,980,Aug30_0/08-20190825160600-snapshot.jpg
5,0,20190825,160800,26,2,1760,1034,1828,1080,Aug30_0/08-20190825160800-snapshot.jpg
5,0,20190825,160800,78,2,970,567,1029,640,Aug30_0/08-20190825160800-snapshot.jpg
5,0,20190825,160830,84,2,1525,461,1602,534,Aug30_0/08-20190825160830-snapshot.jpg
5,0,20190825,161300,81,2,1006,631,1089,690,Aug30_0/08-20190825161300-snapshot.jpg
5,0,20190825,161530,80,8,1428,934,1506,1013,Aug30_0/08-20190825161530-snapshot.jpg
5,0,20190825,161600,74,2,640,845,701,912,Aug30_0/08-20190825161600-snapshot.jpg
5,0,20190825,161700,74,2,1497,862,1559,911,Aug30_0/08-20190825161700-snapshot.jpg
5,0,20190825,162230,85,2,1325,758,1392,828,Aug30_0/08-20190825162230-snapshot.jpg
5,0,20190825,162300,78,2,1414,825,1497,880,Aug30_0/08-20190825162300-snapshot.jpg
5,0,20190825,162330,75,2,982,845,1067,910,Aug30_0/08-20190825162330-snapshot.jpg
5,0,20190825,162600,80,2,611,822,684,875,Aug30_0/08-20190825162600-snapshot.jpg
5,0,20190825,162730,84,2,1456,483,1534,551,Aug30_0/08-20190825162730-snapshot.jpg
5,0,20190825,162800,85,4,629,825,703,884,Aug30_0/08-20190825162800-snapshot.jpg
5,0,20190825,162930,79,2,1612,367,1686,408,Aug30_0/08-20190825162930-snapshot.jpg
5,0,20190825,163000,73,2,989,835,1052,899,Aug30_0/08-20190825163000-snapshot.jpg
5,0,20190825,163000,78,2,1511,444,1569,507,Aug30_0/08-20190825163000-snapshot.jpg
5,0,20190825,163130,88,2,1159,43,1226,138,Aug30_0/08-20190825163130-snapshot.jpg
5,0,20190825,163300,83,2,1054,608,1134,652,Aug30_0/08-20190825163300-snapshot.jpg
5,0,20190825,163630,71,2,1329,882,1409,931,Aug30_0/08-20190825163630-snapshot.jpg
5,0,20190825,163700,85,2,976,800,1036,869,Aug30_0/08-20190825163700-snapshot.jpg
5,0,20190825,163800,68,2,1387,914,1466,963,Aug30_0/08-20190825163800-snapshot.jpg
5,0,20190825,163830,79,2,1519,413,1586,468,Aug30_0/08-20190825163830-snapshot.jpg
5,0,20190825,163900,78,2,1158,588,1233,631,Aug30_0/08-20190825163900-snapshot.jpg
5,0,20190825,163930,69,2,1722,998,1811,1069,Aug30_0/08-20190825163930-snapshot.jpg
5,0,20190825,164130,84,2,1848,719,1920,790,Aug30_0/08-20190825164130-snapshot.jpg
5,0,20190825,164200,77,2,1535,741,1626,794,Aug30_0/08-20190825164200-snapshot.jpg
5,0,20190825,164400,70,2,1355,870,1433,929,Aug30_0/08-20190825164400-snapshot.jpg
5,0,20190825,164430,60,2,625,828,709,877,Aug30_0/08-20190825164430-snapshot.jpg
5,0,20190825,164500,65,2,624,830,698,881,Aug30_0/08-20190825164500-snapshot.jpg
5,0,20190825,164530,77,2,1211,945,1300,997,Aug30_0/08-20190825164530-snapshot.jpg
5,0,20190825,164800,75,2,596,810,668,854,Aug30_0/08-20190825164800-snapshot.jpg
5,0,20190825,164830,76,2,940,885,1021,941,Aug30_0/08-20190825164830-snapshot.jpg
5,0,20190825,164900,83,2,1056,903,1116,962,Aug30_0/08-20190825164900-snapshot.jpg
5,0,20190825,164930,79,2,985,637,1067,688,Aug30_0/08-20190825164930-snapshot.jpg
5,0,20190825,165000,81,2,988,600,1048,667,Aug30_0/08-20190825165000-snapshot.jpg
5,0,20190825,165030,48,2,1548,413,1617,458,Aug30_0/08-20190825165030-snapshot.jpg
5,0,20190825,165230,86,2,1155,571,1217,634,Aug30_0/08-20190825165230-snapshot.jpg
5,0,20190825,165300,78,2,1392,908,1466,970,Aug30_0/08-20190825165300-snapshot.jpg
5,0,20190825,165500,75,2,1601,371,1670,408,Aug30_0/08-20190825165500-snapshot.jpg
5,0,20190825,165600,82,2,1649,284,1717,355,Aug30_0/08-20190825165600-snapshot.jpg
5,0,20190825,165700,73,2,1390,912,1467,962,Aug30_0/08-20190825165700-snapshot.jpg
5,0,20190825,165900,76,2,307,191,377,259,Aug30_0/08-20190825165900-snapshot.jpg
5,0,20190825,165930,79,2,1536,431,1604,491,Aug30_0/08-20190825165930-snapshot.jpg
5,0,20190825,165930,80,2,938,597,1012,664,Aug30_0/08-20190825165930-snapshot.jpg
5,0,20190825,170100,81,2,1022,611,1100,659,Aug30_0/08-20190825170100-snapshot.jpg
5,0,20190825,170230,77,2,1330,789,1406,835,Aug30_0/08-20190825170230-snapshot.jpg
5,0,20190825,170300,74,2,1075,601,1150,649,Aug30_0/08-20190825170300-snapshot.jpg
5,0,20190825,170400,75,2,1338,803,1417,845,Aug30_0/08-20190825170400-snapshot.jpg
5,0,20190825,170800,82,2,101,25,171,110,Aug30_0/08-20190825170800-snapshot.jpg
5,0,20190825,170900,77,2,1048,954,1118,1018,Aug30_0/08-20190825170900-snapshot.jpg
5,0,20190825,170930,34,2,1539,411,1611,473,Aug30_0/08-20190825170930-snapshot.jpg
5,0,20190825,171200,74,2,1365,825,1444,872,Aug30_0/08-20190825171200-snapshot.jpg
5,0,20190825,171300,80,2,638,818,695,888,Aug30_0/08-20190825171300-snapshot.jpg
5,0,20190825,171400,83,2,1053,882,1111,947,Aug30_0/08-20190825171400-snapshot.jpg
5,0,20190825,171800,72,2,1307,787,1374,844,Aug30_0/08-20190825171800-snapshot.jpg
5,0,20190825,171800,77,2,1765,1017,1848,1074,Aug30_0/08-20190825171800-snapshot.jpg
5,0,20190825,172400,77,2,1517,846,1573,907,Aug30_0/08-20190825172400-snapshot.jpg
5,0,20190825,172430,81,2,1527,435,1583,500,Aug30_0/08-20190825172430-snapshot.jpg
5,0,20190825,172630,80,2,1252,632,1329,686,Aug30_0/08-20190825172630-snapshot.jpg
5,0,20190825,173000,77,2,1054,828,1107,884,Aug30_0/08-20190825173000-snapshot.jpg
5,0,20190825,173100,78,2,988,944,1079,1009,Aug30_0/08-20190825173100-snapshot.jpg
5,0,20190825,173230,84,2,1415,813,1485,887,Aug30_0/08-20190825173230-snapshot.jpg
5,0,20190825,173330,81,2,634,842,698,909,Aug30_0/08-20190825173330-snapshot.jpg
5,0,20190825,173400,81,2,1128,604,1209,651,Aug30_0/08-20190825173400-snapshot.jpg
5,0,20190825,173630,82,2,999,527,1060,598,Aug30_0/08-20190825173630-snapshot.jpg
5,0,20190825,173630,85,2,999,863,1082,921,Aug30_0/08-20190825173630-snapshot.jpg
5,0,20190825,174030,82,2,1120,586,1200,634,Aug30_0/08-20190825174030-snapshot.jpg
5,0,20190825,174300,81,2,974,581,1057,625,Aug30_0/08-20190825174300-snapshot.jpg
5,0,20190825,174530,71,2,937,580,1020,623,Aug30_0/08-20190825174530-snapshot.jpg
5,0,20190825,174600,81,2,1118,995,1201,1036,Aug30_0/08-20190825174600-snapshot.jpg
5,0,20190825,174630,79,2,633,842,713,904,Aug30_0/08-20190825174630-snapshot.jpg
5,0,20190825,174730,70,2,1381,908,1461,964,Aug30_0/08-20190825174730-snapshot.jpg
5,0,20190825,175030,69,2,1255,934,1340,1004,Aug30_0/08-20190825175030-snapshot.jpg
5,0,20190825,175100,80,2,1135,587,1214,633,Aug30_0/08-20190825175100-snapshot.jpg
5,0,20190825,175430,60,2,1779,1034,1843,1080,Aug30_0/08-20190825175430-snapshot.jpg
5,0,20190825,175530,77,2,1308,781,1364,842,Aug30_0/08-20190825175530-snapshot.jpg
5,0,20190825,175630,62,2,912,527,986,571,Aug30_0/08-20190825175630-snapshot.jpg
5,0,20190825,180030,25,2,980,959,1047,1018,Aug30_0/08-20190825180030-snapshot.jpg
5,0,20190825,180100,73,2,1599,375,1658,435,Aug30_0/08-20190825180100-snapshot.jpg
5,0,20190825,180200,69,2,1002,836,1076,875,Aug30_0/08-20190825180200-snapshot.jpg
5,0,20190825,180430,82,2,1159,573,1222,627,Aug30_0/08-20190825180430-snapshot.jpg
5,0,20190825,180630,72,2,585,830,657,885,Aug30_0/08-20190825180630-snapshot.jpg
5,0,20190825,180700,81,2,1005,822,1083,866,Aug30_0/08-20190825180700-snapshot.jpg
5,0,20190825,181100,31,2,1340,868,1405,930,Aug30_0/08-20190825181100-snapshot.jpg
5,0,20190825,181100,46,2,1377,915,1439,972,Aug30_0/08-20190825181100-snapshot.jpg
5,0,20190825,181130,67,8,31,510,93,585,Aug30_0/08-20190825181130-snapshot.jpg
5,0,20190825,181130,80,2,1122,606,1202,651,Aug30_0/08-20190825181130-snapshot.jpg
5,0,20190825,181230,70,2,1387,913,1460,971,Aug30_0/08-20190825181230-snapshot.jpg
5,0,20190825,181930,69,2,1597,369,1653,434,Aug30_0/08-20190825181930-snapshot.jpg
5,0,20190825,182030,74,2,1011,850,1065,909,Aug30_0/08-20190825182030-snapshot.jpg
5,0,20190825,182230,79,2,1008,860,1090,910,Aug30_0/08-20190825182230-snapshot.jpg
5,0,20190825,182530,62,1,1117,711,1152,741,Aug30_0/08-20190825182530-snapshot.jpg
5,0,20190825,182630,44,1,724,1037,771,1079,Aug30_0/08-20190825182630-snapshot.jpg
5,0,20190825,182730,45,2,1538,428,1602,507,Aug30_0/08-20190825182730-snapshot.jpg
5,0,20190825,182930,35,1,726,1034,773,1077,Aug30_0/08-20190825182930-snapshot.jpg
5,0,20190825,183000,53,1,1114,730,1149,761,Aug30_0/08-20190825183000-snapshot.jpg
5,0,20190825,183100,80,2,1012,829,1081,876,Aug30_0/08-20190825183100-snapshot.jpg
5,0,20190825,183330,36,1,725,1032,772,1077,Aug30_0/08-20190825183330-snapshot.jpg
5,0,20190825,183430,47,2,1550,413,1627,482,Aug30_0/08-20190825183430-snapshot.jpg
5,0,20190825,183530,86,2,996,829,1055,903,Aug30_0/08-20190825183530-snapshot.jpg
5,0,20190825,183900,79,2,1547,416,1615,477,Aug30_0/08-20190825183900-snapshot.jpg
5,0,20190825,184200,79,2,1319,794,1375,864,Aug30_0/08-20190825184200-snapshot.jpg
5,0,20190825,184830,81,2,1624,289,1698,357,Aug30_0/08-20190825184830-snapshot.jpg
5,0,20190825,184900,85,2,1322,754,1376,814,Aug30_0/08-20190825184900-snapshot.jpg
5,0,20190825,185100,80,2,1493,867,1574,913,Aug30_0/08-20190825185100-snapshot.jpg
5,0,20190825,185930,75,2,1153,610,1213,664,Aug30_0/08-20190825185930-snapshot.jpg
5,0,20190825,191600,88,2,1009,780,1072,861,Aug30_0/08-20190825191600-snapshot.jpg
5,0,20190825,191730,79,2,1547,429,1603,493,Aug30_0/08-20190825191730-snapshot.jpg
5,0,20190825,192130,85,2,1326,939,1416,991,Aug30_0/08-20190825192130-snapshot.jpg
5,0,20190825,193130,86,2,1499,457,1562,533,Aug30_0/08-20190825193130-snapshot.jpg
5,0,20190825,194930,83,2,1294,896,1374,963,Aug30_0/08-20190825194930-snapshot.jpg
5,0,20190825,201730,80,2,1671,236,1738,331,Aug30_0/08-20190825201730-snapshot.jpg
5,0,20190830,072300,84,8,1781,652,1865,710,Aug30_0/113-20190830072300-snapshot.jpg
5,0,20190830,072330,84,8,1856,638,1920,691,Aug30_0/113-20190830072330-snapshot.jpg
5,0,20190830,072700,28,4,0,211,29,287,Aug30_0/115-20190830072700-snapshot.jpg
5,0,20190830,072730,48,1,789,493,830,533,Aug30_0/115-20190830072730-snapshot.jpg
5,0,20190830,073630,30,4,0,213,29,288,Aug30_0/119-20190830073630-snapshot.jpg
5,0,20190830,091330,57,8,1877,628,1920,679,Aug30_0/125-20190830091330-snapshot.jpg
5,0,20190826,062630,82,2,781,425,863,512,Aug30_0/21-20190826062630-snapshot.jpg
5,0,20190826,062700,40,2,1533,419,1595,483,Aug30_0/21-20190826062700-snapshot.jpg
5,0,20190826,063930,81,2,976,727,1040,810,Aug30_0/21-20190826063930-snapshot.jpg
5,0,20190826,064000,87,2,1511,428,1572,500,Aug30_0/21-20190826064000-snapshot.jpg
5,0,20190826,064030,88,2,925,564,1007,628,Aug30_0/21-20190826064030-snapshot.jpg
5,0,20190826,072900,74,8,1736,717,1796,788,Aug30_0/21-20190826072900-snapshot.jpg
5,0,20190826,075430,87,2,1779,995,1858,1058,Aug30_0/21-20190826075430-snapshot.jpg
5,0,20190826,081300,81,8,1850,923,1911,995,Aug30_0/21-20190826081300-snapshot.jpg
5,0,20190826,084530,58,8,644,642,702,704,Aug30_0/21-20190826084530-snapshot.jpg
5,0,20190826,093230,73,2,879,554,948,653,Aug30_0/21-20190826093230-snapshot.jpg
5,0,20190826,093600,56,2,812,625,912,716,Aug30_0/21-20190826093600-snapshot.jpg
5,0,20190826,095500,83,2,1563,225,1624,312,Aug30_0/21-20190826095500-snapshot.jpg
5,0,20190826,095700,85,2,1585,414,1648,496,Aug30_0/21-20190826095700-snapshot.jpg
5,0,20190826,095730,84,2,641,817,701,881,Aug30_0/21-20190826095730-snapshot.jpg
5,0,20190826,095800,71,2,1514,865,1572,920,Aug30_0/21-20190826095800-snapshot.jpg
5,0,20190826,100230,86,2,1017,821,1095,877,Aug30_0/21-20190826100230-snapshot.jpg
5,0,20190826,100300,81,2,1567,387,1650,440,Aug30_0/21-20190826100300-snapshot.jpg
5,0,20190826,100900,72,8,644,281,725,344,Aug30_0/21-20190826100900-snapshot.jpg
5,0,20190826,101300,84,2,968,874,1036,955,Aug30_0/21-20190826101300-snapshot.jpg
5,0,20190826,101330,59,2,1293,811,1347,874,Aug30_0/21-20190826101330-snapshot.jpg
5,0,20190826,101730,84,2,1316,777,1371,843,Aug30_0/21-20190826101730-snapshot.jpg
5,0,20190826,101800,75,2,651,806,712,848,Aug30_0/21-20190826101800-snapshot.jpg
5,0,20190826,101900,84,2,1599,352,1678,409,Aug30_0/21-20190826101900-snapshot.jpg
5,0,20190826,102130,76,2,1605,374,1682,449,Aug30_0/21-20190826102130-snapshot.jpg
5,0,20190826,102130,81,2,1331,819,1392,884,Aug30_0/21-20190826102130-snapshot.jpg
5,0,20190826,102800,87,2,1515,724,1571,801,Aug30_0/21-20190826102800-snapshot.jpg
5,0,20190826,102900,76,2,1874,644,1920,715,Aug30_0/21-20190826102900-snapshot.jpg
5,0,20190826,103130,80,2,1319,846,1397,897,Aug30_0/21-20190826103130-snapshot.jpg
5,0,20190826,103230,82,2,1305,803,1359,865,Aug30_0/21-20190826103230-snapshot.jpg
5,0,20190826,103300,79,2,600,833,676,887,Aug30_0/21-20190826103300-snapshot.jpg
5,0,20190826,103830,87,2,950,850,1038,926,Aug30_0/21-20190826103830-snapshot.jpg
5,0,20190826,104000,74,8,272,915,327,992,Aug30_0/21-20190826104000-snapshot.jpg
5,0,20190826,104200,86,2,840,338,931,399,Aug30_0/21-20190826104200-snapshot.jpg
5,0,20190826,104300,86,2,973,515,1053,569,Aug30_0/21-20190826104300-snapshot.jpg
5,0,20190826,104530,70,2,1883,905,1920,981,Aug30_0/21-20190826104530-snapshot.jpg
5,0,20190826,105100,85,2,631,812,694,884,Aug30_0/21-20190826105100-snapshot.jpg
5,0,20190826,105430,86,2,1538,419,1593,490,Aug30_0/21-20190826105430-snapshot.jpg
5,0,20190826,105900,86,2,1007,942,1092,1011,Aug30_0/21-20190826105900-snapshot.jpg
5,0,20190826,105930,87,2,955,515,1044,570,Aug30_0/21-20190826105930-snapshot.jpg
5,0,20190826,110500,89,2,987,602,1070,666,Aug30_0/21-20190826110500-snapshot.jpg
5,0,20190826,111100,86,2,1521,428,1573,499,Aug30_0/21-20190826111100-snapshot.jpg
5,0,20190826,111200,86,2,575,842,658,901,Aug30_0/21-20190826111200-snapshot.jpg
5,0,20190826,111700,82,2,1642,358,1720,404,Aug30_0/21-20190826111700-snapshot.jpg
5,0,20190826,111900,86,2,1101,604,1175,667,Aug30_0/21-20190826111900-snapshot.jpg
5,0,20190826,111900,87,2,1048,869,1103,939,Aug30_0/21-20190826111900-snapshot.jpg
5,0,20190826,112430,83,2,1240,948,1322,1013,Aug30_0/21-20190826112430-snapshot.jpg
5,0,20190826,113330,58,1,560,2,604,38,Aug30_0/21-20190826113330-snapshot.jpg
5,0,20190826,113400,86,2,1592,347,1669,405,Aug30_0/21-20190826113400-snapshot.jpg
5,0,20190826,113630,85,2,647,831,708,899,Aug30_0/21-20190826113630-snapshot.jpg
5,0,20190826,114030,79,2,1306,789,1371,848,Aug30_0/21-20190826114030-snapshot.jpg
5,0,20190826,114230,87,2,933,562,1025,635,Aug30_0/21-20190826114230-snapshot.jpg
5,0,20190826,114300,84,2,1579,384,1656,446,Aug30_0/21-20190826114300-snapshot.jpg
5,0,20190826,114330,79,2,951,954,1028,1008,Aug30_0/21-20190826114330-snapshot.jpg
5,0,20190826,115230,75,2,1588,367,1673,429,Aug30_0/21-20190826115230-snapshot.jpg
5,0,20190826,115930,81,2,1010,944,1086,1002,Aug30_0/21-20190826115930-snapshot.jpg
5,0,20190826,120200,82,2,999,821,1076,869,Aug30_0/21-20190826120200-snapshot.jpg
5,0,20190826,120500,87,2,1078,577,1160,637,Aug30_0/21-20190826120500-snapshot.jpg
5,0,20190826,120600,81,1,1501,153,1542,187,Aug30_0/21-20190826120600-snapshot.jpg
5,0,20190826,120630,86,1,1461,267,1503,308,Aug30_0/21-20190826120630-snapshot.jpg
5,0,20190826,120800,85,2,1330,836,1412,893,Aug30_0/21-20190826120800-snapshot.jpg
5,0,20190826,120930,86,1,565,963,608,999,Aug30_0/21-20190826120930-snapshot.jpg
5,0,20190826,121330,79,2,623,837,697,884,Aug30_0/21-20190826121330-snapshot.jpg
5,0,20190826,121330,85,2,1490,824,1566,880,Aug30_0/21-20190826121330-snapshot.jpg
5,0,20190826,121600,79,2,1746,989,1831,1042,Aug30_0/21-20190826121600-snapshot.jpg
5,0,20190826,121600,81,2,1533,429,1593,503,Aug30_0/21-20190826121600-snapshot.jpg
5,0,20190826,122130,83,2,1594,366,1673,436,Aug30_0/21-20190826122130-snapshot.jpg
5,0,20190826,122400,84,2,1150,574,1228,623,Aug30_0/21-20190826122400-snapshot.jpg
5,0,20190826,122500,84,2,648,816,709,883,Aug30_0/21-20190826122500-snapshot.jpg
5,0,20190826,122700,84,2,751,995,831,1064,Aug30_0/21-20190826122700-snapshot.jpg
5,0,20190826,122730,83,2,817,726,895,776,Aug30_0/21-20190826122730-snapshot.jpg
5,0,20190826,122800,86,2,630,819,714,870,Aug30_0/21-20190826122800-snapshot.jpg
5,0,20190826,122800,86,2,1004,886,1090,933,Aug30_0/21-20190826122800-snapshot.jpg
5,0,20190826,123130,79,2,1503,861,1581,915,Aug30_0/21-20190826123130-snapshot.jpg
5,0,20190826,123200,83,2,1002,942,1090,1008,Aug30_0/21-20190826123200-snapshot.jpg
5,0,20190826,123300,39,1,1406,297,1441,330,Aug30_0/21-20190826123300-snapshot.jpg
5,0,20190826,123430,82,2,1370,911,1439,967,Aug30_0/21-20190826123430-snapshot.jpg
5,0,20190826,123600,87,2,1794,461,1896,540,Aug30_0/21-20190826123600-snapshot.jpg
5,0,20190826,123630,84,2,627,833,713,887,Aug30_0/21-20190826123630-snapshot.jpg
5,0,20190826,123930,76,2,1566,404,1628,476,Aug30_0/21-20190826123930-snapshot.jpg
5,0,20190826,124100,80,2,1548,400,1633,465,Aug30_0/21-20190826124100-snapshot.jpg
5,0,20190826,124230,86,2,1140,576,1201,644,Aug30_0/21-20190826124230-snapshot.jpg
5,0,20190826,124800,81,2,1315,860,1377,921,Aug30_0/21-20190826124800-snapshot.jpg
5,0,20190826,125230,87,2,1305,264,1406,325,Aug30_0/21-20190826125230-snapshot.jpg
5,0,20190826,125530,71,9,1191,761,1319,868,Aug30_0/21-20190826125530-snapshot.jpg
5,0,20190826,125700,82,2,604,828,683,877,Aug30_0/21-20190826125700-snapshot.jpg
5,0,20190826,125730,85,2,1046,850,1107,921,Aug30_0/21-20190826125730-snapshot.jpg
5,0,20190826,125830,84,2,1125,605,1185,671,Aug30_0/21-20190826125830-snapshot.jpg
5,0,20190826,130230,84,2,627,831,685,898,Aug30_0/21-20190826130230-snapshot.jpg
5,0,20190826,130530,72,2,1564,404,1628,470,Aug30_0/21-20190826130530-snapshot.jpg
5,0,20190826,131000,86,2,1128,584,1191,652,Aug30_0/21-20190826131000-snapshot.jpg
5,0,20190826,131630,88,2,956,937,1039,1000,Aug30_0/21-20190826131630-snapshot.jpg
5,0,20190826,131900,85,2,1586,364,1656,437,Aug30_0/21-20190826131900-snapshot.jpg
5,0,20190826,132030,83,2,1591,374,1665,435,Aug30_0/21-20190826132030-snapshot.jpg
5,0,20190826,132330,82,2,646,790,705,855,Aug30_0/21-20190826132330-snapshot.jpg
5,0,20190826,132430,79,2,1303,615,1383,662,Aug30_0/21-20190826132430-snapshot.jpg
5,0,20190826,132430,84,2,569,824,645,870,Aug30_0/21-20190826132430-snapshot.jpg
5,0,20190826,133030,87,2,1534,386,1605,455,Aug30_0/21-20190826133030-snapshot.jpg
5,0,20190826,133130,83,2,1534,420,1612,482,Aug30_0/21-20190826133130-snapshot.jpg
5,0,20190826,133130,86,2,754,688,811,759,Aug30_0/21-20190826133130-snapshot.jpg
5,0,20190826,133500,84,2,1554,406,1615,472,Aug30_0/21-20190826133500-snapshot.jpg
5,0,20190826,133900,80,2,1498,460,1576,530,Aug30_0/21-20190826133900-snapshot.jpg
5,0,20190826,134000,83,2,1047,837,1113,893,Aug30_0/21-20190826134000-snapshot.jpg
5,0,20190826,134030,84,2,1307,743,1368,809,Aug30_0/21-20190826134030-snapshot.jpg
5,0,20190826,134100,76,2,616,831,686,876,Aug30_0/21-20190826134100-snapshot.jpg
5,0,20190826,134230,85,2,658,828,723,897,Aug30_0/21-20190826134230-snapshot.jpg
5,0,20190826,134300,87,2,946,731,1006,808,Aug30_0/21-20190826134300-snapshot.jpg
5,0,20190826,134600,86,2,1052,535,1144,582,Aug30_0/21-20190826134600-snapshot.jpg
5,0,20190826,134930,78,2,1772,652,1856,728,Aug30_0/21-20190826134930-snapshot.jpg
5,0,20190826,135000,85,2,974,820,1059,865,Aug30_0/21-20190826135000-snapshot.jpg
5,0,20190826,135030,82,2,1066,866,1136,915,Aug30_0/21-20190826135030-snapshot.jpg
5,0,20190826,135030,84,2,1210,644,1288,691,Aug30_0/21-20190826135030-snapshot.jpg
5,0,20190826,135130,77,2,1553,410,1612,477,Aug30_0/21-20190826135130-snapshot.jpg
5,0,20190826,135330,77,2,1472,851,1550,894,Aug30_0/21-20190826135330-snapshot.jpg
5,0,20190826,135430,86,2,752,694,812,764,Aug30_0/21-20190826135430-snapshot.jpg
5,0,20190826,135630,71,2,477,821,546,876,Aug30_0/21-20190826135630-snapshot.jpg
5,0,20190826,135900,76,2,1539,891,1622,940,Aug30_0/21-20190826135900-snapshot.jpg
5,0,20190826,140100,79,2,1556,408,1613,474,Aug30_0/21-20190826140100-snapshot.jpg
5,0,20190826,140300,84,2,690,692,767,738,Aug30_0/21-20190826140300-snapshot.jpg
5,0,20190826,140330,81,2,1412,908,1484,968,Aug30_0/21-20190826140330-snapshot.jpg
5,0,20190826,140600,83,2,981,957,1067,1015,Aug30_0/21-20190826140600-snapshot.jpg
5,0,20190826,140630,80,1,319,699,355,732,Aug30_0/21-20190826140630-snapshot.jpg
5,0,20190826,140800,85,2,1704,99,1772,187,Aug30_0/21-20190826140800-snapshot.jpg
5,0,20190826,141030,78,2,1430,807,1493,869,Aug30_0/21-20190826141030-snapshot.jpg
5,0,20190826,141030,87,2,978,824,1063,884,Aug30_0/21-20190826141030-snapshot.jpg
5,0,20190826,141100,80,2,1019,994,1079,1061,Aug30_0/21-20190826141100-snapshot.jpg
5,0,20190826,141200,88,2,950,561,1044,629,Aug30_0/21-20190826141200-snapshot.jpg
5,0,20190826,141330,84,2,1097,825,1146,884,Aug30_0/21-20190826141330-snapshot.jpg
5,0,20190826,141600,89,2,1463,342,1555,409,Aug30_0/21-20190826141600-snapshot.jpg
5,0,20190826,141930,88,2,977,610,1067,683,Aug30_0/21-20190826141930-snapshot.jpg
5,0,20190826,142030,77,2,1308,882,1365,937,Aug30_0/21-20190826142030-snapshot.jpg
5,0,20190826,142100,81,2,1489,826,1563,875,Aug30_0/21-20190826142100-snapshot.jpg
5,0,20190826,142130,84,2,977,588,1044,662,Aug30_0/21-20190826142130-snapshot.jpg
5,0,20190826,142330,79,2,1323,845,1377,903,Aug30_0/21-20190826142330-snapshot.jpg
5,0,20190826,142600,51,2,1546,412,1631,476,Aug30_0/21-20190826142600-snapshot.jpg
5,0,20190826,142630,86,2,994,962,1090,1031,Aug30_0/21-20190826142630-snapshot.jpg
5,0,20190826,142900,83,2,1635,335,1709,391,Aug30_0/21-20190826142900-snapshot.jpg
5,0,20190826,143130,76,2,1544,423,1601,487,Aug30_0/21-20190826143130-snapshot.jpg
5,0,20190826,143300,83,2,887,625,964,682,Aug30_0/21-20190826143300-snapshot.jpg
5,0,20190826,143500,87,2,1344,117,1406,214,Aug30_0/21-20190826143500-snapshot.jpg
5,0,20190826,143730,83,2,1006,951,1087,1009,Aug30_0/21-20190826143730-snapshot.jpg
5,0,20190826,143800,85,2,970,958,1052,1010,Aug30_0/21-20190826143800-snapshot.jpg
5,0,20190826,143900,84,2,623,841,701,890,Aug30_0/21-20190826143900-snapshot.jpg
5,0,20190826,143930,82,2,1307,773,1372,830,Aug30_0/21-20190826143930-snapshot.jpg
5,0,20190826,144100,79,2,1540,427,1598,495,Aug30_0/21-20190826144100-snapshot.jpg
5,0,20190826,144530,81,2,1528,843,1606,884,Aug30_0/21-20190826144530-snapshot.jpg
5,0,20190826,144600,84,2,1033,832,1112,876,Aug30_0/21-20190826144600-snapshot.jpg
5,0,20190826,144630,80,2,1557,415,1615,481,Aug30_0/21-20190826144630-snapshot.jpg
5,0,20190826,144630,82,2,1768,988,1856,1037,Aug30_0/21-20190826144630-snapshot.jpg
5,0,20190826,144700,81,2,1476,863,1556,916,Aug30_0/21-20190826144700-snapshot.jpg
5,0,20190826,144800,81,2,958,517,1039,562,Aug30_0/21-20190826144800-snapshot.jpg
5,0,20190826,144930,81,2,1153,607,1213,672,Aug30_0/21-20190826144930-snapshot.jpg
5,0,20190826,144930,83,2,709,696,787,744,Aug30_0/21-20190826144930-snapshot.jpg
5,0,20190826,145300,84,2,998,930,1096,1006,Aug30_0/21-20190826145300-snapshot.jpg
5,0,20190826,145500,88,2,1019,661,1101,730,Aug30_0/21-20190826145500-snapshot.jpg
5,0,20190826,145600,84,2,1059,898,1140,944,Aug30_0/21-20190826145600-snapshot.jpg
5,0,20190826,145630,79,2,1778,1015,1841,1079,Aug30_0/21-20190826145630-snapshot.jpg
5,0,20190826,145700,42,2,1800,3,1862,55,Aug30_0/21-20190826145700-snapshot.jpg
5,0,20190826,145730,81,2,1547,409,1612,479,Aug30_0/21-20190826145730-snapshot.jpg
5,0,20190826,145730,82,2,1088,801,1142,850,Aug30_0/21-20190826145730-snapshot.jpg
5,0,20190826,145830,85,2,1609,339,1682,398,Aug30_0/21-20190826145830-snapshot.jpg
5,0,20190826,145930,88,2,1038,840,1118,902,Aug30_0/21-20190826145930-snapshot.jpg
5,0,20190826,150100,84,2,909,973,980,1036,Aug30_0/21-20190826150100-snapshot.jpg
5,0,20190826,150200,70,2,1385,910,1438,956,Aug30_0/21-20190826150200-snapshot.jpg
5,0,20190826,150330,82,2,1573,380,1655,431,Aug30_0/21-20190826150330-snapshot.jpg
5,0,20190826,150400,82,2,1173,598,1230,657,Aug30_0/21-20190826150400-snapshot.jpg
5,0,20190826,150830,86,2,1128,583,1207,632,Aug30_0/21-20190826150830-snapshot.jpg
5,0,20190826,150900,74,2,1532,846,1595,902,Aug30_0/21-20190826150900-snapshot.jpg
5,0,20190826,151200,88,2,1008,919,1094,988,Aug30_0/21-20190826151200-snapshot.jpg
5,0,20190826,151430,84,2,1325,779,1382,845,Aug30_0/21-20190826151430-snapshot.jpg
5,0,20190826,151500,70,2,967,805,1029,866,Aug30_0/21-20190826151500-snapshot.jpg
5,0,20190826,151830,86,2,1076,835,1127,901,Aug30_0/21-20190826151830-snapshot.jpg
5,0,20190826,151900,63,2,1433,837,1518,898,Aug30_0/21-20190826151900-snapshot.jpg
5,0,20190826,151930,84,2,1551,392,1640,445,Aug30_0/21-20190826151930-snapshot.jpg
5,0,20190826,152000,75,2,1147,545,1199,600,Aug30_0/21-20190826152000-snapshot.jpg
5,0,20190826,152200,70,2,1277,901,1355,974,Aug30_0/21-20190826152200-snapshot.jpg
5,0,20190826,152200,79,2,1051,1015,1124,1077,Aug30_0/21-20190826152200-snapshot.jpg
5,0,20190826,152330,79,2,1501,872,1581,933,Aug30_0/21-20190826152330-snapshot.jpg
5,0,20190826,152330,83,2,940,554,999,627,Aug30_0/21-20190826152330-snapshot.jpg
5,0,20190826,152530,79,2,1487,873,1560,930,Aug30_0/21-20190826152530-snapshot.jpg
5,0,20190826,152700,82,2,742,696,827,746,Aug30_0/21-20190826152700-snapshot.jpg
5,0,20190826,152800,81,8,1792,130,1873,210,Aug30_0/21-20190826152800-snapshot.jpg
5,0,20190826,153300,34,2,979,959,1053,1010,Aug30_0/21-20190826153300-snapshot.jpg
5,0,20190826,153500,78,2,1025,620,1096,680,Aug30_0/21-20190826153500-snapshot.jpg
5,0,20190826,153600,86,2,1589,371,1645,439,Aug30_0/21-20190826153600-snapshot.jpg
5,0,20190826,153700,87,2,1144,807,1229,877,Aug30_0/21-20190826153700-snapshot.jpg
5,0,20190826,153730,67,2,1415,826,1494,883,Aug30_0/21-20190826153730-snapshot.jpg
5,0,20190826,153930,81,2,661,825,740,874,Aug30_0/21-20190826153930-snapshot.jpg
5,0,20190826,154230,82,2,786,871,872,922,Aug30_0/21-20190826154230-snapshot.jpg
5,0,20190826,154600,75,2,1314,887,1383,942,Aug30_0/21-20190826154600-snapshot.jpg
5,0,20190826,154800,86,2,1105,777,1162,846,Aug30_0/21-20190826154800-snapshot.jpg
5,0,20190826,154830,82,8,446,337,516,403,Aug30_0/21-20190826154830-snapshot.jpg
5,0,20190826,155030,81,2,1319,766,1396,813,Aug30_0/21-20190826155030-snapshot.jpg
5,0,20190826,155130,87,2,995,927,1087,991,Aug30_0/21-20190826155130-snapshot.jpg
5,0,20190826,155400,85,2,982,954,1067,1015,Aug30_0/21-20190826155400-snapshot.jpg
5,0,20190826,155530,82,2,1613,336,1672,387,Aug30_0/21-20190826155530-snapshot.jpg
5,0,20190826,155830,82,2,624,842,682,904,Aug30_0/21-20190826155830-snapshot.jpg
5,0,20190826,155900,44,2,980,958,1061,1011,Aug30_0/21-20190826155900-snapshot.jpg
5,0,20190826,160230,29,2,981,959,1056,1010,Aug30_0/21-20190826160230-snapshot.jpg
5,0,20190826,160300,81,2,1751,1009,1825,1080,Aug30_0/21-20190826160300-snapshot.jpg
5,0,20190826,160330,27,2,980,958,1055,1011,Aug30_0/21-20190826160330-snapshot.jpg
5,0,20190826,160430,28,2,980,959,1057,1010,Aug30_0/21-20190826160430-snapshot.jpg
5,0,20190826,160430,84,2,1604,332,1659,395,Aug30_0/21-20190826160430-snapshot.jpg
5,0,20190826,160500,47,2,981,959,1058,1009,Aug30_0/21-20190826160500-snapshot.jpg
5,0,20190826,160500,51,2,1306,883,1362,939,Aug30_0/21-20190826160500-snapshot.jpg
5,0,20190826,160530,49,2,981,960,1052,1010,Aug30_0/21-20190826160530-snapshot.jpg
5,0,20190826,160600,80,2,1733,981,1817,1053,Aug30_0/21-20190826160600-snapshot.jpg
5,0,20190826,160800,84,2,981,956,1067,1009,Aug30_0/21-20190826160800-snapshot.jpg
5,0,20190826,160930,80,2,922,882,979,952,Aug30_0/21-20190826160930-snapshot.jpg
5,0,20190826,161100,77,2,1606,327,1660,378,Aug30_0/21-20190826161100-snapshot.jpg
5,0,20190826,161130,76,2,989,965,1067,1039,Aug30_0/21-20190826161130-snapshot.jpg
5,0,20190826,161330,75,2,726,699,792,755,Aug30_0/21-20190826161330-snapshot.jpg
5,0,20190826,161430,28,2,979,958,1058,1010,Aug30_0/21-20190826161430-snapshot.jpg
5,0,20190826,161500,84,2,1779,1000,1861,1069,Aug30_0/21-20190826161500-snapshot.jpg
5,0,20190826,161530,26,2,979,958,1058,1010,Aug30_0/21-20190826161530-snapshot.jpg
5,0,20190826,161600,82,2,741,702,822,763,Aug30_0/21-20190826161600-snapshot.jpg
5,0,20190826,161700,26,2,978,959,1059,1009,Aug30_0/21-20190826161700-snapshot.jpg
5,0,20190826,161830,76,2,1771,1001,1843,1069,Aug30_0/21-20190826161830-snapshot.jpg
5,0,20190826,162000,83,2,1620,343,1672,402,Aug30_0/21-20190826162000-snapshot.jpg
5,0,20190826,162030,33,2,979,959,1057,1009,Aug30_0/21-20190826162030-snapshot.jpg
5,0,20190826,162030,83,2,637,827,697,893,Aug30_0/21-20190826162030-snapshot.jpg
5,0,20190826,162100,50,2,978,958,1057,1010,Aug30_0/21-20190826162100-snapshot.jpg
5,0,20190826,162200,35,2,980,959,1058,1010,Aug30_0/21-20190826162200-snapshot.jpg
5,0,20190826,162200,83,2,1103,607,1179,662,Aug30_0/21-20190826162200-snapshot.jpg
5,0,20190826,162300,83,2,1312,776,1368,839,Aug30_0/21-20190826162300-snapshot.jpg
5,0,20190826,162400,45,2,979,958,1058,1009,Aug30_0/21-20190826162400-snapshot.jpg
5,0,20190826,162530,85,2,1101,597,1190,643,Aug30_0/21-20190826162530-snapshot.jpg
5,0,20190826,162600,43,2,979,959,1060,1010,Aug30_0/21-20190826162600-snapshot.jpg
5,0,20190826,162700,34,2,979,958,1059,1011,Aug30_0/21-20190826162700-snapshot.jpg
5,0,20190826,162800,82,2,1612,342,1679,391,Aug30_0/21-20190826162800-snapshot.jpg
5,0,20190826,162830,85,2,1174,617,1229,683,Aug30_0/21-20190826162830-snapshot.jpg
5,0,20190826,162830,85,2,775,690,834,758,Aug30_0/21-20190826162830-snapshot.jpg
5,0,20190826,163030,30,2,980,958,1059,1011,Aug30_0/21-20190826163030-snapshot.jpg
5,0,20190826,163100,35,2,978,958,1057,1012,Aug30_0/21-20190826163100-snapshot.jpg
5,0,20190826,163130,85,2,1040,907,1111,974,Aug30_0/21-20190826163130-snapshot.jpg
5,0,20190826,163200,85,2,1612,375,1689,426,Aug30_0/21-20190826163200-snapshot.jpg
5,0,20190826,163300,87,2,1058,874,1135,933,Aug30_0/21-20190826163300-snapshot.jpg
5,0,20190826,163900,39,2,979,958,1063,1009,Aug30_0/21-20190826163900-snapshot.jpg
5,0,20190826,164000,83,2,745,705,803,774,Aug30_0/21-20190826164000-snapshot.jpg
5,0,20190826,164300,81,2,1488,852,1567,898,Aug30_0/21-20190826164300-snapshot.jpg
5,0,20190826,164330,68,2,1036,1015,1104,1070,Aug30_0/21-20190826164330-snapshot.jpg
5,0,20190826,164330,84,2,1567,395,1649,457,Aug30_0/21-20190826164330-snapshot.jpg
5,0,20190826,165330,85,8,1210,195,1312,266,Aug30_0/21-20190826165330-snapshot.jpg
5,0,20190826,165500,80,2,1035,918,1115,986,Aug30_0/21-20190826165500-snapshot.jpg
5,0,20190826,170130,81,2,1320,792,1399,836,Aug30_0/21-20190826170130-snapshot.jpg
5,0,20190826,170230,79,2,914,530,985,588,Aug30_0/21-20190826170230-snapshot.jpg
5,0,20190826,170430,71,2,1295,778,1347,834,Aug30_0/21-20190826170430-snapshot.jpg
5,0,20190826,170500,81,2,750,688,807,752,Aug30_0/21-20190826170500-snapshot.jpg
5,0,20190826,170800,29,2,980,959,1061,1010,Aug30_0/21-20190826170800-snapshot.jpg
5,0,20190826,170900,35,2,979,959,1060,1009,Aug30_0/21-20190826170900-snapshot.jpg
5,0,20190826,170930,82,2,1335,768,1392,827,Aug30_0/21-20190826170930-snapshot.jpg
5,0,20190826,171130,25,2,980,959,1061,1009,Aug30_0/21-20190826171130-snapshot.jpg
5,0,20190826,171130,72,2,719,704,798,754,Aug30_0/21-20190826171130-snapshot.jpg
5,0,20190826,171530,82,2,1367,894,1442,936,Aug30_0/21-20190826171530-snapshot.jpg
5,0,20190826,171630,78,2,596,794,656,847,Aug30_0/21-20190826171630-snapshot.jpg
5,0,20190826,171800,27,2,980,959,1060,1009,Aug30_0/21-20190826171800-snapshot.jpg
5,0,20190826,172000,85,2,1164,582,1219,648,Aug30_0/21-20190826172000-snapshot.jpg
5,0,20190826,172130,74,2,908,921,972,989,Aug30_0/21-20190826172130-snapshot.jpg
5,0,20190826,172130,80,2,1330,764,1403,809,Aug30_0/21-20190826172130-snapshot.jpg
5,0,20190826,172700,77,2,1741,1018,1817,1078,Aug30_0/21-20190826172700-snapshot.jpg
5,0,20190826,172730,70,2,1183,964,1253,1025,Aug30_0/21-20190826172730-snapshot.jpg
5,0,20190826,173130,83,2,1328,745,1405,796,Aug30_0/21-20190826173130-snapshot.jpg
5,0,20190826,173600,85,2,1002,911,1080,986,Aug30_0/21-20190826173600-snapshot.jpg
5,0,20190826,173630,83,2,609,833,685,891,Aug30_0/21-20190826173630-snapshot.jpg
5,0,20190826,173800,85,2,1090,822,1144,887,Aug30_0/21-20190826173800-snapshot.jpg
5,0,20190826,174030,49,2,1156,579,1216,610,Aug30_0/21-20190826174030-snapshot.jpg
5,0,20190826,174100,80,2,1325,853,1381,915,Aug30_0/21-20190826174100-snapshot.jpg
5,0,20190826,174500,86,2,1088,809,1138,873,Aug30_0/21-20190826174500-snapshot.jpg
5,0,20190826,174600,71,2,1605,320,1663,378,Aug30_0/21-20190826174600-snapshot.jpg
5,0,20190826,174930,26,2,979,959,1060,1010,Aug30_0/21-20190826174930-snapshot.jpg
5,0,20190826,175100,82,2,671,790,742,850,Aug30_0/21-20190826175100-snapshot.jpg
5,0,20190826,175430,85,2,716,687,793,742,Aug30_0/21-20190826175430-snapshot.jpg
5,0,20190826,175800,84,2,1198,581,1276,623,Aug30_0/21-20190826175800-snapshot.jpg
5,0,20190826,175830,80,2,1316,783,1378,844,Aug30_0/21-20190826175830-snapshot.jpg
5,0,20190826,180100,84,2,612,804,690,848,Aug30_0/21-20190826180100-snapshot.jpg
5,0,20190826,180900,76,2,998,941,1079,1003,Aug30_0/21-20190826180900-snapshot.jpg
5,0,20190826,181430,82,2,976,961,1053,1018,Aug30_0/21-20190826181430-snapshot.jpg
5,0,20190826,181730,85,2,1421,840,1479,911,Aug30_0/21-20190826181730-snapshot.jpg
5,0,20190826,181900,62,1,538,538,578,573,Aug30_0/21-20190826181900-snapshot.jpg
5,0,20190826,182030,66,2,1434,824,1509,875,Aug30_0/21-20190826182030-snapshot.jpg
5,0,20190826,182130,77,2,1547,423,1613,490,Aug30_0/21-20190826182130-snapshot.jpg
5,0,20190826,182430,86,2,1328,761,1385,831,Aug30_0/21-20190826182430-snapshot.jpg
5,0,20190826,182630,87,2,587,670,645,741,Aug30_0/21-20190826182630-snapshot.jpg
5,0,20190826,182930,86,2,667,837,731,905,Aug30_0/21-20190826182930-snapshot.jpg
5,0,20190826,183030,85,2,1086,820,1139,892,Aug30_0/21-20190826183030-snapshot.jpg
5,0,20190826,183530,84,2,1176,589,1235,641,Aug30_0/21-20190826183530-snapshot.jpg
5,0,20190826,184330,85,2,732,677,802,748,Aug30_0/21-20190826184330-snapshot.jpg
5,0,20190826,185430,84,2,1516,876,1573,946,Aug30_0/21-20190826185430-snapshot.jpg
5,0,20190826,185530,79,2,1556,851,1633,891,Aug30_0/21-20190826185530-snapshot.jpg
5,0,20190826,185530,86,2,957,952,1047,1014,Aug30_0/21-20190826185530-snapshot.jpg
5,0,20190826,190130,75,2,1407,828,1489,877,Aug30_0/21-20190826190130-snapshot.jpg
5,0,20190826,191100,71,2,1012,1017,1088,1076,Aug30_0/21-20190826191100-snapshot.jpg
5,0,20190826,192900,78,2,1445,801,1501,858,Aug30_0/21-20190826192900-snapshot.jpg
5,0,20190826,192930,83,2,1056,998,1139,1041,Aug30_0/21-20190826192930-snapshot.jpg
5,0,20190826,194300,64,2,1328,870,1387,918,Aug30_0/21-20190826194300-snapshot.jpg
5,0,20190826,195430,85,8,1774,663,1858,743,Aug30_0/21-20190826195430-snapshot.jpg
5,0,20190826,201530,86,2,1335,745,1411,798,Aug30_0/21-20190826201530-snapshot.jpg
5,0,20190826,202030,82,8,1719,453,1804,518,Aug30_0/21-20190826202030-snapshot.jpg
5,0,20190826,204130,25,1,734,528,782,569,Aug30_0/21-20190826204130-snapshot.jpg
5,0,20190826,204300,54,1,734,530,781,569,Aug30_0/21-20190826204300-snapshot.jpg
5,0,20190826,204330,41,1,733,527,783,568,Aug30_0/21-20190826204330-snapshot.jpg
5,0,20190826,204400,70,1,735,529,781,567,Aug30_0/21-20190826204400-snapshot.jpg
5,0,20190826,204430,25,1,733,530,781,568,Aug30_0/21-20190826204430-snapshot.jpg
5,0,20190826,204800,38,1,513,451,563,489,Aug30_0/21-20190826204800-snapshot.jpg
5,0,20190826,205030,74,1,511,451,563,490,Aug30_0/21-20190826205030-snapshot.jpg
5,0,20190826,205100,58,1,803,459,849,499,Aug30_0/21-20190826205100-snapshot.jpg
5,0,20190826,205200,58,1,518,450,566,489,Aug30_0/21-20190826205200-snapshot.jpg
5,0,20190826,205330,66,1,799,458,849,502,Aug30_0/21-20190826205330-snapshot.jpg
5,0,20190826,205400,61,1,799,458,851,505,Aug30_0/21-20190826205400-snapshot.jpg
5,0,20190826,205430,60,1,798,457,850,504,Aug30_0/21-20190826205430-snapshot.jpg
5,0,20190826,205530,29,1,795,456,849,506,Aug30_0/21-20190826205530-snapshot.jpg
5,0,20190827,054830,31,1,796,458,846,506,Aug30_0/23-20190827054830-snapshot.jpg
5,0,20190827,054900,45,1,798,458,847,505,Aug30_0/23-20190827054900-snapshot.jpg
5,0,20190827,071030,81,8,1070,526,1140,576,Aug30_0/25-20190827071030-snapshot.jpg
5,0,20190827,082600,86,2,1579,373,1657,444,Aug30_0/25-20190827082600-snapshot.jpg
5,0,20190827,090600,85,2,622,564,720,631,Aug30_0/25-20190827090600-snapshot.jpg
5,0,20190827,091130,80,8,1628,471,1711,524,Aug30_0/25-20190827091130-snapshot.jpg
5,0,20190827,092230,82,8,1818,130,1888,205,Aug30_0/25-20190827092230-snapshot.jpg
5,0,20190827,093700,83,2,985,958,1063,1022,Aug30_0/25-20190827093700-snapshot.jpg
5,0,20190827,095500,27,2,1021,938,1075,1006,Aug30_0/25-20190827095500-snapshot.jpg
5,0,20190827,100530,76,2,1414,835,1488,882,Aug30_0/25-20190827100530-snapshot.jpg
5,0,20190827,101300,85,2,1078,786,1131,851,Aug30_0/25-20190827101300-snapshot.jpg
5,0,20190827,101530,79,2,1069,864,1121,939,Aug30_0/25-20190827101530-snapshot.jpg
5,0,20190827,102530,87,2,1357,909,1432,971,Aug30_0/25-20190827102530-snapshot.jpg
5,0,20190827,102600,82,2,1065,796,1127,857,Aug30_0/25-20190827102600-snapshot.jpg
5,0,20190827,103030,79,2,1334,746,1388,810,Aug30_0/25-20190827103030-snapshot.jpg
5,0,20190827,103500,65,2,1405,828,1478,876,Aug30_0/25-20190827103500-snapshot.jpg
5,0,20190827,104130,86,2,1343,796,1419,858,Aug30_0/25-20190827104130-snapshot.jpg
5,0,20190827,105900,81,2,1064,1007,1119,1071,Aug30_0/25-20190827105900-snapshot.jpg
5,0,20190827,110800,84,2,1306,869,1367,936,Aug30_0/25-20190827110800-snapshot.jpg
5,0,20190827,110830,28,2,997,966,1080,1031,Aug30_0/25-20190827110830-snapshot.jpg
5,0,20190827,111000,87,1,1588,264,1625,299,Aug30_0/25-20190827111000-snapshot.jpg
5,0,20190827,111030,83,2,1322,754,1390,815,Aug30_0/25-20190827111030-snapshot.jpg
5,0,20190827,111100,80,1,1095,449,1134,486,Aug30_0/25-20190827111100-snapshot.jpg
5,0,20190827,111200,72,1,965,441,1003,478,Aug30_0/25-20190827111200-snapshot.jpg
5,0,20190827,111600,80,2,1436,907,1516,959,Aug30_0/25-20190827111600-snapshot.jpg
5,0,20190827,111830,85,2,740,695,826,744,Aug30_0/25-20190827111830-snapshot.jpg
5,0,20190827,113200,80,2,1303,887,1378,935,Aug30_0/25-20190827113200-snapshot.jpg
5,0,20190827,113700,84,2,1313,750,1376,821,Aug30_0/25-20190827113700-snapshot.jpg
5,0,20190827,113830,87,2,1322,748,1398,811,Aug30_0/25-20190827113830-snapshot.jpg
5,0,20190827,114100,85,2,1628,348,1706,394,Aug30_0/25-20190827114100-snapshot.jpg
5,0,20190827,114330,85,2,968,957,1037,1021,Aug30_0/25-20190827114330-snapshot.jpg
5,0,20190827,114400,83,8,1349,629,1402,691,Aug30_0/25-20190827114400-snapshot.jpg
5,0,20190827,114430,84,8,1350,629,1402,692,Aug30_0/25-20190827114430-snapshot.jpg
5,0,20190827,114500,83,8,1349,630,1401,691,Aug30_0/25-20190827114500-snapshot.jpg
5,0,20190827,114530,82,8,1348,630,1403,692,Aug30_0/25-20190827114530-snapshot.jpg
5,0,20190827,114600,83,8,1347,631,1404,693,Aug30_0/25-20190827114600-snapshot.jpg
5,0,20190827,114630,84,8,1348,630,1402,692,Aug30_0/25-20190827114630-snapshot.jpg
5,0,20190827,114730,77,2,743,692,803,766,Aug30_0/25-20190827114730-snapshot.jpg
5,0,20190827,114830,83,2,750,690,810,765,Aug30_0/25-20190827114830-snapshot.jpg
5,0,20190827,114930,87,2,1074,870,1127,942,Aug30_0/25-20190827114930-snapshot.jpg
5,0,20190827,120600,53,2,1046,1009,1115,1066,Aug30_0/25-20190827120600-snapshot.jpg
5,0,20190827,121200,84,2,1082,653,1168,727,Aug30_0/25-20190827121200-snapshot.jpg
5,0,20190827,121230,75,2,999,962,1074,1022,Aug30_0/25-20190827121230-snapshot.jpg
5,0,20190827,122300,77,2,1059,1011,1119,1075,Aug30_0/25-20190827122300-snapshot.jpg
5,0,20190827,122730,80,2,1309,747,1382,791,Aug30_0/25-20190827122730-snapshot.jpg
5,0,20190827,122800,84,2,1075,817,1127,890,Aug30_0/25-20190827122800-snapshot.jpg
5,0,20190827,123130,84,2,986,621,1075,735,Aug30_0/25-20190827123130-snapshot.jpg
5,0,20190827,123400,74,2,1209,941,1305,998,Aug30_0/25-20190827123400-snapshot.jpg
5,0,20190827,123700,79,2,1407,827,1491,883,Aug30_0/25-20190827123700-snapshot.jpg
5,0,20190827,123900,83,2,739,695,825,743,Aug30_0/25-20190827123900-snapshot.jpg
5,0,20190827,124130,73,2,1177,963,1257,1042,Aug30_0/25-20190827124130-snapshot.jpg
5,0,20190827,124530,80,2,1369,266,1452,347,Aug30_0/25-20190827124530-snapshot.jpg
5,0,20190827,125030,63,2,1405,805,1482,856,Aug30_0/25-20190827125030-snapshot.jpg
5,0,20190827,125200,84,2,1167,735,1228,813,Aug30_0/25-20190827125200-snapshot.jpg
5,0,20190827,130000,67,2,1396,842,1476,911,Aug30_0/25-20190827130000-snapshot.jpg
5,0,20190827,130030,84,8,1090,728,1156,833,Aug30_0/25-20190827130030-snapshot.jpg
5,0,20190827,130530,83,2,1065,821,1146,869,Aug30_0/25-20190827130530-snapshot.jpg
5,0,20190827,130830,81,2,1323,748,1380,812,Aug30_0/25-20190827130830-snapshot.jpg
5,0,20190827,131330,85,2,1556,399,1643,449,Aug30_0/25-20190827131330-snapshot.jpg
5,0,20190827,131530,83,2,755,705,813,773,Aug30_0/25-20190827131530-snapshot.jpg
5,0,20190827,131830,85,2,1585,978,1677,1038,Aug30_0/25-20190827131830-snapshot.jpg
5,0,20190827,131900,84,2,1152,536,1229,591,Aug30_0/25-20190827131900-snapshot.jpg
5,0,20190827,132230,85,2,628,863,700,935,Aug30_0/25-20190827132230-snapshot.jpg
5,0,20190827,132430,80,2,1091,826,1144,884,Aug30_0/25-20190827132430-snapshot.jpg
5,0,20190827,132530,82,2,1323,747,1391,799,Aug30_0/25-20190827132530-snapshot.jpg
5,0,20190827,132830,59,2,1080,888,1136,945,Aug30_0/25-20190827132830-snapshot.jpg
5,0,20190827,133400,55,2,993,965,1075,1024,Aug30_0/25-20190827133400-snapshot.jpg
5,0,20190827,133400,61,2,108,202,177,258,Aug30_0/25-20190827133400-snapshot.jpg
5,0,20190827,133730,81,2,994,958,1087,1013,Aug30_0/25-20190827133730-snapshot.jpg
5,0,20190827,133730,81,2,604,819,682,863,Aug30_0/25-20190827133730-snapshot.jpg
5,0,20190827,133930,82,2,1459,790,1516,860,Aug30_0/25-20190827133930-snapshot.jpg
5,0,20190827,134330,79,2,1054,1005,1127,1063,Aug30_0/25-20190827134330-snapshot.jpg
5,0,20190827,134400,81,2,1633,285,1710,360,Aug30_0/25-20190827134400-snapshot.jpg
5,0,20190827,135500,78,1,385,284,425,321,Aug30_0/25-20190827135500-snapshot.jpg
5,0,20190827,135730,77,2,973,969,1048,1029,Aug30_0/25-20190827135730-snapshot.jpg
5,0,20190827,135730,84,2,1078,828,1148,876,Aug30_0/25-20190827135730-snapshot.jpg
5,0,20190827,140130,83,2,1201,599,1257,647,Aug30_0/25-20190827140130-snapshot.jpg
5,0,20190827,140300,85,2,1074,786,1128,855,Aug30_0/25-20190827140300-snapshot.jpg
5,0,20190827,140500,83,2,1173,576,1242,618,Aug30_0/25-20190827140500-snapshot.jpg
5,0,20190827,140730,83,2,1304,850,1368,913,Aug30_0/25-20190827140730-snapshot.jpg
5,0,20190827,141230,80,2,1486,866,1548,928,Aug30_0/25-20190827141230-snapshot.jpg
5,0,20190827,141830,73,8,0,780,57,838,Aug30_0/25-20190827141830-snapshot.jpg
5,0,20190827,141830,78,2,914,819,973,893,Aug30_0/25-20190827141830-snapshot.jpg
5,0,20190827,142000,80,2,1428,823,1511,871,Aug30_0/25-20190827142000-snapshot.jpg
5,0,20190827,142800,84,2,1072,798,1125,860,Aug30_0/25-20190827142800-snapshot.jpg
5,0,20190827,143530,74,2,1183,995,1257,1073,Aug30_0/25-20190827143530-snapshot.jpg
5,0,20190827,143900,82,2,1065,1011,1127,1078,Aug30_0/25-20190827143900-snapshot.jpg
5,0,20190827,144330,85,2,1010,946,1102,1012,Aug30_0/25-20190827144330-snapshot.jpg
5,0,20190827,144530,83,2,1719,333,1818,393,Aug30_0/25-20190827144530-snapshot.jpg
5,0,20190827,145000,76,2,1361,797,1436,846,Aug30_0/25-20190827145000-snapshot.jpg
5,0,20190827,145330,72,1,972,711,1009,749,Aug30_0/25-20190827145330-snapshot.jpg
5,0,20190827,145930,84,2,987,959,1076,1024,Aug30_0/25-20190827145930-snapshot.jpg
5,0,20190827,150100,81,2,1412,830,1493,880,Aug30_0/25-20190827150100-snapshot.jpg
5,0,20190827,150130,75,2,990,966,1068,1027,Aug30_0/25-20190827150130-snapshot.jpg
5,0,20190827,150200,53,1,750,865,785,897,Aug30_0/25-20190827150200-snapshot.jpg
5,0,20190827,150600,70,2,1389,832,1458,880,Aug30_0/25-20190827150600-snapshot.jpg
5,0,20190827,151400,35,1,1205,197,1242,229,Aug30_0/25-20190827151400-snapshot.jpg
5,0,20190827,151400,86,2,1073,853,1150,903,Aug30_0/25-20190827151400-snapshot.jpg
5,0,20190827,152500,83,2,748,708,809,776,Aug30_0/25-20190827152500-snapshot.jpg
5,0,20190827,152530,82,2,1619,341,1675,392,Aug30_0/25-20190827152530-snapshot.jpg
5,0,20190827,153100,84,2,1088,868,1143,940,Aug30_0/25-20190827153100-snapshot.jpg
5,0,20190827,153330,83,2,626,840,708,892,Aug30_0/25-20190827153330-snapshot.jpg
5,0,20190827,153530,75,2,1573,312,1642,367,Aug30_0/25-20190827153530-snapshot.jpg
5,0,20190827,154130,78,2,1064,1022,1130,1080,Aug30_0/25-20190827154130-snapshot.jpg
5,0,20190827,155530,58,8,1415,943,1520,1003,Aug30_0/25-20190827155530-snapshot.jpg
5,0,20190827,155530,67,2,1414,942,1519,1002,Aug30_0/25-20190827155530-snapshot.jpg
5,0,20190827,160000,85,2,1318,740,1394,797,Aug30_0/25-20190827160000-snapshot.jpg
5,0,20190827,160030,72,2,598,828,655,883,Aug30_0/25-20190827160030-snapshot.jpg
5,0,20190827,185930,84,8,404,428,479,476,Aug30_0/26-20190827185930-snapshot.jpg
5,0,20190827,190730,71,8,687,881,760,939,Aug30_0/26-20190827190730-snapshot.jpg
5,0,20190827,190930,83,8,452,296,532,362,Aug30_0/26-20190827190930-snapshot.jpg
5,0,20190827,204130,60,1,785,492,834,532,Aug30_0/26-20190827204130-snapshot.jpg
5,0,20190827,204200,65,1,785,492,834,533,Aug30_0/26-20190827204200-snapshot.jpg
5,0,20190827,204230,72,1,783,492,833,533,Aug30_0/26-20190827204230-snapshot.jpg
5,0,20190827,204300,41,1,785,493,831,531,Aug30_0/26-20190827204300-snapshot.jpg
5,0,20190827,204400,26,4,1203,12,1314,103,Aug30_0/26-20190827204400-snapshot.jpg
5,0,20190827,204400,61,1,785,493,832,532,Aug30_0/26-20190827204400-snapshot.jpg
5,0,20190827,204500,58,1,786,493,830,531,Aug30_0/26-20190827204500-snapshot.jpg
5,0,20190827,204530,37,1,788,493,833,532,Aug30_0/26-20190827204530-snapshot.jpg
5,0,20190827,204630,41,1,788,492,835,533,Aug30_0/26-20190827204630-snapshot.jpg
5,0,20190827,204700,44,1,787,493,833,534,Aug30_0/27-20190827204700-snapshot.jpg
5,0,20190827,204730,26,1,785,492,834,534,Aug30_0/27-20190827204730-snapshot.jpg
5,0,20190827,204800,41,1,784,491,834,537,Aug30_0/27-20190827204800-snapshot.jpg
5,0,20190828,070430,84,8,1120,132,1197,227,Aug30_0/35-20190828070430-snapshot.jpg
5,0,20190828,082300,41,8,42,784,127,847,Aug30_0/35-20190828082300-snapshot.jpg
5,0,20190828,101400,67,8,687,262,766,312,Aug30_0/40-20190828101400-snapshot.jpg
5,0,20190828,104630,85,2,1422,908,1499,976,Aug30_0/40-20190828104630-snapshot.jpg
5,0,20190828,111930,85,2,1065,938,1146,1000,Aug30_0/41-20190828111930-snapshot.jpg
5,0,20190828,112030,81,2,346,718,428,775,Aug30_0/41-20190828112030-snapshot.jpg
5,0,20190828,112300,85,2,1102,981,1187,1032,Aug30_0/41-20190828112300-snapshot.jpg
5,0,20190828,112500,86,2,566,787,630,860,Aug30_0/41-20190828112500-snapshot.jpg
5,0,20190828,113000,78,8,1861,600,1920,668,Aug30_0/41-20190828113000-snapshot.jpg
5,0,20190828,114330,84,8,1607,469,1688,536,Aug30_0/41-20190828114330-snapshot.jpg
5,0,20190828,114430,83,2,983,1020,1051,1080,Aug30_0/41-20190828114430-snapshot.jpg
5,0,20190828,114900,82,2,875,859,945,930,Aug30_0/41-20190828114900-snapshot.jpg
5,0,20190828,115630,69,8,836,781,923,844,Aug30_0/41-20190828115630-snapshot.jpg
5,0,20190828,120230,86,2,1321,797,1381,856,Aug30_0/41-20190828120230-snapshot.jpg
5,0,20190828,121800,82,8,1595,711,1652,776,Aug30_0/41-20190828121800-snapshot.jpg
5,0,20190828,121900,87,2,960,694,1022,775,Aug30_0/41-20190828121900-snapshot.jpg
5,0,20190828,122500,87,2,1272,780,1328,844,Aug30_0/41-20190828122500-snapshot.jpg
5,0,20190828,123130,25,2,1351,860,1419,913,Aug30_0/41-20190828123130-snapshot.jpg
5,0,20190828,124000,35,2,990,1001,1067,1062,Aug30_0/41-20190828124000-snapshot.jpg
5,0,20190828,124100,82,2,1056,658,1145,704,Aug30_0/41-20190828124100-snapshot.jpg
5,0,20190828,124830,78,2,1791,403,1869,461,Aug30_0/41-20190828124830-snapshot.jpg
5,0,20190828,124830,88,2,887,870,972,942,Aug30_0/41-20190828124830-snapshot.jpg
5,0,20190828,125600,84,2,1456,850,1535,913,Aug30_0/41-20190828125600-snapshot.jpg
5,0,20190828,130500,81,2,1323,924,1400,973,Aug30_0/41-20190828130500-snapshot.jpg
5,0,20190828,130900,85,2,1285,777,1345,841,Aug30_0/41-20190828130900-snapshot.jpg
5,0,20190828,130930,77,2,1327,841,1397,901,Aug30_0/41-20190828130930-snapshot.jpg
5,0,20190828,132430,81,2,1356,829,1442,878,Aug30_0/42-20190828132430-snapshot.jpg
5,0,20190828,132630,85,2,1267,736,1345,799,Aug30_0/42-20190828132630-snapshot.jpg
5,0,20190828,132900,82,2,556,810,623,865,Aug30_0/42-20190828132900-snapshot.jpg
5,0,20190828,133500,85,2,1288,772,1342,836,Aug30_0/42-20190828133500-snapshot.jpg
5,0,20190828,133600,83,2,1623,418,1696,493,Aug30_0/42-20190828133600-snapshot.jpg
5,0,20190828,134000,81,2,1284,735,1345,790,Aug30_0/42-20190828134000-snapshot.jpg
5,0,20190828,134330,81,2,1045,657,1123,703,Aug30_0/42-20190828134330-snapshot.jpg
5,0,20190828,140000,82,2,1383,851,1465,895,Aug30_0/42-20190828140000-snapshot.jpg
5,0,20190828,140630,74,2,1256,785,1329,828,Aug30_0/42-20190828140630-snapshot.jpg
5,0,20190828,140730,82,8,1739,683,1828,736,Aug30_0/42-20190828140730-snapshot.jpg
5,0,20190828,141430,72,2,1615,402,1673,452,Aug30_0/42-20190828141430-snapshot.jpg
5,0,20190828,142200,85,2,1330,818,1409,865,Aug30_0/42-20190828142200-snapshot.jpg
5,0,20190828,142500,86,2,614,833,676,902,Aug30_0/42-20190828142500-snapshot.jpg
5,0,20190828,142830,81,2,1322,824,1399,868,Aug30_0/42-20190828142830-snapshot.jpg
5,0,20190828,142930,73,2,535,836,601,894,Aug30_0/42-20190828142930-snapshot.jpg
5,0,20190828,143400,80,2,1376,853,1457,912,Aug30_0/42-20190828143400-snapshot.jpg
5,0,20190828,144000,86,2,1060,628,1147,678,Aug30_0/42-20190828144000-snapshot.jpg
5,0,20190828,144030,81,2,604,855,681,918,Aug30_0/42-20190828144030-snapshot.jpg
5,0,20190828,144530,85,2,711,722,795,781,Aug30_0/42-20190828144530-snapshot.jpg
5,0,20190828,144930,83,8,1770,574,1857,625,Aug30_0/42-20190828144930-snapshot.jpg
5,0,20190828,145730,76,2,1338,840,1412,878,Aug30_0/42-20190828145730-snapshot.jpg
5,0,20190828,151230,73,2,970,703,1046,757,Aug30_0/43-20190828151230-snapshot.jpg
5,0,20190828,151800,81,2,1051,656,1107,716,Aug30_0/43-20190828151800-snapshot.jpg
5,0,20190828,152230,81,2,894,839,963,902,Aug30_0/44-20190828152230-snapshot.jpg
5,0,20190828,153630,77,2,1463,847,1538,891,Aug30_0/45-20190828153630-snapshot.jpg
5,0,20190828,155300,62,1,315,244,358,281,Aug30_0/45-20190828155300-snapshot.jpg
5,0,20190828,155830,84,2,742,719,808,786,Aug30_0/45-20190828155830-snapshot.jpg
5,0,20190828,160430,77,2,913,970,986,1040,Aug30_0/45-20190828160430-snapshot.jpg
5,0,20190828,160500,57,1,541,994,581,1026,Aug30_0/45-20190828160500-snapshot.jpg
5,0,20190828,161430,80,8,539,453,622,500,Aug30_0/45-20190828161430-snapshot.jpg
5,0,20190828,161500,77,8,1210,416,1290,471,Aug30_0/45-20190828161500-snapshot.jpg
5,0,20190828,161630,84,2,588,839,674,883,Aug30_0/45-20190828161630-snapshot.jpg
5,0,20190828,163330,78,2,1387,806,1447,872,Aug30_0/46-20190828163330-snapshot.jpg
5,0,20190828,163730,63,8,210,3,271,70,Aug30_0/46-20190828163730-snapshot.jpg
5,0,20190828,164300,82,2,578,837,656,889,Aug30_0/46-20190828164300-snapshot.jpg
5,0,20190828,164830,83,2,725,714,785,783,Aug30_0/46-20190828164830-snapshot.jpg
5,0,20190828,164900,68,2,1001,700,1069,761,Aug30_0/46-20190828164900-snapshot.jpg
5,0,20190828,165500,78,2,636,857,706,914,Aug30_0/46-20190828165500-snapshot.jpg
5,0,20190828,172000,69,2,1351,854,1427,903,Aug30_0/46-20190828172000-snapshot.jpg
5,0,20190828,173130,79,1,1240,150,1281,188,Aug30_0/47-20190828173130-snapshot.jpg
5,0,20190828,173630,54,1,102,398,143,433,Aug30_0/47-20190828173630-snapshot.jpg
5,0,20190828,173630,81,2,1520,477,1595,549,Aug30_0/47-20190828173630-snapshot.jpg
5,0,20190828,175030,66,2,940,706,1012,763,Aug30_0/47-20190828175030-snapshot.jpg
5,0,20190828,180300,53,8,1730,909,1800,992,Aug30_0/47-20190828180300-snapshot.jpg
5,0,20190828,181230,77,2,581,863,656,917,Aug30_0/47-20190828181230-snapshot.jpg
5,0,20190828,181730,82,2,1464,490,1541,549,Aug30_0/47-20190828181730-snapshot.jpg
5,0,20190828,183130,77,2,941,991,1020,1048,Aug30_0/47-20190828183130-snapshot.jpg
5,0,20190828,190330,84,2,1097,614,1178,662,Aug30_0/47-20190828190330-snapshot.jpg
5,0,20190828,191600,84,8,1768,230,1865,285,Aug30_0/48-20190828191600-snapshot.jpg
5,0,20190828,194230,71,8,1119,331,1207,386,Aug30_0/49-20190828194230-snapshot.jpg
5,0,20190828,195030,81,8,1314,558,1392,608,Aug30_0/49-20190828195030-snapshot.jpg
5,0,20190828,195330,31,8,108,975,181,1021,Aug30_0/50-20190828195330-snapshot.jpg
5,0,20190829,092730,54,8,1463,601,1536,654,Aug30_0/87-20190829092730-snapshot.jpg
5,0,20190829,102600,46,8,431,229,514,282,Aug30_0/89-20190829102600-snapshot.jpg
5,0,20190829,115000,84,8,543,97,614,186,Aug30_0/91-20190829115000-snapshot.jpg
5,0,20190829,121600,82,1,1023,480,1063,521,Aug30_0/91-20190829121600-snapshot.jpg
5,0,20190829,121630,63,1,719,773,755,807,Aug30_0/91-20190829121630-snapshot.jpg
5,0,20190829,122100,69,1,538,832,584,871,Aug30_0/91-20190829122100-snapshot.jpg
5,0,20190829,122130,34,1,526,809,572,851,Aug30_0/91-20190829122130-snapshot.jpg
5,0,20190829,124900,61,2,1274,805,1337,859,Aug30_0/91-20190829124900-snapshot.jpg
5,0,20190829,131500,80,2,515,820,579,875,Aug30_0/91-20190829131500-snapshot.jpg
5,0,20190829,131530,85,2,980,984,1075,1040,Aug30_0/91-20190829131530-snapshot.jpg
5,0,20190829,131600,83,2,1387,784,1467,832,Aug30_0/91-20190829131600-snapshot.jpg
5,0,20190829,131730,85,2,1447,835,1516,896,Aug30_0/91-20190829131730-snapshot.jpg
5,0,20190829,131800,86,2,964,715,1036,781,Aug30_0/91-20190829131800-snapshot.jpg
5,0,20190829,133000,81,2,629,851,688,916,Aug30_0/91-20190829133000-snapshot.jpg
5,0,20190829,135300,83,2,524,804,600,854,Aug30_0/91-20190829135300-snapshot.jpg
5,0,20190829,135430,28,8,790,485,844,535,Aug30_0/91-20190829135430-snapshot.jpg
5,0,20190829,135730,47,8,790,486,844,533,Aug30_0/91-20190829135730-snapshot.jpg
5,0,20190829,135800,61,8,788,486,846,535,Aug30_0/91-20190829135800-snapshot.jpg
5,0,20190829,135800,84,2,1062,695,1126,763,Aug30_0/91-20190829135800-snapshot.jpg
5,0,20190829,135830,49,8,788,485,847,535,Aug30_0/91-20190829135830-snapshot.jpg
5,0,20190829,135830,84,2,739,726,816,787,Aug30_0/91-20190829135830-snapshot.jpg
5,0,20190829,135900,62,8,787,485,845,535,Aug30_0/91-20190829135900-snapshot.jpg
5,0,20190829,135900,71,2,914,993,969,1054,Aug30_0/91-20190829135900-snapshot.jpg
5,0,20190829,135930,32,8,787,484,849,537,Aug30_0/91-20190829135930-snapshot.jpg
5,0,20190829,140000,58,8,788,484,846,536,Aug30_0/91-20190829140000-snapshot.jpg
5,0,20190829,140130,47,8,788,485,846,535,Aug30_0/91-20190829140130-snapshot.jpg
5,0,20190829,140230,40,8,787,484,847,536,Aug30_0/91-20190829140230-snapshot.jpg
5,0,20190829,140230,81,8,1265,666,1366,724,Aug30_0/91-20190829140230-snapshot.jpg
5,0,20190829,140230,85,2,1509,504,1600,588,Aug30_0/91-20190829140230-snapshot.jpg
5,0,20190829,140330,63,8,788,485,848,535,Aug30_0/91-20190829140330-snapshot.jpg
5,0,20190829,140400,57,8,788,485,846,535,Aug30_0/91-20190829140400-snapshot.jpg
5,0,20190829,140600,66,8,787,486,846,535,Aug30_0/91-20190829140600-snapshot.jpg
5,0,20190829,140600,82,2,538,819,596,880,Aug30_0/91-20190829140600-snapshot.jpg
5,0,20190829,140630,57,8,788,486,846,535,Aug30_0/91-20190829140630-snapshot.jpg
5,0,20190829,140830,67,2,1421,596,1505,678,Aug30_0/91-20190829140830-snapshot.jpg
5,0,20190829,140930,85,2,1357,780,1420,840,Aug30_0/91-20190829140930-snapshot.jpg
5,0,20190829,141300,85,2,1859,830,1920,903,Aug30_0/91-20190829141300-snapshot.jpg
5,0,20190829,141330,84,8,526,674,581,750,Aug30_0/91-20190829141330-snapshot.jpg
5,0,20190829,141530,48,8,718,714,774,781,Aug30_0/91-20190829141530-snapshot.jpg
5,0,20190829,141600,47,8,788,486,846,537,Aug30_0/91-20190829141600-snapshot.jpg
5,0,20190829,141630,44,8,789,487,842,535,Aug30_0/91-20190829141630-snapshot.jpg
5,0,20190829,141700,45,8,787,484,849,538,Aug30_0/91-20190829141700-snapshot.jpg
5,0,20190829,142000,37,8,790,487,844,535,Aug30_0/91-20190829142000-snapshot.jpg
5,0,20190829,142100,49,8,788,485,849,538,Aug30_0/91-20190829142100-snapshot.jpg
5,0,20190829,142130,81,2,612,865,684,916,Aug30_0/91-20190829142130-snapshot.jpg
5,0,20190829,142330,49,8,789,486,845,536,Aug30_0/91-20190829142330-snapshot.jpg
5,0,20190829,142400,48,8,788,486,845,537,Aug30_0/91-20190829142400-snapshot.jpg
5,0,20190829,142430,55,8,789,487,845,536,Aug30_0/91-20190829142430-snapshot.jpg
5,0,20190829,142500,36,8,789,487,843,534,Aug30_0/91-20190829142500-snapshot.jpg
5,0,20190829,142630,48,8,788,486,848,537,Aug30_0/91-20190829142630-snapshot.jpg
5,0,20190829,142630,86,2,694,665,775,717,Aug30_0/91-20190829142630-snapshot.jpg
5,0,20190829,142700,49,8,788,486,848,538,Aug30_0/91-20190829142700-snapshot.jpg
5,0,20190829,142700,85,2,1326,802,1406,847,Aug30_0/91-20190829142700-snapshot.jpg
5,0,20190829,142730,56,8,788,487,846,537,Aug30_0/91-20190829142730-snapshot.jpg
5,0,20190829,142730,79,2,1045,953,1103,1019,Aug30_0/91-20190829142730-snapshot.jpg
5,0,20190829,142800,39,8,789,487,843,534,Aug30_0/91-20190829142800-snapshot.jpg
5,0,20190829,142830,39,8,789,488,843,534,Aug30_0/91-20190829142830-snapshot.jpg
5,0,20190829,142900,44,8,789,488,841,533,Aug30_0/91-20190829142900-snapshot.jpg
5,0,20190829,142900,84,2,1301,790,1372,842,Aug30_0/91-20190829142900-snapshot.jpg
5,0,20190829,142930,39,8,789,487,844,535,Aug30_0/91-20190829142930-snapshot.jpg
5,0,20190829,143000,42,2,755,666,807,692,Aug30_0/91-20190829143000-snapshot.jpg
5,0,20190829,143230,88,2,1061,834,1112,912,Aug30_0/91-20190829143230-snapshot.jpg
5,0,20190829,144230,86,2,620,875,700,930,Aug30_0/91-20190829144230-snapshot.jpg
5,0,20190829,145130,86,2,1713,258,1779,347,Aug30_0/91-20190829145130-snapshot.jpg
5,0,20190829,150330,84,2,917,709,993,776,Aug30_0/91-20190829150330-snapshot.jpg
5,0,20190829,153730,83,2,1074,647,1135,712,Aug30_0/91-20190829153730-snapshot.jpg
5,0,20190829,154030,77,8,1476,1005,1540,1077,Aug30_0/91-20190829154030-snapshot.jpg
5,0,20190829,154400,85,2,732,756,805,830,Aug30_0/91-20190829154400-snapshot.jpg
5,0,20190829,154430,86,2,989,711,1071,781,Aug30_0/91-20190829154430-snapshot.jpg
5,0,20190829,155400,84,2,546,857,627,909,Aug30_0/91-20190829155400-snapshot.jpg
5,0,20190829,160130,79,1,703,173,743,206,Aug30_0/91-20190829160130-snapshot.jpg
5,0,20190829,161030,85,8,1615,224,1695,289,Aug30_0/91-20190829161030-snapshot.jpg
5,0,20190829,161130,83,8,1113,71,1179,142,Aug30_0/91-20190829161130-snapshot.jpg
5,0,20190829,161900,83,2,726,727,809,779,Aug30_0/91-20190829161900-snapshot.jpg
5,0,20190829,162500,81,2,573,856,635,922,Aug30_0/91-20190829162500-snapshot.jpg
5,0,20190829,162530,79,2,1077,678,1154,730,Aug30_0/91-20190829162530-snapshot.jpg
5,0,20190829,162600,85,2,1565,428,1622,499,Aug30_0/91-20190829162600-snapshot.jpg
5,0,20190829,163430,84,8,1368,520,1435,584,Aug30_0/91-20190829163430-snapshot.jpg
5,0,20190829,163730,77,8,1462,1027,1549,1080,Aug30_0/91-20190829163730-snapshot.jpg
5,0,20190829,163800,68,2,1337,858,1415,905,Aug30_0/91-20190829163800-snapshot.jpg
5,0,20190829,164000,45,8,1886,613,1920,669,Aug30_0/91-20190829164000-snapshot.jpg
5,0,20190829,165400,80,2,929,727,1005,785,Aug30_0/91-20190829165400-snapshot.jpg
5,0,20190829,170830,80,2,691,681,754,742,Aug30_0/91-20190829170830-snapshot.jpg
5,0,20190829,171030,74,2,544,830,617,877,Aug30_0/91-20190829171030-snapshot.jpg
5,0,20190829,171230,83,8,1122,748,1200,824,Aug30_0/91-20190829171230-snapshot.jpg
5,0,20190829,171300,48,8,1889,474,1920,537,Aug30_0/91-20190829171300-snapshot.jpg
5,0,20190829,171530,84,2,1602,402,1659,472,Aug30_0/91-20190829171530-snapshot.jpg
5,0,20190829,171630,77,8,1463,51,1525,111,Aug30_0/91-20190829171630-snapshot.jpg
5,0,20190829,171730,87,8,1842,498,1917,568,Aug30_0/91-20190829171730-snapshot.jpg
5,0,20190829,171900,86,8,518,693,575,766,Aug30_0/91-20190829171900-snapshot.jpg
5,0,20190829,172000,82,8,1767,526,1849,578,Aug30_0/91-20190829172000-snapshot.jpg
5,0,20190829,172400,86,2,711,709,773,786,Aug30_0/91-20190829172400-snapshot.jpg
5,0,20190829,172500,85,8,1749,446,1809,515,Aug30_0/91-20190829172500-snapshot.jpg
5,0,20190829,173430,61,8,1662,114,1723,185,Aug30_0/91-20190829173430-snapshot.jpg
5,0,20190829,173700,64,2,616,872,678,926,Aug30_0/91-20190829173700-snapshot.jpg
5,0,20190829,173730,82,2,932,662,1028,707,Aug30_0/91-20190829173730-snapshot.jpg
5,0,20190829,173800,87,2,1661,433,1732,504,Aug30_0/91-20190829173800-snapshot.jpg
5,0,20190829,174000,73,2,916,715,968,771,Aug30_0/91-20190829174000-snapshot.jpg
5,0,20190829,174330,72,2,1025,981,1098,1041,Aug30_0/91-20190829174330-snapshot.jpg
5,0,20190829,174530,81,8,501,297,581,345,Aug30_0/91-20190829174530-snapshot.jpg
5,0,20190829,174630,84,2,1387,777,1461,829,Aug30_0/91-20190829174630-snapshot.jpg
5,0,20190829,174800,80,2,593,875,657,939,Aug30_0/91-20190829174800-snapshot.jpg
5,0,20190829,175800,82,2,726,731,794,791,Aug30_0/91-20190829175800-snapshot.jpg
5,0,20190829,175930,39,1,793,492,835,531,Aug30_0/91-20190829175930-snapshot.jpg
5,0,20190829,180400,82,2,588,830,667,881,Aug30_0/91-20190829180400-snapshot.jpg
5,0,20190829,180800,48,8,6,30,87,114,Aug30_0/91-20190829180800-snapshot.jpg
5,0,20190829,180800,51,2,9,31,82,115,Aug30_0/91-20190829180800-snapshot.jpg
5,0,20190829,181430,84,2,967,707,1058,756,Aug30_0/91-20190829181430-snapshot.jpg
5,0,20190829,181500,32,1,792,492,835,532,Aug30_0/91-20190829181500-snapshot.jpg
5,0,20190829,181530,67,1,792,493,832,529,Aug30_0/91-20190829181530-snapshot.jpg
5,0,20190829,181600,46,1,792,492,834,530,Aug30_0/91-20190829181600-snapshot.jpg
5,0,20190829,181630,29,1,793,493,834,530,Aug30_0/91-20190829181630-snapshot.jpg
5,0,20190829,181800,29,1,793,493,835,531,Aug30_0/91-20190829181800-snapshot.jpg
5,0,20190829,181830,55,1,793,493,835,533,Aug30_0/91-20190829181830-snapshot.jpg
5,0,20190829,181900,29,1,793,493,835,532,Aug30_0/91-20190829181900-snapshot.jpg
5,0,20190829,181930,25,1,793,492,835,532,Aug30_0/91-20190829181930-snapshot.jpg
5,0,20190829,182100,77,2,1513,26,1607,99,Aug30_0/91-20190829182100-snapshot.jpg
5,0,20190829,182130,56,1,792,493,834,534,Aug30_0/91-20190829182130-snapshot.jpg
5,0,20190829,182200,30,8,1593,328,1646,386,Aug30_0/91-20190829182200-snapshot.jpg
5,0,20190829,182200,38,1,792,493,834,533,Aug30_0/91-20190829182200-snapshot.jpg
5,0,20190829,182330,84,2,877,639,932,699,Aug30_0/91-20190829182330-snapshot.jpg
5,0,20190829,182400,87,2,821,918,913,970,Aug30_0/91-20190829182400-snapshot.jpg
5,0,20190829,182500,39,8,1315,765,1365,826,Aug30_0/91-20190829182500-snapshot.jpg
5,0,20190829,182530,58,1,793,493,835,532,Aug30_0/91-20190829182530-snapshot.jpg
5,0,20190829,182600,86,2,905,692,962,761,Aug30_0/91-20190829182600-snapshot.jpg
5,0,20190829,182700,50,1,793,493,835,531,Aug30_0/91-20190829182700-snapshot.jpg
5,0,20190829,182700,86,4,535,837,598,910,Aug30_0/91-20190829182700-snapshot.jpg
5,0,20190829,182730,40,1,793,493,834,532,Aug30_0/91-20190829182730-snapshot.jpg
5,0,20190829,182800,39,1,793,493,834,532,Aug30_0/91-20190829182800-snapshot.jpg
5,0,20190829,182830,55,1,793,494,834,532,Aug30_0/91-20190829182830-snapshot.jpg
5,0,20190829,182930,38,1,793,493,835,532,Aug30_0/91-20190829182930-snapshot.jpg
5,0,20190829,183000,41,1,793,494,835,532,Aug30_0/91-20190829183000-snapshot.jpg
5,0,20190829,183030,40,1,793,493,835,532,Aug30_0/91-20190829183030-snapshot.jpg
5,0,20190829,183100,40,1,792,493,834,533,Aug30_0/91-20190829183100-snapshot.jpg
5,0,20190829,183130,54,1,792,493,834,533,Aug30_0/91-20190829183130-snapshot.jpg
5,0,20190829,183200,54,1,792,493,834,533,Aug30_0/91-20190829183200-snapshot.jpg
5,0,20190829,183230,47,1,793,493,835,533,Aug30_0/91-20190829183230-snapshot.jpg
5,0,20190829,183300,50,1,792,493,834,533,Aug30_0/91-20190829183300-snapshot.jpg
5,0,20190829,183600,27,1,792,492,835,533,Aug30_0/91-20190829183600-snapshot.jpg
5,0,20190829,183630,31,1,792,493,835,533,Aug30_0/91-20190829183630-snapshot.jpg
5,0,20190829,184000,80,8,1834,261,1893,341,Aug30_0/91-20190829184000-snapshot.jpg
5,0,20190829,185130,85,2,941,724,999,801,Aug30_0/91-20190829185130-snapshot.jpg
5,0,20190829,190100,82,2,1440,904,1516,969,Aug30_0/91-20190829190100-snapshot.jpg
5,0,20190829,190200,81,2,571,860,630,922,Aug30_0/91-20190829190200-snapshot.jpg
5,0,20190829,190930,80,8,1836,527,1892,593,Aug30_0/91-20190829190930-snapshot.jpg
5,0,20190829,192800,79,2,542,846,599,905,Aug30_0/91-20190829192800-snapshot.jpg
5,0,20190829,192830,87,2,897,678,956,750,Aug30_0/91-20190829192830-snapshot.jpg
